# Blender 4.3.1
# www.blender.org
mtllib FR_Wheel.mtl
o FR_Wheel_visual.001
v 0.027500 0.034460 -0.007325
v 0.027500 0.035144 -0.002458
v 0.027500 0.050672 -0.005779
v 0.027500 0.033105 -0.012049
v 0.027500 0.049220 -0.013355
v 0.027500 0.050089 -0.009594
v 0.020000 0.031790 -0.006757
v 0.020000 0.032421 -0.002267
v 0.020000 0.032421 0.002267
v 0.020000 0.000000 0.000000
v 0.020000 -0.031241 0.008958
v 0.020000 -0.005644 0.032006
v 0.020000 0.026293 0.019103
v 0.020000 0.028696 -0.015258
v 0.020000 -0.001134 -0.032480
v 0.020000 -0.029690 -0.013219
v 0.020000 -0.032184 0.004523
v 0.020000 -0.010043 0.030909
v 0.020000 0.023379 0.022576
v 0.020000 0.030540 -0.011116
v 0.020000 0.003397 -0.032322
v 0.020000 -0.027562 -0.017222
v 0.020000 -0.032500 0.000000
v 0.020000 -0.014247 0.029211
v 0.020000 0.020009 0.025610
v 0.020000 0.007862 -0.031535
v 0.020000 -0.024896 -0.020891
v 0.020000 -0.018174 0.026944
v 0.020000 0.016250 0.028146
v 0.020000 0.012175 -0.030133
v 0.020000 -0.021747 -0.024152
v 0.020000 -0.021747 0.024152
v 0.020000 0.012175 0.030133
v 0.020000 0.016250 -0.028146
v 0.020000 -0.018174 -0.026944
v 0.020000 -0.024896 0.020891
v 0.020000 0.007862 0.031535
v 0.020000 0.031790 0.006757
v 0.020000 0.020009 -0.025610
v 0.020000 -0.014247 -0.029211
v 0.020000 -0.032184 -0.004523
v 0.020000 -0.027562 0.017222
v 0.020000 0.003397 0.032322
v 0.020000 0.030540 0.011116
v 0.020000 0.023379 -0.022576
v 0.020000 -0.010043 -0.030909
v 0.020000 -0.029690 0.013219
v 0.020000 -0.001134 0.032480
v 0.020000 0.028696 0.015258
v 0.020000 0.026293 -0.019103
v 0.020000 -0.005644 -0.032006
v 0.020000 -0.031241 -0.008958
v 0.027500 -0.034887 -0.004903
v 0.027500 -0.033865 -0.009711
v 0.027500 -0.049690 -0.011483
v 0.027500 -0.048680 -0.015208
v 0.027500 -0.047390 -0.018846
v 0.027500 -0.032184 -0.014329
v 0.027500 -0.045829 -0.022376
v 0.027500 -0.029876 -0.018669
v 0.027500 -0.026988 -0.022645
v 0.027500 -0.041930 -0.029032
v 0.027500 -0.044005 -0.025778
v 0.027365 -0.043328 -0.030000
v 0.027365 -0.045472 -0.026637
v 0.026961 -0.046902 -0.027475
v 0.027365 -0.047357 -0.023122
v 0.026961 -0.044690 -0.030943
v 0.026301 -0.043443 -0.035225
v 0.026301 -0.045983 -0.031838
v 0.026961 -0.042222 -0.034235
v 0.026301 -0.040655 -0.038410
v 0.026961 -0.039512 -0.037330
v 0.027365 -0.040935 -0.033191
v 0.027365 -0.038307 -0.036192
v 0.027500 -0.039614 -0.032120
v 0.027500 -0.037072 -0.035024
v 0.027500 -0.023573 -0.026181
v 0.027500 -0.034316 -0.037728
v 0.027365 -0.035460 -0.038985
v 0.026961 -0.033430 -0.042862
v 0.026961 -0.036575 -0.040211
v 0.027365 -0.032410 -0.041555
v 0.026961 -0.030092 -0.045268
v 0.027365 -0.029175 -0.043888
v 0.027500 -0.031365 -0.040215
v 0.027500 -0.019700 -0.029207
v 0.027500 -0.028234 -0.042472
v 0.027500 -0.024941 -0.044486
v 0.027365 -0.025772 -0.045968
v 0.026961 -0.022921 -0.049288
v 0.026961 -0.026582 -0.047414
v 0.027365 -0.022222 -0.047786
v 0.027500 -0.021505 -0.046244
v 0.027365 -0.018544 -0.049330
v 0.026961 -0.019127 -0.050881
v 0.026301 -0.015665 -0.053691
v 0.026301 -0.019680 -0.052352
v 0.026961 -0.015224 -0.052182
v 0.026301 -0.011559 -0.054722
v 0.026961 -0.011234 -0.053183
v 0.027365 -0.014760 -0.050591
v 0.027365 -0.010892 -0.051562
v 0.027500 -0.017946 -0.047738
v 0.027500 -0.014284 -0.048959
v 0.027500 -0.010887 -0.033506
v 0.027500 -0.006118 -0.034695
v 0.027500 -0.010541 -0.049899
v 0.027500 -0.006737 -0.050553
v 0.027365 -0.006961 -0.052238
v 0.026961 -0.003084 -0.054269
v 0.026961 -0.007180 -0.053881
v 0.027365 -0.002990 -0.052615
v 0.026961 0.001029 -0.054347
v 0.027365 0.000997 -0.052691
v 0.027500 -0.002894 -0.050918
v 0.027500 -0.001229 -0.035208
v 0.027500 0.000965 -0.050991
v 0.027500 0.004819 -0.050772
v 0.027365 0.004979 -0.052464
v 0.027500 0.003683 -0.035037
v 0.027500 0.008523 -0.034183
v 0.027500 0.008645 -0.050262
v 0.027500 0.012421 -0.049464
v 0.027365 0.012835 -0.051113
v 0.027365 0.008933 -0.051937
v 0.026961 0.009214 -0.053570
v 0.026961 0.013239 -0.052720
v 0.026301 0.017685 -0.053060
v 0.026301 0.013622 -0.054245
v 0.026961 0.017188 -0.051568
v 0.026301 0.021647 -0.051570
v 0.026961 0.021039 -0.050120
v 0.027365 0.016664 -0.049996
v 0.027365 0.020397 -0.048593
v 0.027500 0.016127 -0.048383
v 0.027500 0.013197 -0.032664
v 0.027500 0.019740 -0.047025
v 0.027500 0.023239 -0.045397
v 0.027365 0.024014 -0.046911
v 0.026961 0.028358 -0.046374
v 0.026961 0.024769 -0.048386
v 0.027365 0.027493 -0.044960
v 0.026961 0.031784 -0.044096
v 0.027500 0.026606 -0.043510
v 0.027365 0.030815 -0.042752
v 0.026961 0.035028 -0.041566
v 0.027500 0.029821 -0.041373
v 0.027365 0.033960 -0.040299
v 0.026961 0.038071 -0.038798
v 0.027365 0.036910 -0.037616
v 0.027500 0.032864 -0.038999
v 0.027500 0.021690 -0.027761
v 0.027500 0.025342 -0.024473
v 0.027500 0.035720 -0.036402
v 0.027500 0.038370 -0.033596
v 0.027365 0.039649 -0.034716
v 0.027365 0.042161 -0.031618
v 0.026961 0.043487 -0.032612
v 0.026961 0.040896 -0.035808
v 0.026301 0.044745 -0.033556
v 0.026301 0.042079 -0.036844
v 0.025399 0.045903 -0.034424
v 0.025399 0.043168 -0.037797
v 0.026301 0.039172 -0.039920
v 0.025399 0.040186 -0.040954
v 0.026301 0.036041 -0.042769
v 0.025399 0.036974 -0.043876
v 0.026301 0.032703 -0.045372
v 0.025399 0.033549 -0.046546
v 0.026301 0.029178 -0.047715
v 0.026301 0.025486 -0.049785
v 0.025399 0.029933 -0.048950
v 0.024280 0.034302 -0.047590
v 0.024280 0.030604 -0.050048
v 0.025399 0.026145 -0.051074
v 0.024280 0.026732 -0.052219
v 0.025399 0.022208 -0.052905
v 0.024280 0.022706 -0.054091
v 0.025399 0.018143 -0.054433
v 0.025399 0.013974 -0.055649
v 0.024280 0.018550 -0.055653
v 0.022970 0.018896 -0.056690
v 0.022970 0.023129 -0.055099
v 0.024280 0.014288 -0.056897
v 0.024280 0.009944 -0.057815
v 0.025399 0.009726 -0.056547
v 0.022970 0.014554 -0.057957
v 0.022970 0.010129 -0.058892
v 0.021505 0.014389 -0.058896
v 0.021505 0.014766 -0.058802
v 0.021505 0.019171 -0.057517
v 0.021505 0.020567 -0.057033
v 0.020000 0.017409 -0.058075
v 0.020000 0.019344 -0.057459
v -0.021505 0.020567 -0.057033
v -0.020000 0.019344 -0.057459
v 0.020000 0.019633 -0.058366
v -0.020000 0.019633 -0.058366
v 0.020000 0.017698 -0.058982
v -0.020000 0.017409 -0.058075
v -0.020000 0.017698 -0.058982
v -0.021505 0.014766 -0.058802
v -0.021505 0.019171 -0.057517
v -0.022970 0.014554 -0.057957
v -0.022970 0.018896 -0.056690
v -0.021505 0.014389 -0.058896
v -0.021505 0.010277 -0.059751
v -0.020000 0.012137 -0.059401
v 0.020000 0.012137 -0.059401
v -0.022970 0.010129 -0.058892
v -0.022970 0.005646 -0.059489
v -0.024280 0.009944 -0.057815
v -0.024280 0.014288 -0.056897
v -0.021505 0.008047 -0.060092
v -0.021505 0.005728 -0.060357
v -0.020000 0.004745 -0.060442
v -0.020000 0.010141 -0.059774
v 0.021505 0.008047 -0.060092
v 0.021505 0.005728 -0.060357
v 0.021505 0.010277 -0.059751
v 0.020000 0.004745 -0.060442
v 0.020000 0.010141 -0.059774
v 0.020000 0.010316 -0.060710
v -0.020000 0.010316 -0.060710
v 0.020000 0.012312 -0.060336
v -0.020000 0.012312 -0.060336
v 0.020000 0.002718 -0.060567
v 0.020000 0.004804 -0.061392
v -0.020000 0.004804 -0.061392
v 0.020000 0.002777 -0.061517
v -0.020000 0.002777 -0.061517
v -0.020000 0.002718 -0.060567
v 0.021505 0.001614 -0.060607
v -0.021505 0.001614 -0.060607
v -0.021505 0.001147 -0.060617
v -0.022970 0.001131 -0.059746
v -0.022970 -0.003391 -0.059660
v -0.024280 0.001110 -0.058653
v -0.024280 0.005543 -0.058401
v -0.021505 -0.003440 -0.060530
v -0.021505 -0.004837 -0.060435
v -0.020000 -0.004745 -0.060442
v -0.020000 -0.002718 -0.060567
v 0.021505 0.001147 -0.060617
v 0.020000 -0.002718 -0.060567
v -0.020000 -0.002777 -0.061517
v -0.020000 -0.004804 -0.061392
v 0.020000 -0.004804 -0.061392
v 0.020000 -0.004745 -0.060442
v 0.020000 -0.002777 -0.061517
v 0.021505 -0.004837 -0.060435
v 0.021505 -0.003440 -0.060530
v 0.022970 -0.003391 -0.059660
v 0.022970 -0.007893 -0.059233
v 0.021505 -0.008008 -0.060097
v 0.022970 0.001131 -0.059746
v 0.024280 -0.003329 -0.058569
v 0.024280 -0.007749 -0.058150
v 0.024280 -0.012124 -0.057397
v 0.025399 -0.007579 -0.056874
v 0.025399 -0.011859 -0.056138
v 0.025399 -0.016070 -0.055080
v 0.025399 -0.020190 -0.053707
v 0.024280 -0.016431 -0.056316
v 0.022970 -0.016737 -0.057365
v 0.024280 -0.020643 -0.054912
v 0.022970 -0.012350 -0.058466
v 0.021505 -0.012531 -0.059319
v 0.021505 -0.011234 -0.059578
v 0.020000 -0.012137 -0.059401
v 0.020000 -0.011234 -0.059578
v 0.020000 -0.010141 -0.059774
v 0.020000 -0.012312 -0.060336
v 0.020000 -0.010316 -0.060710
v -0.020000 -0.010316 -0.060710
v -0.020000 -0.012312 -0.060336
v -0.020000 -0.012137 -0.059401
v -0.021505 -0.012531 -0.059319
v -0.020000 -0.017409 -0.058075
v -0.020000 -0.011234 -0.059578
v -0.020000 -0.010141 -0.059774
v -0.021505 -0.011234 -0.059578
v -0.022970 -0.012350 -0.058466
v -0.021505 -0.008008 -0.060097
v -0.022970 -0.007893 -0.059233
v -0.024280 -0.007749 -0.058150
v -0.024280 -0.003329 -0.058569
v -0.025399 -0.003256 -0.057285
v -0.025399 0.001086 -0.057367
v -0.026301 0.001058 -0.055919
v -0.025399 0.005421 -0.057120
v -0.026301 0.005285 -0.055679
v -0.026961 0.005136 -0.054114
v -0.026301 0.009480 -0.055120
v -0.026961 0.009214 -0.053570
v -0.027364 0.008933 -0.051937
v -0.026961 0.013239 -0.052720
v -0.027364 0.012835 -0.051113
v -0.027364 0.016664 -0.049996
v -0.027500 0.012421 -0.049464
v -0.027500 0.016127 -0.048383
v -0.027500 0.019740 -0.047025
v -0.027500 0.013197 -0.032664
v -0.027500 0.008523 -0.034183
v -0.027500 0.003683 -0.035037
v -0.027500 0.008645 -0.050262
v -0.020000 0.007862 -0.031535
v -0.020000 0.003397 -0.032322
v -0.020000 -0.001134 -0.032480
v -0.020000 0.000000 0.000000
v -0.020000 -0.032500 0.000000
v -0.020000 -0.014247 -0.029211
v -0.020000 0.020009 -0.025610
v -0.020000 0.031790 0.006757
v -0.020000 0.007862 0.031535
v -0.020000 -0.024896 0.020891
v -0.020000 -0.018174 -0.026944
v -0.020000 0.016250 -0.028146
v -0.020000 0.032421 0.002267
v -0.020000 0.012175 0.030133
v -0.020000 -0.021747 0.024152
v -0.020000 -0.021747 -0.024152
v -0.020000 0.012175 -0.030133
v -0.020000 0.032421 -0.002267
v -0.020000 0.016250 0.028146
v -0.020000 -0.018174 0.026944
v -0.020000 -0.024896 -0.020891
v -0.020000 0.031790 -0.006757
v -0.020000 0.020009 0.025610
v -0.020000 -0.014247 0.029211
v -0.020000 -0.032184 0.004523
v -0.020000 -0.027562 -0.017222
v -0.020000 0.030540 -0.011116
v -0.020000 0.023379 0.022576
v -0.020000 -0.010043 0.030909
v -0.020000 -0.029690 -0.013219
v -0.020000 0.028696 -0.015258
v -0.020000 0.026293 0.019103
v -0.020000 -0.005644 0.032006
v -0.020000 -0.031241 0.008958
v -0.020000 -0.031241 -0.008958
v -0.020000 -0.005644 -0.032006
v -0.020000 0.026293 -0.019103
v -0.020000 0.028696 0.015258
v -0.020000 -0.001134 0.032480
v -0.020000 -0.029690 0.013219
v -0.020000 -0.032184 -0.004523
v -0.020000 -0.010043 -0.030909
v -0.020000 0.023379 -0.022576
v -0.020000 0.030540 0.011116
v -0.020000 0.003397 0.032322
v -0.020000 -0.027562 0.017222
v -0.027500 -0.029876 0.018669
v -0.027500 -0.032184 0.014329
v -0.027500 -0.045829 0.022376
v -0.027500 -0.047390 0.018846
v -0.027500 -0.033865 0.009711
v -0.027500 -0.034887 0.004903
v -0.027500 -0.048680 0.015208
v -0.027500 -0.049690 0.011483
v -0.027364 -0.050302 0.015715
v -0.027364 -0.051347 0.011866
v -0.027500 -0.050417 0.007692
v -0.027364 -0.052097 0.007948
v -0.027500 -0.050854 0.003857
v -0.027500 -0.035230 0.000000
v -0.027500 -0.051000 0.000000
v -0.027364 -0.052549 0.003986
v -0.026961 -0.054201 0.004111
v -0.026961 -0.053735 0.008198
v -0.027364 -0.052700 0.000000
v -0.027364 -0.052549 -0.003986
v -0.027500 -0.050854 -0.003857
v -0.026961 -0.054357 0.000000
v -0.026301 -0.055929 0.000000
v -0.026301 -0.055769 0.004230
v -0.026961 -0.054201 -0.004111
v -0.027364 -0.052097 -0.007948
v -0.026961 -0.053735 -0.008198
v -0.026301 -0.055769 -0.004230
v -0.026301 -0.055290 -0.008436
v -0.025399 -0.057213 -0.004339
v -0.025399 -0.057377 0.000000
v -0.024280 -0.058664 0.000000
v -0.025399 -0.057213 0.004339
v -0.024280 -0.058495 0.004437
v -0.022970 -0.059585 0.004519
v -0.022970 -0.059073 0.009013
v -0.024280 -0.057992 0.008848
v -0.024280 -0.057157 0.013208
v -0.025399 -0.056721 0.008654
v -0.022970 -0.058222 0.013455
v -0.021505 -0.059071 0.013651
v -0.021505 -0.059258 0.012816
v -0.022970 -0.057038 0.017819
v -0.021505 -0.057870 0.018079
v -0.021505 -0.057560 0.019042
v 0.021505 -0.057870 0.018079
v 0.020000 -0.058999 0.013960
v -0.020000 -0.058999 0.013960
v -0.020000 -0.059258 0.012816
v -0.020000 -0.059929 0.014164
v 0.020000 -0.059929 0.014164
v -0.020000 -0.060363 0.012180
v 0.020000 -0.060363 0.012180
v 0.020000 -0.059433 0.011977
v -0.020000 -0.059433 0.011977
v 0.021505 -0.059935 0.009144
v -0.021505 -0.059935 0.009144
v -0.020000 -0.060285 0.006444
v -0.020000 -0.060267 0.006604
v 0.020000 -0.060267 0.006604
v -0.021505 -0.060285 0.006444
v -0.021505 -0.060454 0.004585
v -0.020000 -0.060455 0.004582
v -0.021505 -0.060628 0.000000
v -0.022970 -0.059756 0.000000
v -0.024280 -0.058495 -0.004437
v -0.022970 -0.059585 -0.004519
v -0.024280 -0.057992 -0.008848
v -0.021505 -0.059935 -0.009144
v -0.021505 -0.060454 -0.004585
v -0.021505 -0.060285 -0.006444
v -0.022970 -0.059073 -0.009013
v -0.021505 -0.059258 -0.012816
v -0.022970 -0.058222 -0.013455
v -0.024280 -0.057157 -0.013208
v -0.025399 -0.055904 -0.012919
v -0.025399 -0.054767 -0.017110
v -0.024280 -0.055994 -0.017493
v -0.024280 -0.054511 -0.021678
v -0.025399 -0.053316 -0.021203
v -0.022970 -0.057038 -0.017819
v -0.021505 -0.057560 -0.019042
v -0.021505 -0.057870 -0.018079
v -0.021505 -0.059071 -0.013651
v -0.022970 -0.055527 -0.022082
v -0.021505 -0.055210 -0.025052
v -0.022970 -0.053698 -0.026218
v -0.024280 -0.052716 -0.025739
v -0.021505 -0.056337 -0.022404
v -0.020000 -0.056221 -0.022694
v -0.020000 -0.055429 -0.024564
v 0.020000 -0.055429 -0.024564
v -0.020000 -0.056306 -0.024935
v -0.020000 -0.057097 -0.023065
v 0.020000 -0.057097 -0.023065
v 0.020000 -0.056306 -0.024935
v 0.020000 -0.056221 -0.022694
v 0.021505 -0.057560 -0.019042
v 0.021505 -0.056337 -0.022404
v 0.022970 -0.055527 -0.022082
v 0.022970 -0.053698 -0.026218
v 0.021505 -0.055210 -0.025052
v 0.021505 -0.054481 -0.026601
v 0.021505 -0.052313 -0.030645
v 0.020000 -0.053006 -0.029430
v -0.021505 -0.054481 -0.026601
v -0.020000 -0.052234 -0.030779
v -0.020000 -0.053006 -0.029430
v -0.021505 -0.052313 -0.030645
v -0.022970 -0.051561 -0.030204
v -0.024280 -0.050618 -0.029652
v -0.022970 -0.049129 -0.034017
v -0.024280 -0.048231 -0.033395
v -0.021505 -0.052234 -0.030779
v -0.021505 -0.049846 -0.034513
v -0.020000 -0.051990 -0.031189
v 0.020000 -0.048987 -0.035721
v 0.020000 -0.051990 -0.031189
v -0.020000 -0.048987 -0.035721
v -0.020000 -0.052815 -0.031665
v 0.020000 -0.052815 -0.031665
v -0.020000 -0.053830 -0.029906
v 0.020000 -0.053830 -0.029906
v 0.020000 -0.052234 -0.030779
v 0.021505 -0.052234 -0.030779
v 0.021505 -0.049846 -0.034513
v 0.022970 -0.049129 -0.034017
v 0.021505 -0.048667 -0.036157
v 0.022970 -0.046416 -0.037635
v 0.021505 -0.047093 -0.038184
v 0.020000 -0.048667 -0.036157
v 0.020000 -0.047764 -0.037342
v 0.020000 -0.049747 -0.036295
v 0.020000 -0.048523 -0.037915
v -0.020000 -0.048523 -0.037915
v -0.020000 -0.049747 -0.036295
v -0.020000 -0.048667 -0.036157
v -0.021505 -0.048667 -0.036157
v -0.020000 -0.047764 -0.037342
v 0.021505 -0.044548 -0.041125
v -0.021505 -0.044548 -0.041125
v -0.021505 -0.047093 -0.038184
v -0.022970 -0.046416 -0.037635
v -0.024280 -0.045567 -0.036947
v -0.022970 -0.043436 -0.041038
v -0.024280 -0.042642 -0.040287
v -0.025399 -0.038607 -0.042445
v -0.024280 -0.039473 -0.043397
v -0.025399 -0.041707 -0.039404
v -0.025399 -0.044567 -0.036137
v -0.026301 -0.037633 -0.041374
v -0.026301 -0.040655 -0.038410
v -0.026961 -0.039512 -0.037330
v -0.026301 -0.043443 -0.035225
v -0.026961 -0.036575 -0.040211
v -0.027364 -0.035460 -0.038985
v -0.027364 -0.032410 -0.041555
v -0.026961 -0.033430 -0.042862
v -0.026301 -0.034396 -0.044102
v -0.026961 -0.030092 -0.045268
v -0.027364 -0.029175 -0.043888
v -0.027500 -0.028234 -0.042472
v -0.027500 -0.024941 -0.044486
v -0.027364 -0.025772 -0.045968
v -0.026961 -0.026582 -0.047414
v -0.027500 -0.021505 -0.046244
v -0.027364 -0.022222 -0.047786
v -0.027500 -0.017946 -0.047738
v -0.027364 -0.018544 -0.049330
v -0.026961 -0.022921 -0.049288
v -0.026961 -0.019127 -0.050881
v -0.026301 -0.023583 -0.050714
v -0.026301 -0.027351 -0.048785
v -0.025399 -0.031764 -0.047783
v -0.025399 -0.028059 -0.050048
v -0.026301 -0.030963 -0.046577
v -0.025399 -0.035287 -0.045243
v -0.024280 -0.036078 -0.046258
v -0.022970 -0.036750 -0.047120
v -0.022970 -0.040208 -0.044205
v -0.024280 -0.032476 -0.048854
v -0.022970 -0.033081 -0.049764
v -0.024280 -0.028688 -0.051170
v -0.025399 -0.024194 -0.052027
v -0.022970 -0.029223 -0.052123
v -0.024280 -0.024736 -0.053193
v -0.025399 -0.020190 -0.053707
v -0.024280 -0.020643 -0.054912
v -0.022970 -0.025197 -0.054184
v -0.021505 -0.025565 -0.054975
v -0.021505 -0.023574 -0.055857
v -0.021505 -0.021334 -0.056751
v -0.022970 -0.021027 -0.055935
v -0.021505 -0.029377 -0.053035
v -0.021505 -0.029649 -0.052884
v 0.021505 -0.029377 -0.053035
v -0.020000 -0.026259 -0.054646
v 0.020000 -0.026259 -0.054646
v -0.020000 -0.024414 -0.055495
v -0.020000 -0.026657 -0.055511
v 0.020000 -0.026657 -0.055511
v 0.020000 -0.024812 -0.056360
v 0.020000 -0.024414 -0.055495
v -0.020000 -0.024812 -0.056360
v 0.021505 -0.023574 -0.055857
v 0.022970 -0.021027 -0.055935
v 0.021505 -0.021334 -0.056751
v 0.022970 -0.025197 -0.054184
v 0.021505 -0.025565 -0.054975
v 0.022970 -0.029223 -0.052123
v 0.024280 -0.024736 -0.053193
v 0.024280 -0.028688 -0.051170
v 0.024280 -0.032476 -0.048854
v 0.025399 -0.028059 -0.050048
v 0.025399 -0.031764 -0.047783
v 0.025399 -0.035287 -0.045243
v 0.026301 -0.030963 -0.046577
v 0.026301 -0.034396 -0.044102
v 0.026301 -0.037633 -0.041374
v 0.025399 -0.038607 -0.042445
v 0.024280 -0.036078 -0.046258
v 0.024280 -0.039473 -0.043397
v 0.025399 -0.041707 -0.039404
v 0.024280 -0.042642 -0.040287
v 0.025399 -0.044568 -0.036137
v 0.025399 -0.047173 -0.032663
v 0.024280 -0.045567 -0.036947
v 0.022970 -0.043436 -0.041038
v 0.024280 -0.048231 -0.033395
v 0.024280 -0.050618 -0.029652
v 0.025399 -0.049508 -0.029001
v 0.025399 -0.051559 -0.025174
v 0.026301 -0.048259 -0.028270
v 0.026301 -0.050259 -0.024539
v 0.026301 -0.051970 -0.020668
v 0.026961 -0.048846 -0.023849
v 0.026961 -0.050510 -0.020087
v 0.026961 -0.051884 -0.016209
v 0.027365 -0.048970 -0.019474
v 0.027365 -0.050302 -0.015715
v 0.027365 -0.051347 -0.011866
v 0.026961 -0.052961 -0.012239
v 0.027500 -0.050417 -0.007692
v 0.027365 -0.052097 -0.007948
v 0.027365 -0.052549 -0.003986
v 0.026961 -0.053735 -0.008198
v 0.027500 -0.050854 -0.003857
v 0.027500 -0.035230 0.000000
v 0.027500 -0.051000 0.000000
v 0.027500 -0.050854 0.003857
v 0.027365 -0.052700 0.000000
v 0.027365 -0.052549 0.003986
v 0.026961 -0.054201 -0.004111
v 0.026961 -0.054357 0.000000
v 0.026301 -0.055769 -0.004230
v 0.026301 -0.055929 0.000000
v 0.026961 -0.054201 0.004111
v 0.026301 -0.055769 0.004230
v 0.026961 -0.053735 0.008198
v 0.027365 -0.052097 0.007948
v 0.027500 -0.050417 0.007692
v 0.027365 -0.051347 0.011866
v 0.027500 -0.049690 0.011483
v 0.027500 -0.034887 0.004903
v 0.027500 -0.033865 0.009711
v 0.027500 -0.048680 0.015208
v 0.027500 -0.047390 0.018846
v 0.027365 -0.050302 0.015715
v 0.026961 -0.051884 0.016209
v 0.027365 -0.048970 0.019474
v 0.026961 -0.052961 0.012239
v 0.026301 -0.055290 0.008435
v 0.026301 -0.054493 0.012593
v 0.025399 -0.056721 0.008654
v 0.025399 -0.055904 0.012919
v 0.026301 -0.053385 0.016678
v 0.025399 -0.054767 0.017110
v 0.026301 -0.051970 0.020668
v 0.026961 -0.050510 0.020087
v 0.026961 -0.048846 0.023849
v 0.027365 -0.047357 0.023122
v 0.027500 -0.045829 0.022376
v 0.027365 -0.045472 0.026637
v 0.027500 -0.044005 0.025778
v 0.027500 -0.041930 0.029032
v 0.027500 -0.029876 0.018669
v 0.027500 -0.032184 0.014329
v 0.027500 -0.026988 0.022645
v 0.027500 -0.023573 0.026181
v 0.027500 -0.037072 0.035024
v 0.027500 -0.039614 0.032120
v 0.027365 -0.043328 0.030000
v 0.027365 -0.040935 0.033191
v 0.027365 -0.038307 0.036192
v 0.026961 -0.044690 0.030943
v 0.026961 -0.042222 0.034235
v 0.026301 -0.045983 0.031838
v 0.026301 -0.043443 0.035225
v 0.026961 -0.039512 0.037330
v 0.026301 -0.040655 0.038409
v 0.026961 -0.036575 0.040211
v 0.027365 -0.035460 0.038985
v 0.027500 -0.031365 0.040215
v 0.027365 -0.032410 0.041555
v 0.027500 -0.034316 0.037728
v 0.026961 -0.033430 0.042862
v 0.027500 -0.028234 0.042472
v 0.027365 -0.029175 0.043888
v 0.026961 -0.030092 0.045268
v 0.027365 -0.025772 0.045968
v 0.027500 -0.024941 0.044485
v 0.027500 -0.019700 0.029207
v 0.027500 -0.015444 0.031664
v 0.027500 -0.021505 0.046244
v 0.027365 -0.022222 0.047786
v 0.027500 -0.017946 0.047738
v 0.027500 -0.010887 0.033505
v 0.027500 -0.014284 0.048959
v 0.027365 -0.018544 0.049330
v 0.026961 -0.022921 0.049288
v 0.026961 -0.019127 0.050881
v 0.027365 -0.014760 0.050591
v 0.027365 -0.010892 0.051562
v 0.027500 -0.010541 0.049899
v 0.026961 -0.015224 0.052181
v 0.026301 -0.019680 0.052352
v 0.026301 -0.015665 0.053691
v 0.026961 -0.011234 0.053183
v 0.026301 -0.011559 0.054722
v 0.026961 -0.007180 0.053881
v 0.027365 -0.006961 0.052238
v 0.027500 -0.002894 0.050918
v 0.027365 -0.002990 0.052615
v 0.027500 -0.006737 0.050553
v 0.027500 -0.001229 0.035208
v 0.027500 -0.006118 0.034695
v 0.027500 0.003683 0.035037
v 0.027500 0.000965 0.050991
v 0.027500 0.004819 0.050772
v 0.027365 0.000997 0.052691
v 0.026961 -0.003084 0.054269
v 0.026961 0.001029 0.054347
v 0.027365 0.004979 0.052464
v 0.026961 0.005136 0.054114
v 0.027500 0.008645 0.050262
v 0.027365 0.008933 0.051937
v 0.026961 0.009214 0.053570
v 0.027365 0.012835 0.051113
v 0.027500 0.012421 0.049464
v 0.027500 0.008523 0.034183
v 0.027500 0.016127 0.048383
v 0.027500 0.013197 0.032664
v 0.027500 0.019740 0.047025
v 0.027365 0.016664 0.049996
v 0.027365 0.020397 0.048592
v 0.026961 0.013239 0.052720
v 0.026961 0.017188 0.051568
v 0.026301 0.013622 0.054245
v 0.026301 0.017685 0.053060
v 0.026961 0.021039 0.050120
v 0.026301 0.021647 0.051570
v 0.026961 0.024769 0.048386
v 0.027365 0.024014 0.046911
v 0.027500 0.026606 0.043510
v 0.027500 0.023239 0.045397
v 0.027365 0.027493 0.044960
v 0.026961 0.028358 0.046374
v 0.027365 0.030815 0.042752
v 0.027500 0.029821 0.041373
v 0.027500 0.021690 0.027761
v 0.027500 0.032864 0.038999
v 0.027500 0.017615 0.030510
v 0.027365 0.033960 0.040299
v 0.027500 0.035720 0.036402
v 0.027500 0.038370 0.033596
v 0.027500 0.025342 0.024473
v 0.027365 0.036910 0.037615
v 0.026961 0.035028 0.041566
v 0.026961 0.038071 0.038798
v 0.027365 0.039649 0.034716
v 0.027500 0.040801 0.030598
v 0.026961 0.040896 0.035808
v 0.027365 0.042161 0.031618
v 0.027365 0.044432 0.028339
v 0.027500 0.042999 0.027425
v 0.026961 0.043487 0.032612
v 0.026301 0.042079 0.036844
v 0.026301 0.044745 0.033556
v 0.026961 0.045829 0.029230
v 0.026301 0.047155 0.030076
v 0.026961 0.047908 0.025680
v 0.027365 0.046448 0.024898
v 0.027365 0.048198 0.021313
v 0.027500 0.046643 0.020626
v 0.027500 0.044949 0.024094
v 0.027500 0.031106 0.016539
v 0.027500 0.033105 0.012049
v 0.027500 0.028501 0.020708
v 0.027500 0.034460 0.007325
v 0.027500 0.049220 0.013355
v 0.027500 0.048069 0.017039
v 0.027365 0.049672 0.017607
v 0.026961 0.049713 0.021984
v 0.026961 0.051234 0.018161
v 0.027365 0.050861 0.013800
v 0.026961 0.052460 0.014234
v 0.027365 0.051759 0.009914
v 0.027500 0.050089 0.009594
v 0.027500 0.050672 0.005779
v 0.027500 0.035144 0.002458
v 0.027500 0.050963 0.001930
v 0.027364 0.052361 0.005971
v 0.026961 0.053387 0.010226
v 0.026961 0.054007 0.006159
v 0.027364 0.052662 0.001994
v 0.027364 0.052662 -0.001994
v 0.026961 0.054318 0.002057
v 0.027500 0.050963 -0.001930
v 0.026301 0.055569 0.006337
v 0.026301 0.055889 0.002116
v 0.026961 0.054318 -0.002057
v 0.026301 0.055889 -0.002117
v 0.026961 0.054007 -0.006159
v 0.027364 0.052361 -0.005971
v 0.027364 0.051759 -0.009914
v 0.026961 0.053387 -0.010226
v 0.027364 0.050861 -0.013800
v 0.026961 0.052460 -0.014234
v 0.027365 0.049672 -0.017607
v 0.027500 0.048069 -0.017039
v 0.027500 0.046643 -0.020626
v 0.027500 0.031106 -0.016539
v 0.027500 0.044949 -0.024094
v 0.027365 0.048198 -0.021313
v 0.026961 0.051234 -0.018161
v 0.026961 0.049713 -0.021984
v 0.027365 0.046448 -0.024898
v 0.026961 0.047908 -0.025680
v 0.027500 0.042999 -0.027425
v 0.027365 0.044432 -0.028339
v 0.027500 0.040801 -0.030598
v 0.026961 0.045829 -0.029230
v 0.026301 0.049294 -0.026423
v 0.026301 0.047155 -0.030076
v 0.025399 0.050570 -0.027107
v 0.025399 0.048375 -0.030854
v 0.024280 0.051704 -0.027715
v 0.024280 0.049460 -0.031546
v 0.022970 0.050381 -0.032134
v 0.024280 0.046932 -0.035196
v 0.022970 0.052667 -0.028231
v 0.021505 0.053435 -0.028643
v 0.021505 0.053798 -0.027955
v 0.022970 0.054651 -0.024167
v 0.021505 0.055448 -0.024520
v 0.022970 0.056323 -0.019965
v 0.024280 0.053652 -0.023725
v 0.024280 0.055292 -0.019600
v 0.025399 0.052475 -0.023205
v 0.025399 0.054080 -0.019170
v 0.026301 0.051151 -0.022620
v 0.026301 0.052715 -0.018686
v 0.025399 0.055375 -0.015025
v 0.026301 0.053978 -0.014646
v 0.025399 0.056352 -0.010794
v 0.026301 0.054931 -0.010522
v 0.025399 0.057008 -0.006501
v 0.026301 0.055569 -0.006337
v 0.025399 0.057336 -0.002171
v 0.024280 0.058621 0.002220
v 0.024280 0.058621 -0.002220
v 0.025399 0.057336 0.002171
v 0.024280 0.058286 0.006647
v 0.025399 0.057008 0.006501
v 0.024280 0.057616 0.011036
v 0.025399 0.056352 0.010794
v 0.024280 0.056616 0.015362
v 0.025399 0.055375 0.015025
v 0.026301 0.054931 0.010522
v 0.026301 0.053978 0.014646
v 0.025399 0.054080 0.019170
v 0.026301 0.052715 0.018686
v 0.025399 0.052475 0.023205
v 0.026301 0.051151 0.022619
v 0.025399 0.050570 0.027107
v 0.026301 0.049294 0.026423
v 0.025399 0.048375 0.030854
v 0.024280 0.046932 0.035196
v 0.024280 0.049460 0.031546
v 0.025399 0.045903 0.034424
v 0.024280 0.044136 0.038645
v 0.025399 0.043168 0.037797
v 0.024280 0.041087 0.041872
v 0.025399 0.040186 0.040954
v 0.024280 0.037802 0.044859
v 0.025399 0.036974 0.043876
v 0.026301 0.039172 0.039920
v 0.026301 0.036041 0.042769
v 0.025399 0.033549 0.046546
v 0.026301 0.032703 0.045372
v 0.025399 0.029933 0.048950
v 0.026301 0.029178 0.047715
v 0.026961 0.031784 0.044096
v 0.025399 0.026145 0.051074
v 0.026301 0.025486 0.049785
v 0.025399 0.022208 0.052905
v 0.024280 0.018550 0.055653
v 0.024280 0.022706 0.054091
v 0.025399 0.018143 0.054433
v 0.024280 0.014288 0.056897
v 0.025399 0.013974 0.055649
v 0.024280 0.009944 0.057815
v 0.025399 0.009726 0.056547
v 0.024280 0.005543 0.058401
v 0.025399 0.005421 0.057120
v 0.026301 0.009480 0.055120
v 0.026301 0.005285 0.055679
v 0.025399 0.001086 0.057367
v 0.026301 0.001058 0.055919
v 0.025399 -0.003256 0.057284
v 0.026301 -0.003174 0.055839
v 0.025399 -0.007579 0.056874
v 0.026301 -0.007388 0.055439
v 0.025399 -0.011859 0.056138
v 0.024280 -0.016431 0.056316
v 0.024280 -0.012124 0.057397
v 0.025399 -0.016070 0.055081
v 0.024280 -0.020643 0.054912
v 0.025399 -0.020190 0.053707
v 0.024280 -0.024736 0.053193
v 0.025399 -0.024194 0.052027
v 0.024280 -0.028688 0.051170
v 0.025399 -0.028059 0.050048
v 0.026301 -0.023583 0.050714
v 0.026301 -0.027351 0.048785
v 0.025399 -0.031764 0.047782
v 0.026301 -0.030963 0.046577
v 0.026961 -0.026582 0.047414
v 0.025399 -0.035287 0.045243
v 0.026301 -0.034396 0.044102
v 0.025399 -0.038607 0.042445
v 0.026301 -0.037633 0.041374
v 0.025399 -0.041707 0.039404
v 0.024280 -0.045567 0.036947
v 0.024280 -0.042642 0.040287
v 0.025399 -0.044567 0.036137
v 0.024280 -0.048231 0.033395
v 0.025399 -0.047173 0.032663
v 0.024280 -0.050618 0.029652
v 0.025399 -0.049508 0.029001
v 0.024280 -0.052716 0.025739
v 0.025399 -0.051559 0.025174
v 0.026301 -0.048259 0.028270
v 0.026961 -0.046902 0.027475
v 0.026301 -0.050259 0.024539
v 0.025399 -0.053316 0.021203
v 0.024280 -0.054511 0.021678
v 0.024280 -0.055994 0.017493
v 0.022970 -0.057038 0.017819
v 0.024280 -0.057157 0.013208
v 0.022970 -0.058222 0.013455
v 0.021505 -0.059071 0.013651
v 0.021505 -0.059258 0.012816
v 0.022970 -0.059073 0.009013
v 0.022970 -0.059585 0.004519
v 0.024280 -0.057992 0.008848
v 0.024280 -0.058495 0.004437
v 0.024280 -0.058664 0.000000
v 0.025399 -0.057213 0.004339
v 0.022970 -0.059756 0.000000
v 0.021505 -0.060628 0.000000
v 0.021505 -0.060454 -0.004585
v 0.022970 -0.059585 -0.004519
v 0.021505 -0.060285 -0.006444
v 0.024280 -0.058495 -0.004437
v 0.022970 -0.059073 -0.009013
v 0.021505 -0.059258 -0.012816
v 0.022970 -0.058222 -0.013455
v 0.021505 -0.059935 -0.009144
v 0.024280 -0.057992 -0.008848
v 0.024280 -0.057157 -0.013208
v 0.025399 -0.056721 -0.008654
v 0.025399 -0.057213 -0.004339
v 0.025399 -0.057377 0.000000
v 0.025399 -0.055904 -0.012919
v 0.026301 -0.055290 -0.008436
v 0.026301 -0.054493 -0.012593
v 0.026301 -0.053385 -0.016678
v 0.025399 -0.054767 -0.017110
v 0.024280 -0.054511 -0.021678
v 0.024280 -0.055995 -0.017493
v 0.025399 -0.053316 -0.021203
v 0.024280 -0.052716 -0.025739
v 0.022970 -0.051561 -0.030204
v 0.022970 -0.057038 -0.017819
v 0.021505 -0.057870 -0.018079
v 0.020000 -0.058583 -0.015613
v 0.020000 -0.058028 -0.017566
v 0.021505 -0.059071 -0.013651
v -0.020000 -0.058028 -0.017566
v 0.020000 -0.058943 -0.017826
v -0.020000 -0.058943 -0.017826
v 0.020000 -0.059499 -0.015873
v -0.020000 -0.059499 -0.015873
v -0.020000 -0.058583 -0.015613
v 0.020000 -0.060058 -0.008295
v -0.020000 -0.060058 -0.008295
v 0.020000 -0.059746 -0.010302
v 0.020000 -0.060998 -0.008441
v 0.020000 -0.060687 -0.010448
v -0.020000 -0.060687 -0.010448
v -0.020000 -0.060998 -0.008441
v -0.020000 -0.059746 -0.010302
v -0.020000 -0.060560 -0.002882
v 0.020000 -0.060622 -0.000852
v 0.020000 -0.060560 -0.002882
v 0.020000 -0.061511 -0.002911
v -0.020000 -0.061511 -0.002911
v 0.020000 -0.061573 -0.000881
v -0.020000 -0.061573 -0.000881
v -0.020000 -0.060622 -0.000852
v 0.021505 -0.060454 0.004585
v 0.020000 -0.060455 0.004582
v 0.020000 -0.060285 0.006444
v 0.020000 -0.061402 0.004670
v -0.020000 -0.061402 0.004670
v 0.020000 -0.061215 0.006692
v -0.020000 -0.061215 0.006692
v 0.021505 -0.060285 0.006444
v 0.020000 -0.059258 0.012816
v 0.022970 -0.055527 0.022082
v 0.021505 -0.057560 0.019042
v 0.021505 -0.056337 0.022404
v 0.020000 -0.057511 0.019190
v 0.020000 -0.056836 0.021105
v 0.021505 -0.055210 0.025052
v -0.021505 -0.055210 0.025052
v -0.020000 -0.056836 0.021105
v 0.020000 -0.057734 0.021421
v 0.020000 -0.058409 0.019506
v -0.020000 -0.058409 0.019506
v -0.020000 -0.057734 0.021421
v -0.020000 -0.057511 0.019190
v -0.021505 -0.056337 0.022404
v -0.022970 -0.055527 0.022082
v -0.022970 -0.053698 0.026218
v -0.021505 -0.054481 0.026600
v -0.024280 -0.052716 0.025739
v -0.024280 -0.054511 0.021678
v -0.021505 -0.052313 0.030645
v -0.022970 -0.051561 0.030204
v -0.024280 -0.050618 0.029652
v -0.021505 -0.052234 0.030779
v -0.022970 -0.049129 0.034017
v -0.021505 -0.049846 0.034513
v -0.021505 -0.048667 0.036157
v -0.022970 -0.046416 0.037635
v -0.024280 -0.048231 0.033395
v -0.025399 -0.047173 0.032663
v -0.025399 -0.049508 0.029001
v -0.024280 -0.045567 0.036947
v -0.022970 -0.043436 0.041038
v -0.024280 -0.042642 0.040287
v -0.025399 -0.044567 0.036137
v -0.025399 -0.041707 0.039404
v -0.026301 -0.043443 0.035225
v -0.026301 -0.045983 0.031838
v -0.026961 -0.044690 0.030943
v -0.026301 -0.048259 0.028270
v -0.026961 -0.046902 0.027475
v -0.027364 -0.047357 0.023122
v -0.027364 -0.045472 0.026637
v -0.026961 -0.048846 0.023849
v -0.027364 -0.048970 0.019474
v -0.026961 -0.050510 0.020087
v -0.026301 -0.050259 0.024539
v -0.026301 -0.051970 0.020668
v -0.025399 -0.051559 0.025174
v -0.025399 -0.053316 0.021203
v -0.025399 -0.054767 0.017110
v -0.026301 -0.053385 0.016678
v -0.026961 -0.051884 0.016209
v -0.026961 -0.052961 0.012239
v -0.026301 -0.054493 0.012593
v -0.025399 -0.055904 0.012919
v -0.026301 -0.055290 0.008435
v -0.024280 -0.055994 0.017493
v -0.027500 -0.044005 0.025778
v -0.027364 -0.043328 0.030000
v -0.027364 -0.040935 0.033191
v -0.027500 -0.041930 0.029032
v -0.026961 -0.042222 0.034235
v -0.026961 -0.039512 0.037330
v -0.026301 -0.040655 0.038409
v -0.025399 -0.038607 0.042445
v -0.026301 -0.037633 0.041374
v -0.026961 -0.036575 0.040211
v -0.026301 -0.034396 0.044102
v -0.025399 -0.035287 0.045243
v -0.025399 -0.031764 0.047782
v -0.024280 -0.032476 0.048854
v -0.024280 -0.036078 0.046258
v -0.022970 -0.036750 0.047120
v -0.022970 -0.033081 0.049764
v -0.024280 -0.039473 0.043397
v -0.022970 -0.040208 0.044205
v -0.021505 -0.040795 0.044850
v -0.021505 -0.039924 0.045627
v 0.021505 -0.039924 0.045627
v -0.021505 -0.037286 0.047807
v -0.020000 -0.040089 0.045482
v 0.020000 -0.040089 0.045482
v -0.020000 -0.040730 0.046186
v 0.020000 -0.040730 0.046186
v -0.020000 -0.041589 0.044114
v 0.021505 -0.044070 0.041636
v -0.021505 -0.044070 0.041636
v 0.020000 -0.041589 0.044114
v -0.020000 -0.042231 0.044818
v 0.020000 -0.042231 0.044818
v -0.021505 -0.044548 0.041125
v 0.021505 -0.044548 0.041125
v 0.022970 -0.043436 0.041038
v 0.022970 -0.046416 0.037635
v 0.021505 -0.047093 0.038184
v 0.020000 -0.045374 0.040211
v -0.020000 -0.045374 0.040211
v -0.020000 -0.046097 0.040830
v 0.020000 -0.046097 0.040830
v -0.020000 -0.046695 0.038669
v 0.020000 -0.046695 0.038669
v -0.021505 -0.047093 0.038184
v -0.020000 -0.047418 0.039288
v 0.020000 -0.047418 0.039288
v 0.021505 -0.048667 0.036157
v 0.022970 -0.049129 0.034017
v 0.021505 -0.049846 0.034513
v 0.020000 -0.049972 0.034330
v -0.020000 -0.049972 0.034330
v -0.020000 -0.051093 0.032638
v -0.020000 -0.050765 0.034856
v 0.020000 -0.050765 0.034856
v 0.020000 -0.051887 0.033163
v -0.020000 -0.051887 0.033163
v 0.020000 -0.051093 0.032638
v 0.021505 -0.052234 0.030779
v 0.022970 -0.051561 0.030204
v 0.021505 -0.052313 0.030645
v 0.021505 -0.054481 0.026600
v 0.020000 -0.053812 0.027929
v 0.020000 -0.054717 0.026112
v -0.020000 -0.053812 0.027929
v 0.020000 -0.054664 0.028354
v -0.020000 -0.054664 0.028354
v 0.020000 -0.055569 0.026536
v -0.020000 -0.055569 0.026536
v -0.020000 -0.054717 0.026112
v 0.022970 -0.053698 0.026218
v 0.022970 -0.040208 0.044205
v 0.024280 -0.039473 0.043397
v 0.024280 -0.036078 0.046258
v 0.022970 -0.036750 0.047120
v 0.024280 -0.032476 0.048854
v 0.022970 -0.033081 0.049764
v 0.022970 -0.029223 0.052123
v 0.021505 -0.033564 0.050490
v 0.021505 -0.034848 0.049612
v 0.021505 -0.037286 0.047807
v 0.020000 -0.034196 0.050064
v 0.020000 -0.034848 0.049612
v 0.020000 -0.035853 0.048891
v 0.020000 -0.034746 0.050841
v -0.020000 -0.034746 0.050841
v -0.020000 -0.034196 0.050064
v 0.020000 -0.036403 0.049668
v -0.020000 -0.036403 0.049668
v -0.020000 -0.035853 0.048891
v -0.020000 -0.034848 0.049612
v -0.021505 -0.034848 0.049612
v -0.021505 -0.033564 0.050490
v -0.021505 -0.029649 0.052884
v -0.020000 -0.029573 0.052926
v -0.020000 -0.029377 0.053035
v 0.020000 -0.029573 0.052926
v -0.020000 -0.030023 0.053765
v 0.020000 -0.030023 0.053765
v -0.020000 -0.028235 0.054725
v 0.020000 -0.028235 0.054725
v -0.020000 -0.027784 0.053887
v -0.021505 -0.025565 0.054975
v 0.020000 -0.027784 0.053887
v 0.021505 -0.029377 0.053035
v 0.020000 -0.029377 0.053035
v 0.021505 -0.025565 0.054975
v 0.022970 -0.025197 0.054184
v 0.021505 -0.023574 0.055857
v -0.021505 -0.023574 0.055857
v -0.021505 -0.021334 0.056751
v -0.020000 -0.022845 0.056159
v 0.020000 -0.022845 0.056159
v -0.022970 -0.021027 0.055935
v -0.022970 -0.025197 0.054184
v -0.021505 -0.029377 0.053035
v -0.024280 -0.024736 0.053193
v -0.022970 -0.029223 0.052123
v -0.024280 -0.028688 0.051170
v -0.025399 -0.028059 0.050048
v -0.026301 -0.027351 0.048785
v -0.026301 -0.030963 0.046577
v -0.025399 -0.024194 0.052027
v -0.026301 -0.023583 0.050714
v -0.024280 -0.020643 0.054912
v -0.025399 -0.020190 0.053707
v -0.025399 -0.016070 0.055081
v -0.024280 -0.016431 0.056316
v -0.026301 -0.019680 0.052352
v -0.026301 -0.015665 0.053691
v -0.026961 -0.019127 0.050881
v -0.026961 -0.022921 0.049288
v -0.027364 -0.022222 0.047786
v -0.026961 -0.026582 0.047414
v -0.027364 -0.025772 0.045968
v -0.027500 -0.028234 0.042472
v -0.027500 -0.024941 0.044485
v -0.027364 -0.029175 0.043888
v -0.027500 -0.031365 0.040215
v -0.027364 -0.032410 0.041555
v -0.026961 -0.030092 0.045268
v -0.026961 -0.033430 0.042862
v -0.027364 -0.035460 0.038985
v -0.027500 -0.034316 0.037728
v -0.027500 -0.037072 0.035024
v -0.027364 -0.038307 0.036192
v -0.027500 -0.039614 0.032120
v -0.027500 -0.026988 0.022645
v -0.027500 -0.023573 0.026181
v -0.027500 -0.019700 0.029207
v -0.027500 -0.015444 0.031664
v -0.027500 -0.017946 0.047738
v -0.027500 -0.010887 0.033505
v -0.027500 -0.021505 0.046244
v -0.027364 -0.018544 0.049330
v -0.026961 -0.015224 0.052181
v -0.027364 -0.014760 0.050591
v -0.026961 -0.011234 0.053183
v -0.027364 -0.010892 0.051562
v -0.027500 -0.014284 0.048959
v -0.027500 -0.010541 0.049899
v -0.027500 -0.006118 0.034695
v -0.027500 -0.006737 0.050553
v -0.027500 -0.001229 0.035208
v -0.027500 0.003683 0.035037
v -0.027500 0.000965 0.050991
v -0.027500 -0.002894 0.050918
v -0.027364 -0.002990 0.052615
v -0.027364 0.000997 0.052691
v -0.026961 0.001029 0.054347
v -0.027364 0.004979 0.052464
v -0.026961 0.005136 0.054114
v -0.026961 0.009214 0.053570
v -0.026301 0.009480 0.055120
v -0.026301 0.005285 0.055679
v -0.025399 0.009726 0.056547
v -0.025399 0.005421 0.057120
v -0.026301 0.001058 0.055919
v -0.025399 0.001086 0.057367
v -0.026961 -0.003084 0.054269
v -0.026301 -0.003174 0.055839
v -0.026961 -0.007180 0.053881
v -0.026301 -0.007388 0.055439
v -0.025399 -0.003256 0.057284
v -0.025399 -0.007579 0.056874
v -0.024280 -0.003329 0.058569
v -0.024280 0.001110 0.058653
v -0.022970 0.001131 0.059746
v -0.024280 0.005543 0.058401
v -0.022970 0.005646 0.059489
v -0.021505 0.005728 0.060357
v -0.021505 0.001614 0.060607
v -0.022970 0.010129 0.058892
v -0.022970 0.014554 0.057957
v -0.021505 0.010277 0.059751
v -0.024280 0.009944 0.057815
v -0.021505 0.014389 0.058896
v -0.021505 0.008047 0.060092
v -0.020000 0.006442 0.060285
v -0.020000 0.008047 0.060092
v -0.020000 0.008457 0.060035
v -0.020000 0.006559 0.061229
v -0.020000 0.008574 0.060980
v 0.020000 0.008574 0.060980
v 0.020000 0.008047 0.060092
v 0.020000 0.006559 0.061229
v 0.020000 0.008457 0.060035
v 0.020000 0.006442 0.060285
v 0.021505 0.005728 0.060357
v 0.021505 0.001614 0.060607
v 0.022970 0.005646 0.059489
v 0.022970 0.001131 0.059746
v 0.021505 0.001147 0.060617
v 0.020000 0.001015 0.060620
v -0.020000 0.001015 0.060620
v -0.020000 -0.001015 0.060620
v -0.021505 0.001147 0.060617
v -0.020000 0.001015 0.061571
v 0.020000 0.001015 0.061571
v 0.020000 -0.001015 0.060620
v 0.020000 -0.001015 0.061571
v -0.020000 -0.001015 0.061571
v 0.021505 -0.003440 0.060530
v 0.022970 -0.003391 0.059660
v 0.021505 -0.004837 0.060435
v -0.021505 -0.003440 0.060530
v -0.021505 -0.004837 0.060435
v -0.022970 -0.003391 0.059660
v -0.024280 -0.007749 0.058149
v -0.022970 -0.007893 0.059233
v -0.021505 -0.008008 0.060097
v -0.020000 -0.008457 0.060035
v -0.021505 -0.011234 0.059578
v 0.020000 -0.008457 0.060035
v -0.021505 -0.012531 0.059319
v -0.020000 -0.013801 0.059036
v 0.020000 -0.013801 0.059036
v -0.022970 -0.012350 0.058466
v 0.021505 -0.011234 0.059578
v 0.021505 -0.008008 0.060097
v 0.022970 -0.012350 0.058466
v 0.021505 -0.012531 0.059319
v 0.021505 -0.016981 0.058201
v 0.022970 -0.016737 0.057365
v 0.021505 -0.017503 0.058047
v 0.020000 -0.015771 0.058541
v -0.021505 -0.017503 0.058047
v -0.020000 -0.015771 0.058541
v 0.020000 -0.016003 0.059464
v -0.020000 -0.016003 0.059464
v 0.020000 -0.014033 0.059959
v -0.020000 -0.014033 0.059959
v -0.021505 -0.016981 0.058201
v -0.022970 -0.016737 0.057365
v -0.020000 -0.020952 0.056893
v 0.020000 -0.020952 0.056893
v -0.020000 -0.021295 0.057780
v 0.020000 -0.021295 0.057780
v 0.020000 -0.023189 0.057047
v -0.020000 -0.023189 0.057047
v 0.021505 -0.021334 0.056751
v 0.022970 -0.021027 0.055935
v 0.022970 -0.007893 0.059233
v 0.024280 -0.007749 0.058149
v 0.024280 -0.003329 0.058569
v 0.024280 0.001110 0.058653
v 0.020000 -0.006442 0.060285
v -0.020000 -0.006442 0.060285
v 0.020000 -0.006559 0.061229
v -0.020000 -0.006559 0.061229
v 0.020000 -0.008574 0.060980
v -0.020000 -0.008574 0.060980
v -0.024280 -0.012124 0.057397
v -0.025399 -0.011859 0.056138
v -0.026301 -0.011559 0.054722
v 0.022970 0.010129 0.058892
v 0.021505 0.008047 0.060092
v 0.021505 0.010277 0.059751
v 0.020000 0.013801 0.059036
v 0.020000 0.014389 0.058896
v 0.021505 0.014389 0.058896
v 0.021505 0.014766 0.058802
v 0.022970 0.014554 0.057957
v 0.022970 0.018896 0.056690
v 0.022970 0.023129 0.055099
v 0.021505 0.023466 0.055903
v 0.021505 0.020567 0.057033
v 0.021505 0.019171 0.057517
v -0.021505 0.020567 0.057033
v -0.021505 0.019171 0.057517
v 0.020000 0.015771 0.058541
v -0.020000 0.015771 0.058541
v 0.020000 0.016003 0.059464
v -0.020000 0.016003 0.059464
v 0.020000 0.014033 0.059959
v -0.020000 0.014033 0.059959
v -0.020000 0.013801 0.059036
v -0.020000 0.014389 0.058896
v -0.021505 0.014766 0.058802
v -0.022970 0.018896 0.056690
v -0.022970 0.023129 0.055099
v -0.024280 0.018550 0.055653
v -0.024280 0.014288 0.056897
v -0.025399 0.013974 0.055649
v -0.025399 0.018143 0.054433
v -0.026301 0.013622 0.054245
v -0.026961 0.013239 0.052720
v -0.026301 0.017685 0.053060
v -0.026301 0.021647 0.051570
v -0.025399 0.022208 0.052905
v -0.026961 0.017188 0.051568
v -0.026961 0.021039 0.050120
v -0.027364 0.016664 0.049996
v -0.027364 0.012835 0.051113
v -0.027500 0.012421 0.049464
v -0.027500 0.008645 0.050262
v -0.027364 0.008933 0.051937
v -0.027500 0.004819 0.050772
v -0.027500 0.008523 0.034183
v -0.027500 0.016127 0.048383
v -0.027500 0.013197 0.032664
v -0.027500 0.023239 0.045397
v -0.027500 0.017615 0.030510
v -0.027500 0.019740 0.047025
v -0.027364 0.024014 0.046911
v -0.027364 0.020397 0.048592
v -0.026961 0.024769 0.048386
v -0.026301 0.025486 0.049785
v -0.026961 0.028358 0.046374
v -0.026301 0.029178 0.047715
v -0.025399 0.033549 0.046546
v -0.025399 0.029933 0.048950
v -0.026301 0.032703 0.045372
v -0.026961 0.031784 0.044096
v -0.026301 0.036041 0.042769
v -0.025399 0.036974 0.043876
v -0.024280 0.037802 0.044859
v -0.024280 0.041087 0.041872
v -0.025399 0.040186 0.040954
v -0.024280 0.044136 0.038645
v -0.025399 0.043168 0.037797
v -0.026301 0.039172 0.039920
v -0.026961 0.038071 0.038798
v -0.026301 0.042079 0.036844
v -0.026961 0.035028 0.041566
v -0.027364 0.033960 0.040299
v -0.027364 0.030815 0.042752
v -0.027500 0.029821 0.041373
v -0.027364 0.027493 0.044960
v -0.027500 0.026606 0.043510
v -0.027500 0.032864 0.038999
v -0.027500 0.021690 0.027761
v -0.027500 0.025342 0.024473
v -0.027500 0.028501 0.020708
v -0.027500 0.038370 0.033596
v -0.027500 0.035720 0.036402
v -0.027364 0.039649 0.034716
v -0.027364 0.036910 0.037615
v -0.026961 0.040896 0.035808
v -0.026961 0.043487 0.032612
v -0.026301 0.044745 0.033556
v -0.026301 0.047155 0.030076
v -0.025399 0.048375 0.030854
v -0.025399 0.045903 0.034424
v -0.024280 0.049460 0.031546
v -0.024280 0.046932 0.035196
v -0.022970 0.047807 0.035852
v -0.022970 0.050381 0.032134
v -0.021505 0.051116 0.032602
v -0.021505 0.048504 0.036375
v -0.021505 0.050522 0.033515
v -0.022970 0.052667 0.028231
v -0.021505 0.053435 0.028643
v 0.021505 0.053435 0.028643
v -0.021505 0.053798 0.027955
v 0.020000 0.051093 0.032638
v -0.020000 0.051093 0.032638
v -0.020000 0.050522 0.033515
v -0.020000 0.051887 0.033163
v 0.020000 0.051887 0.033163
v -0.020000 0.050765 0.034856
v 0.020000 0.049972 0.034330
v -0.020000 0.049972 0.034330
v 0.020000 0.050765 0.034856
v 0.020000 0.050522 0.033515
v 0.021505 0.051116 0.032602
v 0.021505 0.050522 0.033515
v 0.021505 0.048504 0.036375
v 0.022970 0.047807 0.035852
v 0.022970 0.044958 0.039365
v 0.021505 0.046673 0.038695
v 0.020000 0.046695 0.038669
v -0.020000 0.046695 0.038669
v 0.020000 0.046673 0.038695
v 0.020000 0.047418 0.039288
v 0.020000 0.045374 0.040211
v 0.020000 0.046097 0.040830
v -0.020000 0.046097 0.040830
v -0.020000 0.047418 0.039288
v -0.020000 0.046673 0.038695
v -0.021505 0.045614 0.039939
v -0.020000 0.045374 0.040211
v -0.021505 0.046673 0.038695
v -0.022970 0.044958 0.039365
v -0.022970 0.041852 0.042652
v -0.021505 0.042463 0.043274
v -0.021505 0.042296 0.043437
v -0.022970 0.038507 0.045695
v -0.022970 0.034941 0.048476
v -0.021505 0.035450 0.049184
v -0.024280 0.034302 0.047590
v -0.021505 0.039069 0.046362
v -0.021505 0.037439 0.047687
v -0.020000 0.040089 0.045482
v -0.020000 0.035853 0.048891
v 0.021505 0.037439 0.047687
v 0.022970 0.038507 0.045695
v 0.021505 0.039069 0.046362
v 0.022970 0.034941 0.048476
v 0.021505 0.035450 0.049184
v 0.020000 0.040089 0.045482
v 0.020000 0.035853 0.048891
v 0.021505 0.032158 0.051396
v 0.020000 0.034196 0.050064
v 0.020000 0.036403 0.049668
v 0.020000 0.034746 0.050841
v -0.020000 0.034746 0.050841
v -0.020000 0.036403 0.049668
v -0.020000 0.034196 0.050064
v -0.021505 0.032158 0.051396
v 0.021505 0.031629 0.051724
v -0.021505 0.031629 0.051724
v -0.022970 0.031174 0.050980
v -0.022970 0.027229 0.053192
v -0.024280 0.030604 0.050048
v -0.024280 0.026732 0.052219
v -0.025399 0.026145 0.051074
v -0.024280 0.022706 0.054091
v -0.021505 0.023466 0.055903
v -0.021505 0.026513 0.054524
v -0.021505 0.027627 0.053968
v -0.020000 0.027784 0.053887
v -0.020000 0.029573 0.052926
v -0.020000 0.028235 0.054725
v -0.020000 0.030024 0.053765
v 0.020000 0.027784 0.053887
v 0.021505 0.027627 0.053968
v 0.020000 0.029573 0.052926
v 0.021505 0.026513 0.054524
v 0.020000 0.028235 0.054725
v 0.020000 0.030024 0.053765
v 0.022970 0.027229 0.053192
v 0.020000 0.022845 0.056159
v -0.020000 0.022845 0.056159
v 0.020000 0.020952 0.056893
v 0.020000 0.023189 0.057047
v 0.020000 0.021295 0.057780
v -0.020000 0.021295 0.057780
v -0.020000 0.023189 0.057047
v -0.020000 0.020952 0.056893
v 0.022970 0.031174 0.050980
v 0.024280 0.026732 0.052219
v 0.024280 0.030604 0.050048
v 0.024280 0.034302 0.047590
v 0.020000 0.041589 0.044114
v 0.020000 0.040730 0.046186
v -0.020000 0.040730 0.046186
v 0.020000 0.042231 0.044818
v -0.020000 0.042231 0.044818
v -0.020000 0.041589 0.044114
v 0.021505 0.042296 0.043437
v 0.021505 0.042463 0.043274
v 0.022970 0.041852 0.042652
v 0.021505 0.045614 0.039939
v 0.022970 0.050381 0.032134
v 0.022970 0.052667 0.028231
v 0.024280 0.051704 0.027715
v 0.024280 0.053652 0.023725
v 0.022970 0.054651 0.024167
v 0.024280 0.055292 0.019600
v 0.022970 0.056323 0.019965
v 0.022970 0.057671 0.015648
v 0.021505 0.058492 0.015951
v 0.021505 0.057144 0.020256
v 0.021505 0.056465 0.022078
v 0.021505 0.055448 0.024520
v 0.020000 0.056836 0.021105
v -0.021505 0.056465 0.022078
v -0.020000 0.056836 0.021105
v -0.021505 0.057144 0.020256
v -0.021505 0.055448 0.024520
v -0.022970 0.056323 0.019965
v -0.024280 0.055292 0.019600
v -0.024280 0.053652 0.023725
v -0.021505 0.058492 0.015951
v -0.022970 0.054651 0.024167
v -0.022970 0.057671 0.015648
v -0.021505 0.058512 0.015876
v -0.021505 0.059546 0.011406
v -0.022970 0.058689 0.011242
v -0.024280 0.056616 0.015362
v -0.024280 0.057616 0.011036
v -0.025399 0.055375 0.015025
v -0.025399 0.054080 0.019170
v -0.026301 0.052715 0.018686
v -0.026301 0.051151 0.022619
v -0.025399 0.052475 0.023205
v -0.025399 0.050570 0.027107
v -0.026301 0.049294 0.026423
v -0.026961 0.047908 0.025680
v -0.026961 0.045829 0.029230
v -0.027364 0.044432 0.028339
v -0.027364 0.042161 0.031618
v -0.027500 0.040801 0.030598
v -0.027500 0.042999 0.027425
v -0.027500 0.044949 0.024094
v -0.027364 0.046448 0.024898
v -0.027500 0.031106 0.016539
v -0.027500 0.033105 0.012049
v -0.027500 0.046643 0.020626
v -0.027500 0.048069 0.017039
v -0.027364 0.049672 0.017607
v -0.027364 0.048198 0.021313
v -0.026961 0.051234 0.018161
v -0.026961 0.049713 0.021984
v -0.026301 0.053978 0.014646
v -0.026961 0.052460 0.014234
v -0.027364 0.050861 0.013800
v -0.026301 0.054931 0.010522
v -0.026961 0.053387 0.010226
v -0.026961 0.054007 0.006159
v -0.026301 0.055569 0.006337
v -0.027364 0.051759 0.009914
v -0.027500 0.050089 0.009594
v -0.027500 0.049220 0.013355
v -0.027364 0.052361 0.005971
v -0.027364 0.052662 0.001994
v -0.026961 0.054318 0.002057
v -0.027500 0.050672 0.005779
v -0.027500 0.034460 0.007325
v -0.027500 0.035144 0.002458
v -0.027500 0.050963 0.001930
v -0.027364 0.052662 -0.001994
v -0.027500 0.050963 -0.001930
v -0.027500 0.035144 -0.002458
v -0.027500 0.034460 -0.007325
v -0.027500 0.050672 -0.005779
v -0.027500 0.050089 -0.009594
v -0.027364 0.051759 -0.009914
v -0.027364 0.052361 -0.005971
v -0.026961 0.053387 -0.010226
v -0.026961 0.054007 -0.006159
v -0.026301 0.054931 -0.010522
v -0.026301 0.055569 -0.006337
v -0.026961 0.054318 -0.002057
v -0.026301 0.055889 -0.002117
v -0.025399 0.057336 -0.002171
v -0.025399 0.057008 -0.006501
v -0.026301 0.055889 0.002116
v -0.025399 0.057336 0.002171
v -0.024280 0.058621 -0.002220
v -0.024280 0.058621 0.002220
v -0.025399 0.057008 0.006501
v -0.024280 0.058286 0.006647
v -0.025399 0.056352 0.010794
v -0.022970 0.059714 0.002261
v -0.022970 0.059372 0.006771
v -0.021505 0.060238 0.006870
v -0.021505 0.060542 0.003227
v -0.021505 0.059856 0.009644
v 0.020000 0.060267 0.006604
v -0.020000 0.060267 0.006604
v 0.021505 0.059856 0.009644
v -0.020000 0.059433 0.011977
v -0.020000 0.058999 0.013960
v 0.020000 0.059433 0.011977
v -0.020000 0.060363 0.012180
v 0.020000 0.060363 0.012180
v 0.020000 0.059929 0.014164
v -0.020000 0.059929 0.014164
v 0.020000 0.058999 0.013960
v 0.021505 0.058512 0.015876
v 0.022970 0.058689 0.011242
v 0.021505 0.059546 0.011406
v 0.022970 0.059372 0.006771
v 0.021505 0.060238 0.006870
v 0.021505 0.060542 0.003227
v 0.020000 0.060455 0.004582
v -0.020000 0.060455 0.004582
v 0.020000 0.061402 0.004670
v -0.020000 0.061402 0.004670
v 0.020000 0.061215 0.006692
v -0.020000 0.061215 0.006692
v 0.022970 0.059714 0.002261
v -0.021505 0.060585 0.002294
v 0.021505 0.060585 0.002294
v 0.022970 0.059714 -0.002261
v 0.021505 0.060585 -0.002294
v -0.020000 0.060622 -0.000852
v 0.020000 0.060622 -0.000852
v 0.020000 0.060559 -0.002882
v 0.020000 0.061511 -0.002911
v 0.021505 0.060542 -0.003227
v -0.020000 0.060559 -0.002882
v -0.021505 0.060542 -0.003227
v -0.021505 0.060585 -0.002294
v -0.020000 0.061511 -0.002911
v -0.020000 0.061573 -0.000881
v 0.020000 0.061573 -0.000881
v -0.022970 0.059714 -0.002261
v -0.022970 0.059372 -0.006771
v -0.022970 0.058689 -0.011242
v -0.024280 0.058286 -0.006647
v -0.021505 0.060238 -0.006870
v -0.020000 0.060058 -0.008295
v -0.021505 0.059856 -0.009644
v -0.020000 0.059856 -0.009644
v -0.021505 0.059546 -0.011406
v -0.021505 0.058512 -0.015876
v -0.020000 0.058583 -0.015613
v -0.020000 0.059746 -0.010302
v -0.020000 0.060687 -0.010448
v 0.020000 0.060687 -0.010448
v 0.020000 0.059746 -0.010302
v 0.021505 0.059856 -0.009644
v 0.020000 0.059856 -0.009644
v 0.020000 0.058583 -0.015613
v 0.021505 0.059546 -0.011406
v 0.022970 0.057671 -0.015648
v 0.021505 0.058512 -0.015876
v 0.022970 0.058689 -0.011242
v 0.020000 0.058492 -0.015951
v 0.020000 0.058028 -0.017566
v 0.021505 0.058492 -0.015951
v 0.020000 0.058943 -0.017826
v 0.020000 0.059499 -0.015873
v -0.020000 0.059499 -0.015873
v -0.020000 0.058028 -0.017566
v -0.020000 0.058943 -0.017826
v -0.020000 0.058492 -0.015951
v -0.021505 0.057144 -0.020256
v -0.021505 0.058492 -0.015951
v -0.022970 0.056323 -0.019965
v -0.022970 0.057671 -0.015648
v -0.024280 0.056616 -0.015362
v -0.024280 0.057616 -0.011036
v -0.025399 0.056352 -0.010794
v -0.025399 0.055375 -0.015025
v -0.024280 0.055292 -0.019600
v -0.026301 0.053978 -0.014646
v -0.025399 0.054080 -0.019170
v -0.026301 0.052715 -0.018686
v -0.024280 0.053652 -0.023725
v -0.025399 0.052475 -0.023205
v -0.025399 0.050570 -0.027107
v -0.024280 0.051704 -0.027715
v -0.026301 0.051151 -0.022620
v -0.026301 0.049294 -0.026423
v -0.026961 0.049713 -0.021984
v -0.026961 0.051234 -0.018161
v -0.027364 0.049672 -0.017607
v -0.026961 0.052460 -0.014234
v -0.027364 0.050861 -0.013800
v -0.027500 0.049220 -0.013355
v -0.027500 0.048069 -0.017039
v -0.027500 0.033105 -0.012049
v -0.027500 0.031106 -0.016539
v -0.027500 0.046643 -0.020626
v -0.027364 0.046448 -0.024898
v -0.027364 0.048198 -0.021313
v -0.027500 0.044949 -0.024094
v -0.027364 0.044432 -0.028339
v -0.027500 0.042999 -0.027425
v -0.027500 0.040801 -0.030598
v -0.027500 0.028501 -0.020708
v -0.027364 0.042161 -0.031618
v -0.027364 0.039649 -0.034716
v -0.026961 0.040896 -0.035808
v -0.026961 0.043487 -0.032612
v -0.026301 0.042079 -0.036844
v -0.026301 0.044745 -0.033556
v -0.026961 0.045829 -0.029230
v -0.026301 0.047155 -0.030076
v -0.026961 0.047908 -0.025680
v -0.025399 0.048375 -0.030854
v -0.025399 0.045903 -0.034424
v -0.025399 0.043168 -0.037797
v -0.024280 0.044136 -0.038645
v -0.024280 0.046932 -0.035196
v -0.022970 0.047807 -0.035852
v -0.022970 0.044958 -0.039365
v -0.024280 0.049460 -0.031546
v -0.022970 0.050381 -0.032134
v -0.021505 0.051116 -0.032602
v -0.021505 0.050522 -0.033515
v -0.022970 0.052667 -0.028231
v -0.021505 0.053435 -0.028643
v -0.022970 0.054651 -0.024167
v -0.021505 0.053798 -0.027955
v 0.020000 0.053006 -0.029430
v -0.020000 0.053006 -0.029430
v -0.020000 0.055429 -0.024564
v -0.021505 0.055448 -0.024520
v -0.020000 0.056221 -0.022694
v -0.021505 0.056465 -0.022078
v 0.020000 0.056221 -0.022694
v 0.021505 0.056465 -0.022078
v 0.021505 0.057144 -0.020256
v 0.020000 0.055429 -0.024564
v 0.020000 0.057097 -0.023065
v -0.020000 0.057097 -0.023065
v 0.020000 0.056306 -0.024935
v -0.020000 0.056306 -0.024935
v -0.020000 0.051990 -0.031189
v -0.020000 0.053830 -0.029906
v -0.020000 0.052815 -0.031665
v 0.020000 0.052815 -0.031665
v 0.020000 0.053830 -0.029906
v 0.020000 0.051990 -0.031189
v 0.021505 0.051116 -0.032602
v 0.021505 0.050522 -0.033515
v 0.021505 0.048504 -0.036375
v 0.020000 0.048987 -0.035721
v -0.020000 0.048987 -0.035721
v 0.020000 0.047764 -0.037342
v 0.020000 0.049747 -0.036295
v -0.020000 0.049747 -0.036295
v 0.020000 0.048523 -0.037915
v -0.020000 0.048523 -0.037915
v -0.020000 0.047764 -0.037342
v -0.021505 0.046673 -0.038695
v 0.021505 0.046673 -0.038695
v 0.021505 0.045614 -0.039939
v 0.022970 0.044958 -0.039365
v 0.022970 0.047807 -0.035852
v -0.021505 0.045614 -0.039939
v -0.021505 0.042463 -0.043274
v -0.020000 0.044226 -0.041470
v -0.020000 0.042813 -0.042928
v 0.020000 0.044226 -0.041470
v -0.020000 0.044910 -0.042133
v -0.020000 0.043496 -0.043591
v 0.020000 0.043496 -0.043591
v 0.020000 0.042813 -0.042928
v 0.020000 0.044910 -0.042133
v 0.021505 0.042296 -0.043437
v 0.021505 0.042463 -0.043274
v 0.022970 0.041852 -0.042652
v 0.024280 0.041087 -0.041872
v 0.024280 0.037802 -0.044859
v 0.022970 0.038507 -0.045695
v 0.022970 0.034941 -0.048477
v 0.021505 0.035450 -0.049184
v 0.021505 0.037439 -0.047687
v 0.021505 0.039069 -0.046362
v 0.020000 0.037439 -0.047687
v 0.020000 0.038795 -0.046591
v -0.020000 0.038795 -0.046591
v -0.021505 0.042296 -0.043437
v 0.020000 0.039391 -0.047333
v -0.020000 0.039391 -0.047333
v 0.020000 0.037810 -0.048606
v -0.020000 0.037810 -0.048606
v -0.020000 0.037213 -0.047864
v 0.020000 0.037213 -0.047864
v -0.020000 0.032775 -0.051005
v 0.020000 0.032775 -0.051005
v 0.020000 0.032158 -0.051396
v 0.020000 0.033276 -0.051815
v -0.020000 0.033276 -0.051815
v -0.020000 0.031550 -0.052883
v 0.020000 0.031550 -0.052883
v -0.020000 0.031049 -0.052074
v -0.020000 0.032158 -0.051396
v -0.021505 0.032158 -0.051396
v -0.021505 0.031629 -0.051724
v -0.021505 0.027627 -0.053968
v 0.021505 0.027627 -0.053968
v -0.021505 0.026513 -0.054523
v 0.020000 0.031049 -0.052074
v -0.022970 0.027229 -0.053192
v -0.022970 0.031174 -0.050980
v -0.024280 0.030604 -0.050048
v -0.024280 0.034302 -0.047590
v -0.022970 0.034941 -0.048477
v -0.021505 0.037439 -0.047687
v -0.021505 0.035450 -0.049184
v -0.022970 0.038507 -0.045695
v -0.024280 0.037802 -0.044859
v -0.025399 0.036974 -0.043876
v -0.024280 0.041087 -0.041872
v -0.025399 0.040186 -0.040954
v -0.026301 0.039172 -0.039920
v -0.026961 0.038071 -0.038798
v -0.026301 0.036041 -0.042769
v -0.026961 0.035028 -0.041566
v -0.025399 0.033549 -0.046546
v -0.026301 0.032703 -0.045372
v -0.026301 0.029178 -0.047715
v -0.025399 0.029933 -0.048950
v -0.026961 0.031784 -0.044096
v -0.027364 0.030815 -0.042752
v -0.027364 0.033960 -0.040299
v -0.026961 0.028358 -0.046374
v -0.027364 0.027493 -0.044960
v -0.026301 0.025486 -0.049785
v -0.026961 0.024769 -0.048386
v -0.026961 0.021039 -0.050120
v -0.027364 0.024014 -0.046911
v -0.026301 0.021647 -0.051570
v -0.026301 0.017685 -0.053060
v -0.025399 0.018143 -0.054433
v -0.025399 0.022208 -0.052905
v -0.024280 0.018550 -0.055653
v -0.024280 0.022706 -0.054091
v -0.025399 0.026145 -0.051074
v -0.024280 0.026732 -0.052219
v -0.022970 0.023129 -0.055099
v -0.021505 0.023466 -0.055903
v -0.020000 0.024414 -0.055495
v -0.020000 0.026259 -0.054646
v 0.020000 0.026259 -0.054646
v -0.020000 0.026657 -0.055511
v -0.020000 0.024812 -0.056360
v 0.020000 0.024812 -0.056360
v 0.020000 0.024414 -0.055495
v 0.020000 0.026657 -0.055511
v 0.021505 0.023466 -0.055903
v 0.021505 0.026513 -0.054523
v 0.022970 0.027229 -0.053192
v 0.021505 0.031629 -0.051724
v 0.022970 0.031174 -0.050980
v 0.021505 0.032158 -0.051396
v -0.025399 0.013974 -0.055649
v -0.026301 0.013622 -0.054245
v -0.025399 0.009726 -0.056547
v -0.026961 0.017188 -0.051568
v -0.027364 0.020397 -0.048593
v -0.027500 0.023239 -0.045397
v -0.027500 0.026606 -0.043510
v -0.027500 0.017615 -0.030510
v -0.027500 0.021690 -0.027761
v -0.027500 0.029821 -0.041373
v -0.027500 0.032864 -0.038999
v -0.027500 0.035720 -0.036402
v -0.027500 0.038370 -0.033596
v -0.027364 0.036910 -0.037616
v -0.027500 0.025342 -0.024473
v -0.022970 0.041852 -0.042652
v -0.021505 0.039069 -0.046362
v -0.020000 0.037439 -0.047687
v 0.024280 0.044136 -0.038645
v -0.021505 0.048504 -0.036375
v 0.022970 0.059372 -0.006771
v 0.024280 0.057616 -0.011036
v 0.024280 0.056616 -0.015362
v 0.024280 0.058286 -0.006647
v 0.021505 0.060238 -0.006870
v 0.020000 0.060058 -0.008295
v 0.020000 0.060998 -0.008441
v -0.020000 0.060998 -0.008441
v -0.024280 0.051704 0.027715
v -0.020000 0.057511 0.019190
v 0.020000 0.057511 0.019190
v -0.020000 0.058409 0.019506
v 0.020000 0.058409 0.019506
v 0.020000 0.057734 0.021421
v -0.020000 0.057734 0.021421
v 0.020000 0.054717 0.026112
v -0.020000 0.053812 0.027929
v -0.020000 0.054717 0.026112
v -0.020000 0.055569 0.026536
v 0.020000 0.055569 0.026536
v 0.020000 0.053812 0.027929
v 0.020000 0.054664 0.028354
v -0.020000 0.054664 0.028354
v 0.021505 0.053798 0.027955
v -0.027364 -0.006961 0.052238
v 0.021505 -0.029649 0.052884
v 0.021505 -0.040795 0.044850
v 0.027500 0.028501 -0.020708
v 0.021505 -0.044070 -0.041636
v 0.021505 -0.040795 -0.044850
v 0.022970 -0.040208 -0.044205
v 0.021505 -0.039924 -0.045627
v 0.022970 -0.036750 -0.047120
v 0.021505 -0.037286 -0.047807
v 0.022970 -0.033081 -0.049764
v 0.021505 -0.034848 -0.049612
v 0.021505 -0.033564 -0.050490
v 0.021505 -0.029649 -0.052884
v 0.020000 -0.032775 -0.051005
v 0.020000 -0.031049 -0.052074
v -0.020000 -0.031049 -0.052074
v -0.021505 -0.033564 -0.050490
v -0.020000 -0.032775 -0.051005
v -0.020000 -0.031550 -0.052883
v -0.020000 -0.033276 -0.051815
v 0.020000 -0.033276 -0.051815
v 0.020000 -0.031550 -0.052883
v -0.021505 -0.034848 -0.049612
v 0.020000 -0.037213 -0.047864
v -0.020000 -0.037213 -0.047864
v -0.021505 -0.037286 -0.047807
v -0.021505 -0.039924 -0.045627
v -0.021505 -0.040795 -0.044850
v -0.020000 -0.038795 -0.046591
v 0.020000 -0.038795 -0.046591
v -0.020000 -0.039392 -0.047333
v 0.020000 -0.039392 -0.047333
v 0.020000 -0.037810 -0.048606
v -0.020000 -0.037810 -0.048606
v -0.021505 -0.044070 -0.041636
v -0.020000 -0.042813 -0.042928
v -0.020000 -0.044226 -0.041470
v 0.020000 -0.042813 -0.042928
v -0.020000 -0.043496 -0.043591
v -0.020000 -0.044910 -0.042133
v 0.020000 -0.044910 -0.042133
v 0.020000 -0.044226 -0.041470
v 0.020000 -0.043496 -0.043591
v 0.026301 -0.027351 -0.048785
v 0.025399 -0.024194 -0.052027
v 0.026301 -0.023583 -0.050714
v 0.021505 -0.017503 -0.058047
v 0.020000 -0.019344 -0.057459
v -0.020000 -0.019344 -0.057459
v 0.020000 -0.017503 -0.058047
v 0.020000 -0.019633 -0.058366
v -0.020000 -0.019633 -0.058366
v 0.020000 -0.017698 -0.058982
v -0.020000 -0.017698 -0.058982
v 0.020000 -0.017409 -0.058075
v -0.020000 -0.017503 -0.058047
v -0.021505 -0.016981 -0.058201
v -0.021505 -0.017503 -0.058047
v -0.022970 -0.016737 -0.057365
v -0.024280 -0.016431 -0.056316
v -0.024280 -0.012124 -0.057397
v -0.025399 -0.011859 -0.056138
v -0.025399 -0.007579 -0.056874
v -0.026301 -0.007388 -0.055439
v -0.026301 -0.003174 -0.055839
v -0.026961 -0.003084 -0.054269
v -0.026961 0.001029 -0.054347
v -0.027364 0.000997 -0.052691
v -0.027364 0.004979 -0.052464
v -0.027500 0.004819 -0.050772
v -0.027500 0.000965 -0.050991
v -0.027364 -0.002990 -0.052615
v -0.027500 -0.002894 -0.050918
v -0.027500 -0.001229 -0.035208
v -0.027500 -0.006737 -0.050553
v -0.027500 -0.006118 -0.034695
v -0.027500 -0.010541 -0.049899
v -0.027500 -0.010887 -0.033506
v -0.027500 -0.014284 -0.048959
v -0.027500 -0.015444 -0.031664
v -0.027500 -0.019700 -0.029207
v -0.027500 -0.031365 -0.040215
v -0.027500 -0.023573 -0.026181
v -0.027500 -0.034316 -0.037728
v -0.027500 -0.026988 -0.022645
v -0.027500 -0.037072 -0.035024
v -0.027364 -0.038307 -0.036192
v -0.027500 -0.039614 -0.032120
v -0.027364 -0.040935 -0.033191
v -0.027364 -0.043328 -0.030000
v -0.026961 -0.044690 -0.030943
v -0.026961 -0.042222 -0.034235
v -0.026301 -0.045983 -0.031838
v -0.025399 -0.047173 -0.032663
v -0.025399 -0.049508 -0.029001
v -0.026301 -0.048259 -0.028270
v -0.026961 -0.046902 -0.027475
v -0.025399 -0.051559 -0.025174
v -0.026301 -0.050259 -0.024539
v -0.026961 -0.048846 -0.023849
v -0.026301 -0.051970 -0.020668
v -0.026961 -0.050510 -0.020087
v -0.026301 -0.053385 -0.016678
v -0.026301 -0.054493 -0.012593
v -0.026961 -0.051884 -0.016209
v -0.026961 -0.052961 -0.012239
v -0.027364 -0.050302 -0.015715
v -0.027364 -0.048970 -0.019474
v -0.027500 -0.047390 -0.018846
v -0.027364 -0.047357 -0.023122
v -0.027500 -0.045829 -0.022376
v -0.027500 -0.044005 -0.025778
v -0.027500 -0.032184 -0.014329
v -0.027500 -0.029876 -0.018669
v -0.027500 -0.033865 -0.009711
v -0.027500 -0.049690 -0.011483
v -0.027500 -0.034887 -0.004903
v -0.027500 -0.048680 -0.015208
v -0.027364 -0.051347 -0.011866
v -0.027500 -0.050417 -0.007692
v -0.027500 -0.041930 -0.029032
v -0.027364 -0.045472 -0.026637
v -0.025399 -0.056721 -0.008654
v -0.027364 -0.014760 -0.050591
v -0.027364 -0.010892 -0.051562
v -0.026961 -0.015224 -0.052182
v -0.026301 -0.015665 -0.053691
v -0.026301 -0.019680 -0.052352
v -0.026961 -0.011234 -0.053183
v -0.027364 -0.006961 -0.052238
v -0.026961 -0.007180 -0.053881
v -0.026301 -0.011559 -0.054722
v -0.025399 -0.016070 -0.055080
v 0.021505 -0.016981 -0.058201
v 0.025399 -0.003256 -0.057285
v 0.026301 -0.007388 -0.055439
v 0.026301 -0.003174 -0.055839
v 0.025399 0.001086 -0.057367
v 0.026301 0.001058 -0.055919
v 0.025399 0.005421 -0.057120
v 0.026301 0.005285 -0.055679
v 0.026301 0.009480 -0.055120
v 0.026961 0.005136 -0.054114
v 0.024280 0.005543 -0.058401
v 0.024280 0.001110 -0.058653
v 0.022970 0.005646 -0.059489
v 0.027500 0.017615 -0.030510
v 0.027500 -0.015444 -0.031664
vn 1.0000 -0.0000 -0.0000
vn 0.3413 -0.9308 0.1308
vn 0.3413 -0.9035 0.2591
vn 0.3413 -0.9400 -0.0000
vn 0.3413 0.9194 0.1954
vn 0.3413 0.8833 0.3215
vn 0.3413 0.8299 0.4413
vn 0.3413 0.7604 0.5525
vn 0.9968 -0.0701 -0.0376
vn 0.9968 -0.0670 -0.0428
vn 0.9716 -0.1995 -0.1272
vn 0.9716 -0.2085 -0.1118
vn 0.9218 -0.3101 -0.2326
vn 0.9218 -0.3268 -0.2084
vn 0.9716 -0.1893 -0.1420
vn 0.9218 -0.2916 -0.2553
vn 0.9218 -0.2916 -0.2554
vn 0.9716 -0.1780 -0.1559
vn 0.9968 -0.0598 -0.0524
vn 0.9968 -0.0636 -0.0477
vn 0.9968 -0.0557 -0.0568
vn 0.9716 -0.1525 -0.1809
vn 0.9716 -0.1657 -0.1689
vn 0.9968 -0.0512 -0.0608
vn 0.9716 -0.1384 -0.1920
vn 0.9716 -0.1383 -0.1919
vn 0.9968 -0.0465 -0.0645
vn 0.9968 -0.0415 -0.0678
vn 0.9716 -0.1078 -0.2106
vn 0.9716 -0.1234 -0.2019
vn 0.9968 -0.0362 -0.0708
vn 0.9716 -0.0916 -0.2182
vn 0.9968 -0.0308 -0.0733
vn 0.9218 -0.1226 -0.3677
vn 0.9218 -0.1500 -0.3574
vn 0.9716 -0.0748 -0.2245
vn 0.9218 -0.0944 -0.3760
vn 0.9218 -0.0944 -0.3759
vn 0.9716 -0.0576 -0.2295
vn 0.9968 -0.0194 -0.0771
vn 0.9968 -0.0251 -0.0754
vn 0.9968 -0.0135 -0.0784
vn 0.9716 -0.0224 -0.2356
vn 0.9716 -0.0401 -0.2332
vn 0.9968 -0.0075 -0.0792
vn 0.9716 -0.0045 -0.2366
vn 0.9968 -0.0015 -0.0795
vn 0.9968 0.0045 -0.0794
vn 0.3413 -0.1632 0.9257
vn 0.3413 -0.0328 0.9394
vn 0.9968 0.0164 -0.0778
vn 0.9968 0.0105 -0.0788
vn 0.9716 0.0489 -0.2315
vn 0.9716 0.0313 -0.2345
vn 0.9218 0.1086 -0.3721
vn 0.9218 0.0801 -0.3792
vn 0.9716 0.0663 -0.2272
vn 0.9218 0.1364 -0.3628
vn 0.9716 0.0833 -0.2215
vn 0.9716 0.0663 -0.2271
vn 0.9968 0.0280 -0.0744
vn 0.9968 0.0223 -0.0763
vn 0.9968 0.0335 -0.0721
vn 0.9716 0.1157 -0.2064
vn 0.9716 0.0998 -0.2145
vn 0.9968 0.0389 -0.0694
vn 0.9716 0.1310 -0.1970
vn 0.9716 0.1310 -0.1971
vn 0.9968 0.0440 -0.0662
vn 0.9716 0.1455 -0.1866
vn 0.9968 0.0489 -0.0627
vn 0.9716 0.1592 -0.1750
vn 0.9968 0.0535 -0.0588
vn 0.9968 0.0578 -0.0546
vn 0.9716 0.1838 -0.1490
vn 0.9968 0.0618 -0.0501
vn 0.9716 0.1720 -0.1625
vn 0.9218 0.3011 -0.2441
vn 0.9218 0.2818 -0.2662
vn 0.8487 0.4108 -0.3331
vn 0.8487 0.3844 -0.3632
vn 0.8487 0.3559 -0.3912
vn 0.9218 0.2608 -0.2867
vn 0.9218 0.2608 -0.2868
vn 0.8487 0.3559 -0.3913
vn 0.8487 0.3253 -0.4170
vn 0.9218 0.2384 -0.3057
vn 0.9218 0.2384 -0.3056
vn 0.8487 0.2928 -0.4404
vn 0.9218 0.2146 -0.3228
vn 0.8487 0.2586 -0.4613
vn 0.9218 0.1896 -0.3381
vn 0.8487 0.2928 -0.4405
vn 0.7542 0.3635 -0.5469
vn 0.7542 0.3211 -0.5728
vn 0.7542 0.2769 -0.5954
vn 0.8487 0.2230 -0.4795
vn 0.8487 0.2230 -0.4796
vn 0.7542 0.2769 -0.5955
vn 0.7542 0.2311 -0.6147
vn 0.8487 0.1861 -0.4951
vn 0.8487 0.1861 -0.4950
vn 0.7542 0.1839 -0.6304
vn 0.8487 0.1481 -0.5077
vn 0.6405 0.2702 -0.7188
vn 0.6405 0.2151 -0.7372
vn 0.6405 0.1587 -0.7514
vn 0.7542 0.1357 -0.6425
vn 0.5166 0.1770 -0.8377
vn 0.6405 0.1587 -0.7513
vn 0.5111 0.2066 -0.8343
vn 0.5109 0.2408 -0.8253
vn 0.5108 0.2408 -0.8253
vn 0.0277 0.2800 -0.9596
vn 0.5111 0.2817 -0.8121
vn 0.0013 0.3278 -0.9448
vn -0.0019 0.3032 -0.9529
vn -0.0000 0.3291 -0.9443
vn -0.0000 0.3292 -0.9443
vn -0.0000 0.9529 0.3032
vn -0.0000 0.3032 -0.9529
vn -0.0000 -0.9529 -0.3032
vn -1.0000 -0.0000 -0.0000
vn -0.0715 0.3024 -0.9505
vn -0.0000 0.2654 -0.9641
vn -0.0000 0.2404 -0.9707
vn 0.0048 0.2801 -0.9600
vn -0.5108 0.2408 -0.8253
vn -0.5111 0.2066 -0.8343
vn -0.5109 0.2408 -0.8253
vn -0.0240 0.2035 -0.9788
vn -0.5109 0.1750 -0.8417
vn -0.0000 0.2188 -0.9758
vn -0.5166 0.1770 -0.8377
vn -0.5110 0.1299 -0.8497
vn -0.5293 0.1121 -0.8410
vn -0.6406 0.1014 -0.7612
vn -0.6406 0.1587 -0.7513
vn -0.6405 0.1587 -0.7513
vn 0.0180 0.1136 -0.9934
vn -0.5111 0.0977 -0.8540
vn -0.0000 0.1055 -0.9944
vn -0.0000 0.1500 -0.9887
vn -0.0016 0.1512 -0.9885
vn 0.5461 0.0952 -0.8323
vn -0.0180 0.1136 -0.9934
vn 0.5110 0.1299 -0.8497
vn 0.0016 0.1511 -0.9885
vn -0.0000 -0.9829 -0.1839
vn 0.0549 0.1835 -0.9815
vn -0.0033 0.2035 -0.9791
vn -0.0000 0.1838 -0.9830
vn -0.0000 0.9830 0.1837
vn 0.0163 0.0616 -0.9980
vn -0.0000 0.9981 0.0614
vn -0.0000 0.0615 -0.9981
vn -0.0000 -0.9981 -0.0617
vn -0.0000 0.0357 -0.9994
vn -0.0190 0.0615 -0.9979
vn -0.0000 0.0228 -0.9997
vn -0.5111 0.0196 -0.8593
vn -0.0169 0.0606 -0.9980
vn -0.5109 0.0521 -0.8581
vn -0.5177 0.0486 -0.8542
vn -0.6405 0.0436 -0.7667
vn -0.5108 -0.0163 -0.8595
vn -0.6406 -0.0145 -0.7678
vn -0.6406 0.0436 -0.7667
vn -0.0007 -0.0683 -0.9977
vn -0.5111 -0.0587 -0.8575
vn -0.0153 -0.0189 -0.9997
vn 0.0052 -0.0616 -0.9981
vn -0.0000 -0.0130 -0.9999
vn -0.0000 0.9981 -0.0616
vn -0.0000 -0.9981 0.0617
vn -0.0000 -0.0615 -0.9981
vn -0.0052 -0.0616 -0.9981
vn 0.0007 -0.0683 -0.9977
vn -0.0000 -0.0792 -0.9969
vn 0.5111 -0.0587 -0.8575
vn 0.5108 -0.0163 -0.8595
vn 0.0153 -0.0189 -0.9997
vn 0.5108 -0.0812 -0.8558
vn 0.6405 -0.0726 -0.7645
vn 0.5331 -0.0897 -0.8413
vn 0.6405 -0.0145 -0.7678
vn 0.6406 -0.0726 -0.7645
vn 0.6405 -0.1302 -0.7568
vn 0.7542 -0.0620 -0.6537
vn 0.7542 -0.1113 -0.6472
vn 0.7542 -0.1599 -0.6369
vn 0.8487 -0.0896 -0.5212
vn 0.8487 -0.1288 -0.5130
vn 0.8487 -0.1288 -0.5129
vn 0.7542 -0.2076 -0.6230
vn 0.8487 -0.1672 -0.5017
vn 0.8487 -0.1672 -0.5018
vn 0.6405 -0.1870 -0.7448
vn 0.6405 -0.2428 -0.7285
vn 0.5109 -0.2094 -0.8338
vn 0.5111 -0.1684 -0.8428
vn 0.5260 -0.1442 -0.8382
vn 0.5109 -0.1364 -0.8487
vn -0.0000 -0.1587 -0.9873
vn 0.0020 -0.1960 -0.9806
vn -0.0000 -0.1927 -0.9813
vn 0.0386 -0.1762 -0.9836
vn -0.0000 -0.9830 0.1838
vn -0.0000 -0.1837 -0.9830
vn -0.0000 -0.2439 -0.9698
vn -0.0029 -0.1927 -0.9812
vn 0.0111 -0.2439 -0.9697
vn -0.0000 -0.1763 -0.9843
vn -0.0000 -0.1960 -0.9806
vn -0.0131 -0.1587 -0.9872
vn -0.5111 -0.1684 -0.8428
vn -0.5319 -0.1344 -0.8361
vn -0.0000 -0.1060 -0.9944
vn -0.0000 -0.1497 -0.9887
vn -0.5110 -0.0911 -0.8548
vn -0.5108 -0.1457 -0.8473
vn -0.5265 -0.0803 -0.8464
vn -0.6406 -0.1302 -0.7568
vn -0.6406 -0.0726 -0.7645
vn -0.7542 -0.0620 -0.6538
vn -0.7542 -0.0124 -0.6566
vn -0.8487 -0.0100 -0.5288
vn -0.8487 0.0300 -0.5280
vn -0.7542 0.0373 -0.6556
vn -0.9218 0.0220 -0.3870
vn -0.8487 0.0699 -0.5242
vn -0.9218 0.0512 -0.3843
vn -0.9716 0.0313 -0.2345
vn -0.9218 0.0801 -0.3793
vn -0.9716 0.0489 -0.2315
vn -0.9968 0.0223 -0.0764
vn -0.9716 0.0663 -0.2271
vn -0.9968 0.0164 -0.0778
vn -0.9968 0.0280 -0.0745
vn -0.3413 -0.1632 0.9257
vn -0.3413 -0.2905 0.8940
vn -0.3413 -0.0328 0.9394
vn -0.3413 0.8299 -0.4413
vn -0.3413 0.7604 -0.5525
vn -0.3413 0.8833 -0.3215
vn -0.3413 0.9194 -0.1954
vn -0.9968 -0.0768 0.0208
vn -0.9968 -0.0781 0.0150
vn -0.9968 -0.0790 0.0090
vn -0.9968 -0.0795 0.0030
vn -0.9716 -0.2351 0.0268
vn -0.9716 -0.2364 0.0089
vn -0.9968 -0.0795 -0.0030
vn -0.9716 -0.2364 -0.0089
vn -0.9716 -0.2364 0.0090
vn -0.9716 -0.2364 -0.0090
vn -0.9218 -0.3874 -0.0147
vn -0.9218 -0.3874 0.0147
vn -0.9716 -0.2351 -0.0268
vn -0.9218 -0.3851 -0.0439
vn -0.8487 -0.5255 -0.0599
vn -0.8487 -0.5285 -0.0200
vn -0.8487 -0.5285 0.0200
vn -0.7542 -0.6562 -0.0248
vn -0.7542 -0.6562 0.0249
vn -0.7541 -0.6562 0.0248
vn -0.6406 -0.7630 0.0870
vn -0.6406 -0.7674 0.0291
vn -0.7541 -0.6525 0.0744
vn -0.6406 -0.7629 0.0870
vn -0.6405 -0.7542 0.1444
vn -0.7541 -0.6450 0.1235
vn -0.6406 -0.7542 0.1445
vn -0.5111 -0.8388 0.1877
vn -0.5108 -0.8297 0.2251
vn -0.5222 -0.8376 0.1604
vn -0.6405 -0.7411 0.2011
vn -0.5109 -0.8297 0.2251
vn -0.0000 -0.9520 0.3062
vn -0.5111 -0.8182 0.2632
vn -0.0000 -0.9644 0.2644
vn -0.0075 -0.9651 0.2618
vn -0.0000 0.2139 0.9768
vn 0.0014 -0.9753 0.2208
vn -0.0000 -0.2139 -0.9769
vn -0.0000 -0.9768 0.2140
vn -0.0000 -0.9847 0.1743
vn -0.0000 -0.9789 0.2044
vn -0.0134 -0.9834 0.1812
vn -0.0377 -0.9935 0.1078
vn -0.0000 -0.9917 0.1286
vn -0.0000 -0.9915 0.1299
vn -0.5110 -0.8454 0.1558
vn -0.5111 -0.8524 0.1105
vn -0.0000 -0.9959 0.0910
vn -0.5111 -0.8560 0.0782
vn -0.5287 -0.8434 0.0962
vn -0.0000 -0.9959 0.0909
vn -0.0001 -0.9993 0.0378
vn -0.5108 -0.8591 0.0325
vn -0.5108 -0.8591 0.0326
vn -0.6406 -0.7673 -0.0291
vn -0.6406 -0.7674 -0.0291
vn -0.5108 -0.8591 -0.0326
vn -0.6406 -0.7630 -0.0870
vn -0.5108 -0.8591 -0.0325
vn -0.6406 -0.7629 -0.0870
vn -0.5109 -0.8541 -0.0974
vn -0.5402 -0.8345 -0.1082
vn -0.5111 -0.8560 -0.0782
vn -0.5110 -0.8454 -0.1558
vn -0.5222 -0.8376 -0.1604
vn -0.6406 -0.7542 -0.1444
vn -0.6405 -0.7542 -0.1445
vn -0.7542 -0.6450 -0.1235
vn -0.6405 -0.7411 -0.2011
vn -0.7542 -0.6338 -0.1720
vn -0.7541 -0.6338 -0.1720
vn -0.7541 -0.6190 -0.2194
vn -0.6406 -0.7238 -0.2565
vn -0.7542 -0.6189 -0.2194
vn -0.6406 -0.7411 -0.2011
vn -0.5111 -0.8182 -0.2632
vn -0.5236 -0.8030 -0.2846
vn -0.5109 -0.8297 -0.2251
vn -0.5108 -0.8297 -0.2251
vn -0.6405 -0.7238 -0.2566
vn -0.5110 -0.7910 -0.3365
vn -0.5282 -0.7766 -0.3434
vn -0.5109 -0.8078 -0.2939
vn -0.6405 -0.7023 -0.3106
vn -0.6406 -0.7023 -0.3106
vn 0.0067 -0.9397 -0.3419
vn -0.0040 -0.9209 -0.3898
vn -0.0068 -0.9202 -0.3914
vn -0.0000 -0.9125 -0.4090
vn -0.0000 0.3898 -0.9209
vn -0.0000 -0.9209 -0.3898
vn -0.0000 -0.3898 0.9209
vn 0.0040 -0.9209 -0.3898
vn -0.0067 -0.9397 -0.3419
vn -0.0000 -0.9388 -0.3444
vn 0.5109 -0.8078 -0.2939
vn 0.5108 -0.7862 -0.3477
vn 0.5379 -0.7757 -0.3300
vn 0.0068 -0.9202 -0.3915
vn 0.5111 -0.7776 -0.3662
vn -0.0000 -0.9047 -0.4260
vn 0.5109 -0.7577 -0.4061
vn 0.0245 -0.8811 -0.4723
vn -0.0000 -0.8867 -0.4623
vn -0.0000 -0.9047 -0.4261
vn -0.0826 -0.8650 -0.4949
vn 0.0040 -0.8814 -0.4724
vn -0.5108 -0.7577 -0.4062
vn -0.5111 -0.7776 -0.3662
vn -0.5108 -0.7577 -0.4061
vn -0.6406 -0.6768 -0.3628
vn -0.6406 -0.6474 -0.4129
vn -0.5133 -0.7236 -0.4615
vn -0.5111 -0.7413 -0.4351
vn -0.0000 -0.8596 -0.5110
vn -0.0000 -0.8624 -0.5062
vn -0.0104 -0.8424 -0.5388
vn -0.5109 -0.7242 -0.4632
vn 0.0321 -0.8332 -0.5521
vn -0.0000 -0.8336 -0.5524
vn -0.0000 0.5001 -0.8660
vn -0.0000 -0.8660 -0.5000
vn -0.0000 -0.5000 0.8660
vn -0.0011 -0.8680 -0.4966
vn 0.0958 -0.8556 -0.5087
vn -0.0000 -0.8424 -0.5388
vn 0.5109 -0.7242 -0.4632
vn 0.5111 -0.6984 -0.5010
vn 0.0044 -0.8125 -0.5829
vn -0.0321 -0.8332 -0.5521
vn 0.5291 -0.6789 -0.5091
vn 0.5110 -0.6790 -0.5272
vn -0.0000 -0.7899 -0.6133
vn -0.0000 -0.8054 -0.5928
vn 0.0153 -0.7953 -0.6061
vn -0.0000 -0.6026 0.7980
vn -0.0000 -0.7980 -0.6026
vn -0.0164 -0.8053 -0.5927
vn -0.0000 -0.8126 -0.5829
vn -0.0000 -0.7953 -0.6062
vn -0.0000 -0.7619 -0.6477
vn -0.0000 0.6027 -0.7980
vn 0.0291 -0.7559 -0.6541
vn -0.0089 -0.7898 -0.6132
vn -0.5427 -0.6635 -0.5151
vn -0.5109 -0.6501 -0.5625
vn -0.5108 -0.6878 -0.5158
vn -0.6406 -0.6143 -0.4607
vn -0.6406 -0.5777 -0.5058
vn -0.5205 -0.6424 -0.5625
vn -0.6406 -0.5777 -0.5059
vn -0.7541 -0.4600 -0.4687
vn -0.7542 -0.4600 -0.4687
vn -0.6406 -0.5378 -0.5481
vn -0.7541 -0.4941 -0.4326
vn -0.8487 -0.3704 -0.3775
vn -0.8487 -0.3979 -0.3484
vn -0.9218 -0.2916 -0.2554
vn -0.9218 -0.2715 -0.2767
vn -0.9716 -0.1525 -0.1809
vn -0.9716 -0.1657 -0.1689
vn -0.9218 -0.2498 -0.2964
vn -0.9716 -0.1383 -0.1919
vn -0.9218 -0.2267 -0.3145
vn -0.9716 -0.1234 -0.2018
vn -0.9968 -0.0465 -0.0645
vn -0.9968 -0.0415 -0.0679
vn -0.9968 -0.0362 -0.0708
vn -0.9716 -0.1078 -0.2106
vn -0.9968 -0.0308 -0.0733
vn -0.9716 -0.0916 -0.2181
vn -0.9218 -0.1500 -0.3574
vn -0.9218 -0.1766 -0.3451
vn -0.9218 -0.1766 -0.3450
vn -0.8487 -0.2410 -0.4708
vn -0.9218 -0.2022 -0.3307
vn -0.8487 -0.2759 -0.4512
vn -0.8487 -0.3092 -0.4290
vn -0.8487 -0.3408 -0.4044
vn -0.7542 -0.4232 -0.5022
vn -0.7542 -0.3840 -0.5327
vn -0.6406 -0.4948 -0.5872
vn -0.6406 -0.4490 -0.6230
vn -0.6405 -0.4949 -0.5872
vn -0.6405 -0.4490 -0.6230
vn -0.6405 -0.4006 -0.6551
vn -0.7542 -0.3426 -0.5602
vn -0.7541 -0.3426 -0.5603
vn -0.6406 -0.4006 -0.6551
vn -0.7541 -0.2993 -0.5846
vn -0.6406 -0.3499 -0.6835
vn -0.7541 -0.2542 -0.6055
vn -0.6406 -0.2972 -0.7080
vn -0.6406 -0.2972 -0.7081
vn -0.5109 -0.3898 -0.7662
vn -0.5110 -0.3484 -0.7858
vn -0.5449 -0.3106 -0.7788
vn -0.5109 -0.3327 -0.7927
vn -0.5156 -0.3904 -0.7627
vn -0.0000 -0.4868 -0.8735
vn -0.5111 -0.4184 -0.7508
vn -0.0000 -0.4590 -0.8884
vn -0.0148 -0.4533 -0.8912
vn -0.0000 -0.9085 0.4179
vn 0.0053 -0.4179 -0.9085
vn -0.0000 -0.4180 -0.9085
vn -0.0000 0.9084 -0.4180
vn -0.0000 -0.3958 -0.9184
vn 0.0148 -0.4179 -0.9084
vn 0.5292 -0.3284 -0.7823
vn 0.5110 -0.3184 -0.7984
vn -0.0000 -0.3704 -0.9289
vn -0.0124 -0.4053 -0.9141
vn 0.5110 -0.3484 -0.7858
vn 0.5109 -0.3898 -0.7662
vn 0.0148 -0.4533 -0.8912
vn 0.5156 -0.3904 -0.7627
vn 0.6405 -0.3499 -0.6836
vn 0.6406 -0.2972 -0.7081
vn 0.6406 -0.3499 -0.6836
vn 0.6406 -0.4006 -0.6551
vn 0.7542 -0.3426 -0.5602
vn 0.7542 -0.2992 -0.5846
vn 0.7542 -0.3840 -0.5327
vn 0.8487 -0.2759 -0.4512
vn 0.8487 -0.3092 -0.4290
vn 0.8487 -0.3408 -0.4044
vn 0.9218 -0.2498 -0.2964
vn 0.9218 -0.2267 -0.3145
vn 0.8487 -0.3704 -0.3775
vn 0.9218 -0.2715 -0.2767
vn 0.7542 -0.4232 -0.5022
vn 0.7542 -0.4599 -0.4687
vn 0.7542 -0.4600 -0.4687
vn 0.7542 -0.4941 -0.4326
vn 0.8487 -0.3979 -0.3484
vn 0.7542 -0.5254 -0.3940
vn 0.8487 -0.4231 -0.3173
vn 0.6406 -0.5777 -0.5059
vn 0.6406 -0.6143 -0.4607
vn 0.6405 -0.6144 -0.4607
vn 0.6405 -0.6475 -0.4129
vn 0.7542 -0.5537 -0.3531
vn 0.8487 -0.4459 -0.2844
vn 0.7542 -0.5788 -0.3102
vn 0.8487 -0.4661 -0.2499
vn 0.8487 -0.4837 -0.2139
vn 0.9218 -0.3417 -0.1831
vn 0.9218 -0.3545 -0.1568
vn 0.9716 -0.2164 -0.0957
vn 0.9218 -0.3654 -0.1295
vn 0.9716 -0.2230 -0.0790
vn 0.9716 -0.2230 -0.0791
vn 0.9716 -0.2284 -0.0620
vn 0.9968 -0.0749 -0.0266
vn 0.9968 -0.0767 -0.0208
vn 0.9716 -0.2324 -0.0445
vn 0.9968 -0.0781 -0.0150
vn 0.9716 -0.2351 -0.0268
vn 0.9968 -0.0790 -0.0090
vn 0.9968 -0.0794 -0.0030
vn 0.9968 -0.0795 0.0030
vn 0.9968 -0.0795 -0.0030
vn 0.9716 -0.2364 0.0090
vn 0.9968 -0.0794 0.0030
vn 0.9716 -0.2364 -0.0090
vn 0.9218 -0.3873 -0.0147
vn 0.9218 -0.3873 0.0147
vn 0.9218 -0.3851 0.0439
vn 0.9716 -0.2351 0.0268
vn 0.9968 -0.0790 0.0090
vn 0.9968 -0.0781 0.0150
vn 0.9716 -0.2324 0.0445
vn 0.9968 -0.0767 0.0208
vn 0.9968 -0.0749 0.0266
vn 0.9716 -0.2284 0.0620
vn 0.9716 -0.2230 0.0791
vn 0.9218 -0.3807 0.0729
vn 0.9218 -0.3741 0.1015
vn 0.8487 -0.5194 0.0995
vn 0.8487 -0.5104 0.1385
vn 0.8487 -0.4985 0.1767
vn 0.9218 -0.3654 0.1295
vn 0.9716 -0.2230 0.0790
vn 0.9218 -0.3545 0.1568
vn 0.9716 -0.2164 0.0957
vn 0.9716 -0.2085 0.1118
vn 0.9968 -0.0727 0.0322
vn 0.9968 -0.0701 0.0376
vn 0.9968 -0.0670 0.0428
vn 0.3413 0.8299 -0.4413
vn 0.3413 0.8833 -0.3215
vn 0.3413 0.7605 -0.5525
vn 0.3413 0.6762 -0.6529
vn 0.3413 0.7604 -0.5525
vn 0.9968 -0.0598 0.0524
vn 0.9968 -0.0636 0.0477
vn 0.9716 -0.1780 0.1559
vn 0.9716 -0.1893 0.1420
vn 0.9218 -0.3101 0.2325
vn 0.9218 -0.3101 0.2326
vn 0.9218 -0.2916 0.2554
vn 0.9218 -0.2715 0.2767
vn 0.9716 -0.1657 0.1689
vn 0.9968 -0.0557 0.0568
vn 0.9968 -0.0512 0.0608
vn 0.9716 -0.1525 0.1809
vn 0.9968 -0.0557 0.0567
vn 0.9716 -0.1384 0.1920
vn 0.9968 -0.0465 0.0645
vn 0.9968 -0.0415 0.0678
vn 0.9716 -0.1234 0.2019
vn 0.9968 -0.0362 0.0708
vn 0.9968 -0.0308 0.0733
vn 0.9968 -0.0251 0.0754
vn 0.9716 -0.0916 0.2182
vn 0.9716 -0.0748 0.2245
vn 0.9716 -0.0576 0.2295
vn 0.9968 -0.0194 0.0771
vn 0.9218 -0.1226 0.3677
vn 0.9218 -0.0944 0.3759
vn 0.9218 -0.0944 0.3760
vn 0.9218 -0.0657 0.3820
vn 0.9716 -0.0401 0.2332
vn 0.9968 -0.0075 0.0792
vn 0.9968 -0.0135 0.0784
vn 0.9716 -0.0224 0.2356
vn 0.3413 0.0982 -0.9348
vn 0.3413 0.2274 -0.9120
vn 0.3413 -0.0328 -0.9394
vn 0.9968 -0.0015 0.0795
vn 0.9968 0.0045 0.0794
vn 0.9716 -0.0045 0.2366
vn 0.9716 0.0134 0.2362
vn 0.9716 0.0313 0.2345
vn 0.9968 0.0105 0.0788
vn 0.9968 0.0164 0.0778
vn 0.9716 0.0489 0.2315
vn 0.9968 0.0223 0.0763
vn 0.9968 0.0280 0.0744
vn 0.9716 0.0833 0.2215
vn 0.9716 0.0663 0.2272
vn 0.9716 0.0663 0.2271
vn 0.9218 0.1086 0.3721
vn 0.9218 0.1364 0.3628
vn 0.9218 0.1634 0.3515
vn 0.9716 0.0998 0.2145
vn 0.9968 0.0389 0.0694
vn 0.9968 0.0335 0.0721
vn 0.9716 0.1157 0.2064
vn 0.9716 0.1310 0.1971
vn 0.9968 0.0440 0.0662
vn 0.9968 0.0489 0.0627
vn 0.3413 -0.5256 -0.7793
vn 0.3413 -0.4121 -0.8448
vn 0.3413 -0.4120 -0.8448
vn 0.9968 0.0535 0.0588
vn 0.9968 0.0578 0.0546
vn 0.9716 0.1592 0.1750
vn 0.9716 0.1720 0.1625
vn 0.9968 0.0618 0.0501
vn 0.9716 0.1838 0.1490
vn 0.9716 0.1945 0.1347
vn 0.9968 0.0654 0.0453
vn 0.9218 0.3011 0.2441
vn 0.9218 0.3187 0.2207
vn 0.9716 0.1946 0.1347
vn 0.9218 0.3344 0.1959
vn 0.9716 0.2042 0.1196
vn 0.9968 0.0686 0.0402
vn 0.9716 0.2126 0.1038
vn 0.9968 0.0714 0.0349
vn 0.3413 -0.8587 -0.3823
vn 0.3413 -0.7971 -0.4981
vn 0.3413 -0.7201 -0.6042
vn 0.3413 -0.9035 -0.2591
vn 0.9968 0.0759 0.0237
vn 0.9968 0.0739 0.0294
vn 0.9716 0.2199 0.0874
vn 0.9716 0.2258 0.0706
vn 0.9968 0.0775 0.0179
vn 0.9716 0.2259 0.0706
vn 0.9716 0.2305 0.0533
vn 0.9968 0.0786 0.0120
vn 0.9968 0.0793 0.0060
vn 0.9716 0.2339 0.0357
vn 0.9716 0.2359 0.0179
vn 0.9716 0.2366 -0.0000
vn 0.9968 0.0795 -0.0000
vn 0.9968 0.0793 -0.0060
vn 0.9218 0.3865 0.0293
vn 0.9218 0.3876 -0.0000
vn 0.9218 0.3865 -0.0293
vn 0.9716 0.2359 -0.0179
vn 0.9968 0.0786 -0.0120
vn 0.9716 0.2339 -0.0357
vn 0.9716 0.2305 -0.0533
vn 0.9968 0.0775 -0.0179
vn 0.9968 0.0759 -0.0237
vn 0.9716 0.2259 -0.0706
vn 0.9968 0.0739 -0.0294
vn 0.9968 0.0714 -0.0349
vn 0.9716 0.2199 -0.0874
vn 0.9716 0.2126 -0.1038
vn 0.9716 0.2042 -0.1196
vn 0.9968 0.0686 -0.0402
vn 0.9716 0.1945 -0.1347
vn 0.9968 0.0654 -0.0453
vn 0.9218 0.3345 -0.1959
vn 0.9218 0.3344 -0.1959
vn 0.9218 0.3187 -0.2206
vn 0.8487 0.4564 -0.2673
vn 0.8487 0.4348 -0.3011
vn 0.9218 0.3187 -0.2207
vn 0.8487 0.4563 -0.2673
vn 0.7542 0.5666 -0.3319
vn 0.7542 0.5399 -0.3738
vn 0.6405 0.6626 -0.3882
vn 0.6405 0.6314 -0.4372
vn 0.6406 0.6626 -0.3881
vn 0.7541 0.5399 -0.3739
vn 0.5108 0.7418 -0.4346
vn 0.5111 0.7601 -0.4013
vn 0.5213 0.7668 -0.3744
vn 0.6406 0.6900 -0.3369
vn 0.5109 0.7749 -0.3722
vn 0.5108 0.7988 -0.3177
vn 0.6406 0.7135 -0.2837
vn 0.6405 0.7136 -0.2838
vn 0.7541 0.6102 -0.2427
vn 0.7542 0.5901 -0.2881
vn 0.7541 0.5901 -0.2881
vn 0.7542 0.6102 -0.2427
vn 0.8487 0.4915 -0.1954
vn 0.8487 0.4753 -0.2320
vn 0.8487 0.4753 -0.2321
vn 0.9218 0.3483 -0.1701
vn 0.9218 0.3602 -0.1432
vn 0.8487 0.4914 -0.1954
vn 0.8487 0.5048 -0.1577
vn 0.9218 0.3700 -0.1156
vn 0.8487 0.5153 -0.1191
vn 0.8487 0.5153 -0.1190
vn 0.9218 0.3777 -0.0873
vn 0.8487 0.5228 -0.0798
vn 0.9218 0.3832 -0.0585
vn 0.8487 0.5273 -0.0400
vn 0.7541 0.6548 -0.0497
vn 0.8487 0.5288 -0.0000
vn 0.7541 0.6567 -0.0000
vn 0.7541 0.6549 0.0497
vn 0.7541 0.6548 0.0497
vn 0.8487 0.5273 0.0400
vn 0.7542 0.6491 0.0991
vn 0.7541 0.6492 0.0990
vn 0.8487 0.5228 0.0798
vn 0.7541 0.6399 0.1478
vn 0.7542 0.6398 0.1479
vn 0.8487 0.5153 0.1191
vn 0.9218 0.3832 0.0585
vn 0.9218 0.3777 0.0873
vn 0.8487 0.5048 0.1577
vn 0.9218 0.3700 0.1156
vn 0.8487 0.4915 0.1954
vn 0.8487 0.4914 0.1954
vn 0.9218 0.3602 0.1432
vn 0.8487 0.4753 0.2320
vn 0.9218 0.3483 0.1701
vn 0.8487 0.4563 0.2673
vn 0.8487 0.4564 0.2673
vn 0.9218 0.3345 0.1959
vn 0.7542 0.5666 0.3319
vn 0.8487 0.4348 0.3011
vn 0.7541 0.5399 0.3738
vn 0.7542 0.5399 0.3738
vn 0.7541 0.5101 0.4136
vn 0.8487 0.4108 0.3331
vn 0.7542 0.4773 0.4510
vn 0.7541 0.4774 0.4510
vn 0.8487 0.3844 0.3632
vn 0.7542 0.4419 0.4858
vn 0.7542 0.4418 0.4858
vn 0.8487 0.3559 0.3912
vn 0.9218 0.2817 0.2662
vn 0.9218 0.2608 0.2868
vn 0.9218 0.2818 0.2662
vn 0.8487 0.3253 0.4170
vn 0.9218 0.2384 0.3057
vn 0.8487 0.2928 0.4404
vn 0.9218 0.2146 0.3228
vn 0.9716 0.1310 0.1970
vn 0.9716 0.1455 0.1866
vn 0.8487 0.2586 0.4613
vn 0.9218 0.1895 0.3381
vn 0.8487 0.2230 0.4795
vn 0.8487 0.2230 0.4796
vn 0.9218 0.1896 0.3381
vn 0.7542 0.2769 0.5954
vn 0.8487 0.1861 0.4950
vn 0.7542 0.2311 0.6147
vn 0.7542 0.1839 0.6304
vn 0.8487 0.1481 0.5077
vn 0.7542 0.1357 0.6425
vn 0.8487 0.1093 0.5175
vn 0.7542 0.0867 0.6509
vn 0.8487 0.0699 0.5242
vn 0.8487 0.1093 0.5174
vn 0.9218 0.0801 0.3793
vn 0.9218 0.0512 0.3842
vn 0.9218 0.0801 0.3792
vn 0.8487 0.0699 0.5243
vn 0.8487 0.0300 0.5280
vn 0.9218 0.0220 0.3870
vn 0.8487 -0.0100 0.5288
vn 0.9218 -0.0073 0.3876
vn 0.8487 -0.0500 0.5265
vn 0.9218 -0.0366 0.3859
vn 0.8487 -0.0896 0.5212
vn 0.7542 -0.1113 0.6472
vn 0.8487 -0.1288 0.5130
vn 0.7541 -0.1599 0.6369
vn 0.7542 -0.1599 0.6369
vn 0.7542 -0.2077 0.6230
vn 0.8487 -0.1672 0.5017
vn 0.8487 -0.1288 0.5129
vn 0.7542 -0.2542 0.6055
vn 0.8487 -0.2047 0.4877
vn 0.7542 -0.2992 0.5845
vn 0.7542 -0.2992 0.5846
vn 0.8487 -0.2410 0.4708
vn 0.9218 -0.1500 0.3574
vn 0.9218 -0.1766 0.3450
vn 0.8487 -0.2759 0.4512
vn 0.9218 -0.2022 0.3307
vn 0.9716 -0.1078 0.2106
vn 0.8487 -0.3092 0.4291
vn 0.8487 -0.3092 0.4290
vn 0.9218 -0.2266 0.3145
vn 0.8487 -0.3408 0.4044
vn 0.9218 -0.2498 0.2964
vn 0.9218 -0.2266 0.3144
vn 0.8487 -0.3704 0.3775
vn 0.7542 -0.4599 0.4687
vn 0.8487 -0.3979 0.3484
vn 0.7542 -0.4941 0.4326
vn 0.7542 -0.5254 0.3940
vn 0.8487 -0.4231 0.3173
vn 0.7542 -0.5537 0.3531
vn 0.8487 -0.4459 0.2844
vn 0.7542 -0.5788 0.3102
vn 0.8487 -0.4661 0.2499
vn 0.9218 -0.3268 0.2084
vn 0.9218 -0.3416 0.1831
vn 0.8487 -0.4837 0.2139
vn 0.9218 -0.3417 0.1831
vn 0.7542 -0.6189 0.2194
vn 0.7542 -0.6006 0.2656
vn 0.7541 -0.6190 0.2194
vn 0.6406 -0.7411 0.2011
vn 0.6406 -0.7238 0.2565
vn 0.6405 -0.7411 0.2011
vn 0.7541 -0.6338 0.1720
vn 0.5108 -0.8297 0.2251
vn 0.5111 -0.8388 0.1877
vn 0.5222 -0.8376 0.1604
vn 0.6405 -0.7542 0.1445
vn 0.5110 -0.8454 0.1558
vn 0.5109 -0.8541 0.0974
vn 0.6406 -0.7630 0.0870
vn 0.6406 -0.7542 0.1444
vn 0.6405 -0.7630 0.0870
vn 0.7541 -0.6525 0.0744
vn 0.7542 -0.6450 0.1235
vn 0.7541 -0.6450 0.1236
vn 0.6405 -0.7674 0.0291
vn 0.6406 -0.7674 0.0291
vn 0.7542 -0.6562 0.0249
vn 0.7542 -0.6525 0.0744
vn 0.5108 -0.8591 0.0326
vn 0.5108 -0.8591 -0.0325
vn 0.5108 -0.8591 -0.0326
vn 0.6405 -0.7674 -0.0291
vn 0.5111 -0.8560 -0.0782
vn 0.5287 -0.8434 -0.0962
vn 0.6405 -0.7630 -0.0870
vn 0.5222 -0.8376 -0.1604
vn 0.5110 -0.8454 -0.1558
vn 0.6406 -0.7542 -0.1445
vn 0.5111 -0.8524 -0.1105
vn 0.6406 -0.7629 -0.0870
vn 0.6405 -0.7542 -0.1444
vn 0.7541 -0.6450 -0.1235
vn 0.7542 -0.6525 -0.0744
vn 0.7541 -0.6525 -0.0744
vn 0.7542 -0.6562 -0.0248
vn 0.8487 -0.5285 -0.0200
vn 0.8487 -0.5255 -0.0599
vn 0.8487 -0.5285 0.0200
vn 0.7542 -0.6562 -0.0249
vn 0.7542 -0.6562 0.0248
vn 0.7542 -0.6449 -0.1236
vn 0.8487 -0.5194 -0.0995
vn 0.9218 -0.3807 -0.0729
vn 0.9218 -0.3851 -0.0439
vn 0.8487 -0.5104 -0.1385
vn 0.9218 -0.3741 -0.1015
vn 0.7542 -0.6189 -0.2194
vn 0.7541 -0.6190 -0.2194
vn 0.7541 -0.6338 -0.1720
vn 0.8487 -0.4985 -0.1767
vn 0.7542 -0.6006 -0.2656
vn 0.6405 -0.7023 -0.3106
vn 0.6406 -0.6768 -0.3628
vn 0.5108 -0.7577 -0.4061
vn 0.5111 -0.7413 -0.4351
vn 0.5133 -0.7236 -0.4615
vn 0.6406 -0.6474 -0.4129
vn 0.6405 -0.7238 -0.2566
vn 0.6406 -0.7238 -0.2566
vn 0.6406 -0.7411 -0.2011
vn 0.7542 -0.6338 -0.1720
vn 0.5109 -0.8297 -0.2251
vn 0.5111 -0.8182 -0.2632
vn 0.5236 -0.8030 -0.2846
vn 0.6405 -0.7412 -0.2011
vn -0.0046 -0.9519 -0.3062
vn 0.0285 -0.9647 -0.2617
vn 0.0075 -0.9618 -0.2736
vn 0.5108 -0.8297 -0.2251
vn 0.5111 -0.8388 -0.1877
vn -0.0000 -0.9759 -0.2184
vn -0.0000 -0.9704 -0.2413
vn -0.0000 -0.9533 -0.3020
vn -0.0000 0.2736 -0.9618
vn -0.0000 -0.2737 0.9618
vn -0.0000 -0.9618 -0.2736
vn -0.0449 -0.9609 -0.2734
vn 0.0046 -0.9519 -0.3062
vn -0.0119 -0.9650 -0.2618
vn 0.0087 -0.9917 -0.1286
vn -0.0216 -0.9832 -0.1812
vn -0.0000 -0.9926 -0.1216
vn -0.0000 -0.1534 0.9882
vn 0.0644 -0.9861 -0.1530
vn -0.0000 -0.9882 -0.1534
vn 0.0055 -0.9882 -0.1534
vn -0.0165 -0.9833 -0.1812
vn -0.0000 -0.9816 -0.1907
vn -0.0000 0.1535 -0.9882
vn -0.0087 -0.9917 -0.1286
vn -0.0000 -0.9959 -0.0910
vn 0.0174 -0.9991 -0.0378
vn 0.0351 -0.9989 -0.0307
vn -0.0000 0.0307 -0.9995
vn -0.0000 -0.0308 0.9995
vn -0.0000 -0.9995 -0.0308
vn -0.0134 -0.9994 -0.0307
vn -0.0000 -1.0000 -0.0070
vn -0.0270 -0.9989 -0.0378
vn 0.5108 -0.8591 0.0325
vn 0.0001 -0.9993 0.0378
vn -0.0000 -0.9993 0.0378
vn -0.0000 -0.0923 -0.9957
vn -0.0000 0.0923 0.9957
vn -0.0000 -0.9957 0.0923
vn -0.0000 -0.9942 0.1078
vn 0.5402 -0.8345 0.1082
vn 0.0022 -0.9917 0.1286
vn 0.5111 -0.8560 0.0782
vn 0.8487 -0.5255 0.0599
vn -0.0000 -0.9834 0.1812
vn -0.0000 -0.9759 0.2184
vn 0.0585 -0.9772 0.2040
vn -0.0014 -0.9753 0.2208
vn 0.5109 -0.8297 0.2251
vn 0.0075 -0.9651 0.2618
vn 0.7542 -0.6338 0.1719
vn 0.5236 -0.8030 0.2846
vn 0.6405 -0.7238 0.2566
vn 0.5111 -0.8182 0.2632
vn 0.5109 -0.8078 0.2939
vn 0.0167 -0.9396 0.3419
vn -0.0000 -0.9490 0.3153
vn 0.0019 -0.9432 0.3323
vn -0.0325 -0.9197 0.3912
vn -0.0000 -0.9246 0.3809
vn -0.0000 0.3324 0.9431
vn -0.0000 -0.9431 0.3324
vn -0.0262 -0.9428 0.3322
vn -0.0029 -0.9397 0.3419
vn -0.0000 -0.3324 -0.9432
vn 0.0325 -0.9197 0.3912
vn -0.5379 -0.7757 0.3300
vn -0.5109 -0.8078 0.2939
vn -0.5108 -0.7862 0.3477
vn -0.5108 -0.7577 0.4062
vn -0.5111 -0.7776 0.3662
vn -0.6406 -0.7023 0.3106
vn -0.6406 -0.6768 0.3628
vn -0.6405 -0.7023 0.3106
vn -0.5108 -0.7577 0.4061
vn -0.6406 -0.6474 0.4129
vn -0.5111 -0.7413 0.4351
vn -0.5133 -0.7236 0.4615
vn -0.5109 -0.7242 0.4632
vn -0.5111 -0.6984 0.5010
vn -0.5291 -0.6789 0.5091
vn -0.6405 -0.6144 0.4607
vn -0.6405 -0.6474 0.4129
vn -0.6406 -0.6143 0.4607
vn -0.7541 -0.5254 0.3940
vn -0.7541 -0.5537 0.3531
vn -0.7542 -0.5537 0.3531
vn -0.6406 -0.5777 0.5059
vn -0.7541 -0.4941 0.4326
vn -0.8487 -0.3979 0.3484
vn -0.8487 -0.4231 0.3173
vn -0.8487 -0.4459 0.2844
vn -0.9218 -0.3101 0.2326
vn -0.9218 -0.3268 0.2084
vn -0.9218 -0.3268 0.2085
vn -0.9218 -0.3417 0.1831
vn -0.9716 -0.2085 0.1118
vn -0.9716 -0.1995 0.1272
vn -0.9716 -0.2164 0.0957
vn -0.9218 -0.3545 0.1568
vn -0.9218 -0.3546 0.1568
vn -0.8487 -0.4837 0.2139
vn -0.8487 -0.4661 0.2499
vn -0.7542 -0.6006 0.2656
vn -0.7542 -0.5788 0.3102
vn -0.8487 -0.4985 0.1767
vn -0.7542 -0.6189 0.2194
vn -0.8487 -0.4984 0.1767
vn -0.9218 -0.3654 0.1295
vn -0.8487 -0.5104 0.1385
vn -0.9218 -0.3741 0.1015
vn -0.9218 -0.3807 0.0729
vn -0.8487 -0.5194 0.0995
vn -0.8487 -0.5255 0.0599
vn -0.9218 -0.3851 0.0439
vn -0.7541 -0.6338 0.1720
vn -0.7542 -0.6338 0.1720
vn -0.7542 -0.6450 0.1236
vn -0.7541 -0.6190 0.2194
vn -0.6406 -0.7411 0.2011
vn -0.6405 -0.7238 0.2565
vn -0.6406 -0.7238 0.2566
vn -0.9716 -0.2324 0.0445
vn -0.9716 -0.2283 0.0620
vn -0.9716 -0.2230 0.0790
vn -0.9968 -0.0728 0.0322
vn -0.9968 -0.0750 0.0266
vn -0.9968 -0.0701 0.0376
vn -0.9968 -0.0671 0.0428
vn -0.9716 -0.1893 0.1419
vn -0.9968 -0.0636 0.0477
vn -0.9218 -0.2916 0.2554
vn -0.9716 -0.1780 0.1559
vn -0.9218 -0.2917 0.2554
vn -0.9218 -0.2715 0.2767
vn -0.8487 -0.3704 0.3775
vn -0.8487 -0.3408 0.4044
vn -0.9218 -0.2498 0.2964
vn -0.8487 -0.3093 0.4291
vn -0.7542 -0.3840 0.5327
vn -0.7542 -0.4232 0.5022
vn -0.6406 -0.4490 0.6230
vn -0.6406 -0.4948 0.5872
vn -0.6405 -0.4490 0.6230
vn -0.7542 -0.4599 0.4687
vn -0.7541 -0.4600 0.4687
vn -0.6405 -0.5379 0.5481
vn -0.6405 -0.4949 0.5872
vn -0.5111 -0.5723 0.6413
vn -0.5108 -0.6021 0.6136
vn -0.6406 -0.5378 0.5481
vn -0.5249 -0.5485 0.6509
vn -0.0000 -0.6370 0.7708
vn -0.0000 -0.6602 0.7511
vn -0.5110 -0.5476 0.6626
vn -0.0011 -0.6658 0.7461
vn 0.0056 -0.6737 0.7390
vn -0.0000 0.7390 0.6737
vn -0.0000 -0.7067 0.7075
vn -0.0208 -0.7002 0.7136
vn -0.0000 -0.7390 -0.6737
vn -0.0000 -0.6737 0.7390
vn 0.1058 -0.6699 0.7349
vn -0.0000 -0.7308 0.6826
vn -0.5111 -0.6281 0.5867
vn -0.5109 -0.6021 0.6136
vn 0.5111 -0.6281 0.5867
vn 0.5205 -0.6424 0.5625
vn 0.5109 -0.6501 0.5625
vn 0.0179 -0.7561 0.6543
vn -0.0000 -0.7417 0.6708
vn -0.0000 0.6506 0.7594
vn -0.0219 -0.7592 0.6505
vn -0.0000 -0.7867 0.6173
vn -0.0000 -0.6507 -0.7594
vn 0.0108 -0.7898 0.6132
vn -0.0113 -0.7561 0.6543
vn -0.0000 -0.7594 0.6506
vn -0.5110 -0.6790 0.5272
vn -0.5109 -0.6501 0.5625
vn -0.0108 -0.7898 0.6132
vn 0.0093 -0.7593 0.6506
vn 0.5427 -0.6635 0.5151
vn 0.5111 -0.6984 0.5010
vn -0.0028 -0.8125 0.5829
vn -0.0000 -0.8136 0.5814
vn -0.0027 -0.8336 0.5524
vn 0.0028 -0.8125 0.5829
vn -0.0000 0.5523 0.8336
vn -0.0000 -0.8336 0.5524
vn 0.0503 -0.8325 0.5517
vn -0.0000 -0.8523 0.5231
vn -0.0000 -0.5524 -0.8336
vn 0.5109 -0.7242 0.4632
vn 0.5133 -0.7236 0.4615
vn 0.0051 -0.8424 0.5388
vn 0.5111 -0.7413 0.4351
vn -0.0000 -0.8624 0.5062
vn 0.5108 -0.7577 0.4062
vn 0.0253 -0.8811 0.4723
vn -0.0000 -0.8755 0.4832
vn -0.0044 -0.8952 0.4457
vn -0.0000 0.4457 0.8952
vn -0.0000 -0.8952 0.4458
vn -0.0000 -0.4457 -0.8952
vn -0.0035 -0.9047 0.4261
vn 0.0153 -0.8813 0.4724
vn -0.0000 -0.9066 0.4220
vn -0.0869 -0.8918 0.4441
vn 0.0035 -0.9047 0.4261
vn 0.5108 -0.7577 0.4061
vn 0.5111 -0.7776 0.3662
vn 0.6405 -0.6768 0.3628
vn 0.5282 -0.7766 0.3434
vn 0.6405 -0.7023 0.3106
vn 0.6405 -0.6475 0.4130
vn 0.6405 -0.6474 0.4129
vn -0.0269 -0.8421 0.5386
vn 0.6405 -0.6144 0.4607
vn 0.6406 -0.6143 0.4607
vn 0.5108 -0.6878 0.5158
vn 0.6405 -0.5777 0.5059
vn 0.6406 -0.5777 0.5059
vn 0.5109 -0.6021 0.6136
vn 0.6405 -0.5379 0.5481
vn 0.6405 -0.4949 0.5872
vn 0.7542 -0.4232 0.5022
vn 0.6406 -0.4949 0.5872
vn 0.6406 -0.4490 0.6230
vn 0.7542 -0.3840 0.5327
vn 0.6405 -0.4006 0.6552
vn 0.7542 -0.3426 0.5602
vn 0.6405 -0.4490 0.6230
vn 0.5109 -0.4485 0.7334
vn 0.6405 -0.4006 0.6551
vn 0.5111 -0.4850 0.7096
vn 0.5274 -0.4968 0.6892
vn 0.0033 -0.5642 0.8256
vn 0.5110 -0.5115 0.6908
vn -0.0000 -0.5951 0.8037
vn -0.0000 -0.5694 0.8221
vn 0.0297 -0.5829 0.8120
vn -0.0000 0.8162 0.5778
vn -0.0000 -0.5778 0.8162
vn -0.0000 -0.8162 -0.5778
vn -0.0000 -0.5832 0.8124
vn -0.0000 -0.5642 0.8256
vn -0.0065 -0.5694 0.8220
vn 0.0022 -0.5217 0.8531
vn -0.5109 -0.4485 0.7334
vn 0.0195 -0.5263 0.8501
vn -0.5111 -0.4850 0.7096
vn -0.0002 -0.4860 0.8740
vn -0.0000 -0.5264 0.8502
vn -0.0000 -0.8810 -0.4730
vn -0.0000 -0.4731 0.8810
vn -0.0579 -0.4707 0.8804
vn -0.0000 -0.4400 0.8980
vn -0.0000 0.8811 0.4730
vn -0.0000 -0.4715 0.8819
vn 0.0245 -0.4533 0.8910
vn 0.5110 -0.3484 0.7858
vn 0.5109 -0.3898 0.7662
vn -0.0000 -0.4053 0.9142
vn -0.0070 -0.3704 0.9288
vn -0.5110 -0.3184 0.7984
vn -0.0000 -0.3829 0.9238
vn -0.5292 -0.3284 0.7823
vn -0.5110 -0.3484 0.7858
vn -0.5109 -0.3898 0.7662
vn -0.5156 -0.3904 0.7627
vn -0.6406 -0.2972 0.7081
vn -0.6406 -0.3499 0.6836
vn -0.6405 -0.3499 0.6836
vn -0.6405 -0.4006 0.6551
vn -0.7542 -0.2992 0.5846
vn -0.7542 -0.3426 0.5602
vn -0.7541 -0.2993 0.5846
vn -0.8487 -0.2410 0.4708
vn -0.8487 -0.2759 0.4512
vn -0.7541 -0.2542 0.6055
vn -0.8487 -0.2047 0.4877
vn -0.7541 -0.2077 0.6230
vn -0.8487 -0.1672 0.5017
vn -0.9218 -0.1226 0.3678
vn -0.9218 -0.1500 0.3574
vn -0.9218 -0.1766 0.3451
vn -0.9716 -0.0916 0.2181
vn -0.9716 -0.1078 0.2106
vn -0.9716 -0.1234 0.2018
vn -0.9968 -0.0415 0.0679
vn -0.9968 -0.0362 0.0708
vn -0.9968 -0.0465 0.0645
vn -0.9716 -0.1383 0.1919
vn -0.9218 -0.2267 0.3145
vn -0.9218 -0.2022 0.3307
vn -0.9716 -0.1525 0.1809
vn -0.9716 -0.1657 0.1689
vn -0.9968 -0.0513 0.0608
vn -0.9968 -0.0557 0.0568
vn -0.9968 -0.0598 0.0524
vn -0.3413 0.7605 -0.5525
vn -0.3413 0.6762 -0.6529
vn -0.3413 0.6762 -0.6530
vn -0.3413 0.5787 -0.7407
vn -0.3413 0.4700 -0.8140
vn -0.3413 0.3521 -0.8715
vn -0.9968 -0.0308 0.0733
vn -0.9716 -0.0748 0.2244
vn -0.9968 -0.0252 0.0755
vn -0.9716 -0.0576 0.2295
vn -0.9968 -0.0194 0.0771
vn -0.3413 0.2274 -0.9120
vn -0.3413 0.0982 -0.9348
vn -0.3413 -0.0328 -0.9394
vn -0.9968 -0.0075 0.0792
vn -0.9968 -0.0015 0.0795
vn -0.9716 -0.0045 0.2365
vn -0.9716 0.0134 0.2362
vn -0.9968 0.0045 0.0794
vn -0.9716 0.0313 0.2345
vn -0.9218 0.0512 0.3842
vn -0.9218 0.0512 0.3843
vn -0.9218 0.0220 0.3870
vn -0.8487 0.0699 0.5242
vn -0.8487 0.0699 0.5243
vn -0.8487 0.0300 0.5280
vn -0.8487 -0.0100 0.5288
vn -0.9218 -0.0073 0.3876
vn -0.9218 -0.0366 0.3859
vn -0.8487 -0.0500 0.5265
vn -0.7542 -0.0620 0.6538
vn -0.7542 -0.0124 0.6566
vn -0.7541 -0.0124 0.6566
vn -0.6406 0.0436 0.7667
vn -0.6405 -0.0145 0.7678
vn -0.7541 0.0373 0.6556
vn -0.6405 0.0436 0.7667
vn -0.5109 0.0521 0.8581
vn -0.5109 0.1135 0.8521
vn -0.5177 0.0486 0.8542
vn -0.6405 0.1014 0.7612
vn -0.5167 0.1770 0.8377
vn -0.6406 0.1587 0.7513
vn -0.5109 0.1750 0.8417
vn -0.5110 0.1299 0.8497
vn -0.6406 0.1014 0.7612
vn -0.5461 0.0952 0.8323
vn -0.0063 0.1136 0.9935
vn -0.0000 0.1195 0.9928
vn -0.0000 0.1511 0.9885
vn -0.0227 0.1361 0.9904
vn -0.0000 0.9924 -0.1229
vn -0.0000 0.1229 0.9924
vn -0.0190 0.0606 0.9980
vn 0.0091 0.1195 0.9928
vn -0.0000 0.0665 0.9978
vn -0.0000 -0.9924 0.1229
vn 0.5109 0.0521 0.8581
vn 0.5177 0.0486 0.8542
vn 0.5111 0.0195 0.8593
vn -0.0004 0.0226 0.9997
vn -0.0000 0.0217 0.9998
vn -0.0016 -0.0000 1.0000
vn 0.0004 0.0226 0.9997
vn -0.0000 1.0000 -0.0000
vn -0.0000 -0.0000 1.0000
vn -0.0000 -1.0000 -0.0000
vn -0.0000 -0.0368 0.9993
vn 0.0592 -0.0000 0.9982
vn 0.5108 -0.0163 0.8595
vn 0.5111 -0.0587 0.8575
vn -0.0000 -0.0683 0.9977
vn 0.0033 -0.0189 0.9998
vn -0.5111 -0.0587 0.8575
vn -0.0288 -0.0189 0.9994
vn -0.5108 -0.0163 0.8595
vn -0.6406 -0.0726 0.7645
vn -0.6406 -0.0145 0.7678
vn -0.5330 -0.0896 0.8413
vn -0.5108 -0.0812 0.8558
vn 0.0091 -0.1060 0.9943
vn -0.0070 -0.1587 0.9873
vn -0.5110 -0.1365 0.8487
vn -0.0000 -0.1624 0.9867
vn 0.0188 -0.1959 0.9804
vn -0.5111 -0.1684 0.8429
vn -0.0000 -0.2065 0.9784
vn -0.5260 -0.1442 0.8382
vn 0.5319 -0.1344 0.8361
vn 0.0070 -0.1587 0.9873
vn 0.5111 -0.1684 0.8429
vn -0.0188 -0.1959 0.9804
vn 0.5109 -0.2094 0.8338
vn 0.0234 -0.2435 0.9696
vn 0.5108 -0.2094 0.8338
vn 0.5111 -0.2445 0.8240
vn -0.0124 -0.2844 0.9586
vn 0.0227 -0.2438 0.9695
vn -0.0000 -0.2745 0.9616
vn -0.0000 -0.9698 -0.2438
vn -0.0000 0.9698 0.2439
vn -0.0000 -0.2439 0.9698
vn 0.0124 -0.2844 0.9586
vn -0.0230 -0.2435 0.9696
vn -0.0237 -0.2438 0.9695
vn -0.5108 -0.2094 0.8338
vn -0.5111 -0.2444 0.8240
vn -0.5109 -0.2094 0.8338
vn -0.5186 -0.2703 0.8111
vn -0.6406 -0.2428 0.7285
vn -0.6406 -0.1870 0.7448
vn -0.0000 -0.3173 0.9483
vn -0.0081 -0.3204 0.9472
vn -0.5109 -0.2755 0.8143
vn 0.0037 -0.3612 0.9325
vn -0.0000 0.9325 0.3612
vn -0.0000 -0.3612 0.9325
vn -0.0000 -0.9325 -0.3612
vn 0.0081 -0.3204 0.9472
vn -0.0037 -0.3612 0.9325
vn 0.5109 -0.2755 0.8143
vn 0.5108 -0.3327 0.7927
vn 0.5449 -0.3106 0.7788
vn 0.0070 -0.3704 0.9288
vn 0.5186 -0.2703 0.8111
vn 0.6405 -0.2428 0.7285
vn 0.6406 -0.2972 0.7080
vn 0.6406 -0.2428 0.7285
vn 0.6405 -0.1870 0.7448
vn 0.5108 -0.1457 0.8472
vn 0.6405 -0.1302 0.7568
vn 0.6405 -0.0726 0.7645
vn 0.7542 -0.0620 0.6537
vn 0.6406 -0.0726 0.7645
vn 0.6406 -0.0145 0.7678
vn 0.7542 -0.0124 0.6566
vn 0.6405 0.0436 0.7667
vn 0.7542 0.0373 0.6556
vn 0.6405 -0.0145 0.7678
vn 0.5265 -0.0803 0.8464
vn 0.5110 -0.0911 0.8548
vn 0.0139 -0.1059 0.9943
vn -0.0039 -0.1229 0.9924
vn -0.0000 -0.0930 0.9957
vn -0.0000 0.9924 0.1229
vn -0.0000 -0.1229 0.9924
vn -0.0000 -0.9924 -0.1230
vn -0.0322 -0.1228 0.9919
vn -0.6406 -0.1302 0.7568
vn -0.7542 -0.1113 0.6472
vn -0.7542 -0.1599 0.6369
vn -0.7541 -0.1600 0.6369
vn -0.8487 -0.0896 0.5212
vn -0.8487 -0.1288 0.5130
vn -0.8487 -0.1288 0.5129
vn -0.9218 -0.0657 0.3820
vn -0.9218 -0.0944 0.3760
vn -0.5111 0.0195 0.8593
vn 0.5293 0.1121 0.8410
vn 0.6406 0.1014 0.7612
vn 0.5111 0.0977 0.8540
vn 0.6405 0.1014 0.7612
vn 0.5110 0.1299 0.8497
vn 0.0042 0.1512 0.9885
vn -0.0000 0.1136 0.9935
vn -0.0000 0.1361 0.9907
vn 0.5109 0.1750 0.8417
vn -0.0363 0.1836 0.9823
vn 0.0824 0.2316 0.9693
vn -0.0000 0.2035 0.9791
vn 0.5111 0.2066 0.8343
vn -0.0000 0.2404 0.9707
vn 0.5167 0.1770 0.8377
vn 0.5109 0.2408 0.8253
vn 0.6406 0.2151 0.7372
vn 0.6405 0.1587 0.7513
vn 0.6405 0.2151 0.7372
vn 0.5108 0.3025 0.8047
vn 0.6405 0.2702 0.7188
vn 0.5342 0.3071 0.7876
vn 0.5111 0.2817 0.8121
vn 0.5108 0.2408 0.8253
vn 0.6406 0.2702 0.7188
vn -0.0000 0.3278 0.9448
vn 0.0202 0.2800 0.9598
vn -0.0000 0.2883 0.9575
vn -0.0000 0.9698 -0.2438
vn -0.0022 0.2487 0.9686
vn -0.0000 0.2439 0.9698
vn -0.0000 -0.9698 0.2439
vn -0.0000 0.2324 0.9726
vn 0.0106 0.2801 0.9599
vn -0.0964 0.2476 0.9641
vn -0.5111 0.2066 0.8343
vn -0.5109 0.2408 0.8252
vn 0.0363 0.1836 0.9823
vn -0.0119 0.2035 0.9790
vn -0.0000 0.1837 0.9830
vn -0.0000 0.1838 0.9830
vn -0.5111 0.2817 0.8121
vn -0.5108 0.2408 0.8253
vn -0.6405 0.2151 0.7372
vn -0.5270 0.2991 0.7955
vn -0.6406 0.2702 0.7188
vn -0.6406 0.2151 0.7372
vn -0.6405 0.1587 0.7513
vn -0.7541 0.1357 0.6425
vn -0.7541 0.1839 0.6304
vn -0.8487 0.1093 0.5174
vn -0.8487 0.1093 0.5175
vn -0.8487 0.1481 0.5077
vn -0.9218 0.0801 0.3793
vn -0.9218 0.1086 0.3721
vn -0.8487 0.1861 0.4950
vn -0.9218 0.1364 0.3629
vn -0.9716 0.0832 0.2214
vn -0.9716 0.0663 0.2271
vn -0.9968 0.0223 0.0764
vn -0.9968 0.0164 0.0778
vn -0.9716 0.0489 0.2315
vn -0.9968 0.0105 0.0788
vn -0.3413 -0.1632 -0.9257
vn -0.3413 -0.2905 -0.8940
vn -0.3413 -0.4121 -0.8448
vn -0.3413 -0.4120 -0.8448
vn -0.9968 0.0335 0.0721
vn -0.9968 0.0280 0.0745
vn -0.9716 0.0998 0.2145
vn -0.9218 0.1635 0.3515
vn -0.9218 0.1896 0.3381
vn -0.9716 0.1157 0.2063
vn -0.8487 0.2928 0.4404
vn -0.8487 0.2586 0.4613
vn -0.9218 0.2146 0.3228
vn -0.9218 0.2384 0.3057
vn -0.9218 0.2146 0.3229
vn -0.8487 0.3253 0.4170
vn -0.7541 0.4039 0.5178
vn -0.7541 0.4419 0.4858
vn -0.7542 0.4419 0.4858
vn -0.8487 0.3559 0.3912
vn -0.7541 0.4774 0.4510
vn -0.7542 0.4773 0.4510
vn -0.8487 0.3844 0.3632
vn -0.9218 0.2818 0.2662
vn -0.9218 0.2608 0.2868
vn -0.9716 0.1455 0.1865
vn -0.9716 0.1592 0.1750
vn -0.9968 0.0489 0.0627
vn -0.9968 0.0440 0.0662
vn -0.9716 0.1310 0.1970
vn -0.9968 0.0389 0.0694
vn -0.9716 0.1157 0.2064
vn -0.3413 -0.5256 -0.7793
vn -0.3413 -0.6290 -0.6985
vn -0.3413 -0.7201 -0.6042
vn -0.9968 0.0535 0.0588
vn -0.9968 0.0578 0.0546
vn -0.9716 0.1720 0.1625
vn -0.9218 0.3011 0.2442
vn -0.9716 0.1838 0.1490
vn -0.9218 0.3011 0.2441
vn -0.9218 0.3187 0.2207
vn -0.8487 0.4348 0.3011
vn -0.8487 0.4108 0.3331
vn -0.7542 0.5399 0.3738
vn -0.7541 0.5399 0.3739
vn -0.7541 0.5101 0.4136
vn -0.6406 0.6313 0.4371
vn -0.6406 0.5964 0.4836
vn -0.6405 0.6313 0.4372
vn -0.5108 0.7068 0.4894
vn -0.5108 0.7418 0.4345
vn -0.5111 0.7205 0.4687
vn -0.5282 0.6937 0.4896
vn -0.6405 0.6626 0.3882
vn -0.0000 0.8843 0.4668
vn -0.0000 0.8627 0.5058
vn -0.5111 0.7601 0.4013
vn 0.0011 0.8629 0.5054
vn -0.0000 0.5524 -0.8336
vn -0.0002 0.8381 0.5455
vn -0.0000 -0.5523 0.8336
vn -0.0000 0.8336 0.5523
vn -0.0000 0.8382 0.5453
vn 0.0002 0.8381 0.5455
vn -0.0000 0.8170 0.5766
vn 0.0483 0.8278 0.5589
vn 0.5109 0.7023 0.4957
vn 0.5108 0.6678 0.5415
vn 0.5366 0.6625 0.5226
vn 0.0006 0.7852 0.6193
vn -0.0000 0.8123 0.5833
vn -0.0000 0.7853 0.6191
vn -0.0000 0.7694 0.6388
vn -0.0000 0.6506 -0.7594
vn -0.0000 0.7594 0.6506
vn -0.0491 0.7684 0.6381
vn -0.0000 0.7852 0.6193
vn 0.0032 0.7593 0.6508
vn -0.0000 0.7612 0.6485
vn -0.5110 0.6543 0.5574
vn -0.5109 0.6749 0.5324
vn -0.5277 0.6598 0.5350
vn -0.5108 0.6249 0.5904
vn -0.6406 0.5582 0.5274
vn -0.6406 0.5582 0.5273
vn -0.5111 0.6009 0.6146
vn -0.5145 0.5770 0.6344
vn -0.6406 0.5167 0.5681
vn -0.6406 0.5167 0.5680
vn -0.6406 0.4723 0.6055
vn -0.6405 0.4723 0.6055
vn -0.5108 0.5287 0.6779
vn -0.5109 0.5772 0.6370
vn -0.5438 0.5045 0.6706
vn -0.5111 0.5424 0.6668
vn 0.0254 0.6308 0.7755
vn -0.0000 0.6396 0.7687
vn -0.0000 0.6045 0.7966
vn -0.0055 0.6012 0.7991
vn 0.5111 0.5424 0.6668
vn 0.5292 0.5218 0.6691
vn -0.0255 0.6308 0.7755
vn 0.5110 0.5168 0.6869
vn 0.0055 0.6012 0.7991
vn -0.0121 0.5578 0.8299
vn -0.0000 0.8162 -0.5778
vn 0.0596 0.5768 0.8147
vn -0.0000 0.5778 0.8162
vn 0.0041 0.5778 0.8162
vn -0.0205 0.5577 0.8298
vn -0.0000 0.5473 0.8369
vn -0.0000 -0.8163 0.5777
vn -0.5109 0.4796 0.7134
vn -0.0000 0.5261 0.8504
vn -0.5111 0.4522 0.7309
vn -0.5195 0.4730 0.7116
vn -0.6406 0.3755 0.6698
vn -0.5108 0.4204 0.7499
vn -0.6406 0.4251 0.6395
vn -0.7542 0.2769 0.5955
vn -0.7542 0.3212 0.5728
vn -0.7541 0.2769 0.5955
vn -0.6406 0.3238 0.6963
vn -0.6405 0.3238 0.6963
vn -0.6405 0.2702 0.7188
vn -0.7541 0.2311 0.6147
vn -0.8487 0.2230 0.4796
vn -0.8487 0.2230 0.4795
vn -0.7541 0.3212 0.5728
vn -0.6405 0.4251 0.6395
vn -0.7541 0.3636 0.5469
vn -0.5108 0.3625 0.7795
vn -0.5307 0.3495 0.7722
vn -0.5111 0.3838 0.7691
vn 0.0014 0.4465 0.8948
vn -0.0043 0.4890 0.8723
vn -0.0000 0.4479 0.8941
vn -0.0575 0.4723 0.8796
vn -0.0000 -0.8810 0.4731
vn 0.0021 0.4731 0.8810
vn -0.0014 0.4465 0.8948
vn -0.0000 0.8809 -0.4732
vn -0.0000 0.4731 0.8810
vn 0.5111 0.3838 0.7691
vn 0.5255 0.3587 0.7715
vn 0.5110 0.3544 0.7831
vn -0.0148 0.4123 0.9109
vn -0.0000 0.4073 0.9133
vn 0.0090 0.3632 0.9316
vn 0.0055 0.3612 0.9325
vn -0.0000 0.9324 -0.3614
vn -0.0000 0.3612 0.9325
vn -0.0099 0.3612 0.9324
vn -0.0060 0.3633 0.9317
vn -0.0000 0.3424 0.9395
vn -0.0000 -0.9325 0.3613
vn 0.0148 0.4123 0.9109
vn 0.5108 0.4204 0.7499
vn 0.6406 0.3755 0.6698
vn 0.6405 0.3238 0.6963
vn 0.6405 0.3755 0.6698
vn 0.6406 0.4251 0.6395
vn 0.7541 0.3212 0.5728
vn 0.7542 0.3635 0.5469
vn 0.7541 0.3636 0.5469
vn 0.6405 0.4251 0.6395
vn 0.6405 0.4723 0.6055
vn 0.7542 0.4039 0.5178
vn 0.7542 0.3211 0.5728
vn 0.5195 0.4730 0.7116
vn 0.5111 0.4522 0.7309
vn -0.0000 0.5048 0.8632
vn 0.0288 0.4888 0.8719
vn -0.5110 0.3123 0.8009
vn 0.5109 0.4796 0.7134
vn -0.0000 -0.7391 0.6736
vn 0.0249 0.6735 0.7388
vn -0.0000 0.7390 -0.6737
vn -0.0000 0.6737 0.7390
vn -0.0000 0.6918 0.7220
vn -0.0162 0.6736 0.7389
vn 0.5111 0.6009 0.6146
vn -0.0000 0.6991 0.7150
vn 0.5145 0.5770 0.6344
vn 0.5109 0.5772 0.6370
vn 0.0181 0.6713 0.7409
vn 0.5108 0.6249 0.5904
vn 0.6405 0.5167 0.5681
vn 0.6405 0.5582 0.5274
vn 0.6406 0.5582 0.5274
vn 0.0084 0.7269 0.6867
vn -0.0000 0.7248 0.6889
vn 0.5110 0.6543 0.5574
vn -0.0032 0.7593 0.6508
vn 0.6406 0.4722 0.6055
vn 0.6406 0.5167 0.5681
vn -0.0222 0.6713 0.7409
vn -0.7542 0.4039 0.5178
vn -0.7542 0.3636 0.5469
vn -0.0084 0.7269 0.6867
vn -0.0000 -0.6506 0.7594
vn 0.6406 0.5964 0.4836
vn 0.6406 0.5965 0.4836
vn 0.5243 0.7001 0.4847
vn 0.6405 0.6314 0.4371
vn 0.6406 0.6313 0.4371
vn 0.5108 0.7418 0.4345
vn 0.6406 0.6626 0.3881
vn 0.5111 0.7205 0.4687
vn 0.6405 0.6626 0.3881
vn 0.6406 0.6900 0.3369
vn 0.7541 0.5901 0.2881
vn 0.7542 0.5901 0.2881
vn 0.6406 0.7135 0.2838
vn 0.7542 0.6102 0.2427
vn 0.7541 0.6102 0.2427
vn 0.6405 0.7330 0.2290
vn 0.7541 0.6269 0.1958
vn 0.7542 0.6268 0.1958
vn 0.6405 0.7136 0.2838
vn 0.5121 0.8198 0.2561
vn 0.6406 0.7330 0.2290
vn 0.5109 0.8204 0.2569
vn 0.5111 0.8054 0.3001
vn 0.5289 0.7886 0.3136
vn 0.0051 0.9370 0.3492
vn 0.5110 0.7935 0.3304
vn -0.0000 0.9232 0.3844
vn -0.0000 0.9345 0.3560
vn -0.0051 0.9370 0.3492
vn -0.5111 0.8054 0.3001
vn -0.5415 0.7761 0.3232
vn -0.6406 0.7136 0.2838
vn -0.6406 0.7330 0.2290
vn -0.6406 0.7135 0.2837
vn -0.5109 0.8204 0.2569
vn -0.5121 0.8198 0.2561
vn -0.5108 0.7988 0.3177
vn -0.5112 0.8294 0.2253
vn -0.5109 0.8376 0.1935
vn -0.5108 0.8376 0.1936
vn -0.6406 0.7482 0.1729
vn -0.7542 0.6268 0.1958
vn -0.7541 0.6399 0.1479
vn -0.7541 0.6269 0.1959
vn -0.8487 0.4914 0.1954
vn -0.8487 0.5048 0.1577
vn -0.8487 0.4915 0.1954
vn -0.7542 0.6102 0.2427
vn -0.8487 0.4753 0.2320
vn -0.7541 0.6102 0.2427
vn -0.7541 0.5901 0.2881
vn -0.8487 0.4753 0.2321
vn -0.9218 0.3345 0.1959
vn -0.8487 0.4564 0.2673
vn -0.9218 0.3483 0.1701
vn -0.9716 0.1945 0.1347
vn -0.9716 0.2041 0.1196
vn -0.9968 0.0654 0.0453
vn -0.9968 0.0618 0.0501
vn -0.9968 0.0686 0.0402
vn -0.3413 -0.8587 -0.3823
vn -0.3413 -0.7971 -0.4981
vn -0.9968 0.0739 0.0294
vn -0.9968 0.0715 0.0349
vn -0.9716 0.2198 0.0874
vn -0.9716 0.2126 0.1038
vn -0.9218 0.3602 0.1432
vn -0.9218 0.3484 0.1701
vn -0.9716 0.2258 0.0706
vn -0.9218 0.3700 0.1156
vn -0.9716 0.2305 0.0533
vn -0.9218 0.3777 0.0873
vn -0.9218 0.3832 0.0585
vn -0.9716 0.2339 0.0357
vn -0.9968 0.0786 0.0120
vn -0.9968 0.0775 0.0179
vn -0.9716 0.2359 0.0179
vn -0.9968 0.0793 0.0060
vn -0.9968 0.0796 -0.0000
vn -0.9968 0.0795 -0.0000
vn -0.3413 -0.9308 0.1308
vn -0.3413 -0.9400 -0.0000
vn -0.9968 0.0786 -0.0120
vn -0.9968 0.0793 -0.0060
vn -0.9716 0.2339 -0.0357
vn -0.9716 0.2359 -0.0179
vn -0.9218 0.3832 -0.0585
vn -0.9218 0.3866 -0.0293
vn -0.9218 0.3877 -0.0000
vn -0.9716 0.2366 -0.0000
vn -0.8487 0.5273 -0.0400
vn -0.8487 0.5288 -0.0000
vn -0.9218 0.3866 0.0293
vn -0.8487 0.5273 0.0400
vn -0.7541 0.6567 -0.0000
vn -0.7541 0.6548 0.0497
vn -0.7541 0.6549 0.0497
vn -0.7541 0.6492 0.0991
vn -0.8487 0.5228 0.0798
vn -0.7542 0.6492 0.0990
vn -0.7542 0.6398 0.1478
vn -0.8487 0.5153 0.1191
vn -0.8487 0.5153 0.1190
vn -0.6406 0.7657 0.0581
vn -0.6406 0.7591 0.1158
vn -0.5110 0.8515 0.1171
vn -0.5110 0.8566 0.0716
vn -0.5229 0.8500 0.0645
vn -0.5284 0.8393 0.1281
vn -0.0000 0.9910 0.1340
vn 0.0045 0.9907 0.1362
vn -0.0000 0.9840 0.1783
vn 0.0075 0.9848 0.1736
vn -0.5111 0.8465 0.1493
vn -0.0084 0.9768 0.2139
vn -0.0000 0.2139 -0.9768
vn -0.0000 0.9768 0.2140
vn -0.0000 0.9692 0.2461
vn -0.0000 -0.2139 0.9768
vn 0.0433 0.9759 0.2137
vn 0.5108 0.8376 0.1936
vn 0.5109 0.8376 0.1936
vn 0.0128 0.9742 0.2251
vn 0.5112 0.8294 0.2253
vn -0.0000 0.9650 0.2621
vn 0.5111 0.8465 0.1493
vn -0.0075 0.9848 0.1736
vn 0.5109 0.8498 0.1297
vn 0.6406 0.7591 0.1158
vn 0.5391 0.8344 0.1147
vn 0.6405 0.7482 0.1729
vn 0.6405 0.7591 0.1158
vn 0.5110 0.8566 0.0716
vn 0.0171 0.9964 0.0833
vn -0.0045 0.9907 0.1362
vn 0.0034 0.9957 0.0922
vn -0.0000 0.9979 0.0644
vn -0.0000 0.0923 -0.9957
vn -0.0000 0.9957 0.0923
vn -0.0000 -0.0924 0.9957
vn -0.0252 0.9954 0.0922
vn 0.5111 0.8586 0.0391
vn 0.5229 0.8500 0.0645
vn -0.0000 0.9990 0.0455
vn 0.5108 0.8597 -0.0000
vn -0.0167 0.9999 -0.0000
vn -0.0000 0.9999 0.0119
vn 0.0890 0.9956 -0.0307
vn -0.0000 -0.0307 -0.9995
vn 0.0011 0.9990 -0.0455
vn -0.0000 0.9987 -0.0502
vn -0.0011 0.9990 -0.0455
vn 0.0047 0.9995 -0.0308
vn -0.0000 0.9995 -0.0308
vn -0.0000 0.0308 0.9995
vn -0.5111 0.8586 -0.0391
vn -0.5108 0.8597 -0.0000
vn -0.0249 0.9997 -0.0000
vn -0.6406 0.7657 -0.0581
vn -0.6406 0.7679 -0.0000
vn -0.5229 0.8500 -0.0645
vn -0.5110 0.8566 -0.0716
vn -0.6406 0.7591 -0.1158
vn -0.5109 0.8498 -0.1297
vn -0.0107 0.9906 -0.1362
vn 0.0402 0.9957 -0.0832
vn -0.5391 0.8344 -0.1147
vn -0.0000 0.9890 -0.1479
vn -0.0000 0.9848 -0.1736
vn -0.5111 0.8465 -0.1493
vn -0.0064 0.9743 -0.2251
vn -0.5108 0.8376 -0.1936
vn 0.0266 0.9765 -0.2139
vn -0.0108 0.9863 -0.1647
vn -0.0000 -0.1534 -0.9882
vn -0.0000 0.9768 -0.2139
vn 0.0040 0.9848 -0.1736
vn -0.0000 0.9863 -0.1647
vn -0.0266 0.9765 -0.2139
vn 0.5109 0.8376 -0.1935
vn 0.5108 0.8376 -0.1936
vn -0.0020 0.9743 -0.2251
vn 0.5111 0.8465 -0.1493
vn 0.1089 0.9599 -0.2585
vn -0.0000 0.9610 -0.2765
vn -0.0000 0.9650 -0.2621
vn -0.0000 0.2736 0.9618
vn -0.0000 0.9618 -0.2737
vn 0.0001 0.9656 -0.2600
vn -0.0698 0.9587 -0.2758
vn -0.0000 0.9543 -0.2988
vn -0.5109 0.8204 -0.2569
vn -0.5121 0.8198 -0.2561
vn -0.5112 0.8294 -0.2253
vn -0.6406 0.7329 -0.2290
vn -0.6406 0.7482 -0.1729
vn -0.5109 0.8376 -0.1936
vn -0.7542 0.6492 -0.0991
vn -0.7542 0.6398 -0.1479
vn -0.7541 0.6492 -0.0990
vn -0.8487 0.5228 -0.0798
vn -0.8487 0.5153 -0.1191
vn -0.7541 0.6399 -0.1478
vn -0.7541 0.6269 -0.1958
vn -0.7542 0.6268 -0.1958
vn -0.8487 0.5048 -0.1577
vn -0.7542 0.6102 -0.2427
vn -0.8487 0.4914 -0.1954
vn -0.7541 0.6102 -0.2427
vn -0.7541 0.5901 -0.2881
vn -0.8487 0.4753 -0.2321
vn -0.8487 0.4915 -0.1954
vn -0.9218 0.3484 -0.1701
vn -0.9218 0.3602 -0.1432
vn -0.9716 0.2198 -0.0874
vn -0.9218 0.3700 -0.1156
vn -0.9716 0.2258 -0.0706
vn -0.9716 0.2258 -0.0705
vn -0.9968 0.0775 -0.0179
vn -0.9716 0.2305 -0.0533
vn -0.9968 0.0759 -0.0237
vn -0.3413 -0.8587 0.3823
vn -0.3413 -0.9035 0.2591
vn -0.9968 0.0715 -0.0349
vn -0.9968 0.0739 -0.0294
vn -0.9968 0.0686 -0.0402
vn -0.9968 0.0654 -0.0453
vn -0.9968 0.0618 -0.0501
vn -0.9716 0.1838 -0.1490
vn -0.9716 0.1945 -0.1347
vn -0.9218 0.3011 -0.2441
vn -0.9218 0.3187 -0.2207
vn -0.9218 0.3345 -0.1959
vn -0.9716 0.2041 -0.1196
vn -0.9716 0.2126 -0.1038
vn -0.9218 0.3483 -0.1701
vn -0.8487 0.4348 -0.3011
vn -0.8487 0.4563 -0.2673
vn -0.8487 0.4108 -0.3331
vn -0.7541 0.5101 -0.4136
vn -0.7541 0.5399 -0.3739
vn -0.6406 0.5964 -0.4836
vn -0.6406 0.6313 -0.4371
vn -0.7542 0.5399 -0.3739
vn -0.6405 0.6314 -0.4371
vn -0.6405 0.6626 -0.3881
vn -0.7542 0.5666 -0.3319
vn -0.7541 0.5667 -0.3319
vn -0.6406 0.6626 -0.3881
vn -0.5111 0.7205 -0.4687
vn -0.5109 0.7417 -0.4345
vn -0.5243 0.7001 -0.4847
vn -0.5111 0.7601 -0.4013
vn -0.5108 0.7418 -0.4345
vn -0.5213 0.7668 -0.3744
vn -0.6406 0.6900 -0.3369
vn -0.0000 0.8809 -0.4734
vn 0.0083 0.8843 -0.4668
vn -0.0000 0.9012 -0.4333
vn -0.0010 0.9014 -0.4330
vn -0.5109 0.7749 -0.3722
vn 0.0005 0.9209 -0.3898
vn -0.0072 0.9231 -0.3844
vn -0.5110 0.7935 -0.3304
vn -0.0000 0.9293 -0.3693
vn -0.0000 0.9371 -0.3492
vn -0.5111 0.8054 -0.3001
vn -0.5289 0.7886 -0.3136
vn -0.0000 0.9370 -0.3492
vn 0.5111 0.8054 -0.3001
vn 0.5109 0.8204 -0.2569
vn 0.0260 0.9540 -0.2987
vn -0.0000 0.9501 -0.3120
vn 0.5415 0.7761 -0.3232
vn 0.0072 0.9231 -0.3844
vn -0.0000 0.3898 0.9209
vn -0.0005 0.9209 -0.3898
vn -0.0000 -0.3897 -0.9209
vn -0.0000 0.9209 -0.3898
vn 0.0010 0.9014 -0.4330
vn -0.0000 0.5000 0.8660
vn -0.0181 0.8627 -0.5054
vn -0.0336 0.8656 -0.4997
vn -0.0000 0.8660 -0.5000
vn -0.0000 -0.5000 -0.8660
vn -0.0000 0.8504 -0.5261
vn 0.0266 0.8626 -0.5053
vn 0.0143 0.8660 -0.4999
vn 0.5111 0.7205 -0.4687
vn 0.5109 0.7418 -0.4345
vn -0.0000 0.8382 -0.5453
vn 0.5283 0.6937 -0.4896
vn 0.0120 0.8169 -0.5766
vn -0.0000 0.8209 -0.5711
vn -0.0054 0.7980 -0.6026
vn -0.0000 0.6026 0.7980
vn -0.0000 -0.6026 -0.7981
vn -0.0000 0.7980 -0.6026
vn -0.0000 0.7789 -0.6272
vn -0.0359 0.7975 -0.6023
vn 0.5111 0.6543 -0.5574
vn -0.0000 0.7612 -0.6485
vn 0.5277 0.6598 -0.5350
vn 0.5109 0.6749 -0.5324
vn 0.0116 0.7851 -0.6193
vn -0.5111 0.6543 -0.5574
vn -0.0285 0.7266 -0.6865
vn -0.5108 0.6249 -0.5904
vn -0.0000 0.7410 -0.6715
vn -0.0068 0.7179 -0.6961
vn -0.0000 0.6961 0.7179
vn -0.0000 0.7179 -0.6962
vn -0.0000 -0.6961 -0.7180
vn -0.0020 0.6990 -0.7152
vn -0.0000 0.7020 -0.7122
vn 0.0110 0.7268 -0.6867
vn 0.0463 0.7171 -0.6954
vn 0.5111 0.6007 -0.6147
vn 0.5108 0.6249 -0.5904
vn 0.5145 0.5770 -0.6344
vn 0.6405 0.5582 -0.5274
vn 0.6405 0.5167 -0.5681
vn 0.6406 0.5167 -0.5681
vn 0.5108 0.5287 -0.6779
vn 0.6405 0.4723 -0.6055
vn 0.5438 0.5045 -0.6706
vn 0.5111 0.5424 -0.6668
vn 0.5109 0.5772 -0.6370
vn 0.6406 0.4723 -0.6055
vn -0.0093 0.6714 -0.7410
vn -0.0000 0.6310 -0.7757
vn 0.0040 0.6288 -0.7776
vn -0.0000 0.6693 -0.7430
vn -0.0000 0.7791 0.6269
vn -0.0000 -0.7790 -0.6270
vn -0.0000 0.6269 -0.7791
vn -0.0000 0.5778 -0.8162
vn -0.0390 0.5773 -0.8156
vn -0.0000 0.6154 -0.7882
vn 0.0034 0.6012 -0.7991
vn -0.0000 0.8502 0.5265
vn 0.0703 0.5342 -0.8425
vn -0.0000 0.5264 -0.8502
vn -0.0000 0.5355 -0.8446
vn -0.0000 0.5261 -0.8504
vn 0.0178 0.4890 -0.8721
vn -0.1109 0.5181 -0.8481
vn -0.5108 0.4204 -0.7499
vn -0.0000 0.4465 -0.8948
vn -0.0000 0.4842 -0.8750
vn -0.5111 0.3838 -0.7691
vn -0.5111 0.4522 -0.7309
vn -0.6406 0.3755 -0.6698
vn -0.6406 0.4251 -0.6395
vn -0.6405 0.4251 -0.6395
vn -0.5195 0.4730 -0.7116
vn -0.5110 0.5168 -0.6869
vn -0.5292 0.5218 -0.6691
vn -0.5109 0.4796 -0.7134
vn -0.6406 0.4722 -0.6055
vn -0.6405 0.4723 -0.6055
vn -0.7541 0.4039 -0.5178
vn -0.7541 0.4419 -0.4858
vn -0.6406 0.5167 -0.5681
vn -0.7542 0.4419 -0.4858
vn -0.7542 0.4773 -0.4510
vn -0.8487 0.3844 -0.3632
vn -0.8487 0.3559 -0.3912
vn -0.9218 0.2818 -0.2662
vn -0.9218 0.2608 -0.2868
vn -0.8487 0.3253 -0.4170
vn -0.9218 0.2384 -0.3057
vn -0.8487 0.2928 -0.4404
vn -0.9218 0.2146 -0.3228
vn -0.9716 0.1310 -0.1970
vn -0.9716 0.1455 -0.1865
vn -0.9716 0.1455 -0.1866
vn -0.9716 0.1157 -0.2064
vn -0.9218 0.1896 -0.3381
vn -0.9218 0.1635 -0.3515
vn -0.9716 0.0998 -0.2145
vn -0.9218 0.1364 -0.3629
vn -0.8487 0.1861 -0.4951
vn -0.8487 0.1861 -0.4950
vn -0.8487 0.2230 -0.4796
vn -0.7542 0.2311 -0.6147
vn -0.7541 0.2311 -0.6147
vn -0.7541 0.2769 -0.5955
vn -0.7542 0.2769 -0.5955
vn -0.7542 0.3211 -0.5728
vn -0.8487 0.2586 -0.4613
vn -0.6406 0.3238 -0.6963
vn -0.7541 0.3212 -0.5728
vn -0.5109 0.3544 -0.7831
vn -0.5255 0.3588 -0.7715
vn -0.6406 0.2702 -0.7188
vn -0.5108 0.3025 -0.8047
vn 0.0234 0.3632 -0.9314
vn -0.5343 0.3071 -0.7876
vn -0.0048 0.4123 -0.9110
vn -0.0173 0.4179 -0.9083
vn -0.0000 0.4354 -0.9002
vn -0.0000 0.9084 0.4180
vn -0.0000 -0.9085 -0.4180
vn -0.0000 0.4180 -0.9085
vn -0.0000 0.3712 -0.9286
vn -0.0234 0.3632 -0.9314
vn 0.0131 0.4123 -0.9110
vn 0.0036 0.4180 -0.9085
vn 0.5306 0.3495 -0.7722
vn 0.5111 0.3837 -0.7691
vn 0.5108 0.3625 -0.7795
vn 0.6405 0.3238 -0.6963
vn 0.5108 0.4204 -0.7499
vn 0.6405 0.3755 -0.6698
vn 0.5111 0.4522 -0.7309
vn 0.5195 0.4730 -0.7116
vn 0.6406 0.4251 -0.6395
vn 0.6406 0.3755 -0.6698
vn 0.5109 0.4796 -0.7134
vn -0.0000 0.5579 -0.8299
vn 0.0145 0.4890 -0.8722
vn -0.0024 0.5213 -0.8534
vn 0.5110 0.3123 -0.8009
vn -0.6406 0.2151 -0.7372
vn -0.7542 0.1839 -0.6304
vn -0.6405 0.2151 -0.7372
vn -0.8487 0.1481 -0.5077
vn -0.7541 0.1357 -0.6425
vn -0.7542 0.1357 -0.6425
vn -0.8487 0.1093 -0.5175
vn -0.7542 0.0867 -0.6509
vn -0.8487 0.0699 -0.5243
vn -0.9218 0.1086 -0.3721
vn -0.9716 0.0833 -0.2215
vn -0.9968 0.0335 -0.0721
vn -0.9968 0.0389 -0.0694
vn -0.3413 -0.5256 0.7793
vn -0.3413 -0.4120 0.8448
vn -0.9968 0.0440 -0.0662
vn -0.9968 0.0489 -0.0627
vn -0.9968 0.0535 -0.0588
vn -0.9968 0.0578 -0.0546
vn -0.3413 -0.7201 0.6042
vn -0.3413 -0.6290 0.6985
vn -0.9716 0.1592 -0.1750
vn -0.9716 0.1720 -0.1625
vn -0.7541 0.3636 -0.5469
vn -0.7542 0.3635 -0.5469
vn -0.7542 0.4039 -0.5178
vn -0.6406 0.5582 -0.5274
vn -0.7541 0.4774 -0.4510
vn -0.5111 0.6008 -0.6147
vn -0.5145 0.5770 -0.6344
vn -0.5111 0.5424 -0.6668
vn -0.5109 0.5772 -0.6370
vn -0.0041 0.6288 -0.7776
vn 0.0093 0.6714 -0.7410
vn -0.0295 0.6151 -0.7879
vn -0.0000 0.6012 -0.7991
vn 0.0390 0.5773 -0.8156
vn -0.0130 0.5578 -0.8299
vn -0.0000 -0.8502 -0.5265
vn 0.0020 0.6990 -0.7152
vn 0.6405 0.4251 -0.6395
vn 0.7542 0.4039 -0.5178
vn 0.7541 0.4419 -0.4858
vn 0.7541 0.4039 -0.5178
vn 0.6406 0.5582 -0.5273
vn 0.7542 0.4773 -0.4510
vn 0.7542 0.4419 -0.4858
vn 0.6406 0.5965 -0.4836
vn 0.7541 0.5101 -0.4136
vn 0.7541 0.4774 -0.4510
vn 0.5108 0.7068 -0.4894
vn 0.6406 0.6313 -0.4371
vn 0.0167 0.7850 -0.6192
vn -0.5366 0.6625 -0.5226
vn -0.0120 0.8169 -0.5766
vn -0.5109 0.7023 -0.4957
vn -0.5108 0.6678 -0.5415
vn -0.0082 0.8843 -0.4668
vn -0.6405 0.7136 -0.2838
vn -0.6406 0.7135 -0.2838
vn -0.8487 0.4564 -0.2673
vn -0.3413 -0.7971 0.4981
vn -0.9218 0.3777 -0.0873
vn -0.6405 0.7330 -0.2290
vn -0.0000 -0.2736 -0.9618
vn 0.5121 0.8198 -0.2561
vn 0.5112 0.8294 -0.2253
vn 0.5284 0.8393 -0.1280
vn 0.6405 0.7591 -0.1158
vn 0.6405 0.7482 -0.1729
vn 0.6406 0.7482 -0.1729
vn 0.6406 0.7330 -0.2290
vn 0.7542 0.6268 -0.1958
vn 0.7541 0.6399 -0.1479
vn 0.7541 0.6269 -0.1959
vn 0.6406 0.7591 -0.1158
vn 0.7542 0.6491 -0.0990
vn 0.7542 0.6398 -0.1478
vn 0.6406 0.7657 -0.0581
vn 0.7541 0.6549 -0.0497
vn 0.7541 0.6492 -0.0991
vn 0.5110 0.8515 -0.1171
vn 0.5110 0.8566 -0.0716
vn 0.5229 0.8500 -0.0645
vn -0.0000 0.9907 -0.1362
vn -0.0402 0.9957 -0.0832
vn 0.0219 0.9888 -0.1479
vn -0.0000 0.9955 -0.0951
vn -0.0000 0.1534 0.9882
vn -0.0000 0.9882 -0.1534
vn 0.6405 0.7330 -0.2290
vn -0.7541 0.6549 -0.0497
vn 0.5111 0.8586 -0.0391
vn 0.6406 0.7679 -0.0000
vn -0.5111 0.8586 0.0391
vn 0.6406 0.7657 0.0581
vn -0.0283 0.9739 0.2251
vn -0.0050 0.9965 0.0833
vn -0.3413 -0.9308 -0.1308
vn -0.3413 -0.9035 -0.2591
vn -0.9968 0.0759 0.0237
vn -0.7541 0.5667 0.3319
vn -0.8487 0.4563 0.2673
vn -0.6406 0.6900 0.3369
vn -0.6406 0.6626 0.3881
vn -0.7542 0.5666 0.3319
vn -0.5213 0.7668 0.3744
vn -0.5109 0.7749 0.3722
vn -0.0000 0.9571 0.2899
vn 0.0269 0.9540 0.2987
vn -0.1001 0.9384 0.3308
vn -0.0000 0.3324 -0.9431
vn -0.0000 0.9432 0.3323
vn -0.0000 -0.3323 0.9432
vn -0.0056 0.9431 0.3324
vn 0.0209 0.9541 0.2988
vn -0.0000 0.9086 0.4176
vn -0.0006 0.9014 0.4330
vn -0.0362 0.8946 0.4454
vn -0.0000 0.4458 -0.8951
vn -0.0000 0.8952 0.4457
vn -0.0000 -0.4457 0.8952
vn -0.0000 0.8872 0.4614
vn -0.0000 0.8873 0.4613
vn 0.0003 0.8952 0.4457
vn 0.5109 0.7749 0.3722
vn 0.5213 0.7668 0.3744
vn 0.0198 0.9012 0.4329
vn 0.5111 0.7601 0.4013
vn 0.6406 0.7482 0.1729
vn -0.0011 0.8629 0.5054
vn -0.0000 0.8288 0.5595
vn -0.0136 0.8169 0.5766
vn 0.6406 0.1587 0.7513
vn 0.0191 0.0606 0.9980
vn -0.7541 0.0867 0.6510
vn -0.7542 0.0867 0.6509
vn -0.7542 0.0373 0.6556
vn -0.9716 -0.0224 0.2355
vn -0.9716 -0.0401 0.2332
vn -0.9968 -0.0135 0.0784
vn -0.6406 -0.2972 0.7080
vn -0.8487 -0.3092 0.4291
vn -0.5111 -0.4184 0.7508
vn -0.5108 -0.4485 0.7334
vn -0.0000 -0.4867 0.8735
vn -0.0000 -0.4534 0.8913
vn 0.5156 -0.3904 0.7627
vn 0.6405 -0.3499 0.6836
vn 0.6405 -0.2972 0.7081
vn -0.0000 -0.4868 0.8735
vn 0.0002 -0.4860 0.8740
vn 0.5111 -0.4184 0.7508
vn 0.5108 -0.4485 0.7334
vn -0.0022 -0.5217 0.8531
vn -0.0195 -0.5263 0.8501
vn -0.0121 -0.5950 0.8036
vn -0.5355 -0.5025 0.6787
vn -0.0000 -0.6032 0.7976
vn 0.5109 -0.5540 0.6574
vn 0.5295 -0.5404 0.6539
vn 0.5111 -0.5723 0.6413
vn 0.5108 -0.6021 0.6136
vn 0.0011 -0.6658 0.7461
vn -0.0287 -0.7001 0.7135
vn -0.5205 -0.6424 0.5625
vn -0.5109 -0.5026 0.6974
vn -0.9968 -0.0727 0.0322
vn -0.5236 -0.8030 0.2846
vn 0.5110 -0.7910 0.3365
vn 0.9716 -0.1995 0.1272
vn 0.3413 -0.7971 0.4981
vn 0.3413 -0.7201 0.6042
vn 0.9716 0.2258 -0.0706
vn 0.3413 -0.8587 0.3823
vn 0.3413 -0.9308 -0.1308
vn 0.3413 -0.6290 -0.6985
vn 0.3413 -0.2905 -0.8940
vn 0.3413 -0.1632 -0.9257
vn 0.3413 0.3521 -0.8715
vn 0.3413 0.4700 -0.8140
vn 0.3413 0.5787 -0.7407
vn 0.3413 0.9194 -0.1954
vn 0.3413 0.9377 -0.0656
vn 0.3413 0.9377 0.0656
vn 0.9968 -0.0727 -0.0322
vn 0.9218 -0.3416 -0.1831
vn 0.9716 -0.2086 -0.1118
vn 0.5205 -0.6424 -0.5625
vn 0.5111 -0.6281 -0.5867
vn 0.5109 -0.6021 -0.6136
vn 0.5108 -0.6021 -0.6136
vn 0.6406 -0.5378 -0.5481
vn 0.5111 -0.5723 -0.6413
vn 0.5249 -0.5485 -0.6509
vn 0.6405 -0.4949 -0.5872
vn 0.6405 -0.5379 -0.5481
vn 0.5110 -0.5476 -0.6626
vn 0.5109 -0.5027 -0.6974
vn 0.6405 -0.4490 -0.6230
vn 0.6405 -0.4948 -0.5872
vn 0.5355 -0.5026 -0.6787
vn 0.5111 -0.4850 -0.7097
vn 0.5108 -0.4485 -0.7334
vn 0.6405 -0.4006 -0.6552
vn 0.0188 -0.5216 -0.8530
vn 0.5111 -0.4184 -0.7508
vn 0.0322 -0.5261 -0.8498
vn -0.0000 -0.5007 -0.8656
vn -0.0263 -0.5215 -0.8528
vn -0.0154 -0.5264 -0.8501
vn -0.0000 0.8503 -0.5264
vn -0.0000 -0.8502 0.5265
vn -0.0000 -0.5264 -0.8502
vn -0.0000 -0.5578 -0.8300
vn 0.0129 -0.5642 -0.8256
vn -0.0000 -0.5945 -0.8041
vn -0.0014 -0.5951 -0.8037
vn -0.5110 -0.5115 -0.6908
vn -0.5111 -0.4850 -0.7097
vn -0.5274 -0.4968 -0.6892
vn -0.5109 -0.5540 -0.6574
vn -0.5295 -0.5404 -0.6539
vn 0.0019 -0.6370 -0.7709
vn -0.0000 -0.6658 -0.7461
vn -0.5111 -0.5723 -0.6413
vn -0.0000 -0.6492 -0.7606
vn -0.0286 -0.6267 -0.7788
vn -0.0000 -0.7790 0.6270
vn -0.0000 -0.6269 -0.7791
vn -0.0000 0.7790 -0.6270
vn -0.0011 -0.6269 -0.7791
vn 0.0157 -0.6369 -0.7708
vn -0.0000 -0.6897 -0.7241
vn -0.0275 -0.7001 -0.7135
vn -0.5108 -0.6021 -0.6136
vn 0.0022 -0.7179 -0.6961
vn -0.0000 0.6962 -0.7179
vn -0.0000 -0.6962 0.7179
vn -0.0000 -0.7179 -0.6962
vn 0.0006 -0.7308 -0.6826
vn -0.0000 -0.7321 -0.6812
vn 0.0734 -0.7160 -0.6943
vn -0.0060 -0.7004 -0.7138
vn -0.0006 -0.7308 -0.6826
vn -0.5111 -0.6281 -0.5867
vn -0.5109 -0.6021 -0.6136
vn 0.0014 -0.5951 -0.8037
vn -0.5108 -0.4485 -0.7334
vn -0.0129 -0.5642 -0.8256
vn 0.9218 -0.2022 -0.3307
vn 0.9218 -0.2266 -0.3145
vn 0.8487 -0.2410 -0.4708
vn 0.9218 -0.1766 -0.3450
vn 0.8487 -0.2047 -0.4877
vn 0.7542 -0.2542 -0.6055
vn 0.7541 -0.2992 -0.5846
vn 0.6405 -0.2972 -0.7081
vn 0.5109 -0.2755 -0.8143
vn 0.0223 -0.3204 -0.9470
vn -0.0000 -0.3355 -0.9420
vn -0.0000 -0.9530 0.3031
vn -0.0000 -0.3039 -0.9527
vn -0.0000 -0.3032 -0.9529
vn -0.0000 0.9529 -0.3032
vn -0.0013 -0.2880 -0.9576
vn -0.0000 -0.2844 -0.9587
vn -0.0000 -0.3205 -0.9473
vn -0.0467 -0.3036 -0.9517
vn -0.5109 -0.2755 -0.8143
vn -0.5186 -0.2704 -0.8111
vn -0.5111 -0.2444 -0.8240
vn -0.6406 -0.2428 -0.7285
vn -0.6406 -0.1870 -0.7448
vn -0.5108 -0.2094 -0.8338
vn -0.7542 -0.1113 -0.6472
vn -0.7542 -0.1599 -0.6369
vn -0.8487 -0.0896 -0.5212
vn -0.8487 -0.0500 -0.5265
vn -0.9218 -0.0366 -0.3859
vn -0.9218 -0.0073 -0.3876
vn -0.9716 -0.0045 -0.2365
vn -0.9716 0.0134 -0.2362
vn -0.9716 0.0312 -0.2345
vn -0.9968 0.0045 -0.0794
vn -0.9968 0.0105 -0.0789
vn -0.9968 0.0105 -0.0788
vn -0.9968 -0.0015 -0.0795
vn -0.3413 0.0982 0.9348
vn -0.3413 0.2274 0.9120
vn -0.3413 0.3521 0.8715
vn -0.3413 0.4700 0.8140
vn -0.3413 0.5787 0.7407
vn -0.3413 0.6762 0.6529
vn -0.9968 -0.0557 -0.0568
vn -0.9968 -0.0598 -0.0524
vn -0.9968 -0.0636 -0.0477
vn -0.9716 -0.1893 -0.1419
vn -0.9716 -0.1780 -0.1559
vn -0.9218 -0.3101 -0.2326
vn -0.9218 -0.2917 -0.2554
vn -0.8487 -0.4231 -0.3173
vn -0.8487 -0.4459 -0.2844
vn -0.9218 -0.3268 -0.2084
vn -0.9218 -0.3417 -0.1831
vn -0.9218 -0.3268 -0.2085
vn -0.8487 -0.4661 -0.2499
vn -0.8487 -0.4837 -0.2139
vn -0.9218 -0.3546 -0.1568
vn -0.9218 -0.3417 -0.1832
vn -0.8487 -0.4985 -0.1767
vn -0.9218 -0.3654 -0.1295
vn -0.9218 -0.3741 -0.1015
vn -0.8487 -0.5104 -0.1385
vn -0.9716 -0.2283 -0.0620
vn -0.9716 -0.2230 -0.0790
vn -0.9716 -0.2164 -0.0957
vn -0.9968 -0.0750 -0.0266
vn -0.9968 -0.0728 -0.0322
vn -0.9968 -0.0701 -0.0376
vn -0.3413 0.8299 0.4413
vn -0.3413 0.8833 0.3215
vn -0.3413 0.9194 0.1954
vn -0.9968 -0.0768 -0.0208
vn -0.9716 -0.2324 -0.0445
vn -0.9716 -0.2283 -0.0619
vn -0.9968 -0.0781 -0.0150
vn -0.3413 0.9377 0.0656
vn -0.9968 -0.0790 -0.0090
vn -0.3413 0.7605 0.5525
vn -0.9968 -0.0671 -0.0428
vn -0.9716 -0.2085 -0.1118
vn -0.9716 -0.1995 -0.1272
vn -0.9218 -0.3807 -0.0729
vn -0.8487 -0.5194 -0.0995
vn -0.7541 -0.6525 -0.0744
vn -0.7541 -0.6450 -0.1236
vn -0.7542 -0.6006 -0.2656
vn -0.7542 -0.5788 -0.3102
vn -0.7541 -0.5788 -0.3103
vn -0.7541 -0.5537 -0.3531
vn -0.7541 -0.5254 -0.3940
vn -0.3413 0.7604 0.5525
vn -0.9968 -0.0513 -0.0608
vn -0.9968 -0.0252 -0.0755
vn -0.9968 -0.0194 -0.0772
vn -0.9716 -0.0748 -0.2244
vn -0.9716 -0.0748 -0.2245
vn -0.9716 -0.0576 -0.2295
vn -0.9218 -0.1226 -0.3678
vn -0.9218 -0.0944 -0.3760
vn -0.9716 -0.0401 -0.2332
vn -0.9218 -0.0657 -0.3820
vn -0.9218 -0.0657 -0.3821
vn -0.8487 -0.1288 -0.5129
vn -0.8487 -0.1288 -0.5130
vn -0.7542 -0.2077 -0.6230
vn -0.7542 -0.2076 -0.6230
vn -0.8487 -0.1672 -0.5018
vn -0.9716 -0.0224 -0.2355
vn -0.9968 -0.0135 -0.0784
vn -0.9968 -0.0075 -0.0792
vn -0.8487 -0.2047 -0.4876
vn -0.8487 -0.2047 -0.4877
vn -0.8487 -0.1672 -0.5017
vn 0.0123 -0.2435 -0.9698
vn -0.5109 -0.2094 -0.8338
vn 0.0013 -0.2880 -0.9576
vn -0.0123 -0.2435 -0.9698
vn -0.0111 -0.2439 -0.9697
vn 0.5111 -0.2445 -0.8240
vn 0.5108 -0.2094 -0.8338
vn 0.5186 -0.2704 -0.8111
vn -0.0063 -0.4053 -0.9142
vn -0.6405 -0.5379 -0.5481
vn -0.0292 -0.7559 -0.6541
vn 0.5109 -0.6501 -0.5625
vn -0.5111 -0.6984 -0.5010
vn -0.5111 -0.8388 -0.1877
vn -0.7541 -0.6562 -0.0249
vn -0.3413 0.9377 -0.0656
vn -0.0000 0.9830 -0.1838
vn 0.8487 -0.0500 -0.5265
vn 0.9218 -0.0366 -0.3859
vn 0.9218 -0.0657 -0.3820
vn 0.9218 -0.0073 -0.3876
vn 0.8487 -0.0100 -0.5288
vn 0.8487 0.0300 -0.5280
vn 0.9218 0.0220 -0.3870
vn 0.8487 0.0699 -0.5243
vn 0.8487 0.0699 -0.5242
vn 0.9218 0.0512 -0.3842
vn 0.9716 0.0134 -0.2362
vn 0.8487 0.1093 -0.5175
vn 0.7542 0.0867 -0.6509
vn 0.7542 0.0373 -0.6556
vn 0.6405 0.0436 -0.7667
vn 0.6405 0.1014 -0.7612
vn 0.6406 0.1014 -0.7612
vn 0.5177 0.0486 -0.8542
vn 0.5109 0.0521 -0.8581
vn 0.5109 0.1135 -0.8521
vn 0.7542 -0.0124 -0.6566
vn 0.7542 -0.0124 -0.6565
vn 0.5111 0.0195 -0.8593
vn -0.0000 -0.0791 -0.9969
vn -0.6405 0.1014 -0.7612
vn 0.0183 0.0606 -0.9980
vn 0.5109 0.1750 -0.8417
vn 0.0014 0.1837 -0.9830
vn -0.5111 0.2817 -0.8121
vn -0.0013 0.3278 -0.9448
vn 0.5270 0.2991 -0.7955
vn 0.9218 0.1634 -0.3515
vn 0.3413 -0.6290 0.6985
vn 0.3413 -0.5256 0.7793
vn 0.3413 -0.4121 0.8448
vn 0.9716 0.0998 -0.2146
vn 0.3413 -0.2905 0.8940
vn 0.3413 -0.4120 0.8448
vn 0.3413 0.0982 0.9348
vn 0.3413 0.2274 0.9120
vn 0.3413 0.3521 0.8715
vn 0.3413 0.4700 0.8140
vn 0.3413 0.5787 0.7407
vn 0.3413 0.6762 0.6529
vt -0.232630 -2.943512
vt -0.078034 -4.564667
vt 0.254083 -3.011908
vt -0.567856 0.273132
vt 0.182144 -0.232630
vt 0.182144 0.254083
vt -0.459595 -4.506464
vt -0.705091 -2.808038
vt -0.835670 -4.419549
vt -0.567856 -0.175873
vt 0.182144 -0.705091
vt 0.499841 0.502484
vt -0.175873 -2.676495
vt 0.273132 -2.739606
vt -0.567856 0.726550
vt 0.726550 -2.739606
vt 1.395660 3.626581
vt 0.952154 3.720856
vt 1.821734 3.471503
vt 3.747857 0.615900
vt 3.700463 1.066840
vt 3.590771 1.506793
vt 2.025616 -2.367096
vt 2.410137 -2.126813
vt 2.757482 -1.835370
vt -1.025941 -2.367096
vt -0.611725 -2.551520
vt -1.410462 -2.126813
vt -2.700788 1.066840
vt -2.748182 0.615900
vt -2.732356 0.162762
vt -0.395978 3.626581
vt -0.822053 3.471503
vt -1.222400 3.258636
vt 0.499841 3.752484
vt 3.420922 1.927191
vt 3.060876 -1.498419
vt -2.653620 -0.283759
vt -1.589222 2.992120
vt 0.047527 3.720856
vt 3.194207 2.319855
vt 3.314422 -1.122516
vt -2.513508 -0.714984
vt -1.915381 2.677167
vt 2.915057 2.677167
vt 3.513183 -0.714984
vt -2.314747 -1.122516
vt -2.194532 2.319855
vt 2.588903 2.992120
vt 3.653301 -0.283759
vt 1.175549 -2.676495
vt -2.061201 -1.498419
vt -2.421241 1.927191
vt 2.222076 3.258636
vt 3.732037 0.162762
vt 1.611401 -2.551520
vt -1.757801 -1.835370
vt -2.591095 1.506793
vt -0.567856 0.047527
vt 0.182144 0.009533
vt -0.567856 -0.395978
vt 0.182144 -0.471229
vt -0.567856 -0.822053
vt 0.009533 3.991168
vt -0.648456 5.471527
vt -0.471229 3.888983
vt -1.020972 5.370453
vt -1.384772 5.241498
vt -0.933082 3.720892
vt 0.182144 -0.933082
vt -1.737781 5.085394
vt -1.367054 3.490131
vt -0.567856 -1.222400
vt 0.182144 -1.367054
vt -2.403400 4.695477
vt -1.764686 3.201239
vt -0.567856 -1.589222
vt 0.182144 -1.764686
vt -2.077973 4.903033
vt -2.163904 5.049726
vt -2.500171 4.835248
vt -2.594501 4.971478
vt -2.247657 5.192706
vt -1.812372 5.238165
vt -3.022651 4.846784
vt -2.923627 4.724664
vt -2.684009 5.100751
vt -3.341114 4.567938
vt -3.233137 4.453656
vt -2.819263 4.595953
vt -3.119343 4.333209
vt -2.712196 4.463910
vt -3.002595 4.209638
vt -2.118244 2.859821
vt -3.272932 3.934125
vt -3.398689 4.048517
vt -3.786372 3.845441
vt -3.655707 3.743524
vt -3.521272 4.160016
vt -4.026917 3.511700
vt -3.888923 3.419965
vt -3.521656 3.638983
vt -2.420838 2.472504
vt -3.747346 3.325848
vt -3.948713 2.996564
vt -4.096998 3.079694
vt -4.428998 2.794537
vt -4.278749 2.724652
vt -4.241535 3.160724
vt -4.588227 2.415204
vt -4.433118 2.356891
vt -4.124598 2.652972
vt -4.869245 2.068951
vt -4.718311 2.024921
vt -4.735395 2.470526
vt -4.972333 1.658417
vt -4.818507 1.625922
vt -4.559241 1.978510
vt -4.656379 1.591681
vt -4.396046 1.930902
vt -4.273988 2.297076
vt -2.850715 1.591144
vt -2.969617 1.114239
vt -4.490052 1.556537
vt -4.555476 1.176141
vt -4.723988 1.198602
vt -4.927106 0.810931
vt -4.761671 0.801532
vt -4.888239 1.220490
vt -4.934895 0.399615
vt -4.769221 0.402753
vt -4.591944 0.791876
vt -3.020991 0.625433
vt -4.599244 0.405975
vt -3.003840 0.134222
vt -4.577351 0.020612
vt -4.746583 0.004547
vt -4.526362 -0.361993
vt -2.918488 -0.349799
vt -0.567856 -0.283759
vt 0.182144 0.134222
vt 0.182144 -0.349799
vt -0.567856 0.162762
vt 0.182144 0.625433
vt -4.446589 -0.739642
vt -4.611469 -0.781049
vt -4.693903 -0.390802
vt -4.772181 -0.821405
vt -4.857209 -0.418890
vt -4.806117 -1.266046
vt -4.656965 -1.216327
vt -4.924677 -0.859699
vt -4.657172 -1.662262
vt -4.512202 -1.601410
vt -4.499763 -1.163922
vt -4.359412 -1.537262
vt -4.338483 -1.110175
vt -2.766608 -0.817242
vt -4.202662 -1.471478
vt -4.039906 -1.821466
vt -4.191230 -1.898920
vt -4.137549 -2.333270
vt -3.996180 -2.246832
vt -4.338734 -1.974445
vt -3.909803 -2.675885
vt -3.775373 -2.578986
vt -3.851148 -2.158148
vt -3.656794 -3.000275
vt -3.530085 -2.893487
vt -3.637464 -2.479584
vt -3.379987 -3.304608
vt -3.261714 -3.188544
vt -3.400086 -2.783942
vt -2.276307 -1.666473
vt -1.947431 -2.031732
vt -3.140369 -3.069476
vt -2.859797 -3.334552
vt -2.971790 -3.462445
vt -2.761402 -3.846222
vt -2.661982 -3.713641
vt -3.080952 -3.587115
vt -2.855726 -3.972003
vt -3.184516 -3.705414
vt -2.942585 -4.087823
vt -3.279884 -3.814337
vt -3.492207 -3.414716
vt -3.595533 -3.516107
vt -3.777027 -3.101581
vt -3.887727 -3.194867
vt -4.037348 -2.767804
vt -4.154786 -2.852460
vt -4.271687 -2.415302
vt -4.395185 -2.490826
vt -4.478687 -2.046075
vt -4.259156 -2.927692
vt -4.504945 -2.557941
vt -4.607551 -2.112042
vt -4.722071 -2.170673
vt -4.790656 -1.718304
vt -4.909278 -1.768097
vt -4.943458 -1.311823
vt -5.065510 -1.352509
vt -5.065083 -0.894952
vt -0.270816 -1.810382
vt -0.139890 -1.352509
vt -0.270816 -1.387067
vt -0.139890 -0.926288
vt -0.139890 -1.768097
vt -5.189863 -0.926288
vt -0.270816 -0.952899
vt -0.139890 -0.491901
vt -5.154829 -0.470087
vt -5.281623 -0.491901
vt -0.270816 -0.510419
vt -0.417398 -0.936383
vt -0.417398 -0.974139
vt -0.417398 -1.414630
vt -0.567856 -1.238458
vt -0.417398 -1.554254
vt -0.567856 -1.431964
vt -4.718307 -1.554254
vt -4.567856 -1.431964
vt -0.567856 -5.246070
vt -4.567856 -5.336768
vt -4.567856 -5.246070
vt -5.307630 -1.238458
vt -5.398328 -1.267316
vt -5.246070 -1.431964
vt -0.567856 -5.336768
vt -5.336768 -1.460822
vt -0.567856 -1.267316
vt -4.567856 -1.460822
vt -0.567856 -1.460822
vt -4.567856 -5.398328
vt -0.567856 -5.398328
vt -4.567856 -5.307630
vt -0.567856 -5.307630
vt -4.567856 -1.267316
vt -4.718307 -0.974139
vt -4.567856 -1.238458
vt -4.718307 -0.936383
vt -4.718307 -1.414630
vt -4.864890 -1.387067
vt -4.864890 -0.952899
vt -4.567856 -0.711200
vt -4.718307 -0.525189
vt -4.864890 -0.510419
vt -0.567856 -0.711200
vt -4.718307 -0.302216
vt -4.864890 -0.062128
vt -4.995810 -0.491901
vt -4.995810 -0.926288
vt -4.718307 -0.070355
vt -4.567856 0.027960
vt -0.417398 -0.302216
vt -4.567856 -0.511591
vt -0.417398 -0.070355
vt -0.567856 0.027960
vt -0.417398 -0.525189
vt -0.567856 -0.511591
vt -4.567856 -5.477558
vt -0.567856 -5.571113
vt -0.567856 -5.477558
vt -5.477558 -0.511591
vt -5.571113 -0.529095
vt -5.440248 -0.711200
vt -4.567856 -5.571113
vt -4.567856 -0.529095
vt -4.567856 -0.728680
vt -0.567856 -0.529095
vt -5.533802 -0.728680
vt -0.567856 -0.728680
vt -0.567856 -5.440248
vt -4.567856 -5.533802
vt -4.567856 -5.440248
vt -0.567856 -5.533802
vt -0.567856 0.230646
vt -0.567856 -5.544367
vt -4.567856 -5.639369
vt -4.567856 -5.544367
vt -5.556867 0.230646
vt -5.651862 0.224774
vt -5.544367 0.027960
vt -0.567856 -5.639369
vt -5.639369 0.022113
vt -0.567856 0.224774
vt -4.567856 0.022113
vt -0.567856 0.022113
vt -4.567856 0.224774
vt -4.567856 -5.651862
vt -0.567856 -5.651862
vt -4.567856 -5.556867
vt -0.567856 -5.556867
vt -0.417398 0.341095
vt -4.567856 0.230646
vt -4.718307 0.341095
vt -4.718307 0.387750
vt -4.864890 0.389398
vt -4.995810 -0.051801
vt -4.718307 0.846515
vt -4.864890 0.841583
vt -4.995810 0.391473
vt -4.567856 0.976996
vt -4.718307 0.986212
vt -4.567856 0.774323
vt -0.417398 0.387750
vt -5.556867 0.774323
vt -5.639369 0.982867
vt -5.544367 0.976996
vt -0.567856 0.774323
vt -5.651862 0.780182
vt -4.567856 0.982867
vt -4.567856 0.780182
vt -0.567856 0.982867
vt -0.567856 0.780182
vt -0.417398 0.846515
vt -0.567856 0.976996
vt -0.417398 0.986212
vt -0.270816 0.841583
vt -0.270816 1.291803
vt -0.417398 1.303314
vt -0.139890 1.277374
vt -0.270816 0.389398
vt -0.139890 0.835370
vt -0.139890 1.714923
vt -5.357062 0.835370
vt -5.187586 1.260370
vt -5.315113 1.277374
vt -5.113978 1.688336
vt -5.239857 1.714923
vt -5.008210 2.109503
vt -5.131721 2.145538
vt -4.870899 2.521478
vt -0.270816 1.737506
vt -0.139890 2.145538
vt -0.270816 2.176154
vt -0.139890 2.566742
vt -4.991328 2.566742
vt -0.417398 1.755536
vt -0.417398 1.625861
vt -0.567856 1.625861
vt -0.567856 1.716168
vt -5.533802 1.733661
vt -5.457984 1.625861
vt -5.440248 1.716168
vt -0.567856 1.516559
vt -5.477558 1.516559
vt -0.567856 1.733661
vt -4.567856 1.534052
vt -0.567856 1.534052
vt -5.571113 1.534052
vt -4.567856 1.733661
vt -4.567856 2.243427
vt -4.567856 1.716168
vt -4.718307 1.755536
vt -4.567856 1.625861
vt -4.718307 1.625861
vt -4.567856 1.516559
vt -4.718307 1.303314
vt -4.864890 1.737506
vt -4.864890 1.291803
vt -4.995810 1.277374
vt -4.995810 0.835370
vt -5.228614 0.828070
vt -5.236829 0.393903
vt -5.365467 0.391473
vt -5.092091 0.396637
vt -5.068067 -0.025970
vt -5.212190 -0.039642
vt -4.911549 -0.011114
vt -5.012159 -0.445551
vt -4.567856 0.162762
vt -5.317856 -0.349799
vt -5.317856 0.134222
vt -4.567856 -0.283759
vt -5.317856 -0.817242
vt -4.567856 0.615900
vt -4.567856 2.222076
vt -5.317856 1.932763
vt -5.317856 2.366729
vt -4.567856 2.588903
vt -4.567856 1.821734
vt 1.932763 3.720892
vt 2.384448 5.241498
vt 2.737457 5.085394
vt 2.366729 3.490131
vt 1.470904 3.888983
vt -5.317856 1.470904
vt 0.990142 3.991168
vt 1.648138 5.471527
vt -4.567856 1.395660
vt -5.317856 0.990142
vt 2.020648 5.370453
vt 2.071343 5.532721
vt 1.686407 5.637164
vt 1.269042 5.544147
vt 1.294683 5.712201
vt 0.885540 5.587873
vt 0.898400 5.757391
vt 0.499841 4.025458
vt 0.499841 5.602484
vt 1.319671 5.876007
vt 0.910937 5.922626
vt 0.499841 5.772479
vt 0.114135 5.587873
vt 0.101275 5.757391
vt 0.499841 5.938190
vt 0.088745 5.922626
vt 0.499841 6.095416
vt 0.922827 6.079401
vt -0.295002 5.712201
vt -0.319996 5.876007
vt 0.076849 6.079401
vt -0.343714 6.031439
vt 0.065899 6.223749
vt 0.499841 6.240180
vt 0.933776 6.223749
vt 0.499841 6.368842
vt 0.943505 6.352033
vt -4.864890 0.951769
vt -4.864890 1.401110
vt -4.995810 0.943505
vt -4.995810 0.499841
vt 1.384625 6.301715
vt -4.995810 1.384625
vt -4.864890 1.845294
vt -4.995810 1.820678
vt 1.820678 6.218207
vt 1.365222 6.174554
vt -4.718307 1.781414
vt -4.718307 1.864910
vt -4.718307 2.307751
vt -4.864890 2.281762
vt -0.417398 2.307751
vt -4.718307 2.404028
vt -0.567856 1.895873
vt -4.567856 1.895873
vt -4.567856 6.402374
vt -0.567856 6.495343
vt -0.567856 6.402374
vt -4.567856 1.781414
vt 1.717877 6.538788
vt 1.895873 6.402374
vt 1.781414 6.428290
vt -4.567856 6.495343
vt 1.916235 6.495343
vt 1.697515 6.445807
vt -0.567856 6.538788
vt -4.567856 6.538788
vt -0.567856 6.445807
vt -0.567856 1.916235
vt -4.567856 1.717877
vt -0.567856 1.717877
vt -4.567856 6.445807
vt -4.567856 1.916235
vt -0.417398 1.414251
vt -0.567856 1.697515
vt -4.567856 1.697515
vt -4.718307 1.414251
vt -4.567856 1.144274
vt -4.567856 1.160259
vt -4.718307 1.144274
vt -0.567856 1.160259
vt -4.718307 0.958361
vt -4.567856 0.958068
vt -4.718307 0.499841
vt -4.864890 0.499841
vt -4.995810 0.056176
vt -4.864890 0.047906
vt -4.995810 -0.384949
vt -4.718307 0.041314
vt -4.864890 -0.401435
vt -4.718307 -0.414576
vt -4.718307 -0.144599
vt -4.718307 -0.781733
vt -4.864890 -0.845612
vt -4.995810 -0.821003
vt -0.821003 6.218207
vt -0.384949 6.301715
vt -0.792035 6.092853
vt -4.995810 -1.249494
vt -1.211127 5.979144
vt -1.249494 6.101935
vt -1.620423 5.834052
vt -4.995810 -1.667969
vt -4.864890 -1.282087
vt -1.667969 5.953607
vt -4.718307 -1.404346
vt -4.718307 -1.308076
vt -4.864890 -1.708350
vt -4.718307 -0.865235
vt -4.718307 -2.005384
vt -4.718307 -1.740558
vt -4.864890 -2.121973
vt -4.995810 -2.074018
vt -4.567856 -1.769526
vt -4.567856 -1.956525
vt -0.567856 -1.956525
vt -0.567856 6.045392
vt -4.567856 6.133039
vt -4.567856 6.045392
vt -1.993622 6.133039
vt -1.806629 6.212201
vt -1.956525 6.045392
vt -1.769526 6.124542
vt -4.567856 -1.806629
vt -4.567856 -1.993622
vt -0.567856 -1.806629
vt -4.567856 6.212201
vt -0.567856 6.212201
vt -4.567856 6.124542
vt -0.567856 -1.993622
vt -0.567856 6.124542
vt -0.417398 -1.740558
vt -0.567856 -1.769526
vt -0.417398 -1.404346
vt -0.270816 -1.708350
vt -0.270816 -2.121973
vt -0.417398 -2.005384
vt -0.417398 -2.160212
vt -0.417398 -2.564625
vt -0.567856 -2.443207
vt -4.718307 -2.160212
vt -4.567856 -2.578040
vt -4.567856 -2.443207
vt -4.718307 -2.564625
vt -4.864890 -2.520569
vt -4.995810 -2.465327
vt -4.995810 -2.839649
vt -4.864890 -2.901868
vt -4.718307 -2.578040
vt -4.567856 -2.619068
vt -4.718307 -2.951490
vt -2.666657 5.783942
vt -2.578040 5.725922
vt -2.619068 5.701532
vt -4.567856 -3.072285
vt -0.567856 -3.072285
vt -0.567856 -2.619068
vt -0.567856 5.701532
vt -4.567856 5.783942
vt -4.567856 5.701532
vt -2.443207 5.803058
vt -2.490797 5.885480
vt -0.567856 5.783942
vt -0.567856 -2.490797
vt -4.567856 -2.666657
vt -0.567856 -2.666657
vt -4.567856 -2.490797
vt -4.567856 5.885480
vt -0.567856 5.885480
vt -4.567856 5.803058
vt -0.567856 5.803058
vt -0.567856 -2.578040
vt -0.417398 -2.578040
vt -0.417398 -2.951490
vt -0.270816 -2.901868
vt -0.417398 -3.115821
vt -0.270816 -3.263685
vt -0.417398 -3.318580
vt -0.567856 -3.115821
vt -3.129639 5.477167
vt -3.115821 5.369171
vt -3.072285 5.401215
vt -0.567856 -3.234333
vt -3.234333 5.278852
vt -4.567856 5.477167
vt -0.567856 5.477167
vt -4.567856 5.401215
vt -0.567856 5.401215
vt -0.567856 -3.129639
vt -4.567856 -3.291688
vt -0.567856 -3.291688
vt -3.291688 5.354791
vt -4.567856 -3.129639
vt -4.567856 -3.115821
vt -4.718307 -3.115821
vt -4.567856 -3.234333
vt -0.417398 -3.612635
vt -4.718307 -3.612635
vt -0.567856 5.278852
vt -4.567856 5.354791
vt -4.567856 5.278852
vt -4.718307 -3.318580
vt -4.864890 -3.263685
vt -2.901868 5.415387
vt -3.194849 5.059161
vt -3.263685 5.144061
vt -3.528883 4.766681
vt -4.864890 -3.603938
vt -3.603938 4.846124
vt -3.440534 4.673163
vt -3.744672 4.363226
vt -3.839845 4.449799
vt -3.637580 4.265814
vt -3.113819 4.959235
vt -3.910340 3.942132
vt -4.571558 2.860834
vt -4.378681 3.237616
vt -4.504951 3.308417
vt -4.157850 3.598737
vt -4.278413 3.678876
vt -4.024500 4.031158
vt -4.125947 4.110284
vt -3.920691 4.523322
vt -4.212122 4.177496
vt -4.385554 3.750104
vt -4.476563 3.810602
vt -4.995810 3.750104
vt -4.995810 3.371332
vt -4.864890 3.810602
vt -4.617170 3.371332
vt -4.864890 3.424774
vt -4.819483 2.976117
vt -4.702826 2.921881
vt -4.995810 2.976117
vt -4.995810 2.566742
vt -4.864890 3.022198
vt -4.864890 2.605194
vt -4.718307 3.058954
vt -4.718307 3.440216
vt -4.718307 2.859845
vt -4.718307 2.635870
vt -0.417398 3.440216
vt -4.718307 3.467401
vt -4.567856 3.128387
vt -0.567856 3.128387
vt -4.567856 -4.964802
vt -0.567856 -5.051264
vt -0.567856 -4.964802
vt -4.567856 2.943902
vt -5.049671 2.943902
vt -5.051264 3.168158
vt -4.964802 3.128387
vt -4.567856 -5.051264
vt -0.567856 3.168158
vt -4.567856 2.983685
vt -0.567856 2.983685
vt -5.136134 2.983685
vt -4.567856 3.168158
vt -0.567856 -5.049671
vt -4.567856 -5.136134
vt -4.567856 -5.049671
vt -0.567856 -5.136134
vt -0.567856 2.943902
vt -0.417398 2.859845
vt -0.270816 3.022198
vt -0.270816 2.605194
vt -0.417398 2.635870
vt -0.417398 3.058954
vt -0.270816 3.424774
vt -0.139890 3.371332
vt -0.139890 2.976117
vt -0.139890 3.750104
vt -2.766413 5.219769
vt -2.839649 5.325543
vt -0.139890 -2.839649
vt -0.139890 -2.465327
vt -2.400300 5.453278
vt -2.465327 5.564288
vt -2.327125 5.328363
vt -2.017573 5.658429
vt -1.954053 5.528338
vt -1.566926 5.699530
vt -1.885071 5.387067
vt -1.508832 5.553449
vt -1.447596 5.399457
vt -1.121076 5.690887
vt -1.071668 5.532721
vt -0.686732 5.637164
vt -0.724042 5.798615
vt -0.269361 5.544147
vt 1.723724 5.798615
vt 2.120751 5.690887
vt 2.447271 5.399457
vt 1.343389 6.031439
vt 1.759118 5.951800
vt 1.791711 6.092853
vt 2.167639 5.840949
vt 2.210809 5.979144
vt 2.566601 5.699530
vt 2.508508 5.553449
vt 2.884747 5.387067
vt 2.812048 5.238165
vt 3.163580 5.049726
vt 3.077654 4.903033
vt 3.403076 4.695477
vt -0.567856 1.821734
vt 0.182144 2.366729
vt 0.182144 1.932763
vt -0.567856 1.395660
vt 0.182144 1.470904
vt 2.764367 3.201239
vt -0.567856 2.222076
vt 0.182144 2.764367
vt 3.711871 4.463910
vt 3.117919 2.859821
vt 4.002270 4.209638
vt -0.567856 2.588903
vt 0.182144 3.117919
vt 3.818944 4.595953
vt 3.499853 4.835248
vt 3.923302 4.724664
vt 4.119018 4.333209
vt 3.594183 4.971478
vt 3.683685 5.100751
vt 4.022326 4.846784
vt 4.232812 4.453656
vt 4.340789 4.567938
vt 4.520947 4.160016
vt 4.398364 4.048517
vt 4.272607 3.934125
vt 4.521331 3.638983
vt 4.655383 3.743524
vt 4.786047 3.845441
vt 4.888598 3.419965
vt 4.747021 3.325848
vt 5.026592 3.511700
vt 4.948388 2.996564
vt 5.096679 3.079694
vt 3.420519 2.472504
vt 3.666271 2.046857
vt 5.124273 2.652972
vt 5.278423 2.724652
vt 5.273669 2.297076
vt 3.850390 1.591144
vt 5.395720 1.930902
vt 5.432794 2.356891
vt 5.428674 2.794537
vt 5.587902 2.415204
vt 5.558917 1.978510
vt 5.717986 2.024921
vt 5.656054 1.591681
vt 5.489727 1.556537
vt 5.735070 2.470526
vt 5.868920 2.068951
vt 5.818188 1.625922
vt 5.972014 1.658417
vt 5.887914 1.220490
vt 5.723662 1.198602
vt 5.555151 1.176141
vt 5.591619 0.791876
vt 5.761346 0.801532
vt 4.020672 0.625433
vt 3.969299 1.114239
vt -0.567856 1.066840
vt 0.182144 1.114239
vt -0.567856 1.506793
vt 0.182144 1.591144
vt 4.003515 0.134222
vt 5.598925 0.405975
vt -0.567856 0.615900
vt 5.577025 0.020612
vt 5.768896 0.402753
vt 5.926782 0.810931
vt 5.934576 0.399615
vt 5.746264 0.004547
vt 5.911230 -0.011114
vt 5.693578 -0.390802
vt 5.526037 -0.361993
vt 5.856884 -0.418890
vt 5.446264 -0.739642
vt 5.611150 -0.781049
vt 3.918169 -0.349799
vt 5.338159 -1.110175
vt 3.766289 -0.817242
vt 5.202337 -1.471478
vt 5.499438 -1.163922
vt 5.656640 -1.216327
vt 5.359087 -1.537262
vt 5.771862 -0.821405
vt 5.924352 -0.859699
vt 5.805791 -1.266046
vt 5.511877 -1.601410
vt 5.656847 -1.662262
vt 5.338408 -1.974445
vt 5.190905 -1.898920
vt 5.039580 -1.821466
vt 4.850823 -2.158148
vt 4.995855 -2.246832
vt 5.137225 -2.333270
vt 4.775054 -2.578986
vt 4.637145 -2.479584
vt 3.275982 -1.666473
vt 4.399761 -2.783942
vt 3.550823 -1.259003
vt -0.567856 -1.122516
vt 0.182144 -1.666473
vt 0.182144 -1.259003
vt -0.567856 -0.714984
vt 0.182144 -0.817242
vt 4.140044 -3.069476
vt 4.529760 -2.893487
vt 2.947106 -2.031732
vt 3.859472 -3.334552
vt 4.261388 -3.188544
vt 4.656475 -3.000275
vt 4.379663 -3.304608
vt 3.971465 -3.462445
vt 4.080626 -3.587115
vt 3.559661 -3.577643
vt 3.661657 -3.713641
vt 3.761077 -3.846222
vt 3.333746 -3.940704
vt 3.242327 -3.797369
vt 4.184197 -3.705414
vt 3.855401 -3.972003
vt 3.422851 -4.080401
vt 3.507397 -4.212970
vt 3.067883 -4.288348
vt 2.989593 -4.142303
vt 2.909283 -3.992462
vt 2.631182 -4.317304
vt 2.562432 -4.161810
vt 2.153778 -2.608124
vt 2.570593 -2.347662
vt 1.704766 -2.808038
vt -0.567856 2.025616
vt 0.182144 1.704766
vt 0.182144 2.153778
vt -0.567856 2.410137
vt 0.182144 2.570593
vt -0.567856 2.757482
vt 0.182144 2.947106
vt 1.232305 -2.943512
vt 1.835351 -4.419549
vt -0.567856 1.611401
vt 0.182144 1.232305
vt 2.203771 -4.304450
vt 2.260571 -4.464679
vt 2.698205 -4.468854
vt 2.315930 -4.620868
vt 1.879870 -4.583624
vt 1.459271 -4.506464
vt 1.923260 -4.743548
vt 1.491259 -4.673419
vt 1.077709 -4.564667
vt 0.745593 -3.011908
vt 0.692828 -4.593866
vt 1.096972 -4.733575
vt 0.699261 -4.763739
vt 1.522430 -4.836175
vt 1.115746 -4.898224
vt 0.705529 -4.929327
vt 0.300414 -4.763739
vt 0.306848 -4.593866
vt 1.133557 -5.054425
vt 0.711486 -5.086432
vt 0.294146 -4.929327
vt 0.288189 -5.086432
vt -0.116071 -4.898224
vt -0.097297 -4.733575
vt -0.491578 -4.673419
vt -0.522754 -4.836175
vt -0.880183 -4.583624
vt -0.923579 -4.743548
vt -1.204096 -4.304450
vt -1.260889 -4.464679
vt -1.562751 -4.161810
vt -1.154096 -2.608124
vt -1.909607 -3.992462
vt -1.631507 -4.317304
vt -1.316254 -4.620868
vt -1.698530 -4.468854
vt -1.989918 -4.142303
vt -2.068207 -4.288348
vt -2.334070 -3.940704
vt -2.242652 -3.797369
vt -2.423176 -4.080401
vt -2.559986 -3.577643
vt -2.142481 -4.426923
vt -2.507721 -4.212970
vt -2.210877 -4.554511
vt -2.585572 -4.335028
vt -2.271656 -4.667902
vt -2.654755 -4.443500
vt -0.270816 -2.323292
vt -0.139890 -2.654755
vt -0.270816 -2.713514
vt -2.713514 -4.535626
vt -3.019770 -4.190741
vt -0.139890 -2.271656
vt -0.417398 -2.364472
vt -0.417398 -2.295679
vt -0.270816 -1.916889
vt -0.417398 -1.952143
vt -0.270816 -1.496644
vt -0.139890 -1.872694
vt -0.139890 -1.460132
vt -1.460132 -5.026764
vt -1.820655 -4.745038
vt -1.872694 -4.862689
vt -1.417151 -4.905499
vt -1.762116 -4.612640
vt -1.368781 -4.769049
vt -1.002662 -5.035004
vt -0.964753 -4.895270
vt -0.579566 -5.132758
vt -0.552332 -4.990582
vt -0.150287 -5.198273
vt -0.133881 -5.054425
vt 0.282714 -5.231110
vt 0.277850 -5.359662
vt 0.716961 -5.231110
vt 0.721832 -5.359662
vt 1.164538 -5.326080
vt 1.149963 -5.198273
vt 1.603448 -5.259125
vt 1.579241 -5.132758
vt 2.036028 -5.159149
vt 2.002337 -5.035004
vt 1.552007 -4.990582
vt 1.964428 -4.895270
vt 2.416827 -4.905499
vt 2.368456 -4.769049
vt 2.820336 -4.745038
vt 2.761791 -4.612640
vt 3.210552 -4.554511
vt 3.142163 -4.426923
vt 3.585247 -4.335028
vt 3.654431 -4.443500
vt 3.942260 -4.087823
vt 4.019445 -4.190741
vt 4.364312 -3.911115
vt 4.279565 -3.814337
vt 4.687041 -3.606219
vt 4.595208 -3.516107
vt 4.985784 -3.277765
vt 4.887402 -3.194867
vt 4.491881 -3.414716
vt 4.776702 -3.101581
vt 5.154461 -2.852460
vt 5.037023 -2.767804
vt 5.394866 -2.490826
vt 5.271361 -2.415302
vt 4.909484 -2.675885
vt 5.607226 -2.112042
vt 5.478362 -2.046075
vt 5.790331 -1.718304
vt 5.908959 -1.768097
vt 5.943133 -1.311823
vt 6.065185 -1.352509
vt 6.189538 -0.926288
vt 6.064757 -0.894952
vt 6.281298 -0.491901
vt 6.154510 -0.470087
vt 6.339947 -0.051801
vt 6.211864 -0.039642
vt 6.011834 -0.445551
vt 6.067748 -0.025970
vt 6.236510 0.393903
vt 6.091765 0.396637
vt 6.228289 0.828070
vt 6.083752 0.819855
vt 6.187261 1.260370
vt 6.043761 1.241254
vt 6.113653 1.688336
vt 6.239532 1.714923
vt 6.007897 2.109503
vt 6.131396 2.145538
vt 5.991003 2.566742
vt 5.870574 2.521478
vt 5.819164 2.976117
vt 5.702502 2.921881
vt 5.616851 3.371332
vt 5.504626 3.308417
vt 5.571239 2.860834
vt 5.378356 3.237616
vt 5.278088 3.678876
vt 5.157525 3.598737
vt 5.241210 3.160724
vt 5.024175 4.031158
vt 4.910028 3.942132
vt 4.744348 4.363226
vt 4.637255 4.265814
vt 4.440209 4.673163
vt 4.528563 4.766681
vt 4.113500 4.959235
vt 4.194530 5.059161
vt 3.839330 5.325543
vt 3.766094 5.219769
vt 3.465008 5.564288
vt 3.399975 5.453278
vt 3.073693 5.774042
vt 3.017248 5.658429
vt 3.326806 5.328363
vt 2.953729 5.528338
vt 3.247332 5.192706
vt 2.620098 5.834052
vt 2.249169 6.101935
vt 2.667645 5.953607
vt -0.270816 1.845294
vt -0.139890 2.249169
vt -0.270816 2.281762
vt -0.139890 2.667645
vt -0.139890 1.820678
vt -0.417398 1.864910
vt -0.417398 1.781414
vt -0.270816 1.401110
vt -0.270816 0.951769
vt -0.139890 1.384625
vt -0.139890 0.943505
vt -0.270816 0.499841
vt -0.139890 0.499841
vt -0.417398 0.499841
vt -0.417398 0.041314
vt -0.270816 0.047906
vt -0.417398 -0.144599
vt -0.270816 -0.401435
vt -0.139890 0.056176
vt -0.417398 -0.781733
vt -0.270816 -0.845612
vt -0.417398 -0.414576
vt -0.139890 -0.384949
vt -0.139890 -0.821003
vt -0.365546 6.174554
vt 0.056176 6.352033
vt -0.759443 5.951800
vt -1.167963 5.840949
vt -2.074018 5.774042
vt -0.139890 -2.074018
vt -0.139890 -1.667969
vt -0.270816 -2.520569
vt -0.139890 -1.249494
vt -0.270816 -1.282087
vt -0.417398 -1.308076
vt -0.567856 -1.256751
vt -0.417398 -0.865235
vt -0.567856 -1.061439
vt -4.567856 -1.256751
vt -0.567856 6.305243
vt -4.567856 6.396796
vt -4.567856 6.305243
vt -1.061439 6.360809
vt -1.087482 6.452350
vt -1.256751 6.305243
vt -0.567856 6.396796
vt -1.282795 6.396796
vt -4.567856 6.452350
vt -0.567856 6.452350
vt -4.567856 6.360809
vt -4.567856 -1.087482
vt -4.567856 -1.282795
vt -0.567856 -1.087482
vt -0.567856 6.360809
vt -0.567856 -1.282795
vt -4.567856 -1.061439
vt -0.567856 -0.329688
vt -4.567856 -0.329688
vt -4.567856 6.508270
vt -0.567856 6.602325
vt -0.567856 6.508270
vt -0.567856 -0.530341
vt -0.329688 6.508270
vt -0.344288 6.602325
vt -0.530341 6.477130
vt -4.567856 6.602325
vt -0.567856 -0.344288
vt -4.567856 -0.544947
vt -0.567856 -0.544947
vt -0.544947 6.571173
vt -4.567856 -0.344288
vt -4.567856 -0.530341
vt -0.567856 6.477130
vt -4.567856 6.571173
vt -4.567856 6.477130
vt -0.567856 6.571173
vt -4.567856 0.211675
vt -0.567856 0.211675
vt -0.567856 0.414642
vt -0.567856 6.653571
vt -4.567856 6.653571
vt -0.567856 6.558441
vt 0.211675 6.558441
vt 0.411712 6.659821
vt 0.208752 6.653571
vt -4.567856 6.558441
vt 0.414642 6.564679
vt -4.567856 6.659821
vt -0.567856 6.659821
vt -4.567856 6.564679
vt -4.567856 0.411712
vt -4.567856 0.208752
vt -0.567856 0.411712
vt -0.567856 6.564679
vt -0.567856 0.208752
vt -4.567856 0.414642
vt -0.417398 0.958361
vt -0.567856 0.958068
vt -0.567856 1.144274
vt 1.169049 6.623981
vt 0.958068 6.547943
vt 1.144274 6.530939
vt -0.567856 6.547943
vt -4.567856 6.642718
vt -4.567856 6.547943
vt -0.567856 6.642718
vt 0.966851 6.642718
vt -4.567856 6.623981
vt -0.567856 6.623981
vt -4.567856 6.529205
vt -0.567856 6.529205
vt -0.567856 1.169049
vt -4.567856 0.966851
vt -0.567856 0.966851
vt 1.160259 6.529205
vt -4.567856 1.169049
vt -0.417398 1.144274
vt -0.567856 1.781414
vt -0.270816 2.708025
vt -0.417398 2.404028
vt -0.417398 2.740234
vt -0.567856 2.610314
vt -0.567856 2.418798
vt -0.417398 3.005059
vt -4.718307 3.005059
vt -4.567856 2.610314
vt -4.567856 6.186102
vt -0.567856 6.275861
vt -0.567856 6.186102
vt 2.610314 6.186102
vt 2.641949 6.275861
vt 2.418798 6.253583
vt -4.567856 6.275861
vt -0.567856 2.641949
vt -4.567856 2.450433
vt -0.567856 2.450433
vt 2.450433 6.343353
vt -4.567856 2.641949
vt -4.718307 2.740234
vt -4.567856 2.418798
vt -0.567856 6.253583
vt -4.567856 6.343353
vt -4.567856 6.253583
vt -4.864890 3.121649
vt -4.864890 2.708025
vt -4.718307 3.564300
vt -4.718307 3.159887
vt -4.995810 3.073693
vt -4.995810 2.667645
vt -4.864890 3.520245
vt -4.864890 3.901543
vt -4.995810 3.465008
vt -4.718307 3.577715
vt -4.718307 3.951165
vt -4.718307 4.115496
vt -4.864890 4.263360
vt 3.901543 5.415387
vt 4.263360 5.144061
vt -4.995810 3.839330
vt 4.603612 4.846124
vt -4.995810 2.249169
vt 5.385229 3.750104
vt 5.125622 4.110284
vt 5.476238 3.810602
vt 5.211803 4.177496
vt 4.839520 4.449799
vt 4.920367 4.523322
vt -4.718307 4.581976
vt -4.718307 4.494916
vt -4.864890 4.523322
vt -4.864890 4.846124
vt -4.864890 4.177496
vt -4.718307 4.231110
vt -0.417398 4.494916
vt -4.567856 4.511359
vt -4.567856 4.661420
vt -0.567856 4.511359
vt -4.567856 5.048077
vt -0.567856 5.118413
vt -0.567856 5.048077
vt -4.567856 5.118413
vt 4.911279 4.661420
vt 5.118413 4.575482
vt 5.048077 4.511359
vt -4.718307 4.909491
vt -0.417398 4.909491
vt -0.567856 4.661420
vt -0.567856 4.911279
vt -4.567856 4.981616
vt -4.567856 4.911279
vt 4.981616 4.725543
vt -0.567856 4.981616
vt -0.567856 4.575482
vt -4.567856 4.725543
vt -0.567856 4.725543
vt -4.567856 4.575482
vt -4.718307 4.663476
vt -0.417398 4.612310
vt -0.417398 4.663476
vt -4.718307 4.612310
vt -4.864890 4.603612
vt -0.270816 4.603612
vt -0.270816 4.263360
vt -0.417398 4.318255
vt -0.567856 4.520959
vt -4.567856 4.520959
vt -4.567856 5.112176
vt -0.567856 5.112176
vt -4.567856 5.039899
vt 4.366754 5.172028
vt 4.582885 5.112176
vt 4.520959 5.039899
vt -0.567856 5.039899
vt -4.567856 4.366754
vt -0.567856 4.366754
vt -0.567856 5.172028
vt -4.567856 5.244293
vt -4.567856 5.172028
vt -4.718307 4.318255
vt 4.428674 5.244293
vt -0.567856 5.244293
vt -0.567856 4.582885
vt -4.567856 4.428674
vt -0.567856 4.428674
vt -4.567856 4.582885
vt -0.417398 4.115496
vt -0.270816 3.901543
vt -0.417398 3.951165
vt -0.567856 3.932885
vt -4.567856 3.932885
vt -4.567856 3.763610
vt 3.763610 5.611823
vt 3.985455 5.578998
vt 3.932885 5.499652
vt -4.567856 5.499652
vt -0.567856 5.578998
vt -0.567856 5.499652
vt -4.567856 5.578998
vt -0.567856 3.985455
vt -4.567856 3.816186
vt -0.567856 3.816186
vt 3.816186 5.691168
vt -4.567856 3.985455
vt -0.567856 3.763610
vt -0.417398 3.577715
vt -0.567856 5.611823
vt -4.567856 5.691168
vt -4.567856 5.611823
vt -0.567856 5.691168
vt -0.270816 3.520245
vt -0.417398 3.564300
vt -0.417398 3.159887
vt -0.567856 3.292773
vt -0.567856 3.110998
vt 3.292773 5.883661
vt 3.335192 5.968866
vt 3.110998 5.974176
vt -4.567856 3.292773
vt -4.567856 5.883661
vt -0.567856 5.968866
vt -0.567856 5.883661
vt -4.567856 5.968866
vt -4.567856 3.335192
vt -4.567856 3.153424
vt -0.567856 3.335192
vt 3.153424 6.059381
vt -0.567856 3.153424
vt -0.567856 5.974176
vt -4.567856 6.059381
vt -4.567856 5.974176
vt -0.567856 6.059381
vt -4.567856 3.110998
vt -0.270816 3.121649
vt -0.139890 3.465008
vt -0.139890 3.073693
vt -0.139890 3.839330
vt -0.270816 4.523322
vt -0.270816 4.846124
vt -0.270816 3.810602
vt -0.417398 3.858856
vt -0.417398 3.987311
vt -0.270816 4.177496
vt -0.567856 3.922052
vt -0.417398 4.231110
vt -0.567856 3.987311
vt 5.583935 3.977045
vt 5.461047 3.987311
vt 5.506249 3.922052
vt -0.567856 4.087787
vt 5.388921 4.087787
vt -4.567856 5.583935
vt -0.567856 5.583935
vt -4.567856 5.506249
vt -4.567856 3.977045
vt -4.567856 4.142779
vt -0.567856 3.977045
vt 5.466607 4.142779
vt -0.567856 5.506249
vt -0.567856 4.142779
vt -0.567856 5.466607
vt -4.567856 5.466607
vt -0.567856 5.388921
vt -4.567856 5.388921
vt -4.718307 3.987311
vt -4.567856 4.087787
vt -4.567856 3.987311
vt -4.718307 3.858856
vt -4.567856 3.922052
vt -4.567856 3.459808
vt -4.567856 3.440216
vt 5.876311 3.504828
vt 5.803356 3.440216
vt 5.792461 3.459808
vt -0.567856 3.459808
vt -0.567856 5.792461
vt -4.567856 5.876311
vt -4.567856 5.792461
vt -0.567856 5.876311
vt -0.567856 3.325934
vt -4.567856 3.504828
vt -0.567856 3.504828
vt -4.567856 3.325934
vt 5.972381 3.325934
vt 5.888525 3.280914
vt -4.567856 3.280914
vt -0.567856 3.280914
vt -4.567856 5.888525
vt -0.567856 5.972381
vt -0.567856 5.888525
vt -4.567856 5.972381
vt -0.567856 3.440216
vt -4.567856 2.786994
vt -0.567856 2.786994
vt -5.317856 2.764367
vt -4.567856 2.915057
vt -5.317856 3.117919
vt -4.567856 2.319855
vt -5.317856 2.859821
vt -5.317856 2.472504
vt -4.567856 2.677167
vt -4.567856 1.927191
vt -5.317856 2.046857
vt -4.567856 1.506793
vt -5.317856 1.591144
vt -4.567856 1.066840
vt -5.317856 1.114239
vt -5.317856 0.625433
vt 6.356738 0.835370
vt 6.365142 0.391473
vt -4.567856 -0.141693
vt -4.567856 -0.302216
vt -4.567856 -0.343219
vt 6.509002 -0.302216
vt 6.597826 -0.354913
vt 6.503368 -0.343219
vt 6.528319 -0.141693
vt 6.622777 -0.153387
vt -4.567856 6.597826
vt -0.567856 6.597826
vt -4.567856 6.503368
vt -4.567856 -0.354913
vt -4.567856 -0.153387
vt -0.567856 -0.354913
vt -0.567856 6.503368
vt -0.567856 -0.153387
vt -0.567856 -0.141693
vt -0.567856 -0.302216
vt -0.567856 6.528319
vt -4.567856 6.622777
vt -4.567856 6.528319
vt -0.567856 6.622777
vt -0.270816 -0.062128
vt -0.567856 0.400958
vt -4.567856 0.400958
vt -4.567856 0.604022
vt 6.561797 0.604022
vt 6.656970 0.400958
vt 6.561797 0.400958
vt -4.567856 6.561797
vt -0.567856 6.656970
vt -0.567856 6.561797
vt -4.567856 6.656970
vt 6.656970 0.604022
vt -0.567856 0.604022
vt -4.567856 1.348187
vt -0.567856 1.348187
vt -4.567856 1.882611
vt -0.567856 1.882611
vt -0.417398 2.200568
vt -0.417398 2.252765
vt -0.567856 2.079547
vt -4.718307 2.252765
vt -4.567856 2.079547
vt -0.567856 6.353936
vt -4.567856 6.446239
vt -4.567856 6.353936
vt 6.403466 1.882611
vt 6.495770 1.905829
vt 6.353936 2.079547
vt -0.567856 6.446239
vt 6.446239 2.102753
vt -4.567856 6.495770
vt -0.567856 6.495770
vt -4.567856 6.403466
vt -0.567856 6.403466
vt -0.567856 1.905829
vt -4.567856 2.102753
vt -0.567856 2.102753
vt -4.567856 1.905829
vt -4.718307 2.200568
vt -4.864890 2.176154
vt -4.995810 2.145538
vt -4.567856 2.597638
vt -0.567856 2.597638
vt 6.115765 2.786994
vt 6.277868 2.632013
vt 6.189116 2.597638
vt -4.567856 6.189116
vt -0.567856 6.277868
vt -0.567856 6.189116
vt -4.567856 6.277868
vt -4.567856 2.632013
vt -4.567856 2.821368
vt -0.567856 2.632013
vt 6.204516 2.821368
vt -0.567856 2.821368
vt -0.567856 6.115765
vt -4.567856 6.204516
vt -4.567856 6.115765
vt -0.567856 6.204516
vt 6.314788 1.277374
vt -0.139890 0.391473
vt -0.139890 -0.051801
vt -0.567856 1.146674
vt 6.528319 1.146674
vt 6.622777 1.158368
vt 6.503368 1.348187
vt -4.567856 1.146674
vt -4.567856 1.158368
vt -4.567856 1.359894
vt -0.567856 1.158368
vt 6.597826 1.359894
vt -0.567856 1.359894
vt -4.995810 1.714923
vt -0.567856 -0.343219
vt -0.567856 -0.877643
vt -0.567856 -0.936383
vt -0.417398 -1.844122
vt -0.567856 -1.074579
vt -4.567856 -1.074579
vt 6.353936 -1.074579
vt 6.446239 -1.097784
vt 6.389428 -0.936383
vt -4.567856 -1.097784
vt -4.567856 -0.900861
vt -0.567856 -1.097784
vt 6.495770 -0.900861
vt -0.567856 -0.900861
vt 6.403466 -0.877643
vt -4.567856 -0.877643
vt -4.567856 -0.936383
vt -4.864890 -1.810382
vt -4.995810 -1.352509
vt -4.567856 -0.714984
vt -4.567856 -1.122516
vt -5.317856 -1.259003
vt -4.567856 -1.498419
vt -5.317856 -1.666473
vt -4.567856 -1.835370
vt -5.317856 -2.031732
vt -4.567856 2.410137
vt -5.317856 2.947106
vt -5.317856 2.570593
vt -4.567856 2.757482
vt 3.713201 -4.535626
vt 4.085021 -4.278192
vt -4.864890 4.085021
vt -4.718307 4.137316
vt -4.864890 3.713201
vt -4.718307 3.364147
vt -4.718307 3.760064
vt -4.718307 3.851354
vt -4.864890 3.322967
vt -4.995810 3.654431
vt -0.417398 3.364147
vt -4.718307 3.295355
vt -4.567856 -4.606854
vt -0.567856 -4.686188
vt -0.567856 -4.606854
vt -4.567856 3.851354
vt 3.985455 -4.574042
vt 3.763610 -4.606854
vt 3.851354 -4.549737
vt -4.567856 -4.686188
vt 3.816186 -4.686188
vt -0.567856 -4.574042
vt -4.567856 -4.574042
vt -0.567856 -4.494696
vt -4.567856 -4.494696
vt 3.932885 -4.494696
vt -0.567856 3.851354
vt -0.417398 3.851354
vt -0.417398 3.760064
vt -0.417398 4.137316
vt -0.270816 4.085021
vt -0.270816 4.436309
vt -0.417398 4.369384
vt -0.567856 4.369384
vt -4.567856 -4.167047
vt -0.567856 -4.239325
vt -0.567856 -4.167047
vt 4.428674 -4.239325
vt 4.369384 -4.164862
vt 4.366754 -4.167047
vt 4.582885 -4.107221
vt 4.520959 -4.034943
vt -4.567856 -4.239325
vt -4.567856 4.369384
vt -4.718307 4.369384
vt -4.718307 4.493725
vt -4.864890 4.436309
vt -4.864890 4.765050
vt 4.436309 -3.993353
vt 4.765050 -3.682757
vt -4.718307 -3.727118
vt -4.718307 -3.743805
vt -4.864890 -3.682757
vt -4.718307 4.827264
vt -4.864890 -3.348199
vt 5.069360 -3.348199
vt 5.258831 -2.927692
vt 5.347491 -2.991583
vt -4.864890 -2.991583
vt -4.718307 -3.042548
vt -4.718307 -3.404376
vt -4.718307 -3.241449
vt -4.567856 -3.506402
vt -0.417398 -3.241449
vt -4.567856 -3.082831
vt -0.270816 -3.348199
vt -0.417398 -3.404376
vt -0.270816 -2.991583
vt -0.567856 -3.506402
vt -0.417398 -3.042548
vt -0.567856 -3.082831
vt -0.417398 -2.713348
vt -0.567856 -2.917096
vt 5.388921 -3.082831
vt 5.466607 -3.137824
vt 5.506249 -2.917096
vt -0.567856 -3.137824
vt -4.567856 -2.972076
vt -0.567856 -2.972076
vt 5.583935 -2.972076
vt -4.567856 -3.137824
vt -4.567856 -2.917096
vt -4.718307 -2.713348
vt -0.417398 -2.660431
vt -4.718307 -2.660431
vt -4.864890 -2.614960
vt -4.995810 -2.170673
vt -4.864890 -2.220465
vt 5.597863 -2.614960
vt 5.504620 -2.557941
vt -4.995810 -2.557941
vt 5.721746 -2.170673
vt -4.995810 -1.768097
vt -4.718307 -1.844122
vt -4.718307 -2.148822
vt -4.718307 -2.260187
vt -4.567856 -2.275934
vt -0.567856 -2.275934
vt -4.567856 -2.454828
vt 5.888525 -2.275934
vt 5.876311 -2.499872
vt 5.792461 -2.454828
vt 5.972381 -2.320966
vt -0.417398 -2.260187
vt -0.567856 -2.454828
vt -0.417398 -2.148822
vt -4.567856 -2.499872
vt -4.567856 -2.320966
vt -0.567856 -2.499872
vt -0.567856 -2.320966
vt -0.270816 -2.220465
vt -0.567856 -1.782013
vt -4.567856 -1.782013
vt -0.567856 -1.592670
vt 6.115765 -1.782013
vt 6.204516 -1.816412
vt 6.189116 -1.592670
vt -0.567856 -1.816412
vt -4.567856 -1.627057
vt -0.567856 -1.627057
vt 6.277868 -1.627057
vt -4.567856 -1.816412
vt -4.567856 -1.592670
vt -0.270816 -2.614960
vt -0.139890 -2.557941
vt -0.139890 -2.170673
vt -0.567856 -3.656464
vt 4.911279 -3.656464
vt 4.981616 -3.720587
vt 5.048077 -3.506402
vt 5.118413 -3.570514
vt -4.567856 -3.720587
vt -4.567856 -3.570514
vt -0.567856 -3.720587
vt -0.567856 -3.570514
vt -4.567856 -3.656464
vt -0.417398 -3.727118
vt -0.270816 -3.682757
vt -0.417398 -3.743805
vt -0.417398 4.827264
vt -0.270816 4.765050
vt -0.417398 4.493725
vt -0.567856 -4.034943
vt -4.567856 -4.107221
vt -4.567856 -4.034943
vt -0.567856 -4.107221
vt -0.270816 3.713201
vt -0.270816 3.322967
vt -0.139890 3.271331
vt -0.139890 3.654431
vt -0.139890 2.872369
vt 3.271331 -4.667902
vt 2.872369 -4.862689
vt -0.270816 2.916564
vt -0.139890 2.459808
vt 2.459808 -5.026764
vt -0.270816 2.496325
vt -0.139890 2.036028
vt -0.270816 2.064648
vt -0.417398 2.094976
vt -0.417398 2.525445
vt -0.417398 2.707678
vt -0.417398 2.951818
vt -4.718307 2.707678
vt -4.718307 2.525445
vt -4.864890 2.496325
vt -4.718307 2.951818
vt -4.995810 2.459808
vt -4.995810 2.872369
vt -4.864890 2.064648
vt -4.864890 2.916564
vt -4.718307 2.094976
vt -4.718307 2.087469
vt -4.718307 1.640399
vt -4.864890 1.624005
vt -4.995810 2.036028
vt -4.995810 1.603448
vt -4.567856 1.611401
vt -5.317856 2.153778
vt -5.317856 1.704766
vt -4.567856 2.025616
vt -4.567856 -0.175873
vt -5.317856 0.254083
vt -5.317856 -0.232630
vt -4.567856 0.273132
vt -5.317856 0.745593
vt -4.864890 1.176928
vt -4.864890 0.725964
vt -4.995810 1.164538
vt -4.995810 0.721832
vt -4.718307 1.464208
vt -4.718307 1.186804
vt -4.718307 0.822515
vt -0.417398 1.464208
vt 1.895873 -5.397406
vt 1.717877 -5.533820
vt 1.697515 -5.440851
vt -4.567856 -5.440851
vt -0.567856 -5.533820
vt -0.567856 -5.440851
vt -4.567856 -5.533820
vt 1.916235 -5.490375
vt -0.417398 2.087469
vt -0.567856 -5.397406
vt -4.567856 -5.490375
vt -4.567856 -5.397406
vt -0.567856 -5.490375
vt -0.270816 1.624005
vt -0.417398 1.640399
vt -0.270816 1.176928
vt -0.417398 1.186804
vt -0.139890 1.164538
vt -0.139890 1.603448
vt -0.417398 0.822515
vt 0.958068 -5.542975
vt 0.966851 -5.637763
vt 1.160259 -5.524249
vt -4.567856 -5.542975
vt -0.567856 -5.637763
vt -0.567856 -5.542975
vt -4.567856 -5.637763
vt 1.169049 -5.619012
vt -0.567856 -5.619012
vt -4.567856 -5.619012
vt -0.567856 -5.524249
vt -4.567856 -5.524249
vt -0.270816 0.725964
vt -0.417398 0.729266
vt -4.718307 0.729266
vt -0.270816 0.273712
vt -0.417398 0.270410
vt 0.211675 -5.553461
vt 0.208752 -5.648602
vt 0.414642 -5.559723
vt -4.567856 -5.553461
vt -0.567856 -5.648602
vt -0.567856 -5.553461
vt -0.417398 0.177166
vt -4.718307 0.177166
vt -4.718307 0.270410
vt -4.567856 -5.648602
vt 0.411712 -5.654852
vt -0.567856 -5.654852
vt -4.567856 -5.654852
vt -0.567856 -5.559723
vt -4.567856 -5.559723
vt -4.864890 0.273712
vt -4.864890 -0.177247
vt -4.995810 0.277850
vt -4.718307 -0.187128
vt -4.864890 -0.624329
vt -4.995810 -0.164863
vt -4.718307 -0.464533
vt -4.567856 -0.464533
vt -4.718307 -0.640723
vt -4.718307 -1.087794
vt -0.464533 -5.483136
vt -0.544947 -5.566205
vt -0.530341 -5.472150
vt -4.567856 -5.566205
vt -0.567856 -5.566205
vt -4.567856 -5.472150
vt -0.567856 -5.472150
vt -0.417398 -0.640723
vt -0.417398 -0.464533
vt -0.567856 -0.464533
vt -0.270816 -1.064973
vt -0.417398 -1.087794
vt -0.270816 -0.624329
vt -0.567856 -1.095301
vt -0.417398 -1.095301
vt -1.256751 -5.300275
vt -1.282795 -5.391815
vt -1.095301 -5.346723
vt -1.087482 -5.447394
vt -1.061439 -5.355841
vt -0.567856 -5.447394
vt -4.567856 -5.447394
vt -0.567856 -5.355841
vt -4.567856 -5.355841
vt -4.567856 -1.095301
vt -4.718307 -1.095301
vt -4.718307 -1.525770
vt -4.864890 -1.496644
vt -4.864890 -1.064973
vt -4.995810 -1.036347
vt -4.995810 -0.603766
vt -0.603766 -5.259125
vt -1.036347 -5.159149
vt -0.164863 -5.326080
vt -4.567856 -1.025941
vt -5.317856 -0.705091
vt -5.317856 -1.154096
vt -4.567856 -0.611725
vt -1.570911 -2.347662
vt -3.364637 -3.911115
vt -3.436628 -3.993353
vt -3.085340 -4.278192
vt -4.995810 -2.654755
vt -4.995810 -2.271656
vt -4.864890 -2.713514
vt -4.864890 -2.323292
vt -4.718307 -2.760389
vt -4.718307 -2.851679
vt -4.864890 -3.085340
vt -4.718307 -2.295679
vt -4.718307 -2.364472
vt -4.864890 -1.916889
vt -4.995810 -1.872694
vt -4.718307 -1.952143
vt -4.718307 -1.707996
vt -0.417398 -1.707996
vt -0.417398 -1.525770
vt -0.567856 -5.119574
vt -4.567856 -5.207232
vt -4.567856 -5.119574
vt -1.956525 -5.040423
vt -1.993622 -5.128082
vt -1.769526 -5.119574
vt -0.567856 -5.207232
vt -1.806629 -5.207232
vt -4.567856 -5.128082
vt -0.567856 -5.128082
vt -4.567856 -5.040423
vt -0.567856 -5.040423
vt -0.567856 -4.798078
vt -4.567856 -4.880511
vt -4.567856 -4.798078
vt -2.443207 -4.798078
vt -2.666657 -4.778986
vt -2.619068 -4.696551
vt -2.490797 -4.880511
vt -4.567856 -4.778986
vt -0.567856 -4.778986
vt -4.567856 -4.696551
vt -0.567856 -4.696551
vt -0.417398 -2.760389
vt -0.417398 -2.851679
vt -0.417398 -3.137641
vt -0.567856 -4.396246
vt -4.567856 -4.472198
vt -4.567856 -4.396246
vt -3.234333 -4.273871
vt -3.291688 -4.349835
vt -3.072285 -4.396246
vt -0.567856 -4.472198
vt -3.129639 -4.472198
vt -4.567856 -4.349835
vt -0.567856 -4.349835
vt -4.567856 -4.273871
vt -0.567856 -4.273871
vt -0.417398 -3.369709
vt -4.718307 -3.369709
vt -0.270816 -3.436628
vt -0.417398 -3.494050
vt -4.718307 -3.494050
vt -0.270816 -3.085340
vt -4.864890 -3.436628
vt -4.718307 -3.827589
vt -4.567856 -3.647205
vt -4.567856 -3.792982
vt -3.647205 -3.920135
vt -3.859235 -3.847113
vt -3.792982 -3.778778
vt -0.567856 -3.647205
vt -0.567856 -3.920135
vt -4.567856 -3.988471
vt -4.567856 -3.920135
vt -3.713465 -3.988471
vt -4.567856 -3.859235
vt -4.567856 -3.713465
vt -0.567856 -3.859235
vt -4.567856 -3.847113
vt -0.567856 -3.847113
vt -4.567856 -3.778778
vt -0.567856 -3.778778
vt -0.567856 -3.713465
vt -0.567856 -3.988471
vt -0.417398 -3.827589
vt -0.567856 -3.792982
vt -0.270816 -3.765369
vt -3.687360 -3.606219
vt -3.765369 -3.682757
vt -3.986103 -3.277765
vt -4.069678 -3.348199
vt -4.347816 -2.991583
vt -0.567856 -3.376996
vt -0.567856 -3.241449
vt -4.360713 -3.278473
vt -4.159260 -3.376996
vt -4.268873 -3.241449
vt -4.567856 -3.376996
vt -0.567856 -4.159260
vt -4.567856 -4.233411
vt -4.567856 -4.159260
vt -0.567856 -4.233411
vt -4.233411 -3.436664
vt -4.567856 -4.360713
vt -0.567856 -4.360713
vt -4.567856 -4.286561
vt -4.567856 -3.278473
vt -4.567856 -3.436664
vt -0.567856 -3.278473
vt -0.567856 -4.286561
vt -4.286561 -3.218793
vt -0.567856 -3.436664
vt -4.567856 -3.218793
vt -0.567856 -3.218793
vt -4.567856 -2.775043
vt -0.567856 -2.775043
vt -0.567856 -4.600690
vt -4.567856 -4.681611
vt -4.567856 -4.600690
vt -0.567856 -2.713348
vt -4.639808 -2.713348
vt -4.681611 -2.825153
vt -4.600690 -2.775043
vt -0.567856 -4.681611
vt -0.567856 -2.652508
vt -4.567856 -2.825153
vt -0.567856 -2.825153
vt -4.567856 -2.652508
vt -4.788508 -2.652508
vt -4.707582 -2.602399
vt -4.567856 -2.713348
vt -4.567856 -2.602399
vt -0.567856 -2.602399
vt -4.598188 -2.614960
vt -4.567856 -1.938934
vt -4.567856 -2.123407
vt -0.567856 -2.123407
vt -5.051264 -2.163190
vt -5.136134 -1.978717
vt -4.964802 -2.123407
vt -5.049671 -1.938934
vt -4.567856 -1.978717
vt -4.567856 -2.163190
vt -0.567856 -1.978717
vt -0.567856 -2.163190
vt -0.567856 -1.938934
vt -5.340272 -0.051801
vt -2.551148 -1.259003
vt -4.567856 -1.757801
vt -5.317856 -1.570911
vt -5.317856 -1.947431
vt -4.864890 -3.765369
vt -4.567856 -3.241449
vt -4.567856 -4.707582
vt -0.567856 -4.788508
vt -0.567856 -4.707582
vt -4.567856 -4.788508
vt -4.718307 -3.137641
vt -0.567856 -4.880511
vt -4.995810 -1.460132
vt -4.567856 -1.410462
vt -4.567856 -5.391815
vt -0.567856 -5.391815
vt -4.567856 -5.300275
vt -0.567856 -5.300275
vt -0.270816 -0.177247
vt -0.139890 -0.603766
vt -0.139890 -1.036347
vt -0.139890 -0.164863
vt -0.139890 0.277850
vt -0.417398 -0.187128
vt -0.329688 -5.503302
vt -0.567856 -5.503302
vt -4.567856 -5.597357
vt -4.567856 -5.503302
vt -0.567856 -5.597357
vt -0.344288 -5.597357
vt -0.139890 0.721832
vt -4.567856 0.726550
vt -5.317856 1.232305
vt -4.567856 1.175549
vt -4.995810 3.271331
vt 2.610314 -5.181122
vt 2.450433 -5.338385
vt 2.418798 -5.248627
vt -4.567856 -5.248627
vt -0.567856 -5.338385
vt -0.567856 -5.248627
vt -4.567856 -5.338385
vt 2.641949 -5.270905
vt -0.567856 -5.270905
vt -4.567856 -5.270905
vt -0.567856 -5.181122
vt -4.567856 -5.181122
vt 3.292773 -4.878705
vt 3.153424 -5.054400
vt 3.110998 -4.969208
vt -4.567856 -5.054400
vt -0.567856 -5.054400
vt -4.567856 -4.969208
vt -0.567856 -4.969208
vt 3.335192 -4.963898
vt -0.567856 -4.963898
vt -4.567856 -4.963898
vt -0.567856 -4.878705
vt -4.567856 -4.878705
vt -0.417398 3.295355
vt -0.417398 3.467401
vt -0.417398 4.581976
vt -0.567856 6.343353
vt -0.567856 -1.025941
vt 0.182144 -1.570911
vt 0.182144 -1.154096
vt -0.567856 -1.410462
vt 0.182144 -1.947431
vt -0.567856 -0.611725
vt -0.567856 1.175549
vt 0.182144 0.745593
vt -0.567856 -1.498419
vt 0.182144 -2.031732
vt -0.567856 -1.835370
vt -0.567856 1.927191
vt 0.182144 2.046857
vt -0.567856 2.319855
vt 0.182144 2.472504
vt -0.567856 2.677167
vt 0.182144 2.859821
vt -0.567856 2.915057
vt -0.567856 0.952154
vt 0.182144 0.990142
vt -0.567856 0.499841
vt 0.182144 0.499841
vt -0.270816 -3.603938
vt -0.417398 -3.663801
vt -0.567856 3.780011
vt -0.567856 3.607367
vt -4.567856 3.607367
vt -4.567856 3.780011
vt -4.707582 3.607367
vt -4.681611 3.830121
vt -4.600690 3.780011
vt -4.788508 3.657465
vt -4.567856 3.830121
vt -4.567856 3.657465
vt -0.567856 3.830121
vt -0.567856 3.657465
vt -0.567856 4.223761
vt -4.567856 4.223761
vt -4.567856 4.381964
vt -4.286561 4.223761
vt -4.233411 4.441644
vt -4.159260 4.381964
vt -0.567856 4.381964
vt -0.567856 4.441644
vt -4.567856 4.283441
vt -0.567856 4.283441
vt -4.360713 4.283441
vt -4.567856 4.441644
vt -4.567856 4.783759
vt -0.567856 4.783759
vt -4.718307 -3.663801
vt -3.792982 4.783759
vt -3.713465 4.993439
vt -3.647205 4.925116
vt -4.567856 4.852081
vt -3.859235 4.852081
vt -4.567856 4.993439
vt -0.567856 4.993439
vt -4.567856 4.925116
vt -0.567856 4.925116
vt -0.567856 4.852081
vt -0.417398 -3.985169
vt -0.567856 2.436932
vt -4.567856 2.436932
vt -0.567856 2.252765
vt -5.246070 2.436932
vt -5.336768 2.465778
vt -5.304822 2.252765
vt -4.567856 2.465778
vt -4.567856 2.272284
vt -0.567856 2.465778
vt -0.567856 2.272284
vt -5.398328 2.272284
vt -5.307630 2.243427
vt -4.567856 2.252765
vt -5.044080 1.241254
vt -5.084077 0.819855
vt -2.666590 2.046857
vt -4.567856 -1.589222
vt -5.317856 -2.118244
vt -5.317856 -1.764686
vt -4.567856 -1.915381
vt -4.567856 -0.822053
vt -5.317856 -1.367054
vt -5.317856 -0.933082
vt -4.567856 -0.395978
vt -5.317856 -0.471229
vt -4.567856 0.047527
vt -5.317856 0.009533
vt -4.567856 0.499841
vt -5.317856 0.499841
vt -4.567856 -1.222400
vt -0.567856 2.243427
vt -0.567856 5.354791
vt -0.567856 6.133039
vt -4.567856 0.952154
vt -0.567856 -1.757801
vt -0.567856 -1.915381
vt 0.182144 -2.118244
s 0
usemtl Black_Mosaic_Studded_Rubber
f 1/1/1 3/2/1 2/3/1
f 8/4/2 1/5/2 2/6/2
f 1/1/1 6/7/1 3/2/1
f 4/8/1 5/9/1 1/1/1
f 7/10/3 4/11/3 1/5/3
f 1/1/1 5/9/1 6/7/1
f 7/10/2 1/5/2 8/4/2
f 10/12/1 7/13/1 8/14/1
f 8/4/4 2/6/4 9/15/4
f 8/14/1 9/16/1 10/12/1
f 11/17/1 17/18/1 10/12/1
f 10/12/1 47/19/1 11/17/1
f 48/20/1 12/21/1 10/12/1
f 10/12/1 12/21/1 18/22/1
f 10/12/1 49/23/1 13/24/1
f 10/12/1 13/24/1 19/25/1
f 14/26/1 20/27/1 10/12/1
f 10/12/1 50/28/1 14/26/1
f 51/29/1 15/30/1 10/12/1
f 10/12/1 15/30/1 21/31/1
f 10/12/1 52/32/1 16/33/1
f 10/12/1 16/33/1 22/34/1
f 10/12/1 17/18/1 23/35/1
f 10/12/1 18/22/1 24/36/1
f 19/25/1 25/37/1 10/12/1
f 10/12/1 20/27/1 7/13/1
f 10/12/1 21/31/1 26/38/1
f 22/34/1 27/39/1 10/12/1
f 10/12/1 23/35/1 41/40/1
f 24/36/1 28/41/1 10/12/1
f 10/12/1 25/37/1 29/42/1
f 26/38/1 30/43/1 10/12/1
f 10/12/1 27/39/1 31/44/1
f 10/12/1 28/41/1 32/45/1
f 10/12/1 29/42/1 33/46/1
f 10/12/1 30/43/1 34/47/1
f 10/12/1 31/44/1 35/48/1
f 10/12/1 32/45/1 36/49/1
f 33/46/1 37/50/1 10/12/1
f 10/12/1 9/16/1 38/51/1
f 10/12/1 34/47/1 39/52/1
f 35/48/1 40/53/1 10/12/1
f 36/49/1 42/54/1 10/12/1
f 10/12/1 37/50/1 43/55/1
f 10/12/1 38/51/1 44/56/1
f 39/52/1 45/57/1 10/12/1
f 10/12/1 40/53/1 46/58/1
f 41/40/1 52/32/1 10/12/1
f 10/12/1 42/54/1 47/19/1
f 10/12/1 43/55/1 48/20/1
f 44/56/1 49/23/1 10/12/1
f 10/12/1 45/57/1 50/28/1
f 10/12/1 46/58/1 51/29/1
f 41/59/5 53/60/5 52/61/5
f 52/61/5 53/60/5 54/62/5
f 52/61/6 54/62/6 16/63/6
f 53/64/1 55/65/1 54/66/1
f 55/65/1 56/67/1 54/66/1
f 54/66/1 56/67/1 57/68/1
f 54/66/1 57/68/1 58/69/1
f 16/63/6 54/62/6 58/70/6
f 58/69/1 57/68/1 59/71/1
f 58/69/1 59/71/1 60/72/1
f 22/73/7 58/70/7 60/74/7
f 16/63/7 58/70/7 22/73/7
f 60/72/1 62/75/1 61/76/1
f 27/77/8 60/74/8 61/78/8
f 60/72/1 63/79/1 62/75/1
f 60/72/1 59/71/1 63/79/1
f 22/73/8 60/74/8 27/77/8
f 65/80/9 63/79/9 59/71/9
f 64/81/10 62/75/10 63/79/10
f 64/81/10 63/79/10 65/80/10
f 68/82/11 65/80/11 66/83/11
f 66/83/12 65/80/12 67/84/12
f 68/82/11 64/81/11 65/80/11
f 65/80/9 59/71/9 67/84/9
f 69/85/13 71/86/13 68/82/13
f 69/85/13 68/82/13 70/87/13
f 70/87/14 68/82/14 66/83/14
f 71/86/15 64/81/15 68/82/15
f 72/88/16 73/89/16 71/86/16
f 72/88/17 71/86/17 69/85/17
f 73/89/18 74/90/18 71/86/18
f 71/86/15 74/90/15 64/81/15
f 73/89/18 75/91/18 74/90/18
f 75/91/19 76/92/19 74/90/19
f 74/90/20 62/75/20 64/81/20
f 74/90/20 76/92/20 62/75/20
f 61/76/1 62/75/1 76/92/1
f 61/76/1 76/92/1 77/93/1
f 75/91/19 77/93/19 76/92/19
f 78/94/1 61/76/1 77/93/1
f 77/93/1 79/95/1 78/94/1
f 80/96/21 79/95/21 77/93/21
f 80/96/21 77/93/21 75/91/21
f 81/97/22 83/98/22 80/96/22
f 81/97/22 80/96/22 82/99/22
f 82/99/23 80/96/23 75/91/23
f 83/98/24 79/95/24 80/96/24
f 84/100/25 85/101/25 83/98/25
f 84/100/26 83/98/26 81/97/26
f 85/101/27 86/102/27 83/98/27
f 83/98/24 86/102/24 79/95/24
f 78/94/1 79/95/1 86/102/1
f 78/94/1 86/102/1 87/103/1
f 87/103/1 86/102/1 88/104/1
f 85/101/27 88/104/27 86/102/27
f 87/103/1 88/104/1 89/105/1
f 90/106/28 89/105/28 88/104/28
f 90/106/28 88/104/28 85/101/28
f 91/107/29 93/108/29 90/106/29
f 91/107/29 90/106/29 92/109/29
f 92/109/30 90/106/30 85/101/30
f 93/108/31 89/105/31 90/106/31
f 96/110/32 93/108/32 91/107/32
f 95/111/33 94/112/33 93/108/33
f 93/108/31 94/112/31 89/105/31
f 96/110/32 95/111/32 93/108/32
f 97/113/34 99/114/34 96/110/34
f 97/113/34 96/110/34 98/115/34
f 98/115/35 96/110/35 91/107/35
f 99/114/36 95/111/36 96/110/36
f 100/116/37 101/117/37 99/114/37
f 100/116/38 99/114/38 97/113/38
f 101/117/39 102/118/39 99/114/39
f 99/114/36 102/118/36 95/111/36
f 101/117/39 103/119/39 102/118/39
f 103/119/40 105/120/40 102/118/40
f 102/118/41 104/121/41 95/111/41
f 102/118/41 105/120/41 104/121/41
f 106/122/1 104/121/1 105/120/1
f 106/122/1 105/120/1 107/123/1
f 105/120/1 108/124/1 107/123/1
f 103/119/40 108/124/40 105/120/40
f 107/123/1 108/124/1 109/125/1
f 110/126/42 109/125/42 108/124/42
f 110/126/42 108/124/42 103/119/42
f 111/127/43 113/128/43 110/126/43
f 111/127/43 110/126/43 112/129/43
f 112/129/44 110/126/44 103/119/44
f 113/128/45 109/125/45 110/126/45
f 114/130/46 115/131/46 113/128/46
f 114/130/46 113/128/46 111/127/46
f 115/131/47 116/132/47 113/128/47
f 113/128/45 116/132/45 109/125/45
f 117/133/1 109/125/1 116/132/1
f 117/133/1 116/132/1 118/134/1
f 115/131/47 118/134/47 116/132/47
f 117/133/1 118/134/1 121/135/1
f 121/135/1 118/134/1 119/136/1
f 120/137/48 119/136/48 118/134/48
f 120/137/48 118/134/48 115/131/48
f 121/135/1 123/138/1 122/139/1
f 26/140/49 121/141/49 122/142/49
f 121/135/1 119/136/1 123/138/1
f 21/143/50 117/144/50 121/141/50
f 21/143/49 121/141/49 26/140/49
f 122/139/1 123/138/1 124/145/1
f 125/146/51 124/145/51 123/138/51
f 126/147/52 123/138/52 119/136/52
f 125/146/51 123/138/51 126/147/51
f 128/148/53 126/147/53 127/149/53
f 127/149/54 126/147/54 120/137/54
f 128/148/53 125/146/53 126/147/53
f 126/147/52 119/136/52 120/137/52
f 129/150/55 131/151/55 128/148/55
f 129/150/55 128/148/55 130/152/55
f 130/152/56 128/148/56 127/149/56
f 131/151/57 125/146/57 128/148/57
f 132/153/58 133/154/58 131/151/58
f 132/153/58 131/151/58 129/150/58
f 133/154/59 134/155/59 131/151/59
f 131/151/60 134/155/60 125/146/60
f 133/154/59 135/156/59 134/155/59
f 135/156/61 136/157/61 134/155/61
f 134/155/62 124/145/62 125/146/62
f 134/155/62 136/157/62 124/145/62
f 122/139/1 136/157/1 137/158/1
f 122/139/1 124/145/1 136/157/1
f 137/158/1 136/157/1 138/159/1
f 135/156/61 138/159/61 136/157/61
f 137/158/1 138/159/1 139/160/1
f 140/161/63 139/160/63 138/159/63
f 140/161/63 138/159/63 135/156/63
f 141/162/64 143/163/64 140/161/64
f 141/162/64 140/161/64 142/164/64
f 142/164/65 140/161/65 135/156/65
f 143/163/66 139/160/66 140/161/66
f 144/165/67 146/166/67 143/163/67
f 144/165/68 143/163/68 141/162/68
f 146/166/69 145/167/69 143/163/69
f 143/163/66 145/167/66 139/160/66
f 147/168/70 149/169/70 146/166/70
f 147/168/70 146/166/70 144/165/70
f 146/166/69 148/170/69 145/167/69
f 149/169/71 148/170/71 146/166/71
f 150/171/72 151/172/72 149/169/72
f 150/171/72 149/169/72 147/168/72
f 151/172/73 152/173/73 149/169/73
f 149/169/71 152/173/71 148/170/71
f 153/174/1 148/170/1 152/173/1
f 153/174/1 152/173/1 154/175/1
f 152/173/1 155/176/1 154/175/1
f 151/172/73 155/176/73 152/173/73
f 154/175/1 155/176/1 156/177/1
f 157/178/74 156/177/74 155/176/74
f 157/178/74 155/176/74 151/172/74
f 159/179/75 158/180/75 157/178/75
f 158/180/76 156/177/76 157/178/76
f 160/181/77 157/178/77 151/172/77
f 159/179/75 157/178/75 160/181/75
f 161/182/78 159/179/78 160/181/78
f 161/182/78 160/181/78 162/183/78
f 162/183/79 160/181/79 150/171/79
f 160/181/77 151/172/77 150/171/77
f 163/184/80 161/182/80 162/183/80
f 163/184/80 162/183/80 164/185/80
f 164/185/81 162/183/81 165/186/81
f 162/183/79 150/171/79 165/186/79
f 164/185/81 165/186/81 166/187/81
f 166/187/82 165/186/82 167/188/82
f 165/186/83 147/168/83 167/188/83
f 165/186/84 150/171/84 147/168/84
f 166/187/85 167/188/85 168/189/85
f 168/189/86 167/188/86 169/190/86
f 167/188/87 144/165/87 169/190/87
f 167/188/88 147/168/88 144/165/88
f 168/189/86 169/190/86 170/191/86
f 170/191/89 169/190/89 171/192/89
f 169/190/90 141/162/90 171/192/90
f 169/190/90 144/165/90 141/162/90
f 173/193/91 171/192/91 172/194/91
f 171/192/92 142/164/92 172/194/92
f 171/192/92 141/162/92 142/164/92
f 170/191/93 171/192/93 173/193/93
f 174/195/94 170/191/94 173/193/94
f 174/195/94 173/193/94 175/196/94
f 175/196/95 173/193/95 176/197/95
f 173/193/91 172/194/91 176/197/91
f 175/196/95 176/197/95 177/198/95
f 177/198/96 176/197/96 178/199/96
f 176/197/97 132/153/97 178/199/97
f 176/197/98 172/194/98 132/153/98
f 177/198/99 178/199/99 179/200/99
f 179/200/100 178/199/100 180/201/100
f 178/199/101 129/150/101 180/201/101
f 178/199/102 132/153/102 129/150/102
f 182/202/103 180/201/103 181/203/103
f 180/201/104 130/152/104 181/203/104
f 180/201/104 129/150/104 130/152/104
f 179/200/100 180/201/100 182/202/100
f 184/204/105 182/205/105 183/206/105
f 183/206/106 182/205/106 185/207/106
f 184/204/105 179/208/105 182/205/105
f 182/202/103 181/203/103 185/209/103
f 183/206/106 185/207/106 188/210/106
f 188/210/107 185/207/107 186/211/107
f 185/209/108 187/212/108 186/213/108
f 185/209/108 181/203/108 187/212/108
f 189/214/109 190/215/109 188/210/109
f 188/210/110 186/211/110 189/214/110
f 190/215/111 191/216/111 188/210/111
f 188/210/112 191/216/112 192/217/112
f 188/210/113 192/217/113 183/206/113
f 191/216/114 194/218/114 192/217/114
f 183/206/115 192/217/115 193/219/115
f 192/217/116 195/220/116 193/219/116
f 192/217/117 194/218/117 195/220/117
f 193/219/118 195/220/118 196/221/118
f 195/220/119 197/222/119 196/221/119
f 195/223/120 199/224/120 197/225/120
f 194/226/1 200/227/1 195/228/1
f 198/229/120 199/224/120 195/223/120
f 195/228/1 200/227/1 198/230/1
f 200/231/121 199/232/121 198/233/121
f 202/234/122 200/235/122 201/236/122
f 201/236/122 200/235/122 194/237/122
f 202/238/121 199/232/121 200/231/121
f 197/228/123 202/227/123 201/226/123
f 199/230/123 202/227/123 197/228/123
f 203/239/124 197/222/124 201/240/124
f 203/239/125 201/240/125 194/218/125
f 207/241/126 203/239/126 191/216/126
f 191/216/125 203/239/125 194/218/125
f 204/242/127 197/222/127 203/239/127
f 203/239/128 206/243/128 204/242/128
f 203/239/129 207/241/129 205/244/129
f 205/244/130 206/243/130 203/239/130
f 190/215/126 207/241/126 191/216/126
f 209/245/131 208/246/131 207/241/131
f 207/241/132 208/246/132 211/247/132
f 209/245/133 207/241/133 210/248/133
f 190/215/133 210/248/133 207/241/133
f 205/244/134 207/241/134 211/247/134
f 208/246/135 215/249/135 211/247/135
f 211/247/136 215/249/136 212/250/136
f 211/247/137 212/250/137 213/251/137
f 214/252/138 211/247/138 213/251/138
f 205/244/139 211/247/139 214/252/139
f 216/253/140 215/249/140 217/254/140
f 215/249/141 216/253/141 212/250/141
f 217/254/142 215/249/142 219/255/142
f 218/256/143 219/255/143 215/249/143
f 218/256/144 215/249/144 208/246/144
f 189/214/145 220/257/145 219/255/145
f 222/258/146 219/255/146 220/257/146
f 219/255/147 221/259/147 189/214/147
f 223/260/148 221/259/148 219/255/148
f 217/254/142 219/255/142 222/258/142
f 223/260/143 219/255/143 218/256/143
f 218/261/149 224/262/149 223/263/149
f 223/260/150 210/248/150 190/215/150
f 223/264/1 224/265/1 210/266/1
f 190/215/151 221/259/151 223/260/151
f 225/267/149 224/262/149 218/261/149
f 225/268/152 227/269/152 224/270/152
f 210/266/1 224/265/1 226/271/1
f 224/270/152 227/269/152 226/272/152
f 210/273/153 227/274/153 209/275/153
f 227/271/123 225/265/123 209/266/123
f 226/276/153 227/274/153 210/273/153
f 209/266/123 225/265/123 218/264/123
f 222/258/154 220/257/154 228/277/154
f 222/278/155 230/279/155 217/280/155
f 228/281/1 231/282/1 222/283/1
f 229/284/155 230/279/155 222/278/155
f 222/283/1 231/282/1 229/285/1
f 231/286/156 230/287/156 229/288/156
f 232/289/156 230/287/156 231/286/156
f 232/290/157 231/291/157 233/292/157
f 233/292/157 231/291/157 228/293/157
f 228/277/158 234/294/158 233/295/158
f 233/295/158 234/294/158 235/296/158
f 233/295/159 235/296/159 217/254/159
f 217/283/123 232/282/123 233/281/123
f 235/296/160 234/294/160 236/297/160
f 235/296/161 236/297/161 237/298/161
f 217/254/162 235/296/162 216/253/162
f 216/253/163 235/296/163 212/250/163
f 212/250/164 235/296/164 237/298/164
f 212/250/165 237/298/165 240/299/165
f 241/300/166 237/298/166 236/297/166
f 238/301/167 239/302/167 237/298/167
f 238/301/166 237/298/166 241/300/166
f 240/299/168 237/298/168 239/302/168
f 243/303/169 242/304/169 241/300/169
f 241/300/170 242/304/170 238/301/170
f 241/300/171 236/297/171 244/305/171
f 241/300/172 244/305/172 243/303/172
f 244/305/173 236/297/173 245/306/173
f 244/307/123 248/308/123 243/309/123
f 244/305/173 245/306/173 246/310/173
f 246/293/174 247/290/174 244/292/174
f 247/311/123 248/308/123 244/307/123
f 248/279/175 249/284/175 243/280/175
f 248/312/176 247/313/176 249/314/176
f 250/309/1 249/308/1 246/307/1
f 246/307/1 249/308/1 251/311/1
f 243/280/175 249/284/175 250/278/175
f 249/314/176 247/313/176 251/315/176
f 251/291/174 247/290/174 246/293/174
f 246/310/177 253/316/177 250/317/177
f 250/317/178 253/316/178 252/318/178
f 250/317/179 252/318/179 243/303/179
f 252/318/180 253/316/180 254/319/180
f 254/319/181 253/316/181 245/306/181
f 246/310/182 245/306/182 253/316/182
f 255/320/183 256/321/183 254/319/183
f 254/319/184 259/322/184 255/320/184
f 254/319/185 256/321/185 252/318/185
f 254/319/181 245/306/181 257/323/181
f 257/323/186 258/324/186 254/319/186
f 254/319/187 258/324/187 259/322/187
f 255/320/188 259/322/188 260/325/188
f 258/326/189 261/327/189 259/328/189
f 259/328/190 262/329/190 260/330/190
f 259/328/190 261/327/190 262/329/190
f 260/330/191 262/329/191 263/331/191
f 261/327/192 100/116/192 262/329/192
f 262/329/193 97/113/193 263/331/193
f 262/329/194 100/116/194 97/113/194
f 265/332/195 263/331/195 264/333/195
f 263/331/196 98/115/196 264/333/196
f 263/331/197 97/113/197 98/115/197
f 260/330/191 263/331/191 265/332/191
f 268/334/198 260/325/198 265/335/198
f 268/334/198 265/335/198 266/336/198
f 266/336/199 265/335/199 267/337/199
f 265/332/195 264/333/195 267/338/195
f 266/336/200 269/339/200 268/334/200
f 268/334/201 269/339/201 270/340/201
f 268/334/202 270/340/202 255/320/202
f 255/320/188 260/325/188 268/334/188
f 255/320/203 270/340/203 256/321/203
f 270/340/204 272/341/204 256/321/204
f 269/339/205 271/342/205 270/340/205
f 270/340/206 271/342/206 272/341/206
f 274/343/1 272/344/1 271/345/1
f 256/321/207 272/341/207 273/346/207
f 274/343/1 273/347/1 272/344/1
f 278/275/208 274/276/208 271/273/208
f 274/348/209 276/349/209 275/350/209
f 275/351/1 273/347/1 274/343/1
f 277/352/209 276/349/209 274/348/209
f 277/274/208 274/276/208 278/275/208
f 280/353/210 278/354/210 271/342/210
f 279/355/211 281/356/211 278/354/211
f 279/355/212 278/354/212 280/353/212
f 281/344/123 277/343/123 278/345/123
f 283/357/213 282/358/213 281/356/213
f 282/347/123 276/351/123 281/344/123
f 283/357/214 281/356/214 279/355/214
f 281/344/123 276/351/123 277/343/123
f 285/359/215 282/358/215 283/357/215
f 284/360/216 283/357/216 279/355/216
f 284/360/217 285/359/217 283/357/217
f 252/318/218 256/321/218 285/359/218
f 285/359/219 256/321/219 282/358/219
f 285/359/218 242/304/218 252/318/218
f 242/304/220 285/359/220 286/361/220
f 286/361/221 285/359/221 284/360/221
f 238/301/222 242/304/222 286/361/222
f 284/360/223 287/362/223 286/361/223
f 288/363/224 286/361/224 287/362/224
f 238/301/224 286/361/224 288/363/224
f 288/363/167 239/302/167 238/301/167
f 288/326/225 287/328/225 289/364/225
f 289/364/226 290/365/226 288/326/226
f 288/326/226 290/365/226 239/366/226
f 289/364/227 291/367/227 290/365/227
f 293/368/228 290/365/228 291/367/228
f 292/369/229 239/366/229 290/365/229
f 292/369/228 290/365/228 293/368/228
f 293/368/230 291/367/230 294/370/230
f 295/371/231 292/369/231 293/368/231
f 296/149/232 293/368/232 294/370/232
f 295/371/232 293/368/232 296/149/232
f 296/149/233 294/370/233 297/147/233
f 298/148/234 295/371/234 296/149/234
f 299/146/235 296/149/235 297/147/235
f 298/148/235 296/149/235 299/146/235
f 299/146/236 302/157/236 300/155/236
f 299/146/237 300/155/237 298/148/237
f 299/146/238 297/147/238 301/145/238
f 301/145/236 302/157/236 299/146/236
f 302/157/239 303/159/239 300/155/239
f 304/158/123 303/159/123 302/157/123
f 305/139/123 302/157/123 301/145/123
f 304/158/123 302/157/123 305/139/123
f 305/139/123 307/138/123 306/135/123
f 309/372/240 305/373/240 306/374/240
f 305/139/123 301/145/123 307/138/123
f 308/375/241 304/376/241 305/373/241
f 308/375/240 305/373/240 309/372/240
f 309/372/242 306/374/242 310/377/242
f 311/12/123 308/38/123 309/31/123
f 311/12/123 309/31/123 310/30/123
f 311/12/123 348/40/123 312/35/123
f 311/12/123 312/35/123 332/18/123
f 313/53/123 318/48/123 311/12/123
f 311/12/123 349/58/123 313/53/123
f 350/57/123 314/52/123 311/12/123
f 311/12/123 314/52/123 319/47/123
f 311/12/123 351/56/123 315/51/123
f 311/12/123 315/51/123 320/16/123
f 316/50/123 321/46/123 311/12/123
f 311/12/123 352/55/123 316/50/123
f 353/54/123 317/49/123 311/12/123
f 311/12/123 317/49/123 322/45/123
f 311/12/123 318/48/123 323/44/123
f 311/12/123 319/47/123 324/43/123
f 320/16/123 325/14/123 311/12/123
f 311/12/123 321/46/123 326/42/123
f 311/12/123 322/45/123 327/41/123
f 311/12/123 323/44/123 328/39/123
f 324/43/123 308/38/123 311/12/123
f 311/12/123 325/14/123 329/13/123
f 311/12/123 326/42/123 330/37/123
f 327/41/123 331/36/123 311/12/123
f 328/39/123 333/34/123 311/12/123
f 311/12/123 329/13/123 334/27/123
f 330/37/123 335/25/123 311/12/123
f 311/12/123 331/36/123 336/22/123
f 332/18/123 341/17/123 311/12/123
f 311/12/123 333/34/123 337/33/123
f 334/27/123 338/26/123 311/12/123
f 311/12/123 335/25/123 339/24/123
f 311/12/123 336/22/123 340/21/123
f 311/12/123 337/33/123 342/32/123
f 310/30/123 343/29/123 311/12/123
f 311/12/123 338/26/123 344/28/123
f 311/12/123 339/24/123 345/23/123
f 340/21/123 346/20/123 311/12/123
f 311/12/123 341/17/123 347/19/123
f 342/32/123 348/40/123 311/12/123
f 311/12/123 343/29/123 349/58/123
f 311/12/123 344/28/123 350/57/123
f 345/23/123 351/56/123 311/12/123
f 311/12/123 346/20/123 352/55/123
f 311/12/123 347/19/123 353/54/123
f 353/378/243 355/379/243 354/380/243
f 353/378/244 354/380/244 317/381/244
f 347/382/243 355/379/243 353/378/243
f 355/383/123 357/384/123 356/385/123
f 355/383/123 356/385/123 354/386/123
f 358/387/123 357/384/123 355/383/123
f 347/382/245 358/388/245 355/379/245
f 359/389/123 361/390/123 358/387/123
f 341/391/246 359/392/246 358/388/246
f 358/387/123 360/393/123 357/384/123
f 341/391/245 358/388/245 347/382/245
f 361/390/123 360/393/123 358/387/123
f 360/393/247 361/390/247 362/394/247
f 362/394/247 361/390/247 363/395/247
f 364/396/248 363/395/248 361/390/248
f 359/389/123 364/396/123 361/390/123
f 365/397/248 363/395/248 364/396/248
f 366/398/249 365/397/249 364/396/249
f 366/398/123 364/396/123 359/389/123
f 369/399/249 365/397/249 366/398/249
f 367/400/123 368/401/123 366/398/123
f 367/400/123 366/398/123 359/389/123
f 366/398/250 368/401/250 369/399/250
f 369/399/251 371/402/251 365/397/251
f 370/403/251 371/402/251 369/399/251
f 369/399/252 372/404/252 370/403/252
f 369/399/250 368/401/250 372/404/250
f 372/404/253 374/405/253 373/406/253
f 372/404/254 373/406/254 375/407/254
f 368/401/253 374/405/253 372/404/253
f 370/403/255 372/404/255 375/407/255
f 375/407/256 373/406/256 378/408/256
f 375/407/257 378/408/257 376/409/257
f 377/410/258 375/407/258 376/409/258
f 370/403/258 375/407/258 377/410/258
f 373/406/259 379/411/259 378/408/259
f 378/408/259 379/411/259 380/412/259
f 378/408/260 380/412/260 381/413/260
f 376/409/257 378/408/257 381/413/257
f 381/413/260 380/412/260 382/414/260
f 381/413/261 382/414/261 383/415/261
f 384/416/262 381/413/262 383/415/262
f 376/409/262 381/413/262 384/416/262
f 386/417/263 376/409/263 384/416/263
f 384/416/264 383/415/264 385/418/264
f 387/419/265 384/416/265 385/418/265
f 386/417/266 384/416/266 387/419/266
f 388/420/267 389/421/267 387/422/267
f 387/422/268 385/423/268 388/420/268
f 387/419/269 390/424/269 386/417/269
f 387/422/270 389/421/270 390/425/270
f 390/425/271 393/426/271 391/427/271
f 390/424/272 391/428/272 392/429/272
f 389/421/273 393/426/273 390/425/273
f 386/417/269 390/424/269 392/429/269
f 395/430/274 394/431/274 393/426/274
f 397/432/275 393/426/275 394/431/275
f 389/421/276 395/430/276 393/426/276
f 396/433/277 391/427/277 393/426/277
f 396/433/278 393/426/278 397/432/278
f 399/434/279 398/435/279 397/432/279
f 397/432/280 398/435/280 396/433/280
f 400/436/281 399/434/281 397/432/281
f 400/436/281 397/432/281 401/437/281
f 401/437/282 397/432/282 394/431/282
f 401/438/283 404/439/283 400/440/283
f 401/437/284 394/431/284 402/441/284
f 405/442/123 401/443/123 402/444/123
f 403/445/283 404/439/283 401/438/283
f 403/446/123 401/443/123 405/442/123
f 405/442/123 402/444/123 408/447/123
f 406/448/285 405/449/285 407/450/285
f 404/451/286 405/452/286 406/453/286
f 407/450/285 405/449/285 408/454/285
f 403/455/286 405/452/286 404/451/286
f 409/456/287 407/457/287 408/458/287
f 408/458/287 410/459/287 409/456/287
f 402/441/288 395/430/288 408/458/288
f 408/458/289 395/430/289 410/459/289
f 411/460/290 412/461/290 410/459/290
f 410/459/291 414/462/291 411/460/291
f 410/459/292 412/461/292 413/463/292
f 409/456/292 410/459/292 413/463/292
f 410/459/293 395/430/293 389/421/293
f 414/462/294 410/459/294 389/421/294
f 411/460/295 414/462/295 415/464/295
f 415/464/296 414/462/296 388/420/296
f 388/420/297 414/462/297 389/421/297
f 411/460/298 415/464/298 416/465/298
f 416/465/299 415/464/299 417/466/299
f 415/464/300 418/467/300 417/466/300
f 388/420/301 418/467/301 415/464/301
f 385/423/302 419/468/302 418/467/302
f 418/467/303 419/468/303 420/469/303
f 418/467/304 420/469/304 417/466/304
f 388/420/268 385/423/268 418/467/268
f 419/468/305 421/470/305 420/469/305
f 417/466/306 420/469/306 423/471/306
f 420/469/307 421/470/307 425/472/307
f 425/472/308 422/473/308 420/469/308
f 420/469/309 422/473/309 424/474/309
f 420/469/310 424/474/310 423/471/310
f 426/475/311 422/473/311 425/472/311
f 427/476/312 426/475/312 425/472/312
f 428/477/313 425/472/313 421/470/313
f 427/476/314 425/472/314 428/477/314
f 428/478/315 421/479/315 429/480/315
f 428/477/316 431/481/316 427/476/316
f 429/480/317 430/482/317 428/478/317
f 428/478/318 430/482/318 431/483/318
f 433/484/319 431/483/319 430/482/319
f 432/485/320 434/486/320 431/481/320
f 432/487/321 431/483/321 433/484/321
f 427/476/322 431/481/322 434/486/322
f 435/488/323 436/489/323 434/486/323
f 438/490/324 435/488/324 434/486/324
f 437/491/325 434/486/325 436/489/325
f 427/476/326 434/486/326 437/491/326
f 438/490/327 434/486/327 432/485/327
f 439/492/328 442/493/328 438/490/328
f 440/494/329 439/492/329 438/490/329
f 442/493/330 435/488/330 438/490/330
f 441/495/331 438/490/331 432/485/331
f 440/494/332 438/490/332 441/495/332
f 443/496/333 435/488/333 442/493/333
f 443/496/334 442/493/334 444/497/334
f 444/497/335 442/493/335 439/492/335
f 444/497/336 439/492/336 445/498/336
f 445/499/337 446/500/337 444/501/337
f 446/502/123 447/503/123 444/504/123
f 444/504/123 447/503/123 443/505/123
f 447/506/338 446/507/338 448/508/338
f 447/509/339 448/510/339 443/511/339
f 448/508/338 446/507/338 449/512/338
f 445/504/1 448/503/1 449/502/1
f 450/505/1 448/503/1 445/504/1
f 443/511/339 448/510/339 450/513/339
f 445/498/340 452/514/340 450/515/340
f 450/515/341 452/514/341 451/516/341
f 450/515/342 451/516/342 443/496/342
f 453/517/343 451/516/343 452/514/343
f 453/517/344 452/514/344 454/518/344
f 454/518/345 452/514/345 455/519/345
f 445/498/346 455/519/346 452/514/346
f 455/519/347 456/520/347 454/518/347
f 439/492/348 456/520/348 455/519/348
f 439/492/336 455/519/336 445/498/336
f 454/518/349 456/520/349 457/521/349
f 456/520/350 458/522/350 457/521/350
f 459/523/351 458/522/351 456/520/351
f 459/523/352 456/520/352 439/492/352
f 460/524/353 461/525/353 459/523/353
f 462/526/354 460/524/354 459/523/354
f 461/525/351 458/522/351 459/523/351
f 459/523/355 463/527/355 462/526/355
f 459/523/356 439/492/356 440/494/356
f 440/494/357 463/527/357 459/523/357
f 440/494/358 464/528/358 463/527/358
f 466/529/359 463/527/359 464/528/359
f 465/530/360 467/531/360 463/527/360
f 465/530/359 463/527/359 466/529/359
f 467/531/361 462/526/361 463/527/361
f 467/531/362 469/532/362 460/524/362
f 467/531/363 460/524/363 462/526/363
f 468/533/364 469/532/364 467/531/364
f 468/533/365 467/531/365 465/530/365
f 473/534/123 460/535/123 469/536/123
f 472/537/366 469/532/366 468/533/366
f 470/538/367 471/539/367 469/532/367
f 470/538/367 469/532/367 472/537/367
f 471/540/368 473/541/368 469/542/368
f 473/534/123 461/543/123 460/535/123
f 475/544/123 461/543/123 473/534/123
f 474/545/368 473/541/368 471/540/368
f 476/546/369 473/547/369 474/548/369
f 475/549/369 473/547/369 476/546/369
f 475/550/370 476/551/370 461/552/370
f 461/552/370 476/551/370 458/553/370
f 458/543/1 476/544/1 477/535/1
f 477/535/1 476/544/1 474/534/1
f 457/521/371 458/522/371 477/554/371
f 457/521/363 477/554/363 478/555/363
f 479/556/372 477/554/372 471/539/372
f 477/535/1 474/534/1 471/536/1
f 478/555/373 477/554/373 479/556/373
f 478/555/374 479/556/374 480/557/374
f 480/557/375 479/556/375 481/558/375
f 479/556/376 470/538/376 481/558/376
f 479/556/377 471/539/377 470/538/377
f 480/557/378 481/558/378 482/559/378
f 481/558/379 483/560/379 482/559/379
f 481/558/380 484/561/380 483/560/380
f 481/558/381 470/538/381 484/561/381
f 486/562/1 484/563/1 470/564/1
f 483/560/382 484/561/382 485/565/382
f 486/562/1 485/566/1 484/563/1
f 489/567/383 486/568/383 472/569/383
f 472/569/383 486/568/383 470/570/383
f 486/571/384 488/572/384 487/573/384
f 487/574/1 485/566/1 486/562/1
f 489/575/384 488/572/384 486/571/384
f 490/563/123 489/562/123 472/564/123
f 490/563/123 488/574/123 489/562/123
f 472/537/385 468/533/385 490/576/385
f 490/576/386 468/533/386 491/577/386
f 490/576/387 491/577/387 492/578/387
f 492/566/123 488/574/123 490/563/123
f 493/579/388 485/565/388 492/578/388
f 493/579/388 492/578/388 494/580/388
f 485/581/389 488/582/389 492/583/389
f 492/578/390 495/584/390 494/580/390
f 492/578/391 491/577/391 495/584/391
f 465/530/392 495/584/392 491/577/392
f 494/580/393 495/584/393 496/585/393
f 496/585/394 495/584/394 465/530/394
f 465/586/395 497/587/395 496/588/395
f 499/589/396 496/588/396 497/587/396
f 498/590/397 494/580/397 496/585/397
f 498/591/398 496/588/398 499/589/398
f 502/592/399 500/593/399 499/589/399
f 499/589/400 500/593/400 501/594/400
f 499/589/401 501/594/401 498/591/401
f 499/589/402 497/587/402 502/592/402
f 502/592/403 504/595/403 500/593/403
f 502/592/402 497/587/402 503/596/402
f 502/592/404 503/596/404 505/88/404
f 505/88/403 504/595/403 502/592/403
f 505/88/405 507/85/405 506/89/405
f 506/89/406 508/99/406 505/88/406
f 505/88/404 503/596/404 507/85/404
f 505/88/406 508/99/406 504/595/406
f 509/96/407 510/98/407 508/99/407
f 506/89/408 509/96/408 508/99/408
f 508/99/407 510/98/407 511/97/407
f 508/99/409 511/97/409 504/595/409
f 514/101/410 511/97/410 510/98/410
f 504/595/409 511/97/409 512/597/409
f 513/100/411 512/597/411 511/97/411
f 513/100/410 511/97/410 514/101/410
f 514/101/412 517/106/412 513/100/412
f 514/101/413 510/98/413 515/104/413
f 515/104/414 516/105/414 514/101/414
f 514/101/414 516/105/414 517/106/414
f 513/100/412 517/106/412 518/109/412
f 519/112/415 517/106/415 516/105/415
f 520/108/416 518/109/416 517/106/416
f 520/108/415 517/106/415 519/112/415
f 519/112/417 521/121/417 520/108/417
f 520/108/417 521/121/417 522/111/417
f 520/108/418 522/111/418 523/107/418
f 523/107/416 518/109/416 520/108/416
f 523/107/418 522/111/418 524/110/418
f 523/107/419 524/110/419 525/598/419
f 525/598/420 526/599/420 523/107/420
f 523/107/421 526/599/421 518/109/421
f 525/598/422 528/600/422 526/599/422
f 529/601/423 518/109/423 526/599/423
f 529/601/424 526/599/424 527/602/424
f 527/602/424 526/599/424 528/600/424
f 527/602/425 530/603/425 529/601/425
f 529/601/425 530/603/425 512/597/425
f 529/601/411 512/597/411 513/100/411
f 513/100/423 518/109/423 529/601/423
f 500/593/426 512/597/426 530/603/426
f 500/593/427 530/603/427 501/594/427
f 501/594/427 530/603/427 531/604/427
f 527/602/428 531/604/428 530/603/428
f 533/605/429 531/604/429 532/606/429
f 534/607/430 532/606/430 531/604/430
f 501/594/431 531/604/431 533/605/431
f 534/607/428 531/604/428 527/602/428
f 535/608/432 532/606/432 534/607/432
f 534/609/433 536/610/433 535/611/433
f 527/602/434 528/600/434 534/607/434
f 534/607/435 528/600/435 536/612/435
f 535/611/436 536/610/436 538/613/436
f 539/614/437 536/612/437 537/615/437
f 537/615/437 536/612/437 528/600/437
f 539/616/438 538/613/438 536/610/438
f 537/615/439 540/333/439 539/614/439
f 539/614/439 540/333/439 541/338/439
f 539/616/440 541/617/440 542/618/440
f 542/618/438 538/613/438 539/616/438
f 542/618/441 541/617/441 546/619/441
f 543/620/442 547/621/442 542/618/442
f 542/618/443 544/622/443 543/620/443
f 542/618/444 545/623/444 544/622/444
f 546/619/445 545/623/445 542/618/445
f 542/618/446 547/621/446 538/613/446
f 549/624/447 548/625/447 547/621/447
f 547/621/448 548/625/448 538/613/448
f 549/624/449 547/621/449 550/626/449
f 550/626/450 547/621/450 543/620/450
f 550/626/449 551/627/449 549/624/449
f 550/628/451 554/629/451 551/630/451
f 550/626/452 543/620/452 552/631/452
f 552/632/123 553/633/123 550/634/123
f 553/635/451 554/629/451 550/628/451
f 554/636/453 557/637/453 555/638/453
f 556/632/1 554/633/1 555/639/1
f 551/634/1 554/633/1 556/632/1
f 553/640/453 557/637/453 554/636/453
f 556/641/454 557/642/454 552/643/454
f 557/639/123 553/633/123 552/632/123
f 555/644/454 557/642/454 556/641/454
f 556/645/455 544/622/455 558/646/455
f 556/645/456 558/646/456 551/627/456
f 552/631/455 544/622/455 556/645/455
f 561/647/457 558/646/457 559/648/457
f 558/646/458 560/649/458 559/648/458
f 560/649/459 558/646/459 544/622/459
f 551/627/460 558/646/460 562/650/460
f 561/647/461 562/650/461 558/646/461
f 549/624/462 562/650/462 561/647/462
f 551/627/463 562/650/463 549/624/463
f 563/651/464 549/624/464 561/647/464
f 561/647/465 565/652/465 563/651/465
f 559/648/466 564/653/466 561/647/466
f 561/647/467 564/653/467 565/652/467
f 563/651/468 565/652/468 566/654/468
f 565/612/469 568/602/469 566/607/469
f 564/614/470 567/600/470 565/612/470
f 565/612/469 567/600/469 568/602/469
f 566/607/471 568/602/471 569/603/471
f 567/600/472 570/601/472 568/602/472
f 568/602/473 571/597/473 569/603/473
f 568/602/473 570/601/473 571/597/473
f 569/603/474 571/597/474 572/595/474
f 571/597/475 82/99/475 572/595/475
f 570/601/476 81/97/476 571/597/476
f 571/597/475 81/97/475 82/99/475
f 573/593/477 572/595/477 72/88/477
f 572/595/478 73/89/478 72/88/478
f 572/595/478 82/99/478 73/89/478
f 569/603/474 572/595/474 573/593/474
f 574/604/479 569/603/479 573/593/479
f 574/604/479 573/593/479 575/594/479
f 575/594/480 573/593/480 576/592/480
f 573/593/477 72/88/477 576/592/477
f 575/594/481 576/592/481 577/589/481
f 577/589/482 576/592/482 578/596/482
f 576/592/483 69/85/483 578/596/483
f 576/592/483 72/88/483 69/85/483
f 580/587/484 578/596/484 579/655/484
f 578/596/485 70/87/485 579/655/485
f 578/596/485 69/85/485 70/87/485
f 577/589/482 578/596/482 580/587/482
f 581/591/486 577/589/486 580/587/486
f 581/591/486 580/587/486 482/588/486
f 482/588/487 580/587/487 582/656/487
f 580/587/484 579/655/484 582/656/484
f 482/588/488 582/656/488 480/586/488
f 480/557/489 582/657/489 583/658/489
f 582/656/490 584/659/490 583/660/490
f 582/656/490 579/655/490 584/659/490
f 579/655/491 586/661/491 584/659/491
f 583/660/492 584/659/492 585/662/492
f 584/659/493 587/663/493 585/662/493
f 584/659/493 586/661/493 587/663/493
f 585/662/494 587/663/494 588/664/494
f 586/661/495 589/665/495 587/663/495
f 587/663/496 590/666/496 588/664/496
f 587/663/496 589/665/496 590/666/496
f 589/665/497 592/667/497 590/666/497
f 588/664/498 590/666/498 591/668/498
f 590/666/499 593/669/499 591/668/499
f 590/666/500 592/667/500 593/669/500
f 591/668/501 593/669/501 594/670/501
f 592/667/502 56/67/502 593/669/502
f 593/669/503 56/67/503 55/65/503
f 593/669/503 55/65/503 594/670/503
f 591/668/501 594/670/501 595/671/501
f 595/671/504 594/670/504 597/411/504
f 594/670/505 55/65/505 596/672/505
f 594/670/505 596/672/505 597/411/505
f 599/412/506 597/411/506 598/406/506
f 597/411/507 600/405/507 598/406/507
f 595/671/504 597/411/504 599/412/504
f 597/411/507 596/672/507 600/405/507
f 600/405/1 53/64/1 601/400/1
f 601/400/1 602/401/1 600/405/1
f 600/405/1 596/672/1 53/64/1
f 598/406/508 600/405/508 602/401/508
f 601/400/1 603/398/1 602/401/1
f 604/404/509 602/401/509 603/398/509
f 598/406/510 602/401/510 604/404/510
f 607/407/511 604/404/511 605/399/511
f 604/404/512 603/398/512 605/399/512
f 606/408/513 598/406/513 604/404/513
f 606/408/513 604/404/513 607/407/513
f 608/413/514 606/408/514 607/407/514
f 608/413/514 607/407/514 609/409/514
f 609/409/515 607/407/515 610/403/515
f 607/407/511 605/399/511 610/403/511
f 609/409/515 610/403/515 611/410/515
f 611/410/516 610/403/516 612/402/516
f 610/403/517 613/397/517 612/402/517
f 610/403/517 605/399/517 613/397/517
f 605/399/518 614/396/518 613/397/518
f 613/397/519 614/396/519 616/390/519
f 612/402/520 613/397/520 615/395/520
f 613/397/519 616/390/519 615/395/519
f 618/387/1 616/390/1 617/389/1
f 617/389/1 616/390/1 614/396/1
f 618/387/1 619/393/1 616/390/1
f 615/395/521 616/390/521 619/393/521
f 620/384/1 619/393/1 618/387/1
f 621/394/522 619/393/522 620/384/522
f 615/395/521 619/393/521 621/394/521
f 624/673/523 621/394/523 622/674/523
f 622/674/524 621/394/524 623/675/524
f 624/673/523 615/395/523 621/394/523
f 621/394/522 620/384/522 623/675/522
f 625/676/525 612/402/525 624/673/525
f 625/676/525 624/673/525 626/677/525
f 626/677/526 624/673/526 622/674/526
f 612/402/520 615/395/520 624/673/520
f 627/429/527 625/676/527 626/677/527
f 627/429/527 626/677/527 628/678/527
f 628/678/528 626/677/528 629/679/528
f 626/677/526 622/674/526 629/679/526
f 628/678/528 629/679/528 630/680/528
f 630/680/529 629/679/529 631/681/529
f 629/679/530 632/682/530 631/681/530
f 629/679/530 622/674/530 632/682/530
f 622/674/531 623/675/531 632/682/531
f 631/681/532 632/682/532 633/683/532
f 632/682/533 634/684/533 633/683/533
f 632/682/533 623/675/533 634/684/533
f 633/683/534 634/684/534 636/685/534
f 623/675/535 635/385/535 634/684/535
f 634/684/536 635/385/536 637/686/536
f 634/684/536 637/686/536 636/685/536
f 639/386/1 638/687/1 637/686/1
f 636/685/537 637/686/537 638/687/537
f 639/386/1 637/686/1 640/383/1
f 637/686/1 635/385/1 640/383/1
f 47/688/538 639/689/538 640/690/538
f 640/383/1 635/385/1 620/384/1
f 640/383/1 620/384/1 618/387/1
f 11/691/539 640/690/539 618/692/539
f 47/688/539 640/690/539 11/691/539
f 641/693/1 638/687/1 639/386/1
f 42/694/540 641/695/540 639/689/540
f 42/694/538 639/689/538 47/688/538
f 641/693/1 644/696/1 638/687/1
f 642/697/1 643/698/1 641/693/1
f 36/699/541 642/700/541 641/695/541
f 641/693/1 643/698/1 644/696/1
f 36/699/542 641/695/542 42/694/542
f 646/701/543 644/696/543 643/698/543
f 645/702/544 638/687/544 644/696/544
f 645/702/544 644/696/544 646/701/544
f 649/703/545 646/701/545 647/704/545
f 646/701/543 643/698/543 647/704/543
f 648/705/546 645/702/546 646/701/546
f 648/705/546 646/701/546 649/703/546
f 650/706/547 648/705/547 649/703/547
f 650/706/548 649/703/548 651/707/548
f 651/707/549 649/703/549 652/708/549
f 649/703/545 647/704/545 652/708/545
f 651/707/549 652/708/549 653/709/549
f 653/709/550 652/708/550 654/710/550
f 652/708/551 655/711/551 654/710/551
f 652/708/551 647/704/551 655/711/551
f 647/704/552 658/712/552 655/711/552
f 655/711/553 658/712/553 656/713/553
f 655/711/553 656/713/553 657/714/553
f 654/710/554 655/711/554 657/714/554
f 642/697/1 656/713/1 658/712/1
f 642/697/1 658/712/1 643/698/1
f 647/704/555 643/698/555 658/712/555
f 654/710/554 657/714/554 659/715/554
f 659/715/556 657/714/556 661/716/556
f 657/714/557 656/713/557 660/717/557
f 657/714/557 660/717/557 661/716/557
f 659/715/556 661/716/556 662/718/556
f 661/716/558 660/717/558 664/719/558
f 662/718/559 661/716/559 663/720/559
f 661/716/558 664/719/558 663/720/558
f 665/721/1 666/722/1 664/719/1
f 664/719/1 660/717/1 665/721/1
f 666/722/1 667/723/1 664/719/1
f 663/720/560 664/719/560 667/723/560
f 663/720/560 667/723/560 668/724/560
f 668/724/561 667/723/561 669/725/561
f 666/722/1 669/725/1 667/723/1
f 670/726/1 669/725/1 666/722/1
f 670/726/1 671/727/1 669/725/1
f 672/728/562 669/725/562 671/727/562
f 668/724/561 669/725/561 672/728/561
f 673/729/563 668/724/563 672/728/563
f 673/729/563 672/728/563 674/730/563
f 674/730/564 672/728/564 675/731/564
f 672/728/562 671/727/562 675/731/562
f 678/732/565 675/731/565 676/733/565
f 675/731/566 677/734/566 676/733/566
f 674/730/564 675/731/564 678/732/564
f 675/731/566 671/727/566 677/734/566
f 679/735/567 674/730/567 678/732/567
f 679/735/567 678/732/567 680/736/567
f 680/736/568 678/732/568 681/737/568
f 678/732/565 676/733/565 681/737/565
f 680/736/569 681/737/569 682/738/569
f 682/738/570 681/737/570 683/739/570
f 681/737/571 684/740/571 683/739/571
f 681/737/571 676/733/571 684/740/571
f 684/740/572 687/741/572 685/742/572
f 684/740/572 685/742/572 686/743/572
f 676/733/573 687/741/573 684/740/573
f 683/739/574 684/740/574 686/743/574
f 688/744/1 687/741/1 689/745/1
f 688/744/1 685/742/1 687/741/1
f 689/745/1 687/741/1 677/734/1
f 676/733/573 677/734/573 687/741/573
f 12/746/575 688/144/575 689/747/575
f 689/745/1 677/734/1 670/726/1
f 12/746/576 689/747/576 18/748/576
f 18/748/576 689/747/576 670/749/576
f 690/750/1 691/751/1 688/744/1
f 48/752/577 690/141/577 688/144/577
f 688/744/1 691/751/1 685/742/1
f 48/752/575 688/144/575 12/746/575
f 690/750/1 692/753/1 691/751/1
f 686/743/578 685/742/578 691/751/578
f 693/754/579 691/751/579 692/753/579
f 686/743/578 691/751/578 693/754/578
f 694/755/580 686/743/580 693/754/580
f 694/755/580 693/754/580 695/756/580
f 695/756/581 693/754/581 696/757/581
f 693/754/579 692/753/579 696/757/579
f 695/756/581 696/757/581 697/758/581
f 697/758/582 696/757/582 699/759/582
f 696/757/583 692/753/583 698/760/583
f 696/757/583 698/760/583 699/759/583
f 697/758/582 699/759/582 700/761/582
f 699/759/584 698/760/584 702/762/584
f 700/761/585 699/759/585 701/763/585
f 699/759/584 702/762/584 701/763/584
f 703/764/1 704/765/1 702/762/1
f 703/764/1 702/762/1 698/760/1
f 701/763/586 702/762/586 704/765/586
f 705/766/1 704/765/1 703/764/1
f 705/766/1 706/767/1 704/765/1
f 707/768/587 704/765/587 706/767/587
f 701/763/586 704/765/586 707/768/586
f 710/769/588 707/768/588 708/770/588
f 707/768/587 706/767/587 708/770/587
f 709/771/589 701/763/589 707/768/589
f 709/771/590 707/768/590 710/769/590
f 711/772/591 709/771/591 710/769/591
f 711/772/591 710/769/591 712/773/591
f 712/773/592 710/769/592 713/774/592
f 710/769/588 708/770/588 713/774/588
f 712/773/592 713/774/592 714/775/592
f 714/775/593 713/774/593 715/776/593
f 713/774/594 716/777/594 715/776/594
f 713/774/594 708/770/594 716/777/594
f 716/777/595 718/778/595 717/779/595
f 716/777/595 717/779/595 719/780/595
f 708/770/596 718/778/596 716/777/596
f 715/776/597 716/777/597 719/780/597
f 715/776/597 719/780/597 720/781/597
f 720/781/598 719/780/598 721/782/598
f 719/780/599 717/779/599 722/783/599
f 719/780/599 722/783/599 721/782/599
f 723/784/1 724/785/1 722/783/1
f 723/784/1 722/783/1 725/786/1
f 721/782/600 722/783/600 724/785/600
f 722/783/1 717/779/1 725/786/1
f 29/787/601 723/788/601 725/789/601
f 725/786/1 717/779/1 718/778/1
f 725/786/1 718/778/1 705/766/1
f 33/790/602 725/789/602 705/791/602
f 29/787/603 725/789/603 33/790/603
f 727/792/1 724/785/1 723/784/1
f 721/782/600 724/785/600 726/793/600
f 726/793/604 724/785/604 727/792/604
f 729/794/1 728/795/1 727/792/1
f 730/796/605 727/792/605 728/795/605
f 729/794/1 727/792/1 723/784/1
f 726/793/604 727/792/604 730/796/604
f 731/797/606 726/793/606 730/796/606
f 731/797/606 730/796/606 732/798/606
f 732/798/607 730/796/607 733/799/607
f 730/796/605 728/795/605 733/799/605
f 732/798/607 733/799/607 735/800/607
f 733/799/608 728/795/608 734/801/608
f 733/799/608 734/801/608 736/802/608
f 735/800/609 733/799/609 736/802/609
f 739/803/610 736/802/610 737/804/610
f 736/802/611 738/805/611 737/804/611
f 736/802/611 734/801/611 738/805/611
f 735/800/609 736/802/609 739/803/609
f 740/806/612 735/800/612 739/803/612
f 740/806/612 739/803/612 741/807/612
f 741/807/613 739/803/613 742/808/613
f 739/803/614 737/804/614 742/808/614
f 741/807/613 742/808/613 743/809/613
f 743/809/615 742/808/615 744/810/615
f 742/808/616 745/811/616 744/810/616
f 742/808/616 737/804/616 745/811/616
f 737/804/617 748/812/617 745/811/617
f 744/810/618 745/811/618 746/813/618
f 745/811/619 747/814/619 746/813/619
f 745/811/619 748/812/619 747/814/619
f 749/815/1 747/814/1 748/812/1
f 749/815/1 748/812/1 738/805/1
f 737/804/617 738/805/617 748/812/617
f 749/815/1 738/805/1 751/816/1
f 750/817/1 747/814/1 749/815/1
f 49/818/620 750/819/620 749/820/620
f 49/818/621 749/820/621 13/821/621
f 13/821/621 749/820/621 751/822/621
f 751/816/1 728/795/1 729/794/1
f 19/823/622 751/822/622 729/824/622
f 751/816/1 734/801/1 728/795/1
f 751/816/1 738/805/1 734/801/1
f 13/821/622 751/822/622 19/823/622
f 752/825/1 753/826/1 750/817/1
f 44/827/623 752/828/623 750/819/623
f 750/817/1 754/829/1 747/814/1
f 750/817/1 753/826/1 754/829/1
f 44/827/620 750/819/620 49/818/620
f 755/830/624 754/829/624 753/826/624
f 746/813/625 747/814/625 754/829/625
f 746/813/625 754/829/625 755/830/625
f 756/831/626 746/813/626 755/830/626
f 756/831/626 755/830/626 757/832/626
f 755/830/624 753/826/624 758/833/624
f 757/832/627 755/830/627 758/833/627
f 758/833/628 753/826/628 761/834/628
f 757/832/629 758/833/629 759/835/629
f 759/835/630 758/833/630 760/836/630
f 758/833/628 761/834/628 760/836/628
f 762/837/1 761/834/1 752/825/1
f 760/836/631 761/834/631 762/837/631
f 752/825/1 761/834/1 753/826/1
f 763/838/1 764/839/1 762/837/1
f 763/838/1 762/837/1 752/825/1
f 765/840/632 762/837/632 764/839/632
f 760/836/631 762/837/631 765/840/631
f 765/840/632 764/839/632 768/841/632
f 766/842/633 760/836/633 765/840/633
f 766/842/633 765/840/633 767/843/633
f 767/843/634 765/840/634 768/841/634
f 770/844/635 768/841/635 769/845/635
f 768/841/636 771/846/636 769/845/636
f 768/841/636 764/839/636 771/846/636
f 767/843/634 768/841/634 770/844/634
f 2/3/1 3/2/1 771/846/1
f 769/845/637 771/846/637 3/2/637
f 2/3/1 771/846/1 763/838/1
f 771/846/1 764/839/1 763/838/1
f 772/847/638 767/843/638 770/844/638
f 772/847/638 770/844/638 773/848/638
f 773/848/639 770/844/639 774/849/639
f 770/844/635 769/845/635 774/849/635
f 773/848/639 774/849/639 775/850/639
f 775/850/640 774/849/640 776/851/640
f 774/849/641 777/852/641 776/851/641
f 774/849/641 769/845/641 777/852/641
f 769/845/637 3/2/637 777/852/637
f 777/852/642 3/2/642 6/7/642
f 777/852/642 6/7/642 778/853/642
f 776/851/643 777/852/643 778/853/643
f 776/851/643 778/853/643 779/854/643
f 779/854/644 778/853/644 780/855/644
f 778/853/645 6/7/645 5/9/645
f 778/853/645 5/9/645 780/855/645
f 779/854/644 780/855/644 781/856/644
f 780/855/646 5/9/646 783/857/646
f 781/856/647 780/855/647 782/858/647
f 780/855/646 783/857/646 782/858/646
f 4/8/1 783/857/1 5/9/1
f 4/8/1 784/859/1 783/857/1
f 782/858/648 783/857/648 784/859/648
f 785/860/1 784/859/1 4/8/1
f 785/860/1 786/861/1 784/859/1
f 787/862/649 784/859/649 786/861/649
f 782/858/648 784/859/648 787/862/648
f 788/863/650 782/858/650 787/862/650
f 788/863/650 787/862/650 789/864/650
f 789/864/651 787/862/651 790/865/651
f 787/862/649 786/861/649 790/865/649
f 789/864/651 790/865/651 791/866/651
f 791/866/652 790/865/652 793/867/652
f 790/865/653 786/861/653 792/868/653
f 790/865/653 792/868/653 793/867/653
f 795/869/654 793/867/654 158/180/654
f 793/867/655 794/870/655 158/180/655
f 793/867/655 792/868/655 794/870/655
f 791/866/652 793/867/652 795/869/652
f 796/871/656 791/866/656 795/869/656
f 796/871/657 795/869/657 797/872/657
f 797/872/658 795/869/658 159/179/658
f 795/869/654 158/180/654 159/179/654
f 798/873/659 796/871/659 797/872/659
f 799/874/660 797/872/660 161/182/660
f 797/872/661 159/179/661 161/182/661
f 798/873/662 797/872/662 799/874/662
f 800/875/663 798/873/663 799/874/663
f 800/875/663 799/874/663 801/876/663
f 801/876/664 799/874/664 163/184/664
f 799/874/660 161/182/660 163/184/660
f 804/877/665 801/878/665 802/879/665
f 802/880/666 801/876/666 803/881/666
f 804/877/667 800/882/667 801/878/667
f 801/876/668 163/184/668 803/881/668
f 802/879/669 805/883/669 804/877/669
f 804/877/670 805/883/670 806/884/670
f 804/877/671 806/884/671 807/885/671
f 807/885/672 800/882/672 804/877/672
f 807/885/673 806/884/673 808/886/673
f 807/885/674 808/886/674 809/887/674
f 809/887/675 810/888/675 807/885/675
f 807/885/672 810/888/672 800/882/672
f 809/887/676 811/889/676 810/888/676
f 811/890/677 812/891/677 810/892/677
f 810/892/678 798/873/678 800/875/678
f 810/892/679 812/891/679 798/873/679
f 811/890/680 813/893/680 812/891/680
f 813/893/681 814/894/681 812/891/681
f 812/891/682 796/871/682 798/873/682
f 812/891/683 814/894/683 796/871/683
f 814/894/684 791/866/684 796/871/684
f 815/895/685 789/864/685 814/894/685
f 814/894/684 789/864/684 791/866/684
f 813/893/686 815/895/686 814/894/686
f 816/896/687 817/897/687 815/895/687
f 816/896/687 815/895/687 813/893/687
f 817/897/688 788/863/688 815/895/688
f 815/895/685 788/863/685 789/864/685
f 818/898/689 819/899/689 817/897/689
f 818/898/690 817/897/690 816/896/690
f 819/899/691 781/856/691 817/897/691
f 817/897/688 781/856/688 788/863/688
f 820/900/692 821/901/692 819/899/692
f 820/900/692 819/899/692 818/898/692
f 821/901/693 779/854/693 819/899/693
f 819/899/691 779/854/691 781/856/691
f 822/902/694 775/850/694 821/901/694
f 822/902/694 821/901/694 820/900/694
f 775/850/640 776/851/640 821/901/640
f 821/901/693 776/851/693 779/854/693
f 824/903/695 822/902/695 820/900/695
f 825/904/696 775/850/696 822/902/696
f 823/905/697 825/904/697 822/902/697
f 823/905/697 822/902/697 824/903/697
f 826/906/698 827/907/698 825/904/698
f 826/906/699 825/904/699 823/905/699
f 827/907/700 773/848/700 825/904/700
f 825/904/696 773/848/696 775/850/696
f 828/908/701 829/909/701 827/907/701
f 828/908/702 827/907/702 826/906/702
f 829/909/703 772/847/703 827/907/703
f 827/907/700 772/847/700 773/848/700
f 830/910/704 831/911/704 829/909/704
f 830/910/705 829/909/705 828/908/705
f 831/911/706 832/912/706 829/909/706
f 829/909/703 832/912/703 772/847/703
f 832/912/707 767/843/707 772/847/707
f 833/913/708 766/842/708 832/912/708
f 832/912/707 766/842/707 767/843/707
f 831/911/706 833/913/706 832/912/706
f 834/914/709 835/915/709 833/913/709
f 834/914/709 833/913/709 831/911/709
f 835/915/710 759/835/710 833/913/710
f 833/913/708 759/835/708 766/842/708
f 836/916/711 837/917/711 835/915/711
f 836/916/712 835/915/712 834/914/712
f 837/917/713 757/832/713 835/915/713
f 835/915/710 757/832/710 759/835/710
f 838/918/714 839/919/714 837/917/714
f 838/918/714 837/917/714 836/916/714
f 839/919/715 756/831/715 837/917/715
f 837/917/713 756/831/713 757/832/713
f 840/920/716 743/809/716 839/919/716
f 840/920/717 839/919/717 838/918/717
f 743/809/718 744/810/718 839/919/718
f 839/919/715 744/810/715 756/831/715
f 842/921/719 840/920/719 838/918/719
f 843/922/720 743/809/720 840/920/720
f 841/923/721 843/922/721 840/920/721
f 841/923/722 840/920/722 842/921/722
f 844/924/723 845/925/723 843/922/723
f 844/924/723 843/922/723 841/923/723
f 845/925/724 741/807/724 843/922/724
f 843/922/720 741/807/720 743/809/720
f 846/926/725 847/927/725 845/925/725
f 846/926/726 845/925/726 844/924/726
f 847/927/727 740/806/727 845/925/727
f 845/925/724 740/806/724 741/807/724
f 848/928/728 849/929/728 847/927/728
f 848/928/729 847/927/729 846/926/729
f 849/929/730 850/930/730 847/927/730
f 847/927/727 850/930/727 740/806/727
f 850/930/731 735/800/731 740/806/731
f 851/931/732 732/798/732 850/930/732
f 850/930/733 732/798/733 735/800/733
f 849/929/730 851/931/730 850/930/730
f 852/932/734 853/933/734 851/931/734
f 852/932/734 851/931/734 849/929/734
f 853/933/735 731/797/735 851/931/735
f 851/931/732 731/797/732 732/798/732
f 854/934/736 855/935/736 853/933/736
f 854/934/736 853/933/736 852/932/736
f 855/935/737 856/936/737 853/933/737
f 853/933/735 856/936/735 731/797/735
f 855/935/737 720/781/737 856/936/737
f 720/781/738 721/782/738 856/936/738
f 856/936/739 726/793/739 731/797/739
f 856/936/739 721/782/739 726/793/739
f 857/937/740 858/938/740 855/935/740
f 857/937/740 855/935/740 854/934/740
f 858/938/741 720/781/741 855/935/741
f 859/939/742 714/775/742 858/938/742
f 859/939/743 858/938/743 857/937/743
f 714/775/593 715/776/593 858/938/593
f 858/938/744 715/776/744 720/781/744
f 861/940/745 859/939/745 857/937/745
f 862/941/746 714/775/746 859/939/746
f 860/942/747 862/941/747 859/939/747
f 860/942/747 859/939/747 861/940/747
f 863/943/748 864/944/748 862/941/748
f 863/943/748 862/941/748 860/942/748
f 864/944/749 712/773/749 862/941/749
f 862/941/746 712/773/746 714/775/746
f 865/945/750 866/946/750 864/944/750
f 865/945/750 864/944/750 863/943/750
f 866/946/751 711/772/751 864/944/751
f 864/944/749 711/772/749 712/773/749
f 867/947/752 868/948/752 866/946/752
f 867/947/752 866/946/752 865/945/752
f 868/948/753 869/949/753 866/946/753
f 866/946/754 869/949/754 711/772/754
f 869/949/755 709/771/755 711/772/755
f 870/950/756 700/761/756 869/949/756
f 869/949/757 700/761/757 709/771/757
f 868/948/758 870/950/758 869/949/758
f 871/951/759 872/952/759 870/950/759
f 871/951/759 870/950/759 868/948/759
f 872/952/760 697/758/760 870/950/760
f 870/950/756 697/758/756 700/761/756
f 873/953/761 874/954/761 872/952/761
f 873/953/761 872/952/761 871/951/761
f 874/954/762 695/756/762 872/952/762
f 872/952/760 695/756/760 697/758/760
f 875/955/763 876/956/763 874/954/763
f 875/955/763 874/954/763 873/953/763
f 876/956/764 694/755/764 874/954/764
f 874/954/762 694/755/762 695/756/762
f 877/957/765 682/738/765 876/956/765
f 877/957/765 876/956/765 875/955/765
f 682/738/570 683/739/570 876/956/570
f 876/956/764 683/739/764 694/755/764
f 879/958/766 877/957/766 875/955/766
f 880/959/767 682/738/767 877/957/767
f 878/960/768 880/959/768 877/957/768
f 878/960/769 877/957/769 879/958/769
f 881/961/770 882/962/770 880/959/770
f 881/961/770 880/959/770 878/960/770
f 882/962/771 680/736/771 880/959/771
f 880/959/772 680/736/772 682/738/772
f 883/963/773 884/964/773 882/962/773
f 883/963/773 882/962/773 881/961/773
f 884/964/774 679/735/774 882/962/774
f 882/962/771 679/735/771 680/736/771
f 885/965/775 886/966/775 884/964/775
f 885/965/776 884/964/776 883/963/776
f 886/966/777 887/967/777 884/964/777
f 884/964/774 887/967/774 679/735/774
f 887/967/778 674/730/778 679/735/778
f 888/968/779 673/729/779 887/967/779
f 887/967/778 673/729/778 674/730/778
f 886/966/777 888/968/777 887/967/777
f 889/969/780 890/970/780 888/968/780
f 889/969/780 888/968/780 886/966/780
f 890/970/781 891/971/781 888/968/781
f 888/968/779 891/971/779 673/729/779
f 890/970/781 662/718/781 891/971/781
f 662/718/559 663/720/559 891/971/559
f 891/971/782 668/724/782 673/729/782
f 891/971/782 663/720/782 668/724/782
f 892/972/783 893/973/783 890/970/783
f 892/972/784 890/970/784 889/969/784
f 893/973/785 662/718/785 890/970/785
f 894/974/786 895/975/786 893/973/786
f 894/974/786 893/973/786 892/972/786
f 895/975/787 659/715/787 893/973/787
f 893/973/788 659/715/788 662/718/788
f 896/976/789 653/709/789 895/975/789
f 896/976/789 895/975/789 894/974/789
f 653/709/550 654/710/550 895/975/550
f 895/975/787 654/710/787 659/715/787
f 898/977/790 896/976/790 894/974/790
f 899/978/791 653/709/791 896/976/791
f 897/979/792 899/978/792 896/976/792
f 897/979/792 896/976/792 898/977/792
f 900/980/793 901/981/793 899/978/793
f 900/980/793 899/978/793 897/979/793
f 901/981/794 651/707/794 899/978/794
f 899/978/791 651/707/791 653/709/791
f 902/982/795 903/983/795 901/981/795
f 902/982/795 901/981/795 900/980/795
f 903/983/796 650/706/796 901/981/796
f 901/981/794 650/706/794 651/707/794
f 904/984/797 905/985/797 903/983/797
f 904/984/797 903/983/797 902/982/797
f 905/985/798 906/986/798 903/983/798
f 903/983/796 906/986/796 650/706/796
f 906/986/799 648/705/799 650/706/799
f 908/987/800 907/988/800 906/986/800
f 906/986/799 907/988/799 648/705/799
f 905/985/798 908/987/798 906/986/798
f 909/989/801 631/681/801 908/987/801
f 909/989/801 908/987/801 905/985/801
f 631/681/532 633/683/532 908/987/532
f 908/987/802 633/683/802 907/988/802
f 911/990/803 909/989/803 910/991/803
f 910/991/804 909/989/804 905/985/804
f 911/990/805 630/680/805 909/989/805
f 630/680/529 631/681/529 909/989/529
f 914/992/806 911/993/806 912/994/806
f 912/994/807 911/993/807 910/995/807
f 914/992/808 913/996/808 911/993/808
f 913/428/809 630/680/809 911/990/809
f 912/994/810 915/997/810 914/992/810
f 914/992/811 915/997/811 916/998/811
f 914/992/812 916/998/812 917/999/812
f 917/999/813 913/996/813 914/992/813
f 917/999/814 916/998/814 409/456/814
f 917/999/815 409/456/815 918/1000/815
f 918/1000/816 919/1001/816 917/999/816
f 917/999/817 919/1001/817 913/996/817
f 918/1000/818 920/1002/818 919/1001/818
f 920/419/819 627/429/819 919/424/819
f 919/424/820 628/678/820 913/428/820
f 919/424/821 627/429/821 628/678/821
f 923/1003/822 920/1002/822 918/1000/822
f 923/1003/823 921/1004/823 920/1002/823
f 921/418/824 922/417/824 920/419/824
f 920/419/825 922/417/825 627/429/825
f 918/1000/826 924/1005/826 923/1003/826
f 923/1003/827 924/1005/827 925/1006/827
f 923/1003/828 925/1006/828 926/1007/828
f 926/1007/829 921/1004/829 923/1003/829
f 926/1007/830 925/1006/830 927/1008/830
f 926/1007/831 927/1008/831 929/1009/831
f 929/1009/832 928/1010/832 926/1007/832
f 926/1007/829 928/1010/829 921/1004/829
f 930/1011/833 931/1012/833 929/1009/833
f 929/1009/834 932/1013/834 930/1011/834
f 931/1012/835 933/1014/835 929/1009/835
f 929/1009/836 927/1008/836 932/1013/836
f 929/1009/837 933/1014/837 928/1010/837
f 931/1012/838 934/1015/838 933/1014/838
f 934/478/839 935/1016/839 933/479/839
f 933/479/840 936/415/840 928/1017/840
f 933/479/841 935/1016/841 936/415/841
f 928/1017/842 936/415/842 937/416/842
f 936/415/843 609/409/843 937/416/843
f 935/1016/844 608/413/844 936/415/844
f 936/415/843 608/413/843 609/409/843
f 937/416/845 611/410/845 922/417/845
f 937/416/845 609/409/845 611/410/845
f 928/1017/846 937/416/846 921/418/846
f 921/418/847 937/416/847 922/417/847
f 934/478/848 938/480/848 935/1016/848
f 938/480/849 939/414/849 935/1016/849
f 935/1016/844 939/414/844 608/413/844
f 938/480/849 940/1018/849 939/414/849
f 940/1018/850 599/412/850 939/414/850
f 939/414/851 606/408/851 608/413/851
f 939/414/851 599/412/851 606/408/851
f 942/482/852 941/1019/852 940/1018/852
f 941/1019/853 595/671/853 940/1018/853
f 940/1018/850 595/671/850 599/412/850
f 942/482/852 940/1018/852 938/480/852
f 943/487/854 945/484/854 942/482/854
f 943/487/855 942/482/855 944/483/855
f 944/483/856 942/482/856 938/480/856
f 945/484/857 941/1019/857 942/482/857
f 946/1020/858 585/662/858 945/484/858
f 946/1020/858 945/484/858 943/487/858
f 585/662/494 588/664/494 945/484/494
f 945/484/857 588/664/857 941/1019/857
f 454/518/859 946/1021/859 943/1022/859
f 583/660/492 585/662/492 946/1020/492
f 947/1023/860 583/658/860 946/1021/860
f 947/1023/860 946/1021/860 454/518/860
f 454/518/861 457/521/861 947/1023/861
f 947/1023/862 457/521/862 478/555/862
f 947/1023/863 478/555/863 480/557/863
f 480/557/864 583/658/864 947/1023/864
f 453/517/865 943/1022/865 944/1024/865
f 453/517/866 944/1024/866 948/1025/866
f 948/1025/867 944/1024/867 934/1015/867
f 944/483/868 938/480/868 934/478/868
f 931/1012/869 949/1026/869 948/1025/869
f 948/1025/870 949/1026/870 451/516/870
f 948/1025/871 451/516/871 453/517/871
f 948/1025/872 934/1015/872 931/1012/872
f 949/1026/873 951/1027/873 451/516/873
f 952/1028/874 950/1029/874 949/1026/874
f 949/1026/875 950/1029/875 951/1027/875
f 931/1012/876 952/1028/876 949/1026/876
f 930/1011/877 952/1028/877 931/1012/877
f 930/1011/878 426/475/878 952/1028/878
f 426/475/878 437/491/878 952/1028/878
f 952/1028/879 437/491/879 950/1029/879
f 451/516/880 951/1027/880 435/488/880
f 951/1027/880 953/1030/880 435/488/880
f 951/1031/881 955/1032/881 953/1033/881
f 950/1034/1 956/1035/1 951/1036/1
f 954/1037/881 955/1032/881 951/1031/881
f 951/1036/1 956/1035/1 954/1038/1
f 957/1039/882 956/1040/882 958/1041/882
f 957/1042/883 955/1043/883 956/1044/883
f 958/1041/882 956/1040/882 950/1045/882
f 956/1044/883 955/1043/883 954/1046/883
f 437/491/884 953/1030/884 958/1047/884
f 953/1036/123 957/1035/123 958/1034/123
f 437/491/879 958/1047/879 950/1029/879
f 955/1038/123 957/1035/123 953/1036/123
f 435/488/885 953/1030/885 436/489/885
f 436/489/886 953/1030/886 437/491/886
f 454/518/859 943/1022/859 453/517/859
f 588/664/498 591/668/498 941/1019/498
f 941/1019/853 591/668/853 595/671/853
f 959/1048/887 932/1013/887 927/1008/887
f 930/1011/888 932/1013/888 959/1048/888
f 959/1048/889 927/1008/889 960/1049/889
f 960/1050/890 962/1051/890 959/1052/890
f 959/1048/891 961/1053/891 930/1011/891
f 959/1054/1 962/1055/1 961/1056/1
f 965/1057/890 962/1051/890 960/1050/890
f 962/1058/892 964/1059/892 963/1060/892
f 961/1056/1 962/1055/1 963/1061/1
f 965/1062/892 964/1059/892 962/1058/892
f 966/1056/123 965/1055/123 960/1054/123
f 964/1061/123 965/1055/123 966/1056/123
f 960/1049/893 422/473/893 966/1063/893
f 966/1063/894 422/473/894 426/475/894
f 966/1063/895 426/475/895 961/1053/895
f 961/1064/896 964/1065/896 966/1066/896
f 963/1067/896 964/1065/896 961/1064/896
f 930/1011/895 961/1053/895 426/475/895
f 960/1049/897 424/474/897 422/473/897
f 960/1049/889 927/1008/889 424/474/889
f 927/1008/898 925/1006/898 423/471/898
f 423/471/898 424/474/898 927/1008/898
f 423/471/157 925/1006/157 967/1068/157
f 925/1006/157 969/1069/157 967/1068/157
f 924/1005/899 968/1070/899 925/1006/899
f 925/1006/900 968/1070/900 969/1069/900
f 970/1071/901 971/1072/901 969/1073/901
f 969/1074/1 972/1075/1 970/1076/1
f 969/1073/901 971/1072/901 967/1077/901
f 968/1078/1 972/1075/1 969/1074/1
f 973/1079/902 972/1080/902 974/1081/902
f 973/1082/903 971/1083/903 972/1084/903
f 974/1081/902 972/1080/902 968/1085/902
f 972/1084/903 971/1083/903 970/1086/903
f 417/466/904 967/1068/904 974/1087/904
f 417/466/905 974/1087/905 924/1005/905
f 967/1074/123 973/1075/123 974/1078/123
f 924/1005/905 974/1087/905 968/1070/905
f 971/1076/123 973/1075/123 967/1074/123
f 423/471/906 967/1068/906 417/466/906
f 918/1000/907 975/1088/907 924/1005/907
f 976/1089/908 924/1005/908 975/1088/908
f 976/1089/909 417/466/909 924/1005/909
f 975/1088/298 977/1090/298 976/1089/298
f 980/1091/1 976/1092/1 977/1093/1
f 416/465/909 417/466/909 976/1089/909
f 976/1094/910 979/1095/910 416/1096/910
f 978/1097/910 979/1095/910 976/1094/910
f 978/1098/1 976/1092/1 980/1091/1
f 981/1099/911 980/1100/911 412/1101/911
f 412/1101/911 980/1100/911 413/1102/911
f 980/1103/912 979/1104/912 978/1105/912
f 980/1091/1 977/1093/1 413/1106/1
f 981/1107/912 979/1104/912 980/1103/912
f 411/1093/123 979/1098/123 981/1091/123
f 411/1093/123 981/1091/123 412/1106/123
f 416/1092/123 979/1098/123 411/1093/123
f 982/1108/913 413/463/913 977/1090/913
f 982/1108/295 977/1090/295 975/1088/295
f 918/1000/914 409/456/914 982/1108/914
f 409/456/915 413/463/915 982/1108/915
f 982/1108/916 975/1088/916 918/1000/916
f 922/417/917 625/676/917 627/429/917
f 922/417/917 611/410/917 625/676/917
f 409/456/918 916/998/918 983/1109/918
f 983/1109/919 916/998/919 915/997/919
f 983/1109/920 407/457/920 409/456/920
f 983/444/1 406/442/1 407/447/1
f 983/1109/921 915/997/921 400/436/921
f 400/443/1 404/446/1 983/444/1
f 983/444/1 404/446/1 406/442/1
f 912/994/922 399/434/922 915/997/922
f 915/997/923 399/434/923 400/436/923
f 913/428/924 628/678/924 630/680/924
f 984/1110/925 985/1111/925 912/994/925
f 912/994/926 910/995/926 984/1110/926
f 985/1111/927 399/434/927 912/994/927
f 984/1110/928 986/1112/928 985/1111/928
f 988/1113/929 985/1111/929 986/1112/929
f 985/1111/279 398/435/279 399/434/279
f 987/1114/930 398/435/930 985/1111/930
f 987/1114/931 985/1111/931 988/1113/931
f 986/1112/932 989/1115/932 988/1113/932
f 988/1113/933 989/1115/933 990/1116/933
f 988/1113/933 990/1116/933 991/1117/933
f 991/1118/934 992/1119/934 988/1120/934
f 988/1121/1 992/1122/1 987/1123/1
f 995/1124/934 992/1119/934 991/1118/934
f 992/1125/935 994/1126/935 993/1127/935
f 987/1123/1 992/1122/1 993/1128/1
f 995/1129/935 994/1126/935 992/1125/935
f 996/1123/123 995/1122/123 991/1121/123
f 994/1128/123 995/1122/123 996/1123/123
f 991/1117/936 997/1130/936 996/1131/936
f 996/1131/937 997/1130/937 398/435/937
f 996/1131/930 398/435/930 987/1114/930
f 987/1132/938 994/1133/938 996/1134/938
f 991/1117/939 990/1116/939 997/1130/939
f 999/1135/940 997/1130/940 990/1116/940
f 398/435/941 997/1130/941 998/1136/941
f 998/1136/942 997/1130/942 999/1135/942
f 1003/1137/943 999/1135/943 1000/1138/943
f 999/1135/944 990/1116/944 1000/1138/944
f 1001/1139/945 1002/1140/945 999/1135/945
f 1004/1141/946 1001/1139/946 999/1135/946
f 999/1135/947 1002/1140/947 998/1136/947
f 1004/1141/948 999/1135/948 1003/1137/948
f 1004/1141/949 1007/1142/949 1005/1143/949
f 1005/1143/946 1001/1139/946 1004/1141/946
f 1003/1137/950 1006/1144/950 1004/1141/950
f 1004/1141/951 1006/1144/951 1007/1142/951
f 1006/1144/952 1008/1145/952 1007/1142/952
f 1008/1145/953 1009/1146/953 1007/1142/953
f 1007/1142/954 1009/1146/954 1010/1147/954
f 1007/1148/955 1010/1149/955 1011/980/955
f 1005/1143/956 1007/1142/956 1011/1150/956
f 1011/980/957 1010/1149/957 1014/979/957
f 1011/980/958 1014/979/958 1012/981/958
f 1013/983/959 1011/980/959 1012/981/959
f 1005/982/960 1011/980/960 1013/983/960
f 1010/1149/961 1015/1151/961 1014/979/961
f 1014/979/961 1015/1151/961 1016/977/961
f 1014/979/962 1016/977/962 1017/978/962
f 1012/981/958 1014/979/958 1017/978/958
f 1017/978/962 1016/977/962 1018/976/962
f 1017/978/963 1018/976/963 1019/707/963
f 1020/706/964 1017/978/964 1019/707/964
f 1012/981/964 1017/978/964 1020/706/964
f 1022/986/965 1012/981/965 1020/706/965
f 1020/706/966 1019/707/966 1021/705/966
f 1023/988/967 1020/706/967 1021/705/967
f 1022/986/968 1020/706/968 1023/988/968
f 1023/988/969 1026/683/969 1022/986/969
f 1025/685/970 1024/684/970 1023/988/970
f 1023/988/970 1024/684/970 1026/683/970
f 1023/988/971 1021/705/971 1025/685/971
f 1024/684/972 1027/675/972 1026/683/972
f 1026/683/972 1027/675/972 1028/682/972
f 1026/683/973 1028/682/973 1029/987/973
f 1022/986/969 1026/683/969 1029/987/969
f 1029/987/974 1028/682/974 1030/681/974
f 1029/987/975 1030/681/975 1031/985/975
f 1013/983/976 1029/987/976 1031/985/976
f 1022/986/976 1029/987/976 1013/983/976
f 1031/985/975 1030/681/975 1032/989/975
f 1031/985/977 1032/989/977 1001/984/977
f 1005/982/978 1031/985/978 1001/984/978
f 1013/983/978 1031/985/978 1005/982/978
f 1034/679/979 1032/989/979 1030/681/979
f 1001/984/977 1032/989/977 1002/991/977
f 1033/680/980 1002/991/980 1032/989/980
f 1033/680/981 1032/989/981 1034/679/981
f 1034/679/982 1030/681/982 1035/674/982
f 1034/679/983 1037/677/983 1033/680/983
f 1035/674/984 1036/673/984 1034/679/984
f 1034/679/984 1036/673/984 1037/677/984
f 371/402/985 1037/677/985 1036/673/985
f 1033/680/983 1037/677/983 1038/678/983
f 1039/676/986 1038/678/986 1037/677/986
f 1039/676/985 1037/677/985 371/402/985
f 392/429/986 1038/678/986 1039/676/986
f 377/410/987 392/429/987 1039/676/987
f 370/403/988 1039/676/988 371/402/988
f 377/410/988 1039/676/988 370/403/988
f 1033/680/989 1038/678/989 1040/990/989
f 1040/990/990 1038/678/990 391/428/990
f 392/429/991 391/428/991 1038/678/991
f 1040/990/992 1002/991/992 1033/680/992
f 1040/1152/993 391/427/993 396/433/993
f 1040/1152/994 998/1136/994 1002/1140/994
f 396/433/995 998/1136/995 1040/1152/995
f 371/402/996 1036/673/996 365/397/996
f 365/397/996 1036/673/996 363/395/996
f 1035/674/997 363/395/997 1036/673/997
f 1035/674/982 1030/681/982 1028/682/982
f 1035/674/998 1028/682/998 362/394/998
f 362/394/997 363/395/997 1035/674/997
f 362/394/998 1028/682/998 1027/675/998
f 1024/684/999 357/384/999 1027/675/999
f 360/393/1000 1027/675/1000 357/384/1000
f 362/394/1000 1027/675/1000 360/393/1000
f 1041/686/1001 356/385/1001 1025/685/1001
f 1025/685/1001 356/385/1001 1024/684/1001
f 1025/685/971 1021/705/971 1042/702/971
f 1025/685/1002 1042/702/1002 1041/686/1002
f 1042/702/1003 1045/703/1003 1043/701/1003
f 1042/702/1004 1043/701/1004 1044/687/1004
f 1021/705/1003 1045/703/1003 1042/702/1003
f 1041/686/1002 1042/702/1002 1044/687/1002
f 1045/703/1005 1047/709/1005 1046/708/1005
f 1045/703/1006 1046/708/1006 1043/701/1006
f 1019/707/1007 1047/709/1007 1045/703/1007
f 1021/705/966 1019/707/966 1045/703/966
f 1049/975/1008 1046/708/1008 1047/709/1008
f 1049/975/1009 1047/709/1009 1048/974/1009
f 1048/974/1009 1047/709/1009 1018/976/1009
f 1019/707/963 1018/976/963 1047/709/963
f 1048/974/1010 1052/972/1010 1049/975/1010
f 1049/975/1011 1051/973/1011 1050/710/1011
f 1050/710/1008 1046/708/1008 1049/975/1008
f 1049/975/1010 1052/972/1010 1051/973/1010
f 1053/969/1012 1051/973/1012 1052/972/1012
f 1053/969/1013 1052/972/1013 1054/1153/1013
f 1054/1153/1013 1052/972/1013 1055/1154/1013
f 1048/974/1014 1055/1154/1014 1052/972/1014
f 1057/1155/1015 1055/1154/1015 1056/1156/1015
f 1058/1157/1016 1056/1156/1016 1055/1154/1016
f 1054/1153/1017 1055/1154/1017 1057/1155/1017
f 1058/1157/1014 1055/1154/1014 1048/974/1014
f 1048/974/1018 1018/976/1018 1058/1157/1018
f 1058/1157/1019 1018/976/1019 1016/977/1019
f 1058/1157/1020 1016/977/1020 1059/1158/1020
f 1059/1158/1021 1056/1156/1021 1058/1157/1021
f 1060/1159/1022 1061/1160/1022 1059/1161/1022
f 1059/1161/1023 1015/1162/1023 1060/1159/1023
f 1059/1158/1024 1016/977/1024 1015/1151/1024
f 1059/1161/1025 1061/1160/1025 1056/1163/1025
f 1063/1164/1026 1061/1160/1026 1062/1165/1026
f 1064/1166/1027 1062/1165/1027 1061/1160/1027
f 1061/1160/1028 1063/1164/1028 1056/1163/1028
f 1064/1166/1029 1061/1160/1029 1060/1159/1029
f 1068/1167/1030 1064/1166/1030 1060/1159/1030
f 1065/1168/1027 1062/1165/1027 1064/1166/1027
f 1064/1169/1031 1067/1170/1031 1065/1171/1031
f 1066/1172/1031 1067/1170/1031 1064/1169/1031
f 1068/1173/123 1066/1174/123 1064/1175/123
f 1068/1167/1032 1070/1176/1032 1069/1177/1032
f 1068/1167/1032 1069/1177/1032 1071/1178/1032
f 1060/1159/1033 1070/1176/1033 1068/1167/1033
f 1071/1179/1034 1072/1180/1034 1068/1181/1034
f 1072/1182/123 1066/1174/123 1068/1173/123
f 1073/1183/1034 1072/1180/1034 1071/1179/1034
f 1067/1184/1035 1072/1185/1035 1073/1186/1035
f 1066/1187/1035 1072/1185/1035 1067/1184/1035
f 1071/1173/1 1067/1174/1 1073/1182/1
f 1071/1178/1036 1069/1177/1036 1065/1168/1036
f 1065/1175/1 1067/1174/1 1071/1173/1
f 1070/1188/1037 1075/1189/1037 1069/1190/1037
f 1074/1191/1037 1075/1189/1037 1070/1188/1037
f 1074/1191/1038 1070/1188/1038 1015/1192/1038
f 1060/1159/1039 1015/1162/1039 1070/1176/1039
f 1076/1193/1040 1069/1190/1040 1075/1189/1040
f 1076/1193/1041 1075/1189/1041 1077/1194/1041
f 1077/1194/1042 1075/1189/1042 1078/1195/1042
f 1079/1196/1043 1078/1195/1043 1075/1189/1043
f 1080/1197/1044 1075/1189/1044 1074/1191/1044
f 1079/1196/1044 1075/1189/1044 1080/1197/1044
f 1081/1198/1045 1082/1199/1045 1080/1200/1045
f 1083/1201/123 1081/1202/123 1080/1203/123
f 1080/1200/1045 1082/1199/1045 1079/1204/1045
f 1080/1197/1046 1074/1191/1046 1083/1205/1046
f 1084/1206/1047 1083/1205/1047 1009/1146/1047
f 1084/1207/1048 1086/1208/1048 1083/1209/1048
f 1083/1205/1049 1085/1210/1049 1009/1146/1049
f 1083/1205/1050 1074/1191/1050 1085/1210/1050
f 1086/1211/123 1081/1202/123 1083/1201/123
f 1087/1212/1048 1086/1208/1048 1084/1207/1048
f 1082/1213/1051 1086/1214/1051 1087/1215/1051
f 1081/1216/1051 1086/1214/1051 1082/1213/1051
f 1084/1201/1 1082/1202/1 1087/1211/1
f 1009/1146/1052 1085/1210/1052 1010/1147/1052
f 1085/1210/1053 1074/1191/1053 1010/1147/1053
f 1009/1146/1047 1088/1217/1047 1084/1206/1047
f 1084/1206/1054 1088/1217/1054 1078/1195/1054
f 1084/1206/1055 1078/1195/1055 1079/1196/1055
f 1079/1203/1 1082/1202/1 1084/1201/1
f 1089/1218/1056 1078/1195/1056 1088/1217/1056
f 1088/1217/1057 1090/1219/1057 1089/1218/1057
f 1091/1220/1058 1090/1219/1058 1088/1217/1058
f 1092/1221/1059 1088/1217/1059 1009/1146/1059
f 1091/1220/1059 1088/1217/1059 1092/1221/1059
f 1092/1221/1060 1008/1145/1060 1093/1222/1060
f 1093/1223/123 1094/1224/123 1092/1225/123
f 1092/1221/1061 1009/1146/1061 1008/1145/1061
f 1092/1226/1062 1095/1227/1062 1091/1228/1062
f 1094/1229/1062 1095/1227/1062 1092/1226/1062
f 1095/1230/1063 1097/1231/1063 1096/1232/1063
f 1098/1223/1 1095/1224/1 1096/1233/1
f 1094/1234/1063 1097/1231/1063 1095/1230/1063
f 1091/1225/1 1095/1224/1 1098/1223/1
f 1091/1220/1064 1098/1235/1064 1099/1236/1064
f 1099/1236/1065 1098/1235/1065 1006/1144/1065
f 1093/1222/1065 1006/1144/1065 1098/1235/1065
f 1098/1237/1066 1097/1238/1066 1093/1239/1066
f 1096/1240/1066 1097/1238/1066 1098/1237/1066
f 1089/1218/1067 1090/1219/1067 1099/1236/1067
f 1089/1218/1068 1099/1236/1068 1100/1241/1068
f 1099/1236/1069 1090/1219/1069 1091/1220/1069
f 1099/1236/1070 1101/1242/1070 1100/1241/1070
f 1099/1236/1071 1006/1144/1071 1101/1242/1071
f 1100/1241/1072 1101/1242/1072 1102/1243/1072
f 1101/1242/1073 1103/1244/1073 1102/1243/1073
f 1006/1144/1071 1003/1137/1071 1101/1242/1071
f 1101/1242/1074 1003/1137/1074 1103/1244/1074
f 1102/1243/1075 1103/1244/1075 1104/1245/1075
f 1103/1246/1 1106/1247/1 1104/1248/1
f 1003/1137/1074 1105/1249/1074 1103/1244/1074
f 1105/1250/1076 1106/1251/1076 1103/1252/1076
f 1107/1253/1076 1106/1251/1076 1105/1250/1076
f 1107/1254/1077 1109/1255/1077 1106/1256/1077
f 1104/1248/1 1106/1247/1 1108/1257/1
f 1106/1256/1077 1109/1255/1077 1108/1258/1077
f 1104/1259/1078 1109/1260/1078 1110/1261/1078
f 1109/1257/123 1107/1247/123 1110/1248/123
f 1108/1262/1078 1109/1260/1078 1104/1259/1078
f 1000/1138/1079 990/1116/1079 1110/1263/1079
f 1000/1138/1080 1110/1263/1080 1003/1137/1080
f 1110/1263/1081 990/1116/1081 1104/1245/1081
f 1003/1137/1082 1110/1263/1082 1105/1249/1082
f 1110/1248/123 1107/1247/123 1105/1246/123
f 1102/1243/1083 1104/1245/1083 989/1115/1083
f 989/1115/1081 1104/1245/1081 990/1116/1081
f 1100/1241/1084 1102/1243/1084 1111/1264/1084
f 1111/1264/1085 1102/1243/1085 989/1115/1085
f 1111/1264/1086 902/1265/1086 1100/1241/1086
f 1111/1264/1087 989/1115/1087 984/1110/1087
f 984/1110/1088 904/1266/1088 1111/1264/1088
f 1111/1264/1086 904/1266/1086 902/1265/1086
f 1100/1241/1089 900/1267/1089 1089/1218/1089
f 1100/1241/1090 902/1265/1090 900/1267/1090
f 1097/1233/123 1094/1224/123 1093/1223/123
f 1093/1222/1091 1008/1145/1091 1006/1144/1091
f 1089/1148/1092 900/980/1092 897/979/1092
f 1089/1148/1093 897/979/1093 1077/1149/1093
f 1077/1194/1094 1078/1195/1094 1089/1218/1094
f 1077/1149/1095 898/977/1095 1076/1151/1095
f 1077/1149/1096 897/979/1096 898/977/1096
f 1112/1268/1097 1069/1177/1097 1076/1269/1097
f 1076/1151/1098 1113/1157/1098 1112/1158/1098
f 1076/1151/1098 898/977/1098 1113/1157/1098
f 1112/1158/1099 1113/1157/1099 1114/1154/1099
f 898/977/790 894/974/790 1113/1157/790
f 1113/1157/1100 892/972/1100 1114/1154/1100
f 1113/1157/1100 894/974/1100 892/972/1100
f 1112/1158/1101 1114/1154/1101 1115/1156/1101
f 1115/1156/1102 1114/1154/1102 1116/1153/1102
f 1114/1154/1103 889/969/1103 1116/1153/1103
f 1114/1154/1103 892/972/1103 889/969/1103
f 1117/1270/1104 1116/654/1104 885/652/1104
f 1116/1153/1105 886/966/1105 885/965/1105
f 1116/1153/1105 889/969/1105 886/966/1105
f 1115/1156/1106 1116/1153/1106 1117/1155/1106
f 1118/651/1107 1119/1271/1107 1117/1270/1107
f 1117/1270/1108 885/652/1108 1118/651/1108
f 1117/1270/1109 1119/1271/1109 1120/1272/1109
f 1117/1270/1110 1120/1272/1110 1115/1273/1110
f 1119/1271/1111 1122/1274/1111 1120/1272/1111
f 1115/1273/1112 1120/1272/1112 1121/1275/1112
f 1120/1272/1113 1123/1276/1113 1121/1275/1113
f 1120/1272/1114 1122/1274/1114 1123/1276/1114
f 1125/1277/1 1123/1278/1 1122/1279/1
f 1121/1275/1115 1123/1276/1115 1124/1280/1115
f 1125/1277/1 1124/1281/1 1123/1278/1
f 1126/1282/1116 1125/1283/1116 1127/1284/1116
f 1126/1285/1117 1129/1286/1117 1125/1287/1117
f 1128/1288/1 1124/1281/1 1125/1277/1
f 1127/1284/1116 1125/1283/1116 1122/1289/1116
f 1125/1287/1117 1129/1286/1117 1128/1290/1117
f 1128/1291/1118 1129/1292/1118 1124/1293/1118
f 1124/1293/1118 1129/1292/1118 1130/1294/1118
f 1130/1281/123 1129/1288/123 1131/1278/123
f 1131/1278/123 1129/1288/123 1126/1277/123
f 1132/1295/1119 1130/1296/1119 1131/1297/1119
f 1132/1295/1120 1131/1297/1120 1133/1298/1120
f 1133/1298/1121 1131/1297/1121 1127/1299/1121
f 1131/1278/123 1126/1277/123 1127/1279/123
f 1133/1298/1122 1135/1300/1122 1134/625/1122
f 1134/625/1123 1057/611/1123 1133/1298/1123
f 1133/1298/1124 1127/1299/1124 1135/1300/1124
f 1057/611/1125 1132/1295/1125 1133/1298/1125
f 1134/625/1126 1135/1300/1126 1136/1301/1126
f 1138/1302/123 1136/1303/123 1135/1304/123
f 1135/1300/1127 1127/1299/1127 1122/1274/1127
f 1135/1300/1127 1122/1274/1127 1137/1305/1127
f 1137/1306/1128 1138/1307/1128 1135/1308/1128
f 1139/1309/1128 1138/1307/1128 1137/1306/1128
f 1141/1310/1129 1138/1311/1129 1139/1312/1129
f 1140/1313/1129 1138/1311/1129 1141/1310/1129
f 1140/1314/123 1142/1315/123 1138/1302/123
f 1138/1302/123 1142/1315/123 1136/1303/123
f 1142/1316/1130 1143/620/1130 1136/1301/1130
f 1142/1316/1131 1144/1317/1131 1143/620/1131
f 1142/1318/1132 1141/1319/1132 1144/1320/1132
f 1140/1321/1132 1141/1319/1132 1142/1318/1132
f 1146/1322/1133 1145/624/1133 1144/1317/1133
f 1144/1317/1134 1145/624/1134 1147/650/1134
f 1144/1315/1 1141/1314/1 1146/1303/1
f 1143/620/1131 1144/1317/1131 1147/650/1131
f 1149/646/1135 1147/650/1135 1148/647/1135
f 1148/647/1136 1147/650/1136 1145/624/1136
f 1150/622/1137 1147/650/1137 1149/646/1137
f 1143/620/1137 1147/650/1137 1150/622/1137
f 1152/1323/1138 1151/623/1138 1150/622/1138
f 1150/622/1139 1151/623/1139 1154/619/1139
f 1152/1323/1140 1150/622/1140 1153/1324/1140
f 1150/622/1140 1149/646/1140 1153/1324/1140
f 1155/618/1141 1150/622/1141 1154/619/1141
f 1143/620/1142 1150/622/1142 1155/618/1142
f 1156/621/1143 1143/620/1143 1155/618/1143
f 1158/613/1144 1156/621/1144 1155/618/1144
f 1155/618/1145 1154/619/1145 1157/616/1145
f 1159/610/1146 1155/618/1146 1157/616/1146
f 1158/613/1147 1155/618/1147 1159/610/1147
f 1159/610/1148 1054/609/1148 1158/613/1148
f 1159/965/1149 1157/963/1149 1160/966/1149
f 1160/966/1150 1053/969/1150 1159/965/1150
f 1159/965/1150 1053/969/1150 1054/1153/1150
f 1160/966/1151 1157/963/1151 1163/964/1151
f 1160/966/1152 1163/964/1152 1161/968/1152
f 1161/968/1153 1162/970/1153 1160/966/1153
f 1160/966/1153 1162/970/1153 1053/969/1153
f 1157/963/1154 1165/961/1154 1163/964/1154
f 1163/964/1155 1166/962/1155 1164/967/1155
f 1161/968/1152 1163/964/1152 1164/967/1152
f 1163/964/1154 1165/961/1154 1166/962/1154
f 1166/962/1156 1168/960/1156 1167/959/1156
f 1166/962/1157 1167/959/1157 1169/735/1157
f 1165/961/1156 1168/960/1156 1166/962/1156
f 1164/967/1155 1166/962/1155 1169/735/1155
f 1169/735/1157 1167/959/1157 1170/736/1157
f 1169/735/1158 1170/736/1158 1171/730/1158
f 1172/729/1159 1169/735/1159 1171/730/1159
f 1164/967/1159 1169/735/1159 1172/729/1159
f 1174/971/1160 1164/967/1160 1172/729/1160
f 1172/729/1161 1171/730/1161 1173/724/1161
f 1175/720/1162 1172/729/1162 1173/724/1162
f 1174/971/1162 1172/729/1162 1175/720/1162
f 1175/720/1163 1178/716/1163 1174/971/1163
f 1177/719/1164 1176/717/1164 1175/720/1164
f 1175/720/1164 1176/717/1164 1178/716/1164
f 1175/720/1165 1173/724/1165 1177/719/1165
f 1176/717/1166 1179/713/1166 1178/716/1166
f 1178/716/1166 1179/713/1166 1180/714/1166
f 1178/716/1167 1180/714/1167 1181/718/1167
f 1174/971/1163 1178/716/1163 1181/718/1163
f 1181/718/1167 1180/714/1167 1182/715/1167
f 1181/718/1168 1182/715/1168 1162/970/1168
f 1161/968/1169 1181/718/1169 1162/970/1169
f 1174/971/1169 1181/718/1169 1161/968/1169
f 1162/970/1168 1182/715/1168 1051/973/1168
f 1050/710/1011 1051/973/1011 1182/715/1011
f 1050/710/1170 1182/715/1170 1183/711/1170
f 1183/711/1170 1182/715/1170 1180/714/1170
f 1183/711/1171 1186/704/1171 1050/710/1171
f 1183/711/1172 1180/714/1172 1184/712/1172
f 1184/712/1173 1185/698/1173 1183/711/1173
f 1183/711/1173 1185/698/1173 1186/704/1173
f 1050/710/1171 1186/704/1171 1046/708/1171
f 1187/696/1174 1186/704/1174 1185/698/1174
f 1043/701/1006 1046/708/1006 1186/704/1006
f 1043/701/1174 1186/704/1174 1187/696/1174
f 1044/687/1004 1043/701/1004 1187/696/1004
f 1188/693/123 1044/687/123 1187/696/123
f 1188/693/123 1187/696/123 1185/698/123
f 354/386/123 1044/687/123 1188/693/123
f 317/381/1175 354/380/1175 1188/1325/1175
f 317/381/1176 1188/1325/1176 322/1326/1176
f 322/1326/1177 1188/1325/1177 1189/1327/1177
f 1188/693/123 1185/698/123 1189/697/123
f 1189/697/123 1179/713/123 1190/721/123
f 1189/697/123 1184/712/123 1179/713/123
f 1189/697/123 1185/698/123 1184/712/123
f 327/1328/1178 1189/1329/1178 1190/1330/1178
f 322/1331/1178 1189/1329/1178 327/1328/1178
f 1190/721/123 1177/719/123 1191/722/123
f 331/1332/1179 1190/1330/1179 1191/1333/1179
f 1190/721/123 1179/713/123 1176/717/123
f 1190/721/123 1176/717/123 1177/719/123
f 327/1328/1179 1190/1330/1179 331/1332/1179
f 1191/722/123 1192/725/123 1193/726/123
f 1191/722/123 1194/723/123 1192/725/123
f 336/1334/1180 1191/1333/1180 1193/1335/1180
f 331/1332/1180 1191/1333/1180 336/1334/1180
f 1191/722/123 1177/719/123 1194/723/123
f 1173/724/1181 1195/728/1181 1194/723/1181
f 1194/723/1181 1195/728/1181 1192/725/1181
f 1177/719/1165 1173/724/1165 1194/723/1165
f 1171/730/1182 1196/732/1182 1195/728/1182
f 1195/728/1182 1196/732/1182 1197/731/1182
f 1195/728/1183 1197/731/1183 1192/725/1183
f 1173/724/1161 1171/730/1161 1195/728/1161
f 1199/733/1184 1197/731/1184 1198/737/1184
f 1198/737/1184 1197/731/1184 1196/732/1184
f 1199/733/1185 1200/727/1185 1197/731/1185
f 1192/725/1183 1197/731/1183 1200/727/1183
f 1201/734/1185 1200/727/1185 1199/733/1185
f 1200/727/123 1201/734/123 1202/745/123
f 1193/726/123 1192/725/123 1200/727/123
f 1193/726/123 1200/727/123 1202/745/123
f 1202/745/123 1201/734/123 1203/741/123
f 1202/745/123 1203/741/123 1204/744/123
f 340/1336/1186 1193/1335/1186 1202/1337/1186
f 346/377/1187 1202/1337/1187 1204/1338/1187
f 340/1336/1187 1202/1337/1187 346/377/1187
f 1203/741/123 1207/742/123 1204/744/123
f 1204/744/123 1206/751/123 1205/750/123
f 352/372/1188 1204/1338/1188 1205/374/1188
f 346/377/1188 1204/1338/1188 352/372/1188
f 1204/744/123 1207/742/123 1206/751/123
f 1207/742/1189 1203/741/1189 1208/743/1189
f 1209/754/1190 1207/742/1190 1208/743/1190
f 1206/751/1190 1207/742/1190 1209/754/1190
f 1209/754/1191 1208/743/1191 1210/756/1191
f 1210/756/1192 1212/758/1192 1209/754/1192
f 1209/754/1192 1212/758/1192 1211/757/1192
f 1209/754/1193 1211/757/1193 1206/751/1193
f 1213/761/1194 1211/757/1194 1212/758/1194
f 1213/761/1195 1212/758/1195 1214/949/1195
f 1214/949/1196 1212/758/1196 1215/950/1196
f 1210/756/1197 1215/950/1197 1212/758/1197
f 1214/949/1198 1215/950/1198 1216/946/1198
f 1216/946/1199 1215/950/1199 1217/948/1199
f 1218/952/1200 1217/948/1200 1215/950/1200
f 1218/952/1197 1215/950/1197 1210/756/1197
f 1219/951/1200 1217/948/1200 1218/952/1200
f 1218/952/1201 1221/954/1201 1219/951/1201
f 1210/756/1202 1220/755/1202 1218/952/1202
f 1218/952/1202 1220/755/1202 1221/954/1202
f 1220/755/1203 1222/739/1203 1221/954/1203
f 1221/954/1203 1222/739/1203 1223/956/1203
f 1221/954/1204 1223/956/1204 1224/953/1204
f 1219/951/1201 1221/954/1201 1224/953/1201
f 1224/953/1204 1223/956/1204 1225/955/1204
f 1224/953/1205 1225/955/1205 1226/1339/1205
f 1227/1340/1206 1224/953/1206 1226/1339/1206
f 1219/951/1207 1224/953/1207 1227/1340/1207
f 1228/298/1208 1230/250/1208 1227/302/1208
f 1227/302/1209 1226/363/1209 1228/298/1209
f 1227/1340/1210 1229/947/1210 1219/951/1210
f 1227/302/1211 1230/250/1211 1229/299/1211
f 1232/296/1212 1231/253/1212 1230/250/1212
f 1230/250/1213 1231/253/1213 1233/247/1213
f 1228/298/1214 1232/296/1214 1230/250/1214
f 1233/247/1215 1229/299/1215 1230/250/1215
f 1233/247/1216 1237/241/1216 1234/244/1216
f 1233/247/1217 1234/244/1217 1236/251/1217
f 1235/246/1218 1237/241/1218 1233/247/1218
f 1233/247/1219 1238/249/1219 1235/246/1219
f 1236/251/1220 1229/299/1220 1233/247/1220
f 1233/247/1221 1231/253/1221 1238/249/1221
f 1231/253/1222 1239/1341/1222 1238/249/1222
f 1238/249/1223 1239/1341/1223 1240/1342/1223
f 1238/249/1224 1240/1342/1224 1235/246/1224
f 1240/1342/1225 1241/1343/1225 1235/246/1225
f 1240/1344/123 1243/1345/123 1241/1346/123
f 1239/1347/123 1242/1348/123 1240/1344/123
f 1240/1344/123 1242/1348/123 1243/1345/123
f 1243/1349/1226 1244/1350/1226 1241/1351/1226
f 1243/1352/1227 1242/1353/1227 1244/1354/1227
f 1244/1345/1 1248/1347/1 1245/1344/1
f 1244/1345/1 1245/1344/1 1247/1346/1
f 1241/1351/1226 1244/1350/1226 1247/1355/1226
f 1244/1354/1227 1242/1353/1227 1246/1356/1227
f 1246/1348/1 1248/1347/1 1244/1345/1
f 1248/1357/1228 1250/294/1228 1249/257/1228
f 1248/1357/1229 1249/257/1229 1245/1358/1229
f 1239/1341/1230 1250/294/1230 1248/1357/1230
f 1248/1359/1231 1242/1360/1231 1239/1361/1231
f 1246/1362/1231 1242/1360/1231 1248/1359/1231
f 1251/1363/1232 1249/257/1232 1250/294/1232
f 1251/1363/1233 1250/294/1233 1252/323/1233
f 1250/294/1234 1253/306/1234 1252/323/1234
f 1254/1364/1235 1253/306/1235 1250/294/1235
f 1239/1341/1230 1232/296/1230 1250/294/1230
f 1255/1365/1236 1250/294/1236 1232/296/1236
f 1254/1364/1236 1250/294/1236 1255/1365/1236
f 1256/1366/1237 1255/1365/1237 1257/297/1237
f 1256/1367/123 1258/1368/123 1255/1369/123
f 1255/1365/1238 1232/296/1238 1257/297/1238
f 1255/1370/1239 1259/1371/1239 1254/1372/1239
f 1258/1373/1239 1259/1371/1239 1255/1370/1239
f 1254/1369/1 1259/1368/1 1260/1367/1
f 1260/1367/1 1259/1368/1 1261/1374/1
f 1259/1364/1240 1262/1366/1240 1261/1375/1240
f 1258/1365/1240 1262/1366/1240 1259/1364/1240
f 1261/1371/1241 1262/1373/1241 1260/1372/1241
f 1260/1372/1241 1262/1373/1241 1256/1370/1241
f 1262/1374/123 1258/1368/123 1256/1367/123
f 1256/1366/1242 1263/316/1242 1260/1375/1242
f 1260/1375/1243 1263/316/1243 1254/1364/1243
f 1252/323/1244 1263/316/1244 1264/319/1244
f 1264/319/1245 1263/316/1245 1265/318/1245
f 1266/300/1246 1265/318/1246 1263/316/1246
f 1256/1366/1242 1266/300/1242 1263/316/1242
f 1263/316/1247 1253/306/1247 1254/1364/1247
f 1252/323/1244 1253/306/1244 1263/316/1244
f 1267/304/1246 1265/318/1246 1266/300/1246
f 1268/301/1248 1267/304/1248 1266/300/1248
f 1257/297/1249 1266/300/1249 1256/1366/1249
f 1257/297/1250 1268/301/1250 1266/300/1250
f 1226/363/1251 1269/362/1251 1268/301/1251
f 1228/298/1252 1226/363/1252 1268/301/1252
f 1268/301/1251 1269/362/1251 1270/361/1251
f 1228/298/1250 1268/301/1250 1257/297/1250
f 1268/301/1253 1271/359/1253 1267/304/1253
f 1270/361/1254 1271/359/1254 1268/301/1254
f 1272/1376/1255 1267/304/1255 1271/359/1255
f 1272/1376/1256 1271/359/1256 1273/357/1256
f 1273/357/1257 1271/359/1257 1270/361/1257
f 1274/1377/1258 1272/1376/1258 1273/357/1258
f 1273/357/1258 1279/340/1258 1274/1377/1258
f 1275/355/1259 1276/1378/1259 1273/357/1259
f 1275/355/1260 1273/357/1260 1278/360/1260
f 1276/1378/1261 1277/1379/1261 1273/357/1261
f 1273/357/1261 1277/1379/1261 1279/340/1261
f 1278/360/1262 1273/357/1262 1270/361/1262
f 1281/334/1263 1280/321/1263 1279/340/1263
f 1274/1377/1264 1279/340/1264 1280/321/1264
f 1279/340/1265 1282/339/1265 1281/334/1265
f 1277/1379/1266 1282/339/1266 1279/340/1266
f 1281/334/1267 1282/339/1267 1283/1380/1267
f 1277/1379/1268 1283/1380/1268 1282/339/1268
f 1281/334/1269 1283/1380/1269 1284/336/1269
f 1284/336/1270 1283/1380/1270 1285/1381/1270
f 1286/1382/1271 1285/1381/1271 1283/1380/1271
f 1286/1382/1272 1283/1380/1272 1277/1379/1272
f 1287/1383/1273 1285/1381/1273 1286/1382/1273
f 1286/1382/1273 1288/1384/1273 1287/1383/1273
f 1286/1385/1274 1290/1386/1274 1288/1387/1274
f 1277/1388/1 1291/1389/1 1286/1390/1
f 1289/1391/1274 1290/1386/1274 1286/1385/1274
f 1286/1390/1 1291/1389/1 1289/1392/1
f 1292/1393/1275 1291/1394/1275 1276/1395/1275
f 1276/1395/1275 1291/1394/1275 1277/1396/1275
f 1291/1397/1276 1290/1398/1276 1289/1399/1276
f 1292/1400/1276 1290/1398/1276 1291/1397/1276
f 1288/1390/123 1292/1389/123 1276/1388/123
f 1290/1392/123 1292/1389/123 1288/1390/123
f 1287/1383/1277 1288/1384/1277 1293/1401/1277
f 1293/1401/1278 1288/1384/1278 1275/355/1278
f 1275/355/1279 1288/1384/1279 1276/1378/1279
f 1275/355/1280 1294/1402/1280 1293/1401/1280
f 1287/1383/1281 1293/1401/1281 1294/1402/1281
f 1278/360/1282 1294/1402/1282 1275/355/1282
f 1154/619/1283 1287/1383/1283 1294/1402/1283
f 1154/619/1284 1294/1402/1284 1165/617/1284
f 1278/360/1285 1168/1403/1285 1294/1402/1285
f 1165/617/1284 1294/1402/1284 1168/1403/1284
f 1295/1404/1286 1285/1381/1286 1287/1383/1286
f 1295/1404/1287 1287/1383/1287 1151/623/1287
f 1151/623/1288 1287/1383/1288 1154/619/1288
f 1296/1405/1286 1285/1381/1286 1295/1404/1286
f 1295/1404/1289 1151/623/1289 1152/1323/1289
f 1152/1406/123 1297/1407/123 1295/1408/123
f 1295/1409/1290 1298/1410/1290 1296/1411/1290
f 1297/1412/1290 1298/1410/1290 1295/1409/1290
f 1297/1413/1291 1300/1414/1291 1298/1415/1291
f 1296/1408/1 1298/1407/1 1153/1406/1
f 1153/1406/1 1298/1407/1 1299/1416/1
f 1298/1415/1291 1300/1414/1291 1299/1417/1291
f 1153/1418/1292 1300/1419/1292 1152/1420/1292
f 1300/1416/123 1297/1407/123 1152/1406/123
f 1299/1421/1292 1300/1419/1292 1153/1418/1292
f 1296/1405/1293 1301/649/1293 1285/1381/1293
f 1153/1324/1294 1301/649/1294 1296/1405/1294
f 1302/648/1295 1285/1381/1295 1301/649/1295
f 1302/648/1296 1301/649/1296 1148/647/1296
f 1148/647/1297 1301/649/1297 1149/646/1297
f 1153/1324/1298 1149/646/1298 1301/649/1298
f 1284/336/1299 1285/1381/1299 1302/648/1299
f 1302/648/1300 878/335/1300 1284/336/1300
f 1148/647/1301 881/337/1301 1302/648/1301
f 1302/648/1302 881/337/1302 878/335/1302
f 1284/336/1303 878/335/1303 879/325/1303
f 1284/336/1303 879/325/1303 1281/334/1303
f 1303/320/1304 1280/321/1304 1281/334/1304
f 1281/334/1305 1304/322/1305 1303/320/1305
f 1281/334/1305 879/325/1305 1304/322/1305
f 1303/320/1306 1304/322/1306 1305/324/1306
f 879/958/766 875/955/766 1304/1422/766
f 1304/1422/1307 873/953/1307 1305/1339/1307
f 1304/1422/1307 875/955/1307 873/953/1307
f 1303/320/1308 1305/324/1308 1264/319/1308
f 1264/319/1309 1305/324/1309 1306/1423/1309
f 1305/1339/1310 871/951/1310 1306/1340/1310
f 1305/1339/1310 873/953/1310 871/951/1310
f 1252/323/1311 1306/1423/1311 867/1424/1311
f 1306/1340/1312 868/948/1312 867/947/1312
f 1306/1340/1312 871/951/1312 868/948/1312
f 1264/319/1313 1306/1423/1313 1252/323/1313
f 1264/319/1314 1265/318/1314 1303/320/1314
f 1303/320/1315 1265/318/1315 1280/321/1315
f 1307/1425/1316 1280/321/1316 1265/318/1316
f 1274/1377/1317 1280/321/1317 1307/1425/1317
f 1307/1426/1 1309/1427/1 1274/1428/1
f 1307/1425/1318 1265/318/1318 1308/1429/1318
f 1308/1361/1319 1309/1362/1319 1307/1359/1319
f 1310/1360/1319 1309/1362/1319 1308/1361/1319
f 1310/1430/1320 1312/1431/1320 1309/1432/1320
f 1274/1428/1 1309/1427/1 1311/1433/1
f 1309/1432/1320 1312/1431/1320 1311/1434/1320
f 1311/1350/1321 1312/1349/1321 1274/1355/1321
f 1274/1355/1321 1312/1349/1321 1272/1351/1321
f 1312/1433/123 1310/1427/123 1272/1428/123
f 1272/1428/123 1310/1427/123 1308/1426/123
f 1308/1429/1318 1265/318/1318 1267/304/1318
f 1308/1429/1322 1267/304/1322 1272/1376/1322
f 1278/360/1323 1270/361/1323 1313/1435/1323
f 1313/1435/1285 1168/1403/1285 1278/360/1285
f 1313/958/1324 1269/1422/1324 1314/957/1324
f 1314/957/1325 1167/959/1325 1313/958/1325
f 1313/958/1326 1167/959/1326 1168/960/1326
f 1313/1435/1323 1270/361/1323 1269/362/1323
f 1314/957/1324 1269/1422/1324 1225/955/1324
f 1314/957/1327 1225/955/1327 1315/738/1327
f 1315/738/1328 1170/736/1328 1314/957/1328
f 1314/957/1329 1170/736/1329 1167/959/1329
f 1315/738/1327 1225/955/1327 1223/956/1327
f 1315/738/1330 1223/956/1330 1198/737/1330
f 1198/737/1331 1196/732/1331 1315/738/1331
f 1315/738/1331 1196/732/1331 1170/736/1331
f 1226/1339/1205 1225/955/1205 1269/1422/1205
f 1257/297/1332 1232/296/1332 1228/298/1332
f 1252/323/1311 867/1424/1311 1251/1363/1311
f 1316/214/1333 1317/255/1333 1251/1363/1333
f 1251/1363/1334 865/211/1334 1316/214/1334
f 1317/255/1335 1249/257/1335 1251/1363/1335
f 1251/1363/1336 867/1424/1336 865/211/1336
f 1316/214/1337 1318/259/1337 1317/255/1337
f 1247/1436/1338 1317/255/1338 1318/259/1338
f 1245/1358/1339 1249/257/1339 1317/255/1339
f 1245/1358/1340 1317/255/1340 1247/1436/1340
f 1321/215/1341 1318/259/1341 1316/214/1341
f 1247/1436/1342 1318/259/1342 1319/1437/1342
f 1319/1437/1343 1318/259/1343 1320/1438/1343
f 1321/215/1344 1320/1438/1344 1318/259/1344
f 1323/210/1345 1322/216/1345 1321/215/1345
f 1322/216/1346 1320/1438/1346 1321/215/1346
f 1323/210/1347 1321/215/1347 1316/214/1347
f 1324/206/1348 1322/216/1348 1323/210/1348
f 1323/210/1349 860/205/1349 1324/206/1349
f 1316/214/1350 863/207/1350 1323/210/1350
f 1323/210/1351 863/207/1351 860/205/1351
f 1325/204/1352 1326/1439/1352 1324/206/1352
f 1324/206/1353 861/208/1353 1325/204/1353
f 1324/206/1354 1326/1439/1354 1327/219/1354
f 1327/219/1355 1328/217/1355 1324/206/1355
f 1324/206/1356 1328/217/1356 1322/216/1356
f 1324/206/1357 860/205/1357 861/208/1357
f 1328/217/1358 1327/219/1358 1329/221/1358
f 1328/217/1359 1331/1440/1359 1322/216/1359
f 1329/221/1358 1330/242/1358 1328/217/1358
f 1328/217/1360 1330/242/1360 1331/1440/1360
f 1330/242/1360 1332/1441/1360 1331/1440/1360
f 1332/1387/1361 1333/1391/1361 1331/1385/1361
f 1322/216/1362 1331/1440/1362 1320/1438/1362
f 1331/1442/1 1333/1443/1 1320/1444/1
f 1334/1386/1361 1333/1391/1361 1332/1387/1361
f 1334/1445/1363 1336/1446/1363 1333/1447/1363
f 1320/1444/1 1333/1443/1 1335/1448/1
f 1333/1447/1363 1336/1446/1363 1335/1449/1363
f 1334/1443/123 1332/1442/123 1336/1448/123
f 1336/1448/123 1332/1442/123 1338/1444/123
f 1319/1396/1364 1336/1393/1364 1337/1395/1364
f 1336/1448/123 1338/1444/123 1337/1450/123
f 1335/1394/1364 1336/1393/1364 1319/1396/1364
f 1237/241/1365 1337/1451/1365 1338/1452/1365
f 1237/241/1346 1338/1452/1346 1339/239/1346
f 1339/239/1366 1338/1452/1366 1330/242/1366
f 1330/242/1367 1338/1452/1367 1332/1441/1367
f 1237/241/1368 1339/239/1368 1234/244/1368
f 1330/242/1369 1234/244/1369 1339/239/1369
f 1235/246/1370 1241/1343/1370 1337/1451/1370
f 1235/246/1371 1337/1451/1371 1237/241/1371
f 1241/1343/1372 1247/1436/1372 1337/1451/1372
f 1337/1451/1373 1247/1436/1373 1319/1437/1373
f 1320/1444/1 1335/1448/1 1319/1450/1
f 1330/242/1374 1329/221/1374 1340/243/1374
f 1340/243/1375 1234/244/1375 1330/242/1375
f 1340/243/1376 1343/252/1376 1234/244/1376
f 1340/243/1377 1329/221/1377 1341/1453/1377
f 1340/243/1378 1341/1453/1378 1342/1454/1378
f 1342/1454/1379 1343/252/1379 1340/243/1379
f 1236/251/1380 1234/244/1380 1343/252/1380
f 1236/945/1381 1343/943/1381 1216/946/1381
f 1216/946/1381 1343/943/1381 1344/944/1381
f 1342/942/1382 1344/944/1382 1343/943/1382
f 1216/946/1383 1344/944/1383 1214/949/1383
f 1214/949/1384 1344/944/1384 1346/772/1384
f 1345/941/1382 1344/944/1382 1342/942/1382
f 1345/941/1385 1346/772/1385 1344/944/1385
f 1214/949/1386 1346/772/1386 1213/761/1386
f 1348/773/1387 1347/771/1387 1346/772/1387
f 1213/761/1386 1346/772/1386 1347/771/1386
f 1348/773/1385 1346/772/1385 1345/941/1385
f 1348/773/1388 1350/939/1388 1349/775/1388
f 1348/773/1389 1349/775/1389 1351/769/1389
f 1345/941/1388 1350/939/1388 1348/773/1388
f 1351/769/1387 1347/771/1387 1348/773/1387
f 1351/769/1389 1349/775/1389 1352/774/1389
f 1351/769/1390 1352/774/1390 1353/768/1390
f 1353/768/1391 1354/763/1391 1351/769/1391
f 1351/769/1391 1354/763/1391 1347/771/1391
f 1353/768/1392 1355/762/1392 1354/763/1392
f 1356/760/1393 1354/763/1393 1355/762/1393
f 1357/759/1393 1354/763/1393 1356/760/1393
f 1357/759/1394 1347/771/1394 1354/763/1394
f 1356/760/1395 1358/753/1395 1357/759/1395
f 1357/759/1395 1358/753/1395 1211/757/1395
f 1357/759/1194 1211/757/1194 1213/761/1194
f 1213/761/1394 1347/771/1394 1357/759/1394
f 1205/750/123 1358/753/123 1356/760/123
f 1206/751/1193 1211/757/1193 1358/753/1193
f 1205/750/123 1206/751/123 1358/753/123
f 1359/764/123 1356/760/123 1355/762/123
f 1205/750/123 1356/760/123 1359/764/123
f 316/375/1396 1205/374/1396 1359/373/1396
f 316/375/1397 1359/373/1397 321/1455/1397
f 321/1455/1397 1359/373/1397 1361/376/1397
f 1359/764/123 1360/765/123 1361/766/123
f 1359/764/123 1355/762/123 1360/765/123
f 1361/766/123 1360/765/123 1364/767/123
f 1361/766/123 1362/778/123 1363/786/123
f 1361/766/123 1364/767/123 1362/778/123
f 326/1456/1398 1361/376/1398 1363/1457/1398
f 321/1455/1399 1361/376/1399 326/1456/1399
f 1362/778/1400 1364/767/1400 1365/777/1400
f 1365/777/1400 1364/767/1400 1366/770/1400
f 1360/765/1401 1366/770/1401 1364/767/1401
f 1365/777/1402 1366/770/1402 1367/776/1402
f 1367/776/1402 1366/770/1402 1352/774/1402
f 1353/768/1390 1352/774/1390 1366/770/1390
f 1353/768/1401 1366/770/1401 1360/765/1401
f 1367/776/1403 1352/774/1403 1368/938/1403
f 1370/935/1404 1367/776/1404 1368/938/1404
f 1369/781/1405 1365/777/1405 1367/776/1405
f 1369/781/1404 1367/776/1404 1370/935/1404
f 1372/934/1406 1371/932/1406 1370/935/1406
f 1370/935/1406 1371/932/1406 1373/933/1406
f 1370/935/1407 1368/938/1407 1372/934/1407
f 1370/935/1408 1373/933/1408 1369/781/1408
f 1375/931/1409 1374/936/1409 1373/933/1409
f 1369/781/1410 1373/933/1410 1374/936/1410
f 1375/931/1411 1373/933/1411 1376/929/1411
f 1376/929/1411 1373/933/1411 1371/932/1411
f 1376/929/1412 1371/932/1412 1377/928/1412
f 1377/928/1413 1378/926/1413 1376/929/1413
f 1376/929/1414 1378/926/1414 1379/927/1414
f 1376/929/1415 1379/927/1415 1375/931/1415
f 1381/925/1416 1379/927/1416 1380/924/1416
f 1380/924/1417 1379/927/1417 1378/926/1417
f 1381/925/1418 1382/930/1418 1379/927/1418
f 1375/931/1415 1379/927/1415 1382/930/1415
f 1384/806/1419 1383/798/1419 1382/930/1419
f 1385/797/1420 1382/930/1420 1383/798/1420
f 1384/806/1418 1382/930/1418 1381/925/1418
f 1375/931/1420 1382/930/1420 1385/797/1420
f 1386/793/1421 1387/782/1421 1385/797/1421
f 1385/797/1422 1383/798/1422 1386/793/1422
f 1385/797/1421 1387/782/1421 1374/936/1421
f 1385/797/1409 1374/936/1409 1375/931/1409
f 1386/793/1423 1388/783/1423 1387/782/1423
f 1390/779/1424 1387/782/1424 1388/783/1424
f 1389/780/1425 1374/936/1425 1387/782/1425
f 1389/780/1424 1387/782/1424 1390/779/1424
f 1390/779/1426 1362/778/1426 1389/780/1426
f 1363/786/123 1390/779/123 1388/783/123
f 1363/786/123 1362/778/123 1390/779/123
f 1369/781/1425 1374/936/1425 1389/780/1425
f 1389/780/1427 1365/777/1427 1369/781/1427
f 1389/780/1426 1362/778/1426 1365/777/1426
f 1391/785/1423 1388/783/1423 1386/793/1423
f 1392/784/123 1388/783/123 1391/785/123
f 1363/786/123 1388/783/123 1392/784/123
f 1392/784/123 1391/785/123 1393/794/123
f 330/1458/1428 1363/1457/1428 1392/1459/1428
f 335/1460/1429 1392/1459/1429 1393/1461/1429
f 330/1458/1429 1392/1459/1429 335/1460/1429
f 1391/785/123 1396/792/123 1393/794/123
f 1393/794/123 1395/795/123 1394/816/123
f 339/1462/1430 1393/1463/1430 1394/1464/1430
f 335/1465/1430 1393/1463/1430 339/1462/1430
f 1393/794/123 1396/792/123 1395/795/123
f 1391/785/1431 1398/796/1431 1396/792/1431
f 1395/795/1432 1396/792/1432 1397/799/1432
f 1397/799/1432 1396/792/1432 1398/796/1432
f 1386/793/1431 1398/796/1431 1391/785/1431
f 1386/793/1422 1383/798/1422 1398/796/1422
f 1397/799/1433 1398/796/1433 1399/800/1433
f 1399/800/1433 1398/796/1433 1383/798/1433
f 1399/800/1434 1401/807/1434 1400/803/1434
f 1399/800/1435 1400/803/1435 1397/799/1435
f 1384/806/1436 1401/807/1436 1399/800/1436
f 1399/800/1419 1383/798/1419 1384/806/1419
f 1402/809/1437 1400/803/1437 1401/807/1437
f 1402/809/1438 1401/807/1438 1403/920/1438
f 1403/920/1438 1401/807/1438 1404/922/1438
f 1384/806/1439 1404/922/1439 1401/807/1439
f 1403/920/1440 1404/922/1440 1405/921/1440
f 1405/921/1441 1404/922/1441 1406/923/1441
f 1381/925/1442 1406/923/1442 1404/922/1442
f 1381/925/1439 1404/922/1439 1384/806/1439
f 1408/1466/1443 1406/923/1443 1407/1467/1443
f 1380/924/1444 1407/1467/1444 1406/923/1444
f 1405/921/1445 1406/923/1445 1408/1466/1445
f 1380/924/1442 1406/923/1442 1381/925/1442
f 1407/1468/1446 1410/1469/1446 1408/1470/1446
f 1413/1471/1447 1408/1470/1447 1409/1472/1447
f 1408/1470/1448 1411/1473/1448 1409/1472/1448
f 1408/1470/1449 1410/1469/1449 1411/1473/1449
f 1412/1474/1450 1405/1475/1450 1408/1470/1450
f 1412/1474/1447 1408/1470/1447 1413/1471/1447
f 1414/1476/1451 1415/1477/1451 1413/1471/1451
f 1416/1235/1452 1414/1476/1452 1413/1471/1452
f 1413/1471/1453 1415/1477/1453 1412/1474/1453
f 1416/1235/1452 1413/1471/1452 1417/1222/1452
f 1417/1222/1454 1413/1471/1454 1409/1472/1454
f 1417/1478/1455 1420/1479/1455 1416/1480/1455
f 1417/1222/1456 1409/1472/1456 1418/1481/1456
f 1421/1482/123 1417/1483/123 1418/1484/123
f 1419/1485/1455 1420/1479/1455 1417/1478/1455
f 1419/1486/123 1417/1483/123 1421/1482/123
f 1424/1487/1457 1421/1488/1457 1422/1489/1457
f 1422/1489/1457 1421/1488/1457 1423/1490/1457
f 1421/1482/123 1418/1484/123 1423/1491/123
f 1420/1232/1458 1421/1234/1458 1424/1230/1458
f 1419/1231/1458 1421/1234/1458 1420/1232/1458
f 1425/1484/1 1424/1482/1 1422/1491/1
f 1425/1484/1 1420/1486/1 1424/1482/1
f 1425/1492/1459 1427/1493/1459 1426/1494/1459
f 1425/1492/1460 1426/1494/1460 1416/1235/1460
f 1428/1495/1461 1427/1493/1461 1425/1492/1461
f 1425/1492/1462 1422/1220/1462 1428/1495/1462
f 1416/1483/1 1420/1486/1 1425/1484/1
f 1429/1496/1463 1427/1493/1463 1428/1495/1463
f 1429/1496/1464 1428/1495/1464 1430/1497/1464
f 1430/1497/1465 1428/1495/1465 1431/1498/1465
f 1428/1495/1466 1432/1206/1466 1431/1498/1466
f 1428/1495/1467 1422/1220/1467 1423/1221/1467
f 1423/1221/1467 1410/1469/1467 1428/1495/1467
f 1428/1495/1468 1410/1469/1468 1432/1206/1468
f 1431/1498/1469 1432/1206/1469 1434/1499/1469
f 1410/1469/1468 1433/1205/1468 1432/1206/1468
f 1433/1500/1470 1435/1501/1470 1432/1502/1470
f 1435/1503/1 1434/1504/1 1432/1505/1
f 1437/1506/1 1436/1507/1 1435/1503/1
f 1435/1503/1 1436/1507/1 1434/1504/1
f 1435/1215/1471 1438/1216/1471 1437/1213/1471
f 1439/1508/1470 1435/1501/1470 1433/1500/1470
f 1439/1214/1471 1438/1216/1471 1435/1215/1471
f 1440/1504/123 1438/1506/123 1439/1503/123
f 1440/1504/123 1439/1503/123 1433/1505/123
f 1440/1509/1472 1433/1205/1472 1410/1469/1472
f 1443/1510/1473 1440/1509/1473 1410/1469/1473
f 1441/1511/1474 1442/1197/1474 1440/1509/1474
f 1441/1511/1475 1440/1509/1475 1443/1510/1475
f 1442/1507/123 1438/1506/123 1440/1504/123
f 1441/1511/1476 1443/1510/1476 1444/1512/1476
f 1443/1510/1477 1410/1469/1477 1407/1468/1477
f 1444/1512/1478 1443/1510/1478 1407/1468/1478
f 1444/1512/1479 1445/1513/1479 1441/1511/1479
f 1444/1514/1480 1378/926/1480 1445/1515/1480
f 1444/1514/1444 1407/1467/1444 1380/924/1444
f 1380/924/1481 1378/926/1481 1444/1514/1481
f 1447/1516/1482 1446/1517/1482 1445/1518/1482
f 1441/1511/1479 1445/1513/1479 1446/1519/1479
f 1448/1520/1483 1447/1516/1483 1445/1518/1483
f 1377/928/1484 1445/1515/1484 1378/926/1484
f 1448/1521/1485 1445/1515/1485 1377/928/1485
f 1377/928/1486 1451/1522/1486 1448/1521/1486
f 1448/1521/1487 1451/1522/1487 1449/1523/1487
f 1449/1524/1488 1450/1525/1488 1448/1520/1488
f 1452/1526/1489 1447/1516/1489 1448/1520/1489
f 1448/1520/1490 1450/1525/1490 1453/1527/1490
f 1448/1520/1491 1453/1527/1491 1452/1526/1491
f 1452/1526/1492 1453/1527/1492 1454/1528/1492
f 1454/1528/1493 1453/1527/1493 1456/1529/1493
f 1455/1530/1494 1456/1529/1494 1453/1527/1494
f 1455/1530/1495 1453/1527/1495 1450/1525/1495
f 1457/1531/1496 1458/1532/1496 1456/1529/1496
f 1457/1531/1497 1456/1529/1497 1459/1533/1497
f 1461/1534/1498 1456/1529/1498 1458/1532/1498
f 1456/1529/1499 1460/1535/1499 1459/1533/1499
f 1462/1536/1500 1460/1535/1500 1456/1529/1500
f 1454/1528/1493 1456/1529/1493 1461/1534/1493
f 1462/1536/1494 1456/1529/1494 1455/1530/1494
f 1463/1537/1501 1460/1535/1501 1462/1536/1501
f 1455/1294/1502 1465/1291/1502 1462/1293/1502
f 1462/1536/1503 1464/1538/1503 1463/1537/1503
f 1462/1539/1 1465/1540/1 1464/1541/1
f 1468/1292/1502 1465/1291/1502 1455/1294/1502
f 1465/1542/1504 1467/1543/1504 1466/1544/1504
f 1464/1541/1 1465/1540/1 1466/1545/1
f 1468/1546/1504 1467/1543/1504 1465/1542/1504
f 1469/1541/123 1468/1540/123 1455/1539/123
f 1467/1545/123 1468/1540/123 1469/1541/123
f 1455/1530/1505 1450/1525/1505 1469/1547/1505
f 1469/1547/1506 1450/1525/1506 1470/1548/1506
f 1469/1547/1507 1470/1548/1507 1464/1538/1507
f 1464/1289/1508 1467/1282/1508 1469/1284/1508
f 1470/1548/1509 1450/1525/1509 1449/1524/1509
f 1463/1537/1507 1464/1538/1507 1470/1548/1507
f 1463/1537/1510 1470/1548/1510 1471/1549/1510
f 1470/1548/1510 1472/1550/1510 1471/1549/1510
f 1472/1550/1511 1470/1548/1511 1473/1551/1511
f 1473/1551/1512 1470/1548/1512 1449/1524/1512
f 1473/1551/1513 1476/1552/1513 1474/1553/1513
f 1473/1551/1514 1474/1553/1514 1472/1550/1514
f 1473/1554/1515 1449/1523/1515 1475/1555/1515
f 1475/1556/1513 1476/1552/1513 1473/1551/1513
f 1477/937/1516 1350/939/1516 1476/1557/1516
f 1475/1555/1517 1477/937/1517 1476/1557/1517
f 1476/1557/1518 1350/939/1518 1478/940/1518
f 1476/1552/1519 1478/1558/1519 1474/1553/1519
f 1474/1553/1520 1478/1558/1520 1341/1453/1520
f 1342/1454/1521 1341/1453/1521 1478/1558/1521
f 1342/942/1522 1478/940/1522 1345/941/1522
f 1345/941/1522 1478/940/1522 1350/939/1522
f 1368/938/1523 1349/775/1523 1477/937/1523
f 1372/934/1407 1368/938/1407 1477/937/1407
f 1477/937/1524 1349/775/1524 1350/939/1524
f 1372/934/1525 1477/937/1525 1475/1555/1525
f 1475/1555/1526 1449/1523/1526 1451/1522/1526
f 1475/1555/1527 1451/1522/1527 1372/934/1527
f 1341/1453/1528 1479/1559/1528 1474/1553/1528
f 1474/1553/1529 1479/1559/1529 1480/1560/1529
f 1474/1553/1530 1480/1560/1530 1481/1561/1530
f 1472/1550/1514 1474/1553/1514 1481/1561/1514
f 1480/1560/1531 1482/1562/1531 1481/1561/1531
f 1481/1561/1532 1482/1562/1532 1472/1550/1532
f 1486/1563/1533 1482/1562/1533 1480/1560/1533
f 1472/1550/1534 1482/1562/1534 1483/1564/1534
f 1482/1565/123 1485/1566/123 1483/1567/123
f 1486/1320/1535 1484/1321/1535 1482/1318/1535
f 1484/1568/123 1485/1566/123 1482/1565/123
f 1487/1569/1536 1488/1570/1536 1486/1563/1536
f 1487/1569/1537 1486/1563/1537 1489/1571/1537
f 1489/1571/1533 1486/1563/1533 1480/1560/1533
f 1488/1567/1 1491/1566/1 1486/1565/1
f 1490/1319/1535 1484/1321/1535 1486/1320/1535
f 1486/1565/1 1491/1566/1 1490/1568/1
f 1485/1307/1538 1491/1309/1538 1483/1308/1538
f 1485/1572/1539 1484/1573/1539 1491/1574/1539
f 1483/1308/1538 1491/1309/1538 1488/1306/1538
f 1491/1574/1539 1484/1573/1539 1490/1575/1539
f 1492/1576/1540 1487/1569/1540 1489/1571/1540
f 1492/1576/1541 1489/1571/1541 1325/204/1541
f 1325/204/1542 1489/1571/1542 1326/1439/1542
f 1326/1439/1543 1489/1571/1543 1493/1577/1543
f 1493/1577/1544 1489/1571/1544 1480/1560/1544
f 1493/1577/1545 1327/219/1545 1326/1439/1545
f 1493/1577/1544 1480/1560/1544 1494/1578/1544
f 1495/1579/1546 1327/219/1546 1493/1577/1546
f 1494/1420/1547 1496/1421/1547 1493/1418/1547
f 1493/1580/1 1496/1581/1 1495/1582/1
f 1496/1583/1548 1498/1584/1548 1497/1585/1548
f 1495/1582/1 1496/1581/1 1497/1586/1
f 1499/1587/1548 1498/1584/1548 1496/1583/1548
f 1499/1419/1547 1496/1421/1547 1494/1420/1547
f 1498/1586/123 1499/1581/123 1500/1582/123
f 1500/1582/123 1499/1581/123 1494/1580/123
f 1494/1578/1549 1479/1559/1549 1500/1588/1549
f 1500/1588/1550 1479/1559/1550 1329/221/1550
f 1500/1588/1551 1329/221/1551 1495/1579/1551
f 1495/1411/1552 1498/1412/1552 1500/1409/1552
f 1497/1410/1552 1498/1412/1552 1495/1411/1552
f 1495/1579/1551 1329/221/1551 1327/219/1551
f 1494/1578/1553 1480/1560/1553 1479/1559/1553
f 1501/1589/1554 1487/1569/1554 1492/1576/1554
f 1492/1576/1555 1503/1590/1555 1501/1589/1555
f 1325/204/1556 1502/1591/1556 1492/1576/1556
f 1492/1576/1557 1502/1591/1557 1503/1590/1557
f 1501/1554/1558 1503/1555/1558 1504/1522/1558
f 1502/1557/1559 854/934/1559 1503/1555/1559
f 1503/1555/1560 852/932/1560 1504/1522/1560
f 1503/1555/1561 854/934/1561 852/932/1561
f 1501/1554/1562 1504/1522/1562 1459/1523/1562
f 1459/1523/1563 1504/1522/1563 848/928/1563
f 1504/1522/1564 849/929/1564 848/928/1564
f 1504/1522/1564 852/932/1564 849/929/1564
f 1325/204/1556 861/208/1556 1502/1591/1556
f 861/940/745 857/937/745 1502/1557/745
f 1502/1557/1565 857/937/1565 854/934/1565
f 1459/1533/1566 1463/1537/1566 1501/1589/1566
f 1463/1537/1567 1471/1549/1567 1501/1589/1567
f 1501/1589/1554 1471/1549/1554 1487/1569/1554
f 1472/1550/1568 1483/1564/1568 1488/1570/1568
f 1471/1549/1568 1472/1550/1568 1488/1570/1568
f 1471/1549/1569 1488/1570/1569 1487/1569/1569
f 1329/221/1570 1479/1559/1570 1341/1453/1570
f 1466/1283/1508 1467/1282/1508 1464/1289/1508
f 1459/1533/1571 1460/1535/1571 1463/1537/1571
f 1461/1171/1572 1507/1172/1572 1454/1169/1572
f 1461/1534/1573 1458/1532/1573 1505/1592/1573
f 1505/1593/1 1508/1594/1 1461/1595/1
f 1506/1170/1572 1507/1172/1572 1461/1171/1572
f 1461/1595/1 1508/1594/1 1506/1596/1
f 1509/1180/1574 1508/1183/1574 1510/1181/1574
f 1509/1597/1575 1507/1598/1575 1508/1599/1575
f 1510/1181/1574 1508/1183/1574 1505/1179/1574
f 1508/1599/1575 1507/1598/1575 1506/1600/1575
f 1454/1595/123 1509/1594/123 1510/1593/123
f 1510/1601/1576 1511/1602/1576 1447/1516/1576
f 1510/1601/1577 1447/1516/1577 1454/1528/1577
f 1505/1592/1576 1511/1602/1576 1510/1601/1576
f 1513/1603/1578 1512/1604/1578 1511/1602/1578
f 1511/1602/1579 1512/1604/1579 1446/1517/1579
f 1513/1603/1580 1511/1602/1580 1457/1531/1580
f 1511/1602/1581 1458/1532/1581 1457/1531/1581
f 1505/1592/1582 1458/1532/1582 1511/1602/1582
f 1446/1517/1579 1447/1516/1579 1511/1602/1579
f 1430/1497/1583 1512/1605/1583 1513/1606/1583
f 1457/1521/1584 846/926/1584 1513/1515/1584
f 1513/1515/1585 846/926/1585 844/924/1585
f 1513/1515/1586 844/924/1586 1430/1514/1586
f 1430/1497/1583 1514/1607/1583 1512/1605/1583
f 1514/1607/1587 1436/1196/1587 1512/1605/1587
f 1512/1605/1588 1436/1196/1588 1442/1197/1588
f 1446/1519/1588 1512/1605/1588 1442/1197/1588
f 1431/1498/1589 1514/1607/1589 1430/1497/1589
f 1431/1498/1475 1434/1499/1475 1514/1607/1475
f 1514/1607/1590 1434/1499/1590 1436/1196/1590
f 1507/1596/123 1509/1594/123 1454/1595/123
f 1459/1523/1591 848/928/1591 1457/1521/1591
f 1457/1521/1592 848/928/1592 846/926/1592
f 1454/1528/1593 1447/1516/1593 1452/1526/1593
f 1377/928/1594 1371/932/1594 1451/1522/1594
f 1372/934/1595 1451/1522/1595 1371/932/1595
f 1446/1519/1596 1442/1197/1596 1441/1511/1596
f 1436/1608/1597 1438/1609/1597 1442/1610/1597
f 1437/1611/1597 1438/1609/1597 1436/1608/1597
f 1430/1514/1598 841/923/1598 1429/1467/1598
f 1430/1514/1599 844/924/1599 841/923/1599
f 1515/1612/1600 1427/1493/1600 1429/1496/1600
f 1429/1467/1601 842/921/1601 1515/1466/1601
f 1429/1467/1602 841/923/1602 842/921/1602
f 1516/1613/1603 1426/1494/1603 1515/1612/1603
f 1515/1612/1604 1517/1614/1604 1516/1613/1604
f 1515/1612/1605 1426/1494/1605 1427/1493/1605
f 1515/1612/1606 842/1615/1606 1517/1614/1606
f 1516/1613/1607 1517/1614/1607 1518/1616/1607
f 842/921/719 838/918/719 1517/1617/719
f 1517/1617/1608 836/916/1608 1518/1618/1608
f 1517/1617/1609 838/918/1609 836/916/1609
f 1516/1613/1607 1518/1616/1607 1519/1619/1607
f 1519/1619/1610 1518/1616/1610 1520/1620/1610
f 1518/1618/1611 834/914/1611 1520/1621/1611
f 1518/1618/1612 836/916/1612 834/914/1612
f 1521/1622/1613 1520/1620/1613 830/1623/1613
f 1520/1621/1614 831/911/1614 830/910/1614
f 1520/1621/1615 834/914/1615 831/911/1615
f 1519/1619/1616 1520/1620/1616 1521/1622/1616
f 1522/1624/1617 1523/1625/1617 1521/1622/1617
f 1521/1622/1618 830/1623/1618 1522/1624/1618
f 1523/1625/1619 1524/1626/1619 1521/1622/1619
f 1521/1622/1620 1524/1626/1620 1525/1627/1620
f 1521/1622/1621 1525/1627/1621 1519/1619/1621
f 1524/1626/1622 1527/1113/1622 1525/1627/1622
f 1525/1627/1623 1526/1628/1623 1519/1619/1623
f 1525/1627/1624 1528/1629/1624 1526/1628/1624
f 1525/1627/1625 1527/1113/1625 1528/1629/1625
f 1527/1113/1625 1529/1117/1625 1528/1629/1625
f 1528/1629/1626 1529/1117/1626 1530/1630/1626
f 1532/1631/1627 1528/1629/1627 1530/1630/1627
f 1528/1629/1624 1531/1632/1624 1526/1628/1624
f 1532/1631/1628 1531/1632/1628 1528/1629/1628
f 1533/1633/1629 1534/1634/1629 1532/1631/1629
f 1532/1631/1630 1537/1635/1630 1533/1633/1630
f 1532/1631/1631 1534/1634/1631 1536/1636/1631
f 1530/1630/1632 1535/1637/1632 1532/1631/1632
f 1532/1631/1633 1535/1637/1633 1537/1635/1633
f 1536/1636/1634 1531/1632/1634 1532/1631/1634
f 1535/1637/1635 1538/1638/1635 1537/1635/1635
f 1539/1639/1636 1537/1635/1636 1538/1638/1636
f 1540/1640/1637 1537/1635/1637 1539/1639/1637
f 1540/1640/1638 1541/1641/1638 1537/1635/1638
f 1533/1633/1630 1537/1635/1630 1541/1641/1630
f 1533/1621/1639 1541/910/1639 1544/914/1639
f 1542/1642/1638 1541/1641/1638 1540/1640/1638
f 1542/908/1640 1543/911/1640 1541/910/1640
f 1544/914/1641 1541/910/1641 1543/911/1641
f 1545/915/1642 1546/917/1642 1544/914/1642
f 1544/914/1643 1543/911/1643 1545/915/1643
f 1544/914/1644 1546/917/1644 1547/916/1644
f 1544/914/1645 1547/916/1645 1533/1621/1645
f 1549/919/1646 1547/916/1646 1546/917/1646
f 1533/1621/1647 1547/916/1647 1534/1618/1647
f 1548/918/1648 1534/1618/1648 1547/916/1648
f 1548/918/1649 1547/916/1649 1549/919/1649
f 1549/919/1650 1551/808/1650 1402/809/1650
f 1549/919/1651 1402/809/1651 1548/918/1651
f 1549/919/1652 1546/917/1652 1550/810/1652
f 1550/810/1650 1551/808/1650 1549/919/1650
f 1552/804/1653 1553/802/1653 1551/808/1653
f 1550/810/1654 1552/804/1654 1551/808/1654
f 1551/808/1653 1553/802/1653 1400/803/1653
f 1551/808/1437 1400/803/1437 1402/809/1437
f 1552/804/1655 1554/801/1655 1553/802/1655
f 1395/795/1656 1553/802/1656 1554/801/1656
f 1397/799/1435 1400/803/1435 1553/802/1435
f 1397/799/1656 1553/802/1656 1395/795/1656
f 1555/805/1655 1554/801/1655 1552/804/1655
f 1394/816/123 1554/801/123 1555/805/123
f 1394/816/123 1395/795/123 1554/801/123
f 1557/811/1657 1555/805/1657 1552/804/1657
f 1556/812/1657 1555/805/1657 1557/811/1657
f 1558/815/123 1555/805/123 1556/812/123
f 1394/816/123 1555/805/123 1558/815/123
f 1558/815/123 1560/814/123 1559/817/123
f 351/1643/1658 1558/1644/1658 1559/1645/1658
f 345/1646/1659 1394/1464/1659 1558/1644/1659
f 345/1646/1658 1558/1644/1658 351/1643/1658
f 1558/815/123 1556/812/123 1560/814/123
f 1561/829/1660 1560/814/1660 1562/830/1660
f 1559/817/123 1560/814/123 1561/829/123
f 1562/830/1660 1560/814/1660 1563/813/1660
f 1556/812/1661 1563/813/1661 1560/814/1661
f 1562/830/1662 1563/813/1662 1564/832/1662
f 1564/832/1662 1563/813/1662 1565/831/1662
f 1557/811/1663 1565/831/1663 1563/813/1663
f 1557/811/1661 1563/813/1661 1556/812/1661
f 1564/832/1664 1565/831/1664 1545/915/1664
f 1545/915/1664 1565/831/1664 1546/917/1664
f 1550/810/1665 1546/917/1665 1565/831/1665
f 1550/810/1663 1565/831/1663 1557/811/1663
f 1564/832/1666 1567/835/1666 1562/830/1666
f 1545/915/1667 1566/913/1667 1564/832/1667
f 1564/832/1667 1566/913/1667 1567/835/1667
f 1562/830/1666 1567/835/1666 1568/833/1666
f 1570/842/1668 1568/833/1668 1567/835/1668
f 1569/912/1669 1567/835/1669 1566/913/1669
f 1570/842/1669 1567/835/1669 1569/912/1669
f 1570/842/1670 1572/847/1670 1571/843/1670
f 1570/842/1671 1571/843/1671 1573/836/1671
f 1569/912/1670 1572/847/1670 1570/842/1670
f 1573/836/1668 1568/833/1668 1570/842/1668
f 1573/836/1671 1571/843/1671 1576/840/1671
f 1573/836/1672 1576/840/1672 1574/834/1672
f 1574/834/1673 1575/826/1673 1573/836/1673
f 1573/836/1673 1575/826/1673 1568/833/1673
f 1571/843/1674 1578/844/1674 1576/840/1674
f 1576/840/1674 1578/844/1674 1577/841/1674
f 1576/840/1675 1577/841/1675 1579/837/1675
f 1574/834/1672 1576/840/1672 1579/837/1672
f 1579/837/1675 1577/841/1675 1582/839/1675
f 1580/825/123 1574/834/123 1579/837/123
f 1580/825/123 1579/837/123 1581/838/123
f 1581/838/123 1579/837/123 1582/839/123
f 1584/846/1676 1582/839/1676 1583/845/1676
f 1583/845/1677 1582/839/1677 1577/841/1677
f 1585/3/123 1582/839/123 1584/846/123
f 1581/838/123 1582/839/123 1585/3/123
f 1586/1/123 1585/3/123 1587/2/123
f 329/1647/1678 1585/1648/1678 1586/1649/1678
f 1585/3/123 1584/846/123 1587/2/123
f 325/1650/1679 1581/1651/1679 1585/1648/1679
f 325/1650/1678 1585/1648/1678 329/1647/1678
f 1588/7/1680 1587/2/1680 1589/853/1680
f 1587/2/123 1588/7/123 1586/1/123
f 1589/853/1680 1587/2/1680 1590/852/1680
f 1584/846/1681 1590/852/1681 1587/2/1681
f 1589/853/1682 1590/852/1682 1591/854/1682
f 1591/854/1682 1590/852/1682 1592/851/1682
f 1583/845/1683 1592/851/1683 1590/852/1683
f 1583/845/1681 1590/852/1681 1584/846/1681
f 1591/854/1684 1592/851/1684 1593/899/1684
f 1593/899/1684 1592/851/1684 1594/901/1684
f 1595/849/1685 1594/901/1685 1592/851/1685
f 1595/849/1683 1592/851/1683 1583/845/1683
f 1596/850/1685 1594/901/1685 1595/849/1685
f 1595/849/1686 1578/844/1686 1596/850/1686
f 1583/845/1687 1577/841/1687 1595/849/1687
f 1595/849/1687 1577/841/1687 1578/844/1687
f 1596/850/1688 1598/900/1688 1594/901/1688
f 1597/902/1688 1598/900/1688 1596/850/1688
f 1596/850/1689 1599/848/1689 1597/902/1689
f 1596/850/1686 1578/844/1686 1599/848/1686
f 1571/843/1690 1599/848/1690 1578/844/1690
f 1597/902/1689 1599/848/1689 1600/904/1689
f 1572/847/1691 1600/904/1691 1599/848/1691
f 1572/847/1690 1599/848/1690 1571/843/1690
f 1597/902/1692 1600/904/1692 1601/903/1692
f 1601/903/1692 1600/904/1692 1602/905/1692
f 1603/907/1693 1602/905/1693 1600/904/1693
f 1603/907/1691 1600/904/1691 1572/847/1691
f 1604/906/1694 1602/905/1694 1603/907/1694
f 1605/909/1695 1604/906/1695 1603/907/1695
f 1569/912/1696 1603/907/1696 1572/847/1696
f 1605/909/1696 1603/907/1696 1569/912/1696
f 1542/908/1697 1604/906/1697 1605/909/1697
f 1605/909/1698 1543/911/1698 1542/908/1698
f 1569/912/1699 1566/913/1699 1605/909/1699
f 1605/909/1700 1566/913/1700 1543/911/1700
f 1607/1652/1701 1606/1653/1701 1604/1654/1701
f 1604/1654/1701 1606/1653/1701 1602/1655/1701
f 1542/1642/1702 1607/1652/1702 1604/1654/1702
f 1610/1656/1703 1608/1657/1703 1607/1652/1703
f 1608/1657/1704 1609/1658/1704 1607/1652/1704
f 1607/1652/1705 1609/1658/1705 1606/1653/1705
f 1540/1640/1706 1610/1656/1706 1607/1652/1706
f 1540/1640/1702 1607/1652/1702 1542/1642/1702
f 1611/463/1707 1612/461/1707 1610/1656/1707
f 1610/1656/1707 1613/1659/1707 1611/463/1707
f 1612/461/1708 1608/1657/1708 1610/1656/1708
f 1614/458/1709 1613/1659/1709 1610/1656/1709
f 1614/458/1710 1610/1656/1710 1539/1639/1710
f 1539/1639/1711 1610/1656/1711 1540/1640/1711
f 1615/437/1712 1614/458/1712 1539/1639/1712
f 1615/1660/123 1617/1661/123 1614/1662/123
f 1616/457/1709 1613/1659/1709 1614/458/1709
f 1614/1663/1713 1618/1664/1713 1616/1665/1713
f 1617/1666/1713 1618/1664/1713 1614/1663/1713
f 1618/453/1714 1620/455/1714 1619/451/1714
f 1621/1660/1 1618/1661/1 1619/1667/1
f 1617/452/1714 1620/455/1714 1618/453/1714
f 1616/1662/1 1618/1661/1 1621/1660/1
f 1615/437/1715 1622/1668/1715 1621/436/1715
f 1621/1669/1716 1620/1670/1716 1615/1671/1716
f 1621/436/1717 1622/1668/1717 1616/457/1717
f 1619/1672/1716 1620/1670/1716 1621/1669/1716
f 1623/1673/1718 1624/1674/1718 1622/1668/1718
f 1623/1673/1719 1622/1668/1719 1522/1624/1719
f 1622/1668/1720 1624/1674/1720 1616/457/1720
f 1522/1624/1721 1622/1668/1721 1523/1625/1721
f 1538/1638/1722 1523/1625/1722 1622/1668/1722
f 1615/437/1715 1538/1638/1715 1622/1668/1715
f 1613/1659/1723 1624/1674/1723 1623/1673/1723
f 1616/457/1724 1624/1674/1724 1613/1659/1724
f 1625/1675/1725 1626/1676/1725 1623/1673/1725
f 1623/1673/1726 826/1677/1726 1625/1675/1726
f 1623/1673/1727 1626/1676/1727 1613/1659/1727
f 1522/1624/1728 828/1678/1728 1623/1673/1728
f 1623/1673/1729 828/1678/1729 826/1677/1729
f 1625/1675/1730 1627/1679/1730 1626/1676/1730
f 1628/1089/1731 1626/1676/1731 1627/1679/1731
f 1611/463/1732 1613/1659/1732 1626/1676/1732
f 1611/463/1733 1626/1676/1733 1628/1089/1733
f 1628/1089/1734 1627/1679/1734 1629/465/1734
f 1628/1680/1 1630/1681/1 1611/1682/1
f 1629/1683/1735 1630/1684/1735 1628/1685/1735
f 1631/1686/1735 1630/1684/1735 1629/1683/1735
f 1631/1104/1736 1633/1107/1736 1630/1105/1736
f 1611/1682/1 1630/1681/1 1632/1687/1
f 1630/1105/1736 1633/1107/1736 1632/1103/1736
f 1632/1688/1737 1633/1689/1737 1611/1690/1737
f 1611/1690/1737 1633/1689/1737 1612/1691/1737
f 1633/1687/123 1631/1681/123 1612/1682/123
f 1612/1682/123 1631/1681/123 1629/1680/123
f 1629/465/1734 1627/1679/1734 1609/1658/1734
f 1629/465/1738 1609/1658/1738 1612/461/1738
f 1634/1692/1739 1636/1693/1739 1627/1679/1739
f 1634/1692/1740 1627/1679/1740 1625/1675/1740
f 1609/1658/1741 1627/1679/1741 1635/1694/1741
f 1635/1694/1741 1627/1679/1741 1636/1693/1741
f 1637/1695/1742 1638/1696/1742 1636/1693/1742
f 1637/1695/1742 1636/1693/1742 1634/1692/1742
f 1636/1693/1743 1638/1696/1743 1641/1069/1743
f 1639/1087/1744 1635/1694/1744 1636/1693/1744
f 1639/1087/1744 1636/1693/1744 1640/1070/1744
f 1640/1070/1745 1636/1693/1745 1641/1069/1745
f 1641/1697/1 1642/1698/1 1640/1699/1
f 1644/1700/1746 1642/1701/1746 1641/1702/1746
f 1641/1069/1747 1638/1696/1747 1643/1703/1747
f 1641/1069/1748 1643/1703/1748 1644/1068/1748
f 1644/1068/1748 1643/1703/1748 1645/1704/1748
f 1644/1068/1749 1645/1704/1749 1646/1705/1749
f 1639/1087/1750 1644/1068/1750 1646/1705/1750
f 1639/1699/123 1647/1698/123 1644/1697/123
f 1647/1706/1746 1642/1701/1746 1644/1700/1746
f 1647/1083/1751 1648/1082/1751 1642/1086/1751
f 1648/1707/123 1647/1698/123 1639/1699/123
f 1649/1708/1752 1648/1709/1752 1640/1710/1752
f 1640/1710/1752 1648/1709/1752 1639/1711/1752
f 1642/1086/1751 1648/1082/1751 1649/1084/1751
f 1640/1699/1 1642/1698/1 1649/1707/1
f 1646/1705/1753 1645/1704/1753 1650/1712/1753
f 1650/1712/1754 1606/1653/1754 1646/1705/1754
f 1646/1705/1754 1606/1653/1754 1635/1694/1754
f 1646/1705/1755 1635/1694/1755 1639/1087/1755
f 1650/1712/1756 1651/1713/1756 1601/1714/1756
f 1601/1714/1757 1602/1655/1757 1650/1712/1757
f 1650/1712/1757 1602/1655/1757 1606/1653/1757
f 1650/1712/1758 1645/1704/1758 1651/1713/1758
f 1645/1704/1759 1654/1715/1759 1651/1713/1759
f 1652/1716/1760 1653/1717/1760 1651/1713/1760
f 1651/1713/1761 1654/1715/1761 1652/1716/1761
f 1601/1714/1756 1651/1713/1756 1653/1717/1756
f 1655/1049/1762 1656/1718/1762 1654/1715/1762
f 1655/1049/1763 1654/1715/1763 1645/1704/1763
f 1652/1716/1764 1654/1715/1764 1656/1718/1764
f 1657/1719/1765 1656/1718/1765 1655/1049/1765
f 1657/1719/1766 1658/1720/1766 1656/1718/1766
f 1652/1716/1767 1656/1718/1767 1658/1720/1767
f 1658/1720/1768 1660/1047/1768 1659/1721/1768
f 1659/1721/1769 1652/1716/1769 1658/1720/1769
f 1661/1063/1770 1660/1047/1770 1658/1720/1770
f 1661/1063/1771 1658/1720/1771 1657/1719/1771
f 1657/1722/123 1662/1723/123 1661/1724/123
f 1662/1725/1772 1663/1726/1772 1661/1727/1772
f 1661/1727/1772 1663/1726/1772 1664/1728/1772
f 1664/1053/1773 1660/1047/1773 1661/1063/1773
f 1668/1729/1774 1664/1053/1774 1665/1730/1774
f 1665/1730/1775 1664/1053/1775 1666/1731/1775
f 1663/1723/1 1666/1722/1 1664/1724/1
f 1668/1729/1776 1667/1029/1776 1664/1053/1776
f 1664/1053/1773 1667/1029/1773 1660/1047/1773
f 1669/1732/1777 1670/1733/1777 1668/1729/1777
f 1669/1732/1778 1668/1729/1778 1671/1734/1778
f 1670/1733/1779 1672/1735/1779 1668/1729/1779
f 1671/1734/1780 1668/1729/1780 1665/1730/1780
f 1668/1729/1781 1672/1735/1781 1667/1029/1781
f 1674/1736/1782 1673/1027/1782 1672/1735/1782
f 1673/1737/1 1675/1738/1 1672/1739/1
f 1674/1736/1783 1672/1735/1783 1670/1733/1783
f 1672/1739/1 1676/1740/1 1667/1741/1
f 1672/1739/1 1675/1738/1 1676/1740/1
f 1676/1742/1784 1677/1743/1784 1667/1744/1784
f 1675/1046/1785 1677/1042/1785 1676/1044/1785
f 1679/1738/123 1678/1737/123 1677/1740/123
f 1677/1740/123 1678/1737/123 1680/1739/123
f 1667/1744/1784 1677/1743/1784 1660/1745/1784
f 1679/1043/1785 1677/1042/1785 1675/1046/1785
f 1677/1740/123 1680/1739/123 1660/1741/123
f 1659/1721/1786 1660/1047/1786 1680/1746/1786
f 1680/1746/1783 1682/1747/1783 1659/1721/1783
f 1678/1030/1787 1681/1748/1787 1680/1746/1787
f 1680/1746/1788 1681/1748/1788 1682/1747/1788
f 1682/1747/1789 1681/1748/1789 1683/1749/1789
f 1684/1750/1790 1682/1747/1790 1683/1749/1790
f 1659/1721/1791 1682/1747/1791 1684/1750/1791
f 1684/1750/1792 1683/1749/1792 1685/1751/1792
f 1685/1751/1793 1686/1752/1793 1684/1750/1793
f 1684/1750/1793 1686/1752/1793 1652/1716/1793
f 1684/1750/1794 1652/1716/1794 1659/1721/1794
f 1687/898/1795 1598/900/1795 1686/1753/1795
f 1685/1754/1796 1687/898/1796 1686/1753/1796
f 1686/1753/1797 1598/900/1797 1653/1755/1797
f 1686/1752/1760 1653/1717/1760 1652/1716/1760
f 1593/899/1798 1594/901/1798 1687/898/1798
f 1687/898/1798 1594/901/1798 1598/900/1798
f 1688/896/1799 1593/899/1799 1687/898/1799
f 1688/896/1800 1687/898/1800 1685/1754/1800
f 1685/1754/1801 1689/890/1801 1688/896/1801
f 1688/896/1802 1689/890/1802 1691/893/1802
f 1688/896/1803 1691/893/1803 1690/897/1803
f 1690/897/1799 1593/899/1799 1688/896/1799
f 1689/890/1804 1693/892/1804 1691/893/1804
f 1691/893/1805 1694/891/1805 1692/895/1805
f 1690/897/1803 1691/893/1803 1692/895/1803
f 1691/893/1806 1693/892/1806 1694/891/1806
f 1694/891/1807 1696/875/1807 1695/873/1807
f 1694/891/1808 1695/873/1808 1697/894/1808
f 1693/892/1807 1696/875/1807 1694/891/1807
f 1692/895/1809 1694/891/1809 1697/894/1809
f 1697/894/1808 1695/873/1808 1698/871/1808
f 1697/894/1810 1698/871/1810 1699/864/1810
f 1700/863/1811 1697/894/1811 1699/864/1811
f 1692/895/1811 1697/894/1811 1700/863/1811
f 1700/863/1812 1699/864/1812 1701/858/1812
f 1702/856/1813 1692/895/1813 1700/863/1813
f 1703/855/1814 1700/863/1814 1701/858/1814
f 1702/856/1815 1700/863/1815 1703/855/1815
f 1704/9/1816 1588/7/1816 1703/855/1816
f 1703/855/1816 1588/7/1816 1589/853/1816
f 1703/855/1817 1589/853/1817 1702/856/1817
f 1703/855/1818 1701/858/1818 1704/9/1818
f 1704/9/1818 1701/858/1818 1705/857/1818
f 1706/8/123 1704/9/123 1705/857/123
f 1586/1/123 1588/7/123 1704/9/123
f 1586/1/123 1704/9/123 1706/8/123
f 1706/8/123 1705/857/123 1708/859/123
f 1706/8/123 1708/859/123 1707/860/123
f 338/1756/1819 1706/1757/1819 1707/1758/1819
f 334/1759/1820 1586/1649/1820 1706/1757/1820
f 334/1759/1819 1706/1757/1819 338/1756/1819
f 1710/862/1821 1709/865/1821 1708/859/1821
f 1708/859/1821 1709/865/1821 1711/861/1821
f 1705/857/1822 1710/862/1822 1708/859/1822
f 1707/860/123 1708/859/123 1711/861/123
f 1713/868/1823 1711/861/1823 1712/867/1823
f 1712/867/1823 1711/861/1823 1709/865/1823
f 1707/860/123 1711/861/123 1713/868/123
f 1712/867/1824 1716/180/1824 1713/868/1824
f 1713/868/1824 1716/180/1824 1714/870/1824
f 1715/1760/123 1713/868/123 1714/870/123
f 1707/860/123 1713/868/123 1715/1760/123
f 1717/178/1825 1714/870/1825 1716/180/1825
f 1717/178/1826 1716/180/1826 1718/181/1826
f 1718/181/1826 1716/180/1826 1719/179/1826
f 1712/867/1827 1719/179/1827 1716/180/1827
f 1718/181/1828 1719/179/1828 1720/183/1828
f 1720/183/1828 1719/179/1828 1721/182/1828
f 1722/869/1829 1721/182/1829 1719/179/1829
f 1722/869/1827 1719/179/1827 1712/867/1827
f 1723/872/1829 1721/182/1829 1722/869/1829
f 1722/869/1830 1724/866/1830 1723/872/1830
f 1712/867/1831 1709/865/1831 1722/869/1831
f 1722/869/1831 1709/865/1831 1724/866/1831
f 1710/862/1832 1724/866/1832 1709/865/1832
f 1723/872/1830 1724/866/1830 1698/871/1830
f 1699/864/1833 1698/871/1833 1724/866/1833
f 1699/864/1832 1724/866/1832 1710/862/1832
f 1725/874/1834 1726/184/1834 1723/872/1834
f 1723/872/1835 1698/871/1835 1725/874/1835
f 1723/872/1834 1726/184/1834 1721/182/1834
f 1727/185/1836 1721/182/1836 1726/184/1836
f 1727/185/1837 1726/184/1837 1728/1761/1837
f 1728/1761/1837 1726/184/1837 1729/881/1837
f 1725/874/1838 1729/881/1838 1726/184/1838
f 1731/1762/1839 1729/881/1839 1730/1763/1839
f 1732/876/1840 1730/1763/1840 1729/881/1840
f 1728/1761/1839 1729/881/1839 1731/1762/1839
f 1732/876/1841 1729/881/1841 1725/874/1841
f 1733/880/1842 1730/1763/1842 1732/876/1842
f 1732/1764/1843 1696/1765/1843 1733/1766/1843
f 1725/874/1844 1695/873/1844 1732/876/1844
f 1732/876/1845 1695/873/1845 1696/875/1845
f 1733/1766/1846 1696/1765/1846 1736/1767/1846
f 1734/1768/1847 1735/1769/1847 1733/1766/1847
f 1733/1766/1848 1736/1767/1848 1734/1768/1848
f 1733/1766/1849 1735/1769/1849 1730/1770/1849
f 1739/1771/1850 1737/1772/1850 1736/1767/1850
f 1734/1768/1851 1736/1767/1851 1737/1772/1851
f 1738/1773/1852 1739/1771/1852 1736/1767/1852
f 1738/1773/1853 1736/1767/1853 1693/1774/1853
f 1693/1774/1853 1736/1767/1853 1696/1765/1853
f 1740/522/1854 1741/525/1854 1739/1771/1854
f 806/884/1854 1740/522/1854 1739/1771/1854
f 1739/1771/1855 1741/525/1855 1737/1772/1855
f 1742/497/1856 806/884/1856 1739/1771/1856
f 1742/497/1857 1739/1771/1857 1743/1775/1857
f 1743/1775/1858 1739/1771/1858 1738/1773/1858
f 1742/497/1859 1743/1775/1859 1744/496/1859
f 1744/496/1860 1743/1775/1860 1745/1776/1860
f 1745/1776/1861 1743/1775/1861 1738/1773/1861
f 1744/496/1862 1745/1776/1862 1746/515/1862
f 1745/1776/1862 1747/1777/1862 1746/515/1862
f 1681/1748/1863 1748/1778/1863 1745/1776/1863
f 1681/1748/1864 1745/1776/1864 1683/1749/1864
f 1683/1749/1865 1745/1776/1865 1738/1773/1865
f 1745/1776/1866 1748/1778/1866 1747/1777/1866
f 1747/1777/1867 1748/1778/1867 809/887/1867
f 809/887/1868 1748/1778/1868 1674/1736/1868
f 1748/1778/1869 1673/1027/1869 1674/1736/1869
f 1681/1748/1870 1673/1027/1870 1748/1778/1870
f 809/887/1871 808/886/1871 1747/1777/1871
f 1746/515/1872 1747/1777/1872 808/886/1872
f 1746/1779/1873 1751/1780/1873 1744/1781/1873
f 1746/515/1874 808/886/1874 1749/498/1874
f 1749/1782/1 1752/1783/1 1746/1784/1
f 1750/1785/1873 1751/1780/1873 1746/1779/1873
f 1746/1784/1 1752/1783/1 1750/1786/1
f 1753/1787/1875 1752/1788/1875 1742/1789/1875
f 1753/507/1876 1751/506/1876 1752/512/1876
f 1742/1789/1875 1752/1788/1875 1749/1790/1875
f 1752/512/1876 1751/506/1876 1750/508/1876
f 1751/1786/123 1753/1783/123 1744/1784/123
f 1744/1784/123 1753/1783/123 1742/1782/123
f 1749/498/1877 808/886/1877 806/884/1877
f 1749/498/1856 806/884/1856 1742/497/1856
f 1740/1791/1878 1755/1792/1878 1741/1793/1878
f 1737/1772/1879 1741/525/1879 1734/1768/1879
f 1734/1768/1880 1741/525/1880 1754/532/1880
f 1741/1794/123 1756/1795/123 1754/1796/123
f 1755/1797/123 1756/1795/123 1741/1794/123
f 1756/547/1881 1755/549/1881 1757/548/1881
f 1756/1798/1882 1757/1799/1882 1754/1800/1882
f 1757/548/1881 1755/549/1881 1758/546/1881
f 1740/1794/1 1757/1795/1 1758/1797/1
f 1754/1800/1882 1757/1799/1882 1759/1801/1882
f 1759/1796/1 1757/1795/1 1740/1794/1
f 1734/1768/1883 1754/532/1883 1759/539/1883
f 1760/1802/1883 1734/1768/1883 1759/539/1883
f 1760/1802/1884 1759/539/1884 805/883/1884
f 805/883/1885 1759/539/1885 1740/522/1885
f 1761/1803/1886 1760/1802/1886 802/879/1886
f 802/879/1887 1760/1802/1887 805/883/1887
f 1761/1803/1888 1735/1769/1888 1760/1802/1888
f 1735/1769/1888 1734/1768/1888 1760/1802/1888
f 802/879/1889 1762/1804/1889 1761/1803/1889
f 1762/1804/1890 1763/538/1890 1761/1803/1890
f 1761/1803/1891 1763/538/1891 1735/1769/1891
f 1762/1804/1892 1765/565/1892 1763/538/1892
f 1763/538/1891 1764/537/1891 1735/1769/1891
f 1763/1805/1893 1767/1806/1893 1764/1807/1893
f 1765/1808/1 1768/1809/1 1763/1810/1
f 1766/1811/1893 1767/1806/1893 1763/1805/1893
f 1763/1810/1 1768/1809/1 1766/1812/1
f 1769/1813/1894 1768/1814/1894 1770/1815/1894
f 1769/572/1895 1767/575/1895 1768/573/1895
f 1770/1815/1894 1768/1814/1894 1765/1816/1894
f 1768/573/1895 1767/575/1895 1766/571/1895
f 1772/1817/1896 1770/578/1896 1765/565/1896
f 1764/1810/123 1769/1809/123 1770/1808/123
f 1771/1818/1897 1764/537/1897 1770/578/1897
f 1771/1818/1896 1770/578/1896 1772/1817/1896
f 1774/1819/1898 1773/1820/1898 1772/1817/1898
f 1776/1821/1899 1772/1817/1899 1773/1820/1899
f 1774/1819/1900 1772/1817/1900 1775/1822/1900
f 1775/1822/1901 1772/1817/1901 1762/1804/1901
f 1772/1817/1902 1765/565/1902 1762/1804/1902
f 1771/1818/1899 1772/1817/1899 1776/1821/1899
f 1731/1823/1903 1771/1818/1903 1776/1821/1903
f 1777/1824/1904 1776/1821/1904 1778/1825/1904
f 1777/1824/1905 1731/1823/1905 1776/1821/1905
f 1778/1825/1906 1776/1821/1906 1773/1820/1906
f 1778/1825/1907 1779/1826/1907 1777/1824/1907
f 1778/1827/123 1782/1828/123 1779/1829/123
f 1778/1825/1906 1773/1820/1906 1780/1830/1906
f 1780/1831/1908 1781/1832/1908 1778/1833/1908
f 1781/1834/123 1782/1828/123 1778/1827/123
f 1782/1835/1909 1781/1836/1909 1783/1837/1909
f 1782/1838/1910 1783/1839/1910 1779/1840/1910
f 1779/1840/1910 1783/1839/1910 1784/1841/1910
f 1784/1829/1 1783/1828/1 1780/1827/1
f 1783/1837/1909 1781/1836/1909 1785/1842/1909
f 1780/1827/1 1783/1828/1 1785/1834/1
f 1785/1843/1908 1781/1832/1908 1780/1831/1908
f 1784/1841/1911 1787/1604/1911 1786/1602/1911
f 1784/1841/1912 1786/1602/1912 1779/1840/1912
f 1773/1820/1913 1787/1844/1913 1784/1845/1913
f 1780/1830/1914 1773/1820/1914 1784/1845/1914
f 1786/1602/1915 1787/1604/1915 1788/1603/1915
f 1788/1846/1916 1787/1844/1916 1773/1820/1916
f 1791/1531/1917 1786/1602/1917 1788/1603/1917
f 1788/1846/1916 1773/1820/1916 1774/1819/1916
f 1774/1762/1918 1789/1847/1918 1788/1848/1918
f 1788/1848/1919 1789/1847/1919 1790/1849/1919
f 1788/1848/1920 1790/1849/1920 1791/1850/1920
f 1792/1533/1921 1793/1535/1921 1791/1531/1921
f 1791/1850/1922 174/195/1922 1792/1851/1922
f 1791/1531/1923 1793/1535/1923 1794/1529/1923
f 1794/1529/1924 1795/1532/1924 1791/1531/1924
f 1791/1531/1925 1795/1532/1925 1786/1602/1925
f 1791/1850/1926 1790/1849/1926 174/195/1926
f 1797/1852/1927 1786/1602/1927 1795/1532/1927
f 1794/1529/1928 1796/1853/1928 1795/1532/1928
f 1795/1532/1929 1796/1853/1929 1797/1852/1929
f 1797/1852/1930 1799/1516/1930 1786/1602/1930
f 1802/1854/1 1797/1855/1 1796/1856/1
f 1798/1857/1930 1799/1516/1930 1797/1852/1930
f 1797/1858/1931 1801/1859/1931 1798/1860/1931
f 1800/1861/1931 1801/1859/1931 1797/1858/1931
f 1800/1862/1 1797/1855/1 1802/1854/1
f 1803/1863/1932 1802/1864/1932 1804/1865/1932
f 1803/1866/1933 1801/1867/1933 1802/1868/1933
f 1804/1865/1932 1802/1864/1932 1805/1869/1932
f 1802/1854/1 1796/1856/1 1805/1870/1
f 1802/1868/1933 1801/1867/1933 1800/1871/1933
f 1804/1872/1934 1805/1873/1934 1806/1874/1934
f 1806/1874/1934 1805/1873/1934 1807/1875/1934
f 1793/1535/1935 1807/1875/1935 1805/1873/1935
f 1794/1529/1936 1805/1873/1936 1796/1853/1936
f 1793/1535/1937 1805/1873/1937 1794/1529/1937
f 1807/1876/1938 1810/1877/1938 1806/1878/1938
f 1808/1879/1939 1807/1875/1939 1793/1535/1939
f 1808/1880/1 1809/1881/1 1807/1882/1
f 1809/1883/1938 1810/1877/1938 1807/1876/1938
f 1812/1884/1940 1810/1885/1940 1809/1886/1940
f 1810/1881/123 1814/1880/123 1806/1882/123
f 1811/1887/1940 1810/1885/1940 1812/1884/1940
f 1811/1888/123 1813/1889/123 1810/1881/123
f 1810/1881/123 1813/1889/123 1814/1880/123
f 1815/1548/1941 1806/1874/1941 1814/1890/1941
f 1815/1548/1942 1814/1890/1942 1816/1550/1942
f 1816/1550/1943 1814/1890/1943 1817/1561/1943
f 1817/1561/1944 1814/1890/1944 1813/1891/1944
f 1817/1561/1945 1822/1551/1945 1816/1550/1945
f 1819/1560/1946 1817/1561/1946 1818/1569/1946
f 1818/1569/1947 1817/1561/1947 1820/1892/1947
f 1817/1561/1948 1819/1560/1948 1821/1553/1948
f 1817/1561/1947 1813/1891/1947 1820/1892/1947
f 1821/1553/1945 1822/1551/1945 1817/1561/1945
f 1815/1548/1949 1816/1550/1949 1822/1551/1949
f 1821/1553/1950 1823/1556/1950 1822/1551/1950
f 1824/195/1951 1822/1893/1951 1823/196/1951
f 1825/1851/1952 1822/1893/1952 1824/195/1952
f 1825/1524/1953 1815/1548/1953 1822/1551/1953
f 1826/1527/1954 1827/1525/1954 1825/1524/1954
f 1828/1520/1955 1826/1527/1955 1825/1524/1955
f 1827/1525/1956 1815/1548/1956 1825/1524/1956
f 1828/1850/1957 1825/1851/1957 1829/1849/1957
f 1829/1849/1958 1825/1851/1958 1824/195/1958
f 1829/1849/1959 1824/195/1959 1830/189/1959
f 1832/187/1960 1829/1849/1960 1830/189/1960
f 1831/1847/1961 1828/1850/1961 1829/1849/1961
f 1831/1847/1962 1829/1849/1962 1832/187/1962
f 1832/187/1963 1727/185/1963 1831/1847/1963
f 1833/186/1964 1720/183/1964 1832/187/1964
f 1832/187/1964 1720/183/1964 1727/185/1964
f 1832/187/1965 1830/189/1965 1833/186/1965
f 1834/171/1966 1718/181/1966 1833/186/1966
f 1833/186/1966 1718/181/1966 1720/183/1966
f 1833/186/1965 1830/189/1965 1835/188/1965
f 1833/186/1967 1835/188/1967 1834/171/1967
f 1830/189/1968 1837/191/1968 1835/188/1968
f 1835/188/1969 1838/190/1969 1836/168/1969
f 1834/171/1967 1835/188/1967 1836/168/1967
f 1835/188/1968 1837/191/1968 1838/190/1968
f 1838/190/1970 1840/193/1970 1839/192/1970
f 1838/190/1971 1839/192/1971 1841/165/1971
f 1837/191/1970 1840/193/1970 1838/190/1970
f 1836/168/1969 1838/190/1969 1841/165/1969
f 1841/165/1972 1844/162/1972 1842/166/1972
f 1843/169/1973 1841/165/1973 1842/166/1973
f 1836/168/1974 1841/165/1974 1843/169/1974
f 1841/165/1971 1839/192/1971 1844/162/1971
f 1847/164/1975 1845/163/1975 1844/162/1975
f 1842/166/1972 1844/162/1972 1845/163/1972
f 1846/194/1976 1844/162/1976 1839/192/1976
f 1847/164/1976 1844/162/1976 1846/194/1976
f 1846/194/1977 1850/153/1977 1847/164/1977
f 1847/164/1977 1850/153/1977 1848/154/1977
f 1847/164/1978 1848/154/1978 1849/161/1978
f 1849/161/1975 1845/163/1975 1847/164/1975
f 1851/150/1979 1848/154/1979 1850/153/1979
f 1851/150/1980 1850/153/1980 1852/201/1980
f 1852/201/1981 1850/153/1981 1853/199/1981
f 1846/194/1982 1853/199/1982 1850/153/1982
f 1852/201/1983 1853/199/1983 1854/202/1983
f 1854/202/1984 1853/199/1984 1855/200/1984
f 1856/197/1985 1855/200/1985 1853/199/1985
f 1856/197/1982 1853/199/1982 1846/194/1982
f 1857/198/1986 1855/200/1986 1856/197/1986
f 1856/197/1987 1840/193/1987 1857/198/1987
f 1846/194/1988 1839/192/1988 1856/197/1988
f 1856/197/1988 1839/192/1988 1840/193/1988
f 1821/1553/1989 1858/1453/1989 1857/1552/1989
f 1857/1552/1950 1823/1556/1950 1821/1553/1950
f 1857/1552/1989 1858/1453/1989 1855/1558/1989
f 1857/198/1990 1840/193/1990 1823/196/1990
f 1819/1560/1991 1859/1559/1991 1858/1453/1991
f 1821/1553/1992 1819/1560/1992 1858/1453/1992
f 206/243/1993 1855/1558/1993 1858/1453/1993
f 1858/1453/1994 1859/1559/1994 206/243/1994
f 1860/1894/1995 196/221/1995 1859/1559/1995
f 206/243/1996 1859/1559/1996 196/221/1996
f 1861/1895/1997 1859/1559/1997 1819/1560/1997
f 1860/1894/1998 1859/1559/1998 1861/1895/1998
f 1861/1895/1999 1819/1560/1999 1862/1896/1999
f 1862/630/2000 1863/635/2000 1861/628/2000
f 1863/1897/123 1864/1898/123 1861/1899/123
f 1861/1899/123 1864/1898/123 1860/1900/123
f 1864/642/2001 1865/644/2001 1860/643/2001
f 1864/1901/2002 1863/1902/2002 1865/1903/2002
f 1866/1900/1 1865/1898/1 1862/1899/1
f 1862/1899/1 1865/1898/1 1867/1897/1
f 1860/643/2001 1865/644/2001 1866/641/2001
f 1865/1903/2002 1863/1902/2002 1867/1904/2002
f 1867/629/2000 1863/635/2000 1862/630/2000
f 1866/1905/2003 193/219/2003 196/221/2003
f 1866/1905/2003 196/221/2003 1860/1894/2003
f 1868/1439/2004 193/219/2004 1866/1905/2004
f 1866/1905/2005 1869/1571/2005 1868/1439/2005
f 1862/1896/2006 1869/1571/2006 1866/1905/2006
f 1870/1576/2007 1868/1439/2007 1869/1571/2007
f 1869/1571/2008 1818/1569/2008 1870/1576/2008
f 1818/1569/1946 1869/1571/1946 1819/1560/1946
f 1862/1896/1999 1819/1560/1999 1869/1571/1999
f 184/204/2009 1868/1439/2009 1870/1576/2009
f 1870/1576/2010 179/208/2010 184/204/2010
f 1870/1576/2011 1818/1569/2011 1871/1549/2011
f 1870/1576/2011 1871/1549/2011 1872/1589/2011
f 1872/1589/2012 177/1591/2012 1870/1576/2012
f 1870/1576/2010 177/1591/2010 179/208/2010
f 1872/1589/2013 1871/1549/2013 1873/1537/2013
f 1872/1589/2014 1873/1537/2014 1792/1533/2014
f 1792/1851/2015 175/196/2015 1872/1893/2015
f 1872/1589/2016 175/1590/2016 177/1591/2016
f 1871/1549/1942 1808/1879/1942 1873/1537/1942
f 1792/1533/2017 1873/1537/2017 1793/1535/2017
f 1873/1537/2018 1808/1879/2018 1793/1535/2018
f 1818/1569/2019 1820/1892/2019 1871/1549/2019
f 1871/1549/2020 1820/1892/2020 1808/1879/2020
f 184/204/2021 193/219/2021 1868/1439/2021
f 1854/1454/1993 1855/1558/1993 206/243/1993
f 205/244/2022 1854/1454/2022 206/243/2022
f 214/209/2023 1852/201/2023 1854/202/2023
f 214/252/2024 1854/1454/2024 205/244/2024
f 1874/203/2025 1851/150/2025 1852/201/2025
f 1874/203/2023 1852/201/2023 214/209/2023
f 214/209/2026 213/213/2026 1874/203/2026
f 1874/203/2027 213/213/2027 1876/212/2027
f 1874/203/2028 1876/212/2028 1875/152/2028
f 1875/152/2025 1851/150/2025 1874/203/2025
f 213/213/2029 240/1906/2029 1876/212/2029
f 1876/212/2030 292/369/2030 295/371/2030
f 1875/152/2028 1876/212/2028 295/371/2028
f 1876/212/2029 240/1906/2029 292/369/2029
f 298/148/2031 1877/151/2031 1875/152/2031
f 1875/152/2031 1877/151/2031 1851/150/2031
f 1875/152/234 295/371/234 298/148/234
f 300/155/2032 1878/156/2032 1877/151/2032
f 298/148/237 300/155/237 1877/151/237
f 1877/151/2032 1878/156/2032 1848/154/2032
f 1877/151/1979 1848/154/1979 1851/150/1979
f 300/155/239 303/159/239 1878/156/239
f 1879/160/2033 1878/156/2033 303/159/2033
f 1849/161/1978 1848/154/1978 1878/156/1978
f 1849/161/2033 1878/156/2033 1879/160/2033
f 304/158/123 1879/160/123 303/159/123
f 1879/160/2034 1880/167/2034 1849/161/2034
f 1881/1907/123 1880/167/123 1879/160/123
f 1881/1907/123 1879/160/123 304/158/123
f 1882/174/123 1883/170/123 1881/1907/123
f 319/1456/2035 1882/1459/2035 1881/1457/2035
f 1881/1907/123 1883/170/123 1880/167/123
f 324/1455/2036 1881/1457/2036 304/376/2036
f 319/1456/2036 1881/1457/2036 324/1455/2036
f 1842/166/2037 1845/163/2037 1883/170/2037
f 1883/170/2037 1845/163/2037 1880/167/2037
f 1884/173/2038 1842/166/2038 1883/170/2038
f 1882/174/123 1884/173/123 1883/170/123
f 1885/176/2039 1843/169/2039 1884/173/2039
f 1885/176/123 1884/173/123 1882/174/123
f 1843/169/2038 1842/166/2038 1884/173/2038
f 1885/176/2040 1886/177/2040 1887/172/2040
f 1888/175/123 1886/177/123 1885/176/123
f 1887/172/2039 1843/169/2039 1885/176/2039
f 1888/175/123 1885/176/123 1882/174/123
f 1715/1760/123 1886/177/123 1888/175/123
f 350/1908/2041 1715/1909/2041 1888/1910/2041
f 314/1458/2042 1888/1461/2042 1882/1459/2042
f 350/1460/2042 1888/1461/2042 314/1458/2042
f 1887/172/2040 1886/177/2040 1717/178/2040
f 1834/171/2043 1836/168/2043 1887/172/2043
f 1887/172/2044 1717/178/2044 1834/171/2044
f 1887/172/2043 1836/168/2043 1843/169/2043
f 1886/177/1825 1714/870/1825 1717/178/1825
f 1715/1760/123 1714/870/123 1886/177/123
f 314/1458/2035 1882/1459/2035 319/1456/2035
f 1849/161/2034 1880/167/2034 1845/163/2034
f 1837/191/2045 1823/196/2045 1840/193/2045
f 1824/195/2046 1823/196/2046 1837/191/2046
f 1830/189/2047 1824/195/2047 1837/191/2047
f 1834/171/2044 1717/178/2044 1718/181/2044
f 1889/1848/1961 1828/1850/1961 1831/1847/1961
f 1831/1847/2048 1728/1761/2048 1889/1848/2048
f 1831/1847/2049 1727/185/2049 1728/1761/2049
f 1889/1848/2048 1728/1761/2048 1731/1762/2048
f 1889/1911/1905 1731/1823/1905 1777/1824/1905
f 1777/1517/2050 1799/1516/2050 1889/1518/2050
f 1889/1518/2051 1799/1516/2051 1828/1520/2051
f 1890/1526/2052 1826/1527/2052 1828/1520/2052
f 1799/1516/2053 1890/1526/2053 1828/1520/2053
f 1891/1912/1928 1826/1527/1928 1890/1526/1928
f 1891/1912/2054 1890/1526/2054 1798/1857/2054
f 1798/1857/2055 1890/1526/2055 1799/1516/2055
f 1891/1912/2056 1804/1872/2056 1827/1525/2056
f 1891/1856/123 1803/1854/123 1804/1870/123
f 1827/1525/2057 1826/1527/2057 1891/1912/2057
f 1798/1855/123 1801/1862/123 1891/1856/123
f 1891/1856/123 1801/1862/123 1803/1854/123
f 1827/1525/2058 1804/1872/2058 1806/1874/2058
f 1827/1525/2059 1806/1874/2059 1815/1548/2059
f 1813/1913/2060 1812/1914/2060 1820/1915/2060
f 1820/1889/1 1812/1888/1 1808/1880/1
f 1811/1916/2060 1812/1914/2060 1813/1913/2060
f 1808/1880/1 1812/1888/1 1809/1881/1
f 1779/1840/1912 1786/1602/1912 1799/1516/1912
f 1779/1840/2061 1799/1516/2061 1777/1517/2061
f 1792/1851/2062 174/195/2062 175/196/2062
f 1790/1849/2063 170/191/2063 174/195/2063
f 1789/1847/2064 168/189/2064 1790/1849/2064
f 1790/1849/2065 168/189/2065 170/191/2065
f 1774/1762/2066 1892/1761/2066 1789/1847/2066
f 1892/1761/2067 166/187/2067 1789/1847/2067
f 1789/1847/2068 166/187/2068 168/189/2068
f 1775/1763/2069 803/881/2069 1892/1761/2069
f 803/881/2070 164/185/2070 1892/1761/2070
f 1775/1763/2069 1892/1761/2069 1774/1762/2069
f 1892/1761/2071 164/185/2071 166/187/2071
f 1775/1822/2072 1762/1804/2072 802/879/2072
f 802/880/2073 803/881/2073 1775/1763/2073
f 1893/1917/2074 1764/537/2074 1771/1818/2074
f 1731/1823/2075 1893/1917/2075 1771/1818/2075
f 1735/1769/2076 1764/537/2076 1893/1917/2076
f 1735/1769/2077 1893/1917/2077 1730/1770/2077
f 1730/1770/2078 1893/1917/2078 1731/1823/2078
f 1767/1812/123 1769/1809/123 1764/1810/123
f 1758/1918/1878 1755/1792/1878 1740/1791/1878
f 805/883/2079 1740/522/2079 806/884/2079
f 1683/1749/2080 1738/1773/2080 1689/1919/2080
f 1689/1919/2081 1738/1773/2081 1693/1774/2081
f 1720/183/1836 1721/182/1836 1727/185/1836
f 1725/874/2082 1698/871/2082 1695/873/2082
f 344/1920/2083 1707/1758/2083 1715/1909/2083
f 344/1920/2041 1715/1909/2041 350/1908/2041
f 1701/858/1812 1699/864/1812 1710/862/1812
f 1701/858/1822 1710/862/1822 1705/857/1822
f 338/1756/2083 1707/1758/2083 344/1920/2083
f 1702/856/1817 1589/853/1817 1591/854/1817
f 1690/897/1813 1692/895/1813 1702/856/1813
f 1702/856/2084 1591/854/2084 1690/897/2084
f 1690/897/2084 1591/854/2084 1593/899/2084
f 1685/1751/2085 1683/1749/2085 1689/1919/2085
f 1678/1030/1870 1673/1027/1870 1681/1748/1870
f 1679/1921/2086 1675/1922/2086 1678/1923/2086
f 1678/1923/2086 1675/1922/2086 1673/1924/2086
f 809/887/2087 1674/1736/2087 1669/1732/2087
f 1674/1736/2088 1670/1733/2088 1669/1732/2088
f 1671/1734/2089 1665/1730/2089 1894/1925/2089
f 1894/1925/2090 1895/1926/2090 1671/1734/2090
f 1671/1734/2091 1895/1926/2091 1896/1927/2091
f 1671/1734/2092 1896/1927/2092 1669/1732/2092
f 1669/1732/2093 1896/1927/2093 811/889/2093
f 1896/1754/2094 813/893/2094 811/890/2094
f 1895/1753/2095 816/896/2095 1896/1754/2095
f 1896/1754/2096 816/896/2096 813/893/2096
f 1894/1925/2097 1897/1928/2097 1895/1926/2097
f 1897/1755/2098 818/898/2098 1895/1753/2098
f 1895/1753/2099 818/898/2099 816/896/2099
f 1637/1695/2100 1897/1928/2100 1894/1925/2100
f 1637/1695/2100 824/1929/2100 1897/1928/2100
f 824/903/2101 820/900/2101 1897/1755/2101
f 1897/1755/2102 820/900/2102 818/898/2102
f 1665/1730/2103 1898/1930/2103 1894/1925/2103
f 1894/1925/2104 1898/1930/2104 1643/1703/2104
f 1894/1925/2105 1643/1703/2105 1637/1695/2105
f 1665/1730/2106 1666/1731/2106 1898/1930/2106
f 1898/1930/2107 1899/1048/2107 1643/1703/2107
f 1898/1930/2108 1666/1731/2108 1899/1048/2108
f 1643/1703/2109 1899/1048/2109 1655/1049/2109
f 1663/1723/1 1899/1931/1 1666/1722/1
f 1899/1932/2110 1901/1933/2110 1655/1934/2110
f 1900/1935/2110 1901/1933/2110 1899/1932/2110
f 1900/1936/1 1899/1931/1 1663/1723/1
f 1655/1931/123 1901/1936/123 1657/1722/123
f 1657/1722/123 1901/1936/123 1662/1723/123
f 1663/1060/2111 1901/1062/2111 1900/1058/2111
f 1662/1059/2111 1901/1062/2111 1663/1060/2111
f 1669/1732/2112 811/889/2112 809/887/2112
f 1643/1703/2109 1655/1049/2109 1645/1704/2109
f 1597/902/2113 1653/1755/2113 1598/900/2113
f 1601/903/2113 1653/1755/2113 1597/902/2113
f 1643/1703/2114 1638/1696/2114 1637/1695/2114
f 1634/1692/2115 824/1929/2115 1637/1695/2115
f 1609/1658/2116 1635/1694/2116 1606/1653/2116
f 1625/1675/2117 823/1937/2117 1634/1692/2117
f 1634/1692/2115 823/1937/2115 824/1929/2115
f 1625/1675/2117 826/1677/2117 823/1937/2117
f 1620/1667/123 1617/1661/123 1615/1660/123
f 1539/1639/2118 1538/1638/2118 1615/437/2118
f 1612/461/2119 1609/1658/2119 1608/1657/2119
f 329/1647/1820 1586/1649/1820 334/1759/1820
f 320/1938/2120 1580/1939/2120 1581/1651/2120
f 320/1938/1679 1581/1651/1679 325/1650/1679
f 1575/826/123 1580/825/123 1559/817/123
f 315/1940/2121 1559/1645/2121 1580/1939/2121
f 1575/826/123 1574/834/123 1580/825/123
f 315/1940/2120 1580/1939/2120 320/1938/2120
f 1561/829/2122 1568/833/2122 1575/826/2122
f 1559/817/123 1561/829/123 1575/826/123
f 1562/830/2122 1568/833/2122 1561/829/2122
f 1545/915/1643 1543/911/1643 1566/913/1643
f 351/1643/2121 1559/1645/2121 315/1940/2121
f 1557/811/1654 1552/804/1654 1550/810/1654
f 1902/1617/1648 1534/1618/1648 1548/918/1648
f 1548/918/2123 1403/920/2123 1902/1617/2123
f 1548/918/2124 1402/809/2124 1403/920/2124
f 1412/1474/2125 1536/1636/2125 1902/1941/2125
f 1902/1941/2126 1405/1475/2126 1412/1474/2126
f 1902/1941/2125 1536/1636/2125 1534/1634/2125
f 1902/1617/2127 1403/920/2127 1405/921/2127
f 1535/1637/1722 1523/1625/1722 1538/1638/1722
f 1412/1474/2128 1415/1477/2128 1536/1636/2128
f 1415/1477/2129 1531/1632/2129 1536/1636/2129
f 1535/1637/2130 1903/1131/2130 1523/1625/2130
f 1530/1630/2131 1529/1117/2131 1535/1637/2131
f 1535/1637/2132 1529/1117/2132 1903/1131/2132
f 1529/1942/123 1905/1943/123 1903/1944/123
f 1523/1625/2130 1903/1131/2130 1904/1114/2130
f 1903/1945/2133 1906/1946/2133 1904/1947/2133
f 1905/1948/2133 1906/1946/2133 1903/1945/2133
f 1905/1126/2134 1908/1129/2134 1906/1127/2134
f 1904/1944/1 1906/1943/1 1527/1942/1
f 1527/1942/1 1906/1943/1 1907/1949/1
f 1906/1127/2134 1908/1129/2134 1907/1125/2134
f 1907/1950/2135 1908/1951/2135 1527/1952/2135
f 1527/1952/2135 1908/1951/2135 1529/1953/2135
f 1908/1949/123 1905/1943/123 1529/1942/123
f 1524/1626/2136 1904/1114/2136 1527/1113/2136
f 1523/1625/2137 1904/1114/2137 1524/1626/2137
f 1526/1628/2138 1531/1632/2138 1909/1245/2138
f 1531/1632/2138 1911/1263/2138 1909/1245/2138
f 1415/1477/2139 1910/1249/2139 1531/1632/2139
f 1531/1632/2140 1910/1249/2140 1911/1263/2140
f 1910/1954/123 1912/1955/123 1911/1956/123
f 1912/1957/2141 1913/1958/2141 1911/1959/2141
f 1911/1959/2141 1913/1958/2141 1909/1960/2141
f 1909/1956/1 1913/1955/1 1914/1954/1
f 1914/1954/1 1913/1955/1 1915/1961/1
f 1913/1258/2142 1916/1254/2142 1915/1256/2142
f 1912/1255/2142 1916/1254/2142 1913/1258/2142
f 1915/1962/2143 1916/1963/2143 1914/1964/2143
f 1914/1964/2143 1916/1963/2143 1910/1965/2143
f 1916/1961/123 1912/1955/123 1910/1954/123
f 1415/1477/2144 1914/1244/2144 1910/1249/2144
f 1917/1966/2145 1914/1244/2145 1415/1477/2145
f 1917/1966/2146 1909/1245/2146 1914/1244/2146
f 1519/1619/2147 1526/1628/2147 1917/1966/2147
f 1519/1619/2148 1917/1966/2148 1516/1613/2148
f 1526/1628/2149 1909/1245/2149 1917/1966/2149
f 1917/1966/2150 1414/1476/2150 1516/1613/2150
f 1917/1966/1451 1415/1477/1451 1414/1476/1451
f 1522/1624/2151 830/1623/2151 828/1678/2151
f 1516/1613/1603 1414/1476/1603 1426/1494/1603
f 1426/1494/2152 1414/1476/2152 1416/1235/2152
f 1418/1481/2153 1411/1473/2153 1423/1221/2153
f 1423/1221/2154 1411/1473/2154 1410/1469/2154
f 1418/1481/1459 1409/1472/1459 1411/1473/1459
f 339/1462/1659 1394/1464/1659 345/1646/1659
f 1368/938/1403 1352/774/1403 1349/775/1403
f 326/1456/1428 1363/1457/1428 330/1458/1428
f 1360/765/1392 1355/762/1392 1353/768/1392
f 1316/214/2155 865/211/2155 863/207/2155
f 1231/253/2156 1232/296/2156 1239/1341/2156
f 1216/946/2157 1217/948/2157 1236/945/2157
f 1236/945/2158 1217/948/2158 1229/947/2158
f 1219/951/2159 1229/947/2159 1217/948/2159
f 1198/737/1330 1223/956/1330 1222/739/1330
f 1220/755/2160 1918/740/2160 1222/739/2160
f 1199/733/2161 1222/739/2161 1918/740/2161
f 1198/737/2161 1222/739/2161 1199/733/2161
f 1208/743/1189 1203/741/1189 1918/740/1189
f 1201/734/2162 1918/740/2162 1203/741/2162
f 1208/743/2160 1918/740/2160 1220/755/2160
f 1199/733/2162 1918/740/2162 1201/734/2162
f 1210/756/1191 1208/743/1191 1220/755/1191
f 352/372/1396 1205/374/1396 316/375/1396
f 1171/730/1158 1170/736/1158 1196/732/1158
f 336/1334/1186 1193/1335/1186 340/1336/1186
f 1184/712/1172 1180/714/1172 1179/713/1172
f 1161/968/1160 1164/967/1160 1174/971/1160
f 1157/616/2163 1154/619/2163 1165/617/2163
f 1162/970/2164 1051/973/2164 1053/969/2164
f 1134/625/2165 1156/621/2165 1158/613/2165
f 1158/613/1148 1054/609/1148 1057/611/1148
f 1158/613/2166 1057/611/2166 1134/625/2166
f 1136/1301/2167 1156/621/2167 1134/625/2167
f 1136/1301/2168 1143/620/2168 1156/621/2168
f 1148/647/2169 1145/624/2169 1118/651/2169
f 1118/651/2170 883/653/2170 1148/647/2170
f 1148/647/2171 883/653/2171 881/337/2171
f 1146/1322/2172 1919/1967/2172 1145/624/2172
f 1137/1305/2173 1919/1967/2173 1146/1322/2173
f 1146/1303/1 1139/1302/1 1137/1304/1
f 1146/1303/1 1141/1314/1 1139/1302/1
f 1145/624/2174 1919/1967/2174 1118/651/2174
f 1118/651/2175 1919/1967/2175 1119/1271/2175
f 1137/1305/2176 1119/1271/2176 1919/1967/2176
f 1137/1305/2177 1122/1274/2177 1119/1271/2177
f 1063/1164/2178 1130/1296/2178 1132/1295/2178
f 1057/611/2179 1063/1164/2179 1132/1295/2179
f 1121/1275/2180 1124/1280/2180 1130/1296/2180
f 1063/1164/2180 1121/1275/2180 1130/1296/2180
f 1115/1273/2181 1121/1275/2181 1112/1268/2181
f 1112/1268/2182 1121/1275/2182 1062/1165/2182
f 1062/1165/1026 1121/1275/1026 1063/1164/1026
f 1118/651/2170 885/652/2170 883/653/2170
f 1062/1165/2183 1920/1968/2183 1112/1268/2183
f 1112/1268/2184 1920/1968/2184 1069/1177/2184
f 1065/1168/2185 1920/1968/2185 1062/1165/2185
f 1069/1177/2186 1920/1968/2186 1065/1168/2186
f 1010/1147/2187 1074/1191/2187 1015/1192/2187
f 1056/1163/2188 1063/1164/2188 1057/611/2188
f 354/386/123 1041/686/123 1044/687/123
f 354/386/123 356/385/123 1041/686/123
f 356/385/2189 357/384/2189 1024/684/2189
f 1013/983/965 1012/981/965 1022/986/965
f 396/433/2190 398/435/2190 998/1136/2190
f 993/1969/938 994/1133/938 987/1132/938
f 989/1115/2191 986/1112/2191 984/1110/2191
f 984/1110/1088 910/995/1088 904/1266/1088
f 910/991/804 905/985/804 904/984/804
f 633/683/534 636/685/534 907/988/534
f 907/988/2192 645/702/2192 648/705/2192
f 907/988/2192 636/685/2192 645/702/2192
f 803/881/2070 163/184/2070 164/185/2070
f 158/180/76 794/870/76 156/177/76
f 1921/1760/1 156/177/1 794/870/1
f 1921/1760/1 794/870/1 792/868/1
f 1921/1760/1 792/868/1 785/860/1
f 14/1970/2193 1921/1971/2193 785/1972/2193
f 154/175/1 156/177/1 1921/1760/1
f 50/1973/2194 154/1974/2194 1921/1971/2194
f 50/1973/2193 1921/1971/2193 14/1970/2193
f 785/860/1 792/868/1 786/861/1
f 781/856/2195 782/858/2195 788/863/2195
f 14/1970/2196 785/1972/2196 20/1975/2196
f 20/1975/2196 785/1972/2196 4/11/2196
f 759/835/630 760/836/630 766/842/630
f 38/1976/2197 763/1977/2197 752/828/2197
f 9/15/4 2/6/4 763/1977/4
f 9/15/2197 763/1977/2197 38/1976/2197
f 744/810/618 746/813/618 756/831/618
f 38/1976/623 752/828/623 44/827/623
f 25/1978/2198 729/1979/2198 723/788/2198
f 19/1980/2198 729/1979/2198 25/1978/2198
f 25/1978/601 723/788/601 29/787/601
f 705/766/1 718/778/1 706/767/1
f 708/770/596 706/767/596 718/778/596
f 700/761/585 701/763/585 709/771/585
f 37/140/2199 705/791/2199 703/142/2199
f 33/790/2199 705/791/2199 37/140/2199
f 703/764/1 698/760/1 690/750/1
f 37/140/2200 703/142/2200 43/143/2200
f 43/143/2200 703/142/2200 690/141/2200
f 690/750/1 698/760/1 692/753/1
f 683/739/574 686/743/574 694/755/574
f 43/143/577 690/141/577 48/752/577
f 670/726/1 677/734/1 671/727/1
f 24/1981/2201 670/749/2201 666/1982/2201
f 18/748/2201 670/749/2201 24/1981/2201
f 28/1983/2202 666/1982/2202 665/1984/2202
f 24/1981/2202 666/1982/2202 28/1983/2202
f 665/721/1 656/713/1 642/697/1
f 32/1985/2203 665/1984/2203 642/1986/2203
f 665/721/1 660/717/1 656/713/1
f 28/1983/2203 665/1984/2203 32/1985/2203
f 636/685/537 638/687/537 645/702/537
f 32/1987/541 642/700/541 36/699/541
f 623/675/535 620/384/535 635/385/535
f 611/410/516 612/402/516 625/676/516
f 17/1988/2204 618/692/2204 617/1989/2204
f 11/691/2204 618/692/2204 17/1988/2204
f 617/389/1 603/398/1 601/400/1
f 23/1990/2205 617/1989/2205 601/1991/2205
f 617/389/1 614/396/1 603/398/1
f 17/1988/2205 617/1989/2205 23/1990/2205
f 605/399/518 603/398/518 614/396/518
f 599/412/506 598/406/506 606/408/506
f 41/59/2206 601/1991/2206 53/60/2206
f 23/1990/2206 601/1991/2206 41/59/2206
f 53/64/1 596/672/1 55/65/1
f 67/84/2207 57/68/2207 592/667/2207
f 592/667/502 57/68/502 56/67/502
f 589/665/497 67/84/497 592/667/497
f 586/661/2208 66/83/2208 589/665/2208
f 66/83/2209 67/84/2209 589/665/2209
f 579/655/491 70/87/491 586/661/491
f 70/87/14 66/83/14 586/661/14
f 482/559/2210 493/579/2210 581/1992/2210
f 493/579/2211 1922/1993/2211 581/1992/2211
f 581/1269/2212 1922/1177/2212 1923/1968/2212
f 581/1269/2213 1923/1968/2213 1924/1268/2213
f 1924/605/2214 577/589/2214 581/591/2214
f 1924/1268/2215 1923/1968/2215 1925/1165/2215
f 1924/1268/2216 1925/1165/2216 1926/1273/2216
f 1926/606/2217 575/594/2217 1924/605/2217
f 1924/605/2218 575/594/2218 577/589/2218
f 1926/1273/2219 1925/1165/2219 1927/1275/2219
f 1926/1273/2220 1927/1275/2220 1928/1270/2220
f 1928/608/2221 574/604/2221 1926/606/2221
f 1926/606/2222 574/604/2222 575/594/2222
f 1928/1270/2223 1927/1275/2223 1929/1272/2223
f 1929/1272/2224 1930/1271/2224 1928/1270/2224
f 1928/1270/2225 1930/1271/2225 1931/1967/2225
f 1928/1270/2225 1931/1967/2225 563/651/2225
f 563/651/2226 566/654/2226 1928/1270/2226
f 1928/608/2221 566/607/2221 574/604/2221
f 1931/1967/2227 1930/1271/2227 1932/1994/2227
f 563/651/2228 1931/1967/2228 549/624/2228
f 1931/1967/447 548/625/447 549/624/447
f 1932/1994/2229 1933/1995/2229 1931/1967/2229
f 1933/1995/2230 1934/1996/2230 1931/1967/2230
f 1931/1967/2230 1934/1996/2230 548/625/2230
f 548/625/2231 1934/1996/2231 1935/1298/2231
f 1935/1298/2232 1934/1996/2232 1936/1997/2232
f 1934/1998/123 1938/1999/123 1936/2000/123
f 1933/1915/2233 1937/1916/2233 1934/1913/2233
f 1937/2001/123 1938/1999/123 1934/1998/123
f 1938/1877/2234 1939/1883/2234 1936/1878/2234
f 1938/2002/2235 1937/2003/2235 1939/2004/2235
f 1936/1878/2234 1939/1883/2234 1932/1876/2234
f 1932/2000/1 1939/1999/1 1933/1998/1
f 1933/1998/1 1939/1999/1 1940/2001/1
f 1939/2004/2235 1937/2003/2235 1940/2005/2235
f 1940/1914/2233 1937/1916/2233 1933/1915/2233
f 1932/1994/2236 1929/1272/2236 1936/1997/2236
f 1936/1997/2236 1929/1272/2236 1941/1295/2236
f 1936/1997/2237 1941/1295/2237 1935/1298/2237
f 1941/1295/2238 1929/1272/2238 1942/2006/2238
f 1942/2006/2238 1943/2007/2238 1941/1295/2238
f 1943/2007/2239 1944/1164/2239 1941/1295/2239
f 1941/1295/2240 1944/1164/2240 532/1163/2240
f 1935/1298/2241 1941/1295/2241 535/611/2241
f 535/611/2242 1941/1295/2242 532/1163/2242
f 532/1163/2243 1944/1164/2243 533/1161/2243
f 533/1161/2244 1944/1164/2244 1945/1160/2244
f 1943/2007/2245 1945/1160/2245 1944/1164/2245
f 1945/1160/2246 1925/1165/2246 1946/1159/2246
f 533/1161/2247 1945/1160/2247 1946/1159/2247
f 1947/2008/2248 1925/1165/2248 1945/1160/2248
f 1947/2008/2249 1945/1160/2249 1943/2007/2249
f 1943/2009/123 1949/2010/123 1947/2011/123
f 1948/2012/2248 1925/1165/2248 1947/2008/2248
f 1947/1860/2250 1950/1861/2250 1948/1858/2250
f 1949/1859/2250 1950/1861/2250 1947/1860/2250
f 1950/2013/2251 1952/2014/2251 1951/2015/2251
f 1942/2009/1 1950/2010/1 1951/2016/1
f 1949/2017/2251 1952/2014/2251 1950/2013/2251
f 1948/2011/1 1950/2010/1 1942/2009/1
f 1951/1864/2252 1952/1863/2252 1942/1869/2252
f 1942/1869/2252 1952/1863/2252 1943/1865/2252
f 1952/2016/123 1949/2010/123 1943/2009/123
f 1942/2006/2253 1927/1275/2253 1948/2012/2253
f 1948/2012/2254 1927/1275/2254 1925/1165/2254
f 1946/1159/2246 1925/1165/2246 1923/1968/2246
f 1954/2018/2255 1946/1159/2255 1923/1968/2255
f 1953/1176/2256 1946/1159/2256 1954/2018/2256
f 1953/1176/2257 533/1161/2257 1946/1159/2257
f 1954/2018/2255 1923/1968/2255 1956/2019/2255
f 1954/1826/2258 1955/1825/2258 1953/2020/2258
f 1954/2021/123 1958/2022/123 1955/2023/123
f 1956/2019/2259 1957/2024/2259 1954/2018/2259
f 1957/2025/123 1958/2022/123 1954/2021/123
f 1958/2026/2260 1959/2027/2260 1955/2028/2260
f 1958/1836/2261 1957/1835/2261 1959/1842/2261
f 1960/2023/1 1959/2022/1 1956/2021/1
f 1956/2021/1 1959/2022/1 1961/2025/1
f 1955/2028/2260 1959/2027/2260 1960/2029/2260
f 1959/1842/2261 1957/1835/2261 1961/1837/2261
f 1961/2030/2259 1957/2024/2259 1956/2019/2259
f 1960/1830/2262 1922/1993/2262 493/579/2262
f 1960/1830/2263 493/579/2263 1955/1825/2263
f 1956/1845/2264 1923/2031/2264 1960/1830/2264
f 1923/1968/2265 1922/1177/2265 1960/2029/2265
f 1955/1825/2263 493/579/2263 494/580/2263
f 1955/1825/2266 494/580/2266 1953/2020/2266
f 1953/2020/2267 494/580/2267 498/590/2267
f 498/1162/2268 533/1161/2268 1953/1176/2268
f 1942/2006/2269 1929/1272/2269 1927/1275/2269
f 1935/1298/2270 538/613/2270 548/625/2270
f 535/611/2270 538/613/2270 1935/1298/2270
f 1932/1994/2271 1930/1271/2271 1929/1272/2271
f 566/607/471 569/603/471 574/604/471
f 567/600/472 1962/599/472 570/601/472
f 1962/599/2272 84/100/2272 570/601/2272
f 570/601/2273 84/100/2273 81/97/2273
f 1963/615/2274 1964/598/2274 1962/599/2274
f 1963/615/2274 1962/599/2274 567/600/2274
f 1964/598/2275 92/109/2275 1962/599/2275
f 1962/599/2272 92/109/2272 84/100/2272
f 264/333/2276 98/115/2276 1964/598/2276
f 264/333/2276 1964/598/2276 1963/615/2276
f 98/115/35 91/107/35 1964/598/35
f 1964/598/2275 91/107/2275 92/109/2275
f 267/338/2277 264/333/2277 1963/615/2277
f 564/614/2278 1963/615/2278 567/600/2278
f 267/338/2277 1963/615/2277 564/614/2277
f 559/648/2279 267/337/2279 564/653/2279
f 559/648/2280 560/649/2280 1965/1381/2280
f 1966/2032/2281 1965/1381/2281 560/649/2281
f 545/623/459 560/649/459 544/622/459
f 1966/2032/2282 560/649/2282 545/623/2282
f 545/623/2282 1967/2033/2282 1966/2032/2282
f 1967/225/2283 1969/229/2283 1966/223/2283
f 1968/2034/2284 1965/1381/2284 1966/2032/2284
f 1966/2035/1 1969/2036/1 1968/2037/1
f 1970/224/2283 1969/229/2283 1967/225/2283
f 1970/2038/2285 1972/2039/2285 1969/2040/2285
f 1969/2040/2285 1972/2039/2285 1971/2041/2285
f 1968/2037/1 1969/2036/1 1971/2042/1
f 1970/2036/123 1967/2035/123 1972/2042/123
f 1972/2042/123 1967/2035/123 1974/2037/123
f 1971/235/2286 1972/234/2286 1973/237/2286
f 1973/237/2286 1972/234/2286 280/236/2286
f 1972/2042/123 1974/2037/123 280/2043/123
f 1975/1401/2287 280/353/2287 1974/2044/2287
f 1975/1401/2288 1974/2044/2288 1976/1383/2288
f 1976/1383/2289 1974/2044/2289 545/623/2289
f 545/623/2290 1974/2044/2290 1967/2033/2290
f 1976/1383/2291 545/623/2291 546/619/2291
f 1977/1402/2292 1976/1383/2292 546/619/2292
f 1975/1401/2293 1976/1383/2293 1977/1402/2293
f 1977/1402/2294 546/619/2294 1978/1403/2294
f 1978/1403/2295 1979/1435/2295 1977/1402/2295
f 1977/1402/2295 1979/1435/2295 284/360/2295
f 1977/1402/2296 284/360/2296 1975/1401/2296
f 1980/329/2297 1981/327/2297 1979/330/2297
f 1978/332/2298 1980/329/2298 1979/330/2298
f 1979/330/2297 1981/327/2297 287/328/2297
f 1979/1435/223 287/362/223 284/360/223
f 1980/329/2299 1982/2045/2299 1981/327/2299
f 1983/2046/2300 1981/327/2300 1982/2045/2300
f 289/364/225 287/328/225 1981/327/225
f 289/364/2300 1981/327/2300 1983/2046/2300
f 1983/2046/2301 1982/2045/2301 1984/127/2301
f 1983/2046/227 291/367/227 289/364/227
f 1984/127/2302 1985/130/2302 1983/2046/2302
f 1983/2046/2302 1985/130/2302 291/367/2302
f 1984/127/2303 1986/131/2303 1985/130/2303
f 1987/137/2304 1985/130/2304 1986/131/2304
f 294/370/230 291/367/230 1985/130/230
f 294/370/2304 1985/130/2304 1987/137/2304
f 297/147/2305 294/370/2305 1987/137/2305
f 1987/137/2306 1986/131/2306 1988/136/2306
f 307/138/2307 1987/137/2307 1988/136/2307
f 297/147/2308 1987/137/2308 307/138/2308
f 1988/136/2306 1986/131/2306 1989/134/2306
f 306/135/123 307/138/123 1988/136/123
f 306/135/123 1988/136/123 1989/134/123
f 1991/132/2309 1989/134/2309 1990/128/2309
f 1990/128/2309 1989/134/2309 1986/131/2309
f 1992/133/123 1989/134/123 1991/132/123
f 306/135/123 1989/134/123 1992/133/123
f 1992/133/123 1993/125/123 1994/123/123
f 1992/133/123 1991/132/123 1993/125/123
f 343/1336/2310 1992/1338/2310 1994/1337/2310
f 310/377/242 306/374/242 1992/1338/242
f 310/377/2310 1992/1338/2310 343/1336/2310
f 1994/123/123 1993/125/123 1995/124/123
f 1994/123/123 1995/124/123 1996/122/123
f 349/1334/2311 1994/1337/2311 1996/1335/2311
f 343/1336/2311 1994/1337/2311 349/1334/2311
f 1995/124/123 1997/120/123 1996/122/123
f 1996/122/123 1997/120/123 521/121/123
f 1996/122/123 521/121/123 1998/2047/123
f 313/1332/2312 1996/1335/2312 1998/1333/2312
f 349/1334/2312 1996/1335/2312 313/1332/2312
f 1999/103/123 1998/2047/123 516/105/123
f 318/1328/2313 1998/1333/2313 1999/1330/2313
f 1998/2047/123 519/112/123 516/105/123
f 313/1332/2313 1998/1333/2313 318/1328/2313
f 1998/2047/123 521/121/123 519/112/123
f 1999/103/123 515/104/123 2000/102/123
f 1999/103/123 2000/102/123 2001/94/123
f 516/105/123 515/104/123 1999/103/123
f 323/1331/2314 1999/1330/2314 2001/1329/2314
f 318/1328/2314 1999/1330/2314 323/1331/2314
f 2001/94/123 2000/102/123 2002/95/123
f 2001/94/123 2002/95/123 2004/93/123
f 2004/93/123 2003/76/123 2001/94/123
f 328/2048/2315 2001/2049/2315 2003/2050/2315
f 323/2051/2315 2001/2049/2315 328/2048/2315
f 2004/93/2316 2002/95/2316 2005/91/2316
f 2005/91/2317 2007/90/2317 2004/93/2317
f 2004/93/123 2006/92/123 2003/76/123
f 2004/93/2317 2007/90/2317 2006/92/2317
f 2008/81/2318 2006/92/2318 2007/90/2318
f 2008/81/2319 2007/90/2319 2009/82/2319
f 2009/82/2319 2007/90/2319 2010/86/2319
f 2005/91/2320 2010/86/2320 2007/90/2320
f 2009/82/2321 2010/86/2321 2011/87/2321
f 2011/87/2321 2010/86/2321 507/85/2321
f 506/89/2322 507/85/2322 2010/86/2322
f 506/89/2320 2010/86/2320 2005/91/2320
f 2011/87/2323 507/85/2323 2012/655/2323
f 2012/655/2324 2013/659/2324 2011/87/2324
f 2011/87/2324 2013/659/2324 2014/661/2324
f 2011/87/2325 2014/661/2325 2009/82/2325
f 2017/663/2326 2015/83/2326 2014/661/2326
f 2009/82/2327 2014/661/2327 2015/83/2327
f 2017/663/2328 2014/661/2328 2016/662/2328
f 2016/662/2328 2014/661/2328 2013/659/2328
f 2016/662/2329 433/484/2329 2017/663/2329
f 2017/663/2329 433/484/2329 2019/664/2329
f 2017/663/2330 2019/664/2330 2018/665/2330
f 2018/665/2331 2015/83/2331 2017/663/2331
f 433/484/2332 430/482/2332 2019/664/2332
f 2019/664/2332 430/482/2332 2021/1019/2332
f 2019/664/2333 2021/1019/2333 2020/666/2333
f 2018/665/2330 2019/664/2330 2020/666/2330
f 2022/1018/2334 2023/668/2334 2021/1019/2334
f 2022/1018/2335 2021/1019/2335 429/480/2335
f 2020/666/2333 2021/1019/2333 2023/668/2333
f 429/480/2335 2021/1019/2335 430/482/2335
f 2024/671/2334 2023/668/2334 2022/1018/2334
f 2024/671/2336 2025/669/2336 2023/668/2336
f 2026/667/2337 2023/668/2337 2025/669/2337
f 2020/666/2337 2023/668/2337 2026/667/2337
f 2028/84/2338 2020/666/2338 2026/667/2338
f 2026/667/2339 2025/669/2339 2027/68/2339
f 2029/71/2340 2026/667/2340 2027/68/2340
f 2028/84/2340 2026/667/2340 2029/71/2340
f 2029/71/2341 2030/79/2341 2028/84/2341
f 2030/79/123 2029/71/123 2031/69/123
f 2031/69/123 2029/71/123 2027/68/123
f 2032/72/123 2030/79/123 2031/69/123
f 337/2052/2342 2032/2053/2342 2031/2054/2342
f 2031/69/123 2027/68/123 2033/66/123
f 342/2055/2343 2031/2054/2343 2033/2056/2343
f 337/2052/2343 2031/2054/2343 342/2055/2343
f 2033/66/123 2034/65/123 2035/64/123
f 2033/66/123 2036/67/123 2034/65/123
f 348/2057/2344 2033/2056/2344 2035/2058/2344
f 2033/66/123 2027/68/123 2036/67/123
f 342/2055/2344 2033/2056/2344 348/2057/2344
f 2034/65/2345 2036/67/2345 2037/670/2345
f 2037/670/2345 2036/67/2345 2025/669/2345
f 2027/68/2339 2025/669/2339 2036/67/2339
f 2024/671/2346 380/412/2346 2037/670/2346
f 2037/670/2347 2025/669/2347 2024/671/2347
f 2037/670/2346 380/412/2346 379/411/2346
f 2037/670/2348 379/411/2348 2034/65/2348
f 367/400/123 2035/64/123 374/405/123
f 312/2059/2349 2035/2058/2349 367/2060/2349
f 2035/64/123 2034/65/123 2038/672/123
f 348/2057/2349 2035/2058/2349 312/2059/2349
f 2035/64/123 2038/672/123 374/405/123
f 374/405/2350 2038/672/2350 373/406/2350
f 373/406/2350 2038/672/2350 379/411/2350
f 2034/65/2348 379/411/2348 2038/672/2348
f 2003/76/123 2039/75/123 2032/72/123
f 333/2061/2351 2003/2050/2351 2032/2053/2351
f 333/2061/2342 2032/2053/2342 337/2052/2342
f 2032/72/123 2039/75/123 2030/79/123
f 2039/75/2318 2006/92/2318 2008/81/2318
f 2008/81/2352 2040/80/2352 2039/75/2352
f 2003/76/123 2006/92/123 2039/75/123
f 2039/75/2352 2040/80/2352 2030/79/2352
f 2018/665/2353 2040/80/2353 2015/83/2353
f 2008/81/2354 2015/83/2354 2040/80/2354
f 2028/84/2353 2040/80/2353 2018/665/2353
f 2028/84/2341 2030/79/2341 2040/80/2341
f 2018/665/2338 2020/666/2338 2028/84/2338
f 2022/1018/2355 382/414/2355 2024/671/2355
f 2024/671/2355 382/414/2355 380/412/2355
f 2022/1018/2356 2041/1016/2356 382/414/2356
f 429/480/2356 2041/1016/2356 2022/1018/2356
f 383/415/261 382/414/261 2041/1016/261
f 383/415/2357 2041/1016/2357 419/1017/2357
f 419/1017/2357 2041/1016/2357 421/479/2357
f 429/480/2358 421/479/2358 2041/1016/2358
f 441/1020/2359 432/487/2359 2016/662/2359
f 2016/662/2360 2013/659/2360 441/1020/2360
f 2016/662/2359 432/487/2359 433/484/2359
f 2009/82/2354 2015/83/2354 2008/81/2354
f 441/1020/2361 2013/659/2361 464/660/2361
f 2012/655/2362 464/660/2362 2013/659/2362
f 2012/655/2323 507/85/2323 503/596/2323
f 2012/655/2363 503/596/2363 466/656/2363
f 466/656/2362 464/660/2362 2012/655/2362
f 2005/91/2316 2002/95/2316 509/96/2316
f 2005/91/408 509/96/408 506/89/408
f 328/2048/2364 2003/2050/2364 333/2061/2364
f 2002/95/2365 2000/102/2365 509/96/2365
f 509/96/2365 2000/102/2365 510/98/2365
f 515/104/413 510/98/413 2000/102/413
f 2042/118/2366 522/111/2366 1997/120/2366
f 1997/120/2366 522/111/2366 521/121/2366
f 1997/120/2367 1995/124/2367 2042/118/2367
f 2042/118/2368 524/110/2368 522/111/2368
f 2044/114/2369 524/110/2369 2042/118/2369
f 2042/118/2367 1995/124/2367 2043/119/2367
f 2042/118/2370 2043/119/2370 2044/114/2370
f 2044/114/2371 2046/115/2371 524/110/2371
f 2045/113/2371 2046/115/2371 2044/114/2371
f 2044/114/2372 2047/117/2372 2045/113/2372
f 2044/114/2370 2043/119/2370 2047/117/2370
f 2043/119/2373 2048/126/2373 2047/117/2373
f 2047/117/2373 2048/126/2373 2049/129/2373
f 2047/117/2374 2049/129/2374 2050/116/2374
f 2045/113/2372 2047/117/2372 2050/116/2372
f 2050/116/2375 2049/129/2375 1982/2045/2375
f 2050/116/2299 1982/2045/2299 1980/329/2299
f 2051/331/2376 2050/116/2376 1980/329/2376
f 2045/113/2377 2050/116/2377 2051/331/2377
f 1978/332/2378 541/338/2378 2051/331/2378
f 2051/331/2379 541/338/2379 540/333/2379
f 2051/331/2298 1980/329/2298 1978/332/2298
f 2051/331/2380 540/333/2380 2045/113/2380
f 1990/128/2381 2049/129/2381 2048/126/2381
f 1984/127/2301 1982/2045/2301 2049/129/2301
f 1984/127/2381 2049/129/2381 1990/128/2381
f 2043/119/2382 1993/125/2382 2048/126/2382
f 1991/132/2383 2048/126/2383 1993/125/2383
f 1990/128/2383 2048/126/2383 1991/132/2383
f 525/598/419 524/110/419 2046/115/419
f 525/598/2384 2046/115/2384 537/615/2384
f 537/615/2385 2046/115/2385 540/333/2385
f 2045/113/2386 540/333/2386 2046/115/2386
f 1995/124/2382 1993/125/2382 2043/119/2382
f 1990/128/2303 1986/131/2303 1984/127/2303
f 1978/1403/2294 546/619/2294 541/617/2294
f 279/355/2387 280/353/2387 1975/1401/2387
f 1975/1401/2388 284/360/2388 279/355/2388
f 1973/2062/2389 2052/1380/2389 1968/2034/2389
f 1968/2037/1 1971/2042/1 1973/2043/1
f 1973/2062/2390 269/339/2390 2052/1380/2390
f 280/353/210 271/342/210 1973/2062/210
f 1973/2062/2391 271/342/2391 269/339/2391
f 1965/1381/2392 2052/1380/2392 266/336/2392
f 1968/2034/2288 2052/1380/2288 1965/1381/2288
f 266/336/2393 2052/1380/2393 269/339/2393
f 559/648/2394 1965/1381/2394 266/336/2394
f 266/336/199 267/337/199 559/648/199
f 552/631/2395 543/620/2395 544/622/2395
f 537/615/422 528/600/422 525/598/422
f 498/591/2396 501/594/2396 533/605/2396
f 504/595/426 512/597/426 500/593/426
f 466/656/2363 503/596/2363 497/587/2363
f 466/656/395 497/587/395 465/586/395
f 483/560/2397 485/565/2397 493/579/2397
f 482/559/2398 483/560/2398 493/579/2398
f 465/530/2399 491/577/2399 468/533/2399
f 487/2063/389 488/582/389 485/581/389
f 441/495/358 464/528/358 440/494/358
f 443/496/342 451/516/342 435/488/342
f 449/2064/337 446/500/337 445/499/337
f 437/491/2400 426/475/2400 427/476/2400
f 385/418/2401 383/415/2401 419/1017/2401
f 402/441/919 394/431/919 395/430/919
f 386/417/987 392/429/987 377/410/987
f 377/410/263 376/409/263 386/417/263
f 374/405/123 368/401/123 367/400/123
f 332/2065/2402 367/2060/2402 359/392/2402
f 312/2059/2402 367/2060/2402 332/2065/2402
f 332/2065/246 359/392/246 341/391/246
f 324/1455/241 304/376/241 308/375/241
f 301/145/238 297/147/238 307/138/238
f 240/1906/229 239/366/229 292/369/229
f 256/321/219 273/346/219 282/358/219
f 273/263/2403 276/267/2403 282/261/2403
f 275/262/2403 276/267/2403 273/263/2403
f 258/326/189 2053/364/189 261/327/189
f 2053/364/2404 2054/2045/2404 261/327/2404
f 261/327/192 2054/2045/192 100/116/192
f 2053/364/2404 2055/2046/2404 2054/2045/2404
f 2055/2046/2405 112/129/2405 2054/2045/2405
f 2054/2045/2406 101/117/2406 100/116/2406
f 2054/2045/2406 112/129/2406 101/117/2406
f 2057/367/2407 111/127/2407 2055/2046/2407
f 2055/2046/2405 111/127/2405 112/129/2405
f 2056/365/2408 2057/367/2408 2055/2046/2408
f 2056/365/2408 2055/2046/2408 2053/364/2408
f 2058/369/2409 2059/368/2409 2057/367/2409
f 2058/369/2409 2057/367/2409 2056/365/2409
f 2059/368/2410 114/130/2410 2057/367/2410
f 2057/367/2407 114/130/2407 111/127/2407
f 187/212/2411 2060/371/2411 2059/368/2411
f 187/212/2412 2059/368/2412 2058/369/2412
f 2060/371/2413 2061/370/2413 2059/368/2413
f 2059/368/2410 2061/370/2410 114/130/2410
f 2060/371/2413 127/149/2413 2061/370/2413
f 127/149/54 120/137/54 2061/370/54
f 2061/370/2414 115/131/2414 114/130/2414
f 2061/370/2414 120/137/2414 115/131/2414
f 181/203/2415 130/152/2415 2060/371/2415
f 181/203/2415 2060/371/2415 187/212/2415
f 130/152/56 127/149/56 2060/371/56
f 186/213/2416 2058/369/2416 2062/1906/2416
f 2062/1906/2417 2058/369/2417 2056/365/2417
f 186/213/2416 187/212/2416 2058/369/2416
f 2064/1363/2418 2062/1424/2418 2063/1423/2418
f 2062/1906/2417 2056/365/2417 2063/366/2417
f 189/214/2419 2062/1424/2419 2064/1363/2419
f 189/214/2420 186/211/2420 2062/1424/2420
f 257/323/2421 234/294/2421 2064/1363/2421
f 2064/1363/2422 234/294/2422 220/257/2422
f 2064/1363/2423 220/257/2423 189/214/2423
f 2064/1363/2418 2063/1423/2418 257/323/2418
f 257/323/186 2063/1423/186 258/324/186
f 2063/366/2424 2053/364/2424 258/326/2424
f 2063/366/2425 2056/365/2425 2053/364/2425
f 257/323/2426 245/306/2426 234/294/2426
f 243/303/2427 252/318/2427 242/304/2427
f 236/297/160 234/294/160 245/306/160
f 213/251/2428 212/250/2428 240/299/2428
f 228/277/2429 220/257/2429 234/294/2429
f 230/285/123 232/282/123 217/283/123
f 189/214/2430 221/259/2430 190/215/2430
f 218/256/2431 208/246/2431 209/245/2431
f 206/243/2432 196/221/2432 204/242/2432
f 196/221/2433 197/222/2433 204/242/2433
f 183/206/2434 193/219/2434 184/204/2434
f 172/194/2435 133/154/2435 132/153/2435
f 172/194/2435 142/164/2435 133/154/2435
f 45/1980/2436 153/788/2436 154/1979/2436
f 45/2066/2194 154/1974/2194 50/1973/2194
f 2065/1907/1 148/170/1 153/174/1
f 39/1978/2437 2065/789/2437 153/788/2437
f 39/1978/2436 153/788/2436 45/1980/2436
f 139/160/1 2065/1907/1 137/158/1
f 139/160/1 145/167/1 2065/1907/1
f 34/787/2438 137/791/2438 2065/789/2438
f 2065/1907/1 145/167/1 148/170/1
f 34/787/2437 2065/789/2437 39/1978/2437
f 142/164/2439 135/156/2439 133/154/2439
f 30/790/2440 122/142/2440 137/791/2440
f 30/790/2441 137/791/2441 34/787/2441
f 26/140/2440 122/142/2440 30/790/2440
f 107/123/1 109/125/1 117/133/1
f 15/752/2442 107/747/2442 117/144/2442
f 15/752/50 117/144/50 21/143/50
f 112/129/44 103/119/44 101/117/44
f 51/746/2443 106/749/2443 107/747/2443
f 51/746/2442 107/747/2442 15/752/2442
f 2066/2047/1 104/121/1 106/122/1
f 46/748/2444 2066/1982/2444 106/749/2444
f 46/748/2443 106/749/2443 51/746/2443
f 89/105/1 2066/2047/1 87/103/1
f 89/105/1 94/112/1 2066/2047/1
f 40/1981/2445 87/1984/2445 2066/1982/2445
f 2066/2047/1 94/112/1 104/121/1
f 40/1981/2444 2066/1982/2444 46/748/2444
f 95/111/33 104/121/33 94/112/33
f 92/109/30 85/101/30 84/100/30
f 35/1983/2446 78/1986/2446 87/1984/2446
f 35/1983/2445 87/1984/2445 40/1981/2445
f 82/99/23 75/91/23 73/89/23
f 31/2067/2447 61/78/2447 78/2068/2447
f 31/1985/2446 78/1986/2446 35/1983/2446
f 67/84/2207 59/71/2207 57/68/2207
f 27/77/2447 61/78/2447 31/2067/2447
f 20/1975/3 4/11/3 7/10/3
