# Blender 4.3.1
# www.blender.org
mtllib ML_Wheel.mtl
o ML_Wheel
v 0.027500 0.034460 -0.007325
v 0.027500 0.035144 -0.002458
v 0.027500 0.050672 -0.005779
v 0.027500 0.033105 -0.012049
v 0.027500 0.049220 -0.013355
v 0.027500 0.050089 -0.009594
v 0.020000 0.031790 -0.006757
v 0.020000 0.032421 -0.002267
v 0.020000 0.032421 0.002267
v 0.020000 0.000000 0.000000
v 0.020000 -0.021747 0.024152
v 0.020000 0.012175 0.030133
v 0.020000 0.016250 -0.028146
v 0.020000 -0.018174 -0.026944
v 0.020000 -0.024896 0.020891
v 0.020000 0.007862 0.031535
v 0.020000 0.031790 0.006757
v 0.020000 0.020009 -0.025610
v 0.020000 -0.014247 -0.029211
v 0.020000 -0.032184 -0.004523
v 0.020000 -0.027562 0.017222
v 0.020000 0.003397 0.032322
v 0.020000 0.030540 0.011116
v 0.020000 0.023379 -0.022576
v 0.020000 -0.010043 -0.030909
v 0.020000 -0.029690 0.013219
v 0.020000 -0.001134 0.032480
v 0.020000 0.028696 0.015258
v 0.020000 0.026293 -0.019103
v 0.020000 -0.005644 -0.032006
v 0.020000 -0.031241 -0.008958
v 0.020000 -0.031241 0.008958
v 0.020000 -0.005644 0.032006
v 0.020000 0.026293 0.019103
v 0.020000 0.028696 -0.015258
v 0.020000 -0.001134 -0.032480
v 0.020000 -0.029690 -0.013219
v 0.020000 -0.032184 0.004523
v 0.020000 -0.010043 0.030909
v 0.020000 0.023379 0.022576
v 0.020000 0.030540 -0.011116
v 0.020000 0.003397 -0.032322
v 0.020000 -0.027562 -0.017222
v 0.020000 -0.032500 0.000000
v 0.020000 -0.014247 0.029211
v 0.020000 0.020009 0.025610
v 0.020000 0.007862 -0.031535
v 0.020000 -0.024896 -0.020891
v 0.020000 -0.018174 0.026944
v 0.020000 0.016250 0.028146
v 0.020000 0.012175 -0.030133
v 0.020000 -0.021747 -0.024152
v 0.027500 -0.023573 -0.026181
v 0.027500 -0.026988 -0.022645
v 0.027500 -0.037071 -0.035024
v 0.027500 -0.029877 -0.018669
v 0.027500 -0.041930 -0.029032
v 0.027500 -0.039614 -0.032120
v 0.027364 -0.038307 -0.036192
v 0.027364 -0.040935 -0.033191
v 0.026961 -0.039512 -0.037330
v 0.026961 -0.042222 -0.034235
v 0.027364 -0.043328 -0.030000
v 0.026961 -0.044690 -0.030943
v 0.027364 -0.045472 -0.026637
v 0.027500 -0.044005 -0.025778
v 0.027500 -0.045829 -0.022376
v 0.027500 -0.047390 -0.018846
v 0.027500 -0.032184 -0.014329
v 0.027364 -0.047357 -0.023122
v 0.027364 -0.048970 -0.019474
v 0.026961 -0.046902 -0.027475
v 0.026961 -0.048846 -0.023849
v 0.026301 -0.048259 -0.028270
v 0.026301 -0.050259 -0.024539
v 0.026961 -0.050510 -0.020087
v 0.026301 -0.051970 -0.020668
v 0.026961 -0.051884 -0.016209
v 0.027364 -0.050302 -0.015715
v 0.027500 -0.049690 -0.011483
v 0.027364 -0.051347 -0.011866
v 0.027500 -0.048680 -0.015208
v 0.027500 -0.033865 -0.009711
v 0.027500 -0.034887 -0.004903
v 0.027500 -0.050854 -0.003857
v 0.027500 -0.035230 0.000000
v 0.027500 -0.050417 -0.007692
v 0.027364 -0.052097 -0.007948
v 0.026961 -0.052961 -0.012239
v 0.026961 -0.053735 -0.008198
v 0.027364 -0.052549 -0.003986
v 0.027500 -0.051000 0.000000
v 0.026961 -0.054201 -0.004111
v 0.027364 -0.052700 0.000000
v 0.027500 -0.050854 0.003857
v 0.026961 -0.054357 0.000000
v 0.027364 -0.052549 0.003986
v 0.026961 -0.054201 0.004111
v 0.027364 -0.052097 0.007948
v 0.027500 -0.050417 0.007692
v 0.027500 -0.049690 0.011483
v 0.027500 -0.034887 0.004903
v 0.027500 -0.033865 0.009711
v 0.027500 -0.048680 0.015208
v 0.027500 -0.032184 0.014329
v 0.027500 -0.047390 0.018846
v 0.027500 -0.045829 0.022376
v 0.027364 -0.050302 0.015715
v 0.027364 -0.048970 0.019474
v 0.027364 -0.047357 0.023122
v 0.026961 -0.051884 0.016209
v 0.026961 -0.050510 0.020087
v 0.026301 -0.053385 0.016678
v 0.026301 -0.051970 0.020668
v 0.026961 -0.048846 0.023849
v 0.026301 -0.050259 0.024539
v 0.026961 -0.046902 0.027475
v 0.027364 -0.045472 0.026637
v 0.027500 -0.041930 0.029032
v 0.027364 -0.043328 0.030000
v 0.027500 -0.044005 0.025778
v 0.027500 -0.029877 0.018669
v 0.027500 -0.026988 0.022645
v 0.027500 -0.023573 0.026181
v 0.027500 -0.037071 0.035024
v 0.027500 -0.039614 0.032120
v 0.027364 -0.040935 0.033191
v 0.026961 -0.044690 0.030943
v 0.026961 -0.042222 0.034235
v 0.027364 -0.038307 0.036192
v 0.026961 -0.039512 0.037330
v 0.027364 -0.035460 0.038985
v 0.027500 -0.034317 0.037728
v 0.027500 -0.031365 0.040215
v 0.027500 -0.028234 0.042472
v 0.027364 -0.032410 0.041555
v 0.027500 -0.019700 0.029207
v 0.027500 -0.024941 0.044485
v 0.027500 -0.015444 0.031664
v 0.027500 -0.010887 0.033505
v 0.027500 -0.017946 0.047738
v 0.027500 -0.021505 0.046244
v 0.027364 -0.025772 0.045968
v 0.027364 -0.022222 0.047786
v 0.027364 -0.018544 0.049330
v 0.026961 -0.026583 0.047414
v 0.026961 -0.022921 0.049288
v 0.026301 -0.027351 0.048785
v 0.026301 -0.023583 0.050714
v 0.026961 -0.019127 0.050881
v 0.026961 -0.015224 0.052181
v 0.027364 -0.014760 0.050591
v 0.026301 -0.019681 0.052352
v 0.025399 -0.024194 0.052027
v 0.025399 -0.020190 0.053707
v 0.026301 -0.015665 0.053691
v 0.025399 -0.016070 0.055081
v 0.026301 -0.011559 0.054722
v 0.026961 -0.011234 0.053183
v 0.026961 -0.007180 0.053881
v 0.027364 -0.010892 0.051562
v 0.027364 -0.006961 0.052238
v 0.027500 -0.002894 0.050918
v 0.027364 -0.002990 0.052615
v 0.027500 -0.006737 0.050553
v 0.027500 -0.001229 0.035208
v 0.027500 -0.006118 0.034695
v 0.027500 -0.010541 0.049899
v 0.027500 -0.014284 0.048959
v 0.027500 0.003682 0.035037
v 0.027500 0.000965 0.050991
v 0.027500 0.004819 0.050772
v 0.027364 0.000997 0.052691
v 0.027364 0.004979 0.052464
v 0.026961 -0.003085 0.054269
v 0.026961 0.001029 0.054347
v 0.026301 -0.003174 0.055839
v 0.026301 0.001058 0.055919
v 0.026961 0.005136 0.054114
v 0.026301 0.005285 0.055679
v 0.026961 0.009214 0.053570
v 0.027364 0.008933 0.051937
v 0.027364 0.012835 0.051113
v 0.027500 0.012421 0.049464
v 0.027500 0.008645 0.050262
v 0.027500 0.008523 0.034183
v 0.027500 0.013197 0.032664
v 0.027500 0.016127 0.048383
v 0.027500 0.019740 0.047025
v 0.027364 0.016664 0.049996
v 0.026961 0.013239 0.052720
v 0.026961 0.017188 0.051568
v 0.027364 0.020398 0.048592
v 0.026961 0.021039 0.050120
v 0.027364 0.024014 0.046911
v 0.027500 0.023240 0.045397
v 0.027500 0.017615 0.030510
v 0.027500 0.026606 0.043510
v 0.027500 0.029821 0.041373
v 0.027364 0.027493 0.044960
v 0.026961 0.024769 0.048386
v 0.026961 0.028358 0.046374
v 0.027364 0.030815 0.042752
v 0.027364 0.033960 0.040299
v 0.027500 0.032864 0.038999
v 0.026961 0.031784 0.044096
v 0.026301 0.029178 0.047715
v 0.026301 0.032703 0.045372
v 0.026961 0.035027 0.041566
v 0.026301 0.036041 0.042769
v 0.026961 0.038071 0.038798
v 0.027364 0.036910 0.037615
v 0.027500 0.038370 0.033596
v 0.027364 0.039649 0.034716
v 0.027500 0.035720 0.036402
v 0.027500 0.025342 0.024473
v 0.027500 0.021690 0.027761
v 0.027500 0.028501 0.020708
v 0.027500 0.031106 0.016539
v 0.027500 0.042999 0.027425
v 0.027500 0.040801 0.030598
v 0.027364 0.042161 0.031618
v 0.026961 0.040896 0.035808
v 0.026961 0.043487 0.032612
v 0.027364 0.044432 0.028339
v 0.026961 0.045829 0.029230
v 0.027500 0.044950 0.024094
v 0.027364 0.046448 0.024898
v 0.027500 0.046643 0.020626
v 0.026961 0.047908 0.025680
v 0.027364 0.048198 0.021313
v 0.026961 0.049713 0.021984
v 0.027500 0.048069 0.017039
v 0.027364 0.049672 0.017607
v 0.027364 0.050861 0.013800
v 0.027500 0.049220 0.013355
v 0.026961 0.051234 0.018161
v 0.026301 0.051151 0.022619
v 0.026301 0.052715 0.018686
v 0.026961 0.052460 0.014234
v 0.026301 0.053978 0.014646
v 0.026961 0.053387 0.010226
v 0.027364 0.051759 0.009914
v 0.027364 0.052361 0.005971
v 0.027500 0.050089 0.009594
v 0.027500 0.050672 0.005779
v 0.027500 0.035144 0.002458
v 0.027500 0.050964 0.001930
v 0.027500 0.034460 0.007325
v 0.027500 0.033105 0.012049
v 0.027500 0.050964 -0.001930
v 0.027364 0.052662 0.001994
v 0.026961 0.054007 0.006159
v 0.026961 0.054318 0.002057
v 0.027364 0.052662 -0.001994
v 0.026961 0.054318 -0.002057
v 0.027364 0.052361 -0.005971
v 0.026961 0.054007 -0.006159
v 0.027364 0.051759 -0.009914
v 0.026961 0.053387 -0.010226
v 0.027364 0.050861 -0.013800
v 0.027364 0.049672 -0.017607
v 0.027500 0.048069 -0.017039
v 0.026961 0.052460 -0.014234
v 0.026301 0.054931 -0.010522
v 0.026301 0.053978 -0.014646
v 0.026961 0.051234 -0.018161
v 0.026301 0.052715 -0.018686
v 0.026961 0.049713 -0.021984
v 0.027364 0.048198 -0.021313
v 0.027500 0.044950 -0.024094
v 0.027364 0.046448 -0.024898
v 0.027500 0.046643 -0.020626
v 0.027500 0.031106 -0.016539
v 0.027500 0.028501 -0.020708
v 0.027500 0.042999 -0.027425
v 0.027500 0.040801 -0.030598
v 0.027364 0.044432 -0.028339
v 0.026961 0.047908 -0.025680
v 0.026961 0.045829 -0.029230
v 0.027364 0.042161 -0.031618
v 0.026961 0.043487 -0.032612
v 0.027500 0.038370 -0.033596
v 0.027364 0.039649 -0.034716
v 0.027500 0.035720 -0.036402
v 0.026961 0.040896 -0.035808
v 0.027364 0.036910 -0.037616
v 0.027500 0.032864 -0.038999
v 0.026961 0.038071 -0.038798
v 0.027364 0.033960 -0.040299
v 0.027364 0.030815 -0.042752
v 0.026961 0.035027 -0.041566
v 0.027500 0.029821 -0.041373
v 0.027500 0.017615 -0.030510
v 0.027500 0.026606 -0.043510
v 0.027500 0.021690 -0.027761
v 0.027500 0.025342 -0.024473
v 0.027500 0.023240 -0.045397
v 0.027364 0.027493 -0.044960
v 0.027364 0.024014 -0.046911
v 0.026961 0.031784 -0.044096
v 0.026961 0.028358 -0.046374
v 0.026301 0.032703 -0.045372
v 0.026301 0.029178 -0.047715
v 0.026961 0.024769 -0.048386
v 0.026961 0.021039 -0.050120
v 0.027364 0.020398 -0.048593
v 0.026301 0.025486 -0.049785
v 0.025399 0.029933 -0.048950
v 0.025399 0.026145 -0.051074
v 0.026301 0.021647 -0.051570
v 0.025399 0.022208 -0.052905
v 0.026301 0.017685 -0.053060
v 0.026961 0.017188 -0.051568
v 0.026961 0.013239 -0.052720
v 0.027364 0.016664 -0.049996
v 0.027364 0.012835 -0.051113
v 0.027500 0.008645 -0.050262
v 0.027500 0.012421 -0.049464
v 0.027364 0.008933 -0.051937
v 0.026961 0.009214 -0.053570
v 0.027364 0.004979 -0.052464
v 0.027500 0.004819 -0.050772
v 0.027500 0.003682 -0.035037
v 0.027500 0.000965 -0.050991
v 0.027500 -0.001229 -0.035208
v 0.027500 -0.002894 -0.050918
v 0.027364 0.000997 -0.052691
v 0.027364 -0.002990 -0.052615
v 0.026961 0.005136 -0.054114
v 0.026961 0.001029 -0.054347
v 0.026301 0.005285 -0.055679
v 0.026301 0.001058 -0.055919
v 0.026961 -0.003085 -0.054269
v 0.026301 -0.003174 -0.055839
v 0.026961 -0.007180 -0.053881
v 0.027364 -0.006961 -0.052238
v 0.027500 -0.010541 -0.049899
v 0.027500 -0.006737 -0.050553
v 0.027364 -0.010892 -0.051562
v 0.027500 -0.014284 -0.048959
v 0.026961 -0.011234 -0.053183
v 0.027364 -0.014760 -0.050591
v 0.026961 -0.015224 -0.052182
v 0.027364 -0.018544 -0.049330
v 0.027500 -0.017946 -0.047738
v 0.027500 -0.021505 -0.046244
v 0.027500 -0.010887 -0.033506
v 0.027500 -0.015444 -0.031664
v 0.027500 -0.024941 -0.044486
v 0.027500 -0.019700 -0.029207
v 0.027500 -0.031365 -0.040215
v 0.027500 -0.028234 -0.042472
v 0.027364 -0.025772 -0.045968
v 0.027364 -0.029175 -0.043888
v 0.027364 -0.032410 -0.041555
v 0.026961 -0.026583 -0.047414
v 0.026961 -0.030092 -0.045268
v 0.026301 -0.027351 -0.048785
v 0.026301 -0.030963 -0.046577
v 0.026961 -0.033429 -0.042862
v 0.026301 -0.034396 -0.044102
v 0.026961 -0.036575 -0.040211
v 0.027364 -0.035460 -0.038985
v 0.027500 -0.034317 -0.037728
v 0.026301 -0.037633 -0.041374
v 0.025399 -0.035287 -0.045243
v 0.025399 -0.038607 -0.042445
v 0.026301 -0.040655 -0.038410
v 0.025399 -0.041707 -0.039404
v 0.026301 -0.043443 -0.035225
v 0.025399 -0.044567 -0.036137
v 0.026301 -0.045983 -0.031838
v 0.025399 -0.047173 -0.032663
v 0.024280 -0.045567 -0.036947
v 0.024280 -0.048230 -0.033395
v 0.025399 -0.049508 -0.029001
v 0.024280 -0.050618 -0.029652
v 0.025399 -0.051559 -0.025174
v 0.024280 -0.052716 -0.025739
v 0.025399 -0.053316 -0.021203
v 0.025399 -0.054766 -0.017110
v 0.026301 -0.053385 -0.016678
v 0.024280 -0.054511 -0.021678
v 0.022970 -0.053698 -0.026218
v 0.024280 -0.055994 -0.017493
v 0.022970 -0.055527 -0.022082
v 0.022970 -0.057038 -0.017819
v 0.021505 -0.057560 -0.019042
v 0.021505 -0.056337 -0.022404
v 0.021505 -0.055210 -0.025052
v 0.020000 -0.055429 -0.024564
v 0.020000 -0.056221 -0.022694
v -0.020000 -0.056221 -0.022694
v 0.020000 -0.057097 -0.023065
v -0.020000 -0.057097 -0.023065
v 0.020000 -0.056306 -0.024935
v -0.020000 -0.056306 -0.024935
v -0.020000 -0.055429 -0.024564
v -0.021505 -0.056337 -0.022404
v -0.021505 -0.055210 -0.025052
v 0.021505 -0.054481 -0.026601
v -0.022970 -0.055527 -0.022082
v -0.022970 -0.053698 -0.026218
v -0.021505 -0.054481 -0.026601
v -0.020000 -0.052234 -0.030779
v -0.020000 -0.053006 -0.029430
v -0.021505 -0.052313 -0.030645
v 0.020000 -0.053006 -0.029430
v -0.022970 -0.051561 -0.030204
v -0.021505 -0.052234 -0.030779
v -0.024280 -0.050618 -0.029652
v -0.022970 -0.049129 -0.034017
v -0.024280 -0.048230 -0.033395
v -0.025399 -0.044568 -0.036137
v -0.024280 -0.045567 -0.036947
v -0.025399 -0.047173 -0.032663
v -0.026301 -0.045983 -0.031838
v -0.026301 -0.043443 -0.035225
v -0.025399 -0.049508 -0.029001
v -0.024280 -0.052716 -0.025739
v -0.025399 -0.051559 -0.025174
v -0.026301 -0.048259 -0.028270
v -0.026961 -0.044690 -0.030943
v -0.026961 -0.046902 -0.027475
v -0.026301 -0.050259 -0.024539
v -0.026301 -0.051970 -0.020668
v -0.025399 -0.053316 -0.021203
v -0.026961 -0.048846 -0.023849
v -0.027364 -0.047357 -0.023122
v -0.027364 -0.045472 -0.026637
v -0.026961 -0.050510 -0.020087
v -0.027364 -0.048970 -0.019474
v -0.026961 -0.051884 -0.016209
v -0.026301 -0.053385 -0.016678
v -0.025399 -0.055904 -0.012919
v -0.025399 -0.054766 -0.017110
v -0.026301 -0.054493 -0.012593
v -0.026300 -0.055290 -0.008436
v -0.025399 -0.056721 -0.008654
v -0.026961 -0.052961 -0.012239
v -0.027364 -0.051347 -0.011866
v -0.027364 -0.050302 -0.015715
v -0.026961 -0.053735 -0.008198
v -0.027364 -0.052097 -0.007948
v -0.026961 -0.054201 -0.004111
v -0.026300 -0.055769 -0.004230
v -0.025399 -0.057213 -0.004339
v -0.026300 -0.055929 0.000000
v -0.025399 -0.057377 0.000000
v -0.024280 -0.058663 0.000000
v -0.025399 -0.057213 0.004339
v -0.024280 -0.058495 0.004437
v -0.022970 -0.059073 0.009013
v -0.024280 -0.057992 0.008848
v -0.022970 -0.059585 0.004519
v -0.022970 -0.059756 0.000000
v -0.021505 -0.060285 0.006444
v -0.021505 -0.060454 0.004585
v -0.020000 -0.060455 0.004582
v -0.021505 -0.060628 0.000000
v -0.020000 -0.060285 0.006444
v -0.021505 -0.059934 0.009144
v -0.020000 -0.060267 0.006604
v -0.020000 -0.061402 0.004670
v -0.020000 -0.061215 0.006692
v 0.020000 -0.061215 0.006692
v 0.020000 -0.060455 0.004582
v 0.020000 -0.061402 0.004670
v 0.020000 -0.060267 0.006604
v 0.020000 -0.060285 0.006444
v 0.021505 -0.060285 0.006444
v 0.021505 -0.060454 0.004585
v 0.021505 -0.060628 0.000000
v 0.022970 -0.059585 0.004519
v 0.022970 -0.059073 0.009013
v 0.021505 -0.059934 0.009144
v 0.022970 -0.059756 0.000000
v 0.024280 -0.058495 0.004437
v 0.024280 -0.057992 0.008848
v 0.024280 -0.057157 0.013208
v 0.025399 -0.056721 0.008654
v 0.025399 -0.055904 0.012919
v 0.025399 -0.054766 0.017110
v 0.026301 -0.054493 0.012593
v 0.026961 -0.052961 0.012239
v 0.026301 -0.055290 0.008435
v 0.025399 -0.057213 0.004339
v 0.026301 -0.055769 0.004230
v 0.026961 -0.053735 0.008198
v 0.027364 -0.051347 0.011866
v 0.025399 -0.057377 0.000000
v 0.026301 -0.055929 0.000000
v 0.025399 -0.057213 -0.004339
v 0.026301 -0.055769 -0.004230
v 0.025399 -0.056721 -0.008654
v 0.026301 -0.055290 -0.008436
v 0.025399 -0.055904 -0.012919
v 0.026301 -0.054493 -0.012593
v 0.024280 -0.057157 -0.013208
v 0.022970 -0.058222 -0.013455
v 0.024280 -0.057992 -0.008848
v 0.024280 -0.058495 -0.004437
v 0.022970 -0.059073 -0.009013
v 0.021505 -0.059258 -0.012816
v 0.022970 -0.059585 -0.004519
v 0.021505 -0.060285 -0.006444
v 0.021505 -0.059934 -0.009144
v 0.020000 -0.060058 -0.008295
v 0.020000 -0.059746 -0.010302
v 0.020000 -0.060998 -0.008441
v -0.020000 -0.060058 -0.008295
v -0.021505 -0.060285 -0.006444
v -0.020000 -0.059746 -0.010302
v -0.021505 -0.059934 -0.009144
v -0.020000 -0.060998 -0.008441
v -0.020000 -0.060687 -0.010448
v 0.020000 -0.060687 -0.010448
v -0.021505 -0.059258 -0.012816
v -0.022970 -0.059073 -0.009013
v -0.022970 -0.059585 -0.004519
v -0.024280 -0.058495 -0.004437
v -0.024280 -0.057992 -0.008848
v -0.021505 -0.060454 -0.004585
v 0.021505 -0.060454 -0.004585
v -0.020000 -0.060560 -0.002882
v -0.020000 -0.060622 -0.000852
v 0.020000 -0.060560 -0.002882
v -0.020000 -0.061511 -0.002911
v -0.020000 -0.061573 -0.000881
v 0.020000 -0.061573 -0.000881
v 0.020000 -0.061511 -0.002911
v 0.020000 -0.060622 -0.000852
v -0.024280 -0.057157 -0.013208
v -0.022970 -0.058222 -0.013455
v -0.024280 -0.055995 -0.017493
v -0.022970 -0.057038 -0.017819
v -0.024280 -0.054511 -0.021678
v -0.021505 -0.057560 -0.019042
v -0.021505 -0.057870 -0.018079
v -0.021505 -0.059071 -0.013651
v 0.021505 -0.059071 -0.013651
v -0.020000 -0.058027 -0.017566
v -0.020000 -0.058583 -0.015613
v 0.020000 -0.058583 -0.015613
v 0.020000 -0.059499 -0.015873
v 0.020000 -0.058027 -0.017566
v 0.021505 -0.057870 -0.018079
v 0.020000 -0.058943 -0.017826
v -0.020000 -0.058943 -0.017826
v -0.020000 -0.059499 -0.015873
v 0.024280 -0.058663 0.000000
v 0.024280 -0.055994 0.017493
v 0.025399 -0.053316 0.021203
v 0.024280 -0.054511 0.021678
v 0.025399 -0.051559 0.025174
v 0.025399 -0.049508 0.029001
v 0.026301 -0.048259 0.028270
v 0.024280 -0.052716 0.025739
v 0.022970 -0.053698 0.026218
v 0.022970 -0.055527 0.022082
v 0.024280 -0.050618 0.029652
v 0.022970 -0.051561 0.030204
v 0.024280 -0.048230 0.033395
v 0.025399 -0.047173 0.032663
v 0.025399 -0.044567 0.036137
v 0.026301 -0.045983 0.031838
v 0.026301 -0.043443 0.035225
v 0.026301 -0.040655 0.038409
v 0.025399 -0.041707 0.039404
v 0.026301 -0.037633 0.041374
v 0.026961 -0.036575 0.040211
v 0.026961 -0.033429 0.042862
v 0.026301 -0.034396 0.044102
v 0.026961 -0.030092 0.045268
v 0.027364 -0.029175 0.043888
v 0.026301 -0.030963 0.046577
v 0.025399 -0.035287 0.045243
v 0.025399 -0.031764 0.047782
v 0.024280 -0.036078 0.046258
v 0.024280 -0.032476 0.048854
v 0.025399 -0.028059 0.050048
v 0.024280 -0.028688 0.051170
v 0.022970 -0.033081 0.049764
v 0.022970 -0.029223 0.052123
v 0.024280 -0.024736 0.053193
v 0.022970 -0.025197 0.054184
v 0.024280 -0.020643 0.054912
v 0.022970 -0.021027 0.055935
v 0.024280 -0.016431 0.056316
v 0.024280 -0.012124 0.057397
v 0.025399 -0.011859 0.056138
v 0.022970 -0.016737 0.057365
v 0.022970 -0.012350 0.058466
v 0.021505 -0.016981 0.058201
v 0.021505 -0.017503 0.058047
v 0.021505 -0.021334 0.056751
v -0.021505 -0.017503 0.058047
v 0.020000 -0.015770 0.058541
v 0.020000 -0.020952 0.056893
v -0.020000 -0.020952 0.056893
v -0.020000 -0.022845 0.056159
v -0.021505 -0.021334 0.056751
v -0.020000 -0.021295 0.057780
v 0.020000 -0.021295 0.057780
v 0.020000 -0.023189 0.057047
v -0.020000 -0.023189 0.057047
v 0.020000 -0.022845 0.056159
v 0.021505 -0.023574 0.055857
v -0.021505 -0.023574 0.055857
v -0.021505 -0.025565 0.054975
v 0.021505 -0.025565 0.054975
v -0.022970 -0.021027 0.055935
v -0.022970 -0.025197 0.054184
v -0.021505 -0.029377 0.053035
v -0.024280 -0.024736 0.053193
v -0.022970 -0.029223 0.052123
v -0.024280 -0.028688 0.051170
v -0.025399 -0.031764 0.047782
v -0.024280 -0.032476 0.048854
v -0.025399 -0.028059 0.050048
v -0.026300 -0.027351 0.048785
v -0.026300 -0.030963 0.046577
v -0.025399 -0.024194 0.052027
v -0.024280 -0.020643 0.054912
v -0.025399 -0.020190 0.053707
v -0.026300 -0.023583 0.050714
v -0.026961 -0.022921 0.049288
v -0.026961 -0.026583 0.047414
v -0.026300 -0.019681 0.052352
v -0.026961 -0.019127 0.050881
v -0.026300 -0.015665 0.053691
v -0.025399 -0.016070 0.055081
v -0.024280 -0.012124 0.057397
v -0.025399 -0.011859 0.056138
v -0.024280 -0.016431 0.056316
v -0.022970 -0.016737 0.057365
v -0.022970 -0.012350 0.058466
v -0.021505 -0.011234 0.059578
v -0.022970 -0.007893 0.059233
v -0.021505 -0.012530 0.059319
v -0.020000 -0.015771 0.058541
v -0.021505 -0.016981 0.058201
v -0.020000 -0.013801 0.059036
v 0.020000 -0.013801 0.059036
v -0.020000 -0.014033 0.059959
v 0.020000 -0.014033 0.059959
v 0.020000 -0.016003 0.059464
v -0.020000 -0.016003 0.059464
v 0.021505 -0.011234 0.059578
v 0.021505 -0.012530 0.059319
v 0.021505 -0.008008 0.060097
v 0.020000 -0.008457 0.060035
v -0.020000 -0.008457 0.060035
v 0.020000 -0.006442 0.060285
v 0.020000 -0.008574 0.060980
v -0.020000 -0.008574 0.060980
v 0.020000 -0.006559 0.061229
v -0.020000 -0.006442 0.060285
v -0.020000 -0.006559 0.061229
v 0.021505 -0.004837 0.060435
v -0.021505 -0.004837 0.060435
v -0.021505 -0.003440 0.060530
v -0.021505 -0.008008 0.060097
v -0.022970 -0.003391 0.059660
v -0.021505 0.001147 0.060617
v -0.024280 -0.003329 0.058569
v -0.024280 -0.007749 0.058149
v -0.022970 0.001131 0.059746
v -0.021505 0.001614 0.060607
v -0.022970 0.005646 0.059489
v -0.024280 0.001110 0.058653
v -0.024280 0.005543 0.058401
v -0.025399 -0.003256 0.057284
v -0.025399 0.001086 0.057367
v -0.026300 -0.003174 0.055839
v -0.026300 0.001058 0.055919
v -0.025399 0.005421 0.057120
v -0.026300 0.005285 0.055679
v -0.025399 0.009726 0.056547
v -0.024280 0.009944 0.057815
v -0.022970 0.010129 0.058892
v -0.024280 0.014288 0.056897
v -0.022970 0.014554 0.057957
v -0.021505 0.014389 0.058896
v -0.021505 0.014766 0.058802
v -0.022970 0.018895 0.056690
v -0.021505 0.019171 0.057517
v 0.021505 0.019171 0.057517
v -0.020000 0.014389 0.058896
v -0.021505 0.020567 0.057033
v -0.020000 0.015771 0.058541
v 0.020000 0.015771 0.058541
v 0.021505 0.014766 0.058802
v 0.020000 0.014389 0.058896
v 0.020000 0.016003 0.059464
v 0.020000 0.014033 0.059959
v -0.020000 0.014033 0.059959
v -0.020000 0.016003 0.059464
v -0.020000 0.013801 0.059036
v 0.020000 0.013801 0.059036
v 0.021505 0.010277 0.059751
v 0.020000 0.008457 0.060035
v -0.020000 0.008457 0.060035
v 0.021505 0.008047 0.060092
v 0.020000 0.008047 0.060092
v 0.020000 0.008574 0.060980
v -0.020000 0.008574 0.060980
v 0.020000 0.006442 0.060285
v 0.020000 0.006559 0.061229
v -0.020000 0.006559 0.061229
v -0.020000 0.006442 0.060285
v -0.020000 0.008047 0.060092
v -0.021505 0.008047 0.060092
v -0.021505 0.010277 0.059751
v -0.021505 0.005729 0.060357
v 0.021505 0.001614 0.060607
v 0.021505 0.005729 0.060357
v 0.022970 0.001131 0.059746
v 0.021505 0.001147 0.060617
v 0.020000 0.001015 0.060620
v -0.020000 0.001015 0.060620
v 0.022970 0.005646 0.059489
v 0.022970 0.010129 0.058892
v 0.024280 0.005543 0.058401
v 0.024280 0.009944 0.057815
v 0.024280 0.014288 0.056897
v 0.025399 0.009726 0.056547
v 0.025399 0.013974 0.055649
v 0.025399 0.018143 0.054433
v 0.026301 0.013622 0.054245
v 0.026301 0.017685 0.053059
v 0.026301 0.021647 0.051570
v 0.025399 0.022208 0.052905
v 0.026301 0.025486 0.049785
v 0.025399 0.026145 0.051074
v 0.024280 0.022706 0.054091
v 0.024280 0.026732 0.052219
v 0.025399 0.029933 0.048950
v 0.024280 0.030604 0.050048
v 0.025399 0.033549 0.046546
v 0.024280 0.034302 0.047590
v 0.025399 0.036974 0.043876
v 0.025399 0.040186 0.040954
v 0.026301 0.039172 0.039920
v 0.024280 0.037803 0.044859
v 0.022970 0.038507 0.045695
v 0.022970 0.034941 0.048476
v 0.024280 0.041087 0.041872
v 0.024280 0.044136 0.038645
v 0.025399 0.043168 0.037797
v 0.022970 0.041852 0.042652
v 0.022970 0.044958 0.039365
v 0.021505 0.042463 0.043274
v 0.021505 0.042296 0.043437
v 0.021505 0.039069 0.046362
v -0.021505 0.042463 0.043274
v -0.021505 0.042296 0.043437
v 0.020000 0.041589 0.044114
v -0.020000 0.041589 0.044114
v -0.020000 0.040089 0.045482
v -0.020000 0.042231 0.044818
v 0.020000 0.042231 0.044818
v 0.020000 0.040730 0.046186
v 0.020000 0.040089 0.045482
v -0.020000 0.040730 0.046186
v 0.021505 0.037439 0.047687
v 0.021505 0.035450 0.049184
v -0.021505 0.037439 0.047687
v 0.020000 0.035853 0.048891
v -0.020000 0.035853 0.048891
v -0.020000 0.034196 0.050064
v -0.021505 0.035450 0.049184
v -0.020000 0.036403 0.049668
v 0.020000 0.036403 0.049668
v 0.020000 0.034196 0.050064
v 0.020000 0.034746 0.050841
v -0.020000 0.034746 0.050841
v -0.021505 0.032158 0.051396
v 0.021505 0.032158 0.051396
v 0.022970 0.031174 0.050980
v 0.021505 0.031629 0.051724
v 0.021505 0.027627 0.053968
v -0.021505 0.031629 0.051724
v 0.020000 0.029573 0.052926
v -0.020000 0.029573 0.052926
v 0.020000 0.030023 0.053765
v 0.020000 0.027784 0.053887
v -0.021505 0.026513 0.054524
v -0.020000 0.027784 0.053887
v 0.021505 0.026513 0.054524
v 0.020000 0.028235 0.054725
v -0.020000 0.028235 0.054725
v -0.020000 0.030023 0.053765
v 0.022970 0.027229 0.053192
v 0.022970 0.023129 0.055099
v 0.021505 0.023466 0.055903
v 0.020000 0.022845 0.056159
v -0.020000 0.022845 0.056159
v 0.020000 0.020952 0.056893
v 0.020000 0.023189 0.057047
v 0.021505 0.020567 0.057033
v 0.022970 0.018895 0.056690
v 0.022970 0.014554 0.057957
v 0.024280 0.018550 0.055653
v 0.021505 0.014389 0.058896
v -0.020000 0.023189 0.057047
v 0.020000 0.021295 0.057780
v -0.020000 0.021295 0.057780
v -0.020000 0.020952 0.056893
v -0.021505 0.023466 0.055903
v -0.022970 0.023129 0.055099
v -0.022970 0.027229 0.053192
v -0.024280 0.026732 0.052219
v -0.024280 0.022706 0.054091
v -0.022970 0.031174 0.050980
v -0.021505 0.027627 0.053968
v -0.024280 0.030604 0.050048
v -0.022970 0.034941 0.048476
v -0.022970 0.038507 0.045695
v -0.024280 0.034302 0.047590
v -0.025399 0.033549 0.046546
v -0.024280 0.037803 0.044859
v -0.025399 0.029933 0.048950
v -0.025399 0.026145 0.051074
v -0.026300 0.029178 0.047715
v -0.026300 0.025486 0.049785
v -0.026961 0.024769 0.048386
v -0.026961 0.021039 0.050120
v -0.026300 0.021647 0.051570
v -0.025399 0.022208 0.052905
v -0.026300 0.017685 0.053059
v -0.026961 0.017188 0.051568
v -0.027364 0.016664 0.049996
v -0.027364 0.012835 0.051113
v -0.026961 0.013239 0.052720
v -0.026300 0.013622 0.054245
v -0.027364 0.008933 0.051937
v -0.026961 0.009214 0.053570
v -0.027364 0.004979 0.052464
v -0.026961 0.005136 0.054114
v -0.026300 0.009480 0.055120
v -0.025399 0.013974 0.055649
v -0.024280 0.018550 0.055653
v -0.025399 0.018143 0.054433
v -0.026961 0.001029 0.054347
v -0.027364 0.000997 0.052691
v -0.027500 0.000965 0.050991
v -0.027500 -0.002894 0.050918
v -0.027364 -0.002990 0.052615
v -0.027500 -0.006737 0.050553
v -0.027364 -0.006961 0.052238
v -0.026961 -0.003085 0.054269
v -0.026961 -0.007180 0.053881
v -0.026300 -0.007388 0.055439
v -0.026961 -0.011234 0.053183
v -0.027364 -0.010892 0.051562
v -0.027500 -0.010541 0.049899
v -0.027500 -0.014284 0.048959
v -0.027364 -0.014760 0.050591
v -0.026961 -0.015224 0.052181
v -0.027364 -0.018544 0.049330
v -0.027500 -0.017946 0.047738
v -0.027500 -0.021505 0.046244
v -0.027500 -0.015444 0.031664
v -0.027500 -0.010887 0.033505
v -0.027500 -0.006118 0.034695
v -0.020000 -0.010043 0.030909
v -0.020000 -0.005644 0.032006
v -0.020000 -0.001134 0.032480
v -0.020000 0.000000 0.000000
v -0.020000 -0.032184 0.004523
v -0.020000 -0.027562 -0.017222
v -0.020000 0.003397 -0.032322
v -0.020000 0.030540 -0.011116
v -0.020000 0.023379 0.022576
v -0.020000 -0.029690 -0.013219
v -0.020000 -0.001134 -0.032480
v -0.020000 0.028696 -0.015258
v -0.020000 0.026293 0.019103
v -0.020000 -0.031241 0.008958
v -0.020000 -0.031241 -0.008958
v -0.020000 -0.005644 -0.032006
v -0.020000 0.026293 -0.019103
v -0.020000 0.028696 0.015258
v -0.020000 -0.029690 0.013219
v -0.020000 -0.032184 -0.004523
v -0.020000 -0.010043 -0.030909
v -0.020000 0.023379 -0.022576
v -0.020000 0.030540 0.011116
v -0.020000 0.003397 0.032322
v -0.020000 -0.027562 0.017222
v -0.020000 -0.032500 0.000000
v -0.020000 -0.014247 -0.029211
v -0.020000 0.020009 -0.025610
v -0.020000 0.031790 0.006757
v -0.020000 0.007862 0.031535
v -0.020000 -0.024896 0.020891
v -0.020000 -0.018174 -0.026944
v -0.020000 0.016250 -0.028146
v -0.020000 0.032421 0.002267
v -0.020000 0.012175 0.030133
v -0.020000 -0.021747 0.024152
v -0.020000 -0.021747 -0.024152
v -0.020000 0.012175 -0.030133
v -0.020000 0.032421 -0.002267
v -0.020000 0.016250 0.028146
v -0.020000 -0.018174 0.026944
v -0.020000 -0.024896 -0.020891
v -0.020000 0.007862 -0.031535
v -0.020000 0.031790 -0.006757
v -0.020000 0.020009 0.025610
v -0.020000 -0.014247 0.029211
v -0.027500 -0.019700 0.029207
v -0.027500 -0.028234 0.042472
v -0.027500 -0.031365 0.040215
v -0.027500 -0.024941 0.044485
v -0.027500 -0.023573 0.026181
v -0.027500 -0.034317 0.037728
v -0.027500 -0.037071 0.035024
v -0.027500 -0.026988 0.022645
v -0.027500 -0.029877 0.018669
v -0.027500 -0.041930 0.029032
v -0.027500 -0.039614 0.032120
v -0.027364 -0.038307 0.036192
v -0.027364 -0.040935 0.033191
v -0.026961 -0.042222 0.034235
v -0.026961 -0.039512 0.037330
v -0.027364 -0.043328 0.030000
v -0.026961 -0.044690 0.030943
v -0.027364 -0.045472 0.026637
v -0.027500 -0.044005 0.025778
v -0.027500 -0.045829 0.022376
v -0.027364 -0.047357 0.023122
v -0.027500 -0.047390 0.018846
v -0.027500 -0.032184 0.014329
v -0.027500 -0.033865 0.009711
v -0.027500 -0.048680 0.015208
v -0.027500 -0.049690 0.011483
v -0.027500 -0.034887 0.004903
v -0.027500 -0.050854 0.003857
v -0.027500 -0.050417 0.007692
v -0.027500 -0.035230 0.000000
v -0.027500 -0.050854 -0.003857
v -0.027500 -0.051000 0.000000
v -0.027500 -0.034887 -0.004903
v -0.027500 -0.033865 -0.009711
v -0.027500 -0.050417 -0.007692
v -0.027500 -0.049690 -0.011483
v -0.027500 -0.048680 -0.015208
v -0.027500 -0.047390 -0.018846
v -0.027500 -0.045829 -0.022376
v -0.027500 -0.032184 -0.014329
v -0.027500 -0.044005 -0.025778
v -0.027500 -0.029877 -0.018669
v -0.027500 -0.026988 -0.022645
v -0.027500 -0.041930 -0.029032
v -0.027364 -0.043328 -0.030000
v -0.027500 -0.039614 -0.032120
v -0.027364 -0.040935 -0.033191
v -0.027500 -0.037071 -0.035024
v -0.027500 -0.034317 -0.037728
v -0.027364 -0.038307 -0.036192
v -0.027500 -0.023573 -0.026181
v -0.027500 -0.031365 -0.040215
v -0.027500 -0.019700 -0.029207
v -0.027500 -0.028234 -0.042472
v -0.027500 -0.024941 -0.044486
v -0.027500 -0.015444 -0.031664
v -0.027500 -0.021505 -0.046244
v -0.027500 -0.017946 -0.047738
v -0.027500 -0.010887 -0.033506
v -0.027500 -0.006118 -0.034695
v -0.027500 -0.014284 -0.048959
v -0.027500 -0.010541 -0.049899
v -0.027364 -0.010892 -0.051562
v -0.027500 -0.006737 -0.050553
v -0.027364 -0.014760 -0.050591
v -0.026961 -0.015224 -0.052182
v -0.027364 -0.018544 -0.049330
v -0.026961 -0.019127 -0.050881
v -0.026961 -0.022921 -0.049288
v -0.026301 -0.023583 -0.050714
v -0.026300 -0.019681 -0.052352
v -0.025399 -0.024194 -0.052027
v -0.025399 -0.020190 -0.053707
v -0.026300 -0.015665 -0.053691
v -0.026961 -0.011234 -0.053183
v -0.026300 -0.011559 -0.054722
v -0.025399 -0.016070 -0.055080
v -0.024280 -0.020643 -0.054912
v -0.024280 -0.016431 -0.056316
v -0.025399 -0.011859 -0.056138
v -0.026300 -0.007388 -0.055439
v -0.025399 -0.007579 -0.056874
v -0.024280 -0.012124 -0.057397
v -0.024280 -0.007749 -0.058150
v -0.022970 -0.012350 -0.058466
v -0.022970 -0.016737 -0.057365
v -0.021505 -0.016981 -0.058201
v -0.022970 -0.021027 -0.055935
v -0.021505 -0.017503 -0.058047
v -0.020000 -0.017503 -0.058047
v -0.021505 -0.021334 -0.056751
v -0.021505 -0.023574 -0.055857
v -0.020000 -0.019344 -0.057459
v 0.020000 -0.019344 -0.057459
v 0.021505 -0.021334 -0.056751
v -0.022970 -0.025197 -0.054184
v -0.024280 -0.024736 -0.053193
v -0.021505 -0.029377 -0.053035
v -0.022970 -0.029223 -0.052123
v -0.021505 -0.025565 -0.054975
v -0.020000 -0.026259 -0.054646
v -0.020000 -0.024414 -0.055495
v 0.020000 -0.024414 -0.055495
v -0.020000 -0.024812 -0.056360
v -0.020000 -0.026657 -0.055511
v 0.020000 -0.026657 -0.055511
v 0.020000 -0.026259 -0.054646
v 0.020000 -0.024812 -0.056360
v 0.021505 -0.029377 -0.053035
v 0.021505 -0.025565 -0.054975
v 0.021505 -0.023574 -0.055857
v 0.022970 -0.025197 -0.054184
v 0.022970 -0.021027 -0.055935
v 0.021505 -0.017503 -0.058047
v 0.022970 -0.016737 -0.057365
v 0.024280 -0.020643 -0.054912
v 0.024280 -0.024736 -0.053193
v 0.024280 -0.028688 -0.051170
v 0.025399 -0.024194 -0.052027
v 0.025399 -0.028059 -0.050048
v 0.025399 -0.031764 -0.047783
v 0.024280 -0.032476 -0.048854
v 0.022970 -0.029223 -0.052123
v 0.022970 -0.033081 -0.049764
v 0.024280 -0.036078 -0.046258
v 0.022970 -0.036750 -0.047120
v 0.024280 -0.039473 -0.043397
v 0.022970 -0.040208 -0.044205
v 0.024280 -0.042642 -0.040287
v 0.022970 -0.043437 -0.041038
v 0.022970 -0.046416 -0.037635
v 0.021505 -0.044548 -0.041125
v 0.021505 -0.044070 -0.041636
v 0.021505 -0.040795 -0.044850
v 0.021505 -0.039924 -0.045627
v -0.021505 -0.040795 -0.044850
v -0.020000 -0.042813 -0.042928
v 0.020000 -0.042813 -0.042928
v 0.020000 -0.044226 -0.041470
v -0.020000 -0.044226 -0.041470
v 0.020000 -0.044910 -0.042133
v 0.020000 -0.043496 -0.043591
v -0.020000 -0.043496 -0.043591
v -0.020000 -0.044910 -0.042133
v -0.021505 -0.044548 -0.041125
v -0.021505 -0.044070 -0.041636
v -0.022970 -0.043437 -0.041038
v -0.022970 -0.040208 -0.044205
v -0.021505 -0.039924 -0.045627
v -0.022970 -0.036750 -0.047120
v -0.021505 -0.037286 -0.047807
v -0.024280 -0.039473 -0.043397
v -0.024280 -0.036078 -0.046258
v -0.025399 -0.035287 -0.045243
v -0.024280 -0.032476 -0.048854
v -0.025399 -0.031764 -0.047783
v -0.026301 -0.030963 -0.046577
v -0.026301 -0.027351 -0.048785
v -0.025399 -0.028059 -0.050048
v -0.024280 -0.028688 -0.051170
v -0.022970 -0.033081 -0.049764
v -0.021505 -0.034848 -0.049612
v -0.021505 -0.033564 -0.050490
v -0.021505 -0.029649 -0.052884
v -0.020000 -0.031049 -0.052074
v -0.020000 -0.032775 -0.051005
v -0.020000 -0.033276 -0.051815
v 0.020000 -0.033276 -0.051815
v 0.021505 -0.034848 -0.049612
v 0.020000 -0.032775 -0.051005
v 0.021505 -0.033564 -0.050490
v 0.021505 -0.029649 -0.052884
v 0.020000 -0.031049 -0.052074
v 0.020000 -0.031550 -0.052883
v -0.020000 -0.031550 -0.052883
v 0.021505 -0.037286 -0.047807
v 0.020000 -0.037213 -0.047864
v -0.020000 -0.037213 -0.047864
v 0.020000 -0.038795 -0.046591
v 0.020000 -0.037809 -0.048606
v -0.020000 -0.037809 -0.048606
v 0.020000 -0.039391 -0.047333
v -0.020000 -0.039391 -0.047333
v -0.020000 -0.038795 -0.046591
v -0.026961 -0.026583 -0.047414
v -0.027364 -0.025772 -0.045968
v -0.027364 -0.022222 -0.047786
v -0.026961 -0.030092 -0.045268
v -0.026961 -0.033429 -0.042862
v -0.026301 -0.034396 -0.044102
v -0.027364 -0.029175 -0.043888
v -0.027364 -0.032410 -0.041555
v -0.027364 -0.035460 -0.038985
v -0.026961 -0.036575 -0.040211
v -0.026301 -0.037633 -0.041374
v -0.026961 -0.039512 -0.037330
v -0.026301 -0.040655 -0.038410
v -0.025399 -0.041707 -0.039404
v -0.024280 -0.042642 -0.040287
v -0.025399 -0.038607 -0.042445
v -0.022970 -0.046416 -0.037635
v -0.021505 -0.047093 -0.038184
v -0.020000 -0.047764 -0.037342
v -0.021505 -0.048667 -0.036157
v -0.021505 -0.049846 -0.034513
v -0.020000 -0.048667 -0.036157
v -0.020000 -0.048987 -0.035721
v -0.020000 -0.048523 -0.037915
v -0.020000 -0.049747 -0.036295
v 0.020000 -0.049747 -0.036295
v 0.020000 -0.047764 -0.037342
v 0.020000 -0.048987 -0.035721
v 0.020000 -0.048523 -0.037915
v 0.020000 -0.048667 -0.036157
v 0.021505 -0.048667 -0.036157
v 0.021505 -0.047093 -0.038184
v 0.021505 -0.049846 -0.034513
v 0.022970 -0.049129 -0.034017
v 0.022970 -0.051561 -0.030204
v 0.021505 -0.052234 -0.030779
v 0.021505 -0.052313 -0.030645
v 0.020000 -0.052234 -0.030779
v 0.020000 -0.051990 -0.031189
v 0.020000 -0.053830 -0.029906
v 0.020000 -0.052815 -0.031665
v -0.020000 -0.052815 -0.031665
v -0.020000 -0.051990 -0.031189
v -0.020000 -0.053830 -0.029906
v -0.026961 -0.042222 -0.034235
v 0.025399 -0.020190 -0.053707
v 0.026301 -0.023583 -0.050714
v 0.026301 -0.019681 -0.052352
v 0.026961 -0.022921 -0.049288
v 0.026961 -0.019127 -0.050881
v 0.027364 -0.022222 -0.047786
v 0.026301 -0.015665 -0.053691
v 0.025399 -0.011859 -0.056138
v 0.025399 -0.016070 -0.055080
v 0.026301 -0.011559 -0.054722
v 0.025399 -0.007579 -0.056874
v 0.026301 -0.007388 -0.055439
v 0.025399 -0.003256 -0.057285
v 0.025399 0.001086 -0.057367
v 0.024280 0.001110 -0.058653
v 0.024280 -0.003329 -0.058569
v 0.022970 0.001131 -0.059746
v 0.024280 -0.007749 -0.058150
v 0.022970 -0.003391 -0.059660
v 0.022970 -0.007893 -0.059233
v 0.021505 -0.008008 -0.060097
v 0.021505 -0.004837 -0.060435
v 0.021505 -0.003440 -0.060530
v 0.021505 0.001147 -0.060617
v 0.021505 0.001614 -0.060607
v -0.021505 0.001147 -0.060617
v -0.020000 -0.002719 -0.060567
v 0.020000 -0.002718 -0.060567
v 0.020000 -0.004745 -0.060442
v 0.020000 -0.002777 -0.061517
v -0.020000 -0.002777 -0.061517
v 0.020000 -0.004804 -0.061392
v -0.020000 -0.004745 -0.060442
v -0.020000 -0.004804 -0.061392
v -0.021505 -0.003440 -0.060530
v -0.021505 -0.004837 -0.060435
v -0.021505 -0.008008 -0.060097
v -0.022970 -0.007893 -0.059233
v -0.022970 -0.003391 -0.059660
v -0.022970 0.001131 -0.059746
v -0.024280 -0.003329 -0.058569
v -0.024280 0.001110 -0.058653
v -0.024280 0.005543 -0.058401
v -0.025399 0.005421 -0.057120
v -0.025399 0.001086 -0.057367
v -0.025399 -0.003256 -0.057285
v -0.026300 0.001058 -0.055919
v -0.026300 0.005285 -0.055679
v -0.026961 0.005136 -0.054114
v -0.026300 0.009480 -0.055120
v -0.026961 0.009214 -0.053570
v -0.027364 0.008933 -0.051937
v -0.026961 0.013239 -0.052720
v -0.027364 0.012835 -0.051113
v -0.027500 0.012421 -0.049464
v -0.027500 0.016127 -0.048383
v -0.027364 0.016664 -0.049996
v -0.027500 0.019740 -0.047025
v -0.027364 0.020398 -0.048593
v -0.026961 0.017188 -0.051568
v -0.026961 0.021039 -0.050120
v -0.026300 0.017685 -0.053060
v -0.026300 0.013622 -0.054245
v -0.025399 0.009726 -0.056547
v -0.025399 0.013974 -0.055649
v -0.025399 0.018143 -0.054433
v -0.024280 0.014288 -0.056897
v -0.024280 0.009944 -0.057815
v -0.022970 0.010129 -0.058892
v -0.022970 0.005646 -0.059489
v -0.021505 0.005729 -0.060357
v -0.021505 0.008047 -0.060092
v -0.021505 0.001614 -0.060607
v -0.020000 0.002719 -0.060567
v -0.020000 0.004745 -0.060442
v 0.021505 0.008047 -0.060092
v 0.020000 0.004745 -0.060442
v -0.020000 0.004804 -0.061392
v -0.020000 0.002777 -0.061517
v 0.020000 0.002777 -0.061517
v 0.020000 0.002719 -0.060567
v 0.020000 0.004804 -0.061392
v 0.021505 0.005729 -0.060357
v 0.022970 0.005646 -0.059489
v 0.022970 0.010129 -0.058892
v 0.021505 0.010277 -0.059751
v 0.021505 0.014389 -0.058896
v 0.022970 0.014554 -0.057957
v 0.024280 0.009944 -0.057815
v 0.024280 0.005543 -0.058401
v 0.025399 0.005421 -0.057120
v 0.025399 0.009726 -0.056547
v 0.024280 0.014288 -0.056897
v 0.025399 0.013974 -0.055649
v 0.026301 0.009480 -0.055120
v 0.026301 0.013622 -0.054245
v 0.025399 0.018143 -0.054433
v 0.024280 0.022706 -0.054091
v 0.024280 0.018550 -0.055654
v 0.022970 0.023129 -0.055099
v 0.022970 0.018895 -0.056690
v 0.021505 0.019171 -0.057517
v 0.021505 0.020567 -0.057033
v 0.021505 0.023466 -0.055903
v 0.020000 0.019344 -0.057459
v -0.021505 0.020567 -0.057033
v 0.020000 0.024414 -0.055495
v -0.020000 0.024414 -0.055495
v 0.020000 0.026259 -0.054646
v 0.020000 0.024812 -0.056360
v 0.021505 0.026513 -0.054524
v 0.022970 0.027229 -0.053192
v 0.021505 0.027627 -0.053968
v -0.021505 0.026513 -0.054523
v -0.021505 0.027627 -0.053968
v -0.020000 0.026259 -0.054646
v -0.021505 0.023466 -0.055903
v -0.022970 0.023129 -0.055099
v -0.022970 0.027229 -0.053192
v -0.024280 0.026732 -0.052219
v -0.024280 0.030604 -0.050048
v -0.022970 0.031174 -0.050980
v -0.021505 0.032158 -0.051396
v -0.022970 0.034941 -0.048477
v -0.021505 0.031629 -0.051724
v -0.024280 0.034302 -0.047590
v -0.025399 0.033549 -0.046546
v -0.024280 0.037803 -0.044859
v -0.025399 0.036974 -0.043876
v -0.026300 0.036041 -0.042769
v -0.025399 0.040186 -0.040954
v -0.026300 0.039172 -0.039920
v -0.026961 0.038071 -0.038798
v -0.026961 0.040896 -0.035808
v -0.026301 0.042079 -0.036844
v -0.026961 0.043487 -0.032612
v -0.026301 0.044745 -0.033556
v -0.025399 0.043168 -0.037797
v -0.025399 0.045903 -0.034424
v -0.024280 0.044136 -0.038645
v -0.024280 0.041087 -0.041872
v -0.022970 0.038507 -0.045695
v -0.022970 0.041852 -0.042652
v -0.021505 0.042463 -0.043274
v -0.022970 0.044958 -0.039365
v -0.021505 0.042296 -0.043437
v 0.020000 0.038795 -0.046591
v -0.021505 0.039069 -0.046362
v 0.021505 0.042296 -0.043437
v -0.020000 0.038795 -0.046591
v -0.020000 0.042813 -0.042928
v -0.020000 0.044226 -0.041470
v 0.020000 0.042813 -0.042928
v -0.020000 0.043496 -0.043591
v 0.020000 0.043496 -0.043591
v 0.020000 0.044226 -0.041470
v 0.020000 0.044910 -0.042133
v -0.020000 0.044910 -0.042133
v 0.021505 0.045614 -0.039939
v 0.022970 0.044958 -0.039365
v 0.021505 0.046674 -0.038695
v -0.021505 0.045614 -0.039939
v 0.022970 0.041852 -0.042652
v 0.021505 0.042463 -0.043274
v 0.022970 0.038507 -0.045695
v 0.024280 0.041087 -0.041872
v 0.024280 0.037803 -0.044859
v 0.024280 0.034302 -0.047590
v 0.025399 0.036974 -0.043876
v 0.025399 0.033549 -0.046546
v 0.025399 0.040186 -0.040954
v 0.026301 0.036041 -0.042769
v 0.026301 0.039172 -0.039920
v 0.026301 0.042079 -0.036844
v 0.025399 0.043168 -0.037797
v 0.024280 0.046932 -0.035196
v 0.024280 0.044136 -0.038645
v 0.025399 0.045903 -0.034424
v 0.024280 0.049460 -0.031546
v 0.025399 0.048375 -0.030854
v 0.026301 0.044745 -0.033556
v 0.026301 0.047155 -0.030076
v 0.025399 0.050570 -0.027107
v 0.026301 0.049294 -0.026423
v 0.025399 0.052475 -0.023205
v 0.026301 0.051151 -0.022620
v 0.025399 0.054080 -0.019170
v 0.024280 0.056616 -0.015362
v 0.024280 0.055292 -0.019600
v 0.025399 0.055375 -0.015025
v 0.024280 0.057616 -0.011036
v 0.025399 0.056353 -0.010794
v 0.024280 0.058286 -0.006647
v 0.025399 0.057007 -0.006501
v 0.024280 0.058622 -0.002220
v 0.025399 0.057336 -0.002171
v 0.026301 0.055569 -0.006337
v 0.026301 0.055889 -0.002117
v 0.025399 0.057336 0.002171
v 0.026301 0.055889 0.002116
v 0.025399 0.057007 0.006501
v 0.026301 0.055569 0.006337
v 0.025399 0.056353 0.010794
v 0.026301 0.054931 0.010522
v 0.025399 0.055375 0.015025
v 0.024280 0.055292 0.019600
v 0.024280 0.056616 0.015362
v 0.025399 0.054080 0.019170
v 0.024280 0.053652 0.023725
v 0.025399 0.052475 0.023205
v 0.024280 0.051704 0.027715
v 0.025399 0.050570 0.027107
v 0.024280 0.049460 0.031546
v 0.025399 0.048375 0.030854
v 0.026301 0.049294 0.026423
v 0.026301 0.047155 0.030076
v 0.025399 0.045903 0.034424
v 0.026301 0.044745 0.033556
v 0.026301 0.042079 0.036844
v 0.024280 0.046932 0.035196
v 0.022970 0.047807 0.035852
v 0.021505 0.050522 0.033515
v 0.021505 0.048504 0.036375
v 0.022970 0.050381 0.032134
v 0.022970 0.052667 0.028231
v 0.021505 0.051116 0.032602
v 0.021505 0.053435 0.028643
v 0.020000 0.050522 0.033515
v 0.020000 0.051094 0.032638
v -0.021505 0.053435 0.028643
v -0.020000 0.051094 0.032638
v 0.020000 0.051887 0.033163
v 0.020000 0.050765 0.034856
v -0.020000 0.050765 0.034856
v -0.020000 0.051887 0.033163
v -0.020000 0.050522 0.033515
v 0.020000 0.049972 0.034330
v -0.020000 0.049972 0.034330
v -0.021505 0.050522 0.033515
v -0.021505 0.048504 0.036375
v 0.020000 0.046695 0.038669
v -0.021505 0.046674 0.038695
v -0.022970 0.047807 0.035852
v -0.022970 0.050381 0.032134
v -0.020000 0.046674 0.038695
v -0.020000 0.046695 0.038669
v -0.020000 0.047418 0.039288
v 0.020000 0.047418 0.039288
v 0.020000 0.046674 0.038695
v 0.020000 0.045374 0.040211
v 0.020000 0.046097 0.040830
v -0.020000 0.046097 0.040830
v -0.020000 0.045374 0.040211
v -0.021505 0.045614 0.039939
v -0.022970 0.044958 0.039365
v -0.022970 0.041852 0.042652
v -0.024280 0.041087 0.041872
v -0.024280 0.044136 0.038645
v -0.025399 0.036974 0.043876
v -0.025399 0.040186 0.040954
v -0.026300 0.036041 0.042769
v -0.025399 0.043168 0.037797
v -0.026301 0.039172 0.039920
v -0.026961 0.035027 0.041566
v -0.026961 0.038071 0.038798
v -0.026301 0.042079 0.036844
v -0.025399 0.045903 0.034424
v -0.026301 0.044745 0.033556
v -0.026961 0.040896 0.035808
v -0.026961 0.043487 0.032612
v -0.027364 0.039649 0.034716
v -0.027364 0.036910 0.037615
v -0.027500 0.035720 0.036402
v -0.027500 0.032864 0.038999
v -0.027364 0.033960 0.040299
v -0.027500 0.029821 0.041373
v -0.027364 0.030815 0.042752
v -0.026961 0.031784 0.044096
v -0.027364 0.027493 0.044960
v -0.027500 0.026606 0.043510
v -0.027500 0.023240 0.045397
v -0.027500 0.017615 0.030510
v -0.027500 0.021690 0.027761
v -0.027500 0.013197 0.032664
v -0.027500 0.019740 0.047025
v -0.027500 0.008523 0.034183
v -0.027500 0.016127 0.048383
v -0.027364 0.020398 0.048592
v -0.027500 0.012421 0.049464
v -0.027500 0.008645 0.050262
v -0.027500 0.004819 0.050772
v -0.027500 0.003682 0.035037
v -0.027500 -0.001229 0.035208
v -0.027364 0.024014 0.046911
v -0.026961 0.028358 0.046374
v -0.026300 0.032703 0.045372
v -0.027500 0.025342 0.024473
v -0.027500 0.038370 0.033596
v -0.027500 0.028501 0.020708
v -0.027500 0.040801 0.030598
v -0.027500 0.031106 0.016539
v -0.027500 0.042999 0.027425
v -0.027364 0.044432 0.028339
v -0.027500 0.044950 0.024094
v -0.027364 0.046448 0.024898
v -0.026961 0.047908 0.025680
v -0.027364 0.048198 0.021313
v -0.026961 0.049713 0.021984
v -0.026961 0.051234 0.018161
v -0.026301 0.052715 0.018686
v -0.026301 0.051151 0.022619
v -0.025399 0.054080 0.019170
v -0.025399 0.052475 0.023205
v -0.026301 0.049294 0.026423
v -0.026961 0.045829 0.029230
v -0.026301 0.047155 0.030076
v -0.025399 0.050570 0.027107
v -0.024280 0.051704 0.027715
v -0.024280 0.053652 0.023725
v -0.025399 0.048375 0.030854
v -0.024280 0.049460 0.031546
v -0.024280 0.046932 0.035196
v -0.022970 0.052667 0.028231
v -0.022970 0.054651 0.024167
v -0.021505 0.053798 0.027955
v 0.020000 0.053812 0.027929
v -0.020000 0.053812 0.027929
v -0.021505 0.055448 0.024520
v 0.021505 0.053798 0.027955
v 0.022970 0.054651 0.024167
v 0.021505 0.055448 0.024520
v 0.020000 0.054717 0.026112
v -0.020000 0.054717 0.026112
v 0.020000 0.055569 0.026536
v -0.020000 0.055569 0.026536
v 0.020000 0.054664 0.028353
v -0.020000 0.054664 0.028354
v 0.021505 0.056465 0.022078
v -0.021505 0.056465 0.022078
v 0.020000 0.056836 0.021105
v -0.020000 0.056836 0.021105
v -0.021505 0.057144 0.020256
v -0.022970 0.056323 0.019965
v -0.022970 0.057671 0.015648
v -0.024280 0.055292 0.019600
v -0.021505 0.058492 0.015951
v -0.021505 0.058512 0.015876
v 0.021505 0.058492 0.015951
v -0.020000 0.057511 0.019190
v 0.020000 0.057511 0.019190
v -0.020000 0.058409 0.019506
v 0.020000 0.058409 0.019506
v 0.020000 0.057734 0.021421
v -0.020000 0.057734 0.021421
v 0.021505 0.057144 0.020256
v 0.022970 0.056323 0.019965
v 0.022970 0.057671 0.015648
v 0.022970 0.058689 0.011242
v 0.021505 0.058512 0.015876
v 0.024280 0.057616 0.011036
v 0.024280 0.058286 0.006647
v 0.022970 0.059372 0.006771
v 0.024280 0.058622 0.002220
v 0.022970 0.059714 0.002261
v 0.022970 0.059714 -0.002261
v 0.021505 0.060585 0.002294
v 0.021505 0.060542 0.003227
v 0.021505 0.060238 0.006870
v -0.021505 0.060542 0.003227
v -0.021505 0.060585 0.002294
v 0.020000 0.060455 0.004582
v -0.020000 0.060455 0.004582
v -0.020000 0.060267 0.006604
v -0.020000 0.061402 0.004670
v 0.020000 0.061402 0.004670
v 0.020000 0.061215 0.006692
v -0.020000 0.061215 0.006692
v 0.020000 0.060267 0.006604
v 0.021505 0.059856 0.009644
v -0.021505 0.059856 0.009644
v -0.021505 0.060238 0.006870
v -0.020000 0.059433 0.011977
v -0.021505 0.059546 0.011406
v -0.022970 0.059372 0.006771
v -0.022970 0.058689 0.011242
v -0.024280 0.057616 0.011036
v -0.024280 0.056616 0.015362
v -0.025399 0.055375 0.015025
v -0.025399 0.056353 0.010794
v -0.026301 0.053978 0.014646
v -0.026961 0.052460 0.014234
v -0.026301 0.054931 0.010522
v -0.025399 0.057007 0.006501
v -0.026961 0.053387 0.010226
v -0.026301 0.055569 0.006337
v -0.026961 0.054007 0.006159
v -0.026301 0.055889 0.002116
v -0.025399 0.057336 0.002171
v -0.024280 0.058622 -0.002220
v -0.025399 0.057336 -0.002171
v -0.024280 0.058622 0.002220
v -0.024280 0.058286 0.006647
v -0.022970 0.059714 -0.002261
v -0.022970 0.059714 0.002261
v -0.021505 0.060585 -0.002294
v -0.020000 0.060622 -0.000852
v -0.020000 0.060560 -0.002882
v -0.021505 0.060542 -0.003227
v 0.021505 0.060542 -0.003227
v -0.020000 0.060058 -0.008295
v -0.021505 0.060238 -0.006870
v -0.022970 0.059372 -0.006771
v -0.022970 0.058689 -0.011242
v -0.024280 0.058286 -0.006647
v -0.025399 0.057007 -0.006501
v -0.024280 0.057616 -0.011036
v -0.025399 0.056353 -0.010794
v -0.024280 0.056616 -0.015362
v -0.022970 0.057671 -0.015648
v -0.021505 0.058512 -0.015876
v -0.021505 0.058492 -0.015951
v -0.022970 0.056323 -0.019965
v -0.021505 0.057144 -0.020256
v -0.021505 0.056465 -0.022078
v -0.022970 0.054651 -0.024167
v -0.024280 0.055292 -0.019600
v -0.024280 0.053652 -0.023725
v -0.025399 0.054080 -0.019170
v -0.025399 0.055375 -0.015025
v -0.026301 0.054931 -0.010522
v -0.026301 0.053978 -0.014646
v -0.026961 0.052460 -0.014234
v -0.026301 0.052715 -0.018686
v -0.026961 0.053387 -0.010226
v -0.027364 0.052361 -0.005971
v -0.026961 0.054007 -0.006159
v -0.027364 0.051759 -0.009914
v -0.027500 0.050089 -0.009594
v -0.027500 0.050672 -0.005779
v -0.027364 0.050861 -0.013800
v -0.026961 0.051234 -0.018161
v -0.027500 0.049220 -0.013355
v -0.027364 0.049672 -0.017607
v -0.027500 0.048069 -0.017039
v -0.026961 0.049713 -0.021984
v -0.027364 0.048198 -0.021313
v -0.027364 0.046448 -0.024898
v -0.026961 0.047908 -0.025680
v -0.027500 0.046643 -0.020626
v -0.027500 0.044950 -0.024094
v -0.027500 0.033105 -0.012049
v -0.027500 0.031106 -0.016539
v -0.027500 0.028501 -0.020708
v -0.027500 0.042999 -0.027425
v -0.027364 0.044432 -0.028339
v -0.027500 0.040801 -0.030598
v -0.027364 0.042161 -0.031618
v -0.027364 0.039649 -0.034716
v -0.027500 0.038370 -0.033596
v -0.027364 0.036910 -0.037616
v -0.026961 0.035027 -0.041566
v -0.027500 0.035720 -0.036402
v -0.027364 0.033960 -0.040299
v -0.027500 0.032864 -0.038999
v -0.026961 0.031784 -0.044096
v -0.027364 0.030815 -0.042752
v -0.027364 0.027493 -0.044960
v -0.026961 0.028358 -0.046374
v -0.027500 0.029821 -0.041373
v -0.027500 0.026606 -0.043510
v -0.027500 0.021690 -0.027761
v -0.027500 0.017615 -0.030510
v -0.027500 0.013197 -0.032664
v -0.027500 0.023240 -0.045397
v -0.027364 0.024014 -0.046911
v -0.026961 0.024769 -0.048386
v -0.026300 0.021647 -0.051570
v -0.026300 0.025486 -0.049785
v -0.025399 0.022208 -0.052905
v -0.025399 0.026145 -0.051074
v -0.026300 0.029178 -0.047715
v -0.025399 0.029933 -0.048950
v -0.026300 0.032703 -0.045372
v -0.024280 0.022706 -0.054091
v -0.024280 0.018550 -0.055653
v -0.022970 0.018895 -0.056690
v -0.021505 0.019171 -0.057517
v -0.021505 0.014766 -0.058802
v -0.022970 0.014554 -0.057957
v -0.021505 0.014389 -0.058896
v 0.021505 0.014766 -0.058802
v -0.021505 0.010277 -0.059751
v -0.020000 0.012137 -0.059401
v 0.020000 0.012137 -0.059401
v 0.020000 0.010141 -0.059774
v 0.020000 0.012312 -0.060336
v -0.020000 0.012312 -0.060336
v 0.020000 0.010316 -0.060710
v -0.020000 0.010316 -0.060710
v -0.020000 0.010141 -0.059774
v 0.020000 0.017409 -0.058075
v 0.020000 0.017698 -0.058982
v -0.020000 0.017409 -0.058075
v -0.020000 0.019344 -0.057459
v -0.020000 0.017698 -0.058982
v -0.020000 0.019633 -0.058366
v 0.020000 0.019633 -0.058366
v -0.027500 0.008523 -0.034183
v -0.027500 0.003682 -0.035037
v -0.027500 0.008645 -0.050262
v -0.027364 0.004979 -0.052464
v -0.027500 0.004819 -0.050772
v -0.027500 0.000965 -0.050991
v -0.027364 0.000997 -0.052691
v -0.026961 -0.003085 -0.054269
v -0.027364 -0.002990 -0.052615
v -0.026961 0.001029 -0.054347
v -0.026300 -0.003174 -0.055839
v -0.027364 -0.006961 -0.052238
v -0.027500 -0.002894 -0.050918
v -0.026961 -0.007180 -0.053881
v -0.027500 -0.001229 -0.035208
v -0.027500 0.025342 -0.024473
v -0.026961 0.045829 -0.029230
v -0.026301 0.047155 -0.030076
v -0.025399 0.048375 -0.030854
v -0.026301 0.049294 -0.026423
v -0.025399 0.050570 -0.027107
v -0.026301 0.051151 -0.022620
v -0.025399 0.052475 -0.023205
v -0.024280 0.051704 -0.027715
v -0.022970 0.052667 -0.028231
v -0.022970 0.050381 -0.032134
v -0.024280 0.049460 -0.031546
v -0.022970 0.047807 -0.035852
v -0.024280 0.046932 -0.035196
v -0.021505 0.048504 -0.036375
v -0.021505 0.050522 -0.033515
v 0.020000 0.048987 -0.035721
v -0.020000 0.048987 -0.035721
v 0.021505 0.050522 -0.033515
v 0.021505 0.051116 -0.032602
v -0.021505 0.051116 -0.032602
v -0.020000 0.053006 -0.029430
v -0.021505 0.053435 -0.028643
v -0.020000 0.051990 -0.031189
v 0.020000 0.051990 -0.031189
v 0.021505 0.053435 -0.028643
v 0.020000 0.053006 -0.029430
v 0.020000 0.052815 -0.031665
v -0.020000 0.052815 -0.031665
v 0.020000 0.053830 -0.029906
v -0.020000 0.053830 -0.029906
v -0.021505 0.053798 -0.027955
v 0.021505 0.053798 -0.027955
v 0.022970 0.052667 -0.028231
v 0.022970 0.054651 -0.024167
v 0.021505 0.055448 -0.024520
v 0.020000 0.055429 -0.024564
v -0.020000 0.055429 -0.024564
v -0.020000 0.056221 -0.022694
v -0.021505 0.055448 -0.024520
v -0.020000 0.056306 -0.024935
v 0.020000 0.056306 -0.024935
v 0.020000 0.057097 -0.023065
v -0.020000 0.057097 -0.023065
v 0.020000 0.056221 -0.022694
v 0.021505 0.056465 -0.022078
v 0.022970 0.056323 -0.019965
v 0.021505 0.057144 -0.020256
v 0.021505 0.058492 -0.015951
v 0.020000 0.058028 -0.017566
v -0.020000 0.058028 -0.017566
v 0.020000 0.058492 -0.015951
v 0.020000 0.058943 -0.017826
v -0.020000 0.058943 -0.017826
v 0.020000 0.059499 -0.015873
v -0.020000 0.059499 -0.015873
v -0.020000 0.058583 -0.015613
v -0.020000 0.058492 -0.015951
v 0.020000 0.058583 -0.015613
v 0.020000 0.059746 -0.010302
v 0.021505 0.059546 -0.011406
v 0.022970 0.057671 -0.015648
v 0.021505 0.058512 -0.015876
v 0.022970 0.058689 -0.011242
v 0.021505 0.059856 -0.009644
v 0.022970 0.059372 -0.006771
v 0.021505 0.060238 -0.006870
v 0.020000 0.059856 -0.009644
v 0.020000 0.060058 -0.008295
v 0.020000 0.060687 -0.010448
v 0.020000 0.060998 -0.008441
v -0.020000 0.060998 -0.008441
v -0.020000 0.060687 -0.010448
v -0.020000 0.059746 -0.010302
v -0.021505 0.059546 -0.011406
v -0.020000 0.059856 -0.009644
v -0.021505 0.059856 -0.009644
v 0.024280 0.053652 -0.023725
v 0.024280 0.051704 -0.027715
v 0.022970 0.050381 -0.032134
v 0.022970 0.047807 -0.035852
v 0.021505 0.048504 -0.036375
v 0.020000 0.047764 -0.037342
v -0.020000 0.047764 -0.037342
v 0.020000 0.048523 -0.037915
v 0.020000 0.049747 -0.036295
v -0.020000 0.049747 -0.036295
v -0.020000 0.048523 -0.037915
v -0.021505 0.046674 -0.038695
v -0.027500 0.034460 -0.007325
v -0.027500 0.035144 -0.002458
v -0.027500 0.050964 -0.001930
v -0.027500 0.050964 0.001930
v -0.027500 0.035144 0.002458
v -0.027500 0.034460 0.007325
v -0.027500 0.050672 0.005779
v -0.027364 0.052662 0.001994
v -0.027364 0.052361 0.005971
v -0.027500 0.050089 0.009594
v -0.027364 0.051759 0.009914
v -0.027500 0.049220 0.013355
v -0.027500 0.048069 0.017039
v -0.027364 0.050861 0.013800
v -0.027500 0.033105 0.012049
v -0.027500 0.046643 0.020626
v -0.027364 0.049672 0.017607
v -0.026961 0.054318 0.002057
v -0.026961 0.054318 -0.002057
v -0.026301 0.055889 -0.002117
v -0.026301 0.055569 -0.006337
v -0.027364 0.052662 -0.001994
v 0.021505 0.060585 -0.002294
v 0.020000 0.060560 -0.002882
v 0.020000 0.060622 -0.000852
v 0.020000 0.061511 -0.002911
v -0.020000 0.061511 -0.002911
v 0.020000 0.061573 -0.000881
v -0.020000 0.061573 -0.000881
v -0.020000 0.058999 0.013960
v 0.020000 0.058999 0.013960
v -0.020000 0.059929 0.014164
v -0.020000 0.060363 0.012180
v 0.020000 0.060363 0.012180
v 0.020000 0.059433 0.011977
v 0.020000 0.059929 0.014164
v 0.021505 0.059546 0.011406
v -0.027364 0.042161 0.031618
v 0.021505 0.045614 0.039939
v 0.021505 0.046674 0.038695
v -0.021505 0.051116 0.032602
v 0.022970 0.034941 -0.048477
v 0.024280 0.030604 -0.050048
v 0.022970 0.031174 -0.050980
v 0.024280 0.026732 -0.052219
v 0.021505 0.031629 -0.051724
v 0.021505 0.032158 -0.051396
v 0.021505 0.035450 -0.049184
v 0.020000 0.032158 -0.051396
v 0.020000 0.031049 -0.052074
v 0.020000 0.031550 -0.052883
v 0.020000 0.033276 -0.051815
v 0.020000 0.032775 -0.051005
v 0.020000 0.037213 -0.047864
v -0.020000 0.032775 -0.051005
v -0.020000 0.033276 -0.051815
v -0.020000 0.032158 -0.051396
v -0.020000 0.031550 -0.052883
v -0.020000 0.031049 -0.052074
v -0.020000 0.037213 -0.047864
v -0.021505 0.035450 -0.049184
v -0.020000 0.037439 -0.047687
v -0.021505 0.037439 -0.047687
v -0.020000 0.039391 -0.047333
v -0.020000 0.037809 -0.048606
v 0.020000 0.037809 -0.048606
v 0.020000 0.039391 -0.047333
v 0.020000 0.037439 -0.047687
v 0.021505 0.037439 -0.047687
v 0.021505 0.039069 -0.046362
v -0.020000 0.026657 -0.055511
v -0.020000 0.024812 -0.056360
v 0.020000 0.026657 -0.055511
v -0.020000 -0.010141 -0.059774
v -0.021505 -0.011234 -0.059578
v -0.021505 -0.012530 -0.059319
v -0.020000 -0.011234 -0.059578
v -0.020000 -0.012137 -0.059401
v -0.020000 -0.010316 -0.060710
v -0.020000 -0.012312 -0.060336
v 0.020000 -0.012312 -0.060336
v 0.020000 -0.012137 -0.059401
v 0.020000 -0.010316 -0.060710
v 0.020000 -0.011234 -0.059578
v 0.020000 -0.010141 -0.059774
v 0.021505 -0.011234 -0.059578
v 0.021505 -0.012530 -0.059319
v 0.022970 -0.012350 -0.058466
v 0.024280 -0.012124 -0.057397
v 0.024280 -0.016431 -0.056316
v 0.021505 -0.016981 -0.058201
v 0.020000 -0.017409 -0.058075
v 0.020000 -0.017503 -0.058047
v -0.020000 -0.017409 -0.058075
v 0.020000 -0.017698 -0.058982
v -0.020000 -0.017698 -0.058982
v -0.020000 -0.019633 -0.058366
v 0.020000 -0.019633 -0.058366
v -0.027364 -0.052549 -0.003986
v -0.027364 -0.052700 0.000000
v -0.026961 -0.054357 0.000000
v -0.026961 -0.054201 0.004111
v -0.026300 -0.055769 0.004230
v -0.025399 -0.056721 0.008654
v -0.026300 -0.055290 0.008435
v -0.026961 -0.053735 0.008198
v -0.026300 -0.054493 0.012593
v -0.025399 -0.055904 0.012919
v -0.024280 -0.055995 0.017493
v -0.025399 -0.054766 0.017110
v -0.024280 -0.057157 0.013208
v -0.022970 -0.058222 0.013455
v -0.022970 -0.057038 0.017819
v -0.021505 -0.057560 0.019042
v -0.021505 -0.057870 0.018079
v -0.022970 -0.055527 0.022082
v -0.022970 -0.053698 0.026218
v -0.024280 -0.054511 0.021678
v -0.021505 -0.056337 0.022404
v -0.020000 -0.056836 0.021105
v -0.021505 -0.055210 0.025052
v -0.020000 -0.057511 0.019190
v 0.020000 -0.057511 0.019190
v -0.020000 -0.058409 0.019506
v -0.020000 -0.057734 0.021421
v 0.020000 -0.057734 0.021421
v 0.020000 -0.056836 0.021105
v 0.020000 -0.058409 0.019506
v 0.021505 -0.055210 0.025052
v 0.021505 -0.056337 0.022404
v 0.021505 -0.057560 0.019042
v 0.022970 -0.057038 0.017819
v 0.021505 -0.057870 0.018079
v 0.021505 -0.059071 0.013651
v 0.020000 -0.058999 0.013960
v 0.020000 -0.059258 0.012816
v -0.020000 -0.058999 0.013960
v 0.020000 -0.059929 0.014164
v 0.020000 -0.060363 0.012180
v -0.020000 -0.060363 0.012180
v -0.020000 -0.059929 0.014164
v 0.020000 -0.059433 0.011977
v -0.020000 -0.059433 0.011977
v -0.020000 -0.059258 0.012816
v -0.021505 -0.059071 0.013651
v -0.021505 -0.059258 0.012816
v 0.021505 -0.059258 0.012816
v 0.022970 -0.058222 0.013455
v 0.021505 -0.054481 0.026600
v 0.020000 -0.054717 0.026112
v -0.020000 -0.054717 0.026112
v 0.020000 -0.053812 0.027929
v 0.020000 -0.055569 0.026536
v -0.020000 -0.055569 0.026536
v 0.020000 -0.054664 0.028354
v -0.020000 -0.053812 0.027929
v -0.020000 -0.054664 0.028354
v -0.021505 -0.052313 0.030645
v -0.022970 -0.051561 0.030204
v -0.021505 -0.052234 0.030779
v 0.021505 -0.052313 0.030645
v -0.021505 -0.054481 0.026600
v 0.021505 -0.052234 0.030779
v 0.022970 -0.049129 0.034017
v 0.021505 -0.049846 0.034513
v 0.020000 -0.049972 0.034330
v 0.020000 -0.051093 0.032638
v -0.020000 -0.051093 0.032638
v 0.020000 -0.051887 0.033163
v -0.020000 -0.051887 0.033163
v 0.020000 -0.050765 0.034856
v -0.020000 -0.050765 0.034856
v -0.020000 -0.049972 0.034330
v -0.021505 -0.048667 0.036157
v 0.021505 -0.048667 0.036157
v -0.021505 -0.049846 0.034513
v -0.022970 -0.049129 0.034017
v -0.022970 -0.046416 0.037635
v -0.024280 -0.048230 0.033395
v -0.024280 -0.050618 0.029652
v -0.025399 -0.049508 0.029001
v -0.025399 -0.051559 0.025174
v -0.024280 -0.052716 0.025739
v -0.025399 -0.053316 0.021203
v -0.026300 -0.051970 0.020668
v -0.026300 -0.053385 0.016678
v -0.026961 -0.051884 0.016209
v -0.026961 -0.052961 0.012239
v -0.027364 -0.051347 0.011866
v -0.027364 -0.052097 0.007948
v -0.027364 -0.052549 0.003986
v -0.027364 -0.050302 0.015715
v -0.027364 -0.048970 0.019474
v -0.026961 -0.050510 0.020087
v -0.026961 -0.048846 0.023849
v -0.026300 -0.050259 0.024539
v -0.026300 -0.048259 0.028270
v -0.026300 -0.045983 0.031838
v -0.025399 -0.047173 0.032663
v -0.026961 -0.046902 0.027475
v -0.024280 -0.045567 0.036947
v -0.025399 -0.044568 0.036137
v -0.026300 -0.043443 0.035225
v -0.025399 -0.041707 0.039404
v -0.024280 -0.042642 0.040287
v -0.022970 -0.040208 0.044205
v -0.024280 -0.039473 0.043397
v -0.022970 -0.043437 0.041038
v -0.021505 -0.044548 0.041125
v -0.021505 -0.044070 0.041636
v -0.021505 -0.040795 0.044850
v -0.021505 -0.039924 0.045627
v -0.020000 -0.041589 0.044114
v -0.020000 -0.040089 0.045482
v 0.020000 -0.040089 0.045482
v -0.020000 -0.040730 0.046186
v 0.020000 -0.040730 0.046186
v 0.021505 -0.039924 0.045627
v 0.021505 -0.037286 0.047807
v 0.022970 -0.040208 0.044205
v 0.021505 -0.040795 0.044850
v -0.021505 -0.037286 0.047807
v -0.020000 -0.035853 0.048891
v -0.021505 -0.034848 0.049612
v -0.022970 -0.036750 0.047120
v -0.022970 -0.033081 0.049764
v -0.021505 -0.029649 0.052884
v -0.024280 -0.036078 0.046258
v -0.021505 -0.033564 0.050490
v -0.020000 -0.029573 0.052926
v -0.020000 -0.034848 0.049612
v -0.020000 -0.034196 0.050064
v -0.020000 -0.034746 0.050841
v 0.020000 -0.034746 0.050841
v 0.020000 -0.034196 0.050064
v 0.021505 -0.034848 0.049612
v 0.020000 -0.034848 0.049612
v 0.020000 -0.029573 0.052926
v 0.021505 -0.033564 0.050490
v 0.021505 -0.029649 0.052884
v 0.021505 -0.029377 0.053035
v 0.020000 -0.029377 0.053035
v 0.020000 -0.027784 0.053887
v 0.020000 -0.028234 0.054725
v 0.020000 -0.030023 0.053765
v -0.020000 -0.030023 0.053765
v -0.020000 -0.029377 0.053035
v -0.020000 -0.027784 0.053887
v -0.020000 -0.028234 0.054725
v 0.020000 -0.035853 0.048891
v 0.020000 -0.036403 0.049668
v -0.020000 -0.036403 0.049668
v 0.022970 -0.036750 0.047120
v -0.025399 -0.035287 0.045243
v -0.025399 -0.038607 0.042445
v -0.026300 -0.037633 0.041374
v -0.026300 -0.040655 0.038409
v -0.026961 -0.036575 0.040211
v -0.026300 -0.034396 0.044102
v -0.026961 -0.033429 0.042862
v -0.027364 -0.032410 0.041555
v -0.026961 -0.030092 0.045268
v -0.027364 -0.035460 0.038985
v -0.027364 -0.029175 0.043888
v -0.027364 -0.025772 0.045968
v -0.027364 -0.022222 0.047786
v 0.021505 -0.044070 0.041636
v 0.022970 -0.043437 0.041038
v 0.021505 -0.044548 0.041125
v 0.020000 -0.041589 0.044114
v 0.020000 -0.042231 0.044818
v -0.020000 -0.042231 0.044818
v 0.022970 -0.046416 0.037635
v 0.021505 -0.047093 0.038184
v 0.020000 -0.045374 0.040211
v -0.020000 -0.045374 0.040211
v -0.020000 -0.046695 0.038669
v -0.020000 -0.046097 0.040830
v 0.020000 -0.046097 0.040830
v 0.020000 -0.046695 0.038669
v 0.020000 -0.047418 0.039288
v -0.020000 -0.047418 0.039288
v -0.021505 -0.047093 0.038184
v 0.024280 -0.045567 0.036947
v 0.024280 -0.042642 0.040287
v 0.024280 -0.039473 0.043397
v 0.025399 -0.038607 0.042445
v -0.026300 -0.011559 0.054722
v -0.025399 -0.007579 0.056874
v -0.021505 0.039069 0.046362
v 0.026301 0.009480 0.055120
v 0.025399 0.005421 0.057120
v 0.024280 0.001110 0.058653
v 0.025399 0.001086 0.057367
v 0.024280 -0.003329 0.058569
v 0.025399 -0.003256 0.057284
v 0.024280 -0.007749 0.058149
v 0.025399 -0.007579 0.056874
v 0.026301 -0.007388 0.055439
v 0.022970 -0.007893 0.059233
v 0.022970 -0.003391 0.059660
v 0.021505 -0.003440 0.060530
v -0.020000 -0.001015 0.060620
v 0.020000 -0.001015 0.060620
v 0.020000 -0.001015 0.061571
v -0.020000 -0.001015 0.061571
v 0.020000 0.001015 0.061571
v -0.020000 0.001015 0.061571
v 0.027500 -0.006118 -0.034695
v 0.027500 0.008523 -0.034183
v 0.027500 0.016127 -0.048383
v 0.027500 0.013197 -0.032664
v 0.027500 0.019740 -0.047025
vn 1.0000 -0.0000 -0.0000
vn 0.3413 -0.9308 0.1308
vn 0.3413 -0.9035 0.2591
vn 0.3413 -0.9400 -0.0000
vn 0.3413 0.6761 0.6530
vn 0.3413 0.5787 0.7407
vn 0.3413 0.6762 0.6529
vn 0.3413 0.7604 0.5525
vn 0.9968 -0.0636 -0.0477
vn 0.9968 -0.0598 -0.0524
vn 0.9716 -0.1780 -0.1559
vn 0.9716 -0.1893 -0.1420
vn 0.9716 -0.1995 -0.1272
vn 0.9968 -0.0671 -0.0428
vn 0.9968 -0.0701 -0.0376
vn 0.9968 -0.0727 -0.0322
vn 0.9716 -0.2164 -0.0957
vn 0.9968 -0.0728 -0.0322
vn 0.9716 -0.2086 -0.1118
vn 0.9716 -0.2085 -0.1118
vn 0.9218 -0.3416 -0.1831
vn 0.9218 -0.3545 -0.1568
vn 0.9218 -0.3653 -0.1295
vn 0.9716 -0.2230 -0.0791
vn 0.9968 -0.0750 -0.0266
vn 0.9968 -0.0768 -0.0208
vn 0.9716 -0.2284 -0.0620
vn 0.3413 0.8833 0.3215
vn 0.3413 0.9194 0.1954
vn 0.3413 0.9377 0.0656
vn 0.9968 -0.0781 -0.0150
vn 0.9968 -0.0790 -0.0090
vn 0.9716 -0.2324 -0.0445
vn 0.9716 -0.2351 -0.0268
vn 0.9968 -0.0795 -0.0030
vn 0.9716 -0.2365 -0.0090
vn 0.9968 -0.0795 0.0030
vn 0.9716 -0.2365 0.0090
vn 0.9968 -0.0790 0.0090
vn 0.9716 -0.2364 0.0090
vn 0.9716 -0.2351 0.0268
vn 0.9968 -0.0781 0.0150
vn 0.3413 0.9194 -0.1954
vn 0.3413 0.9377 -0.0656
vn 0.3413 0.8833 -0.3215
vn 0.9968 -0.0727 0.0322
vn 0.9968 -0.0750 0.0266
vn 0.9716 -0.2164 0.0957
vn 0.9716 -0.2230 0.0791
vn 0.9218 -0.3653 0.1295
vn 0.9218 -0.3545 0.1568
vn 0.9218 -0.3416 0.1831
vn 0.9716 -0.2086 0.1118
vn 0.9716 -0.2085 0.1118
vn 0.9968 -0.0671 0.0428
vn 0.9968 -0.0701 0.0376
vn 0.9716 -0.1995 0.1272
vn 0.3413 0.8299 -0.4413
vn 0.3413 0.7604 -0.5525
vn 0.3413 0.6761 -0.6530
vn 0.9968 -0.0636 0.0477
vn 0.9968 -0.0598 0.0524
vn 0.9716 -0.1893 0.1419
vn 0.9716 -0.1893 0.1420
vn 0.9716 -0.1780 0.1559
vn 0.9716 -0.1657 0.1689
vn 0.9968 -0.0557 0.0568
vn 0.9968 -0.0513 0.0608
vn 0.9968 -0.0465 0.0645
vn 0.3413 0.5787 -0.7407
vn 0.3413 0.4700 -0.8140
vn 0.3413 0.3521 -0.8715
vn 0.9968 -0.0362 0.0708
vn 0.9968 -0.0308 0.0733
vn 0.9716 -0.1078 0.2106
vn 0.9716 -0.0916 0.2182
vn 0.9218 -0.1766 0.3450
vn 0.9218 -0.1500 0.3574
vn 0.9218 -0.1226 0.3677
vn 0.9716 -0.0748 0.2245
vn 0.8487 -0.2047 0.4877
vn 0.8487 -0.1672 0.5018
vn 0.8487 -0.1672 0.5017
vn 0.8487 -0.1288 0.5129
vn 0.9218 -0.0944 0.3759
vn 0.9716 -0.0576 0.2295
vn 0.9218 -0.0657 0.3820
vn 0.9716 -0.0401 0.2332
vn 0.9716 -0.0224 0.2356
vn 0.9968 -0.0075 0.0792
vn 0.9968 -0.0135 0.0784
vn 0.9968 -0.0194 0.0771
vn 0.9968 -0.0252 0.0755
vn 0.3413 0.2274 -0.9120
vn 0.3413 0.0982 -0.9348
vn 0.3413 -0.0328 -0.9394
vn 0.3413 0.0983 -0.9348
vn 0.9968 -0.0015 0.0795
vn 0.9968 0.0045 0.0794
vn 0.9716 0.0134 0.2362
vn 0.9716 -0.0045 0.2366
vn 0.9218 -0.0073 0.3875
vn 0.9218 -0.0073 0.3876
vn 0.9218 0.0220 0.3870
vn 0.9218 0.0512 0.3842
vn 0.9716 0.0313 0.2346
vn 0.9716 0.0313 0.2345
vn 0.9968 0.0105 0.0788
vn 0.9716 0.0489 0.2315
vn 0.9968 0.0164 0.0778
vn 0.3413 -0.1632 -0.9257
vn 0.3413 -0.2905 -0.8940
vn 0.9968 0.0223 0.0764
vn 0.9968 0.0280 0.0745
vn 0.9716 0.0663 0.2271
vn 0.9716 0.0663 0.2272
vn 0.9716 0.0833 0.2215
vn 0.9716 0.0998 0.2146
vn 0.9968 0.0335 0.0721
vn 0.9968 0.0389 0.0694
vn 0.9968 0.0440 0.0662
vn 0.9716 0.1157 0.2064
vn 0.9716 0.1310 0.1971
vn 0.9716 0.1455 0.1866
vn 0.9968 0.0489 0.0627
vn 0.9716 0.1310 0.1970
vn 0.9218 0.2146 0.3228
vn 0.9218 0.2384 0.3057
vn 0.9218 0.2384 0.3056
vn 0.9218 0.2608 0.2867
vn 0.9716 0.1592 0.1750
vn 0.9968 0.0535 0.0588
vn 0.9968 0.0578 0.0546
vn 0.9716 0.1720 0.1625
vn 0.3413 -0.6290 -0.6985
vn 0.3413 -0.5256 -0.7793
vn 0.3413 -0.7201 -0.6042
vn 0.3413 -0.6289 -0.6985
vn 0.3413 -0.7971 -0.4981
vn 0.9968 0.0618 0.0501
vn 0.9968 0.0654 0.0453
vn 0.9716 0.1838 0.1490
vn 0.9716 0.1945 0.1347
vn 0.9716 0.2042 0.1196
vn 0.9968 0.0686 0.0402
vn 0.9968 0.0715 0.0349
vn 0.9716 0.2126 0.1038
vn 0.9968 0.0739 0.0294
vn 0.9716 0.2199 0.0874
vn 0.9716 0.2259 0.0706
vn 0.9968 0.0759 0.0237
vn 0.9218 0.3602 0.1432
vn 0.9218 0.3700 0.1156
vn 0.9716 0.2258 0.0706
vn 0.9218 0.3777 0.0873
vn 0.9716 0.2306 0.0533
vn 0.9716 0.2305 0.0533
vn 0.9968 0.0775 0.0179
vn 0.9716 0.2339 0.0357
vn 0.9968 0.0786 0.0120
vn 0.9968 0.0793 0.0060
vn 0.3413 -0.9308 -0.1308
vn 0.3413 -0.9035 -0.2591
vn 0.3413 -0.8587 -0.3823
vn 0.9968 0.0795 -0.0000
vn 0.9716 0.2359 0.0179
vn 0.9716 0.2366 -0.0000
vn 0.9968 0.0793 -0.0060
vn 0.9716 0.2359 -0.0179
vn 0.9968 0.0786 -0.0120
vn 0.9716 0.2339 -0.0357
vn 0.9716 0.2305 -0.0533
vn 0.9968 0.0775 -0.0179
vn 0.9716 0.2258 -0.0706
vn 0.9968 0.0759 -0.0237
vn 0.9218 0.3777 -0.0873
vn 0.9218 0.3700 -0.1156
vn 0.9716 0.2259 -0.0706
vn 0.9218 0.3602 -0.1432
vn 0.9716 0.2199 -0.0874
vn 0.9968 0.0739 -0.0294
vn 0.9968 0.0715 -0.0349
vn 0.9716 0.2126 -0.1038
vn 0.3413 -0.8587 0.3823
vn 0.3413 -0.7971 0.4981
vn 0.9968 0.0686 -0.0402
vn 0.9968 0.0654 -0.0453
vn 0.9716 0.2042 -0.1196
vn 0.9716 0.1945 -0.1347
vn 0.9716 0.1838 -0.1490
vn 0.9968 0.0618 -0.0501
vn 0.9968 0.0578 -0.0546
vn 0.9716 0.1720 -0.1625
vn 0.9968 0.0535 -0.0588
vn 0.9716 0.1592 -0.1750
vn 0.9716 0.1455 -0.1866
vn 0.9968 0.0489 -0.0627
vn 0.9716 0.1592 -0.1751
vn 0.9968 0.0440 -0.0662
vn 0.3413 -0.6290 0.6985
vn 0.3413 -0.5256 0.7793
vn 0.3413 -0.7201 0.6042
vn 0.9968 0.0389 -0.0694
vn 0.9716 0.1310 -0.1970
vn 0.9716 0.1157 -0.2064
vn 0.9218 0.2146 -0.3228
vn 0.9218 0.1896 -0.3381
vn 0.9218 0.1634 -0.3515
vn 0.9716 0.0998 -0.2146
vn 0.8487 0.2586 -0.4613
vn 0.8487 0.2230 -0.4795
vn 0.8487 0.2230 -0.4796
vn 0.8487 0.1861 -0.4951
vn 0.9218 0.1364 -0.3628
vn 0.9716 0.0833 -0.2215
vn 0.9218 0.1086 -0.3721
vn 0.9716 0.0663 -0.2272
vn 0.9716 0.0489 -0.2315
vn 0.9968 0.0164 -0.0778
vn 0.9968 0.0223 -0.0764
vn 0.9716 0.0313 -0.2345
vn 0.9968 0.0105 -0.0788
vn 0.9968 0.0105 -0.0789
vn 0.9968 0.0045 -0.0794
vn 0.9968 -0.0015 -0.0795
vn 0.9716 0.0134 -0.2362
vn 0.9716 -0.0045 -0.2366
vn 0.9218 0.0220 -0.3870
vn 0.9218 -0.0073 -0.3876
vn 0.9218 -0.0366 -0.3859
vn 0.9716 -0.0224 -0.2356
vn 0.9716 -0.0401 -0.2332
vn 0.9968 -0.0135 -0.0784
vn 0.9968 -0.0075 -0.0792
vn 0.9968 -0.0194 -0.0771
vn 0.9716 -0.0576 -0.2295
vn 0.9968 -0.0252 -0.0755
vn 0.9716 -0.0748 -0.2245
vn 0.9968 -0.0308 -0.0733
vn 0.3413 0.4700 0.8140
vn 0.3413 0.3521 0.8715
vn 0.9968 -0.0465 -0.0645
vn 0.9968 -0.0415 -0.0679
vn 0.9716 -0.1234 -0.2019
vn 0.9716 -0.1384 -0.1920
vn 0.9218 -0.2022 -0.3307
vn 0.9218 -0.2267 -0.3145
vn 0.9218 -0.2498 -0.2964
vn 0.9716 -0.1525 -0.1809
vn 0.9716 -0.1657 -0.1689
vn 0.9968 -0.0513 -0.0608
vn 0.9968 -0.0557 -0.0568
vn 0.9218 -0.2715 -0.2767
vn 0.8487 -0.3408 -0.4044
vn 0.8487 -0.3704 -0.3775
vn 0.8487 -0.3979 -0.3484
vn 0.9218 -0.2916 -0.2554
vn 0.8487 -0.4231 -0.3173
vn 0.9218 -0.3101 -0.2326
vn 0.8487 -0.4459 -0.2844
vn 0.9218 -0.3268 -0.2084
vn 0.7542 -0.5254 -0.3940
vn 0.7542 -0.5537 -0.3531
vn 0.7542 -0.5788 -0.3102
vn 0.8487 -0.4662 -0.2499
vn 0.8487 -0.4661 -0.2499
vn 0.7542 -0.6006 -0.2656
vn 0.8487 -0.4837 -0.2139
vn 0.7542 -0.6190 -0.2194
vn 0.8487 -0.4985 -0.1767
vn 0.8487 -0.4984 -0.1767
vn 0.6406 -0.7023 -0.3106
vn 0.6406 -0.7238 -0.2565
vn 0.7542 -0.6189 -0.2194
vn 0.5236 -0.8030 -0.2847
vn 0.6406 -0.7238 -0.2566
vn 0.5109 -0.8078 -0.2939
vn 0.5108 -0.7863 -0.3477
vn 0.5378 -0.7758 -0.3301
vn 0.0069 -0.9202 -0.3915
vn 0.0041 -0.9209 -0.3898
vn -0.0066 -0.9397 -0.3419
vn -0.0000 -0.9388 -0.3443
vn -0.0000 -0.3899 0.9209
vn -0.0000 -0.9209 -0.3897
vn -0.0000 0.3897 -0.9209
vn -1.0000 -0.0000 -0.0000
vn -0.0041 -0.9209 -0.3898
vn -0.0069 -0.9202 -0.3915
vn -0.0000 -0.9124 -0.4092
vn -0.0000 -0.9047 -0.4260
vn -0.5110 -0.7910 -0.3365
vn -0.5281 -0.7767 -0.3434
vn -0.5110 -0.7777 -0.3662
vn -0.0000 -0.8867 -0.4623
vn -0.0828 -0.8650 -0.4949
vn 0.0041 -0.8814 -0.4724
vn -0.5108 -0.7577 -0.4062
vn -0.5111 -0.7410 -0.4356
vn -0.5133 -0.7236 -0.4615
vn -0.6406 -0.6768 -0.3628
vn -0.6406 -0.6474 -0.4129
vn -0.7541 -0.5254 -0.3940
vn -0.6406 -0.6143 -0.4607
vn -0.7541 -0.5537 -0.3532
vn -0.8487 -0.4231 -0.3173
vn -0.8487 -0.4459 -0.2844
vn -0.7541 -0.5537 -0.3531
vn -0.7542 -0.5788 -0.3102
vn -0.7541 -0.5788 -0.3103
vn -0.8487 -0.4661 -0.2498
vn -0.9218 -0.3268 -0.2085
vn -0.9218 -0.3417 -0.1832
vn -0.8487 -0.4661 -0.2499
vn -0.8487 -0.4836 -0.2139
vn -0.9218 -0.3545 -0.1568
vn -0.8487 -0.4837 -0.2139
vn -0.9218 -0.3417 -0.1831
vn -0.9716 -0.2164 -0.0957
vn -0.9716 -0.2085 -0.1118
vn -0.9218 -0.3654 -0.1295
vn -0.9716 -0.2230 -0.0791
vn -0.9218 -0.3741 -0.1015
vn -0.8487 -0.5104 -0.1385
vn -0.8487 -0.4985 -0.1767
vn -0.8487 -0.5194 -0.0995
vn -0.9218 -0.3807 -0.0729
vn -0.9716 -0.2324 -0.0445
vn -0.9716 -0.2284 -0.0620
vn -0.9716 -0.2351 -0.0268
vn -0.9218 -0.3852 -0.0439
vn -0.9218 -0.3851 -0.0439
vn -0.8487 -0.5254 -0.0599
vn -0.8487 -0.5285 -0.0200
vn -0.9218 -0.3874 -0.0147
vn -0.7541 -0.6562 -0.0248
vn -0.8487 -0.5285 0.0200
vn -0.7541 -0.6562 0.0248
vn -0.6406 -0.7630 0.0870
vn -0.6406 -0.7629 0.0870
vn -0.7541 -0.6525 0.0744
vn -0.6406 -0.7674 0.0291
vn -0.5287 -0.8434 0.0962
vn -0.6406 -0.7673 0.0291
vn -0.5108 -0.8591 0.0325
vn -0.5110 -0.8560 0.0781
vn -0.0000 -0.9959 0.0909
vn -0.0001 -0.9993 0.0379
vn -0.5109 -0.8591 0.0325
vn -0.0366 -0.9934 0.1085
vn -0.0000 -0.9917 0.1286
vn -0.0000 0.0923 0.9957
vn -0.0000 -0.9957 0.0923
vn -0.0000 -0.9941 0.1086
vn 0.5110 -0.8560 0.0781
vn 0.5108 -0.8591 0.0325
vn 0.0001 -0.9993 0.0379
vn 0.5108 -0.8542 0.0974
vn 0.6406 -0.7629 0.0870
vn 0.5403 -0.8345 0.1082
vn 0.5109 -0.8591 0.0325
vn 0.6405 -0.7674 0.0291
vn 0.6405 -0.7630 0.0870
vn 0.7542 -0.6524 0.0744
vn 0.6406 -0.7542 0.1445
vn 0.7541 -0.6450 0.1236
vn 0.7542 -0.6450 0.1235
vn 0.7541 -0.6338 0.1720
vn 0.8487 -0.5194 0.0995
vn 0.8487 -0.5104 0.1385
vn 0.9218 -0.3741 0.1015
vn 0.9218 -0.3807 0.0729
vn 0.8487 -0.5195 0.0995
vn 0.8487 -0.5255 0.0599
vn 0.9218 -0.3851 0.0439
vn 0.9716 -0.2324 0.0445
vn 0.9968 -0.0768 0.0208
vn 0.9716 -0.2284 0.0620
vn 0.8487 -0.5285 0.0200
vn 0.9218 -0.3874 0.0147
vn 0.9218 -0.3873 0.0147
vn 0.9218 -0.3873 -0.0147
vn 0.8487 -0.5285 -0.0200
vn 0.8487 -0.5255 -0.0599
vn 0.8487 -0.5254 -0.0599
vn 0.9218 -0.3851 -0.0439
vn 0.9218 -0.3874 -0.0147
vn 0.8487 -0.5194 -0.0995
vn 0.8487 -0.5195 -0.0995
vn 0.9218 -0.3807 -0.0729
vn 0.8487 -0.5105 -0.1385
vn 0.8487 -0.5104 -0.1385
vn 0.9218 -0.3741 -0.1015
vn 0.7542 -0.6338 -0.1720
vn 0.7541 -0.6450 -0.1235
vn 0.7541 -0.6338 -0.1720
vn 0.6406 -0.7411 -0.2011
vn 0.6406 -0.7542 -0.1445
vn 0.7542 -0.6450 -0.1236
vn 0.6406 -0.7629 -0.0870
vn 0.7542 -0.6525 -0.0744
vn 0.5220 -0.8377 -0.1605
vn 0.5109 -0.8454 -0.1558
vn 0.5287 -0.8434 -0.0962
vn 0.6406 -0.7630 -0.0870
vn 0.5110 -0.8525 -0.1106
vn -0.0216 -0.9832 -0.1812
vn 0.0088 -0.9917 -0.1286
vn 0.0643 -0.9861 -0.1531
vn -0.0000 -0.1534 0.9882
vn -0.0000 -0.9926 -0.1216
vn -0.0088 -0.9917 -0.1286
vn 0.0055 -0.9881 -0.1534
vn -0.0000 -0.9882 -0.1534
vn -0.0000 0.1534 -0.9882
vn -0.0000 0.1535 -0.9882
vn -0.5403 -0.8345 -0.1082
vn -0.0165 -0.9833 -0.1812
vn -0.5109 -0.8454 -0.1558
vn -0.5108 -0.8542 -0.0974
vn -0.5110 -0.8560 -0.0781
vn -0.6406 -0.7629 -0.0870
vn -0.6406 -0.7630 -0.0870
vn -0.6406 -0.7674 -0.0291
vn -0.5109 -0.8591 -0.0325
vn -0.5108 -0.8591 -0.0325
vn -0.0000 -0.9959 -0.0909
vn -0.0000 -0.9981 -0.0616
vn -0.0270 -0.9989 -0.0378
vn -0.0135 -0.9994 -0.0308
vn -0.0000 0.0307 -0.9995
vn -0.0000 -0.0308 0.9995
vn -0.0000 -0.9995 -0.0308
vn -0.0000 -1.0000 -0.0070
vn 0.0175 -0.9991 -0.0379
vn 0.0350 -0.9989 -0.0308
vn 0.5109 -0.8591 -0.0325
vn 0.5108 -0.8591 -0.0325
vn 0.5110 -0.8560 -0.0781
vn -0.6406 -0.7542 -0.1445
vn -0.7542 -0.6525 -0.0744
vn -0.7542 -0.6450 -0.1235
vn -0.7541 -0.6450 -0.1236
vn -0.6406 -0.7541 -0.1445
vn -0.6406 -0.7411 -0.2011
vn -0.7541 -0.6338 -0.1720
vn -0.7542 -0.6338 -0.1720
vn -0.6406 -0.7238 -0.2565
vn -0.7542 -0.6190 -0.2194
vn -0.7541 -0.6190 -0.2194
vn -0.6406 -0.7238 -0.2566
vn -0.7541 -0.6006 -0.2656
vn -0.6406 -0.7023 -0.3106
vn -0.7542 -0.6006 -0.2656
vn -0.5108 -0.8297 -0.2251
vn -0.5110 -0.8183 -0.2631
vn -0.5236 -0.8030 -0.2847
vn -0.0000 -0.9759 -0.2181
vn -0.5111 -0.8388 -0.1875
vn -0.0000 -0.9704 -0.2414
vn -0.0119 -0.9650 -0.2619
vn -0.0449 -0.9608 -0.2734
vn -0.0000 -0.2736 0.9618
vn 0.0284 -0.9647 -0.2618
vn 0.0075 -0.9618 -0.2737
vn 0.5108 -0.8297 -0.2251
vn 0.5110 -0.8183 -0.2631
vn -0.0046 -0.9520 -0.3061
vn -0.0000 -0.9533 -0.3019
vn -0.0000 0.2736 -0.9618
vn -0.0000 -0.9618 -0.2736
vn 0.0046 -0.9520 -0.3061
vn 0.5111 -0.8388 -0.1875
vn 0.0066 -0.9397 -0.3419
vn -0.5109 -0.8078 -0.2939
vn -0.5220 -0.8377 -0.1605
vn -0.7541 -0.6525 -0.0744
vn -0.6406 -0.7673 -0.0291
vn -0.0000 -0.9816 -0.1907
vn 0.6406 -0.7674 -0.0291
vn 0.6406 -0.7673 0.0291
vn 0.7542 -0.6562 0.0248
vn 0.7542 -0.6562 -0.0248
vn 0.7542 -0.6525 0.0744
vn 0.7542 -0.6338 0.1720
vn 0.7542 -0.6190 0.2194
vn 0.8487 -0.4985 0.1767
vn 0.7542 -0.6006 0.2656
vn 0.8487 -0.4837 0.2139
vn 0.7542 -0.5788 0.3102
vn 0.8487 -0.4661 0.2499
vn 0.6406 -0.7023 0.3105
vn 0.6406 -0.6768 0.3628
vn 0.6405 -0.7023 0.3106
vn 0.6406 -0.6474 0.4130
vn 0.7542 -0.5537 0.3531
vn 0.7542 -0.5536 0.3531
vn 0.8487 -0.4459 0.2844
vn 0.7542 -0.5254 0.3940
vn 0.8487 -0.4231 0.3173
vn 0.8487 -0.3979 0.3484
vn 0.9218 -0.3101 0.2326
vn 0.9218 -0.2916 0.2553
vn 0.8487 -0.3704 0.3775
vn 0.9218 -0.2715 0.2767
vn 0.9218 -0.2498 0.2964
vn 0.9716 -0.1525 0.1809
vn 0.9218 -0.2266 0.3144
vn 0.9716 -0.1384 0.1920
vn 0.9716 -0.1234 0.2019
vn 0.9968 -0.0415 0.0679
vn 0.9218 -0.2266 0.3145
vn 0.9218 -0.2022 0.3307
vn 0.8487 -0.3092 0.4290
vn 0.8487 -0.2759 0.4512
vn 0.7542 -0.3840 0.5327
vn 0.7542 -0.3426 0.5603
vn 0.7542 -0.2992 0.5845
vn 0.8487 -0.2410 0.4708
vn 0.7542 -0.3426 0.5602
vn 0.6406 -0.4006 0.6551
vn 0.6405 -0.4006 0.6551
vn 0.6405 -0.3499 0.6836
vn 0.6405 -0.2972 0.7081
vn 0.7542 -0.2542 0.6055
vn 0.6406 -0.2972 0.7080
vn 0.6406 -0.2428 0.7285
vn 0.7541 -0.2077 0.6230
vn 0.7542 -0.2077 0.6230
vn 0.6406 -0.1870 0.7448
vn 0.7542 -0.1599 0.6369
vn 0.7541 -0.1599 0.6369
vn 0.5108 -0.2094 0.8338
vn 0.5111 -0.2444 0.8241
vn 0.5186 -0.2703 0.8111
vn -0.0123 -0.2843 0.9587
vn 0.5109 -0.2755 0.8143
vn 0.0081 -0.3204 0.9472
vn -0.0000 -0.2744 0.9616
vn -0.0000 -0.3173 0.9483
vn 0.0037 -0.3612 0.9325
vn -0.0081 -0.3204 0.9472
vn -0.0000 0.9325 0.3613
vn -0.0000 -0.3612 0.9325
vn 0.0070 -0.3704 0.9288
vn -0.0037 -0.3612 0.9325
vn -0.0000 -0.3828 0.9238
vn -0.0000 -0.9325 -0.3613
vn -0.0000 -0.4053 0.9142
vn -0.5110 -0.3484 0.7858
vn -0.0070 -0.3704 0.9288
vn -0.5110 -0.3184 0.7984
vn -0.5292 -0.3284 0.7824
vn -0.5109 -0.3898 0.7662
vn -0.5156 -0.3905 0.7627
vn -0.6406 -0.2972 0.7081
vn -0.6406 -0.3499 0.6835
vn -0.7542 -0.3426 0.5602
vn -0.7541 -0.3426 0.5603
vn -0.6406 -0.4006 0.6551
vn -0.7542 -0.2992 0.5845
vn -0.8487 -0.2759 0.4512
vn -0.8487 -0.2410 0.4708
vn -0.7542 -0.2542 0.6055
vn -0.8487 -0.2047 0.4876
vn -0.9218 -0.1500 0.3574
vn -0.9218 -0.1766 0.3451
vn -0.8487 -0.2047 0.4877
vn -0.8487 -0.1672 0.5017
vn -0.9218 -0.1226 0.3678
vn -0.7541 -0.1599 0.6369
vn -0.8487 -0.1288 0.5129
vn -0.7541 -0.2077 0.6230
vn -0.6406 -0.1870 0.7448
vn -0.6406 -0.2428 0.7285
vn -0.7542 -0.2077 0.6230
vn -0.5111 -0.1685 0.8429
vn -0.5260 -0.1442 0.8382
vn -0.5108 -0.2094 0.8338
vn -0.6406 -0.1302 0.7568
vn 0.0187 -0.1959 0.9804
vn -0.0230 -0.2435 0.9696
vn -0.0238 -0.2439 0.9695
vn -0.0000 -0.2065 0.9784
vn -0.0000 0.9698 0.2438
vn -0.0000 -0.2439 0.9698
vn -0.0000 -0.9698 -0.2441
vn 0.0226 -0.2439 0.9695
vn -0.0187 -0.1959 0.9804
vn 0.0235 -0.2435 0.9696
vn 0.5111 -0.1685 0.8429
vn 0.5318 -0.1344 0.8361
vn 0.0070 -0.1588 0.9873
vn -0.0000 -0.1624 0.9867
vn -0.0039 -0.1229 0.9924
vn -0.0000 -0.9924 -0.1229
vn -0.0000 0.9924 0.1229
vn -0.0000 -0.1229 0.9924
vn -0.0000 -0.0930 0.9957
vn -0.0321 -0.1228 0.9919
vn -0.0000 -0.0683 0.9977
vn -0.5111 -0.0587 0.8575
vn 0.0091 -0.1060 0.9943
vn -0.5330 -0.0896 0.8413
vn -0.5108 -0.0163 0.8595
vn -0.6406 -0.0726 0.7645
vn -0.5108 -0.0812 0.8558
vn -0.6406 -0.0145 0.7678
vn -0.5111 0.0194 0.8593
vn -0.5177 0.0486 0.8542
vn -0.6406 0.0436 0.7667
vn -0.7541 0.0373 0.6556
vn -0.7541 -0.0124 0.6566
vn -0.7542 -0.0124 0.6566
vn -0.7542 0.0373 0.6556
vn -0.8487 -0.0100 0.5287
vn -0.8487 0.0300 0.5280
vn -0.8487 0.0699 0.5242
vn -0.7541 0.0867 0.6510
vn -0.7542 0.0867 0.6509
vn -0.6406 0.1014 0.7612
vn -0.6406 0.1587 0.7513
vn -0.7541 0.1357 0.6425
vn -0.5111 0.2066 0.8343
vn -0.5166 0.1770 0.8377
vn -0.5108 0.2408 0.8253
vn -0.6406 0.2151 0.7372
vn -0.0000 0.3277 0.9448
vn -0.0000 0.2883 0.9575
vn 0.0106 0.2801 0.9599
vn -0.0964 0.2476 0.9641
vn -0.5110 0.2817 0.8121
vn 0.0202 0.2800 0.9598
vn -0.0022 0.2488 0.9686
vn -0.0000 0.9698 -0.2441
vn -0.0000 0.2439 0.9698
vn -0.0000 -0.9698 0.2438
vn -0.0000 0.1837 0.9830
vn 0.0825 0.2317 0.9693
vn -0.0363 0.1836 0.9823
vn 0.0042 0.1511 0.9885
vn -0.0000 0.9924 -0.1229
vn -0.0000 0.1361 0.9907
vn -0.0000 0.1229 0.9924
vn -0.0000 -0.9924 0.1229
vn -0.0000 0.1195 0.9928
vn -0.0000 0.1511 0.9885
vn -0.0228 0.1360 0.9904
vn -0.5110 0.1299 0.8497
vn 0.0363 0.1836 0.9823
vn -0.0119 0.2035 0.9790
vn -0.5109 0.1750 0.8417
vn -0.0063 0.1136 0.9935
vn -0.5461 0.0952 0.8323
vn 0.0191 0.0606 0.9980
vn -0.5109 0.0521 0.8581
vn -0.5108 0.1135 0.8521
vn -0.0000 0.0665 0.9978
vn 0.5109 0.0521 0.8581
vn -0.0191 0.0606 0.9980
vn 0.5177 0.0486 0.8542
vn 0.5111 0.0195 0.8593
vn -0.0004 0.0226 0.9997
vn -0.0000 0.0217 0.9998
vn 0.5293 0.1121 0.8410
vn 0.6406 0.1014 0.7612
vn 0.5110 0.0977 0.8540
vn 0.6405 0.0436 0.7667
vn 0.6405 0.1014 0.7612
vn 0.6406 0.1587 0.7513
vn 0.7542 0.0867 0.6509
vn 0.7542 0.1357 0.6425
vn 0.7541 0.1357 0.6425
vn 0.8487 0.1093 0.5175
vn 0.7542 0.1839 0.6304
vn 0.8487 0.1481 0.5077
vn 0.8487 0.1861 0.4950
vn 0.9218 0.1086 0.3721
vn 0.9218 0.1364 0.3628
vn 0.8487 0.1861 0.4951
vn 0.8487 0.2230 0.4796
vn 0.9218 0.1634 0.3515
vn 0.8487 0.2586 0.4613
vn 0.9218 0.1896 0.3381
vn 0.7542 0.2769 0.5954
vn 0.7542 0.2769 0.5955
vn 0.7542 0.3211 0.5728
vn 0.7541 0.3212 0.5728
vn 0.7541 0.3636 0.5469
vn 0.8487 0.2928 0.4404
vn 0.7542 0.3635 0.5469
vn 0.7542 0.4039 0.5178
vn 0.8487 0.3252 0.4170
vn 0.8487 0.3253 0.4170
vn 0.7542 0.4419 0.4858
vn 0.8487 0.3559 0.3912
vn 0.6406 0.4723 0.6055
vn 0.6406 0.5167 0.5681
vn 0.6406 0.4722 0.6055
vn 0.7542 0.4418 0.4858
vn 0.6406 0.5582 0.5274
vn 0.7542 0.4773 0.4510
vn 0.5108 0.6249 0.5904
vn 0.5111 0.6009 0.6146
vn 0.5144 0.5770 0.6344
vn 0.5109 0.5772 0.6371
vn 0.0181 0.6713 0.7409
vn -0.0000 0.6991 0.7150
vn -0.0000 0.6991 0.7151
vn -0.0000 0.6919 0.7220
vn -0.0162 0.6736 0.7389
vn -0.0000 0.7391 -0.6736
vn -0.0000 0.6737 0.7390
vn -0.0000 -0.7390 0.6737
vn -0.0000 0.6396 0.7687
vn -0.0255 0.6308 0.7755
vn 0.0248 0.6735 0.7388
vn 0.5110 0.5424 0.6668
vn 0.5292 0.5218 0.6691
vn 0.5110 0.5168 0.6869
vn 0.0054 0.6012 0.7991
vn -0.0000 0.6045 0.7966
vn -0.0054 0.6012 0.7991
vn 0.0042 0.5778 0.8162
vn -0.0000 0.8162 -0.5778
vn -0.0000 0.5778 0.8162
vn -0.0000 -0.8162 0.5778
vn -0.0000 0.5473 0.8369
vn 0.0596 0.5768 0.8147
vn 0.5109 0.4796 0.7135
vn 0.5195 0.4730 0.7116
vn -0.0122 0.5578 0.8299
vn 0.5110 0.4522 0.7310
vn -0.0000 0.5260 0.8505
vn 0.5108 0.4204 0.7499
vn 0.0289 0.4888 0.8719
vn -0.0000 0.5261 0.8505
vn -0.0000 0.5049 0.8632
vn -0.0000 0.8810 -0.4730
vn 0.0021 0.4731 0.8810
vn -0.0014 0.4465 0.8948
vn -0.0000 0.4479 0.8941
vn -0.0000 -0.8810 0.4731
vn -0.0000 0.4731 0.8810
vn 0.5111 0.3838 0.7691
vn 0.5255 0.3588 0.7715
vn 0.5109 0.3544 0.7831
vn -0.0148 0.4123 0.9109
vn -0.0000 0.4073 0.9133
vn -0.0000 0.9325 -0.3613
vn 0.0055 0.3612 0.9325
vn 0.0090 0.3633 0.9316
vn 0.5343 0.3071 0.7876
vn 0.5110 0.2817 0.8121
vn -0.0000 0.3425 0.9395
vn 0.5108 0.3025 0.8047
vn 0.6406 0.2702 0.7188
vn 0.5108 0.2408 0.8253
vn 0.6406 0.2151 0.7372
vn 0.7542 0.2311 0.6147
vn 0.5111 0.2066 0.8343
vn 0.5166 0.1770 0.8377
vn -0.0000 0.2404 0.9707
vn 0.5109 0.1750 0.8417
vn -0.0000 0.2035 0.9791
vn -0.0000 0.3612 0.9325
vn -0.0000 -0.9325 0.3613
vn -0.0099 0.3612 0.9324
vn -0.0060 0.3633 0.9317
vn 0.0148 0.4123 0.9109
vn -0.5110 0.3123 0.8009
vn -0.5108 0.3625 0.7795
vn -0.5307 0.3495 0.7722
vn -0.6406 0.3238 0.6963
vn -0.6406 0.3755 0.6698
vn -0.5108 0.4204 0.7499
vn -0.5111 0.3838 0.7691
vn 0.0014 0.4465 0.8948
vn -0.0043 0.4890 0.8723
vn -0.5110 0.4522 0.7310
vn -0.5195 0.4730 0.7116
vn -0.6406 0.4251 0.6395
vn -0.5109 0.4796 0.7135
vn -0.5108 0.5287 0.6779
vn -0.6406 0.4722 0.6055
vn -0.7541 0.4039 0.5178
vn -0.7541 0.3636 0.5469
vn -0.7541 0.3212 0.5728
vn -0.8487 0.2586 0.4613
vn -0.8487 0.2928 0.4404
vn -0.9218 0.1635 0.3515
vn -0.9218 0.1896 0.3381
vn -0.8487 0.2230 0.4795
vn -0.8487 0.1861 0.4950
vn -0.9218 0.1364 0.3629
vn -0.9218 0.1086 0.3721
vn -0.9716 0.0833 0.2215
vn -0.9716 0.0663 0.2272
vn -0.9716 0.0663 0.2271
vn -0.9218 0.0801 0.3793
vn -0.9716 0.0489 0.2315
vn -0.9716 0.0313 0.2345
vn -0.9218 0.0512 0.3842
vn -0.9218 0.0512 0.3843
vn -0.8487 0.1093 0.5174
vn -0.7542 0.1839 0.6304
vn -0.7541 0.1839 0.6304
vn -0.8487 0.1481 0.5077
vn -0.7542 0.2311 0.6147
vn -0.6406 0.2702 0.7188
vn -0.9716 0.0134 0.2362
vn -0.9218 0.0220 0.3870
vn -0.9716 -0.0045 0.2366
vn -0.9968 0.0045 0.0794
vn -0.9968 -0.0015 0.0795
vn -0.9968 -0.0075 0.0792
vn -0.9716 -0.0224 0.2356
vn -0.9218 -0.0366 0.3859
vn -0.9218 -0.0073 0.3876
vn -0.9218 -0.0657 0.3820
vn -0.9716 -0.0401 0.2332
vn -0.9968 -0.0135 0.0784
vn -0.9968 -0.0194 0.0771
vn -0.9968 -0.0194 0.0772
vn -0.9716 -0.0576 0.2295
vn -0.9968 -0.0252 0.0755
vn -0.9716 -0.0748 0.2245
vn -0.9968 -0.0308 0.0733
vn -0.3413 0.2274 -0.9120
vn -0.3413 0.3521 -0.8715
vn -0.3413 0.0983 -0.9348
vn -0.3413 0.4700 -0.8140
vn -0.3413 0.5787 -0.7407
vn -0.3413 0.6761 -0.6530
vn -0.3413 0.7604 -0.5525
vn -0.9968 -0.0598 0.0524
vn -0.9968 -0.0636 0.0477
vn -0.9716 -0.1780 0.1559
vn -0.9716 -0.1893 0.1420
vn -0.9716 -0.1995 0.1272
vn -0.9968 -0.0671 0.0428
vn -0.9968 -0.0701 0.0376
vn -0.9968 -0.0727 0.0322
vn -0.3413 0.8833 -0.3215
vn -0.3413 0.8299 -0.4413
vn -0.3413 0.9194 -0.1954
vn -0.3413 0.9377 -0.0656
vn -0.3413 0.9377 0.0656
vn -0.3413 0.9194 0.1954
vn -0.9968 -0.0781 -0.0150
vn -0.9968 -0.0768 -0.0208
vn -0.9968 -0.0750 -0.0266
vn -0.9968 -0.0728 -0.0322
vn -0.3413 0.8299 0.4413
vn -0.3413 0.8833 0.3215
vn -0.3413 0.7604 0.5525
vn -0.9968 -0.0636 -0.0477
vn -0.9968 -0.0671 -0.0428
vn -0.9968 -0.0598 -0.0524
vn -0.9968 -0.0557 -0.0568
vn -0.3413 0.6761 0.6530
vn -0.3413 0.5787 0.7407
vn -0.3413 0.6762 0.6529
vn -0.3413 0.4700 0.8140
vn -0.3413 0.3521 0.8715
vn -0.3413 0.2274 0.9120
vn -0.9968 -0.0135 -0.0784
vn -0.9968 -0.0194 -0.0771
vn -0.9716 -0.0576 -0.2295
vn -0.9716 -0.0748 -0.2245
vn -0.9968 -0.0252 -0.0755
vn -0.9716 -0.0916 -0.2182
vn -0.9218 -0.1500 -0.3575
vn -0.9218 -0.1500 -0.3574
vn -0.9218 -0.1226 -0.3678
vn -0.8487 -0.2047 -0.4876
vn -0.8487 -0.2047 -0.4877
vn -0.8487 -0.1672 -0.5017
vn -0.9218 -0.0944 -0.3760
vn -0.8487 -0.1288 -0.5129
vn -0.7542 -0.2077 -0.6230
vn -0.7542 -0.1599 -0.6369
vn -0.8487 -0.0896 -0.5212
vn -0.7542 -0.1113 -0.6472
vn -0.6406 -0.1302 -0.7568
vn -0.6406 -0.1870 -0.7448
vn -0.5111 -0.2444 -0.8241
vn -0.5108 -0.2094 -0.8338
vn -0.5186 -0.2704 -0.8111
vn -0.6406 -0.2428 -0.7285
vn -0.0000 -0.2843 -0.9587
vn -0.0000 -0.3205 -0.9473
vn -0.5109 -0.2755 -0.8143
vn -0.0467 -0.3036 -0.9517
vn -0.0000 -0.3704 -0.9289
vn -0.5449 -0.3106 -0.7788
vn -0.0000 -0.3355 -0.9420
vn -0.5108 -0.3327 -0.7927
vn -0.6406 -0.2972 -0.7080
vn -0.6406 -0.3499 -0.6835
vn -0.5109 -0.3898 -0.7662
vn -0.5156 -0.3905 -0.7627
vn -0.5110 -0.3484 -0.7858
vn -0.0148 -0.4533 -0.8912
vn 0.0053 -0.4179 -0.9085
vn -0.0063 -0.4053 -0.9142
vn -0.0000 -0.3958 -0.9184
vn -0.0000 0.9084 -0.4180
vn -0.0000 -0.9084 0.4180
vn -0.0000 -0.4180 -0.9085
vn -0.0000 -0.9085 0.4180
vn -0.0000 -0.4590 -0.8884
vn 0.0148 -0.4533 -0.8912
vn 0.0148 -0.4179 -0.9084
vn -0.0124 -0.4053 -0.9141
vn 0.5110 -0.3484 -0.7858
vn 0.5292 -0.3284 -0.7824
vn 0.5110 -0.3184 -0.7984
vn 0.6406 -0.2972 -0.7081
vn 0.5109 -0.2755 -0.8143
vn 0.5186 -0.2704 -0.8111
vn 0.6406 -0.2428 -0.7285
vn 0.7542 -0.2542 -0.6055
vn 0.6406 -0.3499 -0.6835
vn 0.7542 -0.2992 -0.5845
vn 0.7542 -0.3426 -0.5602
vn 0.8487 -0.2410 -0.4708
vn 0.8487 -0.2759 -0.4512
vn 0.7542 -0.3840 -0.5327
vn 0.8487 -0.3092 -0.4290
vn 0.6406 -0.4006 -0.6551
vn 0.6406 -0.4490 -0.6229
vn 0.6406 -0.4490 -0.6230
vn 0.6406 -0.4948 -0.5872
vn 0.7542 -0.4232 -0.5021
vn 0.7542 -0.4232 -0.5022
vn 0.6406 -0.5378 -0.5481
vn 0.7541 -0.4600 -0.4687
vn 0.7542 -0.4599 -0.4687
vn 0.6406 -0.5777 -0.5058
vn 0.7542 -0.4941 -0.4326
vn 0.7541 -0.4941 -0.4326
vn 0.5205 -0.6424 -0.5625
vn 0.6406 -0.5777 -0.5059
vn 0.5110 -0.6281 -0.5868
vn 0.5108 -0.6021 -0.6136
vn -0.0059 -0.7004 -0.7137
vn 0.5110 -0.5723 -0.6413
vn -0.0000 -0.6658 -0.7461
vn -0.0000 -0.6897 -0.7241
vn 0.0734 -0.7160 -0.6943
vn -0.0000 -0.7321 -0.6812
vn -0.0000 -0.6962 0.7179
vn 0.0006 -0.7307 -0.6827
vn -0.0000 -0.7179 -0.6962
vn -0.0000 0.6961 -0.7179
vn -0.0000 0.6962 -0.7179
vn 0.0022 -0.7179 -0.6961
vn -0.0006 -0.7307 -0.6827
vn -0.0276 -0.7001 -0.7135
vn -0.5108 -0.6021 -0.6136
vn -0.5110 -0.6281 -0.5868
vn -0.6406 -0.5378 -0.5481
vn -0.5295 -0.5404 -0.6540
vn -0.5110 -0.5723 -0.6413
vn -0.6406 -0.4948 -0.5872
vn -0.5108 -0.5540 -0.6574
vn -0.6406 -0.4490 -0.6229
vn -0.7542 -0.4232 -0.5022
vn -0.7542 -0.3840 -0.5327
vn -0.7541 -0.3840 -0.5328
vn -0.7541 -0.3426 -0.5603
vn -0.8487 -0.3092 -0.4290
vn -0.8487 -0.2759 -0.4512
vn -0.7542 -0.3426 -0.5602
vn -0.7542 -0.2992 -0.5846
vn -0.8487 -0.2410 -0.4707
vn -0.8487 -0.2410 -0.4708
vn -0.6406 -0.4006 -0.6551
vn -0.5110 -0.4850 -0.7097
vn -0.5274 -0.4968 -0.6892
vn -0.5108 -0.4485 -0.7334
vn 0.0128 -0.5642 -0.8256
vn -0.0263 -0.5215 -0.8528
vn -0.0154 -0.5264 -0.8501
vn -0.0000 -0.8502 0.5265
vn -0.0000 -0.5578 -0.8300
vn -0.0128 -0.5642 -0.8256
vn 0.0188 -0.5216 -0.8530
vn 0.0323 -0.5262 -0.8498
vn -0.0000 -0.5006 -0.8657
vn -0.0000 0.8503 -0.5264
vn -0.0000 -0.5264 -0.8502
vn 0.5108 -0.4485 -0.7334
vn 0.5111 -0.4184 -0.7508
vn -0.0000 -0.4868 -0.8735
vn 0.5110 -0.4850 -0.7097
vn 0.5355 -0.5026 -0.6787
vn 0.0015 -0.5951 -0.8037
vn -0.0000 -0.5945 -0.8041
vn -0.0010 -0.6269 -0.7791
vn -0.0000 0.7791 -0.6268
vn -0.0000 -0.7792 0.6268
vn -0.0000 -0.6269 -0.7791
vn -0.0000 -0.6492 -0.7606
vn -0.0286 -0.6267 -0.7788
vn 0.0158 -0.6369 -0.7708
vn -0.0015 -0.5951 -0.8037
vn 0.0018 -0.6370 -0.7709
vn 0.5109 -0.5476 -0.6627
vn 0.5108 -0.5027 -0.6974
vn -0.5111 -0.4184 -0.7508
vn -0.5110 -0.5115 -0.6908
vn -0.9218 -0.2022 -0.3307
vn -0.9218 -0.1766 -0.3451
vn -0.9716 -0.1234 -0.2019
vn -0.9716 -0.1078 -0.2106
vn -0.9218 -0.2267 -0.3145
vn -0.9716 -0.1384 -0.1920
vn -0.9968 -0.0465 -0.0645
vn -0.9968 -0.0415 -0.0679
vn -0.9968 -0.0513 -0.0608
vn -0.9716 -0.1525 -0.1809
vn -0.9218 -0.2498 -0.2964
vn -0.9218 -0.2715 -0.2767
vn -0.9716 -0.1657 -0.1689
vn -0.8487 -0.3979 -0.3484
vn -0.8487 -0.3704 -0.3775
vn -0.9218 -0.2916 -0.2554
vn -0.7541 -0.4941 -0.4326
vn -0.7541 -0.4600 -0.4688
vn -0.8487 -0.3408 -0.4044
vn -0.7542 -0.4599 -0.4687
vn -0.6406 -0.5777 -0.5058
vn -0.6406 -0.5777 -0.5059
vn -0.5109 -0.6500 -0.5625
vn -0.5205 -0.6424 -0.5625
vn -0.5108 -0.6877 -0.5158
vn -0.0088 -0.7899 -0.6132
vn 0.0293 -0.7558 -0.6541
vn -0.5426 -0.6635 -0.5151
vn -0.0000 -0.8126 -0.5829
vn -0.5110 -0.6984 -0.5010
vn -0.0000 -0.7953 -0.6062
vn -0.0164 -0.8053 -0.5927
vn -0.0000 -0.6026 0.7980
vn -0.0000 -0.7980 -0.6026
vn -0.0000 -0.8054 -0.5928
vn -0.0000 -0.7899 -0.6132
vn 0.0151 -0.7952 -0.6061
vn 0.5110 -0.6790 -0.5271
vn 0.5109 -0.6500 -0.5625
vn -0.0293 -0.7558 -0.6541
vn 0.5110 -0.6984 -0.5010
vn 0.0044 -0.8125 -0.5829
vn 0.5290 -0.6789 -0.5091
vn 0.5133 -0.7236 -0.4615
vn 0.6406 -0.6474 -0.4129
vn 0.5108 -0.7242 -0.4632
vn 0.6406 -0.6143 -0.4607
vn 0.5111 -0.7410 -0.4356
vn -0.0000 -0.8621 -0.5068
vn -0.0000 -0.8424 -0.5388
vn 0.0958 -0.8556 -0.5087
vn -0.0012 -0.8680 -0.4966
vn -0.0000 0.5000 -0.8660
vn -0.0000 -0.8660 -0.5000
vn -0.0000 -0.5000 0.8660
vn -0.0104 -0.8424 -0.5388
vn 0.0321 -0.8332 -0.5521
vn -0.0000 -0.8596 -0.5110
vn -0.0000 -0.8336 -0.5524
vn -0.0321 -0.8332 -0.5521
vn 0.5108 -0.7577 -0.4062
vn 0.0245 -0.8811 -0.4723
vn 0.6406 -0.6768 -0.3628
vn -0.0000 0.6026 -0.7980
vn -0.0000 -0.7619 -0.6477
vn -0.5108 -0.7242 -0.4632
vn -0.9218 -0.2917 -0.2554
vn -0.9716 -0.1780 -0.1559
vn -0.9716 -0.1893 -0.1420
vn -0.9218 -0.3101 -0.2326
vn -0.9968 -0.0308 -0.0733
vn -0.9968 -0.0362 -0.0708
vn 0.5249 -0.5485 -0.6509
vn 0.5156 -0.3905 -0.7627
vn 0.8487 -0.2047 -0.4877
vn 0.9218 -0.1500 -0.3574
vn 0.9218 -0.1766 -0.3450
vn 0.9218 -0.1766 -0.3451
vn 0.9716 -0.0916 -0.2182
vn 0.9716 -0.1078 -0.2106
vn 0.9968 -0.0362 -0.0708
vn 0.9218 -0.1226 -0.3677
vn 0.8487 -0.1288 -0.5129
vn 0.8487 -0.1288 -0.5130
vn 0.8487 -0.1672 -0.5018
vn 0.9218 -0.0944 -0.3759
vn 0.8487 -0.0896 -0.5212
vn 0.9218 -0.0657 -0.3820
vn 0.9218 -0.0944 -0.3760
vn 0.8487 -0.0500 -0.5265
vn 0.7542 -0.0124 -0.6565
vn 0.8487 -0.0100 -0.5288
vn 0.7542 -0.0620 -0.6537
vn 0.7542 -0.0124 -0.6566
vn 0.6406 -0.0145 -0.7678
vn 0.6406 -0.0726 -0.7645
vn 0.5108 -0.0812 -0.8559
vn 0.5330 -0.0897 -0.8413
vn 0.5110 -0.0587 -0.8576
vn 0.5108 -0.0163 -0.8595
vn 0.0153 -0.0189 -0.9997
vn 0.5111 0.0196 -0.8593
vn -0.0000 0.0228 -0.9997
vn -0.0000 -0.0130 -0.9999
vn -0.0052 -0.0616 -0.9981
vn -0.0000 0.9981 -0.0614
vn -0.0000 -0.0615 -0.9981
vn -0.0000 -0.9981 0.0617
vn -0.0000 -0.0792 -0.9969
vn 0.0052 -0.0616 -0.9981
vn -0.0007 -0.0683 -0.9977
vn -0.0000 -0.1060 -0.9944
vn -0.5109 -0.0911 -0.8548
vn -0.5110 -0.0587 -0.8576
vn -0.5265 -0.0803 -0.8464
vn -0.6406 -0.0145 -0.7678
vn -0.5108 -0.0163 -0.8595
vn -0.6406 -0.0726 -0.7645
vn -0.6406 0.0436 -0.7667
vn -0.7542 0.0373 -0.6556
vn -0.7542 -0.0124 -0.6566
vn -0.8487 -0.0100 -0.5288
vn -0.8487 0.0300 -0.5280
vn -0.8487 0.0698 -0.5242
vn -0.9218 0.0220 -0.3870
vn -0.9218 0.0512 -0.3843
vn -0.9218 0.0512 -0.3842
vn -0.9218 0.0801 -0.3793
vn -0.9716 0.0313 -0.2346
vn -0.9716 0.0489 -0.2315
vn -0.9716 0.0663 -0.2271
vn -0.9968 0.0164 -0.0778
vn -0.9968 0.0223 -0.0764
vn -0.9968 0.0280 -0.0745
vn -0.9716 0.0833 -0.2215
vn -0.9716 0.0663 -0.2272
vn -0.9218 0.1364 -0.3629
vn -0.9218 0.1086 -0.3721
vn -0.8487 0.1093 -0.5174
vn -0.8487 0.1481 -0.5077
vn -0.7542 0.1357 -0.6425
vn -0.7541 0.1839 -0.6304
vn -0.7541 0.1357 -0.6425
vn -0.6406 0.1014 -0.7612
vn -0.7542 0.0867 -0.6509
vn -0.6406 0.1587 -0.7513
vn -0.5110 0.0977 -0.8540
vn -0.5109 0.0521 -0.8581
vn -0.5293 0.1121 -0.8410
vn -0.5176 0.0486 -0.8542
vn -0.0000 0.0227 -0.9997
vn -0.0000 0.0357 -0.9994
vn -0.5111 0.0196 -0.8593
vn -0.0190 0.0615 -0.9979
vn -0.0169 0.0606 -0.9980
vn -0.0000 0.1055 -0.9944
vn -0.0000 0.9981 0.0617
vn 0.0180 0.1136 -0.9934
vn -0.0000 -0.9981 -0.0614
vn -0.0000 0.0615 -0.9981
vn 0.0163 0.0616 -0.9980
vn 0.0183 0.0606 -0.9980
vn 0.5109 0.0521 -0.8581
vn 0.5108 0.1135 -0.8521
vn 0.5461 0.0952 -0.8323
vn -0.0180 0.1136 -0.9934
vn 0.6406 0.1014 -0.7612
vn 0.5110 0.1299 -0.8497
vn 0.5109 0.1750 -0.8417
vn 0.5166 0.1770 -0.8377
vn 0.6406 0.1587 -0.7513
vn 0.7542 0.0867 -0.6509
vn 0.6405 0.0436 -0.7667
vn 0.7542 0.0373 -0.6556
vn 0.8487 0.0699 -0.5242
vn 0.8487 0.0300 -0.5280
vn 0.7542 0.1357 -0.6425
vn 0.8487 0.1093 -0.5175
vn 0.8487 0.0699 -0.5243
vn 0.9218 0.0801 -0.3792
vn 0.9218 0.0512 -0.3842
vn 0.8487 0.1481 -0.5077
vn 0.7542 0.2311 -0.6147
vn 0.7542 0.1839 -0.6304
vn 0.8487 0.1861 -0.4950
vn 0.6406 0.2702 -0.7188
vn 0.6405 0.2702 -0.7188
vn 0.6406 0.2151 -0.7372
vn 0.5108 0.2408 -0.8253
vn 0.5111 0.2817 -0.8121
vn 0.5270 0.2990 -0.7955
vn 0.0013 0.3277 -0.9448
vn 0.5109 0.3123 -0.8009
vn -0.0234 0.3632 -0.9314
vn -0.0000 0.3291 -0.9443
vn -0.0000 0.3712 -0.9286
vn 0.0131 0.4123 -0.9110
vn -0.0000 -0.9085 -0.4180
vn 0.0036 0.4179 -0.9085
vn 0.5306 0.3495 -0.7722
vn 0.5111 0.3838 -0.7691
vn -0.0000 0.4465 -0.8948
vn -0.0000 0.4354 -0.9002
vn -0.5111 0.3838 -0.7691
vn -0.0048 0.4123 -0.9110
vn -0.5109 0.3545 -0.7832
vn -0.5254 0.3588 -0.7715
vn -0.6406 0.3238 -0.6963
vn -0.6406 0.3755 -0.6698
vn -0.5108 0.4204 -0.7499
vn -0.5110 0.4522 -0.7310
vn -0.5195 0.4730 -0.7116
vn -0.6406 0.4251 -0.6395
vn -0.7541 0.3636 -0.5469
vn -0.7541 0.4039 -0.5178
vn -0.6406 0.4723 -0.6055
vn -0.8487 0.3252 -0.4170
vn -0.8487 0.3558 -0.3912
vn -0.7541 0.4419 -0.4858
vn -0.8487 0.3559 -0.3912
vn -0.9218 0.2608 -0.2868
vn -0.9218 0.2818 -0.2662
vn -0.8487 0.3844 -0.3632
vn -0.9218 0.3011 -0.2442
vn -0.8487 0.4108 -0.3331
vn -0.7542 0.5101 -0.4136
vn -0.7542 0.4773 -0.4510
vn -0.6406 0.5167 -0.5681
vn -0.6406 0.5582 -0.5274
vn -0.7542 0.4419 -0.4858
vn -0.5111 0.6008 -0.6147
vn -0.5108 0.6249 -0.5904
vn -0.5144 0.5770 -0.6344
vn -0.0000 0.6693 -0.7430
vn 0.0092 0.6714 -0.7410
vn -0.5109 0.5772 -0.6370
vn -0.0000 0.7019 -0.7123
vn 0.0020 0.6989 -0.7152
vn -0.0068 0.7179 -0.6961
vn -0.0000 -0.6962 -0.7179
vn -0.0000 0.7179 -0.6962
vn -0.0000 0.6962 0.7179
vn -0.0000 0.7410 -0.6715
vn 0.0464 0.7171 -0.6954
vn 0.5108 0.6249 -0.5904
vn 0.5111 0.6543 -0.5575
vn -0.0000 0.7612 -0.6486
vn 0.0111 0.7268 -0.6867
vn 0.5111 0.6007 -0.6147
vn -0.0020 0.6989 -0.7152
vn 0.5144 0.5770 -0.6344
vn 0.6406 0.5167 -0.5681
vn 0.6406 0.5582 -0.5274
vn 0.6406 0.4723 -0.6055
vn 0.7541 0.4419 -0.4858
vn 0.7542 0.4039 -0.5178
vn 0.7541 0.4039 -0.5178
vn 0.7542 0.3635 -0.5469
vn 0.8487 0.2928 -0.4405
vn 0.8487 0.3253 -0.4170
vn 0.8487 0.2928 -0.4404
vn 0.7542 0.4419 -0.4858
vn 0.8487 0.3559 -0.3912
vn 0.9218 0.2608 -0.2867
vn 0.9218 0.2384 -0.3057
vn 0.9218 0.2384 -0.3056
vn 0.8487 0.3844 -0.3632
vn 0.9218 0.2818 -0.2662
vn 0.9218 0.2608 -0.2868
vn 0.7542 0.5101 -0.4136
vn 0.7542 0.4773 -0.4510
vn 0.8487 0.4108 -0.3331
vn 0.7542 0.5399 -0.3738
vn 0.8487 0.4348 -0.3011
vn 0.9218 0.3187 -0.2207
vn 0.9218 0.3011 -0.2441
vn 0.8487 0.4563 -0.2673
vn 0.8487 0.4564 -0.2673
vn 0.9218 0.3345 -0.1959
vn 0.8487 0.4752 -0.2320
vn 0.9218 0.3483 -0.1701
vn 0.8487 0.4915 -0.1955
vn 0.8487 0.4914 -0.1954
vn 0.7542 0.6102 -0.2427
vn 0.8487 0.5048 -0.1577
vn 0.7542 0.6268 -0.1958
vn 0.7542 0.6398 -0.1479
vn 0.8487 0.5153 -0.1191
vn 0.7542 0.6492 -0.0990
vn 0.7542 0.6492 -0.0991
vn 0.8487 0.5228 -0.0798
vn 0.7542 0.6548 -0.0497
vn 0.8487 0.5274 -0.0400
vn 0.8487 0.5229 -0.0798
vn 0.9218 0.3832 -0.0585
vn 0.9218 0.3865 -0.0293
vn 0.8487 0.5289 -0.0000
vn 0.9218 0.3876 -0.0000
vn 0.8487 0.5274 0.0400
vn 0.9218 0.3865 0.0293
vn 0.8487 0.5228 0.0798
vn 0.8487 0.5229 0.0798
vn 0.9218 0.3832 0.0585
vn 0.8487 0.5153 0.1191
vn 0.7542 0.6398 0.1479
vn 0.8487 0.5048 0.1577
vn 0.7542 0.6268 0.1958
vn 0.7542 0.6102 0.2427
vn 0.8487 0.4915 0.1954
vn 0.7541 0.5901 0.2881
vn 0.7542 0.5901 0.2881
vn 0.8487 0.4752 0.2320
vn 0.8487 0.4914 0.1954
vn 0.7542 0.5666 0.3319
vn 0.7541 0.5667 0.3319
vn 0.8487 0.4563 0.2673
vn 0.9218 0.3483 0.1701
vn 0.9218 0.3345 0.1959
vn 0.8487 0.4564 0.2673
vn 0.8487 0.4348 0.3011
vn 0.9218 0.3187 0.2207
vn 0.8487 0.4108 0.3331
vn 0.9218 0.3011 0.2441
vn 0.8487 0.3844 0.3632
vn 0.9218 0.2818 0.2662
vn 0.7542 0.5101 0.4136
vn 0.7542 0.5399 0.3738
vn 0.6406 0.6313 0.4371
vn 0.6406 0.5965 0.4836
vn 0.5242 0.7001 0.4848
vn 0.5110 0.7023 0.4957
vn 0.5108 0.6678 0.5414
vn 0.5107 0.7418 0.4345
vn 0.6406 0.6626 0.3881
vn 0.5110 0.7206 0.4687
vn 0.5108 0.7418 0.4345
vn -0.0010 0.8628 0.5055
vn -0.0000 0.8383 0.5452
vn 0.0004 0.8380 0.5456
vn -0.0000 0.8627 0.5057
vn -0.0000 0.5524 -0.8336
vn -0.0000 0.8336 0.5524
vn -0.0000 -0.5524 0.8336
vn -0.0000 0.8123 0.5832
vn -0.0000 0.8288 0.5595
vn -0.0136 0.8169 0.5766
vn -0.0000 0.7853 0.6191
vn -0.5282 0.6938 0.4896
vn -0.0000 0.7852 0.6193
vn -0.5110 0.6749 0.5323
vn -0.5108 0.7068 0.4894
vn -0.0446 0.7702 0.6362
vn -0.0000 0.6506 -0.7594
vn -0.0000 0.7594 0.6506
vn 1.0000 -0.0000 0.0001
vn -0.0000 -0.6506 0.7594
vn -0.0000 0.7248 0.6889
vn -0.0084 0.7269 0.6867
vn 0.0033 0.7592 0.6509
vn -0.5108 0.6249 0.5904
vn -0.0000 0.7612 0.6486
vn -0.5110 0.6543 0.5575
vn -0.5111 0.6009 0.6146
vn -0.5144 0.5770 0.6344
vn -0.6406 0.5582 0.5274
vn -0.6406 0.5167 0.5681
vn -0.6406 0.5167 0.5680
vn -0.6406 0.5582 0.5273
vn -0.7542 0.4773 0.4510
vn -0.7541 0.4419 0.4858
vn -0.7542 0.4419 0.4858
vn -0.8487 0.3558 0.3912
vn -0.8487 0.3559 0.3912
vn -0.8487 0.3844 0.3632
vn -0.9218 0.2608 0.2868
vn -0.9218 0.2818 0.2662
vn -0.8487 0.4108 0.3331
vn -0.9218 0.3011 0.2441
vn -0.9716 0.1838 0.1490
vn -0.9716 0.1720 0.1625
vn -0.9968 0.0578 0.0546
vn -0.9968 0.0535 0.0588
vn -0.9716 0.1592 0.1750
vn -0.9968 0.0489 0.0627
vn -0.9716 0.1455 0.1866
vn -0.9968 0.0440 0.0662
vn -0.9716 0.1310 0.1971
vn -0.9968 0.0389 0.0694
vn -0.3413 -0.5256 -0.7793
vn -0.3413 -0.4121 -0.8448
vn -0.3413 -0.2905 -0.8940
vn -0.3413 -0.4120 -0.8448
vn -0.9968 0.0280 0.0745
vn -0.9968 0.0223 0.0764
vn -0.9968 0.0164 0.0778
vn -0.9968 0.0105 0.0788
vn -0.3413 -0.0328 -0.9394
vn -0.3413 -0.1632 -0.9257
vn -0.3413 0.0982 -0.9348
vn -0.9968 0.0335 0.0721
vn -0.9716 0.0998 0.2146
vn -0.9716 0.1157 0.2064
vn -0.9218 0.2146 0.3228
vn -0.9218 0.2384 0.3057
vn -0.8487 0.3252 0.4170
vn -0.3413 -0.6290 -0.6985
vn -0.3413 -0.6289 -0.6985
vn -0.3413 -0.7201 -0.6042
vn -0.3413 -0.7971 -0.4981
vn -0.9968 0.0654 0.0453
vn -0.9968 0.0686 0.0402
vn -0.9716 0.2126 0.1038
vn -0.9716 0.2042 0.1196
vn -0.9968 0.0715 0.0349
vn -0.9716 0.2199 0.0874
vn -0.9218 0.3602 0.1432
vn -0.9218 0.3602 0.1433
vn -0.9218 0.3484 0.1701
vn -0.8487 0.4914 0.1954
vn -0.8487 0.4752 0.2320
vn -0.9218 0.3345 0.1959
vn -0.8487 0.4563 0.2673
vn -0.7542 0.5901 0.2881
vn -0.7541 0.5901 0.2881
vn -0.7541 0.5667 0.3320
vn -0.8487 0.4348 0.3011
vn -0.8487 0.4348 0.3010
vn -0.7542 0.5399 0.3738
vn -0.7542 0.5666 0.3319
vn -0.7541 0.5399 0.3738
vn -0.6406 0.6313 0.4371
vn -0.6406 0.6626 0.3881
vn -0.5213 0.7668 0.3744
vn -0.6406 0.6900 0.3369
vn -0.5111 0.7601 0.4013
vn -0.5108 0.7418 0.4345
vn -0.0000 0.8843 0.4668
vn -0.0000 0.8890 0.4579
vn -0.0000 0.8889 0.4581
vn -0.0005 0.9014 0.4330
vn -0.5109 0.7749 0.3722
vn 0.5109 0.7749 0.3722
vn 0.5213 0.7668 0.3744
vn 0.0198 0.9012 0.4329
vn 0.5111 0.7601 0.4013
vn 0.0003 0.8952 0.4457
vn -0.0000 0.9086 0.4176
vn -0.0000 0.4457 -0.8952
vn -0.0000 0.8952 0.4458
vn -0.0000 -0.4457 0.8952
vn -0.0363 0.8946 0.4455
vn 0.5110 0.7935 0.3305
vn -0.0000 0.9231 0.3844
vn -0.0000 0.9345 0.3560
vn -0.0051 0.9371 0.3491
vn -0.5110 0.8055 0.3001
vn -0.5415 0.7761 0.3232
vn -0.6406 0.7135 0.2838
vn -0.5108 0.7988 0.3177
vn -0.5121 0.8199 0.2561
vn -0.6406 0.7329 0.2290
vn -0.6406 0.7135 0.2837
vn -0.5108 0.8204 0.2569
vn -0.0000 0.9647 0.2635
vn -0.5111 0.8291 0.2264
vn -0.0000 0.9571 0.2899
vn 0.0268 0.9540 0.2987
vn -0.0998 0.9385 0.3307
vn -0.0000 0.3324 -0.9432
vn -0.0000 0.9431 0.3324
vn -0.0000 -0.3324 0.9431
vn -0.0056 0.9431 0.3323
vn 0.0209 0.9541 0.2987
vn 0.5108 0.8204 0.2569
vn 0.5110 0.8055 0.3001
vn 0.0051 0.9371 0.3491
vn 0.5121 0.8199 0.2561
vn 0.6405 0.7330 0.2290
vn 0.5289 0.7886 0.3136
vn 0.6406 0.7135 0.2838
vn 0.6406 0.7329 0.2290
vn 0.5109 0.8376 0.1936
vn 0.6406 0.7482 0.1729
vn 0.5111 0.8291 0.2265
vn 0.6405 0.7482 0.1729
vn 0.6406 0.7591 0.1158
vn 0.7542 0.6492 0.0990
vn 0.6406 0.7657 0.0581
vn 0.7542 0.6548 0.0497
vn 0.6405 0.7679 -0.0000
vn 0.7542 0.6566 -0.0000
vn 0.6405 0.7657 0.0581
vn 0.5109 0.8597 -0.0000
vn 0.5111 0.8586 0.0392
vn 0.5229 0.8500 0.0645
vn -0.0000 0.9990 0.0456
vn 0.5109 0.8566 0.0716
vn 0.0171 0.9964 0.0833
vn -0.0000 0.9979 0.0644
vn -0.0252 0.9954 0.0922
vn -0.0000 0.0923 -0.9957
vn -0.0000 0.9957 0.0922
vn -0.0000 0.9910 0.1340
vn -0.0045 0.9907 0.1362
vn -0.0000 -0.0923 0.9957
vn 0.0034 0.9957 0.0922
vn 0.0045 0.9907 0.1362
vn -0.0000 0.9840 0.1783
vn -0.5110 0.8516 0.1171
vn 0.0075 0.9848 0.1736
vn -0.5110 0.8465 0.1493
vn -0.5284 0.8393 0.1281
vn -0.5108 0.8376 0.1936
vn -0.6406 0.7482 0.1729
vn -0.6406 0.7591 0.1158
vn -0.7542 0.6398 0.1479
vn -0.7542 0.6268 0.1958
vn -0.6406 0.7330 0.2290
vn -0.7541 0.6398 0.1479
vn -0.8487 0.5048 0.1577
vn -0.8487 0.5153 0.1191
vn -0.9218 0.3777 0.0873
vn -0.9218 0.3700 0.1156
vn -0.8487 0.5228 0.0798
vn -0.9218 0.3832 0.0585
vn -0.8487 0.5274 0.0400
vn -0.9218 0.3865 0.0293
vn -0.7542 0.6567 -0.0000
vn -0.8487 0.5289 -0.0000
vn -0.7542 0.6548 0.0497
vn -0.6406 0.7657 0.0581
vn -0.6406 0.7679 -0.0000
vn -0.5111 0.8586 0.0392
vn -0.5229 0.8500 0.0645
vn -0.5109 0.8597 -0.0000
vn -0.0248 0.9997 -0.0000
vn 0.0047 0.9995 -0.0308
vn -0.0011 0.9990 -0.0457
vn -0.5111 0.8586 -0.0392
vn -0.0000 0.9955 -0.0951
vn -0.0000 0.9987 -0.0505
vn 0.0402 0.9957 -0.0832
vn -0.5109 0.8566 -0.0716
vn -0.5229 0.8500 -0.0645
vn -0.5108 0.8498 -0.1297
vn -0.6406 0.7591 -0.1158
vn -0.6406 0.7657 -0.0581
vn -0.7542 0.6548 -0.0497
vn -0.7542 0.6492 -0.0991
vn -0.7541 0.6492 -0.0990
vn -0.7541 0.6399 -0.1479
vn -0.6406 0.7482 -0.1729
vn -0.5109 0.8376 -0.1936
vn -0.5111 0.8291 -0.2265
vn -0.6406 0.7330 -0.2290
vn -0.5121 0.8199 -0.2561
vn -0.5108 0.8204 -0.2569
vn -0.5110 0.8055 -0.3001
vn -0.5289 0.7886 -0.3136
vn -0.6406 0.7135 -0.2838
vn -0.6406 0.7329 -0.2290
vn -0.7542 0.6102 -0.2427
vn -0.7542 0.6268 -0.1958
vn -0.8487 0.5048 -0.1577
vn -0.8487 0.5153 -0.1191
vn -0.7542 0.6398 -0.1479
vn -0.9218 0.3700 -0.1156
vn -0.9218 0.3777 -0.0873
vn -0.9716 0.2339 -0.0357
vn -0.9218 0.3832 -0.0585
vn -0.9716 0.2305 -0.0533
vn -0.9968 0.0786 -0.0120
vn -0.9968 0.0775 -0.0179
vn -0.9716 0.2258 -0.0706
vn -0.9968 0.0759 -0.0237
vn -0.9716 0.2199 -0.0874
vn -0.9968 0.0739 -0.0294
vn -0.9716 0.2126 -0.1038
vn -0.9968 0.0715 -0.0349
vn -0.3413 -0.7971 0.4981
vn -0.3413 -0.8587 0.3823
vn -0.9968 0.0654 -0.0453
vn -0.9968 0.0686 -0.0402
vn -0.9968 0.0618 -0.0501
vn -0.9716 0.1838 -0.1490
vn -0.9716 0.1945 -0.1347
vn -0.9968 0.0578 -0.0546
vn -0.9716 0.1720 -0.1625
vn -0.9716 0.1592 -0.1750
vn -0.9968 0.0535 -0.0588
vn -0.9716 0.1455 -0.1866
vn -0.9968 0.0489 -0.0627
vn -0.9716 0.1310 -0.1970
vn -0.9968 0.0440 -0.0662
vn -0.3413 -0.4121 0.8448
vn -0.3413 -0.5256 0.7793
vn -0.3413 -0.4120 0.8448
vn -0.9968 0.0335 -0.0721
vn -0.9968 0.0389 -0.0694
vn -0.9716 0.0998 -0.2146
vn -0.9716 0.1157 -0.2064
vn -0.9218 0.1635 -0.3515
vn -0.9218 0.1896 -0.3381
vn -0.8487 0.2230 -0.4795
vn -0.8487 0.2586 -0.4613
vn -0.9218 0.2146 -0.3228
vn -0.8487 0.2928 -0.4404
vn -0.9218 0.2384 -0.3057
vn -0.7541 0.3212 -0.5728
vn -0.7541 0.2769 -0.5955
vn -0.7541 0.2311 -0.6147
vn -0.6406 0.2702 -0.7188
vn -0.5108 0.3025 -0.8047
vn -0.5343 0.3071 -0.7876
vn -0.5111 0.2817 -0.8121
vn -0.6406 0.2151 -0.7372
vn -0.5108 0.2408 -0.8253
vn -0.5111 0.2066 -0.8343
vn -0.5166 0.1770 -0.8377
vn -0.0000 0.2188 -0.9758
vn -0.0000 0.2404 -0.9707
vn -0.0240 0.2035 -0.9788
vn -0.5109 0.1750 -0.8417
vn 0.0549 0.1835 -0.9815
vn -0.0000 0.9830 0.1837
vn -0.0000 -0.9830 -0.1838
vn -0.0000 0.1837 -0.9830
vn -0.0000 0.1500 -0.9887
vn 0.0014 0.1837 -0.9830
vn -0.0016 0.1511 -0.9885
vn 0.0016 0.1511 -0.9885
vn -0.0033 0.2035 -0.9791
vn -0.5110 0.1299 -0.8497
vn 0.5111 0.2066 -0.8343
vn 0.0278 0.2800 -0.9596
vn -0.0000 0.2654 -0.9641
vn -0.0000 -0.9529 -0.3032
vn -0.0019 0.3032 -0.9529
vn -0.0715 0.3024 -0.9505
vn -0.0000 0.3032 -0.9529
vn -0.0000 0.9529 0.3032
vn -0.0000 0.3292 -0.9443
vn -0.0013 0.3277 -0.9448
vn 0.0048 0.2801 -0.9600
vn -0.7542 0.2311 -0.6147
vn -0.8487 0.1861 -0.4950
vn -0.3413 -0.2905 0.8940
vn -0.3413 -0.1632 0.9257
vn -0.9968 0.0105 -0.0788
vn -0.9968 0.0105 -0.0789
vn -0.9968 0.0045 -0.0794
vn -0.9716 -0.0045 -0.2366
vn -0.9968 -0.0015 -0.0795
vn -0.9716 0.0134 -0.2362
vn -0.9218 -0.0073 -0.3876
vn -0.8487 -0.0500 -0.5265
vn -0.9218 -0.0366 -0.3859
vn -0.8487 -0.0100 -0.5287
vn -0.9716 -0.0224 -0.2356
vn -0.9968 -0.0075 -0.0792
vn -0.9716 -0.0401 -0.2332
vn -0.9218 -0.0657 -0.3820
vn -0.3413 0.0982 0.9348
vn -0.3413 -0.0328 0.9394
vn -0.3413 0.0983 0.9348
vn -0.9716 0.0313 -0.2345
vn -0.3413 -0.6290 0.6985
vn -0.3413 -0.7201 0.6042
vn -0.9716 0.2042 -0.1196
vn -0.9218 0.3345 -0.1959
vn -0.9218 0.3187 -0.2207
vn -0.8487 0.4348 -0.3011
vn -0.8487 0.4563 -0.2673
vn -0.9218 0.3484 -0.1701
vn -0.8487 0.4752 -0.2320
vn -0.8487 0.4914 -0.1954
vn -0.9218 0.3602 -0.1433
vn -0.7542 0.5901 -0.2881
vn -0.7541 0.5902 -0.2881
vn -0.6406 0.6626 -0.3881
vn -0.6406 0.6900 -0.3369
vn -0.7541 0.5667 -0.3319
vn -0.6406 0.6313 -0.4371
vn -0.7542 0.5399 -0.3738
vn -0.7542 0.5666 -0.3319
vn -0.6406 0.5965 -0.4836
vn -0.5110 0.7023 -0.4957
vn -0.5109 0.6678 -0.5414
vn -0.5243 0.7001 -0.4848
vn -0.0000 0.8209 -0.5711
vn -0.0119 0.8170 -0.5766
vn -0.0000 0.8383 -0.5452
vn -0.5110 0.7206 -0.4687
vn -0.0182 0.8627 -0.5054
vn -0.0336 0.8655 -0.4997
vn -0.5108 0.7418 -0.4345
vn -0.0000 0.8504 -0.5262
vn -0.0000 -0.5000 -0.8660
vn 0.0267 0.8625 -0.5053
vn 0.0144 0.8659 -0.5000
vn -0.0000 0.8660 -0.5000
vn -0.0000 0.5000 0.8660
vn -0.0082 0.8843 -0.4668
vn -0.0000 0.8809 -0.4733
vn 0.5111 0.7601 -0.4013
vn 0.5213 0.7668 -0.3744
vn 0.5109 0.7749 -0.3722
vn 0.0010 0.9014 -0.4330
vn -0.0000 0.9012 -0.4333
vn 0.0005 0.9209 -0.3898
vn -0.0010 0.9014 -0.4330
vn -0.0000 -0.3897 -0.9209
vn -0.0000 0.9209 -0.3897
vn -0.0000 0.9293 -0.3693
vn -0.0000 0.3899 0.9209
vn 0.0072 0.9231 -0.3844
vn -0.0005 0.9209 -0.3898
vn 0.5415 0.7761 -0.3232
vn 0.5110 0.8055 -0.3001
vn -0.0000 0.9371 -0.3491
vn 0.5108 0.8204 -0.2569
vn 0.0261 0.9540 -0.2987
vn -0.0000 0.9501 -0.3120
vn -0.0000 0.9610 -0.2764
vn -0.0000 -0.2736 -0.9618
vn -0.0000 0.9618 -0.2737
vn -0.0000 0.2736 0.9618
vn 0.1098 0.9597 -0.2588
vn -0.0266 0.9765 -0.2139
vn -0.0000 0.9768 -0.2139
vn 0.5109 0.8376 -0.1936
vn 0.5108 0.8376 -0.1936
vn -0.0021 0.9743 -0.2251
vn 0.5110 0.8465 -0.1493
vn 0.0040 0.9848 -0.1736
vn 0.5284 0.8393 -0.1281
vn 0.5110 0.8516 -0.1171
vn -0.0000 0.9907 -0.1362
vn -0.0000 0.9863 -0.1647
vn 0.0219 0.9888 -0.1479
vn -0.0000 -0.1535 -0.9882
vn -0.0000 0.9882 -0.1534
vn -0.0000 -0.1534 -0.9882
vn 0.0266 0.9765 -0.2139
vn -0.0108 0.9863 -0.1647
vn -0.0000 0.9848 -0.1736
vn -0.0000 0.9890 -0.1479
vn -0.5111 0.8465 -0.1493
vn -0.0107 0.9906 -0.1362
vn -0.5391 0.8344 -0.1147
vn -0.0064 0.9743 -0.2251
vn -0.5108 0.8376 -0.1936
vn -0.0000 0.1534 0.9882
vn -0.0402 0.9957 -0.0832
vn 0.5110 0.8566 -0.0716
vn 0.6406 0.7591 -0.1158
vn 0.5229 0.8500 -0.0645
vn 0.6406 0.7657 -0.0581
vn 0.6405 0.7482 -0.1729
vn 0.6406 0.7482 -0.1729
vn 0.5111 0.8291 -0.2264
vn -0.0000 0.9647 -0.2635
vn 0.5121 0.8199 -0.2561
vn 0.6405 0.7330 -0.2290
vn 0.6406 0.7330 -0.2290
vn 0.0002 0.9655 -0.2603
vn -0.0699 0.9587 -0.2757
vn -0.0000 0.9543 -0.2988
vn 0.5108 0.7988 -0.3177
vn 0.6406 0.7136 -0.2838
vn 0.6406 0.7135 -0.2838
vn 0.6406 0.6901 -0.3369
vn 0.7541 0.5901 -0.2881
vn 0.7542 0.5901 -0.2881
vn 0.6406 0.6900 -0.3369
vn 0.6406 0.6626 -0.3881
vn 0.7542 0.5666 -0.3319
vn 0.7541 0.5666 -0.3320
vn -0.0072 0.9231 -0.3844
vn -0.5110 0.7935 -0.3305
vn -0.5109 0.7749 -0.3722
vn 0.5108 0.7418 -0.4345
vn 0.5109 0.7068 -0.4894
vn 0.6405 0.6313 -0.4372
vn 0.5282 0.6937 -0.4896
vn 0.5110 0.7206 -0.4687
vn 0.5108 0.7418 -0.4346
vn 0.6406 0.6313 -0.4371
vn 0.5110 0.6749 -0.5323
vn 0.0116 0.7851 -0.6193
vn 0.0119 0.8170 -0.5766
vn -0.0055 0.7980 -0.6026
vn -0.0000 0.7789 -0.6271
vn -0.0000 -0.6026 -0.7980
vn -0.0000 0.7980 -0.6026
vn -0.0000 0.6026 0.7980
vn -0.0358 0.7975 -0.6023
vn -0.5111 0.6543 -0.5575
vn 0.0168 0.7850 -0.6192
vn -0.5367 0.6625 -0.5226
vn 0.5278 0.6598 -0.5349
vn 0.6406 0.5965 -0.4836
vn 0.6405 0.5965 -0.4836
vn 0.0082 0.8843 -0.4668
vn -0.5111 0.7601 -0.4013
vn -0.5213 0.7668 -0.3744
vn -0.3413 -0.9035 0.2591
vn -0.3413 -0.9308 0.1308
vn -0.3413 -0.9400 -0.0000
vn -0.3413 -0.9308 -0.1308
vn -0.9968 0.0793 0.0060
vn -0.9968 0.0786 0.0120
vn -0.9968 0.0775 0.0179
vn -0.9968 0.0759 0.0237
vn -0.3413 -0.9035 -0.2591
vn -0.3413 -0.8587 -0.3823
vn -0.3413 -0.9036 -0.2591
vn -0.9968 0.0739 0.0294
vn -0.9716 0.2258 0.0706
vn -0.9716 0.2305 0.0533
vn -0.9716 0.2339 0.0357
vn -0.9716 0.2359 0.0179
vn -0.9716 0.2366 -0.0000
vn -0.9218 0.3877 -0.0000
vn -0.9218 0.3866 0.0293
vn -0.8487 0.5274 -0.0400
vn -0.9218 0.3866 -0.0293
vn -0.9218 0.3865 -0.0293
vn -0.8487 0.5228 -0.0798
vn -0.9716 0.2359 -0.0179
vn -0.9968 0.0793 -0.0060
vn -0.9968 0.0795 -0.0000
vn 0.5111 0.8586 -0.0392
vn 0.0011 0.9990 -0.0457
vn -0.0167 0.9999 -0.0000
vn 0.0888 0.9956 -0.0307
vn -0.0000 -0.0307 -0.9995
vn -0.0000 0.9995 -0.0308
vn -0.0000 0.0308 0.9995
vn -0.0000 0.9999 0.0119
vn -0.7542 0.6492 0.0990
vn -0.7541 0.6492 0.0991
vn -0.5109 0.8566 0.0716
vn -0.0084 0.9768 0.2139
vn -0.0283 0.9739 0.2251
vn -0.0000 0.9692 0.2461
vn -0.0000 -0.2139 0.9769
vn -0.0000 0.2139 -0.9768
vn -0.0000 0.9769 0.2139
vn -0.0075 0.9848 0.1736
vn 0.0433 0.9759 0.2138
vn 0.0128 0.9742 0.2251
vn 0.5111 0.8465 0.1493
vn 0.5108 0.8376 0.1936
vn -0.0050 0.9965 0.0833
vn 0.5391 0.8344 0.1147
vn 0.5109 0.8498 0.1297
vn 0.6405 0.7657 -0.0581
vn -0.7542 0.6102 0.2427
vn -0.7541 0.6102 0.2427
vn 0.6406 0.6901 0.3369
vn 0.6406 0.7136 0.2838
vn -0.7542 0.5101 0.4136
vn -0.6406 0.5965 0.4836
vn -0.9218 0.3187 0.2207
vn -0.9716 0.1945 0.1347
vn -0.9968 0.0618 0.0501
vn -0.5278 0.6598 0.5349
vn -0.0033 0.7592 0.6509
vn 0.0084 0.7269 0.6867
vn 0.5110 0.6543 0.5575
vn 0.5366 0.6625 0.5226
vn 0.0005 0.7852 0.6193
vn -0.0000 0.7711 0.6368
vn -0.5108 0.7418 0.4346
vn -0.5110 0.7206 0.4687
vn -0.0004 0.8380 0.5456
vn 0.0010 0.8628 0.5055
vn 0.0482 0.8278 0.5589
vn -0.0000 0.8170 0.5766
vn 0.6406 0.6900 0.3369
vn 0.6406 0.4251 -0.6395
vn 0.6406 0.3755 -0.6698
vn 0.7542 0.3212 -0.5728
vn 0.6406 0.3238 -0.6963
vn 0.7542 0.2769 -0.5955
vn 0.5108 0.4204 -0.7499
vn 0.5110 0.4522 -0.7310
vn 0.5195 0.4730 -0.7116
vn -0.0000 0.5260 -0.8505
vn 0.5109 0.4796 -0.7135
vn -0.0000 0.5579 -0.8299
vn -0.0023 0.5213 -0.8534
vn 0.0703 0.5342 -0.8425
vn -0.0390 0.5773 -0.8156
vn -0.0000 0.5778 -0.8162
vn -0.0000 0.8502 0.5265
vn -0.0000 0.5264 -0.8502
vn -0.1111 0.5181 -0.8481
vn -0.0000 0.4842 -0.8750
vn -0.0000 -0.8503 -0.5264
vn -0.0000 0.5355 -0.8445
vn 0.0178 0.4890 -0.8721
vn 0.0390 0.5773 -0.8156
vn -0.0130 0.5578 -0.8299
vn -0.0299 0.6153 -0.7877
vn -0.0000 0.6012 -0.7991
vn -0.5109 0.4796 -0.7135
vn -0.5110 0.5168 -0.6869
vn -0.0000 0.6311 -0.7757
vn -0.5111 0.5424 -0.6668
vn -0.5292 0.5218 -0.6691
vn -0.0041 0.6288 -0.7776
vn -0.0000 0.6269 -0.7791
vn -0.0000 -0.7792 -0.6268
vn 0.0041 0.6288 -0.7776
vn -0.0000 0.6156 -0.7881
vn 0.5111 0.5424 -0.6668
vn 0.5109 0.5772 -0.6370
vn -0.0092 0.6714 -0.7410
vn 0.5438 0.5045 -0.6706
vn 0.0035 0.6012 -0.7991
vn -0.0000 0.7792 0.6268
vn 0.0146 0.4890 -0.8722
vn 0.5108 0.5287 -0.6779
vn -0.0286 0.7266 -0.6865
vn -0.6406 0.4722 -0.6055
vn 0.0234 0.3632 -0.9314
vn -0.0173 0.4179 -0.9083
vn -0.0000 0.9085 0.4180
vn -0.0000 0.4180 -0.9085
vn 0.5108 0.3625 -0.7795
vn 0.5176 0.0486 -0.8542
vn -0.8487 0.0699 -0.5242
vn -0.7542 -0.0620 -0.6538
vn -0.5108 -0.1457 -0.8473
vn -0.0000 -0.1497 -0.9887
vn -0.0131 -0.1587 -0.9872
vn -0.5319 -0.1344 -0.8361
vn -0.0000 -0.1763 -0.9843
vn -0.0000 -0.1960 -0.9806
vn -0.5111 -0.1684 -0.8429
vn -0.0029 -0.1927 -0.9813
vn -0.0000 -0.9830 0.1837
vn -0.0000 -0.1838 -0.9830
vn -0.0000 -0.1837 -0.9830
vn 0.0386 -0.1762 -0.9836
vn -0.0000 0.9830 -0.1838
vn -0.0000 -0.1927 -0.9813
vn -0.0000 -0.1587 -0.9873
vn 0.5111 -0.1685 -0.8429
vn 0.0020 -0.1960 -0.9806
vn 0.5260 -0.1442 -0.8382
vn 0.5109 -0.1365 -0.8487
vn 0.5108 -0.2094 -0.8338
vn 0.6406 -0.1870 -0.7448
vn 0.6406 -0.1302 -0.7568
vn 0.7542 -0.1599 -0.6369
vn 0.7542 -0.2076 -0.6230
vn 0.7542 -0.1113 -0.6472
vn -0.0123 -0.2435 -0.9698
vn -0.0111 -0.2439 -0.9697
vn 0.0014 -0.2880 -0.9576
vn -0.0000 -0.2439 -0.9698
vn -0.0000 0.9530 -0.3031
vn -0.0000 -0.3031 -0.9529
vn -0.0000 -0.9529 0.3032
vn 0.0123 -0.2435 -0.9698
vn 0.0111 -0.2439 -0.9697
vn -0.0014 -0.2879 -0.9577
vn -0.0000 -0.3039 -0.9527
vn 0.5111 -0.2444 -0.8241
vn -0.0153 -0.0189 -0.9997
vn 0.0007 -0.0683 -0.9977
vn 0.0223 -0.3204 -0.9470
vn 0.5109 -0.3898 -0.7662
vn -0.7542 -0.2542 -0.6055
vn -0.9716 -0.1893 -0.1419
vn -0.9716 -0.1995 -0.1272
vn -0.9968 -0.0701 -0.0376
vn -0.9968 -0.0790 -0.0090
vn -0.9968 -0.0795 -0.0030
vn -0.9716 -0.2364 -0.0090
vn -0.9716 -0.2365 -0.0090
vn -0.9716 -0.2365 0.0090
vn -0.9218 -0.3874 0.0147
vn -0.8487 -0.5254 0.0599
vn -0.8487 -0.5255 0.0599
vn -0.9218 -0.3852 0.0439
vn -0.8487 -0.5194 0.0995
vn -0.9218 -0.3807 0.0729
vn -0.9218 -0.3851 0.0439
vn -0.7541 -0.6338 0.1720
vn -0.8487 -0.5104 0.1385
vn -0.7541 -0.6450 0.1235
vn -0.6406 -0.7411 0.2011
vn -0.6406 -0.7541 0.1445
vn -0.7542 -0.6450 0.1236
vn -0.5110 -0.8183 0.2631
vn -0.5236 -0.8030 0.2846
vn -0.5108 -0.8297 0.2251
vn -0.6406 -0.7238 0.2565
vn -0.5109 -0.8078 0.2939
vn -0.6406 -0.7023 0.3105
vn -0.5108 -0.7863 0.3477
vn -0.0029 -0.9397 0.3419
vn 0.0325 -0.9197 0.3913
vn -0.0262 -0.9428 0.3322
vn -0.5378 -0.7758 0.3301
vn -0.0000 -0.9490 0.3153
vn -0.0000 -0.3324 -0.9432
vn -0.0000 0.3324 0.9431
vn -0.0000 -0.9431 0.3324
vn -0.0000 -0.9246 0.3809
vn 0.0019 -0.9432 0.3323
vn -0.0325 -0.9197 0.3913
vn 0.0167 -0.9396 0.3419
vn 0.5109 -0.8078 0.2939
vn 0.5236 -0.8030 0.2847
vn 0.5110 -0.8183 0.2631
vn -0.0000 -0.9520 0.3061
vn 0.5108 -0.8297 0.2251
vn 0.0074 -0.9651 0.2619
vn -0.0000 -0.9644 0.2644
vn -0.0016 -0.9753 0.2208
vn -0.0000 0.2139 0.9769
vn -0.0000 -0.9769 0.2139
vn -0.0000 -0.2139 -0.9768
vn 0.0016 -0.9753 0.2208
vn -0.0000 -0.9788 0.2047
vn -0.0000 -0.9759 0.2182
vn -0.0136 -0.9834 0.1812
vn -0.5111 -0.8388 0.1875
vn -0.5109 -0.8454 0.1558
vn -0.5220 -0.8377 0.1605
vn -0.0074 -0.9651 0.2619
vn -0.0000 -0.9847 0.1742
vn 0.0592 -0.9771 0.2043
vn -0.0000 -0.9834 0.1812
vn 0.5111 -0.8388 0.1875
vn 0.5220 -0.8377 0.1605
vn 0.5109 -0.8454 0.1558
vn 0.6406 -0.7411 0.2011
vn 0.6406 -0.7238 0.2565
vn 0.6406 -0.7238 0.2566
vn 0.5110 -0.7910 0.3365
vn 0.5110 -0.7777 0.3662
vn 0.0035 -0.9047 0.4260
vn 0.5281 -0.7767 0.3434
vn -0.0000 -0.9066 0.4219
vn -0.0045 -0.8952 0.4457
vn -0.0000 -0.4457 -0.8952
vn -0.0000 0.4457 0.8952
vn -0.0000 -0.8952 0.4458
vn -0.0869 -0.8918 0.4441
vn -0.0000 -0.8755 0.4832
vn -0.5111 -0.7410 0.4355
vn -0.5108 -0.7577 0.4062
vn -0.0000 -0.8621 0.5067
vn 0.0153 -0.8813 0.4724
vn -0.0035 -0.9047 0.4260
vn -0.5110 -0.7777 0.3662
vn 0.5111 -0.7410 0.4355
vn 0.5108 -0.7577 0.4062
vn 0.0253 -0.8811 0.4723
vn 0.5108 -0.7242 0.4632
vn 0.5133 -0.7236 0.4615
vn 0.0051 -0.8424 0.5388
vn 0.0503 -0.8326 0.5516
vn -0.0000 -0.8523 0.5231
vn -0.0000 -0.5524 -0.8336
vn -0.0000 0.5524 0.8336
vn -0.0000 -0.8336 0.5524
vn -0.0000 -0.8136 0.5814
vn 0.0027 -0.8126 0.5829
vn -0.0028 -0.8336 0.5523
vn -0.5110 -0.6984 0.5010
vn -0.0269 -0.8421 0.5386
vn -0.5108 -0.7242 0.4632
vn -0.5133 -0.7236 0.4615
vn -0.5290 -0.6789 0.5091
vn -0.6406 -0.6143 0.4607
vn -0.6406 -0.6474 0.4129
vn -0.6406 -0.6768 0.3628
vn -0.7542 -0.5537 0.3531
vn -0.7542 -0.5788 0.3102
vn -0.7542 -0.6006 0.2656
vn -0.7541 -0.6006 0.2656
vn -0.6406 -0.7023 0.3106
vn -0.6406 -0.6767 0.3628
vn -0.8487 -0.4836 0.2139
vn -0.8487 -0.4984 0.1767
vn -0.7541 -0.6190 0.2194
vn -0.8487 -0.4985 0.1767
vn -0.9218 -0.3654 0.1295
vn -0.9218 -0.3741 0.1015
vn -0.9716 -0.2284 0.0620
vn -0.9716 -0.2324 0.0445
vn -0.9716 -0.2351 0.0268
vn -0.9968 -0.0781 0.0150
vn -0.9968 -0.0790 0.0090
vn -0.9716 -0.2364 0.0090
vn -0.9968 -0.0795 0.0030
vn -0.9968 -0.0768 0.0208
vn -0.9716 -0.2230 0.0791
vn -0.9968 -0.0750 0.0266
vn -0.9716 -0.2164 0.0957
vn -0.9218 -0.3545 0.1568
vn -0.9218 -0.3417 0.1831
vn -0.8487 -0.4837 0.2139
vn -0.8487 -0.4661 0.2499
vn -0.8487 -0.4459 0.2844
vn -0.9218 -0.3268 0.2085
vn -0.9218 -0.3269 0.2085
vn -0.9716 -0.2085 0.1118
vn -0.7541 -0.5254 0.3940
vn -0.8487 -0.4231 0.3173
vn -0.7541 -0.5537 0.3531
vn -0.7541 -0.4941 0.4326
vn -0.8487 -0.3979 0.3484
vn -0.6406 -0.5378 0.5481
vn -0.7541 -0.4600 0.4687
vn -0.6406 -0.5777 0.5058
vn -0.5110 -0.6281 0.5868
vn -0.5205 -0.6424 0.5625
vn -0.5108 -0.6021 0.6136
vn -0.0011 -0.6658 0.7461
vn -0.5110 -0.5723 0.6414
vn -0.0208 -0.7002 0.7136
vn 0.0056 -0.6737 0.7390
vn -0.0000 -0.6602 0.7511
vn -0.0000 0.7390 0.6737
vn 0.5294 -0.5404 0.6540
vn -0.0000 -0.6370 0.7709
vn 0.5110 -0.5723 0.6414
vn 0.0011 -0.6658 0.7461
vn -0.5109 -0.5476 0.6627
vn -0.0000 -0.6032 0.7976
vn -0.0121 -0.5950 0.8036
vn -0.5355 -0.5026 0.6787
vn -0.5108 -0.5027 0.6974
vn -0.5108 -0.4485 0.7334
vn -0.6406 -0.4490 0.6229
vn -0.5111 -0.4850 0.7097
vn 0.0022 -0.5217 0.8531
vn 0.0195 -0.5263 0.8501
vn -0.0000 -0.5642 0.8256
vn -0.0065 -0.5694 0.8220
vn -0.0000 0.8162 0.5778
vn -0.0000 -0.5264 0.8502
vn 0.0033 -0.5642 0.8256
vn -0.0000 -0.5694 0.8221
vn -0.0195 -0.5263 0.8501
vn 0.5108 -0.4485 0.7334
vn -0.0022 -0.5217 0.8531
vn 0.5110 -0.4850 0.7097
vn 0.5111 -0.4184 0.7508
vn -0.0000 -0.4868 0.8735
vn 0.0002 -0.4860 0.8740
vn -0.0000 -0.4715 0.8819
vn -0.0000 -0.8810 -0.4730
vn -0.0000 -0.4731 0.8810
vn -0.0000 0.8810 0.4731
vn -0.0578 -0.4707 0.8804
vn -0.0000 -0.4401 0.8980
vn -0.0002 -0.4860 0.8740
vn -0.0000 -0.4534 0.8913
vn 0.0245 -0.4533 0.8910
vn 0.5108 -0.3898 0.7662
vn 0.5156 -0.3905 0.7627
vn -0.0000 -0.5951 0.8037
vn 0.0297 -0.5829 0.8120
vn -0.0000 -0.8162 -0.5778
vn -0.0000 -0.5778 0.8162
vn 0.5274 -0.4968 0.6892
vn 0.5110 -0.5115 0.6908
vn 0.6406 -0.4490 0.6230
vn 0.5108 -0.5540 0.6574
vn 0.6406 -0.4948 0.5872
vn 0.6406 -0.4490 0.6229
vn -0.0000 -0.5831 0.8124
vn -0.7542 -0.3840 0.5327
vn -0.7542 -0.4232 0.5022
vn -0.6406 -0.4948 0.5872
vn -0.8487 -0.3408 0.4044
vn -0.7542 -0.4599 0.4687
vn -0.8487 -0.3704 0.3775
vn -0.9218 -0.2715 0.2767
vn -0.9218 -0.2916 0.2554
vn -0.9218 -0.2917 0.2554
vn -0.9218 -0.2498 0.2964
vn -0.9218 -0.2267 0.3145
vn -0.8487 -0.3092 0.4290
vn -0.9716 -0.1384 0.1920
vn -0.9716 -0.1525 0.1809
vn -0.9968 -0.0513 0.0608
vn -0.9968 -0.0557 0.0568
vn -0.9716 -0.1657 0.1689
vn -0.9716 -0.1234 0.2019
vn -0.9218 -0.2022 0.3307
vn -0.9968 -0.0465 0.0645
vn -0.9968 -0.0415 0.0679
vn -0.9716 -0.1078 0.2106
vn -0.9968 -0.0362 0.0708
vn -0.9716 -0.0916 0.2182
vn -0.7541 -0.3840 0.5327
vn -0.5111 -0.4184 0.7508
vn -0.5249 -0.5485 0.6509
vn 0.5108 -0.6021 0.6136
vn -0.0288 -0.7001 0.7135
vn 0.5110 -0.6281 0.5868
vn -0.0000 -0.7307 0.6827
vn -0.0000 -0.7067 0.7075
vn 0.1058 -0.6699 0.7349
vn -0.0000 -0.7390 -0.6737
vn -0.0000 -0.6737 0.7390
vn 0.5205 -0.6424 0.5625
vn 0.5109 -0.6500 0.5625
vn 0.0179 -0.7560 0.6543
vn -0.0000 -0.7417 0.6708
vn -0.0220 -0.7592 0.6505
vn -0.0000 0.6506 0.7594
vn -0.0000 -0.7594 0.6506
vn -0.0000 -0.6506 -0.7594
vn -0.0000 -0.7867 0.6173
vn 0.0091 -0.7594 0.6506
vn -0.0110 -0.7899 0.6132
vn 0.0110 -0.7899 0.6132
vn -0.0112 -0.7561 0.6543
vn -0.5109 -0.6500 0.5625
vn -0.5110 -0.6790 0.5271
vn 0.5108 -0.6878 0.5158
vn 0.5426 -0.6635 0.5151
vn 0.6406 -0.5777 0.5058
vn 0.6406 -0.6143 0.4607
vn 0.6406 -0.5777 0.5059
vn 0.7541 -0.4941 0.4326
vn 0.6406 -0.5378 0.5481
vn 0.7542 -0.4599 0.4687
vn 0.7541 -0.4599 0.4687
vn 0.7542 -0.4232 0.5021
vn 0.8487 -0.3408 0.4044
vn 0.7542 -0.4232 0.5022
vn 0.7542 -0.4941 0.4326
vn -0.9218 -0.3101 0.2326
vn -0.9218 -0.3102 0.2326
vn -0.9968 -0.0728 0.0322
vn 0.5110 -0.6984 0.5010
vn -0.0027 -0.8126 0.5829
vn 0.6406 -0.6474 0.4129
vn -0.6406 -0.7542 0.1445
vn -0.7542 -0.6525 0.0744
vn -0.9218 -0.0944 0.3760
vn -0.8487 -0.0896 0.5212
vn -0.8487 -0.0500 0.5265
vn -0.7542 -0.0620 0.6538
vn -0.7541 -0.0621 0.6538
vn -0.7542 -0.1113 0.6472
vn -0.7541 0.2769 0.5955
vn -0.7542 0.2769 0.5955
vn -0.5438 0.5046 0.6706
vn -0.5110 0.5424 0.6668
vn -0.5109 0.5772 0.6371
vn -0.0222 0.6713 0.7409
vn 0.0255 0.6308 0.7755
vn -0.5270 0.2991 0.7955
vn 0.6406 0.3238 0.6963
vn 0.6406 0.3755 0.6698
vn -0.0576 0.4723 0.8796
vn 0.6406 0.4251 0.6395
vn -0.0205 0.5577 0.8298
vn 0.9218 0.0801 0.3792
vn 0.8487 0.0699 0.5243
vn 0.8487 0.0699 0.5242
vn 0.8487 0.0300 0.5280
vn 0.7542 0.0373 0.6556
vn 0.7542 -0.0124 0.6566
vn 0.8487 -0.0100 0.5288
vn 0.7542 -0.0620 0.6537
vn 0.8487 -0.0500 0.5265
vn 0.7542 -0.1113 0.6472
vn 0.8487 -0.0896 0.5212
vn 0.9218 -0.0366 0.3859
vn 0.6406 -0.1302 0.7568
vn 0.6406 -0.0726 0.7645
vn 0.5265 -0.0803 0.8464
vn 0.5110 -0.0911 0.8548
vn 0.5108 -0.1457 0.8472
vn 0.5108 -0.0163 0.8595
vn 0.6406 -0.0145 0.7678
vn 0.5111 -0.0587 0.8575
vn 0.0033 -0.0189 0.9998
vn -0.0000 -0.0368 0.9993
vn 0.0592 -0.0000 0.9982
vn -0.0000 -1.0000 -0.0000
vn -0.0000 1.0000 -0.0000
vn -0.0000 -0.0000 1.0000
vn -0.0288 -0.0189 0.9994
vn -0.0016 -0.0000 1.0000
vn 0.5110 0.1299 0.8497
vn 0.0004 0.0226 0.9997
vn 0.0091 0.1195 0.9928
vn -0.0000 0.1136 0.9935
vn -0.0000 0.2325 0.9726
vn -0.0070 -0.1587 0.9873
vn -0.5110 -0.1365 0.8487
vn 0.0139 -0.1059 0.9943
vn 0.0124 -0.2843 0.9586
vn -0.5111 -0.2444 0.8241
vn -0.5186 -0.2703 0.8111
vn -0.6406 -0.2972 0.7080
vn -0.5109 -0.2755 0.8143
vn 0.5110 -0.3484 0.7858
vn 0.5449 -0.3106 0.7788
vn 0.5108 -0.3327 0.7927
vn 0.8487 -0.1288 0.5130
vn 0.9218 -0.3268 0.2085
vn 0.9218 -0.3268 0.2084
vn 0.0022 -0.9917 0.1286
vn -0.0000 -0.9915 0.1299
vn -0.0000 -0.9993 0.0378
vn -0.0000 -0.0923 -0.9957
vn -0.5110 -0.8525 0.1106
vn -0.8487 -0.5255 -0.0599
vn -0.8487 -0.4984 -0.1767
vn -0.6406 -0.7023 -0.3105
vn -0.0000 -0.8621 -0.5067
vn 0.5110 -0.7777 -0.3662
vn 0.3413 0.2274 0.9120
vn 0.3413 0.0982 0.9348
vn 0.3413 0.0983 0.9348
vn 0.3413 -0.0328 0.9394
vn 0.3413 -0.1632 0.9257
vn 0.3413 -0.2905 0.8940
vn 0.3413 -0.4121 0.8448
vn 0.3413 -0.4120 0.8448
vn 0.9968 0.0335 -0.0721
vn 0.9968 0.0280 -0.0745
vn 0.3413 -0.4121 -0.8448
vn 0.3413 -0.4120 -0.8448
vn 0.3413 0.8299 0.4413
vn 0.3413 -0.9036 0.2591
vt -0.232841 -2.943273
vt -0.078245 -4.564440
vt 0.253871 -3.011669
vt 5.567274 0.272920
vt 6.317274 -0.232841
vt 6.317274 0.253871
vt -0.459807 -4.506212
vt -0.705302 -2.807787
vt -0.835881 -4.419311
vt 5.567274 -0.176085
vt 6.317274 -0.705302
vt 5.567274 0.726338
vt 0.499629 0.502723
vt -0.176085 -2.676256
vt 0.272920 -2.739367
vt 0.726338 -2.739367
vt 3.193996 2.320106
vt 2.914845 2.677394
vt 2.588692 2.992360
vt 3.512972 -0.714745
vt 3.653090 -0.283519
vt 3.314211 -1.122277
vt 1.175337 -2.676256
vt -2.513719 -0.714745
vt -2.314958 -1.122277
vt -2.061412 -1.498180
vt -2.194743 2.320106
vt -2.421452 1.927430
vt -1.915593 2.677394
vt 2.221864 3.258876
vt 3.731825 0.163002
vt 1.611189 -2.551280
vt -1.758012 -1.835143
vt -2.591307 1.507020
vt 0.499629 3.752723
vt 0.047316 3.721083
vt -0.396190 3.626820
vt 1.821523 3.471754
vt 3.747646 0.616151
vt 2.025404 -2.366857
vt -1.410673 -2.126586
vt -2.700999 1.067079
vt 1.395448 3.626820
vt 3.700252 1.067079
vt 2.409926 -2.126586
vt -1.026152 -2.366857
vt -2.748393 0.616151
vt -0.822264 3.471754
vt 0.951943 3.721083
vt 3.590559 1.507020
vt 2.757271 -1.835143
vt -0.611937 -2.551280
vt -2.732567 0.163002
vt -1.222612 3.258876
vt 3.420711 1.927430
vt 3.060665 -1.498180
vt -2.653831 -0.283519
vt -1.589433 2.992360
vt 5.567274 -1.915593
vt 6.317274 -1.764897
vt 6.317274 -2.118455
vt 5.567274 2.677394
vt 6.317274 2.860048
vt 5.567274 2.320106
vt 5.567274 -1.589433
vt -2.118455 2.860048
vt -1.764897 3.201478
vt -3.002806 4.209865
vt -2.712407 4.464149
vt -1.367265 3.490382
vt -2.403612 4.695716
vt 6.317274 -1.367265
vt -2.819475 4.596192
vt -3.119554 4.333436
vt -3.233348 4.453895
vt -2.923839 4.724904
vt -2.500383 4.835475
vt -2.594713 4.971730
vt -2.164116 5.049964
vt -2.078184 4.903273
vt -1.737993 5.085633
vt -0.933293 3.721119
vt -1.384984 5.241737
vt -1.812584 5.238392
vt -1.885283 5.387306
vt -1.447807 5.399696
vt -2.247868 5.192945
vt -2.327336 5.328602
vt -1.954265 5.528590
vt -1.509044 5.553676
vt -1.567137 5.699769
vt -1.121287 5.691127
vt -1.071879 5.532960
vt -1.021184 5.370692
vt -0.648668 5.471766
vt -0.686943 5.637403
vt -0.471440 3.889222
vt 0.009322 3.991420
vt 5.567274 -0.822264
vt 6.317274 -0.471440
vt 6.317274 -0.933293
vt 5.567274 -0.396190
vt 6.317274 0.009322
vt 0.113924 5.588124
vt 0.499629 4.025709
vt -0.269572 5.544386
vt 5.567274 0.047316
vt 6.317274 0.499629
vt -0.295213 5.712440
vt -0.724254 5.798854
vt -0.320207 5.876246
vt 0.101064 5.757630
vt 0.088533 5.922865
vt 0.499629 5.602723
vt 0.499629 5.772731
vt 0.885329 5.588124
vt 0.898189 5.757630
vt 0.499629 5.938429
vt 1.268831 5.544386
vt 0.910726 5.922865
vt 1.294472 5.712440
vt 0.989931 3.991420
vt 1.647927 5.471766
vt 1.470693 3.889222
vt 5.567274 0.951943
vt 6.317274 1.470693
vt 6.317274 0.989931
vt 5.567274 0.499629
vt 2.384236 5.241737
vt 2.020436 5.370692
vt 5.567274 1.395448
vt 6.317274 1.932552
vt 1.932552 3.721119
vt 2.737245 5.085633
vt 2.447060 5.399696
vt 2.071132 5.532960
vt 2.508296 5.553676
vt 2.811836 5.238392
vt 2.120540 5.691127
vt 2.167427 5.841200
vt 2.566390 5.699769
vt 2.884535 5.387306
vt 2.953517 5.528590
vt 3.247121 5.192945
vt 3.163368 5.049964
vt 3.077443 4.903273
vt 3.402864 4.695716
vt 3.499642 4.835475
vt 2.366518 3.490382
vt 2.764156 3.201478
vt 5.567274 1.821523
vt 6.317274 2.366518
vt 5.567274 2.221864
vt 6.317274 2.764156
vt 3.711659 4.464149
vt 3.117708 2.860048
vt 4.002059 4.209865
vt 5.567274 2.588692
vt 6.317274 3.117708
vt 3.818733 4.596192
vt 3.593971 4.971730
vt 3.923091 4.724904
vt 4.118806 4.333436
vt 4.232600 4.453895
vt 4.398152 4.048756
vt 4.272395 3.934376
vt 4.521120 3.639210
vt 3.420308 2.472755
vt 4.746809 3.326087
vt 4.655171 3.743763
vt 6.317274 2.472755
vt 3.666060 2.047096
vt 4.948176 2.996791
vt 6.317274 2.047096
vt 5.124062 2.653212
vt 3.850178 1.591383
vt 5.273458 2.297316
vt 5.567274 1.927430
vt 6.317274 1.591383
vt 5.096467 3.079933
vt 5.278212 2.724904
vt 5.240999 3.160975
vt 5.428462 2.794776
vt 5.432582 2.357130
vt 5.378145 3.237855
vt 5.571028 2.861061
vt 5.587691 2.415443
vt 5.734859 2.470778
vt 5.717775 2.025160
vt 5.558705 1.978749
vt 5.702291 2.922108
vt 5.870363 2.521705
vt 5.868709 2.069191
vt 6.007686 2.109742
vt 5.971803 1.658656
vt 5.817976 1.626161
vt 5.655843 1.591920
vt 5.887703 1.220716
vt 5.723451 1.198829
vt 5.761134 0.801771
vt 5.554939 1.176381
vt 5.591408 0.792128
vt 4.020461 0.625673
vt 3.969087 1.114479
vt 5.489516 1.556776
vt 5.395509 1.931141
vt 5.567274 1.507020
vt 6.317274 1.114479
vt 5.567274 1.067079
vt 6.317274 0.625673
vt 4.003304 0.134474
vt 5.598714 0.406215
vt 5.567274 0.616151
vt 6.317274 0.134474
vt 5.576814 0.020839
vt 5.768684 0.402992
vt 5.934364 0.399855
vt 5.746053 0.004786
vt 5.926570 0.811183
vt 6.083540 0.820094
vt 6.091554 0.396876
vt 5.911018 -0.010863
vt 6.067537 -0.025731
vt 5.856673 -0.418651
vt 5.693367 -0.390575
vt 5.525826 -0.361754
vt 5.610939 -0.780797
vt 5.446053 -0.739403
vt 3.917958 -0.349559
vt 5.567274 0.163002
vt 6.317274 -0.349559
vt 3.766078 -0.817003
vt 5.337947 -1.109935
vt 5.567274 -0.283519
vt 6.317274 -0.817003
vt 5.202126 -1.471239
vt 5.499227 -1.163695
vt 5.771651 -0.821166
vt 5.656428 -1.216088
vt 5.358876 -1.537035
vt 5.511665 -1.601171
vt 5.190694 -1.898693
vt 5.039369 -1.821227
vt 3.550612 -1.258764
vt 4.850612 -2.157909
vt 4.636934 -2.479345
vt 4.995644 -2.246593
vt 5.338197 -1.974193
vt 5.137013 -2.333043
vt 4.774843 -2.578746
vt 4.909273 -2.675634
vt 4.529549 -2.893248
vt 4.399550 -2.783702
vt 5.271150 -2.415062
vt 5.036812 -2.767565
vt 4.656264 -3.000023
vt 4.776491 -3.101342
vt 4.379451 -3.304357
vt 4.261177 -3.188304
vt 4.139833 -3.069237
vt 3.859261 -3.334313
vt 3.971254 -3.462218
vt 2.946895 -2.031505
vt 3.275771 -1.666246
vt 5.567274 -1.498180
vt 6.317274 -2.031505
vt 6.317274 -1.666246
vt 5.567274 -1.122277
vt 6.317274 -1.258764
vt 2.570381 -2.347423
vt 5.567274 2.757271
vt 6.317274 2.570381
vt 6.317274 2.946895
vt 5.567274 -1.835143
vt 3.559450 -3.577404
vt 2.153566 -2.607885
vt 3.242116 -3.797130
vt 5.567274 2.409926
vt 6.317274 2.153566
vt 3.661446 -3.713414
vt 4.080415 -3.586888
vt 3.760866 -3.845983
vt 3.333534 -3.940453
vt 3.422640 -4.080174
vt 2.989382 -4.142064
vt 2.909071 -3.992235
vt 2.562221 -4.161583
vt 2.630971 -4.317052
vt 3.067671 -4.288109
vt 2.203560 -4.304210
vt 2.697994 -4.468602
vt 2.260359 -4.464440
vt 2.315718 -4.620629
vt 1.879659 -4.583373
vt 1.835140 -4.419311
vt 2.761580 -4.612389
vt 2.368245 -4.768822
vt 1.923049 -4.743309
vt 1.964217 -4.895043
vt 1.522218 -4.835937
vt 1.491048 -4.673192
vt 1.459059 -4.506212
vt 1.096761 -4.733336
vt 1.077498 -4.564440
vt 0.745381 -3.011669
vt 0.692616 -4.593627
vt 1.232094 -2.943273
vt 5.567274 1.175337
vt 6.317274 0.745381
vt 6.317274 1.232094
vt 1.704555 -2.807787
vt 5.567274 1.611189
vt 6.317274 1.704555
vt 5.567274 2.025404
vt 0.306636 -4.593627
vt 0.699050 -4.763500
vt 1.115535 -4.897985
vt 0.705318 -4.929101
vt 0.300203 -4.763500
vt 0.293935 -4.929101
vt -0.097508 -4.733336
vt -0.116282 -4.897985
vt -0.491789 -4.673192
vt -0.522966 -4.835937
vt -0.880394 -4.583373
vt -0.923790 -4.743309
vt -1.261101 -4.464440
vt -1.204307 -4.304210
vt -0.552543 -4.990343
vt -0.964964 -4.895043
vt -1.316466 -4.620629
vt -1.368992 -4.768822
vt -1.698741 -4.468602
vt -1.631718 -4.317052
vt -1.562962 -4.161583
vt -1.909819 -3.992235
vt -1.990129 -4.142064
vt -1.154307 -2.607885
vt 5.567274 -0.611937
vt 6.317274 -1.154307
vt -1.571123 -2.347423
vt -2.242863 -3.797130
vt 5.567274 -1.026152
vt 6.317274 -1.571123
vt -2.560197 -3.577404
vt -2.334282 -3.940453
vt -2.068419 -4.288109
vt -2.423387 -4.080174
vt -2.662193 -3.713414
vt -2.761613 -3.845983
vt -2.972002 -3.462218
vt -2.860008 -3.334313
vt -3.081163 -3.586888
vt -3.140581 -3.069237
vt -3.261925 -3.188304
vt -3.400298 -2.783702
vt -3.530296 -2.893248
vt -3.380199 -3.304357
vt -3.657005 -3.000023
vt -3.775584 -2.578746
vt -3.637675 -2.479345
vt -2.551359 -1.258764
vt -3.851359 -2.157909
vt -2.276518 -1.666246
vt -1.947642 -2.031505
vt 5.567274 -1.410673
vt 6.317274 -1.947642
vt 5.567274 -1.758012
vt -4.040117 -1.821227
vt -3.996391 -2.246593
vt -4.191442 -1.898693
vt -3.910014 -2.675634
vt -4.137761 -2.333043
vt -4.037560 -2.767565
vt -4.271898 -2.415062
vt -4.338945 -1.974193
vt -4.478899 -2.045836
vt -4.512413 -1.601171
vt -4.359624 -1.537035
vt -4.395396 -2.490587
vt -4.607762 -2.111815
vt -4.657384 -1.662023
vt -4.790868 -1.718053
vt -4.806328 -1.265807
vt -4.657176 -1.216088
vt -4.499974 -1.163695
vt -4.772392 -0.821166
vt -4.611681 -0.780797
vt -4.694115 -0.390575
vt -4.446800 -0.739403
vt -4.526573 -0.361754
vt -4.857420 -0.418651
vt -4.746794 0.004786
vt -4.577562 0.020839
vt -3.004051 0.134474
vt -4.599455 0.406215
vt -3.021202 0.625673
vt -4.592155 0.792128
vt -4.769432 0.402992
vt -4.911760 -0.010863
vt -4.935106 0.399855
vt -4.761882 0.801771
vt -5.068278 -0.025731
vt -5.092302 0.396876
vt -4.927318 0.811183
vt -5.084288 0.820094
vt -4.888451 1.220716
vt -4.724199 1.198829
vt -4.656590 1.591920
vt -4.555687 1.176381
vt -4.490263 1.556776
vt -4.818718 1.626161
vt -4.396257 1.931141
vt -4.559453 1.978749
vt -4.274199 2.297316
vt -4.718523 2.025160
vt -4.433330 2.357130
vt -2.666801 2.047096
vt -4.124809 2.653212
vt -2.850926 1.591383
vt -3.948924 2.996791
vt -2.421049 2.472755
vt -3.521867 3.639210
vt -3.747557 3.326087
vt -3.889134 3.420204
vt -4.097209 3.079933
vt -4.241746 3.160975
vt -4.027129 3.511940
vt -3.655919 3.743763
vt -4.378892 3.237855
vt -4.158061 3.598976
vt -3.786583 3.845668
vt -3.910552 3.942359
vt -3.521483 4.160255
vt -3.398900 4.048756
vt -3.273143 3.934376
vt -3.637792 4.266053
vt -4.024712 4.031398
vt -3.744884 4.363453
vt -3.341325 4.568177
vt -3.440746 4.673414
vt -3.022862 4.847023
vt -3.114030 4.959474
vt -2.684221 5.100978
vt -2.766624 5.219996
vt -3.195061 5.059401
vt -2.839860 5.325770
vt -2.400511 5.453517
vt -2.465538 5.564528
vt -2.017784 5.658668
vt -2.074229 5.774281
vt -1.620634 5.834303
vt -1.668181 5.953846
vt -1.211339 5.979371
vt -1.168175 5.841200
vt 5.864314 -2.122185
vt 5.995234 -2.074229
vt 5.995234 -1.668181
vt 5.864314 -1.708561
vt 5.995234 -1.249705
vt -1.249705 6.102174
vt 5.864314 -1.282298
vt 5.717725 -1.404558
vt 5.717725 -1.740770
vt 5.717725 -2.005595
vt 5.567274 -1.956737
vt 5.567274 -1.769737
vt 1.567268 -1.769737
vt 1.567268 6.124794
vt 5.567274 6.212428
vt 5.567274 6.124794
vt -1.769737 6.124794
vt -1.806840 6.212428
vt -1.956737 6.045631
vt 1.567268 6.212428
vt 1.567268 -1.806840
vt 1.567268 -1.993834
vt 5.567274 -1.806840
vt 5.567274 -1.993834
vt -1.993834 6.133290
vt 5.567274 6.045631
vt 1.567268 6.133290
vt 1.567268 6.045631
vt 5.567274 6.133290
vt 1.416816 -1.740770
vt 1.567268 -1.956737
vt 1.416816 -2.005595
vt 5.717725 -2.160423
vt 1.270228 -1.708561
vt 1.416816 -2.160423
vt 1.270228 -2.122185
vt 5.567274 -2.443419
vt 1.567268 -2.578251
vt 1.567268 -2.443419
vt 1.416816 -2.564836
vt 1.270228 -2.520781
vt 1.416816 -2.578251
vt 1.270228 -2.902080
vt 1.139313 -2.465538
vt 1.139313 -2.839860
vt -2.902080 5.415638
vt -0.759654 5.952040
vt -0.792247 6.093092
vt -0.365758 6.174781
vt -0.343925 6.031678
vt 0.076637 6.079628
vt 0.065688 6.223988
vt 0.499629 6.240418
vt 0.499629 6.095655
vt 0.499629 6.369069
vt 0.933565 6.223988
vt 0.943294 6.352272
vt 1.270228 0.951558
vt 1.270228 1.400899
vt 1.139313 0.943294
vt 1.139313 1.384413
vt 1.384413 6.301967
vt 1.139313 0.499629
vt 1.416816 1.144063
vt 1.270228 0.499629
vt 1.416816 0.958150
vt 1.567268 1.144063
vt 1.567268 0.957857
vt 1.416816 0.499629
vt 1.567268 1.160048
vt 1.416816 1.414040
vt 1.144063 6.531190
vt 1.168837 6.624220
vt 1.160048 6.529445
vt 0.957857 6.548182
vt 0.966640 6.642958
vt 1.567268 6.624220
vt 5.567274 6.624220
vt 1.567268 6.529445
vt 1.567268 1.168837
vt 1.567268 0.966640
vt 5.567274 1.168837
vt 5.567274 6.529445
vt 5.567274 0.966640
vt 5.717725 1.144063
vt 5.567274 1.160048
vt 5.567274 1.144063
vt 5.717725 0.958150
vt 5.567274 0.957857
vt 5.864314 0.951558
vt 5.717725 0.499629
vt 5.864314 1.400899
vt 5.717725 1.414040
vt 5.995234 1.384413
vt 5.864314 0.499629
vt 5.995234 0.943294
vt 1.365010 6.174781
vt 5.995234 1.820467
vt 1.791499 6.093092
vt 1.820467 6.218434
vt 2.210598 5.979371
vt 1.758907 5.952040
vt 1.343178 6.031678
vt 1.723512 5.798854
vt 0.922615 6.079628
vt 1.319460 5.876246
vt 1.686196 5.637403
vt -0.821214 6.218434
vt 5.995234 -0.821214
vt 5.864314 -0.845824
vt 5.995234 -0.385161
vt -0.385161 6.301967
vt 5.864314 -0.401646
vt 5.995234 0.055965
vt 0.055965 6.352272
vt 5.717725 -0.781944
vt 5.717725 -0.414787
vt 5.864314 0.047695
vt 5.717725 -0.144810
vt 5.567274 -0.329899
vt 5.567274 -0.530553
vt -0.329899 6.508510
vt -0.344499 6.602552
vt -0.530553 6.477357
vt 1.567268 6.508510
vt 5.567274 6.602552
vt 5.567274 6.508510
vt 1.567268 -0.329899
vt 1.416816 -0.144810
vt 1.416816 -0.414787
vt 1.567268 -0.530553
vt 1.567268 6.602552
vt 1.567268 -0.344499
vt 1.567268 -0.545158
vt 5.567274 -0.344499
vt -0.545158 6.571412
vt 5.567274 6.571412
vt 1.567268 6.571412
vt 5.567274 6.477357
vt 1.567268 6.477357
vt 5.567274 -0.545158
vt 1.270228 0.047695
vt 1.416816 -0.781944
vt 1.270228 -0.401646
vt 1.416816 0.041103
vt 1.139313 -0.385161
vt 1.139313 0.055965
vt 5.717725 0.041103
vt 1.567268 0.211464
vt 1.567268 0.414430
vt 0.211464 6.558681
vt 0.411501 6.660060
vt 0.414430 6.564930
vt 5.567274 0.211464
vt 5.567274 6.558681
vt 1.567268 6.653798
vt 1.567268 6.558681
vt 0.208541 6.653798
vt 1.567268 6.660060
vt 5.567274 6.660060
vt 1.567268 6.564930
vt 1.567268 0.411501
vt 1.567268 0.208541
vt 5.567274 0.411501
vt 5.567274 6.564930
vt 5.567274 0.208541
vt 5.567274 0.414430
vt 5.567274 6.653798
vt 1.139313 -0.821214
vt 1.270228 -0.845824
vt 1.139313 -1.249705
vt 1.270228 -1.282298
vt 1.139313 -1.668181
vt 1.139313 -2.074229
vt 1.416816 -0.865446
vt 1.416816 -1.404558
vt 1.416816 -1.308287
vt 5.717725 -0.865446
vt 5.567274 -1.061650
vt 1.567268 -1.256962
vt 1.567268 -1.061650
vt 1.567268 6.361049
vt 5.567274 6.452589
vt 5.567274 6.361049
vt -1.061650 6.361049
vt -1.087694 6.452589
vt -1.256962 6.305470
vt 5.717725 -1.308287
vt 5.567274 -1.256962
vt 5.567274 6.305470
vt 1.567268 6.397023
vt 1.567268 6.305470
vt 5.567274 6.397023
vt -1.283006 6.397023
vt 5.567274 -1.087694
vt 1.567268 -1.283006
vt 5.567274 -1.283006
vt 1.567268 -1.087694
vt 1.567268 6.452589
vt 5.995234 0.499629
vt 2.248958 6.102174
vt 2.619887 5.834303
vt 2.667433 5.953846
vt 3.017037 5.658668
vt 3.073482 5.774281
vt 3.399764 5.453517
vt 3.326595 5.328602
vt 5.864314 2.707814
vt 5.995234 3.073482
vt 5.864314 3.121437
vt 5.995234 3.464797
vt 5.995234 2.667433
vt 3.464797 5.564528
vt 5.864314 3.520033
vt 5.995234 3.839119
vt 3.765883 5.219996
vt 3.839119 5.325770
vt 3.683473 5.100978
vt 4.113289 4.959474
vt 4.022115 4.847023
vt 4.340578 4.568177
vt 4.439998 4.673414
vt 4.637044 4.266053
vt 4.520735 4.160255
vt 4.785835 3.845668
vt 4.909816 3.942359
vt 5.026381 3.511940
vt 4.888387 3.420204
vt 5.157313 3.598976
vt 5.023964 4.031398
vt 5.277876 3.679127
vt 5.125411 4.110524
vt 5.385017 3.750343
vt 5.504415 3.308644
vt 5.616640 3.371571
vt 5.864314 3.810853
vt 5.995234 3.750343
vt 5.995234 3.371571
vt 5.864314 3.425013
vt 5.995234 2.976368
vt 5.818953 2.976368
vt 5.864314 3.022438
vt 5.995234 2.566981
vt 5.990791 2.566981
vt 5.864314 2.605433
vt 5.995234 2.145777
vt 6.131185 2.145777
vt 5.864314 2.176381
vt 5.995234 1.715162
vt 6.113441 1.688575
vt 6.239320 1.715162
vt 5.864314 1.737757
vt 5.717725 2.200795
vt 5.717725 2.253004
vt 5.567274 2.079774
vt 5.717725 2.636110
vt 5.567274 2.597877
vt 1.416816 2.253004
vt 1.567268 2.597877
vt 1.416816 2.636110
vt 1.567268 2.787220
vt 6.115553 2.787220
vt 6.277657 2.632264
vt 6.188905 2.597877
vt 1.567268 6.188905
vt 5.567274 6.277657
vt 5.567274 6.188905
vt 1.567268 6.277657
vt 5.567274 2.632264
vt 1.567268 2.821608
vt 5.567274 2.821608
vt 6.204305 2.821608
vt 1.567268 2.632264
vt 5.567274 2.787220
vt 5.717725 2.860084
vt 1.416816 2.860084
vt 5.567274 6.115553
vt 1.567268 6.204305
vt 1.567268 6.115553
vt 5.567274 6.204305
vt 5.717725 3.059193
vt 1.416816 3.059193
vt 1.270228 3.022438
vt 1.270228 2.605433
vt 1.416816 3.440455
vt 1.270228 3.425013
vt 1.139313 2.976368
vt 1.139313 3.371571
vt 1.139313 3.750343
vt 1.270228 1.737757
vt 1.139313 2.145777
vt 1.270228 2.176381
vt 1.139313 2.566981
vt 1.139313 1.715162
vt 1.416816 1.755763
vt 1.416816 1.626088
vt 1.270228 1.292042
vt 1.567268 1.882862
vt 1.416816 2.200795
vt 1.567268 2.079774
vt 5.567274 1.882862
vt 6.353724 2.079774
vt 6.495558 1.906068
vt 6.403255 1.882862
vt 1.567268 6.403255
vt 5.567274 6.495558
vt 5.567274 6.403255
vt 1.567268 6.495558
vt 1.567268 1.906068
vt 1.567268 2.103004
vt 5.567274 1.906068
vt 6.446028 2.103004
vt 5.567274 2.103004
vt 5.567274 6.446028
vt 1.567268 6.446028
vt 5.567274 6.353724
vt 1.567268 6.353724
vt 5.717725 1.626088
vt 5.717725 1.755763
vt 5.717725 1.303553
vt 5.567274 1.348426
vt 5.567274 1.146901
vt 1.567268 1.348426
vt 5.567274 6.503157
vt 1.567268 6.597615
vt 1.567268 6.503157
vt 6.528108 1.146901
vt 6.622566 1.158595
vt 6.503157 1.348426
vt 5.567274 6.597615
vt 6.597615 1.360121
vt 1.567268 6.528108
vt 5.567274 6.622566
vt 5.567274 6.528108
vt 1.567268 6.622566
vt 5.567274 1.158595
vt 1.567268 1.360121
vt 5.567274 1.360121
vt 1.567268 1.158595
vt 5.717725 0.986451
vt 1.567268 1.146901
vt 1.416816 0.986451
vt 1.416816 0.846766
vt 1.270228 0.841810
vt 1.416816 1.303553
vt 1.416816 0.387989
vt 1.139313 1.277613
vt 1.270228 0.389637
vt 1.139313 0.835621
vt 1.416816 0.341322
vt 1.270228 -0.061889
vt 1.139313 0.391700
vt 1.139313 -0.051561
vt 6.364931 0.391700
vt 6.339736 -0.051561
vt 6.236299 0.394130
vt 6.228078 0.828309
vt 6.356526 0.835621
vt 6.211653 -0.039403
vt 6.154298 -0.469848
vt 6.281087 -0.491649
vt 1.139313 -0.491649
vt 1.270228 -0.510180
vt 1.270228 -0.952672
vt 1.139313 -0.926049
vt 6.189326 -0.926049
vt 1.416816 -0.936144
vt 1.416816 -0.973900
vt 1.416816 -1.414379
vt 1.270228 -1.386815
vt 1.416816 -1.554015
vt 5.717725 -1.414379
vt 5.567274 -1.074327
vt 1.567268 -0.936144
vt 1.567268 -1.074327
vt 5.717725 -0.973900
vt 5.567274 -0.936144
vt 6.353724 -1.074327
vt 6.446028 -1.097557
vt 6.389216 -0.936144
vt 5.567274 -1.097557
vt 1.567268 -0.900621
vt 5.567274 -0.900621
vt 6.495558 -0.900621
vt 1.567268 -1.097557
vt 6.403255 -0.877416
vt 1.567268 -0.877416
vt 5.567274 -0.342980
vt 5.567274 -0.877416
vt 5.717725 -0.524962
vt 5.717725 -0.301964
vt 1.567268 -0.342980
vt 5.567274 -0.301964
vt 6.597615 -0.354674
vt 6.508790 -0.301964
vt 6.503157 -0.342980
vt 1.567268 -0.354674
vt 1.567268 -0.153148
vt 5.567274 -0.354674
vt 6.622566 -0.153148
vt 6.528108 -0.141454
vt 5.567274 -0.153148
vt 1.416816 -0.301964
vt 1.567268 -0.141454
vt 1.567268 -0.301964
vt 1.416816 -0.524962
vt 1.416816 -0.070128
vt 5.717725 0.341322
vt 5.567274 -0.141454
vt 5.864314 -0.061889
vt 5.717725 -0.070128
vt 5.864314 0.389637
vt 5.717725 0.387989
vt 5.567274 0.401197
vt 1.567268 0.401197
vt 5.864314 -0.510180
vt 5.995234 -0.491649
vt 5.995234 -0.051561
vt 5.995234 -0.926049
vt 6.064546 -0.894725
vt 5.924141 -0.859459
vt 5.942922 -1.311583
vt 5.805580 -1.265807
vt 5.656636 -1.662023
vt 5.790120 -1.718053
vt 5.478151 -2.045836
vt 5.607015 -2.111815
vt 5.908748 -1.767858
vt 5.721535 -2.170434
vt 5.394655 -2.490587
vt 5.504408 -2.557702
vt 5.154250 -2.852221
vt 5.258620 -2.927440
vt 4.887190 -3.194640
vt 4.985573 -3.277538
vt 4.594996 -3.515868
vt 4.491670 -3.414476
vt 5.347280 -2.991344
vt 5.069148 -3.347960
vt 4.686830 -3.605980
vt 4.764839 -3.682518
vt 4.364100 -3.910888
vt 4.279353 -3.814086
vt 5.864314 4.436098
vt 5.717725 4.827052
vt 5.864314 4.764839
vt 4.436098 -3.993114
vt 5.864314 -3.682518
vt 5.717725 -3.743566
vt 5.717725 -3.726879
vt 5.864314 -3.347960
vt 5.717725 -3.404137
vt 5.567274 -3.656224
vt 1.416816 -3.743566
vt 1.416816 -3.726879
vt 1.567268 -3.656224
vt 1.567268 -3.506151
vt 5.047865 -3.506151
vt 4.981404 -3.720336
vt 4.911067 -3.656224
vt 1.567268 4.911067
vt 5.567274 4.981404
vt 5.567274 4.911067
vt 1.567268 4.981404
vt 5.567274 -3.720336
vt 1.567268 -3.570275
vt 5.567274 -3.570275
vt 5.118202 -3.570275
vt 1.567268 -3.720336
vt 5.567274 5.047865
vt 1.567268 5.118202
vt 1.567268 5.047865
vt 5.567274 5.118202
vt 5.717725 -3.241210
vt 5.567274 -3.506151
vt 5.864314 -2.991344
vt 5.717725 -3.042308
vt 5.567274 -3.082579
vt 1.416816 -3.241210
vt 1.567268 -3.082579
vt 1.416816 -3.042308
vt 1.567268 -2.916845
vt 5.506038 -2.916845
vt 5.466395 -3.137572
vt 5.388710 -3.082579
vt 1.567268 5.388710
vt 5.567274 5.466395
vt 5.567274 5.388710
vt 1.567268 5.466395
vt 1.567268 -3.137572
vt 1.567268 -2.971837
vt 5.567274 -3.137572
vt 5.583724 -2.971837
vt 5.567274 -2.971837
vt 5.567274 5.583724
vt 1.567268 5.583724
vt 5.567274 5.506038
vt 1.567268 5.506038
vt 1.416816 -2.713109
vt 5.567274 -2.916845
vt 5.717725 -2.713109
vt 5.864314 -2.614721
vt 5.717725 -2.660180
vt 5.717725 -2.259948
vt 5.567274 -2.454601
vt 1.416816 -2.660180
vt 1.567268 -2.454601
vt 1.567268 5.792250
vt 5.567274 5.876100
vt 5.567274 5.792250
vt 5.567274 -2.275695
vt 5.792250 -2.454601
vt 5.876100 -2.499620
vt 5.888313 -2.275695
vt 5.717725 -2.148583
vt 1.567268 -2.275695
vt 1.416816 -2.148583
vt 5.567274 5.888313
vt 1.567268 5.972169
vt 1.567268 5.888313
vt 5.567274 5.972169
vt 5.972169 -2.320726
vt 5.567274 -2.499620
vt 1.567268 -2.320726
vt 5.567274 -2.320726
vt 1.567268 -2.499620
vt 1.567268 5.876100
vt 5.864314 -2.220226
vt 5.864314 -1.810155
vt 5.717725 -1.843883
vt 5.567274 -1.781774
vt 1.567268 -1.781774
vt 5.567274 -1.592431
vt 5.717725 -1.554015
vt 6.115553 -1.781774
vt 6.204305 -1.816161
vt 6.188905 -1.592431
vt 5.864314 -1.386815
vt 5.995234 -1.767858
vt 5.864314 -0.952672
vt 5.995234 -1.352269
vt 6.064973 -1.352269
vt 5.717725 -0.936144
vt 1.567268 -1.816161
vt 1.567268 -1.626818
vt 5.567274 -1.816161
vt 5.567274 -1.626818
vt 6.277657 -1.626818
vt 1.416816 -1.843883
vt 1.567268 -1.592431
vt 1.270228 -1.810155
vt 1.270228 -2.220226
vt 1.139313 -2.170434
vt 1.139313 -1.767858
vt 1.270228 -2.614721
vt 1.416816 -2.259948
vt 1.270228 -2.991344
vt 5.597651 -2.614721
vt 1.139313 -2.557702
vt 1.270228 -3.347960
vt 6.011622 -0.445311
vt 1.139313 -1.352269
vt 6.043550 1.241493
vt 1.567268 1.067079
vt 0.817268 1.591383
vt 0.817268 1.114479
vt 1.567268 1.507020
vt 0.817268 2.047096
vt 1.567268 0.616151
vt 1.567268 2.320106
vt 0.817268 2.472755
vt 1.567268 1.927430
vt 0.817268 2.860048
vt 1.567268 2.914845
vt 0.817268 2.764156
vt 0.817268 3.117708
vt 1.567268 2.677394
vt 1.567268 2.588692
vt 0.817268 2.366518
vt 1.567268 1.821523
vt 0.817268 1.470693
vt 0.817268 1.932552
vt 1.567268 2.221864
vt 1.567268 1.395448
vt 0.817268 0.989931
vt 1.567268 0.951943
vt 0.817268 0.499629
vt 1.567268 0.499629
vt 0.817268 0.009322
vt 1.567268 0.047316
vt 0.817268 -0.471440
vt 1.567268 -0.822264
vt 0.817268 -1.367265
vt 0.817268 -0.933293
vt 1.567268 -0.396190
vt 1.567268 -1.222612
vt 0.817268 -1.764897
vt 1.567268 -1.589433
vt 0.817268 -2.118455
vt 1.567268 -1.915593
vt -2.969829 1.114479
vt -4.588439 2.415443
vt -4.429210 2.794776
vt -4.571770 2.861061
vt -4.735606 2.470778
vt -4.703038 2.922108
vt -4.871110 2.521705
vt -4.869456 2.069191
vt -5.008421 2.109742
vt -4.972545 1.658656
vt -4.991539 2.566981
vt -5.131932 2.145777
vt -5.114189 1.688575
vt -5.044291 1.241493
vt -5.187798 1.260609
vt -5.240068 1.715162
vt -5.315324 1.277613
vt 1.567268 2.253004
vt 1.567268 2.437171
vt 5.567274 2.437171
vt 1.567268 3.128614
vt 1.567268 2.944142
vt -5.049882 2.944142
vt -5.051476 3.168397
vt -4.965013 3.128614
vt 5.567274 2.944142
vt 5.567274 -5.049882
vt 1.567268 -5.136345
vt 1.567268 -5.049882
vt -5.136345 2.983924
vt 1.567268 -5.051476
vt 5.567274 -5.051476
vt 1.567268 -4.965013
vt 1.567268 3.168397
vt 1.567268 2.983924
vt 5.567274 3.168397
vt 5.567274 -4.965013
vt 5.567274 2.983924
vt 5.567274 -5.136345
vt 5.567274 3.128614
vt 5.717725 3.440455
vt -4.819695 2.976368
vt -4.505162 3.308644
vt -4.617381 3.371571
vt -4.278624 3.679127
vt -4.385765 3.750343
vt -4.476775 3.810853
vt -4.126158 4.110524
vt -4.212334 4.177735
vt -3.840056 4.450026
vt -3.920903 4.523573
vt -3.529094 4.766920
vt -3.604149 4.846375
vt 5.864314 -3.263896
vt 5.717725 -3.612846
vt 5.864314 -3.604149
vt -3.263896 5.144288
vt 5.717725 -3.664012
vt 5.864314 4.846375
vt 5.717725 4.909718
vt 5.717725 4.582215
vt 5.864314 4.523573
vt 5.567274 4.925355
vt 5.717725 4.495155
vt 1.416816 4.582215
vt 1.567268 4.783998
vt 5.567274 4.783998
vt 5.567274 -3.793193
vt 5.717725 -3.985381
vt 5.567274 -3.647417
vt 1.567268 -3.647417
vt 1.567268 4.925355
vt 5.567274 4.993678
vt -3.647417 4.925355
vt -3.713676 4.993678
vt -3.793193 4.783998
vt 5.567274 -3.713676
vt 1.567268 -3.859447
vt 5.567274 -3.859447
vt -3.859447 4.852321
vt 1.567268 4.993678
vt 1.567268 -3.713676
vt 5.567274 4.852321
vt 1.567268 4.852321
vt 1.567268 -3.793193
vt 1.416816 -3.664012
vt 1.416816 -3.612846
vt 1.416816 4.909718
vt 1.270228 4.523573
vt 1.270228 -3.604149
vt 1.270228 4.846375
vt 1.416816 4.231337
vt 1.416816 4.495155
vt 1.270228 4.177735
vt 1.270228 3.810853
vt 1.416816 3.859095
vt 1.416816 3.987550
vt 1.567268 3.780250
vt 1.416816 3.467640
vt 1.567268 3.607618
vt 1.567268 -4.681822
vt 5.567274 -4.681822
vt 1.567268 -4.600902
vt -4.707793 3.607618
vt -4.681822 3.830360
vt -4.600902 3.780250
vt 5.567274 -4.600902
vt 5.717725 3.987550
vt 5.567274 3.780250
vt 5.717725 3.859095
vt 5.717725 3.467640
vt 5.567274 3.607618
vt 5.567274 -4.707793
vt 1.567268 -4.788719
vt 1.567268 -4.707793
vt 5.567274 -4.788719
vt -4.788719 3.657716
vt 5.567274 3.830360
vt 1.567268 3.657716
vt 5.567274 3.657716
vt 1.567268 3.830360
vt 5.717725 4.231337
vt 5.567274 4.224012
vt 5.567274 4.382215
vt 1.567268 4.224012
vt 5.567274 -4.286772
vt 1.567268 -4.360924
vt 1.567268 -4.286772
vt -4.159471 4.382215
vt -4.233623 4.441871
vt -4.286772 4.224012
vt 5.567274 -4.360924
vt -4.360924 4.283668
vt 1.567268 -4.233623
vt 5.567274 -4.233623
vt 1.567268 -4.159471
vt 1.567268 4.441871
vt 1.567268 4.283668
vt 5.567274 4.441871
vt 5.567274 -4.159471
vt 5.567274 4.283668
vt 1.567268 4.382215
vt 5.864314 4.177735
vt -4.278960 2.724904
vt 1.416816 -3.318791
vt 1.270228 -3.263896
vt 1.567268 -3.234544
vt 1.416816 -3.116032
vt 1.567268 -3.116032
vt 1.416816 -2.951701
vt 1.567268 -3.072496
vt -3.234544 5.279078
vt -3.291899 5.355031
vt -3.116032 5.369411
vt -3.129851 5.477406
vt -3.072496 5.401454
vt 1.567268 5.477406
vt 5.567274 5.477406
vt 1.567268 5.401454
vt 1.567268 -3.129851
vt 1.567268 -3.291899
vt 5.567274 -3.129851
vt 5.567274 5.401454
vt 5.567274 -3.291899
vt 5.717725 -3.116032
vt 5.567274 -3.072496
vt 5.567274 -3.116032
vt 5.717725 -3.318791
vt 5.567274 -3.234544
vt 5.864314 -2.902080
vt 5.717725 -2.951701
vt 5.864314 -2.520781
vt 5.717725 -2.578251
vt 5.995234 -2.465538
vt 5.995234 -2.839860
vt 5.717725 -2.564836
vt 5.567274 -2.578251
vt 5.567274 -2.619279
vt -2.443419 5.803297
vt -2.491008 5.885719
vt -2.578251 5.726149
vt -2.666868 5.784181
vt -2.619279 5.701759
vt 5.567274 5.784181
vt 1.567268 5.784181
vt 5.567274 5.701759
vt 5.567274 -2.491008
vt 1.567268 -2.666868
vt 5.567274 -2.666868
vt 1.567268 5.701759
vt 1.567268 -2.491008
vt 1.567268 5.885719
vt 5.567274 5.885719
vt 1.567268 5.803297
vt 1.567268 -2.619279
vt 5.567274 5.803297
vt 5.567274 5.355031
vt 1.567268 5.355031
vt 5.567274 5.279078
vt 1.567268 5.279078
vt -5.228826 0.828309
vt -5.365678 0.391700
vt -5.237041 0.394130
vt -5.357274 0.835621
vt 5.995234 0.391700
vt 5.995234 0.835621
vt 5.864314 0.841810
vt 5.995234 1.277613
vt 5.864314 1.292042
vt 5.717725 0.846766
vt 5.567274 0.774574
vt 1.567268 0.774574
vt 5.567274 0.977235
vt 5.567274 -5.557078
vt 1.567268 -5.652074
vt 1.567268 -5.557078
vt -5.544579 0.977235
vt -5.639580 0.983107
vt -5.557078 0.774574
vt 5.567274 -5.652074
vt -5.652074 0.780421
vt 5.567274 0.983107
vt 1.567268 0.780421
vt 5.567274 0.780421
vt 1.567268 -5.639580
vt 5.567274 -5.639580
vt 1.567268 -5.544579
vt 5.567274 -5.544579
vt 1.567268 0.983107
vt 1.567268 0.977235
vt -5.340483 -0.051561
vt -5.212401 -0.039403
vt -5.012370 -0.445311
vt -4.338695 -1.109935
vt -4.202873 -1.471239
vt -4.924889 -0.859459
vt -5.065294 -0.894725
vt -5.155040 -0.469848
vt -5.281835 -0.491649
vt -4.943669 -1.311583
vt -5.190074 -0.926049
vt 1.567268 0.230873
vt 1.567268 0.028212
vt 5.567274 0.028212
vt -5.544579 0.028212
vt -5.652074 0.225026
vt -5.557078 0.230873
vt -5.639580 0.022340
vt 1.567268 0.225026
vt 1.567268 0.022340
vt 5.567274 0.225026
vt 5.567274 0.022340
vt 5.567274 0.230873
vt -4.909490 -1.767858
vt -5.065721 -1.352269
vt 5.567274 -1.431725
vt 5.567274 -1.938695
vt 1.567268 -1.938695
vt 5.567274 -2.123168
vt -5.049882 -1.938695
vt -5.136345 -1.978478
vt -4.965013 -2.123168
vt 1.567268 -2.123168
vt -4.348027 -2.991344
vt -4.598399 -2.614721
vt -4.259367 -2.927440
vt -4.505156 -2.557702
vt -4.154997 -2.852221
vt -3.887938 -3.194640
vt -3.986314 -3.277538
vt -3.777238 -3.101342
vt -3.492418 -3.414476
vt -3.595744 -3.515868
vt -3.184727 -3.705174
vt -2.855937 -3.971764
vt -3.280095 -3.814086
vt -2.942796 -4.087584
vt -3.364848 -3.910888
vt -3.687572 -3.605980
vt -3.765581 -3.682518
vt -4.069890 -3.347960
vt 1.270228 -3.682518
vt 1.270228 -3.765581
vt 1.270228 -3.436839
vt 1.416816 -3.827800
vt -3.436839 -3.993114
vt 1.567268 -3.376769
vt 5.567274 -3.376769
vt 1.416816 -3.404137
vt 1.567268 -3.778551
vt -3.647417 -3.919909
vt -3.859447 -3.846874
vt -3.793193 -3.778551
vt 5.567274 -3.778551
vt 5.567274 -3.846874
vt 1.567268 -3.846874
vt -3.713676 -3.988231
vt 5.567274 -3.919909
vt 1.567268 -3.988231
vt 1.567268 -3.919909
vt 5.567274 -3.988231
vt 5.717725 -3.494261
vt 5.864314 -3.765581
vt 5.864314 -3.436839
vt 5.717725 -3.369920
vt 1.416816 -3.494261
vt 5.717725 -3.827800
vt -3.019981 -4.190514
vt -2.654967 -4.443248
vt -2.585783 -4.334777
vt -2.507933 -4.212731
vt -2.211088 -4.554284
vt -2.142692 -4.426671
vt -1.820866 -4.744799
vt -1.762327 -4.612389
vt -1.417363 -4.905260
vt -1.460344 -5.026525
vt -1.002873 -5.034752
vt -1.036558 -5.158922
vt -0.603978 -5.258885
vt -0.579777 -5.132531
vt -0.165074 -5.325853
vt -0.150499 -5.198021
vt 0.277638 -5.359435
vt 0.282503 -5.230858
vt -0.134093 -5.054198
vt 0.287978 -5.086205
vt 0.716750 -5.230858
vt 0.711275 -5.086205
vt 1.149751 -5.198021
vt 1.133345 -5.054198
vt 1.579030 -5.132531
vt 1.551796 -4.990343
vt 2.002126 -5.034752
vt 2.035817 -5.158922
vt 2.416615 -4.905260
vt 2.459596 -5.026525
vt 2.872158 -4.862462
vt 2.820125 -4.744799
vt 3.271120 -4.667663
vt 3.210341 -4.554284
vt 3.654219 -4.443248
vt 3.585036 -4.334777
vt 3.141951 -4.426671
vt 3.507185 -4.212731
vt 3.942049 -4.087584
vt 3.855190 -3.971764
vt 4.183986 -3.705174
vt 4.019234 -4.190514
vt 4.084810 -4.277941
vt 5.864314 3.712990
vt 5.717725 3.851143
vt 5.864314 4.084810
vt 5.717725 4.137105
vt 3.712990 -4.535399
vt 5.864314 3.322756
vt 5.717725 3.759853
vt 5.995234 3.271120
vt 5.995234 3.654219
vt 5.717725 3.363936
vt 5.567274 3.763399
vt 5.567274 3.851143
vt 3.763399 -4.606627
vt 3.815974 -4.685961
vt 3.851143 -4.549499
vt 1.416816 3.363936
vt 1.567268 3.763399
vt 1.567268 -4.606627
vt 5.567274 -4.685961
vt 5.567274 -4.606627
vt 5.567274 3.815974
vt 1.567268 3.985243
vt 5.567274 3.985243
vt 3.985243 -4.573791
vt 1.567268 3.815974
vt 1.567268 -4.685961
vt 3.932674 -4.494457
vt 5.567274 -4.573791
vt 1.567268 -4.573791
vt 5.567274 -4.494457
vt 1.567268 -4.494457
vt 5.567274 3.932674
vt 1.567268 3.932674
vt 1.416816 4.137105
vt 1.567268 3.851143
vt 1.416816 3.851143
vt 1.567268 4.366542
vt 5.567274 4.366542
vt 1.270228 3.712990
vt 1.416816 4.369173
vt 1.567268 4.369173
vt 1.270228 4.084810
vt 4.369173 -4.164635
vt 4.428462 -4.239086
vt 4.366542 -4.166808
vt 1.567268 -4.166808
vt 5.567274 -4.239086
vt 5.567274 -4.166808
vt 1.567268 -4.239086
vt 1.567268 4.428462
vt 1.567268 4.582674
vt 5.567274 4.428462
vt 4.520747 -4.034691
vt 4.582674 -4.106981
vt 5.567274 4.582674
vt 5.567274 -4.106981
vt 1.567268 -4.106981
vt 5.567274 -4.034691
vt 1.567268 -4.034691
vt 5.567274 4.520747
vt 1.567268 4.520747
vt 1.416816 4.827052
vt 1.416816 4.493514
vt 1.270228 4.764839
vt 1.270228 4.436098
vt 1.567268 -1.498180
vt 0.817268 -1.258764
vt 0.817268 -1.666246
vt 1.567268 -1.122277
vt 0.817268 -0.817003
vt 1.567268 -0.714745
vt 0.817268 -0.349559
vt 1.567268 0.163002
vt 0.817268 0.625673
vt 0.817268 0.134474
vt 1.567268 -0.283519
vt 1.567268 -1.835143
vt 0.817268 -2.031505
vt 1.567268 2.409926
vt 0.817268 2.946895
vt 0.817268 2.570381
vt 1.567268 2.757271
vt 1.567268 2.025404
vt 0.817268 2.153566
vt 1.270228 3.322756
vt 1.139313 3.654219
vt 1.139313 3.271120
vt 1.416816 3.295143
vt 1.270228 2.916353
vt 5.717725 3.295143
vt 5.567274 3.292562
vt 1.567268 3.292562
vt 1.416816 2.951607
vt 5.864314 2.916353
vt 5.717725 2.951607
vt 5.567274 3.110787
vt 1.567268 3.110787
vt 3.110787 -4.968968
vt 3.153212 -5.054173
vt 3.292562 -4.878453
vt 1.567268 -4.968968
vt 5.567274 -5.054173
vt 5.567274 -4.968968
vt 1.567268 -5.054173
vt 1.567268 3.153212
vt 1.567268 3.334981
vt 5.567274 3.153212
vt 3.334981 -4.963658
vt 5.567274 3.334981
vt 5.567274 -4.963658
vt 1.567268 -4.963658
vt 5.567274 -4.878453
vt 1.567268 -4.878453
vt 5.717725 2.707466
vt 1.416816 2.707466
vt 5.567274 2.610103
vt 1.567268 2.610103
vt 1.416816 2.525234
vt 1.270228 2.496114
vt 1.139313 2.872158
vt 1.416816 2.094765
vt 1.270228 2.064436
vt 1.139313 2.459596
vt 5.717725 2.094765
vt 1.416816 2.087258
vt 1.567268 2.418587
vt 5.567274 2.418587
vt 1.567268 -5.248375
vt 5.567274 -5.338146
vt 5.567274 -5.248375
vt 1.567268 -5.338146
vt 2.610103 -5.180895
vt 2.450222 -5.338146
vt 2.418587 -5.248375
vt 5.567274 2.450222
vt 1.567268 2.641737
vt 5.567274 2.641737
vt 2.641737 -5.270653
vt 1.567268 2.450222
vt 5.567274 -5.270653
vt 1.567268 -5.270653
vt 5.567274 -5.180895
vt 1.567268 -5.180895
vt 5.717725 2.525234
vt 5.864314 2.496114
vt 5.864314 2.064436
vt 5.995234 2.035817
vt 5.995234 2.459596
vt 5.864314 1.623793
vt 5.717725 2.087258
vt 5.995234 1.603237
vt 5.995234 1.164327
vt 1.603237 -5.258885
vt 1.164327 -5.325853
vt 5.864314 1.176717
vt 5.995234 0.721620
vt 0.721620 -5.359435
vt 5.864314 0.725752
vt 5.995234 0.277638
vt 5.864314 0.273500
vt 5.717725 0.729054
vt 5.717725 0.822304
vt 1.416816 0.729054
vt 5.717725 1.186592
vt 1.416816 0.822304
vt 1.160048 -5.524010
vt 0.966640 -5.637511
vt 0.957857 -5.542736
vt 1.567268 -5.542736
vt 5.567274 -5.637511
vt 5.567274 -5.542736
vt 1.567268 -5.637511
vt 1.168837 -5.618785
vt 1.416816 1.463997
vt 5.717725 1.463997
vt 5.567274 -5.524010
vt 1.567268 -5.618785
vt 1.567268 -5.524010
vt 5.567274 -5.618785
vt 1.416816 1.186592
vt 1.567268 1.697304
vt 1.270228 1.176717
vt 1.416816 1.640187
vt 1.270228 1.623793
vt 1.139313 2.035817
vt 1.139313 1.603237
vt 1.139313 1.164327
vt 1.270228 0.725752
vt 1.139313 0.721620
vt 1.139313 0.277638
vt 1.270228 0.273500
vt 1.416816 0.270198
vt 1.416816 0.176955
vt 5.717725 0.176955
vt 1.416816 -0.187340
vt 1.270228 -0.177458
vt 1.270228 -0.624541
vt 1.139313 -0.165074
vt 1.139313 -0.603978
vt 1.270228 -1.065184
vt 1.139313 -1.036558
vt 1.416816 -1.088005
vt 1.416816 -1.095512
vt 1.270228 -1.496855
vt 1.416816 -1.525981
vt 1.416816 -1.708208
vt 1.270228 -1.917100
vt 1.139313 -1.460344
vt 1.139313 -1.872905
vt -1.872905 -4.862462
vt 1.567268 -1.410673
vt 0.817268 -1.154307
vt 0.817268 -1.571123
vt 1.567268 -1.026152
vt 0.817268 -0.705302
vt -2.766820 -0.817003
vt -4.722282 -2.170434
vt 5.567274 -0.710961
vt 1.567268 -0.710961
vt 5.567274 -0.511351
vt -5.477769 -0.511351
vt -5.571324 -0.528844
vt -5.440459 -0.710961
vt 5.567274 -5.534013
vt 1.567268 -5.534013
vt 5.567274 -5.440459
vt -5.534013 -0.728441
vt 1.567268 -5.440459
vt 1.567268 -5.477769
vt 5.567274 -5.571324
vt 5.567274 -5.477769
vt 5.567274 -0.528844
vt 1.567268 -0.728441
vt 5.567274 -0.728441
vt 1.567268 -0.528844
vt 1.567268 -5.571324
vt 1.567268 -0.511351
vt 5.567274 -1.238219
vt 1.567268 -5.307841
vt 5.567274 -5.398540
vt 5.567274 -5.307841
vt -5.307841 -1.238219
vt -5.398540 -1.267076
vt -5.246282 -1.431725
vt 1.567268 -1.238219
vt 1.567268 -1.431725
vt 1.567268 -5.398540
vt 1.567268 -1.267076
vt 1.567268 -1.460582
vt 5.567274 -1.267076
vt -5.336980 -1.460582
vt 5.567274 -5.336980
vt 1.567268 -5.336980
vt 5.567274 -5.246282
vt 1.567268 -5.246282
vt 5.567274 -1.460582
vt -2.918700 -0.349559
vt 1.567268 -1.758012
vt 0.817268 -1.947642
vt -2.271867 -4.667663
vt 1.270228 -2.713725
vt 1.139313 -2.271867
vt 1.270228 -2.323503
vt 1.139313 -2.654967
vt -2.713725 -4.535399
vt -3.085552 -4.277941
vt 1.416816 -2.851891
vt 1.416816 -3.137852
vt 1.270228 -3.085552
vt 5.717725 -2.851891
vt 5.717725 -2.760600
vt 1.416816 -2.760600
vt 1.416816 -2.364683
vt 1.567268 -4.696312
vt 5.567274 -4.778747
vt 5.567274 -4.696312
vt 5.717725 -2.364683
vt -2.619279 -4.696312
vt -2.666868 -4.778747
vt -2.443419 -4.797851
vt 1.567268 -4.778747
vt -2.491008 -4.880284
vt 5.567274 -4.880284
vt 1.567268 -4.880284
vt 5.567274 -4.797851
vt 1.567268 -4.797851
vt 5.717725 -2.295891
vt 1.416816 -2.295891
vt 5.864314 -2.323503
vt 5.864314 -1.917100
vt 5.717725 -1.952354
vt 1.416816 -1.952354
vt -1.769737 -5.119347
vt -1.993834 -5.127843
vt -1.956737 -5.040184
vt 1.567268 -5.040184
vt 5.567274 -5.127843
vt 5.567274 -5.040184
vt 1.567268 -5.127843
vt -1.806840 -5.206981
vt 5.567274 -5.119347
vt 1.567268 -5.206981
vt 1.567268 -5.119347
vt 5.717725 -1.708208
vt 5.567274 -5.206981
vt 5.864314 -1.496855
vt 5.717725 -1.525981
vt 5.717725 -1.095512
vt 5.567274 -1.095512
vt 1.567268 -5.300035
vt 5.567274 -5.391576
vt 5.567274 -5.300035
vt -1.256962 -5.300035
vt -1.283006 -5.391576
vt -1.095512 -5.346471
vt 1.567268 -5.391576
vt -1.087694 -5.447155
vt 5.567274 -5.355602
vt 1.567268 -5.447155
vt 1.567268 -5.355602
vt -1.061650 -5.355602
vt 5.567274 -5.447155
vt 5.717725 -0.640935
vt 5.864314 -1.065184
vt 5.717725 -1.088005
vt 5.864314 -0.624541
vt 5.717725 -0.464744
vt 5.864314 -0.177458
vt 5.717725 -0.187340
vt 5.567274 -0.464744
vt -0.545158 -5.565966
vt -0.464744 -5.482897
vt -0.530553 -5.471910
vt -0.329899 -5.503063
vt 1.567268 -5.471910
vt 5.567274 -5.565966
vt 5.567274 -5.471910
vt -0.344499 -5.597118
vt 1.567268 -5.565966
vt 1.416816 -0.640935
vt 1.567268 -0.464744
vt 1.416816 -0.464744
vt 5.567274 -5.597118
vt 1.567268 -5.597118
vt 5.567274 -5.503063
vt 1.567268 -5.503063
vt 5.995234 -0.603978
vt 5.995234 -0.165074
vt 5.995234 -1.036558
vt 5.995234 -1.460344
vt 1.567268 -1.095512
vt 5.995234 -1.872905
vt 5.995234 -2.271867
vt 5.995234 -2.654967
vt 5.864314 -2.713725
vt 5.864314 -3.085552
vt 5.717725 -3.137852
vt 1.567268 -4.273632
vt 5.567274 -4.349584
vt 5.567274 -4.273632
vt -3.234544 -4.273632
vt -3.291899 -4.349584
vt -3.072496 -4.396007
vt -3.129851 -4.471959
vt 1.567268 -4.349584
vt 5.567274 -4.471959
vt 1.567268 -4.471959
vt 5.567274 -4.396007
vt 1.567268 -4.396007
vt 1.416816 -3.369920
vt 1.567268 -0.611937
vt 0.817268 -0.232841
vt 1.567268 -0.176085
vt 0.817268 0.253871
vt 1.567268 0.272920
vt 0.817268 0.745381
vt 1.567268 0.726338
vt 0.817268 1.232094
vt 1.567268 1.175337
vt 0.817268 1.704555
vt 1.567268 1.611189
vt 5.717725 0.270198
vt 1.567268 -5.553234
vt 5.567274 -5.648351
vt 5.567274 -5.553234
vt 0.211464 -5.553234
vt 0.208541 -5.648351
vt 0.414430 -5.559484
vt 1.567268 -5.648351
vt 0.411501 -5.654613
vt 5.567274 -5.559484
vt 1.567268 -5.654613
vt 1.567268 -5.559484
vt 5.567274 -5.654613
vt 1.567268 1.895662
vt 5.567274 1.895662
vt 1.895662 -5.397167
vt 1.717665 -5.533580
vt 1.697304 -5.440612
vt 5.567274 -5.397167
vt 1.567268 -5.490148
vt 1.567268 -5.397167
vt 1.916023 -5.490148
vt 1.567268 -5.533580
vt 5.567274 -5.533580
vt 1.567268 -5.440612
vt 1.567268 1.717665
vt 1.567268 1.916023
vt 5.567274 1.717665
vt 5.567274 -5.440612
vt 5.567274 1.916023
vt 5.567274 -5.490148
vt 5.567274 1.697304
vt 5.717725 1.640187
vt 5.995234 2.872158
vt 5.717725 4.493514
vt 5.567274 4.369173
vt 5.717725 4.369173
vt 1.416816 3.759853
vt 5.995234 -2.557702
vt 5.995234 -2.170434
vt 5.567274 -2.713109
vt 5.567274 -2.602172
vt -4.707793 -2.602172
vt -4.788719 -2.652269
vt -4.640019 -2.713109
vt 5.567274 -2.774804
vt -4.681822 -2.824914
vt -4.600902 -2.774804
vt 5.567274 -3.218566
vt 1.567268 -2.774804
vt 5.567274 -2.652269
vt 1.567268 -2.824914
vt 5.567274 -2.824914
vt 1.567268 -2.652269
vt 1.567268 -2.713109
vt 1.567268 -2.602172
vt 1.567268 -3.218566
vt 1.567268 -3.241210
vt -4.159471 -3.376769
vt -4.233623 -3.436425
vt -4.269084 -3.241210
vt -4.360924 -3.278222
vt -4.286772 -3.218566
vt 1.567268 -3.278222
vt 1.567268 -3.436425
vt 5.567274 -3.278222
vt 5.567274 -3.436425
vt 5.567274 -3.241210
vt -5.051476 -2.162951
vt 1.567268 -1.978478
vt 1.567268 -2.162951
vt 5.567274 -1.978478
vt 5.567274 -2.162951
vt 1.567268 1.516798
vt 1.567268 1.626088
vt -5.477769 1.516798
vt -5.571324 1.534291
vt -5.458196 1.626088
vt 1.567268 1.716407
vt -5.534013 1.733888
vt -5.440459 1.716407
vt 1.567268 1.733888
vt 1.567268 1.534291
vt 5.567274 1.733888
vt 5.567274 1.534291
vt 5.567274 1.626088
vt 5.567274 1.516798
vt 5.567274 1.716407
vt 5.567274 2.243666
vt 5.567274 2.253004
vt -5.305034 2.253004
vt -5.398540 2.272511
vt -5.307841 2.243666
vt 1.567268 2.243666
vt 5.567274 2.466029
vt 1.567268 2.272511
vt 5.567274 2.272511
vt 1.567268 2.466029
vt -5.336980 2.466029
vt -5.246282 2.437171
vt 1.270228 2.281551
vt 1.139313 1.820467
vt 1.270228 1.845082
vt 1.139313 2.248958
vt 1.416816 2.307539
vt 1.416816 2.403816
vt 1.270228 2.707814
vt 1.416816 2.740022
vt 1.270228 3.121437
vt 1.139313 2.667433
vt 1.416816 3.004848
vt 2.418587 6.253822
vt 2.641737 6.276100
vt 2.610103 6.186341
vt 5.567274 6.253822
vt 1.567268 6.343593
vt 1.567268 6.253822
vt 2.450222 6.343593
vt 1.567268 6.276100
vt 5.567274 6.276100
vt 1.567268 6.186341
vt 5.567274 6.186341
vt 5.567274 6.343593
vt 5.717725 2.403816
vt 5.717725 2.740022
vt 5.717725 3.004848
vt 5.864314 2.281551
vt 5.717725 2.307539
vt 5.717725 1.864699
vt 5.567274 1.781203
vt 1.895662 6.402601
vt 1.916023 6.495595
vt 1.781203 6.428517
vt 1.567268 6.402601
vt 5.567274 6.495595
vt 5.567274 6.402601
vt 1.717665 6.539027
vt 1.567268 6.495595
vt 5.567274 6.539027
vt 1.567268 6.539027
vt 5.567274 6.446058
vt 1.567268 6.446058
vt 1.697304 6.446058
vt 1.416816 1.864699
vt 1.567268 1.781203
vt 1.416816 1.781203
vt 5.717725 1.781203
vt 5.864314 1.845082
vt 5.995234 2.248958
vt 5.717725 3.159676
vt 5.567274 5.974415
vt 1.567268 6.059620
vt 1.567268 5.974415
vt 3.292562 5.883900
vt 3.334981 5.969105
vt 3.110787 5.974415
vt 5.567274 6.059620
vt 3.153212 6.059620
vt 1.567268 5.969105
vt 5.567274 5.969105
vt 1.567268 5.883900
vt 5.567274 5.883900
vt 1.416816 3.564089
vt 5.717725 3.564089
vt 1.416816 3.577504
vt 1.270228 3.520033
vt 1.416816 3.159676
vt 5.717725 3.577504
vt 5.864314 3.901332
vt 5.717725 3.950954
vt 5.567274 5.612062
vt 1.567268 5.691407
vt 1.567268 5.612062
vt 3.932674 5.499904
vt 3.985243 5.579237
vt 3.763399 5.612062
vt 5.567274 5.691407
vt 3.815974 5.691407
vt 1.567268 5.579237
vt 5.567274 5.579237
vt 1.567268 5.499904
vt 5.567274 5.499904
vt 5.717725 4.115285
vt 1.416816 4.115285
vt 1.416816 3.950954
vt 1.270228 3.901332
vt 1.270228 4.263148
vt 3.901332 5.415638
vt 4.263148 5.144288
vt 1.139313 3.464797
vt 1.139313 3.839119
vt 1.139313 3.073482
vt 4.194319 5.059401
vt 4.528352 4.766920
vt 4.839308 4.450026
vt 4.920156 4.523573
vt 4.603401 4.846375
vt 1.416816 4.612099
vt 1.416816 4.663264
vt 1.270228 4.603401
vt 1.567268 4.511598
vt 1.567268 4.661659
vt 4.911067 4.661659
vt 5.118202 4.575721
vt 5.047865 4.511598
vt 5.567274 4.511598
vt 1.567268 4.088026
vt 5.476027 3.810853
vt 5.211592 4.177735
vt 1.567268 3.460047
vt 1.567268 3.922291
vt 1.567268 3.987550
vt 5.460835 3.987550
vt 5.583724 3.977284
vt 5.506038 3.922291
vt 5.567274 3.922291
vt 5.567274 3.987550
vt 5.567274 3.460047
vt 5.567274 3.440455
vt 5.567274 3.281141
vt 5.803145 3.440455
vt 5.876100 3.505067
vt 5.792250 3.460047
vt 5.888313 3.281141
vt 5.972169 3.326173
vt 5.567274 3.326173
vt 1.567268 3.505067
vt 5.567274 3.505067
vt 1.567268 3.326173
vt 1.567268 3.281141
vt 1.567268 3.440455
vt 5.567274 4.088026
vt 5.388710 4.088026
vt 5.466395 4.143019
vt 5.567274 3.977284
vt 1.567268 4.143019
vt 5.567274 4.143019
vt 1.567268 3.977284
vt 4.744136 4.363453
vt 5.864314 4.603401
vt 5.717725 4.663264
vt 5.717725 4.612099
vt 5.567274 4.661659
vt 4.981404 4.725782
vt 5.567274 4.575721
vt 1.567268 4.725782
vt 5.567274 4.725782
vt 1.567268 4.575721
vt 5.864314 4.263148
vt 5.717725 4.318044
vt 4.366542 5.172255
vt 4.582674 5.112416
vt 4.520747 5.040138
vt 1.567268 5.040138
vt 5.567274 5.112416
vt 5.567274 5.040138
vt 1.567268 5.112416
vt 4.428462 5.244533
vt 5.567274 5.244533
vt 1.567268 5.244533
vt 5.567274 5.172255
vt 1.567268 5.172255
vt 1.416816 4.318044
vt 6.187050 1.260609
vt 6.314577 1.277613
vt 1.567268 0.604249
vt 5.567274 0.604249
vt 5.567274 6.561586
vt 1.567268 6.656758
vt 1.567268 6.561586
vt 6.561586 0.401197
vt 6.656758 0.401197
vt 6.561586 0.604249
vt 5.567274 6.656758
vt 6.656758 0.604249
vt 5.567274 6.642958
vt 1.567268 6.642958
vt 5.567274 6.548182
vt 1.567268 6.548182
vt 5.567274 -0.714745
vt 5.567274 2.914845
vt 5.567274 -1.222612
s 0
usemtl Black_Mosaic_Studded_Rubber
f 1/1/1 3/2/1 2/3/1
f 8/4/2 1/5/2 2/6/2
f 1/1/1 6/7/1 3/2/1
f 4/8/1 5/9/1 1/1/1
f 7/10/3 4/11/3 1/5/3
f 1/1/1 5/9/1 6/7/1
f 7/10/2 1/5/2 8/4/2
f 8/4/4 2/6/4 9/12/4
f 10/13/1 7/14/1 8/15/1
f 8/15/1 9/16/1 10/13/1
f 10/13/1 49/17/1 11/18/1
f 10/13/1 11/18/1 15/19/1
f 12/20/1 16/21/1 10/13/1
f 10/13/1 50/22/1 12/20/1
f 10/13/1 9/16/1 17/23/1
f 10/13/1 51/24/1 13/25/1
f 10/13/1 13/25/1 18/26/1
f 14/27/1 19/28/1 10/13/1
f 10/13/1 52/29/1 14/27/1
f 15/19/1 21/30/1 10/13/1
f 10/13/1 16/21/1 22/31/1
f 10/13/1 17/23/1 23/32/1
f 18/26/1 24/33/1 10/13/1
f 10/13/1 19/28/1 25/34/1
f 10/13/1 44/35/1 20/36/1
f 20/36/1 31/37/1 10/13/1
f 10/13/1 21/30/1 26/38/1
f 10/13/1 22/31/1 27/39/1
f 23/32/1 28/40/1 10/13/1
f 10/13/1 24/33/1 29/41/1
f 10/13/1 25/34/1 30/42/1
f 10/13/1 26/38/1 32/43/1
f 27/39/1 33/44/1 10/13/1
f 10/13/1 28/40/1 34/45/1
f 10/13/1 29/41/1 35/46/1
f 30/42/1 36/47/1 10/13/1
f 10/13/1 31/37/1 37/48/1
f 32/43/1 38/49/1 10/13/1
f 10/13/1 33/44/1 39/50/1
f 10/13/1 34/45/1 40/51/1
f 35/46/1 41/52/1 10/13/1
f 10/13/1 36/47/1 42/53/1
f 10/13/1 37/48/1 43/54/1
f 10/13/1 38/49/1 44/35/1
f 10/13/1 39/50/1 45/55/1
f 40/51/1 46/56/1 10/13/1
f 10/13/1 41/52/1 7/14/1
f 10/13/1 42/53/1 47/57/1
f 43/54/1 48/58/1 10/13/1
f 45/55/1 49/17/1 10/13/1
f 10/13/1 46/56/1 50/22/1
f 47/57/1 51/24/1 10/13/1
f 10/13/1 48/58/1 52/29/1
f 52/59/5 54/60/5 53/61/5
f 52/62/6 53/63/6 14/64/6
f 48/65/7 54/60/7 52/59/7
f 53/66/1 54/67/1 55/68/1
f 54/67/1 58/69/1 55/68/1
f 56/70/1 57/71/1 54/67/1
f 48/65/8 56/72/8 54/60/8
f 54/67/1 57/71/1 58/69/1
f 60/73/9 58/69/9 57/71/9
f 59/74/10 55/68/10 58/69/10
f 59/74/10 58/69/10 60/73/10
f 61/75/11 59/74/11 60/73/11
f 61/75/11 60/73/11 62/76/11
f 62/76/12 60/73/12 63/77/12
f 60/73/9 57/71/9 63/77/9
f 62/76/12 63/77/12 64/78/12
f 64/78/13 63/77/13 65/79/13
f 63/77/14 66/80/14 65/79/14
f 63/77/14 57/71/14 66/80/14
f 56/70/1 67/81/1 66/80/1
f 56/70/1 66/80/1 57/71/1
f 65/79/15 66/80/15 67/81/15
f 69/82/1 68/83/1 67/81/1
f 70/84/16 67/81/16 68/83/16
f 69/82/1 67/81/1 56/70/1
f 65/79/15 67/81/15 70/84/15
f 73/85/17 70/84/17 71/86/17
f 70/84/18 68/83/18 71/86/18
f 72/87/19 65/79/19 70/84/19
f 72/87/20 70/84/20 73/85/20
f 74/88/21 72/87/21 73/85/21
f 74/88/21 73/85/21 75/89/21
f 75/89/22 73/85/22 76/90/22
f 73/85/17 71/86/17 76/90/17
f 75/89/22 76/90/22 77/91/22
f 77/91/23 76/90/23 78/92/23
f 76/90/24 79/93/24 78/92/24
f 76/90/24 71/86/24 79/93/24
f 71/86/25 82/94/25 79/93/25
f 79/93/26 82/94/26 80/95/26
f 79/93/26 80/95/26 81/96/26
f 78/92/27 79/93/27 81/96/27
f 80/95/1 82/94/1 83/97/1
f 83/97/1 82/94/1 68/83/1
f 71/86/25 68/83/25 82/94/25
f 84/98/1 80/95/1 83/97/1
f 83/97/1 68/83/1 69/82/1
f 37/99/28 83/100/28 69/101/28
f 31/102/29 84/103/29 83/100/29
f 31/102/28 83/100/28 37/99/28
f 85/104/1 84/98/1 86/105/1
f 85/104/1 87/106/1 84/98/1
f 20/107/30 86/108/30 84/103/30
f 84/98/1 87/106/1 80/95/1
f 20/107/29 84/103/29 31/102/29
f 81/96/31 80/95/31 87/106/31
f 81/96/31 87/106/31 88/109/31
f 88/109/32 87/106/32 85/104/32
f 89/110/33 81/96/33 88/109/33
f 89/110/33 88/109/33 90/111/33
f 90/111/34 88/109/34 91/112/34
f 88/109/32 85/104/32 91/112/32
f 90/111/34 91/112/34 93/113/34
f 91/112/35 85/104/35 92/114/35
f 91/112/35 92/114/35 94/115/35
f 93/113/36 91/112/36 94/115/36
f 94/115/37 95/116/37 97/117/37
f 94/115/37 92/114/37 95/116/37
f 93/113/36 94/115/36 96/118/36
f 96/118/38 94/115/38 97/117/38
f 97/117/39 95/116/39 100/119/39
f 96/118/40 97/117/40 98/120/40
f 98/120/41 97/117/41 99/121/41
f 97/117/39 100/119/39 99/121/39
f 102/122/1 100/119/1 95/116/1
f 102/122/1 101/123/1 100/119/1
f 99/121/42 100/119/42 101/123/42
f 103/124/1 101/123/1 102/122/1
f 38/125/43 103/126/43 102/127/43
f 102/122/1 95/116/1 86/105/1
f 44/128/44 102/127/44 86/108/44
f 38/125/44 102/127/44 44/128/44
f 106/129/1 104/130/1 103/124/1
f 103/124/1 104/130/1 101/123/1
f 32/131/45 105/132/45 103/126/45
f 32/131/43 103/126/43 38/125/43
f 105/133/1 106/129/1 103/124/1
f 105/133/1 107/134/1 106/129/1
f 109/135/46 106/129/46 107/134/46
f 108/136/47 104/130/47 106/129/47
f 108/136/47 106/129/47 109/135/47
f 112/137/48 109/135/48 110/138/48
f 109/135/46 107/134/46 110/138/46
f 111/139/49 108/136/49 109/135/49
f 111/139/49 109/135/49 112/137/49
f 113/140/50 111/139/50 112/137/50
f 113/140/50 112/137/50 114/141/50
f 114/141/51 112/137/51 115/142/51
f 112/137/48 110/138/48 115/142/48
f 114/141/51 115/142/51 116/143/51
f 116/143/52 115/142/52 117/144/52
f 115/142/53 118/145/53 117/144/53
f 115/142/54 110/138/54 118/145/54
f 118/145/55 121/146/55 119/147/55
f 118/145/55 119/147/55 120/148/55
f 110/138/56 121/146/56 118/145/56
f 117/144/57 118/145/57 120/148/57
f 122/149/1 119/147/1 121/146/1
f 122/149/1 121/146/1 105/133/1
f 121/146/1 107/134/1 105/133/1
f 110/138/56 107/134/56 121/146/56
f 123/150/1 119/147/1 122/149/1
f 26/151/58 122/152/58 105/132/58
f 21/153/59 123/154/59 122/152/59
f 21/153/58 122/152/58 26/151/58
f 123/150/1 126/155/1 119/147/1
f 124/156/1 125/157/1 123/150/1
f 15/158/60 124/159/60 123/154/60
f 123/150/1 125/157/1 126/155/1
f 15/158/59 123/154/59 21/153/59
f 120/148/61 119/147/61 126/155/61
f 127/160/62 126/155/62 125/157/62
f 120/148/61 126/155/61 127/160/61
f 128/161/63 120/148/63 127/160/63
f 128/161/64 127/160/64 129/162/64
f 129/162/65 127/160/65 130/163/65
f 127/160/62 125/157/62 130/163/62
f 129/162/65 130/163/65 131/164/65
f 131/164/66 130/163/66 132/165/66
f 130/163/67 133/166/67 132/165/67
f 130/163/67 125/157/67 133/166/67
f 124/156/1 134/167/1 133/166/1
f 124/156/1 133/166/1 125/157/1
f 132/165/68 133/166/68 134/167/68
f 137/168/1 135/169/1 134/167/1
f 136/170/69 134/167/69 135/169/69
f 137/168/1 134/167/1 124/156/1
f 132/165/68 134/167/68 136/170/68
f 11/62/70 137/171/70 124/63/70
f 137/168/1 139/172/1 138/173/1
f 138/173/1 135/169/1 137/168/1
f 49/64/71 139/174/71 137/171/71
f 49/64/70 137/171/70 11/62/70
f 139/172/1 142/175/1 138/173/1
f 140/176/1 141/177/1 139/172/1
f 45/178/72 140/179/72 139/174/72
f 139/172/1 141/177/1 142/175/1
f 45/178/71 139/174/71 49/64/71
f 143/180/73 138/173/73 142/175/73
f 144/181/74 142/175/74 141/177/74
f 143/180/73 142/175/73 144/181/73
f 146/182/75 143/180/75 144/181/75
f 147/183/76 144/181/76 145/184/76
f 144/181/74 141/177/74 145/184/74
f 146/182/75 144/181/75 147/183/75
f 148/185/77 146/182/77 147/183/77
f 148/185/77 147/183/77 149/186/77
f 149/186/78 147/183/78 150/187/78
f 147/183/76 145/184/76 150/187/76
f 153/188/79 150/187/79 151/189/79
f 150/187/80 152/190/80 151/189/80
f 150/187/80 145/184/80 152/190/80
f 149/186/78 150/187/78 153/188/78
f 154/191/81 149/186/81 153/188/81
f 154/191/81 153/188/81 155/192/81
f 155/192/82 153/188/82 156/193/82
f 153/188/79 151/189/79 156/193/79
f 155/192/83 156/193/83 157/194/83
f 157/194/84 156/193/84 158/195/84
f 156/193/85 159/196/85 158/195/85
f 156/193/85 151/189/85 159/196/85
f 151/189/86 161/197/86 159/196/86
f 158/195/87 159/196/87 160/198/87
f 159/196/88 162/199/88 160/198/88
f 159/196/88 161/197/88 162/199/88
f 160/198/89 162/199/89 164/200/89
f 162/199/90 165/201/90 163/202/90
f 162/199/90 163/202/90 164/200/90
f 161/197/91 165/201/91 162/199/91
f 166/203/1 165/201/1 167/204/1
f 166/203/1 163/202/1 165/201/1
f 167/204/1 165/201/1 168/205/1
f 161/197/91 168/205/91 165/201/91
f 140/176/1 168/205/1 169/206/1
f 152/190/92 169/206/92 168/205/92
f 152/190/92 168/205/92 161/197/92
f 167/204/1 168/205/1 140/176/1
f 145/184/93 141/177/93 169/206/93
f 145/184/93 169/206/93 152/190/93
f 140/176/1 169/206/1 141/177/1
f 39/207/94 167/208/94 140/179/94
f 33/209/95 166/210/95 167/208/95
f 33/209/94 167/208/94 39/207/94
f 170/211/1 171/212/1 166/203/1
f 27/213/96 170/214/96 166/210/96
f 166/203/1 171/212/1 163/202/1
f 27/213/97 166/210/97 33/209/97
f 170/211/1 172/215/1 171/212/1
f 164/200/98 163/202/98 171/212/98
f 173/216/99 171/212/99 172/215/99
f 164/200/98 171/212/98 173/216/98
f 176/217/100 173/216/100 174/218/100
f 173/216/99 172/215/99 174/218/99
f 175/219/101 164/200/101 173/216/101
f 175/219/101 173/216/101 176/217/101
f 177/220/102 175/219/102 176/217/102
f 177/220/103 176/217/103 178/221/103
f 178/221/104 176/217/104 179/222/104
f 176/217/100 174/218/100 179/222/100
f 178/221/104 179/222/104 180/223/104
f 180/223/105 179/222/105 181/224/105
f 179/222/106 182/225/106 181/224/106
f 179/222/107 174/218/107 182/225/107
f 174/218/108 185/226/108 182/225/108
f 181/224/109 182/225/109 183/227/109
f 182/225/110 184/228/110 183/227/110
f 182/225/110 185/226/110 184/228/110
f 186/229/1 185/226/1 170/211/1
f 170/211/1 185/226/1 172/215/1
f 186/229/1 184/228/1 185/226/1
f 174/218/108 172/215/108 185/226/108
f 22/230/111 186/231/111 170/214/111
f 187/232/1 188/233/1 186/229/1
f 16/234/112 187/235/112 186/231/112
f 186/229/1 188/233/1 184/228/1
f 16/234/111 186/231/111 22/230/111
f 187/232/1 189/236/1 188/233/1
f 183/227/113 184/228/113 188/233/113
f 190/237/114 188/233/114 189/236/114
f 183/227/113 188/233/113 190/237/113
f 191/238/115 183/227/115 190/237/115
f 191/238/116 190/237/116 192/239/116
f 192/239/117 190/237/117 193/240/117
f 190/237/114 189/236/114 193/240/114
f 192/239/117 193/240/117 194/241/117
f 194/241/118 193/240/118 195/242/118
f 193/240/119 196/243/119 195/242/119
f 193/240/119 189/236/119 196/243/119
f 197/244/1 196/243/1 187/232/1
f 187/232/1 196/243/1 189/236/1
f 197/244/1 198/245/1 196/243/1
f 195/242/120 196/243/120 198/245/120
f 199/246/1 198/245/1 197/244/1
f 200/247/121 198/245/121 199/246/121
f 195/242/120 198/245/120 200/247/120
f 201/248/122 195/242/122 200/247/122
f 201/248/122 200/247/122 202/249/122
f 200/247/121 199/246/121 203/250/121
f 202/249/123 200/247/123 203/250/123
f 206/251/124 203/250/124 204/252/124
f 203/250/125 205/253/125 204/252/125
f 203/250/125 199/246/125 205/253/125
f 202/249/126 203/250/126 206/251/126
f 207/254/127 202/249/127 206/251/127
f 207/254/127 206/251/127 208/255/127
f 208/255/128 206/251/128 209/256/128
f 206/251/124 204/252/124 209/256/124
f 208/255/129 209/256/129 210/257/129
f 210/257/130 209/256/130 211/258/130
f 209/256/131 212/259/131 211/258/131
f 209/256/131 204/252/131 212/259/131
f 204/252/132 215/260/132 212/259/132
f 212/259/133 215/260/133 213/261/133
f 212/259/133 213/261/133 214/262/133
f 211/258/134 212/259/134 214/262/134
f 216/263/1 213/261/1 215/260/1
f 216/263/1 215/260/1 217/264/1
f 215/260/1 205/253/1 217/264/1
f 204/252/132 205/253/132 215/260/132
f 46/265/135 216/266/135 217/267/135
f 217/264/1 205/253/1 199/246/1
f 217/264/1 199/246/1 197/244/1
f 50/268/136 217/267/136 197/269/136
f 46/265/136 217/267/136 50/268/136
f 218/270/1 213/261/1 216/263/1
f 40/271/137 218/272/137 216/273/137
f 40/274/138 216/266/138 46/265/138
f 218/270/1 221/275/1 213/261/1
f 219/276/1 220/277/1 218/270/1
f 34/278/139 219/279/139 218/272/139
f 218/270/1 220/277/1 221/275/1
f 34/278/137 218/272/137 40/271/137
f 214/262/140 213/261/140 221/275/140
f 222/280/141 221/275/141 220/277/141
f 214/262/140 221/275/140 222/280/140
f 223/281/142 214/262/142 222/280/142
f 223/281/142 222/280/142 224/282/142
f 224/282/143 222/280/143 225/283/143
f 222/280/141 220/277/141 225/283/141
f 224/282/143 225/283/143 226/284/143
f 226/284/144 225/283/144 228/285/144
f 225/283/145 220/277/145 227/286/145
f 225/283/145 227/286/145 228/285/145
f 228/285/146 227/286/146 229/287/146
f 228/285/146 229/287/146 231/288/146
f 226/284/144 228/285/144 230/289/144
f 230/289/147 228/285/147 231/288/147
f 231/288/148 229/287/148 233/290/148
f 230/289/147 231/288/147 232/291/147
f 232/291/149 231/288/149 234/292/149
f 231/288/148 233/290/148 234/292/148
f 237/293/150 234/292/150 235/294/150
f 234/292/151 236/295/151 235/294/151
f 232/291/149 234/292/149 237/293/149
f 234/292/151 233/290/151 236/295/151
f 238/296/152 232/291/152 237/293/152
f 238/296/152 237/293/152 239/297/152
f 239/297/153 237/293/153 240/298/153
f 237/293/154 235/294/154 240/298/154
f 239/297/153 240/298/153 241/299/153
f 241/299/155 240/298/155 242/300/155
f 240/298/156 243/301/156 242/300/156
f 240/298/157 235/294/157 243/301/157
f 235/294/158 245/302/158 243/301/158
f 242/300/159 243/301/159 244/303/159
f 243/301/160 246/304/160 244/303/160
f 243/301/160 245/302/160 246/304/160
f 247/305/1 248/306/1 246/304/1
f 247/305/1 246/304/1 249/307/1
f 244/303/161 246/304/161 248/306/161
f 246/304/1 245/302/1 249/307/1
f 17/308/162 247/309/162 249/310/162
f 249/307/1 245/302/1 236/295/1
f 249/307/1 236/295/1 250/311/1
f 23/312/163 249/310/163 250/313/163
f 17/308/163 249/310/163 23/312/163
f 250/311/1 229/287/1 219/276/1
f 250/311/1 233/290/1 229/287/1
f 250/311/1 236/295/1 233/290/1
f 23/312/164 250/313/164 28/314/164
f 28/314/164 250/313/164 219/279/164
f 251/315/1 248/306/1 247/305/1
f 252/316/165 248/306/165 251/315/165
f 244/303/161 248/306/161 252/316/161
f 253/317/166 244/303/166 252/316/166
f 253/317/166 252/316/166 254/318/166
f 254/318/167 252/316/167 255/319/167
f 252/316/165 251/315/165 255/319/165
f 254/318/167 255/319/167 256/320/167
f 255/319/168 251/315/168 3/2/168
f 255/319/168 3/2/168 257/321/168
f 256/320/169 255/319/169 257/321/169
f 257/321/170 3/2/170 6/7/170
f 256/320/169 257/321/169 258/322/169
f 258/322/171 257/321/171 259/323/171
f 257/321/170 6/7/170 259/323/170
f 258/322/171 259/323/171 260/324/171
f 260/324/172 259/323/172 261/325/172
f 259/323/173 6/7/173 5/9/173
f 259/323/173 5/9/173 261/325/173
f 264/326/174 261/325/174 262/327/174
f 261/325/175 263/328/175 262/327/175
f 261/325/175 5/9/175 263/328/175
f 260/324/172 261/325/172 264/326/172
f 265/329/176 260/324/176 264/326/176
f 265/329/176 264/326/176 266/330/176
f 266/330/177 264/326/177 267/331/177
f 264/326/178 262/327/178 267/331/178
f 266/330/177 267/331/177 268/332/177
f 268/332/179 267/331/179 269/333/179
f 267/331/180 270/334/180 269/333/180
f 267/331/180 262/327/180 270/334/180
f 262/327/181 273/335/181 270/334/181
f 270/334/182 273/335/182 271/336/182
f 270/334/182 271/336/182 272/337/182
f 269/333/183 270/334/183 272/337/183
f 274/338/1 273/335/1 4/8/1
f 4/8/1 273/335/1 263/328/1
f 274/338/1 271/336/1 273/335/1
f 262/327/181 263/328/181 273/335/181
f 41/339/184 274/340/184 4/11/184
f 275/341/1 276/342/1 274/338/1
f 35/343/185 275/344/185 274/340/185
f 274/338/1 276/342/1 271/336/1
f 35/343/184 274/340/184 41/339/184
f 272/337/186 271/336/186 276/342/186
f 275/341/1 277/345/1 276/342/1
f 278/346/187 276/342/187 277/345/187
f 272/337/186 276/342/186 278/346/186
f 279/347/188 272/337/188 278/346/188
f 279/347/188 278/346/188 280/348/188
f 280/348/189 278/346/189 281/349/189
f 278/346/187 277/345/187 281/349/187
f 280/348/189 281/349/189 282/350/189
f 282/350/190 281/349/190 284/351/190
f 281/349/191 277/345/191 283/352/191
f 281/349/191 283/352/191 284/351/191
f 282/350/190 284/351/190 286/353/190
f 284/351/192 283/352/192 285/354/192
f 284/351/192 285/354/192 287/355/192
f 286/353/193 284/351/193 287/355/193
f 287/355/194 285/354/194 288/356/194
f 287/355/194 288/356/194 290/357/194
f 286/353/193 287/355/193 289/358/193
f 289/358/195 287/355/195 290/357/195
f 292/359/196 290/357/196 291/360/196
f 290/357/197 293/361/197 291/360/197
f 290/357/197 288/356/197 293/361/197
f 289/358/198 290/357/198 292/359/198
f 294/362/1 295/363/1 293/361/1
f 294/362/1 293/361/1 296/364/1
f 291/360/199 293/361/199 295/363/199
f 296/364/1 293/361/1 288/356/1
f 296/364/1 288/356/1 297/365/1
f 24/274/200 296/267/200 297/266/200
f 18/265/201 294/269/201 296/267/201
f 18/265/200 296/267/200 24/274/200
f 288/356/1 285/354/1 297/365/1
f 297/365/1 285/354/1 283/352/1
f 297/365/1 283/352/1 275/341/1
f 29/366/202 297/367/202 275/344/202
f 24/368/202 297/367/202 29/366/202
f 298/369/1 295/363/1 294/362/1
f 299/370/203 295/363/203 298/369/203
f 291/360/199 295/363/199 299/370/199
f 299/370/203 298/369/203 300/371/203
f 301/372/204 291/360/204 299/370/204
f 302/373/205 299/370/205 300/371/205
f 301/372/204 299/370/204 302/373/204
f 303/374/206 301/372/206 302/373/206
f 303/374/206 302/373/206 304/375/206
f 304/375/207 302/373/207 305/376/207
f 302/373/205 300/371/205 305/376/205
f 308/377/208 305/376/208 306/378/208
f 305/376/209 307/379/209 306/378/209
f 305/376/209 300/371/209 307/379/209
f 304/375/207 305/376/207 308/377/207
f 309/380/210 304/375/210 308/377/210
f 309/380/210 308/377/210 310/381/210
f 310/381/211 308/377/211 311/382/211
f 308/377/208 306/378/208 311/382/208
f 310/381/212 311/382/212 312/383/212
f 312/383/213 311/382/213 313/384/213
f 311/382/214 314/385/214 313/384/214
f 311/382/214 306/378/214 314/385/214
f 306/378/215 316/386/215 314/385/215
f 313/384/216 314/385/216 315/387/216
f 314/385/217 317/388/217 315/387/217
f 314/385/217 316/386/217 317/388/217
f 315/387/218 317/388/218 320/389/218
f 317/388/219 319/390/219 318/391/219
f 317/388/219 318/391/219 320/389/219
f 316/386/220 319/390/220 317/388/220
f 315/387/218 320/389/218 321/392/218
f 321/392/221 320/389/221 322/393/221
f 320/389/222 318/391/222 323/394/222
f 320/389/223 323/394/223 322/393/223
f 324/395/1 325/396/1 323/394/1
f 324/395/1 323/394/1 318/391/1
f 322/393/224 323/394/224 325/396/224
f 326/397/1 325/396/1 324/395/1
f 326/397/1 327/398/1 325/396/1
f 328/399/225 325/396/225 327/398/225
f 322/393/224 325/396/224 328/399/224
f 330/400/226 322/393/226 328/399/226
f 331/401/227 328/399/227 329/402/227
f 328/399/225 327/398/225 329/402/225
f 330/400/226 328/399/226 331/401/226
f 332/403/228 330/400/228 331/401/228
f 332/403/228 331/401/228 333/404/228
f 333/404/229 331/401/229 334/405/229
f 331/401/227 329/402/227 334/405/227
f 333/404/229 334/405/229 335/406/229
f 335/406/230 334/405/230 336/407/230
f 334/405/231 337/408/231 336/407/231
f 334/405/231 329/402/231 337/408/231
f 336/407/232 337/408/232 340/409/232
f 337/408/233 339/410/233 338/411/233
f 337/408/233 338/411/233 340/409/233
f 329/402/234 339/410/234 337/408/234
f 336/407/232 340/409/232 342/412/232
f 340/409/235 338/411/235 341/413/235
f 340/409/235 341/413/235 343/414/235
f 342/412/236 340/409/236 343/414/236
f 343/414/237 341/413/237 346/415/237
f 342/412/236 343/414/236 344/416/236
f 344/416/238 343/414/238 345/417/238
f 343/414/237 346/415/237 345/417/237
f 349/418/1 347/419/1 346/415/1
f 345/417/239 346/415/239 347/419/239
f 349/418/1 346/415/1 348/420/1
f 348/420/1 346/415/1 341/413/1
f 350/421/1 349/418/1 351/422/1
f 350/421/1 347/419/1 349/418/1
f 19/178/240 351/171/240 349/174/240
f 25/207/241 349/174/241 348/179/241
f 19/178/241 349/174/241 25/207/241
f 53/66/1 352/423/1 351/422/1
f 351/422/1 352/423/1 353/424/1
f 351/422/1 353/424/1 350/421/1
f 14/64/6 53/63/6 351/171/6
f 14/64/240 351/171/240 19/178/240
f 355/425/242 353/424/242 352/423/242
f 354/426/243 350/421/243 353/424/243
f 354/426/243 353/424/243 355/425/243
f 357/427/244 354/426/244 355/425/244
f 358/428/245 355/425/245 356/429/245
f 355/425/242 352/423/242 356/429/242
f 357/427/244 355/425/244 358/428/244
f 359/430/246 357/427/246 358/428/246
f 359/430/246 358/428/246 360/431/246
f 360/431/247 358/428/247 361/432/247
f 358/428/245 356/429/245 361/432/245
f 360/431/247 361/432/247 362/433/247
f 362/433/248 361/432/248 363/434/248
f 361/432/249 364/435/249 363/434/249
f 361/432/249 356/429/249 364/435/249
f 363/434/250 364/435/250 59/74/250
f 356/429/251 365/436/251 364/435/251
f 364/435/252 365/436/252 55/68/252
f 364/435/252 55/68/252 59/74/252
f 53/66/1 365/436/1 352/423/1
f 356/429/251 352/423/251 365/436/251
f 55/68/1 365/436/1 53/66/1
f 366/437/253 363/434/253 61/75/253
f 363/434/250 59/74/250 61/75/250
f 362/433/248 363/434/248 366/437/248
f 367/438/254 362/433/254 366/437/254
f 367/438/254 366/437/254 368/439/254
f 368/439/255 366/437/255 369/440/255
f 366/437/253 61/75/253 369/440/253
f 368/439/255 369/440/255 370/441/255
f 370/441/256 369/440/256 371/442/256
f 369/440/257 62/76/257 371/442/257
f 369/440/257 61/75/257 62/76/257
f 370/441/256 371/442/256 372/443/256
f 372/443/258 371/442/258 373/444/258
f 371/442/259 64/78/259 373/444/259
f 371/442/259 62/76/259 64/78/259
f 374/445/260 373/444/260 74/88/260
f 373/444/261 72/87/261 74/88/261
f 373/444/261 64/78/261 72/87/261
f 372/443/258 373/444/258 374/445/258
f 375/446/262 372/443/262 374/445/262
f 375/446/262 374/445/262 376/447/262
f 376/447/263 374/445/263 377/448/263
f 374/445/260 74/88/260 377/448/260
f 376/447/263 377/448/263 378/449/263
f 378/449/264 377/448/264 379/450/264
f 377/448/265 75/89/265 379/450/265
f 377/448/266 74/88/266 75/89/266
f 378/449/264 379/450/264 380/451/264
f 380/451/267 379/450/267 381/452/267
f 379/450/268 77/91/268 381/452/268
f 379/450/268 75/89/268 77/91/268
f 384/453/269 381/452/269 382/454/269
f 381/452/270 383/455/270 382/454/270
f 381/452/271 77/91/271 383/455/271
f 380/451/267 381/452/267 384/453/267
f 385/456/272 380/457/272 384/458/272
f 385/456/272 384/458/272 387/459/272
f 387/459/273 384/458/273 386/460/273
f 384/453/274 382/454/274 386/461/274
f 388/462/275 389/463/275 387/459/275
f 387/459/276 386/460/276 388/462/276
f 387/459/277 389/463/277 390/464/277
f 387/459/278 390/464/278 385/456/278
f 385/456/279 390/464/279 391/465/279
f 392/466/280 391/465/280 390/464/280
f 392/466/281 390/464/281 393/467/281
f 393/467/282 390/464/282 389/463/282
f 393/467/283 389/463/283 394/468/283
f 394/469/284 395/470/284 393/471/284
f 393/472/1 395/473/1 392/474/1
f 396/475/284 395/470/284 394/469/284
f 396/476/285 398/477/285 395/478/285
f 395/478/285 398/477/285 397/479/285
f 392/474/1 395/473/1 397/480/1
f 392/481/286 398/482/286 399/483/286
f 398/480/287 396/473/287 399/474/287
f 397/484/286 398/482/286 392/481/286
f 394/468/288 400/485/288 399/486/288
f 399/474/287 396/473/287 394/472/287
f 399/486/289 400/485/289 401/487/289
f 399/486/290 401/487/290 392/466/290
f 401/487/291 402/488/291 391/465/291
f 401/487/290 391/465/290 392/466/290
f 401/487/292 400/485/292 403/489/292
f 405/490/291 402/488/291 401/487/291
f 404/491/293 401/487/293 403/489/293
f 405/490/294 401/487/294 404/491/294
f 405/490/295 409/492/295 402/488/295
f 406/493/296 407/494/296 405/490/296
f 408/495/297 406/493/297 405/490/297
f 407/494/295 409/492/295 405/490/295
f 405/490/298 410/496/298 408/495/298
f 404/491/298 410/496/298 405/490/298
f 411/497/299 408/495/299 410/496/299
f 413/498/300 411/497/300 410/496/300
f 404/491/301 412/499/301 410/496/301
f 414/500/302 410/496/302 412/499/302
f 413/498/302 410/496/302 414/500/302
f 417/445/303 415/443/303 414/447/303
f 414/447/303 415/443/303 416/446/303
f 414/447/304 416/446/304 413/501/304
f 414/447/305 412/449/305 417/445/305
f 418/444/306 419/442/306 417/445/306
f 417/445/307 420/448/307 418/444/307
f 417/445/306 419/442/306 415/443/306
f 417/445/308 412/449/308 420/448/308
f 422/450/309 420/448/309 421/451/309
f 421/451/310 420/448/310 412/449/310
f 418/444/307 420/448/307 423/88/307
f 422/450/311 423/88/311 420/448/311
f 418/444/312 423/88/312 424/78/312
f 424/78/312 423/88/312 425/87/312
f 426/89/313 425/87/313 423/88/313
f 426/89/314 423/88/314 422/450/314
f 426/89/315 428/452/315 427/91/315
f 426/89/316 427/91/316 429/85/316
f 422/450/317 428/452/317 426/89/317
f 429/85/318 425/87/318 426/89/318
f 429/85/316 427/91/316 432/90/316
f 429/85/319 432/90/319 430/84/319
f 430/84/320 431/79/320 429/85/320
f 429/85/320 431/79/320 425/87/320
f 427/91/321 435/455/321 432/90/321
f 432/90/322 434/92/322 433/86/322
f 430/84/319 432/90/319 433/86/319
f 432/90/321 435/455/321 434/92/321
f 438/502/323 434/92/323 435/455/323
f 438/502/324 435/455/324 436/503/324
f 436/503/324 435/455/324 437/454/324
f 427/91/325 437/454/325 435/455/325
f 438/502/326 440/504/326 439/505/326
f 438/502/327 439/505/327 441/110/327
f 436/503/326 440/504/326 438/502/326
f 441/110/323 434/92/323 438/502/323
f 441/110/327 439/505/327 444/111/327
f 441/110/328 444/111/328 442/96/328
f 442/96/329 443/93/329 441/110/329
f 441/110/329 443/93/329 434/92/329
f 446/113/330 445/109/330 444/111/330
f 442/96/328 444/111/328 445/109/328
f 446/113/331 444/111/331 447/506/331
f 447/506/332 444/111/332 439/505/332
f 447/506/333 439/505/333 448/507/333
f 450/508/334 447/506/334 448/507/334
f 449/509/335 446/113/335 447/506/335
f 449/509/334 447/506/334 450/508/334
f 450/508/336 448/507/336 451/510/336
f 452/511/337 449/509/337 450/508/337
f 453/512/338 450/508/338 451/510/338
f 452/511/338 450/508/338 453/512/338
f 456/513/339 454/514/339 453/515/339
f 453/515/340 454/514/340 455/516/340
f 453/512/341 455/517/341 452/511/341
f 453/515/342 451/518/342 456/513/342
f 456/513/343 458/519/343 454/514/343
f 456/513/344 451/518/344 457/520/344
f 456/513/345 457/520/345 459/521/345
f 459/521/346 458/519/346 456/513/346
f 462/522/347 458/519/347 459/521/347
f 462/522/347 459/521/347 460/523/347
f 460/523/348 459/521/348 461/524/348
f 459/521/349 457/520/349 461/524/349
f 462/522/350 464/525/350 463/526/350
f 463/526/351 458/519/351 462/522/351
f 462/527/287 466/528/287 464/529/287
f 460/530/287 465/531/287 462/527/287
f 462/527/287 465/531/287 466/528/287
f 466/532/352 467/533/352 464/534/352
f 466/535/353 465/536/353 467/537/353
f 469/531/1 468/530/1 467/528/1
f 467/528/1 468/530/1 471/527/1
f 464/534/352 467/533/352 470/538/352
f 467/537/353 465/536/353 469/539/353
f 467/528/1 471/527/1 470/529/1
f 472/540/354 470/541/354 471/542/354
f 472/540/347 471/542/347 473/543/347
f 473/543/347 471/542/347 468/544/347
f 472/540/355 473/543/355 475/545/355
f 475/545/356 473/543/356 474/546/356
f 468/544/357 474/546/357 473/543/357
f 476/547/358 477/548/358 475/545/358
f 475/545/359 480/549/359 476/547/359
f 475/545/360 477/548/360 472/540/360
f 475/545/361 474/546/361 478/550/361
f 478/550/362 479/551/362 475/545/362
f 475/545/363 479/551/363 480/549/363
f 479/512/364 482/552/364 480/517/364
f 476/547/365 480/549/365 481/553/365
f 480/517/366 483/554/366 481/555/366
f 480/517/367 482/552/367 483/554/367
f 481/555/368 483/554/368 484/556/368
f 482/552/369 485/557/369 483/554/369
f 483/554/370 113/140/370 484/556/370
f 483/554/370 485/557/370 113/140/370
f 485/557/371 111/139/371 113/140/371
f 487/558/372 486/559/372 485/557/372
f 485/557/371 486/559/371 111/139/371
f 482/552/373 487/558/373 485/557/373
f 488/511/374 489/560/374 487/558/374
f 488/511/374 487/558/374 482/552/374
f 489/560/375 490/561/375 487/558/375
f 487/558/372 490/561/372 486/559/372
f 489/560/375 98/120/375 490/561/375
f 98/120/41 99/121/41 490/561/41
f 490/561/376 491/562/376 486/559/376
f 490/561/376 99/121/376 491/562/376
f 491/562/377 101/123/377 104/130/377
f 491/562/377 104/130/377 108/136/377
f 486/559/378 491/562/378 108/136/378
f 99/121/42 101/123/42 491/562/42
f 492/508/379 489/560/379 488/511/379
f 492/508/379 493/509/379 489/560/379
f 493/509/380 98/120/380 489/560/380
f 493/509/381 96/118/381 98/120/381
f 495/506/382 96/118/382 493/509/382
f 494/507/383 495/506/383 493/509/383
f 494/507/383 493/509/383 492/508/383
f 496/504/384 497/505/384 495/506/384
f 496/504/385 495/506/385 494/507/385
f 497/505/386 93/113/386 495/506/386
f 495/506/387 93/113/387 96/118/387
f 498/503/388 499/502/388 497/505/388
f 498/503/389 497/505/389 496/504/389
f 499/502/390 90/111/390 497/505/390
f 497/505/386 90/111/386 93/113/386
f 382/454/391 383/455/391 499/502/391
f 382/454/392 499/502/392 498/503/392
f 383/455/393 89/110/393 499/502/393
f 499/502/390 89/110/390 90/111/390
f 386/461/394 382/454/394 498/503/394
f 500/563/395 498/503/395 496/504/395
f 386/461/396 498/503/396 500/563/396
f 388/462/397 500/564/397 501/565/397
f 501/565/398 500/564/398 502/566/398
f 388/462/397 386/460/397 500/564/397
f 500/563/399 496/504/399 502/567/399
f 504/568/400 502/566/400 503/569/400
f 502/567/401 494/507/401 503/570/401
f 502/567/401 496/504/401 494/507/401
f 501/565/398 502/566/398 504/568/398
f 505/571/402 501/565/402 504/568/402
f 504/568/403 508/572/403 505/571/403
f 506/573/404 507/574/404 504/568/404
f 504/568/405 503/569/405 506/573/405
f 504/568/406 507/574/406 508/572/406
f 505/571/407 508/572/407 509/575/407
f 509/575/408 508/572/408 507/574/408
f 509/575/409 510/576/409 505/571/409
f 509/577/1 511/578/1 510/579/1
f 512/580/410 511/581/410 509/582/410
f 509/575/411 507/574/411 512/583/411
f 512/583/411 507/574/411 513/584/411
f 512/583/412 513/584/412 515/585/412
f 512/583/413 515/585/413 514/586/413
f 514/579/287 516/578/287 512/577/287
f 516/587/410 511/581/410 512/580/410
f 516/588/414 517/589/414 511/590/414
f 517/591/287 516/578/287 514/579/287
f 518/592/415 517/593/415 510/594/415
f 510/594/416 517/593/416 514/595/416
f 511/590/414 517/589/414 518/596/414
f 510/579/1 511/578/1 518/591/1
f 521/597/417 515/585/417 513/584/417
f 514/586/418 515/585/418 519/598/418
f 519/598/419 515/585/419 520/599/419
f 520/599/420 515/585/420 521/597/420
f 521/597/421 513/584/421 524/600/421
f 521/597/422 523/601/422 520/599/422
f 522/602/423 523/601/423 521/597/423
f 457/520/424 522/602/424 521/597/424
f 457/520/425 521/597/425 461/524/425
f 461/524/426 521/597/426 524/600/426
f 507/574/427 525/603/427 524/600/427
f 524/600/428 525/603/428 526/604/428
f 524/600/429 526/604/429 461/524/429
f 524/600/427 513/584/427 507/574/427
f 461/524/430 526/604/430 527/605/430
f 526/606/287 530/607/287 527/608/287
f 525/603/428 528/609/428 526/604/428
f 528/610/431 529/611/431 526/612/431
f 529/613/287 530/607/287 526/606/287
f 530/614/432 531/615/432 527/616/432
f 530/617/433 529/618/433 531/619/433
f 527/616/432 531/615/432 533/620/432
f 531/619/433 529/618/433 532/621/433
f 528/606/1 531/607/1 532/613/1
f 533/608/1 531/607/1 528/606/1
f 474/546/434 527/605/434 533/622/434
f 474/546/435 533/622/435 525/603/435
f 525/603/436 533/622/436 528/609/436
f 532/623/431 529/611/431 528/610/431
f 461/524/434 527/605/434 474/546/434
f 478/550/437 474/546/437 525/603/437
f 478/550/438 525/603/438 506/573/438
f 506/573/439 525/603/439 507/574/439
f 534/624/440 520/599/440 523/601/440
f 522/570/441 440/504/441 523/567/441
f 436/503/442 523/567/442 440/504/442
f 534/563/443 523/567/443 436/503/443
f 535/625/444 520/599/444 534/624/444
f 534/624/445 536/626/445 535/625/445
f 436/503/446 437/454/446 534/563/446
f 534/563/447 437/454/447 536/461/447
f 535/625/445 536/626/445 537/627/445
f 538/628/448 537/627/448 536/626/448
f 428/452/449 536/461/449 437/454/449
f 538/453/450 536/461/450 428/452/450
f 403/489/451 537/627/451 538/628/451
f 422/450/452 538/453/452 428/452/452
f 421/629/453 403/489/453 538/628/453
f 421/451/454 538/453/454 422/450/454
f 535/625/455 537/627/455 541/630/455
f 539/631/456 540/632/456 537/627/456
f 403/489/457 539/631/457 537/627/457
f 541/630/455 537/627/455 540/632/455
f 519/598/458 541/630/458 542/633/458
f 541/630/459 519/598/459 535/625/459
f 542/633/460 541/630/460 545/634/460
f 540/632/461 543/635/461 541/630/461
f 541/630/462 543/635/462 544/636/462
f 541/630/460 544/636/460 545/634/460
f 544/637/463 546/638/463 545/639/463
f 545/640/1 546/641/1 547/642/1
f 542/633/464 545/634/464 548/643/464
f 548/643/465 545/634/465 547/644/465
f 501/565/466 542/633/466 548/643/466
f 501/565/466 548/643/466 388/462/466
f 388/462/467 548/643/467 389/463/467
f 548/643/468 547/644/468 389/463/468
f 547/644/469 543/635/469 539/631/469
f 389/463/469 547/644/469 539/631/469
f 547/645/470 550/646/470 543/647/470
f 549/648/470 550/646/470 547/645/470
f 547/642/1 546/641/1 549/649/1
f 546/650/471 550/651/471 549/652/471
f 551/653/471 550/651/471 546/650/471
f 550/649/287 551/641/287 543/642/287
f 551/654/463 546/638/463 544/637/463
f 543/642/287 551/641/287 544/640/287
f 539/631/472 543/635/472 540/632/472
f 505/571/473 542/633/473 501/565/473
f 505/571/458 519/598/458 542/633/458
f 394/468/283 389/463/283 539/631/283
f 394/468/474 539/631/474 400/485/474
f 400/485/475 539/631/475 403/489/475
f 535/625/476 519/598/476 520/599/476
f 448/507/477 440/504/477 522/570/477
f 451/510/336 448/507/336 522/570/336
f 451/518/478 522/602/478 457/520/478
f 514/586/479 519/598/479 510/576/479
f 505/571/479 510/576/479 519/598/479
f 506/573/480 552/655/480 478/550/480
f 506/573/480 503/569/480 552/655/480
f 478/550/481 552/655/481 479/551/481
f 552/510/482 488/511/482 479/512/482
f 503/570/483 492/508/483 552/510/483
f 552/510/482 492/508/482 488/511/482
f 503/570/483 494/507/483 492/508/483
f 479/512/484 488/511/484 482/552/484
f 486/559/378 108/136/378 111/139/378
f 481/555/485 484/556/485 553/656/485
f 553/656/486 484/556/486 554/657/486
f 484/556/487 114/141/487 554/657/487
f 484/556/487 113/140/487 114/141/487
f 553/656/486 554/657/486 555/658/486
f 555/658/488 554/657/488 556/659/488
f 554/657/489 116/143/489 556/659/489
f 554/657/489 114/141/489 116/143/489
f 559/660/490 556/659/490 557/661/490
f 556/659/491 558/662/491 557/661/491
f 556/659/491 116/143/491 558/662/491
f 555/658/488 556/659/488 559/660/488
f 561/663/492 559/664/492 560/665/492
f 560/665/493 559/664/493 562/666/493
f 561/663/494 555/667/494 559/664/494
f 559/660/490 557/661/490 562/668/490
f 560/665/493 562/666/493 563/669/493
f 563/669/495 562/666/495 564/670/495
f 562/668/496 565/671/496 564/672/496
f 562/668/497 557/661/497 565/671/497
f 557/661/498 567/673/498 565/671/498
f 564/672/499 565/671/499 566/674/499
f 565/671/500 568/675/500 566/674/500
f 565/671/500 567/673/500 568/675/500
f 566/674/501 568/675/501 569/676/501
f 567/673/502 129/162/502 568/675/502
f 568/675/503 131/164/503 569/676/503
f 568/675/503 129/162/503 131/164/503
f 566/674/501 569/676/501 570/677/501
f 570/677/504 569/676/504 571/678/504
f 569/676/505 572/679/505 571/678/505
f 569/676/505 131/164/505 572/679/505
f 571/678/506 572/679/506 573/680/506
f 131/164/66 132/165/66 572/679/66
f 572/679/507 136/170/507 573/680/507
f 572/679/507 132/165/507 136/170/507
f 571/678/506 573/680/506 574/681/506
f 574/681/508 573/680/508 575/682/508
f 573/680/509 576/683/509 575/682/509
f 573/680/509 136/170/509 576/683/509
f 575/682/510 576/683/510 143/180/510
f 576/683/511 138/173/511 143/180/511
f 576/683/511 135/169/511 138/173/511
f 136/170/69 135/169/69 576/683/69
f 574/681/512 575/682/512 577/684/512
f 577/684/513 575/682/513 146/182/513
f 575/682/510 143/180/510 146/182/510
f 578/685/514 574/681/514 577/684/514
f 579/686/515 577/684/515 148/185/515
f 577/684/513 146/182/513 148/185/513
f 578/685/514 577/684/514 579/686/514
f 580/687/516 578/685/516 579/686/516
f 580/687/516 579/686/516 581/688/516
f 581/688/517 579/686/517 582/689/517
f 579/686/515 148/185/515 582/689/515
f 583/690/518 582/689/518 154/191/518
f 582/689/519 149/186/519 154/191/519
f 582/689/519 148/185/519 149/186/519
f 581/688/520 582/689/520 583/690/520
f 584/691/521 581/692/521 583/693/521
f 584/691/522 583/693/522 585/694/522
f 585/694/523 583/693/523 586/695/523
f 583/690/518 154/191/518 586/696/518
f 585/694/523 586/695/523 587/697/523
f 587/697/524 586/695/524 588/698/524
f 586/696/525 155/192/525 588/699/525
f 586/696/525 154/191/525 155/192/525
f 587/697/526 588/698/526 589/700/526
f 589/700/527 588/698/527 590/701/527
f 588/699/528 157/194/528 590/702/528
f 588/699/529 155/192/529 157/194/529
f 593/703/530 590/701/530 591/704/530
f 590/702/531 592/705/531 591/706/531
f 590/702/532 157/194/532 592/705/532
f 589/700/527 590/701/527 593/703/527
f 594/707/533 595/708/533 593/703/533
f 593/703/530 591/704/530 594/707/530
f 593/703/534 595/708/534 596/709/534
f 593/703/535 596/709/535 589/700/535
f 599/710/536 596/709/536 595/708/536
f 589/700/537 596/709/537 597/711/537
f 600/712/538 597/711/538 596/709/538
f 598/713/539 596/709/539 599/710/539
f 601/714/540 596/709/540 598/713/540
f 600/712/540 596/709/540 601/714/540
f 601/714/541 603/715/541 602/716/541
f 602/717/287 604/718/287 601/719/287
f 601/714/542 598/713/542 603/715/542
f 601/720/543 605/721/543 600/722/543
f 604/723/543 605/721/543 601/720/543
f 600/719/1 605/718/1 608/717/1
f 605/724/544 607/725/544 606/726/544
f 608/717/1 605/718/1 606/727/1
f 604/728/544 607/725/544 605/724/544
f 608/729/545 609/730/545 597/711/545
f 608/729/546 597/711/546 600/712/546
f 610/731/547 609/730/547 608/729/547
f 602/716/547 610/731/547 608/729/547
f 608/732/548 607/733/548 602/734/548
f 606/735/548 607/733/548 608/732/548
f 610/731/549 612/736/549 609/730/549
f 611/737/549 612/736/549 610/731/549
f 611/737/550 610/731/550 614/738/550
f 602/716/551 603/715/551 610/731/551
f 610/731/552 603/715/552 613/739/552
f 614/738/553 610/731/553 613/739/553
f 615/740/554 611/737/554 614/738/554
f 617/741/555 615/740/555 614/738/555
f 614/738/556 613/739/556 616/742/556
f 618/743/557 614/738/557 616/742/557
f 617/741/557 614/738/557 618/743/557
f 621/689/558 619/686/558 618/690/558
f 618/690/559 619/686/559 620/688/559
f 618/743/560 620/744/560 617/741/560
f 618/690/561 616/696/561 621/689/561
f 621/689/562 623/684/562 619/686/562
f 621/689/561 616/696/561 624/191/561
f 621/689/563 624/191/563 622/185/563
f 622/185/562 623/684/562 621/689/562
f 616/696/564 625/699/564 624/191/564
f 624/191/564 625/699/564 626/192/564
f 624/191/565 626/192/565 627/186/565
f 622/185/563 624/191/563 627/186/563
f 627/186/566 630/188/566 628/183/566
f 629/182/567 627/186/567 628/183/567
f 622/185/567 627/186/567 629/182/567
f 627/186/568 626/192/568 630/188/568
f 626/192/569 633/194/569 630/188/569
f 630/188/570 632/193/570 631/187/570
f 628/183/566 630/188/566 631/187/566
f 630/188/569 633/194/569 632/193/569
f 635/705/571 633/194/571 634/706/571
f 634/706/571 633/194/571 636/702/571
f 635/705/572 632/193/572 633/194/572
f 626/192/573 636/702/573 633/194/573
f 638/745/574 636/746/574 637/747/574
f 625/748/575 637/747/575 636/746/575
f 634/749/574 636/746/574 638/745/574
f 625/699/576 636/702/576 626/192/576
f 641/750/577 639/751/577 638/745/577
f 638/745/578 639/751/578 640/752/578
f 638/745/579 637/747/579 641/750/579
f 638/745/580 640/752/580 634/749/580
f 641/750/581 644/753/581 639/751/581
f 643/754/582 642/755/582 641/750/582
f 641/750/583 642/755/583 644/753/583
f 641/750/579 637/747/579 643/754/579
f 644/753/584 645/756/584 639/751/584
f 642/757/287 646/758/287 644/759/287
f 644/760/585 647/761/585 645/762/585
f 646/763/585 647/761/585 644/760/585
f 646/764/586 649/765/586 647/766/586
f 645/759/1 647/758/1 599/757/1
f 599/757/1 647/758/1 648/767/1
f 647/766/586 649/765/586 648/768/586
f 648/769/587 649/770/587 599/771/587
f 599/771/587 649/770/587 642/772/587
f 649/767/287 646/758/287 642/757/287
f 639/751/584 645/756/584 650/773/584
f 599/710/588 595/708/588 645/756/588
f 645/756/589 651/774/589 650/773/589
f 645/756/590 595/708/590 651/774/590
f 650/773/591 651/774/591 594/707/591
f 594/707/533 651/774/533 595/708/533
f 594/707/592 652/775/592 650/773/592
f 653/776/593 650/773/593 652/775/593
f 639/751/594 650/773/594 653/776/594
f 653/776/595 652/775/595 655/777/595
f 653/776/594 654/778/594 639/751/594
f 653/779/596 657/780/596 654/781/596
f 655/782/1 658/783/1 653/784/1
f 656/785/596 657/780/596 653/779/596
f 653/784/1 658/783/1 656/786/1
f 659/787/597 658/788/597 655/789/597
f 660/790/597 658/788/597 659/787/597
f 658/791/598 657/792/598 656/793/598
f 660/794/598 657/792/598 658/791/598
f 654/784/287 660/783/287 659/782/287
f 657/786/287 660/783/287 654/784/287
f 655/777/599 661/795/599 659/796/599
f 659/796/599 661/795/599 662/797/599
f 659/796/600 662/797/600 654/778/600
f 662/797/601 661/795/601 663/798/601
f 665/799/602 662/797/602 663/798/602
f 654/778/603 662/797/603 664/800/603
f 665/799/604 664/800/604 662/797/604
f 666/801/605 665/799/605 663/798/605
f 665/799/606 668/802/606 640/752/606
f 640/752/607 664/800/607 665/799/607
f 669/803/605 665/799/605 666/801/605
f 667/804/606 668/802/606 665/799/606
f 669/803/608 667/804/608 665/799/608
f 666/801/609 670/805/609 669/803/609
f 669/803/610 670/805/610 671/806/610
f 669/803/611 671/806/611 672/807/611
f 672/807/608 667/804/608 669/803/608
f 672/807/611 671/806/611 673/808/611
f 672/809/612 673/810/612 675/811/612
f 675/811/613 674/812/613 672/809/613
f 672/809/614 674/812/614 667/813/614
f 675/811/615 673/810/615 678/814/615
f 677/221/616 676/220/616 675/811/616
f 675/811/616 676/220/616 674/812/616
f 675/811/617 678/814/617 677/221/617
f 680/815/618 679/223/618 678/814/618
f 677/221/617 678/814/617 679/223/617
f 680/815/619 678/814/619 681/816/619
f 681/816/620 678/814/620 673/810/620
f 681/817/621 673/808/621 682/818/621
f 682/818/622 684/819/622 681/817/622
f 681/817/622 684/819/622 683/820/622
f 681/816/623 683/821/623 680/815/623
f 685/822/624 686/823/624 684/819/624
f 682/818/625 685/822/625 684/819/625
f 688/824/626 684/819/626 686/823/626
f 687/825/627 683/820/627 684/819/627
f 687/825/626 684/819/626 688/824/626
f 691/826/628 688/824/628 689/827/628
f 689/827/629 688/824/629 693/828/629
f 686/823/630 690/829/630 688/824/630
f 688/824/631 690/829/631 692/830/631
f 688/824/632 691/826/632 687/825/632
f 688/824/629 692/830/629 693/828/629
f 689/827/633 693/828/633 694/831/633
f 694/831/634 693/828/634 695/832/634
f 692/772/635 696/769/635 693/771/635
f 693/833/1 696/834/1 695/835/1
f 696/836/636 698/837/636 697/838/636
f 695/835/1 696/834/1 697/839/1
f 699/840/636 698/837/636 696/836/636
f 699/770/635 696/769/635 692/772/635
f 699/834/287 692/833/287 698/839/287
f 701/762/637 698/763/637 700/760/637
f 698/839/287 690/835/287 700/841/287
f 697/761/637 698/763/637 701/762/637
f 698/839/287 692/833/287 690/835/287
f 700/842/638 703/843/638 701/844/638
f 701/844/639 702/845/639 695/832/639
f 695/835/1 697/839/1 701/841/1
f 703/843/640 702/845/640 701/844/640
f 703/843/641 705/846/641 702/845/641
f 704/847/638 703/843/638 700/842/638
f 704/781/642 707/785/642 703/779/642
f 706/848/643 705/846/643 703/843/643
f 707/849/1 706/850/1 703/851/1
f 708/780/642 707/785/642 704/781/642
f 708/852/644 711/853/644 707/854/644
f 710/855/1 709/856/1 707/849/1
f 707/849/1 709/856/1 706/850/1
f 707/854/644 711/853/644 710/857/644
f 709/789/645 711/790/645 712/787/645
f 712/856/287 711/855/287 713/850/287
f 710/788/645 711/790/645 709/789/645
f 713/850/287 711/855/287 708/849/287
f 714/858/646 712/859/646 713/860/646
f 714/858/647 713/860/647 715/861/647
f 713/860/648 704/847/648 715/861/648
f 713/850/287 708/849/287 704/851/287
f 682/818/649 714/858/649 715/861/649
f 715/861/650 704/847/650 700/842/650
f 715/861/651 700/842/651 685/822/651
f 715/861/652 685/822/652 682/818/652
f 716/862/653 712/859/653 714/858/653
f 682/818/654 716/862/654 714/858/654
f 716/862/655 670/805/655 712/859/655
f 670/805/656 716/862/656 671/806/656
f 671/806/657 716/862/657 682/818/657
f 712/859/658 670/805/658 717/863/658
f 712/859/658 717/863/658 709/864/658
f 723/865/659 718/866/659 717/863/659
f 709/864/660 717/863/660 718/866/660
f 723/865/661 717/863/661 719/867/661
f 717/863/662 720/868/662 719/867/662
f 721/869/663 720/868/663 717/863/663
f 722/870/664 717/863/664 670/805/664
f 721/869/664 717/863/664 722/870/664
f 724/871/665 705/846/665 723/865/665
f 723/865/666 726/872/666 724/871/666
f 705/846/667 718/866/667 723/865/667
f 719/867/668 725/873/668 723/865/668
f 723/865/669 725/873/669 726/872/669
f 724/871/670 726/872/670 727/874/670
f 725/810/671 728/815/671 726/816/671
f 726/816/672 729/875/672 727/821/672
f 726/816/673 728/815/673 729/875/673
f 728/815/674 731/876/674 729/875/674
f 727/821/675 729/875/675 730/877/675
f 729/875/676 732/878/676 730/877/676
f 729/875/676 731/876/676 732/878/676
f 730/877/677 732/878/677 733/879/677
f 731/876/678 192/239/678 732/878/678
f 732/878/679 194/241/679 733/879/679
f 732/878/679 192/239/679 194/241/679
f 730/877/680 733/879/680 734/880/680
f 734/880/681 733/879/681 735/881/681
f 733/879/682 201/248/682 735/881/682
f 733/879/682 194/241/682 201/248/682
f 736/882/683 735/881/683 207/254/683
f 735/881/684 202/249/684 207/254/684
f 735/881/684 201/248/684 202/249/684
f 734/880/681 735/881/681 736/882/681
f 737/883/685 734/880/685 736/882/685
f 737/883/686 736/882/686 738/884/686
f 738/884/687 736/882/687 739/885/687
f 736/882/683 207/254/683 739/885/683
f 738/884/688 739/885/688 740/886/688
f 740/886/689 739/885/689 741/887/689
f 739/885/690 208/255/690 741/887/690
f 739/885/690 207/254/690 208/255/690
f 740/886/691 741/887/691 742/888/691
f 742/888/692 741/887/692 743/889/692
f 741/887/693 210/257/693 743/889/693
f 741/887/694 208/255/694 210/257/694
f 746/890/695 743/889/695 744/891/695
f 743/889/696 745/892/696 744/891/696
f 743/889/696 210/257/696 745/892/696
f 742/888/692 743/889/692 746/890/692
f 748/893/697 746/890/697 747/894/697
f 747/894/698 746/890/698 749/895/698
f 748/893/699 742/888/699 746/890/699
f 746/890/700 744/891/700 749/895/700
f 747/894/698 749/895/698 752/896/698
f 752/896/701 749/895/701 750/897/701
f 749/895/702 751/898/702 750/897/702
f 749/895/702 744/891/702 751/898/702
f 753/899/703 754/900/703 752/901/703
f 752/896/701 750/897/701 753/902/701
f 752/903/704 754/904/704 755/905/704
f 752/903/705 755/905/705 747/906/705
f 755/905/706 756/907/706 747/906/706
f 759/908/707 756/907/707 755/905/707
f 757/909/708 758/910/708 755/905/708
f 755/905/709 754/904/709 757/909/709
f 760/911/710 755/905/710 758/910/710
f 759/908/710 755/905/710 760/911/710
f 760/911/711 758/910/711 761/912/711
f 761/913/287 762/914/287 760/915/287
f 760/916/712 763/917/712 759/918/712
f 762/919/712 763/917/712 760/916/712
f 763/920/713 766/921/713 764/922/713
f 765/913/1 763/914/1 764/923/1
f 759/915/1 763/914/1 765/913/1
f 762/924/713 766/921/713 763/920/713
f 765/925/714 766/926/714 761/927/714
f 766/923/287 762/914/287 761/913/287
f 764/928/714 766/926/714 765/925/714
f 761/912/715 767/929/715 765/930/715
f 765/930/716 767/929/716 756/907/716
f 765/930/717 756/907/717 759/908/717
f 747/906/718 756/907/718 767/929/718
f 747/906/719 767/929/719 748/931/719
f 767/929/720 768/932/720 748/931/720
f 770/933/721 768/932/721 767/929/721
f 761/912/715 769/934/715 767/929/715
f 771/935/722 767/929/722 769/934/722
f 770/933/722 767/929/722 771/935/722
f 771/935/723 769/934/723 773/936/723
f 771/935/724 773/936/724 772/937/724
f 772/938/287 774/939/287 771/940/287
f 771/941/725 775/942/725 770/943/725
f 774/944/725 775/942/725 771/941/725
f 774/945/726 778/946/726 775/947/726
f 770/940/1 775/939/1 776/938/1
f 776/938/1 775/939/1 777/948/1
f 775/947/726 778/946/726 777/949/726
f 777/950/727 778/951/727 776/952/727
f 776/952/727 778/951/727 772/953/727
f 778/948/287 774/939/287 772/938/287
f 772/937/728 779/954/728 776/955/728
f 780/956/728 776/955/728 779/954/728
f 770/933/729 776/955/729 780/956/729
f 748/931/730 768/932/730 780/956/730
f 748/931/731 780/956/731 781/957/731
f 780/956/732 768/932/732 770/933/732
f 780/956/733 782/958/733 781/957/733
f 780/956/734 779/954/734 782/958/734
f 781/957/735 782/958/735 783/959/735
f 782/958/736 785/960/736 783/959/736
f 779/954/737 784/961/737 782/958/737
f 782/958/738 784/961/738 785/960/738
f 784/961/738 786/962/738 785/960/738
f 786/963/739 787/964/739 785/965/739
f 783/959/740 785/960/740 788/966/740
f 785/967/1 787/968/1 788/969/1
f 783/959/741 788/966/741 791/970/741
f 788/966/742 790/971/742 789/972/742
f 791/970/742 788/966/742 789/972/742
f 788/973/743 793/974/743 790/975/743
f 792/976/743 793/974/743 788/973/743
f 788/969/1 787/968/1 792/977/1
f 787/978/744 793/979/744 792/980/744
f 794/981/744 793/979/744 787/978/744
f 793/977/287 794/968/287 790/969/287
f 794/982/739 787/964/739 786/963/739
f 790/969/287 794/968/287 786/967/287
f 795/983/745 783/959/745 791/970/745
f 795/983/746 791/970/746 796/984/746
f 796/984/747 791/970/747 797/985/747
f 797/985/748 791/970/748 798/986/748
f 798/986/749 791/970/749 789/972/749
f 798/986/749 789/972/749 799/987/749
f 799/734/750 801/735/750 798/732/750
f 800/988/751 802/989/751 798/986/751
f 798/990/1 801/991/1 800/992/1
f 798/986/752 802/989/752 797/985/752
f 803/993/753 797/985/753 802/989/753
f 802/989/754 689/827/754 803/993/754
f 689/827/628 802/989/628 691/826/628
f 800/988/755 691/826/755 802/989/755
f 796/984/756 797/985/756 803/993/756
f 803/993/757 737/994/757 796/984/757
f 803/993/758 689/827/758 694/831/758
f 803/993/758 694/831/758 804/995/758
f 804/995/759 805/996/759 803/993/759
f 803/993/757 805/996/757 737/994/757
f 805/997/760 734/880/760 737/883/760
f 727/821/675 730/877/675 805/997/675
f 805/997/760 730/877/760 734/880/760
f 804/995/759 727/874/759 805/996/759
f 804/995/761 694/831/761 806/998/761
f 804/995/762 806/998/762 724/871/762
f 724/871/670 727/874/670 804/995/670
f 694/831/763 695/832/763 806/998/763
f 806/998/764 702/845/764 724/871/764
f 806/998/765 695/832/765 702/845/765
f 807/733/750 801/735/750 799/734/750
f 807/999/766 809/1000/766 801/1001/766
f 801/1001/766 809/1000/766 808/1002/766
f 800/992/1 801/991/1 808/1003/1
f 800/722/767 809/723/767 810/720/767
f 809/1003/287 807/991/287 810/992/287
f 808/721/767 809/723/767 800/722/767
f 799/987/768 811/1004/768 810/1005/768
f 810/992/287 807/991/287 799/990/287
f 810/1005/769 811/1004/769 691/826/769
f 810/1005/755 691/826/755 800/988/755
f 799/987/770 789/972/770 811/1004/770
f 691/826/771 811/1004/771 812/1006/771
f 812/1006/772 811/1004/772 813/1007/772
f 813/1007/773 811/1004/773 789/972/773
f 814/1008/774 815/1009/774 813/1007/774
f 816/1010/775 814/1008/775 813/1007/775
f 813/1007/774 815/1009/774 812/1006/774
f 816/1010/776 813/1007/776 784/961/776
f 813/1007/777 789/972/777 817/1011/777
f 784/961/776 813/1007/776 817/1011/776
f 789/972/778 790/971/778 817/1011/778
f 817/1011/779 790/971/779 784/961/779
f 784/961/780 779/954/780 816/1010/780
f 816/1010/781 779/954/781 819/1012/781
f 816/1013/782 819/893/782 818/886/782
f 818/1014/775 814/1008/775 816/1010/775
f 779/954/783 773/936/783 819/1012/783
f 819/1012/784 773/936/784 820/1015/784
f 820/894/785 821/888/785 819/893/785
f 818/886/782 819/893/782 821/888/782
f 823/890/786 822/887/786 821/888/786
f 824/885/787 821/888/787 822/887/787
f 823/890/785 821/888/785 820/894/785
f 818/886/787 821/888/787 824/885/787
f 824/885/788 825/882/788 818/886/788
f 824/885/789 827/881/789 825/882/789
f 824/885/790 822/887/790 826/254/790
f 826/254/789 827/881/789 824/885/789
f 828/248/791 829/241/791 827/881/791
f 826/254/792 828/248/792 827/881/792
f 827/881/791 829/241/791 830/879/791
f 827/881/793 830/879/793 825/882/793
f 825/882/793 830/879/793 831/880/793
f 832/878/794 831/880/794 830/879/794
f 832/878/795 830/879/795 833/239/795
f 833/239/795 830/879/795 829/241/795
f 833/239/796 836/238/796 832/878/796
f 833/239/797 829/241/797 834/237/797
f 834/237/798 835/227/798 833/239/798
f 833/239/799 835/227/799 836/238/799
f 832/878/796 836/238/796 837/876/796
f 839/224/800 837/876/800 836/238/800
f 839/224/801 836/238/801 838/225/801
f 838/225/801 836/238/801 835/227/801
f 838/225/802 840/218/802 839/224/802
f 839/224/802 840/218/802 841/222/802
f 839/224/803 841/222/803 842/1016/803
f 842/1016/800 837/876/800 839/224/800
f 842/1016/804 841/222/804 679/223/804
f 842/1016/618 679/223/618 680/815/618
f 680/815/805 843/875/805 842/1016/805
f 842/1016/805 843/875/805 837/876/805
f 845/877/806 843/875/806 844/997/806
f 844/997/807 843/875/807 683/821/807
f 845/877/808 837/876/808 843/875/808
f 680/815/623 683/821/623 843/875/623
f 844/997/809 815/883/809 845/877/809
f 845/877/794 831/880/794 832/878/794
f 832/878/808 837/876/808 845/877/808
f 845/877/809 815/883/809 831/880/809
f 844/1017/627 683/820/627 687/825/627
f 844/1017/810 812/1006/810 815/1009/810
f 687/825/810 812/1006/810 844/1017/810
f 847/216/811 841/222/811 840/218/811
f 846/217/812 679/223/812 841/222/812
f 846/217/811 841/222/811 847/216/811
f 847/216/813 850/200/813 846/217/813
f 847/216/814 840/218/814 848/212/814
f 848/212/815 849/202/815 847/216/815
f 847/216/815 849/202/815 850/200/815
f 849/202/816 851/201/816 850/200/816
f 850/200/816 851/201/816 852/199/816
f 850/200/817 852/199/817 853/219/817
f 846/217/813 850/200/813 853/219/813
f 853/219/817 852/199/817 854/198/817
f 853/219/818 854/198/818 676/220/818
f 677/221/819 853/219/819 676/220/819
f 846/217/819 853/219/819 677/221/819
f 676/220/818 854/198/818 855/1018/818
f 856/196/820 855/1018/820 854/198/820
f 856/196/821 854/198/821 857/197/821
f 857/197/821 854/198/821 852/199/821
f 857/197/822 852/199/822 858/205/822
f 858/205/823 859/206/823 857/197/823
f 857/197/824 859/206/824 860/190/824
f 857/197/825 860/190/825 856/196/825
f 863/177/826 860/190/826 859/206/826
f 856/196/825 860/190/825 861/189/825
f 862/184/827 861/189/827 860/190/827
f 862/184/826 860/190/826 863/177/826
f 866/176/287 863/177/287 859/206/287
f 864/175/828 862/184/828 863/177/828
f 865/172/287 864/175/287 863/177/287
f 865/172/287 863/177/287 866/176/287
f 866/176/287 859/206/287 867/204/287
f 869/1019/829 866/1020/829 867/1021/829
f 868/1022/830 865/1023/830 866/1020/830
f 868/1022/829 866/1020/829 869/1019/829
f 871/13/287 868/50/287 869/44/287
f 869/1019/831 867/1021/831 870/1024/831
f 869/44/287 870/39/287 871/13/287
f 871/13/287 893/35/287 872/49/287
f 872/49/287 881/43/287 871/13/287
f 909/58/287 873/54/287 871/13/287
f 871/13/287 873/54/287 877/48/287
f 871/13/287 910/57/287 874/53/287
f 871/13/287 874/53/287 878/47/287
f 875/52/287 879/46/287 871/13/287
f 871/13/287 911/14/287 875/52/287
f 912/56/287 876/51/287 871/13/287
f 871/13/287 876/51/287 880/45/287
f 871/13/287 913/55/287 868/50/287
f 871/13/287 877/48/287 882/37/287
f 878/47/287 883/42/287 871/13/287
f 871/13/287 879/46/287 884/41/287
f 871/13/287 880/45/287 885/40/287
f 871/13/287 881/43/287 886/38/287
f 882/37/287 887/36/287 871/13/287
f 871/13/287 883/42/287 888/34/287
f 871/13/287 884/41/287 889/33/287
f 885/40/287 890/32/287 871/13/287
f 871/13/287 870/39/287 891/31/287
f 871/13/287 886/38/287 892/30/287
f 871/13/287 887/36/287 893/35/287
f 871/13/287 888/34/287 894/28/287
f 889/33/287 895/26/287 871/13/287
f 871/13/287 890/32/287 896/23/287
f 871/13/287 891/31/287 897/21/287
f 892/30/287 898/19/287 871/13/287
f 894/28/287 899/27/287 871/13/287
f 871/13/287 895/26/287 900/25/287
f 871/13/287 896/23/287 901/16/287
f 897/21/287 902/20/287 871/13/287
f 871/13/287 898/19/287 903/18/287
f 871/13/287 899/27/287 904/29/287
f 871/13/287 900/25/287 905/24/287
f 901/16/287 906/15/287 871/13/287
f 871/13/287 902/20/287 907/22/287
f 871/13/287 903/18/287 908/17/287
f 871/13/287 904/29/287 909/58/287
f 905/24/287 910/57/287 871/13/287
f 871/13/287 906/15/287 911/14/287
f 871/13/287 907/22/287 912/56/287
f 908/17/287 913/55/287 871/13/287
f 908/1025/832 914/1026/832 913/1027/832
f 913/1027/832 914/1026/832 865/1023/832
f 913/1027/830 865/1023/830 868/1022/830
f 914/168/287 916/167/287 915/169/287
f 914/168/287 915/169/287 917/173/287
f 918/156/287 916/167/287 914/168/287
f 914/168/287 917/173/287 865/172/287
f 908/1025/833 918/1028/833 914/1026/833
f 918/156/287 919/166/287 916/167/287
f 918/156/287 920/157/287 919/166/287
f 921/150/287 920/157/287 918/156/287
f 903/1029/834 921/1030/834 918/1031/834
f 903/1032/833 918/1028/833 908/1025/833
f 922/149/287 923/147/287 921/150/287
f 898/1033/835 922/1034/835 921/1030/835
f 898/1033/834 921/1030/834 903/1029/834
f 921/150/287 924/155/287 920/157/287
f 921/150/287 923/147/287 924/155/287
f 924/155/836 925/163/836 920/157/836
f 926/160/836 925/163/836 924/155/836
f 923/147/837 926/160/837 924/155/837
f 927/162/838 928/164/838 926/160/838
f 929/148/839 927/162/839 926/160/839
f 926/160/838 928/164/838 925/163/838
f 929/148/837 926/160/837 923/147/837
f 930/161/839 927/162/839 929/148/839
f 931/145/840 930/161/840 929/148/840
f 932/146/841 929/148/841 923/147/841
f 931/145/841 929/148/841 932/146/841
f 932/146/842 933/134/842 931/145/842
f 922/149/287 933/134/287 932/146/287
f 922/149/287 932/146/287 923/147/287
f 933/134/843 935/129/843 934/138/843
f 931/145/842 933/134/842 934/138/842
f 936/133/287 935/129/287 933/134/287
f 936/133/287 933/134/287 922/149/287
f 886/1035/844 937/1036/844 936/1037/844
f 886/1035/845 936/1037/845 892/1038/845
f 892/1038/845 936/1037/845 922/1034/845
f 937/124/287 935/129/287 936/133/287
f 939/123/287 938/130/287 937/124/287
f 937/124/287 938/130/287 935/129/287
f 940/122/287 939/123/287 937/124/287
f 881/1039/846 940/1040/846 937/1036/846
f 881/1039/844 937/1036/844 886/1035/844
f 940/122/287 942/119/287 939/123/287
f 943/105/287 941/116/287 940/122/287
f 941/116/287 942/119/287 940/122/287
f 872/1041/846 940/1040/846 881/1039/846
f 872/1041/847 943/1042/847 940/1040/847
f 943/105/287 946/98/287 944/104/287
f 944/104/287 945/114/287 943/105/287
f 943/105/287 945/114/287 941/116/287
f 893/1043/848 946/1044/848 943/1042/848
f 893/1043/847 943/1042/847 872/1041/847
f 947/97/287 949/95/287 946/98/287
f 887/1045/849 947/1046/849 946/1044/849
f 887/1045/848 946/1044/848 893/1043/848
f 946/98/287 948/106/287 944/104/287
f 946/98/287 949/95/287 948/106/287
f 949/95/850 445/109/850 948/106/850
f 442/96/850 445/109/850 949/95/850
f 949/95/851 950/94/851 442/96/851
f 947/97/287 950/94/287 949/95/287
f 442/96/851 950/94/851 443/93/851
f 951/83/852 443/93/852 950/94/852
f 947/97/287 951/83/287 950/94/287
f 433/86/852 443/93/852 951/83/852
f 952/81/853 433/86/853 951/83/853
f 953/82/287 952/81/287 951/83/287
f 953/82/287 951/83/287 947/97/287
f 954/80/287 952/81/287 953/82/287
f 955/70/287 954/80/287 953/82/287
f 877/1047/854 955/1048/854 953/1049/854
f 882/1050/855 953/1049/855 947/1046/855
f 877/1047/855 953/1049/855 882/1050/855
f 955/70/287 957/71/287 954/80/287
f 956/67/287 957/71/287 955/70/287
f 873/1051/856 956/1052/856 955/1048/856
f 873/1051/854 955/1048/854 877/1047/854
f 957/71/857 959/69/857 958/77/857
f 958/77/858 431/79/858 957/71/858
f 956/67/287 959/69/287 957/71/287
f 957/71/858 431/79/858 954/80/858
f 958/77/857 959/69/857 960/73/857
f 961/68/859 960/73/859 959/69/859
f 961/68/287 959/69/287 956/67/287
f 963/74/859 960/73/859 961/68/859
f 961/68/860 962/436/860 963/74/860
f 964/66/287 962/436/287 961/68/287
f 961/68/287 956/67/287 964/66/287
f 964/66/287 965/423/287 962/436/287
f 909/1053/861 964/1054/861 956/1052/861
f 966/422/287 965/423/287 964/66/287
f 904/1032/862 966/1026/862 964/1028/862
f 904/1055/863 964/1054/863 909/1053/863
f 966/422/287 967/424/287 965/423/287
f 968/421/287 967/424/287 966/422/287
f 966/422/287 969/418/287 968/421/287
f 899/1025/864 969/1023/864 966/1026/864
f 899/1025/862 966/1026/862 904/1032/862
f 894/1027/865 972/1020/865 969/1023/865
f 894/1027/864 969/1023/864 899/1025/864
f 969/418/287 971/415/287 970/419/287
f 969/418/287 970/419/287 968/421/287
f 972/420/287 971/415/287 969/418/287
f 973/1056/287 975/411/287 972/420/287
f 888/1022/866 973/1021/866 972/1020/866
f 972/420/287 974/413/287 971/415/287
f 975/411/287 974/413/287 972/420/287
f 888/1022/865 972/1020/865 894/1027/865
f 975/411/867 977/410/867 976/409/867
f 978/414/868 975/411/868 976/409/868
f 973/1056/287 977/410/287 975/411/287
f 974/413/868 975/411/868 978/414/868
f 978/414/869 976/409/869 979/416/869
f 979/416/870 981/1057/870 978/414/870
f 978/414/871 980/417/871 974/413/871
f 978/414/870 981/1057/870 980/417/870
f 982/1058/872 980/417/872 981/1057/872
f 982/1058/873 981/1057/873 983/1059/873
f 983/1059/874 981/1057/874 984/1060/874
f 979/416/875 984/1060/875 981/1057/875
f 983/1059/876 984/1060/876 985/1061/876
f 985/1061/877 984/1060/877 986/1062/877
f 987/1063/878 986/1062/878 984/1060/878
f 987/1063/875 984/1060/875 979/416/875
f 979/416/879 988/412/879 987/1063/879
f 990/1064/878 986/1062/878 987/1063/878
f 987/1063/879 988/412/879 989/1065/879
f 987/1063/880 989/1065/880 990/1064/880
f 990/1064/881 991/1066/881 986/1062/881
f 992/1067/881 991/1066/881 990/1064/881
f 990/1064/880 989/1065/880 993/1068/880
f 990/1064/882 993/1068/882 992/1067/882
f 989/1065/883 994/1069/883 993/1068/883
f 993/1068/883 994/1069/883 995/1070/883
f 993/1068/884 995/1070/884 996/1071/884
f 992/1067/882 993/1068/882 996/1071/882
f 996/1071/884 995/1070/884 997/1072/884
f 996/749/885 997/802/885 998/745/885
f 999/747/886 996/749/886 998/745/886
f 992/746/886 996/749/886 999/747/886
f 1000/754/887 1002/713/887 999/747/887
f 999/747/888 998/745/888 1000/754/888
f 999/747/889 1002/713/889 1001/739/889
f 999/747/890 1001/739/890 992/746/890
f 1000/754/891 1003/1073/891 1002/713/891
f 1002/713/892 1003/1073/892 1004/715/892
f 1002/713/893 1004/715/893 1001/739/893
f 1004/715/894 1003/1073/894 1006/1074/894
f 1004/715/895 1008/711/895 1005/731/895
f 1009/738/896 1004/715/896 1005/731/896
f 1004/715/897 1006/1074/897 1007/1075/897
f 1007/1075/897 1008/711/897 1004/715/897
f 1001/739/898 1004/715/898 1009/738/898
f 1009/738/899 991/748/899 1001/739/899
f 1010/742/899 991/748/899 1009/738/899
f 1009/738/900 1012/741/900 1010/742/900
f 1013/737/901 1011/740/901 1009/738/901
f 1009/738/902 1011/740/902 1012/741/902
f 1009/738/903 1005/731/903 1013/737/903
f 1014/1076/904 1011/740/904 1013/737/904
f 1014/1076/905 1013/737/905 1015/1077/905
f 1015/1077/906 1013/737/906 1005/731/906
f 1015/1078/287 1018/1079/287 1014/1080/287
f 1015/1077/907 1005/731/907 1016/1081/907
f 1016/1082/908 1017/1083/908 1015/1084/908
f 1017/1085/287 1018/1079/287 1015/1078/287
f 1018/1086/909 1019/1087/909 1014/1088/909
f 1018/1089/910 1017/1090/910 1019/1091/910
f 1014/1088/911 1019/1087/911 1020/1092/911
f 1020/1080/1 1019/1079/1 1016/1078/1
f 1019/1091/910 1017/1090/910 1021/1093/910
f 1016/1078/1 1019/1079/1 1021/1085/1
f 1021/1094/908 1017/1083/908 1016/1082/908
f 1014/1076/912 1020/1095/912 1022/1096/912
f 1020/1095/913 1023/736/913 1022/1096/913
f 1016/1081/914 1024/730/914 1020/1095/914
f 1020/1095/915 1024/730/915 1023/736/915
f 1025/697/916 1023/736/916 1024/730/916
f 1025/697/917 1024/730/917 1026/700/917
f 1024/730/918 1008/711/918 1026/700/918
f 1008/711/895 1024/730/895 1005/731/895
f 1016/1081/907 1005/731/907 1024/730/907
f 1026/700/919 1030/695/919 1025/697/919
f 1026/700/920 1008/711/920 1027/709/920
f 1026/700/921 1027/709/921 1028/703/921
f 1028/703/922 1029/698/922 1026/700/922
f 1026/700/919 1029/698/919 1030/695/919
f 1029/1066/923 1032/1061/923 1030/1097/923
f 1025/697/924 1030/695/924 1031/693/924
f 1030/1097/925 1033/1098/925 1031/1099/925
f 1030/1097/925 1032/1061/925 1033/1098/925
f 1031/1099/926 1033/1098/926 1034/1100/926
f 1032/1061/927 359/430/927 1033/1098/927
f 1033/1098/928 360/431/928 1034/1100/928
f 1033/1098/928 359/430/928 360/431/928
f 1035/1101/929 1034/1100/929 367/438/929
f 1034/1100/930 362/433/930 367/438/930
f 1034/1100/930 360/431/930 362/433/930
f 1031/1099/926 1034/1100/926 1035/1101/926
f 1036/694/931 1031/693/931 1035/692/931
f 1036/694/931 1035/692/931 1037/691/931
f 1037/1102/932 1035/1101/932 1038/1103/932
f 1035/1101/929 367/438/929 1038/1103/929
f 1037/1102/933 1038/1103/933 1039/1104/933
f 1039/1104/934 1038/1103/934 1040/1105/934
f 1038/1103/935 368/439/935 1040/1105/935
f 1038/1103/936 367/438/936 368/439/936
f 1039/1104/934 1040/1105/934 1041/1106/934
f 1041/1106/937 1040/1105/937 1042/1107/937
f 1040/1105/938 370/441/938 1042/1107/938
f 1040/1105/939 368/439/939 370/441/939
f 1041/1106/937 1042/1107/937 1043/1108/937
f 1043/1108/940 1042/1107/940 375/446/940
f 1042/1107/941 372/443/941 375/446/941
f 1042/1107/942 370/441/942 372/443/942
f 1044/1109/943 1045/1110/943 1043/1111/943
f 1043/1108/944 375/446/944 1044/1112/944
f 1045/1110/945 1046/1113/945 1043/1111/945
f 1043/1114/946 1046/1115/946 1047/1116/946
f 1043/1114/946 1047/1116/946 1041/1117/946
f 1047/1116/947 1046/1115/947 1052/1118/947
f 1041/1117/948 1047/1116/948 1048/1119/948
f 1049/1120/949 1048/1119/949 1047/1116/949
f 1050/1121/950 1049/1120/950 1047/1116/950
f 1050/1121/950 1047/1116/950 1051/1122/950
f 1051/1123/951 1047/1124/951 1052/1125/951
f 1052/1125/952 1045/1110/952 1053/1126/952
f 1053/1127/953 1054/1128/953 1052/1118/953
f 1052/1125/954 1046/1113/954 1045/1110/954
f 1052/1129/1 1054/1130/1 1051/1131/1
f 1054/1132/955 1056/1133/955 1055/1134/955
f 1051/1131/1 1054/1130/1 1055/1135/1
f 1057/1136/953 1054/1128/953 1053/1127/953
f 1057/1137/955 1056/1133/955 1054/1132/955
f 1056/1135/287 1057/1130/287 1050/1131/287
f 1050/1131/287 1057/1130/287 1053/1129/287
f 1055/1138/956 1056/1139/956 1051/1122/956
f 1051/1122/957 1056/1139/957 1050/1121/957
f 1050/1140/958 1053/1126/958 1059/1141/958
f 1053/1126/952 1045/1110/952 1058/1142/952
f 1053/1126/959 1058/1142/959 1059/1141/959
f 1059/1143/960 1049/1120/960 1050/1121/960
f 1059/1143/961 1061/1144/961 1049/1120/961
f 1059/1141/962 1058/1142/962 1060/1145/962
f 1060/1146/961 1061/1144/961 1059/1143/961
f 1060/1108/963 1065/1105/963 1061/1106/963
f 1061/1144/964 1064/1147/964 1062/1148/964
f 1061/1144/965 1062/1148/965 1049/1120/965
f 1061/1106/966 1066/1103/966 1063/1104/966
f 1063/1149/967 1064/1147/967 1061/1144/967
f 1065/1105/966 1066/1103/966 1061/1106/966
f 1068/1101/968 1063/1104/968 1066/1103/968
f 1065/1105/969 1067/438/969 1066/1103/969
f 1069/1100/970 1066/1103/970 1067/438/970
f 1068/1101/971 1066/1103/971 1069/1100/971
f 1069/1100/972 1072/1098/972 1068/1101/972
f 1069/1100/973 1067/438/973 1070/431/973
f 1070/431/974 1071/430/974 1069/1100/974
f 1069/1100/974 1071/430/974 1072/1098/974
f 1068/1101/975 1072/1098/975 1073/1099/975
f 985/1061/976 1073/1099/976 1072/1098/976
f 985/1061/977 1072/1098/977 983/1059/977
f 983/1059/978 1072/1098/978 1071/430/978
f 1068/744/979 1073/743/979 1074/1150/979
f 1074/1150/979 1073/743/979 1012/741/979
f 1010/1097/976 1073/1099/976 985/1061/976
f 1010/742/900 1012/741/900 1073/743/900
f 1074/1102/968 1063/1104/968 1068/1101/968
f 1076/1151/980 1075/1152/980 1074/1150/980
f 1074/1150/981 1075/1152/981 1063/1149/981
f 1074/1150/982 1012/741/982 1076/1151/982
f 1079/1153/983 1075/1152/983 1076/1151/983
f 1077/1154/984 1078/1155/984 1076/1151/984
f 1076/1151/982 1012/741/982 1077/1154/982
f 1076/1151/985 1078/1155/985 1079/1153/985
f 1080/1156/986 1081/1157/986 1079/1158/986
f 1078/1159/287 1080/1160/287 1079/1161/287
f 1079/1158/986 1081/1157/986 1083/1162/986
f 1079/1153/987 1082/1163/987 1075/1152/987
f 1083/1164/987 1082/1163/987 1079/1153/987
f 1083/1164/988 1084/1165/988 1082/1163/988
f 1085/1166/989 1084/1165/989 1083/1164/989
f 1083/1164/990 1086/1167/990 1085/1166/990
f 1083/1161/1 1081/1160/1 1086/1159/1
f 1086/1167/991 1078/1155/991 1085/1166/991
f 1086/1168/992 1088/1169/992 1078/1170/992
f 1087/1171/992 1088/1169/992 1086/1168/992
f 1086/1159/1 1081/1160/1 1087/1172/1
f 1081/1173/993 1088/1174/993 1087/1175/993
f 1080/1176/993 1088/1174/993 1081/1173/993
f 1088/1172/287 1080/1160/287 1078/1159/287
f 1037/691/994 1084/1165/994 1085/1166/994
f 1037/691/994 1085/1166/994 1036/694/994
f 1036/694/995 1085/1166/995 1022/1096/995
f 1085/1166/996 1077/1154/996 1022/1096/996
f 1085/1166/991 1078/1155/991 1077/1154/991
f 1082/1163/997 1084/1165/997 1037/691/997
f 1037/691/998 1089/1177/998 1082/1163/998
f 1090/1178/999 1082/1163/999 1089/1177/999
f 1075/1152/1000 1082/1163/1000 1090/1178/1000
f 1090/1178/1001 1089/1177/1001 1092/1179/1001
f 1090/1178/1000 1091/1180/1000 1075/1152/1000
f 1090/1181/1002 1094/1182/1002 1091/1183/1002
f 1092/1184/1 1095/1185/1 1090/1186/1
f 1093/1187/1002 1094/1182/1002 1090/1181/1002
f 1090/1186/1 1095/1185/1 1093/1188/1
f 1096/1189/1003 1095/1190/1003 1097/1191/1003
f 1096/1192/1004 1094/1193/1004 1095/1194/1004
f 1097/1191/1003 1095/1190/1003 1092/1195/1003
f 1095/1194/1004 1094/1193/1004 1093/1196/1004
f 1097/1197/1005 1048/1119/1005 1062/1148/1005
f 1097/1197/1006 1062/1148/1006 1091/1180/1006
f 1091/1186/287 1096/1185/287 1097/1184/287
f 1092/1179/1005 1048/1119/1005 1097/1197/1005
f 1094/1188/287 1096/1185/287 1091/1186/287
f 1092/1179/1007 1089/1177/1007 1048/1119/1007
f 1091/1180/1008 1064/1147/1008 1075/1152/1008
f 1091/1180/1009 1062/1148/1009 1064/1147/1009
f 1039/1198/1010 1048/1119/1010 1089/1177/1010
f 1039/1198/1011 1089/1177/1011 1037/691/1011
f 1022/1096/996 1077/1154/996 1011/740/996
f 1011/740/1012 1077/1154/1012 1012/741/1012
f 1075/1152/1013 1064/1147/1013 1063/1149/1013
f 1070/431/1014 1098/427/1014 1071/430/1014
f 982/1058/1015 1071/430/1015 1098/427/1015
f 983/1059/1015 1071/430/1015 982/1058/1015
f 1101/428/1016 1099/426/1016 1098/427/1016
f 1100/1199/1017 1098/427/1017 1099/426/1017
f 1101/428/1014 1098/427/1014 1070/431/1014
f 982/1058/1017 1098/427/1017 1100/1199/1017
f 1101/428/1018 1103/433/1018 1102/432/1018
f 1101/428/1019 1102/432/1019 1104/425/1019
f 1070/431/1018 1103/433/1018 1101/428/1018
f 1104/425/1016 1099/426/1016 1101/428/1016
f 1104/425/1019 1102/432/1019 1105/429/1019
f 1104/425/1020 1105/429/1020 967/424/1020
f 967/424/1021 968/421/1021 1104/425/1021
f 1104/425/1021 968/421/1021 1099/426/1021
f 1106/435/1022 965/423/1022 1105/429/1022
f 967/424/1020 1105/429/1020 965/423/1020
f 1106/435/1023 1105/429/1023 1107/434/1023
f 1107/434/1023 1105/429/1023 1102/432/1023
f 1107/434/1024 1102/432/1024 1108/437/1024
f 1110/440/1025 1107/434/1025 1108/437/1025
f 1109/75/1026 1106/435/1026 1107/434/1026
f 1109/75/1025 1107/434/1025 1110/440/1025
f 1111/441/1027 415/443/1027 1110/440/1027
f 1110/440/1027 415/443/1027 419/442/1027
f 1110/440/1028 1108/437/1028 1111/441/1028
f 1110/440/1029 419/442/1029 1109/75/1029
f 1111/441/1030 416/446/1030 415/443/1030
f 1112/1107/1030 416/446/1030 1111/441/1030
f 1111/441/1031 1113/439/1031 1112/1107/1031
f 1111/441/1028 1108/437/1028 1113/439/1028
f 1108/437/1032 1103/433/1032 1113/439/1032
f 1113/439/1032 1103/433/1032 1067/438/1032
f 1113/439/969 1067/438/969 1065/1105/969
f 1112/1107/1033 1113/439/1033 1065/1105/1033
f 1060/1108/1034 1114/1112/1034 1112/1107/1034
f 1112/1107/963 1065/1105/963 1060/1108/963
f 1112/1107/1035 1114/1112/1035 416/446/1035
f 1058/1142/1036 1115/1200/1036 1114/1201/1036
f 1060/1145/1037 1058/1142/1037 1114/1201/1037
f 413/501/304 416/446/304 1114/1112/304
f 1114/1201/1038 1115/1200/1038 413/498/1038
f 1116/1202/1039 1117/1203/1039 1115/1200/1039
f 1116/1202/1040 1115/1200/1040 1058/1142/1040
f 413/498/1041 1115/1200/1041 1117/1203/1041
f 1119/1204/1042 1118/1205/1042 1117/1203/1042
f 413/498/1043 1117/1203/1043 1118/1205/1043
f 1119/1204/1044 1117/1203/1044 1116/1202/1044
f 1120/1206/1045 1118/1205/1045 1119/1204/1045
f 1116/1207/287 1121/1208/287 1119/1209/287
f 1119/1209/287 1122/1210/287 1120/1211/287
f 1119/1209/287 1121/1208/287 1122/1210/287
f 1122/1212/1046 1123/1213/1046 1120/1214/1046
f 1122/1215/1047 1121/1216/1047 1123/1217/1047
f 1126/1208/1 1124/1207/1 1123/1210/1
f 1123/1210/1 1124/1207/1 1127/1209/1
f 1120/1214/1046 1123/1213/1046 1125/1218/1046
f 1123/1210/1 1127/1209/1 1125/1211/1
f 1123/1217/1047 1121/1216/1047 1126/1219/1047
f 1128/1220/1048 1125/1221/1048 1127/1222/1048
f 1128/1220/1049 1127/1222/1049 1129/1223/1049
f 1129/1223/1050 1127/1222/1050 1124/1224/1050
f 1128/1220/1051 1129/1223/1051 1044/1109/1051
f 1044/1109/1052 1129/1223/1052 1045/1110/1052
f 1129/1223/1053 1124/1224/1053 1045/1110/1053
f 1131/1225/1054 1130/1226/1054 1128/1220/1054
f 1130/1226/1055 1125/1221/1055 1128/1220/1055
f 1131/1225/1056 1128/1220/1056 1044/1109/1056
f 1132/1227/1057 1133/1228/1057 1131/1225/1057
f 1131/1225/1058 378/1229/1058 1132/1227/1058
f 1133/1228/1059 1130/1226/1059 1131/1225/1059
f 1044/1112/1060 376/447/1060 1131/501/1060
f 1131/1225/1058 376/1230/1058 378/1229/1058
f 1132/1227/1061 1134/1231/1061 1133/1228/1061
f 1134/1231/1062 1135/1232/1062 1133/1228/1062
f 1133/1228/1063 1135/1232/1063 1130/1226/1063
f 1130/1226/1064 1135/1232/1064 1136/1233/1064
f 1134/1231/1065 409/492/1065 1135/1232/1065
f 409/1234/1 1137/1235/1 1135/1236/1
f 1135/1236/1 1138/1237/1 1136/1238/1
f 1135/1236/1 1137/1235/1 1138/1237/1
f 1138/1239/1066 1139/1240/1066 1136/1241/1066
f 1137/1242/1067 1139/1243/1067 1138/1244/1067
f 1136/1241/1066 1139/1240/1066 1140/1245/1066
f 1139/1237/287 406/1236/287 1140/1238/287
f 1141/1246/1067 1139/1243/1067 1137/1242/1067
f 1141/1235/287 407/1234/287 1139/1237/287
f 1139/1237/287 407/1234/287 406/1236/287
f 1141/1247/1068 1137/1248/1068 407/1249/1068
f 1118/1205/1069 1140/1250/1069 411/497/1069
f 1120/1206/1070 1140/1250/1070 1118/1205/1070
f 411/497/1071 1140/1250/1071 406/493/1071
f 1125/1221/1072 1136/1233/1072 1140/1250/1072
f 1125/1221/1072 1140/1250/1072 1120/1206/1072
f 407/1249/1068 1137/1248/1068 409/1251/1068
f 1130/1226/1073 1136/1233/1073 1125/1221/1073
f 385/456/1074 402/488/1074 1134/1231/1074
f 385/456/1074 1134/1231/1074 1132/1227/1074
f 402/488/1075 409/492/1075 1134/1231/1075
f 1132/1227/1076 380/457/1076 385/456/1076
f 1132/1227/1076 378/1229/1076 380/457/1076
f 1126/1252/1077 1121/1253/1077 1124/1254/1077
f 1045/1110/1078 1124/1224/1078 1116/1202/1078
f 1124/1254/1077 1121/1253/1077 1116/1255/1077
f 1118/1205/1079 411/497/1079 413/498/1079
f 1045/1110/1078 1116/1202/1078 1058/1142/1078
f 1109/75/1080 419/442/1080 1142/76/1080
f 1109/75/1081 1142/76/1081 963/74/1081
f 963/74/1026 1106/435/1026 1109/75/1026
f 424/78/1082 960/73/1082 1142/76/1082
f 963/74/1081 1142/76/1081 960/73/1081
f 424/78/1083 1142/76/1083 418/444/1083
f 418/444/1083 1142/76/1083 419/442/1083
f 1108/437/1024 1102/432/1024 1103/433/1024
f 962/436/1022 965/423/1022 1106/435/1022
f 963/74/860 962/436/860 1106/435/860
f 1070/431/973 1067/438/973 1103/433/973
f 970/419/1084 971/415/1084 1100/1199/1084
f 1100/1199/1085 1099/426/1085 970/419/1085
f 1100/1199/1084 971/415/1084 980/417/1084
f 1100/1199/872 980/417/872 982/1058/872
f 970/419/1085 1099/426/1085 968/421/1085
f 1062/1148/949 1048/1119/949 1049/1120/949
f 1041/1117/1086 1048/1119/1086 1039/1198/1086
f 1044/1112/1060 375/446/1060 376/447/1060
f 1036/694/1087 1022/1096/1087 1025/697/1087
f 1025/697/924 1031/693/924 1036/694/924
f 1029/1066/923 1143/1062/923 1032/1061/923
f 1143/1062/1088 1144/1059/1088 1032/1061/1088
f 1032/1061/927 1144/1059/927 359/430/927
f 1143/1062/1088 1145/1060/1088 1144/1059/1088
f 1145/1060/1089 1146/1058/1089 1144/1059/1089
f 1144/1059/1090 357/427/1090 359/430/1090
f 1144/1059/1091 1146/1058/1091 357/427/1091
f 1145/1060/1089 1147/1057/1089 1146/1058/1089
f 1147/1057/1092 1148/1199/1092 1146/1058/1092
f 1146/1058/1093 354/426/1093 357/427/1093
f 1146/1058/1093 1148/1199/1093 354/426/1093
f 1147/1057/1092 345/417/1092 1148/1199/1092
f 345/417/239 347/419/239 1148/1199/239
f 1148/1199/1094 347/419/1094 350/421/1094
f 1148/1199/1094 350/421/1094 354/426/1094
f 1149/1063/1095 1147/1057/1095 1145/1060/1095
f 1149/1063/1095 344/416/1095 1147/1057/1095
f 344/416/238 345/417/238 1147/1057/238
f 1150/1068/1096 1152/1065/1096 1149/1063/1096
f 1150/1068/1097 1149/1063/1097 1151/1064/1097
f 1151/1064/1098 1149/1063/1098 1145/1060/1098
f 1152/1065/1099 344/416/1099 1149/1063/1099
f 1153/1070/1100 1154/1069/1100 1152/1065/1100
f 1153/1070/1100 1152/1065/1100 1150/1068/1100
f 1154/1069/1101 342/412/1101 1152/1065/1101
f 1152/1065/1102 342/412/1102 344/416/1102
f 1155/1256/1103 335/406/1103 1154/1069/1103
f 1155/1256/1103 1154/1069/1103 1153/1070/1103
f 335/406/230 336/407/230 1154/1069/230
f 1154/1069/1101 336/407/1101 342/412/1101
f 1157/1257/1104 1156/1258/1104 1155/1256/1104
f 1156/1258/1105 335/406/1105 1155/1256/1105
f 1158/1259/1106 1155/1256/1106 1153/1070/1106
f 1157/1257/1107 1155/1256/1107 1158/1259/1107
f 1159/867/1108 1157/1260/1108 1158/1261/1108
f 1159/867/1108 1158/1261/1108 1161/1262/1108
f 1161/1262/1109 1158/1261/1109 1160/1263/1109
f 1158/1259/1106 1153/1070/1106 1160/1072/1106
f 1162/1264/1110 1163/775/1110 1161/1262/1110
f 1161/1262/1109 1160/1263/1109 1162/1264/1109
f 1161/1262/1111 1163/775/1111 1164/795/1111
f 1164/795/1112 1165/1265/1112 1161/1262/1112
f 1161/1262/1113 1165/1265/1113 1166/868/1113
f 1161/1262/1113 1166/868/1113 1159/867/1113
f 1170/1266/1114 1166/868/1114 1165/1265/1114
f 1159/867/1115 1166/868/1115 1167/863/1115
f 1168/801/1116 1167/863/1116 1166/868/1116
f 1169/1267/1117 1168/801/1117 1166/868/1117
f 1169/1267/1117 1166/868/1117 1170/1266/1117
f 1170/1266/1118 1165/1265/1118 1171/1268/1118
f 1170/1269/1119 1173/1270/1119 1169/1271/1119
f 1171/1272/1 1174/1273/1 1170/1274/1
f 1172/1275/1119 1173/1270/1119 1170/1269/1119
f 1170/1274/1 1174/1273/1 1172/1276/1
f 1174/1277/1120 1173/1278/1120 1172/1279/1120
f 1176/1280/1121 1174/1281/1121 1175/1282/1121
f 1175/1282/1121 1174/1281/1121 1171/1283/1121
f 1176/1284/1120 1173/1278/1120 1174/1277/1120
f 1173/1276/287 1176/1273/287 1169/1274/287
f 1169/1274/287 1176/1273/287 1175/1272/287
f 1171/1268/1122 1164/795/1122 1175/1285/1122
f 1175/1285/1122 1164/795/1122 1178/797/1122
f 1177/798/1123 1169/1267/1123 1175/1285/1123
f 1175/1285/1124 1178/797/1124 1177/798/1124
f 1179/800/1125 1178/797/1125 1164/795/1125
f 1178/797/1126 1179/800/1126 1180/752/1126
f 1177/798/1127 1178/797/1127 1181/799/1127
f 1181/799/1128 1178/797/1128 1180/752/1128
f 1181/799/1129 1184/807/1129 1182/803/1129
f 1181/799/1130 1182/803/1130 1177/798/1130
f 1181/799/1131 1180/752/1131 1183/804/1131
f 1183/804/1129 1184/807/1129 1181/799/1129
f 1185/808/1132 1182/803/1132 1184/807/1132
f 1185/1286/1133 1184/1257/1133 1186/1287/1133
f 1186/1287/1133 1184/1257/1133 1187/1258/1133
f 1183/1259/1134 1187/1258/1134 1184/1257/1134
f 1188/1256/1134 1187/1258/1134 1183/1259/1134
f 1188/1256/1135 1189/404/1135 1187/1258/1135
f 1190/403/1136 1187/1258/1136 1189/404/1136
f 1186/1287/1136 1187/1258/1136 1190/403/1136
f 1192/1288/1137 1186/1287/1137 1190/403/1137
f 1190/403/1138 1189/404/1138 1191/400/1138
f 1193/392/1139 1190/403/1139 1191/400/1139
f 1192/1288/1140 1190/403/1140 1193/392/1140
f 1195/387/1141 1192/1288/1141 1193/392/1141
f 1193/392/1142 1191/400/1142 1194/389/1142
f 1196/388/1143 1193/392/1143 1194/389/1143
f 1195/387/1143 1193/392/1143 1196/388/1143
f 1196/388/1144 1199/386/1144 1195/387/1144
f 1196/388/1145 1194/389/1145 1197/390/1145
f 1197/390/1146 1198/1289/1146 1196/388/1146
f 1196/388/1146 1198/1289/1146 1199/386/1146
f 1198/1289/1147 1200/1290/1147 1199/386/1147
f 1199/386/1147 1200/1290/1147 1201/379/1147
f 1199/386/1148 1201/379/1148 1202/385/1148
f 1195/387/1149 1199/386/1149 1202/385/1149
f 1202/385/1148 1201/379/1148 1203/378/1148
f 1202/385/1150 1203/378/1150 1204/384/1150
f 1205/1291/1151 1202/385/1151 1204/384/1151
f 1195/387/1151 1202/385/1151 1205/1291/1151
f 1207/1292/1152 1206/1293/1152 1205/1291/1152
f 1205/1291/1152 1206/1293/1152 1192/1288/1152
f 1205/1291/1141 1192/1288/1141 1195/387/1141
f 1205/1291/1153 1204/384/1153 1207/1292/1153
f 1207/1292/1154 1210/1294/1154 1206/1293/1154
f 1207/1292/1153 1204/384/1153 1208/1295/1153
f 1207/1292/1155 1208/1295/1155 1209/1296/1155
f 1209/1296/1156 1210/1294/1156 1207/1292/1156
f 1210/817/1157 1212/806/1157 1185/808/1157
f 1210/1294/1158 1185/1286/1158 1206/1293/1158
f 1211/818/1157 1212/806/1157 1210/817/1157
f 1209/820/1159 1211/818/1159 1210/817/1159
f 1214/858/1160 1213/862/1160 1212/806/1160
f 1213/862/1161 1215/805/1161 1212/806/1161
f 1211/818/1162 1214/858/1162 1212/806/1162
f 1212/806/1163 1215/805/1163 1182/803/1163
f 1212/806/1132 1182/803/1132 1185/808/1132
f 1215/805/1164 1167/863/1164 1168/801/1164
f 1216/1297/1165 1167/863/1165 1215/805/1165
f 1215/805/1166 1168/801/1166 1182/803/1166
f 1216/1297/1167 1215/805/1167 1217/1298/1167
f 1217/1298/1168 1215/805/1168 1213/862/1168
f 1217/1298/1169 1214/858/1169 1218/846/1169
f 1217/1298/1169 1218/846/1169 1219/1299/1169
f 1219/1283/1170 1220/1280/1170 1217/1282/1170
f 1217/1300/287 1221/1301/287 1216/1302/287
f 1220/1303/287 1221/1301/287 1217/1300/287
f 1213/862/1171 1214/858/1171 1217/1298/1171
f 1221/1270/1172 1222/1275/1172 1216/1271/1172
f 1221/1304/1173 1220/1305/1173 1222/1306/1173
f 1223/1302/1 1222/1301/1 1219/1300/1
f 1219/1300/1 1222/1301/1 1224/1303/1
f 1216/1271/1172 1222/1275/1172 1223/1269/1172
f 1222/1306/1173 1220/1305/1173 1224/1307/1173
f 1224/1281/1170 1220/1280/1170 1219/1283/1170
f 1219/1299/1174 1225/866/1174 1223/1308/1174
f 1223/1308/1165 1167/863/1165 1216/1297/1165
f 1223/1308/1175 1225/866/1175 1167/863/1175
f 1226/865/1176 1167/863/1176 1225/866/1176
f 1226/865/1177 1225/866/1177 1227/871/1177
f 1227/871/1178 1225/866/1178 1218/846/1178
f 1219/1299/1179 1218/846/1179 1225/866/1179
f 1227/871/1180 1232/873/1180 1226/865/1180
f 1218/846/1181 1228/845/1181 1227/871/1181
f 1227/871/1182 1228/845/1182 1229/998/1182
f 1227/871/1183 1229/998/1183 1230/995/1183
f 1230/995/1184 1231/872/1184 1227/871/1184
f 1227/871/1180 1231/872/1180 1232/873/1180
f 1231/1294/1185 1233/1287/1185 1232/1286/1185
f 1226/865/1186 1232/873/1186 1157/1260/1186
f 1232/1286/1187 1156/1258/1187 1157/1257/1187
f 1232/1286/1187 1233/1287/1187 1156/1258/1187
f 1231/1294/1185 1234/1293/1185 1233/1287/1185
f 1234/1293/1188 332/403/1188 1233/1287/1188
f 1233/1287/1189 333/404/1189 1156/1258/1189
f 1233/1287/1189 332/403/1189 333/404/1189
f 1235/1296/1190 1236/1292/1190 1234/1293/1190
f 1235/1296/1190 1234/1293/1190 1231/1294/1190
f 1236/1292/1191 1237/1288/1191 1234/1293/1191
f 1234/1293/1192 1237/1288/1192 332/403/1192
f 1236/1292/1191 1238/1291/1191 1237/1288/1191
f 1238/1291/1193 321/392/1193 1237/1288/1193
f 1237/1288/1194 330/400/1194 332/403/1194
f 1237/1288/1194 321/392/1194 330/400/1194
f 313/384/216 315/387/216 1238/1291/216
f 1238/1291/1193 315/387/1193 321/392/1193
f 1239/1295/1195 313/384/1195 1238/1291/1195
f 1239/1295/1195 1238/1291/1195 1236/1292/1195
f 1240/1309/1196 312/383/1196 1239/1295/1196
f 1240/1309/1196 1239/1295/1196 1241/1310/1196
f 1241/1310/1197 1239/1295/1197 1236/1292/1197
f 312/383/1198 313/384/1198 1239/1295/1198
f 1242/984/1199 1240/994/1199 1241/996/1199
f 1242/984/1200 1241/996/1200 1243/993/1200
f 1243/993/1201 1241/996/1201 1235/874/1201
f 1241/1310/1197 1236/1292/1197 1235/1296/1197
f 1230/995/1202 1244/827/1202 1243/993/1202
f 1243/993/1201 1235/874/1201 1230/995/1201
f 1243/993/1203 1244/827/1203 1245/989/1203
f 1243/993/1204 1245/989/1204 1242/984/1204
f 1244/827/1205 1247/1311/1205 1245/989/1205
f 1242/984/1206 1245/989/1206 1246/985/1206
f 1246/985/1207 1245/989/1207 1249/1312/1207
f 1245/989/1208 1247/1311/1208 1248/826/1208
f 1249/1312/1209 1245/989/1209 1248/826/1209
f 1249/1312/1210 1253/970/1210 1246/985/1210
f 1249/1312/1209 1248/826/1209 1250/1313/1209
f 1250/1084/1211 1252/1094/1211 1249/1082/1211
f 1251/1314/1212 1253/970/1212 1249/1312/1212
f 1249/1315/1 1252/1316/1 1251/1317/1
f 1254/983/1213 1246/985/1213 1253/970/1213
f 1253/970/1214 1255/959/1214 1254/983/1214
f 1255/959/1215 1253/970/1215 1256/972/1215
f 1251/1314/1216 1256/972/1216 1253/970/1216
f 1256/972/1215 1257/1011/1215 1255/959/1215
f 1257/1011/1217 1256/972/1217 1261/1007/1217
f 1258/1318/1218 1259/1004/1218 1256/972/1218
f 1258/1318/1216 1256/972/1216 1251/1314/1216
f 1256/972/1219 1259/1004/1219 1260/1006/1219
f 1261/1007/1220 1256/972/1220 1260/1006/1220
f 1261/1007/1221 1260/1006/1221 1262/1008/1221
f 1262/1008/1222 1263/1014/1222 1261/1007/1222
f 1261/1007/1222 1263/1014/1222 1264/1010/1222
f 1261/1007/1223 1264/1010/1223 1257/1011/1223
f 1265/954/1224 1267/961/1224 1264/1010/1224
f 1266/1012/1225 1265/954/1225 1264/1010/1225
f 1266/1319/1226 1264/1320/1226 1268/1321/1226
f 1257/1011/1223 1264/1010/1223 1267/961/1223
f 1268/1321/1226 1264/1320/1226 1263/1322/1226
f 1268/1321/1227 1263/1322/1227 1269/1323/1227
f 1271/1324/1228 1268/1321/1228 1269/1323/1228
f 1270/1325/1229 1266/1319/1229 1268/1321/1229
f 1270/1325/1228 1268/1321/1228 1271/1324/1228
f 1271/1324/1230 1269/1323/1230 1272/1326/1230
f 1274/1327/1231 1271/1324/1231 1272/1326/1231
f 1273/1328/1232 1270/1325/1232 1271/1324/1232
f 1273/1328/1233 1271/1324/1233 1274/1327/1233
f 1274/1327/1234 1272/1326/1234 1275/358/1234
f 1275/358/1235 1276/353/1235 1274/1327/1235
f 1274/1327/1235 1276/353/1235 1277/1329/1235
f 1274/1327/1236 1277/1329/1236 1273/1328/1236
f 1276/353/1237 1278/350/1237 1277/1329/1237
f 1277/1329/1237 1278/350/1237 1279/1330/1237
f 1277/1329/1238 1279/1330/1238 1280/1331/1238
f 1273/1328/1236 1277/1329/1236 1280/1331/1236
f 1280/1331/1238 1279/1330/1238 1281/1332/1238
f 1280/1331/1239 1281/1332/1239 1282/1333/1239
f 1283/1334/1240 1280/1331/1240 1282/1333/1240
f 1273/1328/1240 1280/1331/1240 1283/1334/1240
f 1285/1335/1241 1284/1336/1241 1283/1334/1241
f 1283/1334/1241 1284/1336/1241 1270/1325/1241
f 1283/1334/1242 1282/1333/1242 1285/1335/1242
f 1283/1334/1243 1270/1325/1243 1273/1328/1243
f 1286/909/1244 1288/910/1244 1285/1337/1244
f 1285/1338/1245 1287/1339/1245 1286/1340/1245
f 1285/1337/1246 1288/910/1246 1284/1015/1246
f 1285/1335/1242 1282/1333/1242 1287/1341/1242
f 1292/1342/1247 1288/910/1247 1289/1343/1247
f 1289/1343/1247 1288/910/1247 1291/905/1247
f 1292/1342/1248 1290/1344/1248 1288/910/1248
f 1288/910/1249 1290/1344/1249 1284/1015/1249
f 1293/1345/1250 1291/905/1250 1288/910/1250
f 1293/1345/1251 1288/910/1251 1286/909/1251
f 1294/1126/1252 1293/1140/1252 1286/1340/1252
f 1294/1346/287 1296/1347/287 1293/1348/287
f 1295/1349/1250 1291/905/1250 1293/1345/1250
f 1293/1345/1253 1297/1350/1253 1295/1349/1253
f 1296/1351/1253 1297/1350/1253 1293/1345/1253
f 1296/1133/1254 1300/1137/1254 1297/1134/1254
f 1295/1348/1 1297/1347/1 1298/1346/1
f 1298/1346/1 1297/1347/1 1299/1352/1
f 1297/1134/1254 1300/1137/1254 1299/1132/1254
f 1298/1353/1255 1300/1354/1255 1294/1355/1255
f 1300/1352/287 1296/1347/287 1294/1346/287
f 1299/1356/1255 1300/1354/1255 1298/1353/1255
f 1294/1126/1256 1301/1357/1256 1298/1125/1256
f 1298/1125/1257 1301/1357/1257 1295/1123/1257
f 1305/1358/1258 1301/1357/1258 1302/1359/1258
f 1302/1359/1259 1301/1357/1259 1303/1360/1259
f 1304/1361/1260 1303/1360/1260 1301/1357/1260
f 1294/1126/1256 1304/1361/1256 1301/1357/1256
f 1301/1357/1261 1306/1362/1261 1295/1123/1261
f 1305/1358/1258 1306/1362/1258 1301/1357/1258
f 1291/905/1262 1306/904/1262 1305/903/1262
f 1295/1349/1263 1306/904/1263 1291/905/1263
f 1307/906/1264 1291/905/1264 1305/903/1264
f 1305/1335/1265 1309/1325/1265 1307/1336/1265
f 1302/1341/1266 1308/1334/1266 1305/1335/1266
f 1305/1335/1265 1308/1334/1265 1309/1325/1265
f 1307/1336/1267 1309/1325/1267 1310/1321/1267
f 1308/1334/1268 1311/1324/1268 1309/1325/1268
f 1309/1325/1269 1312/1323/1269 1310/1321/1269
f 1309/1325/1270 1311/1324/1270 1312/1323/1270
f 1310/1321/1271 1312/1323/1271 309/380/1271
f 1312/1323/1272 304/375/1272 309/380/1272
f 1311/1324/1273 303/374/1273 1312/1323/1273
f 1312/1323/1274 303/374/1274 304/375/1274
f 1308/1334/1275 1313/1328/1275 1311/1324/1275
f 1313/1328/1276 1314/1326/1276 1311/1324/1276
f 1311/1324/1273 1314/1326/1273 303/374/1273
f 1313/1328/1276 1315/1327/1276 1314/1326/1276
f 1315/1327/1277 292/359/1277 1314/1326/1277
f 1314/1326/1278 301/372/1278 303/374/1278
f 1314/1326/1279 292/359/1279 301/372/1279
f 1317/1331/1280 1316/1329/1280 1315/1327/1280
f 1316/1329/1281 289/358/1281 1315/1327/1281
f 1315/1327/1282 289/358/1282 292/359/1282
f 1317/1331/1280 1315/1327/1280 1313/1328/1280
f 1318/1363/1283 1320/1332/1283 1317/1331/1283
f 1318/1363/1283 1317/1331/1283 1319/1333/1283
f 1319/1333/1284 1317/1331/1284 1313/1328/1284
f 1320/1332/1285 1316/1329/1285 1317/1331/1285
f 1321/1364/1286 1322/1365/1286 1320/1332/1286
f 1321/1364/1286 1320/1332/1286 1318/1363/1286
f 1322/1365/1287 1323/1330/1287 1320/1332/1287
f 1320/1332/1285 1323/1330/1285 1316/1329/1285
f 1322/1365/1287 1324/1366/1287 1323/1330/1287
f 1324/1366/1288 282/350/1288 1323/1330/1288
f 1323/1330/1289 286/353/1289 1316/1329/1289
f 1323/1330/1289 282/350/1289 286/353/1289
f 1325/1367/1290 1326/1368/1290 1324/1366/1290
f 1325/1367/1291 1324/1366/1291 1322/1365/1291
f 1326/1368/1292 280/348/1292 1324/1366/1292
f 1324/1366/1288 280/348/1288 282/350/1288
f 1327/1369/1293 1328/1370/1293 1326/1368/1293
f 1327/1369/1293 1326/1368/1293 1325/1367/1293
f 1328/1370/1294 279/347/1294 1326/1368/1294
f 1326/1368/1292 279/347/1292 280/348/1292
f 1329/1371/1295 268/332/1295 1328/1370/1295
f 1329/1371/1296 1328/1370/1296 1327/1369/1296
f 268/332/179 269/333/179 1328/1370/179
f 1328/1370/1294 269/333/1294 279/347/1294
f 1331/1372/1297 1329/1371/1297 1327/1369/1297
f 1332/1373/1298 268/332/1298 1329/1371/1298
f 1330/1374/1299 1332/1373/1299 1329/1371/1299
f 1330/1374/1299 1329/1371/1299 1331/1372/1299
f 1333/1375/1300 1334/1376/1300 1332/1373/1300
f 1333/1375/1300 1332/1373/1300 1330/1374/1300
f 1334/1376/1301 266/330/1301 1332/1373/1301
f 1332/1373/1298 266/330/1298 268/332/1298
f 1335/1377/1302 1336/1378/1302 1334/1376/1302
f 1335/1377/1303 1334/1376/1303 1333/1375/1303
f 1336/1378/1304 265/329/1304 1334/1376/1304
f 1334/1376/1301 265/329/1301 266/330/1301
f 1337/1379/1305 1338/1380/1305 1336/1378/1305
f 1337/1379/1305 1336/1378/1305 1335/1377/1305
f 1338/1380/1306 1339/1381/1306 1336/1378/1306
f 1336/1378/1307 1339/1381/1307 265/329/1307
f 1339/1381/1308 260/324/1308 265/329/1308
f 1340/1382/1309 258/322/1309 1339/1381/1309
f 1339/1381/1308 258/322/1308 260/324/1308
f 1338/1380/1306 1340/1382/1306 1339/1381/1306
f 1341/1383/1310 1342/1384/1310 1340/1382/1310
f 1341/1383/1310 1340/1382/1310 1338/1380/1310
f 1342/1384/1311 256/320/1311 1340/1382/1311
f 1340/1382/1309 256/320/1309 258/322/1309
f 1343/1385/1312 1344/1386/1312 1342/1384/1312
f 1343/1385/1312 1342/1384/1312 1341/1383/1312
f 1344/1386/1313 254/318/1313 1342/1384/1313
f 1342/1384/1311 254/318/1311 256/320/1311
f 1345/1387/1314 1346/1388/1314 1344/1386/1314
f 1345/1387/1315 1344/1386/1315 1343/1385/1315
f 1346/1388/1316 253/317/1316 1344/1386/1316
f 1344/1386/1313 253/317/1313 254/318/1313
f 1347/1389/1317 241/299/1317 1346/1388/1317
f 1347/1389/1317 1346/1388/1317 1345/1387/1317
f 241/299/155 242/300/155 1346/1388/155
f 1346/1388/1316 242/300/1316 253/317/1316
f 1349/1390/1318 1347/1389/1318 1345/1387/1318
f 1350/1391/1319 241/299/1319 1347/1389/1319
f 1348/1392/1320 1350/1391/1320 1347/1389/1320
f 1348/1392/1320 1347/1389/1320 1349/1390/1320
f 1351/1393/1321 1352/1394/1321 1350/1391/1321
f 1351/1393/1321 1350/1391/1321 1348/1392/1321
f 1352/1394/1322 239/297/1322 1350/1391/1322
f 1350/1391/1319 239/297/1319 241/299/1319
f 1353/1395/1323 1354/1396/1323 1352/1394/1323
f 1353/1395/1324 1352/1394/1324 1351/1393/1324
f 1354/1396/1325 238/296/1325 1352/1394/1325
f 1352/1394/1326 238/296/1326 239/297/1326
f 1355/1397/1327 1356/1398/1327 1354/1396/1327
f 1355/1397/1328 1354/1396/1328 1353/1395/1328
f 1356/1398/1329 1357/1399/1329 1354/1396/1329
f 1354/1396/1325 1357/1399/1325 238/296/1325
f 1357/1399/1330 232/291/1330 238/296/1330
f 1358/1400/1331 230/289/1331 1357/1399/1331
f 1357/1399/1330 230/289/1330 232/291/1330
f 1356/1398/1332 1358/1400/1332 1357/1399/1332
f 1359/1401/1333 1360/1402/1333 1358/1400/1333
f 1359/1401/1333 1358/1400/1333 1356/1398/1333
f 1360/1402/1334 226/284/1334 1358/1400/1334
f 1358/1400/1331 226/284/1331 230/289/1331
f 751/898/1335 1361/1403/1335 1360/1402/1335
f 751/898/1335 1360/1402/1335 1359/1401/1335
f 1361/1403/1336 224/282/1336 1360/1402/1336
f 1360/1402/1334 224/282/1334 226/284/1334
f 744/891/1337 745/892/1337 1361/1403/1337
f 744/891/1337 1361/1403/1337 751/898/1337
f 745/892/1338 223/281/1338 1361/1403/1338
f 1361/1403/1336 223/281/1336 224/282/1336
f 750/897/1339 1359/1401/1339 1362/1404/1339
f 1362/1404/1340 1359/1401/1340 1356/1398/1340
f 750/897/1339 751/898/1339 1359/1401/1339
f 1363/1405/1341 1362/1404/1341 1355/1397/1341
f 1362/1404/1340 1356/1398/1340 1355/1397/1340
f 753/902/1342 1362/1404/1342 1363/1405/1342
f 753/902/1342 750/897/1342 1362/1404/1342
f 1366/1406/1343 1364/1407/1343 1363/1408/1343
f 1363/1408/1344 1364/1407/1344 1365/1409/1344
f 1363/1408/1345 1365/1409/1345 753/899/1345
f 1363/1405/1341 1355/1397/1341 1366/1410/1341
f 1367/1411/1346 1368/1412/1346 1366/1406/1346
f 1366/1406/1347 1353/1413/1347 1367/1411/1347
f 1366/1406/1348 1368/1412/1348 1364/1407/1348
f 1366/1406/1347 1355/1414/1347 1353/1413/1347
f 1367/1411/1349 1369/1415/1349 1368/1412/1349
f 1368/1412/1350 1369/1415/1350 1371/1416/1350
f 1370/1417/1351 1364/1407/1351 1368/1412/1351
f 1370/1417/1352 1368/1412/1352 1371/1416/1352
f 1371/1418/1 1374/1419/1 1370/1420/1
f 1371/1416/1353 1369/1415/1353 1372/1421/1353
f 1371/1416/1353 1372/1421/1353 1373/1422/1353
f 1373/1423/1354 1374/1424/1354 1371/1425/1354
f 1374/1426/1355 1376/1427/1355 1375/1428/1355
f 1370/1420/1 1374/1419/1 1375/1429/1
f 1377/1430/1355 1376/1427/1355 1374/1426/1355
f 1377/1431/1354 1374/1424/1354 1373/1423/1354
f 1377/1419/287 1373/1418/287 1376/1429/287
f 1376/1429/287 1373/1418/287 1378/1420/287
f 1376/1429/287 1378/1420/287 1380/1432/287
f 1375/1433/1356 1376/1434/1356 1379/1435/1356
f 1379/1435/1356 1376/1434/1356 1380/1436/1356
f 1365/1409/1357 1379/1437/1357 1380/1438/1357
f 1380/1438/1357 1382/1439/1357 1365/1409/1357
f 1378/1440/1358 1381/1441/1358 1380/1438/1358
f 1380/1438/1359 1381/1441/1359 1382/1439/1359
f 1382/1439/1360 1388/1442/1360 1383/1443/1360
f 1365/1409/1360 1382/1439/1360 1383/1443/1360
f 1386/1444/1361 1382/1439/1361 1381/1441/1361
f 1384/1445/1362 1387/1446/1362 1382/1439/1362
f 1384/1445/1363 1382/1439/1363 1385/1447/1363
f 1385/1447/1364 1382/1439/1364 1386/1444/1364
f 1387/1446/1365 1388/1442/1365 1382/1439/1365
f 1387/1448/287 1389/1449/287 1388/1450/287
f 1388/1451/1366 1390/1452/1366 1383/1453/1366
f 1389/1454/1366 1390/1452/1366 1388/1451/1366
f 1389/1455/1367 1394/1456/1367 1390/1457/1367
f 1390/1449/1368 1391/1448/1368 1383/1450/1368
f 1390/1449/1 1392/1458/1 1391/1448/1
f 1393/1459/1 1392/1458/1 1390/1449/1
f 1390/1457/1367 1394/1456/1367 1393/1460/1367
f 1393/1461/1369 1394/1462/1369 1392/1463/1369
f 1392/1463/1369 1394/1462/1369 1395/1464/1369
f 1395/1458/287 1394/1459/287 1387/1448/287
f 1387/1448/287 1394/1459/287 1389/1449/287
f 754/900/1370 1392/1465/1370 1395/1466/1370
f 757/1467/1370 754/900/1370 1395/1466/1370
f 757/1467/1371 1395/1466/1371 1396/1468/1371
f 1396/1468/1372 1395/1466/1372 1387/1446/1372
f 1396/1468/1373 1398/1469/1373 757/1467/1373
f 1396/1468/1374 1387/1446/1374 1384/1445/1374
f 1396/1468/1375 1384/1445/1375 1397/1470/1375
f 1397/1470/1373 1398/1469/1373 1396/1468/1373
f 758/910/1376 757/909/1376 1398/1337/1376
f 820/1015/1377 758/910/1377 1398/1337/1377
f 1397/902/1378 1399/895/1378 1398/896/1378
f 823/890/1379 1398/896/1379 1399/895/1379
f 820/894/1380 1398/896/1380 823/890/1380
f 1400/897/1381 1399/895/1381 1397/902/1381
f 1400/897/1382 1402/891/1382 1399/895/1382
f 823/890/1383 1399/895/1383 1401/889/1383
f 1401/889/1384 1399/895/1384 1402/891/1384
f 1401/889/1385 1402/891/1385 1403/257/1385
f 1403/257/1386 1402/891/1386 1405/892/1386
f 1404/898/1382 1402/891/1382 1400/897/1382
f 1404/898/1387 1405/892/1387 1402/891/1387
f 1403/257/1388 1405/892/1388 1406/256/1388
f 1406/256/1388 1405/892/1388 1407/258/1388
f 1408/1403/1389 1407/258/1389 1405/892/1389
f 1408/1403/1387 1405/892/1387 1404/898/1387
f 1404/898/1390 1409/1401/1390 1408/1403/1390
f 1408/1403/1390 1409/1401/1390 1410/1402/1390
f 1408/1403/1391 1410/1402/1391 1411/281/1391
f 1411/281/1389 1407/258/1389 1408/1403/1389
f 1411/281/1391 1410/1402/1391 1412/282/1391
f 1411/281/1392 1412/282/1392 1413/262/1392
f 1413/262/1393 1414/259/1393 1411/281/1393
f 1411/281/1393 1414/259/1393 1407/258/1393
f 1413/262/1394 1415/260/1394 1414/259/1394
f 1416/253/1395 1414/259/1395 1415/260/1395
f 1417/252/1396 1407/258/1396 1414/259/1396
f 1417/252/1395 1414/259/1395 1416/253/1395
f 1416/253/1397 1418/246/1397 1417/252/1397
f 1417/252/1397 1418/246/1397 1419/250/1397
f 1417/252/1398 1419/250/1398 1406/256/1398
f 1406/256/1396 1407/258/1396 1417/252/1396
f 1422/245/1399 1419/250/1399 1418/246/1399
f 1406/256/1398 1419/250/1398 1420/251/1398
f 1421/247/1400 1420/251/1400 1419/250/1400
f 1421/247/1399 1419/250/1399 1422/245/1399
f 1422/245/1401 1423/243/1401 1421/247/1401
f 1424/244/287 1423/243/287 1422/245/287
f 1424/244/287 1422/245/287 1418/246/287
f 1426/232/287 1423/243/287 1424/244/287
f 1424/244/287 1418/246/287 1425/264/287
f 912/1471/1402 1424/1472/1402 1425/1473/1402
f 907/1474/1403 1426/1475/1403 1424/1472/1403
f 907/1474/1402 1424/1472/1402 912/1471/1402
f 1426/232/287 1427/236/287 1423/243/287
f 1426/232/287 1429/233/287 1427/236/287
f 1428/229/287 1429/233/287 1426/232/287
f 902/1476/1404 1428/1477/1404 1426/1475/1404
f 902/1476/1405 1426/1475/1405 907/1474/1405
f 1429/233/1406 1430/240/1406 1427/236/1406
f 834/237/1406 1430/240/1406 1429/233/1406
f 1429/233/1407 1431/228/1407 834/237/1407
f 1428/229/287 1431/228/287 1429/233/287
f 834/237/1407 1431/228/1407 835/227/1407
f 1432/226/1408 835/227/1408 1431/228/1408
f 1428/229/287 1432/226/287 1431/228/287
f 1432/226/1409 1433/215/1409 838/225/1409
f 838/225/1408 835/227/1408 1432/226/1408
f 1434/211/287 1433/215/287 1432/226/287
f 1434/211/287 1432/226/287 1428/229/287
f 891/1478/1410 1435/1479/1410 1434/1480/1410
f 891/1478/1411 1434/1480/1411 897/1481/1411
f 897/1481/1411 1434/1480/1411 1428/1477/1411
f 1435/203/287 848/212/287 1434/211/287
f 1434/211/287 848/212/287 1433/215/287
f 867/204/287 851/201/287 1435/203/287
f 870/1024/1412 867/1021/1412 1435/1479/1412
f 1435/203/287 849/202/287 848/212/287
f 851/201/287 849/202/287 1435/203/287
f 870/1024/1410 1435/1479/1410 891/1478/1410
f 838/225/1409 1433/215/1409 840/218/1409
f 848/212/814 840/218/814 1433/215/814
f 1436/242/1413 1427/236/1413 1430/240/1413
f 1436/242/1414 1430/240/1414 828/248/1414
f 828/248/1414 1430/240/1414 829/241/1414
f 834/237/797 829/241/797 1430/240/797
f 1423/243/1413 1427/236/1413 1436/242/1413
f 1421/247/1401 1423/243/1401 1436/242/1401
f 1437/249/1415 1436/242/1415 828/248/1415
f 1421/247/1415 1436/242/1415 1437/249/1415
f 1437/249/1416 1438/255/1416 1420/251/1416
f 1437/249/1400 1420/251/1400 1421/247/1400
f 826/254/1416 1438/255/1416 1437/249/1416
f 1437/249/792 828/248/792 826/254/792
f 1403/257/1417 1420/251/1417 1438/255/1417
f 1403/257/1418 1438/255/1418 1401/889/1418
f 1401/889/1418 1438/255/1418 822/887/1418
f 826/254/790 822/887/790 1438/255/790
f 897/1481/1404 1428/1477/1404 902/1476/1404
f 1425/264/287 1416/253/287 1439/263/287
f 876/1482/1419 1425/1473/1419 1439/1483/1419
f 912/1471/1420 1425/1473/1420 876/1482/1420
f 1425/264/287 1418/246/287 1416/253/287
f 1439/263/287 1415/260/287 1440/261/287
f 1439/263/287 1440/261/287 1441/270/287
f 1416/253/287 1415/260/287 1439/263/287
f 880/1484/1421 1439/1485/1421 1441/1486/1421
f 876/1487/1421 1439/1485/1421 880/1484/1421
f 1441/270/287 1440/261/287 1442/275/287
f 1441/270/287 1442/275/287 1444/277/287
f 1441/270/287 1444/277/287 1443/276/287
f 885/1488/1422 1441/1486/1422 1443/1489/1422
f 880/1484/1422 1441/1486/1422 885/1488/1422
f 1444/277/1423 1442/275/1423 1445/283/1423
f 1447/285/1424 1444/277/1424 1445/283/1424
f 1446/286/1424 1444/277/1424 1447/285/1424
f 1443/276/287 1444/277/287 1446/286/287
f 1448/289/1425 1450/291/1425 1447/285/1425
f 1447/285/1426 1445/283/1426 1448/289/1426
f 1447/285/1427 1449/288/1427 1446/286/1427
f 1447/285/1425 1450/291/1425 1449/288/1425
f 1451/293/1428 1449/288/1428 1450/291/1428
f 1451/293/1429 1450/291/1429 1452/297/1429
f 1452/297/1430 1450/291/1430 1453/296/1430
f 1448/289/1431 1453/296/1431 1450/291/1431
f 1452/297/1432 1453/296/1432 1454/1391/1432
f 1454/1391/1432 1453/296/1432 1455/1394/1432
f 1456/1399/1433 1455/1394/1433 1453/296/1433
f 1456/1399/1431 1453/296/1431 1448/289/1431
f 1459/1396/1433 1455/1394/1433 1456/1399/1433
f 1448/289/1434 1457/284/1434 1456/1399/1434
f 1456/1399/1434 1457/284/1434 1458/1400/1434
f 1456/1399/1435 1458/1400/1435 1459/1396/1435
f 1459/1396/1436 1461/1393/1436 1455/1394/1436
f 1460/1395/1437 1461/1393/1437 1459/1396/1437
f 1459/1396/1438 1462/1398/1438 1460/1395/1438
f 1459/1396/1435 1458/1400/1435 1462/1398/1435
f 1458/1400/1439 1410/1402/1439 1462/1398/1439
f 1462/1398/1440 1410/1402/1440 1409/1401/1440
f 1462/1398/1441 1409/1401/1441 1463/1397/1441
f 1460/1395/1442 1462/1398/1442 1463/1397/1442
f 1463/1397/1443 1409/1401/1443 1464/1404/1443
f 1463/1397/1444 1464/1404/1444 1386/1410/1444
f 1465/1490/1445 1463/1491/1445 1386/1444/1445
f 1460/1492/1445 1463/1491/1445 1465/1490/1445
f 1465/1490/1446 1467/1493/1446 1466/1494/1446
f 1465/1490/1447 1466/1494/1447 1460/1492/1447
f 1372/1421/1448 1467/1493/1448 1465/1490/1448
f 1465/1490/1449 1386/1444/1449 1372/1421/1449
f 1369/1415/1450 1467/1493/1450 1372/1421/1450
f 1471/1495/1451 1468/1496/1451 1467/1493/1451
f 1467/1493/1452 1468/1496/1452 1469/1497/1452
f 1467/1493/1453 1469/1497/1453 1470/1498/1453
f 1467/1493/1454 1470/1498/1454 1466/1494/1454
f 1471/1495/1450 1467/1493/1450 1369/1415/1450
f 1472/1499/1455 1473/1500/1455 1471/1495/1455
f 1472/1499/1456 1471/1495/1456 1367/1411/1456
f 1473/1500/1457 1474/1501/1457 1471/1495/1457
f 1471/1495/1458 1369/1415/1458 1367/1411/1458
f 1471/1495/1459 1474/1501/1459 1468/1496/1459
f 1473/1500/1460 1470/1498/1460 1474/1501/1460
f 1470/1498/1460 1475/1502/1460 1474/1501/1460
f 1474/1503/1 1476/1504/1 1468/1505/1
f 1475/1506/1461 1476/1507/1461 1474/1508/1461
f 1477/1509/1461 1476/1507/1461 1475/1506/1461
f 1477/1510/1462 1479/1511/1462 1476/1512/1462
f 1468/1505/1 1476/1504/1 1478/1513/1
f 1476/1512/1462 1479/1511/1462 1478/1514/1462
f 1478/1515/1463 1479/1516/1463 1468/1517/1463
f 1468/1517/1463 1479/1516/1463 1469/1518/1463
f 1479/1513/287 1477/1504/287 1469/1505/287
f 1469/1505/287 1477/1504/287 1475/1503/287
f 1470/1498/1464 1469/1497/1464 1475/1502/1464
f 1480/1519/1465 1473/1500/1465 1472/1499/1465
f 1480/1519/1466 1481/1520/1466 1473/1500/1466
f 1481/1520/1466 1470/1498/1466 1473/1500/1466
f 1480/1519/1467 1482/1521/1467 1481/1520/1467
f 1482/1521/1467 1483/1522/1467 1481/1520/1467
f 1481/1520/1468 1483/1522/1468 1484/1523/1468
f 1485/1524/1469 1481/1520/1469 1484/1523/1469
f 1485/1524/1470 1470/1498/1470 1481/1520/1470
f 1485/1524/1471 1461/1525/1471 1466/1494/1471
f 1466/1494/1472 1470/1498/1472 1485/1524/1472
f 1485/1524/1473 1488/1526/1473 1486/1527/1473
f 1485/1524/1474 1486/1527/1474 1487/1528/1474
f 1487/1528/1475 1461/1525/1475 1485/1524/1475
f 1484/1523/1476 1488/1526/1476 1485/1524/1476
f 1488/1526/1477 1490/1529/1477 1489/1530/1477
f 1488/1526/1478 1489/1530/1478 1486/1527/1478
f 1488/1526/1479 1491/1531/1479 1490/1529/1479
f 1484/1523/1480 1483/1522/1480 1488/1526/1480
f 1488/1526/1481 1483/1522/1481 1491/1531/1481
f 1490/1529/1479 1491/1531/1479 1492/1532/1479
f 1491/1533/1482 1494/1534/1482 1492/1535/1482
f 1493/1536/1482 1494/1534/1482 1491/1533/1482
f 1483/1537/287 1493/1538/287 1491/1539/287
f 1492/1539/1 1494/1538/1 1482/1537/1
f 1494/1540/1483 1496/1541/1483 1495/1542/1483
f 1482/1537/1 1494/1538/1 1495/1543/1
f 1493/1544/1483 1496/1541/1483 1494/1540/1483
f 1495/1545/1484 1496/1546/1484 1482/1547/1484
f 1496/1543/287 1493/1538/287 1483/1537/287
f 1482/1547/1484 1496/1546/1484 1483/1548/1484
f 1497/1549/1485 1492/1532/1485 1482/1521/1485
f 1490/1529/1486 1492/1532/1486 1497/1549/1486
f 1490/1529/1487 1497/1549/1487 1498/1550/1487
f 1498/1550/1488 1497/1549/1488 1480/1519/1488
f 1497/1549/1489 1482/1521/1489 1480/1519/1489
f 1499/1551/1490 1490/1529/1490 1498/1550/1490
f 1498/1550/1491 1349/1552/1491 1499/1551/1491
f 1498/1550/1492 1480/1519/1492 1472/1499/1492
f 1472/1499/1493 1348/1553/1493 1498/1550/1493
f 1498/1550/1494 1348/1553/1494 1349/1552/1494
f 1500/1554/1495 1501/1555/1495 1499/1551/1495
f 1499/1551/1496 1502/1556/1496 1500/1554/1496
f 1499/1551/1497 1501/1555/1497 1490/1529/1497
f 1499/1551/1498 1349/1552/1498 1502/1556/1498
f 1500/1554/1499 1502/1556/1499 1503/1557/1499
f 1349/1390/1318 1345/1387/1318 1502/1558/1318
f 1502/1558/1500 1343/1385/1500 1503/1559/1500
f 1502/1558/1500 1345/1387/1500 1343/1385/1500
f 1500/1554/1499 1503/1557/1499 1504/1560/1499
f 1504/1560/1501 1503/1557/1501 1505/1561/1501
f 1503/1559/1502 1341/1383/1502 1505/1562/1502
f 1503/1559/1502 1343/1385/1502 1341/1383/1502
f 1506/1563/1503 1505/1561/1503 1337/1564/1503
f 1505/1562/1504 1338/1380/1504 1337/1379/1504
f 1505/1562/1504 1341/1383/1504 1338/1380/1504
f 1504/1560/1505 1505/1561/1505 1506/1563/1505
f 1507/1565/1506 1508/1566/1506 1506/1563/1506
f 1506/1563/1503 1337/1564/1503 1507/1565/1503
f 1506/1563/1507 1508/1566/1507 1509/1567/1507
f 1506/1563/1508 1509/1567/1508 1504/1560/1508
f 1512/1568/1509 1509/1567/1509 1508/1566/1509
f 1504/1560/1510 1509/1567/1510 1510/1569/1510
f 1513/544/1511 1510/1569/1511 1509/1567/1511
f 1511/1570/1509 1509/1567/1509 1512/1568/1509
f 1514/523/1512 1509/1567/1512 1511/1570/1512
f 1513/544/1512 1509/1567/1512 1514/523/1512
f 1514/523/1513 1511/1570/1513 1515/525/1513
f 1515/1571/287 1516/1572/287 1514/1573/287
f 1514/1574/1514 1517/1575/1514 1513/1576/1514
f 1516/1577/1514 1517/1575/1514 1514/1574/1514
f 1513/1573/1 1517/1572/1 1520/1571/1
f 1517/539/1515 1519/535/1515 1518/537/1515
f 1520/1571/1 1517/1572/1 1518/1578/1
f 1516/536/1515 1519/535/1515 1517/539/1515
f 1522/1579/1516 1521/1580/1516 1520/541/1516
f 1520/541/1517 1521/1580/1517 1510/1569/1517
f 1520/541/1516 1515/525/1516 1522/1579/1516
f 1520/1581/1518 1519/1582/1518 1515/1583/1518
f 1520/541/1519 1510/1569/1519 1513/544/1519
f 1518/1584/1518 1519/1582/1518 1520/1581/1518
f 1515/525/1520 1523/1585/1520 1522/1579/1520
f 1524/1586/1521 1521/1580/1521 1522/1579/1521
f 1522/1579/1522 1523/1585/1522 1526/1587/1522
f 1524/1586/1523 1522/1579/1523 1525/1588/1523
f 1525/1588/1524 1522/1579/1524 1527/1589/1524
f 1527/1589/1525 1522/1579/1525 1526/1587/1525
f 1527/1589/1526 1486/1527/1526 1525/1588/1526
f 1527/1589/1527 1529/1590/1527 1486/1527/1527
f 1527/1589/1528 1526/1587/1528 1528/1591/1528
f 1528/1591/1527 1529/1590/1527 1527/1589/1527
f 1528/1558/1529 1530/1389/1529 1529/1390/1529
f 1454/1391/1530 1529/1390/1530 1530/1389/1530
f 1487/1528/1531 1486/1527/1531 1529/1590/1531
f 1487/1392/1530 1529/1390/1530 1454/1391/1530
f 1531/1387/1532 1530/1389/1532 1528/1558/1532
f 1454/1391/1533 1530/1389/1533 1452/297/1533
f 1452/297/1533 1530/1389/1533 1532/299/1533
f 1531/1387/1534 1532/299/1534 1530/1389/1534
f 1534/1388/1535 1533/298/1535 1532/299/1535
f 1451/293/1536 1532/299/1536 1533/298/1536
f 1452/297/1536 1532/299/1536 1451/293/1536
f 1534/1388/1534 1532/299/1534 1531/1387/1534
f 1531/1387/1537 1535/1385/1537 1534/1388/1537
f 1534/1388/1537 1535/1385/1537 1537/1386/1537
f 1534/1388/1538 1537/1386/1538 1536/300/1538
f 1536/300/1535 1533/298/1535 1534/1388/1535
f 1535/1385/1539 1540/1383/1539 1537/1386/1539
f 1537/1386/1540 1539/1384/1540 1538/317/1540
f 1536/300/1538 1537/1386/1538 1538/317/1538
f 1537/1386/1539 1540/1383/1539 1539/1384/1539
f 1542/1380/1541 1540/1383/1541 1541/1379/1541
f 1541/1379/1541 1540/1383/1541 1543/1562/1541
f 1542/1380/1542 1539/1384/1542 1540/1383/1542
f 1535/1385/1543 1543/1562/1543 1540/1383/1543
f 1544/1592/1544 1546/1593/1544 1543/1594/1544
f 1544/1559/1543 1543/1562/1543 1535/1385/1543
f 1541/1595/1545 1543/1594/1545 1545/1596/1545
f 1545/1596/1545 1543/1594/1545 1546/1593/1545
f 1511/1570/1546 1512/1568/1546 1546/1593/1546
f 1526/1587/1547 1511/1570/1547 1546/1593/1547
f 1547/1597/1548 1546/1593/1548 1512/1568/1548
f 1526/1587/1544 1546/1593/1544 1544/1592/1544
f 1545/1596/1548 1546/1593/1548 1547/1597/1548
f 1547/1597/1549 1512/1568/1549 1548/605/1549
f 1548/605/1550 1549/604/1550 1547/1597/1550
f 1549/604/1551 1550/1598/1551 1547/1597/1551
f 1547/1597/1552 1550/1598/1552 1545/1596/1552
f 1551/1599/1553 1552/583/1553 1550/1598/1553
f 1549/604/1554 1551/1599/1554 1550/1598/1554
f 1552/583/1555 1553/1600/1555 1550/1598/1555
f 1550/1598/1556 1553/1600/1556 1554/1601/1556
f 1545/1596/1557 1550/1598/1557 1554/1601/1557
f 1554/1601/1558 1553/1600/1558 1555/1602/1558
f 1555/1602/1559 1556/1603/1559 1554/1601/1559
f 1541/1595/1560 1554/1601/1560 1556/1603/1560
f 1545/1596/1560 1554/1601/1560 1541/1595/1560
f 1558/1604/1559 1556/1603/1559 1555/1602/1559
f 1541/1379/1561 1556/1377/1561 1542/1380/1561
f 1542/1380/1561 1556/1377/1561 1557/1378/1561
f 1558/1375/1562 1557/1378/1562 1556/1377/1562
f 1559/1376/1563 1557/1378/1563 1558/1375/1563
f 1560/1374/1564 1559/1376/1564 1558/1375/1564
f 1561/1605/1565 1558/1604/1565 1555/1602/1565
f 1560/1606/1565 1558/1604/1565 1561/1605/1565
f 1561/1605/1566 1555/1602/1566 1562/1607/1566
f 1562/1607/1567 1563/1608/1567 1561/1605/1567
f 1561/1605/1568 1564/1609/1568 1560/1606/1568
f 1561/1605/1569 1563/1608/1569 1564/1609/1569
f 1563/1608/1570 1565/1610/1570 1564/1609/1570
f 1565/1610/1571 1566/1611/1571 1564/1609/1571
f 1564/1609/1572 1566/1611/1572 1567/1612/1572
f 1564/1609/1573 1567/1612/1573 1568/1613/1573
f 1560/1606/1574 1564/1609/1574 1568/1613/1574
f 1568/1613/1573 1567/1612/1573 1569/1614/1573
f 1568/1372/1575 1569/1615/1575 1570/1371/1575
f 1571/1373/1576 1568/1372/1576 1570/1371/1576
f 1560/1374/1576 1568/1372/1576 1571/1373/1576
f 1571/1373/1577 1570/1371/1577 1573/330/1577
f 1573/330/1578 1572/329/1578 1571/1373/1578
f 1571/1373/1578 1572/329/1578 1559/1376/1578
f 1571/1373/1579 1559/1376/1579 1560/1374/1579
f 1573/330/1577 1570/1371/1577 1575/332/1577
f 1573/330/1580 1575/332/1580 1574/326/1580
f 1574/326/1581 1576/324/1581 1573/330/1581
f 1573/330/1581 1576/324/1581 1572/329/1581
f 1579/323/1582 1577/321/1582 1576/324/1582
f 1576/324/1582 1577/321/1582 1578/322/1582
f 1576/324/1583 1578/322/1583 1572/329/1583
f 1574/326/1584 1579/323/1584 1576/324/1584
f 1580/7/1585 1581/2/1585 1579/323/1585
f 1582/325/1586 1580/7/1586 1579/323/1586
f 1579/323/1585 1581/2/1585 1577/321/1585
f 1582/325/1584 1579/323/1584 1574/326/1584
f 1574/326/1587 1583/331/1587 1582/325/1587
f 1582/325/1587 1583/331/1587 1585/327/1587
f 1582/325/1588 1585/327/1588 1584/9/1588
f 1584/9/1586 1580/7/1586 1582/325/1586
f 1583/331/1589 1587/333/1589 1585/327/1589
f 1585/327/1590 1588/334/1590 1586/328/1590
f 1584/9/1588 1585/327/1588 1586/328/1588
f 1585/327/1589 1587/333/1589 1588/334/1589
f 1587/333/1591 1590/347/1591 1588/334/1591
f 1588/334/1591 1590/347/1591 1589/337/1591
f 1588/334/1592 1589/337/1592 1591/335/1592
f 1586/328/1590 1588/334/1590 1591/335/1590
f 1591/335/1592 1589/337/1592 1592/336/1592
f 1594/338/287 1591/335/287 1592/336/287
f 1593/8/287 1586/328/287 1591/335/287
f 1593/8/287 1591/335/287 1594/338/287
f 1594/338/287 1596/342/287 1595/341/287
f 884/1616/1593 1594/1617/1593 1595/1618/1593
f 1594/338/287 1592/336/287 1596/342/287
f 879/1619/1594 1593/1620/1594 1594/1617/1594
f 879/1619/1593 1594/1617/1593 884/1616/1593
f 1597/346/1595 1599/349/1595 1596/342/1595
f 1596/342/1596 1592/336/1596 1597/346/1596
f 1596/342/1595 1599/349/1595 1598/345/1595
f 1595/341/287 1596/342/287 1598/345/287
f 1600/351/1597 1598/345/1597 1599/349/1597
f 1600/351/1598 1599/349/1598 1276/353/1598
f 1276/353/1598 1599/349/1598 1278/350/1598
f 1597/346/1599 1278/350/1599 1599/349/1599
f 1601/352/1597 1598/345/1597 1600/351/1597
f 1602/355/1600 1601/352/1600 1600/351/1600
f 1275/358/1601 1600/351/1601 1276/353/1601
f 1602/355/1601 1600/351/1601 1275/358/1601
f 1604/354/1600 1601/352/1600 1602/355/1600
f 1275/358/1602 1603/359/1602 1602/355/1602
f 1602/355/1602 1603/359/1602 1605/357/1602
f 1602/355/1603 1605/357/1603 1604/354/1603
f 1603/359/1604 1607/372/1604 1605/357/1604
f 1605/357/1605 1608/360/1605 1606/356/1605
f 1604/354/1603 1605/357/1603 1606/356/1603
f 1605/357/1604 1607/372/1604 1608/360/1604
f 1607/372/1606 1610/373/1606 1608/360/1606
f 1608/360/1606 1610/373/1606 1609/370/1606
f 1608/360/1607 1609/370/1607 1611/361/1607
f 1606/356/1605 1608/360/1605 1611/361/1605
f 1611/361/1607 1609/370/1607 1612/363/1607
f 1614/362/287 1611/361/287 1612/363/287
f 1613/364/287 1606/356/287 1611/361/287
f 1613/364/287 1611/361/287 1614/362/287
f 1614/362/287 1616/369/287 1615/1621/287
f 905/1476/1608 1614/1472/1608 1615/1475/1608
f 1614/362/287 1612/363/287 1616/369/287
f 900/1474/1609 1613/1473/1609 1614/1472/1609
f 900/1474/1610 1614/1472/1610 905/1476/1610
f 1617/371/1611 1201/379/1611 1616/369/1611
f 1616/369/1612 1612/363/1612 1617/371/1612
f 1615/1621/287 1616/369/287 1200/1290/287
f 1616/369/1611 1201/379/1611 1200/1290/1611
f 1618/376/1613 1203/378/1613 1617/371/1613
f 1617/371/1614 1609/370/1614 1618/376/1614
f 1617/371/1613 1203/378/1613 1201/379/1613
f 1617/371/1612 1612/363/1612 1609/370/1612
f 1618/376/1615 1619/382/1615 1203/378/1615
f 1618/376/1614 1609/370/1614 1610/373/1614
f 1618/376/1616 1610/373/1616 1620/377/1616
f 1620/377/1615 1619/382/1615 1618/376/1615
f 1620/377/1617 1621/383/1617 1619/382/1617
f 1622/381/1617 1621/383/1617 1620/377/1617
f 1620/377/1618 1623/375/1618 1622/381/1618
f 1620/377/1616 1610/373/1616 1623/375/1616
f 1607/372/1619 1623/375/1619 1610/373/1619
f 1622/381/1618 1623/375/1618 1624/380/1618
f 1625/374/1620 1624/380/1620 1623/375/1620
f 1625/374/1619 1623/375/1619 1607/372/1619
f 1269/1323/1620 1624/380/1620 1625/374/1620
f 1272/1326/1230 1269/1323/1230 1625/374/1230
f 1603/359/1621 1625/374/1621 1607/372/1621
f 1272/1326/1621 1625/374/1621 1603/359/1621
f 1622/381/1622 1624/380/1622 1262/1622/1622
f 1262/1622/1622 1624/380/1622 1263/1322/1622
f 1269/1323/1227 1263/1322/1227 1624/380/1227
f 1622/381/1623 1626/1309/1623 1621/383/1623
f 1262/1622/1623 1626/1309/1623 1622/381/1623
f 1627/1310/1624 1621/383/1624 1626/1309/1624
f 1627/1017/1625 1626/1009/1625 1628/825/1625
f 1628/825/1625 1626/1009/1625 1260/1006/1625
f 1262/1008/1221 1260/1006/1221 1626/1009/1221
f 1260/1006/1626 1259/1004/1626 1628/825/1626
f 1628/825/1627 1259/1004/1627 1248/826/1627
f 1628/825/1628 1248/826/1628 1629/824/1628
f 1631/819/1629 1627/1017/1629 1628/825/1629
f 1630/823/1630 1628/825/1630 1629/824/1630
f 1631/819/1630 1628/825/1630 1630/823/1630
f 1631/819/1159 1211/818/1159 1209/820/1159
f 1209/820/1629 1627/1017/1629 1631/819/1629
f 1630/823/1631 1632/822/1631 1631/819/1631
f 1631/819/1632 1632/822/1632 1211/818/1632
f 1229/998/1633 1636/1623/1633 1632/822/1633
f 1229/998/1634 1632/822/1634 1633/831/1634
f 1632/822/1634 1630/823/1634 1633/831/1634
f 1635/1624/1635 1634/861/1635 1632/822/1635
f 1632/822/1636 1634/861/1636 1211/818/1636
f 1635/1624/1633 1632/822/1633 1636/1623/1633
f 1637/1625/1637 1636/1623/1637 1229/998/1637
f 1637/1626/1 1640/1627/1 1636/1628/1
f 1638/1629/1638 1639/1630/1638 1636/1631/1638
f 1636/1628/1 1640/1627/1 1638/1632/1
f 1636/1631/1638 1639/1630/1638 1635/1633/1638
f 1642/1634/1639 1640/1635/1639 1637/1636/1639
f 1640/1637/1640 1639/1638/1640 1638/1639/1640
f 1641/1640/1640 1639/1638/1640 1640/1637/1640
f 1641/1641/1639 1640/1635/1639 1642/1634/1639
f 1637/1625/1641 1218/846/1641 1642/1642/1641
f 1642/1642/1641 1218/846/1641 1214/858/1641
f 1642/1642/1642 1634/861/1642 1635/1624/1642
f 1635/1628/287 1641/1627/287 1642/1626/287
f 1642/1642/1643 1214/858/1643 1634/861/1643
f 1639/1632/287 1641/1627/287 1635/1628/287
f 1637/1625/1644 1228/845/1644 1218/846/1644
f 1229/998/1645 1228/845/1645 1637/1625/1645
f 1634/861/1646 1214/858/1646 1211/818/1646
f 1229/998/1647 1633/831/1647 1230/995/1647
f 1230/995/1202 1633/831/1202 1244/827/1202
f 1633/831/1648 1643/1643/1648 1244/827/1648
f 1633/831/1649 1630/823/1649 1643/1643/1649
f 1645/1644/1650 1644/1645/1650 1643/1646/1650
f 1643/1647/1 1644/1648/1 1247/1649/1
f 1244/827/1651 1643/1643/1651 1247/1311/1651
f 1630/823/1649 1645/1650/1649 1643/1643/1649
f 1630/823/1652 1646/1651/1652 1645/1650/1652
f 1646/1649/287 1647/1648/287 1645/1647/287
f 1647/1652/1650 1644/1645/1650 1645/1644/1650
f 1647/1653/1653 1648/1654/1653 1644/1655/1653
f 1648/1656/287 1647/1648/287 1646/1649/287
f 1649/1657/1654 1648/1658/1654 1247/1659/1654
f 1247/1659/1654 1648/1658/1654 1646/1660/1654
f 1644/1655/1653 1648/1654/1653 1649/1661/1653
f 1247/1649/1 1644/1648/1 1649/1656/1
f 1247/1311/1655 1646/1651/1655 1248/826/1655
f 1248/826/1656 1646/1651/1656 1629/824/1656
f 1629/824/1657 1646/1651/1657 1630/823/1657
f 1208/1295/1658 1621/383/1658 1627/1310/1658
f 1209/1296/1155 1208/1295/1155 1627/1310/1155
f 1208/1295/1659 1619/382/1659 1621/383/1659
f 1204/384/1150 1203/378/1150 1619/382/1150
f 1204/384/1659 1619/382/1659 1208/1295/1659
f 905/1476/1660 1615/1475/1660 910/1481/1660
f 910/1481/1660 1615/1475/1660 1650/1477/1660
f 1615/1621/287 1198/1289/287 1650/1662/287
f 1615/1621/287 1200/1290/287 1198/1289/287
f 1650/1662/287 1198/1289/287 1197/390/287
f 1650/1662/287 1197/390/287 1652/391/287
f 1650/1662/287 1652/391/287 1651/395/287
f 874/1478/1661 1650/1477/1661 1651/1480/1661
f 910/1481/1661 1650/1477/1661 874/1478/1661
f 1194/389/1662 1653/393/1662 1652/391/1662
f 1197/390/1145 1194/389/1145 1652/391/1145
f 1651/395/287 1652/391/287 1654/394/287
f 1652/391/1663 1653/393/1663 1654/394/1663
f 1654/394/1664 1656/399/1664 1655/396/1664
f 1651/395/287 1654/394/287 1655/396/287
f 1653/393/1664 1656/399/1664 1654/394/1664
f 1658/402/1665 1656/399/1665 1657/405/1665
f 1657/405/1665 1656/399/1665 1659/401/1665
f 1658/402/1666 1655/396/1666 1656/399/1666
f 1653/393/1667 1659/401/1667 1656/399/1667
f 1657/405/1668 1659/401/1668 1660/406/1668
f 1660/406/1668 1659/401/1668 1189/404/1668
f 1191/400/1138 1189/404/1138 1659/401/1138
f 1191/400/1667 1659/401/1667 1653/393/1667
f 1660/406/1669 995/1070/1669 994/1069/1669
f 1660/406/1670 994/1069/1670 1657/405/1670
f 1188/1256/1669 995/1070/1669 1660/406/1669
f 1660/406/1671 1189/404/1671 1188/1256/1671
f 1657/405/1672 1663/407/1672 1658/402/1672
f 1658/402/1672 1663/407/1672 1661/408/1672
f 1658/402/1673 1661/408/1673 1662/398/1673
f 1662/398/1666 1655/396/1666 1658/402/1666
f 988/412/1674 1661/408/1674 1663/407/1674
f 988/412/1675 1663/407/1675 989/1065/1675
f 989/1065/1675 1663/407/1675 994/1069/1675
f 1657/405/1670 994/1069/1670 1663/407/1670
f 1662/398/1673 1661/408/1673 977/410/1673
f 1664/397/287 1655/396/287 1662/398/287
f 1664/397/287 1662/398/287 977/410/287
f 1664/397/287 977/410/287 973/1056/287
f 883/1019/1676 1664/1479/1676 973/1021/1676
f 1651/395/287 1655/396/287 1664/397/287
f 878/1024/1677 1651/1480/1677 1664/1479/1677
f 878/1024/1678 1664/1479/1678 883/1019/1678
f 976/409/867 977/410/867 1661/408/867
f 976/409/1674 1661/408/1674 988/412/1674
f 1194/389/1679 1191/400/1679 1653/393/1679
f 874/1478/1677 1651/1480/1677 878/1024/1677
f 1665/365/287 1604/354/287 1613/364/287
f 895/1471/1680 1665/1483/1680 1613/1473/1680
f 1604/354/287 1606/356/287 1613/364/287
f 895/1471/1609 1613/1473/1609 900/1474/1609
f 1595/341/287 1601/352/287 1665/365/287
f 1665/365/287 1601/352/287 1604/354/287
f 889/1663/1681 1595/1618/1681 1665/1664/1681
f 889/1482/1680 1665/1483/1680 895/1471/1680
f 1275/358/1234 1272/1326/1234 1603/359/1234
f 1595/341/287 1598/345/287 1601/352/287
f 1666/348/1599 1278/350/1599 1597/346/1599
f 1597/346/1682 1589/337/1682 1666/348/1682
f 1597/346/1596 1592/336/1596 1589/337/1596
f 1666/348/1682 1589/337/1682 1590/347/1682
f 1666/348/1683 1590/347/1683 1667/1366/1683
f 1666/348/1684 1279/1330/1684 1278/350/1684
f 1667/1366/1684 1279/1330/1684 1666/348/1684
f 1668/1365/1685 1281/1332/1685 1667/1366/1685
f 1667/1366/1685 1281/1332/1685 1279/1330/1685
f 1667/1366/1686 1669/1368/1686 1668/1365/1686
f 1667/1366/1683 1590/347/1683 1669/1368/1683
f 1587/333/1687 1669/1368/1687 1590/347/1687
f 1668/1365/1686 1669/1368/1686 1670/1367/1686
f 1671/1370/1688 1670/1367/1688 1669/1368/1688
f 1671/1370/1687 1669/1368/1687 1587/333/1687
f 1672/1369/1688 1670/1367/1688 1671/1370/1688
f 1575/332/1689 1672/1369/1689 1671/1370/1689
f 1583/331/1690 1671/1370/1690 1587/333/1690
f 1575/332/1690 1671/1370/1690 1583/331/1690
f 1569/1615/1691 1673/1665/1691 1672/1369/1691
f 1672/1369/1692 1673/1665/1692 1670/1367/1692
f 1570/1371/1575 1569/1615/1575 1672/1369/1575
f 1570/1371/1689 1672/1369/1689 1575/332/1689
f 1675/1666/1693 1673/1667/1693 1674/1668/1693
f 1569/1614/1694 1674/1668/1694 1673/1667/1694
f 1676/1669/1693 1673/1667/1693 1675/1666/1693
f 1676/1364/1695 1670/1367/1695 1673/1665/1695
f 1675/1670/1696 1677/1671/1696 1676/1364/1696
f 1676/1364/1696 1677/1671/1696 1678/1363/1696
f 1676/1364/1697 1678/1363/1697 1668/1365/1697
f 1668/1365/1698 1670/1367/1698 1676/1364/1698
f 1282/1333/1239 1281/1332/1239 1678/1363/1239
f 1668/1365/1697 1678/1363/1697 1281/1332/1697
f 1287/1341/1699 1678/1363/1699 1677/1671/1699
f 1282/1333/1699 1678/1363/1699 1287/1341/1699
f 1680/1672/1700 1679/1673/1700 1677/1674/1700
f 1677/1674/1701 1679/1673/1701 1287/1339/1701
f 1675/1666/1702 1680/1672/1702 1677/1674/1702
f 1681/1221/1703 1682/1206/1703 1680/1672/1703
f 1683/1675/1703 1681/1221/1703 1680/1672/1703
f 1680/1672/1704 1682/1206/1704 1679/1673/1704
f 1683/1675/1705 1680/1672/1705 1684/1676/1705
f 1680/1672/1705 1685/1677/1705 1684/1676/1705
f 1685/1677/1706 1680/1672/1706 1675/1666/1706
f 1687/1678/1707 1686/494/1707 1685/1677/1707
f 1685/1677/1708 1686/494/1708 1688/1250/1708
f 1685/1677/1709 1674/1668/1709 1687/1678/1709
f 1685/1677/1710 1688/1250/1710 1689/1233/1710
f 1684/1676/1710 1685/1677/1710 1689/1233/1710
f 1675/1666/1709 1674/1668/1709 1685/1677/1709
f 1688/1679/1711 1692/1680/1711 1689/1681/1711
f 1684/1676/1712 1689/1233/1712 1690/1682/1712
f 1690/1682/1713 1689/1233/1713 1691/492/1713
f 1689/1683/1 1692/1684/1 1691/1685/1
f 1693/1686/1711 1692/1680/1711 1688/1679/1711
f 1693/1243/1714 1695/1246/1714 1692/1244/1714
f 1691/1685/1 1692/1684/1 1694/1687/1
f 1692/1244/1714 1695/1246/1714 1694/1242/1714
f 1694/1688/1715 1695/1689/1715 1691/1690/1715
f 1691/1690/1715 1695/1689/1715 1686/1691/1715
f 1695/1687/287 1693/1684/287 1686/1685/287
f 1686/1685/287 1693/1684/287 1688/1683/287
f 1690/1682/1716 1691/492/1716 1697/1692/1716
f 1691/492/1717 1686/494/1717 1696/1693/1717
f 1697/1692/1717 1691/492/1717 1696/1693/1717
f 1698/1694/1718 1690/1682/1718 1697/1692/1718
f 1698/1694/1719 1697/1692/1719 1699/1695/1719
f 1699/1695/1720 1697/1692/1720 1700/1696/1720
f 1701/466/1721 1700/1696/1721 1697/1692/1721
f 1702/486/1722 1697/1692/1722 1696/1693/1722
f 1701/466/1722 1697/1692/1722 1702/486/1722
f 1702/486/1723 1704/1697/1723 1703/468/1723
f 1703/1698/287 1705/1699/287 1702/1700/287
f 1702/486/1724 1696/1693/1724 1704/1697/1724
f 1702/1701/1725 1706/1702/1725 1701/1703/1725
f 1705/1704/1725 1706/1702/1725 1702/1701/1725
f 1706/479/1726 1708/476/1726 1707/478/1726
f 1709/1698/1 1706/1699/1 1707/1705/1
f 1705/477/1726 1708/476/1726 1706/479/1726
f 1701/1700/1 1706/1699/1 1709/1698/1
f 1703/468/1727 1566/1611/1727 1709/467/1727
f 1709/1706/1728 1708/1707/1728 1703/1708/1728
f 1709/467/1729 1710/1709/1729 1700/1696/1729
f 1709/467/1730 1700/1696/1730 1701/466/1730
f 1566/1611/1727 1710/1709/1727 1709/467/1727
f 1707/1710/1728 1708/1707/1728 1709/1706/1728
f 1711/1711/1731 1700/1696/1731 1710/1709/1731
f 1710/1709/1732 1712/1712/1732 1711/1711/1732
f 1566/1611/1733 1712/1712/1733 1710/1709/1733
f 1711/1711/1734 1712/1712/1734 1713/1713/1734
f 1712/1712/1735 1714/644/1735 1713/1713/1735
f 1565/1610/1736 1714/644/1736 1712/1712/1736
f 1565/1610/1733 1712/1712/1733 1566/1611/1733
f 1713/1713/1737 1714/644/1737 1716/1714/1737
f 1715/635/1736 1714/644/1736 1565/1610/1736
f 1715/1715/1738 1717/1716/1738 1714/1717/1738
f 1714/1718/1 1717/1719/1 1716/1720/1
f 1718/1721/1738 1717/1716/1738 1715/1715/1738
f 1718/651/1739 1720/653/1739 1717/652/1739
f 1716/1720/1 1717/1719/1 1719/1722/1
f 1717/652/1739 1720/653/1739 1719/650/1739
f 1723/1723/1740 1720/1724/1740 1721/1725/1740
f 1720/1722/287 1722/1720/287 1721/1726/287
f 1720/1722/287 1715/1718/287 1722/1720/287
f 1718/1719/287 1715/1718/287 1720/1722/287
f 1719/1727/1740 1720/1724/1740 1723/1723/1740
f 1725/1728/1741 1716/1714/1741 1723/634/1741
f 1716/1720/1 1719/1722/1 1723/1726/1
f 1725/1728/1742 1723/634/1742 1724/576/1742
f 1724/576/1743 1723/634/1743 1721/636/1743
f 1726/1729/1744 1727/1730/1744 1725/1728/1744
f 1726/1729/1745 1725/1728/1745 1728/1731/1745
f 1727/1730/1746 1716/1714/1746 1725/1728/1746
f 1728/1731/1747 1725/1728/1747 1729/1732/1747
f 1725/1728/1748 1724/576/1748 1729/1732/1748
f 1728/1731/1749 1729/1732/1749 1730/1733/1749
f 1729/1732/1750 1731/1734/1750 1730/1733/1750
f 1729/1732/1751 1732/1735/1751 1731/1734/1751
f 1729/1732/1752 1724/576/1752 1732/1735/1752
f 1734/1736/1 1732/1737/1 1724/1738/1
f 1731/1734/1753 1732/1735/1753 1733/575/1753
f 1734/1736/1 1733/1739/1 1732/1737/1
f 1738/1740/1754 1734/1741/1754 1724/1742/1754
f 1734/596/1755 1736/588/1755 1735/590/1755
f 1735/1743/1 1733/1739/1 1734/1736/1
f 1737/589/1755 1736/588/1755 1734/596/1755
f 1737/1744/1756 1734/1741/1756 1738/1740/1756
f 1738/586/1757 1721/636/1757 1739/1745/1757
f 1738/586/1758 1739/1745/1758 1740/1746/1758
f 1724/576/1743 1721/636/1743 1738/586/1743
f 1740/1737/287 1737/1736/287 1738/1738/287
f 1740/1746/1759 1739/1745/1759 1741/1747/1759
f 1740/1746/1760 1741/1747/1760 1552/583/1760
f 1552/1739/287 1736/1743/287 1740/1737/287
f 1740/1737/287 1736/1743/287 1737/1736/287
f 1555/1602/1761 1741/1747/1761 1739/1745/1761
f 1552/583/1762 1741/1747/1762 1553/1600/1762
f 1555/1602/1763 1553/1600/1763 1741/1747/1763
f 1739/1745/1764 1721/636/1764 1562/1607/1764
f 1562/1607/1765 1555/1602/1765 1739/1745/1765
f 1735/1748/1766 1736/1749/1766 1733/1750/1766
f 1733/1750/1766 1736/1749/1766 1552/1751/1766
f 1731/1734/1767 1733/575/1767 1551/1599/1767
f 1551/1599/1553 1733/575/1553 1552/583/1553
f 1730/1733/1768 1731/1734/1768 1551/1599/1768
f 1730/1733/1769 1333/1752/1769 1728/1731/1769
f 1730/1733/1770 1551/1599/1770 1507/1565/1770
f 1507/1565/1771 1335/1753/1771 1730/1733/1771
f 1730/1733/1769 1335/1753/1769 1333/1752/1769
f 1728/1731/1772 1330/1754/1772 1726/1729/1772
f 1728/1731/1773 1333/1752/1773 1330/1754/1773
f 1713/1713/1774 1727/1730/1774 1726/1729/1774
f 1713/1713/1775 1716/1714/1775 1727/1730/1775
f 1711/1711/1776 1713/1713/1776 1726/1729/1776
f 1726/1729/1777 1330/1754/1777 1331/1755/1777
f 1726/1729/1778 1331/1755/1778 1711/1711/1778
f 1562/1607/1779 1721/636/1779 1722/1756/1779
f 1722/1756/1775 1563/1608/1775 1562/1607/1775
f 1715/635/1780 1565/1610/1780 1722/1756/1780
f 1722/1756/1781 1565/1610/1781 1563/1608/1781
f 1699/1695/1782 1700/1696/1782 1711/1711/1782
f 1711/1711/1783 1742/1757/1783 1699/1695/1783
f 1711/1711/1784 1331/1755/1784 1742/1757/1784
f 1699/1695/1785 1742/1757/1785 1743/1758/1785
f 1331/1372/1297 1327/1369/1297 1742/1615/1297
f 1742/1615/1786 1325/1367/1786 1743/1665/1786
f 1742/1615/1787 1327/1369/1787 1325/1367/1787
f 1699/1695/1788 1743/1758/1788 1698/1694/1788
f 1698/1694/1789 1743/1758/1789 1321/1759/1789
f 1743/1665/1790 1322/1365/1790 1321/1364/1790
f 1743/1665/1791 1325/1367/1791 1322/1365/1791
f 1708/1705/287 1705/1699/287 1703/1698/287
f 1703/468/1792 1704/1697/1792 1566/1611/1792
f 1566/1611/1793 1704/1697/1793 1567/1612/1793
f 1704/1697/1794 1696/1693/1794 1567/1612/1794
f 1744/1760/1795 1690/1682/1795 1698/1694/1795
f 1698/1694/1789 1321/1759/1789 1744/1760/1789
f 1745/1761/1796 1746/1762/1796 1744/1760/1796
f 1744/1670/1797 1318/1363/1797 1745/1671/1797
f 1744/1760/1798 1746/1762/1798 1683/1675/1798
f 1683/1675/1799 1684/1676/1799 1744/1760/1799
f 1744/1760/1800 1684/1676/1800 1690/1682/1800
f 1744/1670/1801 1321/1364/1801 1318/1363/1801
f 1745/1761/1802 1303/1360/1802 1746/1762/1802
f 1303/1360/1803 1747/1224/1803 1746/1762/1803
f 1746/1762/1804 1681/1221/1804 1683/1675/1804
f 1746/1762/1805 1747/1224/1805 1681/1221/1805
f 1303/1360/1806 1748/1202/1806 1747/1224/1806
f 1748/1763/1807 1749/1764/1807 1747/1765/1807
f 1747/1766/1 1749/1767/1 1681/1768/1
f 1749/1219/1808 1751/1215/1808 1750/1217/1808
f 1681/1768/1 1749/1767/1 1750/1769/1
f 1752/1216/1808 1751/1215/1808 1749/1219/1808
f 1752/1770/1807 1749/1764/1807 1748/1763/1807
f 1751/1769/287 1752/1767/287 1682/1768/287
f 1682/1768/287 1752/1767/287 1748/1766/287
f 1750/1771/1809 1751/1772/1809 1681/1773/1809
f 1681/1773/1809 1751/1772/1809 1682/1774/1809
f 1753/1775/1806 1748/1202/1806 1303/1360/1806
f 1753/1775/1810 1682/1206/1810 1748/1202/1810
f 1753/1775/1260 1303/1360/1260 1304/1361/1260
f 1287/1339/1811 1753/1775/1811 1304/1361/1811
f 1679/1673/1812 1682/1206/1812 1753/1775/1812
f 1287/1339/1813 1679/1673/1813 1753/1775/1813
f 1302/1359/1814 1303/1360/1814 1745/1761/1814
f 1745/1671/1815 1319/1333/1815 1302/1341/1815
f 1745/1671/1816 1318/1363/1816 1319/1333/1816
f 1696/1693/1817 1686/494/1817 1687/1678/1817
f 1696/1693/1818 1687/1678/1818 1674/1668/1818
f 1567/1612/1819 1696/1693/1819 1674/1668/1819
f 1567/1612/1694 1674/1668/1694 1569/1614/1694
f 884/1616/1681 1595/1618/1681 889/1663/1681
f 1754/1/287 1584/9/287 1593/8/287
f 1593/8/287 1584/9/287 1586/328/287
f 875/1776/1820 1754/1777/1820 1593/1620/1820
f 875/1776/1594 1593/1620/1594 879/1619/1594
f 1754/1/287 1580/7/287 1584/9/287
f 1581/2/287 1580/7/287 1754/1/287
f 1754/1/287 1755/3/287 1581/2/287
f 911/1778/1821 1755/1779/1821 1754/1777/1821
f 911/1778/1820 1754/1777/1820 875/1776/1820
f 1755/3/287 1757/306/287 1756/315/287
f 1755/3/287 1756/315/287 1581/2/287
f 1758/305/287 1757/306/287 1755/3/287
f 906/1780/1822 1758/1781/1822 1755/1779/1822
f 906/1780/1821 1755/1779/1821 911/1778/1821
f 901/1782/1823 1759/1783/1823 1758/1781/1823
f 901/1782/1822 1758/1781/1822 906/1780/1822
f 1758/305/287 1760/304/287 1757/306/287
f 1759/307/287 1760/304/287 1758/305/287
f 1760/304/1824 1761/316/1824 1757/306/1824
f 1762/303/1824 1761/316/1824 1760/304/1824
f 1763/302/1825 1762/303/1825 1760/304/1825
f 1759/307/287 1763/302/287 1760/304/287
f 1764/301/1825 1762/303/1825 1763/302/1825
f 1763/302/1826 1765/295/1826 1764/301/1826
f 1765/295/287 1763/302/287 1759/307/287
f 1766/290/1827 1767/294/1827 1765/295/1827
f 1768/311/287 1766/290/287 1765/295/287
f 1764/301/1826 1765/295/1826 1767/294/1826
f 1765/295/287 1759/307/287 1768/311/287
f 1768/311/287 1769/287/287 1766/290/287
f 1443/276/287 1769/287/287 1768/311/287
f 896/1784/1828 1768/1785/1828 1759/1783/1828
f 890/1786/1829 1443/1489/1829 1768/1785/1829
f 890/1786/1830 1768/1785/1830 896/1784/1830
f 1766/290/1831 1769/287/1831 1770/292/1831
f 1770/292/1831 1769/287/1831 1449/288/1831
f 1446/286/1427 1449/288/1427 1769/287/1427
f 1443/276/287 1446/286/287 1769/287/287
f 1770/292/1827 1767/294/1827 1766/290/1827
f 1770/292/1428 1449/288/1428 1451/293/1428
f 1451/293/1832 1533/298/1832 1770/292/1832
f 1770/292/1832 1533/298/1832 1767/294/1832
f 1764/301/1833 1767/294/1833 1536/300/1833
f 1536/300/1833 1767/294/1833 1533/298/1833
f 1536/300/1834 1538/317/1834 1764/301/1834
f 1764/301/1834 1538/317/1834 1762/303/1834
f 1538/317/1835 1771/318/1835 1762/303/1835
f 1762/303/1835 1771/318/1835 1761/316/1835
f 1772/320/1836 1761/316/1836 1771/318/1836
f 1772/320/1837 1771/318/1837 1773/1382/1837
f 1773/1382/1837 1771/318/1837 1539/1384/1837
f 1538/317/1838 1539/1384/1838 1771/318/1838
f 1773/1382/1839 1557/1378/1839 1774/1381/1839
f 1773/1382/1840 1774/1381/1840 1772/320/1840
f 1542/1380/1839 1557/1378/1839 1773/1382/1839
f 1773/1382/1542 1539/1384/1542 1542/1380/1542
f 1572/329/1583 1578/322/1583 1774/1381/1583
f 1772/320/1841 1774/1381/1841 1578/322/1841
f 1572/329/1842 1774/1381/1842 1559/1376/1842
f 1559/1376/1842 1774/1381/1842 1557/1378/1842
f 1772/320/1843 1578/322/1843 1775/319/1843
f 1775/319/1836 1761/316/1836 1772/320/1836
f 1775/319/1843 1578/322/1843 1577/321/1843
f 1775/319/1844 1577/321/1844 1756/315/1844
f 1756/315/1845 1757/306/1845 1775/319/1845
f 1775/319/1845 1757/306/1845 1761/316/1845
f 896/1784/1823 1759/1783/1823 901/1782/1823
f 1756/315/1844 1577/321/1844 1581/2/1844
f 1574/326/1580 1575/332/1580 1583/331/1580
f 1551/1599/1846 1776/1787/1846 1507/1565/1846
f 1777/609/1847 1776/1787/1847 1551/1599/1847
f 1777/609/1554 1551/1599/1554 1549/604/1554
f 1508/1566/1848 1776/1787/1848 1777/609/1848
f 1778/622/1849 1508/1566/1849 1777/609/1849
f 1549/1788/1850 1779/1789/1850 1777/1790/1850
f 1777/1791/1 1779/1792/1 1778/1793/1
f 1780/1794/1850 1779/1789/1850 1549/1788/1850
f 1780/618/1851 1782/617/1851 1779/621/1851
f 1778/1793/1 1779/1792/1 1781/1795/1
f 1779/621/1851 1782/617/1851 1781/619/1851
f 1778/1796/1852 1782/1797/1852 1548/1798/1852
f 1782/1795/287 1780/1792/287 1548/1793/287
f 1781/1799/1852 1782/1797/1852 1778/1796/1852
f 1548/1793/287 1780/1792/287 1549/1791/287
f 1548/605/1853 1508/1566/1853 1778/622/1853
f 1507/1565/1506 1776/1787/1506 1508/1566/1506
f 1548/605/1853 1512/1568/1853 1508/1566/1853
f 1531/1387/1854 1544/1559/1854 1535/1385/1854
f 1528/1591/1528 1526/1587/1528 1544/1592/1528
f 1528/1558/1855 1544/1559/1855 1531/1387/1855
f 1523/1585/1856 1511/1570/1856 1526/1587/1856
f 1783/1800/1857 1524/1586/1857 1525/1588/1857
f 1525/1588/1526 1486/1527/1526 1489/1530/1526
f 1525/1588/1858 1489/1530/1858 1783/1800/1858
f 1783/1800/1859 1489/1530/1859 1501/1555/1859
f 1783/1800/1859 1501/1555/1859 1784/1801/1859
f 1783/1802/287 1786/1803/287 1524/1804/287
f 1784/1805/1860 1785/1806/1860 1783/1807/1860
f 1785/1808/287 1786/1803/287 1783/1802/287
f 1786/1809/1861 1787/1810/1861 1524/1811/1861
f 1786/1812/1862 1785/1813/1862 1787/1814/1862
f 1524/1811/1861 1787/1810/1861 1788/1815/1861
f 1788/1804/1 1787/1803/1 1784/1802/1
f 1784/1802/1 1787/1803/1 1789/1808/1
f 1787/1814/1862 1785/1813/1862 1789/1816/1862
f 1789/1817/1860 1785/1806/1860 1784/1805/1860
f 1788/1818/1521 1521/1580/1521 1524/1586/1521
f 1788/1818/1863 1790/1819/1863 1521/1580/1863
f 1784/1801/1864 1501/1555/1864 1788/1818/1864
f 1501/1555/1865 1790/1819/1865 1788/1818/1865
f 1521/1580/1866 1790/1819/1866 1500/1554/1866
f 1500/1554/1867 1790/1819/1867 1501/1555/1867
f 1515/525/1868 1511/1570/1868 1523/1585/1868
f 1500/1554/1869 1510/1569/1869 1521/1580/1869
f 1519/1578/287 1516/1572/287 1515/1571/287
f 1504/1560/1870 1510/1569/1870 1500/1554/1870
f 1507/1565/1871 1337/1564/1871 1335/1753/1871
f 1489/1530/1477 1490/1529/1477 1501/1555/1477
f 1454/1391/1872 1455/1394/1872 1487/1392/1872
f 1487/1392/1873 1455/1394/1873 1461/1393/1873
f 1367/1411/1874 1351/1820/1874 1472/1499/1874
f 1472/1499/1875 1351/1820/1875 1348/1553/1875
f 1460/1492/1447 1466/1494/1447 1461/1525/1447
f 1404/898/1876 1464/1404/1876 1409/1401/1876
f 1386/1410/1444 1464/1404/1444 1385/1405/1444
f 1400/897/1877 1385/1405/1877 1464/1404/1877
f 1400/897/1876 1464/1404/1876 1404/898/1876
f 1457/284/1878 1412/282/1878 1458/1400/1878
f 1458/1400/1878 1412/282/1878 1410/1402/1878
f 1445/283/1879 1791/280/1879 1457/284/1879
f 1448/289/1426 1445/283/1426 1457/284/1426
f 1457/284/1879 1791/280/1879 1412/282/1879
f 1445/283/1423 1442/275/1423 1791/280/1423
f 1440/261/1880 1791/280/1880 1442/275/1880
f 1413/262/1392 1412/282/1392 1791/280/1392
f 1413/262/1880 1791/280/1880 1440/261/1880
f 885/1488/1829 1443/1489/1829 890/1786/1829
f 1440/261/1394 1415/260/1394 1413/262/1394
f 1406/256/1417 1420/251/1417 1403/257/1417
f 1401/889/786 822/887/786 823/890/786
f 1397/902/1877 1385/1405/1877 1400/897/1877
f 1397/1470/1881 1384/1445/1881 1385/1447/1881
f 1792/1821/1882 1391/1822/1882 1392/1465/1882
f 1792/1821/1883 1392/1465/1883 754/900/1883
f 1793/1823/1884 1792/1821/1884 753/899/1884
f 753/899/703 1792/1821/703 754/900/703
f 1793/1823/1374 1391/1822/1374 1792/1821/1374
f 753/899/1885 1365/1409/1885 1793/1823/1885
f 1365/1409/1886 1383/1443/1886 1793/1823/1886
f 1793/1823/1887 1383/1443/1887 1391/1822/1887
f 1372/1421/1888 1386/1444/1888 1794/1824/1888
f 1386/1444/1889 1381/1441/1889 1794/1824/1889
f 1373/1422/1890 1794/1824/1890 1378/1440/1890
f 1378/1440/1351 1794/1824/1351 1381/1441/1351
f 1373/1422/1891 1372/1421/1891 1794/1824/1891
f 1370/1417/1892 1379/1437/1892 1365/1409/1892
f 1370/1420/1 1375/1429/1 1379/1432/1
f 1365/1409/1893 1364/1407/1893 1370/1417/1893
f 1367/1411/1894 1353/1413/1894 1351/1820/1894
f 1302/1341/1266 1319/1333/1266 1308/1334/1266
f 1319/1333/1284 1313/1328/1284 1308/1334/1284
f 1316/1329/1281 286/353/1281 289/358/1281
f 1307/1336/1267 1310/1321/1267 1795/1319/1267
f 1795/1319/1895 1310/1321/1895 1796/1322/1895
f 1310/1321/1271 309/380/1271 1796/1322/1271
f 1795/1319/1895 1796/1322/1895 1797/1320/1895
f 1797/957/1896 1796/1825/1896 1798/1826/1896
f 1796/1322/1897 310/381/1897 1798/1622/1897
f 1796/1322/1897 309/380/1897 310/381/1897
f 1797/957/1896 1798/1826/1896 1254/983/1896
f 1254/983/1898 1798/1826/1898 1240/994/1898
f 1798/1622/1899 312/383/1899 1240/1309/1899
f 1798/1622/1899 310/381/1899 312/383/1899
f 1254/983/1900 1799/958/1900 1797/957/1900
f 1797/957/1901 1799/958/1901 1800/956/1901
f 1797/957/1902 1800/956/1902 1795/931/1902
f 1799/958/1903 1802/1827/1903 1800/956/1903
f 1795/931/1904 1800/956/1904 1801/932/1904
f 1800/956/1905 1802/1827/1905 1801/932/1905
f 1799/958/1906 1803/1828/1906 1802/1827/1906
f 1803/1829/1 1804/1830/1 1802/1831/1
f 1802/1827/1907 1806/1832/1907 1801/932/1907
f 1802/1831/1 1804/1830/1 1805/1833/1
f 1802/1831/1 1805/1833/1 1806/1834/1
f 1801/932/1908 1806/1832/1908 1807/1835/1908
f 1808/1836/1909 1807/1835/1909 1806/1832/1909
f 1806/1162/1910 1809/1156/1910 1808/1158/1910
f 1805/1157/1910 1809/1156/1910 1806/1162/1910
f 1809/1833/287 1812/1829/287 1810/1831/287
f 1809/1833/287 1810/1831/287 1808/1834/287
f 1804/1837/1911 1809/1838/1911 1805/1839/1911
f 1811/1840/1911 1809/1838/1911 1804/1837/1911
f 1811/1830/287 1812/1829/287 1809/1833/287
f 1257/1011/1912 1810/1841/1912 1812/1842/1912
f 1257/1011/1913 1812/1842/1913 1803/1828/1913
f 1812/1170/1914 1804/1171/1914 1803/1168/1914
f 1811/1169/1914 1804/1171/1914 1812/1170/1914
f 1265/954/1915 1808/1836/1915 1810/1841/1915
f 1265/954/1903 1810/1841/1903 1267/961/1903
f 1267/961/1916 1810/1841/1916 1257/1011/1916
f 1813/1843/1909 1807/1835/1909 1808/1836/1909
f 1814/936/1917 1813/1843/1917 1808/1836/1917
f 1814/936/1918 1808/1836/1918 1265/954/1918
f 1815/1844/1919 1813/1843/1919 1814/936/1919
f 1814/936/1920 1816/934/1920 1815/1844/1920
f 1814/936/1921 1265/954/1921 1266/1012/1921
f 1816/934/1922 1814/936/1922 1266/1012/1922
f 1815/1844/1923 1816/934/1923 1290/1344/1923
f 1290/1344/1924 1816/934/1924 1284/1015/1924
f 1284/1015/1925 1816/934/1925 1266/1012/1925
f 1815/1844/1926 1290/1344/1926 1292/1342/1926
f 1292/1845/287 1817/1846/287 1815/1847/287
f 1815/1847/287 1817/1846/287 1818/1848/287
f 1815/1847/287 1818/1848/287 1813/1849/287
f 1818/1850/1927 1817/1851/1927 1819/1852/1927
f 1818/1182/1928 1819/1187/1928 1813/1183/1928
f 1819/1852/1927 1817/1851/1927 1820/1853/1927
f 1820/1846/1 1289/1845/1 1819/1848/1
f 1819/1848/1 1289/1845/1 1821/1847/1
f 1819/1848/1 1821/1847/1 1807/1849/1
f 1813/1183/1928 1819/1187/1928 1807/1181/1928
f 1823/907/1929 1821/1854/1929 1289/1343/1929
f 1822/929/1930 1807/1835/1930 1821/1854/1930
f 1822/929/1923 1821/1854/1923 1823/907/1923
f 1822/929/1931 1823/907/1931 1307/906/1931
f 1307/906/1932 1823/907/1932 1291/905/1932
f 1289/1343/1933 1291/905/1933 1823/907/1933
f 1307/906/1934 1801/932/1934 1822/929/1934
f 1801/932/1935 1807/1835/1935 1822/929/1935
f 1820/1190/1936 1817/1189/1936 1289/1195/1936
f 1289/1195/1936 1817/1189/1936 1292/1191/1936
f 1255/959/1913 1257/1011/1913 1803/1828/1913
f 1255/959/1937 1803/1828/1937 1799/958/1937
f 1795/931/1938 1801/932/1938 1307/906/1938
f 1254/983/1900 1255/959/1900 1799/958/1900
f 1286/1340/1939 1304/1361/1939 1294/1126/1939
f 1286/1340/1245 1287/1339/1245 1304/1361/1245
f 1284/1336/1940 1266/1319/1940 1270/1325/1940
f 1250/1313/1941 1248/826/1941 1259/1004/1941
f 1250/1313/1942 1259/1004/1942 1258/1318/1942
f 1258/1317/287 1825/1316/287 1250/1315/287
f 1251/1092/1943 1824/1086/1943 1258/1088/1943
f 1824/1855/287 1825/1316/287 1258/1317/287
f 1825/1083/1211 1252/1094/1211 1250/1084/1211
f 1825/1856/1944 1824/1857/1944 1252/1858/1944
f 1826/1087/1943 1824/1086/1943 1251/1092/1943
f 1252/1858/1944 1824/1857/1944 1826/1859/1944
f 1251/1317/1 1252/1316/1 1826/1855/1
f 1242/984/1945 1246/985/1945 1254/983/1945
f 1254/983/1898 1240/994/1898 1242/984/1898
f 1230/995/1184 1235/874/1184 1231/872/1184
f 1159/867/1946 1167/863/1946 1226/865/1946
f 1226/865/1186 1157/1260/1186 1159/867/1186
f 1206/1293/1947 1186/1287/1947 1192/1288/1947
f 1206/1293/1158 1185/1286/1158 1186/1287/1158
f 1183/1259/1948 997/1072/1948 1188/1256/1948
f 1188/1256/1948 997/1072/1948 995/1070/1948
f 1183/804/1131 1180/752/1131 997/802/1131
f 1177/798/1130 1182/803/1130 1168/801/1130
f 998/745/885 997/802/885 1180/752/885
f 1180/752/1949 1179/800/1949 998/745/1949
f 1164/795/1125 1163/775/1125 1179/800/1125
f 1179/800/1950 1163/775/1950 1827/1860/1950
f 1179/800/1951 1827/1860/1951 1828/751/1951
f 998/745/1952 1179/800/1952 1828/751/1952
f 1828/751/1953 1827/1860/1953 1830/1861/1953
f 1828/751/1954 1830/1861/1954 1829/750/1954
f 998/745/1955 1828/751/1955 1829/750/1955
f 1827/1862/287 1832/1863/287 1830/1864/287
f 1829/750/1956 1830/1861/1956 1831/1865/1956
f 1830/1864/287 1833/1866/287 1831/1867/287
f 1830/1864/287 1832/1863/287 1833/1866/287
f 1833/1630/1957 1834/1629/1957 1831/1633/1957
f 1833/1868/1958 1832/1869/1958 1834/1870/1958
f 1831/1633/1957 1834/1629/1957 1835/1631/1957
f 1834/1866/1 1837/1864/1 1835/1867/1
f 1834/1870/1959 1832/1869/1959 1836/1871/1959
f 1836/1863/1 1838/1862/1 1834/1866/1
f 1834/1866/1 1838/1862/1 1837/1864/1
f 1163/775/1960 1837/1872/1960 1838/1873/1960
f 1163/775/1950 1838/1873/1950 1827/1860/1950
f 1838/1636/1961 1832/1641/1961 1827/1634/1961
f 1836/1635/1961 1832/1641/1961 1838/1636/1961
f 1839/773/1962 1835/1874/1962 1837/1872/1962
f 1839/773/1963 1837/1872/1963 1163/775/1963
f 1841/707/1964 1840/774/1964 1839/773/1964
f 1840/774/1965 1835/1874/1965 1839/773/1965
f 1841/707/1966 1839/773/1966 1162/1264/1966
f 1162/1264/1967 1839/773/1967 1163/775/1967
f 1028/703/1968 1840/774/1968 1841/707/1968
f 1841/707/1969 1843/701/1969 1028/703/1969
f 1162/1264/1970 1842/704/1970 1841/707/1970
f 1841/707/1969 1842/704/1969 1843/701/1969
f 1842/1071/1971 1151/1064/1971 1843/1067/1971
f 1028/703/922 1843/701/922 1029/698/922
f 1843/1067/1972 1143/1062/1972 1029/1066/1972
f 1843/1067/1972 1151/1064/1972 1143/1062/1972
f 1160/1072/1973 1150/1068/1973 1842/1071/1973
f 1842/1071/1971 1150/1068/1971 1151/1064/1971
f 1162/1264/1970 1160/1263/1970 1842/704/1970
f 1028/703/1968 1844/708/1968 1840/774/1968
f 1845/1875/1974 1840/774/1974 1844/708/1974
f 1845/1875/1975 1835/1874/1975 1840/774/1975
f 1845/1875/1976 1844/708/1976 1846/1876/1976
f 1846/1877/1 1848/1878/1 1845/1879/1
f 1847/1880/1977 1835/1874/1977 1845/1875/1977
f 1845/1646/1978 1849/1652/1978 1847/1644/1978
f 1848/1645/1978 1849/1652/1978 1845/1646/1978
f 1849/1878/287 1003/1877/287 1847/1879/287
f 1851/1881/1979 1849/1882/1979 1848/1883/1979
f 1850/1884/1979 1849/1882/1979 1851/1881/1979
f 1850/1885/287 1006/1886/287 1849/1878/287
f 1849/1878/287 1006/1886/287 1003/1877/287
f 1006/1660/1980 1851/1657/1980 1007/1659/1980
f 1007/1886/1 1851/1885/1 1846/1877/1
f 1846/1877/1 1851/1885/1 1848/1878/1
f 1850/1658/1980 1851/1657/1980 1006/1660/1980
f 1829/750/1981 1847/1880/1981 1000/754/1981
f 1829/750/1982 1831/1865/1982 1847/1880/1982
f 1000/754/1983 1847/1880/1983 1003/1073/1983
f 1847/1880/1977 1831/1865/1977 1835/1874/1977
f 1846/1876/1984 1027/709/1984 1007/1075/1984
f 1846/1876/891 1844/708/891 1027/709/891
f 1027/709/1985 1844/708/1985 1028/703/1985
f 1000/754/888 998/745/888 1829/750/888
f 1177/798/1986 1168/801/1986 1169/1267/1986
f 1171/1268/1987 1165/1265/1987 1164/795/1987
f 1160/1072/1973 1153/1070/1973 1150/1068/1973
f 1156/1258/1105 333/404/1105 335/406/1105
f 1151/1064/1098 1145/1060/1098 1143/1062/1098
f 1007/1075/1988 1027/709/1988 1008/711/1988
f 1022/1096/1989 1023/736/1989 1025/697/1989
f 1022/1096/912 1011/740/912 1014/1076/912
f 985/1061/1990 986/1062/1990 1010/1097/1990
f 1010/1097/1990 986/1062/1990 991/1066/1990
f 992/746/890 1001/739/890 991/748/890
f 979/416/869 976/409/869 988/412/869
f 974/413/871 980/417/871 971/415/871
f 883/1019/866 973/1021/866 888/1022/866
f 958/77/1991 960/73/1991 424/78/1991
f 424/78/1992 425/87/1992 958/77/1992
f 958/77/1992 425/87/1992 431/79/1992
f 909/1053/856 956/1052/856 873/1051/856
f 952/81/1993 954/80/1993 430/84/1993
f 430/84/1993 954/80/1993 431/79/1993
f 430/84/853 433/86/853 952/81/853
f 944/104/1994 948/106/1994 1852/112/1994
f 1852/112/1994 948/106/1994 445/109/1994
f 1853/115/1995 944/104/1995 1852/112/1995
f 1852/112/330 445/109/330 446/113/330
f 1854/118/1996 1852/112/1996 446/113/1996
f 1853/115/1997 1852/112/1997 1854/118/1997
f 1855/120/1998 1853/115/1998 1854/118/1998
f 1854/118/335 446/113/335 449/509/335
f 1856/560/1999 1854/118/1999 449/509/1999
f 1855/120/1999 1854/118/1999 1856/560/1999
f 452/511/2000 1857/552/2000 1856/560/2000
f 1856/560/337 449/509/337 452/511/337
f 1856/560/2001 1857/552/2001 1858/558/2001
f 1856/560/2002 1858/558/2002 1855/120/2002
f 1857/552/2003 1861/554/2003 1858/558/2003
f 1858/558/2004 1860/557/2004 1859/561/2004
f 1855/120/2005 1858/558/2005 1859/561/2005
f 1858/558/2003 1861/554/2003 1860/557/2003
f 1863/556/2006 1861/554/2006 1862/656/2006
f 1862/656/2006 1861/554/2006 1864/555/2006
f 1863/556/2007 1860/557/2007 1861/554/2007
f 1857/552/2008 1864/555/2008 1861/554/2008
f 1866/1887/2009 1864/1888/2009 1865/1889/2009
f 455/516/2010 1865/1889/2010 1864/1888/2010
f 1862/1890/2009 1864/1888/2009 1866/1887/2009
f 455/517/2011 1864/555/2011 1857/552/2011
f 1868/1891/2012 1867/1892/2012 1866/1887/2012
f 1866/1887/2013 1867/1892/2013 1869/1893/2013
f 1866/1887/2014 1865/1889/2014 1868/1891/2014
f 1866/1887/2015 1869/1893/2015 1862/1890/2015
f 1867/1892/2016 1872/1894/2016 1869/1893/2016
f 1870/1895/2017 1871/1896/2017 1869/1893/2017
f 1869/1893/2018 1872/1894/2018 1870/1895/2018
f 1862/1890/2015 1869/1893/2015 1871/1896/2015
f 1875/1531/2019 1872/1894/2019 1867/1892/2019
f 1873/1522/2020 1874/1897/2020 1872/1894/2020
f 1873/1522/2021 1872/1894/2021 1875/1531/2021
f 1870/1895/2022 1872/1894/2022 1874/1897/2022
f 1875/1531/2023 1867/1892/2023 1876/1532/2023
f 1875/1898/287 1878/1899/287 1873/1900/287
f 1876/1901/2024 1877/1902/2024 1875/1903/2024
f 1877/1904/287 1878/1899/287 1875/1898/287
f 1878/1905/2025 1879/1906/2025 1873/1907/2025
f 1878/1541/2026 1877/1544/2026 1879/1542/2026
f 1873/1907/2025 1879/1906/2025 1880/1908/2025
f 1880/1900/1 1879/1899/1 1876/1898/1
f 1879/1542/2026 1877/1544/2026 1881/1540/2026
f 1876/1898/1 1879/1899/1 1881/1904/1
f 1881/1909/2024 1877/1902/2024 1876/1901/2024
f 1880/1521/2027 1874/1897/2027 1873/1522/2027
f 1876/1532/2028 1884/1910/2028 1880/1521/2028
f 1883/1911/2029 1882/1912/2029 1880/1521/2029
f 1880/1521/2027 1882/1912/2027 1874/1897/2027
f 1880/1521/2030 1884/1910/2030 1883/1911/2030
f 561/663/2031 1883/1911/2031 1884/1910/2031
f 561/663/2032 1884/1910/2032 1885/1913/2032
f 1884/1910/2033 1886/1914/2033 1885/1913/2033
f 1884/1910/2034 1867/1892/2034 1886/1914/2034
f 1876/1532/2023 1867/1892/2023 1884/1910/2023
f 1885/1913/2035 1886/1914/2035 1887/1915/2035
f 1887/1915/2036 1886/1914/2036 1888/1801/2036
f 1886/1914/2034 1867/1892/2034 1868/1891/2034
f 1888/1801/2037 1886/1914/2037 1868/1891/2037
f 1889/1916/2038 1887/1915/2038 1888/1801/2038
f 1888/1917/1 1891/1918/1 1889/1919/1
f 1888/1801/2037 1868/1891/2037 1890/1800/2037
f 1890/1920/2039 1891/1921/2039 1888/1922/2039
f 1889/1919/1 1891/1918/1 1892/1923/1
f 1891/1816/2040 1893/1812/2040 1892/1814/2040
f 1894/1924/2039 1891/1921/2039 1890/1920/2039
f 1894/1813/2040 1893/1812/2040 1891/1816/2040
f 1894/1918/287 1890/1917/287 1893/1923/287
f 1892/1925/2041 1893/1926/2041 1895/1927/2041
f 1895/1927/2041 1893/1926/2041 1896/1928/2041
f 1893/1923/287 1897/1919/287 1896/1929/287
f 1893/1923/287 1890/1917/287 1897/1919/287
f 1890/1800/2042 1898/1930/2042 1897/1931/2042
f 1897/1931/2043 1899/1932/2043 1896/1586/2043
f 1897/1931/2044 1898/1930/2044 1899/1932/2044
f 1896/1586/2045 1899/1932/2045 463/526/2045
f 1899/1932/2046 1898/1930/2046 1865/1889/2046
f 463/526/2047 1899/1932/2047 454/514/2047
f 454/514/2048 1899/1932/2048 1865/1889/2048
f 1890/1800/2049 1868/1891/2049 1898/1930/2049
f 1868/1891/2014 1865/1889/2014 1898/1930/2014
f 477/548/2050 1895/1818/2050 1896/1586/2050
f 1896/1586/2050 463/526/2050 477/548/2050
f 1889/1916/2051 1895/1818/2051 477/548/2051
f 1889/1919/1 1892/1923/1 1895/1929/1
f 1889/1916/2044 1900/1933/2044 1887/1915/2044
f 477/548/2052 1900/1933/2052 1889/1916/2052
f 1901/1934/2053 1887/1915/2053 1900/1933/2053
f 1901/1934/2054 1900/1933/2054 476/547/2054
f 476/547/2055 1900/1933/2055 477/548/2055
f 1885/1913/2035 1887/1915/2035 1901/1934/2035
f 1901/1934/2056 553/1935/2056 1885/1913/2056
f 476/547/365 481/553/365 1901/1934/365
f 1901/1934/2056 481/553/2056 553/1935/2056
f 1885/1913/2057 553/1935/2057 555/667/2057
f 1885/1913/2058 555/667/2058 561/663/2058
f 1882/1912/2059 1883/1911/2059 561/663/2059
f 560/665/2060 1902/1936/2060 1882/1912/2060
f 1902/1936/2061 1903/1501/2061 1882/1912/2061
f 560/665/2062 1882/1912/2062 561/663/2062
f 1882/1912/2063 1903/1501/2063 1874/1897/2063
f 1902/1936/2064 1905/1496/2064 1903/1501/2064
f 1904/1502/2063 1874/1897/2063 1903/1501/2063
f 1903/1937/2065 1907/1938/2065 1904/1939/2065
f 1905/1940/1 1908/1941/1 1903/1942/1
f 1906/1943/2065 1907/1938/2065 1903/1937/2065
f 1903/1942/1 1908/1941/1 1906/1944/1
f 1910/1945/2066 1908/1946/2066 1909/1947/2066
f 1909/1947/2066 1908/1946/2066 1905/1948/2066
f 1908/1514/2067 1907/1510/2067 1906/1512/2067
f 1910/1511/2067 1907/1510/2067 1908/1514/2067
f 1904/1942/287 1910/1941/287 1909/1940/287
f 1907/1944/287 1910/1941/287 1904/1942/287
f 1911/1949/2068 1904/1502/2068 1909/1497/2068
f 1911/1949/2069 1909/1497/2069 1905/1496/2069
f 1914/1950/2069 1911/1949/2069 1905/1496/2069
f 1911/1949/2070 1913/1951/2070 1912/1952/2070
f 1912/1952/2071 1870/1895/2071 1911/1949/2071
f 1911/1949/2071 1870/1895/2071 1915/1953/2071
f 1913/1951/2072 1911/1949/2072 1914/1950/2072
f 1915/1953/2073 1904/1502/2073 1911/1949/2073
f 1915/1953/2074 1874/1897/2074 1904/1502/2074
f 1870/1895/2075 1874/1897/2075 1915/1953/2075
f 1916/1954/2076 1914/1950/2076 563/669/2076
f 563/669/2077 1914/1950/2077 1902/1936/2077
f 1914/1950/2078 1905/1496/2078 1902/1936/2078
f 1916/1954/2072 1913/1951/2072 1914/1950/2072
f 1917/1955/2079 1918/1956/2079 1916/1954/2079
f 1917/1955/2080 1916/1954/2080 563/669/2080
f 1916/1954/2081 1918/1956/2081 1919/1437/2081
f 1919/1437/2082 1920/1416/2082 1916/1954/2082
f 1916/1954/2083 1920/1416/2083 1913/1951/2083
f 1921/1422/2083 1913/1951/2083 1920/1416/2083
f 1920/1957/2084 1923/1958/2084 1921/1959/2084
f 1919/1960/1 1924/1961/1 1920/1962/1
f 1922/1963/2084 1923/1958/2084 1920/1957/2084
f 1920/1962/1 1924/1961/1 1922/1964/1
f 1925/1965/2085 1924/1966/2085 1926/1967/2085
f 1925/1427/2086 1923/1430/2086 1924/1428/2086
f 1926/1967/2085 1924/1966/2085 1919/1968/2085
f 1924/1428/2086 1923/1430/2086 1922/1426/2086
f 1926/1438/2087 1928/1969/2087 1927/1970/2087
f 1926/1438/2088 1927/1970/2088 1929/1971/2088
f 1919/1437/2087 1928/1969/2087 1926/1438/2087
f 1926/1438/2089 1929/1971/2089 1921/1422/2089
f 1921/1962/287 1925/1961/287 1926/1960/287
f 1929/1971/2090 1927/1970/2090 1930/1972/2090
f 1921/1422/2091 1929/1971/2091 1913/1951/2091
f 1913/1951/2092 1929/1971/2092 1930/1972/2092
f 1912/1952/2093 1913/1951/2093 1930/1972/2093
f 1930/1972/2094 1927/1970/2094 1931/1973/2094
f 1930/1974/2095 1931/1975/2095 1932/672/2095
f 1933/1976/2096 1930/1972/2096 1932/1977/2096
f 1912/1952/2096 1930/1972/2096 1933/1976/2096
f 1933/1976/2097 1936/1978/2097 1912/1952/2097
f 1933/668/2098 1932/672/2098 1934/661/2098
f 1934/661/2099 1935/659/2099 1933/668/2099
f 1933/668/2099 1935/659/2099 1936/660/2099
f 1935/659/2100 1937/657/2100 1936/660/2100
f 1936/660/2101 1937/657/2101 1871/658/2101
f 1936/1978/2102 1871/1896/2102 1870/1895/2102
f 1912/1952/2103 1936/1978/2103 1870/1895/2103
f 1935/659/2104 1938/141/2104 1937/657/2104
f 1939/140/2105 1937/657/2105 1938/141/2105
f 1863/556/2106 1871/658/2106 1937/657/2106
f 1863/556/2107 1937/657/2107 1939/140/2107
f 1939/140/2108 1938/141/2108 1940/139/2108
f 1939/140/2007 1860/557/2007 1863/556/2007
f 1940/139/2109 1941/559/2109 1939/140/2109
f 1939/140/2109 1941/559/2109 1860/557/2109
f 1940/139/2110 1942/562/2110 1941/559/2110
f 1943/121/2111 1941/559/2111 1942/562/2111
f 1859/561/2004 1860/557/2004 1941/559/2004
f 1859/561/2111 1941/559/2111 1943/121/2111
f 1944/117/2112 1859/561/2112 1943/121/2112
f 1943/121/2113 1942/562/2113 942/119/2113
f 941/116/2114 1943/121/2114 942/119/2114
f 1944/117/2114 1943/121/2114 941/116/2114
f 1855/120/2112 1859/561/2112 1944/117/2112
f 1944/117/2115 1853/115/2115 1855/120/2115
f 941/116/2116 945/114/2116 1944/117/2116
f 1944/117/2116 945/114/2116 1853/115/2116
f 1945/136/2117 939/123/2117 1942/562/2117
f 1945/136/2110 1942/562/2110 1940/139/2110
f 942/119/2113 1942/562/2113 939/123/2113
f 1945/136/2118 1947/137/2118 1946/135/2118
f 1945/136/2119 1946/135/2119 938/130/2119
f 938/130/2117 939/123/2117 1945/136/2117
f 1940/139/2118 1947/137/2118 1945/136/2118
f 1948/142/2120 1946/135/2120 1947/137/2120
f 1948/142/2121 1947/137/2121 1949/143/2121
f 1949/143/2121 1947/137/2121 1938/141/2121
f 1940/139/2108 1938/141/2108 1947/137/2108
f 1950/662/2122 1948/142/2122 1949/143/2122
f 1949/143/2123 1938/141/2123 1935/659/2123
f 1934/661/2124 1949/143/2124 1935/659/2124
f 1950/662/2124 1949/143/2124 1934/661/2124
f 1950/662/2125 1952/671/2125 1951/673/2125
f 1950/662/2126 1951/673/2126 1953/144/2126
f 1953/144/2122 1948/142/2122 1950/662/2122
f 1934/661/2125 1952/671/2125 1950/662/2125
f 1953/144/2127 1951/673/2127 930/161/2127
f 1953/144/840 930/161/840 931/145/840
f 931/145/2128 934/138/2128 1953/144/2128
f 1953/144/2128 934/138/2128 1948/142/2128
f 1932/672/2129 1954/1979/2129 1952/671/2129
f 1952/671/2129 1954/1979/2129 1955/674/2129
f 1952/671/2130 1955/674/2130 1951/673/2130
f 1934/661/2131 1932/672/2131 1952/671/2131
f 1954/1979/2132 1958/1980/2132 1955/674/2132
f 1955/674/2133 1957/677/2133 1956/675/2133
f 1951/673/2130 1955/674/2130 1956/675/2130
f 1955/674/2132 1958/1980/2132 1957/677/2132
f 1960/1981/2134 1958/1980/2134 1959/1982/2134
f 1959/1982/2134 1958/1980/2134 1961/1983/2134
f 1960/1981/2135 1957/677/2135 1958/1980/2135
f 1954/1979/2136 1961/1983/2136 1958/1980/2136
f 1962/1984/2137 1963/1985/2137 1961/1986/2137
f 1931/1973/2138 1962/1984/2138 1961/1986/2138
f 1964/1120/2139 1961/1146/2139 1963/1143/2139
f 1931/1975/2136 1961/1983/2136 1954/1979/2136
f 1959/1144/2139 1961/1146/2139 1964/1120/2139
f 1967/1987/2140 1965/1148/2140 1964/1120/2140
f 1964/1120/2141 1965/1148/2141 1959/1144/2141
f 1964/1120/2142 1963/1143/2142 1966/1988/2142
f 1966/1988/2143 1967/1987/2143 1964/1120/2143
f 1967/1987/2144 1971/1119/2144 1965/1148/2144
f 1966/1989/287 1969/1990/287 1967/1991/287
f 1968/1992/2144 1971/1119/2144 1967/1987/2144
f 1967/927/2145 1970/928/2145 1968/925/2145
f 1969/926/2145 1970/928/2145 1967/927/2145
f 1973/1117/2146 1972/1177/2146 1971/1119/2146
f 1971/1119/2147 1972/1177/2147 1975/1147/2147
f 1971/1119/2148 1974/1116/2148 1973/1117/2148
f 1968/1992/2149 1974/1116/2149 1971/1119/2149
f 1975/1147/2147 1965/1148/2147 1971/1119/2147
f 1965/1148/2150 1975/1147/2150 1978/1149/2150
f 1975/1147/2151 1972/1177/2151 1976/1993/2151
f 1975/1147/2152 1976/1993/2152 1977/1152/2152
f 1979/1150/2153 1975/1147/2153 1977/1152/2153
f 1978/1149/2154 1975/1147/2154 1979/1150/2154
f 617/741/2155 1979/1150/2155 1980/1154/2155
f 1980/1154/2155 1979/1150/2155 1982/1151/2155
f 620/688/2156 1981/687/2156 1979/1994/2156
f 617/741/560 620/744/560 1979/1150/560
f 1979/1994/2156 1981/687/2156 1978/1995/2156
f 1979/1150/2157 1977/1152/2157 1982/1151/2157
f 1982/1151/2158 1983/1996/2158 1980/1154/2158
f 1982/1151/2159 1985/1997/2159 1983/1996/2159
f 1977/1152/2160 1984/1998/2160 1982/1151/2160
f 1982/1151/2161 1984/1998/2161 1985/1997/2161
f 1986/951/2162 1987/950/2162 1985/953/2162
f 1984/1999/287 1986/2000/287 1985/2001/287
f 1985/953/2162 1987/950/2162 1988/952/2162
f 1983/1996/2163 1985/1997/2163 1988/2002/2163
f 1992/1165/2164 1988/2002/2164 1989/1163/2164
f 1989/1163/2165 1988/2002/2165 1990/2003/2165
f 1987/2000/1 1990/1999/1 1988/2001/1
f 1983/1996/2163 1988/2002/2163 1991/2004/2163
f 1991/2004/2166 1988/2002/2166 1992/1165/2166
f 585/694/2167 1993/1166/2167 1992/1165/2167
f 585/694/2167 1992/1165/2167 584/691/2167
f 1991/2004/2168 1992/1165/2168 1993/1166/2168
f 584/691/2169 1992/1165/2169 1989/1163/2169
f 1994/1096/2170 1993/1166/2170 585/694/2170
f 1995/2005/2171 1993/1166/2171 1994/1096/2171
f 1991/2004/2172 1993/1166/2172 1995/2005/2172
f 1995/2005/2173 1994/1096/2173 1996/2006/2173
f 1995/2007/1 1998/2008/1 1991/2009/1
f 1996/2010/1 1997/2011/1 1995/2007/1
f 1995/2007/1 1997/2011/1 1998/2008/1
f 1998/964/2174 1999/982/2174 1991/965/2174
f 1997/2012/2175 1999/2013/2175 1998/2014/2175
f 1999/2008/287 2001/2010/287 2000/2007/287
f 1999/2008/287 2000/2007/287 1983/2009/287
f 2002/2011/287 2001/2010/287 1999/2008/287
f 1991/965/2174 1999/982/2174 1983/963/2174
f 2002/2015/2175 1999/2013/2175 1997/2012/2175
f 2002/974/2176 1997/976/2176 2001/975/2176
f 2001/2016/2177 611/737/2177 2000/2017/2177
f 2001/2016/2178 1996/2006/2178 611/737/2178
f 2001/975/2176 1997/976/2176 1996/973/2176
f 1980/1154/2179 1983/1996/2179 2000/2017/2179
f 2000/2017/2171 615/740/2171 1980/1154/2171
f 2000/2017/2180 611/737/2180 615/740/2180
f 1996/2006/2181 1994/1096/2181 612/736/2181
f 611/737/2178 1996/2006/2178 612/736/2178
f 587/697/2182 612/736/2182 1994/1096/2182
f 587/697/2183 1994/1096/2183 585/694/2183
f 1989/1163/2184 1990/2003/2184 1972/1177/2184
f 1972/1177/2185 1990/2003/2185 2003/2018/2185
f 1987/2000/1 2003/2019/1 1990/1999/1
f 1972/1177/2151 2003/2018/2151 1976/1993/2151
f 2003/943/2186 2005/944/2186 1976/941/2186
f 2004/942/2186 2005/944/2186 2003/943/2186
f 2004/2020/1 2003/2019/1 1987/2000/1
f 1987/2021/2187 2005/2022/2187 2004/2023/2187
f 1986/2024/2187 2005/2022/2187 1987/2021/2187
f 1984/1999/287 2005/2020/287 1986/2000/287
f 1976/2019/287 2005/2020/287 1984/1999/287
f 584/691/2188 1989/1163/2188 2006/1198/2188
f 2006/1198/2189 1989/1163/2189 1972/1177/2189
f 2006/1995/2190 581/688/2190 584/1994/2190
f 2006/1198/2191 1972/1177/2191 1973/1117/2191
f 1973/1982/2192 580/687/2192 2006/1995/2192
f 2006/1995/2193 580/687/2193 581/688/2193
f 1977/1152/2194 1976/1993/2194 1984/1998/2194
f 620/688/2195 2007/685/2195 1981/687/2195
f 2008/2025/2196 1981/687/2196 2007/685/2196
f 1960/1981/2197 1978/1995/2197 1981/687/2197
f 1960/1981/2196 1981/687/2196 2008/2025/2196
f 2008/2025/2198 2007/685/2198 2009/678/2198
f 2008/2025/2199 1957/677/2199 1960/1981/2199
f 2009/678/2200 2010/676/2200 2008/2025/2200
f 2008/2025/2200 2010/676/2200 1957/677/2200
f 2009/678/2201 928/164/2201 2010/676/2201
f 927/162/2202 2010/676/2202 928/164/2202
f 1956/675/2133 1957/677/2133 2010/676/2133
f 1956/675/2203 2010/676/2203 927/162/2203
f 2009/678/2198 2007/685/2198 2012/681/2198
f 2009/678/2204 2012/681/2204 2011/679/2204
f 2011/679/2201 928/164/2201 2009/678/2201
f 623/684/2205 2013/680/2205 2012/681/2205
f 2011/679/2204 2012/681/2204 2013/680/2204
f 623/684/2206 2012/681/2206 619/686/2206
f 619/686/2206 2012/681/2206 2007/685/2206
f 2015/682/2207 2014/170/2207 2013/680/2207
f 2016/165/2208 2013/680/2208 2014/170/2208
f 2015/682/2205 2013/680/2205 623/684/2205
f 2011/679/2208 2013/680/2208 2016/165/2208
f 2016/165/2209 2014/170/2209 919/166/2209
f 919/166/2210 920/157/2210 2016/165/2210
f 2016/165/2210 920/157/2210 925/163/2210
f 2016/165/2211 925/163/2211 2011/679/2211
f 2017/683/2207 2014/170/2207 2015/682/2207
f 629/182/2212 2017/683/2212 2015/682/2212
f 622/185/2213 2015/682/2213 623/684/2213
f 629/182/2213 2015/682/2213 622/185/2213
f 915/169/2214 916/167/2214 2017/683/2214
f 2018/180/2215 915/169/2215 2017/683/2215
f 2017/683/2214 916/167/2214 2014/170/2214
f 2018/180/2212 2017/683/2212 629/182/2212
f 629/182/2216 628/183/2216 2018/180/2216
f 917/173/2215 915/169/2215 2018/180/2215
f 2018/180/2216 628/183/2216 2019/181/2216
f 2018/180/2217 2019/181/2217 917/173/2217
f 628/183/2218 631/187/2218 2019/181/2218
f 2019/181/828 862/184/828 864/175/828
f 917/173/2217 2019/181/2217 864/175/2217
f 2019/181/2218 631/187/2218 862/184/2218
f 919/166/2209 2014/170/2209 916/167/2209
f 2011/679/2211 925/163/2211 928/164/2211
f 619/686/2219 2007/685/2219 620/688/2219
f 1980/1154/2220 615/740/2220 617/741/2220
f 1959/1144/2221 1965/1148/2221 1978/1149/2221
f 1959/1982/2197 1978/1995/2197 1960/1981/2197
f 1973/1117/2222 1974/1116/2222 2020/1115/2222
f 2020/1115/2223 1974/1116/2223 1968/1992/2223
f 1973/1117/2222 2020/1115/2222 2021/1114/2222
f 2021/2026/2224 2020/2027/2224 2022/2028/2224
f 1963/1985/2225 2022/2028/2225 2020/2027/2225
f 1966/1988/2226 1963/1143/2226 2020/1115/2226
f 1966/1988/2226 2020/1115/2226 2023/2029/2226
f 2023/2029/2227 2020/1115/2227 1968/1992/2227
f 2023/918/2228 2025/919/2228 1966/916/2228
f 1968/1991/1 1970/1990/1 2023/1989/1
f 2024/917/2228 2025/919/2228 2023/918/2228
f 2023/1989/1 1970/1990/1 2024/2030/1
f 2025/2030/287 1969/1990/287 1966/1989/287
f 1970/2031/2229 2025/2032/2229 2024/2033/2229
f 1969/2034/2229 2025/2032/2229 1970/2031/2229
f 2021/2026/2230 2022/2028/2230 2026/2035/2230
f 2026/2035/2231 2022/2028/2231 2027/2036/2231
f 2028/1465/2232 2027/2036/2232 2022/2028/2232
f 1962/1984/2225 2022/2028/2225 1963/1985/2225
f 2029/1466/2233 2022/2028/2233 1962/1984/2233
f 2028/1465/2233 2022/2028/2233 2029/1466/2233
f 2029/1466/2234 1962/1984/2234 2030/1442/2234
f 2030/2037/287 2031/2038/287 2029/2039/287
f 2029/2040/2235 2032/2041/2235 2028/2042/2235
f 2031/2043/2235 2032/2041/2235 2029/2040/2235
f 2028/2039/1 2032/2038/1 2033/2037/1
f 2033/2037/1 2032/2038/1 2034/2044/1
f 2032/1460/2236 2035/1455/2236 2034/1457/2236
f 2031/1456/2236 2035/1455/2236 2032/1460/2236
f 2034/2045/2237 2035/2046/2237 2033/2047/2237
f 2033/2047/2237 2035/2046/2237 2030/2048/2237
f 2035/2044/287 2031/2038/287 2030/2037/287
f 2033/1443/2238 2030/1442/2238 1927/1970/2238
f 1927/1970/2238 1928/1969/2238 2033/1443/2238
f 2033/1443/2239 2027/2036/2239 2028/1465/2239
f 2033/1443/2240 1928/1969/2240 2027/2036/2240
f 2030/1442/2241 2036/2049/2241 1927/1970/2241
f 2030/1442/2242 1962/1984/2242 2036/2049/2242
f 2036/2049/2243 1962/1984/2243 1931/1973/2243
f 1927/1970/2244 2036/2049/2244 1931/1973/2244
f 2026/2035/2245 2027/2036/2245 1917/1955/2245
f 1917/1955/2246 2027/2036/2246 1928/1969/2246
f 2026/1975/2247 2038/1980/2247 2021/1983/2247
f 1917/1974/2248 2037/1979/2248 2026/1975/2248
f 2026/1975/2249 2037/1979/2249 2038/1980/2249
f 2037/1979/2250 570/677/2250 2038/1980/2250
f 2021/1983/2251 2038/1980/2251 2039/1981/2251
f 2038/1980/2252 2040/2025/2252 2039/1981/2252
f 2038/1980/2253 570/677/2253 2040/2025/2253
f 2039/1981/2254 2040/2025/2254 578/685/2254
f 570/677/504 571/678/504 2040/2025/504
f 2040/2025/2255 574/681/2255 578/685/2255
f 2040/2025/2255 571/678/2255 574/681/2255
f 2021/1983/2251 2039/1981/2251 1973/1982/2251
f 1973/1982/2192 2039/1981/2192 580/687/2192
f 2039/1981/2256 578/685/2256 580/687/2256
f 564/672/499 566/674/499 2037/1979/499
f 2037/1979/2257 566/674/2257 570/677/2257
f 1917/1974/2248 564/672/2248 2037/1979/2248
f 930/161/2258 1956/675/2258 927/162/2258
f 1951/673/2259 1956/675/2259 930/161/2259
f 1932/672/2095 1931/1975/2095 1954/1979/2095
f 934/138/2120 1946/135/2120 1948/142/2120
f 938/130/2119 1946/135/2119 935/129/2119
f 934/138/2260 935/129/2260 1946/135/2260
f 1928/1969/2261 1918/1956/2261 1917/1955/2261
f 1919/1437/2262 1918/1956/2262 1928/1969/2262
f 1923/1964/287 1925/1961/287 1921/1962/287
f 563/669/2263 564/670/2263 1917/1955/2263
f 563/669/2077 1902/1936/2077 560/665/2077
f 1862/656/2106 1871/658/2106 1863/556/2106
f 454/514/2264 1865/1889/2264 455/516/2264
f 452/511/2265 455/517/2265 1857/552/2265
f 945/114/1995 944/104/1995 1853/115/1995
f 882/1050/849 947/1046/849 887/1045/849
f 892/1038/835 922/1034/835 898/1033/835
f 865/172/287 917/173/287 864/175/287
f 859/206/287 858/205/287 867/204/287
f 867/204/287 858/205/287 851/201/287
f 631/187/827 861/189/827 862/184/827
f 2041/195/2266 861/189/2266 632/193/2266
f 631/187/570 632/193/570 861/189/570
f 856/196/2266 861/189/2266 2041/195/2266
f 2041/195/2267 2042/2050/2267 855/1018/2267
f 2041/195/820 855/1018/820 856/196/820
f 635/705/2267 2042/2050/2267 2041/195/2267
f 2041/195/572 632/193/572 635/705/572
f 674/812/2268 855/1018/2268 2042/2050/2268
f 674/812/2269 2042/2050/2269 667/813/2269
f 667/813/2270 2042/2050/2270 668/2051/2270
f 635/705/2271 668/2051/2271 2042/2050/2271
f 858/205/822 852/199/822 851/201/822
f 676/220/2268 855/1018/2268 674/812/2268
f 677/221/812 679/223/812 846/217/812
f 825/882/2272 831/880/2272 814/884/2272
f 814/884/2273 831/880/2273 815/883/2273
f 818/886/788 825/882/788 814/884/788
f 820/1015/2274 773/936/2274 769/934/2274
f 820/1015/2275 769/934/2275 2043/1344/2275
f 2043/1344/2276 758/910/2276 820/1015/2276
f 761/912/2277 758/910/2277 2043/1344/2277
f 2043/1344/2278 769/934/2278 761/912/2278
f 687/825/2279 691/826/2279 812/1006/2279
f 796/984/2280 738/1826/2280 795/983/2280
f 796/984/2280 737/994/2280 738/1826/2280
f 781/957/735 783/959/735 795/983/735
f 795/983/2281 738/1826/2281 740/1825/2281
f 795/983/2281 740/1825/2281 781/957/2281
f 784/961/2282 790/971/2282 786/962/2282
f 781/1013/2283 742/888/2283 748/893/2283
f 781/1013/2283 740/886/2283 742/888/2283
f 772/937/2284 773/936/2284 779/954/2284
f 210/257/130 211/258/130 745/892/130
f 745/892/1338 211/258/1338 223/281/1338
f 728/815/674 2044/1016/674 731/876/674
f 2044/1016/2285 191/238/2285 731/876/2285
f 731/876/678 191/238/678 192/239/678
f 2045/814/2286 180/223/2286 2044/1016/2286
f 2045/814/2287 2044/1016/2287 728/815/2287
f 180/223/105 181/224/105 2044/1016/105
f 2044/1016/2285 181/224/2285 191/238/2285
f 725/810/671 2045/814/671 728/815/671
f 2047/811/2288 180/223/2288 2045/814/2288
f 2046/809/2289 2047/811/2289 2045/814/2289
f 2046/809/2289 2045/814/2289 725/810/2289
f 2048/813/2290 2049/812/2290 2047/811/2290
f 2048/813/2290 2047/811/2290 2046/809/2290
f 2049/812/2291 178/221/2291 2047/811/2291
f 2047/811/2288 178/221/2288 180/223/2288
f 2050/2051/2292 2051/2050/2292 2049/812/2292
f 2050/2051/2292 2049/812/2292 2048/813/2292
f 2051/2050/2293 177/220/2293 2049/812/2293
f 2049/812/2291 177/220/2291 178/221/2291
f 591/706/2294 592/705/2294 2051/2050/2294
f 591/706/2294 2051/2050/2294 2050/2051/2294
f 592/705/2295 2052/1018/2295 2051/2050/2295
f 2051/2050/2293 2052/1018/2293 177/220/2293
f 2052/1018/2296 175/219/2296 177/220/2296
f 158/195/87 160/198/87 2052/1018/87
f 2052/1018/2296 160/198/2296 175/219/2296
f 592/705/2295 158/195/2295 2052/1018/2295
f 594/707/2297 591/704/2297 2050/1263/2297
f 594/707/2297 2050/1263/2297 2053/1264/2297
f 2053/1264/2298 2050/1263/2298 2048/1261/2298
f 2054/1262/2299 661/795/2299 2053/1264/2299
f 2053/1264/2298 2048/1261/2298 2054/1262/2298
f 2053/1264/2300 661/795/2300 652/775/2300
f 2053/1264/2301 652/775/2301 594/707/2301
f 719/867/2302 2055/1265/2302 2054/1262/2302
f 2054/1262/2303 2046/1260/2303 719/867/2303
f 2054/1262/2304 2055/1265/2304 661/795/2304
f 2054/1262/2303 2048/1261/2303 2046/1260/2303
f 719/867/2302 720/868/2302 2055/1265/2302
f 2055/1265/2305 720/868/2305 721/869/2305
f 663/798/601 661/795/601 2055/1265/601
f 2056/2052/2306 663/798/2306 2055/1265/2306
f 2056/2052/2306 2055/1265/2306 2057/2053/2306
f 2057/2053/2307 2055/1265/2307 721/869/2307
f 2057/2054/2308 2059/2055/2308 2056/2056/2308
f 721/2057/1 2060/2058/1 2057/2059/1
f 2058/2060/2308 2059/2055/2308 2057/2054/2308
f 2057/2059/1 2060/2058/1 2058/2061/1
f 2061/2055/2309 2060/2060/2309 722/2056/2309
f 2061/870/2310 2059/2052/2310 2060/869/2310
f 722/2056/2309 2060/2060/2309 721/2054/2309
f 2060/869/2310 2059/2052/2310 2058/2053/2310
f 2059/2061/287 2061/2058/287 2056/2059/287
f 2056/2059/287 2061/2058/287 722/2057/287
f 666/801/2311 663/798/2311 2056/2052/2311
f 2056/2052/2312 722/870/2312 666/801/2312
f 719/867/668 2046/1260/668 725/873/668
f 724/871/2313 702/845/2313 705/846/2313
f 722/870/2314 670/805/2314 666/801/2314
f 709/864/2315 718/866/2315 706/848/2315
f 706/848/2316 718/866/2316 705/846/2316
f 685/822/2317 700/842/2317 690/829/2317
f 685/822/763 690/829/763 686/823/763
f 682/818/621 673/808/621 671/806/621
f 634/749/580 640/752/580 668/802/580
f 634/706/2271 668/2051/2271 635/705/2271
f 654/778/2318 664/800/2318 639/751/2318
f 639/751/2319 664/800/2319 640/752/2319
f 655/777/2320 652/775/2320 661/795/2320
f 598/713/2321 642/755/2321 643/754/2321
f 598/713/2322 643/754/2322 637/747/2322
f 599/710/539 642/755/539 598/713/539
f 613/739/2323 598/713/2323 637/747/2323
f 613/739/575 637/747/575 625/748/575
f 616/742/2324 613/739/2324 625/748/2324
f 603/715/2325 598/713/2325 613/739/2325
f 609/730/2326 612/736/2326 587/697/2326
f 587/697/2327 597/711/2327 609/730/2327
f 607/727/287 604/718/287 602/717/287
f 589/700/2328 597/711/2328 587/697/2328
f 157/194/2329 158/195/2329 592/705/2329
f 557/661/498 558/662/498 567/673/498
f 558/662/2330 128/161/2330 567/673/2330
f 567/673/502 128/161/502 129/162/502
f 116/143/52 117/144/52 558/662/52
f 558/662/2331 117/144/2331 128/161/2331
f 477/548/2332 470/541/2332 472/540/2332
f 477/548/2333 463/526/2333 470/541/2333
f 468/544/2334 461/524/2334 474/546/2334
f 463/526/2333 464/525/2333 470/541/2333
f 469/2062/2335 465/2063/2335 468/2064/2335
f 460/523/2334 461/524/2334 468/544/2334
f 468/2064/2335 465/2063/2335 460/2065/2335
f 458/519/2336 463/526/2336 454/514/2336
f 448/507/2337 439/505/2337 440/504/2337
f 433/86/322 434/92/322 443/93/322
f 428/452/2338 437/454/2338 427/91/2338
f 404/491/2339 403/489/2339 421/629/2339
f 421/629/301 412/499/301 404/491/301
f 411/497/2340 406/493/2340 408/495/2340
f 391/465/2341 402/488/2341 385/456/2341
f 77/91/23 78/92/23 383/455/23
f 383/455/393 78/92/393 89/110/393
f 348/420/1 341/413/1 2062/1056/1
f 30/209/2342 348/179/2342 2062/208/2342
f 25/207/2342 348/179/2342 30/209/2342
f 341/413/1 338/411/1 2062/1056/1
f 2062/1056/1 338/411/1 339/410/1
f 2062/1056/1 339/410/1 326/397/1
f 36/213/2343 2062/208/2343 326/210/2343
f 30/209/2344 2062/208/2344 36/213/2344
f 326/397/1 339/410/1 327/398/1
f 329/402/234 327/398/234 339/410/234
f 321/392/221 322/393/221 330/400/221
f 42/230/2345 326/210/2345 324/214/2345
f 36/213/2345 326/210/2345 42/230/2345
f 324/395/1 318/391/1 2063/1662/1
f 47/234/2346 324/214/2346 2063/231/2346
f 42/230/2346 324/214/2346 47/234/2346
f 2063/1662/1 2064/1289/1 2065/1621/1
f 2063/1662/1 319/390/1 2064/1289/1
f 2063/1662/1 318/391/1 319/390/1
f 47/234/2347 2063/231/2347 51/2066/2347
f 51/2066/2347 2063/231/2347 2065/235/2347
f 298/369/1 294/362/1 2065/1621/1
f 2065/1621/1 2066/1290/1 298/369/1
f 13/268/2348 2065/235/2348 294/269/2348
f 2065/1621/1 2064/1289/1 2066/1290/1
f 51/2066/2349 2065/235/2349 13/268/2349
f 300/371/2350 298/369/2350 2066/1290/2350
f 307/379/2351 2066/1290/2351 2064/1289/2351
f 300/371/2350 2066/1290/2350 307/379/2350
f 316/386/220 2064/1289/220 319/390/220
f 307/379/2351 2064/1289/2351 316/386/2351
f 306/378/215 307/379/215 316/386/215
f 292/359/196 291/360/196 301/372/196
f 13/268/201 294/269/201 18/265/201
f 275/341/1 283/352/1 277/345/1
f 269/333/183 272/337/183 279/347/183
f 29/366/185 275/344/185 35/343/185
f 4/8/1 263/328/1 5/9/1
f 242/300/159 244/303/159 253/317/159
f 2/3/1 3/2/1 251/315/1
f 2/3/1 251/315/1 247/305/1
f 9/12/4 2/6/4 247/309/4
f 9/12/162 247/309/162 17/308/162
f 235/294/158 236/295/158 245/302/158
f 219/276/1 229/287/1 227/286/1
f 219/276/1 227/286/1 220/277/1
f 211/258/134 214/262/134 223/281/134
f 28/314/139 219/279/139 34/278/139
f 194/241/118 195/242/118 201/248/118
f 12/2066/2352 197/269/2352 187/235/2352
f 50/268/2353 197/269/2353 12/2066/2353
f 181/224/109 183/227/109 191/238/109
f 12/2066/112 187/235/112 16/234/112
f 160/198/89 164/200/89 175/219/89
f 22/230/96 170/214/96 27/213/96
f 151/189/86 152/190/86 161/197/86
f 39/207/72 140/179/72 45/178/72
f 117/144/57 120/148/57 128/161/57
f 11/2067/60 124/159/60 15/158/60
f 26/151/45 105/132/45 32/131/45
f 86/105/1 95/116/1 92/114/1
f 86/105/1 92/114/1 85/104/1
f 78/92/27 81/96/27 89/110/27
f 44/128/30 86/108/30 20/107/30
f 64/78/13 65/79/13 72/87/13
f 43/2068/2354 69/101/2354 56/72/2354
f 37/99/2354 69/101/2354 43/2068/2354
f 43/2068/8 56/72/8 48/65/8
f 41/339/2355 4/11/2355 7/10/2355
