# Blender 4.3.1
# www.blender.org
mtllib Motor_FL.mtl
o FL_Wheel_visual.001
v 0.061489 -0.093920 0.051351
v 0.061489 -0.092833 0.051264
v 0.032489 -0.093920 0.051351
v 0.061489 -0.094365 0.051415
v 0.032489 -0.094365 0.051415
v 0.061645 -0.093919 0.051364
v 0.061798 -0.094985 0.051581
v 0.061645 -0.094993 0.051545
v 0.061645 -0.092833 0.051276
v 0.061489 -0.094995 0.051533
v 0.061798 -0.093914 0.051400
v 0.061943 -0.093907 0.051460
v 0.061943 -0.094972 0.051640
v 0.061798 -0.092832 0.051313
v 0.061943 -0.092829 0.051373
v 0.061645 -0.091743 0.051283
v 0.061798 -0.091745 0.051320
v 0.061645 -0.090659 0.051386
v 0.061943 -0.091748 0.051380
v 0.061798 -0.090664 0.051422
v 0.061943 -0.090672 0.051482
v 0.061798 -0.089595 0.051618
v 0.061645 -0.089587 0.051582
v 0.061645 -0.088537 0.051871
v 0.061489 -0.088533 0.051860
v 0.061489 -0.090657 0.051374
v 0.061489 -0.089773 0.051529
v 0.061489 -0.089585 0.051570
v 0.032489 -0.089773 0.051529
v 0.032489 -0.089585 0.051570
v 0.032489 -0.088533 0.051860
v 0.032332 -0.088537 0.051871
v 0.032332 -0.089587 0.051582
v 0.032332 -0.090659 0.051386
v 0.032180 -0.089595 0.051618
v 0.032180 -0.088548 0.051906
v 0.032180 -0.087530 0.052285
v 0.032035 -0.088567 0.051963
v 0.032035 -0.087553 0.052340
v 0.032035 -0.086577 0.052804
v 0.031901 -0.087585 0.052416
v 0.031901 -0.086615 0.052876
v 0.031901 -0.085689 0.053419
v 0.031781 -0.086663 0.052966
v 0.031781 -0.085744 0.053505
v 0.031781 -0.084876 0.054122
v 0.031680 -0.085809 0.053605
v 0.031680 -0.084949 0.054216
v 0.031680 -0.084146 0.054899
v 0.031598 -0.085032 0.054321
v 0.031598 -0.084237 0.054997
v 0.031598 -0.083505 0.055740
v 0.031537 -0.084336 0.055103
v 0.031537 -0.083613 0.055837
v 0.031537 -0.082956 0.056630
v 0.031501 -0.083726 0.055939
v 0.031501 -0.083077 0.056723
v 0.031489 -0.082632 0.057643
v 0.031501 -0.082500 0.057559
v 0.031489 -0.083202 0.056817
v 0.031489 -0.092373 0.063755
v 0.031489 -0.083842 0.056044
v 0.031489 -0.084546 0.055330
v 0.031501 -0.084440 0.055215
v 0.031537 -0.085121 0.054436
v 0.031501 -0.085214 0.054556
v 0.031537 -0.085960 0.053839
v 0.031501 -0.086043 0.053967
v 0.031489 -0.085310 0.054680
v 0.031489 -0.086128 0.054099
v 0.031489 -0.086994 0.053591
v 0.031501 -0.086920 0.053453
v 0.031537 -0.087780 0.052876
v 0.031501 -0.087839 0.053017
v 0.031537 -0.086849 0.053318
v 0.031598 -0.087723 0.052743
v 0.031598 -0.086781 0.053190
v 0.031680 -0.087671 0.052619
v 0.031680 -0.086719 0.053072
v 0.031598 -0.085882 0.053717
v 0.031781 -0.087625 0.052510
v 0.031901 -0.088592 0.052041
v 0.031781 -0.088623 0.052138
v 0.031680 -0.088660 0.052252
v 0.031901 -0.089627 0.051756
v 0.031781 -0.089650 0.051856
v 0.031901 -0.090683 0.051563
v 0.031781 -0.090697 0.051664
v 0.031680 -0.089676 0.051972
v 0.031680 -0.090714 0.051782
v 0.031598 -0.089706 0.052103
v 0.031598 -0.088701 0.052379
v 0.031537 -0.088746 0.052517
v 0.031501 -0.088792 0.052663
v 0.031537 -0.089739 0.052244
v 0.031598 -0.090732 0.051914
v 0.031537 -0.090752 0.052058
v 0.031501 -0.089773 0.052393
v 0.031489 -0.088840 0.052811
v 0.031489 -0.089808 0.052545
v 0.031501 -0.090773 0.052209
v 0.031537 -0.091778 0.051961
v 0.031501 -0.091785 0.052114
v 0.031489 -0.090795 0.052364
v 0.031489 -0.091793 0.052270
v 0.031489 -0.092796 0.052263
v 0.031501 -0.092802 0.052107
v 0.031537 -0.093835 0.052037
v 0.031501 -0.093816 0.052188
v 0.031537 -0.092808 0.051954
v 0.031598 -0.093853 0.051893
v 0.031598 -0.092813 0.051809
v 0.031680 -0.093869 0.051760
v 0.031680 -0.092818 0.051676
v 0.031598 -0.091770 0.051817
v 0.031680 -0.091764 0.051683
v 0.031781 -0.092822 0.051556
v 0.031781 -0.091758 0.051564
v 0.031901 -0.092826 0.051455
v 0.031901 -0.091752 0.051462
v 0.032035 -0.092829 0.051373
v 0.032035 -0.091748 0.051380
v 0.032180 -0.092832 0.051313
v 0.032180 -0.091745 0.051320
v 0.032035 -0.090672 0.051482
v 0.032180 -0.090664 0.051422
v 0.032035 -0.089609 0.051677
v 0.032332 -0.091743 0.051283
v 0.032489 -0.091295 0.051302
v 0.032489 -0.090657 0.051374
v 0.032332 -0.092833 0.051276
v 0.032489 -0.092833 0.051264
v 0.032489 -0.091743 0.051271
v 0.061489 -0.091743 0.051271
v 0.061489 -0.091295 0.051302
v 0.032332 -0.093919 0.051364
v 0.032332 -0.094993 0.051545
v 0.032180 -0.093914 0.051400
v 0.032180 -0.094985 0.051581
v 0.032035 -0.093907 0.051460
v 0.032035 -0.094972 0.051640
v 0.031901 -0.093897 0.051541
v 0.031901 -0.094955 0.051720
v 0.031781 -0.093884 0.051642
v 0.031781 -0.094934 0.051820
v 0.031901 -0.095994 0.051991
v 0.031781 -0.095964 0.052088
v 0.031680 -0.094909 0.051936
v 0.031680 -0.095929 0.052202
v 0.031598 -0.094881 0.052067
v 0.031598 -0.095890 0.052330
v 0.031537 -0.094850 0.052209
v 0.031537 -0.095847 0.052469
v 0.031501 -0.094819 0.052358
v 0.031501 -0.095802 0.052615
v 0.031489 -0.093796 0.052344
v 0.031489 -0.094786 0.052511
v 0.031489 -0.095756 0.052764
v 0.031489 -0.096701 0.053101
v 0.031501 -0.096760 0.052956
v 0.031537 -0.096818 0.052815
v 0.031537 -0.097754 0.053244
v 0.031501 -0.097685 0.053379
v 0.031489 -0.097614 0.053519
v 0.031537 -0.098650 0.053753
v 0.031501 -0.098569 0.053882
v 0.031489 -0.098486 0.054014
v 0.031537 -0.099498 0.054338
v 0.031501 -0.099406 0.054459
v 0.031537 -0.100292 0.054995
v 0.031501 -0.100189 0.055108
v 0.031489 -0.099312 0.054584
v 0.031489 -0.100085 0.055224
v 0.031489 -0.100799 0.055928
v 0.031501 -0.100913 0.055822
v 0.031537 -0.101693 0.056503
v 0.031501 -0.101572 0.056596
v 0.031537 -0.101025 0.055718
v 0.031598 -0.101807 0.056414
v 0.031598 -0.101131 0.055619
v 0.031680 -0.101913 0.056331
v 0.031680 -0.101229 0.055528
v 0.031598 -0.100389 0.054887
v 0.031680 -0.100479 0.054788
v 0.031598 -0.099586 0.054222
v 0.031680 -0.099666 0.054115
v 0.031598 -0.098727 0.053630
v 0.031680 -0.098798 0.053516
v 0.031598 -0.097821 0.053115
v 0.031680 -0.097881 0.052995
v 0.031598 -0.096872 0.052680
v 0.031680 -0.096923 0.052556
v 0.031781 -0.096968 0.052446
v 0.031781 -0.097936 0.052889
v 0.031901 -0.098916 0.053329
v 0.031781 -0.098862 0.053415
v 0.031901 -0.097982 0.052799
v 0.032035 -0.098959 0.053260
v 0.032035 -0.098020 0.052726
v 0.031901 -0.097006 0.052351
v 0.032035 -0.097037 0.052275
v 0.032180 -0.097060 0.052220
v 0.032035 -0.096019 0.051913
v 0.032180 -0.098047 0.052672
v 0.032332 -0.098064 0.052640
v 0.032332 -0.099011 0.053178
v 0.032180 -0.098991 0.053209
v 0.032332 -0.099908 0.053796
v 0.032180 -0.099885 0.053826
v 0.032332 -0.100747 0.054491
v 0.032180 -0.100722 0.054518
v 0.032035 -0.099849 0.053874
v 0.032035 -0.100682 0.054563
v 0.031901 -0.099800 0.053939
v 0.031901 -0.100627 0.054624
v 0.031781 -0.099738 0.054020
v 0.031781 -0.100559 0.054699
v 0.031901 -0.101391 0.055378
v 0.031781 -0.101317 0.055447
v 0.031901 -0.102087 0.056196
v 0.031781 -0.102007 0.056258
v 0.031901 -0.102709 0.057071
v 0.031781 -0.102624 0.057126
v 0.031901 -0.103252 0.057997
v 0.031781 -0.103162 0.058045
v 0.031680 -0.102524 0.057191
v 0.031680 -0.103057 0.058101
v 0.031598 -0.102411 0.057264
v 0.031598 -0.102939 0.058163
v 0.031537 -0.102289 0.057343
v 0.031537 -0.102811 0.058231
v 0.031501 -0.102161 0.057425
v 0.031501 -0.102676 0.058303
v 0.031489 -0.101449 0.056692
v 0.031489 -0.102030 0.057510
v 0.031489 -0.102537 0.058376
v 0.031501 -0.103112 0.059221
v 0.031489 -0.102967 0.059282
v 0.031489 -0.103317 0.060222
v 0.031501 -0.103466 0.060174
v 0.031537 -0.103885 0.061121
v 0.031501 -0.103736 0.061155
v 0.031537 -0.103611 0.060128
v 0.031598 -0.104026 0.061088
v 0.031598 -0.103749 0.060083
v 0.031537 -0.103252 0.059162
v 0.031598 -0.103386 0.059105
v 0.031680 -0.103877 0.060042
v 0.031680 -0.103509 0.059053
v 0.031781 -0.103990 0.060005
v 0.031781 -0.103619 0.059007
v 0.031901 -0.104087 0.059974
v 0.031901 -0.103713 0.058967
v 0.032035 -0.104165 0.059949
v 0.032035 -0.103788 0.058935
v 0.032180 -0.104222 0.059930
v 0.032180 -0.103844 0.058912
v 0.032035 -0.103325 0.057959
v 0.032180 -0.103378 0.057931
v 0.032035 -0.102778 0.057026
v 0.032180 -0.102829 0.056994
v 0.032035 -0.102152 0.056145
v 0.032180 -0.102199 0.056108
v 0.032035 -0.101452 0.055322
v 0.032180 -0.101496 0.055281
v 0.032332 -0.101522 0.055256
v 0.032332 -0.102228 0.056086
v 0.032489 -0.102870 0.056967
v 0.032489 -0.102238 0.056078
v 0.032489 -0.102159 0.055977
v 0.032332 -0.102859 0.056974
v 0.032489 -0.101531 0.055248
v 0.061489 -0.101531 0.055248
v 0.061489 -0.101129 0.054834
v 0.032489 -0.101129 0.054834
v 0.061489 -0.100755 0.054482
v 0.032489 -0.100755 0.054482
v 0.061489 -0.099966 0.053826
v 0.032489 -0.099966 0.053826
v 0.061489 -0.099915 0.053787
v 0.032489 -0.099915 0.053787
v 0.061489 -0.099017 0.053167
v 0.032489 -0.099017 0.053167
v 0.061489 -0.098688 0.052968
v 0.032489 -0.098688 0.052968
v 0.061489 -0.098069 0.052629
v 0.032489 -0.098069 0.052629
v 0.061489 -0.097315 0.052273
v 0.032489 -0.097315 0.052273
v 0.061489 -0.097078 0.052174
v 0.032489 -0.097078 0.052174
v 0.032332 -0.097073 0.052186
v 0.032180 -0.096036 0.051855
v 0.032332 -0.096047 0.051820
v 0.032489 -0.096051 0.051808
v 0.032489 -0.095866 0.051753
v 0.032489 -0.094995 0.051533
v 0.061489 -0.095866 0.051753
v 0.061489 -0.096051 0.051808
v 0.061645 -0.096047 0.051820
v 0.061798 -0.097060 0.052220
v 0.061645 -0.097073 0.052186
v 0.061798 -0.096036 0.051855
v 0.061943 -0.097037 0.052275
v 0.061943 -0.096019 0.051913
v 0.062076 -0.095994 0.051991
v 0.062076 -0.097006 0.052351
v 0.062196 -0.096968 0.052446
v 0.062196 -0.097936 0.052889
v 0.062076 -0.097982 0.052799
v 0.061943 -0.098020 0.052726
v 0.062076 -0.098916 0.053329
v 0.062196 -0.098862 0.053415
v 0.062298 -0.098798 0.053516
v 0.062298 -0.099666 0.054115
v 0.062196 -0.099738 0.054020
v 0.062076 -0.099800 0.053939
v 0.062196 -0.100559 0.054699
v 0.062298 -0.100479 0.054788
v 0.062380 -0.100389 0.054887
v 0.062380 -0.101131 0.055619
v 0.062298 -0.101229 0.055528
v 0.062196 -0.101317 0.055447
v 0.062298 -0.101913 0.056331
v 0.062380 -0.101807 0.056414
v 0.062440 -0.102289 0.057343
v 0.062440 -0.101693 0.056503
v 0.062380 -0.102411 0.057264
v 0.062440 -0.102811 0.058231
v 0.062380 -0.102939 0.058163
v 0.062298 -0.102524 0.057191
v 0.062298 -0.103057 0.058101
v 0.062196 -0.102624 0.057126
v 0.062196 -0.102007 0.056258
v 0.062076 -0.102087 0.056196
v 0.062076 -0.101391 0.055378
v 0.061943 -0.100682 0.054563
v 0.062076 -0.100627 0.054624
v 0.061943 -0.101452 0.055322
v 0.061798 -0.100722 0.054518
v 0.061798 -0.101496 0.055281
v 0.061943 -0.102152 0.056145
v 0.061798 -0.102199 0.056108
v 0.062076 -0.102709 0.057071
v 0.061943 -0.102778 0.057026
v 0.062076 -0.103252 0.057997
v 0.061943 -0.103325 0.057959
v 0.061798 -0.102829 0.056994
v 0.061798 -0.103378 0.057931
v 0.061645 -0.102859 0.056974
v 0.061645 -0.102228 0.056086
v 0.061489 -0.102238 0.056078
v 0.061489 -0.102159 0.055977
v 0.061645 -0.101522 0.055256
v 0.061645 -0.100747 0.054491
v 0.061645 -0.099908 0.053796
v 0.061645 -0.099011 0.053178
v 0.061798 -0.099885 0.053826
v 0.061798 -0.098991 0.053209
v 0.061943 -0.099849 0.053874
v 0.061943 -0.098959 0.053260
v 0.061798 -0.098047 0.052672
v 0.061645 -0.098064 0.052640
v 0.061489 -0.102870 0.056967
v 0.061489 -0.103040 0.057239
v 0.032489 -0.103040 0.057239
v 0.032489 -0.103421 0.057908
v 0.032332 -0.103410 0.057914
v 0.032332 -0.103877 0.058898
v 0.032489 -0.103889 0.058893
v 0.032332 -0.104257 0.059919
v 0.032489 -0.103760 0.058599
v 0.032489 -0.104269 0.059915
v 0.032489 -0.104308 0.060038
v 0.061489 -0.104269 0.059915
v 0.061489 -0.103889 0.058893
v 0.061489 -0.103760 0.058599
v 0.061645 -0.103877 0.058898
v 0.061645 -0.104257 0.059919
v 0.061798 -0.104222 0.059930
v 0.061645 -0.104546 0.060969
v 0.061489 -0.104558 0.060967
v 0.061798 -0.104510 0.060978
v 0.061489 -0.104308 0.060038
v 0.032489 -0.104558 0.060967
v 0.032489 -0.104674 0.061532
v 0.032332 -0.104546 0.060969
v 0.032332 -0.104743 0.062041
v 0.032180 -0.104510 0.060978
v 0.032180 -0.104706 0.062046
v 0.032035 -0.104452 0.060991
v 0.032035 -0.104647 0.062054
v 0.031901 -0.104372 0.061009
v 0.031901 -0.104566 0.062065
v 0.031781 -0.104273 0.061032
v 0.031781 -0.104465 0.062079
v 0.031680 -0.104156 0.061059
v 0.031680 -0.104347 0.062096
v 0.031781 -0.104565 0.063140
v 0.031680 -0.104446 0.063146
v 0.031598 -0.104214 0.062114
v 0.031598 -0.104312 0.063152
v 0.031537 -0.104070 0.062134
v 0.031537 -0.104167 0.063160
v 0.031501 -0.103919 0.062155
v 0.031489 -0.103583 0.061190
v 0.031501 -0.104015 0.063167
v 0.031489 -0.103764 0.062176
v 0.031489 -0.103859 0.063175
v 0.031489 -0.103865 0.064179
v 0.031501 -0.104022 0.064184
v 0.031537 -0.104091 0.065217
v 0.031501 -0.103940 0.065198
v 0.031537 -0.104174 0.064190
v 0.031598 -0.104235 0.065235
v 0.031598 -0.104319 0.064195
v 0.031680 -0.104368 0.065251
v 0.031680 -0.104453 0.064200
v 0.031781 -0.104487 0.065266
v 0.031781 -0.104572 0.064205
v 0.031901 -0.104588 0.065279
v 0.031901 -0.104674 0.064208
v 0.032035 -0.104669 0.065289
v 0.032035 -0.104756 0.064211
v 0.031901 -0.104667 0.063134
v 0.032035 -0.104748 0.063130
v 0.032180 -0.104816 0.064214
v 0.032180 -0.104808 0.063127
v 0.032332 -0.104845 0.063125
v 0.032332 -0.104852 0.064215
v 0.032489 -0.104865 0.064215
v 0.032332 -0.104765 0.065301
v 0.032489 -0.104845 0.064600
v 0.032489 -0.104777 0.065302
v 0.061489 -0.104845 0.064600
v 0.061489 -0.104865 0.064215
v 0.061489 -0.104857 0.063125
v 0.061645 -0.104852 0.064215
v 0.061645 -0.104765 0.065301
v 0.061798 -0.104816 0.064214
v 0.061798 -0.104729 0.065296
v 0.061489 -0.104777 0.065302
v 0.061645 -0.104845 0.063125
v 0.061645 -0.104743 0.062041
v 0.061798 -0.104808 0.063127
v 0.061489 -0.104854 0.063061
v 0.032489 -0.104857 0.063125
v 0.032489 -0.104854 0.063061
v 0.061489 -0.104755 0.062039
v 0.032489 -0.104755 0.062039
v 0.061489 -0.104674 0.061532
v 0.061943 -0.104756 0.064211
v 0.061798 -0.104706 0.062046
v 0.061943 -0.104748 0.063130
v 0.061943 -0.104647 0.062054
v 0.062076 -0.104667 0.063134
v 0.062076 -0.104674 0.064208
v 0.062196 -0.104572 0.064205
v 0.062196 -0.104487 0.065266
v 0.062076 -0.104588 0.065279
v 0.061943 -0.104669 0.065289
v 0.062076 -0.104408 0.066337
v 0.062196 -0.104309 0.066316
v 0.062298 -0.103926 0.067311
v 0.062196 -0.104040 0.067347
v 0.062298 -0.104192 0.066291
v 0.062380 -0.104061 0.066263
v 0.062380 -0.103798 0.067272
v 0.062298 -0.104368 0.065251
v 0.062380 -0.104235 0.065235
v 0.062298 -0.104453 0.064200
v 0.062380 -0.104319 0.064195
v 0.062298 -0.104446 0.063146
v 0.062196 -0.104565 0.063140
v 0.062076 -0.104566 0.062065
v 0.062196 -0.104465 0.062079
v 0.062196 -0.104273 0.061032
v 0.062298 -0.104347 0.062096
v 0.062076 -0.104372 0.061009
v 0.062076 -0.104087 0.059974
v 0.061943 -0.104165 0.059949
v 0.061943 -0.104452 0.060991
v 0.061943 -0.103788 0.058935
v 0.061798 -0.103844 0.058912
v 0.061645 -0.103410 0.057914
v 0.061489 -0.103421 0.057908
v 0.062076 -0.103713 0.058967
v 0.062196 -0.103619 0.059007
v 0.062196 -0.103990 0.060005
v 0.062298 -0.103877 0.060042
v 0.062298 -0.104156 0.061059
v 0.062380 -0.104026 0.061088
v 0.062380 -0.104214 0.062114
v 0.062440 -0.104070 0.062134
v 0.062380 -0.104312 0.063152
v 0.062440 -0.104167 0.063160
v 0.062476 -0.104015 0.063167
v 0.062476 -0.104022 0.064184
v 0.062440 -0.104174 0.064190
v 0.062476 -0.103940 0.065198
v 0.062440 -0.104091 0.065217
v 0.062440 -0.103920 0.066233
v 0.062476 -0.103770 0.066201
v 0.062489 -0.103364 0.067139
v 0.062476 -0.103514 0.067185
v 0.062489 -0.103617 0.066168
v 0.062489 -0.094499 0.064493
v 0.062489 -0.094593 0.064123
v 0.062489 -0.103785 0.065179
v 0.062489 -0.103865 0.064179
v 0.062489 -0.094623 0.063743
v 0.062489 -0.094589 0.063363
v 0.062489 -0.103859 0.063175
v 0.063489 -0.094623 0.063743
v 0.063489 -0.094593 0.064123
v 0.063489 -0.094499 0.064493
v 0.063489 -0.093113 0.063878
v 0.063489 -0.093123 0.063751
v 0.063489 -0.093112 0.063624
v 0.062489 -0.093112 0.063624
v 0.062489 -0.093123 0.063751
v 0.062489 -0.093113 0.063878
v 0.062489 -0.092873 0.063752
v 0.062489 -0.092866 0.063668
v 0.062489 -0.092844 0.063586
v 0.067489 -0.092866 0.063668
v 0.067489 -0.092873 0.063752
v 0.067489 -0.092867 0.063837
v 0.067489 -0.092373 0.063755
v 0.067489 -0.091961 0.064038
v 0.067489 -0.092010 0.063411
v 0.067489 -0.092633 0.063328
v 0.067489 -0.092846 0.063919
v 0.067489 -0.092397 0.064255
v 0.067489 -0.091919 0.063964
v 0.067489 -0.092074 0.063355
v 0.067489 -0.092702 0.063378
v 0.067489 -0.092811 0.063997
v 0.067489 -0.092355 0.064255
v 0.067489 -0.091890 0.063884
v 0.067489 -0.092146 0.063310
v 0.067489 -0.092760 0.063439
v 0.067489 -0.092764 0.064067
v 0.067489 -0.092312 0.064252
v 0.067489 -0.091875 0.063800
v 0.067489 -0.092224 0.063278
v 0.067489 -0.092808 0.063509
v 0.067489 -0.092706 0.064129
v 0.067489 -0.092230 0.064234
v 0.067489 -0.091875 0.063716
v 0.067489 -0.092307 0.063260
v 0.067489 -0.092844 0.063586
v 0.067489 -0.092638 0.064180
v 0.067489 -0.092151 0.064203
v 0.067489 -0.091889 0.063632
v 0.067489 -0.092392 0.063256
v 0.067489 -0.092562 0.064218
v 0.067489 -0.092078 0.064159
v 0.067489 -0.091916 0.063552
v 0.067489 -0.092476 0.063266
v 0.067489 -0.092481 0.064243
v 0.067489 -0.092014 0.064103
v 0.067489 -0.091957 0.063478
v 0.067489 -0.092557 0.063290
v 0.062489 -0.092557 0.063290
v 0.062489 -0.092476 0.063266
v 0.062489 -0.092392 0.063256
v 0.062489 -0.092527 0.063021
v 0.062489 -0.092649 0.063058
v 0.063489 -0.092763 0.063114
v 0.063489 -0.092649 0.063058
v 0.062489 -0.092763 0.063114
v 0.062489 -0.092866 0.063189
v 0.062489 -0.092633 0.063328
v 0.063489 -0.092866 0.063189
v 0.063489 -0.092954 0.063281
v 0.063489 -0.094116 0.062332
v 0.063489 -0.093850 0.062058
v 0.063489 -0.093542 0.061833
v 0.062489 -0.093850 0.062058
v 0.062489 -0.093542 0.061833
v 0.062489 -0.099312 0.054584
v 0.062489 -0.098486 0.054014
v 0.062489 -0.097614 0.053519
v 0.062489 -0.093200 0.061663
v 0.062489 -0.092835 0.061553
v 0.062489 -0.095756 0.052764
v 0.062489 -0.096701 0.053101
v 0.063489 -0.093200 0.061663
v 0.063489 -0.092527 0.063021
v 0.063489 -0.092835 0.061553
v 0.062489 -0.092456 0.061507
v 0.063489 -0.092401 0.063006
v 0.063489 -0.092456 0.061507
v 0.063489 -0.092274 0.063012
v 0.063489 -0.092075 0.061525
v 0.062489 -0.092075 0.061525
v 0.062489 -0.091793 0.052270
v 0.062489 -0.090795 0.052364
v 0.062489 -0.089808 0.052545
v 0.062489 -0.091702 0.061608
v 0.062489 -0.091349 0.061752
v 0.062489 -0.087900 0.053161
v 0.062489 -0.088840 0.052811
v 0.063489 -0.091702 0.061608
v 0.063489 -0.092149 0.063039
v 0.063489 -0.092032 0.063088
v 0.063489 -0.091349 0.061752
v 0.063489 -0.091924 0.063155
v 0.063489 -0.091025 0.061954
v 0.062489 -0.091025 0.061954
v 0.062489 -0.090740 0.062208
v 0.062489 -0.084546 0.055330
v 0.062489 -0.086128 0.054099
v 0.062489 -0.085310 0.054680
v 0.062476 -0.085214 0.054556
v 0.062476 -0.084440 0.055215
v 0.062476 -0.083726 0.055939
v 0.062440 -0.083613 0.055837
v 0.062440 -0.084336 0.055103
v 0.062380 -0.083505 0.055740
v 0.062380 -0.084237 0.054997
v 0.062440 -0.085121 0.054436
v 0.062440 -0.085960 0.053839
v 0.062476 -0.086043 0.053967
v 0.062380 -0.085032 0.054321
v 0.062298 -0.084146 0.054899
v 0.062298 -0.084949 0.054216
v 0.062380 -0.085882 0.053717
v 0.062440 -0.086849 0.053318
v 0.062380 -0.086781 0.053190
v 0.062298 -0.085809 0.053605
v 0.062196 -0.084876 0.054122
v 0.062298 -0.086719 0.053072
v 0.062196 -0.085744 0.053505
v 0.062076 -0.084814 0.054041
v 0.062076 -0.085689 0.053419
v 0.062196 -0.086663 0.052966
v 0.062298 -0.087671 0.052619
v 0.062196 -0.087625 0.052510
v 0.062076 -0.086615 0.052876
v 0.062076 -0.087585 0.052416
v 0.061943 -0.086577 0.052804
v 0.061943 -0.085644 0.053350
v 0.061798 -0.084726 0.053929
v 0.061798 -0.085612 0.053300
v 0.061943 -0.084763 0.053976
v 0.061943 -0.083940 0.054677
v 0.061798 -0.083899 0.054633
v 0.061798 -0.083136 0.055406
v 0.061645 -0.083874 0.054606
v 0.061645 -0.083109 0.055382
v 0.061489 -0.082405 0.056214
v 0.061489 -0.083866 0.054597
v 0.061489 -0.083186 0.055279
v 0.061645 -0.082414 0.056221
v 0.061489 -0.083100 0.055373
v 0.032489 -0.083186 0.055279
v 0.032489 -0.083100 0.055373
v 0.032489 -0.082405 0.056214
v 0.032332 -0.082414 0.056221
v 0.032332 -0.083109 0.055382
v 0.032332 -0.083874 0.054606
v 0.032180 -0.083136 0.055406
v 0.032180 -0.082444 0.056243
v 0.032180 -0.081827 0.057137
v 0.032035 -0.082492 0.056279
v 0.032035 -0.081878 0.057169
v 0.032035 -0.081344 0.058109
v 0.031901 -0.081947 0.057213
v 0.031901 -0.081416 0.058146
v 0.031901 -0.080969 0.059122
v 0.031781 -0.081507 0.058193
v 0.031781 -0.081064 0.059161
v 0.031781 -0.080706 0.060164
v 0.031680 -0.081174 0.059206
v 0.031680 -0.080820 0.060199
v 0.031680 -0.080554 0.061220
v 0.031598 -0.080948 0.060239
v 0.031598 -0.080685 0.061248
v 0.031598 -0.080511 0.062276
v 0.031537 -0.080827 0.061278
v 0.031537 -0.080655 0.062294
v 0.031537 -0.080572 0.063321
v 0.031501 -0.080806 0.062313
v 0.031501 -0.080725 0.063326
v 0.031489 -0.080888 0.064335
v 0.031489 -0.080881 0.063332
v 0.031501 -0.080732 0.064343
v 0.031489 -0.080982 0.065334
v 0.031537 -0.080579 0.064351
v 0.031501 -0.080827 0.065356
v 0.031537 -0.080676 0.065377
v 0.031501 -0.081011 0.066356
v 0.031489 -0.081163 0.066321
v 0.031489 -0.081429 0.067288
v 0.031489 -0.081779 0.068228
v 0.031501 -0.081280 0.067336
v 0.031537 -0.080862 0.066390
v 0.031537 -0.081135 0.067383
v 0.031501 -0.081635 0.068289
v 0.031489 -0.082209 0.069135
v 0.031537 -0.081494 0.068349
v 0.031501 -0.082071 0.069208
v 0.031537 -0.081936 0.069279
v 0.031501 -0.082585 0.070085
v 0.031489 -0.082717 0.070000
v 0.031489 -0.083298 0.070818
v 0.031489 -0.083948 0.071582
v 0.031501 -0.083174 0.070914
v 0.031537 -0.082457 0.070168
v 0.031537 -0.083054 0.071008
v 0.031501 -0.083833 0.071689
v 0.031489 -0.084662 0.072287
v 0.031537 -0.083721 0.071793
v 0.031501 -0.084557 0.072403
v 0.031537 -0.084455 0.072516
v 0.031501 -0.085341 0.073051
v 0.031489 -0.085435 0.072926
v 0.031489 -0.086261 0.073496
v 0.031489 -0.087133 0.073992
v 0.031501 -0.086177 0.073629
v 0.031537 -0.085248 0.073173
v 0.031537 -0.086096 0.073758
v 0.031501 -0.087062 0.074131
v 0.031537 -0.086992 0.074267
v 0.031501 -0.087986 0.074555
v 0.031489 -0.088045 0.074410
v 0.031489 -0.088990 0.074746
v 0.031501 -0.088944 0.074896
v 0.031489 -0.089961 0.074999
v 0.031489 -0.090950 0.075167
v 0.031501 -0.089928 0.075152
v 0.031537 -0.088899 0.075042
v 0.031537 -0.089896 0.075302
v 0.031501 -0.090931 0.075322
v 0.031489 -0.091950 0.075247
v 0.031537 -0.090912 0.075473
v 0.031501 -0.091944 0.075404
v 0.031537 -0.091939 0.075556
v 0.031501 -0.092961 0.075397
v 0.031489 -0.092953 0.075241
v 0.031489 -0.093952 0.075146
v 0.031489 -0.094939 0.074965
v 0.031501 -0.093974 0.075301
v 0.031537 -0.092969 0.075549
v 0.031537 -0.093994 0.075452
v 0.031501 -0.094974 0.075118
v 0.031537 -0.095008 0.075267
v 0.031501 -0.095954 0.074848
v 0.031489 -0.095906 0.074699
v 0.031489 -0.096847 0.074350
v 0.031489 -0.097753 0.073919
v 0.031501 -0.096907 0.074494
v 0.031537 -0.096001 0.074993
v 0.031537 -0.096967 0.074634
v 0.031501 -0.097826 0.074058
v 0.031489 -0.098618 0.073412
v 0.031537 -0.097897 0.074193
v 0.031501 -0.098703 0.073543
v 0.031489 -0.099436 0.072831
v 0.031537 -0.098786 0.073671
v 0.031501 -0.099532 0.072954
v 0.031537 -0.099626 0.073075
v 0.031501 -0.100307 0.072295
v 0.031489 -0.100200 0.072181
v 0.031489 -0.100905 0.071467
v 0.031489 -0.101544 0.070694
v 0.031501 -0.101021 0.071571
v 0.031537 -0.100410 0.072407
v 0.031537 -0.101134 0.071674
v 0.031501 -0.101669 0.070788
v 0.031489 -0.102114 0.069868
v 0.031537 -0.101791 0.070880
v 0.031501 -0.102247 0.069951
v 0.031537 -0.102376 0.070032
v 0.031501 -0.102749 0.069067
v 0.031489 -0.102610 0.068996
v 0.031489 -0.103028 0.068084
v 0.031489 -0.103364 0.067139
v 0.031501 -0.103173 0.068142
v 0.031537 -0.102885 0.069136
v 0.031537 -0.103314 0.068200
v 0.031501 -0.103514 0.067185
v 0.031489 -0.103617 0.066168
v 0.031537 -0.103660 0.067229
v 0.031501 -0.103770 0.066201
v 0.031537 -0.103920 0.066233
v 0.031489 -0.103785 0.065179
v 0.031598 -0.104061 0.066263
v 0.031598 -0.103798 0.067272
v 0.031680 -0.103572 0.068305
v 0.031598 -0.103448 0.068254
v 0.031680 -0.103926 0.067311
v 0.031781 -0.103683 0.068350
v 0.031781 -0.104040 0.067347
v 0.031680 -0.104192 0.066291
v 0.031781 -0.104309 0.066316
v 0.031901 -0.104408 0.066337
v 0.031901 -0.104138 0.067377
v 0.032035 -0.103853 0.068419
v 0.031901 -0.103777 0.068388
v 0.032035 -0.104216 0.067401
v 0.032180 -0.103909 0.068442
v 0.032180 -0.104273 0.067418
v 0.032035 -0.104488 0.066355
v 0.032180 -0.104547 0.066367
v 0.032332 -0.104583 0.066375
v 0.032180 -0.104729 0.065296
v 0.032332 -0.104308 0.067429
v 0.032332 -0.103943 0.068455
v 0.032489 -0.104262 0.067616
v 0.032489 -0.104320 0.067433
v 0.061489 -0.104320 0.067433
v 0.061489 -0.104595 0.066377
v 0.032489 -0.104595 0.066377
v 0.061489 -0.104646 0.066126
v 0.032489 -0.104646 0.066126
v 0.061645 -0.104583 0.066375
v 0.061798 -0.104547 0.066367
v 0.061798 -0.104273 0.067418
v 0.061645 -0.104308 0.067429
v 0.061489 -0.103954 0.068460
v 0.061489 -0.104262 0.067616
v 0.061798 -0.103909 0.068442
v 0.061645 -0.103943 0.068455
v 0.061489 -0.103697 0.069048
v 0.061645 -0.103489 0.069446
v 0.061798 -0.103456 0.069429
v 0.061943 -0.103403 0.069402
v 0.061943 -0.102869 0.070341
v 0.061798 -0.102920 0.070373
v 0.061943 -0.102255 0.071231
v 0.061645 -0.102951 0.070393
v 0.061798 -0.102303 0.071267
v 0.061943 -0.101566 0.072064
v 0.061798 -0.101610 0.072104
v 0.061645 -0.102332 0.071290
v 0.061489 -0.102064 0.071650
v 0.061489 -0.102342 0.071297
v 0.061489 -0.102961 0.070399
v 0.061645 -0.101638 0.072129
v 0.061489 -0.101647 0.072137
v 0.061489 -0.101021 0.072781
v 0.032489 -0.101021 0.072781
v 0.032489 -0.101647 0.072137
v 0.032489 -0.102064 0.071650
v 0.032332 -0.101638 0.072129
v 0.032332 -0.100872 0.072904
v 0.032489 -0.100050 0.073620
v 0.032489 -0.100881 0.072913
v 0.032332 -0.100043 0.073610
v 0.032180 -0.100847 0.072878
v 0.032180 -0.101610 0.072104
v 0.032180 -0.102303 0.071267
v 0.032035 -0.101566 0.072064
v 0.032035 -0.102255 0.071231
v 0.032035 -0.102869 0.070341
v 0.031901 -0.102190 0.071182
v 0.031901 -0.102799 0.070298
v 0.031901 -0.103330 0.069364
v 0.031781 -0.102713 0.070244
v 0.031781 -0.103239 0.069318
v 0.031680 -0.103133 0.069264
v 0.031680 -0.102612 0.070180
v 0.031598 -0.103014 0.069203
v 0.031598 -0.102499 0.070109
v 0.031680 -0.102013 0.071048
v 0.031598 -0.101906 0.070968
v 0.031680 -0.101341 0.071861
v 0.031598 -0.101242 0.071771
v 0.031680 -0.100600 0.072611
v 0.031598 -0.100509 0.072513
v 0.031680 -0.099797 0.073295
v 0.031598 -0.099715 0.073189
v 0.031680 -0.098937 0.073905
v 0.031598 -0.098865 0.073793
v 0.031680 -0.098028 0.074439
v 0.031598 -0.097965 0.074321
v 0.031680 -0.097075 0.074891
v 0.031598 -0.097023 0.074768
v 0.031680 -0.096087 0.075259
v 0.031598 -0.096045 0.075131
v 0.031680 -0.095070 0.075538
v 0.031598 -0.095040 0.075408
v 0.031680 -0.094033 0.075729
v 0.031598 -0.094014 0.075596
v 0.031680 -0.092983 0.075828
v 0.031598 -0.092976 0.075694
v 0.031680 -0.091928 0.075835
v 0.031598 -0.091933 0.075701
v 0.031680 -0.090877 0.075750
v 0.031598 -0.090894 0.075617
v 0.031680 -0.089837 0.075574
v 0.031598 -0.089866 0.075443
v 0.031680 -0.088817 0.075308
v 0.031598 -0.088857 0.075180
v 0.031680 -0.087824 0.074954
v 0.031598 -0.087874 0.074830
v 0.031680 -0.086865 0.074515
v 0.031598 -0.086926 0.074396
v 0.031537 -0.087929 0.074696
v 0.031680 -0.085948 0.073994
v 0.031598 -0.086019 0.073881
v 0.031680 -0.085080 0.073395
v 0.031598 -0.085161 0.073288
v 0.031680 -0.084268 0.072723
v 0.031598 -0.084358 0.072624
v 0.031680 -0.083517 0.071982
v 0.031598 -0.083615 0.071891
v 0.031680 -0.082834 0.071179
v 0.031598 -0.082939 0.071097
v 0.031680 -0.082223 0.070319
v 0.031598 -0.082335 0.070247
v 0.031680 -0.081690 0.069410
v 0.031598 -0.081808 0.069347
v 0.031680 -0.081237 0.068457
v 0.031598 -0.081361 0.068405
v 0.031680 -0.080870 0.067469
v 0.031598 -0.080997 0.067428
v 0.031680 -0.080590 0.066452
v 0.031598 -0.080721 0.066422
v 0.031680 -0.080400 0.065415
v 0.031598 -0.080532 0.065396
v 0.031680 -0.080301 0.064365
v 0.031598 -0.080435 0.064358
v 0.031680 -0.080294 0.063310
v 0.031598 -0.080427 0.063315
v 0.031680 -0.080379 0.062259
v 0.031781 -0.080438 0.061195
v 0.031781 -0.080260 0.062244
v 0.031901 -0.080338 0.061173
v 0.031901 -0.080159 0.062232
v 0.031781 -0.080174 0.063306
v 0.031901 -0.080073 0.063302
v 0.031781 -0.080182 0.064371
v 0.031901 -0.080080 0.064376
v 0.031781 -0.080282 0.065431
v 0.031901 -0.080181 0.065445
v 0.031781 -0.080474 0.066479
v 0.031901 -0.080374 0.066501
v 0.031781 -0.080756 0.067505
v 0.031901 -0.080659 0.067537
v 0.031781 -0.081127 0.068504
v 0.031901 -0.081034 0.068543
v 0.031781 -0.081584 0.069466
v 0.031901 -0.081494 0.069513
v 0.031781 -0.082123 0.070384
v 0.031901 -0.082037 0.070440
v 0.031781 -0.082740 0.071252
v 0.031901 -0.082659 0.071315
v 0.031781 -0.083430 0.072063
v 0.031901 -0.083355 0.072133
v 0.031781 -0.084188 0.072811
v 0.031901 -0.084119 0.072887
v 0.031781 -0.085008 0.073490
v 0.031901 -0.084947 0.073572
v 0.031781 -0.085885 0.074095
v 0.031901 -0.085831 0.074181
v 0.031781 -0.086811 0.074621
v 0.031901 -0.086764 0.074712
v 0.031781 -0.087779 0.075065
v 0.031901 -0.087740 0.075159
v 0.031781 -0.088782 0.075422
v 0.031901 -0.088752 0.075520
v 0.031781 -0.089813 0.075691
v 0.031901 -0.089791 0.075790
v 0.031781 -0.090862 0.075869
v 0.031901 -0.090850 0.075970
v 0.031781 -0.091924 0.075954
v 0.031901 -0.091920 0.076056
v 0.031781 -0.092989 0.075947
v 0.031901 -0.092994 0.076049
v 0.031781 -0.094049 0.075847
v 0.031901 -0.094063 0.075948
v 0.031781 -0.095097 0.075655
v 0.031901 -0.095119 0.075754
v 0.031781 -0.096123 0.075372
v 0.031901 -0.096155 0.075469
v 0.031781 -0.097122 0.075001
v 0.031901 -0.097161 0.075095
v 0.031781 -0.098084 0.074544
v 0.031901 -0.098131 0.074634
v 0.031781 -0.099002 0.074006
v 0.031901 -0.099058 0.074091
v 0.031781 -0.099870 0.073389
v 0.031901 -0.099933 0.073469
v 0.031781 -0.100681 0.072699
v 0.031901 -0.100751 0.072773
v 0.031781 -0.101429 0.071941
v 0.031901 -0.101505 0.072009
v 0.031781 -0.102108 0.071120
v 0.032035 -0.100807 0.072834
v 0.032180 -0.100020 0.073581
v 0.032035 -0.099983 0.073534
v 0.032180 -0.099135 0.074210
v 0.032035 -0.099102 0.074160
v 0.032180 -0.098198 0.074760
v 0.032035 -0.098170 0.074707
v 0.032180 -0.097216 0.075226
v 0.032035 -0.097193 0.075170
v 0.032180 -0.096198 0.075604
v 0.032035 -0.096180 0.075547
v 0.032180 -0.095151 0.075893
v 0.032035 -0.095138 0.075834
v 0.032180 -0.094083 0.076088
v 0.032035 -0.094074 0.076029
v 0.032180 -0.093001 0.076190
v 0.032035 -0.092998 0.076131
v 0.032180 -0.091915 0.076198
v 0.032035 -0.091917 0.076138
v 0.032180 -0.090832 0.076111
v 0.032035 -0.090840 0.076051
v 0.032180 -0.089761 0.075929
v 0.032035 -0.089774 0.075871
v 0.032180 -0.088710 0.075655
v 0.032035 -0.088728 0.075598
v 0.032180 -0.087687 0.075291
v 0.032035 -0.087710 0.075235
v 0.032180 -0.086699 0.074838
v 0.032035 -0.086727 0.074785
v 0.032180 -0.085755 0.074302
v 0.032035 -0.085787 0.074251
v 0.032180 -0.084861 0.073685
v 0.032035 -0.084897 0.073637
v 0.032180 -0.084024 0.072992
v 0.032035 -0.084065 0.072948
v 0.032180 -0.083251 0.072230
v 0.032035 -0.083295 0.072189
v 0.032180 -0.082547 0.071402
v 0.032035 -0.082594 0.071365
v 0.032180 -0.081918 0.070517
v 0.032035 -0.081968 0.070484
v 0.032180 -0.081368 0.069580
v 0.032035 -0.081421 0.069552
v 0.032180 -0.080903 0.068598
v 0.032035 -0.080958 0.068575
v 0.032180 -0.080524 0.067580
v 0.032035 -0.080582 0.067562
v 0.032180 -0.080236 0.066533
v 0.032035 -0.080295 0.066520
v 0.032180 -0.080040 0.065465
v 0.032035 -0.080100 0.065456
v 0.032180 -0.079938 0.064383
v 0.032035 -0.079998 0.064380
v 0.032180 -0.079931 0.063297
v 0.032035 -0.079991 0.063299
v 0.032180 -0.080018 0.062214
v 0.032035 -0.080077 0.062222
v 0.032180 -0.080199 0.061143
v 0.032035 -0.080258 0.061156
v 0.032180 -0.080473 0.060092
v 0.032035 -0.080531 0.060110
v 0.032180 -0.080838 0.059069
v 0.032035 -0.080893 0.059092
v 0.031901 -0.080609 0.060134
v 0.032180 -0.081290 0.058081
v 0.032332 -0.081796 0.057118
v 0.032332 -0.081258 0.058065
v 0.032489 -0.081247 0.058059
v 0.032332 -0.080804 0.059055
v 0.032489 -0.081396 0.057775
v 0.032489 -0.081785 0.057111
v 0.061489 -0.081396 0.057775
v 0.061489 -0.081247 0.058059
v 0.061489 -0.080792 0.059051
v 0.061645 -0.081258 0.058065
v 0.061798 -0.081290 0.058081
v 0.061798 -0.081827 0.057137
v 0.061489 -0.081785 0.057111
v 0.061645 -0.081796 0.057118
v 0.061645 -0.080804 0.059055
v 0.061798 -0.080838 0.059069
v 0.061489 -0.080745 0.059170
v 0.061645 -0.080438 0.060081
v 0.061489 -0.080269 0.060634
v 0.061489 -0.080426 0.060078
v 0.061645 -0.080163 0.061136
v 0.061798 -0.080473 0.060092
v 0.061798 -0.080199 0.061143
v 0.061943 -0.080531 0.060110
v 0.061943 -0.080893 0.059092
v 0.061943 -0.081344 0.058109
v 0.062076 -0.080969 0.059122
v 0.062076 -0.081416 0.058146
v 0.062196 -0.081507 0.058193
v 0.062196 -0.082033 0.057267
v 0.062076 -0.081947 0.057213
v 0.061943 -0.081878 0.057169
v 0.062076 -0.082557 0.056329
v 0.062196 -0.082638 0.056390
v 0.062298 -0.083406 0.055650
v 0.062298 -0.082733 0.056462
v 0.062196 -0.083317 0.055570
v 0.062196 -0.084065 0.054812
v 0.062076 -0.083242 0.055502
v 0.062076 -0.083996 0.054737
v 0.061943 -0.083181 0.055447
v 0.061943 -0.082492 0.056279
v 0.061798 -0.082444 0.056243
v 0.062298 -0.082134 0.057330
v 0.062380 -0.082840 0.056543
v 0.062380 -0.082248 0.057401
v 0.062440 -0.082956 0.056630
v 0.062440 -0.082371 0.057478
v 0.062476 -0.083077 0.056723
v 0.062489 -0.083842 0.056044
v 0.062476 -0.082500 0.057559
v 0.062489 -0.083202 0.056817
v 0.062489 -0.090502 0.062506
v 0.062489 -0.082632 0.057643
v 0.062489 -0.082137 0.058515
v 0.062476 -0.081997 0.058444
v 0.062440 -0.081862 0.058374
v 0.062476 -0.081574 0.059368
v 0.062440 -0.081433 0.059311
v 0.062440 -0.081087 0.060281
v 0.062380 -0.080948 0.060239
v 0.062380 -0.081298 0.059256
v 0.062380 -0.081732 0.058308
v 0.062298 -0.080820 0.060199
v 0.062298 -0.081174 0.059206
v 0.062298 -0.081613 0.058247
v 0.062196 -0.081064 0.059161
v 0.062196 -0.080706 0.060164
v 0.062076 -0.080338 0.061173
v 0.062196 -0.080438 0.061194
v 0.062076 -0.080609 0.060134
v 0.061943 -0.080258 0.061156
v 0.061943 -0.080077 0.062222
v 0.061798 -0.080018 0.062214
v 0.061798 -0.079931 0.063297
v 0.061645 -0.079982 0.062210
v 0.061645 -0.079894 0.063296
v 0.061489 -0.079882 0.063295
v 0.061645 -0.079901 0.064385
v 0.061489 -0.079873 0.063680
v 0.032489 -0.079882 0.063295
v 0.032489 -0.079873 0.063680
v 0.061489 -0.079889 0.064386
v 0.032489 -0.079889 0.064386
v 0.061489 -0.079959 0.065217
v 0.061645 -0.080004 0.065470
v 0.061489 -0.079992 0.065471
v 0.061798 -0.080040 0.065465
v 0.061489 -0.080188 0.066544
v 0.061798 -0.079938 0.064383
v 0.061645 -0.080200 0.066541
v 0.061645 -0.080489 0.067592
v 0.061489 -0.080233 0.066731
v 0.061798 -0.080236 0.066533
v 0.061943 -0.080100 0.065456
v 0.061798 -0.080524 0.067580
v 0.061943 -0.080295 0.066520
v 0.061943 -0.080582 0.067562
v 0.062076 -0.080374 0.066501
v 0.062076 -0.080181 0.065445
v 0.062196 -0.080282 0.065431
v 0.062196 -0.080182 0.064371
v 0.062076 -0.080080 0.064376
v 0.061943 -0.079998 0.064380
v 0.062076 -0.080073 0.063302
v 0.062196 -0.080174 0.063306
v 0.062298 -0.080294 0.063310
v 0.062298 -0.080379 0.062259
v 0.062196 -0.080260 0.062244
v 0.062076 -0.080159 0.062232
v 0.062298 -0.080554 0.061220
v 0.062380 -0.080685 0.061248
v 0.062380 -0.080511 0.062276
v 0.062440 -0.080827 0.061278
v 0.062440 -0.080655 0.062294
v 0.062476 -0.080976 0.061310
v 0.062476 -0.081233 0.060326
v 0.062489 -0.081382 0.060372
v 0.062489 -0.081719 0.059427
v 0.062489 -0.090318 0.062840
v 0.062489 -0.090193 0.063201
v 0.063489 -0.090318 0.062840
v 0.063489 -0.090502 0.062506
v 0.063489 -0.090740 0.062208
v 0.063489 -0.091749 0.063339
v 0.063489 -0.091688 0.063450
v 0.063489 -0.091646 0.063570
v 0.062489 -0.091646 0.063570
v 0.062489 -0.091688 0.063450
v 0.062489 -0.091749 0.063339
v 0.062489 -0.091916 0.063552
v 0.062489 -0.091889 0.063632
v 0.062489 -0.091875 0.063716
v 0.062489 -0.091626 0.063696
v 0.062489 -0.091875 0.063800
v 0.062489 -0.091890 0.063884
v 0.062489 -0.091626 0.063823
v 0.062489 -0.091649 0.063948
v 0.063489 -0.091626 0.063696
v 0.063489 -0.091626 0.063823
v 0.063489 -0.090130 0.063577
v 0.063489 -0.090133 0.063959
v 0.063489 -0.091649 0.063948
v 0.063489 -0.090199 0.064334
v 0.063489 -0.091691 0.064068
v 0.062489 -0.091691 0.064068
v 0.062489 -0.091754 0.064179
v 0.062489 -0.091919 0.063964
v 0.062489 -0.091961 0.064038
v 0.062489 -0.092014 0.064103
v 0.062489 -0.092078 0.064159
v 0.062489 -0.091835 0.064277
v 0.063489 -0.091754 0.064179
v 0.063489 -0.091835 0.064277
v 0.062489 -0.091931 0.064361
v 0.062489 -0.092039 0.064427
v 0.062489 -0.092151 0.064203
v 0.063489 -0.091931 0.064361
v 0.063489 -0.090758 0.065321
v 0.063489 -0.091045 0.065572
v 0.063489 -0.092039 0.064427
v 0.063489 -0.091372 0.065770
v 0.063489 -0.092158 0.064474
v 0.062489 -0.092158 0.064474
v 0.062489 -0.092282 0.064500
v 0.062489 -0.092230 0.064234
v 0.062489 -0.092312 0.064252
v 0.062489 -0.092355 0.064255
v 0.062489 -0.092346 0.064505
v 0.062489 -0.092397 0.064255
v 0.062489 -0.092481 0.064243
v 0.062489 -0.092409 0.064504
v 0.063489 -0.092346 0.064505
v 0.063489 -0.092409 0.064504
v 0.062489 -0.092535 0.064488
v 0.063489 -0.092535 0.064488
v 0.062489 -0.092657 0.064450
v 0.062489 -0.092562 0.064218
v 0.062489 -0.092638 0.064180
v 0.062489 -0.092770 0.064392
v 0.062489 -0.092706 0.064129
v 0.062489 -0.092872 0.064315
v 0.062489 -0.092764 0.064067
v 0.062489 -0.092959 0.064223
v 0.062489 -0.092811 0.063997
v 0.062489 -0.093030 0.064117
v 0.062489 -0.092846 0.063919
v 0.062489 -0.093082 0.064001
v 0.062489 -0.092867 0.063837
v 0.063489 -0.093082 0.064001
v 0.063489 -0.093030 0.064117
v 0.063489 -0.092959 0.064223
v 0.063489 -0.094132 0.065159
v 0.063489 -0.094344 0.064841
v 0.062489 -0.094344 0.064841
v 0.062489 -0.103028 0.068084
v 0.062489 -0.094132 0.065159
v 0.062489 -0.102114 0.069868
v 0.062489 -0.102610 0.068996
v 0.062476 -0.102749 0.069067
v 0.062476 -0.103173 0.068142
v 0.062440 -0.103660 0.067229
v 0.062440 -0.103314 0.068200
v 0.062380 -0.103448 0.068254
v 0.062440 -0.102885 0.069136
v 0.062380 -0.103014 0.069203
v 0.062476 -0.102247 0.069951
v 0.062440 -0.102376 0.070032
v 0.062440 -0.101791 0.070880
v 0.062380 -0.102499 0.070109
v 0.062476 -0.101669 0.070788
v 0.062489 -0.100905 0.071467
v 0.062489 -0.101544 0.070694
v 0.062476 -0.101021 0.071571
v 0.062440 -0.101134 0.071674
v 0.062476 -0.100307 0.072295
v 0.062489 -0.100200 0.072181
v 0.062489 -0.093869 0.065436
v 0.062489 -0.099436 0.072831
v 0.062489 -0.093564 0.065665
v 0.062489 -0.098618 0.073412
v 0.062476 -0.099532 0.072954
v 0.062476 -0.098703 0.073543
v 0.062440 -0.099626 0.073075
v 0.062440 -0.100410 0.072407
v 0.062380 -0.100509 0.072513
v 0.062380 -0.101242 0.071771
v 0.062380 -0.101906 0.070968
v 0.062298 -0.102013 0.071048
v 0.062298 -0.101341 0.071861
v 0.062196 -0.102108 0.071120
v 0.062196 -0.101429 0.071941
v 0.062298 -0.100600 0.072611
v 0.062196 -0.100681 0.072699
v 0.062380 -0.099715 0.073189
v 0.062298 -0.099797 0.073295
v 0.062380 -0.098865 0.073793
v 0.062298 -0.098937 0.073905
v 0.062196 -0.099870 0.073389
v 0.062196 -0.099002 0.074006
v 0.062076 -0.099933 0.073469
v 0.062076 -0.100751 0.072773
v 0.061943 -0.100807 0.072834
v 0.062076 -0.101505 0.072009
v 0.062076 -0.102190 0.071182
v 0.062076 -0.102799 0.070298
v 0.062196 -0.102713 0.070244
v 0.062076 -0.103330 0.069364
v 0.062076 -0.103777 0.068388
v 0.061943 -0.103853 0.068419
v 0.062196 -0.103239 0.069318
v 0.062298 -0.103133 0.069264
v 0.062298 -0.102612 0.070180
v 0.062196 -0.103683 0.068350
v 0.062298 -0.103572 0.068305
v 0.062076 -0.104138 0.067377
v 0.061943 -0.104216 0.067401
v 0.061943 -0.104488 0.066355
v 0.061943 -0.099983 0.073534
v 0.061798 -0.100847 0.072878
v 0.061645 -0.100872 0.072904
v 0.061798 -0.100020 0.073581
v 0.061943 -0.099102 0.074160
v 0.061798 -0.099135 0.074210
v 0.061645 -0.100043 0.073610
v 0.061489 -0.100050 0.073620
v 0.061489 -0.100881 0.072913
v 0.061489 -0.099161 0.074252
v 0.061645 -0.099154 0.074241
v 0.061489 -0.099846 0.073776
v 0.032489 -0.099161 0.074252
v 0.032489 -0.099846 0.073776
v 0.032332 -0.099154 0.074241
v 0.032332 -0.098215 0.074792
v 0.032489 -0.098221 0.074803
v 0.032332 -0.097231 0.075259
v 0.032489 -0.098558 0.074618
v 0.032489 -0.097235 0.075271
v 0.032489 -0.097176 0.075296
v 0.061489 -0.097235 0.075271
v 0.061489 -0.098221 0.074803
v 0.061489 -0.098558 0.074618
v 0.061645 -0.098215 0.074792
v 0.061645 -0.097231 0.075259
v 0.061645 -0.096210 0.075639
v 0.061489 -0.097176 0.075296
v 0.061798 -0.097216 0.075226
v 0.061798 -0.096198 0.075604
v 0.061943 -0.096180 0.075547
v 0.061943 -0.095138 0.075834
v 0.061798 -0.095151 0.075893
v 0.061645 -0.095159 0.075928
v 0.061798 -0.094083 0.076088
v 0.061943 -0.094074 0.076029
v 0.062076 -0.092994 0.076049
v 0.061943 -0.092998 0.076131
v 0.062076 -0.094063 0.075948
v 0.062196 -0.094049 0.075847
v 0.062076 -0.095119 0.075754
v 0.062196 -0.092989 0.075947
v 0.062298 -0.092983 0.075828
v 0.062298 -0.091928 0.075835
v 0.062196 -0.091924 0.075954
v 0.062196 -0.090862 0.075869
v 0.062298 -0.090877 0.075750
v 0.062076 -0.091920 0.076056
v 0.061943 -0.091917 0.076138
v 0.062076 -0.090850 0.075970
v 0.061943 -0.090840 0.076051
v 0.062196 -0.089813 0.075691
v 0.062076 -0.089791 0.075790
v 0.062076 -0.088752 0.075520
v 0.061943 -0.089774 0.075871
v 0.062196 -0.088782 0.075422
v 0.062298 -0.087824 0.074954
v 0.062298 -0.088817 0.075308
v 0.062196 -0.087779 0.075065
v 0.062076 -0.087740 0.075159
v 0.062196 -0.086811 0.074621
v 0.062298 -0.086865 0.074515
v 0.062380 -0.086019 0.073881
v 0.062380 -0.086926 0.074396
v 0.062298 -0.085948 0.073994
v 0.062196 -0.085885 0.074095
v 0.062298 -0.085080 0.073395
v 0.062380 -0.085161 0.073288
v 0.062440 -0.085248 0.073173
v 0.062380 -0.084358 0.072624
v 0.062440 -0.084455 0.072516
v 0.062476 -0.084557 0.072403
v 0.062476 -0.083833 0.071689
v 0.062440 -0.083721 0.071793
v 0.062476 -0.083174 0.070914
v 0.062440 -0.083054 0.071008
v 0.062380 -0.083615 0.071891
v 0.062380 -0.082939 0.071097
v 0.062298 -0.083517 0.071982
v 0.062298 -0.084268 0.072723
v 0.062196 -0.085008 0.073490
v 0.062196 -0.084188 0.072811
v 0.062076 -0.084947 0.073572
v 0.062196 -0.083430 0.072063
v 0.062076 -0.084119 0.072887
v 0.062076 -0.083355 0.072133
v 0.061943 -0.084065 0.072948
v 0.061943 -0.084897 0.073637
v 0.061798 -0.084861 0.073685
v 0.061798 -0.085755 0.074302
v 0.061943 -0.085787 0.074251
v 0.062076 -0.085831 0.074181
v 0.061798 -0.086699 0.074838
v 0.061943 -0.086727 0.074785
v 0.061798 -0.087687 0.075291
v 0.061943 -0.087710 0.075235
v 0.062076 -0.086764 0.074712
v 0.061943 -0.088728 0.075598
v 0.061798 -0.088710 0.075655
v 0.061645 -0.088700 0.075690
v 0.061645 -0.089754 0.075965
v 0.061798 -0.089761 0.075929
v 0.061798 -0.090832 0.076111
v 0.061645 -0.090828 0.076147
v 0.061489 -0.090826 0.076159
v 0.061489 -0.091145 0.076195
v 0.061645 -0.091914 0.076234
v 0.061645 -0.093003 0.076227
v 0.061798 -0.091915 0.076198
v 0.061489 -0.091913 0.076247
v 0.032489 -0.091145 0.076195
v 0.032489 -0.091913 0.076247
v 0.061489 -0.092683 0.076251
v 0.032489 -0.092683 0.076251
v 0.061489 -0.093004 0.076239
v 0.032489 -0.093004 0.076239
v 0.061489 -0.094089 0.076137
v 0.032489 -0.094089 0.076137
v 0.061489 -0.094216 0.076119
v 0.061645 -0.094088 0.076125
v 0.061798 -0.093001 0.076190
v 0.032489 -0.094216 0.076119
v 0.061489 -0.095162 0.075940
v 0.032489 -0.095162 0.075940
v 0.061489 -0.095722 0.075798
v 0.032489 -0.095722 0.075798
v 0.061489 -0.096213 0.075651
v 0.032489 -0.096213 0.075651
v 0.032332 -0.096210 0.075639
v 0.032332 -0.095159 0.075928
v 0.032332 -0.094088 0.076125
v 0.032332 -0.093003 0.076227
v 0.032332 -0.091914 0.076234
v 0.032332 -0.090828 0.076147
v 0.032489 -0.090826 0.076159
v 0.032332 -0.089754 0.075965
v 0.032489 -0.089751 0.075977
v 0.032489 -0.089626 0.075950
v 0.061489 -0.089751 0.075977
v 0.061489 -0.089626 0.075950
v 0.061489 -0.088696 0.075702
v 0.032489 -0.088696 0.075702
v 0.032489 -0.088148 0.075520
v 0.032332 -0.088700 0.075690
v 0.032332 -0.087673 0.075325
v 0.032332 -0.086683 0.074871
v 0.032489 -0.086734 0.074911
v 0.032489 -0.087669 0.075336
v 0.061489 -0.087669 0.075336
v 0.061489 -0.088148 0.075520
v 0.061645 -0.087673 0.075325
v 0.061489 -0.086734 0.074911
v 0.061645 -0.086683 0.074871
v 0.061489 -0.086677 0.074882
v 0.061645 -0.085736 0.074333
v 0.061489 -0.085729 0.074343
v 0.061645 -0.084839 0.073714
v 0.061489 -0.084832 0.073724
v 0.061489 -0.085406 0.074134
v 0.032489 -0.084832 0.073724
v 0.032489 -0.085406 0.074134
v 0.032489 -0.085729 0.074343
v 0.032332 -0.085736 0.074333
v 0.032332 -0.084839 0.073714
v 0.032332 -0.084000 0.073019
v 0.032332 -0.083224 0.072254
v 0.032489 -0.083991 0.073029
v 0.032489 -0.084184 0.073199
v 0.032489 -0.083215 0.072263
v 0.032489 -0.083085 0.072121
v 0.061489 -0.083215 0.072263
v 0.061489 -0.083991 0.073029
v 0.061489 -0.084184 0.073199
v 0.061645 -0.084000 0.073019
v 0.061645 -0.083224 0.072254
v 0.061798 -0.083251 0.072230
v 0.061798 -0.082547 0.071402
v 0.061489 -0.082509 0.071432
v 0.061645 -0.082518 0.071425
v 0.061489 -0.083085 0.072121
v 0.032489 -0.082509 0.071432
v 0.032489 -0.082128 0.070916
v 0.032332 -0.082518 0.071425
v 0.032332 -0.081887 0.070537
v 0.032332 -0.081336 0.069597
v 0.032489 -0.081325 0.069603
v 0.032489 -0.081877 0.070543
v 0.061489 -0.081877 0.070543
v 0.061489 -0.082128 0.070916
v 0.061645 -0.081887 0.070537
v 0.061798 -0.081918 0.070517
v 0.061798 -0.081368 0.069580
v 0.061645 -0.081336 0.069597
v 0.061798 -0.080903 0.068598
v 0.061645 -0.080869 0.068613
v 0.061489 -0.081325 0.069603
v 0.061489 -0.080858 0.068617
v 0.032489 -0.080858 0.068617
v 0.032489 -0.080690 0.068201
v 0.032332 -0.080869 0.068613
v 0.032332 -0.080489 0.067592
v 0.032332 -0.080200 0.066541
v 0.032489 -0.080478 0.067595
v 0.032489 -0.080233 0.066731
v 0.061489 -0.080478 0.067595
v 0.061489 -0.080690 0.068201
v 0.032489 -0.080188 0.066544
v 0.032489 -0.079992 0.065471
v 0.032332 -0.080004 0.065470
v 0.032489 -0.079959 0.065217
v 0.032332 -0.079901 0.064385
v 0.032332 -0.079894 0.063296
v 0.032332 -0.079982 0.062210
v 0.032489 -0.079969 0.062208
v 0.032489 -0.079977 0.062145
v 0.061489 -0.079969 0.062208
v 0.061489 -0.079977 0.062145
v 0.061489 -0.080151 0.061133
v 0.032489 -0.080151 0.061133
v 0.032489 -0.080269 0.060634
v 0.032332 -0.080163 0.061136
v 0.032332 -0.080438 0.060081
v 0.032489 -0.080426 0.060078
v 0.032489 -0.080745 0.059170
v 0.032489 -0.080792 0.059051
v 0.061943 -0.080958 0.068575
v 0.062076 -0.081034 0.068543
v 0.062076 -0.080659 0.067537
v 0.061943 -0.081421 0.069552
v 0.062076 -0.081494 0.069513
v 0.061943 -0.081968 0.070484
v 0.062076 -0.082037 0.070440
v 0.061943 -0.082594 0.071365
v 0.062076 -0.082659 0.071315
v 0.061943 -0.083295 0.072189
v 0.061798 -0.084024 0.072992
v 0.062196 -0.082740 0.071252
v 0.062196 -0.082123 0.070384
v 0.062298 -0.082223 0.070319
v 0.062298 -0.081690 0.069410
v 0.062196 -0.081584 0.069466
v 0.062298 -0.081237 0.068457
v 0.062196 -0.081127 0.068504
v 0.062298 -0.080870 0.067469
v 0.062196 -0.080756 0.067505
v 0.062196 -0.080474 0.066479
v 0.062298 -0.080590 0.066452
v 0.062380 -0.080532 0.065396
v 0.062298 -0.080400 0.065415
v 0.062380 -0.080721 0.066422
v 0.062380 -0.080997 0.067428
v 0.062440 -0.080862 0.066390
v 0.062440 -0.080676 0.065377
v 0.062476 -0.080827 0.065356
v 0.062476 -0.080732 0.064343
v 0.062440 -0.080579 0.064351
v 0.062380 -0.080435 0.064358
v 0.062440 -0.080572 0.063321
v 0.062476 -0.080725 0.063326
v 0.062489 -0.080962 0.062332
v 0.062489 -0.080881 0.063332
v 0.062476 -0.080806 0.062313
v 0.062489 -0.081129 0.061343
v 0.062489 -0.090130 0.063577
v 0.062489 -0.090133 0.063959
v 0.062489 -0.080888 0.064335
v 0.062489 -0.080982 0.065334
v 0.062489 -0.090199 0.064334
v 0.062489 -0.081163 0.066321
v 0.062476 -0.081011 0.066356
v 0.062476 -0.081280 0.067336
v 0.062440 -0.081135 0.067383
v 0.062440 -0.081494 0.068349
v 0.062380 -0.081361 0.068405
v 0.062380 -0.081808 0.069347
v 0.062380 -0.082335 0.070247
v 0.062440 -0.081936 0.069279
v 0.062440 -0.082457 0.070168
v 0.062476 -0.081635 0.068289
v 0.062476 -0.082071 0.069208
v 0.062489 -0.081779 0.068228
v 0.062489 -0.082209 0.069135
v 0.062476 -0.082585 0.070085
v 0.062489 -0.082717 0.070000
v 0.062489 -0.090516 0.065026
v 0.062489 -0.083298 0.070818
v 0.062489 -0.090758 0.065321
v 0.062489 -0.083948 0.071582
v 0.062489 -0.084662 0.072287
v 0.062489 -0.091045 0.065572
v 0.062489 -0.085435 0.072926
v 0.062476 -0.085341 0.073051
v 0.062476 -0.086177 0.073629
v 0.062440 -0.086096 0.073758
v 0.062440 -0.086992 0.074267
v 0.062476 -0.087062 0.074131
v 0.062440 -0.087929 0.074696
v 0.062380 -0.087874 0.074830
v 0.062380 -0.088857 0.075180
v 0.062440 -0.088899 0.075042
v 0.062380 -0.089866 0.075443
v 0.062298 -0.089837 0.075574
v 0.062380 -0.090894 0.075617
v 0.062440 -0.089896 0.075302
v 0.062476 -0.088944 0.074896
v 0.062476 -0.089928 0.075152
v 0.062440 -0.090912 0.075473
v 0.062476 -0.090931 0.075322
v 0.062440 -0.091939 0.075556
v 0.062380 -0.091933 0.075701
v 0.062380 -0.092976 0.075694
v 0.062440 -0.092969 0.075549
v 0.062380 -0.094014 0.075596
v 0.062298 -0.094033 0.075729
v 0.062298 -0.095070 0.075538
v 0.062196 -0.095097 0.075655
v 0.062076 -0.096155 0.075469
v 0.062196 -0.096123 0.075372
v 0.062298 -0.096087 0.075259
v 0.062196 -0.097122 0.075001
v 0.062076 -0.097161 0.075095
v 0.061943 -0.098170 0.074707
v 0.062076 -0.098131 0.074634
v 0.061943 -0.097193 0.075170
v 0.061798 -0.098198 0.074760
v 0.062196 -0.098084 0.074544
v 0.062076 -0.099058 0.074091
v 0.062298 -0.098028 0.074439
v 0.062298 -0.097075 0.074891
v 0.062380 -0.097023 0.074768
v 0.062380 -0.096045 0.075131
v 0.062440 -0.096001 0.074993
v 0.062440 -0.095008 0.075267
v 0.062380 -0.095040 0.075408
v 0.062440 -0.093994 0.075452
v 0.062476 -0.092961 0.075397
v 0.062476 -0.093974 0.075301
v 0.062476 -0.094974 0.075118
v 0.062489 -0.093952 0.075146
v 0.062489 -0.092953 0.075241
v 0.062489 -0.092481 0.066003
v 0.062489 -0.091950 0.075247
v 0.062489 -0.090950 0.075167
v 0.062489 -0.092290 0.066004
v 0.062476 -0.091944 0.075404
v 0.062489 -0.092100 0.065989
v 0.063489 -0.092481 0.066003
v 0.063489 -0.092290 0.066004
v 0.063489 -0.092100 0.065989
v 0.063489 -0.091727 0.065910
v 0.063489 -0.092282 0.064500
v 0.062489 -0.091727 0.065910
v 0.062489 -0.088990 0.074746
v 0.062489 -0.089961 0.074999
v 0.062489 -0.091372 0.065770
v 0.062489 -0.088045 0.074410
v 0.062489 -0.087133 0.073992
v 0.062476 -0.087986 0.074555
v 0.062489 -0.086261 0.073496
v 0.063489 -0.092860 0.065952
v 0.062489 -0.092860 0.065952
v 0.062489 -0.093224 0.065838
v 0.062489 -0.095906 0.074699
v 0.062489 -0.094939 0.074965
v 0.062476 -0.095954 0.074848
v 0.062476 -0.096907 0.074494
v 0.062440 -0.096967 0.074634
v 0.062380 -0.097965 0.074321
v 0.062440 -0.097897 0.074193
v 0.062440 -0.098786 0.073671
v 0.062476 -0.097826 0.074058
v 0.062489 -0.097753 0.073919
v 0.062489 -0.096847 0.074350
v 0.063489 -0.093224 0.065838
v 0.063489 -0.092770 0.064392
v 0.063489 -0.093564 0.065665
v 0.063489 -0.092657 0.064450
v 0.063489 -0.092872 0.064315
v 0.063489 -0.093869 0.065436
v 0.063489 -0.090516 0.065026
v 0.063489 -0.090328 0.064694
v 0.062489 -0.090328 0.064694
v 0.062489 -0.081429 0.067288
v 0.062298 -0.082834 0.071179
v 0.063489 -0.090193 0.063201
v 0.062380 -0.080427 0.063315
v 0.062298 -0.080301 0.064365
v 0.032489 -0.086677 0.074882
v 0.062489 -0.091957 0.063478
v 0.062489 -0.092010 0.063411
v 0.062489 -0.091829 0.063239
v 0.063489 -0.091829 0.063239
v 0.062489 -0.091924 0.063155
v 0.062489 -0.092032 0.063088
v 0.062489 -0.092074 0.063355
v 0.062489 -0.092146 0.063310
v 0.062489 -0.092224 0.063278
v 0.062489 -0.092149 0.063039
v 0.062489 -0.092274 0.063012
v 0.062489 -0.092307 0.063260
v 0.062489 -0.092401 0.063006
v 0.061943 -0.079991 0.063299
v 0.061489 -0.082214 0.056472
v 0.032489 -0.082214 0.056472
v 0.032035 -0.103403 0.069402
v 0.032180 -0.102920 0.070373
v 0.032180 -0.103456 0.069429
v 0.032332 -0.103489 0.069446
v 0.032332 -0.102951 0.070393
v 0.032489 -0.102342 0.071297
v 0.032332 -0.102332 0.071290
v 0.032489 -0.102961 0.070399
v 0.061489 -0.103500 0.069451
v 0.032489 -0.103500 0.069451
v 0.032489 -0.103697 0.069048
v 0.032489 -0.103954 0.068460
v 0.031489 -0.080962 0.062332
v 0.031489 -0.081129 0.061343
v 0.031501 -0.080976 0.061310
v 0.031537 -0.081087 0.060281
v 0.031501 -0.081233 0.060326
v 0.031537 -0.081433 0.059311
v 0.031501 -0.081574 0.059368
v 0.031489 -0.081382 0.060372
v 0.031489 -0.081719 0.059427
v 0.031489 -0.082137 0.058515
v 0.031501 -0.081997 0.058444
v 0.031537 -0.082371 0.057478
v 0.031537 -0.081862 0.058374
v 0.031598 -0.082248 0.057401
v 0.031598 -0.081732 0.058308
v 0.031680 -0.082134 0.057330
v 0.031680 -0.081613 0.058247
v 0.031598 -0.081298 0.059256
v 0.031781 -0.082033 0.057267
v 0.031901 -0.082557 0.056329
v 0.031781 -0.082638 0.056390
v 0.031901 -0.083242 0.055502
v 0.031781 -0.083317 0.055570
v 0.031680 -0.082733 0.056462
v 0.031680 -0.083406 0.055650
v 0.031598 -0.082840 0.056543
v 0.031781 -0.084065 0.054812
v 0.031901 -0.084814 0.054041
v 0.031901 -0.083996 0.054737
v 0.032035 -0.084763 0.053976
v 0.032035 -0.083940 0.054677
v 0.032180 -0.084726 0.053929
v 0.032180 -0.083899 0.054633
v 0.032035 -0.083181 0.055447
v 0.032332 -0.084704 0.053900
v 0.032489 -0.084298 0.054214
v 0.032332 -0.085592 0.053269
v 0.032489 -0.085531 0.053294
v 0.032489 -0.084696 0.053890
v 0.061489 -0.084696 0.053890
v 0.061489 -0.084298 0.054214
v 0.061645 -0.084704 0.053900
v 0.061645 -0.085592 0.053269
v 0.061489 -0.085531 0.053294
v 0.061489 -0.085585 0.053259
v 0.032489 -0.085585 0.053259
v 0.032489 -0.086526 0.052707
v 0.061489 -0.086526 0.052707
v 0.032332 -0.086532 0.052718
v 0.032489 -0.086869 0.052532
v 0.032489 -0.087511 0.052240
v 0.061489 -0.086869 0.052532
v 0.032332 -0.087516 0.052251
v 0.032180 -0.086549 0.052750
v 0.032180 -0.085612 0.053300
v 0.032035 -0.085644 0.053350
v 0.061489 -0.087511 0.052240
v 0.061645 -0.086532 0.052718
v 0.061645 -0.087516 0.052251
v 0.061798 -0.086549 0.052750
v 0.061798 -0.087530 0.052285
v 0.061943 -0.087553 0.052340
v 0.061798 -0.088548 0.051906
v 0.061943 -0.088567 0.051963
v 0.062076 -0.089627 0.051756
v 0.061943 -0.089609 0.051677
v 0.062076 -0.088592 0.052041
v 0.062196 -0.089650 0.051856
v 0.062196 -0.088623 0.052138
v 0.062298 -0.089676 0.051972
v 0.062298 -0.088660 0.052252
v 0.062380 -0.088701 0.052379
v 0.062380 -0.089706 0.052103
v 0.062440 -0.089739 0.052244
v 0.062440 -0.090752 0.052058
v 0.062380 -0.090732 0.051914
v 0.062298 -0.090714 0.051782
v 0.062380 -0.091770 0.051817
v 0.062440 -0.091778 0.051961
v 0.062476 -0.091785 0.052114
v 0.062476 -0.092802 0.052107
v 0.062440 -0.092808 0.051954
v 0.062476 -0.093816 0.052188
v 0.062440 -0.093835 0.052037
v 0.062380 -0.092813 0.051809
v 0.062298 -0.091764 0.051683
v 0.062380 -0.093853 0.051893
v 0.062298 -0.092818 0.051676
v 0.062196 -0.091758 0.051564
v 0.062196 -0.092822 0.051556
v 0.062298 -0.093869 0.051760
v 0.062380 -0.094881 0.052067
v 0.062298 -0.094909 0.051936
v 0.062196 -0.093884 0.051642
v 0.062196 -0.094934 0.051820
v 0.062076 -0.093897 0.051541
v 0.062076 -0.092826 0.051455
v 0.062076 -0.091752 0.051462
v 0.062076 -0.090683 0.051563
v 0.062196 -0.090697 0.051664
v 0.062076 -0.094955 0.051720
v 0.062196 -0.095964 0.052088
v 0.062298 -0.096923 0.052556
v 0.062298 -0.095929 0.052202
v 0.062380 -0.095890 0.052330
v 0.062380 -0.096872 0.052680
v 0.062440 -0.096818 0.052815
v 0.062440 -0.097754 0.053244
v 0.062380 -0.097821 0.053115
v 0.062298 -0.097881 0.052995
v 0.062380 -0.098727 0.053630
v 0.062440 -0.098650 0.053753
v 0.062476 -0.098569 0.053882
v 0.062476 -0.099406 0.054459
v 0.062440 -0.099498 0.054338
v 0.062380 -0.099586 0.054222
v 0.062440 -0.100292 0.054995
v 0.062476 -0.100189 0.055108
v 0.062489 -0.100799 0.055928
v 0.062489 -0.100085 0.055224
v 0.062476 -0.100913 0.055822
v 0.062440 -0.101025 0.055718
v 0.062476 -0.101572 0.056596
v 0.062489 -0.101449 0.056692
v 0.062489 -0.094116 0.062332
v 0.062489 -0.102030 0.057510
v 0.062489 -0.094331 0.062647
v 0.062489 -0.102537 0.058376
v 0.062476 -0.102161 0.057425
v 0.062476 -0.102676 0.058303
v 0.062476 -0.103112 0.059221
v 0.062489 -0.102967 0.059282
v 0.062489 -0.094490 0.062994
v 0.062489 -0.103317 0.060222
v 0.062489 -0.103583 0.061190
v 0.062476 -0.103466 0.060174
v 0.062476 -0.103736 0.061155
v 0.062440 -0.103611 0.060128
v 0.062440 -0.103252 0.059162
v 0.062380 -0.103386 0.059105
v 0.062380 -0.103749 0.060083
v 0.062298 -0.103509 0.059053
v 0.062196 -0.103162 0.058045
v 0.062440 -0.103885 0.061121
v 0.062476 -0.103919 0.062155
v 0.062489 -0.103764 0.062176
v 0.063489 -0.094490 0.062994
v 0.063489 -0.094589 0.063363
v 0.063489 -0.093079 0.063501
v 0.063489 -0.093026 0.063386
v 0.062489 -0.093026 0.063386
v 0.062489 -0.093079 0.063501
v 0.062489 -0.092808 0.063509
v 0.062489 -0.092760 0.063439
v 0.062489 -0.092702 0.063378
v 0.062489 -0.092954 0.063281
v 0.063489 -0.094331 0.062647
v 0.062476 -0.097685 0.053379
v 0.062476 -0.096760 0.052956
v 0.062476 -0.095802 0.052615
v 0.062440 -0.095847 0.052469
v 0.062440 -0.094850 0.052209
v 0.062476 -0.094819 0.052358
v 0.062489 -0.094786 0.052511
v 0.062489 -0.093796 0.052344
v 0.062489 -0.092796 0.052263
v 0.062476 -0.090773 0.052209
v 0.062476 -0.089773 0.052393
v 0.062476 -0.088792 0.052663
v 0.062440 -0.088746 0.052517
v 0.062440 -0.087780 0.052876
v 0.062380 -0.087723 0.052743
v 0.062476 -0.087839 0.053017
v 0.062476 -0.086920 0.053453
v 0.062489 -0.086994 0.053591
v 0.061489 -0.088290 0.051941
v 0.032489 -0.088290 0.051941
v 0.032489 -0.083866 0.054597
v 0.031489 -0.087900 0.053161
v 0.019989 -0.064873 0.063755
v 0.019953 -0.064873 0.063333
v 0.019989 -0.062373 0.063755
v 0.019953 -0.064873 0.064178
v 0.019953 -0.062373 0.064178
v 0.029818 -0.064873 0.061698
v 0.029989 -0.064873 0.063755
v 0.029946 -0.079916 0.062723
v 0.029989 -0.079873 0.063755
v 0.029818 -0.064873 0.065813
v 0.029311 -0.064873 0.067814
v 0.029818 -0.080044 0.065813
v 0.029946 -0.079916 0.064788
v 0.019846 -0.064873 0.064588
v 0.019671 -0.064873 0.064975
v 0.019671 -0.062373 0.064975
v 0.019846 -0.062373 0.064588
v 0.031003 -0.062373 0.070264
v 0.031822 -0.062373 0.068177
v 0.032113 -0.077749 0.067093
v 0.031452 -0.078410 0.069235
v 0.031822 -0.078040 0.068177
v 0.032321 -0.062373 0.065991
v 0.032489 -0.062373 0.063755
v 0.032447 -0.077415 0.064876
v 0.032321 -0.077541 0.065991
v 0.062489 -0.078040 0.068177
v 0.062489 -0.077541 0.065991
v 0.062489 -0.077373 0.063755
v 0.062489 -0.080044 0.065813
v 0.062489 -0.080551 0.067814
v 0.032489 -0.077373 0.063755
v 0.032321 -0.062373 0.061520
v 0.032447 -0.077415 0.062634
v 0.032321 -0.077541 0.061520
v 0.062489 -0.077541 0.061520
v 0.032113 -0.077749 0.060417
v 0.062489 -0.078040 0.059334
v 0.062489 -0.080044 0.061698
v 0.062489 -0.079873 0.063755
v 0.062489 -0.080551 0.059697
v 0.029818 -0.080044 0.061698
v 0.029606 -0.080256 0.060687
v 0.029311 -0.080551 0.059697
v 0.029311 -0.064873 0.059697
v 0.019846 -0.064873 0.062922
v 0.028482 -0.064873 0.057806
v 0.028936 -0.080926 0.058734
v 0.062489 -0.081380 0.057806
v 0.028482 -0.081380 0.057806
v 0.027953 -0.081909 0.056918
v 0.062489 -0.082509 0.056078
v 0.062489 -0.079980 0.055305
v 0.062489 -0.083907 0.054559
v 0.062489 -0.081377 0.053553
v 0.027353 -0.082509 0.056078
v 0.026685 -0.083177 0.055289
v 0.027353 -0.064873 0.056078
v 0.019434 -0.064873 0.062185
v 0.025955 -0.064873 0.054559
v 0.019671 -0.064873 0.062536
v 0.019846 -0.062373 0.062922
v 0.019671 -0.062373 0.062536
v 0.019434 -0.062373 0.062185
v 0.029882 -0.062373 0.055305
v 0.031822 -0.062373 0.059334
v 0.031003 -0.062373 0.057247
v 0.031003 -0.078859 0.057247
v 0.031822 -0.078040 0.059334
v 0.031452 -0.078410 0.058275
v 0.062489 -0.078859 0.057247
v 0.030479 -0.079383 0.056255
v 0.029882 -0.079980 0.055305
v 0.028484 -0.062373 0.053553
v 0.029216 -0.080646 0.054403
v 0.028484 -0.081377 0.053553
v 0.026841 -0.062373 0.052028
v 0.027691 -0.082171 0.052760
v 0.026841 -0.083021 0.052028
v 0.062489 -0.083021 0.052028
v 0.062489 -0.084873 0.050765
v 0.025938 -0.083924 0.051362
v 0.024989 -0.062373 0.050765
v 0.024989 -0.084873 0.050765
v 0.022969 -0.062373 0.049792
v 0.023997 -0.085865 0.050241
v 0.022969 -0.086893 0.049792
v 0.062489 -0.086893 0.049792
v 0.021910 -0.087952 0.049422
v 0.062489 -0.089035 0.049131
v 0.062489 -0.087352 0.052308
v 0.062489 -0.085536 0.053291
v 0.025955 -0.083907 0.054559
v 0.025166 -0.084696 0.053891
v 0.024325 -0.085536 0.053291
v 0.024325 -0.064873 0.053291
v 0.023438 -0.086424 0.052762
v 0.022510 -0.064873 0.052308
v 0.022510 -0.087352 0.052308
v 0.062489 -0.089305 0.051638
v 0.021547 -0.088314 0.051933
v 0.020557 -0.064873 0.051638
v 0.020557 -0.089305 0.051638
v 0.019546 -0.090316 0.051426
v 0.062489 -0.091341 0.051298
v 0.062489 -0.093494 0.048797
v 0.062489 -0.091252 0.048797
v 0.062489 -0.093405 0.051298
v 0.018521 -0.093405 0.051298
v 0.018521 -0.091341 0.051298
v 0.017489 -0.092373 0.051255
v 0.018521 -0.064873 0.051298
v 0.018015 -0.064873 0.061311
v 0.017595 -0.064873 0.061257
v 0.016456 -0.064873 0.051298
v 0.014420 -0.119873 0.051638
v 0.014420 -0.064873 0.051638
v 0.017171 -0.064873 0.061275
v 0.016456 -0.119873 0.051298
v 0.017171 -0.119873 0.061275
v 0.016756 -0.119873 0.061365
v 0.018521 -0.119873 0.051298
v 0.020557 -0.119873 0.051638
v 0.020557 -0.095442 0.051638
v 0.019546 -0.094431 0.051426
v 0.017595 -0.119873 0.061257
v 0.017171 -0.122373 0.061275
v 0.017595 -0.122373 0.061257
v 0.018015 -0.119873 0.061311
v 0.018421 -0.119873 0.061436
v 0.018015 -0.122373 0.061311
v 0.022510 -0.119873 0.052308
v 0.022510 -0.097394 0.052308
v 0.024325 -0.119873 0.053291
v 0.024325 -0.099210 0.053291
v 0.023438 -0.098323 0.052762
v 0.062489 -0.099210 0.053291
v 0.062489 -0.097394 0.052308
v 0.062489 -0.097853 0.049792
v 0.062489 -0.099873 0.050765
v 0.062489 -0.095442 0.051638
v 0.021547 -0.096432 0.051933
v 0.062489 -0.095711 0.049131
v 0.022969 -0.097853 0.049792
v 0.021910 -0.096795 0.049422
v 0.020826 -0.095711 0.049131
v 0.020826 -0.122373 0.049131
v 0.019724 -0.094609 0.048923
v 0.018610 -0.122373 0.048797
v 0.018610 -0.093494 0.048797
v 0.017489 -0.092373 0.048755
v 0.018610 -0.091252 0.048797
v 0.016368 -0.062373 0.048797
v 0.019724 -0.090138 0.048923
v 0.018610 -0.062373 0.048797
v 0.017595 -0.062373 0.061257
v 0.020826 -0.089035 0.049131
v 0.020826 -0.062373 0.049131
v 0.017171 -0.062373 0.061275
v 0.016756 -0.064873 0.061365
v 0.016756 -0.062373 0.061365
v 0.016363 -0.064873 0.061523
v 0.016363 -0.062373 0.061523
v 0.014151 -0.062373 0.049131
v 0.012008 -0.062373 0.049792
v 0.012008 -0.122373 0.049792
v 0.009989 -0.122373 0.050765
v 0.009989 -0.062373 0.050765
v 0.016002 -0.062373 0.061745
v 0.008136 -0.122373 0.052028
v 0.008136 -0.062373 0.052028
v 0.006493 -0.122373 0.053553
v 0.006493 -0.062373 0.053553
v 0.015684 -0.062373 0.062025
v 0.015684 -0.064873 0.062025
v 0.015417 -0.064873 0.062355
v 0.015417 -0.062373 0.062355
v 0.015210 -0.064873 0.062726
v 0.015210 -0.062373 0.062726
v 0.005095 -0.062373 0.055305
v 0.005095 -0.122373 0.055305
v 0.003974 -0.122373 0.057247
v 0.003974 -0.062373 0.057247
v 0.015069 -0.062373 0.063125
v 0.003155 -0.122373 0.059334
v 0.003155 -0.062373 0.059334
v 0.002656 -0.122373 0.061520
v 0.002656 -0.062373 0.061520
v 0.014998 -0.062373 0.063543
v 0.014998 -0.064873 0.063543
v 0.014998 -0.064873 0.063967
v 0.014998 -0.062373 0.063967
v 0.002489 -0.062373 0.063755
v 0.002489 -0.122373 0.063755
v 0.002656 -0.122373 0.065991
v 0.002656 -0.062373 0.065991
v 0.015069 -0.062373 0.064385
v 0.003155 -0.122373 0.068177
v 0.003155 -0.062373 0.068177
v 0.003974 -0.122373 0.070264
v 0.003974 -0.062373 0.070264
v 0.015210 -0.062373 0.064785
v 0.015210 -0.064873 0.064785
v 0.015417 -0.064873 0.065155
v 0.015417 -0.062373 0.065155
v 0.015684 -0.064873 0.065485
v 0.015684 -0.062373 0.065485
v 0.005095 -0.062373 0.072205
v 0.005095 -0.122373 0.072205
v 0.006493 -0.122373 0.073958
v 0.006493 -0.062373 0.073958
v 0.016002 -0.062373 0.065765
v 0.008136 -0.122373 0.075483
v 0.008136 -0.062373 0.075483
v 0.009989 -0.122373 0.076746
v 0.009989 -0.062373 0.076746
v 0.016363 -0.062373 0.065988
v 0.016363 -0.064873 0.065988
v 0.016756 -0.064873 0.066146
v 0.016756 -0.062373 0.066146
v 0.012008 -0.062373 0.077718
v 0.012008 -0.122373 0.077718
v 0.014151 -0.122373 0.078379
v 0.014151 -0.062373 0.078379
v 0.016368 -0.122373 0.078713
v 0.016368 -0.062373 0.078713
v 0.017171 -0.062373 0.066235
v 0.017171 -0.064873 0.066235
v 0.017595 -0.064873 0.066253
v 0.017595 -0.062373 0.066253
v 0.018015 -0.064873 0.066199
v 0.018015 -0.062373 0.066199
v 0.018610 -0.062373 0.078713
v 0.019724 -0.090138 0.078588
v 0.017489 -0.092373 0.078755
v 0.018610 -0.091252 0.078713
v 0.020826 -0.062373 0.078379
v 0.022969 -0.062373 0.077718
v 0.018421 -0.062373 0.066075
v 0.021910 -0.087952 0.078089
v 0.020826 -0.089035 0.078379
v 0.062489 -0.091252 0.078713
v 0.062489 -0.089035 0.078379
v 0.022969 -0.086893 0.077718
v 0.062489 -0.086893 0.077718
v 0.062489 -0.089305 0.075873
v 0.062489 -0.091341 0.076213
v 0.062489 -0.093405 0.076213
v 0.018521 -0.091341 0.076213
v 0.019546 -0.090316 0.076085
v 0.018521 -0.064873 0.076213
v 0.020557 -0.089305 0.075873
v 0.020557 -0.064873 0.075873
v 0.021547 -0.088314 0.075578
v 0.022510 -0.087352 0.075202
v 0.062489 -0.087352 0.075202
v 0.062489 -0.085536 0.074220
v 0.062489 -0.084873 0.076746
v 0.023438 -0.086424 0.074749
v 0.022510 -0.064873 0.075202
v 0.024325 -0.085536 0.074220
v 0.024325 -0.064873 0.074220
v 0.025166 -0.084696 0.073619
v 0.025955 -0.083907 0.072952
v 0.062489 -0.083907 0.072952
v 0.062489 -0.083021 0.075483
v 0.062489 -0.081377 0.073958
v 0.062489 -0.082509 0.071433
v 0.026685 -0.083177 0.072221
v 0.025955 -0.064873 0.072952
v 0.027353 -0.082509 0.071433
v 0.027953 -0.081909 0.070592
v 0.027353 -0.064873 0.071433
v 0.019140 -0.064873 0.065632
v 0.019434 -0.064873 0.065326
v 0.028482 -0.081380 0.069705
v 0.028482 -0.064873 0.069705
v 0.029311 -0.080551 0.067814
v 0.028936 -0.080926 0.068776
v 0.062489 -0.081380 0.069705
v 0.062489 -0.078859 0.070264
v 0.031003 -0.078859 0.070264
v 0.062489 -0.079980 0.072205
v 0.030479 -0.079383 0.071255
v 0.029882 -0.079980 0.072205
v 0.029216 -0.080646 0.073108
v 0.029882 -0.062373 0.072205
v 0.019434 -0.062373 0.065326
v 0.028484 -0.062373 0.073958
v 0.026841 -0.062373 0.075483
v 0.027691 -0.082171 0.074751
v 0.028484 -0.081377 0.073958
v 0.026841 -0.083021 0.075483
v 0.025938 -0.083924 0.076149
v 0.024989 -0.062373 0.076746
v 0.024989 -0.084873 0.076746
v 0.023997 -0.085865 0.077270
v 0.019140 -0.062373 0.065632
v 0.018799 -0.062373 0.065884
v 0.018799 -0.064873 0.065884
v 0.018421 -0.064873 0.066075
v 0.029606 -0.080256 0.066824
v 0.016456 -0.064873 0.076213
v 0.016456 -0.119873 0.076213
v 0.014420 -0.064873 0.075873
v 0.017489 -0.092373 0.076255
v 0.018521 -0.093405 0.076213
v 0.018521 -0.119873 0.076213
v 0.017595 -0.119873 0.066253
v 0.018015 -0.119873 0.066199
v 0.019546 -0.094431 0.076085
v 0.020557 -0.119873 0.075873
v 0.022510 -0.119873 0.075202
v 0.021547 -0.096432 0.075578
v 0.020557 -0.095442 0.075873
v 0.018421 -0.119873 0.066075
v 0.018799 -0.122373 0.065884
v 0.018799 -0.119873 0.065884
v 0.018421 -0.122373 0.066075
v 0.022969 -0.122373 0.077718
v 0.024989 -0.122373 0.076746
v 0.018015 -0.122373 0.066199
v 0.020826 -0.122373 0.078379
v 0.017595 -0.122373 0.066253
v 0.017171 -0.122373 0.066235
v 0.017171 -0.119873 0.066235
v 0.018610 -0.122373 0.078713
v 0.020826 -0.095711 0.078379
v 0.018610 -0.093494 0.078713
v 0.019724 -0.094609 0.078588
v 0.062489 -0.093494 0.078713
v 0.062489 -0.095711 0.078379
v 0.021910 -0.096795 0.078089
v 0.062489 -0.097853 0.077718
v 0.062489 -0.095442 0.075873
v 0.062489 -0.097394 0.075202
v 0.062489 -0.099210 0.074220
v 0.022510 -0.097394 0.075202
v 0.024325 -0.099210 0.074220
v 0.023438 -0.098323 0.074749
v 0.024325 -0.119873 0.074220
v 0.025955 -0.119873 0.072952
v 0.025166 -0.100051 0.073619
v 0.019140 -0.119873 0.065632
v 0.019434 -0.122373 0.065326
v 0.019140 -0.122373 0.065632
v 0.019434 -0.119873 0.065326
v 0.019671 -0.119873 0.064975
v 0.027353 -0.119873 0.071433
v 0.019671 -0.122373 0.064975
v 0.031003 -0.122373 0.070264
v 0.019846 -0.122373 0.064588
v 0.031822 -0.122373 0.068177
v 0.029882 -0.122373 0.072205
v 0.028484 -0.122373 0.073958
v 0.031003 -0.105888 0.070264
v 0.030479 -0.105364 0.071255
v 0.029882 -0.104767 0.072205
v 0.029216 -0.104101 0.073108
v 0.062489 -0.104767 0.072205
v 0.062489 -0.105888 0.070264
v 0.062489 -0.103369 0.073958
v 0.062489 -0.102237 0.071433
v 0.062489 -0.103367 0.069705
v 0.062489 -0.104196 0.067814
v 0.028482 -0.103367 0.069705
v 0.029311 -0.104196 0.067814
v 0.028936 -0.103820 0.068776
v 0.029311 -0.119873 0.067814
v 0.028482 -0.119873 0.069705
v 0.019846 -0.119873 0.064588
v 0.027953 -0.102838 0.070592
v 0.027353 -0.102237 0.071433
v 0.026685 -0.101570 0.072221
v 0.062489 -0.100839 0.072952
v 0.062489 -0.099873 0.076746
v 0.025955 -0.100839 0.072952
v 0.062489 -0.101726 0.075483
v 0.027691 -0.102576 0.074751
v 0.026841 -0.101726 0.075483
v 0.025938 -0.100823 0.076149
v 0.024989 -0.099873 0.076746
v 0.023997 -0.098882 0.077270
v 0.022969 -0.097853 0.077718
v 0.026841 -0.122373 0.075483
v 0.028484 -0.103369 0.073958
v 0.019953 -0.119873 0.064178
v 0.019953 -0.122373 0.064178
v 0.032489 -0.122373 0.063755
v 0.032321 -0.122373 0.065991
v 0.019989 -0.122373 0.063755
v 0.032321 -0.122373 0.061520
v 0.019953 -0.122373 0.063333
v 0.019989 -0.119873 0.063755
v 0.019953 -0.119873 0.063333
v 0.029818 -0.119873 0.065813
v 0.029989 -0.119873 0.063755
v 0.029818 -0.119873 0.061698
v 0.029946 -0.104831 0.064788
v 0.029989 -0.104873 0.063755
v 0.029946 -0.104831 0.062723
v 0.062489 -0.104703 0.065813
v 0.062489 -0.104873 0.063755
v 0.062489 -0.107206 0.065991
v 0.062489 -0.107373 0.063755
v 0.062489 -0.104703 0.061698
v 0.062489 -0.107206 0.061520
v 0.062489 -0.104196 0.059697
v 0.029818 -0.104703 0.061698
v 0.029606 -0.104491 0.060687
v 0.029311 -0.104196 0.059697
v 0.029311 -0.119873 0.059697
v 0.019846 -0.119873 0.062922
v 0.028482 -0.119873 0.057806
v 0.019671 -0.119873 0.062536
v 0.019434 -0.119873 0.062185
v 0.019671 -0.122373 0.062536
v 0.019434 -0.122373 0.062185
v 0.028484 -0.122373 0.053553
v 0.019140 -0.122373 0.061879
v 0.026841 -0.122373 0.052028
v 0.029882 -0.122373 0.055305
v 0.031003 -0.122373 0.057247
v 0.030479 -0.105364 0.056255
v 0.029882 -0.104767 0.055305
v 0.029216 -0.104101 0.054403
v 0.028484 -0.103369 0.053553
v 0.062489 -0.103369 0.053553
v 0.062489 -0.101726 0.052028
v 0.062489 -0.104767 0.055305
v 0.062489 -0.102237 0.056078
v 0.062489 -0.100839 0.054559
v 0.026685 -0.101570 0.055289
v 0.025955 -0.100839 0.054559
v 0.025166 -0.100051 0.053891
v 0.025955 -0.119873 0.054559
v 0.027353 -0.119873 0.056078
v 0.027353 -0.102237 0.056078
v 0.019140 -0.119873 0.061879
v 0.018799 -0.119873 0.061626
v 0.018421 -0.122373 0.061436
v 0.018799 -0.122373 0.061626
v 0.022969 -0.122373 0.049792
v 0.024989 -0.122373 0.050765
v 0.025938 -0.100823 0.051362
v 0.024989 -0.099873 0.050765
v 0.023997 -0.098882 0.050241
v 0.026841 -0.101726 0.052028
v 0.027691 -0.102576 0.052760
v 0.027953 -0.102838 0.056918
v 0.028482 -0.103367 0.057806
v 0.062489 -0.103367 0.057806
v 0.062489 -0.105888 0.057247
v 0.028936 -0.103820 0.058734
v 0.062489 -0.106707 0.059334
v 0.031822 -0.106707 0.059334
v 0.032321 -0.107206 0.061520
v 0.032113 -0.106997 0.060417
v 0.031822 -0.122373 0.059334
v 0.031452 -0.106336 0.058275
v 0.019846 -0.122373 0.062922
v 0.031003 -0.105888 0.057247
v 0.032447 -0.107331 0.062634
v 0.032489 -0.107373 0.063755
v 0.032447 -0.107331 0.064876
v 0.032321 -0.107206 0.065991
v 0.032113 -0.106997 0.067093
v 0.031822 -0.106707 0.068177
v 0.062489 -0.106707 0.068177
v 0.031452 -0.106336 0.069235
v 0.029818 -0.104703 0.065813
v 0.029606 -0.104491 0.066824
v 0.016756 -0.119873 0.066146
v 0.014420 -0.119873 0.075873
v 0.012467 -0.119873 0.075202
v 0.012467 -0.064873 0.075202
v 0.016002 -0.064873 0.065765
v 0.010652 -0.064873 0.074220
v 0.009023 -0.064873 0.072952
v 0.010652 -0.119873 0.074220
v 0.016363 -0.119873 0.065988
v 0.009023 -0.119873 0.072952
v 0.016002 -0.119873 0.065765
v 0.016363 -0.122373 0.065988
v 0.016002 -0.122373 0.065765
v 0.015684 -0.119873 0.065485
v 0.015684 -0.122373 0.065485
v 0.015417 -0.119873 0.065155
v 0.007624 -0.119873 0.071433
v 0.006495 -0.119873 0.069705
v 0.006495 -0.064873 0.069705
v 0.007624 -0.064873 0.071433
v 0.015069 -0.064873 0.064385
v 0.005666 -0.064873 0.067814
v 0.005159 -0.064873 0.065813
v 0.005666 -0.119873 0.067814
v 0.015069 -0.119873 0.064385
v 0.005159 -0.119873 0.065813
v 0.015210 -0.119873 0.064785
v 0.015417 -0.122373 0.065155
v 0.015210 -0.122373 0.064785
v 0.015069 -0.122373 0.064385
v 0.014998 -0.122373 0.063967
v 0.014998 -0.119873 0.063967
v 0.014998 -0.119873 0.063543
v 0.004989 -0.119873 0.063755
v 0.005159 -0.119873 0.061698
v 0.005159 -0.064873 0.061698
v 0.004989 -0.064873 0.063755
v 0.015069 -0.064873 0.063125
v 0.005666 -0.064873 0.059697
v 0.006495 -0.064873 0.057806
v 0.005666 -0.119873 0.059697
v 0.015069 -0.119873 0.063125
v 0.006495 -0.119873 0.057806
v 0.007624 -0.119873 0.056078
v 0.007624 -0.064873 0.056078
v 0.015210 -0.119873 0.062726
v 0.015417 -0.119873 0.062355
v 0.015069 -0.122373 0.063125
v 0.015210 -0.122373 0.062726
v 0.015417 -0.122373 0.062355
v 0.015684 -0.122373 0.062025
v 0.015684 -0.119873 0.062025
v 0.016002 -0.119873 0.061745
v 0.010652 -0.119873 0.053291
v 0.009023 -0.119873 0.054559
v 0.009023 -0.064873 0.054559
v 0.010652 -0.064873 0.053291
v 0.016002 -0.064873 0.061745
v 0.012467 -0.064873 0.052308
v 0.012467 -0.119873 0.052308
v 0.016363 -0.119873 0.061523
v 0.016002 -0.122373 0.061745
v 0.016363 -0.122373 0.061523
v 0.016756 -0.122373 0.061365
v 0.014151 -0.122373 0.049131
v 0.016368 -0.122373 0.048797
v 0.014998 -0.122373 0.063543
v 0.016756 -0.122373 0.066146
v 0.018015 -0.062373 0.061311
v 0.018421 -0.062373 0.061436
v 0.018799 -0.062373 0.061626
v 0.018421 -0.064873 0.061436
v 0.018799 -0.064873 0.061626
v 0.019140 -0.064873 0.061879
v 0.019140 -0.062373 0.061879
v 0.019953 -0.062373 0.063333
v 0.062489 -0.097373 0.063755
v 0.062489 -0.097312 0.064537
v 0.092489 -0.097312 0.064537
v 0.062489 -0.097312 0.062973
v 0.092489 -0.097373 0.063755
v 0.062489 -0.092873 0.063755
v 0.062489 -0.092866 0.063840
v 0.092489 -0.092845 0.063922
v 0.062489 -0.092845 0.063922
v 0.092489 -0.092866 0.063840
v 0.092489 -0.097128 0.065300
v 0.092489 -0.092873 0.063755
v 0.092489 -0.092866 0.063671
v 0.062489 -0.092866 0.063671
v 0.062489 -0.092845 0.063589
v 0.062489 -0.097128 0.062210
v 0.092489 -0.097128 0.062210
v 0.092489 -0.097312 0.062973
v 0.062489 -0.096828 0.061485
v 0.062489 -0.096418 0.060816
v 0.092489 -0.096828 0.061485
v 0.062489 -0.092810 0.063511
v 0.062489 -0.092762 0.063441
v 0.092489 -0.092845 0.063589
v 0.092489 -0.092810 0.063511
v 0.092489 -0.092762 0.063441
v 0.092489 -0.092704 0.063380
v 0.062489 -0.092704 0.063380
v 0.092489 -0.096418 0.060816
v 0.092489 -0.095909 0.060220
v 0.062489 -0.095909 0.060220
v 0.062489 -0.095312 0.059710
v 0.092489 -0.095312 0.059710
v 0.062489 -0.092635 0.063330
v 0.062489 -0.094643 0.059300
v 0.062489 -0.093918 0.059000
v 0.092489 -0.094643 0.059300
v 0.062489 -0.092560 0.063291
v 0.092489 -0.092635 0.063330
v 0.062489 -0.092479 0.063266
v 0.062489 -0.093155 0.058817
v 0.092489 -0.092560 0.063291
v 0.092489 -0.092479 0.063266
v 0.092489 -0.093918 0.059000
v 0.092489 -0.093155 0.058817
v 0.092489 -0.092373 0.058755
v 0.062489 -0.092373 0.058755
v 0.092489 -0.092394 0.063256
v 0.092489 -0.092310 0.063259
v 0.062489 -0.092394 0.063256
v 0.062489 -0.092310 0.063259
v 0.062489 -0.092227 0.063277
v 0.062489 -0.090828 0.059000
v 0.062489 -0.091591 0.058817
v 0.092489 -0.091591 0.058817
v 0.092489 -0.090828 0.059000
v 0.092489 -0.092227 0.063277
v 0.092489 -0.092148 0.063309
v 0.062489 -0.092148 0.063309
v 0.062489 -0.089434 0.059710
v 0.062489 -0.090103 0.059300
v 0.062489 -0.092076 0.063353
v 0.092489 -0.092076 0.063353
v 0.062489 -0.092012 0.063409
v 0.062489 -0.088838 0.060220
v 0.062489 -0.088328 0.060816
v 0.092489 -0.088838 0.060220
v 0.092489 -0.089434 0.059710
v 0.092489 -0.090103 0.059300
v 0.092489 -0.092012 0.063409
v 0.092489 -0.091959 0.063475
v 0.062489 -0.091959 0.063475
v 0.062489 -0.087918 0.061485
v 0.062489 -0.091918 0.063549
v 0.062489 -0.087618 0.062210
v 0.062489 -0.091889 0.063629
v 0.092489 -0.091918 0.063549
v 0.092489 -0.087918 0.061485
v 0.092489 -0.088328 0.060816
v 0.092489 -0.091889 0.063629
v 0.092489 -0.087618 0.062210
v 0.092489 -0.091875 0.063713
v 0.062489 -0.091875 0.063713
v 0.062489 -0.091875 0.063798
v 0.062489 -0.087373 0.063755
v 0.062489 -0.087435 0.062973
v 0.092489 -0.091873 0.063755
v 0.092489 -0.087373 0.063755
v 0.092489 -0.087435 0.062973
v 0.092489 -0.091875 0.063798
v 0.092489 -0.091889 0.063881
v 0.062489 -0.091889 0.063881
v 0.092489 -0.087435 0.064537
v 0.092489 -0.087618 0.065300
v 0.062489 -0.087618 0.065300
v 0.062489 -0.087435 0.064537
v 0.062489 -0.087918 0.066025
v 0.062489 -0.088328 0.066694
v 0.092489 -0.087918 0.066025
v 0.062489 -0.091918 0.063961
v 0.092489 -0.091918 0.063961
v 0.062489 -0.091959 0.064035
v 0.062489 -0.088838 0.067291
v 0.092489 -0.091959 0.064035
v 0.062489 -0.092012 0.064101
v 0.062489 -0.089434 0.067800
v 0.062489 -0.092076 0.064157
v 0.092489 -0.092012 0.064101
v 0.092489 -0.088838 0.067291
v 0.092489 -0.088328 0.066694
v 0.092489 -0.092076 0.064157
v 0.092489 -0.089434 0.067800
v 0.092489 -0.092148 0.064202
v 0.062489 -0.092148 0.064202
v 0.062489 -0.092227 0.064233
v 0.062489 -0.090828 0.068511
v 0.062489 -0.090103 0.068210
v 0.092489 -0.090103 0.068210
v 0.092489 -0.090828 0.068511
v 0.092489 -0.092227 0.064233
v 0.092489 -0.092310 0.064251
v 0.062489 -0.092310 0.064251
v 0.062489 -0.092373 0.068755
v 0.062489 -0.091591 0.068694
v 0.062489 -0.092394 0.064255
v 0.092489 -0.092394 0.064255
v 0.062489 -0.092479 0.064244
v 0.062489 -0.093155 0.068694
v 0.062489 -0.093918 0.068511
v 0.092489 -0.093155 0.068694
v 0.092489 -0.092373 0.068755
v 0.092489 -0.091591 0.068694
v 0.092489 -0.092479 0.064244
v 0.062489 -0.092560 0.064219
v 0.092489 -0.092560 0.064219
v 0.092489 -0.094643 0.068210
v 0.092489 -0.093918 0.068511
v 0.092489 -0.092635 0.064181
v 0.062489 -0.092635 0.064181
v 0.062489 -0.095312 0.067800
v 0.062489 -0.094643 0.068210
v 0.062489 -0.092704 0.064131
v 0.062489 -0.095909 0.067291
v 0.062489 -0.096418 0.066694
v 0.092489 -0.095909 0.067291
v 0.092489 -0.095312 0.067800
v 0.092489 -0.092704 0.064131
v 0.092489 -0.092762 0.064069
v 0.062489 -0.092762 0.064069
v 0.062489 -0.096828 0.066025
v 0.062489 -0.092810 0.063999
v 0.062489 -0.097128 0.065300
v 0.092489 -0.092810 0.063999
v 0.092489 -0.096828 0.066025
v 0.092489 -0.096418 0.066694
vn -0.0000 -0.0804 -0.9968
vn 0.0787 -0.0801 -0.9937
vn -0.0000 -0.1416 -0.9899
vn 0.0788 -0.1411 -0.9868
vn 0.2326 -0.1623 -0.9589
vn 0.2329 -0.1623 -0.9589
vn 0.0783 -0.1664 -0.9829
vn 0.2002 -0.1809 -0.9629
vn 0.2326 -0.0782 -0.9694
vn 0.0786 -0.0802 -0.9937
vn 0.3825 -0.1543 -0.9110
vn 0.3826 -0.0742 -0.9209
vn 0.3828 -0.1542 -0.9109
vn 0.2333 -0.0781 -0.9693
vn 0.3823 0.0063 -0.9240
vn 0.3823 -0.0742 -0.9210
vn 0.2331 0.0066 -0.9724
vn 0.2333 0.0066 -0.9724
vn 0.2331 0.0914 -0.9682
vn 0.2331 0.0914 -0.9681
vn 0.3825 0.0868 -0.9199
vn 0.3826 0.0063 -0.9239
vn 0.2331 0.1754 -0.9565
vn 0.3823 0.1667 -0.9089
vn 0.3823 0.0868 -0.9200
vn 0.2330 0.2581 -0.9376
vn 0.0784 0.2646 -0.9612
vn 0.0783 0.1798 -0.9806
vn 0.1309 0.1713 -0.9765
vn 0.0785 0.2147 -0.9735
vn -0.0000 0.2154 -0.9765
vn -0.0000 0.2654 -0.9641
vn -0.0785 0.2148 -0.9735
vn -0.0785 0.2646 -0.9612
vn -0.0784 0.2646 -0.9612
vn -0.2331 0.2581 -0.9376
vn -0.1218 0.1790 -0.9763
vn -0.2331 0.1754 -0.9565
vn -0.2330 0.2581 -0.9376
vn -0.2331 0.3388 -0.9115
vn -0.3827 0.3219 -0.8660
vn -0.3828 0.2452 -0.8907
vn -0.3828 0.3218 -0.8660
vn -0.5223 0.2971 -0.7993
vn -0.3827 0.3961 -0.8346
vn -0.5222 0.3657 -0.7705
vn -0.5223 0.3656 -0.7704
vn -0.6492 0.3261 -0.6871
vn -0.5221 0.4314 -0.7357
vn -0.6494 0.3847 -0.6560
vn -0.6493 0.3848 -0.6560
vn -0.7598 0.3289 -0.5608
vn -0.6494 0.4403 -0.6200
vn -0.7602 0.3762 -0.5297
vn -0.7598 0.3765 -0.5300
vn -0.8527 0.3026 -0.4259
vn -0.7602 0.4210 -0.4948
vn -0.8527 0.3385 -0.3978
vn -0.8526 0.3386 -0.3980
vn -0.9235 0.2486 -0.2921
vn -0.8527 0.3718 -0.3669
vn -0.9236 0.2729 -0.2693
vn -0.9235 0.2731 -0.2694
vn -0.9724 0.1660 -0.1638
vn -0.9236 0.2954 -0.2444
vn -0.9724 0.1798 -0.1488
vn -0.9724 0.1796 -0.1487
vn -0.9969 0.0648 -0.0447
vn -0.9969 0.0606 -0.0502
vn -0.9724 0.1920 -0.1325
vn -1.0000 -0.0000 -0.0000
vn -0.9969 0.0606 -0.0503
vn -0.9969 0.0560 -0.0552
vn -0.9969 0.0510 -0.0599
vn -0.9724 0.1511 -0.1775
vn -0.9724 0.1511 -0.1777
vn -0.9969 0.0510 -0.0600
vn -0.9725 0.1350 -0.1900
vn -0.9724 0.1351 -0.1902
vn -0.9969 0.0456 -0.0642
vn -0.9969 0.0398 -0.0679
vn -0.9725 0.0999 -0.2105
vn -0.9724 0.1000 -0.2108
vn -0.9969 0.0337 -0.0711
vn -0.9724 0.1180 -0.2011
vn -0.9236 0.1643 -0.3462
vn -0.9235 0.1645 -0.3464
vn -0.9236 0.1940 -0.3308
vn -0.9724 0.1179 -0.2011
vn -0.8525 0.2242 -0.4723
vn -0.8527 0.2240 -0.4719
vn -0.8527 0.2642 -0.4506
vn -0.9235 0.1940 -0.3308
vn -0.8527 0.2643 -0.4506
vn -0.8526 0.3026 -0.4260
vn -0.9236 0.2220 -0.3125
vn -0.9235 0.2221 -0.3126
vn -0.7602 0.2786 -0.5870
vn -0.7599 0.2788 -0.5873
vn -0.7599 0.3289 -0.5607
vn -0.6491 0.2650 -0.7130
vn -0.6489 0.2651 -0.7132
vn -0.7601 0.2264 -0.6091
vn -0.6489 0.3263 -0.6874
vn -0.6492 0.2019 -0.7334
vn -0.7599 0.1726 -0.6267
vn -0.7598 0.2266 -0.6094
vn -0.6492 0.2019 -0.7333
vn -0.6492 0.1372 -0.7482
vn -0.6492 0.1372 -0.7481
vn -0.7599 0.1173 -0.6394
vn -0.7599 0.1726 -0.6268
vn -0.7599 0.1172 -0.6393
vn -0.8527 0.0942 -0.5138
vn -0.8527 0.1387 -0.5037
vn -0.8527 0.1386 -0.5037
vn -0.8526 0.1820 -0.4898
vn -0.9236 0.1335 -0.3592
vn -0.9237 0.1017 -0.3695
vn -0.9237 0.1335 -0.3592
vn -0.9724 0.0812 -0.2186
vn -0.9724 0.0619 -0.2249
vn -0.9724 0.0813 -0.2185
vn -0.9236 0.1017 -0.3695
vn -0.9236 0.0691 -0.3770
vn -0.9724 0.0421 -0.2294
vn -0.9724 0.0619 -0.2248
vn -0.9969 0.0209 -0.0760
vn -0.9969 0.0209 -0.0759
vn -0.9969 0.0142 -0.0774
vn -0.9724 0.0421 -0.2293
vn -0.9725 0.0219 -0.2321
vn -0.9724 0.0219 -0.2322
vn -0.9969 0.0074 -0.0784
vn -0.9969 0.0005 -0.0787
vn -0.9969 -0.0063 -0.0785
vn -0.9724 -0.0187 -0.2325
vn -0.9725 -0.0187 -0.2323
vn -0.9724 0.0016 -0.2331
vn -0.9236 -0.0308 -0.3821
vn -0.9235 -0.0308 -0.3823
vn -0.9236 0.0026 -0.3834
vn -0.9724 0.0016 -0.2332
vn -0.8526 -0.0420 -0.5208
vn -0.8526 -0.0420 -0.5209
vn -0.8526 0.0036 -0.5226
vn -0.8527 0.0035 -0.5224
vn -0.8527 0.0491 -0.5201
vn -0.9236 0.0360 -0.3817
vn -0.7601 0.0044 -0.6498
vn -0.7600 0.0044 -0.6499
vn -0.7600 0.0611 -0.6471
vn -0.8527 0.0491 -0.5200
vn -0.6492 0.0052 -0.7606
vn -0.6492 0.0715 -0.7573
vn -0.5219 0.0058 -0.8530
vn -0.5218 0.0058 -0.8530
vn -0.5218 0.0802 -0.8493
vn -0.6491 0.0715 -0.7573
vn -0.3823 0.0063 -0.9240
vn -0.3825 0.0063 -0.9239
vn -0.3825 0.0868 -0.9199
vn -0.5221 0.0801 -0.8491
vn -0.3823 0.0868 -0.9200
vn -0.3823 0.1667 -0.9089
vn -0.5218 0.1539 -0.8391
vn -0.5220 0.1538 -0.8389
vn -0.3825 0.1667 -0.9088
vn -0.3826 0.2452 -0.8908
vn -0.5219 0.2264 -0.8224
vn -0.5217 0.2264 -0.8225
vn -0.2331 0.0914 -0.9682
vn -0.2330 0.0914 -0.9682
vn -0.2002 0.1096 -0.9736
vn -0.0788 0.0681 -0.9946
vn -0.0784 0.0937 -0.9925
vn -0.0786 0.0068 -0.9969
vn -0.2331 0.0066 -0.9724
vn -0.0000 0.0068 -1.0000
vn -0.0000 0.0684 -0.9977
vn -0.0000 0.1119 -0.9937
vn 0.0784 0.1115 -0.9907
vn 0.1508 0.0929 -0.9842
vn 0.0787 0.0682 -0.9946
vn 0.0786 0.0068 -0.9969
vn -0.0786 -0.0801 -0.9937
vn -0.0788 -0.0801 -0.9937
vn -0.2333 -0.0782 -0.9693
vn -0.2333 0.0066 -0.9724
vn -0.0789 -0.1411 -0.9868
vn -0.1509 -0.1650 -0.9747
vn -0.2326 -0.1623 -0.9589
vn -0.2326 -0.0781 -0.9694
vn -0.2329 -0.1623 -0.9588
vn -0.3825 -0.1542 -0.9110
vn -0.3823 -0.0742 -0.9211
vn -0.3826 -0.0742 -0.9209
vn -0.3828 -0.1543 -0.9109
vn -0.5220 -0.1424 -0.8410
vn -0.5219 -0.0685 -0.8503
vn -0.5220 -0.0685 -0.8502
vn -0.5218 -0.1424 -0.8411
vn -0.6491 -0.1270 -0.7500
vn -0.6492 -0.0611 -0.7582
vn -0.6491 -0.0611 -0.7582
vn -0.6489 -0.1270 -0.7502
vn -0.7601 -0.1085 -0.6407
vn -0.7601 -0.0522 -0.6477
vn -0.6494 -0.1919 -0.7359
vn -0.6489 -0.1919 -0.7362
vn -0.7601 -0.1639 -0.6287
vn -0.7599 -0.1640 -0.6290
vn -0.8526 -0.1318 -0.5056
vn -0.8526 -0.0872 -0.5152
vn -0.8527 -0.0872 -0.5151
vn -0.9236 -0.0967 -0.3710
vn -0.9236 -0.0640 -0.3781
vn -0.9724 -0.0588 -0.2257
vn -0.9724 -0.0389 -0.2301
vn -0.9724 -0.0389 -0.2299
vn -0.9969 -0.0198 -0.0761
vn -0.9969 -0.0131 -0.0774
vn -0.9969 -0.0131 -0.0775
vn -0.9969 -0.0198 -0.0760
vn -0.9969 -0.0264 -0.0739
vn -0.9969 -0.0264 -0.0740
vn -0.9724 -0.0971 -0.2120
vn -0.9724 -0.0783 -0.2197
vn -0.9969 -0.0327 -0.0714
vn -0.9969 -0.0327 -0.0715
vn -0.9969 -0.0388 -0.0683
vn -0.9724 -0.1153 -0.2029
vn -0.9724 -0.1152 -0.2027
vn -0.9969 -0.0446 -0.0646
vn -0.9724 -0.1325 -0.1921
vn -0.9724 -0.1487 -0.1798
vn -0.9724 -0.1488 -0.1798
vn -0.9969 -0.0501 -0.0605
vn -0.9969 -0.0552 -0.0560
vn -0.9724 -0.1777 -0.1513
vn -0.9724 -0.1776 -0.1511
vn -0.9969 -0.0599 -0.0510
vn -0.9724 -0.1638 -0.1660
vn -0.9236 -0.2920 -0.2485
vn -0.9236 -0.2920 -0.2484
vn -0.9236 -0.2692 -0.2729
vn -0.9724 -0.1638 -0.1661
vn -0.8528 -0.3978 -0.3384
vn -0.8526 -0.3980 -0.3387
vn -0.8526 -0.3670 -0.3720
vn -0.8528 -0.3668 -0.3718
vn -0.8528 -0.3330 -0.4024
vn -0.9236 -0.2444 -0.2953
vn -0.8526 -0.3331 -0.4027
vn -0.8526 -0.2968 -0.4301
vn -0.9237 -0.2177 -0.3154
vn -0.9236 -0.2178 -0.3156
vn -0.8526 -0.2582 -0.4543
vn -0.9236 -0.1894 -0.3334
vn -0.9236 -0.1894 -0.3332
vn -0.8525 -0.2582 -0.4545
vn -0.8526 -0.2176 -0.4751
vn -0.9236 -0.1597 -0.3486
vn -0.8527 -0.2176 -0.4750
vn -0.8527 -0.1753 -0.4920
vn -0.9236 -0.1287 -0.3611
vn -0.9236 -0.1287 -0.3612
vn -0.7599 -0.2707 -0.5910
vn -0.7599 -0.2181 -0.6123
vn -0.8526 -0.1754 -0.4923
vn -0.7601 -0.2706 -0.5908
vn -0.6491 -0.3758 -0.6614
vn -0.6491 -0.3758 -0.6613
vn -0.7601 -0.3210 -0.5649
vn -0.6492 -0.3167 -0.6916
vn -0.5218 -0.4215 -0.7417
vn -0.5220 -0.4214 -0.7416
vn -0.5221 -0.3552 -0.7754
vn -0.6491 -0.3168 -0.6916
vn -0.5221 -0.3551 -0.7754
vn -0.5222 -0.2863 -0.8034
vn -0.6494 -0.2552 -0.7163
vn -0.6491 -0.2553 -0.7166
vn -0.3824 -0.3848 -0.8400
vn -0.3823 -0.3101 -0.8704
vn -0.5218 -0.2863 -0.8036
vn -0.3823 -0.3848 -0.8401
vn -0.2329 -0.4805 -0.8455
vn -0.2329 -0.4050 -0.8842
vn -0.2332 -0.4805 -0.8454
vn -0.3824 -0.4565 -0.8033
vn -0.2332 -0.5523 -0.8004
vn -0.2337 -0.5523 -0.8002
vn -0.3824 -0.5248 -0.7605
vn -0.2337 -0.6199 -0.7491
vn -0.2331 -0.6200 -0.7492
vn -0.3826 -0.5890 -0.7118
vn -0.3825 -0.5248 -0.7604
vn -0.3825 -0.5890 -0.7119
vn -0.5218 -0.5438 -0.6573
vn -0.5217 -0.4846 -0.7022
vn -0.5219 -0.4846 -0.7020
vn -0.5220 -0.5438 -0.6571
vn -0.6488 -0.4851 -0.5863
vn -0.6491 -0.4321 -0.6261
vn -0.6488 -0.4322 -0.6263
vn -0.6490 -0.4850 -0.5861
vn -0.7602 -0.4142 -0.5005
vn -0.7601 -0.3691 -0.5348
vn -0.7602 -0.3690 -0.5347
vn -0.6490 -0.5343 -0.5416
vn -0.6490 -0.5342 -0.5416
vn -0.7599 -0.4565 -0.4628
vn -0.7599 -0.4144 -0.5008
vn -0.6491 -0.5795 -0.4929
vn -0.6489 -0.5795 -0.4930
vn -0.7603 -0.4948 -0.4209
vn -0.7603 -0.4563 -0.4623
vn -0.6491 -0.6201 -0.4406
vn -0.7597 -0.5301 -0.3766
vn -0.7597 -0.4952 -0.4214
vn -0.6491 -0.6562 -0.3848
vn -0.7598 -0.5609 -0.3289
vn -0.7598 -0.5300 -0.3766
vn -0.7598 -0.5608 -0.3289
vn -0.8528 -0.4505 -0.2642
vn -0.8528 -0.4257 -0.3025
vn -0.8528 -0.4257 -0.3024
vn -0.8527 -0.4507 -0.2643
vn -0.9236 -0.3307 -0.1939
vn -0.9236 -0.3126 -0.2220
vn -0.9236 -0.3126 -0.2221
vn -0.9236 -0.3306 -0.1939
vn -0.9724 -0.2012 -0.1179
vn -0.9724 -0.1902 -0.1351
vn -0.9724 -0.1901 -0.1350
vn -0.9724 -0.2013 -0.1181
vn -0.9969 -0.0678 -0.0398
vn -0.9969 -0.0640 -0.0455
vn -0.9969 -0.0641 -0.0456
vn -0.9969 -0.0710 -0.0337
vn -0.9969 -0.0737 -0.0274
vn -0.9969 -0.0736 -0.0274
vn -0.9969 -0.0758 -0.0209
vn -0.9724 -0.2250 -0.0619
vn -0.9724 -0.2248 -0.0619
vn -0.9724 -0.2186 -0.0813
vn -0.9236 -0.3695 -0.1017
vn -0.9236 -0.3696 -0.1017
vn -0.9236 -0.3593 -0.1336
vn -0.9236 -0.3594 -0.1336
vn -0.9236 -0.3464 -0.1644
vn -0.9724 -0.2108 -0.1001
vn -0.9724 -0.2107 -0.0999
vn -0.8526 -0.4898 -0.1821
vn -0.8527 -0.4897 -0.1820
vn -0.8527 -0.4719 -0.2239
vn -0.9236 -0.3463 -0.1643
vn -0.7599 -0.6093 -0.2265
vn -0.7599 -0.5873 -0.2787
vn -0.8527 -0.4720 -0.2241
vn -0.6489 -0.7132 -0.2651
vn -0.6494 -0.7128 -0.2649
vn -0.6494 -0.6870 -0.3261
vn -0.7598 -0.5873 -0.2788
vn -0.5225 -0.7993 -0.2970
vn -0.5216 -0.7997 -0.2973
vn -0.5217 -0.7707 -0.3659
vn -0.6491 -0.6872 -0.3262
vn -0.3824 -0.8661 -0.3220
vn -0.3823 -0.8661 -0.3220
vn -0.3823 -0.8348 -0.3962
vn -0.5221 -0.7705 -0.3657
vn -0.3826 -0.8347 -0.3961
vn -0.3826 -0.7970 -0.4673
vn -0.5224 -0.7356 -0.4313
vn -0.5221 -0.7357 -0.4314
vn -0.3823 -0.7971 -0.4675
vn -0.3823 -0.7533 -0.5352
vn -0.5226 -0.6950 -0.4938
vn -0.5224 -0.6952 -0.4938
vn -0.3816 -0.7534 -0.5355
vn -0.3817 -0.7039 -0.5990
vn -0.5219 -0.6496 -0.5528
vn -0.5226 -0.6494 -0.5524
vn -0.3825 -0.7038 -0.5986
vn -0.3825 -0.6489 -0.6578
vn -0.5219 -0.5990 -0.6073
vn -0.5219 -0.5990 -0.6072
vn -0.2338 -0.7406 -0.6300
vn -0.2329 -0.6829 -0.6924
vn -0.2329 -0.7407 -0.6302
vn -0.0781 -0.8127 -0.5774
vn -0.0782 -0.7836 -0.6163
vn -0.0790 -0.7592 -0.6460
vn -0.1133 -0.7535 -0.6477
vn -0.2338 -0.7926 -0.5631
vn -0.0000 -0.7584 -0.6518
vn -0.0000 -0.7167 -0.6974
vn -0.0790 -0.7145 -0.6952
vn -0.0000 -0.6855 -0.7281
vn -0.0783 -0.6834 -0.7258
vn -0.1530 -0.6940 -0.7035
vn -0.0000 -0.6395 -0.7688
vn -0.0782 -0.6375 -0.7664
vn -0.0000 -0.6069 -0.7947
vn -0.0000 -0.6070 -0.7947
vn -0.0786 -0.6051 -0.7923
vn -0.0944 -0.6348 -0.7669
vn -0.0000 -0.5680 -0.8231
vn -0.0787 -0.5662 -0.8205
vn -0.0785 -0.5662 -0.8205
vn -0.0000 -0.5183 -0.8552
vn -0.0787 -0.5167 -0.8526
vn -0.0000 -0.4807 -0.8769
vn -0.1826 -0.4726 -0.8622
vn -0.0000 -0.4257 -0.9049
vn -0.0786 -0.4244 -0.9021
vn -0.0786 -0.4925 -0.8667
vn -0.0000 -0.3859 -0.9225
vn -0.0782 -0.3847 -0.9197
vn -0.1320 -0.4128 -0.9012
vn -0.2333 -0.4050 -0.8841
vn -0.2334 -0.3263 -0.9160
vn -0.2332 -0.3263 -0.9160
vn -0.0781 -0.3345 -0.9391
vn -0.0783 -0.3346 -0.9391
vn -0.0784 -0.2862 -0.9550
vn -0.1315 -0.2426 -0.9612
vn -0.0783 -0.2515 -0.9647
vn -0.2329 -0.2453 -0.9410
vn -0.2331 -0.2453 -0.9410
vn -0.0000 -0.2447 -0.9696
vn -0.0000 -0.1847 -0.9828
vn -0.0783 -0.1841 -0.9798
vn -0.0000 -0.2871 -0.9579
vn 0.0784 -0.2862 -0.9550
vn 0.0783 -0.2440 -0.9666
vn 0.1221 -0.2503 -0.9604
vn 0.2332 -0.2453 -0.9410
vn 0.2332 -0.3264 -0.9160
vn 0.2333 -0.3263 -0.9160
vn 0.0783 -0.3346 -0.9391
vn 0.2329 -0.2453 -0.9410
vn 0.3825 -0.2331 -0.8941
vn 0.3824 -0.3101 -0.8704
vn 0.3825 -0.3101 -0.8704
vn 0.3829 -0.2330 -0.8939
vn 0.5220 -0.2151 -0.8254
vn 0.5220 -0.2863 -0.8035
vn 0.5223 -0.2862 -0.8033
vn 0.6491 -0.3168 -0.6916
vn 0.6491 -0.2553 -0.7166
vn 0.6491 -0.3167 -0.6916
vn 0.5223 -0.3551 -0.7753
vn 0.6491 -0.3758 -0.6614
vn 0.5222 -0.3551 -0.7754
vn 0.5222 -0.4213 -0.7415
vn 0.6491 -0.4321 -0.6261
vn 0.7601 -0.3210 -0.5649
vn 0.7601 -0.3691 -0.5348
vn 0.7602 -0.3690 -0.5347
vn 0.6488 -0.4323 -0.6263
vn 0.7602 -0.4142 -0.5006
vn 0.6488 -0.4852 -0.5863
vn 0.7599 -0.4144 -0.5008
vn 0.7599 -0.4566 -0.4627
vn 0.8526 -0.3332 -0.4027
vn 0.8526 -0.3670 -0.3720
vn 0.8524 -0.3672 -0.3722
vn 0.8524 -0.3983 -0.3388
vn 0.7603 -0.4562 -0.4624
vn 0.7603 -0.4947 -0.4210
vn 0.8526 -0.3979 -0.3386
vn 0.9237 -0.2918 -0.2482
vn 0.8526 -0.4259 -0.3026
vn 0.9237 -0.3123 -0.2219
vn 0.9237 -0.3305 -0.1938
vn 0.9238 -0.3303 -0.1937
vn 0.8526 -0.4507 -0.2644
vn 0.8526 -0.4260 -0.3026
vn 0.8525 -0.4509 -0.2644
vn 0.7598 -0.5609 -0.3289
vn 0.7598 -0.5300 -0.3766
vn 0.7597 -0.5301 -0.3766
vn 0.6490 -0.5794 -0.4929
vn 0.6491 -0.6201 -0.4406
vn 0.6490 -0.5795 -0.4929
vn 0.7597 -0.4953 -0.4213
vn 0.5221 -0.5990 -0.6072
vn 0.5221 -0.5989 -0.6072
vn 0.6490 -0.5343 -0.5416
vn 0.5221 -0.6496 -0.5526
vn 0.3825 -0.6488 -0.6578
vn 0.3825 -0.6489 -0.6578
vn 0.3825 -0.7037 -0.5988
vn 0.5227 -0.6492 -0.5525
vn 0.3817 -0.7040 -0.5989
vn 0.3817 -0.7535 -0.5353
vn 0.5227 -0.6949 -0.4938
vn 0.5225 -0.6951 -0.4938
vn 0.5226 -0.7355 -0.4313
vn 0.5223 -0.7356 -0.4313
vn 0.3823 -0.7971 -0.4674
vn 0.3823 -0.7532 -0.5353
vn 0.3827 -0.7970 -0.4674
vn 0.2333 -0.8388 -0.4919
vn 0.2333 -0.7927 -0.5632
vn 0.2338 -0.7926 -0.5632
vn 0.2338 -0.7405 -0.6301
vn 0.0781 -0.7836 -0.6163
vn 0.0780 -0.8127 -0.5774
vn 0.1093 -0.7571 -0.6441
vn 0.1530 -0.6940 -0.7035
vn 0.0790 -0.7145 -0.6952
vn 0.0790 -0.7560 -0.6498
vn 0.2329 -0.6830 -0.6923
vn 0.2329 -0.7407 -0.6301
vn 0.0782 -0.6834 -0.7258
vn 0.0782 -0.6375 -0.7664
vn 0.0944 -0.6348 -0.7669
vn 0.2331 -0.6200 -0.7492
vn 0.2331 -0.6829 -0.6923
vn 0.0786 -0.5662 -0.8205
vn 0.0785 -0.5662 -0.8205
vn 0.0786 -0.6050 -0.7923
vn 0.2337 -0.5522 -0.8003
vn 0.2337 -0.6198 -0.7491
vn 0.3826 -0.5248 -0.7604
vn 0.2332 -0.5524 -0.8003
vn 0.3826 -0.5890 -0.7118
vn 0.3825 -0.5890 -0.7118
vn 0.3825 -0.5248 -0.7604
vn 0.5220 -0.4845 -0.7020
vn 0.5220 -0.5438 -0.6571
vn 0.5221 -0.5437 -0.6571
vn 0.3825 -0.4565 -0.8033
vn 0.5219 -0.4215 -0.7416
vn 0.5219 -0.4846 -0.7020
vn 0.3824 -0.3848 -0.8401
vn 0.2332 -0.4049 -0.8841
vn 0.2329 -0.4050 -0.8841
vn 0.2329 -0.4805 -0.8455
vn 0.0786 -0.4792 -0.8742
vn 0.1464 -0.4887 -0.8601
vn 0.0786 -0.4152 -0.9063
vn 0.2332 -0.4804 -0.8455
vn 0.0787 -0.5167 -0.8526
vn -0.0000 -0.7860 -0.6182
vn -0.0000 -0.8152 -0.5792
vn -0.0000 -0.8466 -0.5323
vn 0.0781 -0.8440 -0.5307
vn -0.0000 -0.8690 -0.4947
vn -0.0785 -0.8664 -0.4932
vn -0.0781 -0.8440 -0.5307
vn -0.1404 -0.8541 -0.5008
vn -0.0784 -0.9007 -0.4274
vn -0.2330 -0.8786 -0.4169
vn -0.2329 -0.8389 -0.4920
vn -0.2333 -0.8388 -0.4919
vn -0.0786 -0.9134 -0.3995
vn -0.0785 -0.9344 -0.3475
vn -0.0793 -0.9344 -0.3474
vn -0.2329 -0.9115 -0.3389
vn -0.2329 -0.8786 -0.4170
vn -0.1659 -0.8854 -0.4342
vn -0.0000 -0.9535 -0.3015
vn -0.0794 -0.9505 -0.3005
vn -0.0000 -0.9373 -0.3486
vn -0.0000 -0.9162 -0.4007
vn 0.0786 -0.9134 -0.3995
vn 0.0785 -0.9344 -0.3474
vn 0.0793 -0.9343 -0.3475
vn 0.2327 -0.9377 -0.2580
vn 0.2327 -0.9116 -0.3389
vn 0.2336 -0.9375 -0.2581
vn 0.0789 -0.9611 -0.2646
vn 0.1137 -0.9592 -0.2589
vn 0.0793 -0.9505 -0.3005
vn -0.0000 -0.9655 -0.2606
vn -0.0000 -0.9797 -0.2004
vn -0.0790 -0.9767 -0.1998
vn -0.0789 -0.9624 -0.2597
vn -0.1530 -0.9720 -0.1782
vn -0.2336 -0.9564 -0.1753
vn -0.1097 -0.9583 -0.2639
vn -0.2327 -0.9377 -0.2582
vn -0.2336 -0.9375 -0.2580
vn -0.2330 -0.9565 -0.1754
vn -0.3820 -0.9090 -0.1667
vn -0.3823 -0.8909 -0.2452
vn -0.3820 -0.8910 -0.2453
vn -0.3823 -0.9089 -0.1666
vn -0.5222 -0.8389 -0.1538
vn -0.5225 -0.8221 -0.2263
vn -0.5222 -0.8223 -0.2264
vn -0.5224 -0.8387 -0.1537
vn -0.6492 -0.7481 -0.1371
vn -0.6489 -0.7336 -0.2020
vn -0.6492 -0.7333 -0.2018
vn -0.6486 -0.7486 -0.1373
vn -0.7597 -0.6396 -0.1173
vn -0.7599 -0.6267 -0.1725
vn -0.7597 -0.6269 -0.1726
vn -0.7603 -0.6389 -0.1171
vn -0.8528 -0.5137 -0.0942
vn -0.8526 -0.5038 -0.1387
vn -0.8528 -0.5035 -0.1386
vn -0.7600 -0.6471 -0.0611
vn -0.7603 -0.6467 -0.0610
vn -0.8525 -0.5204 -0.0491
vn -0.8525 -0.5142 -0.0943
vn -0.8527 -0.5201 -0.0490
vn -0.9237 -0.3815 -0.0360
vn -0.9236 -0.3770 -0.0691
vn -0.9237 -0.3769 -0.0691
vn -0.9236 -0.3817 -0.0360
vn -0.9724 -0.2322 -0.0219
vn -0.9724 -0.2295 -0.0421
vn -0.9724 -0.2294 -0.0421
vn -0.9969 -0.0773 -0.0142
vn -0.9724 -0.2321 -0.0219
vn -0.9969 -0.0783 -0.0074
vn -0.9969 -0.0786 -0.0005
vn -0.9969 -0.0786 -0.0006
vn -0.9724 -0.2326 0.0188
vn -0.9724 -0.2325 0.0188
vn -0.9969 -0.0783 0.0063
vn -0.9724 -0.2333 -0.0016
vn -0.9237 -0.3820 0.0308
vn -0.9236 -0.3821 0.0308
vn -0.9236 -0.3833 -0.0026
vn -0.9724 -0.2331 -0.0016
vn -0.8527 -0.5207 0.0420
vn -0.8526 -0.5209 0.0420
vn -0.8526 -0.5226 -0.0036
vn -0.9236 -0.3834 -0.0027
vn -0.7601 -0.6478 0.0522
vn -0.7601 -0.6477 0.0522
vn -0.7601 -0.6498 -0.0044
vn -0.8527 -0.5224 -0.0036
vn -0.6489 -0.7584 0.0611
vn -0.6490 -0.7584 0.0612
vn -0.6489 -0.7608 -0.0052
vn -0.7600 -0.6499 -0.0045
vn -0.5223 -0.8500 0.0685
vn -0.5225 -0.8499 0.0686
vn -0.5225 -0.8527 -0.0058
vn -0.6492 -0.7606 -0.0052
vn -0.5221 -0.8529 -0.0059
vn -0.5221 -0.8491 -0.0802
vn -0.6486 -0.7578 -0.0716
vn -0.6492 -0.7573 -0.0714
vn -0.3819 -0.9242 -0.0064
vn -0.3822 -0.9241 -0.0063
vn -0.3822 -0.9200 -0.0868
vn -0.5224 -0.8489 -0.0801
vn -0.2333 -0.9724 -0.0067
vn -0.2334 -0.9681 -0.0913
vn -0.2334 -0.9723 -0.0066
vn -0.0778 -0.9969 -0.0068
vn -0.0779 -0.9956 0.0518
vn -0.1464 -0.9860 0.0795
vn -0.2333 -0.9693 0.0781
vn -0.0000 -0.9954 0.0956
vn -0.0784 -0.9923 0.0953
vn -0.0000 -0.9986 0.0520
vn -0.0000 -1.0000 -0.0067
vn 0.0778 -0.9969 -0.0067
vn 0.0778 -0.9956 0.0518
vn 0.2334 -0.9692 0.0781
vn 0.0784 -0.9937 0.0801
vn 0.0786 -0.9969 -0.0068
vn 0.2333 -0.9693 0.0781
vn 0.2333 -0.9724 -0.0066
vn 0.1825 -0.9787 0.0940
vn 0.0944 -0.9911 -0.0936
vn 0.2334 -0.9681 -0.0914
vn 0.0786 -0.9954 -0.0550
vn 0.2334 -0.9723 -0.0067
vn -0.0000 -0.9985 -0.0551
vn -0.0000 -0.9953 -0.0965
vn 0.0784 -0.9923 -0.0962
vn -0.0000 -0.9875 -0.1574
vn 0.0785 -0.9845 -0.1569
vn 0.0789 -0.9767 -0.1998
vn 0.1530 -0.9720 -0.1782
vn -0.0785 -0.9923 -0.0962
vn -0.0785 -0.9845 -0.1569
vn -0.0787 -0.9954 -0.0550
vn -0.0944 -0.9911 -0.0936
vn -0.0786 -0.9969 -0.0067
vn 0.2330 -0.9682 -0.0914
vn 0.3822 -0.9241 -0.0064
vn 0.3820 -0.9242 -0.0063
vn 0.3822 -0.9200 -0.0868
vn 0.5226 -0.8525 -0.0059
vn 0.3823 -0.9200 -0.0868
vn 0.5223 -0.8490 -0.0801
vn 0.5223 -0.8528 -0.0058
vn 0.6490 -0.7584 0.0611
vn 0.6489 -0.7608 -0.0052
vn 0.6489 -0.7584 0.0612
vn 0.5226 -0.8498 0.0685
vn 0.5225 -0.8499 0.0686
vn 0.5225 -0.8407 0.1423
vn 0.6490 -0.7502 0.1269
vn 0.6488 -0.7502 0.1270
vn 0.7601 -0.6288 0.1639
vn 0.7600 -0.6289 0.1640
vn 0.6490 -0.7362 0.1920
vn 0.7601 -0.6407 0.1084
vn 0.8525 -0.5153 0.0872
vn 0.8525 -0.5058 0.1319
vn 0.8526 -0.5057 0.1318
vn 0.7601 -0.6407 0.1085
vn 0.8526 -0.5209 0.0420
vn 0.8526 -0.5153 0.0872
vn 0.7601 -0.6477 0.0522
vn 0.7601 -0.6478 0.0522
vn 0.8524 -0.5212 0.0420
vn 0.8524 -0.5229 -0.0036
vn 0.7601 -0.6498 -0.0045
vn 0.7600 -0.6500 -0.0044
vn 0.6492 -0.7573 -0.0715
vn 0.6486 -0.7578 -0.0715
vn 0.6492 -0.7606 -0.0052
vn 0.7600 -0.6471 -0.0610
vn 0.6486 -0.7487 -0.1372
vn 0.6492 -0.7481 -0.1372
vn 0.7603 -0.6389 -0.1172
vn 0.7603 -0.6467 -0.0611
vn 0.6492 -0.7333 -0.2019
vn 0.5226 -0.8220 -0.2263
vn 0.5223 -0.8222 -0.2263
vn 0.5223 -0.8388 -0.1537
vn 0.3824 -0.8909 -0.2452
vn 0.3820 -0.8910 -0.2452
vn 0.3820 -0.9090 -0.1667
vn 0.5226 -0.8386 -0.1538
vn 0.3824 -0.8661 -0.3220
vn 0.5226 -0.7991 -0.2971
vn 0.3823 -0.8661 -0.3220
vn 0.2329 -0.8786 -0.4169
vn 0.2329 -0.9115 -0.3389
vn 0.2330 -0.8786 -0.4169
vn 0.3823 -0.8348 -0.3962
vn 0.0784 -0.8951 -0.4390
vn 0.1404 -0.8945 -0.4245
vn 0.2329 -0.8389 -0.4919
vn 0.0784 -0.8600 -0.5043
vn -0.0000 -0.8979 -0.4403
vn 0.1656 -0.8570 -0.4879
vn 0.3826 -0.8347 -0.3961
vn 0.5218 -0.7706 -0.3658
vn 0.5218 -0.7996 -0.2971
vn 0.5223 -0.7704 -0.3657
vn 0.6494 -0.6870 -0.3261
vn 0.6494 -0.7128 -0.2650
vn 0.6489 -0.7132 -0.2650
vn 0.7600 -0.6267 -0.1725
vn 0.7599 -0.6093 -0.2265
vn 0.7597 -0.6270 -0.1726
vn 0.6489 -0.7336 -0.2019
vn 0.8526 -0.5038 -0.1387
vn 0.8526 -0.5140 -0.0943
vn 0.7597 -0.6396 -0.1172
vn 0.8523 -0.5145 -0.0943
vn 0.9238 -0.3766 -0.0691
vn 0.8523 -0.5207 -0.0491
vn 0.9238 -0.3812 -0.0360
vn 0.9237 -0.3814 -0.0360
vn 0.9237 -0.3831 -0.0026
vn 0.9724 -0.2325 -0.0219
vn 0.9724 -0.2335 -0.0016
vn 0.9723 -0.2336 -0.0016
vn 0.9723 -0.2328 0.0188
vn 0.9723 -0.2329 0.0188
vn 0.9238 -0.3817 0.0308
vn 0.9237 -0.3830 -0.0026
vn 0.9238 -0.3816 0.0308
vn 0.9238 -0.3775 0.0639
vn 0.9723 -0.2303 0.0390
vn 0.9723 -0.2304 0.0390
vn 0.9723 -0.2261 0.0589
vn 0.9969 -0.0761 0.0199
vn 0.9969 -0.0760 0.0198
vn 0.9969 -0.0775 0.0131
vn 1.0000 -0.0000 -0.0000
vn 0.9969 -0.0776 0.0131
vn 0.9969 -0.0784 0.0063
vn -0.0000 -0.9959 -0.0905
vn -0.0000 -0.9968 0.0793
vn -0.0000 -0.9691 0.2466
vn -0.0000 0.9969 -0.0787
vn -0.0000 0.9959 0.0902
vn -0.0000 -0.9959 -0.0906
vn -0.0000 -0.9662 -0.2577
vn 1.0000 -0.0000 -0.0001
vn -0.0000 -0.9969 0.0791
vn 1.0000 -0.0000 0.0001
vn -0.0000 -0.2870 -0.9579
vn -0.0000 -0.4455 -0.8953
vn -0.0000 -0.1210 -0.9927
vn -0.0000 0.4449 0.8956
vn -0.0000 0.2874 0.9578
vn -0.0000 0.5903 0.8072
vn -0.0000 0.7183 0.6958
vn -0.0000 -0.5901 -0.8073
vn -0.0000 -0.7181 -0.6960
vn -0.0000 -0.4452 -0.8954
vn -0.0000 -0.2874 -0.9578
vn -0.0000 -0.1215 -0.9926
vn -0.0000 0.0482 -0.9988
vn -0.0000 0.2162 -0.9764
vn -0.0000 0.3781 -0.9258
vn -0.0000 0.5290 -0.8486
vn -0.0000 0.6650 -0.7469
vn 0.9969 0.0455 -0.0640
vn 0.9969 0.0509 -0.0599
vn 0.9969 0.0509 -0.0598
vn 0.9969 0.0560 -0.0552
vn 0.9723 0.1663 -0.1640
vn 0.9723 0.1514 -0.1779
vn 0.9237 0.2727 -0.2689
vn 0.9236 0.2729 -0.2692
vn 0.9236 0.2484 -0.2919
vn 0.9723 0.1353 -0.1904
vn 0.9237 0.2219 -0.3122
vn 0.9724 0.1352 -0.1904
vn 0.9237 0.2482 -0.2918
vn 0.8525 0.3387 -0.3981
vn 0.8525 0.3388 -0.3982
vn 0.8524 0.3028 -0.4262
vn 0.9237 0.2219 -0.3123
vn 0.9237 0.1938 -0.3305
vn 0.8525 0.2645 -0.4509
vn 0.8525 0.3028 -0.4262
vn 0.8525 0.2644 -0.4509
vn 0.7599 0.3764 -0.5300
vn 0.7603 0.3763 -0.5296
vn 0.7598 0.3289 -0.5608
vn 0.6494 0.4404 -0.6199
vn 0.6488 0.4407 -0.6204
vn 0.6494 0.3847 -0.6559
vn 0.7599 0.3289 -0.5607
vn 0.7599 0.2787 -0.5873
vn 0.7602 0.2786 -0.5870
vn 0.6492 0.3262 -0.6871
vn 0.6492 0.3848 -0.6561
vn 0.6489 0.3262 -0.6874
vn 0.5223 0.3656 -0.7704
vn 0.5223 0.4314 -0.7356
vn 0.3819 0.5352 -0.7534
vn 0.3819 0.5353 -0.7534
vn 0.3820 0.4675 -0.7972
vn 0.5223 0.4939 -0.6952
vn 0.3818 0.5989 -0.7040
vn 0.3821 0.5988 -0.7039
vn 0.5225 0.5525 -0.6494
vn 0.5225 0.4938 -0.6951
vn 0.3820 0.6579 -0.6490
vn 0.2330 0.6923 -0.6829
vn 0.2330 0.6301 -0.7407
vn 0.0779 0.7680 -0.6357
vn 0.0790 0.7680 -0.6355
vn 0.0789 0.7097 -0.7001
vn 0.1143 0.7036 -0.7013
vn 0.2330 0.7491 -0.6201
vn 0.0791 0.7362 -0.6722
vn -0.0000 0.7385 -0.6743
vn -0.0000 0.7704 -0.6375
vn -0.0791 0.7362 -0.6722
vn -0.0780 0.7681 -0.6356
vn -0.0791 0.7679 -0.6356
vn -0.2336 0.7490 -0.6200
vn -0.1103 0.7076 -0.6980
vn -0.2330 0.6923 -0.6829
vn -0.2330 0.7492 -0.6200
vn -0.2336 0.8003 -0.5523
vn -0.3823 0.7119 -0.5891
vn -0.3827 0.7604 -0.5247
vn -0.3823 0.7606 -0.5248
vn -0.3827 0.8032 -0.4565
vn -0.5217 0.7417 -0.4215
vn -0.5216 0.7023 -0.4845
vn -0.5215 0.7418 -0.4216
vn -0.6493 0.6612 -0.3757
vn -0.5216 0.7757 -0.3553
vn -0.6494 0.6914 -0.3167
vn -0.7598 0.5911 -0.2707
vn -0.6494 0.7164 -0.2552
vn -0.7600 0.6122 -0.2182
vn -0.7598 0.6124 -0.2182
vn -0.8528 0.4920 -0.1752
vn -0.7600 0.6289 -0.1639
vn -0.8527 0.5055 -0.1317
vn -0.8528 0.5054 -0.1318
vn -0.9236 0.3710 -0.0967
vn -0.8527 0.5150 -0.0873
vn -0.9237 0.3778 -0.0640
vn -0.9236 0.3780 -0.0640
vn -0.9724 0.2300 -0.0389
vn -0.9237 0.3820 -0.0308
vn -0.9724 0.2325 -0.0187
vn -0.9969 0.0787 0.0005
vn -0.9969 0.0788 0.0005
vn -0.9969 0.0784 -0.0063
vn -0.9724 0.2332 0.0016
vn -0.9969 0.0784 0.0074
vn -0.9969 0.0783 0.0074
vn -0.9725 0.2331 0.0016
vn -0.9725 0.2321 0.0219
vn -0.9724 0.2322 0.0219
vn -0.9724 0.2294 0.0421
vn -0.9969 0.0774 0.0142
vn -0.9969 0.0759 0.0209
vn -0.9969 0.0738 0.0274
vn -0.9724 0.2249 0.0619
vn -0.9724 0.2186 0.0812
vn -0.9969 0.0738 0.0275
vn -0.9969 0.0711 0.0338
vn -0.9969 0.0712 0.0337
vn -0.9724 0.2185 0.0812
vn -0.9724 0.2106 0.1000
vn -0.9969 0.0679 0.0399
vn -0.9725 0.2105 0.0999
vn -0.9725 0.2010 0.1178
vn -0.9969 0.0679 0.0398
vn -0.9969 0.0642 0.0456
vn -0.9969 0.0599 0.0509
vn -0.9969 0.0641 0.0455
vn -0.9969 0.0599 0.0510
vn -0.9724 0.1901 0.1350
vn -0.9724 0.1902 0.1352
vn -0.9724 0.1777 0.1511
vn -0.9969 0.0553 0.0560
vn -0.9724 0.1776 0.1511
vn -0.9724 0.1638 0.1659
vn -0.9724 0.1638 0.1661
vn -0.9724 0.1487 0.1797
vn -0.9969 0.0502 0.0606
vn -0.9969 0.0502 0.0607
vn -0.9969 0.0447 0.0648
vn -0.9969 0.0389 0.0684
vn -0.9725 0.1324 0.1918
vn -0.9725 0.1152 0.2026
vn -0.9724 0.1152 0.2028
vn -0.9724 0.0971 0.2121
vn -0.9969 0.0327 0.0714
vn -0.9969 0.0328 0.0715
vn -0.9969 0.0264 0.0740
vn -0.9969 0.0198 0.0761
vn -0.9969 0.0131 0.0775
vn -0.9724 0.0588 0.2257
vn -0.9724 0.0389 0.2300
vn -0.9969 0.0063 0.0783
vn -0.9724 0.0389 0.2301
vn -0.9724 0.0188 0.2326
vn -0.9724 0.0188 0.2325
vn -0.9724 -0.0016 0.2333
vn -0.9969 -0.0005 0.0786
vn -0.9969 -0.0074 0.0782
vn -0.9969 -0.0142 0.0772
vn -0.9969 -0.0074 0.0783
vn -0.9724 -0.0219 0.2322
vn -0.9724 -0.0219 0.2321
vn -0.9724 -0.0421 0.2294
vn -0.9969 -0.0142 0.0773
vn -0.9724 -0.0420 0.2294
vn -0.9725 -0.0619 0.2247
vn -0.9969 -0.0209 0.0759
vn -0.9969 -0.0209 0.0758
vn -0.9969 -0.0274 0.0737
vn -0.9969 -0.0337 0.0710
vn -0.9969 -0.0274 0.0736
vn -0.9724 -0.0812 0.2185
vn -0.9724 -0.0813 0.2187
vn -0.9724 -0.1001 0.2107
vn -0.9969 -0.0398 0.0678
vn -0.9969 -0.0397 0.0678
vn -0.9724 -0.1001 0.2108
vn -0.9724 -0.1181 0.2013
vn -0.9969 -0.0455 0.0640
vn -0.9969 -0.0455 0.0641
vn -0.9724 -0.1180 0.2012
vn -0.9724 -0.1351 0.1902
vn -0.9724 -0.1512 0.1777
vn -0.9969 -0.0509 0.0598
vn -0.9969 -0.0509 0.0599
vn -0.9969 -0.0560 0.0553
vn -0.9969 -0.0606 0.0501
vn -0.9969 -0.0560 0.0552
vn -0.9724 -0.1661 0.1638
vn -0.9724 -0.1660 0.1637
vn -0.9724 -0.1796 0.1486
vn -0.9969 -0.0605 0.0501
vn -0.9969 -0.0647 0.0446
vn -0.9724 -0.1797 0.1487
vn -0.9724 -0.1920 0.1325
vn -0.9969 -0.0683 0.0388
vn -0.9724 -0.2028 0.1152
vn -0.9969 -0.0684 0.0389
vn -0.9969 -0.0715 0.0327
vn -0.9969 -0.0741 0.0264
vn -0.9969 -0.0740 0.0264
vn -0.9724 -0.2120 0.0971
vn -0.9724 -0.2121 0.0972
vn -0.9724 -0.2198 0.0783
vn -0.9969 -0.0760 0.0198
vn -0.9724 -0.2258 0.0589
vn -0.9724 -0.2257 0.0588
vn -0.9724 -0.2300 0.0389
vn -0.9969 -0.0775 0.0131
vn -0.9969 -0.0784 0.0063
vn -0.9236 -0.3710 0.0967
vn -0.9236 -0.3781 0.0640
vn -0.8526 -0.4923 0.1754
vn -0.8528 -0.4920 0.1754
vn -0.9236 -0.3612 0.1287
vn -0.8528 -0.5054 0.1317
vn -0.7604 -0.6117 0.2180
vn -0.7600 -0.6123 0.2181
vn -0.7600 -0.6290 0.1639
vn -0.8527 -0.5055 0.1318
vn -0.7601 -0.6288 0.1639
vn -0.7601 -0.6407 0.1085
vn -0.8527 -0.5150 0.0872
vn -0.8527 -0.5151 0.0872
vn -0.6490 -0.7362 0.1919
vn -0.6490 -0.7502 0.1270
vn -0.6491 -0.7361 0.1919
vn -0.5218 -0.8036 0.2863
vn -0.5220 -0.8035 0.2863
vn -0.6491 -0.7166 0.2553
vn -0.5220 -0.8254 0.2151
vn -0.3826 -0.8703 0.3101
vn -0.3823 -0.8704 0.3101
vn -0.3823 -0.8942 0.2330
vn -0.5216 -0.8256 0.2152
vn -0.3830 -0.8939 0.2330
vn -0.3830 -0.9108 0.1543
vn -0.5223 -0.8408 0.1424
vn -0.5216 -0.8412 0.1424
vn -0.2330 -0.9410 0.2453
vn -0.2330 -0.9588 0.1623
vn -0.3822 -0.9111 0.1542
vn -0.2333 -0.9409 0.2453
vn -0.0781 -0.9647 0.2515
vn -0.1221 -0.9349 0.3331
vn -0.2333 -0.9160 0.3263
vn -0.0782 -0.9507 0.3002
vn -0.0000 -0.9536 0.3012
vn -0.0000 -0.9677 0.2522
vn -0.0780 -0.9647 0.2515
vn -0.0000 -0.9799 0.1997
vn -0.0780 -0.9769 0.1991
vn -0.0000 -0.9876 0.1569
vn -0.1479 -0.9767 0.1552
vn 0.0780 -0.9769 0.1991
vn 0.0784 -0.9846 0.1564
vn 0.1317 -0.9774 0.1655
vn 0.0780 -0.9647 0.2514
vn 0.2330 -0.9588 0.1624
vn 0.2330 -0.9410 0.2453
vn 0.2333 -0.9410 0.2453
vn 0.0781 -0.9647 0.2515
vn 0.0781 -0.9391 0.3346
vn 0.1314 -0.9312 0.3399
vn 0.2333 -0.9160 0.3263
vn 0.0781 -0.9507 0.3003
vn 0.2332 -0.9160 0.3263
vn 0.0781 -0.9137 0.3987
vn 0.1505 -0.8988 0.4116
vn 0.2332 -0.8841 0.4050
vn 0.2337 -0.8840 0.4049
vn 0.2337 -0.8454 0.4804
vn 0.3818 -0.8402 0.3849
vn 0.3819 -0.8035 0.4567
vn 0.3828 -0.8032 0.4564
vn 0.3828 -0.7603 0.5248
vn 0.3829 -0.7603 0.5247
vn 0.2331 -0.8454 0.4805
vn 0.2331 -0.8004 0.5523
vn 0.3829 -0.7118 0.5889
vn 0.3825 -0.7118 0.5891
vn 0.2330 -0.7492 0.6200
vn 0.2330 -0.8004 0.5524
vn 0.1998 -0.7435 0.6382
vn 0.0782 -0.7842 0.6156
vn 0.0782 -0.8205 0.5663
vn 0.0787 -0.8205 0.5662
vn 0.2334 -0.7492 0.6199
vn 0.0778 -0.7681 0.6356
vn -0.0000 -0.7174 0.6967
vn 0.0779 -0.7152 0.6946
vn -0.0000 -0.7588 0.6513
vn -0.1316 -0.7111 0.6907
vn -0.0779 -0.7565 0.6493
vn -0.0779 -0.7097 0.7002
vn -0.0787 -0.6460 0.7593
vn -0.0789 -0.6459 0.7593
vn -0.0788 -0.6841 0.7252
vn -0.2333 -0.6922 0.6829
vn -0.2332 -0.6301 0.7407
vn -0.2332 -0.6923 0.6829
vn -0.3824 -0.6578 0.6489
vn -0.2334 -0.7492 0.6199
vn -0.3828 -0.7117 0.5890
vn -0.3825 -0.7119 0.5890
vn -0.5216 -0.6573 0.5439
vn -0.3828 -0.7603 0.5247
vn -0.5220 -0.7020 0.4845
vn -0.5216 -0.7023 0.4845
vn -0.6490 -0.6262 0.4321
vn -0.5220 -0.7416 0.4214
vn -0.6487 -0.6617 0.3760
vn -0.6490 -0.6614 0.3760
vn -0.7600 -0.5650 0.3211
vn -0.6486 -0.6920 0.3169
vn -0.7604 -0.5904 0.2704
vn -0.7600 -0.5909 0.2706
vn -0.7601 -0.5650 0.3211
vn -0.8529 -0.4539 0.2580
vn -0.8525 -0.4752 0.2176
vn -0.8529 -0.4746 0.2174
vn -0.8526 -0.4544 0.2582
vn -0.9235 -0.3335 0.1895
vn -0.9236 -0.3486 0.1597
vn -0.9235 -0.3488 0.1597
vn -0.8527 -0.4300 0.2967
vn -0.8526 -0.4302 0.2968
vn -0.9236 -0.3155 0.2177
vn -0.9236 -0.3333 0.1894
vn -0.8526 -0.4026 0.3331
vn -0.8527 -0.4025 0.3331
vn -0.9236 -0.2954 0.2444
vn -0.9236 -0.3156 0.2178
vn -0.8527 -0.3719 0.3668
vn -0.8526 -0.3720 0.3670
vn -0.9236 -0.2729 0.2692
vn -0.9236 -0.2953 0.2444
vn -0.8525 -0.3387 0.3981
vn -0.8527 -0.3385 0.3979
vn -0.9236 -0.2484 0.2919
vn -0.9236 -0.2728 0.2692
vn -0.8525 -0.3027 0.4261
vn -0.9237 -0.2219 0.3124
vn -0.9237 -0.2483 0.2919
vn -0.8528 -0.3025 0.4257
vn -0.8527 -0.2644 0.4507
vn -0.8527 -0.2642 0.4506
vn -0.9236 -0.1939 0.3306
vn -0.9236 -0.2220 0.3124
vn -0.8527 -0.2240 0.4720
vn -0.8526 -0.2240 0.4721
vn -0.9236 -0.1643 0.3463
vn -0.8527 -0.1820 0.4897
vn -0.8526 -0.1820 0.4899
vn -0.9236 -0.1335 0.3592
vn -0.9237 -0.1643 0.3462
vn -0.8526 -0.1387 0.5038
vn -0.9236 -0.1018 0.3697
vn -0.9236 -0.1337 0.3594
vn -0.8527 -0.0942 0.5138
vn -0.8526 -0.0942 0.5140
vn -0.9236 -0.0691 0.3772
vn -0.9236 -0.1018 0.3696
vn -0.8526 -0.0491 0.5202
vn -0.8527 -0.0491 0.5201
vn -0.9236 -0.0360 0.3818
vn -0.9236 -0.0692 0.3771
vn -0.8526 -0.0036 0.5226
vn -0.8527 -0.0035 0.5223
vn -0.9236 -0.0026 0.3833
vn -0.9236 -0.0360 0.3816
vn -0.8527 0.0420 0.5208
vn -0.9236 -0.0026 0.3834
vn -0.9236 0.0308 0.3822
vn -0.8528 0.0420 0.5206
vn -0.8528 0.0872 0.5150
vn -0.8527 0.0872 0.5151
vn -0.9236 0.0640 0.3779
vn -0.9236 0.0308 0.3821
vn -0.8526 0.1318 0.5057
vn -0.8527 0.1318 0.5055
vn -0.9236 0.0967 0.3711
vn -0.9236 0.0640 0.3781
vn -0.8527 0.1754 0.4921
vn -0.8525 0.1754 0.4924
vn -0.9236 0.1287 0.3612
vn -0.9236 0.0967 0.3709
vn -0.8527 0.2176 0.4750
vn -0.8526 0.2176 0.4751
vn -0.9236 0.1597 0.3486
vn -0.9724 0.0972 0.2120
vn -0.9724 0.0783 0.2197
vn -0.9724 0.0783 0.2198
vn -0.8527 0.2581 0.4542
vn -0.8527 0.2581 0.4543
vn -0.9236 0.1894 0.3332
vn -0.8526 0.2968 0.4302
vn -0.8528 0.2967 0.4298
vn -0.9235 0.2178 0.3157
vn -0.9235 0.1895 0.3334
vn -0.8525 0.3333 0.4027
vn -0.8526 0.3332 0.4026
vn -0.9235 0.2445 0.2954
vn -0.9236 0.2178 0.3156
vn -0.8525 0.3671 0.3721
vn -0.9237 0.2691 0.2728
vn -0.9237 0.2443 0.2952
vn -0.8525 0.3670 0.3722
vn -0.8527 0.3979 0.3386
vn -0.8526 0.3981 0.3386
vn -0.9236 0.2920 0.2484
vn -0.9236 0.2692 0.2729
vn -0.8525 0.4260 0.3028
vn -0.8527 0.4259 0.3025
vn -0.9236 0.3126 0.2221
vn -0.8527 0.4506 0.2643
vn -0.8526 0.4508 0.2644
vn -0.9236 0.3307 0.1939
vn -0.9236 0.3125 0.2220
vn -0.8525 0.4722 0.2242
vn -0.8527 0.4719 0.2240
vn -0.9235 0.3465 0.1645
vn -0.9235 0.3308 0.1941
vn -0.8526 0.4898 0.1820
vn -0.8525 0.4900 0.1821
vn -0.9237 0.3591 0.1335
vn -0.9237 0.3461 0.1642
vn -0.8526 0.5039 0.1387
vn -0.8526 0.5038 0.1386
vn -0.9237 0.3694 0.1017
vn -0.9237 0.3592 0.1335
vn -0.8527 0.5138 0.0943
vn -0.8526 0.5140 0.0943
vn -0.9236 0.3770 0.0691
vn -0.9236 0.3695 0.1017
vn -0.8527 0.5201 0.0490
vn -0.9236 0.3818 0.0360
vn -0.9235 0.3772 0.0692
vn -0.8526 0.5226 0.0036
vn -0.8527 0.5224 0.0036
vn -0.9235 0.3837 0.0027
vn -0.9235 0.3820 0.0361
vn -0.8523 0.5214 -0.0420
vn -0.8526 0.5209 -0.0420
vn -0.9236 0.3821 -0.0308
vn -0.9236 0.3833 0.0026
vn -0.7601 0.6407 -0.1084
vn -0.7604 0.6404 -0.1084
vn -0.8523 0.5157 -0.0872
vn -0.7604 0.6474 -0.0523
vn -0.6490 0.7502 -0.1270
vn -0.6489 0.7502 -0.1270
vn -0.6489 0.7584 -0.0611
vn -0.7601 0.6477 -0.0522
vn -0.6490 0.7584 -0.0611
vn -0.6490 0.7608 0.0051
vn -0.7603 0.6496 0.0044
vn -0.7601 0.6498 0.0044
vn -0.6487 0.7610 0.0052
vn -0.6487 0.7577 0.0716
vn -0.7596 0.6475 0.0612
vn -0.7603 0.6467 0.0610
vn -0.6496 0.7570 0.0714
vn -0.6496 0.7478 0.1371
vn -0.7601 0.6392 0.1172
vn -0.7596 0.6397 0.1174
vn -0.6496 0.7330 0.2017
vn -0.7600 0.6266 0.1724
vn -0.7601 0.6266 0.1724
vn -0.6493 0.7332 0.2019
vn -0.6493 0.7129 0.2650
vn -0.7602 0.6090 0.2263
vn -0.7600 0.6092 0.2265
vn -0.6486 0.7134 0.2653
vn -0.6486 0.6876 0.3264
vn -0.7601 0.5871 0.2786
vn -0.7601 0.5870 0.2786
vn -0.6491 0.6873 0.3261
vn -0.6491 0.6562 0.3849
vn -0.7600 0.5606 0.3288
vn -0.6495 0.6559 0.3847
vn -0.6495 0.6199 0.4403
vn -0.7601 0.5297 0.3763
vn -0.7600 0.5298 0.3764
vn -0.6492 0.6201 0.4405
vn -0.6492 0.5793 0.4929
vn -0.7598 0.4952 0.4213
vn -0.7601 0.4949 0.4210
vn -0.6496 0.5791 0.4926
vn -0.6496 0.5340 0.5412
vn -0.7601 0.4563 0.4626
vn -0.7598 0.4565 0.4628
vn -0.6492 0.5341 0.5416
vn -0.6492 0.4849 0.5860
vn -0.7601 0.4143 0.5006
vn -0.6491 0.4850 0.5861
vn -0.6491 0.4321 0.6261
vn -0.7599 0.3692 0.5350
vn -0.7601 0.3691 0.5348
vn -0.6488 0.4322 0.6263
vn -0.6488 0.3759 0.6616
vn -0.7599 0.3211 0.5651
vn -0.7600 0.3211 0.5651
vn -0.6494 0.3758 0.6611
vn -0.6494 0.3167 0.6914
vn -0.7600 0.2706 0.5909
vn -0.7600 0.2707 0.5909
vn -0.6492 0.3167 0.6915
vn -0.6492 0.2553 0.7165
vn -0.7602 0.2181 0.6120
vn -0.7600 0.2181 0.6122
vn -0.6490 0.2553 0.7167
vn -0.6491 0.1919 0.7361
vn -0.7599 0.1639 0.6291
vn -0.7602 0.1639 0.6287
vn -0.6493 0.1919 0.7360
vn -0.6492 0.1270 0.7499
vn -0.7599 0.1085 0.6409
vn -0.6490 0.1270 0.7501
vn -0.6491 0.0611 0.7582
vn -0.7599 0.0522 0.6479
vn -0.7599 0.0522 0.6480
vn -0.6492 0.0611 0.7582
vn -0.6491 -0.0052 0.7607
vn -0.7600 -0.0044 0.6499
vn -0.7599 -0.0044 0.6500
vn -0.6492 -0.0052 0.7606
vn -0.6491 -0.0714 0.7573
vn -0.7602 -0.0610 0.6469
vn -0.7600 -0.0611 0.6471
vn -0.6489 -0.0715 0.7575
vn -0.6488 -0.1373 0.7485
vn -0.7600 -0.1173 0.6393
vn -0.7602 -0.1172 0.6391
vn -0.6490 -0.1372 0.7483
vn -0.6490 -0.2019 0.7335
vn -0.7600 -0.1725 0.6266
vn -0.6491 -0.2019 0.7335
vn -0.6490 -0.2651 0.7131
vn -0.7600 -0.2264 0.6092
vn -0.7601 -0.2264 0.6091
vn -0.6491 -0.2650 0.7131
vn -0.6491 -0.3262 0.6873
vn -0.7600 -0.2787 0.5871
vn -0.6488 -0.3263 0.6874
vn -0.6488 -0.3850 0.6564
vn -0.7598 -0.3289 0.5608
vn -0.7600 -0.3288 0.5606
vn -0.6492 -0.3847 0.6561
vn -0.6492 -0.4405 0.6201
vn -0.7600 -0.3764 0.5298
vn -0.7598 -0.3766 0.5300
vn -0.6490 -0.4406 0.6202
vn -0.6491 -0.4929 0.5794
vn -0.7599 -0.4212 0.4951
vn -0.7600 -0.4211 0.4951
vn -0.6490 -0.4930 0.5795
vn -0.6490 -0.5417 0.5342
vn -0.7599 -0.4628 0.4565
vn -0.7599 -0.4628 0.4564
vn -0.6495 -0.5413 0.5340
vn -0.6495 -0.5857 0.4848
vn -0.7600 -0.5007 0.4144
vn -0.7599 -0.5008 0.4144
vn -0.6491 -0.5861 0.4850
vn -0.6491 -0.6261 0.4321
vn -0.7601 -0.5349 0.3691
vn -0.7600 -0.5350 0.3691
vn -0.5219 -0.6073 0.5990
vn -0.5217 -0.6073 0.5992
vn -0.5217 -0.6573 0.5439
vn -0.3827 -0.5987 0.7037
vn -0.3825 -0.5987 0.7037
vn -0.5219 -0.5527 0.6497
vn -0.3825 -0.6577 0.6489
vn -0.3826 -0.5351 0.7532
vn -0.5220 -0.4940 0.6954
vn -0.5220 -0.5527 0.6496
vn -0.3825 -0.4675 0.7970
vn -0.3826 -0.4674 0.7970
vn -0.5217 -0.4316 0.7359
vn -0.5218 -0.4941 0.6954
vn -0.3825 -0.3962 0.8347
vn -0.5224 -0.3656 0.7704
vn -0.5224 -0.4313 0.7356
vn -0.3823 -0.3219 0.8661
vn -0.3825 -0.3219 0.8661
vn -0.5221 -0.2972 0.7995
vn -0.5221 -0.3658 0.7705
vn -0.3822 -0.2453 0.8909
vn -0.3823 -0.2453 0.8909
vn -0.5221 -0.2264 0.8223
vn -0.5221 -0.2972 0.7994
vn -0.3822 -0.1667 0.9089
vn -0.3823 -0.1666 0.9089
vn -0.5222 -0.1538 0.8388
vn -0.5223 -0.2263 0.8222
vn -0.3822 -0.0868 0.9200
vn -0.5221 -0.0801 0.8491
vn -0.3822 -0.0063 0.9241
vn -0.3823 -0.0063 0.9240
vn -0.5221 -0.0058 0.8529
vn -0.3823 0.0742 0.9210
vn -0.5219 -0.0058 0.8530
vn -0.5218 0.0685 0.8503
vn -0.3827 0.0742 0.9209
vn -0.3824 0.1542 0.9110
vn -0.3828 0.1542 0.9109
vn -0.5219 0.1423 0.8410
vn -0.5220 0.0686 0.8502
vn -0.3827 0.2331 0.8940
vn -0.3824 0.2331 0.8941
vn -0.5219 0.2152 0.8254
vn -0.3820 0.3101 0.8706
vn -0.3827 0.3101 0.8703
vn -0.5218 0.2862 0.8036
vn -0.5218 0.2152 0.8255
vn -0.3821 0.3848 0.8402
vn -0.3819 0.3848 0.8403
vn -0.5221 0.3551 0.7754
vn -0.5222 0.2862 0.8034
vn -0.3825 0.4565 0.8033
vn -0.3821 0.4565 0.8035
vn -0.5220 0.4214 0.7416
vn -0.5220 0.3552 0.7754
vn -0.3828 0.5247 0.7603
vn -0.3825 0.5248 0.7604
vn -0.5224 0.4844 0.7017
vn -0.5224 0.4214 0.7413
vn -0.3825 0.5890 0.7119
vn -0.3829 0.5890 0.7117
vn -0.5219 0.5439 0.6572
vn -0.5218 0.4845 0.7021
vn -0.3825 0.6489 0.6578
vn -0.5218 0.5991 0.6073
vn -0.5217 0.5439 0.6573
vn -0.3823 0.6489 0.6579
vn -0.3822 0.7038 0.5988
vn -0.3823 0.7038 0.5987
vn -0.5219 0.6497 0.5527
vn -0.5219 0.5990 0.6073
vn -0.3823 0.7533 0.5351
vn -0.3822 0.7534 0.5351
vn -0.5220 0.6954 0.4939
vn -0.3820 0.7971 0.4676
vn -0.3823 0.7970 0.4675
vn -0.5214 0.7360 0.4317
vn -0.5214 0.6956 0.4942
vn -0.3829 0.8346 0.3961
vn -0.3820 0.8349 0.3963
vn -0.5221 0.7705 0.3656
vn -0.5221 0.7357 0.4315
vn -0.3830 0.8659 0.3218
vn -0.3829 0.8659 0.3218
vn -0.5222 0.7994 0.2971
vn -0.5222 0.7705 0.3656
vn -0.3821 0.8910 0.2453
vn -0.3830 0.8906 0.2451
vn -0.5213 0.8228 0.2265
vn -0.5213 0.7999 0.2975
vn -0.3823 0.9089 0.1666
vn -0.3821 0.9090 0.1667
vn -0.5216 0.8392 0.1538
vn -0.5216 0.8226 0.2265
vn -0.3823 0.9200 0.0868
vn -0.5218 0.8493 0.0801
vn -0.5218 0.8391 0.1538
vn -0.3822 0.9200 0.0868
vn -0.3826 0.9239 0.0063
vn -0.3822 0.9241 0.0063
vn -0.5221 0.8529 0.0058
vn -0.5221 0.8491 0.0801
vn -0.3823 0.9211 -0.0742
vn -0.3826 0.9209 -0.0742
vn -0.5219 0.8503 -0.0685
vn -0.5219 0.8530 0.0058
vn -0.3817 0.9113 -0.1543
vn -0.3823 0.9111 -0.1543
vn -0.5223 0.8408 -0.1423
vn -0.5223 0.8500 -0.0685
vn -0.3823 0.8941 -0.2331
vn -0.3817 0.8944 -0.2331
vn -0.5222 0.8253 -0.2151
vn -0.5222 0.8409 -0.1423
vn -0.3820 0.8706 -0.3101
vn -0.3824 0.8704 -0.3100
vn -0.5220 0.8035 -0.2862
vn -0.5220 0.8253 -0.2152
vn -0.5223 0.8033 -0.2862
vn -0.6491 0.7166 -0.2553
vn -0.6490 0.7362 -0.1919
vn -0.6491 0.7361 -0.1919
vn -0.3830 0.8398 -0.3848
vn -0.3820 0.8402 -0.3848
vn -0.5223 0.7753 -0.3552
vn -0.2331 0.8454 -0.4805
vn -0.2324 0.8456 -0.4805
vn -0.3830 0.8031 -0.4564
vn -0.2324 0.8843 -0.4050
vn -0.0786 0.9063 -0.4152
vn -0.0787 0.8816 -0.4654
vn -0.2332 0.8841 -0.4050
vn -0.1409 0.8608 -0.4891
vn -0.0000 0.8630 -0.5052
vn -0.0786 0.8603 -0.5036
vn -0.0000 0.8843 -0.4669
vn -0.0000 0.9091 -0.4165
vn 0.0786 0.9063 -0.4153
vn 0.0786 0.8816 -0.4655
vn 0.0788 0.9063 -0.4152
vn 0.2324 0.8456 -0.4806
vn 0.2324 0.8842 -0.4051
vn 0.2331 0.8455 -0.4804
vn 0.0785 0.8668 -0.4925
vn 0.1663 0.8510 -0.4982
vn 0.2332 0.9160 -0.3263
vn 0.2332 0.8841 -0.4049
vn 0.0789 0.9257 -0.3699
vn 0.1095 0.9364 -0.3336
vn 0.1524 0.9564 -0.2493
vn 0.0789 0.9593 -0.2710
vn 0.0788 0.9408 -0.3298
vn 0.2333 0.9410 -0.2453
vn 0.2333 0.9160 -0.3263
vn 0.3824 0.8942 -0.2330
vn 0.2336 0.9409 -0.2452
vn 0.3824 0.8704 -0.3100
vn 0.3820 0.8706 -0.3101
vn 0.3820 0.8402 -0.3849
vn 0.5218 0.7755 -0.3553
vn 0.5225 0.8032 -0.2861
vn 0.5225 0.7752 -0.3550
vn 0.6493 0.6612 -0.3758
vn 0.6493 0.6914 -0.3167
vn 0.6493 0.6612 -0.3757
vn 0.5219 0.7416 -0.4215
vn 0.5217 0.7417 -0.4215
vn 0.5217 0.7021 -0.4846
vn 0.6489 0.6262 -0.4322
vn 0.6493 0.6260 -0.4319
vn 0.6489 0.5861 -0.4851
vn 0.7604 0.5004 -0.4140
vn 0.7597 0.5009 -0.4147
vn 0.7604 0.5345 -0.3688
vn 0.7597 0.4629 -0.4567
vn 0.7602 0.4625 -0.4562
vn 0.6490 0.5416 -0.5342
vn 0.6490 0.5861 -0.4851
vn 0.6490 0.5416 -0.5343
vn 0.5225 0.6070 -0.5987
vn 0.5225 0.6568 -0.5436
vn 0.5222 0.6570 -0.5437
vn 0.3823 0.7605 -0.5248
vn 0.3823 0.7119 -0.5891
vn 0.3828 0.7604 -0.5247
vn 0.5222 0.7019 -0.4843
vn 0.2336 0.8003 -0.5522
vn 0.2336 0.7491 -0.6199
vn 0.2331 0.8004 -0.5523
vn 0.5225 0.6070 -0.5988
vn 0.3823 0.6579 -0.6489
vn 0.6487 0.4931 -0.5796
vn 0.6490 0.4930 -0.5794
vn 0.7602 0.4210 -0.4948
vn 0.7603 0.4210 -0.4948
vn 0.8525 0.4027 -0.3333
vn 0.8526 0.4026 -0.3331
vn 0.7599 0.5350 -0.3692
vn 0.8525 0.4302 -0.2970
vn 0.9237 0.2951 -0.2442
vn 0.8526 0.4301 -0.2968
vn 0.9237 0.3153 -0.2176
vn 0.9237 0.3153 -0.2175
vn 0.9723 0.1924 -0.1328
vn 0.9723 0.1801 -0.1490
vn 0.9723 0.1800 -0.1489
vn 0.9969 0.0606 -0.0502
vn 0.9969 0.0606 -0.0501
vn 0.9969 0.0647 -0.0446
vn 0.9969 0.0647 -0.0447
vn 0.9969 0.0684 -0.0388
vn 0.9969 0.0684 -0.0389
vn 0.9969 0.0715 -0.0327
vn 0.9723 0.2031 -0.1154
vn 0.9723 0.2123 -0.0973
vn 0.9723 0.2124 -0.0973
vn 0.9236 0.3611 -0.1287
vn 0.9723 0.2201 -0.0785
vn 0.9237 0.3609 -0.1285
vn 0.9237 0.3483 -0.1595
vn 0.9237 0.3482 -0.1595
vn 0.8526 0.4751 -0.2176
vn 0.8526 0.4923 -0.1754
vn 0.8524 0.4754 -0.2178
vn 0.7600 0.6122 -0.2181
vn 0.7599 0.5910 -0.2707
vn 0.7599 0.6124 -0.2182
vn 0.6490 0.7362 -0.1920
vn 0.6491 0.7361 -0.1919
vn 0.7600 0.6289 -0.1640
vn 0.6491 0.7166 -0.2553
vn 0.5223 0.8252 -0.2151
vn 0.5222 0.8252 -0.2151
vn 0.5222 0.8034 -0.2862
vn 0.6493 0.7164 -0.2552
vn 0.3817 0.9113 -0.1544
vn 0.3817 0.8944 -0.2332
vn 0.5223 0.8408 -0.1423
vn 0.3823 0.9111 -0.1542
vn 0.3823 0.9210 -0.0743
vn 0.2333 0.9693 -0.0781
vn 0.2326 0.9694 -0.0782
vn 0.2326 0.9589 -0.1624
vn 0.0786 0.9967 -0.0212
vn 0.0786 0.9937 -0.0802
vn 0.1463 0.9892 0.0068
vn 0.2333 0.9724 0.0066
vn -0.0000 0.9998 -0.0212
vn -0.0000 0.9998 0.0221
vn 0.0786 0.9967 0.0221
vn -0.0000 0.9965 0.0837
vn 0.1484 0.9855 0.0828
vn 0.0786 0.9925 0.0936
vn 0.0777 0.9806 0.1798
vn 0.0778 0.9888 0.1271
vn 0.2334 0.9681 0.0913
vn 0.2337 0.9680 0.0914
vn 0.2337 0.9564 0.1754
vn 0.0782 0.9806 0.1798
vn 0.0783 0.9701 0.2296
vn 0.1221 0.9569 0.2635
vn 0.2336 0.9375 0.2581
vn 0.2336 0.9564 0.1754
vn 0.3821 0.9090 0.1666
vn 0.3823 0.9089 0.1667
vn 0.2328 0.9377 0.2580
vn 0.3821 0.8910 0.2452
vn 0.3830 0.8906 0.2452
vn 0.5218 0.8225 0.2265
vn 0.5217 0.8391 0.1538
vn 0.5219 0.8390 0.1538
vn 0.6496 0.7569 0.0716
vn 0.6496 0.7478 0.1371
vn 0.6487 0.7577 0.0715
vn 0.5219 0.8492 0.0801
vn 0.6487 0.7610 0.0051
vn 0.5223 0.8490 0.0801
vn 0.5223 0.8528 0.0058
vn 0.6490 0.7608 0.0052
vn 0.6490 0.7584 -0.0611
vn 0.7601 0.6497 0.0044
vn 0.7602 0.6476 -0.0523
vn 0.7604 0.6473 -0.0522
vn 0.6489 0.7584 -0.0611
vn 0.7604 0.6403 -0.1083
vn 0.6489 0.7502 -0.1270
vn 0.7601 0.6406 -0.1084
vn 0.7602 0.6287 -0.1639
vn 0.8526 0.5153 -0.0872
vn 0.8526 0.5057 -0.1318
vn 0.8521 0.5160 -0.0874
vn 0.9237 0.3777 -0.0640
vn 0.9237 0.3707 -0.0966
vn 0.9236 0.3710 -0.0967
vn 0.9238 0.3775 -0.0639
vn 0.9723 0.2303 -0.0390
vn 0.9723 0.2261 -0.0589
vn 0.9724 0.2258 -0.0588
vn 0.9969 0.0762 -0.0199
vn 0.9969 0.0741 -0.0264
vn 0.9724 0.2198 -0.0783
vn 0.9969 0.0715 -0.0328
vn -0.0000 0.8757 -0.4829
vn -0.0000 0.9448 -0.3276
vn -0.0000 0.7816 -0.6238
vn -0.0000 -0.8758 0.4827
vn -0.0000 -0.9447 0.3280
vn -0.0000 0.9452 -0.3266
vn -0.0000 0.9864 -0.1641
vn -0.0000 1.0000 0.0057
vn -0.0000 0.9847 0.1742
vn -0.0000 -0.9846 -0.1746
vn -0.0000 -1.0000 -0.0058
vn -0.0000 -0.9412 -0.3378
vn -0.0000 -0.8700 -0.4931
vn -0.0000 0.8703 0.4925
vn -0.0000 0.7741 0.6331
vn -0.0000 0.6565 0.7544
vn -0.0000 -0.7746 -0.6325
vn -0.0000 -0.6565 -0.7544
vn -0.0000 -0.5194 -0.8546
vn -0.0000 -0.5194 -0.8545
vn -0.0000 -0.3680 -0.9298
vn -0.0000 -0.2044 -0.9789
vn -0.0000 0.0790 0.9969
vn -0.0000 0.2054 0.9787
vn -0.0000 -0.0058 1.0000
vn -0.0000 -0.1325 0.9912
vn -0.0000 0.0048 -1.0000
vn -0.0000 0.1329 -0.9911
vn -0.0000 0.2983 -0.9545
vn -0.0000 -0.2987 0.9544
vn -0.0000 -0.4547 0.8907
vn -0.0000 -0.2987 0.9543
vn -0.0000 -0.5996 0.8003
vn -0.0000 -0.7256 0.6881
vn -0.0000 -0.8316 0.5554
vn -0.0000 -0.9138 0.4062
vn -0.0000 -0.9689 0.2475
vn -0.0000 0.9136 -0.4067
vn -0.0000 0.9689 -0.2476
vn -0.0000 0.8319 -0.5549
vn -0.0000 -0.9136 0.4066
vn -0.0000 -0.8317 0.5553
vn 0.9969 -0.0715 0.0327
vn 0.9969 -0.0684 0.0389
vn 0.9969 -0.0715 0.0328
vn 0.9969 -0.0741 0.0264
vn 0.9723 -0.2202 0.0784
vn 0.9723 -0.2201 0.0784
vn 0.9723 -0.2124 0.0973
vn 0.9237 -0.3609 0.1286
vn 0.9237 -0.3609 0.1285
vn 0.9237 -0.3483 0.1595
vn 0.9723 -0.2123 0.0972
vn 0.9236 -0.3485 0.1596
vn 0.9236 -0.3332 0.1894
vn 0.9723 -0.2031 0.1154
vn 0.9723 -0.1922 0.1327
vn 0.9237 -0.3152 0.2175
vn 0.9238 -0.3330 0.1892
vn 0.9723 -0.1923 0.1327
vn 0.9969 -0.0606 0.0501
vn 0.9969 -0.0606 0.0502
vn 0.9969 -0.0647 0.0447
vn 0.9723 -0.1799 0.1489
vn 0.9724 -0.1799 0.1489
vn 0.9724 -0.1662 0.1640
vn 0.9969 -0.0560 0.0552
vn 0.9969 -0.0560 0.0553
vn 0.9969 -0.0510 0.0599
vn 0.9969 -0.0455 0.0641
vn 0.9723 -0.1353 0.1905
vn 0.9723 -0.1514 0.1779
vn 0.9237 -0.2726 0.2690
vn 0.9723 -0.1663 0.1640
vn 0.9238 -0.2481 0.2916
vn 0.9238 -0.2726 0.2689
vn 0.9238 -0.2951 0.2441
vn 0.8525 -0.4027 0.3333
vn 0.8525 -0.4028 0.3333
vn 0.8524 -0.3722 0.3672
vn 0.7600 -0.5007 0.4144
vn 0.7599 -0.5008 0.4145
vn 0.7599 -0.4628 0.4565
vn 0.8526 -0.3721 0.3670
vn 0.7599 -0.4628 0.4564
vn 0.7599 -0.4212 0.4951
vn 0.8526 -0.3387 0.3981
vn 0.8524 -0.3389 0.3983
vn 0.8523 -0.3028 0.4264
vn 0.8526 -0.3027 0.4260
vn 0.7600 -0.3764 0.5298
vn 0.7600 -0.4211 0.4950
vn 0.7598 -0.3765 0.5300
vn 0.6490 -0.4406 0.6202
vn 0.6491 -0.4929 0.5794
vn 0.6490 -0.4930 0.5795
vn 0.5221 -0.6072 0.5990
vn 0.5220 -0.5527 0.6497
vn 0.6490 -0.5416 0.5343
vn 0.5219 -0.6072 0.5991
vn 0.6495 -0.5858 0.4847
vn 0.6495 -0.5413 0.5339
vn 0.5218 -0.6573 0.5438
vn 0.5219 -0.6572 0.5438
vn 0.6491 -0.5860 0.4850
vn 0.5218 -0.7021 0.4845
vn 0.6491 -0.6261 0.4320
vn 0.5222 -0.7020 0.4843
vn 0.6490 -0.6615 0.3759
vn 0.6490 -0.6262 0.4321
vn 0.5222 -0.7414 0.4215
vn 0.5227 -0.7412 0.4212
vn 0.5220 -0.7755 0.3553
vn 0.6486 -0.6919 0.3170
vn 0.5227 -0.7751 0.3550
vn 0.6487 -0.6617 0.3761
vn 0.7600 -0.5909 0.2706
vn 0.7600 -0.5650 0.3211
vn 0.7601 -0.5650 0.3211
vn 0.6489 -0.6917 0.3168
vn 0.7604 -0.6118 0.2179
vn 0.7604 -0.5905 0.2704
vn 0.6491 -0.7166 0.2552
vn 0.6489 -0.7167 0.2553
vn 0.5221 -0.8034 0.2862
vn 0.5221 -0.8253 0.2151
vn 0.6491 -0.7361 0.1919
vn 0.5218 -0.8255 0.2152
vn 0.3822 -0.9111 0.1543
vn 0.5218 -0.8411 0.1425
vn 0.3830 -0.8939 0.2329
vn 0.3830 -0.9108 0.1542
vn 0.5220 -0.8035 0.2863
vn 0.3824 -0.8704 0.3101
vn 0.3824 -0.8941 0.2331
vn 0.8524 -0.4926 0.1755
vn 0.8524 -0.4754 0.2178
vn 0.7600 -0.6123 0.2182
vn 0.8527 -0.4749 0.2174
vn 0.7600 -0.5349 0.3691
vn 0.8524 -0.4546 0.2584
vn 0.8524 -0.4304 0.2970
vn 0.8525 -0.4303 0.2969
vn 0.8527 -0.4542 0.2580
vn 0.3826 -0.8703 0.3100
vn 0.3827 -0.8400 0.3846
vn 0.7600 -0.5350 0.3692
vn 0.5222 -0.5527 0.6496
vn 0.3825 -0.6578 0.6489
vn 0.3825 -0.5987 0.7037
vn 0.3825 -0.6577 0.6489
vn 0.3827 -0.5987 0.7037
vn 0.2332 -0.6923 0.6830
vn 0.2332 -0.6302 0.7406
vn 0.2333 -0.6923 0.6829
vn 0.3826 -0.5351 0.7532
vn 0.3827 -0.5351 0.7532
vn 0.2328 -0.5632 0.7928
vn 0.2327 -0.6302 0.7408
vn 0.0786 -0.6460 0.7593
vn 0.0788 -0.6460 0.7593
vn 0.0789 -0.6041 0.7930
vn 0.0791 -0.5774 0.8126
vn 0.1487 -0.5645 0.8120
vn 0.2328 -0.5633 0.7928
vn -0.0000 -0.5708 0.8211
vn -0.0000 -0.6060 0.7955
vn -0.0792 -0.5690 0.8185
vn -0.0789 -0.6041 0.7930
vn -0.1326 -0.5740 0.8080
vn -0.2328 -0.5633 0.7928
vn -0.0791 -0.5043 0.8599
vn -0.2329 -0.4920 0.8389
vn -0.2328 -0.5632 0.7928
vn -0.0787 -0.4799 0.8738
vn -0.0786 -0.4274 0.9006
vn -0.0784 -0.4275 0.9006
vn -0.2330 -0.4170 0.8786
vn -0.1827 -0.5103 0.8404
vn -0.0000 -0.3861 0.9225
vn -0.0785 -0.3849 0.9196
vn -0.0000 -0.4288 0.9034
vn -0.0000 -0.4814 0.8765
vn 0.0787 -0.4799 0.8738
vn 0.0786 -0.4275 0.9006
vn 0.0783 -0.4274 0.9006
vn 0.0948 -0.3469 0.9331
vn 0.2334 -0.3388 0.9115
vn 0.0784 -0.3849 0.9196
vn 0.2330 -0.4170 0.8785
vn 0.2330 -0.3388 0.9116
vn 0.3823 -0.3219 0.8662
vn 0.3823 -0.2453 0.8909
vn 0.3822 -0.2453 0.8909
vn 0.2333 -0.2581 0.9375
vn 0.2331 -0.2581 0.9376
vn 0.2330 -0.1754 0.9565
vn 0.3823 -0.1666 0.9089
vn 0.3822 -0.1666 0.9089
vn 0.5223 -0.0801 0.8490
vn 0.3822 -0.0868 0.9200
vn 0.5224 -0.1538 0.8387
vn 0.6492 -0.0715 0.7573
vn 0.6488 -0.1372 0.7484
vn 0.6489 -0.0714 0.7575
vn 0.7599 -0.0044 0.6500
vn 0.7599 -0.0610 0.6472
vn 0.7599 -0.0044 0.6501
vn 0.6492 -0.0052 0.7606
vn 0.7598 0.0522 0.6480
vn 0.6492 0.0611 0.7582
vn 0.7599 0.0522 0.6479
vn 0.6491 0.0611 0.7583
vn 0.5220 0.0686 0.8502
vn 0.5220 -0.0058 0.8529
vn 0.5222 -0.0058 0.8528
vn 0.6490 0.1270 0.7501
vn 0.5221 0.1423 0.8409
vn 0.5221 0.0685 0.8501
vn 0.6493 0.1269 0.7499
vn 0.6493 0.1918 0.7360
vn 0.5220 0.1423 0.8410
vn 0.6491 0.1919 0.7361
vn 0.5220 0.2152 0.8253
vn 0.7602 0.2181 0.6120
vn 0.7600 0.2182 0.6123
vn 0.7601 0.1639 0.6288
vn 0.6490 0.2554 0.7166
vn 0.7600 0.2706 0.5909
vn 0.6492 0.2553 0.7165
vn 0.6492 0.3167 0.6915
vn 0.7599 0.2707 0.5910
vn 0.8526 0.2582 0.4544
vn 0.8525 0.2583 0.4545
vn 0.8525 0.2177 0.4752
vn 0.7599 0.3212 0.5651
vn 0.7600 0.3692 0.5349
vn 0.7600 0.3211 0.5651
vn 0.8525 0.2970 0.4302
vn 0.8526 0.2968 0.4302
vn 0.8524 0.3333 0.4028
vn 0.9237 0.2176 0.3153
vn 0.9237 0.2443 0.2952
vn 0.9238 0.2441 0.2949
vn 0.9238 0.2688 0.2726
vn 0.9723 0.1490 0.1800
vn 0.9723 0.1641 0.1663
vn 0.9723 0.1640 0.1663
vn 0.9723 0.1779 0.1514
vn 0.9723 0.1780 0.1514
vn 0.9237 0.2918 0.2482
vn 0.9237 0.2690 0.2727
vn 0.8524 0.3983 0.3388
vn 0.8524 0.3672 0.3723
vn 0.8523 0.3673 0.3723
vn 0.8523 0.3335 0.4029
vn 0.7602 0.4562 0.4625
vn 0.7602 0.4142 0.5006
vn 0.7602 0.4143 0.5005
vn 0.7599 0.4565 0.4628
vn 0.6492 0.4849 0.5860
vn 0.6491 0.4850 0.5861
vn 0.6492 0.5342 0.5414
vn 0.5220 0.5438 0.6571
vn 0.6496 0.5339 0.5413
vn 0.5219 0.5990 0.6073
vn 0.5219 0.5438 0.6571
vn 0.3829 0.5247 0.7603
vn 0.3829 0.5890 0.7117
vn 0.3825 0.5248 0.7604
vn 0.5220 0.4845 0.7020
vn 0.5225 0.4842 0.7018
vn 0.5225 0.4213 0.7413
vn 0.3824 0.4565 0.8033
vn 0.3821 0.4566 0.8034
vn 0.3821 0.3848 0.8402
vn 0.3819 0.3849 0.8402
vn 0.5222 0.3551 0.7754
vn 0.5221 0.4214 0.7415
vn 0.6494 0.3167 0.6914
vn 0.6494 0.3757 0.6612
vn 0.5223 0.3551 0.7753
vn 0.6489 0.3760 0.6615
vn 0.3820 0.3102 0.8706
vn 0.3827 0.3100 0.8703
vn 0.5223 0.2862 0.8033
vn 0.2331 0.2453 0.9410
vn 0.2331 0.3264 0.9160
vn 0.2333 0.2453 0.9410
vn 0.3827 0.2330 0.8940
vn 0.3824 0.2331 0.8941
vn 0.3824 0.1543 0.9110
vn 0.2330 0.1624 0.9588
vn 0.2333 0.1623 0.9588
vn 0.0784 0.1107 0.9908
vn 0.0784 0.1664 0.9829
vn 0.1405 0.0795 0.9869
vn 0.2330 0.0781 0.9693
vn 0.2333 -0.0066 0.9724
vn 0.0785 -0.0068 0.9969
vn 0.0786 0.0673 0.9946
vn 0.2333 0.0781 0.9693
vn -0.0000 0.0675 0.9977
vn -0.0000 0.0676 0.9977
vn -0.0000 0.0059 1.0000
vn 0.1651 0.0059 0.9863
vn -0.0000 -0.0375 0.9993
vn 0.0783 -0.0374 0.9962
vn -0.0000 -0.0940 0.9956
vn 0.0782 -0.0937 0.9925
vn -0.0000 -0.1417 0.9899
vn 0.0786 -0.1413 0.9868
vn 0.0785 -0.0937 0.9925
vn 0.2331 -0.1754 0.9565
vn 0.2331 -0.0914 0.9682
vn 0.2334 -0.0914 0.9681
vn 0.1102 -0.1792 0.9776
vn 0.3822 -0.0063 0.9240
vn 0.3823 -0.0063 0.9240
vn 0.2334 -0.0066 0.9723
vn -0.0000 -0.1855 0.9827
vn 0.0785 -0.1849 0.9796
vn -0.0000 -0.2456 0.9694
vn 0.0785 -0.2448 0.9664
vn -0.0000 -0.2875 0.9578
vn 0.0786 -0.2867 0.9548
vn 0.1526 -0.2623 0.9528
vn -0.0000 -0.3461 0.9382
vn 0.0785 -0.3450 0.9353
vn -0.0787 -0.2867 0.9548
vn -0.0786 -0.3450 0.9353
vn -0.1527 -0.2623 0.9528
vn -0.0948 -0.3469 0.9331
vn -0.2330 -0.3388 0.9115
vn -0.2333 -0.2581 0.9375
vn -0.2333 -0.3388 0.9115
vn -0.0785 -0.2448 0.9664
vn -0.0785 -0.1798 0.9806
vn -0.2330 -0.1754 0.9565
vn -0.2331 -0.2581 0.9376
vn -0.0785 -0.0937 0.9925
vn -0.0782 -0.0937 0.9925
vn -0.0786 -0.1413 0.9869
vn -0.1144 -0.1842 0.9762
vn -0.2330 -0.0914 0.9682
vn -0.2330 -0.1753 0.9565
vn -0.0783 -0.0374 0.9962
vn -0.1401 -0.0067 0.9901
vn -0.2334 -0.0066 0.9724
vn -0.2334 -0.0914 0.9681
vn -0.2333 -0.0066 0.9724
vn -0.2333 0.0781 0.9693
vn -0.0786 0.0801 0.9937
vn -0.0786 0.0059 0.9969
vn -0.0784 0.1664 0.9829
vn -0.0785 0.1107 0.9908
vn -0.0783 0.1664 0.9829
vn -0.2330 0.1623 0.9588
vn -0.2330 0.0781 0.9693
vn -0.1658 0.0666 0.9839
vn -0.0000 0.2149 0.9766
vn -0.0784 0.2142 0.9736
vn -0.0000 0.1669 0.9860
vn 0.0784 0.2143 0.9736
vn 0.0783 0.1664 0.9829
vn -0.0000 0.2572 0.9664
vn 0.1134 0.2555 0.9601
vn -0.0000 0.3162 0.9487
vn -0.0785 0.3152 0.9458
vn -0.0784 0.2564 0.9634
vn -0.1525 0.3316 0.9310
vn -0.2330 0.3263 0.9161
vn -0.1094 0.2508 0.9618
vn -0.2333 0.2453 0.9410
vn -0.2331 0.2453 0.9410
vn -0.0782 0.3562 0.9311
vn -0.0945 0.4146 0.9051
vn -0.2338 0.4049 0.8840
vn -0.2338 0.3264 0.9159
vn -0.0781 0.4128 0.9075
vn -0.0000 0.4141 0.9102
vn -0.0000 0.3573 0.9340
vn 0.0784 0.3152 0.9458
vn 0.1525 0.3316 0.9310
vn 0.0781 0.3562 0.9311
vn 0.0781 0.4129 0.9074
vn 0.0945 0.4146 0.9051
vn 0.2338 0.3262 0.9159
vn 0.2339 0.4048 0.8840
vn 0.2335 0.4049 0.8840
vn 0.0783 0.4511 0.8890
vn 0.0782 0.4926 0.8667
vn 0.2332 0.4805 0.8454
vn 0.2335 0.4804 0.8454
vn 0.0783 0.5428 0.8362
vn 0.2326 0.5525 0.8004
vn 0.0789 0.5663 0.8204
vn 0.2332 0.5523 0.8004
vn 0.1829 0.5708 0.8005
vn -0.0000 0.5806 0.8142
vn -0.0000 0.5444 0.8388
vn -0.0790 0.5788 0.8116
vn -0.0000 0.5445 0.8388
vn -0.0783 0.5427 0.8362
vn -0.1468 0.5619 0.8141
vn -0.0790 0.6356 0.7680
vn -0.2332 0.5524 0.8003
vn -0.2325 0.6200 0.7493
vn -0.2326 0.5524 0.8005
vn -0.0778 0.7001 0.7098
vn -0.2330 0.6829 0.6924
vn -0.2330 0.6200 0.7492
vn -0.0791 0.6608 0.7464
vn -0.0790 0.7001 0.7096
vn -0.1491 0.6225 0.7683
vn -0.0000 0.7376 0.6752
vn -0.0779 0.7354 0.6731
vn -0.0000 0.7023 0.7118
vn -0.0000 0.6629 0.7487
vn 0.0790 0.6608 0.7464
vn 0.0790 0.7000 0.7097
vn 0.0778 0.7002 0.7097
vn 0.2332 0.7407 0.6301
vn 0.2332 0.6828 0.6924
vn 0.0781 0.7593 0.6460
vn 0.1310 0.7600 0.6366
vn 0.0779 0.7354 0.6732
vn -0.0000 0.7666 0.6421
vn -0.0000 0.8046 0.5938
vn -0.2001 0.7884 0.5818
vn -0.0781 0.7643 0.6401
vn -0.0781 0.8127 0.5774
vn -0.0786 0.8273 0.5563
vn -0.2332 0.7928 0.5631
vn -0.0791 0.8599 0.5043
vn -0.2334 0.8388 0.4919
vn -0.2334 0.7927 0.5631
vn -0.0785 0.8599 0.5044
vn -0.0000 0.8626 0.5060
vn -0.0000 0.8298 0.5580
vn 0.0781 0.8022 0.5920
vn 0.1506 0.8059 0.5725
vn 0.0785 0.8273 0.5563
vn 0.2334 0.7927 0.5631
vn 0.2334 0.8387 0.4920
vn 0.2329 0.8389 0.4920
vn 0.0785 0.8599 0.5043
vn 0.2330 0.8785 0.4170
vn 0.2329 0.8786 0.4170
vn 0.0791 0.9006 0.4275
vn 0.0791 0.8598 0.5044
vn -0.0000 0.9034 0.4287
vn 0.0785 0.9006 0.4274
vn -0.0000 0.9281 0.3723
vn -0.0786 0.9252 0.3712
vn -0.0791 0.9006 0.4274
vn -0.0785 0.9006 0.4275
vn -0.1508 0.9266 0.3444
vn -0.2330 0.8785 0.4170
vn -0.2329 0.9116 0.3388
vn -0.2329 0.8786 0.4170
vn -0.0785 0.9406 0.3304
vn -0.0785 0.9611 0.2646
vn -0.2328 0.9376 0.2582
vn -0.2328 0.9116 0.3388
vn -0.0000 0.9620 0.2729
vn -0.1314 0.9537 0.2705
vn -0.0000 0.9435 0.3315
vn 0.0786 0.9252 0.3712
vn 0.1999 0.9244 0.3248
vn 0.0784 0.9591 0.2721
vn 0.0784 0.9345 0.3473
vn -0.0000 0.9731 0.2303
vn -0.0783 0.9701 0.2296
vn -0.0000 0.9836 0.1803
vn -0.0782 0.9806 0.1798
vn -0.0000 0.9918 0.1275
vn -0.0777 0.9806 0.1798
vn -0.0778 0.9888 0.1271
vn -0.0786 0.9934 0.0835
vn -0.1322 0.9868 0.0931
vn -0.2338 0.9680 0.0913
vn -0.0786 0.9969 0.0068
vn -0.2335 0.9723 0.0066
vn -0.2334 0.9681 0.0913
vn -0.0787 0.9967 -0.0212
vn -0.0786 0.9937 -0.0801
vn -0.0792 0.9936 -0.0802
vn -0.2333 0.9693 -0.0782
vn -0.2333 0.9724 0.0067
vn -0.1824 0.9830 0.0218
vn -0.0000 0.9921 -0.1256
vn -0.0793 0.9890 -0.1252
vn -0.0000 0.9968 -0.0804
vn 0.0792 0.9890 -0.1252
vn 0.0791 0.9936 -0.0801
vn -0.0000 0.9855 -0.1695
vn 0.0787 0.9825 -0.1690
vn 0.0961 0.9814 -0.1661
vn -0.0000 0.9732 -0.2300
vn -0.0788 0.9702 -0.2293
vn -0.0788 0.9825 -0.1690
vn -0.1525 0.9564 -0.2493
vn -0.0961 0.9814 -0.1661
vn -0.2326 0.9589 -0.1623
vn -0.2337 0.9409 -0.2453
vn -0.2336 0.9587 -0.1624
vn -0.0789 0.9593 -0.2710
vn -0.0788 0.9391 -0.3345
vn -0.2333 0.9160 -0.3263
vn -0.2333 0.9410 -0.2452
vn -0.0000 0.9437 -0.3308
vn -0.1136 0.9376 -0.3287
vn -0.0000 0.9623 -0.2719
vn -0.0000 0.9286 -0.3711
vn -0.0789 0.9257 -0.3699
vn -0.0788 0.9063 -0.4152
vn 0.0788 0.9702 -0.2293
vn -0.2326 0.9694 -0.0781
vn -0.2337 0.9564 0.1754
vn -0.2336 0.9564 0.1754
vn -0.2336 0.9375 0.2580
vn 0.2329 0.9116 0.3388
vn 0.2328 0.9116 0.3388
vn 0.3829 0.8659 0.3218
vn 0.3830 0.8659 0.3218
vn 0.3829 0.8345 0.3961
vn 0.5223 0.7993 0.2972
vn 0.5223 0.7704 0.3656
vn 0.5214 0.7998 0.2973
vn 0.3820 0.8349 0.3962
vn 0.5223 0.7356 0.4315
vn 0.3821 0.7971 0.4676
vn 0.3823 0.7970 0.4675
vn 0.3823 0.7533 0.5351
vn 0.3822 0.7534 0.5351
vn 0.5216 0.6956 0.4940
vn 0.5216 0.7360 0.4316
vn 0.5221 0.6496 0.5526
vn 0.5221 0.6953 0.4940
vn 0.3823 0.7038 0.5988
vn 0.3822 0.7038 0.5988
vn 0.5221 0.6496 0.5527
vn 0.5221 0.5989 0.6072
vn 0.3823 0.6489 0.6579
vn 0.3825 0.6488 0.6578
vn 0.2330 0.6829 0.6924
vn 0.2330 0.6200 0.7492
vn 0.2326 0.6201 0.7492
vn 0.3825 0.5891 0.7118
vn 0.6492 0.5793 0.4929
vn 0.6492 0.6201 0.4405
vn 0.6495 0.6199 0.4404
vn 0.7601 0.5298 0.3763
vn 0.7601 0.5605 0.3288
vn 0.6495 0.6558 0.3847
vn 0.7601 0.5871 0.2786
vn 0.6491 0.6562 0.3848
vn 0.6491 0.6872 0.3262
vn 0.7602 0.5869 0.2786
vn 0.7602 0.6090 0.2264
vn 0.7600 0.6092 0.2264
vn 0.6486 0.7134 0.2652
vn 0.6486 0.6876 0.3263
vn 0.7600 0.6266 0.1724
vn 0.6493 0.7128 0.2651
vn 0.6493 0.7333 0.2018
vn 0.7601 0.6265 0.1724
vn 0.8524 0.5143 0.0943
vn 0.8525 0.5141 0.0943
vn 0.7601 0.6391 0.1173
vn 0.8524 0.5041 0.1387
vn 0.8525 0.5040 0.1387
vn 0.9238 0.3692 0.1016
vn 0.9237 0.3769 0.0691
vn 0.9238 0.3766 0.0691
vn 0.9723 0.2326 0.0219
vn 0.9723 0.2298 0.0422
vn 0.9724 0.2324 0.0219
vn 0.9237 0.3814 0.0360
vn 0.9724 0.2335 0.0016
vn 0.9236 0.3816 0.0360
vn 0.9236 0.3833 0.0026
vn 0.9723 0.2336 0.0016
vn 0.9969 0.0784 -0.0063
vn 0.9969 0.0786 0.0005
vn 0.9723 0.2329 -0.0188
vn 0.9723 0.2304 -0.0390
vn 0.9969 0.0775 -0.0131
vn 0.9969 0.0761 -0.0198
vn 0.9969 0.0787 0.0005
vn 0.9969 0.0783 0.0074
vn 0.9969 0.0784 0.0074
vn 0.9969 0.0774 0.0142
vn 0.9969 0.0773 0.0142
vn 0.9969 0.0758 0.0209
vn 0.9723 0.2253 0.0620
vn 0.9723 0.2299 0.0422
vn 0.9723 0.2190 0.0814
vn 0.9239 0.3588 0.1334
vn 0.9238 0.3589 0.1334
vn 0.9238 0.3691 0.1016
vn 0.9239 0.3458 0.1642
vn 0.8523 0.4903 0.1822
vn 0.8523 0.4725 0.2242
vn 0.8526 0.4721 0.2242
vn 0.8524 0.4511 0.2646
vn 0.8526 0.4508 0.2644
vn 0.9237 0.3306 0.1939
vn 0.9237 0.3462 0.1643
vn 0.9237 0.3304 0.1938
vn 0.9724 0.2013 0.1181
vn 0.9724 0.2108 0.1001
vn 0.9723 0.2110 0.1001
vn 0.9969 0.0711 0.0337
vn 0.9969 0.0679 0.0398
vn 0.9723 0.2015 0.1181
vn 0.9969 0.0678 0.0398
vn 0.9969 0.0641 0.0456
vn 0.9723 0.1904 0.1353
vn 0.9723 0.1905 0.1353
vn 0.9969 0.0599 0.0510
vn 0.9969 0.0599 0.0509
vn 0.9969 0.0552 0.0560
vn 0.9969 0.0552 0.0559
vn 0.9969 0.0502 0.0607
vn 0.9969 0.0501 0.0605
vn 0.9969 0.0447 0.0648
vn 0.9724 0.1326 0.1922
vn 0.9724 0.1488 0.1799
vn 0.9724 0.1154 0.2030
vn 0.9237 0.1893 0.3330
vn 0.9237 0.1893 0.3331
vn 0.9237 0.2177 0.3154
vn 0.9723 0.1154 0.2031
vn 0.9723 0.0973 0.2124
vn 0.9237 0.1595 0.3483
vn 0.8524 0.2177 0.4754
vn 0.9237 0.1286 0.3609
vn 0.8524 0.1755 0.4925
vn 0.8524 0.1755 0.4926
vn 0.9237 0.1285 0.3608
vn 0.9238 0.0966 0.3706
vn 0.8524 0.1319 0.5060
vn 0.8525 0.1318 0.5058
vn 0.8526 0.0872 0.5153
vn 0.7598 0.1640 0.6291
vn 0.7598 0.1085 0.6410
vn 0.9237 0.0639 0.3777
vn 0.9237 0.0966 0.3707
vn 0.9723 0.0589 0.2260
vn 0.9723 0.0589 0.2261
vn 0.9723 0.0390 0.2303
vn 0.9238 0.0639 0.3776
vn 0.9723 0.0390 0.2304
vn 0.9723 0.0188 0.2329
vn 0.9238 0.0308 0.3817
vn 0.9237 0.0308 0.3819
vn 0.9237 -0.0026 0.3831
vn 0.8525 0.0420 0.5211
vn 0.8525 -0.0036 0.5227
vn 0.8524 -0.0035 0.5228
vn 0.9238 -0.0026 0.3829
vn 0.9238 -0.0360 0.3812
vn 0.8524 -0.0491 0.5205
vn 0.8525 -0.0491 0.5204
vn 0.7600 -0.1172 0.6393
vn 0.8525 -0.0943 0.5142
vn 0.7601 -0.1172 0.6391
vn 0.7602 -0.0610 0.6468
vn 0.6490 -0.2019 0.7335
vn 0.7599 -0.1725 0.6267
vn 0.6490 -0.1372 0.7483
vn 0.6490 -0.2651 0.7131
vn 0.7600 -0.2264 0.6092
vn 0.7600 -0.1725 0.6266
vn 0.6491 -0.2650 0.7131
vn 0.5225 -0.3656 0.7702
vn 0.5222 -0.3657 0.7704
vn 0.6491 -0.3262 0.6872
vn 0.5222 -0.2971 0.7994
vn 0.3825 -0.3962 0.8347
vn 0.3825 -0.3219 0.8661
vn 0.5223 -0.2971 0.7993
vn 0.3825 -0.4674 0.7970
vn 0.2329 -0.4170 0.8786
vn 0.2329 -0.4920 0.8389
vn 0.5225 -0.4314 0.7355
vn 0.6488 -0.3849 0.6564
vn 0.6488 -0.3263 0.6874
vn 0.5219 -0.4314 0.7358
vn 0.6492 -0.4405 0.6200
vn 0.6492 -0.3848 0.6561
vn 0.5222 -0.4939 0.6952
vn 0.5219 -0.4940 0.6954
vn 0.7600 -0.3288 0.5606
vn 0.7600 -0.2787 0.5871
vn 0.7599 -0.2787 0.5872
vn 0.8525 -0.2242 0.4722
vn 0.8525 -0.1821 0.4900
vn 0.7600 -0.2265 0.6092
vn 0.9237 -0.1335 0.3591
vn 0.8525 -0.1388 0.5041
vn 0.9237 -0.1017 0.3693
vn 0.9237 -0.0691 0.3768
vn 0.8525 -0.1388 0.5040
vn 0.9237 -0.0691 0.3769
vn 0.9724 -0.0421 0.2297
vn 0.9724 -0.0219 0.2325
vn 0.9723 -0.0219 0.2325
vn 0.9237 -0.0360 0.3814
vn 0.9723 -0.0421 0.2297
vn 0.9969 -0.0142 0.0773
vn 0.9969 -0.0074 0.0783
vn 0.9969 -0.0074 0.0784
vn 0.9969 -0.0005 0.0787
vn 0.9969 0.0063 0.0784
vn 0.9723 -0.0016 0.2336
vn 0.9724 -0.0016 0.2335
vn -0.0000 0.0792 0.9969
vn -0.0000 -0.0057 1.0000
vn -0.0000 0.2052 0.9787
vn -0.0000 -0.0795 -0.9968
vn -0.0000 0.3676 0.9300
vn 0.9969 0.0328 0.0715
vn 0.9969 0.0264 0.0741
vn 0.9723 0.0784 0.2201
vn 0.9723 0.0784 0.2200
vn 0.9969 0.0389 0.0683
vn 0.9969 0.0447 0.0647
vn 0.9969 0.0389 0.0684
vn -0.0000 0.5194 0.8545
vn 0.9969 0.0198 0.0761
vn 0.9969 0.0131 0.0775
vn -0.0000 -0.1326 0.9912
vn -0.0000 -0.2983 0.9545
vn 0.9969 -0.0142 0.0774
vn 0.9969 -0.0209 0.0758
vn 0.9969 -0.0209 0.0759
vn 0.9723 -0.0814 0.2191
vn 0.9969 -0.0274 0.0738
vn 0.9724 -0.0814 0.2188
vn 0.9724 -0.0620 0.2250
vn 0.9723 -0.1002 0.2111
vn 0.9238 -0.1642 0.3459
vn 0.9238 -0.1334 0.3589
vn 0.9238 -0.1937 0.3303
vn 0.9723 -0.1182 0.2016
vn 0.9969 -0.0398 0.0679
vn 0.9969 -0.0337 0.0710
vn 0.9969 -0.0274 0.0737
vn 0.9969 -0.0398 0.0678
vn 0.9238 -0.2217 0.3121
vn 0.9238 -0.2218 0.3122
vn 0.8525 -0.2645 0.4509
vn 0.8524 -0.2242 0.4724
vn 0.8526 -0.2644 0.4508
vn -0.0000 -0.4553 0.8904
vn -0.0000 0.4553 -0.8903
vn -0.0000 -0.5992 0.8006
vn -0.0000 -0.7257 0.6880
vn -0.0000 0.5989 -0.8008
vn -0.0000 0.7258 -0.6879
vn 0.9723 -0.0620 0.2252
vn 0.7598 -0.3289 0.5608
vn 0.3826 -0.4674 0.7969
vn 0.5223 -0.2263 0.8222
vn 0.8526 0.0420 0.5209
vn -0.0000 0.6565 0.7543
vn -0.0000 0.7744 0.6327
vn -0.0000 0.8703 0.4926
vn -0.0000 0.9410 0.3384
vn 0.9969 0.0738 0.0274
vn 0.9969 0.0737 0.0274
vn 0.9723 0.2189 0.0814
vn 0.9237 0.3122 0.2218
vn 0.9237 0.3123 0.2219
vn 0.8524 0.4263 0.3028
vn 0.8525 0.4261 0.3028
vn 0.8525 0.3981 0.3387
vn 0.7599 0.4952 0.4212
vn 0.7602 0.4948 0.4211
vn 0.7602 0.5297 0.3763
vn -0.0000 0.9847 0.1744
vn -0.0000 1.0000 0.0058
vn -0.0000 0.9865 -0.1635
vn 0.9237 0.3830 0.0026
vn 0.9238 0.3818 -0.0308
vn 0.8526 0.5226 0.0036
vn 0.8524 0.5229 0.0036
vn 0.8524 0.5212 -0.0420
vn 0.9238 0.3816 -0.0308
vn 0.8526 0.5203 0.0491
vn 0.7597 0.6474 0.0610
vn 0.7603 0.6466 0.0611
vn 0.7604 0.6495 0.0044
vn 0.8525 0.5204 0.0491
vn 0.8525 0.4900 0.1822
vn 0.7597 0.6396 0.1173
vn 0.6496 0.7330 0.2018
vn 0.6496 0.5790 0.4927
vn 0.5214 0.8227 0.2265
vn 0.2332 0.7928 0.5631
vn -0.2329 0.8388 0.4920
vn -0.1218 0.7560 0.6432
vn -0.2332 0.7407 0.6301
vn -0.2332 0.7406 0.6301
vn 0.1327 0.6319 0.7636
vn -0.0000 0.6296 0.7769
vn 0.0790 0.6276 0.7745
vn -0.2332 0.6829 0.6923
vn -0.0783 0.4926 0.8667
vn -0.2335 0.4804 0.8454
vn -0.2332 0.4804 0.8455
vn -0.0000 0.4941 0.8694
vn -0.0783 0.4926 0.8668
vn -0.0000 0.4525 0.8918
vn -0.0783 0.4511 0.8890
vn -0.2335 0.4049 0.8840
vn 0.0783 0.2515 0.9647
vn -0.2333 0.1624 0.9587
vn -0.0000 0.1111 0.9938
vn -0.0000 0.1110 0.9938
vn 0.3824 0.0742 0.9210
vn 0.3827 0.0742 0.9209
vn 0.3828 0.1542 0.9109
vn 0.5220 0.2152 0.8254
vn 0.5220 0.2863 0.8035
vn 0.6491 0.4321 0.6261
vn 0.6488 0.4322 0.6263
vn 0.7601 0.3691 0.5348
vn 0.5225 -0.2263 0.8221
vn 0.1467 -0.5004 0.8533
vn -0.0000 -0.5190 0.8548
vn 0.0791 -0.5174 0.8521
vn -0.2330 -0.4170 0.8785
vn -0.0000 -0.6480 0.7617
vn -0.0000 -0.6862 0.7274
vn 0.0787 -0.6841 0.7252
vn 0.1222 -0.7066 0.6970
vn 0.9237 -0.2951 0.2443
vn 0.9237 -0.3153 0.2176
vn 0.9969 -0.0647 0.0446
vn 0.9969 -0.0684 0.0388
vn 0.8526 -0.4923 0.1754
vn 0.9237 -0.3707 0.0966
vn 0.9723 -0.2262 0.0590
vn 0.9237 -0.3707 0.0967
vn 0.9969 -0.0740 0.0264
vn -0.0000 0.3678 0.9299
vn -0.0000 0.9411 0.3381
vn -0.0000 -0.9866 0.1632
vn -0.0000 0.8760 -0.4823
vn -0.0000 0.7812 -0.6243
vn -0.0000 -0.7816 0.6237
vn -0.0000 -0.6646 0.7472
vn -0.0000 -0.5290 0.8486
vn -0.0000 0.5294 -0.8484
vn -0.0000 0.6645 -0.7473
vn -0.0000 0.5293 -0.8484
vn -0.0000 0.3774 -0.9260
vn -0.0000 0.3775 -0.9260
vn -0.0000 -0.3783 0.9257
vn -0.0000 -0.2163 0.9763
vn -0.0000 -0.0480 0.9988
vn -0.0000 0.1214 0.9926
vn -0.0000 0.0474 -0.9989
vn -0.0000 0.2170 -0.9762
vn 0.8521 0.5216 -0.0421
vn 0.5221 0.8502 -0.0685
vn 0.5224 0.8499 -0.0685
vn 0.5224 0.8407 -0.1423
vn 0.6490 0.7502 -0.1270
vn 0.3827 0.9239 0.0063
vn 0.3827 0.9209 -0.0742
vn 0.3822 0.9241 0.0063
vn 0.5220 0.8529 0.0058
vn 0.3823 0.9200 0.0868
vn 0.3822 0.9200 0.0868
vn 0.2334 0.9723 0.0067
vn 0.2336 0.9587 -0.1622
vn 0.7601 0.5908 -0.2706
vn 0.8524 0.4547 -0.2584
vn 0.8526 0.4544 -0.2582
vn 0.7601 0.5650 -0.3210
vn 0.9237 0.3330 -0.1892
vn 0.9237 0.3330 -0.1893
vn 0.9723 0.2032 -0.1155
vn 0.7599 0.5652 -0.3212
vn 0.8526 0.3720 -0.3670
vn 0.8526 0.3721 -0.3671
vn 0.3830 0.8031 -0.4564
vn 0.3827 0.8032 -0.4565
vn 0.3830 0.8399 -0.3846
vn 0.0785 0.8276 -0.5557
vn 0.1397 0.8150 -0.5624
vn -0.0000 0.8053 -0.5929
vn 0.0780 0.8028 -0.5911
vn -0.0000 0.8302 -0.5574
vn -0.0781 0.8028 -0.5911
vn -0.1648 0.8189 -0.5498
vn -0.0785 0.8205 -0.5662
vn -0.2332 0.9160 -0.3264
vn -0.2331 0.8004 -0.5523
vn -0.2327 -0.6302 0.7407
vn -0.7601 0.6288 -0.1639
vn -0.5225 -0.7412 0.4214
vn -0.5225 -0.7752 0.3551
vn -0.6489 -0.6917 0.3169
vn -0.3827 -0.8032 0.4565
vn -0.3818 -0.8036 0.4566
vn -0.3818 -0.8403 0.3848
vn -0.5218 -0.7756 0.3552
vn -0.2337 -0.8453 0.4804
vn -0.2337 -0.8840 0.4049
vn -0.2331 -0.8455 0.4804
vn -0.3826 -0.8400 0.3848
vn -0.0788 -0.8667 0.4926
vn -0.0787 -0.8204 0.5663
vn -0.0782 -0.8205 0.5663
vn -0.2331 -0.8004 0.5524
vn -0.0000 -0.8230 0.5681
vn -0.0000 -0.8694 0.4941
vn -0.0786 -0.8667 0.4926
vn -0.0000 -0.8982 0.4395
vn -0.0787 -0.8954 0.4382
vn -0.0000 -0.9165 0.3999
vn -0.1999 -0.8980 0.3919
vn -0.0000 -0.9394 0.3429
vn -0.0781 -0.9365 0.3418
vn -0.0781 -0.9064 0.4151
vn 0.0787 -0.8667 0.4926
vn 0.0786 -0.8954 0.4382
vn 0.0785 -0.8667 0.4926
vn -0.0783 -0.7841 0.6156
vn -0.1505 -0.7617 0.6303
vn -0.2330 -0.7493 0.6199
vn -0.2330 -0.8004 0.5523
vn -0.0000 -0.7866 0.6175
vn -0.2332 -0.8841 0.4049
vn -0.3827 -0.7604 0.5247
vn 0.2334 -0.9587 0.1623
vn -0.2332 -0.9160 0.3264
vn -0.2334 -0.9587 0.1623
vn -0.2334 -0.9692 0.0781
vn -0.3819 -0.9212 0.0743
vn -0.3822 -0.9211 0.0743
vn -0.0784 -0.9829 0.1665
vn -0.6489 -0.7168 0.2553
vn -0.6489 -0.7502 0.1270
vn -0.9237 -0.3778 0.0640
vn -0.9724 -0.2027 0.1152
vn -0.9724 -0.1511 0.1777
vn -0.9724 -0.0619 0.2248
vn -0.9724 -0.0016 0.2332
vn -0.9725 0.1486 0.1796
vn -0.9724 0.2011 0.1180
vn -0.9724 0.2295 0.0421
vn -0.9969 0.0776 -0.0131
vn -0.9725 0.2254 -0.0588
vn -0.9724 0.2257 -0.0588
vn -0.9969 0.0762 -0.0199
vn -0.9724 0.2299 -0.0389
vn -0.9724 0.2197 -0.0782
vn -0.9725 0.2194 -0.0782
vn -0.9969 0.0742 -0.0264
vn -0.9969 0.0715 -0.0328
vn -0.9969 0.0716 -0.0328
vn -0.9724 0.2029 -0.1152
vn -0.9724 0.2027 -0.1152
vn -0.9969 0.0684 -0.0389
vn -0.9724 0.2120 -0.0971
vn -0.9236 0.3333 -0.1894
vn -0.9236 0.3333 -0.1895
vn -0.9236 0.3486 -0.1596
vn -0.9724 0.2121 -0.0971
vn -0.8527 0.4541 -0.2581
vn -0.8525 0.4545 -0.2582
vn -0.8525 0.4752 -0.2177
vn -0.8528 0.4749 -0.2175
vn -0.8528 0.4920 -0.1753
vn -0.9235 0.3614 -0.1288
vn -0.9236 0.3612 -0.1287
vn -0.7599 0.5652 -0.3211
vn -0.7600 0.5650 -0.3211
vn -0.7600 0.5908 -0.2706
vn -0.6493 0.6259 -0.4320
vn -0.7599 0.5351 -0.3692
vn -0.6489 0.6263 -0.4321
vn -0.6490 0.5861 -0.4851
vn -0.6489 0.5861 -0.4852
vn -0.7604 0.5003 -0.4142
vn -0.7604 0.5345 -0.3689
vn -0.7596 0.5011 -0.4145
vn -0.8527 0.4026 -0.3330
vn -0.8527 0.4299 -0.2967
vn -0.8526 0.4300 -0.2968
vn -0.8528 0.4024 -0.3329
vn -0.9236 0.3156 -0.2178
vn -0.9236 0.3155 -0.2178
vn -0.7602 0.4625 -0.4563
vn -0.7597 0.4630 -0.4567
vn -0.8528 0.3718 -0.3668
vn -0.6488 0.4932 -0.5795
vn -0.6490 0.4930 -0.5795
vn -0.7601 0.4210 -0.4949
vn -0.6490 0.5417 -0.5342
vn -0.5223 0.5525 -0.6495
vn -0.5223 0.5526 -0.6495
vn -0.5223 0.6071 -0.5989
vn -0.6490 0.5416 -0.5342
vn -0.3818 0.5989 -0.7040
vn -0.3821 0.5988 -0.7039
vn -0.3820 0.6579 -0.6490
vn -0.5224 0.6071 -0.5988
vn -0.3823 0.6579 -0.6489
vn -0.3822 0.7119 -0.5892
vn -0.5221 0.6571 -0.5437
vn -0.5224 0.6569 -0.5437
vn -0.2337 0.6300 -0.7406
vn -0.2329 0.6302 -0.7407
vn -0.2329 0.6923 -0.6830
vn -0.1530 0.6404 -0.7527
vn -0.0785 0.6283 -0.7740
vn -0.0953 0.5765 -0.8115
vn -0.2336 0.5631 -0.7927
vn -0.0784 0.5794 -0.8112
vn -0.0000 0.5812 -0.8137
vn -0.0000 0.6302 -0.7764
vn -0.0000 0.6635 -0.7482
vn 0.0790 0.6614 -0.7458
vn 0.1529 0.6404 -0.7526
vn 0.0784 0.6282 -0.7741
vn 0.2337 0.6301 -0.7405
vn 0.2336 0.5631 -0.7926
vn 0.0952 0.5765 -0.8115
vn 0.2332 0.5631 -0.7928
vn 0.0784 0.5794 -0.8113
vn -0.0000 0.5454 -0.8381
vn 0.0788 0.5437 -0.8356
vn -0.0000 0.5454 -0.8382
vn -0.0000 0.5059 -0.8626
vn -0.0787 0.5043 -0.8599
vn -0.0788 0.5437 -0.8355
vn -0.0000 0.4542 -0.8909
vn -0.0783 0.5044 -0.8599
vn -0.0783 0.4528 -0.8882
vn -0.0000 0.4148 -0.9099
vn -0.0784 0.4135 -0.9071
vn -0.1465 0.4241 -0.8937
vn -0.0784 0.3474 -0.9344
vn -0.2330 0.4170 -0.8785
vn -0.2327 0.3389 -0.9116
vn -0.2327 0.4170 -0.8786
vn -0.3825 0.3962 -0.8347
vn -0.2329 0.4920 -0.8388
vn -0.3820 0.4676 -0.7972
vn -0.3825 0.4674 -0.7970
vn -0.5221 0.4315 -0.7357
vn -0.3819 0.5352 -0.7534
vn -0.5223 0.4939 -0.6952
vn -0.5221 0.4940 -0.6953
vn -0.2332 0.5632 -0.7927
vn -0.3819 0.5353 -0.7534
vn -0.2332 0.4920 -0.8388
vn 0.1827 0.4078 -0.8946
vn 0.0783 0.4528 -0.8882
vn 0.0782 0.5043 -0.8600
vn 0.2327 0.4170 -0.8786
vn 0.0784 0.4275 -0.9006
vn 0.0787 0.5044 -0.8599
vn 0.2330 0.4170 -0.8785
vn 0.2329 0.4920 -0.8388
vn 0.2327 0.3388 -0.9116
vn 0.3828 0.3962 -0.8346
vn 0.3827 0.3218 -0.8660
vn 0.3829 0.3218 -0.8659
vn 0.5220 0.2264 -0.8223
vn 0.5219 0.2264 -0.8224
vn 0.3828 0.2452 -0.8907
vn 0.5220 0.2971 -0.7995
vn 0.6491 0.2019 -0.7334
vn 0.6493 0.2019 -0.7333
vn 0.5224 0.2971 -0.7992
vn 0.6492 0.2650 -0.7130
vn 0.6489 0.2651 -0.7132
vn 0.7598 0.2265 -0.6094
vn 0.7599 0.1726 -0.6268
vn 0.7599 0.1726 -0.6267
vn 0.7602 0.2264 -0.6090
vn 0.8525 0.1822 -0.4900
vn 0.8525 0.1388 -0.5040
vn 0.8525 0.1387 -0.5040
vn 0.9238 0.0691 -0.3767
vn 0.9238 0.1016 -0.3692
vn 0.9237 0.0691 -0.3767
vn 0.8525 0.0943 -0.5141
vn 0.9237 0.0360 -0.3814
vn 0.8526 0.0491 -0.5203
vn 0.9237 0.0360 -0.3813
vn 0.9237 0.0026 -0.3831
vn 0.9723 0.0219 -0.2325
vn 0.9724 0.0016 -0.2335
vn 0.9724 -0.0188 -0.2328
vn 0.9723 -0.0188 -0.2329
vn 0.9237 -0.0308 -0.3819
vn 0.8526 0.0036 -0.5226
vn 0.8524 0.0035 -0.5229
vn 0.9237 -0.0308 -0.3818
vn 0.8524 -0.0420 -0.5212
vn 0.7600 0.0044 -0.6499
vn 0.7601 0.0044 -0.6498
vn 0.7601 -0.0522 -0.6477
vn 0.8524 -0.0420 -0.5211
vn 0.8525 -0.0873 -0.5155
vn 0.7600 -0.1085 -0.6408
vn 0.7601 -0.0522 -0.6478
vn 0.7601 -0.1084 -0.6407
vn 0.6491 -0.1269 -0.7500
vn 0.6491 -0.0611 -0.7582
vn 0.6492 -0.0611 -0.7582
vn 0.6492 0.0052 -0.7606
vn 0.5220 0.0058 -0.8529
vn 0.5221 -0.0685 -0.8501
vn 0.5223 0.0801 -0.8490
vn 0.6492 0.0715 -0.7573
vn 0.5219 0.0801 -0.8492
vn 0.6492 0.1372 -0.7482
vn 0.6491 0.0715 -0.7573
vn 0.5220 0.1538 -0.8390
vn 0.5222 0.1538 -0.8388
vn 0.7599 0.1172 -0.6393
vn 0.6492 0.1372 -0.7481
vn 0.7600 0.0611 -0.6471
vn 0.6490 -0.1270 -0.7501
vn 0.5222 -0.1424 -0.8409
vn 0.5222 -0.0685 -0.8501
vn 0.6489 -0.1920 -0.7362
vn 0.5219 -0.1424 -0.8410
vn 0.5219 -0.2151 -0.8254
vn 0.6494 -0.1918 -0.7359
vn 0.7599 -0.2181 -0.6123
vn 0.6494 -0.2552 -0.7164
vn 0.7599 -0.1640 -0.6290
vn 0.7601 -0.1639 -0.6288
vn 0.8524 -0.1319 -0.5060
vn 0.8525 -0.1754 -0.4924
vn 0.8524 -0.1755 -0.4925
vn 0.9237 -0.1595 -0.3483
vn 0.9237 -0.1286 -0.3609
vn 0.8525 -0.2177 -0.4752
vn 0.9237 -0.1893 -0.3331
vn 0.8524 -0.2178 -0.4754
vn 0.8524 -0.2583 -0.4546
vn 0.9238 -0.1892 -0.3329
vn 0.9238 -0.2175 -0.3152
vn 0.9723 -0.1155 -0.2032
vn 0.9723 -0.1327 -0.1924
vn 0.9723 -0.1327 -0.1923
vn 0.9723 -0.1490 -0.1800
vn 0.9237 -0.2176 -0.3153
vn 0.9237 -0.2442 -0.2952
vn 0.9969 -0.0501 -0.0606
vn 0.9969 -0.0552 -0.0560
vn 0.9969 -0.0553 -0.0560
vn 0.9723 -0.1641 -0.1663
vn 0.9724 -0.1640 -0.1662
vn 0.9724 -0.1778 -0.1513
vn 0.9969 -0.0599 -0.0510
vn 0.9969 -0.0641 -0.0455
vn 0.9969 -0.0678 -0.0398
vn 0.9969 -0.0641 -0.0456
vn 0.9723 -0.2015 -0.1182
vn 0.9723 -0.1904 -0.1353
vn 0.9723 -0.1905 -0.1353
vn 0.9723 -0.2016 -0.1182
vn 0.9723 -0.2111 -0.1002
vn 0.9969 -0.0710 -0.0337
vn 0.9969 -0.0711 -0.0337
vn 0.9969 -0.0737 -0.0274
vn 0.9969 -0.0759 -0.0209
vn 0.9969 -0.0738 -0.0274
vn 0.9969 -0.0758 -0.0209
vn 0.9723 -0.2252 -0.0620
vn 0.9723 -0.2189 -0.0814
vn 0.9237 -0.3461 -0.1642
vn 0.9238 -0.3460 -0.1642
vn 0.9723 -0.2110 -0.1001
vn 0.9237 -0.3590 -0.1335
vn 0.8525 -0.4722 -0.2241
vn 0.8525 -0.4899 -0.1821
vn 0.8524 -0.4901 -0.1822
vn 0.7598 -0.5873 -0.2788
vn 0.7599 -0.5873 -0.2787
vn 0.7598 -0.5608 -0.3289
vn 0.6491 -0.6562 -0.3848
vn 0.6491 -0.6872 -0.3262
vn 0.9238 -0.3692 -0.1016
vn 0.8524 -0.5041 -0.1387
vn 0.9237 -0.3693 -0.1016
vn 0.9723 -0.2253 -0.0620
vn 0.9723 -0.2298 -0.0421
vn 0.9238 -0.3767 -0.0691
vn 0.9723 -0.2326 -0.0219
vn 0.9969 -0.0784 -0.0074
vn 0.9969 -0.0783 -0.0074
vn 0.9969 -0.0774 -0.0142
vn 0.9969 -0.0773 -0.0142
vn -0.0000 -0.9089 -0.4171
vn -0.0000 -0.9663 -0.2575
vn -0.0000 0.9088 0.4172
vn -0.0000 0.9664 0.2572
vn -0.0000 -0.8249 -0.5652
vn -0.0000 -0.9093 -0.4161
vn -0.0000 -0.9093 -0.4162
vn -0.0000 -0.7185 -0.6955
vn -0.0000 -0.8249 -0.5653
vn -0.0000 0.8249 0.5653
vn -0.0000 -0.5896 -0.8077
vn -0.0000 -0.8253 -0.5646
vn 0.9723 -0.1780 -0.1514
vn 0.9237 -0.2690 -0.2727
vn 0.9237 -0.2917 -0.2482
vn 0.9238 -0.2442 -0.2951
vn 0.8524 -0.2970 -0.4304
vn 0.8524 -0.3333 -0.4028
vn 0.8524 -0.2970 -0.4303
vn 0.9969 -0.0447 -0.0647
vn 0.9724 -0.1154 -0.2030
vn 0.9969 -0.0388 -0.0684
vn 0.9969 -0.0328 -0.0715
vn 0.9723 -0.0973 -0.2123
vn 0.9724 -0.0972 -0.2123
vn 0.9969 -0.0389 -0.0684
vn 0.9969 -0.0327 -0.0715
vn 0.9969 -0.0264 -0.0741
vn 0.9723 -0.0784 -0.2200
vn 0.9237 -0.0966 -0.3706
vn 0.9237 -0.1285 -0.3608
vn 0.9237 -0.0966 -0.3707
vn 0.9723 -0.0589 -0.2261
vn 0.9723 -0.0390 -0.2303
vn 0.9723 -0.0589 -0.2260
vn 0.9237 -0.0639 -0.3777
vn 0.9969 -0.0131 -0.0776
vn 0.9969 -0.0198 -0.0761
vn 0.9969 -0.0131 -0.0775
vn 0.9969 -0.0063 -0.0784
vn 0.9969 0.0005 -0.0787
vn 0.7599 -0.2707 -0.5910
vn 0.7601 -0.2706 -0.5908
vn 0.7601 -0.3210 -0.5650
vn 0.8525 -0.1318 -0.5058
vn 0.8525 0.0491 -0.5204
vn 0.9969 0.0074 -0.0783
vn 0.9723 0.0219 -0.2326
vn 0.9969 0.0142 -0.0773
vn 0.9723 0.0421 -0.2298
vn 0.9969 0.0142 -0.0774
vn 0.9969 0.0209 -0.0759
vn 0.9723 0.0620 -0.2252
vn 0.9723 0.0620 -0.2253
vn 0.9238 0.1334 -0.3588
vn 0.9238 0.1334 -0.3590
vn 0.9723 0.0814 -0.2190
vn 0.9238 0.1642 -0.3459
vn 0.8526 0.2242 -0.4721
vn 0.8523 0.2243 -0.4726
vn 0.8523 0.1822 -0.4902
vn 0.9723 0.1001 -0.2110
vn 0.9237 0.1643 -0.3462
vn 0.9723 0.1002 -0.2110
vn 0.9969 0.0274 -0.0738
vn 0.9969 0.0274 -0.0737
vn 0.9969 0.0337 -0.0710
vn 0.9969 0.0398 -0.0678
vn 0.9723 0.1182 -0.2015
vn 0.9724 0.1181 -0.2014
vn 0.9969 0.0398 -0.0679
vn 0.9969 0.0209 -0.0758
vn 0.7599 0.1172 -0.6394
vn 0.3825 0.1667 -0.9088
vn 0.3826 0.2452 -0.8908
vn 0.2331 0.3388 -0.9115
vn 0.2331 0.2581 -0.9376
vn 0.5224 0.3656 -0.7703
vn 0.3825 0.3962 -0.8347
vn 0.3825 0.4675 -0.7970
vn 0.2332 0.4920 -0.8388
vn 0.0784 0.3569 -0.9308
vn 0.1322 0.3454 -0.9291
vn -0.0000 0.3170 -0.9484
vn 0.0785 0.3160 -0.9455
vn -0.0000 0.3580 -0.9337
vn -0.0785 0.3160 -0.9455
vn -0.1485 0.3541 -0.9234
vn -0.0790 0.6614 -0.7458
vn -0.0000 0.7083 -0.7059
vn -0.0790 0.7061 -0.7037
vn -0.6488 0.4408 -0.6203
vn -0.5220 0.7020 -0.4845
vn -0.9724 0.1920 -0.1326
vn -0.9235 0.3713 -0.0967
vn 0.9969 0.0456 -0.0642
vn 0.9969 -0.0787 -0.0005
vn 0.9969 -0.0786 -0.0006
vn 0.9237 -0.3777 0.0639
vn 0.8526 -0.5226 -0.0036
vn 0.8525 -0.5203 -0.0491
vn 0.5226 -0.8488 -0.0802
vn 0.3820 -0.9212 0.0743
vn 0.3823 -0.9211 0.0743
vn 0.3823 -0.9089 -0.1667
vn 0.2330 -0.9565 -0.1753
vn 0.2336 -0.9564 -0.1754
vn -0.2330 -0.9682 -0.0914
vn -0.9969 -0.0757 -0.0209
vn -0.2326 -0.9116 -0.3389
vn 0.6490 -0.4850 -0.5861
vn 0.6490 -0.5342 -0.5416
vn 0.3825 -0.3848 -0.8400
vn 0.0781 -0.3346 -0.9391
vn 0.0781 -0.3847 -0.9197
vn 0.1481 -0.4210 -0.8949
vn -0.0000 -0.3356 -0.9420
vn -0.3824 -0.3101 -0.8704
vn -0.3828 -0.2330 -0.8940
vn -0.3825 -0.2330 -0.8941
vn -0.2333 -0.7927 -0.5632
vn -0.2331 -0.6830 -0.6923
vn -0.9969 -0.0598 -0.0508
vn -0.5217 -0.2151 -0.8255
vn -0.5218 -0.2152 -0.8255
vn -0.9969 -0.0063 -0.0783
vn -0.0000 0.1728 -0.9850
vn -0.0784 0.1723 -0.9819
vn -0.9969 0.0274 -0.0738
vn -0.9969 0.0337 -0.0712
vn -0.8526 0.0942 -0.5139
vn -0.8525 0.1822 -0.4900
vn -0.5218 0.2972 -0.7996
vn -0.9236 0.2484 -0.2920
vn -0.0000 -1.0000 -0.0000
vn -0.9964 -0.0000 0.0846
vn -0.9964 -0.0000 -0.0847
vn -0.9966 -0.0028 0.0826
vn -0.9991 -0.0000 0.0413
vn -0.9966 -0.0000 -0.0826
vn -0.9694 -0.0000 -0.2455
vn -0.9923 -0.0000 -0.1237
vn -0.9991 -0.0057 -0.0415
vn -0.9112 -0.0000 -0.4119
vn -0.9677 -0.0000 -0.2520
vn -0.0000 1.0000 -0.0000
vn 0.9659 -0.0000 0.2589
vn 0.9749 0.0027 0.2225
vn 0.9309 0.0026 0.3654
vn 0.9439 -0.0000 0.3303
vn 0.9972 0.0028 0.0747
vn 0.9937 -0.0000 0.1120
vn 0.9826 -0.0000 0.1859
vn 0.0027 0.9825 0.1864
vn -0.0000 0.9749 0.2225
vn -0.0000 0.9937 0.1120
vn -0.0000 0.9972 0.0747
vn 0.0028 0.9993 0.0374
vn 0.9993 -0.0000 0.0373
vn 0.9972 -0.0000 -0.0747
vn 0.9993 0.0056 -0.0375
vn -0.0000 0.9993 -0.0373
vn -0.0000 0.9937 -0.1120
vn 0.9937 -0.0000 -0.1120
vn 0.0014 0.9972 -0.0747
vn -0.0000 0.9826 -0.1859
vn 0.0014 0.9749 -0.2225
vn -0.0000 -0.9966 0.0825
vn -0.0013 -0.9966 -0.0825
vn -0.0000 -0.9991 -0.0412
vn -0.0000 -0.9694 0.2456
vn -0.0000 -0.9923 0.1237
vn -0.0026 -0.9991 0.0413
vn -0.0026 -0.9786 0.2059
vn -0.9787 -0.0000 0.2052
vn -0.9923 -0.0000 0.1237
vn -0.0000 -0.9584 0.2853
vn -0.9584 -0.0000 0.2853
vn -0.9694 -0.0028 0.2455
vn -0.9158 -0.0027 0.4017
vn -0.9316 -0.0000 0.3635
vn -0.0000 -0.8984 0.4392
vn -0.0025 -0.9313 0.3643
vn -0.8984 -0.0000 0.4392
vn -0.0000 -0.8372 0.5470
vn -0.8591 -0.0000 0.5119
vn -0.0024 -0.8584 0.5129
vn -0.0000 -0.7357 0.6773
vn -0.0000 -0.8138 0.5811
vn -0.0023 -0.7622 0.6474
vn -0.7631 -0.0000 0.6463
vn -0.8138 -0.0000 0.5811
vn -0.8372 -0.0025 0.5470
vn -0.7357 -0.0023 0.6773
vn -0.9112 -0.0000 0.4119
vn -0.8285 -0.0000 0.5599
vn 0.8660 -0.0000 -0.5000
vn 0.9165 -0.0000 -0.3999
vn 0.9309 -0.0000 -0.3653
vn 0.9433 0.0051 -0.3319
vn -0.0000 0.9439 -0.3304
vn -0.0000 0.9166 -0.3998
vn 0.0013 0.9309 -0.3653
vn 0.0013 0.8660 -0.5000
vn -0.0000 0.8842 -0.4672
vn 0.8467 -0.0000 -0.5321
vn 0.8831 0.0048 -0.4692
vn -0.0000 0.8467 -0.5321
vn 0.7818 -0.0000 -0.6235
vn 0.8030 0.0044 -0.5959
vn -0.0000 0.8046 -0.5938
vn 0.7580 -0.0000 -0.6522
vn -0.0000 0.7580 -0.6523
vn 0.0013 0.7819 -0.6235
vn 0.7050 0.0041 -0.7092
vn 0.6802 -0.0000 -0.7331
vn -0.0000 0.7071 -0.7071
vn 0.6523 -0.0000 -0.7580
vn -0.0000 0.6523 -0.7580
vn 0.0012 0.6802 -0.7331
vn 0.0011 0.5633 -0.8262
vn -0.0000 0.5938 -0.8046
vn 0.5320 -0.0000 -0.8467
vn 0.5914 0.0037 -0.8064
vn -0.0000 0.5321 -0.8467
vn 0.4646 0.0034 -0.8855
vn 0.4339 -0.0000 -0.9010
vn -0.0000 0.4673 -0.8841
vn 0.3998 -0.0000 -0.9166
vn -0.0000 0.3998 -0.9166
vn 0.0011 0.4339 -0.9010
vn -0.0000 0.3303 -0.9439
vn 0.0010 0.2948 -0.9556
vn -0.0000 -0.4760 0.8795
vn -0.0000 -0.6142 0.7891
vn -0.0022 -0.6450 0.7642
vn -0.0000 -0.5811 0.8138
vn -0.0021 -0.5103 0.8600
vn -0.5811 -0.0000 0.8139
vn -0.5119 -0.0000 0.8591
vn -0.0000 -0.4393 0.8984
vn -0.4760 -0.0020 0.8795
vn -0.4393 -0.0000 0.8984
vn -0.0020 -0.3618 0.9323
vn -0.0000 -0.3247 0.9458
vn -0.3635 -0.0000 0.9316
vn -0.0000 -0.2852 0.9585
vn -0.2853 -0.0000 0.9584
vn -0.3247 -0.0018 0.9458
vn -0.0000 -0.1646 0.9864
vn -0.2052 -0.0000 0.9787
vn -0.0019 -0.2034 0.9791
vn -0.0000 -0.0000 1.0000
vn -0.0000 -0.1237 0.9923
vn -0.0414 -0.0000 0.9991
vn -0.1237 -0.0000 0.9923
vn -0.1646 -0.0017 0.9864
vn -0.0000 -0.0016 1.0000
vn 0.0414 -0.0000 0.9991
vn 0.1646 -0.0000 0.9864
vn -0.0384 0.0030 0.9993
vn -0.1646 -0.0000 0.9864
vn -0.2022 0.0032 0.9793
vn 0.0425 -0.0000 0.9991
vn -0.1271 -0.0000 0.9919
vn -0.2928 -0.0000 0.9562
vn -0.3247 -0.0000 0.9458
vn -0.4760 -0.0000 0.8795
vn -0.5090 0.0038 0.8607
vn -0.0011 0.4760 0.8795
vn -0.0000 0.5119 0.8591
vn -0.0000 0.4392 0.8984
vn -0.0010 0.3247 0.9458
vn -0.0000 0.3635 0.9316
vn -0.0000 0.2853 0.9584
vn -0.3605 0.0035 0.9328
vn -0.0010 0.1646 0.9864
vn 0.0020 -0.3285 -0.9445
vn -0.0000 -0.2948 -0.9556
vn -0.0000 -0.2588 -0.9659
vn -0.0000 -0.1490 -0.9888
vn 0.2588 -0.0000 -0.9659
vn 0.1859 -0.0000 -0.9826
vn 0.0019 -0.1841 -0.9829
vn 0.1490 -0.0015 -0.9888
vn 0.1119 -0.0000 -0.9937
vn -0.0000 -0.1119 -0.9937
vn 0.0374 -0.0000 -0.9993
vn -0.0000 -0.0000 -1.0000
vn 0.0347 0.0027 -0.9994
vn 0.1831 0.0029 -0.9831
vn 0.1490 -0.0000 -0.9888
vn 0.2107 -0.0000 0.9776
vn 0.2107 -0.0000 0.9775
vn 0.3730 -0.0000 0.9278
vn -0.2948 -0.0000 -0.9556
vn -0.4339 -0.0000 -0.9010
vn -0.5633 -0.0000 -0.8262
vn -0.6802 -0.0000 -0.7331
vn 0.6608 -0.0000 0.7506
vn 0.7781 -0.0000 0.6281
vn 0.8729 -0.0000 0.4879
vn -0.7818 -0.0000 -0.6235
vn -0.8660 -0.0000 -0.5000
vn -0.9309 -0.0000 -0.3653
vn -0.9749 -0.0000 -0.2225
vn 0.9856 -0.0000 0.1690
vn -0.9972 -0.0000 -0.0747
vn -0.9972 -0.0000 0.0747
vn -0.9749 -0.0000 0.2225
vn -0.9309 -0.0000 0.3654
vn 0.9429 -0.0000 -0.3331
vn 0.8730 -0.0000 -0.4877
vn 0.7781 -0.0000 -0.6282
vn 0.7780 -0.0000 -0.6282
vn -0.8660 -0.0000 0.5000
vn -0.7818 -0.0000 0.6235
vn -0.6802 -0.0000 0.7331
vn -0.6802 -0.0000 0.7330
vn -0.5633 -0.0000 0.8262
vn 0.5242 -0.0000 -0.8516
vn 0.3728 -0.0000 -0.9279
vn -0.4339 -0.0000 0.9010
vn -0.2947 -0.0000 0.9556
vn -0.1490 -0.0000 0.9888
vn 0.2107 -0.0000 -0.9776
vn 0.0425 -0.0000 -0.9991
vn -0.1271 -0.0000 -0.9919
vn 0.1119 -0.0000 0.9937
vn 0.1490 0.0015 0.9888
vn -0.0000 0.0014 1.0000
vn 0.0374 -0.0000 0.9993
vn 0.2947 0.0016 0.9556
vn 0.2588 -0.0000 0.9659
vn 0.1859 -0.0000 0.9826
vn 0.0019 0.1841 0.9829
vn -0.0000 0.1490 0.9888
vn -0.0000 0.2588 0.9659
vn 0.0020 0.3284 0.9445
vn -0.0000 0.2947 0.9556
vn -0.0010 -0.1646 -0.9864
vn -0.0000 -0.1237 -0.9923
vn -0.0000 -0.2052 -0.9787
vn -0.1236 -0.0000 -0.9923
vn -0.2022 -0.0032 -0.9793
vn -0.0000 -0.2853 -0.9584
vn -0.1646 -0.0000 -0.9864
vn -0.2853 -0.0000 -0.9584
vn -0.0010 -0.3247 -0.9458
vn -0.3605 -0.0035 -0.9328
vn -0.0000 -0.3635 -0.9316
vn -0.0011 -0.4760 -0.8795
vn -0.0000 -0.4392 -0.8984
vn -0.4392 -0.0000 -0.8984
vn -0.5091 -0.0038 -0.8607
vn -0.0000 -0.5119 -0.8591
vn -0.4760 -0.0000 -0.8795
vn -0.5811 -0.0000 -0.8139
vn -0.0000 -0.5811 -0.8138
vn -0.6439 -0.0041 -0.7651
vn -0.0000 -0.6463 -0.7631
vn -0.0011 -0.6142 -0.7891
vn -0.0012 -0.7357 -0.6773
vn -0.0000 -0.7070 -0.7072
vn -0.7071 -0.0000 -0.7071
vn -0.7612 -0.0045 -0.6485
vn -0.0000 -0.7631 -0.6462
vn -0.0000 -0.8138 -0.5811
vn -0.8138 -0.0000 -0.5811
vn -0.7357 -0.0000 -0.6773
vn -0.8578 -0.0049 -0.5140
vn -0.8372 -0.0000 -0.5470
vn -0.8984 -0.0000 -0.4392
vn -0.9158 -0.0000 -0.4017
vn -0.9309 -0.0052 -0.3652
vn -0.0000 -0.9316 -0.3635
vn -0.0000 -0.8984 -0.4392
vn -0.0013 -0.9158 -0.4017
vn -0.0012 -0.8372 -0.5470
vn -0.0000 -0.8591 -0.5119
vn -0.0000 0.9166 0.3998
vn -0.0000 0.8660 0.5000
vn -0.0000 0.9309 0.3654
vn 0.0027 0.9436 0.3312
vn -0.0000 0.8467 0.5321
vn 0.0026 0.8836 0.4683
vn -0.0000 0.7819 0.6235
vn 0.8467 -0.0000 0.5321
vn 0.0025 0.8038 0.5949
vn 0.8046 -0.0000 0.5938
vn 0.8660 0.0025 0.5000
vn 0.7818 0.0023 0.6235
vn 0.7580 -0.0000 0.6523
vn 0.6802 0.0021 0.7331
vn 0.7071 -0.0000 0.7071
vn -0.0000 0.7580 0.6523
vn 0.0024 0.7059 0.7083
vn -0.0000 0.6802 0.7330
vn 0.6523 -0.0000 0.7579
vn -0.0000 0.6523 0.7579
vn 0.0022 0.5923 0.8057
vn 0.5938 -0.0000 0.8046
vn -0.0000 0.5633 0.8263
vn 0.5320 -0.0000 0.8467
vn 0.5633 0.0019 0.8262
vn -0.0000 0.5321 0.8467
vn 0.4673 -0.0000 0.8841
vn 0.0021 0.4656 0.8850
vn -0.0000 0.4339 0.9010
vn 0.4339 0.0018 0.9010
vn 0.3999 -0.0000 0.9165
vn -0.0000 0.3999 0.9166
vn -0.4503 -0.0000 -0.8929
vn -0.5946 -0.0000 -0.8040
vn -0.2928 -0.0000 -0.9562
vn -0.7219 -0.0000 -0.6920
vn -0.8285 -0.0000 -0.5599
vn 0.8841 -0.0000 0.4672
vn 0.9165 -0.0000 0.3999
vn -0.9584 -0.0000 -0.2853
vn -0.0000 -0.9584 -0.2853
vn -0.9785 -0.0055 -0.2063
vn -0.0000 -0.9787 -0.2054
vn -0.0013 -0.9694 -0.2456
vn -0.6142 -0.0000 -0.7892
vn -0.3247 -0.0000 -0.9458
vn -0.0384 -0.0030 -0.9993
vn 0.0414 -0.0000 -0.9991
vn 0.1646 -0.0000 -0.9864
vn -0.0000 0.0016 -1.0000
vn -0.0414 -0.0000 -0.9991
vn -0.1646 0.0017 -0.9864
vn -0.3247 0.0018 -0.9458
vn -0.2052 -0.0000 -0.9787
vn 0.1831 -0.0029 0.9831
vn 0.1490 -0.0000 0.9888
vn -0.0000 -0.1119 0.9937
vn 0.0010 -0.1490 0.9888
vn -0.0000 -0.1859 0.9826
vn -0.0000 -0.2588 0.9659
vn 0.0010 -0.2947 0.9556
vn -0.0000 0.3247 -0.9458
vn -0.0000 0.4760 -0.8795
vn -0.0000 0.4392 -0.8984
vn -0.0021 0.5103 -0.8600
vn -0.4760 0.0020 -0.8795
vn -0.5119 -0.0000 -0.8590
vn -0.6142 0.0022 -0.7892
vn -0.9112 -0.0000 -0.4120
vn 0.7818 -0.0000 0.6235
vn 0.8831 -0.0048 0.4692
vn 0.8660 -0.0000 0.5000
vn -0.0000 -0.8468 0.5320
vn 0.8030 -0.0044 0.5959
vn -0.0000 -0.8046 0.5938
vn 0.0013 -0.8660 0.5000
vn 0.0013 -0.7818 0.6235
vn -0.0000 0.9158 -0.4017
vn -0.0000 0.8984 -0.4392
vn -0.0000 0.8372 -0.5470
vn -0.0025 0.9312 -0.3644
vn -0.9316 -0.0000 -0.3635
vn -0.9158 0.0027 -0.4017
vn -0.8372 0.0025 -0.5470
vn -0.8591 -0.0000 -0.5118
vn -0.0024 0.8584 -0.5129
vn -0.0000 0.8138 -0.5811
vn -0.7631 -0.0000 -0.6463
vn -0.0023 0.7621 -0.6474
vn -0.0000 0.7357 -0.6773
vn -0.0000 0.6142 -0.7892
vn -0.0000 -0.6524 0.7579
vn 0.0012 -0.6802 0.7330
vn -0.0000 -0.5938 0.8046
vn 0.0011 -0.5633 0.8263
vn 0.5914 -0.0037 0.8064
vn -0.0000 -0.5320 0.8467
vn 0.4646 -0.0034 0.8855
vn 0.4339 -0.0000 0.9010
vn -0.0000 -0.4673 0.8841
vn -0.0000 -0.3999 0.9166
vn 0.0011 -0.4339 0.9010
vn 0.2947 -0.0000 0.9556
vn 0.3274 -0.0031 0.9449
vn -0.0000 -0.3302 0.9439
vn 0.5633 -0.0000 0.8262
vn 0.6523 -0.0000 0.7580
vn 0.7050 -0.0041 0.7092
vn 0.6802 -0.0000 0.7331
vn -0.0000 -0.7071 0.7071
vn -0.0000 -0.7579 0.6524
vn -0.6463 -0.0000 -0.7631
vn -0.0022 0.6450 -0.7642
vn -0.7357 0.0023 -0.6773
vn -0.9966 -0.0000 0.0826
vn -0.9966 0.0028 -0.0826
vn -0.9991 -0.0000 -0.0413
vn -0.9991 0.0057 0.0415
vn -0.0000 0.9991 0.0414
vn -0.0000 0.9966 -0.0826
vn -0.0026 0.9991 -0.0415
vn -0.0013 0.9966 0.0826
vn -0.0013 0.9694 0.2454
vn -0.0000 0.9923 0.1237
vn -0.0000 0.9787 0.2051
vn -0.9785 0.0055 0.2063
vn -0.0000 0.9584 0.2853
vn -0.9158 -0.0000 0.4017
vn -0.9694 -0.0000 0.2455
vn -0.7220 -0.0000 0.6919
vn 0.8660 -0.0025 -0.5000
vn 0.8467 -0.0000 -0.5320
vn 0.8046 -0.0000 -0.5938
vn 0.7818 -0.0023 -0.6235
vn 0.0025 -0.8037 -0.5950
vn -0.0000 -0.7579 -0.6523
vn -0.0000 -0.6802 -0.7330
vn -0.0000 -0.7818 -0.6235
vn -0.0012 0.7357 0.6773
vn -0.0011 0.6142 0.7892
vn -0.0000 0.7071 0.7071
vn -0.0000 0.6463 0.7631
vn -0.6439 0.0041 0.7651
vn -0.0000 0.5810 0.8139
vn -0.6142 -0.0000 0.7892
vn -0.7071 -0.0000 0.7071
vn -0.7357 -0.0000 0.6773
vn -0.7612 0.0045 0.6485
vn -0.4503 -0.0000 0.8929
vn -0.5946 -0.0000 0.8040
vn 0.5633 -0.0019 -0.8262
vn 0.4673 -0.0000 -0.8841
vn 0.4339 -0.0018 -0.9010
vn -0.0000 -0.3998 -0.9166
vn 0.0021 -0.4656 -0.8850
vn -0.0000 -0.5320 -0.8467
vn -0.0000 -0.4339 -0.9010
vn 0.5938 -0.0000 -0.8046
vn 0.0022 -0.5924 -0.8057
vn -0.0000 -0.6524 -0.7579
vn -0.0000 -0.5633 -0.8262
vn 0.6801 -0.0021 -0.7331
vn 0.7071 -0.0000 -0.7071
vn 0.0024 -0.7059 -0.7083
vn 0.3303 -0.0000 -0.9439
vn 0.2948 -0.0016 -0.9556
vn -0.0000 0.7631 0.6463
vn -0.0000 0.8138 0.5811
vn -0.8578 0.0049 0.5140
vn -0.0012 0.8372 0.5470
vn -0.0000 0.8591 0.5119
vn -0.0013 0.9158 0.4017
vn -0.0000 0.8984 0.4392
vn -0.0000 -0.9309 -0.3653
vn -0.0000 -0.9659 -0.2588
vn 0.0027 -0.9825 -0.1864
vn -0.0000 -0.9749 -0.2225
vn 0.9749 -0.0027 -0.2225
vn 0.9826 -0.0000 -0.1859
vn 0.9659 -0.0000 -0.2589
vn 0.9439 -0.0000 -0.3303
vn 0.9309 -0.0026 -0.3653
vn -0.9677 -0.0000 0.2521
vn 0.0027 -0.9436 -0.3311
vn -0.0000 -0.9166 -0.3999
vn 0.8841 -0.0000 -0.4672
vn 0.0026 -0.8835 -0.4683
vn -0.0000 -0.8660 -0.5000
vn -0.0000 -0.9937 -0.1120
vn 0.0028 -0.9993 -0.0375
vn 0.9993 -0.0000 -0.0373
vn 0.9972 -0.0028 -0.0747
vn 0.9972 -0.0000 0.0747
vn -0.0000 -0.9972 -0.0748
vn -0.0000 -0.9993 0.0374
vn 0.9993 -0.0056 0.0375
vn -0.0000 -0.9937 0.1120
vn 0.0014 -0.9972 0.0748
vn 0.9749 -0.0000 0.2225
vn 0.9824 -0.0054 0.1869
vn -0.0000 -0.9826 0.1859
vn -0.0000 -0.9659 0.2588
vn 0.0014 -0.9749 0.2225
vn -0.0000 -0.9439 0.3303
vn 0.0014 -0.9309 0.3654
vn 0.9433 -0.0051 0.3319
vn -0.0000 -0.9166 0.3999
vn 0.9309 -0.0000 0.3654
vn -0.9309 0.0052 0.3653
vn -0.0000 0.9316 0.3636
vn -0.8372 -0.0000 0.5470
vn -0.0000 -0.8468 -0.5320
vn -0.0000 0.9694 -0.2454
vn -0.0000 0.9923 -0.1237
vn -0.0026 0.9786 -0.2056
vn -0.9787 -0.0000 -0.2052
vn -0.0000 0.9584 -0.2853
vn -0.9584 -0.0000 -0.2854
vn -0.9694 0.0028 -0.2455
vn -0.0000 -0.8841 0.4673
vn -0.0000 0.5810 -0.8139
vn -0.3635 -0.0000 -0.9316
vn -0.0020 0.3618 -0.9323
vn -0.0000 0.1646 -0.9864
vn -0.0000 0.2854 -0.9584
vn 0.0347 -0.0027 0.9994
vn 0.3247 -0.0000 -0.9458
vn 0.4760 -0.0000 -0.8795
vn 0.6142 -0.0000 -0.7892
vn 0.6607 -0.0000 -0.7507
vn 0.8372 -0.0000 -0.5470
vn 0.7357 -0.0000 -0.6773
vn 0.9158 -0.0000 -0.4017
vn 0.9694 -0.0000 -0.2455
vn 0.9856 -0.0000 -0.1690
vn 0.9966 -0.0000 0.0826
vn 0.9966 -0.0000 -0.0826
vn 0.9694 -0.0000 0.2455
vn 0.9158 -0.0000 0.4017
vn 0.8372 -0.0000 0.5470
vn 0.9429 -0.0000 0.3331
vn 0.7357 -0.0000 0.6773
vn 0.6142 -0.0000 0.7892
vn 0.4760 -0.0000 0.8795
vn 0.3247 -0.0000 0.9458
vn 0.3729 -0.0000 0.9279
vn 0.5241 -0.0000 0.8516
vn -0.1490 -0.0000 -0.9888
vn -0.0374 -0.0000 -0.9993
vn -0.0000 -0.0014 -1.0000
vn 0.2107 -0.0000 -0.9775
vn -0.0019 0.2034 -0.9791
vn -0.0000 0.1236 -0.9923
vn 0.3302 -0.0000 0.9439
vn -0.0000 0.1119 0.9937
vn -0.0374 -0.0000 0.9993
vn 0.2948 -0.0000 -0.9556
vn 0.3275 0.0031 -0.9448
vn -0.0000 0.1859 -0.9826
vn -0.0000 0.2588 -0.9659
vn 0.0010 0.1490 -0.9888
vn -0.0000 0.1237 0.9923
vn -0.6142 -0.0022 0.7892
vn -0.6463 -0.0000 0.7631
vn -0.0000 -0.7070 0.7072
vn 0.5633 -0.0000 -0.8262
vn -0.0000 0.9659 -0.2589
vn 0.9824 0.0054 -0.1869
vn 0.9749 -0.0000 -0.2225
vn -0.0000 -0.9158 0.4017
vn -0.0000 -0.9923 -0.1237
vn -0.0000 0.9659 0.2589
vn -0.0000 -0.9969 0.0786
vn -0.0000 -0.9969 -0.0786
vn -0.0000 0.9964 -0.0849
vn -0.0000 0.9678 -0.2518
vn -0.0000 0.9964 0.0849
vn -0.0000 0.9677 0.2520
vn -0.0000 -0.9239 -0.3827
vn -0.0000 -0.9724 -0.2334
vn -0.0000 -0.8527 -0.5225
vn -0.0000 0.8290 0.5593
vn -0.0000 0.9109 0.4127
vn -0.0000 0.7220 0.6919
vn -0.0000 -0.7605 -0.6494
vn -0.0000 -0.6494 -0.7605
vn -0.0000 -0.5225 -0.8526
vn -0.0000 -0.3827 -0.9239
vn -0.0000 0.4501 0.8930
vn -0.0000 0.2933 0.9560
vn -0.0000 -0.2334 -0.9724
vn -0.0000 -0.0785 -0.9969
vn -0.0000 0.1260 0.9920
vn -0.0000 -0.0417 0.9991
vn -0.0000 -0.2106 0.9776
vn -0.0000 0.2335 -0.9724
vn -0.0000 0.0785 -0.9969
vn -0.0000 -0.3731 0.9278
vn -0.0000 -0.3732 0.9278
vn -0.0000 -0.5244 0.8515
vn -1.0000 -0.0000 -0.0001
vn -0.0000 -0.6604 0.7509
vn -0.0000 0.7605 -0.6493
vn -0.0000 0.6494 -0.7605
vn -0.0000 0.5224 -0.8527
vn -0.0000 -0.6604 0.7510
vn -0.0000 -0.7783 0.6279
vn -0.0000 -0.8729 0.4879
vn -0.0000 -0.9427 0.3337
vn -0.0000 -0.9855 0.1698
vn 0.0001 -1.0000 -0.0000
vn -0.0000 -0.9992 0.0402
vn -0.0000 -0.9992 -0.0403
vn -0.0000 -0.9855 -0.1697
vn -0.0000 0.9724 0.2334
vn -0.0000 0.9969 0.0784
vn -0.0000 0.9239 0.3827
vn -0.0000 0.8526 0.5226
vn -0.0000 -0.9426 -0.3339
vn -0.0000 -0.8729 -0.4879
vn -1.0000 -0.0000 0.0001
vn -0.0000 -0.7783 -0.6279
vn -0.0000 -0.6604 -0.7509
vn -0.0000 -0.6604 -0.7510
vn -0.0000 -0.5249 -0.8512
vn -0.0000 -0.5249 -0.8511
vn -0.0000 -0.3725 -0.9280
vn -0.0000 0.3827 0.9239
vn -0.0000 0.5225 0.8527
vn -0.0000 -0.2106 -0.9776
vn -0.0000 -0.0432 -0.9991
vn -0.0000 0.1274 -0.9918
vn -0.0000 -0.2334 0.9724
vn -0.0000 -0.0785 0.9969
vn -0.0000 0.0785 0.9969
vn -0.0000 0.1274 -0.9919
vn -0.0000 0.2926 -0.9562
vn -0.0000 0.4501 -0.8930
vn -0.0000 0.5954 -0.8034
vn -0.0000 -0.7604 0.6494
vn -0.0000 -0.6494 0.7605
vn -0.0000 -0.5225 0.8526
vn -0.0000 0.7217 -0.6922
vn -0.0000 0.8292 -0.5590
vn -0.0000 0.9107 -0.4130
vn -0.0000 -0.8527 0.5225
vn -0.0000 -0.9239 0.3827
vn -0.0000 -0.9724 0.2334
vn -0.0000 -0.3827 0.9239
vn -0.0000 0.2335 0.9724
vn -0.0000 0.6494 0.7605
vn -0.0000 0.7605 0.6493
vn -0.0000 0.9969 -0.0784
vn -0.0000 0.9724 -0.2334
vn -0.0000 0.9239 -0.3827
vn -0.0000 0.8526 -0.5226
vn -0.0000 0.3827 -0.9239
vn -0.0000 0.5949 0.8038
vt -1.532729 0.657451
vt -4.432734 0.657451
vt -1.532729 0.548759
vt -1.517085 0.657292
vt -4.432734 0.701921
vt -1.532729 0.701921
vt -1.501827 0.656841
vt -1.501827 0.763945
vt -1.517085 0.764714
vt -1.532729 0.764970
vt -1.517085 0.548711
vt -1.487331 0.656108
vt -1.487331 0.762675
vt -1.501827 0.548576
vt -1.501827 0.439958
vt -1.487331 0.548357
vt -1.517085 0.439775
vt -1.517085 0.331303
vt -1.501827 0.331816
vt -1.487331 0.440263
vt -1.517085 0.224162
vt -1.501827 0.224968
vt -1.487331 0.332646
vt -1.517085 0.119121
vt -1.532729 0.118742
vt -1.532729 0.223894
vt -1.532729 0.331145
vt -1.532729 0.242680
vt -4.432734 0.242680
vt -4.432734 0.223894
vt -4.448372 0.224162
vt -4.432734 0.118742
vt -4.448372 0.119121
vt -4.463631 0.120244
vt -4.448372 0.331303
vt -4.463631 0.224968
vt -4.463631 0.018425
vt -4.478127 0.020769
vt -4.478127 0.122099
vt -4.491511 0.023967
vt -4.478127 -0.076887
vt -4.491511 -0.073054
vt -4.503444 -0.068282
vt -4.491511 -0.165681
vt -4.503444 -0.160139
vt -0.579284 -0.068282
vt -0.515399 -0.153658
vt -0.525409 -0.160139
vt -0.533972 -0.165681
vt -0.463739 -0.246968
vt -0.454321 -0.239632
vt -0.443762 -0.231416
vt -0.385992 -0.319942
vt -0.376184 -0.310835
vt -0.365564 -0.300984
vt -0.301947 -0.384077
vt -0.292224 -0.373323
vt -0.281988 -0.362007
vt -0.212854 -0.438997
vt -0.203650 -0.426839
vt -0.194214 -0.414363
vt -0.111639 -0.471346
vt -0.119958 -0.484602
vt -0.271502 -0.350398
vt 0.499628 0.502751
vt -0.342926 -0.279939
vt -0.354388 -0.290596
vt -0.420282 -0.213142
vt -0.432318 -0.222517
vt -0.407934 -0.203535
vt -0.491986 -0.138533
vt -0.479174 -0.130232
vt -0.466040 -0.121748
vt -0.516790 -0.035200
vt -0.530621 -0.042525
vt -0.588275 0.043401
vt -0.574218 0.049345
vt -0.544104 -0.049666
vt -0.601635 0.037761
vt -0.556915 -0.056441
vt -0.613958 0.032573
vt -0.568743 -0.062703
vt -0.504162 -0.146394
vt -0.624951 0.027922
vt -4.491511 0.124614
vt -4.503444 0.127751
vt -4.503444 0.027922
vt -0.662054 0.127751
vt -4.491511 0.228142
vt -0.690319 0.230424
vt -0.650702 0.131401
vt -4.503444 0.230424
vt -4.491511 0.333769
vt -4.503444 0.335173
vt -0.709527 0.335173
vt -0.678692 0.233073
vt -0.697711 0.336809
vt -0.665649 0.236064
vt -0.637970 0.135515
vt -0.624170 0.139983
vt -0.651513 0.239299
vt -0.609649 0.144658
vt -0.684454 0.338640
vt -0.670092 0.340630
vt -0.636639 0.242705
vt -0.621392 0.246196
vt -0.594769 0.149467
vt -0.654980 0.342729
vt -0.639489 0.344878
vt -0.679773 0.443193
vt -0.664532 0.443962
vt -0.648913 0.444743
vt -0.649597 0.545073
vt -0.665228 0.545647
vt -0.657061 0.647014
vt -0.672198 0.648906
vt -0.680481 0.546208
vt -0.686584 0.650688
vt -0.694964 0.546745
vt -0.699859 0.652348
vt -0.708331 0.547246
vt -0.694250 0.442461
vt -0.707617 0.441789
vt -0.720257 0.547673
vt -0.719531 0.441179
vt -4.491511 0.548051
vt -4.503444 0.547673
vt -4.503444 0.441179
vt -4.491511 0.440666
vt -4.478127 0.548357
vt -4.478127 0.440263
vt -4.463631 0.548576
vt -4.463631 0.439958
vt -4.478127 0.332646
vt -4.463631 0.331816
vt -4.478127 0.226323
vt -4.448372 0.439775
vt -4.432734 0.331145
vt -4.432734 0.394902
vt -4.432734 0.439702
vt -4.432734 0.548759
vt -4.448372 0.548711
vt -1.532729 0.439702
vt -1.532729 0.394902
vt -4.448372 0.657292
vt -4.448372 0.764714
vt -4.463631 0.656841
vt -4.463631 0.763945
vt -4.478127 0.656108
vt -4.478127 0.762675
vt -4.491511 0.655095
vt -4.491511 0.760966
vt -4.503444 0.653825
vt -4.503444 0.758830
vt -0.693927 0.758830
vt -0.711700 0.653825
vt -4.491511 0.864873
vt -4.503444 0.861870
vt -0.667059 0.861870
vt -0.682257 0.756328
vt -0.655658 0.858366
vt -0.669177 0.753508
vt -0.642871 0.854436
vt -0.655005 0.750468
vt -0.629016 0.850163
vt -0.640081 0.747282
vt -0.614434 0.845671
vt -0.624786 0.743986
vt -0.641534 0.645073
vt -0.599481 0.841069
vt -0.565808 0.935576
vt -0.580304 0.941472
vt -0.551544 1.040874
vt -0.594445 0.947209
vt -0.537957 1.033916
vt -0.524035 1.026787
vt -0.487719 1.122331
vt -0.500641 1.130437
vt -0.474469 1.114006
vt -0.429962 1.206035
vt -0.442132 1.215227
vt -0.417486 1.196587
vt -0.376446 1.294597
vt -0.365130 1.284367
vt -0.353521 1.273882
vt -0.283068 1.345305
vt -0.293713 1.356755
vt -0.225634 1.434697
vt -0.216265 1.422661
vt -0.304101 1.367937
vt -0.234539 1.446135
vt -0.313971 1.378557
vt -0.242755 1.456706
vt -0.323071 1.388359
vt -0.387207 1.304314
vt -0.397131 1.313298
vt -0.453686 1.223979
vt -0.464355 1.232048
vt -0.512921 1.138152
vt -0.524255 1.145256
vt -0.564447 1.047478
vt -0.576355 1.053569
vt -0.607873 0.952666
vt -0.620269 0.957707
vt -0.586975 1.059013
vt -0.631323 0.962187
vt -4.491511 1.157024
vt -4.503444 1.151604
vt -4.503444 1.059013
vt -4.491511 1.063652
vt -0.534362 1.151604
vt -4.503444 0.962187
vt -4.478127 1.161369
vt -4.478127 1.067387
vt -4.491511 0.966020
vt -4.478127 0.969109
vt -4.463631 1.070134
vt -4.463631 0.971379
vt -4.478127 0.867290
vt -4.448372 1.166508
vt -4.448372 1.071794
vt -4.463631 1.164568
vt -4.448372 1.256181
vt -4.463631 1.253960
vt -4.448372 1.340105
vt -4.463631 1.337651
vt -4.478127 1.250334
vt -4.478127 1.333623
vt -4.491511 1.245390
vt -4.491511 1.328130
vt -0.413537 1.328130
vt -0.473877 1.239250
vt -0.482000 1.245390
vt -0.542993 1.157024
vt -0.405981 1.321294
vt -0.338134 1.404570
vt -0.331195 1.397112
vt -0.256341 1.474150
vt -0.250085 1.466106
vt -0.168805 1.536345
vt -0.163269 1.527788
vt -4.491511 -0.076178
vt -4.503444 -0.071411
vt -4.503444 -0.163269
vt -4.491511 -0.168805
vt -0.071411 1.581657
vt -0.156793 1.517778
vt -0.065826 1.571123
vt -0.149524 1.506535
vt -0.059570 1.559294
vt -0.141650 1.494365
vt -0.052789 1.546477
vt -0.133368 1.481548
vt -0.045648 1.533000
vt -0.124865 1.468413
vt -0.206659 1.410307
vt -0.038336 1.519170
vt 0.052301 1.562175
vt 0.046216 1.576591
vt 0.146338 1.597148
vt 0.141535 1.612028
vt 0.239582 1.639018
vt 0.236176 1.653886
vt 0.136853 1.626555
vt 0.232941 1.668022
vt 0.132392 1.640349
vt 0.040284 1.590654
vt 0.034644 1.604008
vt 0.128284 1.653081
vt 0.029438 1.616338
vt 0.124622 1.664433
vt 0.024799 1.627324
vt -4.491511 0.121491
vt -4.503444 0.124622
vt -4.503444 0.024799
vt -4.491511 0.020838
vt -4.478127 0.118970
vt -4.478127 0.017646
vt -4.463631 0.117121
vt -4.463631 0.015308
vt -4.478127 -0.080011
vt -4.463631 -0.082824
vt -4.478127 -0.173254
vt -4.463631 -0.176513
vt -4.478127 -0.261383
vt -4.491511 -0.256341
vt -4.463631 -0.265069
vt -4.478127 -0.343713
vt -4.491511 -0.338134
vt -4.463631 -0.347796
vt -4.463631 1.414983
vt -4.478127 1.410576
vt -4.491511 1.404570
vt -4.448372 -0.267315
vt -4.448372 1.417656
vt -4.448372 -0.350293
vt -4.432734 -0.268072
vt -4.432734 -0.179174
vt -4.448372 -0.178503
vt -4.432734 -0.278161
vt -4.432734 -0.351129
vt -1.532729 -0.351129
vt -1.532729 -0.392517
vt -4.432734 -0.392517
vt -1.532729 1.378300
vt -4.432734 1.378300
vt -1.532729 1.340923
vt -4.432734 1.340923
vt -1.532729 1.262016
vt -4.432734 1.262016
vt -1.532729 1.256926
vt -4.432734 1.256926
vt -1.532729 1.167168
vt -4.432734 1.167168
vt -1.532729 1.134245
vt -4.432734 1.134245
vt -1.532729 1.072356
vt -4.432734 1.072356
vt -1.532729 0.996892
vt -4.432734 0.996892
vt -1.532729 0.973210
vt -4.432734 0.973210
vt -4.448372 0.972746
vt -4.463631 0.869048
vt -4.448372 0.870134
vt -4.432734 0.870488
vt -4.432734 0.852055
vt -4.432734 0.764970
vt -1.532729 0.852055
vt -1.532729 0.870488
vt -1.517085 0.870134
vt -1.501827 0.869048
vt -1.501827 0.971379
vt -1.517085 0.972746
vt -1.487331 0.867290
vt -1.487331 0.969109
vt -1.473952 0.864873
vt -1.473952 0.966020
vt -1.462019 0.962187
vt -1.462019 1.059013
vt -1.473952 1.063652
vt -1.462019 1.151604
vt -1.487331 1.067387
vt -1.473952 1.157024
vt -1.473952 1.328130
vt -1.473952 1.404570
vt -1.487331 1.333623
vt -1.487331 1.410576
vt -1.473952 -0.256341
vt -1.487331 -0.343713
vt -1.473952 -0.338134
vt -1.501827 1.337651
vt -1.501827 1.414983
vt -1.487331 -0.261383
vt -1.501827 -0.347796
vt -1.501827 -0.265069
vt -1.487331 -0.173254
vt -1.473952 -0.168805
vt -1.473952 -0.076178
vt -1.487331 -0.080011
vt -1.501827 -0.176513
vt -1.501827 -0.082824
vt -1.517085 -0.178503
vt -1.517085 -0.267315
vt -1.517085 -0.350293
vt -1.532729 -0.268072
vt -1.532729 -0.278161
vt -1.517085 1.340105
vt -1.517085 1.417656
vt -1.517085 1.256181
vt -1.517085 1.166508
vt -1.501827 1.253960
vt -1.501827 1.164568
vt -1.487331 1.250334
vt -1.487331 1.161369
vt -1.473952 1.245390
vt -1.501827 1.070134
vt -1.517085 1.071794
vt -1.532729 -0.179174
vt -4.432734 -0.152014
vt -1.532729 -0.152014
vt -4.432734 -0.085113
vt -4.448372 -0.084533
vt -4.448372 0.013886
vt -4.432734 -0.015985
vt -4.432734 0.013404
vt -4.432734 0.115619
vt -4.448372 0.116004
vt -1.532729 0.115619
vt -4.432734 0.127857
vt -1.532729 0.013404
vt -1.532729 -0.015985
vt -1.517085 0.013886
vt -1.517085 0.116004
vt -1.501827 0.117121
vt -1.501827 0.221851
vt -1.517085 0.221033
vt -1.532729 0.220758
vt -1.532729 0.127857
vt -4.432734 0.220758
vt -4.432734 0.277332
vt -4.448372 0.221033
vt -4.448372 0.328186
vt -4.463631 0.221851
vt -4.463631 0.328687
vt -4.478127 0.223188
vt -4.478127 0.329517
vt -4.491511 0.225019
vt -4.491511 0.330646
vt -4.503444 0.227295
vt -4.503444 0.332038
vt 0.332038 1.711906
vt 0.229950 1.681072
vt 0.227295 1.692693
vt 0.333680 1.700078
vt 0.438062 1.721904
vt 0.438666 1.709990
vt 0.335511 1.686833
vt 0.439338 1.696623
vt 0.337506 1.672466
vt 0.440070 1.682146
vt 0.339600 1.657353
vt 0.341748 1.641863
vt 0.243067 1.623760
vt 0.440839 1.666899
vt 0.441626 1.651286
vt 0.541950 1.651970
vt 0.542524 1.667607
vt 0.645771 1.674565
vt 0.643885 1.659428
vt 0.543085 1.682854
vt 0.647565 1.688957
vt 0.543622 1.697343
vt 0.649225 1.702238
vt 0.544110 1.710710
vt 0.650702 1.714079
vt 0.544550 1.722636
vt -4.491511 0.651960
vt -4.503444 0.650702
vt -4.503444 0.544550
vt -4.491511 0.544928
vt -4.503444 0.438062
vt -4.478127 0.652979
vt -4.478127 0.545234
vt -4.491511 0.437549
vt -4.478127 0.437134
vt -4.463631 0.545453
vt -4.463631 0.436829
vt -4.448372 0.545581
vt -4.448372 0.436646
vt -4.432734 0.545630
vt -4.432734 0.584076
vt -4.448372 0.654169
vt -1.532729 0.584076
vt -4.432734 0.654328
vt -1.532729 0.545630
vt -1.532729 0.436585
vt -1.517085 0.545581
vt -1.501827 0.653717
vt -1.517085 0.654169
vt -1.532729 0.654328
vt -1.517085 0.436646
vt -1.501827 0.545453
vt -1.532729 0.430176
vt -1.517085 0.328186
vt -1.501827 0.436829
vt -4.432734 0.436585
vt -4.432734 0.430176
vt -1.532729 0.328022
vt -4.432734 0.328022
vt -1.532729 0.277332
vt -1.501827 0.328687
vt -1.487331 0.437134
vt -1.487331 0.545234
vt -1.473952 0.544928
vt -1.487331 0.329517
vt -1.473952 0.437549
vt -1.462019 0.544550
vt -1.462019 0.650702
vt -1.473952 0.651960
vt -1.487331 0.652979
vt -1.473952 0.757837
vt -1.462019 0.755701
vt 0.753199 1.684636
vt 0.855243 1.658037
vt 0.755701 1.696306
vt 0.858753 1.669438
vt -1.462019 0.858753
vt 0.750391 1.671550
vt 0.851300 1.645244
vt -1.473952 0.330646
vt -1.462019 0.438062
vt -1.462019 0.332038
vt -1.473952 0.225019
vt -1.462019 0.227295
vt -1.473952 0.121491
vt -1.487331 0.118970
vt -1.487331 0.223188
vt -1.501827 0.015308
vt -1.487331 0.017646
vt -1.517085 -0.084533
vt -1.532729 -0.085113
vt -1.473952 0.020838
vt -1.462019 0.024799
vt -1.462019 0.124622
vt 0.747351 1.657378
vt 0.744153 1.642461
vt 0.842554 1.616814
vt 0.740863 1.627165
vt 0.837952 1.601848
vt 0.573383 0.715312
vt 0.536396 0.724724
vt 0.641950 1.643913
vt 0.498359 0.727751
vt 0.460352 0.724297
vt -1.432729 0.460352
vt -1.332729 0.498359
vt -1.432729 0.498359
vt -1.332729 0.536396
vt -1.432729 0.536396
vt -1.332729 0.573383
vt 0.511884 0.576750
vt 0.499207 0.577751
vt -1.332729 0.499207
vt -1.432729 0.499207
vt -1.332729 0.511884
vt 0.486536 0.576604
vt -1.332729 0.486536
vt -1.432729 0.486536
vt -1.432729 0.511884
vt 0.490894 0.551982
vt 0.499341 0.552751
vt -1.432729 0.490894
vt -0.932729 0.499341
vt -1.432729 0.499341
vt 0.482703 0.549797
vt -1.432729 0.482703
vt -0.932729 0.490894
vt -0.932729 0.507801
vt 0.507801 0.552080
vt 0.520478 0.457304
vt 0.527857 0.461479
vt 0.534424 0.466850
vt 0.459595 0.472795
vt 0.465229 0.466460
vt 0.471857 0.461162
vt 0.456903 0.528728
vt 0.453125 0.521135
vt 0.461902 0.535576
vt 0.523761 0.546538
vt 0.516016 0.549980
vt 0.549591 0.500908
vt 0.549567 0.505156
vt 0.548444 0.513554
vt 0.512494 0.454436
vt 0.455109 0.479985
vt 0.467994 0.541472
vt 0.530817 0.541826
vt 0.549256 0.496672
vt 0.504145 0.452959
vt 0.451905 0.487846
vt 0.474994 0.546269
vt 0.536969 0.535991
vt 0.547516 0.488383
vt 0.495667 0.452910
vt 0.450068 0.496111
vt 0.542054 0.529204
vt 0.544397 0.480498
vt 0.487305 0.454301
vt 0.449665 0.504594
vt 0.545911 0.521648
vt 0.539991 0.473247
vt 0.479285 0.457072
vt 0.450690 0.513005
vt -1.432729 0.513005
vt -0.932729 0.521135
vt -1.432729 0.521135
vt -0.932729 0.528728
vt -0.932729 0.513005
vt 0.429877 0.530315
vt 0.426221 0.518132
vt -1.432729 0.504594
vt -1.332729 0.530315
vt -1.432729 0.530315
vt -1.332729 0.541716
vt -1.432729 0.541716
vt -1.432729 0.518132
vt 0.435541 0.541716
vt -1.332729 0.551982
vt -1.432729 0.551982
vt 0.443048 0.551982
vt 0.452185 0.560832
vt 0.357294 0.677007
vt -1.332729 0.443048
vt -1.432729 0.443048
vt -1.332729 0.452185
vt 0.329889 0.650444
vt 0.307367 0.619633
vt -1.432729 0.619633
vt -1.332729 0.619633
vt -1.332729 0.650444
vt -1.432729 0.650444
vt -1.432729 0.329889
vt -1.332729 0.329889
vt -1.332729 0.357294
vt 0.290381 0.585466
vt -1.432729 0.585466
vt 0.279413 0.548918
vt -1.432729 0.548918
vt -1.332729 0.585466
vt -1.332729 0.548918
vt -1.432729 0.511028
vt -1.332729 0.511028
vt 0.424677 0.505510
vt 0.274775 0.511028
vt 0.425287 0.492802
vt 0.276612 0.472917
vt -1.432729 0.472917
vt -1.332729 0.472917
vt 0.284864 0.435649
vt -1.432729 0.435649
vt -0.559808 0.055437
vt 0.299292 0.400322
vt -1.432729 0.400322
vt -1.332729 0.435649
vt -1.332729 0.400322
vt 0.428040 0.480376
vt 0.432849 0.468608
vt -1.432729 0.367937
vt 0.439576 0.457817
vt 0.319483 0.367937
vt -1.332729 0.367937
vt 0.344861 0.339433
vt -1.432729 0.339433
vt -0.471777 -0.253218
vt -1.462019 -0.160139
vt -1.462019 -0.068282
vt -1.473952 -0.165681
vt -1.462019 0.027922
vt -1.473952 -0.073054
vt -1.473952 0.023967
vt -1.487331 -0.076887
vt -1.487331 -0.170137
vt -1.501827 -0.173384
vt -1.501827 -0.261934
vt -1.487331 -0.258260
vt -1.501827 -0.344673
vt -1.487331 -0.340596
vt -1.473952 -0.253218
vt -1.501827 -0.335272
vt -1.487331 -0.408203
vt -1.501827 -0.412603
vt -1.517085 -0.337732
vt -1.517085 -0.415283
vt -1.517085 -0.347163
vt -1.517085 -0.253802
vt -1.532729 -0.254541
vt -1.532729 -0.338556
vt -1.532729 -0.416192
vt -1.532729 -0.348034
vt -4.432734 -0.348034
vt -4.432734 -0.338556
vt -4.448372 -0.337732
vt -4.432734 -0.254541
vt -4.448372 -0.253802
vt -4.463631 -0.251593
vt -4.448372 -0.415283
vt -4.463631 -0.335272
vt -4.463631 -0.162194
vt -4.478127 -0.247967
vt -4.478127 -0.158996
vt -4.478127 -0.065020
vt -4.491511 -0.061279
vt -4.491511 -0.154638
vt -4.503444 -0.056640
vt -4.491511 0.036347
vt -4.503444 0.040186
vt -0.056640 -0.583845
vt 0.044672 -0.617146
vt 0.040186 -0.628194
vt -4.503444 0.140497
vt 0.144007 -0.652534
vt 0.140497 -0.663936
vt 0.147950 -0.639742
vt 0.246051 -0.679134
vt 0.248859 -0.666048
vt 0.251899 -0.651875
vt 0.351685 -0.683467
vt 0.353479 -0.669075
vt 0.355365 -0.653938
vt 0.456165 -0.677351
vt 0.456726 -0.662105
vt 0.457306 -0.646468
vt 0.557624 -0.645796
vt 0.558411 -0.661409
vt 0.657502 -0.636360
vt 0.659650 -0.651863
vt 0.559180 -0.676656
vt 0.661750 -0.666975
vt 0.759674 -0.633516
vt 0.756183 -0.618269
vt 0.852912 -0.591634
vt 0.946949 -0.556685
vt 0.857715 -0.606526
vt 0.763074 -0.648384
vt 0.862409 -0.621040
vt 0.953034 -0.571089
vt 1.037586 -0.513667
vt 1.044898 -0.527486
vt 0.958966 -0.585152
vt 1.124121 -0.462910
vt 1.052039 -0.540987
vt 1.132618 -0.476045
vt 1.205909 -0.404805
vt 1.282318 -0.339803
vt 1.215515 -0.417158
vt 1.292969 -0.351265
vt 1.140900 -0.488863
vt 1.224884 -0.429195
vt 1.352771 -0.268379
vt 1.364380 -0.278865
vt 1.303351 -0.362447
vt 1.375696 -0.289095
vt 1.429212 -0.200520
vt 1.416736 -0.191096
vt 1.473719 -0.108516
vt 1.523285 -0.021284
vt 1.486969 -0.116829
vt 1.441382 -0.209737
vt 1.499897 -0.124947
vt 1.537214 -0.028413
vt 1.550794 -0.035371
vt 1.579560 0.064030
vt 1.565064 0.069914
vt 1.598731 0.164421
vt 1.613684 0.159819
vt 1.624042 0.261516
vt 1.640784 0.360429
vt 1.639338 0.258232
vt 1.656311 0.358488
vt 1.628266 0.155327
vt 1.654255 0.255022
vt 1.648847 0.460417
vt 1.664484 0.459856
vt 1.671448 0.356609
vt 1.679731 0.459294
vt 1.663782 0.561540
vt 1.648163 0.560747
vt 1.638739 0.660625
vt 1.620642 0.759306
vt 1.654230 0.662785
vt 1.679023 0.562309
vt 1.669348 0.664873
vt 1.635889 0.762798
vt 1.650769 0.766203
vt 1.608899 0.860832
vt 1.594019 0.856035
vt 1.559058 0.950078
vt 1.516040 1.040715
vt 1.573475 0.956157
vt 1.529871 1.048027
vt 1.623426 0.865532
vt 1.587525 0.962090
vt 1.465290 1.127239
vt 1.478424 1.135747
vt 1.543354 1.055156
vt 1.407184 1.209038
vt 1.419532 1.218645
vt 1.491236 1.144023
vt 1.431574 1.228008
vt 1.353638 1.296086
vt 1.342176 1.285442
vt 1.270752 1.355901
vt 1.193464 1.419853
vt 1.281244 1.367497
vt 1.364814 1.306474
vt 1.291474 1.378825
vt 1.202900 1.432341
vt 1.110889 1.476836
vt 1.119208 1.490093
vt 1.212104 1.444511
vt 1.023664 1.526421
vt 1.127314 1.503020
vt 1.030793 1.540337
vt 0.932453 1.568193
vt 0.938343 1.582683
vt 1.037745 1.553923
vt 0.944080 1.596819
vt 0.847040 1.631389
vt 0.954578 1.622636
vt 0.949543 1.610246
vt 0.959064 1.633708
vt -4.491511 0.861750
vt -4.503444 0.755701
vt -4.491511 0.757837
vt -4.503444 0.858753
vt -4.478127 0.965985
vt -4.491511 0.962903
vt -4.478127 0.864161
vt -4.463631 0.968250
vt -4.463631 0.865931
vt -4.478127 0.759558
vt -4.463631 0.760816
vt -4.448372 0.867005
vt -4.448372 0.761585
vt -4.463631 0.653717
vt -4.432734 0.867365
vt -4.432734 0.885724
vt -4.448372 0.969629
vt -1.532729 0.867365
vt -1.532729 0.761847
vt -4.432734 0.761847
vt -1.532729 0.736695
vt -4.432734 0.736695
vt -1.517085 0.761585
vt -1.517085 0.867005
vt -1.501827 0.760816
vt -1.501827 0.865931
vt -1.517085 0.969629
vt -1.532729 0.970093
vt -1.532729 0.885724
vt -1.501827 0.968250
vt -1.532729 1.028894
vt -1.517085 1.068671
vt -1.501827 1.067005
vt -1.501827 1.161444
vt -1.487331 1.064270
vt -1.487331 1.158246
vt -1.487331 1.247217
vt -1.501827 1.250843
vt -1.517085 1.163391
vt -1.487331 1.330500
vt -1.501827 1.334528
vt -1.517085 1.253052
vt -1.532729 1.337806
vt -1.532729 1.289124
vt -1.532729 1.253797
vt -1.532729 1.164045
vt -1.517085 1.336982
vt -1.532729 1.402234
vt -4.432734 1.402234
vt -4.432734 1.337806
vt -4.448372 1.414539
vt -4.432734 1.289124
vt -4.448372 1.336982
vt -4.448372 1.352666
vt -4.432734 1.353508
vt -4.432734 1.270451
vt -4.448372 1.269682
vt -4.432734 1.367509
vt -4.463631 1.334528
vt -4.463631 1.350175
vt -4.463631 1.411853
vt -4.478127 1.330500
vt -4.463631 1.250843
vt -4.478127 1.247217
vt -4.491511 1.242273
vt -4.478127 1.158246
vt -4.491511 1.153888
vt 1.242273 1.484380
vt 1.148474 1.536736
vt 1.153888 1.545366
vt -4.491511 1.060535
vt -4.503444 1.055890
vt -4.503444 1.148474
vt 1.050452 1.578740
vt 1.055890 1.589360
vt -4.503444 0.959064
vt 1.142133 1.526628
vt 1.044355 1.566814
vt 1.135022 1.515300
vt 1.228925 1.466740
vt 1.220850 1.456071
vt 1.310169 1.399504
vt 1.301197 1.389580
vt 1.385242 1.325456
vt 1.375434 1.316350
vt 1.453571 1.245134
vt 1.443018 1.236919
vt 1.514649 1.159172
vt 1.503412 1.151897
vt 1.567994 1.068205
vt 1.556171 1.061943
vt 1.613208 0.972942
vt 1.600885 0.967729
vt 1.649952 0.874089
vt 1.637220 0.869975
vt 1.677942 0.772417
vt 1.664899 0.769438
vt 1.696961 0.668694
vt 1.683704 0.666862
vt 1.706867 0.563713
vt 1.693506 0.563042
vt 1.707587 0.458269
vt 1.694214 0.458757
vt 1.699115 0.353142
vt 1.685834 0.354802
vt 1.681513 0.249175
vt 1.668427 0.251982
vt 1.654908 0.147136
vt 1.642127 0.151079
vt 1.619519 0.047807
vt 1.607123 0.052837
vt 1.575605 -0.048079
vt 1.563697 -0.041975
vt 1.593695 0.058293
vt 1.523505 -0.139766
vt 1.512177 -0.132637
vt 1.463611 -0.226546
vt 1.452942 -0.218477
vt 1.396381 -0.307783
vt 1.386457 -0.298824
vt 1.322321 -0.382869
vt 1.313221 -0.373067
vt 1.242011 -0.451192
vt 1.233789 -0.440633
vt 1.156043 -0.512264
vt 1.148780 -0.501033
vt 1.065082 -0.565620
vt 1.058820 -0.553792
vt 0.969812 -0.610835
vt 0.964612 -0.598518
vt 0.870966 -0.647578
vt 0.866858 -0.634846
vt 0.769300 -0.675557
vt 0.766309 -0.662520
vt 0.665577 -0.694588
vt 0.663739 -0.681331
vt 0.560584 -0.704488
vt 0.559913 -0.691121
vt 0.455140 -0.705208
vt 0.455628 -0.691841
vt 0.350025 -0.696724
vt 0.243549 -0.690804
vt 0.348548 -0.708577
vt -4.491511 0.241413
vt -4.503444 0.243549
vt -4.503444 0.348548
vt -4.491511 0.347290
vt -4.503444 0.454700
vt 0.454700 -0.717134
vt -4.491511 0.454322
vt -4.503444 0.561188
vt 0.561188 -0.716414
vt -4.491511 0.561701
vt -4.503444 0.667212
vt 0.667212 -0.706392
vt -4.491511 0.668616
vt -4.503444 0.771955
vt 0.771955 -0.687190
vt -4.491511 0.774231
vt -4.503444 0.874634
vt 0.874634 -0.658931
vt -4.491511 0.877765
vt -4.503444 0.974451
vt 0.974451 -0.621834
vt -4.491511 0.978412
vt -4.503444 1.070661
vt 1.070661 -0.576167
vt -4.491511 1.075428
vt -4.503444 1.162519
vt 1.162519 -0.522285
vt -4.491511 1.168055
vt 1.168055 -0.530855
vt 1.249335 -0.460616
vt 1.255597 -0.468660
vt 1.330445 -0.391597
vt 1.337384 -0.399080
vt 1.405231 -0.315791
vt 1.412793 -0.322627
vt 1.473127 -0.233748
vt 1.481250 -0.239900
vt 1.533612 -0.146101
vt 1.542243 -0.151509
vt -4.491511 -0.151509
vt -4.503444 -0.146101
vt -4.503444 -0.053511
vt 1.586225 -0.053511
vt -4.491511 -0.058162
vt -4.503444 0.043315
vt 1.630573 0.043315
vt -4.491511 0.039470
vt -4.503444 0.143620
vt 1.666315 0.143620
vt -4.491511 0.140630
vt -4.503444 0.246684
vt 1.693177 0.246684
vt -4.491511 0.244536
vt -4.503444 0.351665
vt 1.710950 0.351665
vt -4.491511 0.350420
vt -4.503444 0.457829
vt 1.719507 0.457829
vt -4.491511 0.457439
vt -4.503444 0.564311
vt 1.718781 0.564311
vt -4.491511 0.564824
vt -4.503444 0.670341
vt 1.708783 0.670341
vt -4.491511 0.671733
vt -4.503444 0.775090
vt 1.689569 0.775090
vt -4.491511 0.777348
vt -4.503444 0.877763
vt 1.661304 0.877763
vt -4.491511 0.880888
vt -4.503444 0.977580
vt 1.624201 0.977580
vt -4.491511 0.981548
vt -4.503444 1.073784
vt 1.578540 1.073784
vt -4.491511 1.078545
vt -4.503444 1.165642
vt 1.524665 1.165642
vt -4.491511 1.171184
vt 1.533222 1.171184
vt 1.462989 1.252458
vt 1.471027 1.258720
vt 1.393982 1.333574
vt 1.401447 1.340508
vt 1.318164 1.408354
vt 1.325006 1.415923
vt 1.236127 1.476250
vt -4.478127 1.407453
vt -4.491511 1.401447
vt -4.491511 1.325006
vt -4.463631 1.267448
vt -4.478127 1.263750
vt -4.478127 1.346086
vt -4.491511 1.340508
vt -4.463631 1.178899
vt -4.478127 1.175627
vt -4.491511 1.258720
vt -4.463631 1.085197
vt -4.478127 1.082390
vt -4.463631 0.987065
vt -4.478127 0.984734
vt -4.463631 0.885246
vt -4.478127 0.883403
vt -4.463631 0.780522
vt -4.478127 0.779192
vt -4.463631 0.673686
vt -4.478127 0.672868
vt -4.463631 0.565544
vt -4.478127 0.565239
vt -4.463631 0.456926
vt -4.478127 0.457146
vt -4.463631 0.348650
vt -4.478127 0.349406
vt -4.463631 0.241557
vt -4.478127 0.242815
vt -4.463631 0.136443
vt -4.478127 0.138213
vt -4.463631 0.034135
vt -4.478127 0.036382
vt -4.463631 -0.064632
vt -4.478127 -0.061897
vt -4.463631 -0.159077
vt -4.478127 -0.155879
vt -4.463631 -0.248470
vt -4.478127 -0.244844
vt -4.463631 -0.332149
vt -4.478127 -0.328120
vt -4.491511 -0.239900
vt -4.463631 -0.409480
vt -4.478127 -0.405086
vt -4.491511 -0.322627
vt -4.463631 1.264319
vt -4.478127 1.260633
vt -4.478127 1.342963
vt -4.463631 1.347052
vt -4.491511 1.337384
vt -4.491511 -0.399080
vt -4.463631 1.175763
vt -4.478127 1.172504
vt -4.491511 1.255597
vt -4.463631 1.082074
vt -4.478127 1.079261
vt -4.463631 0.983942
vt -4.478127 0.981604
vt -4.463631 0.882129
vt -4.478127 0.880280
vt -4.463631 0.777405
vt -4.478127 0.776062
vt -4.463631 0.670563
vt -4.478127 0.669733
vt -4.463631 0.562421
vt -4.478127 0.562116
vt -4.463631 0.453797
vt -4.478127 0.454017
vt -4.463631 0.345533
vt -4.478127 0.346271
vt -4.463631 0.238434
vt -4.478127 0.239692
vt -4.463631 0.133319
vt -4.478127 0.135089
vt -4.463631 0.031000
vt -4.478127 0.033265
vt -4.491511 0.137500
vt -4.463631 -0.067755
vt -4.448372 -0.164141
vt -4.448372 -0.069421
vt -4.448372 0.029621
vt -4.432734 -0.069983
vt -4.432734 -0.098352
vt -1.532729 -0.098352
vt -4.432734 -0.164788
vt -1.532729 -0.069983
vt -1.532729 0.029157
vt -1.517085 -0.069421
vt -1.517085 0.029621
vt -1.501827 -0.067755
vt -1.501827 -0.162194
vt -1.517085 -0.164141
vt -1.532729 -0.164788
vt -1.517085 0.132245
vt -1.501827 0.031000
vt -1.532729 0.041071
vt -1.517085 0.237665
vt -1.532729 0.187452
vt -1.532729 0.131885
vt -1.501827 0.133319
vt -1.501827 0.238434
vt -1.487331 0.135089
vt -1.487331 0.033265
vt -1.487331 -0.065020
vt -1.473952 -0.061279
vt -1.473952 0.036347
vt -1.462019 -0.056640
vt -1.462019 -0.149224
vt -1.473952 -0.154638
vt -1.487331 -0.158996
vt -1.473952 -0.243023
vt -0.243023 -0.478877
vt -0.154638 -0.539876
vt -0.236871 -0.470760
vt -0.149224 -0.531233
vt -0.318914 -0.402852
vt -0.229675 -0.461226
vt -0.310919 -0.394014
vt -0.394732 -0.328072
vt -0.325750 -0.410408
vt -0.402197 -0.335005
vt -1.473952 -0.325750
vt -1.473952 -0.402197
vt -1.487331 -0.331250
vt -1.487331 -0.247967
vt -1.501827 -0.251593
vt -1.473952 -0.335005
vt -0.221600 -0.450557
vt -0.142877 -0.521138
vt -0.135766 -0.509798
vt -0.128064 -0.497517
vt 0.374683 0.315630
vt -0.024414 -0.520906
vt -0.031543 -0.534834
vt 0.060907 -0.577181
vt -0.038494 -0.548421
vt 0.055170 -0.591316
vt 0.152210 -0.625899
vt 0.049707 -0.604744
vt -0.045105 -0.561324
vt -0.051202 -0.573225
vt -1.462019 0.243549
vt -1.462019 0.140497
vt -1.473952 0.241413
vt -1.473952 0.137500
vt -1.462019 0.040186
vt -1.487331 0.239692
vt -1.501827 0.345533
vt -1.487331 0.346271
vt -1.501827 0.453797
vt -1.517085 0.453669
vt -1.517085 0.345081
vt -1.532729 0.453620
vt -1.532729 0.492115
vt -1.517085 0.562604
vt -4.432734 0.453620
vt -4.432734 0.492115
vt -1.532729 0.562665
vt -4.432734 0.562665
vt -1.532729 0.645771
vt -1.517085 0.671064
vt -1.532729 0.778498
vt -1.532729 0.671228
vt -1.501827 0.562421
vt -1.501827 0.670563
vt -1.517085 0.778223
vt -1.532729 0.797223
vt -1.517085 0.883252
vt -1.501827 0.777405
vt -1.487331 0.776062
vt -1.487331 0.669733
vt -1.501827 0.882129
vt -1.487331 0.880280
vt -1.473952 0.774231
vt -1.473952 0.668616
vt -1.462019 0.667212
vt -1.462019 0.561188
vt -1.473952 0.561701
vt -1.462019 0.454700
vt -1.487331 0.562116
vt -1.473952 0.454322
vt -1.462019 0.348548
vt -1.473952 0.347290
vt 0.255103 -0.636958
vt 0.156702 -0.611299
vt 0.161298 -0.596358
vt 0.066797 -0.562691
vt 0.408106 0.297197
vt -1.432729 0.408106
vt -1.332729 0.374683
vt -1.432729 0.374683
vt 0.444159 0.284697
vt -1.432729 0.444159
vt -1.332729 0.408106
vt -1.332729 0.344861
vt 0.457978 0.440373
vt 0.469117 0.434233
vt -1.332729 0.469117
vt -1.432729 0.469117
vt -1.332729 0.457978
vt 0.481141 0.430058
vt -1.332729 0.481141
vt -1.432729 0.481141
vt -1.432729 0.457978
vt -1.432729 0.487305
vt -0.932729 0.479285
vt -1.432729 0.479285
vt -1.432729 0.495667
vt -0.932729 0.487305
vt 0.493683 0.427983
vt -1.432729 0.504145
vt -0.932729 0.495667
vt 0.506403 0.428056
vt -1.432729 0.512494
vt -0.932729 0.504145
vt -1.332729 0.506403
vt -1.432729 0.518933
vt -1.432729 0.506403
vt 0.518933 0.430278
vt -1.332729 0.493683
vt -1.432729 0.493683
vt 0.481806 0.278459
vt 0.519971 0.278679
vt -1.332729 0.518933
vt 0.557544 0.285332
vt 0.530903 0.434575
vt -1.332729 0.530903
vt -1.432729 0.530903
vt -1.432729 0.541974
vt 0.541974 0.440849
vt -1.432729 0.527857
vt -0.932729 0.520478
vt -1.432729 0.520478
vt -1.432729 0.534424
vt -0.932729 0.527857
vt 0.551825 0.448894
vt -1.432729 0.473247
vt -0.932729 0.466850
vt -1.432729 0.466850
vt -0.932729 0.534424
vt -1.332729 0.551825
vt -1.432729 0.551825
vt -1.332729 0.541974
vt -1.332729 0.448894
vt -1.432729 0.458488
vt -1.432729 0.448894
vt 0.560175 0.458488
vt -1.332729 0.458488
vt -1.432729 0.469365
vt 0.566785 0.469365
vt 0.656226 0.341191
vt 0.681281 0.369975
vt -1.332729 0.469365
vt 0.701105 0.402592
vt 0.571466 0.481194
vt -1.332729 0.481194
vt -1.432729 0.481194
vt -1.432729 0.493645
vt 0.574067 0.493645
vt -1.432729 0.500908
vt -0.932729 0.500908
vt -1.432729 0.496672
vt -0.932729 0.496672
vt -0.932729 0.488383
vt -1.432729 0.488383
vt 0.574573 0.499992
vt -1.432729 0.505156
vt -0.932729 0.505156
vt 0.574543 0.506352
vt -1.432729 0.513554
vt -1.332729 0.506352
vt -1.432729 0.506352
vt -1.332729 0.499992
vt -1.432729 0.499992
vt -1.432729 0.518962
vt 0.572852 0.518962
vt -1.332729 0.518962
vt -1.432729 0.531108
vt 0.569056 0.531108
vt -1.432729 0.521648
vt -0.932729 0.513554
vt -1.432729 0.529204
vt -0.932729 0.521648
vt 0.563269 0.542424
vt -1.432729 0.535991
vt -0.932729 0.529204
vt 0.555646 0.552617
vt -1.432729 0.530817
vt -0.932729 0.536969
vt -1.432729 0.536969
vt -0.932729 0.535991
vt 0.546412 0.561369
vt -1.432729 0.523761
vt -0.932729 0.530817
vt -1.432729 0.516016
vt -0.932729 0.523761
vt 0.535834 0.568425
vt 0.524207 0.573601
vt -1.432729 0.507801
vt -0.932729 0.516016
vt -1.332729 0.535834
vt -1.432729 0.524207
vt -1.432729 0.535834
vt -1.332729 0.524207
vt 0.639984 0.678606
vt -1.332729 0.546412
vt 0.608246 0.699797
vt -1.432729 0.573383
vt -1.332729 0.608246
vt -1.432729 0.608246
vt -1.332729 0.639984
vt -1.432729 0.639984
vt 0.667682 0.652348
vt 0.690552 0.621794
vt -1.487331 1.407453
vt -1.473952 1.401447
vt -1.473952 1.340508
vt -1.473952 1.258720
vt -1.487331 1.346086
vt -1.473952 1.325006
vt -1.473952 1.242273
vt -1.473952 1.153888
vt -1.473952 1.060535
vt -1.462019 1.148474
vt -1.487331 0.965985
vt -1.473952 0.962903
vt -1.462019 1.055890
vt -1.462019 0.959064
vt -1.473952 0.861750
vt -1.487331 0.864161
vt -1.487331 0.759558
vt -1.487331 1.263750
vt -1.501827 1.350175
vt -1.501827 1.411853
vt -1.501827 1.267448
vt -1.517085 1.414539
vt -1.517085 1.352666
vt -1.487331 1.175627
vt -1.501827 1.178899
vt -1.517085 1.269682
vt -1.532729 1.353508
vt -1.532729 1.270451
vt -1.532729 1.250029
vt -1.517085 1.180876
vt -1.532729 1.181560
vt -4.432734 1.181560
vt -4.432734 1.250029
vt -4.448372 1.180876
vt -4.448372 1.086906
vt -4.432734 1.121233
vt -4.432734 1.087492
vt -4.432734 0.988969
vt -4.448372 0.988493
vt -1.532729 0.988969
vt -4.432734 0.983049
vt -1.532729 1.087492
vt -1.532729 1.121233
vt -1.517085 1.086906
vt -1.517085 0.988493
vt -1.517085 0.886382
vt -1.532729 0.983049
vt -1.501827 0.885246
vt -1.501827 0.987065
vt -1.487331 0.883403
vt -1.487331 0.779192
vt -1.501827 0.780522
vt -1.517085 0.781352
vt -1.501827 0.673686
vt -1.487331 0.672868
vt -1.473952 0.671733
vt -1.473952 0.564824
vt -1.487331 0.565239
vt -1.462019 0.564311
vt -1.473952 0.777348
vt -1.462019 0.670341
vt -1.462019 0.457829
vt -1.462019 0.351665
vt -1.473952 0.457439
vt -1.473952 0.350420
vt -1.487331 0.457146
vt -1.462019 0.246684
vt -1.473952 0.244536
vt -1.487331 0.349406
vt -1.462019 0.143620
vt -1.487331 0.242815
vt -1.473952 0.140630
vt -1.462019 0.043315
vt -1.473952 0.039470
vt -1.462019 -0.053511
vt -1.473952 -0.322627
vt -1.487331 -0.244844
vt -1.473952 -0.239900
vt -1.473952 -0.399080
vt -1.487331 -0.328120
vt -1.501827 -0.248470
vt -1.501827 -0.159077
vt -1.487331 -0.155879
vt -1.473952 -0.151509
vt -1.487331 -0.061897
vt -1.501827 -0.064632
vt -1.501827 0.034135
vt -1.487331 0.036382
vt -1.473952 -0.058162
vt -1.462019 -0.146101
vt -1.501827 0.136443
vt -1.487331 0.138213
vt -1.517085 0.135381
vt -1.517085 0.240788
vt -1.501827 0.241557
vt -1.501827 0.348650
vt -1.517085 0.348198
vt -1.532729 0.379936
vt -1.532729 0.348039
vt -1.517085 0.456792
vt -1.501827 0.456926
vt -1.517085 0.565727
vt -1.532729 0.456743
vt -4.432734 0.379936
vt -4.432734 0.456743
vt -1.532729 0.533733
vt -4.432734 0.533733
vt -1.532729 0.565788
vt -4.432734 0.565788
vt -1.532729 0.674358
vt -4.432734 0.674358
vt -1.532729 0.687065
vt -1.517085 0.674187
vt -1.501827 0.565544
vt -4.432734 0.687065
vt -1.532729 0.781621
vt -4.432734 0.781621
vt -1.532729 0.837590
vt -4.432734 0.837590
vt -1.532729 0.886748
vt -4.432734 0.886748
vt -4.448372 0.886382
vt -4.448372 0.781352
vt -4.448372 0.674187
vt -4.448372 0.565727
vt -4.448372 0.456792
vt -4.448372 0.348198
vt -4.432734 0.348039
vt -4.432734 0.240532
vt -4.448372 0.240788
vt -1.532729 0.240532
vt -4.432734 0.227995
vt -1.532729 0.227995
vt -1.532729 0.135002
vt -4.432734 0.135002
vt -4.432734 0.080229
vt -4.448372 0.135381
vt -4.448372 0.032744
vt -4.432734 0.032280
vt -4.432734 -0.061140
vt -4.448372 -0.066304
vt -1.532729 0.032280
vt -1.532729 0.080229
vt -1.517085 0.032744
vt -1.532729 -0.061140
vt -1.517085 -0.066304
vt -1.532729 -0.066866
vt -1.517085 -0.161018
vt -1.532729 -0.161665
vt -1.532729 -0.193965
vt -1.517085 -0.250667
vt -1.532729 -0.251424
vt -4.432734 -0.251424
vt -4.432734 -0.193965
vt -4.448372 -0.250667
vt -4.432734 -0.161665
vt -4.448372 -0.161018
vt -4.448372 -0.334602
vt -4.432734 -0.413057
vt -4.448372 -0.412166
vt -4.432734 -0.316219
vt -4.432734 -0.335432
vt -1.532729 1.350379
vt -4.432734 1.336176
vt -4.432734 1.350379
vt -4.448372 1.349543
vt -1.532729 -0.413057
vt -1.532729 -0.335432
vt -1.532729 -0.316219
vt -1.517085 -0.334602
vt -1.517085 -0.412166
vt -1.501827 1.347052
vt -1.501827 1.264319
vt -1.517085 1.349543
vt -1.501827 -0.409480
vt -1.517085 1.266565
vt -1.532729 1.267322
vt -1.532729 1.336176
vt -4.432734 1.267322
vt -4.432734 1.215693
vt -4.448372 1.177759
vt -4.448372 1.266565
vt -4.432734 1.178424
vt -4.432734 1.084363
vt -4.448372 1.083783
vt -1.532729 1.178424
vt -1.532729 1.215693
vt -1.517085 1.177759
vt -1.501827 1.175763
vt -1.501827 1.082074
vt -1.517085 1.083783
vt -1.501827 0.983942
vt -1.517085 0.985364
vt -1.532729 1.084363
vt -1.532729 0.985846
vt -4.432734 0.985846
vt -4.432734 0.944159
vt -4.448372 0.985364
vt -4.448372 0.883252
vt -4.432734 0.883631
vt -4.448372 0.778223
vt -1.532729 0.883631
vt -4.432734 0.797223
vt -1.532729 0.944159
vt -4.432734 0.778498
vt -4.432734 0.671228
vt -4.432734 0.645771
vt -4.448372 0.671064
vt -4.448372 0.562604
vt -4.448372 0.453669
vt -4.432734 0.344922
vt -4.448372 0.345081
vt -1.532729 0.344922
vt -4.432734 0.338556
vt -1.532729 0.338556
vt -1.532729 0.237403
vt -4.432734 0.237403
vt -4.432734 0.187452
vt -4.448372 0.237665
vt -4.448372 0.132245
vt -4.432734 0.131885
vt -4.432734 0.041071
vt -4.432734 0.029157
vt -1.487331 0.981604
vt -1.473952 0.978412
vt -1.473952 0.877765
vt -1.487331 1.079261
vt -1.487331 1.172504
vt -1.473952 1.075428
vt -1.487331 1.260633
vt -1.473952 1.168055
vt -1.487331 1.342963
vt -1.473952 1.255597
vt -1.473952 1.337384
vt -1.487331 -0.405086
vt -1.501827 -0.332149
vt -1.462019 1.162519
vt -1.462019 1.070661
vt -1.462019 0.974451
vt -1.462019 0.874634
vt -1.462019 0.771955
vt 0.357300 -0.638411
vt 0.258387 -0.621663
vt 0.626673 0.317046
vt -1.462019 0.877763
vt -1.462019 0.775090
vt -1.473952 0.880888
vt -1.473952 0.981548
vt -1.462019 0.977580
vt -1.473952 1.078545
vt -1.487331 1.082390
vt -1.487331 0.984734
vt -1.501827 1.085197
vt -1.473952 1.171184
vt -1.462019 1.073784
vt -1.462019 1.165642
vt 0.724366 0.513567
vt 0.724476 0.494475
vt 0.722962 0.475432
vt -1.432729 0.494475
vt -1.332729 0.494475
vt -1.432729 0.475432
vt -1.432729 0.513567
vt -1.332729 0.513567
vt -1.332729 0.475432
vt 0.715131 0.438078
vt -1.332729 0.438078
vt -1.332729 0.493645
vt -1.432729 0.438078
vt -1.332729 0.402592
vt -1.432729 0.402592
vt -1.332729 0.369975
vt -1.432729 0.369975
vt -1.432729 0.551396
vt 0.719306 0.551396
vt -1.332729 0.551396
vt 0.707923 0.587822
vt -1.432729 0.587822
vt -1.432729 0.621794
vt -1.332729 0.587822
vt -1.332729 0.621794
vt -1.332729 0.531108
vt -1.332729 0.542424
vt -1.432729 0.542424
vt -1.432729 0.652348
vt -1.332729 0.652348
vt -1.332729 0.667682
vt -1.432729 0.667682
vt -1.332729 0.552617
vt -1.432729 0.552617
vt -1.432729 0.546412
vt -1.332729 0.555646
vt -1.432729 0.555646
vt -1.332729 0.341191
vt -1.432729 0.341191
vt -1.432729 0.656226
vt -1.332729 0.626673
vt -1.432729 0.626673
vt -1.332729 0.656226
vt 0.593457 0.298247
vt -1.332729 0.593457
vt -1.432729 0.593457
vt -1.332729 0.557544
vt -1.432729 0.557544
vt -1.332729 0.519971
vt -1.432729 0.519971
vt -1.332729 0.481806
vt -1.432729 0.481806
vt -1.332729 0.444159
vt -4.432734 -0.066866
vt -1.532729 1.367509
vt -0.932729 0.480498
vt -1.432729 0.480498
vt -0.932729 0.473247
vt -0.932729 0.512494
vt -0.932729 0.471857
vt -1.432729 0.471857
vt 0.448035 0.448308
vt -0.932729 0.465229
vt -1.432729 0.465229
vt -1.332729 0.448035
vt -1.432729 0.448035
vt -1.332729 0.448308
vt -1.432729 0.448308
vt -1.332729 0.457817
vt -1.432729 0.457817
vt -1.332729 0.468608
vt -1.432729 0.468608
vt -1.432729 0.472795
vt -0.932729 0.479985
vt -1.432729 0.479985
vt -1.432729 0.466460
vt -0.932729 0.472795
vt -0.932729 0.487846
vt -1.432729 0.487846
vt -1.332729 0.480376
vt -1.432729 0.480376
vt -1.332729 0.492802
vt -1.432729 0.492802
vt -1.332729 0.505510
vt -1.432729 0.505510
vt -1.332729 0.518132
vt -1.432729 0.496111
vt -0.932729 0.504594
vt -0.932729 0.496111
vt -0.932729 0.466460
vt -1.332729 0.339433
vt -1.432729 0.344861
vt -1.487331 0.454017
vt -1.532729 -0.228711
vt -4.432734 -0.228711
vt -4.478127 1.064270
vt -4.463631 1.161444
vt -4.463631 1.067005
vt -4.448372 1.163391
vt -4.448372 1.068671
vt -4.432734 1.164045
vt -4.432734 1.253797
vt -4.448372 1.253052
vt -1.532729 1.069233
vt -4.432734 1.069233
vt -4.432734 1.028894
vt -4.432734 0.970093
vt -4.503444 -0.149224
vt -4.478127 -0.258260
vt -4.491511 -0.253218
vt -4.491511 -0.335005
vt -4.478127 -0.340596
vt -4.478127 -0.408203
vt -4.491511 -0.402197
vt -4.491511 -0.325750
vt -4.463631 -0.261934
vt -4.463631 -0.344673
vt -4.463631 -0.412603
vt -4.478127 -0.331250
vt -4.491511 -0.243023
vt -4.448372 -0.264192
vt -4.448372 -0.347163
vt -4.432734 -0.304805
vt -4.432734 -0.264949
vt -4.432734 -0.181429
vt -4.448372 -0.175374
vt -1.532729 -0.264949
vt -1.532729 -0.304805
vt -1.532729 -0.348006
vt -1.517085 -0.264192
vt -1.517085 -0.175374
vt -1.532729 -0.181429
vt -1.532729 -0.176045
vt -4.432734 -0.176045
vt -4.432734 -0.081978
vt -1.532729 -0.081978
vt -4.432734 -0.047688
vt -4.448372 -0.081404
vt -1.532729 -0.047688
vt -4.432734 0.016533
vt -4.448372 0.017009
vt -4.463631 -0.079695
vt -4.463631 -0.173384
vt -4.478127 -0.170137
vt -1.532729 0.016533
vt -1.517085 -0.081404
vt -1.501827 0.018425
vt -1.517085 0.017009
vt -1.501827 -0.079695
vt -1.501827 0.120244
vt -1.487331 0.020769
vt -1.487331 0.122099
vt -1.473952 0.124614
vt -1.473952 0.228142
vt -1.487331 0.226323
vt -1.462019 0.127751
vt -1.462019 0.230424
vt -1.462019 0.653825
vt -1.462019 0.758830
vt -1.473952 0.655095
vt -1.473952 0.548051
vt -1.462019 0.547673
vt -1.473952 0.440666
vt -1.473952 0.333769
vt -1.462019 0.441179
vt -1.462019 0.335173
vt -1.473952 0.760966
vt -1.462019 0.861870
vt 0.388788 0.698552
vt 0.423474 0.714470
vt -1.462019 -0.163269
vt -1.462019 -0.071411
vt -1.432729 0.388788
vt -1.332729 0.423474
vt -1.432729 0.423474
vt -1.332729 0.460352
vt 0.474244 0.573332
vt 0.462677 0.568022
vt -1.332729 0.462677
vt -1.432729 0.462677
vt -1.332729 0.474244
vt -1.432729 0.474244
vt -1.432729 0.467994
vt -0.932729 0.474994
vt -1.432729 0.474994
vt -0.932729 0.482703
vt -1.432729 0.461902
vt -0.932729 0.467994
vt -1.432729 0.452185
vt -1.432729 0.528728
vt -0.932729 0.535576
vt -1.432729 0.535576
vt -0.932729 0.461902
vt -1.332729 0.388788
vt -1.432729 0.357294
vt -1.532729 0.094402
vt -4.432734 0.094402
vt -4.432734 -0.348006
vt -4.432734 -0.416192
vt -0.246827 0.457748
vt 0.739714 0.294259
vt -0.243239 0.500002
vt 0.500002 -2.250018
vt 0.500002 -2.500018
vt 0.457748 -2.250018
vt 0.542251 -2.500018
vt 0.756761 0.500002
vt -0.246827 0.542251
vt 0.542251 -2.250018
vt 0.739714 0.705746
vt 0.294259 -2.250018
vt 0.396774 -0.745758
vt 0.500002 -0.750018
vt 0.705746 -2.250018
vt -0.257515 0.583285
vt 0.689037 0.905874
vt 0.905874 -2.250018
vt 0.705746 -0.732977
vt 0.603225 -0.745758
vt -0.274983 0.621926
vt 0.621926 -2.250018
vt 0.621926 -2.500018
vt 0.583285 -2.250018
vt 0.583285 -2.500018
vt 0.858214 1.150826
vt 0.940123 0.942135
vt 0.942135 -2.500018
vt 0.942135 -0.933380
vt 0.833785 -0.962421
vt 0.723562 -2.500018
vt 1.150826 -2.500018
vt 1.048012 -0.896320
vt 0.990013 0.723562
vt 1.006761 0.500002
vt 0.612093 -0.995831
vt 0.723562 -0.983270
vt 0.969158 0.833785
vt 4.006767 0.942135
vt 4.006767 0.723562
vt 1.002574 0.612093
vt 0.905874 -0.682281
vt 0.500002 -1.000018
vt 4.006767 0.500002
vt 0.276437 -2.500018
vt 0.387905 -0.995831
vt 1.002574 0.387905
vt 4.006767 0.276437
vt 0.990013 0.276437
vt 0.276437 -0.983270
vt 0.969158 0.166219
vt 4.006767 0.057870
vt 0.294259 -0.732977
vt 0.057870 -0.933380
vt 4.006767 0.294259
vt 4.006767 0.705746
vt 0.752495 0.603225
vt 0.094125 -0.682281
vt 4.006767 0.094125
vt 0.752495 0.396774
vt 0.718517 0.193148
vt 0.193148 -0.711761
vt 0.689037 0.094125
vt 0.094125 -2.250018
vt -0.257515 0.416720
vt 0.606108 -0.094938
vt -0.094938 -2.250018
vt -0.002122 -0.644733
vt 4.006767 -0.094938
vt 0.651482 -0.002122
vt -0.094938 -0.599359
vt 4.006767 -0.267765
vt -0.183689 -0.546478
vt 0.553227 -0.183689
vt -0.267765 -0.486444
vt -0.344981 -0.739374
vt -0.520261 -0.599603
vt 0.493193 -0.267765
vt 4.006767 -0.419657
vt -0.419657 -0.346613
vt 0.426421 -0.346604
vt -0.267765 -2.250018
vt -0.346604 -0.419684
vt -0.298726 0.342947
vt -0.274983 0.378078
vt 0.353368 -0.419657
vt -0.419657 -2.250018
vt 0.416720 -2.250018
vt 0.416720 -2.500018
vt 0.378078 -2.250018
vt 0.378078 -2.500018
vt 0.342947 -2.250018
vt 0.940123 0.057870
vt 0.342947 -2.500018
vt 0.746123 -0.344981
vt 0.858214 -0.150828
vt -0.344981 -2.500018
vt -0.150828 -2.500018
vt -0.150828 -0.851471
vt -0.048014 -0.896320
vt 0.057870 -2.500018
vt 0.903075 -0.048014
vt 4.006767 -0.150828
vt 4.006767 -0.344981
vt 0.805803 -0.250004
vt -0.250004 -0.799066
vt -0.520261 -2.500018
vt -0.435233 -0.672772
vt 0.679509 -0.435233
vt 4.006767 -0.520261
vt 0.606346 -0.520261
vt 0.606346 -0.599603
vt 0.527025 -0.520282
vt 0.441997 -2.500018
vt 0.606346 -2.500018
vt 4.006767 -0.599603
vt 0.441997 -0.435260
vt 4.006767 -0.435260
vt -0.672745 -0.435260
vt -0.799039 -0.250018
vt 4.006767 -0.250018
vt 0.351744 -0.344989
vt 0.256761 -2.500018
vt 0.256761 -0.250018
vt 0.157585 -0.150848
vt 0.054778 -2.500018
vt 0.054778 -0.048029
vt 4.006767 -0.048029
vt -0.051100 0.057855
vt 4.006767 0.166205
vt -0.546458 -0.183710
vt -0.896305 -0.048029
vt -0.644718 -0.002142
vt -0.962394 0.166205
vt 4.006767 -0.183710
vt 0.190447 -0.183710
vt 4.006767 -0.002142
vt 4.006767 -0.346613
vt 0.353368 -0.346613
vt 0.274535 -0.267780
vt 0.101695 -0.094952
vt 0.190447 -2.250018
vt 0.008885 -0.002142
vt 0.008885 -2.250018
vt -0.087361 0.094098
vt 4.006767 0.193134
vt -0.186378 0.193134
vt -0.186378 -2.250018
vt 4.006767 0.396759
vt -0.287489 0.294244
vt -0.745731 0.396759
vt -0.995805 0.612079
vt -0.995805 0.387885
vt -0.745731 0.603204
vt -0.711747 0.193134
vt -0.390010 0.603204
vt 4.006767 0.603204
vt -0.390010 0.396759
vt -0.493233 0.499982
vt -0.390010 -2.250018
vt -0.440565 0.255611
vt -0.390010 -0.745731
vt -0.186378 -0.711747
vt -0.482625 0.250222
vt -0.596461 -0.745731
vt -0.596461 -2.250018
vt -0.596461 3.249982
vt -0.800093 3.249982
vt -0.800093 -2.250018
vt -0.524989 0.252023
vt -0.800093 -0.711747
vt -0.566444 0.260958
vt -0.390010 3.249982
vt -0.287489 0.705731
vt -0.186378 3.249982
vt -0.186378 0.806842
vt -0.524989 3.499982
vt -0.482625 3.249982
vt -0.524989 3.249982
vt -0.482625 3.499982
vt -0.440565 3.249982
vt -0.400020 0.268026
vt 0.008885 -0.644718
vt -0.440565 3.499982
vt -0.400020 3.249982
vt 0.008885 3.249982
vt 0.008885 1.002094
vt 0.101695 1.094916
vt 0.190447 -0.546458
vt 0.190447 3.249982
vt 0.190447 1.183661
vt 4.006767 1.183661
vt 4.006767 1.002094
vt -0.644718 1.002094
vt -0.896305 1.047992
vt -0.711747 0.806842
vt -0.799039 1.249982
vt -0.546458 1.183661
vt -0.087361 0.905853
vt 4.006767 0.806842
vt -0.962394 0.833759
vt 4.006767 0.833759
vt 0.054778 1.047992
vt -0.051100 0.942108
vt 4.006767 1.047992
vt -0.159456 0.833759
vt 4.006767 0.612079
vt -0.159456 3.499982
vt -0.269673 0.723553
vt -0.381135 3.499982
vt -0.381135 0.612079
vt -0.381135 0.387885
vt -0.605330 -2.500018
vt -0.381135 -2.500018
vt 4.006767 0.387885
vt -0.269673 0.276422
vt -0.381135 -0.995805
vt -0.159456 -0.962394
vt -0.159456 0.166205
vt -0.159456 -2.500018
vt -0.605330 -0.995805
vt -0.524989 -2.250018
vt -0.482625 -2.500018
vt -0.524989 -2.500018
vt -0.566444 -2.250018
vt -0.566444 -2.500018
vt -0.605788 -2.250018
vt -0.605788 -2.500018
vt -1.041249 -0.896305
vt -0.605788 0.276772
vt -0.827016 -0.962394
vt -1.243232 -0.799039
vt -0.827016 -2.500018
vt -1.041249 3.499982
vt -1.041249 -2.500018
vt -1.243232 3.499982
vt -1.243232 -2.500018
vt -0.641896 0.298995
vt -1.428468 -0.672745
vt -1.428468 3.499982
vt -1.428468 -2.500018
vt -1.592811 3.499982
vt -1.592811 -2.500018
vt -0.673726 0.327016
vt -1.592811 -0.520261
vt -0.673726 -2.250018
vt -0.641896 -2.500018
vt -0.673726 -2.500018
vt 0.327016 -2.250018
vt 0.327016 -2.500018
vt 0.360012 -2.250018
vt 0.360012 -2.500018
vt -0.700361 0.360012
vt 0.397024 -2.250018
vt 0.397024 -2.500018
vt -1.732594 -0.344981
vt -0.721046 0.397024
vt -1.844685 -0.150828
vt -0.344981 3.499982
vt -0.150828 3.499982
vt -0.735170 0.437008
vt -1.926594 0.057870
vt 0.057870 3.499982
vt 0.276437 3.499982
vt -0.742335 0.478799
vt -1.976478 0.276437
vt 0.478799 -2.250018
vt 0.437008 -2.500018
vt 0.478799 -2.500018
vt 0.521206 -2.250018
vt 0.521206 -2.500018
vt -1.993232 0.500002
vt -0.742335 0.521206
vt 0.500002 3.499982
vt 0.723562 3.499982
vt -1.976478 0.723562
vt -0.735170 0.562991
vt -1.926594 0.942135
vt 0.942135 3.499982
vt 1.150826 3.499982
vt -0.721046 0.602975
vt -1.844685 1.150826
vt 0.602975 -2.250018
vt 0.562991 -2.500018
vt 0.602975 -2.500018
vt 0.639999 -2.250018
vt 0.639999 -2.500018
vt -0.700361 0.639999
vt 0.672988 -2.250018
vt 0.672988 -2.500018
vt -1.732594 1.344979
vt -0.673726 0.672988
vt 1.344979 3.499982
vt 1.344979 -2.500018
vt 1.520260 3.499982
vt 1.520260 -2.500018
vt -1.592811 1.520260
vt -0.641896 0.701003
vt -1.428468 1.672750
vt -1.243232 1.799038
vt -0.605788 0.723232
vt -1.041249 1.896316
vt -0.566444 0.739040
vt -0.827016 3.499982
vt -0.827016 1.962392
vt -0.605330 3.499982
vt -0.524989 0.747976
vt -0.605330 1.995803
vt -0.482625 -2.250018
vt -0.482625 0.749776
vt -0.440565 -2.250018
vt -0.440565 -2.500018
vt -0.381135 1.995803
vt -0.440565 0.744387
vt -0.159456 1.962392
vt -0.400020 0.731973
vt 0.054778 1.896316
vt 1.745730 0.396759
vt 1.962392 0.166205
vt 1.995803 0.387885
vt 1.711752 0.193134
vt 1.896316 -0.048029
vt 1.745730 0.603204
vt 1.546456 -0.183710
vt 1.799038 -0.250018
vt 1.644717 -0.002142
vt 1.419656 -0.346613
vt 1.672750 -0.435260
vt 1.520260 -0.599603
vt 1.267763 -0.486444
vt 4.006767 1.419656
vt 0.426421 1.346603
vt 4.006767 1.267763
vt 0.426421 -0.419684
vt 0.353368 -2.250018
vt 1.419656 -2.250018
vt 1.346603 -0.419684
vt 0.493193 1.267763
vt 0.553227 1.183688
vt 1.267763 -2.250018
vt 1.183688 -0.546478
vt -0.328065 0.687667
vt 0.353368 1.419656
vt -0.298726 0.657058
vt 0.606108 1.094936
vt 1.094936 -0.599359
vt 1.094936 -2.250018
vt 1.002120 -0.644733
vt 4.006767 0.905874
vt 0.651482 1.002120
vt 4.006767 1.094936
vt 1.150826 -0.851471
vt 4.006767 1.150826
vt 0.903075 1.048012
vt 4.006767 1.344979
vt 1.344979 -0.739374
vt 0.805803 1.250002
vt 0.746123 1.344979
vt 4.006767 1.520260
vt 1.250002 -0.799066
vt 0.679509 1.435238
vt 1.435238 -0.672772
vt 0.606346 1.520260
vt 0.441997 1.672750
vt -0.362160 0.712881
vt 0.256761 1.799038
vt -0.362160 -2.250018
vt -0.400020 -2.500018
vt -0.362160 -2.500018
vt -0.328065 -2.250018
vt -0.328065 -2.500018
vt 0.190447 1.546456
vt -0.400020 -2.250018
vt 0.008885 1.644717
vt 0.687667 -2.250018
vt 0.687667 -2.500018
vt 0.657058 -2.250018
vt 0.657058 -2.500018
vt 0.806857 -0.711761
vt 0.718517 0.806857
vt -0.186378 1.711752
vt -0.390010 1.745730
vt -0.596461 1.745730
vt -0.800093 1.711752
vt -0.400020 3.499982
vt -0.362160 3.499982
vt -0.362160 3.249982
vt 1.644717 1.002094
vt 1.962392 0.833759
vt 1.896316 1.047992
vt 1.711752 0.806842
vt 1.995803 0.612079
vt 1.546456 1.183661
vt 0.274535 1.267755
vt 0.353368 3.249982
vt 0.657058 3.499982
vt 0.687667 3.249982
vt 0.657058 3.249982
vt 0.687667 3.499982
vt -0.328065 3.499982
vt -0.328065 3.249982
vt 0.621926 3.499982
vt 0.621926 3.249982
vt 0.583285 3.499982
vt 1.344979 1.739349
vt 1.150826 1.851434
vt 1.250002 1.799017
vt 1.435238 1.672736
vt 1.094936 1.599323
vt 1.267763 1.486408
vt 1.520260 1.599554
vt 0.905874 1.682257
vt 0.905874 3.249982
vt 1.002120 1.644696
vt 1.094936 3.249982
vt 1.267763 3.249982
vt 1.183688 1.546442
vt 1.346603 1.419635
vt 1.799038 1.249982
vt 1.672750 1.435223
vt 1.419656 1.346588
vt 4.006767 1.346588
vt 0.353368 1.346588
vt 4.006767 1.435223
vt 0.441997 1.435223
vt 0.527025 1.520233
vt 4.006767 1.599554
vt 0.351744 1.344965
vt 4.006767 1.249982
vt 0.256761 3.499982
vt 0.256761 1.249982
vt 0.157585 1.150812
vt 0.054778 3.499982
vt 0.441997 3.499982
vt 0.606346 1.599554
vt 0.606346 3.499982
vt 0.426421 1.419635
vt 1.419656 3.249982
vt 0.583285 3.249982
vt 0.542251 3.499982
vt 0.542251 3.249982
vt 0.500002 3.249982
vt 0.457748 3.499982
vt 0.457748 3.249982
vt 0.500002 1.749982
vt 0.294259 3.249982
vt 0.705746 3.249982
vt 0.603225 1.745709
vt 0.396774 1.745709
vt 0.723562 1.983221
vt 0.500002 1.999982
vt 0.705746 1.732929
vt 0.294259 1.732929
vt 0.276437 1.983221
vt 0.094125 1.682257
vt 0.193148 1.711737
vt 0.094125 3.249982
vt -0.094938 3.249982
vt 0.378078 3.499982
vt 0.416720 3.249982
vt 0.378078 3.249982
vt 0.342947 3.499982
vt 0.342947 3.249982
vt 0.441997 -0.672745
vt 0.312331 3.499982
vt -0.328065 0.312331
vt -0.250004 1.799017
vt -0.344981 1.739349
vt -0.435233 1.672736
vt -0.520261 3.499982
vt -0.520261 1.599554
vt -0.419657 1.346588
vt -0.672745 1.435223
vt -0.267765 1.486408
vt -0.362160 0.287118
vt -0.267765 3.249982
vt -0.419657 3.249982
vt -0.346604 1.419635
vt 0.054778 -0.896305
vt 0.256761 -0.799039
vt 0.312331 3.249982
vt -0.183689 1.546442
vt -0.094938 1.599323
vt -0.150828 1.851434
vt 0.057870 1.933344
vt 0.166219 1.962372
vt -0.048014 1.896295
vt 0.416720 3.499982
vt 0.387905 1.995782
vt 0.612093 1.995782
vt 0.833785 1.962372
vt 0.942135 1.933344
vt 1.048012 1.896295
vt -0.002122 1.644696
vt 0.806857 1.711737
vt -0.566444 3.249982
vt -0.995357 1.644717
vt -0.995357 3.249982
vt -0.995357 -2.250018
vt -1.176918 -2.250018
vt -1.176918 1.546456
vt -1.339839 1.419656
vt -1.176918 3.249982
vt -1.339839 -2.250018
vt -1.339839 3.249982
vt -0.605788 3.499982
vt -0.641896 3.249982
vt -0.605788 3.249982
vt -0.641896 3.499982
vt -0.673726 3.249982
vt -0.673726 3.499982
vt 0.672988 3.499982
vt 0.639999 3.249982
vt 0.672988 3.249982
vt -1.479664 1.267763
vt -1.592579 1.094936
vt -1.675508 0.905874
vt -1.726185 0.705746
vt 0.602975 3.499982
vt 0.562991 3.249982
vt 0.602975 3.249982
vt 0.639999 3.499982
vt 0.562991 3.499982
vt 0.521206 3.499982
vt 0.521206 3.249982
vt -1.743232 0.500002
vt 0.478799 3.249982
vt -1.726185 0.294259
vt -1.675508 0.094125
vt -1.592579 -0.094938
vt -1.479664 -0.267765
vt 0.397024 3.499982
vt 0.360012 3.249982
vt 0.397024 3.249982
vt 0.437008 3.499982
vt 0.437008 3.249982
vt 0.360012 3.499982
vt 0.327016 3.499982
vt 0.327016 3.249982
vt -1.176918 -0.546458
vt -1.339839 -0.419657
vt -0.995357 -0.644718
vt -0.566444 3.499982
vt -0.641896 -2.250018
vt 0.478799 3.499982
vt 0.437008 -2.250018
vt 0.562991 -2.250018
vt 0.312331 -2.250018
vt 0.312331 -2.500018
vt 0.166219 -0.962421
vt 0.457748 -2.500018
vt -1.432729 0.499628
vt 1.567265 0.577845
vt -1.432729 0.577845
vt 0.508075 0.552031
vt 0.499628 1.002751
vt 0.577845 0.996587
vt 1.567265 0.499628
vt -1.432729 0.421412
vt 0.499628 0.552751
vt 0.421412 0.996587
vt -1.432729 0.508075
vt 1.567265 0.508075
vt -1.432729 0.516285
vt 1.567265 0.516285
vt 0.516285 0.549895
vt 0.654139 0.978276
vt 0.491175 0.552031
vt -1.432729 0.491175
vt 1.567265 0.491175
vt 0.482972 0.549895
vt 0.345118 0.978276
vt -1.432729 0.482972
vt -1.432729 0.272632
vt 1.567265 0.345118
vt -1.432729 0.345118
vt 1.567265 0.421412
vt 0.272632 0.948247
vt -1.432729 0.205738
vt 1.567265 0.272632
vt 0.475238 0.546391
vt 0.205738 0.907256
vt 0.468219 0.541655
vt -1.432729 0.475238
vt 1.567265 0.475238
vt -1.432729 0.468219
vt 1.567265 0.482972
vt 1.567265 0.468219
vt 0.462091 0.535783
vt -1.432729 0.462091
vt 1.567265 0.462091
vt -1.432729 0.146070
vt 1.567265 0.146070
vt 1.567265 0.205738
vt 0.146070 0.856303
vt -1.432729 0.796635
vt 1.567265 0.856303
vt -1.432729 0.856303
vt 0.095118 0.796635
vt -1.432729 0.729741
vt 1.567265 0.796635
vt 0.457050 0.528972
vt 0.054126 0.729741
vt -1.432729 0.657256
vt 1.567265 0.729741
vt 0.453235 0.521403
vt 0.024097 0.657256
vt -1.432729 0.528972
vt 1.567265 0.528972
vt -1.432729 0.521403
vt 1.567265 0.521403
vt 0.450745 0.513286
vt 0.005780 0.580962
vt -1.432729 0.513286
vt 1.567265 0.513286
vt -1.432729 0.580962
vt 1.567265 0.580962
vt 1.567265 0.657256
vt -1.432729 0.502751
vt 1.567265 0.502751
vt 0.449677 0.504875
vt -0.000378 0.502751
vt 0.450031 0.496404
vt -1.432729 0.504875
vt 1.567265 0.504875
vt -1.432729 0.496404
vt 1.567265 0.496404
vt 0.451819 0.488103
vt 0.024097 0.348247
vt -1.432729 0.488103
vt 0.005780 0.424529
vt -1.432729 0.348247
vt 1.567265 0.424529
vt -1.432729 0.424529
vt 1.567265 0.348247
vt 0.454981 0.480241
vt 1.567265 0.488103
vt -1.432729 0.480241
vt 1.567265 0.480241
vt 0.054126 0.275761
vt -1.432729 0.473027
vt 0.459424 0.473027
vt 0.095118 0.208855
vt 1.567265 0.473027
vt 0.146070 0.149187
vt -1.432729 0.466655
vt 0.465027 0.466655
vt 0.205738 0.098247
vt -1.432729 0.149187
vt 1.567265 0.149187
vt 1.567265 0.208855
vt -1.432729 0.208855
vt 1.567265 0.275761
vt 1.567265 0.466655
vt 0.471625 0.461333
vt -1.432729 0.471625
vt 1.567265 0.465027
vt 1.567265 0.471625
vt -1.432729 0.465027
vt 0.479029 0.457195
vt 0.272632 0.057243
vt -1.432729 0.479029
vt 0.487030 0.454362
vt 0.345118 0.027214
vt 1.567265 0.479029
vt -1.432729 0.487030
vt 1.567265 0.487030
vt 0.495386 0.452922
vt 1.567265 0.495386
vt -1.432729 0.495386
vt 0.503864 0.452922
vt 0.499628 0.002751
vt -1.432729 0.503864
vt 0.421412 0.008904
vt 0.499628 0.452751
vt 1.567265 0.503864
vt 0.577845 0.008904
vt 0.512226 0.454362
vt -1.432729 0.512226
vt 1.567265 0.512226
vt -1.432729 0.654139
vt 1.567265 0.654139
vt 0.654139 0.027214
vt -1.432729 0.726624
vt 0.726624 0.057243
vt -1.432729 0.793518
vt 1.567265 0.726624
vt 0.520221 0.457195
vt 0.793518 0.098247
vt -1.432729 0.520221
vt 1.567265 0.520221
vt -1.432729 0.527625
vt 0.527625 0.461333
vt 1.567265 0.527625
vt 0.534223 0.466655
vt 0.853180 0.149187
vt -1.432729 0.534223
vt 0.539826 0.473027
vt 0.904132 0.208855
vt 1.567265 0.534223
vt 0.544275 0.480241
vt 0.547431 0.488103
vt 0.975153 0.348247
vt 0.945130 0.275761
vt -1.432729 0.275761
vt 0.549219 0.496404
vt 0.993470 0.424529
vt 0.549585 0.504875
vt 0.999628 0.502751
vt 0.993470 0.580962
vt 0.548505 0.513286
vt 0.975153 0.657256
vt 0.546021 0.521403
vt 0.945130 0.729741
vt 0.542206 0.528972
vt 0.853180 0.856303
vt 0.904132 0.796635
vt -1.432729 0.535783
vt 0.537159 0.535783
vt 1.567265 0.853180
vt -1.432729 0.853180
vt 0.793518 0.907256
vt 1.567265 0.535783
vt 0.531037 0.541655
vt -1.432729 0.531037
vt 1.567265 0.537159
vt 1.567265 0.531037
vt -1.432729 0.537159
vt -1.432729 0.524012
vt 0.524012 0.546391
vt 0.726624 0.948247
vt 1.567265 0.524012
vt 1.567265 0.793518
s 0
usemtl Black_Mosaic_Studded_Rubber.004
f 1/1/1 3/2/1 2/3/1
f 2/3/2 6/4/2 1/1/2
f 1/1/3 5/5/3 3/2/3
f 4/6/3 5/5/3 1/1/3
f 6/4/4 4/6/4 1/1/4
f 11/7/5 7/8/5 6/4/5
f 6/4/6 7/8/6 8/9/6
f 8/9/7 10/10/7 6/4/7
f 6/4/8 10/10/8 4/6/8
f 9/11/9 11/7/9 6/4/9
f 9/11/10 6/4/10 2/3/10
f 12/12/11 13/13/11 11/7/11
f 14/14/12 12/12/12 11/7/12
f 11/7/13 13/13/13 7/8/13
f 14/14/14 11/7/14 9/11/14
f 17/15/15 15/16/15 14/14/15
f 15/16/16 12/12/16 14/14/16
f 17/15/17 14/14/17 16/17/17
f 16/17/18 14/14/18 9/11/18
f 16/17/19 18/18/19 17/15/19
f 17/15/20 18/18/20 20/19/20
f 17/15/21 20/19/21 19/20/21
f 19/20/22 15/16/22 17/15/22
f 23/21/23 20/19/23 18/18/23
f 22/22/24 21/23/24 20/19/24
f 19/20/25 20/19/25 21/23/25
f 22/22/23 20/19/23 23/21/23
f 24/24/26 22/22/26 23/21/26
f 24/24/27 23/21/27 25/25/27
f 25/25/27 23/21/27 28/26/27
f 18/18/28 26/27/28 23/21/28
f 23/21/29 26/27/29 27/28/29
f 23/21/30 27/28/30 28/26/30
f 27/28/31 29/29/31 28/26/31
f 28/26/31 29/29/31 30/30/31
f 28/26/32 30/30/32 25/25/32
f 33/31/33 30/30/33 29/29/33
f 25/25/32 30/30/32 31/32/32
f 32/33/34 31/32/34 30/30/34
f 32/33/35 30/30/35 33/31/35
f 33/31/36 36/34/36 32/33/36
f 33/31/37 29/29/37 34/35/37
f 34/35/38 35/36/38 33/31/38
f 33/31/39 35/36/39 36/34/39
f 32/33/40 36/34/40 37/37/40
f 36/34/41 39/38/41 37/37/41
f 35/36/42 38/39/42 36/34/42
f 36/34/43 38/39/43 39/38/43
f 38/39/44 41/40/44 39/38/44
f 37/37/45 39/38/45 40/41/45
f 39/38/46 42/42/46 40/41/46
f 39/38/47 41/40/47 42/42/47
f 41/40/48 44/43/48 42/42/48
f 40/41/49 42/42/49 43/44/49
f 42/42/50 45/45/50 43/44/50
f 42/42/51 44/43/51 45/45/51
f 44/46/52 47/47/52 45/48/52
f 43/49/53 45/48/53 46/50/53
f 45/48/54 48/51/54 46/50/54
f 45/48/55 47/47/55 48/51/55
f 47/47/56 50/52/56 48/51/56
f 46/50/57 48/51/57 49/53/57
f 48/51/58 51/54/58 49/53/58
f 48/51/59 50/52/59 51/54/59
f 50/52/60 53/55/60 51/54/60
f 49/53/61 51/54/61 52/56/61
f 51/54/62 54/57/62 52/56/62
f 51/54/63 53/55/63 54/57/63
f 53/55/64 56/58/64 54/57/64
f 52/56/65 54/57/65 55/59/65
f 54/57/66 57/60/66 55/59/66
f 54/57/67 56/58/67 57/60/67
f 57/60/68 60/61/68 58/62/68
f 57/60/68 58/62/68 59/63/68
f 56/58/69 60/61/69 57/60/69
f 55/59/70 57/60/70 59/63/70
f 60/61/71 62/64/71 61/65/71
f 61/65/71 58/62/71 60/61/71
f 56/58/72 62/64/72 60/61/72
f 61/65/71 62/64/71 63/66/71
f 64/67/73 63/66/73 62/64/73
f 64/67/73 62/64/73 56/58/73
f 66/68/74 63/66/74 64/67/74
f 65/69/75 66/68/75 64/67/75
f 65/69/76 64/67/76 53/55/76
f 53/55/64 64/67/64 56/58/64
f 66/68/77 69/70/77 63/66/77
f 67/71/78 68/72/78 66/68/78
f 67/71/79 66/68/79 65/69/79
f 68/72/80 69/70/80 66/68/80
f 69/70/71 70/73/71 61/65/71
f 61/65/71 63/66/71 69/70/71
f 68/72/80 70/73/80 69/70/80
f 61/65/71 70/73/71 71/74/71
f 72/75/81 71/74/81 70/73/81
f 72/75/81 70/73/81 68/72/81
f 73/76/82 74/77/82 72/75/82
f 73/76/83 72/75/83 75/78/83
f 74/77/84 71/74/84 72/75/84
f 75/78/85 72/75/85 68/72/85
f 76/79/86 73/76/86 75/78/86
f 76/79/87 75/78/87 77/80/87
f 77/80/88 75/78/88 67/71/88
f 75/78/89 68/72/89 67/71/89
f 78/81/90 76/79/90 77/80/90
f 78/81/91 77/80/91 79/82/91
f 79/82/92 77/80/92 80/83/92
f 77/80/93 67/71/93 80/83/93
f 79/82/94 80/83/94 47/47/94
f 47/47/95 80/83/95 50/52/95
f 80/83/96 65/69/96 50/52/96
f 80/83/97 67/71/97 65/69/97
f 81/84/98 78/81/98 79/82/98
f 81/84/99 79/82/99 44/46/99
f 44/46/100 79/82/100 47/47/100
f 82/85/101 83/86/101 81/87/101
f 82/85/102 81/87/102 41/40/102
f 83/88/103 78/81/103 81/84/103
f 41/40/104 81/87/104 44/43/104
f 85/89/105 83/86/105 82/85/105
f 86/90/106 84/91/106 83/88/106
f 83/88/107 84/91/107 78/81/107
f 85/89/108 86/92/108 83/86/108
f 87/93/109 88/94/109 86/92/109
f 87/93/110 86/92/110 85/89/110
f 88/95/111 89/96/111 86/90/111
f 86/90/112 89/96/112 84/91/112
f 88/95/113 90/97/113 89/96/113
f 90/97/114 91/98/114 89/96/114
f 89/96/115 92/99/115 84/91/115
f 89/96/116 91/98/116 92/99/116
f 84/91/117 92/99/117 76/79/117
f 92/99/118 73/76/118 76/79/118
f 91/98/119 93/100/119 92/99/119
f 92/99/120 93/100/120 73/76/120
f 93/100/121 74/77/121 73/76/121
f 95/101/122 94/102/122 93/100/122
f 93/100/123 94/102/123 74/77/123
f 91/98/124 95/101/124 93/100/124
f 96/103/125 97/104/125 95/101/125
f 96/103/125 95/101/125 91/98/125
f 97/104/126 98/105/126 95/101/126
f 95/101/127 98/105/127 94/102/127
f 98/105/128 100/106/128 99/107/128
f 98/105/129 99/107/129 94/102/129
f 101/108/130 100/106/130 98/105/130
f 97/104/131 101/108/131 98/105/131
f 101/108/130 104/109/130 100/106/130
f 102/110/132 103/111/132 101/108/132
f 102/110/133 101/108/133 97/104/133
f 103/111/134 104/109/134 101/108/134
f 104/109/71 105/112/71 61/65/71
f 61/65/71 100/106/71 104/109/71
f 103/111/134 105/112/134 104/109/134
f 61/65/71 105/112/71 106/113/71
f 107/114/135 106/113/135 105/112/135
f 107/114/135 105/112/135 103/111/135
f 109/115/136 106/113/136 107/114/136
f 108/116/137 109/115/137 107/114/137
f 108/116/138 107/114/138 110/117/138
f 110/117/139 107/114/139 103/111/139
f 111/118/140 108/116/140 110/117/140
f 111/118/141 110/117/141 112/119/141
f 112/119/142 110/117/142 102/110/142
f 110/117/143 103/111/143 102/110/143
f 113/120/144 111/118/144 112/119/144
f 113/120/145 112/119/145 114/121/145
f 114/121/146 112/119/146 115/122/146
f 112/119/142 102/110/142 115/122/142
f 114/121/147 115/122/147 116/123/147
f 116/123/148 115/122/148 96/103/148
f 115/122/149 97/104/149 96/103/149
f 115/122/149 102/110/149 97/104/149
f 117/124/150 114/121/150 116/123/150
f 117/124/151 116/123/151 118/125/151
f 118/125/152 116/123/152 90/97/152
f 116/123/153 96/103/153 90/97/153
f 119/126/154 117/127/154 118/128/154
f 119/126/154 118/128/154 120/129/154
f 120/129/155 118/128/155 88/94/155
f 118/125/152 90/97/152 88/95/152
f 121/130/156 119/126/156 120/129/156
f 121/130/157 120/129/157 122/131/157
f 122/131/158 120/129/158 87/93/158
f 120/129/159 88/94/159 87/93/159
f 123/132/160 121/130/160 122/131/160
f 123/132/161 122/131/161 124/133/161
f 124/133/162 122/131/162 125/134/162
f 122/131/163 87/93/163 125/134/163
f 124/133/164 125/134/164 126/135/164
f 126/135/165 125/134/165 127/136/165
f 125/134/166 85/89/166 127/136/166
f 125/134/167 87/93/167 85/89/167
f 126/135/168 127/136/168 35/36/168
f 35/36/169 127/136/169 38/39/169
f 127/136/170 82/85/170 38/39/170
f 127/136/171 85/89/171 82/85/171
f 128/137/172 126/135/172 34/35/172
f 34/35/38 126/135/38 35/36/38
f 128/137/173 124/133/173 126/135/173
f 128/137/174 130/138/174 129/139/174
f 129/139/175 133/140/175 128/137/175
f 34/35/176 130/138/176 128/137/176
f 128/137/177 132/141/177 131/142/177
f 131/142/178 124/133/178 128/137/178
f 128/137/177 133/140/177 132/141/177
f 134/143/179 132/141/179 133/140/179
f 134/143/180 133/140/180 135/144/180
f 135/144/180 133/140/180 129/139/180
f 135/144/181 129/139/181 26/27/181
f 135/144/182 26/27/182 18/18/182
f 16/17/183 135/144/183 18/18/183
f 134/143/184 135/144/184 16/17/184
f 2/3/179 132/141/179 134/143/179
f 134/143/185 9/11/185 2/3/185
f 16/17/185 9/11/185 134/143/185
f 2/3/1 3/2/1 132/141/1
f 131/142/186 132/141/186 3/2/186
f 131/142/187 3/2/187 136/145/187
f 136/145/188 123/132/188 131/142/188
f 131/142/189 123/132/189 124/133/189
f 136/145/190 3/2/190 5/5/190
f 136/145/191 5/5/191 137/146/191
f 137/146/192 138/147/192 136/145/192
f 136/145/193 138/147/193 123/132/193
f 137/146/194 139/148/194 138/147/194
f 139/148/195 140/149/195 138/147/195
f 138/147/196 121/130/196 123/132/196
f 138/147/197 140/149/197 121/130/197
f 139/148/198 141/150/198 140/149/198
f 141/150/199 142/151/199 140/149/199
f 140/149/200 119/126/200 121/130/200
f 140/149/201 142/151/201 119/126/201
f 141/150/202 143/152/202 142/151/202
f 143/152/203 144/153/203 142/151/203
f 142/151/204 117/127/204 119/126/204
f 142/151/205 144/153/205 117/127/205
f 143/152/206 145/154/206 144/153/206
f 145/155/207 113/120/207 144/156/207
f 144/156/208 114/121/208 117/124/208
f 144/156/208 113/120/208 114/121/208
f 146/157/209 147/158/209 145/154/209
f 146/157/210 145/154/210 143/152/210
f 147/159/211 148/160/211 145/155/211
f 145/155/207 148/160/207 113/120/207
f 147/159/212 149/161/212 148/160/212
f 149/161/213 150/162/213 148/160/213
f 148/160/214 111/118/214 113/120/214
f 148/160/215 150/162/215 111/118/215
f 149/161/213 151/163/213 150/162/213
f 151/163/216 152/164/216 150/162/216
f 150/162/217 108/116/217 111/118/217
f 150/162/217 152/164/217 108/116/217
f 151/163/216 153/165/216 152/164/216
f 153/165/218 154/166/218 152/164/218
f 152/164/219 109/115/219 108/116/219
f 152/164/220 154/166/220 109/115/220
f 153/165/218 155/167/218 154/166/218
f 155/167/221 157/168/221 154/166/221
f 154/166/222 156/169/222 109/115/222
f 154/166/223 157/168/223 156/169/223
f 156/169/71 157/168/71 61/65/71
f 61/65/71 157/168/71 158/170/71
f 155/167/224 158/170/224 157/168/224
f 61/65/71 158/170/71 159/171/71
f 160/172/225 159/171/225 158/170/225
f 160/172/226 158/170/226 155/167/226
f 162/173/227 160/172/227 161/174/227
f 161/174/228 160/172/228 155/167/228
f 163/175/229 159/171/229 160/172/229
f 162/173/227 163/175/227 160/172/227
f 163/175/230 164/176/230 159/171/230
f 166/177/231 164/176/231 163/175/231
f 165/178/232 166/177/232 163/175/232
f 165/178/233 163/175/233 162/173/233
f 166/177/231 167/179/231 164/176/231
f 169/180/234 167/179/234 166/177/234
f 168/181/235 169/180/235 166/177/235
f 168/181/235 166/177/235 165/178/235
f 169/180/234 172/182/234 167/179/234
f 170/183/236 171/184/236 169/180/236
f 170/183/237 169/180/237 168/181/237
f 171/184/238 172/182/238 169/180/238
f 172/182/71 173/185/71 61/65/71
f 61/65/71 167/179/71 172/182/71
f 171/184/238 173/185/238 172/182/238
f 61/65/71 173/185/71 174/186/71
f 175/187/239 174/186/239 173/185/239
f 175/187/239 173/185/239 171/184/239
f 176/188/240 177/189/240 175/187/240
f 176/188/241 175/187/241 178/190/241
f 177/189/242 174/186/242 175/187/242
f 178/190/243 175/187/243 171/184/243
f 179/191/244 176/188/244 178/190/244
f 179/191/245 178/190/245 180/192/245
f 180/192/246 178/190/246 170/183/246
f 178/190/247 171/184/247 170/183/247
f 181/193/248 179/191/248 180/192/248
f 181/193/249 180/192/249 182/194/249
f 182/194/250 180/192/250 183/195/250
f 180/192/246 170/183/246 183/195/246
f 182/194/251 183/195/251 184/196/251
f 184/196/252 183/195/252 185/197/252
f 183/195/253 168/181/253 185/197/253
f 183/195/253 170/183/253 168/181/253
f 184/196/254 185/197/254 186/198/254
f 186/198/255 185/197/255 187/199/255
f 185/197/256 165/178/256 187/199/256
f 185/197/257 168/181/257 165/178/257
f 186/198/255 187/199/255 188/200/255
f 188/200/258 187/199/258 189/201/258
f 187/199/259 162/173/259 189/201/259
f 187/199/260 165/178/260 162/173/260
f 188/200/261 189/201/261 190/202/261
f 190/202/262 189/201/262 191/203/262
f 189/201/263 161/174/263 191/203/263
f 189/201/263 162/173/263 161/174/263
f 190/202/264 191/203/264 192/204/264
f 192/204/265 191/203/265 151/163/265
f 191/203/266 153/165/266 151/163/266
f 191/203/267 161/174/267 153/165/267
f 194/205/268 192/204/268 193/206/268
f 193/206/269 192/204/269 149/161/269
f 192/204/270 151/163/270 149/161/270
f 194/205/271 190/202/271 192/204/271
f 195/207/272 196/208/272 194/209/272
f 195/207/273 194/209/273 197/210/273
f 196/211/274 190/202/274 194/205/274
f 197/210/275 194/209/275 193/212/275
f 198/213/276 195/207/276 197/210/276
f 198/213/277 197/210/277 199/214/277
f 199/214/278 197/210/278 200/215/278
f 197/210/279 193/212/279 200/215/279
f 199/214/280 200/215/280 201/216/280
f 201/216/281 200/215/281 146/157/281
f 200/215/282 147/158/282 146/157/282
f 200/215/283 193/212/283 147/158/283
f 204/217/284 201/216/284 202/218/284
f 202/218/285 201/216/285 203/219/285
f 201/216/286 146/157/286 203/219/286
f 204/217/287 199/214/287 201/216/287
f 206/220/288 204/217/288 205/221/288
f 205/221/289 204/217/289 202/218/289
f 206/220/290 207/222/290 204/217/290
f 207/222/291 199/214/291 204/217/291
f 208/223/292 207/222/292 206/220/292
f 208/223/293 209/224/293 207/222/293
f 209/224/294 198/213/294 207/222/294
f 207/222/291 198/213/291 199/214/291
f 210/225/295 209/224/295 208/223/295
f 210/225/296 211/226/296 209/224/296
f 211/226/297 212/227/297 209/224/297
f 209/224/298 212/227/298 198/213/298
f 211/226/299 213/228/299 212/227/299
f 213/228/300 214/229/300 212/227/300
f 212/227/301 195/207/301 198/213/301
f 212/227/302 214/229/302 195/207/302
f 213/228/303 215/230/303 214/229/303
f 215/231/304 216/232/304 214/233/304
f 214/233/305 196/211/305 195/234/305
f 214/233/306 216/232/306 196/211/306
f 215/231/307 217/235/307 216/232/307
f 217/235/308 186/198/308 216/232/308
f 216/232/309 188/200/309 196/211/309
f 216/232/310 186/198/310 188/200/310
f 218/236/311 219/237/311 217/235/311
f 218/236/312 217/235/312 215/231/312
f 219/237/313 184/196/313 217/235/313
f 217/235/314 184/196/314 186/198/314
f 220/238/315 221/239/315 219/237/315
f 220/238/316 219/237/316 218/236/316
f 221/239/317 182/194/317 219/237/317
f 219/237/318 182/194/318 184/196/318
f 222/240/319 223/241/319 221/239/319
f 222/240/319 221/239/319 220/238/319
f 223/241/320 181/193/320 221/239/320
f 221/239/321 181/193/321 182/194/321
f 224/242/322 225/243/322 223/244/322
f 224/242/322 223/244/322 222/245/322
f 225/246/323 226/247/323 223/241/323
f 223/241/324 226/247/324 181/193/324
f 225/246/325 227/248/325 226/247/325
f 227/248/326 228/249/326 226/247/326
f 226/247/327 179/191/327 181/193/327
f 226/247/328 228/249/328 179/191/328
f 227/248/329 229/250/329 228/249/329
f 229/250/330 230/251/330 228/249/330
f 228/249/331 176/188/331 179/191/331
f 228/249/332 230/251/332 176/188/332
f 229/250/333 231/252/333 230/251/333
f 231/252/334 232/253/334 230/251/334
f 230/251/335 177/189/335 176/188/335
f 230/251/336 232/253/336 177/189/336
f 231/252/337 233/254/337 232/253/337
f 233/254/338 235/255/338 232/253/338
f 232/253/339 234/256/339 177/189/339
f 232/253/340 235/255/340 234/256/340
f 234/256/71 235/255/71 61/65/71
f 61/65/71 235/255/71 236/257/71
f 233/254/338 236/257/338 235/255/338
f 61/65/71 236/257/71 238/258/71
f 237/259/341 238/258/341 236/257/341
f 237/259/341 236/257/341 233/254/341
f 238/258/71 239/260/71 61/65/71
f 240/261/342 239/260/342 238/258/342
f 240/261/343 238/258/343 237/259/343
f 242/262/344 239/260/344 240/261/344
f 241/263/345 242/262/345 240/261/345
f 241/263/346 240/261/346 243/264/346
f 243/264/347 240/261/347 237/259/347
f 244/265/348 241/263/348 243/264/348
f 244/265/349 243/264/349 245/266/349
f 245/266/350 243/264/350 246/267/350
f 243/264/347 237/259/347 246/267/347
f 245/266/351 246/267/351 247/268/351
f 247/268/352 246/267/352 231/252/352
f 246/267/353 233/254/353 231/252/353
f 246/267/354 237/259/354 233/254/354
f 248/269/355 245/266/355 247/268/355
f 248/269/356 247/268/356 249/270/356
f 249/270/357 247/268/357 229/250/357
f 247/268/358 231/252/358 229/250/358
f 250/271/359 248/269/359 249/270/359
f 250/271/359 249/270/359 251/272/359
f 251/272/360 249/270/360 227/248/360
f 249/270/361 229/250/361 227/248/361
f 252/273/362 250/274/362 251/275/362
f 252/273/363 251/275/363 253/276/363
f 253/276/364 251/275/364 225/243/364
f 251/272/365 227/248/365 225/246/365
f 254/277/366 252/273/366 253/276/366
f 254/277/367 253/276/367 255/278/367
f 255/278/368 253/276/368 224/242/368
f 253/276/369 225/243/369 224/242/369
f 256/279/370 254/277/370 255/278/370
f 256/279/371 255/278/371 257/280/371
f 257/280/372 255/278/372 258/281/372
f 255/278/373 224/242/373 258/281/373
f 257/280/374 258/281/374 259/282/374
f 259/282/375 258/281/375 260/283/375
f 258/281/376 222/245/376 260/283/376
f 258/281/377 224/242/377 222/245/377
f 259/282/378 260/283/378 261/284/378
f 261/284/379 260/283/379 262/285/379
f 260/283/380 220/286/380 262/285/380
f 260/283/381 222/245/381 220/286/381
f 261/284/382 262/285/382 263/287/382
f 263/287/383 262/285/383 264/288/383
f 262/285/384 218/289/384 264/288/384
f 262/285/385 220/286/385 218/289/385
f 263/287/386 264/288/386 265/290/386
f 265/291/387 264/292/387 213/228/387
f 264/292/388 215/230/388 213/228/388
f 264/292/389 218/293/389 215/230/389
f 267/294/390 263/287/390 265/290/390
f 266/295/391 265/291/391 211/226/391
f 265/291/387 213/228/387 211/226/387
f 267/294/392 265/290/392 266/296/392
f 267/294/393 269/297/393 268/298/393
f 267/294/393 268/298/393 271/299/393
f 270/300/394 269/297/394 267/294/394
f 266/296/395 272/301/395 267/294/395
f 267/294/396 272/301/396 270/300/396
f 271/299/397 263/287/397 267/294/397
f 273/302/398 270/300/398 272/301/398
f 273/302/399 272/301/399 274/303/399
f 274/303/399 272/301/399 275/304/399
f 266/296/400 275/304/400 272/301/400
f 274/305/401 275/306/401 276/307/401
f 276/307/401 275/306/401 277/308/401
f 210/225/402 277/308/402 275/306/402
f 210/225/403 275/306/403 266/295/403
f 276/307/404 277/308/404 278/309/404
f 278/309/404 277/308/404 279/310/404
f 279/310/405 277/308/405 210/225/405
f 278/309/406 279/310/406 280/311/406
f 280/311/407 279/310/407 281/312/407
f 208/223/408 281/312/408 279/310/408
f 208/223/409 279/310/409 210/225/409
f 280/311/410 281/312/410 282/313/410
f 282/313/410 281/312/410 283/314/410
f 206/220/411 283/314/411 281/312/411
f 206/220/412 281/312/412 208/223/412
f 282/313/413 283/314/413 284/315/413
f 284/315/413 283/314/413 285/316/413
f 285/316/414 283/314/414 206/220/414
f 284/315/415 285/316/415 286/317/415
f 286/317/415 285/316/415 287/318/415
f 206/220/416 287/318/416 285/316/416
f 286/317/417 287/318/417 288/319/417
f 288/319/417 287/318/417 289/320/417
f 205/221/418 289/320/418 287/318/418
f 205/221/419 287/318/419 206/220/419
f 288/319/420 289/320/420 290/321/420
f 290/321/420 289/320/420 291/322/420
f 292/323/421 291/322/421 289/320/421
f 292/323/422 289/320/422 205/221/422
f 205/221/423 202/218/423 292/323/423
f 292/323/424 202/218/424 293/324/424
f 292/323/425 293/324/425 294/325/425
f 294/325/426 291/322/426 292/323/426
f 294/325/427 295/326/427 291/322/427
f 296/327/428 295/326/428 294/325/428
f 294/325/429 297/328/429 296/327/429
f 137/146/430 297/328/430 294/325/430
f 294/325/431 139/148/431 137/146/431
f 294/325/432 293/324/432 139/148/432
f 10/10/433 296/327/433 297/328/433
f 10/10/434 297/328/434 4/6/434
f 4/6/434 297/328/434 5/5/434
f 137/146/435 5/5/435 297/328/435
f 298/329/436 295/326/436 296/327/436
f 298/329/433 296/327/433 10/10/433
f 299/330/436 295/326/436 298/329/436
f 299/330/437 298/329/437 300/331/437
f 298/329/438 10/10/438 8/9/438
f 300/331/439 298/329/439 8/9/439
f 300/331/440 8/9/440 303/332/440
f 303/332/441 301/333/441 300/331/441
f 300/331/442 301/333/442 302/334/442
f 300/331/443 302/334/443 299/330/443
f 303/332/444 8/9/444 7/8/444
f 303/332/445 7/8/445 305/335/445
f 303/332/446 304/336/446 301/333/446
f 305/335/447 304/336/447 303/332/447
f 305/335/448 7/8/448 13/13/448
f 305/335/449 13/13/449 306/337/449
f 306/337/450 307/338/450 305/335/450
f 305/335/451 307/338/451 304/336/451
f 308/339/452 309/340/452 307/338/452
f 306/337/453 308/339/453 307/338/453
f 307/338/454 309/340/454 310/341/454
f 307/338/455 310/341/455 304/336/455
f 313/342/456 310/341/456 309/340/456
f 304/336/457 310/341/457 311/343/457
f 312/344/458 311/343/458 310/341/458
f 312/344/456 310/341/456 313/342/456
f 313/211/459 316/232/459 312/234/459
f 313/211/460 309/205/460 314/200/460
f 314/200/461 315/198/461 313/211/461
f 313/211/462 315/198/462 316/232/462
f 312/234/463 316/232/463 317/233/463
f 319/196/464 316/232/464 315/198/464
f 318/235/465 317/233/465 316/232/465
f 318/235/466 316/232/466 319/196/466
f 319/196/467 322/194/467 318/235/467
f 319/196/468 315/198/468 320/195/468
f 320/195/469 321/192/469 319/196/469
f 319/196/470 321/192/470 322/194/470
f 325/191/471 322/194/471 321/192/471
f 318/235/472 322/194/472 323/237/472
f 324/193/473 323/237/473 322/194/473
f 324/193/474 322/194/474 325/191/474
f 325/191/475 321/192/475 327/188/475
f 325/191/476 328/249/476 324/193/476
f 327/188/477 326/251/477 325/191/477
f 325/191/477 326/251/477 328/249/477
f 326/251/478 329/252/478 328/249/478
f 328/249/479 329/252/479 330/250/479
f 328/249/480 330/250/480 331/247/480
f 324/193/481 328/249/481 331/247/481
f 331/247/482 330/250/482 332/248/482
f 331/247/483 332/248/483 333/241/483
f 334/239/484 331/247/484 333/241/484
f 324/193/485 331/247/485 334/239/485
f 335/238/486 336/236/486 334/239/486
f 334/239/487 333/241/487 335/238/487
f 334/239/488 336/236/488 323/237/488
f 334/239/489 323/237/489 324/193/489
f 338/345/490 336/346/490 337/347/490
f 337/347/491 336/346/491 339/348/491
f 338/231/492 323/237/492 336/236/492
f 335/349/493 339/350/493 336/351/493
f 337/347/494 339/348/494 340/352/494
f 340/352/495 339/348/495 341/353/495
f 342/354/496 341/355/496 339/350/496
f 342/354/497 339/350/497 335/349/497
f 343/356/498 341/355/498 342/354/498
f 342/354/499 345/357/499 343/356/499
f 335/349/500 344/358/500 342/354/500
f 342/354/501 344/358/501 345/357/501
f 344/358/502 346/359/502 345/357/502
f 345/357/503 346/359/503 347/360/503
f 345/357/504 347/360/504 348/361/504
f 343/356/505 345/357/505 348/361/505
f 348/361/506 347/360/506 349/362/506
f 348/361/507 349/362/507 350/363/507
f 351/364/508 348/361/508 350/363/508
f 343/356/509 348/361/509 351/364/509
f 351/364/510 354/365/510 343/356/510
f 352/366/511 353/367/511 351/364/511
f 351/364/512 350/363/512 352/366/512
f 351/364/513 353/367/513 354/365/513
f 355/368/514 354/369/514 274/305/514
f 274/303/515 354/365/515 273/302/515
f 353/367/516 273/302/516 354/365/516
f 355/368/517 341/353/517 354/369/517
f 343/356/518 354/365/518 341/355/518
f 274/305/519 276/307/519 355/368/519
f 276/307/520 278/309/520 355/368/520
f 355/368/521 278/309/521 356/370/521
f 355/368/522 356/370/522 340/352/522
f 340/352/523 341/353/523 355/368/523
f 357/371/524 356/370/524 282/313/524
f 282/313/525 356/370/525 280/311/525
f 278/309/526 280/311/526 356/370/526
f 357/371/527 358/372/527 356/370/527
f 340/352/528 356/370/528 358/372/528
f 359/373/529 360/374/529 358/372/529
f 359/373/530 358/372/530 357/371/530
f 337/347/531 358/372/531 360/374/531
f 340/352/532 358/372/532 337/347/532
f 361/375/533 360/374/533 359/373/533
f 361/375/534 317/376/534 360/374/534
f 338/345/535 360/374/535 317/376/535
f 337/347/536 360/374/536 338/345/536
f 359/373/537 362/377/537 361/375/537
f 361/375/537 362/377/537 311/343/537
f 361/375/538 311/343/538 312/344/538
f 312/344/539 317/376/539 361/375/539
f 301/333/540 311/343/540 362/377/540
f 301/333/541 362/377/541 302/334/541
f 302/334/542 362/377/542 363/378/542
f 359/373/543 363/378/543 362/377/543
f 284/315/544 286/317/544 363/378/544
f 357/371/545 284/315/545 363/378/545
f 363/378/546 286/317/546 302/334/546
f 357/371/547 363/378/547 359/373/547
f 282/313/548 284/315/548 357/371/548
f 352/366/549 269/297/549 353/367/549
f 353/367/549 269/297/549 270/300/549
f 353/367/398 270/300/398 273/302/398
f 364/379/550 268/298/550 352/366/550
f 352/366/512 350/363/512 364/379/512
f 352/366/550 268/298/550 269/297/550
f 364/379/551 366/380/551 268/298/551
f 350/363/552 365/381/552 364/379/552
f 365/381/551 366/380/551 364/379/551
f 365/381/553 367/382/553 366/380/553
f 368/383/554 366/380/554 367/382/554
f 271/299/555 268/298/555 366/380/555
f 271/299/556 366/380/556 368/383/556
f 368/383/557 367/382/557 369/384/557
f 369/384/558 259/282/558 368/383/558
f 368/383/559 259/282/559 261/284/559
f 368/383/560 261/284/560 271/299/560
f 372/385/561 370/386/561 369/384/561
f 369/384/562 370/386/562 373/387/562
f 369/384/563 373/387/563 371/388/563
f 371/388/564 257/280/564 369/384/564
f 369/384/565 257/280/565 259/282/565
f 369/384/566 367/382/566 372/385/566
f 375/389/567 374/390/567 373/387/567
f 371/388/568 373/387/568 374/390/568
f 375/389/569 373/387/569 376/391/569
f 376/391/569 373/387/569 370/386/569
f 376/391/570 370/386/570 377/392/570
f 376/391/571 377/392/571 378/393/571
f 378/393/572 379/394/572 376/391/572
f 376/391/573 379/394/573 375/389/573
f 380/395/574 383/396/574 379/394/574
f 378/393/575 380/395/575 379/394/575
f 379/394/576 383/396/576 381/397/576
f 381/397/577 382/398/577 379/394/577
f 379/394/578 382/398/578 384/399/578
f 379/394/579 384/399/579 375/389/579
f 382/398/580 385/400/580 384/399/580
f 384/399/580 385/400/580 374/390/580
f 384/399/567 374/390/567 375/389/567
f 382/398/581 386/401/581 385/400/581
f 387/402/582 385/400/582 386/401/582
f 387/402/583 374/390/583 385/400/583
f 386/401/584 388/403/584 387/402/584
f 388/403/585 389/404/585 387/402/585
f 371/388/586 374/390/586 387/402/586
f 387/402/587 256/279/587 371/388/587
f 387/402/588 389/404/588 256/279/588
f 388/403/589 390/405/589 389/404/589
f 390/405/590 391/406/590 389/404/590
f 389/404/591 254/277/591 256/279/591
f 389/404/592 391/406/592 254/277/592
f 390/405/593 392/407/593 391/406/593
f 392/407/594 393/408/594 391/406/594
f 391/406/595 252/273/595 254/277/595
f 391/406/596 393/408/596 252/273/596
f 392/407/597 394/409/597 393/408/597
f 394/409/598 395/410/598 393/408/598
f 393/408/599 250/274/599 252/273/599
f 393/408/600 395/410/600 250/274/600
f 394/409/601 396/411/601 395/410/601
f 396/412/602 397/413/602 395/414/602
f 395/414/603 248/269/603 250/271/603
f 395/414/604 397/413/604 248/269/604
f 396/412/605 398/415/605 397/413/605
f 398/415/606 244/265/606 397/413/606
f 397/413/607 245/266/607 248/269/607
f 397/413/608 244/265/608 245/266/608
f 399/416/609 400/417/609 398/415/609
f 399/416/610 398/415/610 396/412/610
f 400/417/611 401/418/611 398/415/611
f 398/415/612 401/418/612 244/265/612
f 400/417/613 402/419/613 401/418/613
f 402/419/614 403/420/614 401/418/614
f 401/418/615 241/263/615 244/265/615
f 401/418/616 403/420/616 241/263/616
f 402/419/617 404/421/617 403/420/617
f 404/421/618 405/422/618 403/420/618
f 403/420/619 242/262/619 241/263/619
f 403/420/620 405/422/620 242/262/620
f 405/422/621 408/423/621 406/424/621
f 405/422/621 406/424/621 242/262/621
f 404/421/622 407/425/622 405/422/622
f 407/425/623 408/423/623 405/422/623
f 408/423/71 409/426/71 61/65/71
f 61/65/71 406/424/71 408/423/71
f 407/425/623 409/426/623 408/423/623
f 61/65/71 409/426/71 410/427/71
f 411/428/624 410/427/624 409/426/624
f 411/428/625 409/426/625 407/425/625
f 412/429/626 413/430/626 411/428/626
f 412/429/627 411/428/627 414/431/627
f 413/430/628 410/427/628 411/428/628
f 414/431/629 411/428/629 407/425/629
f 415/432/630 412/429/630 414/431/630
f 415/432/631 414/431/631 416/433/631
f 416/433/632 414/431/632 404/421/632
f 414/431/633 407/425/633 404/421/633
f 417/434/634 415/432/634 416/433/634
f 417/434/635 416/433/635 418/435/635
f 418/435/636 416/433/636 402/419/636
f 416/433/637 404/421/637 402/419/637
f 419/436/638 417/434/638 418/435/638
f 419/436/639 418/435/639 420/437/639
f 420/437/640 418/435/640 400/417/640
f 418/435/641 402/419/641 400/417/641
f 421/438/642 419/439/642 420/440/642
f 421/438/643 420/440/643 422/441/643
f 422/441/644 420/440/644 399/442/644
f 420/437/645 400/417/645 399/416/645
f 423/443/646 421/438/646 422/441/646
f 423/443/647 422/441/647 424/444/647
f 424/444/648 422/441/648 425/445/648
f 422/441/649 399/442/649 425/445/649
f 424/444/650 425/445/650 426/446/650
f 426/446/651 425/445/651 394/409/651
f 425/445/652 396/411/652 394/409/652
f 425/445/653 399/442/653 396/411/653
f 427/447/654 424/444/654 426/446/654
f 427/447/655 426/446/655 428/448/655
f 428/448/656 426/446/656 392/407/656
f 426/446/657 394/409/657 392/407/657
f 430/449/658 427/447/658 428/448/658
f 429/450/659 428/448/659 390/405/659
f 428/448/656 392/407/656 390/405/656
f 430/449/660 428/448/660 429/450/660
f 429/450/661 431/451/661 430/449/661
f 430/449/662 431/451/662 433/452/662
f 430/449/663 433/452/663 432/453/663
f 432/453/664 427/447/664 430/449/664
f 435/454/665 434/455/665 433/452/665
f 432/453/666 433/452/666 434/455/666
f 435/454/667 433/452/667 436/456/667
f 436/456/667 433/452/667 431/451/667
f 436/456/668 431/451/668 437/457/668
f 437/457/669 438/458/669 436/456/669
f 438/458/670 435/454/670 436/456/670
f 438/458/671 441/459/671 439/460/671
f 439/460/672 442/461/672 438/458/672
f 443/462/673 438/458/673 437/457/673
f 440/463/674 441/459/674 438/458/674
f 443/462/675 440/463/675 438/458/675
f 438/458/676 442/461/676 435/454/676
f 443/462/677 446/464/677 444/465/677
f 443/462/678 444/465/678 445/466/678
f 437/457/679 446/464/679 443/462/679
f 445/466/680 440/463/680 443/462/680
f 437/457/681 447/467/681 446/464/681
f 446/464/681 447/467/681 448/468/681
f 446/464/682 448/468/682 449/469/682
f 446/464/683 449/469/683 444/465/683
f 449/469/682 448/468/682 450/470/682
f 449/469/684 450/470/684 451/471/684
f 449/469/685 451/471/685 444/465/685
f 451/471/684 450/470/684 386/401/684
f 451/471/581 386/401/581 382/398/581
f 451/471/686 382/398/686 381/397/686
f 444/465/687 451/471/687 381/397/687
f 388/403/688 450/470/688 448/468/688
f 386/401/689 450/470/689 388/403/689
f 448/468/690 447/467/690 429/450/690
f 388/403/691 448/468/691 429/450/691
f 437/457/668 431/451/668 447/467/668
f 429/450/692 447/467/692 431/451/692
f 445/466/693 444/465/693 453/472/693
f 454/473/694 452/474/694 445/466/694
f 445/466/695 452/474/695 440/463/695
f 445/466/696 453/472/696 454/473/696
f 454/473/697 457/475/697 452/474/697
f 454/473/698 453/472/698 455/476/698
f 454/473/699 455/476/699 456/477/699
f 456/477/700 457/475/700 454/473/700
f 458/478/701 459/479/701 457/475/701
f 456/477/702 458/478/702 457/475/702
f 457/475/703 459/479/703 460/480/703
f 457/475/704 460/480/704 452/474/704
f 452/474/705 460/480/705 461/481/705
f 462/482/706 461/481/706 460/480/706
f 462/482/707 460/480/707 463/483/707
f 463/483/708 460/480/708 459/479/708
f 466/484/709 464/485/709 463/486/709
f 463/486/710 464/485/710 465/487/710
f 463/483/711 465/488/711 462/482/711
f 463/486/712 459/436/712 466/484/712
f 466/484/713 469/434/713 467/489/713
f 467/489/714 468/490/714 466/484/714
f 466/484/715 468/490/715 464/485/715
f 466/484/716 459/436/716 469/434/716
f 471/435/717 470/432/717 469/434/717
f 467/489/718 469/434/718 470/432/718
f 471/435/719 469/434/719 458/437/719
f 458/437/720 469/434/720 459/436/720
f 472/433/721 470/432/721 471/435/721
f 473/417/722 472/433/722 471/435/722
f 474/416/723 471/435/723 458/437/723
f 473/417/724 471/435/724 474/416/724
f 456/477/725 475/491/725 474/492/725
f 474/492/726 475/491/726 476/493/726
f 474/492/727 458/478/727 456/477/727
f 474/416/728 476/412/728 473/417/728
f 475/491/729 479/494/729 476/493/729
f 476/493/730 479/494/730 477/495/730
f 476/412/731 477/414/731 478/415/731
f 473/417/732 476/412/732 478/415/732
f 480/496/733 477/495/733 479/494/733
f 480/496/734 479/494/734 481/497/734
f 481/497/735 479/494/735 482/498/735
f 475/491/736 482/498/736 479/494/736
f 481/497/737 482/498/737 380/395/737
f 380/395/738 482/498/738 383/396/738
f 455/476/739 383/396/739 482/498/739
f 455/476/740 482/498/740 475/491/740
f 484/499/741 481/497/741 380/395/741
f 483/500/742 480/496/742 481/497/742
f 483/500/743 481/497/743 484/499/743
f 378/393/744 485/501/744 484/499/744
f 484/499/745 380/395/745 378/393/745
f 484/499/746 485/501/746 349/362/746
f 484/499/747 349/362/747 483/500/747
f 377/392/748 486/502/748 485/501/748
f 378/393/749 377/392/749 485/501/749
f 350/363/750 349/362/750 485/501/750
f 485/501/751 486/502/751 350/363/751
f 377/392/752 372/385/752 486/502/752
f 486/502/752 372/385/752 367/382/752
f 486/502/553 367/382/553 365/381/553
f 350/363/753 486/502/753 365/381/753
f 483/500/754 349/362/754 347/360/754
f 483/500/755 347/360/755 487/503/755
f 487/503/756 480/496/756 483/500/756
f 487/503/757 347/360/757 346/359/757
f 487/503/758 346/359/758 488/504/758
f 488/504/759 489/505/759 487/503/759
f 487/503/760 489/505/760 480/496/760
f 490/269/761 491/413/761 489/271/761
f 488/272/762 490/269/762 489/271/762
f 489/271/763 491/413/763 477/414/763
f 489/505/764 477/495/764 480/496/764
f 490/269/765 492/265/765 491/413/765
f 493/418/766 491/413/766 492/265/766
f 478/415/767 477/414/767 491/413/767
f 478/415/768 491/413/768 493/418/768
f 493/418/769 492/265/769 494/420/769
f 495/419/770 478/415/770 493/418/770
f 496/421/771 493/418/771 494/420/771
f 495/419/772 493/418/772 496/421/772
f 496/421/773 499/431/773 495/419/773
f 496/421/774 494/420/774 497/425/774
f 497/425/775 498/428/775 496/421/775
f 496/421/776 498/428/776 499/431/776
f 498/428/777 500/430/777 499/431/777
f 499/431/778 500/430/778 501/429/778
f 499/431/779 501/429/779 472/433/779
f 495/419/780 499/431/780 472/433/780
f 472/433/781 501/429/781 470/432/781
f 502/506/782 470/432/782 501/429/782
f 502/506/783 501/429/783 503/507/783
f 503/507/784 501/429/784 500/430/784
f 503/507/785 505/508/785 502/506/785
f 506/509/786 504/510/786 503/507/786
f 503/507/787 504/510/787 505/508/787
f 503/507/788 500/430/788 506/509/788
f 507/511/789 506/509/789 508/512/789
f 507/511/789 504/510/789 506/509/789
f 508/512/789 506/509/789 509/513/789
f 506/509/790 500/430/790 509/513/790
f 508/512/789 509/513/789 511/514/789
f 511/514/789 509/513/789 510/427/789
f 510/427/791 509/513/791 498/428/791
f 498/428/791 509/513/791 500/430/791
f 511/514/789 513/426/789 512/515/789
f 512/516/792 514/517/792 511/518/792
f 511/514/789 510/427/789 513/426/789
f 511/518/793 515/519/793 508/520/793
f 511/518/793 514/517/793 515/519/793
f 508/520/794 515/519/794 516/521/794
f 517/522/789 516/511/789 515/512/789
f 517/522/789 515/512/789 518/523/789
f 518/523/789 515/512/789 514/514/789
f 518/524/795 521/525/795 517/526/795
f 518/523/789 514/514/789 519/527/789
f 519/528/796 520/529/796 518/524/796
f 518/524/796 520/529/796 521/525/796
f 517/526/795 521/525/795 522/530/795
f 524/531/789 521/523/789 520/527/789
f 523/532/789 522/522/789 521/523/789
f 523/532/789 521/523/789 524/531/789
f 524/533/797 527/534/797 523/535/797
f 524/531/789 520/527/789 525/536/789
f 525/537/798 526/538/798 524/533/798
f 524/533/797 526/538/797 527/534/797
f 527/532/799 526/531/799 529/65/799
f 523/535/800 527/534/800 528/539/800
f 529/65/801 528/540/801 527/532/801
f 535/541/789 530/542/789 529/65/789
f 529/65/789 530/542/789 562/543/789
f 529/65/789 536/544/789 531/545/789
f 529/65/789 531/545/789 563/546/789
f 532/547/789 564/548/789 529/65/789
f 529/65/789 537/549/789 532/547/789
f 538/550/789 533/551/789 529/65/789
f 529/65/789 533/551/789 528/540/789
f 539/552/789 534/553/789 529/65/789
f 534/553/789 561/554/789 529/65/789
f 529/65/789 540/555/789 535/541/789
f 541/556/789 536/544/789 529/65/789
f 529/65/789 542/557/789 537/549/789
f 529/65/799 543/558/799 538/550/799
f 539/552/789 529/65/789 544/559/789
f 529/65/801 545/560/801 540/555/801
f 529/65/789 546/561/789 541/556/789
f 547/562/789 542/557/789 529/65/789
f 529/65/801 548/563/801 543/558/801
f 529/65/789 549/564/789 544/559/789
f 550/565/789 545/560/789 529/65/789
f 529/65/789 551/566/789 546/561/789
f 529/65/789 552/536/789 547/562/789
f 553/567/789 548/563/789 529/65/789
f 529/65/789 554/568/789 549/564/789
f 529/65/799 555/569/799 550/565/799
f 556/570/789 551/566/789 529/65/789
f 529/65/789 526/531/789 552/536/789
f 529/65/789 557/571/789 553/567/789
f 558/572/789 554/568/789 529/65/789
f 529/65/789 559/573/789 555/569/789
f 529/65/789 560/574/789 556/570/789
f 529/65/789 561/554/789 557/571/789
f 529/65/789 562/543/789 558/572/789
f 563/546/789 559/573/789 529/65/789
f 529/65/789 564/548/789 560/574/789
f 566/575/802 564/576/802 565/577/802
f 565/577/803 564/576/803 532/578/803
f 566/575/802 560/579/802 564/576/802
f 565/548/801 569/580/801 566/574/801
f 566/574/789 568/581/789 567/570/789
f 567/582/804 560/579/804 566/575/804
f 566/574/789 569/580/789 568/581/789
f 571/583/805 569/584/805 570/585/805
f 570/585/805 569/584/805 572/586/805
f 571/583/806 568/587/806 569/584/806
f 565/548/789 572/588/789 569/580/789
f 575/589/807 572/586/807 573/590/807
f 574/547/789 573/591/789 572/588/789
f 574/547/789 572/588/789 565/548/789
f 570/585/807 572/586/807 575/589/807
f 576/592/789 577/593/789 575/591/789
f 575/594/808 573/595/808 576/596/808
f 575/591/789 577/593/789 578/597/789
f 575/591/789 578/597/789 570/588/789
f 570/588/789 578/597/789 579/598/789
f 581/599/809 579/600/809 578/601/809
f 581/599/809 578/601/809 580/602/809
f 580/603/810 578/604/810 577/605/810
f 580/597/789 582/182/789 581/598/789
f 582/182/789 583/179/789 581/598/789
f 581/598/789 583/179/789 584/176/789
f 581/598/789 584/176/789 585/606/789
f 585/607/811 579/600/811 581/599/811
f 585/606/789 587/170/789 586/608/789
f 586/609/812 589/610/812 585/607/812
f 585/606/789 588/171/789 587/170/789
f 585/606/789 584/176/789 588/171/789
f 585/607/811 589/610/811 579/600/811
f 571/580/789 579/598/789 589/606/789
f 586/609/812 591/611/812 589/610/812
f 571/580/789 589/606/789 590/581/789
f 590/581/789 589/606/789 591/608/789
f 592/612/813 594/613/813 591/611/813
f 592/612/813 591/611/813 586/609/813
f 590/581/789 591/608/789 593/614/789
f 593/614/789 591/608/789 594/615/789
f 593/614/789 594/615/789 595/616/789
f 595/616/789 594/615/789 596/617/789
f 597/618/814 596/619/814 594/613/814
f 597/618/814 594/613/814 592/612/814
f 598/112/789 597/617/789 592/615/789
f 598/112/789 599/109/789 597/617/789
f 597/617/789 599/109/789 600/106/789
f 597/617/789 600/106/789 601/620/789
f 601/621/815 596/619/815 597/618/815
f 601/620/789 603/622/789 602/623/789
f 602/624/816 605/625/816 601/621/816
f 601/620/789 604/107/789 603/622/789
f 601/620/789 600/106/789 604/107/789
f 601/621/815 605/625/815 596/619/815
f 602/624/816 608/626/816 605/625/816
f 606/627/789 596/617/789 605/620/789
f 606/627/789 605/620/789 607/628/789
f 607/628/789 605/620/789 608/623/789
f 611/629/817 608/626/817 602/624/817
f 607/628/789 608/623/789 609/630/789
f 609/630/789 608/623/789 610/631/789
f 611/629/817 610/632/817 608/626/817
f 611/631/789 613/66/789 612/633/789
f 612/634/818 610/632/818 611/629/818
f 611/631/789 615/70/789 613/66/789
f 602/623/789 614/73/789 611/631/789
f 611/631/789 614/73/789 615/70/789
f 614/73/819 616/68/819 615/70/819
f 616/68/820 617/67/820 615/70/820
f 615/70/821 617/67/821 613/66/821
f 618/58/822 613/66/822 617/67/822
f 618/58/823 617/67/823 619/57/823
f 619/57/823 617/67/823 620/55/823
f 616/68/824 620/55/824 617/67/824
f 619/57/825 620/55/825 621/56/825
f 621/56/826 620/55/826 622/54/826
f 623/69/827 622/54/827 620/55/827
f 623/69/824 620/55/824 616/68/824
f 625/72/828 623/69/828 616/68/828
f 624/71/829 626/52/829 623/69/829
f 624/71/830 623/69/830 625/72/830
f 626/52/831 622/54/831 623/69/831
f 626/52/832 627/53/832 622/54/832
f 628/51/833 627/53/833 626/52/833
f 629/83/834 628/51/834 626/52/834
f 629/83/835 626/52/835 624/71/835
f 624/71/836 630/78/836 629/83/836
f 629/83/836 630/78/836 631/80/836
f 629/83/837 631/80/837 632/47/837
f 632/47/838 628/51/838 629/83/838
f 632/47/839 631/80/839 634/82/839
f 635/48/840 633/50/840 632/47/840
f 632/47/841 633/50/841 628/51/841
f 632/47/842 634/82/842 635/48/842
f 637/49/843 636/635/843 635/48/843
f 635/48/844 636/635/844 633/50/844
f 635/636/845 638/637/845 637/638/845
f 635/48/846 634/82/846 638/46/846
f 634/82/847 639/81/847 638/46/847
f 638/46/848 639/81/848 640/84/848
f 638/637/849 640/639/849 641/640/849
f 637/638/850 638/637/850 641/640/850
f 641/640/851 640/639/851 642/641/851
f 641/640/852 642/641/852 643/642/852
f 644/643/853 641/640/853 643/642/853
f 637/638/853 641/640/853 644/643/853
f 646/644/854 645/645/854 644/643/854
f 644/643/855 645/645/855 647/646/855
f 644/643/856 643/642/856 646/644/856
f 644/643/857 647/646/857 637/638/857
f 645/645/858 649/647/858 647/646/858
f 647/646/859 649/647/859 648/648/859
f 647/646/860 648/648/860 636/649/860
f 637/638/861 647/646/861 636/649/861
f 650/650/862 648/651/862 649/652/862
f 650/650/863 649/652/863 652/653/863
f 652/653/863 649/652/863 651/654/863
f 645/645/864 651/655/864 649/647/864
f 656/656/865 652/653/865 653/657/865
f 653/657/866 652/653/866 657/658/866
f 651/654/867 654/659/867 652/653/867
f 652/653/868 654/659/868 655/660/868
f 656/656/869 650/650/869 652/653/869
f 652/653/870 655/660/870 657/658/870
f 655/660/871 658/661/871 657/658/871
f 657/658/871 658/661/871 659/662/871
f 657/658/872 659/662/872 653/657/872
f 662/663/873 659/662/873 658/661/873
f 653/657/872 659/662/872 660/664/872
f 661/665/874 660/664/874 659/662/874
f 661/665/875 659/662/875 662/663/875
f 662/663/876 665/666/876 661/665/876
f 662/663/877 658/661/877 663/667/877
f 663/667/878 664/668/878 662/663/878
f 662/663/879 664/668/879 665/666/879
f 661/665/880 665/666/880 666/669/880
f 664/668/881 667/670/881 665/666/881
f 665/666/882 668/671/882 666/669/882
f 665/666/883 667/670/883 668/671/883
f 666/669/884 668/671/884 669/672/884
f 668/671/885 671/673/885 669/672/885
f 667/670/886 670/674/886 668/671/886
f 668/671/887 670/674/887 671/673/887
f 670/674/888 673/675/888 671/673/888
f 669/672/889 671/673/889 672/676/889
f 671/673/890 674/677/890 672/676/890
f 671/673/890 673/675/890 674/677/890
f 673/678/891 676/679/891 674/680/891
f 672/676/892 674/677/892 675/681/892
f 674/680/893 677/682/893 675/683/893
f 674/680/894 676/679/894 677/682/894
f 676/679/895 679/684/895 677/682/895
f 675/683/896 677/682/896 678/685/896
f 677/682/897 680/686/897 678/685/897
f 677/682/898 679/684/898 680/686/898
f 679/684/899 682/687/899 680/686/899
f 678/685/900 680/686/900 681/688/900
f 680/686/901 683/689/901 681/688/901
f 680/686/902 682/687/902 683/689/902
f 682/687/903 685/690/903 683/689/903
f 681/688/904 683/689/904 684/691/904
f 683/689/905 686/692/905 684/691/905
f 683/689/905 685/690/905 686/692/905
f 686/692/906 688/693/906 687/694/906
f 686/692/907 687/694/907 689/695/907
f 685/690/908 688/693/908 686/692/908
f 684/691/909 686/692/909 689/695/909
f 689/695/910 687/694/910 690/696/910
f 689/695/911 690/696/911 692/697/911
f 684/691/912 689/695/912 691/698/912
f 691/698/913 689/695/913 692/697/913
f 691/698/914 692/697/914 693/699/914
f 693/699/915 692/697/915 694/700/915
f 692/697/916 695/701/916 694/700/916
f 692/697/916 690/696/916 695/701/916
f 61/65/71 695/701/71 690/696/71
f 61/65/71 696/702/71 695/701/71
f 694/700/917 695/701/917 696/702/917
f 697/703/71 696/702/71 61/65/71
f 698/704/918 696/702/918 697/703/918
f 694/700/917 696/702/917 698/704/917
f 699/705/919 694/700/919 698/704/919
f 699/705/919 698/704/919 700/706/919
f 700/706/920 698/704/920 701/707/920
f 698/704/921 697/703/921 701/707/921
f 701/707/922 697/703/922 702/708/922
f 701/707/923 702/708/923 704/709/923
f 700/706/924 701/707/924 703/710/924
f 703/710/925 701/707/925 704/709/925
f 704/709/926 702/708/926 707/711/926
f 703/710/927 704/709/927 705/712/927
f 705/712/928 704/709/928 706/713/928
f 704/709/929 707/711/929 706/713/929
f 708/714/71 707/711/71 61/65/71
f 61/65/71 707/711/71 702/708/71
f 706/713/930 707/711/930 708/714/930
f 61/65/71 709/715/71 708/714/71
f 710/716/931 708/714/931 709/715/931
f 706/713/932 708/714/932 710/716/932
f 710/716/933 709/715/933 713/717/933
f 711/718/934 706/713/934 710/716/934
f 711/718/935 710/716/935 712/719/935
f 712/719/936 710/716/936 713/717/936
f 713/717/937 709/715/937 714/720/937
f 713/717/937 714/720/937 716/721/937
f 712/719/938 713/717/938 715/722/938
f 715/722/939 713/717/939 716/721/939
f 715/722/940 716/721/940 717/723/940
f 717/723/941 716/721/941 718/724/941
f 716/721/942 719/725/942 718/724/942
f 716/721/943 714/720/943 719/725/943
f 719/725/71 714/720/71 61/65/71
f 61/65/71 720/726/71 719/725/71
f 718/724/944 719/725/944 720/726/944
f 61/65/71 721/727/71 720/726/71
f 722/728/945 720/726/945 721/727/945
f 718/724/944 720/726/944 722/728/944
f 723/729/946 718/724/946 722/728/946
f 723/729/946 722/728/946 724/730/946
f 724/730/947 722/728/947 725/731/947
f 722/728/945 721/727/945 725/731/945
f 724/730/948 725/731/948 726/732/948
f 726/732/949 725/731/949 727/733/949
f 725/731/950 728/734/950 727/733/950
f 725/731/951 721/727/951 728/734/951
f 728/734/71 721/727/71 61/65/71
f 61/65/71 729/735/71 728/734/71
f 727/733/952 728/734/952 729/735/952
f 727/733/952 729/735/952 730/736/952
f 730/736/953 729/735/953 731/737/953
f 61/65/71 731/737/71 729/735/71
f 732/738/71 731/737/71 61/65/71
f 733/739/954 731/737/954 732/738/954
f 730/736/953 731/737/953 733/739/953
f 733/739/954 732/738/954 736/740/954
f 734/741/955 730/736/955 733/739/955
f 734/741/955 733/739/955 735/742/955
f 735/742/956 733/739/956 736/740/956
f 736/740/957 732/738/957 737/743/957
f 736/740/957 737/743/957 739/744/957
f 735/742/958 736/740/958 738/745/958
f 738/745/959 736/740/959 739/744/959
f 738/745/960 739/744/960 740/746/960
f 740/746/961 739/744/961 741/747/961
f 739/744/962 742/748/962 741/747/962
f 739/744/962 737/743/962 742/748/962
f 743/749/71 742/748/71 61/65/71
f 741/747/963 742/748/963 743/749/963
f 61/65/71 742/748/71 737/743/71
f 61/65/71 744/750/71 743/749/71
f 745/751/964 743/749/964 744/750/964
f 741/747/965 743/749/965 745/751/965
f 746/752/966 741/747/966 745/751/966
f 746/752/967 745/751/967 747/753/967
f 747/753/968 745/751/968 748/754/968
f 745/751/969 744/750/969 748/754/969
f 747/753/970 748/754/970 749/755/970
f 749/755/971 748/754/971 750/756/971
f 748/754/972 751/757/972 750/756/972
f 748/754/973 744/750/973 751/757/973
f 752/758/71 751/757/71 61/65/71
f 61/65/71 751/757/71 744/750/71
f 750/756/974 751/757/974 752/758/974
f 61/65/71 753/759/71 752/758/71
f 754/760/975 752/758/975 753/759/975
f 750/756/976 752/758/976 754/760/976
f 754/760/975 753/759/975 757/761/975
f 755/762/977 750/756/977 754/760/977
f 755/762/978 754/760/978 756/763/978
f 756/763/979 754/760/979 757/761/979
f 757/761/980 753/759/980 758/764/980
f 757/761/981 758/764/981 760/765/981
f 756/763/982 757/761/982 759/766/982
f 759/766/983 757/761/983 760/765/983
f 760/765/984 758/764/984 761/767/984
f 760/765/985 761/767/985 763/768/985
f 759/766/986 760/765/986 762/769/986
f 762/769/987 760/765/987 763/768/987
f 762/769/987 763/768/987 764/770/987
f 764/770/988 763/768/988 765/771/988
f 763/768/989 766/772/989 765/771/989
f 763/768/990 761/767/990 766/772/990
f 61/65/71 766/772/71 761/767/71
f 61/65/71 767/773/71 766/772/71
f 765/771/991 766/772/991 767/773/991
f 768/774/71 767/773/71 61/65/71
f 769/775/992 767/773/992 768/774/992
f 765/771/993 767/773/993 769/775/993
f 770/776/994 765/771/994 769/775/994
f 770/776/995 769/775/995 771/777/995
f 771/777/996 769/775/996 772/778/996
f 769/775/997 768/774/997 772/778/997
f 772/778/998 768/774/998 773/779/998
f 772/778/998 773/779/998 775/780/998
f 771/777/999 772/778/999 774/781/999
f 774/781/1000 772/778/1000 775/780/1000
f 775/780/1001 773/779/1001 778/782/1001
f 774/781/1000 775/780/1000 776/783/1000
f 776/783/1002 775/780/1002 777/784/1002
f 775/780/1003 778/782/1003 777/784/1003
f 779/785/71 778/782/71 61/65/71
f 61/65/71 778/782/71 773/779/71
f 777/784/1004 778/782/1004 779/785/1004
f 61/65/71 780/510/71 779/785/71
f 781/786/1005 779/785/1005 780/510/1005
f 777/784/1004 779/785/1004 781/786/1004
f 781/786/1006 780/510/1006 784/508/1006
f 782/787/1007 777/784/1007 781/786/1007
f 782/787/1008 781/786/1008 783/788/1008
f 783/788/1009 781/786/1009 784/508/1009
f 784/508/1010 780/510/1010 785/509/1010
f 784/508/1010 785/509/1010 787/507/1010
f 783/788/1009 784/508/1009 786/789/1009
f 786/789/1011 784/508/1011 787/507/1011
f 786/789/1012 787/507/1012 788/506/1012
f 788/506/1013 787/507/1013 413/430/1013
f 787/507/1014 789/513/1014 413/430/1014
f 787/507/1014 785/509/1014 789/513/1014
f 789/513/71 785/509/71 61/65/71
f 61/65/71 410/427/71 789/513/71
f 413/430/1015 789/513/1015 410/427/1015
f 791/490/1016 788/506/1016 790/489/1016
f 790/489/1017 788/506/1017 412/429/1017
f 788/506/1013 413/430/1013 412/429/1013
f 791/490/1016 786/789/1016 788/506/1016
f 792/790/1018 793/791/1018 791/490/1018
f 792/790/1019 791/490/1019 794/485/1019
f 793/791/1020 786/789/1020 791/490/1020
f 794/485/1021 791/490/1021 790/489/1021
f 795/792/1022 792/790/1022 794/485/1022
f 795/792/1023 794/485/1023 796/487/1023
f 796/487/1024 794/485/1024 797/484/1024
f 794/485/1025 790/489/1025 797/484/1025
f 796/487/1026 797/484/1026 798/486/1026
f 798/486/1027 797/484/1027 417/434/1027
f 797/484/1028 415/432/1028 417/434/1028
f 797/484/1029 790/489/1029 415/432/1029
f 800/793/1030 798/794/1030 799/795/1030
f 799/795/1031 798/794/1031 419/439/1031
f 798/486/1027 417/434/1027 419/436/1027
f 800/793/1032 796/796/1032 798/794/1032
f 801/797/1033 802/798/1033 800/793/1033
f 801/797/1034 800/793/1034 803/799/1034
f 802/798/1035 796/796/1035 800/793/1035
f 803/799/1036 800/793/1036 799/795/1036
f 804/800/1037 801/797/1037 803/799/1037
f 804/800/1038 803/799/1038 805/801/1038
f 805/801/1039 803/799/1039 806/802/1039
f 803/799/1040 799/795/1040 806/802/1040
f 805/801/1041 806/802/1041 807/803/1041
f 807/803/1042 806/802/1042 423/443/1042
f 806/802/1043 421/438/1043 423/443/1043
f 806/802/1044 799/795/1044 421/438/1044
f 810/804/1045 807/803/1045 808/805/1045
f 808/805/1046 807/803/1046 809/806/1046
f 807/803/1047 423/443/1047 809/806/1047
f 810/804/1048 805/801/1048 807/803/1048
f 808/805/1049 813/807/1049 810/804/1049
f 810/804/1050 812/808/1050 811/809/1050
f 811/809/1051 805/801/1051 810/804/1051
f 810/804/1052 813/807/1052 812/808/1052
f 814/810/1053 812/808/1053 813/807/1053
f 814/810/1054 813/807/1054 815/811/1054
f 815/811/1054 813/807/1054 816/812/1054
f 808/805/1055 816/812/1055 813/807/1055
f 815/811/1056 816/812/1056 817/813/1056
f 817/813/1056 816/812/1056 818/814/1056
f 818/814/1057 816/812/1057 808/805/1057
f 817/813/1058 818/814/1058 442/461/1058
f 442/461/1058 818/814/1058 434/455/1058
f 808/805/1059 434/455/1059 818/814/1059
f 815/811/1060 817/813/1060 819/815/1060
f 817/813/1061 442/461/1061 439/460/1061
f 819/815/1062 817/813/1062 439/460/1062
f 819/815/1063 822/816/1063 815/811/1063
f 819/815/1064 439/460/1064 820/817/1064
f 820/817/1065 821/818/1065 819/815/1065
f 819/815/1066 821/818/1066 822/816/1066
f 815/811/1067 822/816/1067 814/810/1067
f 826/819/1068 823/820/1068 822/816/1068
f 822/816/1069 823/820/1069 824/821/1069
f 821/818/1070 825/822/1070 822/816/1070
f 822/816/1071 824/821/1071 814/810/1071
f 822/816/1072 825/822/1072 826/819/1072
f 827/823/1073 823/820/1073 826/819/1073
f 828/824/1074 827/823/1074 826/819/1074
f 829/825/1075 826/819/1075 825/822/1075
f 828/824/1076 826/819/1076 829/825/1076
f 829/825/1077 832/826/1077 828/824/1077
f 829/825/1078 825/822/1078 830/827/1078
f 830/827/1079 831/828/1079 829/825/1079
f 829/825/1080 831/828/1080 832/826/1080
f 831/828/1081 833/829/1081 832/826/1081
f 832/826/1082 833/829/1082 835/830/1082
f 828/824/1083 832/826/1083 834/831/1083
f 832/826/1084 835/830/1084 834/831/1084
f 833/829/1085 836/832/1085 835/830/1085
f 835/830/1086 836/832/1086 837/833/1086
f 835/830/1087 837/833/1087 838/834/1087
f 834/831/1088 835/830/1088 838/834/1088
f 838/834/1089 843/835/1089 839/836/1089
f 838/834/1090 839/836/1090 840/837/1090
f 841/838/1091 838/834/1091 840/837/1091
f 834/831/1092 838/834/1092 841/838/1092
f 838/834/1093 837/833/1093 842/839/1093
f 842/839/1094 843/835/1094 838/834/1094
f 844/840/1095 845/841/1095 843/835/1095
f 844/840/1096 843/835/1096 842/839/1096
f 843/835/1095 845/841/1095 846/842/1095
f 843/835/1097 846/842/1097 839/836/1097
f 849/843/1098 846/842/1098 845/841/1098
f 839/836/1097 846/842/1097 847/844/1097
f 848/845/1099 847/844/1099 846/842/1099
f 848/845/1100 846/842/1100 849/843/1100
f 849/846/1101 851/847/1101 850/848/1101
f 849/846/1102 850/848/1102 852/849/1102
f 845/850/1103 851/847/1103 849/846/1103
f 849/843/1104 854/851/1104 848/845/1104
f 852/849/1105 853/852/1105 849/846/1105
f 849/843/1106 853/853/1106 854/851/1106
f 853/853/1107 856/854/1107 854/851/1107
f 848/845/1108 854/851/1108 855/855/1108
f 854/851/1109 857/856/1109 855/855/1109
f 854/851/1110 856/854/1110 857/856/1110
f 856/854/1111 859/857/1111 857/856/1111
f 855/855/1112 857/856/1112 858/858/1112
f 857/856/1113 860/859/1113 858/858/1113
f 857/856/1114 859/857/1114 860/859/1114
f 859/860/1115 862/861/1115 860/862/1115
f 858/858/1116 860/859/1116 861/863/1116
f 860/859/1117 863/864/1117 861/863/1117
f 860/859/1118 862/865/1118 863/864/1118
f 862/861/1119 864/866/1119 863/867/1119
f 861/863/1120 863/864/1120 795/868/1120
f 863/867/1121 792/790/1121 795/792/1121
f 863/867/1122 864/866/1122 792/790/1122
f 862/861/1123 865/869/1123 864/866/1123
f 865/869/1124 866/870/1124 864/866/1124
f 864/866/1125 793/791/1125 792/790/1125
f 864/866/1126 866/870/1126 793/791/1126
f 865/869/1127 867/871/1127 866/870/1127
f 867/871/1128 782/787/1128 866/870/1128
f 866/870/1129 783/788/1129 793/791/1129
f 866/870/1130 782/787/1130 783/788/1130
f 868/872/1131 869/873/1131 867/871/1131
f 868/872/1132 867/871/1132 865/869/1132
f 869/873/1133 776/783/1133 867/871/1133
f 867/871/1134 776/783/1134 782/787/1134
f 870/874/1135 871/875/1135 869/873/1135
f 870/874/1136 869/873/1136 868/872/1136
f 871/875/1137 774/781/1137 869/873/1137
f 869/873/1138 774/781/1138 776/783/1138
f 872/876/1139 873/877/1139 871/875/1139
f 872/876/1140 871/875/1140 870/874/1140
f 873/877/1141 771/777/1141 871/875/1141
f 871/875/1142 771/777/1142 774/781/1142
f 874/878/1143 875/879/1143 873/877/1143
f 874/878/1144 873/877/1144 872/876/1144
f 875/879/1145 770/776/1145 873/877/1145
f 873/877/1146 770/776/1146 771/777/1146
f 876/880/1147 875/879/1147 874/878/1147
f 877/881/1148 764/770/1148 875/879/1148
f 875/879/1149 764/770/1149 770/776/1149
f 876/880/1150 877/881/1150 875/879/1150
f 878/882/1151 879/883/1151 877/881/1151
f 878/882/1152 877/881/1152 876/880/1152
f 879/883/1153 762/769/1153 877/881/1153
f 877/881/1154 762/769/1154 764/770/1154
f 880/884/1155 881/885/1155 879/883/1155
f 880/884/1156 879/883/1156 878/882/1156
f 881/885/1157 759/766/1157 879/883/1157
f 879/883/1153 759/766/1153 762/769/1153
f 882/886/1158 883/887/1158 881/885/1158
f 882/886/1159 881/885/1159 880/884/1159
f 883/887/1160 756/763/1160 881/885/1160
f 881/885/1161 756/763/1161 759/766/1161
f 884/888/1162 885/889/1162 883/887/1162
f 884/888/1162 883/887/1162 882/886/1162
f 885/889/1163 755/762/1163 883/887/1163
f 883/887/1164 755/762/1164 756/763/1164
f 886/890/1165 887/891/1165 885/889/1165
f 886/890/1166 885/889/1166 884/888/1166
f 887/891/1167 749/755/1167 885/889/1167
f 885/889/1168 749/755/1168 755/762/1168
f 888/892/1169 889/893/1169 887/891/1169
f 888/892/1170 887/891/1170 886/890/1170
f 889/893/1171 747/753/1171 887/891/1171
f 887/891/1172 747/753/1172 749/755/1172
f 890/894/1173 889/893/1173 888/892/1173
f 890/894/1174 891/895/1174 889/893/1174
f 891/895/1175 746/752/1175 889/893/1175
f 889/893/1176 746/752/1176 747/753/1176
f 892/896/1177 891/895/1177 890/894/1177
f 891/895/1178 740/746/1178 746/752/1178
f 893/897/1179 740/746/1179 891/895/1179
f 892/896/1180 893/897/1180 891/895/1180
f 894/898/1181 895/899/1181 893/897/1181
f 894/898/1182 893/897/1182 892/896/1182
f 895/899/1183 738/745/1183 893/897/1183
f 893/897/1184 738/745/1184 740/746/1184
f 896/900/1185 897/901/1185 895/899/1185
f 896/900/1186 895/899/1186 894/898/1186
f 897/901/1187 735/742/1187 895/899/1187
f 895/899/1188 735/742/1188 738/745/1188
f 898/902/1189 899/903/1189 897/901/1189
f 898/902/1190 897/901/1190 896/900/1190
f 899/903/1191 734/741/1191 897/901/1191
f 897/901/1192 734/741/1192 735/742/1192
f 900/904/1193 901/905/1193 899/903/1193
f 900/904/1194 899/903/1194 898/902/1194
f 901/905/1195 902/906/1195 899/903/1195
f 899/903/1191 902/906/1191 734/741/1191
f 901/905/1195 726/732/1195 902/906/1195
f 726/732/1196 727/733/1196 902/906/1196
f 902/906/1197 730/736/1197 734/741/1197
f 902/906/1198 727/733/1198 730/736/1198
f 903/907/1199 904/908/1199 901/905/1199
f 903/907/1200 901/905/1200 900/904/1200
f 904/908/1201 726/732/1201 901/905/1201
f 905/909/1202 906/910/1202 904/908/1202
f 905/909/1203 904/908/1203 903/907/1203
f 906/910/1204 724/730/1204 904/908/1204
f 904/908/1205 724/730/1205 726/732/1205
f 907/911/1206 908/912/1206 906/910/1206
f 907/911/1207 906/910/1207 905/909/1207
f 908/912/1208 723/729/1208 906/910/1208
f 906/910/1209 723/729/1209 724/730/1209
f 909/913/1210 908/912/1210 907/911/1210
f 910/914/1211 717/723/1211 908/912/1211
f 908/912/1212 717/723/1212 723/729/1212
f 909/913/1213 910/914/1213 908/912/1213
f 911/915/1214 912/916/1214 910/914/1214
f 911/915/1215 910/914/1215 909/913/1215
f 912/916/1216 715/722/1216 910/914/1216
f 910/914/1217 715/722/1217 717/723/1217
f 913/917/1218 914/918/1218 912/916/1218
f 913/917/1219 912/916/1219 911/915/1219
f 914/918/1220 712/719/1220 912/916/1220
f 912/916/1216 712/719/1216 715/722/1216
f 915/919/1221 916/920/1221 914/918/1221
f 915/919/1222 914/918/1222 913/917/1222
f 916/920/1223 711/718/1223 914/918/1223
f 914/918/1224 711/718/1224 712/719/1224
f 917/921/1225 918/922/1225 916/920/1225
f 917/921/1226 916/920/1226 915/919/1226
f 918/922/1227 705/712/1227 916/920/1227
f 916/920/1228 705/712/1228 711/718/1228
f 919/923/1229 920/924/1229 918/922/1229
f 919/923/1230 918/922/1230 917/921/1230
f 920/924/1231 703/710/1231 918/922/1231
f 918/922/1232 703/710/1232 705/712/1232
f 921/925/1233 922/926/1233 920/924/1233
f 921/925/1234 920/924/1234 919/923/1234
f 922/926/1235 700/706/1235 920/924/1235
f 920/924/1236 700/706/1236 703/710/1236
f 923/927/1237 924/928/1237 922/926/1237
f 923/927/1238 922/926/1238 921/925/1238
f 924/928/1239 699/705/1239 922/926/1239
f 922/926/1240 699/705/1240 700/706/1240
f 925/929/1241 924/928/1241 923/927/1241
f 926/930/1242 693/699/1242 924/928/1242
f 924/928/1243 693/699/1243 699/705/1243
f 925/929/1241 926/930/1241 924/928/1241
f 927/931/1244 928/932/1244 926/930/1244
f 927/931/1245 926/930/1245 925/929/1245
f 928/932/1246 691/698/1246 926/930/1246
f 926/930/1247 691/698/1247 693/699/1247
f 929/933/1248 681/688/1248 928/932/1248
f 929/933/1249 928/932/1249 927/931/1249
f 681/688/1250 684/691/1250 928/932/1250
f 928/932/1251 684/691/1251 691/698/1251
f 930/934/1252 678/685/1252 929/933/1252
f 930/934/1253 929/933/1253 931/935/1253
f 678/685/1254 681/688/1254 929/933/1254
f 931/935/1255 929/933/1255 927/931/1255
f 932/936/1256 930/937/1256 931/938/1256
f 932/936/1257 931/938/1257 933/939/1257
f 933/939/1258 931/938/1258 934/940/1258
f 931/935/1259 927/931/1259 934/941/1259
f 933/939/1260 934/940/1260 935/942/1260
f 935/942/1261 934/940/1261 936/943/1261
f 934/941/1262 925/929/1262 936/944/1262
f 934/941/1263 927/931/1263 925/929/1263
f 935/942/1264 936/943/1264 937/945/1264
f 937/945/1265 936/943/1265 938/946/1265
f 936/944/1266 923/927/1266 938/947/1266
f 936/944/1267 925/929/1267 923/927/1267
f 937/945/1268 938/946/1268 939/948/1268
f 939/948/1269 938/946/1269 940/949/1269
f 938/947/1270 921/925/1270 940/950/1270
f 938/947/1271 923/927/1271 921/925/1271
f 939/948/1269 940/949/1269 941/951/1269
f 941/951/1272 940/949/1272 942/952/1272
f 940/950/1273 919/923/1273 942/953/1273
f 940/950/1274 921/925/1274 919/923/1274
f 941/951/1275 942/952/1275 943/954/1275
f 943/954/1276 942/952/1276 944/955/1276
f 942/953/1277 917/921/1277 944/956/1277
f 942/953/1278 919/923/1278 917/921/1278
f 943/954/1279 944/955/1279 945/957/1279
f 945/957/1280 944/955/1280 946/958/1280
f 944/956/1281 915/919/1281 946/959/1281
f 944/956/1282 917/921/1282 915/919/1282
f 945/957/1283 946/958/1283 947/960/1283
f 947/960/1284 946/958/1284 948/961/1284
f 946/959/1285 913/917/1285 948/962/1285
f 946/959/1285 915/919/1285 913/917/1285
f 947/960/1286 948/961/1286 949/963/1286
f 949/964/1287 948/962/1287 950/965/1287
f 948/962/1288 911/915/1288 950/965/1288
f 948/962/1289 913/917/1289 911/915/1289
f 949/964/1290 950/965/1290 951/966/1290
f 951/966/1291 950/965/1291 952/967/1291
f 950/965/1292 909/913/1292 952/967/1292
f 950/965/1293 911/915/1293 909/913/1293
f 951/966/1294 952/967/1294 953/968/1294
f 953/968/1295 952/967/1295 954/969/1295
f 952/967/1296 907/911/1296 954/969/1296
f 952/967/1297 909/913/1297 907/911/1297
f 953/968/1298 954/969/1298 955/970/1298
f 955/970/1299 954/969/1299 956/971/1299
f 954/969/1300 905/909/1300 956/971/1300
f 954/969/1300 907/911/1300 905/909/1300
f 955/970/1301 956/971/1301 957/972/1301
f 957/972/1302 956/971/1302 958/973/1302
f 956/971/1303 903/907/1303 958/973/1303
f 956/971/1304 905/909/1304 903/907/1304
f 957/972/1305 958/973/1305 959/974/1305
f 959/975/1306 958/976/1306 960/977/1306
f 958/973/1307 900/904/1307 960/978/1307
f 958/973/1308 903/907/1308 900/904/1308
f 959/975/1309 960/977/1309 961/979/1309
f 961/979/1310 960/977/1310 962/980/1310
f 960/978/1311 898/902/1311 962/981/1311
f 960/978/1312 900/904/1312 898/902/1312
f 961/979/1313 962/980/1313 963/982/1313
f 963/982/1314 962/980/1314 964/983/1314
f 962/981/1315 896/900/1315 964/984/1315
f 962/981/1316 898/902/1316 896/900/1316
f 963/982/1317 964/983/1317 965/985/1317
f 965/985/1318 964/983/1318 966/986/1318
f 964/984/1319 894/898/1319 966/987/1319
f 964/984/1320 896/900/1320 894/898/1320
f 965/985/1321 966/986/1321 967/988/1321
f 967/988/1322 966/986/1322 968/989/1322
f 966/987/1323 892/896/1323 968/990/1323
f 966/987/1323 894/898/1323 892/896/1323
f 967/988/1324 968/989/1324 969/991/1324
f 969/991/1325 968/989/1325 970/992/1325
f 968/990/1326 890/894/1326 970/993/1326
f 968/990/1327 892/896/1327 890/894/1327
f 969/991/1328 970/992/1328 971/994/1328
f 971/994/1329 970/992/1329 972/995/1329
f 970/993/1330 888/892/1330 972/996/1330
f 970/993/1331 890/894/1331 888/892/1331
f 971/994/1332 972/995/1332 973/997/1332
f 973/997/1333 972/995/1333 974/998/1333
f 972/996/1334 886/890/1334 974/999/1334
f 972/996/1335 888/892/1335 886/890/1335
f 973/997/1336 974/998/1336 975/1000/1336
f 975/1000/1337 974/998/1337 976/1001/1337
f 974/999/1338 884/888/1338 976/1002/1338
f 974/999/1339 886/890/1339 884/888/1339
f 975/1000/1340 976/1001/1340 977/1003/1340
f 977/1003/1341 976/1001/1341 978/1004/1341
f 976/1002/1342 882/886/1342 978/1005/1342
f 976/1002/1342 884/888/1342 882/886/1342
f 977/1003/1343 978/1004/1343 979/1006/1343
f 979/1006/1344 978/1004/1344 980/1007/1344
f 978/1005/1345 880/884/1345 980/1008/1345
f 978/1005/1346 882/886/1346 880/884/1346
f 979/1006/1347 980/1007/1347 981/1009/1347
f 981/1009/1348 980/1007/1348 982/1010/1348
f 980/1008/1349 878/882/1349 982/1011/1349
f 980/1008/1349 880/884/1349 878/882/1349
f 981/1009/1350 982/1010/1350 983/1012/1350
f 983/1012/1351 982/1010/1351 984/1013/1351
f 982/1011/1352 876/880/1352 984/1014/1352
f 982/1011/1353 878/882/1353 876/880/1353
f 983/1012/1354 984/1013/1354 985/1015/1354
f 985/1016/1355 984/1014/1355 986/1017/1355
f 984/1014/1356 874/878/1356 986/1017/1356
f 984/1014/1357 876/880/1357 874/878/1357
f 985/1016/1358 986/1017/1358 987/1018/1358
f 987/1018/1359 986/1017/1359 988/1019/1359
f 986/1017/1360 872/876/1360 988/1019/1360
f 986/1017/1361 874/878/1361 872/876/1361
f 987/1018/1362 988/1019/1362 989/1020/1362
f 989/1020/1363 988/1019/1363 990/1021/1363
f 988/1019/1364 870/874/1364 990/1021/1364
f 988/1019/1365 872/876/1365 870/874/1365
f 989/1020/1366 990/1021/1366 991/1022/1366
f 991/1022/1367 990/1021/1367 992/1023/1367
f 990/1021/1368 868/872/1368 992/1023/1368
f 990/1021/1369 870/874/1369 868/872/1369
f 991/1022/1370 992/1023/1370 859/860/1370
f 859/860/1371 992/1023/1371 862/861/1371
f 992/1023/1372 865/869/1372 862/861/1372
f 992/1023/1373 868/872/1373 865/869/1373
f 993/1024/1374 989/1025/1374 991/1026/1374
f 993/1024/1375 991/1026/1375 856/854/1375
f 856/854/1376 991/1026/1376 859/857/1376
f 994/1027/1377 995/1028/1377 993/1029/1377
f 994/1027/1378 993/1029/1378 853/852/1378
f 995/1028/1379 989/1030/1379 993/1029/1379
f 853/853/1380 993/1024/1380 856/854/1380
f 996/1031/1381 995/1028/1381 994/1027/1381
f 997/1032/1382 987/1033/1382 995/1028/1382
f 995/1028/1383 987/1033/1383 989/1030/1383
f 996/1031/1381 997/1032/1381 995/1028/1381
f 998/1034/1384 999/1035/1384 997/1032/1384
f 998/1034/1385 997/1032/1385 996/1031/1385
f 999/1035/1386 985/1015/1386 997/1032/1386
f 997/1032/1387 985/1015/1387 987/1033/1387
f 1000/1036/1388 1001/1037/1388 999/1035/1388
f 1000/1036/1388 999/1035/1388 998/1034/1388
f 1001/1037/1389 983/1012/1389 999/1035/1389
f 999/1035/1390 983/1012/1390 985/1015/1390
f 1002/1038/1391 1003/1039/1391 1001/1037/1391
f 1002/1038/1392 1001/1037/1392 1000/1036/1392
f 1003/1039/1393 981/1009/1393 1001/1037/1393
f 1001/1037/1394 981/1009/1394 983/1012/1394
f 1004/1040/1395 1005/1041/1395 1003/1039/1395
f 1004/1040/1396 1003/1039/1396 1002/1038/1396
f 1005/1041/1397 979/1006/1397 1003/1039/1397
f 1003/1039/1398 979/1006/1398 981/1009/1398
f 1006/1042/1399 1007/1043/1399 1005/1041/1399
f 1006/1042/1400 1005/1041/1400 1004/1040/1400
f 1007/1043/1401 977/1003/1401 1005/1041/1401
f 1005/1041/1402 977/1003/1402 979/1006/1402
f 1008/1044/1403 1009/1045/1403 1007/1043/1403
f 1008/1044/1403 1007/1043/1403 1006/1042/1403
f 1009/1045/1404 975/1000/1404 1007/1043/1404
f 1007/1043/1401 975/1000/1401 977/1003/1401
f 1010/1046/1405 1009/1045/1405 1008/1044/1405
f 1010/1046/1406 1011/1047/1406 1009/1045/1406
f 1011/1047/1407 973/997/1407 1009/1045/1407
f 1009/1045/1404 973/997/1404 975/1000/1404
f 1012/1048/1408 1011/1047/1408 1010/1046/1408
f 1011/1047/1409 971/994/1409 973/997/1409
f 1013/1049/1410 971/994/1410 1011/1047/1410
f 1012/1048/1411 1013/1049/1411 1011/1047/1411
f 1014/1050/1412 1015/1051/1412 1013/1049/1412
f 1014/1050/1413 1013/1049/1413 1012/1048/1413
f 1015/1051/1414 969/991/1414 1013/1049/1414
f 1013/1049/1415 969/991/1415 971/994/1415
f 1016/1052/1416 1017/1053/1416 1015/1051/1416
f 1016/1052/1417 1015/1051/1417 1014/1050/1417
f 1017/1053/1418 967/988/1418 1015/1051/1418
f 1015/1051/1414 967/988/1414 969/991/1414
f 1018/1054/1419 1019/1055/1419 1017/1053/1419
f 1018/1054/1420 1017/1053/1420 1016/1052/1420
f 1019/1055/1421 965/985/1421 1017/1053/1421
f 1017/1053/1422 965/985/1422 967/988/1422
f 1020/1056/1423 1021/1057/1423 1019/1055/1423
f 1020/1056/1424 1019/1055/1424 1018/1054/1424
f 1021/1057/1425 963/982/1425 1019/1055/1425
f 1019/1055/1426 963/982/1426 965/985/1426
f 1022/1058/1427 1023/1059/1427 1021/1057/1427
f 1022/1058/1428 1021/1057/1428 1020/1056/1428
f 1023/1059/1429 961/979/1429 1021/1057/1429
f 1021/1057/1430 961/979/1430 963/982/1430
f 1024/1060/1431 1025/1061/1431 1023/1059/1431
f 1024/1060/1432 1023/1059/1432 1022/1058/1432
f 1025/1061/1433 959/975/1433 1023/1059/1433
f 1023/1059/1434 959/975/1434 961/979/1434
f 1026/1062/1435 1027/1063/1435 1025/1061/1435
f 1026/1062/1436 1025/1061/1436 1024/1060/1436
f 1027/1063/1437 957/1064/1437 1025/1061/1437
f 1025/1061/1438 957/1064/1438 959/975/1438
f 1028/1065/1439 1027/1063/1439 1026/1062/1439
f 1029/1066/1440 955/1067/1440 1027/1063/1440
f 1027/1063/1441 955/1067/1441 957/1064/1441
f 1028/1065/1442 1029/1066/1442 1027/1063/1442
f 1030/1068/1443 1031/1069/1443 1029/1070/1443
f 1030/1068/1444 1029/1070/1444 1028/1071/1444
f 1031/1069/1445 953/1072/1445 1029/1070/1445
f 1029/1066/1446 953/1073/1446 955/1067/1446
f 1032/1074/1447 1033/1075/1447 1031/1069/1447
f 1032/1074/1448 1031/1069/1448 1030/1068/1448
f 1033/1075/1449 951/1076/1449 1031/1069/1449
f 1031/1069/1445 951/1076/1445 953/1072/1445
f 1034/1077/1450 1035/1078/1450 1033/1075/1450
f 1034/1077/1451 1033/1075/1451 1032/1074/1451
f 1035/1078/1452 949/963/1452 1033/1075/1452
f 1033/1075/1453 949/963/1453 951/1076/1453
f 1036/1079/1454 1037/1080/1454 1035/1078/1454
f 1036/1079/1455 1035/1078/1455 1034/1077/1455
f 1037/1080/1456 947/960/1456 1035/1078/1456
f 1035/1078/1457 947/960/1457 949/963/1457
f 1038/1081/1458 1039/1082/1458 1037/1080/1458
f 1038/1081/1459 1037/1080/1459 1036/1079/1459
f 1039/1082/1460 945/957/1460 1037/1080/1460
f 1037/1080/1461 945/957/1461 947/960/1461
f 1040/1083/1462 1041/1084/1462 1039/1082/1462
f 1040/1083/1463 1039/1082/1463 1038/1081/1463
f 1041/1084/1464 943/954/1464 1039/1082/1464
f 1039/1082/1465 943/954/1465 945/957/1465
f 1042/1085/1466 1043/1086/1466 1041/1084/1466
f 1042/1085/1467 1041/1084/1467 1040/1083/1467
f 1043/1086/1468 941/951/1468 1041/1084/1468
f 1041/1084/1469 941/951/1469 943/954/1469
f 1044/1087/1470 1043/1086/1470 1042/1085/1470
f 1045/1088/1471 939/948/1471 1043/1086/1471
f 1043/1086/1472 939/948/1472 941/951/1472
f 1044/1087/1473 1045/1088/1473 1043/1086/1473
f 1046/1089/1474 1047/1090/1474 1045/1088/1474
f 1046/1089/1475 1045/1088/1475 1044/1087/1475
f 1047/1090/1476 937/945/1476 1045/1088/1476
f 1045/1088/1477 937/945/1477 939/948/1477
f 1048/1091/1478 1049/1092/1478 1047/1090/1478
f 1048/1091/1479 1047/1090/1479 1046/1089/1479
f 1049/1092/1480 935/942/1480 1047/1090/1480
f 1047/1090/1481 935/942/1481 937/945/1481
f 1050/1093/1482 1051/1094/1482 1049/1092/1482
f 1050/1093/1483 1049/1092/1483 1048/1091/1483
f 1051/1094/1484 933/939/1484 1049/1092/1484
f 1049/1092/1485 933/939/1485 935/942/1485
f 1052/1095/1486 1053/1096/1486 1051/1094/1486
f 1052/1095/1487 1051/1094/1487 1050/1093/1487
f 1053/1096/1488 932/936/1488 1051/1094/1488
f 1051/1094/1489 932/936/1489 933/939/1489
f 1054/1097/1490 1055/1098/1490 1053/1096/1490
f 1054/1097/1491 1053/1096/1491 1052/1095/1491
f 1055/1098/1492 1056/1099/1492 1053/1096/1492
f 1053/1096/1493 1056/1099/1493 932/936/1493
f 1055/1098/1494 672/676/1494 1056/1099/1494
f 672/676/1495 675/681/1495 1056/1099/1495
f 1056/1099/1496 930/937/1496 932/936/1496
f 1056/1099/1497 675/681/1497 930/937/1497
f 1057/1100/1498 669/672/1498 1055/1098/1498
f 1057/1100/1499 1055/1098/1499 1054/1097/1499
f 669/672/1500 672/676/1500 1055/1098/1500
f 1058/1101/1501 666/669/1501 1057/1100/1501
f 1058/1101/1502 1057/1100/1502 1059/1102/1502
f 666/669/1503 669/672/1503 1057/1100/1503
f 1059/1102/1504 1057/1100/1504 1054/1097/1504
f 1061/1103/1505 1060/1104/1505 1059/1102/1505
f 1059/1102/1506 1060/1104/1506 1062/1105/1506
f 1059/1102/1507 1054/1097/1507 1061/1103/1507
f 1059/1102/1508 1062/1105/1508 1058/1101/1508
f 1064/1106/1509 1063/1107/1509 1062/1105/1509
f 1058/1101/1510 1062/1105/1510 1063/1107/1510
f 1064/1106/1511 1062/1105/1511 1065/1108/1511
f 1065/1108/1511 1062/1105/1511 1060/1104/1511
f 1065/1108/1512 1060/1104/1512 1066/1109/1512
f 1066/1109/1513 1067/1110/1513 1065/1108/1513
f 1067/1110/1514 1064/1106/1514 1065/1108/1514
f 1072/1111/1515 1067/1110/1515 1066/1109/1515
f 1068/1112/1516 1069/1113/1516 1067/1110/1516
f 1072/1111/1517 1068/1112/1517 1067/1110/1517
f 1067/1110/1518 1069/1113/1518 1071/1114/1518
f 1071/1114/1519 1070/1115/1519 1067/1110/1519
f 1067/1110/1520 1070/1115/1520 1064/1106/1520
f 1072/1111/1521 1075/1116/1521 1073/1117/1521
f 1073/1117/1522 1068/1112/1522 1072/1111/1522
f 1066/1109/1523 1074/1118/1523 1072/1111/1523
f 1072/1111/1524 1074/1118/1524 1075/1116/1524
f 1078/1119/1525 1075/1116/1525 1076/1120/1525
f 1076/1120/1526 1075/1116/1526 1077/1121/1526
f 1074/1118/1527 1077/1121/1527 1075/1116/1527
f 1078/1119/1528 1079/1122/1528 1075/1116/1528
f 1073/1117/1529 1075/1116/1529 1079/1122/1529
f 1080/1123/1530 1081/1124/1530 1079/1122/1530
f 1080/1123/1531 1079/1122/1531 1078/1119/1531
f 1082/1125/1532 1079/1122/1532 1081/1124/1532
f 1073/1117/1533 1079/1122/1533 1082/1125/1533
f 1082/1125/1534 1083/1126/1534 1073/1117/1534
f 1082/1125/1535 1085/1127/1535 1083/1126/1535
f 1082/1125/1536 1081/1124/1536 1084/1128/1536
f 1084/1128/1537 1085/1127/1537 1082/1125/1537
f 1086/1129/1538 1087/1130/1538 1085/1127/1538
f 1084/1128/1539 1086/1129/1539 1085/1127/1539
f 1085/1127/1540 1087/1130/1540 1088/1131/1540
f 1085/1127/1541 1088/1131/1541 1083/1126/1541
f 1083/1126/1542 1088/1131/1542 1089/1132/1542
f 1090/1133/1543 1089/1132/1543 1088/1131/1543
f 1090/1134/1544 1088/1135/1544 1091/1136/1544
f 1091/1136/1545 1088/1135/1545 1087/1137/1545
f 1091/1136/1546 1094/1138/1546 1090/1134/1546
f 1093/1139/1547 1092/1140/1547 1091/1136/1547
f 1091/1136/1548 1092/1140/1548 1094/1138/1548
f 1091/1136/1549 1087/1137/1549 1093/1139/1549
f 1092/1140/1550 627/53/1550 1094/1138/1550
f 1094/1138/1551 627/53/1551 1095/1141/1551
f 1094/1138/1552 1095/1141/1552 1096/1142/1552
f 1090/1134/1553 1094/1138/1553 1096/1142/1553
f 1096/1142/1554 1095/1141/1554 1097/1143/1554
f 1096/1144/1555 1097/1145/1555 1098/1146/1555
f 1099/1147/1556 1096/1144/1556 1098/1146/1556
f 1090/1133/1557 1096/1144/1557 1099/1147/1557
f 1100/1148/1558 1069/1113/1558 1099/1147/1558
f 1099/1147/1559 1098/1146/1559 1100/1148/1559
f 1099/1147/1560 1069/1113/1560 1089/1132/1560
f 1099/1147/1561 1089/1132/1561 1090/1133/1561
f 656/656/1562 1071/1114/1562 1100/1148/1562
f 1100/1148/1563 650/650/1563 656/656/1563
f 1100/1148/1559 1098/1146/1559 650/650/1559
f 1100/1148/1564 1071/1114/1564 1069/1113/1564
f 1098/1146/1565 1097/1145/1565 648/651/1565
f 1098/1146/1566 648/651/1566 650/650/1566
f 636/649/860 648/648/860 1097/1149/860
f 636/635/1567 1097/1143/1567 633/50/1567
f 633/50/1568 1097/1143/1568 1095/1141/1568
f 628/51/1569 1095/1141/1569 627/53/1569
f 633/50/1570 1095/1141/1570 628/51/1570
f 1102/1150/1571 621/56/1571 1093/1139/1571
f 1093/1139/1572 621/56/1572 1092/1140/1572
f 1093/1139/1573 1087/1137/1573 1101/1151/1573
f 1093/1139/1574 1101/1151/1574 1102/1150/1574
f 1104/59/1575 619/57/1575 1102/1150/1575
f 1102/1150/1575 619/57/1575 621/56/1575
f 1102/1150/1576 1101/1151/1576 1103/1152/1576
f 1102/1150/1577 1103/1152/1577 1104/59/1577
f 1104/59/1578 1103/1152/1578 1105/1153/1578
f 1104/59/1579 1105/1153/1579 1106/60/1579
f 1106/60/1580 618/58/1580 1104/59/1580
f 1104/59/1581 618/58/1581 619/57/1581
f 1106/60/1579 1105/1153/1579 1108/63/1579
f 1109/61/1582 1107/64/1582 1106/60/1582
f 1106/60/1583 1107/64/1583 618/58/1583
f 1106/60/1584 1108/63/1584 1109/61/1584
f 1109/61/789 1110/1154/789 612/633/789
f 612/633/789 1107/64/789 1109/61/789
f 1109/61/789 1111/62/789 1110/1154/789
f 1109/61/1585 1108/63/1585 1111/62/1585
f 1110/1154/789 1111/62/789 1112/1155/789
f 1112/1155/1586 1111/62/1586 1113/1156/1586
f 1113/1156/1587 1111/62/1587 1108/63/1587
f 1115/1157/1588 1112/1155/1588 1113/1156/1588
f 1113/1156/1589 1108/63/1589 1114/1158/1589
f 1116/1159/1590 1113/1156/1590 1114/1158/1590
f 1115/1157/1591 1113/1156/1591 1116/1159/1591
f 1116/1159/1592 1118/684/1592 1117/1160/1592
f 1116/1159/1593 1117/1160/1593 1115/1157/1593
f 1119/1161/1594 1118/684/1594 1116/1159/1594
f 1116/1159/1595 1114/1158/1595 1119/1161/1595
f 1119/1161/1596 1114/1158/1596 1120/1162/1596
f 1119/1161/1597 1120/1162/1597 1122/679/1597
f 1119/1161/1598 1121/682/1598 1118/684/1598
f 1122/679/1598 1121/682/1598 1119/1161/1598
f 1122/679/1599 1120/1162/1599 1123/1163/1599
f 1122/679/1600 1125/683/1600 1121/682/1600
f 1122/679/1601 1123/1163/1601 1124/680/1601
f 1124/680/1602 1125/683/1602 1122/679/1602
f 1127/1164/1603 1125/1165/1603 1126/1166/1603
f 1126/1166/1604 1125/1165/1604 1128/1167/1604
f 1127/934/1605 1121/682/1605 1125/683/1605
f 1124/1168/1606 1128/1167/1606 1125/1165/1606
f 1126/1166/1607 1128/1167/1607 1129/1169/1607
f 1129/1169/1608 1128/1167/1608 1081/1124/1608
f 1084/1128/1609 1081/1124/1609 1128/1167/1609
f 1084/1128/1610 1128/1167/1610 1124/1168/1610
f 1080/1123/1611 1131/1170/1611 1129/1169/1611
f 1129/1169/1612 1081/1124/1612 1080/1123/1612
f 1129/1169/1613 1130/1171/1613 1126/1166/1613
f 1129/1169/1614 1131/1170/1614 1130/1171/1614
f 1132/1172/1615 1130/1171/1615 1131/1170/1615
f 1132/1172/1616 1131/1170/1616 1134/1173/1616
f 1134/1173/1617 1131/1170/1617 1133/1174/1617
f 1080/1123/1618 1133/1174/1618 1131/1170/1618
f 1135/1175/1619 1137/1176/1619 1134/1173/1619
f 1134/1173/1620 1133/1174/1620 1135/1175/1620
f 1134/1173/1621 1137/1176/1621 1136/1177/1621
f 1134/1173/1622 1136/1177/1622 1132/1172/1622
f 1135/1175/1623 1138/1178/1623 1137/1176/1623
f 1137/1176/1623 1138/1178/1623 1139/1179/1623
f 1137/1176/1624 1139/1179/1624 1140/1180/1624
f 1137/1176/1625 1140/1180/1625 1136/1177/1625
f 1140/1180/1624 1139/1179/1624 1141/1181/1624
f 1140/1180/1626 1141/1181/1626 1142/1182/1626
f 1143/1183/1627 1140/1180/1627 1142/1182/1627
f 1136/1177/1628 1140/1180/1628 1143/1183/1628
f 1146/1184/1629 1143/1183/1629 1144/1185/1629
f 1143/1183/1630 1142/1182/1630 1144/1185/1630
f 1143/1183/1631 1147/1186/1631 1136/1177/1631
f 1145/1187/1632 1147/1186/1632 1143/1183/1632
f 1148/1188/1633 1145/1187/1633 1143/1183/1633
f 1148/1188/1634 1143/1183/1634 1146/1184/1634
f 1146/1184/1635 1150/1189/1635 1148/1188/1635
f 1148/1188/1636 1150/1189/1636 1149/1190/1636
f 1148/1188/1637 1149/1190/1637 1151/1191/1637
f 1151/1191/1638 1145/1187/1638 1148/1188/1638
f 1154/1192/1639 1152/1193/1639 1151/1191/1639
f 1151/1191/1640 1152/1193/1640 1145/1187/1640
f 1151/1191/1641 1149/1190/1641 1153/1194/1641
f 1151/1191/1642 1153/1194/1642 1154/1192/1642
f 1154/1192/1643 1153/1194/1643 1155/1195/1643
f 1154/1192/1644 1155/1195/1644 1156/1196/1644
f 1156/1196/1645 1157/1197/1645 1154/1192/1645
f 1154/1192/1646 1157/1197/1646 1152/1193/1646
f 1158/1198/1647 1159/1199/1647 1157/1197/1647
f 1156/1196/1648 1158/1198/1648 1157/1197/1648
f 1157/1197/1649 1159/1199/1649 1160/1200/1649
f 1157/1197/1650 1160/1200/1650 1152/1193/1650
f 1163/1201/1651 1160/1200/1651 1159/1199/1651
f 1152/1193/1652 1160/1200/1652 1161/1202/1652
f 1162/1203/1653 1161/1202/1653 1160/1200/1653
f 1162/1203/1654 1160/1200/1654 1163/1201/1654
f 1163/1201/1655 1166/1204/1655 1162/1203/1655
f 1163/941/1656 1159/944/1656 1164/931/1656
f 1164/931/1657 1165/933/1657 1163/941/1657
f 1163/941/1658 1165/933/1658 1166/935/1658
f 1162/1203/1659 1166/1204/1659 1167/1205/1659
f 1168/685/1660 1166/935/1660 1165/933/1660
f 1127/1164/1661 1167/1205/1661 1166/1204/1661
f 1127/934/1662 1166/935/1662 1168/685/1662
f 1168/685/1663 1121/682/1663 1127/934/1663
f 1168/685/1664 1165/933/1664 1169/686/1664
f 1169/686/1665 1118/684/1665 1168/685/1665
f 1168/685/1665 1118/684/1665 1121/682/1665
f 1169/686/1666 1165/933/1666 1170/688/1666
f 1169/686/1667 1170/688/1667 1171/687/1667
f 1171/687/1668 1117/1160/1668 1169/686/1668
f 1169/686/1669 1117/1160/1669 1118/684/1669
f 1171/687/1670 1170/688/1670 1172/689/1670
f 1171/687/1671 1172/689/1671 1173/1206/1671
f 1173/1206/1672 1174/1207/1672 1171/687/1672
f 1171/687/1673 1174/1207/1673 1117/1160/1673
f 1173/1206/1674 1175/1208/1674 1174/1207/1674
f 1176/1209/1675 1174/1207/1675 1175/1208/1675
f 1115/1157/1676 1117/1160/1676 1174/1207/1676
f 1115/1157/1675 1174/1207/1675 1176/1209/1675
f 1177/1210/789 1176/1209/789 1175/1208/789
f 1177/1210/789 1112/1155/789 1176/1209/789
f 1176/1209/1677 1112/1155/1677 1115/1157/1677
f 1110/1154/789 1112/1155/789 1177/1210/789
f 1177/1211/1678 1180/1212/1678 1110/1213/1678
f 1177/1210/789 1175/1208/789 1178/1214/789
f 1178/1215/1679 1179/1216/1679 1177/1211/1679
f 1177/1211/1678 1179/1216/1678 1180/1212/1678
f 1110/1213/1680 1180/1212/1680 1181/1217/1680
f 1182/1218/789 1181/633/789 1180/1154/789
f 1182/1218/789 1180/1154/789 1183/1219/789
f 1183/1219/789 1180/1154/789 1179/1210/789
f 1183/1220/1681 1186/1221/1681 1182/1222/1681
f 1183/1219/789 1179/1210/789 1184/1223/789
f 1184/1224/1682 1185/1225/1682 1183/1220/1682
f 1183/1220/1682 1185/1225/1682 1186/1221/1682
f 1189/569/789 1186/1219/789 1185/1223/789
f 1182/1222/1681 1186/1221/1681 1187/1226/1681
f 1188/573/789 1187/1218/789 1186/1219/789
f 1188/573/789 1186/1219/789 1189/569/789
f 1189/569/799 1185/1223/799 1190/565/799
f 1189/1227/1683 559/1228/1683 1188/1229/1683
f 1190/1230/1684 555/1231/1684 1189/1227/1684
f 1189/1227/1683 555/1231/1683 559/1228/1683
f 1190/565/789 1185/1223/789 1191/1232/789
f 1190/565/789 1191/1232/789 1192/560/789
f 1192/1233/1685 550/1234/1685 1190/1230/1685
f 1190/1230/1684 550/1234/1684 555/1231/1684
f 1192/560/789 1194/1235/789 1193/555/789
f 1193/1236/1686 545/1237/1686 1192/1233/1686
f 1192/1233/1685 545/1237/1685 550/1234/1685
f 1192/560/789 1191/1232/789 1194/1235/789
f 1197/1238/1687 1195/1239/1687 1194/1240/1687
f 1193/555/789 1194/1235/789 1195/1241/789
f 1197/1238/1688 1194/1240/1688 1196/1242/1688
f 1196/1242/1688 1194/1240/1688 1191/1243/1688
f 1196/1232/789 1198/1244/789 1197/1235/789
f 1197/1235/789 1198/1244/789 1199/1245/789
f 1197/1235/789 1199/1245/789 1200/1241/789
f 1200/1246/1687 1195/1239/1687 1197/1238/1687
f 1200/1241/789 1199/1245/789 1201/1247/789
f 1200/1241/789 1201/1247/789 1202/1248/789
f 1202/1249/1689 1203/1250/1689 1200/1246/1689
f 1200/1246/1689 1203/1250/1689 1195/1239/1689
f 1202/1249/1690 1204/1251/1690 1203/1250/1690
f 1206/542/789 1203/1248/789 1204/1252/789
f 1205/541/789 1195/1241/789 1203/1248/789
f 1205/541/789 1203/1248/789 1206/542/789
f 1206/1253/1691 535/1254/1691 1205/1255/1691
f 1206/542/789 1204/1252/789 1207/543/789
f 1207/1256/1692 530/1257/1692 1206/1253/1692
f 1206/1253/1691 530/1257/1691 535/1254/1691
f 1207/543/801 1209/1258/801 1208/572/801
f 1208/1259/1693 562/1260/1693 1207/1261/1693
f 1207/1256/1692 562/1262/1692 530/1257/1692
f 1207/543/789 1204/1252/789 1209/1258/789
f 1211/1263/1694 1209/1264/1694 1210/1265/1694
f 1210/1265/1694 1209/1264/1694 1204/1251/1694
f 1211/1266/1695 1212/1267/1695 1209/1268/1695
f 1208/572/789 1209/1258/789 1212/1269/789
f 1215/1270/1696 1213/1271/1696 1212/1267/1696
f 1214/568/789 1212/1269/789 1213/1272/789
f 1215/1270/1695 1212/1267/1695 1211/1266/1695
f 1208/572/801 1212/1269/801 1214/568/801
f 1211/1258/789 1216/1273/789 1215/1269/789
f 1215/1269/789 1216/1273/789 1217/1274/789
f 1215/1269/789 1217/1274/789 1218/1272/789
f 1218/1275/1697 1213/1271/1697 1215/1270/1697
f 1218/1272/789 1217/1274/789 1219/1276/789
f 1218/1272/789 1219/1276/789 1220/1277/789
f 1220/1278/1698 1221/1279/1698 1218/1275/1698
f 1218/1275/1698 1221/1279/1698 1213/1271/1698
f 1220/1278/1699 1222/1280/1699 1221/1279/1699
f 1224/559/789 1221/1277/789 1222/1281/789
f 1223/564/789 1213/1272/789 1221/1277/789
f 1223/564/789 1221/1277/789 1224/559/789
f 1224/559/789 1222/1281/789 1225/552/789
f 1225/1282/1700 539/1283/1700 1224/1284/1700
f 539/1283/1700 544/1285/1700 1224/1284/1700
f 1224/1284/1701 544/1285/1701 549/1286/1701
f 1224/1284/1701 549/1286/1701 1223/1287/1701
f 1225/552/789 1222/1281/789 1226/1288/789
f 1225/552/789 1226/1288/789 1227/553/789
f 1227/1289/1702 534/1290/1702 1225/1282/1702
f 534/1290/1702 539/1283/1702 1225/1282/1702
f 1227/553/789 1226/1288/789 1229/1291/789
f 1227/553/789 1229/1291/789 1228/554/789
f 1228/1292/1703 534/1290/1703 1227/1289/1703
f 1231/1293/1704 1229/1294/1704 1230/1295/1704
f 1230/1295/1704 1229/1294/1704 1226/1296/1704
f 1231/1293/1705 1232/1297/1705 1229/1294/1705
f 1228/554/789 1229/1291/789 1232/1298/789
f 1233/1299/1705 1232/1297/1705 1231/1293/1705
f 1233/1299/1706 1234/1300/1706 1232/1297/1706
f 1235/571/789 1232/1298/789 1234/1301/789
f 1228/554/789 1232/1298/789 1235/571/789
f 1235/1302/1707 561/1303/1707 1228/1292/1707
f 1235/571/789 1234/1301/789 1236/567/789
f 1236/1304/1708 557/1305/1708 1235/1302/1708
f 1235/1302/1709 557/1305/1709 561/1303/1709
f 1236/567/789 1234/1301/789 1237/1306/789
f 1236/567/789 1237/1306/789 1238/563/789
f 1238/1307/1710 553/1308/1710 1236/1304/1710
f 1236/1304/1708 553/1308/1708 557/1305/1708
f 1238/563/789 1237/1306/789 1239/1309/789
f 1238/563/789 1239/1309/789 1240/558/789
f 1240/1310/1711 548/1311/1711 1238/1312/1711
f 1238/1307/1710 548/1313/1710 553/1308/1710
f 1240/558/789 1239/1309/789 1241/1314/789
f 1240/558/789 1241/1314/789 1242/550/789
f 1242/1315/1712 543/1316/1712 1240/1310/1712
f 1240/1310/1711 543/1316/1711 548/1311/1711
f 1244/1317/1713 538/1318/1713 1242/1315/1713
f 1242/1315/1712 538/1318/1712 543/1316/1712
f 1242/550/789 1241/1314/789 1243/1319/789
f 1242/550/789 1243/1319/789 1244/551/789
f 1244/551/789 1245/1320/789 1246/540/789
f 1244/551/789 1243/1319/789 1245/1320/789
f 1246/1321/1714 533/1322/1714 1244/1317/1714
f 1244/1317/1713 533/1322/1713 538/1318/1713
f 1246/540/789 1245/1320/789 522/522/789
f 1246/540/789 522/522/789 523/532/789
f 523/535/800 528/539/800 1246/1321/800
f 1246/1321/1714 528/539/1714 533/1322/1714
f 1248/1323/1715 1245/1324/1715 1243/1325/1715
f 1247/1326/1716 522/530/1716 1245/1324/1716
f 1247/1326/1715 1245/1324/1715 1248/1323/1715
f 1249/1314/789 1250/1327/789 1248/1319/789
f 1248/1323/1717 1243/1325/1717 1249/1328/1717
f 1248/1319/789 1250/1327/789 1251/1329/789
f 1248/1319/789 1251/1329/789 1247/1320/789
f 1247/1320/789 1251/1329/789 516/511/789
f 507/1330/1718 516/521/1718 1251/1331/1718
f 507/1330/1718 1251/1331/1718 1252/1332/1718
f 1252/1332/1719 1251/1331/1719 1250/1333/1719
f 1252/1329/789 1253/785/789 507/511/789
f 1252/1329/789 1256/782/789 1253/785/789
f 1254/1327/789 1255/779/789 1252/1329/789
f 1252/1332/1719 1250/1333/1719 1254/1334/1719
f 1252/1329/789 1255/779/789 1256/782/789
f 1257/784/1720 1258/786/1720 1256/782/1720
f 1256/782/1721 1255/779/1721 1257/784/1721
f 1256/782/1722 1258/786/1722 1253/785/1722
f 505/508/1723 1253/785/1723 1258/786/1723
f 505/508/1724 1258/786/1724 1259/789/1724
f 1259/789/1725 1258/786/1725 1260/788/1725
f 1257/784/1726 1260/788/1726 1258/786/1726
f 1259/789/1727 1260/788/1727 468/490/1727
f 468/490/1728 1260/788/1728 1261/791/1728
f 1262/787/1729 1261/791/1729 1260/788/1729
f 1262/787/1730 1260/788/1730 1257/784/1730
f 1263/870/1731 1261/791/1731 1262/787/1731
f 1262/787/1732 1265/783/1732 1263/870/1732
f 1257/784/1733 1264/780/1733 1262/787/1733
f 1262/787/1733 1264/780/1733 1265/783/1733
f 1265/783/1734 1268/778/1734 1266/781/1734
f 1265/783/1735 1266/781/1735 1267/871/1735
f 1263/870/1736 1265/783/1736 1267/871/1736
f 1264/780/1737 1268/778/1737 1265/783/1737
f 1270/774/1738 1269/773/1738 1268/778/1738
f 1268/778/1739 1269/773/1739 1271/775/1739
f 1264/780/1740 1270/774/1740 1268/778/1740
f 1268/778/1741 1271/775/1741 1266/781/1741
f 1266/781/1742 1271/775/1742 1272/777/1742
f 1273/771/1743 1272/777/1743 1271/775/1743
f 1273/771/1744 1271/775/1744 1274/772/1744
f 1274/772/1745 1271/775/1745 1269/773/1745
f 1275/1335/789 1276/767/789 1274/772/789
f 1275/1335/789 1274/772/789 1269/773/789
f 1274/772/1746 1276/767/1746 1273/771/1746
f 1277/1336/789 1276/767/789 1275/1335/789
f 1277/1336/789 1278/764/789 1276/767/789
f 1276/767/1747 1278/764/1747 1279/768/1747
f 1273/771/1746 1276/767/1746 1279/768/1746
f 1279/768/1747 1278/764/1747 1280/765/1747
f 1279/768/1748 1280/765/1748 1281/770/1748
f 1282/776/1749 1279/768/1749 1281/770/1749
f 1273/771/1749 1279/768/1749 1282/776/1749
f 1282/776/1750 1284/875/1750 1272/777/1750
f 1282/776/1751 1272/777/1751 1273/771/1751
f 1282/776/1752 1281/770/1752 1283/877/1752
f 1283/877/1753 1284/875/1753 1282/776/1753
f 1285/873/1754 1272/777/1754 1284/875/1754
f 1285/873/1755 1284/875/1755 1286/872/1755
f 1286/872/1756 1284/875/1756 1287/874/1756
f 1283/877/1757 1287/874/1757 1284/875/1757
f 1286/872/1758 1287/874/1758 1288/1023/1758
f 1288/1023/1759 1287/874/1759 1289/1021/1759
f 1290/876/1760 1289/1021/1760 1287/874/1760
f 1290/876/1761 1287/874/1761 1283/877/1761
f 1291/1019/1762 1289/1021/1762 1290/876/1762
f 1290/876/1763 1293/878/1763 1291/1019/1763
f 1283/877/1764 1292/879/1764 1290/876/1764
f 1290/876/1765 1292/879/1765 1293/878/1765
f 1292/879/1766 1294/881/1766 1293/878/1766
f 1293/878/1767 1294/881/1767 1295/880/1767
f 1293/878/1768 1295/880/1768 1296/1017/1768
f 1291/1019/1769 1293/878/1769 1296/1017/1769
f 1296/1017/1770 1295/880/1770 1297/1014/1770
f 1296/1017/1771 1297/1014/1771 1298/1018/1771
f 1299/1020/1772 1296/1017/1772 1298/1018/1772
f 1291/1019/1773 1296/1017/1773 1299/1020/1773
f 1300/1337/1774 836/832/1774 1299/1338/1774
f 1299/1339/1775 1298/1340/1775 1300/1341/1775
f 1299/1020/1776 1301/1022/1776 1291/1019/1776
f 1299/1338/1777 836/832/1777 1301/1342/1777
f 1302/860/1778 1289/1021/1778 1301/1022/1778
f 1291/1019/1779 1301/1022/1779 1289/1021/1779
f 1302/1343/1780 1301/1342/1780 833/829/1780
f 833/829/1781 1301/1342/1781 836/832/1781
f 1288/1023/1782 1289/1021/1782 1302/860/1782
f 831/828/1783 1302/1343/1783 833/829/1783
f 1303/862/1784 1288/1023/1784 1302/860/1784
f 1303/1344/1785 1302/1343/1785 831/828/1785
f 1305/1345/1786 1304/1346/1786 1303/1344/1786
f 1304/861/1787 1288/1023/1787 1303/862/1787
f 830/827/1788 1303/1344/1788 831/828/1788
f 1305/1345/1789 1303/1344/1789 830/827/1789
f 1305/1345/1790 1307/1347/1790 1306/1348/1790
f 1305/1345/1791 1306/1348/1791 1308/1349/1791
f 830/827/1792 1307/1347/1792 1305/1345/1792
f 1308/1349/1793 1304/1346/1793 1305/1345/1793
f 1308/867/1794 1311/792/1794 1309/866/1794
f 1309/866/1795 1310/869/1795 1308/867/1795
f 1308/867/1796 1310/869/1796 1304/861/1796
f 1308/1349/1797 1306/1348/1797 1311/1350/1797
f 465/487/1798 1312/790/1798 1311/792/1798
f 1309/866/1799 1311/792/1799 1312/790/1799
f 465/488/1800 1311/1350/1800 1313/1351/1800
f 1313/1351/1801 1311/1350/1801 1306/1348/1801
f 1313/1351/1802 1306/1348/1802 1314/1352/1802
f 1315/1353/1803 1313/1351/1803 1314/1352/1803
f 462/482/1804 465/488/1804 1313/1351/1804
f 462/482/1805 1313/1351/1805 1315/1353/1805
f 1315/1353/1806 441/459/1806 461/481/1806
f 1315/1353/1807 461/481/1807 462/482/1807
f 1315/1353/1808 1314/1352/1808 820/817/1808
f 820/817/1809 441/459/1809 1315/1353/1809
f 1314/1352/1810 1306/1348/1810 1307/1347/1810
f 1314/1352/1811 1307/1347/1811 821/818/1811
f 820/817/1812 1314/1352/1812 821/818/1812
f 464/485/1813 1261/791/1813 1312/790/1813
f 1263/870/1814 1312/790/1814 1261/791/1814
f 464/485/1815 1312/790/1815 465/487/1815
f 1309/866/1816 1312/790/1816 1263/870/1816
f 1310/869/1817 1286/872/1817 1304/861/1817
f 1309/866/1818 1267/871/1818 1310/869/1818
f 1267/871/1819 1285/873/1819 1310/869/1819
f 1310/869/1820 1285/873/1820 1286/872/1820
f 1263/870/1821 1267/871/1821 1309/866/1821
f 821/818/1822 1307/1347/1822 825/822/1822
f 830/827/1823 825/822/1823 1307/1347/1823
f 1304/861/1824 1286/872/1824 1288/1023/1824
f 1300/1341/1825 1298/1340/1825 1316/1354/1825
f 1300/1337/1826 837/833/1826 836/832/1826
f 1300/1341/1827 1316/1354/1827 1317/1355/1827
f 1317/1356/1828 837/833/1828 1300/1337/1828
f 1317/1355/1829 1316/1354/1829 1319/1357/1829
f 1318/1358/1830 842/839/1830 1317/1356/1830
f 1317/1355/1831 1319/1357/1831 1318/1359/1831
f 1317/1356/1832 842/839/1832 837/833/1832
f 1316/1354/1833 1320/1360/1833 1319/1357/1833
f 1319/1357/1834 1320/1360/1834 1321/1361/1834
f 1319/1357/1835 1321/1361/1835 1322/1362/1835
f 1318/1359/1836 1319/1357/1836 1322/1362/1836
f 1318/1359/1837 1322/1362/1837 1324/1363/1837
f 1324/1363/1838 1322/1362/1838 1323/1364/1838
f 1322/1362/1839 1327/1365/1839 1323/1364/1839
f 1326/1366/1840 1325/1367/1840 1322/1362/1840
f 1322/1362/1841 1325/1367/1841 1327/1365/1841
f 1322/1362/1842 1321/1361/1842 1326/1366/1842
f 1325/1367/1843 1328/1368/1843 1327/1365/1843
f 1327/1365/1843 1328/1368/1843 1329/1369/1843
f 1327/1365/1844 1329/1369/1844 1323/1364/1844
f 1330/1370/1845 1329/1369/1845 1328/1368/1845
f 1323/1364/1844 1329/1369/1844 850/848/1844
f 852/849/1846 850/848/1846 1329/1369/1846
f 852/849/1847 1329/1369/1847 1330/1370/1847
f 1330/1370/1848 994/1027/1848 852/849/1848
f 1330/1370/1849 1328/1368/1849 1331/1371/1849
f 1331/1371/1850 996/1031/1850 1330/1370/1850
f 1330/1370/1851 996/1031/1851 994/1027/1851
f 1334/1372/1852 1332/1373/1852 1331/1371/1852
f 1331/1371/1853 1332/1373/1853 1335/1374/1853
f 1331/1371/1854 1335/1374/1854 1333/1375/1854
f 1333/1375/1855 998/1034/1855 1331/1371/1855
f 1331/1371/1850 998/1034/1850 996/1031/1850
f 1331/1371/1856 1328/1368/1856 1334/1372/1856
f 1337/1376/1857 1336/1377/1857 1335/1374/1857
f 1333/1375/1858 1335/1374/1858 1336/1377/1858
f 1337/1376/1859 1335/1374/1859 1338/1378/1859
f 1338/1378/1859 1335/1374/1859 1332/1373/1859
f 1338/1378/1860 1332/1373/1860 1339/1379/1860
f 1338/1378/1861 1339/1379/1861 1340/1380/1861
f 1340/1380/1862 1341/1381/1862 1338/1378/1862
f 1338/1378/1863 1341/1381/1863 1337/1376/1863
f 1342/1382/1864 1343/1383/1864 1341/1381/1864
f 1342/1382/1865 1341/1381/1865 1345/1384/1865
f 1343/1383/1866 1337/1376/1866 1341/1381/1866
f 1340/1380/1867 1344/1385/1867 1341/1381/1867
f 1345/1384/1868 1341/1381/1868 1344/1385/1868
f 1345/1384/1869 1344/1385/1869 1346/1386/1869
f 1346/1386/1870 1347/1387/1870 1345/1384/1870
f 1345/1384/1871 1347/1387/1871 1348/1388/1871
f 1345/1384/1872 1348/1388/1872 1342/1382/1872
f 1342/1382/1873 1348/1388/1873 1349/1389/1873
f 1350/1390/1874 1349/1389/1874 1348/1388/1874
f 1351/1391/1875 1348/1388/1875 1347/1387/1875
f 1350/1390/1876 1348/1388/1876 1351/1391/1876
f 1354/1392/1877 1352/1393/1877 1351/1391/1877
f 1351/1391/1877 1352/1393/1877 1353/1394/1877
f 1351/1391/1878 1353/1394/1878 1350/1390/1878
f 1351/1391/1879 1347/1387/1879 1354/1392/1879
f 1354/1392/1880 1357/1395/1880 1352/1393/1880
f 1354/1392/1881 1356/1396/1881 1355/1397/1881
f 1355/1397/1882 1357/1395/1882 1354/1392/1882
f 1354/1392/1879 1347/1387/1879 1356/1396/1879
f 1358/892/1883 1359/894/1883 1357/996/1883
f 1355/999/1884 1358/892/1884 1357/996/1884
f 1357/996/1885 1359/894/1885 1360/993/1885
f 1357/1395/1886 1360/1398/1886 1352/1393/1886
f 1360/993/1887 1362/896/1887 1361/990/1887
f 1360/1398/1888 1361/1399/1888 1363/1400/1888
f 1359/894/1889 1362/896/1889 1360/993/1889
f 1352/1393/1886 1360/1398/1886 1363/1400/1886
f 1363/1400/1890 1361/1399/1890 1365/1401/1890
f 1363/1400/1891 1365/1401/1891 1364/1402/1891
f 1353/1394/1892 1363/1400/1892 1364/1402/1892
f 1352/1393/1893 1363/1400/1893 1353/1394/1893
f 1361/1399/1894 1367/1403/1894 1365/1401/1894
f 1365/1401/1895 1368/1404/1895 1366/1405/1895
f 1364/1402/1896 1365/1401/1896 1366/1405/1896
f 1365/1401/1897 1367/1403/1897 1368/1404/1897
f 1367/1403/1898 1371/1406/1898 1368/1404/1898
f 1368/1404/1899 1370/1407/1899 1366/1405/1899
f 1371/1406/1900 1369/1408/1900 1368/1404/1900
f 1368/1404/1901 1369/1408/1901 1370/1407/1901
f 1373/900/1902 1372/902/1902 1371/984/1902
f 1372/902/1903 1374/981/1903 1371/984/1903
f 1367/987/1904 1373/900/1904 1371/984/1904
f 1371/1406/1905 1374/1409/1905 1369/1408/1905
f 1372/902/1906 1377/904/1906 1374/981/1906
f 1375/1410/1907 1369/1408/1907 1374/1409/1907
f 1376/1411/1908 1375/1410/1908 1374/1409/1908
f 1376/978/1909 1374/981/1909 1377/904/1909
f 1380/907/1910 1377/904/1910 1378/908/1910
f 1379/905/1911 1378/908/1911 1377/904/1911
f 1379/905/1912 1377/904/1912 1372/902/1912
f 1380/907/1913 1376/978/1913 1377/904/1913
f 1382/909/1914 1381/973/1914 1380/907/1914
f 1381/973/1915 1376/978/1915 1380/907/1915
f 1382/909/1916 1380/907/1916 1383/910/1916
f 1383/910/1917 1380/907/1917 1378/908/1917
f 1385/912/1918 1382/909/1918 1383/910/1918
f 1383/910/1919 1378/908/1919 1384/729/1919
f 1386/723/1920 1383/910/1920 1384/729/1920
f 1385/912/1921 1383/910/1921 1386/723/1921
f 1386/723/1922 1389/722/1922 1385/912/1922
f 1386/723/1923 1384/729/1923 1387/721/1923
f 1387/721/1924 1388/717/1924 1386/723/1924
f 1386/723/1925 1388/717/1925 1389/722/1925
f 1388/717/1926 1390/716/1926 1389/722/1926
f 1389/722/1927 1390/716/1927 1391/719/1927
f 1389/722/1928 1391/719/1928 1392/914/1928
f 1385/912/1929 1389/722/1929 1392/914/1929
f 1392/914/1928 1391/719/1928 1393/916/1928
f 1392/914/1930 1393/916/1930 1394/913/1930
f 1395/911/1931 1392/914/1931 1394/913/1931
f 1385/912/1932 1392/914/1932 1395/911/1932
f 1395/911/1933 1382/909/1933 1385/912/1933
f 1395/911/1934 1394/913/1934 1397/969/1934
f 1397/969/1935 1396/971/1935 1395/911/1935
f 1395/911/1936 1396/971/1936 1382/909/1936
f 1397/969/1937 1394/913/1937 1399/967/1937
f 1400/970/1938 1398/972/1938 1397/969/1938
f 1397/969/1939 1398/972/1939 1396/971/1939
f 1397/969/1940 1399/967/1940 1400/970/1940
f 1400/1412/1941 1403/1413/1941 1398/1414/1941
f 1400/970/1942 1399/967/1942 1401/968/1942
f 1400/1412/1943 1401/1415/1943 1402/1416/1943
f 1402/1416/1944 1403/1413/1944 1400/1412/1944
f 1404/1417/1945 1405/1418/1945 1403/1413/1945
f 1402/1416/1946 1404/1417/1946 1403/1413/1946
f 1403/1413/1947 1405/1418/1947 1406/1419/1947
f 1403/1413/1948 1406/1419/1948 1398/1414/1948
f 1398/1414/1949 1406/1419/1949 1407/1420/1949
f 1406/1419/1950 1409/1421/1950 1407/1420/1950
f 1405/1418/1951 1408/1422/1951 1406/1419/1951
f 1406/1419/1952 1408/1422/1952 1409/1421/1952
f 1408/1422/1953 1410/1423/1953 1409/1421/1953
f 1409/1421/1954 1410/1423/1954 1411/1424/1954
f 1409/1421/1955 1411/1424/1955 1412/1425/1955
f 1407/1420/1956 1409/1421/1956 1412/1425/1956
f 1412/1425/1957 1375/1410/1957 1376/1411/1957
f 1381/1426/1958 1412/1425/1958 1376/1411/1958
f 1412/1425/1959 1411/1424/1959 1375/1410/1959
f 1407/1420/1960 1412/1425/1960 1381/1426/1960
f 1410/1423/1961 1414/1427/1961 1411/1424/1961
f 1411/1424/1962 1414/1427/1962 1413/1428/1962
f 1411/1424/1963 1413/1428/1963 1375/1410/1963
f 1415/1429/1964 1416/1430/1964 1414/1427/1964
f 1410/1423/1965 1415/1429/1965 1414/1427/1965
f 1414/1427/1966 1416/1430/1966 1417/1431/1966
f 1414/1427/1967 1417/1431/1967 1413/1428/1967
f 1413/1428/1968 1417/1431/1968 1370/1407/1968
f 1417/1431/1969 1418/1432/1969 1370/1407/1969
f 1417/1431/1970 1419/1433/1970 1418/1432/1970
f 1416/1430/1971 1419/1433/1971 1417/1431/1971
f 1421/1434/1972 1419/1433/1972 1420/1435/1972
f 1416/1430/1973 1420/1435/1973 1419/1433/1973
f 1421/1434/1974 1422/1436/1974 1419/1433/1974
f 1418/1432/1975 1419/1433/1975 1422/1436/1975
f 1424/1437/1976 1422/1436/1976 1423/1438/1976
f 1423/1438/1977 1422/1436/1977 1425/1439/1977
f 1425/1439/1978 1422/1436/1978 1421/1434/1978
f 1424/1437/1979 1418/1432/1979 1422/1436/1979
f 1421/1434/1980 1426/1440/1980 1425/1439/1980
f 1425/1439/1981 1426/1440/1981 1427/1441/1981
f 1425/1439/1982 1427/1441/1982 1428/1442/1982
f 1423/1438/1983 1425/1439/1983 1428/1442/1983
f 1428/1442/1982 1427/1441/1982 1429/1443/1982
f 1428/1442/1984 1429/1443/1984 1430/1444/1984
f 1428/1442/1985 1430/1444/1985 1423/1438/1985
f 1430/1444/1984 1429/1443/1984 1431/1445/1984
f 1430/1444/1986 1431/1445/1986 1432/1446/1986
f 1432/1446/1987 1423/1438/1987 1430/1444/1987
f 1432/1446/1986 1431/1445/1986 1433/1447/1986
f 1432/1446/1988 1433/1447/1988 1434/1448/1988
f 1432/1446/1989 1434/1448/1989 1435/1449/1989
f 1435/1449/1990 1423/1438/1990 1432/1446/1990
f 1435/1449/1991 1349/1389/1991 1350/1390/1991
f 1350/1390/1992 1436/1450/1992 1435/1449/1992
f 1435/1449/1993 1436/1450/1993 1423/1438/1993
f 1435/1449/1994 1434/1448/1994 1349/1389/1994
f 1353/1394/1995 1364/1402/1995 1436/1450/1995
f 1350/1390/1878 1353/1394/1878 1436/1450/1878
f 1436/1450/1996 1364/1402/1996 1424/1437/1996
f 1436/1450/1997 1424/1437/1997 1423/1438/1997
f 1434/1448/1988 1433/1447/1988 1437/1451/1988
f 1434/1448/1998 1437/1451/1998 1438/1452/1998
f 1434/1448/1999 1438/1452/1999 1349/1389/1999
f 1438/1452/1998 1437/1451/1998 1439/1453/1998
f 1438/1452/2000 1439/1453/2000 1440/1454/2000
f 1440/1454/2001 1349/1389/2001 1438/1452/2001
f 1440/1454/2000 1439/1453/2000 1441/1455/2000
f 1440/1454/2002 1441/1455/2002 1442/1456/2002
f 1440/1454/2003 1442/1456/2003 1342/1382/2003
f 1342/1382/2004 1349/1389/2004 1440/1454/2004
f 1442/1456/2002 1441/1455/2002 1443/1457/2002
f 1442/1456/2005 1443/1457/2005 1343/1383/2005
f 1442/1456/2006 1343/1383/2006 1342/1382/2006
f 1444/1458/2007 1443/1457/2007 1441/1455/2007
f 1343/1383/2005 1443/1457/2005 1336/1377/2005
f 1336/1377/2008 1443/1457/2008 1444/1458/2008
f 1444/1458/2009 1441/1455/2009 1445/1459/2009
f 1333/1375/2010 1336/1377/2010 1444/1458/2010
f 1444/1458/2011 1000/1036/2011 1333/1375/2011
f 1445/1459/2012 1002/1038/2012 1444/1458/2012
f 1444/1458/2013 1002/1038/2013 1000/1036/2013
f 1445/1459/2014 1441/1455/2014 1439/1453/2014
f 1445/1459/2015 1439/1453/2015 1446/1460/2015
f 1446/1460/2016 1004/1040/2016 1445/1459/2016
f 1445/1459/2017 1004/1040/2017 1002/1038/2017
f 1446/1460/2018 1433/1447/2018 1431/1445/2018
f 1446/1460/2019 1431/1445/2019 1447/1461/2019
f 1437/1451/2020 1433/1447/2020 1446/1460/2020
f 1446/1460/2021 1439/1453/2021 1437/1451/2021
f 1447/1461/2022 1006/1042/2022 1446/1460/2022
f 1446/1460/2023 1006/1042/2023 1004/1040/2023
f 1447/1461/2024 1431/1445/2024 1429/1443/2024
f 1447/1461/2025 1429/1443/2025 1448/1462/2025
f 1448/1462/2026 1008/1044/2026 1447/1461/2026
f 1447/1461/2027 1008/1044/2027 1006/1042/2027
f 1448/1462/2028 1010/1046/2028 1008/1044/2028
f 1449/1463/2029 1010/1046/2029 1448/1462/2029
f 1448/1462/2030 1427/1441/2030 1449/1463/2030
f 1448/1462/2031 1429/1443/2031 1427/1441/2031
f 1449/1463/2032 1450/1464/2032 1452/1465/2032
f 1449/1463/2033 1426/1440/2033 1450/1464/2033
f 1449/1463/2034 1452/1465/2034 1451/1466/2034
f 1451/1466/2035 1012/1048/2035 1449/1463/2035
f 1449/1463/2036 1012/1048/2036 1010/1046/2036
f 1449/1463/2037 1427/1441/2037 1426/1440/2037
f 1454/1467/2038 1453/1468/2038 1452/1465/2038
f 1451/1466/2039 1452/1465/2039 1453/1468/2039
f 1454/1467/2040 1452/1465/2040 1420/1435/2040
f 1420/1435/2040 1452/1465/2040 1450/1464/2040
f 1455/1469/2038 1453/1468/2038 1454/1467/2038
f 1416/1430/2041 1455/1469/2041 1454/1467/2041
f 1454/1467/2042 1420/1435/2042 1416/1430/2042
f 1456/1470/2043 1457/1471/2043 1455/1469/2043
f 1416/1430/2044 1456/1470/2044 1455/1469/2044
f 1455/1469/2043 1457/1471/2043 1453/1468/2043
f 1456/1470/2045 1458/1472/2045 1457/1471/2045
f 1459/1473/2046 1457/1471/2046 1458/1472/2046
f 1459/1473/2047 1453/1468/2047 1457/1471/2047
f 1458/1472/2048 1460/1474/2048 1459/1473/2048
f 1460/1474/2049 1016/1052/2049 1459/1473/2049
f 1451/1466/2050 1453/1468/2050 1459/1473/2050
f 1459/1473/2051 1014/1050/2051 1451/1466/2051
f 1459/1473/2052 1016/1052/2052 1014/1050/2052
f 1458/1472/2053 1463/1475/2053 1460/1474/2053
f 1460/1474/2054 1462/1476/2054 1461/1477/2054
f 1461/1477/2055 1018/1054/2055 1460/1474/2055
f 1460/1474/2056 1018/1054/2056 1016/1052/2056
f 1460/1474/2057 1463/1475/2057 1462/1476/2057
f 1464/1478/2058 1462/1476/2058 1463/1475/2058
f 1464/1478/2059 1463/1475/2059 1465/1479/2059
f 1465/1479/2059 1463/1475/2059 1458/1472/2059
f 1465/1479/2045 1458/1472/2045 1456/1470/2045
f 1465/1479/2060 1456/1470/2060 1415/1429/2060
f 1466/1480/2061 1465/1479/2061 1415/1429/2061
f 1464/1478/2062 1465/1479/2062 1466/1480/2062
f 1467/1481/2063 1464/1478/2063 1466/1480/2063
f 1468/1482/2064 1467/1481/2064 1466/1480/2064
f 1466/1480/2065 1415/1429/2065 1410/1423/2065
f 1408/1422/2066 1466/1480/2066 1410/1423/2066
f 1468/1482/2067 1466/1480/2067 1408/1422/2067
f 1469/1483/2068 1467/1481/2068 1468/1482/2068
f 1470/1484/2069 1469/1483/2069 1468/1482/2069
f 1470/1484/2070 1468/1482/2070 1405/1418/2070
f 1405/1418/2071 1468/1482/2071 1408/1422/2071
f 1471/1485/2069 1469/1483/2069 1470/1484/2069
f 1470/1484/2072 1474/1486/2072 1471/1485/2072
f 1472/1487/2073 1470/1484/2073 1404/1417/2073
f 1472/1487/2074 1473/1488/2074 1470/1484/2074
f 1404/1417/2075 1470/1484/2075 1405/1418/2075
f 1470/1484/2076 1473/1488/2076 1474/1486/2076
f 1473/1488/2077 1475/1489/2077 1474/1486/2077
f 1474/1486/2077 1475/1489/2077 1476/1490/2077
f 1474/1486/2078 1476/1490/2078 1471/1485/2078
f 1479/1491/2079 1476/1490/2079 1475/1489/2079
f 1471/1485/2080 1476/1490/2080 1477/1492/2080
f 1478/1493/2081 1477/1492/2081 1476/1490/2081
f 1478/1493/2082 1476/1490/2082 1479/1491/2082
f 1479/1491/2083 1475/1489/2083 1480/1494/2083
f 1479/1491/2084 1022/1058/2084 1478/1493/2084
f 1480/1494/2085 1024/1060/2085 1479/1491/2085
f 1479/1491/2086 1024/1060/2086 1022/1058/2086
f 1480/1494/2087 1484/1495/2087 1481/1496/2087
f 1481/1496/2088 1026/1062/2088 1480/1494/2088
f 1480/1494/2089 1026/1062/2089 1024/1060/2089
f 1483/1497/2090 1482/1498/2090 1480/1494/2090
f 1480/1494/2091 1482/1498/2091 1484/1495/2091
f 1480/1494/2092 1475/1489/2092 1483/1497/2092
f 1486/1499/2093 1485/1500/2093 1484/1501/2093
f 1481/1502/2094 1484/1501/2094 1485/1500/2094
f 1486/1503/2095 1484/1495/2095 1487/1504/2095
f 1487/1504/2095 1484/1495/2095 1482/1498/2095
f 1487/1504/2096 1482/1498/2096 1488/1505/2096
f 1487/1504/2097 1488/1505/2097 1489/1506/2097
f 1489/1506/2098 1490/1507/2098 1487/1504/2098
f 1487/1504/2099 1490/1507/2099 1486/1503/2099
f 1491/1508/2100 1492/1509/2100 1490/1510/2100
f 1489/1506/2101 1491/1511/2101 1490/1507/2101
f 1490/1510/2100 1492/1509/2100 1494/1512/2100
f 1494/1512/2102 1493/1513/2102 1490/1510/2102
f 1490/1510/2103 1493/1513/2103 1495/1514/2103
f 1490/1510/2104 1495/1514/2104 1486/1499/2104
f 1493/1513/2105 1496/1515/2105 1495/1514/2105
f 1495/1514/2105 1496/1515/2105 1485/1500/2105
f 1495/1514/2093 1485/1500/2093 1486/1499/2093
f 1493/1513/2106 1497/1516/2106 1496/1515/2106
f 1499/1517/2107 1496/1515/2107 1497/1516/2107
f 1498/1518/2108 1485/1500/2108 1496/1515/2108
f 1498/1518/2109 1496/1515/2109 1499/1517/2109
f 1497/1516/2110 1502/1519/2110 1499/1517/2110
f 1499/1517/2111 1030/1068/2111 1498/1518/2111
f 1499/1517/2112 1501/1520/2112 1500/1521/2112
f 1500/1521/2113 1032/1074/2113 1499/1517/2113
f 1499/1517/2114 1032/1074/2114 1030/1068/2114
f 1499/1517/2115 1502/1519/2115 1501/1520/2115
f 1503/1522/2116 1501/1520/2116 1502/1519/2116
f 1503/1522/2117 1502/1519/2117 1504/1523/2117
f 1504/1523/2117 1502/1519/2117 1497/1516/2117
f 1504/1523/2106 1497/1516/2106 1493/1513/2106
f 1504/1523/2118 1493/1513/2118 1494/1512/2118
f 1505/1524/2119 1504/1523/2119 1494/1512/2119
f 1503/1522/2120 1504/1523/2120 1505/1524/2120
f 1505/1524/2121 1494/1512/2121 1506/1525/2121
f 1506/1525/2122 1507/1526/2122 1505/1524/2122
f 1505/1524/2123 1507/1526/2123 1508/1527/2123
f 1505/1524/2124 1508/1527/2124 1503/1522/2124
f 1507/1526/2125 1509/1528/2125 1508/1527/2125
f 1508/1527/2126 1509/1528/2126 1510/1529/2126
f 1508/1527/2127 1510/1529/2127 1511/1530/2127
f 1503/1522/2128 1508/1527/2128 1511/1530/2128
f 1512/1531/2129 1513/1532/2129 1511/1530/2129
f 1511/1530/2130 1510/1529/2130 1512/1531/2130
f 1511/1530/2129 1513/1532/2129 1501/1520/2129
f 1511/1530/2116 1501/1520/2116 1503/1522/2116
f 1512/1531/2131 1514/1533/2131 1513/1532/2131
f 1515/1534/2132 1513/1532/2132 1514/1533/2132
f 1500/1521/2133 1501/1520/2133 1513/1532/2133
f 1500/1521/2134 1513/1532/2134 1515/1534/2134
f 1515/1534/2135 1514/1533/2135 1516/1535/2135
f 1515/1534/2136 1034/1077/2136 1500/1521/2136
f 1516/1535/2137 1036/1079/2137 1515/1534/2137
f 1515/1534/2138 1036/1079/2138 1034/1077/2138
f 1516/1535/2139 1514/1533/2139 1518/1536/2139
f 1516/1535/2140 1518/1536/2140 1517/1537/2140
f 1517/1537/2141 1038/1081/2141 1516/1535/2141
f 1516/1535/2142 1038/1081/2142 1036/1079/2142
f 1520/1538/2143 1519/1539/2143 1518/1536/2143
f 1517/1537/2144 1518/1536/2144 1519/1539/2144
f 1520/1538/2145 1518/1536/2145 1521/1540/2145
f 1521/1540/2145 1518/1536/2145 1514/1533/2145
f 1521/1540/2131 1514/1533/2131 1512/1531/2131
f 1510/1529/2146 1521/1540/2146 1512/1531/2146
f 1510/1529/2147 1520/1538/2147 1521/1540/2147
f 1150/1189/2143 1519/1539/2143 1520/1538/2143
f 1150/1189/2148 1520/1538/2148 1149/1190/2148
f 1149/1190/2149 1520/1538/2149 1510/1529/2149
f 1150/1189/2150 1522/1541/2150 1519/1539/2150
f 1519/1539/2151 1522/1541/2151 1517/1537/2151
f 1146/1184/2152 1523/1542/2152 1522/1541/2152
f 1517/1537/2153 1522/1541/2153 1523/1542/2153
f 1146/1184/2150 1522/1541/2150 1150/1189/2150
f 1144/1185/2154 1525/1543/2154 1523/1542/2154
f 1144/1185/2152 1523/1542/2152 1146/1184/2152
f 1517/1537/2155 1523/1542/2155 1524/1544/2155
f 1524/1544/2156 1523/1542/2156 1525/1543/2156
f 1142/1182/1626 1141/1181/1626 1525/1543/1626
f 1526/1545/2157 1525/1543/2157 1141/1181/2157
f 1142/1182/2154 1525/1543/2154 1144/1185/2154
f 1524/1544/2158 1525/1543/2158 1526/1545/2158
f 1526/1545/2159 1042/1085/2159 1524/1544/2159
f 1526/1545/2160 1141/1181/2160 1527/1546/2160
f 1527/1546/2161 1044/1087/2161 1526/1545/2161
f 1526/1545/2162 1044/1087/2162 1042/1085/2162
f 1139/1179/2163 1138/1178/2163 1527/1546/2163
f 1527/1546/2164 1138/1178/2164 1529/1547/2164
f 1527/1546/2165 1529/1547/2165 1528/1548/2165
f 1528/1548/2166 1046/1089/2166 1527/1546/2166
f 1527/1546/2167 1046/1089/2167 1044/1087/2167
f 1527/1546/2168 1141/1181/2168 1139/1179/2168
f 1531/1549/2169 1530/1550/2169 1529/1547/2169
f 1528/1548/2170 1529/1547/2170 1530/1550/2170
f 1531/1549/2171 1529/1547/2171 1135/1175/2171
f 1135/1175/2171 1529/1547/2171 1138/1178/2171
f 1532/1551/2169 1530/1550/2169 1531/1549/2169
f 1532/1551/2172 1531/1549/2172 1133/1174/2172
f 1135/1175/2173 1133/1174/2173 1531/1549/2173
f 1533/1552/2174 1534/1553/2174 1532/1551/2174
f 1533/1552/2175 1532/1551/2175 1078/1119/2175
f 1532/1551/2174 1534/1553/2174 1530/1550/2174
f 1078/1119/2176 1532/1551/2176 1133/1174/2176
f 1533/1552/2177 1535/1554/2177 1534/1553/2177
f 1536/1555/2178 1534/1553/2178 1535/1554/2178
f 1530/1550/2179 1534/1553/2179 1536/1555/2179
f 1536/1555/2180 1535/1554/2180 1537/1556/2180
f 1528/1548/2181 1530/1550/2181 1536/1555/2181
f 1536/1555/2182 1048/1091/2182 1528/1548/2182
f 1537/1556/2183 1050/1093/2183 1536/1555/2183
f 1536/1555/2184 1050/1093/2184 1048/1091/2184
f 1537/1556/2185 1535/1554/2185 1538/1557/2185
f 1537/1556/2186 1538/1557/2186 1061/1103/2186
f 1061/1103/2187 1052/1095/2187 1537/1556/2187
f 1537/1556/2188 1052/1095/2188 1050/1093/2188
f 1077/1121/2189 1539/1558/2189 1538/1557/2189
f 1061/1103/2190 1538/1557/2190 1539/1558/2190
f 1077/1121/2191 1538/1557/2191 1076/1120/2191
f 1076/1120/2191 1538/1557/2191 1535/1554/2191
f 1074/1118/2192 1540/1559/2192 1539/1558/2192
f 1539/1558/2193 1540/1559/2193 1061/1103/2193
f 1074/1118/2189 1539/1558/2189 1077/1121/2189
f 1066/1109/1512 1060/1104/1512 1540/1559/1512
f 1061/1103/2194 1540/1559/2194 1060/1104/2194
f 1066/1109/2192 1540/1559/2192 1074/1118/2192
f 1076/1120/2177 1535/1554/2177 1533/1552/2177
f 1076/1120/2195 1533/1552/2195 1078/1119/2195
f 1528/1548/2196 1048/1091/2196 1046/1089/2196
f 1524/1544/2197 1042/1085/2197 1040/1083/2197
f 1524/1544/2198 1040/1083/2198 1517/1537/2198
f 1517/1537/2199 1040/1083/2199 1038/1081/2199
f 1509/1528/2200 1153/1194/2200 1510/1529/2200
f 1510/1529/2201 1153/1194/2201 1149/1190/2201
f 1541/1560/2202 1155/1195/2202 1509/1528/2202
f 1509/1528/2203 1155/1195/2203 1153/1194/2203
f 1507/1526/2204 1541/1560/2204 1509/1528/2204
f 1542/1561/2205 1543/1562/2205 1541/1560/2205
f 1544/1563/2206 1542/1561/2206 1541/1560/2206
f 1541/1560/2207 1543/1562/2207 1155/1195/2207
f 1544/1563/2208 1541/1560/2208 1507/1526/2208
f 1546/1564/2209 1545/1565/2209 1544/1563/2209
f 1545/1565/2206 1542/1561/2206 1544/1563/2206
f 1506/1525/2210 1544/1563/2210 1507/1526/2210
f 1546/1564/2211 1544/1563/2211 1506/1525/2211
f 1506/1525/2212 1492/1509/2212 1546/1564/2212
f 1546/1564/2213 1492/1509/2213 1548/1566/2213
f 1546/1564/2214 1548/1566/2214 1547/1567/2214
f 1547/1567/2215 1545/1565/2215 1546/1564/2215
f 1550/1568/2216 1549/1569/2216 1548/1566/2216
f 1547/1567/2217 1548/1566/2217 1549/1569/2217
f 1550/1568/2218 1548/1566/2218 1491/1508/2218
f 1491/1508/2219 1548/1566/2219 1492/1509/2219
f 1401/1570/2220 1549/1569/2220 1550/1568/2220
f 1402/1416/2221 1401/1415/2221 1550/1571/2221
f 1551/1572/2222 1550/1571/2222 1491/1511/2222
f 1402/1416/2223 1550/1571/2223 1551/1572/2223
f 1551/1572/2224 1491/1511/2224 1489/1506/2224
f 1489/1506/2225 1472/1487/2225 1551/1572/2225
f 1551/1572/2226 1472/1487/2226 1404/1417/2226
f 1551/1572/2227 1404/1417/2227 1402/1416/2227
f 1401/968/2228 1552/965/2228 1549/966/2228
f 1553/962/2229 1549/966/2229 1552/965/2229
f 1547/964/2230 1549/966/2230 1553/962/2230
f 1553/962/2231 1552/965/2231 1554/917/2231
f 1554/917/2232 1555/919/2232 1553/962/2232
f 1553/962/2232 1555/919/2232 1556/959/2232
f 1553/1573/2233 1556/1574/2233 1547/1567/2233
f 1555/919/2234 1557/921/2234 1556/959/2234
f 1547/1567/2235 1556/1574/2235 1545/1565/2235
f 1556/1574/2236 1558/1575/2236 1545/1565/2236
f 1556/959/2237 1557/921/2237 1558/956/2237
f 1557/921/2238 1559/923/2238 1558/956/2238
f 1558/956/2239 1559/923/2239 1560/953/2239
f 1558/1575/2240 1560/1576/2240 1542/1561/2240
f 1545/1565/2241 1558/1575/2241 1542/1561/2241
f 1562/925/2242 1560/953/2242 1559/923/2242
f 1542/1561/2243 1560/1576/2243 1543/1562/2243
f 1561/1577/2244 1543/1562/2244 1560/1576/2244
f 1561/950/2245 1560/953/2245 1562/925/2245
f 1565/926/2246 1563/928/2246 1562/925/2246
f 1562/925/2247 1563/928/2247 1564/927/2247
f 1562/925/2248 1564/927/2248 1561/950/2248
f 1562/925/2249 1559/923/2249 1565/926/2249
f 1565/926/2250 1559/923/2250 1566/924/2250
f 1565/926/2251 1566/924/2251 1567/705/2251
f 1565/926/2252 1568/699/2252 1563/928/2252
f 1567/705/2253 1568/699/2253 1565/926/2253
f 1569/697/2254 1570/695/2254 1568/699/2254
f 1567/705/2255 1569/697/2255 1568/699/2255
f 1568/699/2256 1570/695/2256 1571/698/2256
f 1568/699/2257 1571/698/2257 1563/928/2257
f 1574/692/2258 1571/698/2258 1570/695/2258
f 1563/928/2259 1571/698/2259 1572/930/2259
f 1573/691/2260 1572/930/2260 1571/698/2260
f 1573/691/2261 1571/698/2261 1574/692/2261
f 1576/693/2262 1575/1578/2262 1574/692/2262
f 1574/692/2262 1575/1578/2262 1577/690/2262
f 1574/692/2263 1570/695/2263 1576/693/2263
f 1574/692/2264 1577/690/2264 1573/691/2264
f 1573/691/2264 1577/690/2264 1172/689/2264
f 1173/1206/2265 1172/689/2265 1577/690/2265
f 1173/1206/2266 1577/690/2266 1578/1579/2266
f 1578/1579/2266 1577/690/2266 1575/1578/2266
f 1178/1214/789 1175/1208/789 1578/1579/789
f 1578/1579/2267 1175/1208/2267 1173/1206/2267
f 1178/1214/789 1578/1579/789 1575/1578/789
f 1579/1244/789 1575/1578/789 1576/693/789
f 1579/1244/789 1576/693/789 1580/1245/789
f 1576/693/789 1581/694/789 1580/1245/789
f 1576/693/2268 1570/695/2268 1581/694/2268
f 1580/1245/789 1581/694/789 1582/696/789
f 1582/696/2269 1581/694/2269 1569/697/2269
f 1569/697/2270 1581/694/2270 1570/695/2270
f 1580/1245/789 1582/696/789 1583/1247/789
f 1582/696/789 1584/701/789 1583/1247/789
f 1584/701/2271 1582/696/2271 1585/700/2271
f 1585/700/2272 1582/696/2272 1569/697/2272
f 1585/700/2273 1586/704/2273 1584/701/2273
f 1585/700/2274 1587/706/2274 1586/704/2274
f 1585/700/2275 1569/697/2275 1567/705/2275
f 1567/705/2274 1587/706/2274 1585/700/2274
f 1588/710/2276 1586/704/2276 1587/706/2276
f 1588/710/2277 1587/706/2277 1589/922/2277
f 1589/922/2278 1587/706/2278 1566/924/2278
f 1567/705/2279 1566/924/2279 1587/706/2279
f 1590/920/2280 1588/710/2280 1589/922/2280
f 1589/922/2281 1566/924/2281 1557/921/2281
f 1555/919/2282 1589/922/2282 1557/921/2282
f 1590/920/2283 1589/922/2283 1555/919/2283
f 1591/918/2284 1590/920/2284 1554/917/2284
f 1554/917/2285 1590/920/2285 1555/919/2285
f 1591/918/2286 1592/712/2286 1590/920/2286
f 1592/712/2287 1588/710/2287 1590/920/2287
f 1593/718/2288 1592/712/2288 1591/918/2288
f 1593/718/2289 1595/709/2289 1592/712/2289
f 1595/709/2290 1594/707/2290 1592/712/2290
f 1592/712/2291 1594/707/2291 1588/710/2291
f 1597/708/2292 1596/703/2292 1595/709/2292
f 1595/709/2292 1596/703/2292 1594/707/2292
f 1598/713/2293 1597/708/2293 1595/709/2293
f 1598/713/2294 1595/709/2294 1593/718/2294
f 1599/711/2295 1597/708/2295 1598/713/2295
f 1598/713/2296 1390/716/2296 1599/711/2296
f 1593/718/2297 1391/719/2297 1598/713/2297
f 1598/713/2298 1391/719/2298 1390/716/2298
f 1600/1580/789 1597/708/789 1599/711/789
f 1599/711/2296 1390/716/2296 1601/714/2296
f 1600/1580/789 1599/711/789 1601/714/789
f 1600/1580/789 1601/714/789 1602/1273/789
f 1602/1273/789 1601/714/789 1603/715/789
f 1603/715/2299 1601/714/2299 1388/717/2299
f 1388/717/2300 1601/714/2300 1390/716/2300
f 1602/1273/789 1603/715/789 1604/720/789
f 1604/720/2301 1603/715/2301 1387/721/2301
f 1387/721/2302 1603/715/2302 1388/717/2302
f 1602/1273/789 1604/720/789 1605/1274/789
f 1605/1274/789 1604/720/789 1606/725/789
f 1607/724/2303 1606/725/2303 1604/720/2303
f 1604/720/2304 1387/721/2304 1607/724/2304
f 1608/728/2305 1606/725/2305 1607/724/2305
f 1608/728/2306 1607/724/2306 1609/730/2306
f 1607/724/2306 1384/729/2306 1609/730/2306
f 1607/724/2307 1387/721/2307 1384/729/2307
f 1610/732/2308 1608/728/2308 1609/730/2308
f 1610/732/2309 1609/730/2309 1379/905/2309
f 1609/730/2310 1378/908/2310 1379/905/2310
f 1609/730/2311 1384/729/2311 1378/908/2311
f 1611/731/2312 1608/728/2312 1610/732/2312
f 1612/906/2313 1611/731/2313 1610/732/2313
f 1613/903/2314 1610/732/2314 1379/905/2314
f 1612/906/2314 1610/732/2314 1613/903/2314
f 1613/903/2315 1379/905/2315 1372/902/2315
f 1614/901/2316 1612/906/2316 1613/903/2316
f 1373/900/2317 1613/903/2317 1372/902/2317
f 1614/901/2318 1613/903/2318 1373/900/2318
f 1615/741/2319 1612/906/2319 1614/901/2319
f 1616/899/2320 1615/741/2320 1614/901/2320
f 1617/898/2321 1614/901/2321 1373/900/2321
f 1616/899/2322 1614/901/2322 1617/898/2322
f 1362/896/2323 1616/899/2323 1617/898/2323
f 1617/898/2324 1373/900/2324 1367/987/2324
f 1361/990/2325 1617/898/2325 1367/987/2325
f 1362/896/2325 1617/898/2325 1361/990/2325
f 1618/897/2326 1619/742/2326 1616/899/2326
f 1618/897/2323 1616/899/2323 1362/896/2323
f 1619/742/2327 1615/741/2327 1616/899/2327
f 1621/739/2328 1620/736/2328 1619/742/2328
f 1619/742/2329 1620/736/2329 1615/741/2329
f 1622/745/2330 1621/739/2330 1619/742/2330
f 1622/745/2331 1619/742/2331 1618/897/2331
f 1623/740/2332 1621/739/2332 1622/745/2332
f 1624/746/2333 1623/740/2333 1622/745/2333
f 1625/895/2334 1622/745/2334 1618/897/2334
f 1624/746/2335 1622/745/2335 1625/895/2335
f 1626/893/2336 1624/746/2336 1625/895/2336
f 1625/895/2337 1618/897/2337 1359/894/2337
f 1358/892/2338 1625/895/2338 1359/894/2338
f 1626/893/2339 1625/895/2339 1358/892/2339
f 1627/752/2340 1624/746/2340 1626/893/2340
f 1628/891/2341 1627/752/2341 1626/893/2341
f 1629/890/2342 1626/893/2342 1358/892/2342
f 1628/891/2343 1626/893/2343 1629/890/2343
f 1629/890/2344 1631/1002/2344 1630/888/2344
f 1629/890/2345 1630/888/2345 1628/891/2345
f 1355/999/2346 1631/1002/2346 1629/890/2346
f 1629/890/2347 1358/892/2347 1355/999/2347
f 1633/1581/2348 1631/1582/2348 1632/1583/2348
f 1632/1583/2348 1631/1582/2348 1356/1396/2348
f 1633/1005/2349 1630/888/2349 1631/1002/2349
f 1355/1397/2350 1356/1396/2350 1631/1582/2350
f 1632/1583/2351 1636/1584/2351 1633/1581/2351
f 1633/1005/2352 1635/1008/2352 1634/886/2352
f 1634/886/2353 1630/888/2353 1633/1005/2353
f 1633/1581/2354 1636/1584/2354 1635/1585/2354
f 1638/1586/2355 1636/1584/2355 1637/1587/2355
f 1637/1587/2356 1636/1584/2356 1639/1588/2356
f 1638/1586/2357 1635/1585/2357 1636/1584/2357
f 1632/1583/2358 1639/1588/2358 1636/1584/2358
f 1637/1587/2359 1639/1588/2359 1640/1589/2359
f 1640/1589/2359 1639/1588/2359 1344/1385/2359
f 1346/1386/2360 1344/1385/2360 1639/1588/2360
f 1346/1386/2361 1639/1588/2361 1632/1583/2361
f 1640/1589/2362 1321/1361/2362 1637/1587/2362
f 1640/1589/2363 1344/1385/2363 1340/1380/2363
f 1340/1380/2364 1326/1366/2364 1640/1589/2364
f 1640/1589/2364 1326/1366/2364 1321/1361/2364
f 1637/1587/2365 1320/1360/2365 1638/1586/2365
f 1638/1586/2366 1642/1590/2366 1641/1591/2366
f 1641/1591/2367 1635/1585/2367 1638/1586/2367
f 1638/1586/2368 1320/1360/2368 1642/1590/2368
f 1298/1018/2369 1297/1014/2369 1642/1016/2369
f 1641/1591/2370 1642/1590/2370 1297/1592/2370
f 1298/1340/2371 1642/1590/2371 1316/1354/2371
f 1316/1354/2372 1642/1590/2372 1320/1360/2372
f 1641/1011/2373 1297/1014/2373 1643/882/2373
f 1643/882/2374 1644/884/2374 1641/1011/2374
f 1641/1011/2375 1644/884/2375 1635/1008/2375
f 1643/882/2376 1645/885/2376 1644/884/2376
f 1646/887/2377 1644/884/2377 1645/885/2377
f 1634/886/2378 1635/1008/2378 1644/884/2378
f 1634/886/2377 1644/884/2377 1646/887/2377
f 1646/887/2379 1645/885/2379 1647/762/2379
f 1646/887/2380 1649/889/2380 1634/886/2380
f 1647/762/2381 1648/755/2381 1646/887/2381
f 1646/887/2381 1648/755/2381 1649/889/2381
f 1650/753/2382 1649/889/2382 1648/755/2382
f 1634/886/2383 1649/889/2383 1630/888/2383
f 1628/891/2345 1630/888/2345 1649/889/2345
f 1628/891/2384 1649/889/2384 1650/753/2384
f 1650/753/2385 1648/755/2385 1652/751/2385
f 1652/751/2386 1651/747/2386 1650/753/2386
f 1650/753/2387 1651/747/2387 1627/752/2387
f 1650/753/2388 1627/752/2388 1628/891/2388
f 1652/751/2389 1648/755/2389 1653/754/2389
f 1652/751/2390 1653/754/2390 1654/749/2390
f 1652/751/2391 1655/748/2391 1651/747/2391
f 1654/749/2392 1655/748/2392 1652/751/2392
f 1656/1593/789 1657/743/789 1655/748/789
f 1656/1593/789 1655/748/789 1654/749/789
f 1655/748/2393 1657/743/2393 1651/747/2393
f 1659/1594/789 1657/743/789 1656/1593/789
f 1659/1594/789 1658/738/789 1657/743/789
f 1657/743/2394 1658/738/2394 1660/744/2394
f 1651/747/2393 1657/743/2393 1660/744/2393
f 1660/744/2333 1623/740/2333 1624/746/2333
f 1627/752/2395 1660/744/2395 1624/746/2395
f 1651/747/2396 1660/744/2396 1627/752/2396
f 1660/744/2394 1658/738/2394 1623/740/2394
f 1661/1595/789 1658/738/789 1659/1594/789
f 1659/1596/2397 1663/1597/2397 1661/1598/2397
f 1656/1599/2398 1662/1600/2398 1659/1596/2398
f 1662/1600/2398 1663/1597/2398 1659/1596/2398
f 1230/1288/789 1663/1594/789 1231/1291/789
f 1230/1288/789 1664/1595/789 1663/1594/789
f 1231/1291/789 1663/1594/789 1662/1593/789
f 1663/1597/2397 1664/1601/2397 1661/1598/2397
f 1666/1281/789 1664/1595/789 1230/1288/789
f 1666/1281/789 1665/1602/789 1664/1595/789
f 1661/1598/2399 1664/1601/2399 1665/1603/2399
f 1220/1277/789 1665/1602/789 1666/1281/789
f 1666/1604/1699 1222/1280/1699 1220/1278/1699
f 1230/1295/2400 1226/1296/2400 1666/1604/2400
f 1666/1604/2400 1226/1296/2400 1222/1280/2400
f 1220/1277/789 1219/1276/789 1665/1602/789
f 1667/1605/2401 1665/1603/2401 1219/1606/2401
f 1661/1598/2399 1665/1603/2399 1667/1605/2399
f 1671/734/789 1668/735/789 1667/1602/789
f 1667/1602/789 1668/735/789 1669/737/789
f 1667/1602/789 1669/737/789 1661/1595/789
f 1667/1605/2401 1219/1606/2401 1670/1607/2401
f 1670/1276/789 1671/734/789 1667/1602/789
f 1670/1276/789 1672/727/789 1671/734/789
f 1671/734/2402 1672/727/2402 1673/733/2402
f 1668/735/2403 1671/734/2403 1620/736/2403
f 1620/736/2403 1671/734/2403 1673/733/2403
f 1673/733/2402 1672/727/2402 1611/731/2402
f 1673/733/2313 1611/731/2313 1612/906/2313
f 1615/741/2404 1673/733/2404 1612/906/2404
f 1620/736/2405 1673/733/2405 1615/741/2405
f 1674/726/789 1672/727/789 1670/1276/789
f 1672/727/2406 1674/726/2406 1611/731/2406
f 1670/1276/789 1605/1274/789 1674/726/789
f 1605/1274/789 1606/725/789 1674/726/789
f 1674/726/2407 1606/725/2407 1608/728/2407
f 1611/731/2408 1674/726/2408 1608/728/2408
f 1670/1607/2409 1217/1608/2409 1605/1609/2409
f 1670/1607/2409 1219/1606/2409 1217/1608/2409
f 1669/737/2410 1668/735/2410 1621/739/2410
f 1661/1595/789 1669/737/789 1658/738/789
f 1658/738/2411 1669/737/2411 1623/740/2411
f 1623/740/2411 1669/737/2411 1621/739/2411
f 1621/739/2410 1668/735/2410 1620/736/2410
f 1231/1291/789 1662/1593/789 1233/1298/789
f 1676/1610/2412 1662/1600/2412 1656/1599/2412
f 1233/1298/789 1662/1593/789 1675/1611/789
f 1676/1610/2412 1675/1612/2412 1662/1600/2412
f 1676/1611/789 1678/757/789 1677/1613/789
f 1677/1614/2413 1675/1612/2413 1676/1610/2413
f 1676/1611/789 1679/750/789 1678/757/789
f 1656/1593/789 1654/749/789 1676/1611/789
f 1676/1611/789 1654/749/789 1679/750/789
f 1654/749/2414 1653/754/2414 1679/750/2414
f 1678/757/2415 1679/750/2415 1680/756/2415
f 1680/756/2416 1679/750/2416 1653/754/2416
f 1680/756/2417 1682/763/2417 1681/760/2417
f 1680/756/2418 1681/760/2418 1678/757/2418
f 1647/762/2419 1682/763/2419 1680/756/2419
f 1680/756/2420 1653/754/2420 1647/762/2420
f 1684/766/2421 1681/760/2421 1682/763/2421
f 1683/883/2422 1682/763/2422 1645/885/2422
f 1647/762/2423 1645/885/2423 1682/763/2423
f 1684/766/2422 1682/763/2422 1683/883/2422
f 1684/766/2424 1294/881/2424 1685/769/2424
f 1684/766/2425 1685/769/2425 1686/761/2425
f 1683/883/2424 1294/881/2424 1684/766/2424
f 1686/761/2421 1681/760/2421 1684/766/2421
f 1686/761/2425 1685/769/2425 1280/765/2425
f 1686/761/2426 1280/765/2426 1687/759/2426
f 1687/759/2427 1688/758/2427 1686/761/2427
f 1686/761/2427 1688/758/2427 1681/760/2427
f 1677/1613/789 1678/757/789 1688/758/789
f 1677/1613/789 1688/758/789 1687/759/789
f 1678/757/2428 1681/760/2428 1688/758/2428
f 1677/1613/789 1687/759/789 1277/1336/789
f 1277/1336/789 1687/759/789 1278/764/789
f 1687/759/2429 1280/765/2429 1278/764/2429
f 1281/770/1748 1280/765/1748 1685/769/1748
f 1281/770/2430 1685/769/2430 1292/879/2430
f 1292/879/2431 1685/769/2431 1294/881/2431
f 1643/882/2432 1295/880/2432 1683/883/2432
f 1683/883/2433 1645/885/2433 1643/882/2433
f 1683/883/2434 1295/880/2434 1294/881/2434
f 1277/1615/2435 1689/1616/2435 1677/1614/2435
f 1677/1614/2413 1689/1616/2413 1675/1612/2413
f 1692/1301/789 1689/1613/789 1690/1306/789
f 1690/1306/789 1689/1613/789 1691/1336/789
f 1277/1615/2435 1691/1617/2435 1689/1616/2435
f 1692/1301/789 1675/1611/789 1689/1613/789
f 1233/1298/789 1675/1611/789 1692/1301/789
f 1692/1618/1706 1234/1300/1706 1233/1299/1706
f 1690/1619/2436 1237/1620/2436 1692/1618/2436
f 1692/1618/2436 1237/1620/2436 1234/1300/2436
f 1690/1306/789 1691/1336/789 1693/1309/789
f 1275/1621/2437 1694/1622/2437 1691/1617/2437
f 1275/1621/2437 1691/1617/2437 1277/1615/2437
f 1693/1309/789 1691/1336/789 1694/1335/789
f 1254/1334/2438 1694/1623/2438 1275/1624/2438
f 1693/1309/789 1694/1335/789 1249/1314/789
f 1249/1314/789 1694/1335/789 1250/1327/789
f 1254/1334/2438 1250/1333/2438 1694/1623/2438
f 1693/1625/2439 1239/1626/2439 1690/1619/2439
f 1249/1328/2440 1241/1627/2440 1693/1628/2440
f 1693/1628/2440 1241/1627/2440 1239/1629/2440
f 1690/1619/2439 1239/1626/2439 1237/1620/2439
f 1647/762/2441 1653/754/2441 1648/755/2441
f 1643/882/2442 1297/1014/2442 1295/880/2442
f 1637/1587/2443 1321/1361/2443 1320/1360/2443
f 1632/1583/2444 1356/1396/2444 1346/1386/2444
f 1359/894/2445 1618/897/2445 1362/896/2445
f 1605/1609/2446 1216/1630/2446 1602/1631/2446
f 1605/1609/2446 1217/1608/2446 1216/1630/2446
f 1602/1632/2447 1695/1633/2447 1600/1634/2447
f 1602/1632/2447 1216/1635/2447 1695/1633/2447
f 1210/1252/789 1696/1636/789 1695/1580/789
f 1600/1634/2448 1695/1633/2448 1696/1637/2448
f 1210/1252/789 1695/1580/789 1211/1258/789
f 1211/1258/789 1695/1580/789 1216/1273/789
f 1202/1248/799 1696/1636/799 1210/1252/799
f 1600/1634/2448 1696/1637/2448 1697/1638/2448
f 1697/1638/2449 1696/1637/2449 1201/1639/2449
f 1202/1248/789 1201/1247/789 1696/1636/789
f 1583/1247/789 1698/702/789 1697/1636/789
f 1698/702/789 1596/703/789 1697/1636/789
f 1697/1636/789 1596/703/789 1597/708/789
f 1697/1636/789 1597/708/789 1600/1580/789
f 1697/1638/2449 1201/1639/2449 1583/1640/2449
f 1583/1247/789 1584/701/789 1698/702/789
f 1584/701/2273 1586/704/2273 1698/702/2273
f 1596/703/2450 1698/702/2450 1594/707/2450
f 1594/707/2451 1698/702/2451 1586/704/2451
f 1594/707/2452 1586/704/2452 1588/710/2452
f 1591/918/2453 1393/916/2453 1593/718/2453
f 1593/718/2454 1393/916/2454 1391/719/2454
f 1554/917/2455 1699/915/2455 1591/918/2455
f 1591/918/2456 1699/915/2456 1393/916/2456
f 1394/913/2457 1393/916/2457 1699/915/2457
f 1394/913/2458 1699/915/2458 1399/967/2458
f 1399/967/2459 1699/915/2459 1552/965/2459
f 1554/917/2460 1552/965/2460 1699/915/2460
f 1583/1640/2461 1199/1641/2461 1580/1642/2461
f 1583/1640/2461 1201/1639/2461 1199/1641/2461
f 1580/1642/2462 1198/1643/2462 1579/1644/2462
f 1580/1642/2462 1199/1641/2462 1198/1643/2462
f 1178/1214/789 1575/1578/789 1579/1244/789
f 1579/1644/2463 1700/1645/2463 1178/1215/2463
f 1579/1644/2463 1198/1643/2463 1700/1645/2463
f 1184/1223/789 1700/1214/789 1196/1232/789
f 1196/1232/789 1700/1214/789 1198/1244/789
f 1178/1215/1679 1700/1645/1679 1179/1216/1679
f 1184/1223/789 1179/1210/789 1700/1214/789
f 1701/932/2464 1572/930/2464 1573/691/2464
f 1573/691/2465 1172/689/2465 1701/932/2465
f 1701/932/2466 1702/929/2466 1572/930/2466
f 1164/931/2467 1702/929/2467 1701/932/2467
f 1701/932/2468 1170/688/2468 1164/931/2468
f 1701/932/2469 1172/689/2469 1170/688/2469
f 1564/927/2470 1572/930/2470 1702/929/2470
f 1564/927/2471 1702/929/2471 1158/947/2471
f 1158/947/2472 1702/929/2472 1159/944/2472
f 1164/931/2473 1159/944/2473 1702/929/2473
f 1563/928/2474 1572/930/2474 1564/927/2474
f 1557/921/2475 1566/924/2475 1559/923/2475
f 1561/950/2476 1564/927/2476 1158/947/2476
f 1156/1196/2477 1543/1562/2477 1561/1577/2477
f 1561/1577/1648 1158/1198/1648 1156/1196/1648
f 1399/967/2478 1552/965/2478 1401/968/2478
f 1156/1196/2479 1155/1195/2479 1543/1562/2479
f 1506/1525/2480 1494/1512/2480 1492/1509/2480
f 1500/1521/2481 1034/1077/2481 1032/1074/2481
f 1481/1502/2482 1485/1500/2482 1498/1518/2482
f 1498/1518/2483 1028/1071/2483 1481/1502/2483
f 1498/1518/2484 1030/1068/2484 1028/1071/2484
f 1489/1506/2485 1488/1505/2485 1472/1487/2485
f 1488/1505/2096 1482/1498/2096 1483/1497/2096
f 1488/1505/2486 1483/1497/2486 1473/1488/2486
f 1488/1505/2487 1473/1488/2487 1472/1487/2487
f 1473/1488/2486 1483/1497/2486 1475/1489/2486
f 1481/1496/2488 1028/1065/2488 1026/1062/2488
f 1461/1477/2489 1477/1492/2489 1478/1493/2489
f 1478/1493/2490 1020/1056/2490 1461/1477/2490
f 1478/1493/2491 1022/1058/2491 1020/1056/2491
f 1471/1485/2492 1477/1492/2492 1469/1483/2492
f 1469/1483/2492 1477/1492/2492 1703/1646/2492
f 1461/1477/2493 1703/1646/2493 1477/1492/2493
f 1469/1483/2494 1703/1646/2494 1467/1481/2494
f 1467/1481/2494 1703/1646/2494 1462/1476/2494
f 1462/1476/2495 1703/1646/2495 1461/1477/2495
f 1467/1481/2058 1462/1476/2058 1464/1478/2058
f 1461/1477/2496 1020/1056/2496 1018/1054/2496
f 1415/1429/2497 1456/1470/2497 1416/1430/2497
f 1451/1466/2498 1014/1050/2498 1012/1048/2498
f 1420/1435/2499 1450/1464/2499 1421/1434/2499
f 1421/1434/2500 1450/1464/2500 1426/1440/2500
f 1364/1402/2501 1366/1405/2501 1424/1437/2501
f 1366/1405/2502 1418/1432/2502 1424/1437/2502
f 1366/1405/2503 1370/1407/2503 1418/1432/2503
f 1413/1428/2504 1370/1407/2504 1369/1408/2504
f 1375/1410/2505 1413/1428/2505 1369/1408/2505
f 1398/972/2506 1407/974/2506 1396/971/2506
f 1396/971/2507 1407/974/2507 1381/973/2507
f 1396/971/2508 1381/973/2508 1382/909/2508
f 1346/1386/2509 1356/1396/2509 1347/1387/2509
f 1343/1383/1857 1336/1377/1857 1337/1376/1857
f 1340/1380/2510 1339/1379/2510 1326/1366/2510
f 1339/1379/1860 1332/1373/1860 1334/1372/1860
f 1339/1379/2511 1334/1372/2511 1325/1367/2511
f 1339/1379/2512 1325/1367/2512 1326/1366/2512
f 1325/1367/2511 1334/1372/2511 1328/1368/2511
f 1333/1375/2513 1000/1036/2513 998/1034/2513
f 1323/1364/2514 850/848/2514 1324/1363/2514
f 1324/1363/2514 850/848/2514 851/847/2514
f 1324/1363/2515 851/847/2515 844/1647/2515
f 1324/1363/2516 844/1647/2516 1318/1359/2516
f 1318/1358/2517 844/840/2517 842/839/2517
f 1283/877/1752 1281/770/1752 1292/879/1752
f 1266/781/2518 1272/777/2518 1285/873/2518
f 1267/871/2519 1266/781/2519 1285/873/2519
f 1275/1335/789 1269/773/789 1254/1327/789
f 1254/1327/789 1269/773/789 1270/774/789
f 1255/779/2520 1270/774/2520 1264/780/2520
f 1254/1327/789 1270/774/789 1255/779/789
f 1257/784/2521 1255/779/2521 1264/780/2521
f 468/490/2522 1261/791/2522 464/485/2522
f 467/489/2523 1259/789/2523 468/490/2523
f 502/506/2524 505/508/2524 1259/789/2524
f 502/506/2525 1259/789/2525 467/489/2525
f 507/511/789 1253/785/789 504/510/789
f 504/510/2526 1253/785/2526 505/508/2526
f 1249/1328/1717 1243/1325/1717 1241/1627/1717
f 1247/1320/799 516/511/799 517/522/799
f 517/526/1716 522/530/1716 1247/1326/1716
f 1228/1292/1703 561/1303/1703 534/1290/1703
f 1214/568/801 1213/1272/801 1223/564/801
f 1223/1287/2527 554/1648/2527 1214/1649/2527
f 1223/1287/2527 549/1286/2527 554/1648/2527
f 1214/1649/2409 558/1650/2409 1208/1259/2409
f 1214/1649/2409 554/1648/2409 558/1650/2409
f 1210/1265/1690 1204/1251/1690 1202/1249/1690
f 1208/1259/1693 558/1650/1693 562/1260/1693
f 1193/555/789 1195/1241/789 1205/541/789
f 1205/1255/2528 540/1651/2528 1193/1236/2528
f 1205/1255/2528 535/1254/2528 540/1651/2528
f 1196/1242/2529 1191/1243/2529 1184/1224/2529
f 1193/1236/1686 540/1651/1686 545/1237/1686
f 1184/1224/2529 1191/1243/2529 1185/1225/2529
f 1704/546/789 1187/1218/789 1188/573/789
f 1188/1229/2530 563/1652/2530 1704/1653/2530
f 1188/1229/2530 559/1228/2530 563/1652/2530
f 1705/545/789 1706/1654/789 1704/546/789
f 1704/1653/2531 531/1655/2531 1705/1656/2531
f 1704/1653/2531 563/1652/2531 531/1655/2531
f 1704/546/789 1706/1654/789 1187/1218/789
f 1707/1657/2532 1187/1226/2532 1706/1658/2532
f 1707/1659/2533 1706/1660/2533 609/1661/2533
f 609/1661/2533 1706/1660/2533 1708/1662/2533
f 1705/545/789 1708/630/789 1706/1654/789
f 609/1661/2534 1708/1662/2534 607/1663/2534
f 607/1663/2534 1708/1662/2534 1709/1664/2534
f 1710/544/789 1709/628/789 1708/630/789
f 1710/544/789 1708/630/789 1705/545/789
f 1711/556/789 1709/628/789 1710/544/789
f 1710/1665/2535 541/1666/2535 1711/1667/2535
f 1705/1668/2536 536/1669/2536 1710/1665/2536
f 1710/1665/2537 536/1669/2537 541/1666/2537
f 1712/561/789 1713/627/789 1711/556/789
f 1711/1667/2538 546/1670/2538 1712/1671/2538
f 1711/556/789 1713/627/789 1709/628/789
f 1711/1667/2539 541/1666/2539 546/1670/2539
f 606/1672/2540 1709/1664/2540 1713/1673/2540
f 606/1672/2541 1713/1673/2541 595/1674/2541
f 595/1674/2541 1713/1673/2541 1714/1675/2541
f 1712/561/789 1714/616/789 1713/627/789
f 595/1674/2542 1714/1675/2542 593/1676/2542
f 1715/566/789 1716/614/789 1714/616/789
f 1715/566/789 1714/616/789 1712/561/789
f 593/1676/2542 1714/1675/2542 1716/1677/2542
f 593/1676/2543 1716/1677/2543 590/1678/2543
f 590/1678/2543 1716/1677/2543 568/587/2543
f 567/570/789 568/581/789 1716/614/789
f 567/570/789 1716/614/789 1715/566/789
f 1715/1679/2544 556/1680/2544 567/582/2544
f 1712/1671/2545 551/1681/2545 1715/1679/2545
f 1715/1679/2544 551/1681/2544 556/1680/2544
f 1712/1671/2545 546/1670/2545 551/1681/2545
f 607/1663/2540 1709/1664/2540 606/1672/2540
f 609/630/789 610/631/789 1707/1654/789
f 1707/1654/789 610/631/789 1181/633/789
f 1707/1654/789 1181/633/789 1182/1218/789
f 1182/1222/2532 1187/1226/2532 1707/1657/2532
f 1705/1668/2536 531/1682/2536 536/1669/2536
f 612/634/818 1181/1683/818 610/632/818
f 1110/1213/1680 1181/1217/1680 612/1684/1680
f 1164/931/2546 1170/688/2546 1165/933/2546
f 1162/1203/2547 1167/1205/2547 1717/1685/2547
f 1717/1685/2548 1167/1205/2548 1130/1171/2548
f 1126/1166/2549 1130/1171/2549 1167/1205/2549
f 1126/1166/2550 1167/1205/2550 1127/1164/2550
f 1132/1172/2551 1147/1186/2551 1717/1685/2551
f 1717/1685/2552 1130/1171/2552 1132/1172/2552
f 1717/1685/2553 1147/1186/2553 1161/1202/2553
f 1717/1685/2554 1161/1202/2554 1162/1203/2554
f 1152/1193/2555 1161/1202/2555 1145/1187/2555
f 1145/1187/2556 1161/1202/2556 1147/1186/2556
f 1132/1172/2557 1136/1177/2557 1147/1186/2557
f 1078/1119/2558 1133/1174/2558 1080/1123/2558
f 1124/1168/1539 1086/1129/1539 1084/1128/1539
f 1124/680/2559 1123/1163/2559 1086/678/2559
f 1120/1162/2560 1103/1152/2560 1123/1163/2560
f 1123/1163/2561 1103/1152/2561 1101/1151/2561
f 1123/1163/2562 1101/1151/2562 1086/678/2562
f 1114/1158/2563 1105/1153/2563 1120/1162/2563
f 1120/1162/2564 1105/1153/2564 1103/1152/2564
f 1114/1158/2565 1108/63/2565 1105/1153/2565
f 1107/64/822 613/66/822 618/58/822
f 612/633/789 613/66/789 1107/64/789
f 1086/678/2566 1101/1151/2566 1087/1137/2566
f 621/56/2567 622/54/2567 1092/1140/2567
f 1092/1140/2568 622/54/2568 627/53/2568
f 1083/1126/2569 1089/1132/2569 1068/1112/2569
f 1068/1112/2570 1089/1132/2570 1069/1113/2570
f 1073/1117/2571 1083/1126/2571 1068/1112/2571
f 1718/1686/2572 1070/1115/2572 1071/1114/2572
f 656/656/2573 1718/1686/2573 1071/1114/2573
f 653/657/2574 660/664/2574 1718/1686/2574
f 653/657/2575 1718/1686/2575 656/656/2575
f 1718/1686/2574 660/664/2574 1719/1687/2574
f 1718/1686/2576 1719/1687/2576 1070/1115/2576
f 1719/1687/2577 660/664/2577 661/665/2577
f 1070/1115/2576 1719/1687/2576 1063/1107/2576
f 661/665/2578 1063/1107/2578 1719/1687/2578
f 1070/1115/1509 1063/1107/1509 1064/1106/1509
f 1058/1101/2579 1063/1107/2579 661/665/2579
f 1061/1103/2580 1054/1097/2580 1052/1095/2580
f 661/665/2581 666/669/2581 1058/1101/2581
f 852/849/2582 994/1027/2582 853/852/2582
f 675/683/2583 678/685/2583 930/934/2583
f 858/858/2584 861/863/2584 1720/1688/2584
f 1720/1688/2585 861/863/2585 802/798/2585
f 861/863/2586 795/868/2586 802/798/2586
f 1721/1689/2587 858/858/2587 1720/1688/2587
f 1721/1689/2588 1720/1688/2588 1722/1690/2588
f 1722/1690/2589 1720/1688/2589 801/797/2589
f 1720/1688/2590 802/798/2590 801/797/2590
f 1724/1691/2591 1722/1690/2591 1723/1692/2591
f 1723/1692/2592 1722/1690/2592 804/800/2592
f 1724/1691/2593 1721/1689/2593 1722/1690/2593
f 1722/1690/2594 801/797/2594 804/800/2594
f 1723/1692/2595 1727/1693/2595 1724/1691/2595
f 1724/1691/2596 1727/1693/2596 1725/1694/2596
f 1724/1691/2597 1725/1694/2597 1726/1695/2597
f 1726/1695/2598 1721/1689/2598 1724/1691/2598
f 841/838/2599 1725/1694/2599 1727/1693/2599
f 841/838/2600 1727/1693/2600 1728/1696/2600
f 1728/1696/2600 1727/1693/2600 1729/1697/2600
f 1723/1692/2601 1729/1697/2601 1727/1693/2601
f 1728/1696/2602 1729/1697/2602 827/823/2602
f 827/823/2602 1729/1697/2602 1730/1698/2602
f 1730/1698/2603 1729/1697/2603 1723/1692/2603
f 827/823/2604 1730/1698/2604 823/820/2604
f 823/820/2604 1730/1698/2604 1731/1699/2604
f 1723/1692/2605 1731/1699/2605 1730/1698/2605
f 823/820/2606 1731/1699/2606 824/821/2606
f 824/821/2606 1731/1699/2606 812/808/2606
f 811/809/2607 812/808/2607 1731/1699/2607
f 811/809/2608 1731/1699/2608 1723/1692/2608
f 1728/1696/2609 834/831/2609 841/838/2609
f 1728/1696/2610 827/823/2610 828/824/2610
f 828/824/2611 834/831/2611 1728/1696/2611
f 1726/1695/2612 1725/1694/2612 847/844/2612
f 1726/1695/2613 847/844/2613 848/845/2613
f 848/845/2614 855/855/2614 1726/1695/2614
f 1726/1695/2615 855/855/2615 1721/1689/2615
f 840/837/2616 847/844/2616 1725/1694/2616
f 840/837/2599 1725/1694/2599 841/838/2599
f 1723/1692/2617 804/800/2617 811/809/2617
f 855/855/2618 858/858/2618 1721/1689/2618
f 844/1647/2515 851/847/2515 845/850/2515
f 839/836/2616 847/844/2616 840/837/2616
f 824/821/1053 812/808/1053 814/810/1053
f 820/817/2619 439/460/2619 441/459/2619
f 811/809/2620 804/800/2620 805/801/2620
f 808/805/2621 809/806/2621 432/453/2621
f 432/453/2622 809/806/2622 427/447/2622
f 809/806/2623 424/444/2623 427/447/2623
f 809/806/2624 423/443/2624 424/444/2624
f 432/453/2625 434/455/2625 808/805/2625
f 802/798/2626 795/868/2626 796/796/2626
f 799/795/2627 419/439/2627 421/438/2627
f 793/791/1020 783/788/1020 786/789/1020
f 790/489/2628 412/429/2628 415/432/2628
f 61/65/71 785/509/71 780/510/71
f 776/783/2629 777/784/2629 782/787/2629
f 61/65/71 773/779/71 768/774/71
f 764/770/2630 765/771/2630 770/776/2630
f 761/767/71 758/764/71 61/65/71
f 61/65/71 758/764/71 753/759/71
f 749/755/2631 750/756/2631 755/762/2631
f 740/746/2632 741/747/2632 746/752/2632
f 61/65/71 737/743/71 732/738/71
f 717/723/2633 718/724/2633 723/729/2633
f 61/65/71 714/720/71 709/715/71
f 705/712/2634 706/713/2634 711/718/2634
f 61/65/71 702/708/71 697/703/71
f 693/699/2635 694/700/2635 699/705/2635
f 690/696/71 687/694/71 61/65/71
f 61/65/71 687/694/71 688/693/71
f 61/65/71 688/693/71 1732/1578/71
f 685/690/908 1732/1578/908 688/693/908
f 1732/1578/71 1733/1579/71 61/65/71
f 1734/1206/2636 1733/1579/2636 1732/1578/2636
f 1734/1206/2636 1732/1578/2636 685/690/2636
f 1735/1160/2637 1736/1207/2637 1734/1206/2637
f 1735/1160/2638 1734/1206/2638 682/687/2638
f 1736/1207/2639 1733/1579/2639 1734/1206/2639
f 682/687/2640 1734/1206/2640 685/690/2640
f 1737/1159/2641 1738/1157/2641 1736/1207/2641
f 1737/1159/2642 1736/1207/2642 1735/1160/2642
f 1738/1157/2643 1739/1208/2643 1736/1207/2643
f 1736/1207/2639 1739/1208/2639 1733/1579/2639
f 61/65/71 1733/1579/71 1739/1208/71
f 61/65/71 1739/1208/71 1740/1209/71
f 1738/1157/2643 1740/1209/2643 1739/1208/2643
f 1740/1209/71 1741/1155/71 61/65/71
f 1742/1156/2644 1741/1155/2644 1740/1209/2644
f 1742/1156/2645 1740/1209/2645 1738/1157/2645
f 1743/1153/2646 59/63/2646 1742/1156/2646
f 1743/1153/2647 1742/1156/2647 1744/1158/2647
f 59/63/2648 1741/1155/2648 1742/1156/2648
f 1744/1158/2649 1742/1156/2649 1738/1157/2649
f 1745/1152/2650 1743/1153/2650 1744/1158/2650
f 1745/1152/2651 1744/1158/2651 1746/1162/2651
f 1746/1162/2652 1744/1158/2652 1737/1159/2652
f 1744/1158/2653 1738/1157/2653 1737/1159/2653
f 1747/1151/2654 1745/1152/2654 1746/1162/2654
f 1747/1151/2655 1746/1162/2655 1748/1163/2655
f 1748/1163/2656 1746/1162/2656 1749/1161/2656
f 1746/1162/2652 1737/1159/2652 1749/1161/2652
f 1748/1163/2657 1749/1161/2657 676/679/2657
f 676/679/2658 1749/1161/2658 679/684/2658
f 1749/1161/2659 1735/1160/2659 679/684/2659
f 1749/1161/2660 1737/1159/2660 1735/1160/2660
f 1750/1137/2661 1747/1151/2661 1748/1163/2661
f 1750/1137/2662 1748/1163/2662 673/678/2662
f 673/678/2663 1748/1163/2663 676/679/2663
f 1751/1134/2664 1750/1137/2664 670/1135/2664
f 670/674/888 1750/1700/888 673/675/888
f 1752/1136/2665 1747/1151/2665 1750/1137/2665
f 1751/1134/2666 1752/1136/2666 1750/1137/2666
f 1753/1142/2667 1754/1138/2667 1752/1136/2667
f 1753/1142/2668 1752/1136/2668 1751/1134/2668
f 1754/1138/2669 1755/1139/2669 1752/1136/2669
f 1752/1136/2670 1755/1139/2670 1747/1151/2670
f 1754/1138/2671 1756/1140/2671 1755/1139/2671
f 1756/1140/2672 1757/1150/2672 1755/1139/2672
f 1755/1139/2673 1745/1152/2673 1747/1151/2673
f 1755/1139/2674 1757/1150/2674 1745/1152/2674
f 1756/1140/2675 52/56/2675 1757/1150/2675
f 52/56/65 55/59/65 1757/1150/65
f 1757/1150/2676 1743/1153/2676 1745/1152/2676
f 1757/1150/2677 55/59/2677 1743/1153/2677
f 1758/1141/2678 49/53/2678 1756/1140/2678
f 1758/1141/2679 1756/1140/2679 1754/1138/2679
f 49/53/2680 52/56/2680 1756/1140/2680
f 1759/635/2681 46/50/2681 1758/1141/2681
f 1759/635/2682 1758/1141/2682 1760/1143/2682
f 46/50/2683 49/53/2683 1758/1141/2683
f 1760/1143/2684 1758/1141/2684 1754/1138/2684
f 1761/1701/2685 1759/1702/2685 1760/1703/2685
f 1761/1701/2686 1760/1703/2686 1762/1704/2686
f 1762/1705/2687 1760/1706/2687 1753/1707/2687
f 1760/1143/2688 1754/1138/2688 1753/1142/2688
f 1763/1708/2689 1761/1701/2689 1762/1704/2689
f 1763/1708/2690 1762/1704/2690 1764/1709/2690
f 1764/1710/2691 1762/1705/2691 1765/1711/2691
f 1762/1705/2692 1753/1707/2692 1765/1711/2692
f 1764/1710/2693 1765/1711/2693 664/668/2693
f 664/668/2694 1765/1711/2694 667/670/2694
f 1765/1711/2695 1751/1712/2695 667/670/2695
f 1765/1711/2696 1753/1707/2696 1751/1712/2696
f 1766/1713/2697 1763/1708/2697 1764/1709/2697
f 1766/1713/2698 1764/1709/2698 663/1714/2698
f 663/667/2699 1764/1710/2699 664/668/2699
f 1767/1715/2700 1766/1713/2700 663/1714/2700
f 1767/1715/2701 1770/1716/2701 1766/1713/2701
f 1766/1713/2702 1769/1717/2702 1768/1718/2702
f 1768/1718/2703 1763/1708/2703 1766/1713/2703
f 1766/1713/2704 1770/1716/2704 1769/1717/2704
f 1771/1719/2705 1769/1717/2705 1770/1716/2705
f 1771/1719/2706 1770/1716/2706 1772/1720/2706
f 1772/1720/2706 1770/1716/2706 1767/1715/2706
f 1772/1720/2707 1767/1715/2707 654/1721/2707
f 1772/1720/2708 654/1721/2708 651/655/2708
f 1773/1722/2709 1772/1720/2709 651/655/2709
f 1771/1719/2710 1772/1720/2710 1773/1722/2710
f 1773/1722/2711 651/655/2711 645/645/2711
f 646/644/2712 1773/1722/2712 645/645/2712
f 1774/1723/2713 1775/1724/2713 1773/1722/2713
f 1774/1723/2714 1773/1722/2714 646/644/2714
f 1775/1724/2715 1771/1719/2715 1773/1722/2715
f 1776/1725/2716 1777/1726/2716 1775/1724/2716
f 1776/1725/2717 1775/1724/2717 1774/1723/2717
f 1775/1724/2718 1777/1726/2718 1769/1717/2718
f 1775/1724/2705 1769/1717/2705 1771/1719/2705
f 1776/1725/2719 1778/1727/2719 1777/1726/2719
f 1768/1718/2720 1777/1726/2720 1778/1727/2720
f 1769/1717/2721 1777/1726/2721 1768/1718/2721
f 1779/1728/2722 1781/1729/2722 1778/1727/2722
f 1779/1728/2719 1778/1727/2719 1776/1725/2719
f 1768/1718/2723 1778/1727/2723 1780/1730/2723
f 1780/1730/2724 1778/1727/2724 1781/1729/2724
f 1783/1731/2725 1782/1732/2725 1781/1729/2725
f 1784/1733/2726 1781/1729/2726 1782/1732/2726
f 1783/1731/2722 1781/1729/2722 1779/1728/2722
f 1780/1730/2727 1781/1729/2727 1784/1733/2727
f 1784/1733/2728 1782/1732/2728 32/33/2728
f 1784/1733/2729 1785/1734/2729 1780/1730/2729
f 32/33/2730 37/37/2730 1784/1733/2730
f 1784/1733/2731 37/37/2731 1785/1734/2731
f 37/37/2732 40/41/2732 1785/1734/2732
f 1780/1730/2733 1785/1734/2733 1786/1735/2733
f 1785/1734/2734 1787/1736/2734 1786/1735/2734
f 1785/1734/2735 40/41/2735 1787/1736/2735
f 40/41/2736 43/44/2736 1787/1736/2736
f 1786/1735/2737 1787/1736/2737 1761/1701/2737
f 1787/1736/2738 1759/1702/2738 1761/1701/2738
f 1787/1736/2739 43/44/2739 1759/1702/2739
f 1768/1718/2740 1786/1735/2740 1763/1708/2740
f 1786/1735/2741 1761/1701/2741 1763/1708/2741
f 1780/1730/2742 1786/1735/2742 1768/1718/2742
f 1788/1737/2725 1782/1732/2725 1783/1731/2725
f 1789/1738/2743 1788/1737/2743 1783/1731/2743
f 1789/1738/2744 1783/1731/2744 1779/1728/2744
f 1776/1725/2745 1789/1738/2745 1779/1728/2745
f 1789/1738/2746 1792/1739/2746 1790/1740/2746
f 1790/1740/2747 1788/1737/2747 1789/1738/2747
f 1774/1723/2748 1789/1738/2748 1776/1725/2748
f 1791/1741/2749 1792/1739/2749 1789/1738/2749
f 1774/1723/2750 1791/1741/2750 1789/1738/2750
f 1794/1742/2751 1790/1740/2751 1792/1739/2751
f 1791/1741/2752 1793/1743/2752 1792/1739/2752
f 1795/1744/2753 1792/1739/2753 1793/1743/2753
f 1794/1742/2754 1792/1739/2754 1795/1744/2754
f 1798/1745/2755 1796/1746/2755 1795/1744/2755
f 1795/1744/2756 1796/1746/2756 1797/1747/2756
f 1795/1744/2757 1797/1747/2757 1794/1742/2757
f 1795/1744/2758 1793/1743/2758 1798/1745/2758
f 1800/1748/2759 1799/1749/2759 1798/1745/2759
f 1798/1745/2760 1799/1749/2760 1796/1746/2760
f 1798/1745/2761 1793/1743/2761 642/641/2761
f 1798/1745/2762 642/641/2762 1800/1748/2762
f 1800/1748/2763 642/641/2763 640/639/2763
f 1800/88/2764 640/84/2764 1802/91/2764
f 1800/88/2765 1801/96/2765 1799/90/2765
f 1802/91/2766 1801/96/2766 1800/88/2766
f 1802/91/2767 640/84/2767 639/81/2767
f 1802/91/2768 639/81/2768 1803/99/2768
f 1803/99/2769 1804/98/2769 1802/91/2769
f 1802/91/2770 1804/98/2770 1801/96/2770
f 1805/101/2771 1806/104/2771 1804/98/2771
f 1803/99/2772 1805/101/2772 1804/98/2772
f 1804/98/2773 1806/104/2773 1807/103/2773
f 1804/98/2774 1807/103/2774 1801/96/2774
f 1810/110/2775 1807/103/2775 1806/104/2775
f 1801/96/2774 1807/103/2774 1808/97/2774
f 1809/122/2776 1808/97/2776 1807/103/2776
f 1809/122/2777 1807/103/2777 1810/110/2777
f 1810/110/2778 1813/117/2778 1809/122/2778
f 1810/110/2779 1806/104/2779 1811/111/2779
f 1811/111/2780 1812/114/2780 1810/110/2780
f 1810/110/2780 1812/114/2780 1813/117/2780
f 1812/114/2781 1814/115/2781 1813/117/2781
f 1813/117/2782 1814/115/2782 1815/116/2782
f 1809/122/2778 1813/117/2778 1816/119/2778
f 1813/117/2783 1815/116/2783 1816/119/2783
f 1809/122/2784 1816/119/2784 1817/123/2784
f 1817/123/2785 1816/119/2785 1819/121/2785
f 1816/119/2786 1815/116/2786 1818/118/2786
f 1816/119/2787 1818/118/2787 1819/121/2787
f 1817/123/2788 1819/121/2788 1820/125/2788
f 1820/125/2789 1819/121/2789 1821/124/2789
f 1819/121/2790 1822/120/2790 1821/124/2790
f 1819/121/2791 1818/118/2791 1822/120/2791
f 1818/118/2792 1823/162/2792 1822/120/2792
f 1822/120/2792 1823/162/2792 1824/160/2792
f 1822/120/2793 1824/160/2793 1825/156/2793
f 1821/124/2794 1822/120/2794 1825/156/2794
f 1825/156/2795 1824/160/2795 1826/155/2795
f 1825/1750/2796 1826/1751/2796 1827/1752/2796
f 1828/1753/2797 1825/1750/2797 1827/1752/2797
f 1821/1754/2798 1825/1750/2798 1828/1753/2798
f 1829/1755/2799 1821/1754/2799 1828/1753/2799
f 19/20/2800 1828/1753/2800 15/16/2800
f 1828/1753/2801 1827/1752/2801 15/16/2801
f 1829/1755/2800 1828/1753/2800 19/20/2800
f 1829/1755/2802 21/23/2802 1830/1756/2802
f 1829/1755/2803 1830/1756/2803 1820/1757/2803
f 19/20/2804 21/23/2804 1829/1755/2804
f 1820/1757/2799 1821/1754/2799 1829/1755/2799
f 1796/1746/2805 1831/1758/2805 1830/1756/2805
f 1820/1757/2806 1830/1756/2806 1831/1758/2806
f 1796/1746/2807 1830/1756/2807 1797/1747/2807
f 1797/1747/2808 1830/1756/2808 21/23/2808
f 1799/90/2809 1808/97/2809 1831/95/2809
f 1799/1749/2810 1831/1758/2810 1796/1746/2810
f 1820/125/2811 1831/95/2811 1817/123/2811
f 1817/123/2811 1831/95/2811 1808/97/2811
f 1827/1752/2812 1826/1751/2812 1832/1759/2812
f 1827/1752/2813 1832/1759/2813 12/12/2813
f 15/16/2814 1827/1752/2814 12/12/2814
f 1833/1760/2815 1832/1759/2815 1826/1751/2815
f 12/12/2816 1832/1759/2816 13/13/2816
f 306/337/2817 13/13/2817 1832/1759/2817
f 306/337/2818 1832/1759/2818 1833/1760/2818
f 1835/161/2819 1834/204/2819 1833/159/2819
f 1833/159/2819 1834/204/2819 308/206/2819
f 1833/1760/2820 308/339/2820 306/337/2820
f 1833/159/2821 1826/155/2821 1835/161/2821
f 1835/161/2822 1826/155/2822 1824/160/2822
f 1835/161/2823 1824/160/2823 1836/163/2823
f 1835/161/2824 1837/203/2824 1834/204/2824
f 1836/163/2825 1837/203/2825 1835/161/2825
f 1838/174/2826 1839/173/2826 1837/203/2826
f 1836/163/2827 1838/174/2827 1837/203/2827
f 1837/203/2826 1839/173/2826 1840/201/2826
f 1837/203/2828 1840/201/2828 1834/204/2828
f 1843/178/2829 1840/201/2829 1839/173/2829
f 1834/204/2830 1840/201/2830 1841/202/2830
f 1842/199/2831 1841/202/2831 1840/201/2831
f 1842/199/2832 1840/201/2832 1843/178/2832
f 1843/178/2833 1846/181/2833 1842/199/2833
f 1843/178/2834 1839/173/2834 1844/177/2834
f 1844/177/2835 1845/180/2835 1843/178/2835
f 1843/178/2836 1845/180/2836 1846/181/2836
f 1849/184/2837 1846/181/2837 1845/180/2837
f 1842/199/2838 1846/181/2838 1847/197/2838
f 1848/183/2839 1847/197/2839 1846/181/2839
f 1848/183/2837 1846/181/2837 1849/184/2837
f 1849/184/2840 1845/180/2840 1851/185/2840
f 1851/185/2841 1850/186/2841 1849/184/2841
f 1849/184/2842 1850/186/2842 1852/187/2842
f 1849/184/2843 1852/187/2843 1848/183/2843
f 1848/183/2844 1852/187/2844 1853/190/2844
f 1854/189/2845 1853/190/2845 1852/187/2845
f 1854/189/2846 1852/187/2846 1855/256/2846
f 1855/256/2846 1852/187/2846 1850/186/2846
f 1857/255/789 1855/256/789 1856/593/789
f 1856/593/789 1855/256/789 1850/186/789
f 1855/256/2847 1857/255/2847 1854/189/2847
f 1856/593/789 1858/1761/789 1857/255/789
f 1858/1761/789 1859/257/789 1857/255/789
f 1857/255/2848 1859/257/2848 1860/253/2848
f 1854/189/2849 1857/255/2849 1860/253/2849
f 1860/253/2848 1859/257/2848 1861/254/2848
f 1860/253/2850 1861/254/2850 326/251/2850
f 327/188/2851 1860/253/2851 326/251/2851
f 1854/189/2852 1860/253/2852 327/188/2852
f 326/251/2853 1861/254/2853 329/252/2853
f 1862/259/2854 329/252/2854 1861/254/2854
f 1862/259/2855 1861/254/2855 1863/258/2855
f 1863/258/2856 1861/254/2856 1859/257/2856
f 1864/1762/789 1863/258/789 1858/1761/789
f 1858/1761/789 1863/258/789 1859/257/789
f 1864/1762/789 1865/260/789 1863/258/789
f 1863/258/2857 1865/260/2857 1862/259/2857
f 1864/1762/789 1866/424/789 1865/260/789
f 1865/260/2858 1866/424/2858 1867/261/2858
f 1862/259/2859 1865/260/2859 1867/261/2859
f 1867/261/2860 1866/424/2860 1868/262/2860
f 1867/261/2861 1868/262/2861 1869/264/2861
f 1870/267/2862 1867/261/2862 1869/264/2862
f 1862/259/2862 1867/261/2862 1870/267/2862
f 1871/268/2863 330/250/2863 1870/267/2863
f 1870/267/2864 330/250/2864 329/252/2864
f 1870/267/2865 329/252/2865 1862/259/2865
f 1870/267/2866 1869/264/2866 1871/268/2866
f 1871/268/2867 332/248/2867 330/250/2867
f 1871/268/2866 1869/264/2866 1872/266/2866
f 1871/268/2868 1872/266/2868 1873/270/2868
f 1873/270/2867 332/248/2867 1871/268/2867
f 1873/270/2869 1872/266/2869 490/269/2869
f 1873/270/2870 1874/246/2870 332/248/2870
f 1873/270/762 490/269/762 488/272/762
f 488/272/2871 1874/246/2871 1873/270/2871
f 333/241/2872 332/248/2872 1874/246/2872
f 333/1763/2873 1874/1764/2873 344/358/2873
f 344/358/2873 1874/1764/2873 346/359/2873
f 488/504/2874 346/359/2874 1874/1764/2874
f 1872/266/2875 1875/263/2875 492/265/2875
f 1872/266/2876 492/265/2876 490/269/2876
f 1869/264/2877 1875/263/2877 1872/266/2877
f 1869/264/2878 1868/262/2878 1875/263/2878
f 1876/422/2879 1875/263/2879 1868/262/2879
f 494/420/2880 492/265/2880 1875/263/2880
f 494/420/2879 1875/263/2879 1876/422/2879
f 497/425/2881 494/420/2881 1876/422/2881
f 497/425/2882 1876/422/2882 513/426/2882
f 513/426/2883 1876/422/2883 1877/423/2883
f 1876/422/2884 1868/262/2884 1877/423/2884
f 512/515/789 513/426/789 1877/423/789
f 512/515/789 1877/423/789 1866/424/789
f 1877/423/2885 1868/262/2885 1866/424/2885
f 512/515/789 1866/424/789 1864/1762/789
f 1858/1765/2886 1878/1766/2886 1864/1767/2886
f 1864/1767/2887 1879/1768/2887 512/516/2887
f 1864/1767/2887 1878/1766/2887 1879/1768/2887
f 519/527/789 1879/515/789 1880/1769/789
f 1880/1769/789 1879/515/789 1878/1762/789
f 512/516/792 1879/1768/792 514/517/792
f 519/527/789 514/514/789 1879/515/789
f 1880/1769/789 1878/1762/789 1881/1770/789
f 1881/1771/2888 1882/1772/2888 1880/1773/2888
f 1880/1773/2888 1882/1772/2888 1883/1774/2888
f 1880/1773/2889 1883/1774/2889 519/528/2889
f 1884/562/789 1883/1769/789 1882/1770/789
f 519/528/2889 1883/1774/2889 520/529/2889
f 525/536/789 520/527/789 1883/1769/789
f 525/536/789 1883/1769/789 1884/562/789
f 1884/562/789 1882/1770/789 1885/557/789
f 1885/1775/2890 547/1776/2890 1884/1777/2890
f 1884/1777/2891 547/1776/2891 552/1778/2891
f 1884/1777/2892 552/1778/2892 525/537/2892
f 1885/557/789 1887/592/789 1886/549/789
f 1886/1779/2893 542/1780/2893 1885/1775/2893
f 1885/1775/2894 542/1780/2894 547/1776/2894
f 1885/557/789 1882/1770/789 1887/592/789
f 576/596/808 573/595/808 1887/1781/808
f 1886/549/789 1887/592/789 573/591/789
f 1881/1771/2895 1887/1781/2895 1882/1772/2895
f 576/596/2895 1887/1781/2895 1881/1771/2895
f 1886/549/801 573/591/801 574/547/801
f 574/1782/2896 537/1783/2896 1886/1784/2896
f 1886/1779/2893 537/1785/2893 542/1780/2893
f 1881/1770/789 1878/1762/789 1888/1761/789
f 1881/1770/789 1888/1761/789 576/592/789
f 1858/1765/2886 1888/1786/2886 1878/1766/2886
f 1856/1787/2897 577/605/2897 1888/1786/2897
f 1856/1787/2897 1888/1786/2897 1858/1765/2897
f 576/592/789 1888/1761/789 577/593/789
f 1856/593/789 1850/186/789 580/597/789
f 580/603/810 577/605/810 1856/1787/810
f 327/188/2898 1853/190/2898 1854/189/2898
f 320/195/2899 1853/190/2899 321/192/2899
f 327/188/2900 321/192/2900 1853/190/2900
f 1848/183/2899 1853/190/2899 320/195/2899
f 1850/186/789 1851/185/789 580/597/789
f 580/597/789 1851/185/789 582/182/789
f 1851/185/2840 1845/180/2840 582/182/2840
f 320/195/2901 1847/197/2901 1848/183/2901
f 314/200/2902 1847/197/2902 315/198/2902
f 320/195/2903 315/198/2903 1847/197/2903
f 1842/199/2904 1847/197/2904 314/200/2904
f 1844/177/2905 582/182/2905 1845/180/2905
f 1844/177/2906 1839/173/2906 1889/175/2906
f 1844/177/2907 1889/175/2907 583/179/2907
f 583/179/2905 582/182/2905 1844/177/2905
f 1890/172/2908 584/176/2908 1889/175/2908
f 1890/172/2909 1889/175/2909 1838/174/2909
f 1838/174/2910 1889/175/2910 1839/173/2910
f 583/179/2911 1889/175/2911 584/176/2911
f 588/171/2912 584/176/2912 1890/172/2912
f 1891/167/2913 588/171/2913 1890/172/2913
f 1892/165/2914 1890/172/2914 1838/174/2914
f 1891/167/2914 1890/172/2914 1892/165/2914
f 1836/163/2915 1823/162/2915 1892/165/2915
f 1892/165/2916 1838/174/2916 1836/163/2916
f 1892/165/2917 1823/162/2917 1893/164/2917
f 1892/165/2918 1893/164/2918 1891/167/2918
f 1815/116/2919 1894/166/2919 1893/164/2919
f 1891/167/2920 1893/164/2920 1894/166/2920
f 1815/116/2921 1893/164/2921 1818/118/2921
f 1818/118/2921 1893/164/2921 1823/162/2921
f 1814/115/2922 1895/168/2922 1894/166/2922
f 1814/115/2919 1894/166/2919 1815/116/2919
f 1891/167/2923 1894/166/2923 587/170/2923
f 587/170/2923 1894/166/2923 1895/168/2923
f 586/608/789 587/170/789 1895/168/789
f 586/608/789 1895/168/789 1896/169/789
f 1896/169/2924 1895/168/2924 1814/115/2924
f 586/608/789 1896/169/789 592/615/789
f 592/615/789 1896/169/789 1897/113/789
f 1897/113/2925 1896/169/2925 1812/114/2925
f 1812/114/2925 1896/169/2925 1814/115/2925
f 592/615/789 1897/113/789 598/112/789
f 598/112/2926 1897/113/2926 1811/111/2926
f 1811/111/2926 1897/113/2926 1812/114/2926
f 587/170/2913 588/171/2913 1891/167/2913
f 314/200/2831 1841/202/2831 1842/199/2831
f 1834/204/2927 1841/202/2927 308/206/2927
f 308/206/2928 1841/202/2928 309/205/2928
f 314/200/2929 309/205/2929 1841/202/2929
f 1836/163/2930 1824/160/2930 1823/162/2930
f 1817/123/2931 1808/97/2931 1809/122/2931
f 1811/111/2932 1898/108/2932 598/112/2932
f 1811/111/2933 1806/104/2933 1898/108/2933
f 1899/105/2934 599/109/2934 1898/108/2934
f 1899/105/2935 1898/108/2935 1805/101/2935
f 598/112/2932 1898/108/2932 599/109/2932
f 1805/101/2935 1898/108/2935 1806/104/2935
f 600/106/2936 599/109/2936 1899/105/2936
f 1900/102/2937 600/106/2937 1899/105/2937
f 1901/100/2938 1899/105/2938 1805/101/2938
f 1900/102/2939 1899/105/2939 1901/100/2939
f 1803/99/2940 1903/79/2940 1901/100/2940
f 1901/100/2772 1805/101/2772 1803/99/2772
f 1901/100/2941 1903/79/2941 1902/76/2941
f 1901/100/2942 1902/76/2942 1900/102/2942
f 631/80/2943 1902/76/2943 1903/79/2943
f 631/80/2944 1903/79/2944 634/82/2944
f 634/82/2945 1903/79/2945 639/81/2945
f 1803/99/2946 639/81/2946 1903/79/2946
f 630/78/2947 1904/77/2947 1902/76/2947
f 1900/102/2942 1902/76/2942 1904/77/2942
f 630/78/2948 1902/76/2948 631/80/2948
f 1905/75/2949 1904/77/2949 630/78/2949
f 1900/102/2950 1904/77/2950 604/107/2950
f 604/107/2951 1904/77/2951 603/622/2951
f 1905/75/2952 603/622/2952 1904/77/2952
f 1906/74/2952 603/622/2952 1905/75/2952
f 625/72/2953 1906/74/2953 1905/75/2953
f 624/71/2954 1905/75/2954 630/78/2954
f 625/72/2955 1905/75/2955 624/71/2955
f 602/623/789 603/622/789 1906/74/789
f 602/623/789 1906/74/789 614/73/789
f 614/73/2956 1906/74/2956 625/72/2956
f 604/107/2957 600/106/2957 1900/102/2957
f 1801/96/2958 1808/97/2958 1799/90/2958
f 1797/1747/2959 21/23/2959 22/22/2959
f 1794/1742/2960 1797/1747/2960 22/22/2960
f 24/24/2961 1790/1740/2961 1794/1742/2961
f 1794/1742/2962 22/22/2962 24/24/2962
f 643/642/2963 642/641/2963 1793/1743/2963
f 643/642/2964 1793/1743/2964 1791/1741/2964
f 646/644/2965 643/642/2965 1791/1741/2965
f 646/644/2966 1791/1741/2966 1774/1723/2966
f 1907/1788/2967 1788/1737/2967 1790/1740/2967
f 24/24/2968 1907/1788/2968 1790/1740/2968
f 25/25/2969 31/32/2969 1907/1788/2969
f 25/25/2970 1907/1788/2970 24/24/2970
f 1907/1788/2969 31/32/2969 1908/1789/2969
f 1907/1788/2971 1908/1789/2971 1788/1737/2971
f 1908/1789/2972 31/32/2972 32/33/2972
f 1788/1737/2971 1908/1789/2971 1782/1732/2971
f 32/33/2973 1782/1732/2973 1908/1789/2973
f 654/1721/2707 1767/1715/2707 1909/1790/2707
f 663/1714/2974 1909/1790/2974 1767/1715/2974
f 654/659/2975 1909/1791/2975 655/660/2975
f 655/660/2975 1909/1791/2975 658/661/2975
f 663/667/2976 658/661/2976 1909/1791/2976
f 43/49/2977 46/50/2977 1759/635/2977
f 667/670/2978 1751/1712/2978 670/674/2978
f 55/59/2979 59/63/2979 1743/1153/2979
f 61/65/71 1741/1155/71 58/62/71
f 59/63/2648 58/62/2648 1741/1155/2648
f 679/684/2980 1735/1160/2980 682/687/2980
f 625/72/2981 616/68/2981 614/73/2981
f 595/616/789 596/617/789 606/627/789
f 590/1678/806 568/587/806 571/583/806
f 570/588/789 579/598/789 571/580/789
f 565/577/803 532/578/803 574/1782/803
f 574/1782/2896 532/578/2896 537/1783/2896
f 567/582/804 556/1680/804 560/579/804
f 525/537/798 552/1778/798 526/538/798
f 508/520/794 516/521/794 507/1330/794
f 513/426/2982 510/427/2982 497/425/2982
f 497/425/2983 510/427/2983 498/428/2983
f 467/489/2984 470/432/2984 502/506/2984
f 495/419/2985 472/433/2985 473/417/2985
f 473/417/2986 478/415/2986 495/419/2986
f 456/477/2987 455/476/2987 475/491/2987
f 452/474/2988 461/481/2988 440/463/2988
f 440/463/2989 461/481/2989 441/459/2989
f 453/472/2990 383/396/2990 455/476/2990
f 444/465/2991 381/397/2991 453/472/2991
f 453/472/2992 381/397/2992 383/396/2992
f 442/461/665 434/455/665 435/454/665
f 429/450/2993 390/405/2993 388/403/2993
f 61/65/71 239/260/71 406/424/71
f 242/262/2994 406/424/2994 239/260/2994
f 377/392/570 370/386/570 372/385/570
f 371/388/2995 256/279/2995 257/280/2995
f 335/238/487 333/241/487 344/240/487
f 338/231/2996 317/233/2996 318/235/2996
f 318/235/2997 323/237/2997 338/231/2997
f 304/336/2998 311/343/2998 301/333/2998
f 299/330/2999 302/334/2999 290/321/2999
f 302/334/3000 288/319/3000 290/321/3000
f 302/334/3001 286/317/3001 288/319/3001
f 290/321/3002 291/322/3002 299/330/3002
f 299/330/3002 291/322/3002 295/326/3002
f 202/218/3003 203/219/3003 293/324/3003
f 293/324/3004 141/150/3004 139/148/3004
f 293/324/3005 203/219/3005 141/150/3005
f 271/299/3006 261/284/3006 263/287/3006
f 266/295/3007 211/226/3007 210/225/3007
f 61/65/71 174/186/71 234/256/71
f 177/189/3008 234/256/3008 174/186/3008
f 203/219/3009 143/152/3009 141/150/3009
f 203/219/3010 146/157/3010 143/152/3010
f 196/211/274 188/200/274 190/202/274
f 193/206/269 149/161/269 147/159/269
f 61/65/71 164/176/71 167/179/71
f 159/171/71 164/176/71 61/65/71
f 161/174/228 155/167/228 153/165/228
f 61/65/71 106/113/71 156/169/71
f 109/115/3011 156/169/3011 106/113/3011
f 26/27/181 129/139/181 130/138/181
f 26/27/3012 130/138/3012 27/28/3012
f 27/28/3012 130/138/3012 29/29/3012
f 34/35/3013 29/29/3013 130/138/3013
f 61/65/71 99/107/71 100/106/71
f 1910/622/71 99/107/71 61/65/71
f 94/102/3014 99/107/3014 1910/622/3014
f 61/65/71 71/74/71 1910/622/71
f 74/77/3015 1910/622/3015 71/74/3015
f 94/102/3014 1910/622/3014 74/77/3014
f 90/97/3016 96/103/3016 91/98/3016
f 84/91/3017 76/79/3017 78/81/3017
f 38/39/3018 82/85/3018 41/40/3018
f 50/52/3019 65/69/3019 53/55/3019
f 2459/2343/3538 2461/2344/3538 2460/2345/3538
f 2465/2346/71 2459/2347/71 2460/2348/71
f 2459/2343/3538 2463/2349/3538 2461/2344/3538
f 2462/2350/3539 2463/2349/3539 2459/2343/3539
f 2464/2351/71 2462/2352/71 2459/2347/71
f 2464/2351/71 2459/2347/71 2465/2346/71
f 2465/2353/3540 2468/2354/3540 2464/2343/3540
f 2467/2355/3541 2466/2356/3541 2465/2353/3541
f 2465/2353/3541 2466/2356/3541 2468/2354/3541
f 2465/2346/71 2460/2348/71 2467/2357/71
f 2466/2357/789 2469/2358/789 2468/2346/789
f 2468/2346/789 2469/2358/789 2461/2348/789
f 2468/2346/789 2461/2348/789 2470/2351/789
f 2464/2343/3540 2468/2354/3540 2470/2349/3540
f 2470/2351/789 2461/2348/789 2463/2347/789
f 2470/2351/789 2463/2347/789 2471/2359/789
f 2472/2360/3542 2470/2349/3542 2471/2361/3542
f 2464/2343/3542 2470/2349/3542 2472/2360/3542
f 2473/2362/71 2474/2363/71 2472/2359/71
f 2472/2360/3543 2471/2361/3543 2473/2364/3543
f 2472/2359/71 2474/2363/71 2462/2352/71
f 2472/2359/71 2462/2352/71 2464/2351/71
f 2477/2365/3544 2475/2366/3544 2474/2367/3544
f 2474/2367/3545 2475/2366/3545 2476/2368/3545
f 2474/2367/3545 2476/2368/3545 2462/2350/3545
f 2473/2362/71 2477/2369/71 2474/2363/71
f 2478/2370/3546 2479/2371/3546 2477/2365/3546
f 2480/2372/71 2478/2373/71 2477/2369/71
f 2477/2365/3544 2479/2371/3544 2475/2366/3544
f 2480/2372/71 2477/2369/71 2473/2362/71
f 2481/2374/71 2478/2373/71 2480/2372/71
f 2480/2375/3547 2483/2376/3547 2481/2377/3547
f 2473/2364/3548 2482/2378/3548 2480/2375/3548
f 2480/2375/3548 2482/2378/3548 2483/2376/3548
f 2482/2362/789 2475/2363/789 2483/2372/789
f 2483/2372/789 2475/2363/789 2479/2369/789
f 2483/2372/789 2479/2369/789 2484/2374/789
f 2481/2377/3547 2483/2376/3547 2484/2379/3547
f 2484/2374/789 2487/2373/789 2485/2380/789
f 2486/2381/3549 2484/2379/3549 2485/2382/3549
f 2481/2377/3549 2484/2379/3549 2486/2381/3549
f 2484/2374/789 2479/2369/789 2487/2373/789
f 2489/2383/3550 2488/2384/3550 2487/2385/3550
f 2485/2380/789 2487/2373/789 2488/2386/789
f 2489/2383/3550 2487/2385/3550 2478/2370/3550
f 2478/2370/3546 2487/2385/3546 2479/2371/3546
f 2490/2387/3551 2488/2388/3551 2489/2389/3551
f 2486/2380/71 2490/2390/71 2489/2386/71
f 2481/2374/71 2489/2386/71 2478/2373/71
f 2486/2380/71 2489/2386/71 2481/2374/71
f 2493/2391/3552 2491/2392/3552 2490/2387/3552
f 2490/2387/3551 2491/2392/3551 2488/2388/3551
f 2492/2393/71 2493/2394/71 2490/2390/71
f 2492/2393/71 2490/2390/71 2486/2380/71
f 2494/2395/3553 2495/2396/3553 2493/2391/3553
f 2496/2397/71 2494/2398/71 2493/2394/71
f 2493/2391/3552 2495/2396/3552 2491/2392/3552
f 2496/2397/71 2493/2394/71 2492/2393/71
f 2492/2399/3554 2497/2400/3554 2496/2401/3554
f 2496/2401/3554 2497/2400/3554 2500/2402/3554
f 2498/2403/71 2499/2404/71 2496/2397/71
f 2496/2401/3555 2500/2402/3555 2498/2405/3555
f 2496/2397/71 2499/2404/71 2494/2398/71
f 2497/2393/789 2495/2394/789 2500/2397/789
f 2500/2397/789 2502/2398/789 2501/2403/789
f 2498/2405/3555 2500/2402/3555 2501/2406/3555
f 2500/2397/789 2495/2394/789 2502/2398/789
f 2499/2407/3556 2503/2408/3556 2502/2409/3556
f 2501/2403/789 2502/2398/789 2503/2404/789
f 2499/2407/3556 2502/2409/3556 2494/2395/3556
f 2494/2395/3553 2502/2409/3553 2495/2396/3553
f 2505/2410/3557 2504/2411/3557 2503/2408/3557
f 2506/2412/789 2503/2404/789 2504/2413/789
f 2505/2410/3557 2503/2408/3557 2499/2407/3557
f 2501/2403/789 2503/2404/789 2506/2412/789
f 2506/2412/789 2504/2413/789 2507/2414/789
f 2508/2415/3558 2501/2406/3558 2506/2416/3558
f 2509/2417/3559 2506/2416/3559 2507/2418/3559
f 2508/2415/3559 2506/2416/3559 2509/2417/3559
f 2510/2419/71 2511/2420/71 2509/2414/71
f 2509/2417/3560 2507/2418/3560 2510/2421/3560
f 2509/2414/71 2512/2422/71 2508/2412/71
f 2509/2414/71 2511/2420/71 2512/2422/71
f 2511/2423/3561 2513/2424/3561 2512/2425/3561
f 2512/2425/3562 2513/2424/3562 2504/2411/3562
f 2512/2425/3562 2504/2411/3562 2505/2410/3562
f 2508/2412/71 2512/2422/71 2505/2413/71
f 2511/2423/3561 2514/2426/3561 2513/2424/3561
f 2515/2419/789 2513/2422/789 2514/2420/789
f 2507/2414/789 2504/2413/789 2513/2422/789
f 2507/2414/789 2513/2422/789 2515/2419/789
f 2515/2419/789 2514/2420/789 2516/2427/789
f 2510/2421/3560 2507/2418/3560 2515/2428/3560
f 2517/2429/3563 2515/2428/3563 2516/2430/3563
f 2510/2421/3564 2515/2428/3564 2517/2429/3564
f 2517/2427/71 2519/2431/71 2510/2419/71
f 2517/2429/3565 2516/2430/3565 2520/2432/3565
f 2520/2433/3566 2518/2434/3566 2517/2427/3566
f 2517/2427/71 2518/2434/71 2519/2431/71
f 2520/2432/3565 2516/2430/3565 2521/2435/3565
f 2520/2433/71 2523/2436/71 2518/2434/71
f 2520/2432/3567 2521/2435/3567 2522/2437/3567
f 2522/2438/71 2523/2436/71 2520/2433/71
f 2524/2370/3568 2525/2384/3568 2523/2383/3568
f 2522/2438/71 2524/2439/71 2523/2436/71
f 2523/2440/3569 2525/2441/3569 2526/2442/3569
f 2523/2440/3569 2526/2442/3569 2518/2443/3569
f 2518/2443/3570 2526/2442/3570 2527/2444/3570
f 2521/2433/789 2527/2431/789 2526/2434/789
f 2521/2433/789 2526/2434/789 2528/2438/789
f 2528/2438/789 2526/2434/789 2525/2436/789
f 2522/2437/3571 2521/2435/3571 2528/2445/3571
f 2528/2438/789 2525/2436/789 2529/2446/789
f 2530/2447/3572 2528/2448/3572 2529/2449/3572
f 2522/2450/3572 2528/2448/3572 2530/2447/3572
f 2532/2451/71 2531/2452/71 2530/2446/71
f 2530/2446/71 2531/2452/71 2524/2439/71
f 2530/2447/3573 2529/2449/3573 2532/2453/3573
f 2530/2446/71 2524/2439/71 2522/2438/71
f 2534/2454/71 2533/2455/71 2532/2451/71
f 2532/2451/71 2533/2455/71 2531/2452/71
f 2532/2453/3574 2535/2456/3574 2534/2457/3574
f 2532/2453/3573 2529/2449/3573 2535/2456/3573
f 2535/2451/789 2537/2439/789 2536/2452/789
f 2535/2451/789 2536/2452/789 2538/2454/789
f 2529/2446/789 2537/2439/789 2535/2451/789
f 2534/2457/3574 2535/2456/3574 2538/2458/3574
f 2538/2454/789 2536/2452/789 2539/2455/789
f 2538/2454/789 2539/2455/789 2540/2459/789
f 2538/2458/3575 2540/2460/3575 2541/2461/3575
f 2534/2457/3575 2538/2458/3575 2541/2461/3575
f 2542/2462/71 2543/2463/71 2541/2459/71
f 2541/2461/3576 2545/2349/3576 2542/2464/3576
f 2541/2459/71 2544/2465/71 2534/2454/71
f 2541/2459/71 2543/2463/71 2544/2465/71
f 2541/2461/3577 2540/2460/3577 2545/2349/3577
f 2545/2466/789 2547/2465/789 2546/2463/789
f 2545/2466/789 2546/2463/789 2548/2462/789
f 2540/2459/789 2547/2465/789 2545/2466/789
f 2542/2464/3578 2545/2349/3578 2548/2467/3578
f 2548/2462/789 2551/2468/789 2549/2469/789
f 2550/2470/3579 2548/2467/3579 2549/2471/3579
f 2542/2464/3579 2548/2467/3579 2550/2470/3579
f 2548/2462/789 2546/2463/789 2551/2468/789
f 2553/2472/3580 2552/2473/3580 2551/2344/3580
f 2549/2469/789 2551/2468/789 2552/2474/789
f 2553/2472/3580 2551/2344/3580 2554/2345/3580
f 2554/2345/3581 2551/2344/3581 2546/2349/3581
f 2542/2462/71 2553/2474/71 2554/2468/71
f 2554/2345/3581 2546/2349/3581 2543/2343/3581
f 2542/2462/71 2554/2468/71 2543/2463/71
f 2555/2475/3582 2552/2473/3582 2553/2472/3582
f 2550/2469/71 2555/2476/71 2553/2474/71
f 2550/2469/71 2553/2474/71 2542/2462/71
f 2556/2477/3583 2557/2478/3583 2555/2475/3583
f 2558/2479/71 2556/2480/71 2555/2476/71
f 2555/2475/3582 2557/2478/3582 2552/2473/3582
f 2558/2479/71 2555/2476/71 2550/2469/71
f 2550/2470/3584 2549/2471/3584 2558/2481/3584
f 2558/2481/3584 2549/2471/3584 2559/2482/3584
f 2558/2481/3585 2559/2482/3585 2560/2483/3585
f 2560/2484/71 2556/2480/71 2558/2479/71
f 2560/2483/3585 2559/2482/3585 2562/2485/3585
f 2563/2486/3586 2561/2487/3586 2560/2484/3586
f 2560/2484/71 2561/2487/71 2556/2480/71
f 2560/2483/3587 2562/2485/3587 2563/2488/3587
f 2565/2489/71 2564/2490/71 2563/2486/71
f 2563/2486/71 2564/2490/71 2561/2487/71
f 2563/2437/3588 2566/2445/3588 2565/2432/3588
f 2563/2488/3587 2562/2485/3587 2566/2491/3587
f 2566/2486/789 2568/2480/789 2567/2487/789
f 2566/2486/789 2567/2487/789 2569/2489/789
f 2562/2484/789 2568/2480/789 2566/2486/789
f 2565/2432/3589 2566/2445/3589 2569/2435/3589
f 2569/2489/789 2567/2487/789 2570/2490/789
f 2569/2489/789 2570/2490/789 2571/2492/789
f 2572/2429/3590 2569/2435/3590 2571/2430/3590
f 2565/2432/3591 2569/2435/3591 2572/2429/3591
f 2573/2493/71 2574/2494/71 2572/2492/71
f 2572/2429/3592 2571/2430/3592 2573/2421/3592
f 2572/2492/71 2575/2495/71 2565/2489/71
f 2572/2492/71 2574/2494/71 2575/2495/71
f 2574/2423/3593 2576/2444/3593 2575/2496/3593
f 2575/2496/3594 2576/2444/3594 2570/2442/3594
f 2575/2496/3594 2570/2442/3594 2564/2443/3594
f 2565/2489/71 2575/2495/71 2564/2490/71
f 2574/2423/3593 2577/2426/3593 2576/2444/3593
f 2578/2493/789 2576/2495/789 2577/2494/789
f 2571/2492/789 2570/2490/789 2576/2495/789
f 2571/2492/789 2576/2495/789 2578/2493/789
f 2578/2493/789 2577/2494/789 2579/2497/789
f 2573/2421/3592 2571/2430/3592 2578/2428/3592
f 2580/2417/3595 2578/2428/3595 2579/2418/3595
f 2573/2421/3595 2578/2428/3595 2580/2417/3595
f 2580/2497/71 2582/2498/71 2573/2493/71
f 2580/2417/3596 2579/2418/3596 2583/2415/3596
f 2583/2499/71 2581/2500/71 2580/2497/71
f 2580/2497/71 2581/2500/71 2582/2498/71
f 2583/2415/3596 2579/2418/3596 2584/2416/3596
f 2583/2499/71 2586/2501/71 2581/2500/71
f 2583/2415/3597 2584/2416/3597 2585/2405/3597
f 2585/2502/71 2586/2501/71 2583/2499/71
f 2587/2395/3598 2588/2408/3598 2586/2407/3598
f 2585/2502/71 2587/2503/71 2586/2501/71
f 2586/2407/3599 2588/2408/3599 2589/2411/3599
f 2586/2407/3599 2589/2411/3599 2581/2410/3599
f 2581/2410/3600 2589/2411/3600 2590/2424/3600
f 2584/2499/789 2590/2498/789 2589/2500/789
f 2584/2499/789 2589/2500/789 2591/2502/789
f 2591/2502/789 2589/2500/789 2588/2501/789
f 2585/2405/3601 2584/2416/3601 2591/2406/3601
f 2585/2405/3602 2591/2406/3602 2592/2401/3602
f 2592/2401/3602 2591/2406/3602 2593/2402/3602
f 2591/2502/789 2588/2501/789 2593/2504/789
f 2593/2504/789 2594/2505/789 2596/2506/789
f 2593/2504/789 2595/2503/789 2594/2505/789
f 2593/2504/789 2588/2501/789 2595/2503/789
f 2597/2399/3603 2593/2402/3603 2596/2400/3603
f 2592/2401/3603 2593/2402/3603 2597/2399/3603
f 2597/2506/71 2599/2505/71 2592/2504/71
f 2601/2507/71 2598/2508/71 2597/2506/71
f 2597/2506/71 2598/2508/71 2599/2505/71
f 2597/2399/3604 2596/2400/3604 2600/2509/3604
f 2600/2510/71 2601/2507/71 2597/2506/71
f 2602/2477/3605 2603/2511/3605 2601/2512/3605
f 2600/2510/71 2602/2513/71 2601/2507/71
f 2601/2389/3606 2603/2388/3606 2604/2392/3606
f 2601/2389/3606 2604/2392/3606 2598/2387/3606
f 2598/2387/3607 2604/2392/3607 2594/2396/3607
f 2596/2506/789 2594/2505/789 2604/2508/789
f 2596/2506/789 2604/2508/789 2605/2510/789
f 2605/2510/789 2604/2508/789 2603/2507/789
f 2600/2509/3604 2596/2400/3604 2605/2514/3604
f 2605/2510/789 2603/2507/789 2606/2515/789
f 2607/2516/3608 2605/2517/3608 2606/2518/3608
f 2600/2519/3608 2605/2517/3608 2607/2516/3608
f 2607/2516/3609 2606/2518/3609 2609/2520/3609
f 2609/2521/71 2608/2522/71 2607/2515/71
f 2607/2515/71 2608/2522/71 2602/2513/71
f 2607/2515/71 2602/2513/71 2600/2510/71
f 2609/2520/3609 2606/2518/3609 2611/2523/3609
f 2467/2357/71 2610/2358/71 2609/2521/71
f 2609/2521/71 2610/2358/71 2608/2522/71
f 2609/2520/3610 2611/2523/3610 2467/2355/3610
f 2606/2515/789 2613/2513/789 2611/2521/789
f 2611/2521/789 2612/2522/789 2466/2357/789
f 2467/2355/3610 2611/2523/3610 2466/2356/3610
f 2611/2521/789 2613/2513/789 2612/2522/789
f 2608/2475/3611 2612/2478/3611 2613/2524/3611
f 2608/2475/3611 2613/2524/3611 2602/2477/3611
f 2602/2477/3605 2613/2524/3605 2603/2511/3605
f 2606/2515/789 2603/2507/789 2613/2513/789
f 2610/2472/3612 2469/2473/3612 2612/2478/3612
f 2466/2357/789 2612/2522/789 2469/2358/789
f 2610/2472/3612 2612/2478/3612 2608/2475/3612
f 2460/2345/3613 2469/2473/3613 2610/2472/3613
f 2467/2357/71 2460/2348/71 2610/2358/71
f 2598/2387/3607 2594/2396/3607 2599/2391/3607
f 2599/2391/3614 2594/2396/3614 2595/2409/3614
f 2599/2391/3614 2595/2409/3614 2587/2395/3614
f 2592/2504/71 2599/2505/71 2587/2503/71
f 2587/2395/3598 2595/2409/3598 2588/2408/3598
f 2592/2504/71 2587/2503/71 2585/2502/71
f 2581/2410/3600 2590/2424/3600 2582/2425/3600
f 2582/2425/3615 2590/2424/3615 2577/2426/3615
f 2579/2497/789 2577/2494/789 2590/2498/789
f 2579/2497/789 2590/2498/789 2584/2499/789
f 2582/2425/3615 2577/2426/3615 2574/2423/3615
f 2573/2493/71 2582/2498/71 2574/2494/71
f 2564/2443/3616 2570/2442/3616 2567/2441/3616
f 2561/2512/3617 2567/2511/3617 2568/2524/3617
f 2561/2512/3617 2568/2524/3617 2556/2477/3617
f 2556/2477/3583 2568/2524/3583 2557/2478/3583
f 2562/2484/789 2557/2476/789 2568/2480/789
f 2564/2443/3616 2567/2441/3616 2561/2440/3616
f 2559/2479/789 2557/2476/789 2562/2484/789
f 2549/2469/789 2552/2474/789 2559/2479/789
f 2559/2479/789 2552/2474/789 2557/2476/789
f 2543/2343/3618 2546/2349/3618 2547/2368/3618
f 2543/2343/3618 2547/2368/3618 2544/2350/3618
f 2544/2350/3619 2547/2368/3619 2539/2366/3619
f 2540/2459/789 2539/2455/789 2547/2465/789
f 2544/2350/3619 2539/2366/3619 2533/2367/3619
f 2534/2454/71 2544/2465/71 2533/2455/71
f 2533/2367/3620 2539/2366/3620 2536/2371/3620
f 2531/2365/3621 2536/2371/3621 2537/2385/3621
f 2531/2365/3621 2537/2385/3621 2524/2370/3621
f 2524/2370/3568 2537/2385/3568 2525/2384/3568
f 2529/2446/789 2525/2436/789 2537/2439/789
f 2533/2367/3620 2536/2371/3620 2531/2365/3620
f 2518/2443/3570 2527/2444/3570 2519/2496/3570
f 2519/2496/3622 2527/2444/3622 2514/2426/3622
f 2516/2427/789 2514/2420/789 2527/2431/789
f 2516/2427/789 2527/2431/789 2521/2433/789
f 2519/2496/3622 2514/2426/3622 2511/2423/3622
f 2510/2419/71 2519/2431/71 2511/2420/71
f 2508/2412/71 2505/2413/71 2498/2403/71
f 2498/2405/3558 2501/2406/3558 2508/2415/3558
f 2498/2403/71 2505/2413/71 2499/2404/71
f 2488/2386/789 2491/2390/789 2497/2393/789
f 2497/2393/789 2491/2390/789 2495/2394/789
f 2485/2380/789 2488/2386/789 2497/2393/789
f 2492/2399/3623 2485/2514/3623 2497/2400/3623
f 2486/2509/3623 2485/2514/3623 2492/2399/3623
f 2482/2362/789 2476/2352/789 2475/2363/789
f 2471/2359/789 2476/2352/789 2482/2362/789
f 2473/2364/3543 2471/2361/3543 2482/2378/3543
f 2462/2350/3539 2476/2368/3539 2463/2349/3539
f 2471/2359/789 2463/2347/789 2476/2352/789
f 2460/2345/3613 2461/2344/3613 2469/2473/3613
usemtl Steel_Glossy.003
f 1912/1792/3020 1916/1793/3020 1911/1794/3020
f 1911/1795/3021 1913/1796/3021 1912/1797/3021
f 1911/1795/3022 1915/1798/3022 1913/1796/3022
f 1911/1794/3020 1917/1799/3020 1914/1800/3020
f 1914/1801/3022 1915/1798/3022 1911/1795/3022
f 1911/1794/3020 1916/1793/3020 1917/1799/3020
f 1914/1800/3020 1917/1799/3020 1920/1802/3020
f 1916/1803/3023 1918/1804/3023 1917/1795/3023
f 1917/1795/3024 1918/1804/3024 1919/1805/3024
f 1917/1795/3025 1919/1805/3025 1920/1806/3025
f 1914/1800/3020 1920/1802/3020 1924/1807/3020
f 1924/1807/3020 1920/1802/3020 1921/1808/3020
f 1921/1809/3026 1920/1806/3026 1922/1810/3026
f 1920/1806/3027 1923/1811/3027 1922/1810/3027
f 1920/1806/3028 1919/1805/3028 1923/1811/3028
f 1924/1807/3020 1921/1808/3020 1925/1812/3020
f 1925/1813/3029 1926/1814/3029 1924/1815/3029
f 1924/1815/3029 1926/1814/3029 1927/1816/3029
f 1924/1815/3030 1927/1816/3030 1914/1801/3030
f 1926/1812/3031 1928/1817/3031 1927/1807/3031
f 1914/1801/3030 1927/1816/3030 1915/1798/3030
f 1927/1807/3031 1929/1818/3031 1915/1800/3031
f 1927/1807/3031 1928/1817/3031 1929/1818/3031
f 1929/1819/3032 1932/1820/3032 1930/1821/3032
f 1929/1819/3033 1930/1821/3033 1933/1822/3033
f 1928/1823/3034 1931/1824/3034 1929/1819/3034
f 1929/1819/3035 1931/1824/3035 1932/1820/3035
f 1915/1800/3031 1929/1818/3031 1933/1825/3031
f 1915/1800/3031 1933/1825/3031 1913/1794/3031
f 1913/1794/3031 1933/1825/3031 1934/1826/3031
f 1933/1822/3036 1935/1827/3036 1934/1796/3036
f 1933/1822/3037 1936/1828/3037 1935/1827/3037
f 1933/1822/3038 1930/1821/3038 1936/1828/3038
f 1936/1825/3039 1930/1829/3039 1937/1830/3039
f 1937/1830/3040 1938/1831/3040 1936/1825/3040
f 1938/1831/3041 1935/1832/3041 1936/1825/3041
f 1941/1833/789 1938/1828/789 1937/1820/789
f 1940/1810/789 1939/1834/789 1938/1828/789
f 1939/1835/3042 1942/1826/3042 1938/1831/3042
f 1938/1831/3043 1942/1826/3043 1935/1832/3043
f 1940/1810/789 1938/1828/789 1941/1833/789
f 1934/1796/3044 1935/1827/3044 1942/1834/3044
f 1934/1796/3045 1942/1834/3045 1943/1836/3045
f 1943/1836/3046 1942/1834/3046 1944/1837/3046
f 1939/1835/3047 1944/1838/3047 1942/1826/3047
f 1946/1839/3048 1945/1840/3048 1944/1838/3048
f 1943/1836/3049 1944/1837/3049 1945/1841/3049
f 1946/1839/3050 1944/1838/3050 1939/1835/3050
f 1946/1839/3051 1947/1842/3051 1945/1840/3051
f 1948/1843/3052 1947/1842/3052 1946/1839/3052
f 1950/1805/789 1946/1841/789 1939/1834/789
f 1949/1844/789 1948/1845/789 1946/1841/789
f 1949/1844/789 1946/1841/789 1950/1805/789
f 1950/1835/3053 1919/1799/3053 1949/1846/3053
f 1940/1847/3054 1923/1848/3054 1950/1835/3054
f 1950/1805/789 1939/1834/789 1940/1810/789
f 1950/1835/3055 1923/1848/3055 1919/1799/3055
f 1951/1849/789 1948/1845/789 1949/1844/789
f 1951/1850/3056 1949/1846/3056 1952/1793/3056
f 1949/1846/3057 1918/1851/3057 1952/1793/3057
f 1949/1846/3058 1919/1799/3058 1918/1851/3058
f 1952/1793/3059 1953/1852/3059 1951/1850/3059
f 1916/1803/3060 1953/1853/3060 1952/1844/3060
f 1916/1803/3061 1952/1844/3061 1918/1804/3061
f 1951/1850/3062 1953/1852/3062 1954/1854/3062
f 1955/1855/3063 1954/1849/3063 1953/1853/3063
f 1955/1855/3064 1953/1853/3064 1916/1803/3064
f 1912/1792/3020 1955/1854/3020 1916/1793/3020
f 1956/1856/3020 1955/1854/3020 1912/1792/3020
f 1956/1856/3020 1957/1857/3020 1955/1854/3020
f 1957/1858/3065 1958/1859/3065 1955/1855/3065
f 1955/1855/3066 1958/1859/3066 1954/1849/3066
f 1959/1860/3067 1958/1861/3067 1960/1857/3067
f 1959/1860/3068 1954/1854/3068 1958/1861/3068
f 1957/1858/3069 1960/1862/3069 1958/1859/3069
f 1962/1863/3070 1959/1860/3070 1960/1857/3070
f 1957/1858/3071 1961/1864/3071 1960/1862/3071
f 1960/1857/3072 1961/1865/3072 1962/1863/3072
f 1962/1866/789 1963/1867/789 1959/1862/789
f 1962/1866/789 1965/1868/789 1963/1867/789
f 1962/1863/3073 1966/1869/3073 1964/1870/3073
f 1964/1871/789 1965/1868/789 1962/1866/789
f 1962/1863/3074 1961/1865/3074 1966/1869/3074
f 1964/1870/3075 1966/1869/3075 1967/1872/3075
f 1968/1873/3076 1967/1874/3076 1966/1866/3076
f 1968/1873/3077 1966/1866/3077 1961/1864/3077
f 1969/1875/3020 1968/1869/3020 1971/1876/3020
f 1969/1875/3020 1970/1877/3020 1968/1869/3020
f 1971/1876/3020 1968/1869/3020 1957/1857/3020
f 1968/1873/3078 1961/1864/3078 1957/1858/3078
f 1970/1878/3079 1967/1874/3079 1968/1873/3079
f 1971/1876/3020 1957/1857/3020 1956/1856/3020
f 1956/1879/3080 1972/1880/3080 1971/1881/3080
f 1971/1881/3080 1972/1880/3080 1973/1882/3080
f 1971/1881/3081 1973/1882/3081 1969/1883/3081
f 1972/1856/3031 1976/1884/3031 1973/1876/3031
f 1969/1883/3081 1973/1882/3081 1974/1885/3081
f 1973/1876/3031 1975/1886/3031 1974/1875/3031
f 1973/1876/3031 1977/1887/3031 1975/1886/3031
f 1973/1876/3031 1976/1884/3031 1977/1887/3031
f 1975/1888/3082 1977/1889/3082 1978/1890/3082
f 1977/1889/3083 1980/1891/3083 1978/1890/3083
f 1976/1892/3084 1979/1845/3084 1977/1889/3084
f 1977/1889/3085 1979/1845/3085 1980/1891/3085
f 1948/1843/3086 1980/1893/3086 1979/1884/3086
f 1981/1894/3087 1978/1887/3087 1980/1893/3087
f 1981/1894/3088 1980/1893/3088 1948/1843/3088
f 1951/1849/789 1981/1890/789 1948/1845/789
f 1959/1862/789 1963/1867/789 1981/1890/789
f 1963/1895/3089 1982/1896/3089 1981/1894/3089
f 1959/1862/789 1981/1890/789 1951/1849/789
f 1981/1894/3090 1982/1896/3090 1978/1887/3090
f 1975/1888/3091 1982/1897/3091 1983/1867/3091
f 1978/1890/3092 1982/1897/3092 1975/1888/3092
f 1963/1895/3093 1983/1886/3093 1982/1896/3093
f 1975/1888/3094 1983/1867/3094 1984/1898/3094
f 1984/1898/3095 1983/1867/3095 1985/1899/3095
f 1963/1895/3096 1985/1900/3096 1983/1886/3096
f 1984/1898/3097 1985/1899/3097 1986/1868/3097
f 1965/1901/3098 1986/1902/3098 1985/1900/3098
f 1965/1901/3099 1985/1900/3099 1963/1895/3099
f 1986/1903/3100 1988/1904/3100 1987/1905/3100
f 1987/1905/3101 1984/1906/3101 1986/1903/3101
f 1965/1907/3102 1988/1904/3102 1986/1903/3102
f 1987/1905/3103 1988/1904/3103 1989/1908/3103
f 1990/1909/3104 1989/1908/3104 1988/1904/3104
f 1990/1909/3105 1988/1904/3105 1965/1907/3105
f 1964/1871/789 1990/1910/789 1965/1868/789
f 1991/1911/789 1990/1910/789 1964/1871/789
f 1991/1912/3106 1992/1913/3106 1990/1909/3106
f 1990/1909/3107 1992/1913/3107 1989/1908/3107
f 1993/1914/3108 1992/1913/3108 1994/1915/3108
f 1993/1914/3109 1989/1908/3109 1992/1913/3109
f 1991/1912/3110 1994/1915/3110 1992/1913/3110
f 1994/1915/3111 1996/1916/3111 1995/1917/3111
f 1995/1917/3112 1993/1914/3112 1994/1915/3112
f 1991/1912/3113 1996/1916/3113 1994/1915/3113
f 1995/1917/3114 1996/1916/3114 1997/1918/3114
f 1998/1919/3115 1997/1918/3115 1996/1916/3115
f 1998/1919/3116 1996/1916/3116 1991/1912/3116
f 1998/1919/3117 1999/1920/3117 1997/1918/3117
f 2000/1921/3118 1999/1920/3118 1998/1919/3118
f 2002/1922/789 1998/1923/789 1991/1911/789
f 2001/1924/789 2000/1925/789 1998/1923/789
f 2001/1924/789 1998/1923/789 2002/1922/789
f 2002/1926/3119 2005/1927/3119 2001/1928/3119
f 2002/1926/3120 1964/1929/3120 2003/1930/3120
f 2002/1922/789 1991/1911/789 1964/1871/789
f 2003/1930/3121 2004/1931/3121 2002/1926/3121
f 2002/1926/3122 2004/1931/3122 2005/1927/3122
f 2001/1928/3123 2005/1927/3123 2007/1932/3123
f 2006/1933/3124 2005/1927/3124 2004/1931/3124
f 2006/1933/3125 2007/1932/3125 2005/1927/3125
f 2001/1928/3126 2007/1932/3126 2009/1934/3126
f 2008/1935/3127 2007/1932/3127 2006/1933/3127
f 2008/1935/3128 2009/1934/3128 2007/1932/3128
f 2009/1934/3129 2011/1936/3129 2010/1937/3129
f 2010/1937/3130 2001/1928/3130 2009/1934/3130
f 2008/1935/3131 2011/1936/3131 2009/1934/3131
f 2010/1937/3132 2011/1936/3132 2013/1938/3132
f 2012/1939/3133 2013/1938/3133 2011/1936/3133
f 2012/1939/3134 2011/1936/3134 2008/1935/3134
f 2010/1937/3135 2013/1938/3135 2015/1940/3135
f 2012/1939/3136 2014/1941/3136 2013/1938/3136
f 2015/1940/3137 2013/1938/3137 2014/1941/3137
f 2015/1942/789 2016/1943/789 2017/1944/789
f 2018/1945/789 2016/1943/789 2015/1942/789
f 2015/1942/789 2017/1944/789 2010/1946/789
f 2019/1947/3138 2018/1948/3138 2015/1940/3138
f 2019/1947/3138 2015/1940/3138 2020/1949/3138
f 2015/1940/3139 2014/1941/3139 2020/1949/3139
f 2020/1949/3140 2021/1950/3140 2019/1947/3140
f 2022/1951/3140 2021/1950/3140 2020/1949/3140
f 2022/1951/3141 2020/1949/3141 2014/1941/3141
f 2023/1952/3020 2022/1953/3020 2012/1954/3020
f 2024/1955/3020 2022/1953/3020 2023/1952/3020
f 2022/1951/3142 2014/1941/3142 2012/1939/3142
f 2024/1955/3020 2025/1956/3020 2022/1953/3020
f 2025/1957/3143 2021/1950/3143 2022/1951/3143
f 2029/1958/3144 2021/1950/3144 2025/1957/3144
f 2026/1959/3145 2025/1957/3145 2027/1960/3145
f 2029/1958/3145 2025/1957/3145 2026/1959/3145
f 2028/1961/3020 2027/1962/3020 2025/1956/3020
f 2028/1961/3020 2025/1956/3020 2024/1955/3020
f 2030/1961/3031 2029/1956/3031 2031/1963/3031
f 2030/1961/3031 2032/1953/3031 2029/1956/3031
f 2031/1963/3031 2029/1956/3031 2026/1962/3031
f 2019/1947/3146 2021/1950/3146 2029/1958/3146
f 2029/1958/3138 2032/1964/3138 2019/1947/3138
f 2032/1964/3141 2035/1965/3141 2019/1947/3141
f 2036/1955/3031 2033/1954/3031 2032/1953/3031
f 2033/1966/3147 2034/1967/3147 2032/1964/3147
f 2032/1964/3148 2034/1967/3148 2035/1965/3148
f 2036/1955/3031 2032/1953/3031 2030/1961/3031
f 2037/1968/3149 2036/1969/3149 2030/1970/3149
f 2039/1952/3031 2033/1954/3031 2036/1955/3031
f 2038/1971/3149 2036/1969/3149 2037/1968/3149
f 2038/1971/3150 2039/1972/3150 2036/1969/3150
f 2040/1973/3031 2042/1974/3031 2039/1952/3031
f 2041/1975/3151 2040/1976/3151 2039/1972/3151
f 2041/1975/3150 2039/1972/3150 2038/1971/3150
f 2039/1952/3031 2042/1974/3031 2033/1954/3031
f 2033/1966/3152 2042/1977/3152 2043/1978/3152
f 2042/1977/3128 2046/1979/3128 2043/1978/3128
f 2040/1973/3031 2044/1980/3031 2042/1974/3031
f 2044/1981/3153 2045/1982/3153 2042/1977/3153
f 2042/1977/3154 2045/1982/3154 2046/1979/3154
f 2046/1979/3155 2047/1983/3155 2048/1984/3155
f 2045/1982/3156 2047/1983/3156 2046/1979/3156
f 2046/1979/3157 2048/1984/3157 2043/1978/3157
f 2048/1985/789 2049/1986/789 2051/1987/789
f 2048/1985/789 2050/1988/789 2049/1986/789
f 2047/1989/789 2050/1988/789 2048/1985/789
f 2052/1990/3158 2048/1984/3158 2051/1991/3158
f 2043/1978/3159 2048/1984/3159 2052/1990/3159
f 2052/1990/3160 2051/1991/3160 2034/1967/3160
f 2033/1966/3133 2052/1990/3133 2034/1967/3133
f 2043/1978/3161 2052/1990/3161 2033/1966/3161
f 2051/1987/789 2049/1986/789 2053/1992/789
f 2035/1965/3162 2051/1991/3162 2018/1948/3162
f 2051/1987/789 2053/1992/789 2018/1945/789
f 2034/1967/2399 2051/1991/2399 2035/1965/2399
f 2053/1993/3163 2054/1994/3163 2055/1995/3163
f 2049/1996/3164 2054/1994/3164 2053/1993/3164
f 2053/1993/3165 2055/1995/3165 2056/1997/3165
f 2053/1993/3166 2056/1997/3166 2016/1998/3166
f 2018/1945/789 2053/1992/789 2016/1943/789
f 2055/1995/3167 2057/1999/3167 2056/1997/3167
f 2056/1997/3168 2057/1999/3168 2058/2000/3168
f 2016/1998/3169 2056/1997/3169 2058/2000/3169
f 2058/2000/3170 2057/1999/3170 2059/2001/3170
f 2058/2000/3171 2059/2001/3171 2060/2002/3171
f 2058/2000/3172 2060/2002/3172 2016/1998/3172
f 2060/2002/3173 2061/1950/3173 2062/2003/3173
f 2060/2002/3173 2059/2001/3173 2061/1950/3173
f 2016/1998/3174 2060/2002/3174 2062/2003/3174
f 2061/1950/3175 2063/2004/3175 2062/2003/3175
f 2062/2003/3174 2063/2004/3174 2065/2005/3174
f 2017/2006/181 2062/2003/181 2064/2007/181
f 2062/2003/3171 2065/2005/3171 2064/2007/3171
f 2016/1998/3174 2062/2003/3174 2017/2006/3174
f 2066/1955/3031 2065/2008/3031 2069/1961/3031
f 2066/1955/3031 2068/2009/3031 2065/2008/3031
f 2064/2007/3176 2065/2005/3176 2067/2010/3176
f 2065/2005/3177 2068/2011/3177 2067/2010/3177
f 2069/1961/3031 2065/2008/3031 2063/2012/3031
f 2028/2013/3149 2066/2014/3149 2069/2015/3149
f 2028/2013/3178 2069/2015/3178 2070/2016/3178
f 2070/2016/3179 2069/2015/3179 2071/2017/3179
f 2069/1961/3031 2063/2012/3031 2071/1963/3031
f 2070/2016/3180 2071/2017/3180 2072/2018/3180
f 2072/2018/3180 2071/2017/3180 2073/2019/3180
f 2071/1963/3031 2075/2020/3031 2073/2021/3031
f 2063/2012/3031 2074/2022/3031 2071/1963/3031
f 2071/1963/3031 2074/2022/3031 2075/2020/3031
f 2073/2021/3031 2075/2020/3031 2078/2023/3031
f 2074/2024/3181 2076/2025/3181 2075/2026/3181
f 2075/2026/3182 2076/2025/3182 2077/2027/3182
f 2075/2026/3182 2077/2027/3182 2078/2028/3182
f 2073/2021/3031 2078/2023/3031 2079/2029/3031
f 2079/2029/3031 2078/2023/3031 2081/2030/3031
f 2078/2028/3183 2077/2027/3183 2080/2031/3183
f 2078/2028/3183 2080/2031/3183 2081/2032/3183
f 2081/2032/3184 2080/2031/3184 2082/2033/3184
f 2081/2032/3184 2082/2033/3184 2083/2034/3184
f 2084/2035/3031 2081/2030/3031 2083/2036/3031
f 2079/2029/3031 2081/2030/3031 2084/2035/3031
f 2085/2037/3185 2079/2038/3185 2084/2039/3185
f 2085/2040/3186 2084/2041/3186 2086/2042/3186
f 2086/2042/3186 2084/2041/3186 2087/2043/3186
f 2084/2035/3031 2083/2036/3031 2087/2044/3031
f 2086/2042/3187 2087/2043/3187 2088/2045/3187
f 2088/2045/3187 2087/2043/3187 2089/2046/3187
f 2087/2044/3031 2090/2047/3031 2089/2048/3031
f 2087/2044/3031 2083/2036/3031 2090/2047/3031
f 2089/2048/3031 2090/2047/3031 2093/2049/3031
f 2083/1898/3188 2091/2050/3188 2090/1888/3188
f 2090/1888/3189 2091/2050/3189 2092/2051/3189
f 2090/1888/3189 2092/2051/3189 2093/1889/3189
f 2089/2048/3031 2093/2049/3031 2094/2052/3031
f 2094/2052/3031 2093/2049/3031 2096/2053/3031
f 2093/1889/3190 2092/2051/3190 2095/2054/3190
f 2093/1889/3190 2095/2054/3190 2096/1892/3190
f 2096/1892/3191 2095/2054/3191 2097/2055/3191
f 2096/1892/3191 2097/2055/3191 2098/1836/3191
f 2099/2056/3031 2096/2053/3031 2098/2057/3031
f 2094/2052/3031 2096/2053/3031 2099/2056/3031
f 2100/2058/3192 2094/2059/3192 2099/2060/3192
f 2100/2058/789 2099/2060/789 2101/2061/789
f 2101/2061/789 2099/2060/789 2102/2062/789
f 2099/2056/3031 2103/2063/3031 2102/2064/3031
f 2099/2056/3031 2098/2057/3031 2103/2063/3031
f 2098/1836/3193 2104/2065/3193 2103/1796/3193
f 2103/1796/3194 2104/2065/3194 2105/2066/3194
f 2103/1796/3194 2105/2066/3194 2106/1822/3194
f 2102/2064/3031 2103/2063/3031 2106/2067/3031
f 2107/2068/3031 2106/2067/3031 2109/2069/3031
f 2102/2064/3031 2106/2067/3031 2107/2068/3031
f 2106/1822/3195 2105/2066/3195 2108/2070/3195
f 2106/1822/3195 2108/2070/3195 2109/1819/3195
f 2109/1819/3196 2108/2070/3196 2110/2071/3196
f 2109/1819/3196 2110/2071/3196 2111/1823/3196
f 2112/2072/3031 2109/2069/3031 2111/2073/3031
f 2107/2068/3031 2109/2069/3031 2112/2072/3031
f 2113/2074/3197 2107/2075/3197 2112/2076/3197
f 2113/2074/3198 2112/2076/3198 2114/2077/3198
f 2114/2077/3198 2112/2076/3198 2115/2078/3198
f 2112/2072/3031 2111/2073/3031 2115/2079/3031
f 2114/2077/3199 2115/2078/3199 2116/2080/3199
f 2116/2080/3200 2115/2078/3200 2117/2081/3200
f 2115/2079/3031 2118/2082/3031 2117/2083/3031
f 2115/2079/3031 2111/2073/3031 2118/2082/3031
f 2111/1823/3201 2119/2084/3201 2118/2085/3201
f 2118/2085/3202 2119/2084/3202 2120/2086/3202
f 2118/2085/3202 2120/2086/3202 2121/2087/3202
f 2117/2083/3031 2118/2082/3031 2121/2088/3031
f 2122/2089/3031 2121/2088/3031 2124/2090/3031
f 2117/2083/3031 2121/2088/3031 2122/2089/3031
f 2121/2034/3203 2120/2033/3203 2123/2031/3203
f 2121/2034/3204 2123/2031/3204 2124/2032/3204
f 2124/2032/3205 2123/2031/3205 2125/2027/3205
f 2124/2032/3205 2125/2027/3205 2126/2028/3205
f 2124/2090/3031 2126/2091/3031 2127/2092/3031
f 2122/2089/3031 2124/2090/3031 2127/2092/3031
f 2128/2018/3206 2122/2038/3206 2127/2019/3206
f 2128/2018/3207 2127/2019/3207 2129/2016/3207
f 2129/2016/3207 2127/2019/3207 2130/2017/3207
f 2127/2092/3031 2131/2093/3031 2130/2094/3031
f 2127/2092/3031 2126/2091/3031 2131/2093/3031
f 2126/2028/3208 2132/2025/3208 2131/2026/3208
f 2131/2026/3209 2132/2025/3209 2133/2095/3209
f 2131/2026/3209 2133/2095/3209 2134/2024/3209
f 2130/2094/3031 2131/2093/3031 2134/2096/3031
f 2134/2024/3210 2135/2097/3210 2136/2004/3210
f 2134/2024/3210 2133/2095/3210 2135/2097/3210
f 2130/2094/3031 2134/2096/3031 2137/2098/3031
f 2137/2098/3031 2134/2096/3031 2136/2099/3031
f 2138/2013/3211 2130/2017/3211 2137/2015/3211
f 2138/2013/3212 2137/2015/3212 2139/2100/3212
f 2139/2100/3212 2137/2015/3212 2140/2014/3212
f 2137/2098/3031 2136/2099/3031 2140/2101/3031
f 2139/2100/3213 2140/2014/3213 2141/2102/3213
f 2141/2102/3213 2140/2014/3213 2142/2103/3213
f 2140/2101/3031 2143/2104/3031 2142/2105/3031
f 2140/2101/3031 2136/2099/3031 2143/2104/3031
f 2143/2005/3214 2146/2003/3214 2144/2007/3214
f 2143/2005/3215 2144/2007/3215 2147/2011/3215
f 2136/2004/3216 2145/1950/3216 2143/2005/3216
f 2143/2005/3217 2145/1950/3217 2146/2003/3217
f 2142/2105/3031 2143/2104/3031 2147/2106/3031
f 2149/2107/3031 2147/2106/3031 2148/2108/3031
f 2147/2011/3218 2150/1920/3218 2148/1917/3218
f 2142/2105/3031 2147/2106/3031 2149/2107/3031
f 2147/2011/3219 2151/2010/3219 2150/1920/3219
f 2147/2011/3220 2144/2007/3220 2151/2010/3220
f 2144/2007/3221 2152/2006/3221 2151/2010/3221
f 2152/2006/3222 2153/1921/3222 2151/2010/3222
f 2153/1921/3223 2150/1920/3223 2151/2010/3223
f 2153/1921/3224 2154/1918/3224 2150/1920/3224
f 2155/1919/3225 2154/1918/3225 2153/1921/3225
f 2157/2109/789 2153/2110/789 2152/2111/789
f 2156/2112/789 2155/2113/789 2153/2110/789
f 2156/2112/789 2153/2110/789 2157/2109/789
f 2157/1940/3226 2160/1941/3226 2156/1937/3226
f 2158/1948/3174 2159/1949/3174 2157/1940/3174
f 2157/2109/789 2152/2111/789 2158/2114/789
f 2157/1940/3227 2159/1949/3227 2160/1941/3227
f 2156/1937/3228 2160/1941/3228 2162/1938/3228
f 2161/1951/3229 2160/1941/3229 2159/1949/3229
f 2161/1951/3230 2162/1938/3230 2160/1941/3230
f 2156/1937/3231 2162/1938/3231 2164/1936/3231
f 2163/1939/3232 2162/1938/3232 2161/1951/3232
f 2163/1939/3233 2164/1936/3233 2162/1938/3233
f 2156/1937/3234 2164/1936/3234 2166/1928/3234
f 2165/1934/3235 2164/1936/3235 2163/1939/3235
f 2166/1928/3236 2164/1936/3236 2165/1934/3236
f 2166/1928/3237 2169/1932/3237 2167/1926/3237
f 2167/2115/789 2168/2116/789 2166/2117/789
f 2166/2117/789 2155/2113/789 2156/2112/789
f 2166/2117/789 2168/2116/789 2155/2113/789
f 2166/1928/3238 2165/1934/3238 2169/1932/3238
f 2170/1935/3239 2169/1932/3239 2165/1934/3239
f 2170/1935/3240 2171/1927/3240 2169/1932/3240
f 2167/1926/3241 2169/1932/3241 2171/1927/3241
f 2172/1933/3242 2171/1927/3242 2170/1935/3242
f 2172/1933/3243 2173/1931/3243 2171/1927/3243
f 2167/1926/3244 2171/1927/3244 2173/1931/3244
f 2174/1930/3245 2173/1931/3245 2172/1933/3245
f 2175/1929/3246 2173/1931/3246 2174/1930/3246
f 2167/1926/3247 2173/1931/3247 2175/1929/3247
f 2175/2118/789 2176/2119/789 2167/2115/789
f 2175/2118/789 2177/2120/789 2176/2119/789
f 2178/2121/789 2177/2120/789 2175/2118/789
f 2175/2122/3248 2179/2123/3248 2178/2124/3248
f 2175/1929/3249 2174/1930/3249 2179/2125/3249
f 2180/2126/3250 2179/2125/3250 2174/1930/3250
f 2180/2127/3251 2181/2121/3251 2179/2128/3251
f 2178/2124/3252 2179/2123/3252 2181/2129/3252
f 2178/2124/3253 2181/2129/3253 2182/2130/3253
f 2183/2131/3254 2182/2132/3254 2181/2121/3254
f 2183/2131/3255 2181/2121/3255 2180/2127/3255
f 2184/2133/3020 2183/2129/3020 2180/2134/3020
f 2185/2135/3020 2183/2129/3020 2184/2133/3020
f 2185/2135/3020 2187/2136/3020 2183/2129/3020
f 2186/2137/3256 2182/2132/3256 2183/2131/3256
f 2183/2131/3257 2187/2138/3257 2186/2137/3257
f 1925/1812/3020 2187/2136/3020 2185/2135/3020
f 1925/1812/3020 1921/1808/3020 2187/2136/3020
f 2187/2138/3258 2189/2139/3258 2186/2137/3258
f 1921/1809/3259 2188/1833/3259 2187/2138/3259
f 2187/2138/3260 2188/1833/3260 2189/2139/3260
f 1941/2140/3261 2189/2141/3261 2188/1808/3261
f 2190/2142/3262 2186/2136/3262 2189/2141/3262
f 2190/2142/3263 2189/2141/3263 1941/2140/3263
f 2190/2137/789 2191/2143/789 2178/2121/789
f 2190/2137/789 1937/1820/789 2191/2143/789
f 1941/1833/789 1937/1820/789 2190/2137/789
f 2178/2124/3264 2182/2130/3264 2190/2142/3264
f 2190/2142/3265 2182/2130/3265 2186/2136/3265
f 2191/2144/3266 1931/2145/3266 2192/1817/3266
f 2193/2146/3267 2191/2144/3267 2192/1817/3267
f 2178/2121/789 2191/2143/789 2193/2147/789
f 1937/1830/3268 1932/1818/3268 2191/2144/3268
f 2191/2144/3269 1932/1818/3269 1931/2145/3269
f 2193/2146/3270 2194/2148/3270 2195/2149/3270
f 2192/1817/3271 2194/2148/3271 2193/2146/3271
f 2178/2121/789 2193/2147/789 2177/2120/789
f 2193/2146/3272 2195/2149/3272 2177/2150/3272
f 2197/2085/3273 2195/2147/3273 2194/2151/3273
f 2177/2150/3274 2195/2149/3274 2196/2152/3274
f 2197/2085/3275 2196/2153/3275 2195/2147/3275
f 2198/2135/3031 2199/2154/3031 2197/2149/3031
f 2198/2135/3031 2197/2149/3031 1926/1812/3031
f 1926/1812/3031 2197/2149/3031 1928/1817/3031
f 2197/2085/3276 2194/2151/3276 1928/1823/3276
f 2199/2087/3277 2196/2153/3277 2197/2085/3277
f 2199/2087/3278 2202/2120/3278 2196/2153/3278
f 2198/2135/3031 2200/2155/3031 2199/2154/3031
f 2200/1905/3279 2201/1904/3279 2199/1906/3279
f 2199/1906/3280 2201/1904/3280 2202/1903/3280
f 2177/2150/3281 2196/2152/3281 2202/2154/3281
f 2202/1903/3282 2201/1904/3282 2176/1909/3282
f 2176/1909/3283 2177/1907/3283 2202/1903/3283
f 2200/1905/3284 2203/1908/3284 2201/1904/3284
f 2176/1909/3285 2201/1904/3285 2203/1908/3285
f 2168/1912/3286 2203/1908/3286 2204/1913/3286
f 2200/1905/3287 2204/1913/3287 2203/1908/3287
f 2176/1909/3288 2203/1908/3288 2168/1912/3288
f 2205/1914/3289 2206/1915/3289 2204/1913/3289
f 2205/1914/3290 2204/1913/3290 2200/1905/3290
f 2168/1912/3291 2204/1913/3291 2206/1915/3291
f 2205/1914/3292 2207/1916/3292 2206/1915/3292
f 2206/1915/3293 2207/1916/3293 2155/1919/3293
f 2155/1919/3294 2168/1912/3294 2206/1915/3294
f 2148/1917/3295 2207/1916/3295 2205/1914/3295
f 2148/1917/3296 2154/1918/3296 2207/1916/3296
f 2155/1919/3297 2207/1916/3297 2154/1918/3297
f 2209/2156/3031 2148/2108/3031 2205/2157/3031
f 2208/2133/3031 2205/2157/3031 2200/2155/3031
f 2209/2156/3031 2205/2157/3031 2208/2133/3031
f 2149/2107/3031 2148/2108/3031 2209/2156/3031
f 2210/2158/3298 2149/2159/3298 2209/2160/3298
f 2210/2158/3299 2209/2160/3299 2184/2161/3299
f 2184/2161/3299 2209/2160/3299 2208/2162/3299
f 2210/2156/3020 2172/2163/3020 2211/2107/3020
f 2211/2164/3298 2149/2159/3298 2210/2158/3298
f 2184/2133/3020 2180/2134/3020 2210/2156/3020
f 2210/2156/3020 2180/2134/3020 2172/2163/3020
f 2211/2107/3020 2170/2165/3020 2141/2105/3020
f 2141/2102/3300 2142/2103/3300 2211/2164/3300
f 2211/2164/3300 2142/2103/3300 2149/2159/3300
f 2211/2107/3020 2172/2163/3020 2170/2165/3020
f 2184/2166/3301 2208/2167/3301 2185/2168/3301
f 2185/2168/3301 2208/2167/3301 2198/2169/3301
f 2208/2133/3031 2200/2155/3031 2198/2135/3031
f 2185/2168/3302 2198/2169/3302 1925/1813/3302
f 1925/1813/3302 2198/2169/3302 1926/1814/3302
f 1928/1823/3303 2194/2151/3303 2192/2143/3303
f 1928/1823/3304 2192/2143/3304 1931/1824/3304
f 1921/1809/3305 2212/2170/3305 2188/1833/3305
f 1941/2140/3306 2188/1808/3306 2212/2171/3306
f 1922/1810/3307 2212/2170/3307 1921/1809/3307
f 1940/1847/3308 2212/2171/3308 1922/1802/3308
f 1941/2140/3309 2212/2171/3309 1940/1847/3309
f 2172/1933/3310 2180/2126/3310 2174/1930/3310
f 2167/2115/789 2176/2119/789 2168/2116/789
f 2141/2105/3020 2170/2165/3020 2163/2172/3020
f 2163/1939/3311 2170/1935/3311 2165/1934/3311
f 2139/2101/3020 2163/2172/3020 2161/2173/3020
f 2141/2105/3020 2163/2172/3020 2139/2101/3020
f 2139/2101/3020 2161/2173/3020 2138/2098/3020
f 2138/2098/3020 2161/2173/3020 2213/2174/3020
f 2213/1957/3174 2161/1951/3174 2159/1949/3174
f 2216/1950/3312 2213/1957/3312 2159/1949/3312
f 2214/1958/3313 2213/1957/3313 2216/1950/3313
f 2214/1958/3314 2215/1960/3314 2213/1957/3314
f 2129/2094/3020 2213/2174/3020 2215/2175/3020
f 2138/2098/3020 2213/2174/3020 2129/2094/3020
f 2218/1964/3315 2214/1958/3315 2216/1950/3315
f 2217/1947/3316 2216/1950/3316 2159/1949/3316
f 2216/1950/3316 2217/1947/3316 2218/1964/3316
f 2219/2101/3031 2218/2173/3031 2220/2105/3031
f 2219/2101/3031 2214/2174/3031 2218/2173/3031
f 2220/2105/3031 2218/2173/3031 2222/2172/3031
f 2218/1964/3229 2217/1947/3229 2221/1965/3229
f 2218/1964/3317 2221/1965/3317 2222/1966/3317
f 2226/2107/3031 2222/2172/3031 2223/2165/3031
f 2222/1966/3318 2224/1990/3318 2223/1977/3318
f 2222/1966/3233 2225/1967/3233 2224/1990/3233
f 2222/1966/3319 2221/1965/3319 2225/1967/3319
f 2220/2105/3031 2222/2172/3031 2226/2107/3031
f 2229/2176/3300 2220/1972/3300 2226/1976/3300
f 2227/2177/3298 2226/1976/3298 2228/2178/3298
f 2229/2176/3298 2226/1976/3298 2227/2177/3298
f 2226/2107/3031 2223/2165/3031 2228/2156/3031
f 2229/2107/3020 2230/2108/3020 2232/2105/3020
f 2229/2107/3020 2231/2157/3020 2230/2108/3020
f 2227/2156/3020 2231/2157/3020 2229/2107/3020
f 2232/1975/3300 2220/1972/3300 2229/2176/3300
f 2232/2105/3020 2230/2108/3020 2233/2106/3020
f 2232/2105/3020 2233/2106/3020 2234/2101/3020
f 2234/1971/3213 2219/1969/3213 2232/1975/3213
f 2232/1975/3213 2219/1969/3213 2220/1972/3213
f 2235/1968/3212 2236/1970/3212 2234/1971/3212
f 2234/2101/3020 2237/2104/3020 2235/2098/3020
f 2234/1971/3212 2236/1970/3212 2219/1969/3212
f 2234/2101/3020 2233/2106/3020 2237/2104/3020
f 2240/2000/3320 2237/2001/3320 2238/1997/3320
f 2237/2001/3321 2233/1999/3321 2238/1997/3321
f 2239/2002/3214 2237/2001/3214 2240/2000/3214
f 2239/2002/3138 2135/2097/3138 2237/2001/3138
f 2235/2098/3020 2237/2104/3020 2135/2099/3020
f 2241/1998/3322 2239/2002/3322 2240/2000/3322
f 2241/1998/3323 2240/2000/3323 2242/1993/3323
f 2242/1993/3324 2240/2000/3324 2238/1997/3324
f 2242/1993/3325 2238/1997/3325 2243/1995/3325
f 2242/1993/3326 2243/1995/3326 2244/1996/3326
f 2246/2179/789 2242/2180/789 2244/2181/789
f 2245/2182/789 2241/2183/789 2242/2180/789
f 2245/2182/789 2242/2180/789 2246/2179/789
f 2246/2179/789 2244/2181/789 2247/2184/789
f 2245/1991/3327 2246/1984/3327 2248/1978/3327
f 2247/1983/3328 2249/1982/3328 2246/1984/3328
f 2246/1984/3329 2250/1979/3329 2248/1978/3329
f 2246/1984/3330 2249/1982/3330 2250/1979/3330
f 2223/1977/3239 2248/1978/3239 2250/1979/3239
f 2223/1977/3331 2250/1979/3331 2251/1981/3331
f 2251/1981/3332 2250/1979/3332 2249/1982/3332
f 2254/2133/3031 2251/2163/3031 2252/2134/3031
f 2251/1981/3333 2253/2185/3333 2252/2186/3333
f 2251/1981/3243 2249/1982/3243 2253/2185/3243
f 2228/2156/3031 2223/2165/3031 2251/2163/3031
f 2228/2156/3031 2251/2163/3031 2254/2133/3031
f 2255/2187/3301 2254/2188/3301 2257/2189/3301
f 2256/2190/3301 2254/2188/3301 2255/2187/3301
f 2256/2191/3299 2228/2178/3299 2254/2192/3299
f 2254/2133/3031 2252/2134/3031 2257/2135/3031
f 2257/2135/3031 2259/2129/3031 2258/1812/3031
f 2260/2193/3302 2257/2189/3302 2258/2194/3302
f 2257/2135/3031 2252/2134/3031 2259/2129/3031
f 2255/2187/3302 2257/2189/3302 2260/2193/3302
f 2260/1812/3020 2261/1817/3020 2264/2149/3020
f 2260/1812/3020 2263/1818/3020 2261/1817/3020
f 2260/1812/3020 2264/2149/3020 2255/2135/3020
f 2260/2193/3334 2258/2194/3334 2262/2195/3334
f 2262/1807/3020 2263/1818/3020 2260/1812/3020
f 2255/2135/3020 2264/2149/3020 2265/2154/3020
f 2264/2084/3335 2268/2196/3335 2265/2086/3335
f 2266/2197/3336 2267/2198/3336 2264/2084/3336
f 2264/2084/3337 2261/2071/3337 2266/2197/3337
f 2264/2084/3273 2267/2198/3273 2268/2196/3273
f 2270/2146/3338 2268/2149/3338 2267/2148/3338
f 2265/2086/3339 2268/2196/3339 2269/2199/3339
f 2270/2146/3340 2269/2152/3340 2268/2149/3340
f 2270/2146/3341 2267/2148/3341 2271/2144/3341
f 2274/2200/789 2270/2196/789 2271/2197/789
f 2272/2150/3342 2269/2152/3342 2270/2146/3342
f 2273/2201/789 2272/2202/789 2270/2196/789
f 2273/2201/789 2270/2196/789 2274/2200/789
f 2275/2140/3343 2277/1808/3343 2274/2142/3343
f 2274/2200/789 2271/2197/789 2275/2203/789
f 2274/2142/3344 2278/2141/3344 2276/2136/3344
f 2273/2124/3345 2274/2142/3345 2276/2136/3345
f 2274/2142/3346 2277/1808/3346 2278/2141/3346
f 2279/2204/3347 2278/2205/3347 2277/2203/3347
f 2280/2206/3348 2278/2205/3348 2279/2204/3348
f 2280/2206/3258 2276/2200/3258 2278/2205/3258
f 2258/1812/3031 2280/2136/3031 2281/1807/3031
f 2258/1812/3031 2259/2129/3031 2280/2136/3031
f 2281/1807/3031 2280/2136/3031 2279/1808/3031
f 2259/2207/3349 2282/2208/3349 2280/2206/3349
f 2280/2206/3350 2282/2208/3350 2276/2200/3350
f 2259/2207/3254 2283/2201/3254 2282/2208/3254
f 2276/2136/3351 2282/2130/3351 2273/2124/3351
f 2273/2124/3352 2282/2130/3352 2283/2129/3352
f 2259/2207/3353 2284/2209/3353 2283/2201/3353
f 2285/2122/3354 2283/2129/3354 2284/2123/3354
f 2273/2124/3355 2283/2129/3355 2285/2122/3355
f 2286/2210/789 2288/2211/789 2285/2212/789
f 2247/2184/789 2286/2210/789 2285/2212/789
f 2247/1983/3356 2285/2213/3356 2287/2214/3356
f 2285/2212/789 2272/2202/789 2273/2201/789
f 2285/2212/789 2288/2211/789 2272/2202/789
f 2285/2122/3102 2284/2123/3102 2287/2134/3102
f 2288/2215/3357 2290/2216/3357 2289/2217/3357
f 2288/2215/3358 2289/2217/3358 2272/2218/3358
f 2288/2215/3359 2291/2219/3359 2290/2216/3359
f 2286/2220/3360 2291/2219/3360 2288/2215/3360
f 2231/2221/3289 2291/2219/3289 2292/2222/3289
f 2231/2221/3361 2290/2216/3361 2291/2219/3361
f 2286/2220/3362 2292/2222/3362 2291/2219/3362
f 2292/2222/3363 2293/2223/3363 2230/2224/3363
f 2230/2224/3364 2231/2221/3364 2292/2222/3364
f 2286/2220/3365 2293/2223/3365 2292/2222/3365
f 2230/2224/3296 2293/2223/3296 2294/1994/3296
f 2244/1996/3366 2294/1994/3366 2293/2223/3366
f 2244/1996/3367 2293/2223/3367 2286/2220/3367
f 2230/2224/3368 2294/1994/3368 2233/1999/3368
f 2233/1999/3369 2294/1994/3369 2243/1995/3369
f 2244/1996/3370 2243/1995/3370 2294/1994/3370
f 2295/2225/3371 2290/2216/3371 2231/2221/3371
f 2295/2225/3372 2289/2217/3372 2290/2216/3372
f 2296/2226/3373 2289/2217/3373 2295/2225/3373
f 2295/2225/3374 2265/2227/3374 2296/2226/3374
f 2256/2133/3020 2265/2154/3020 2295/2155/3020
f 2256/2133/3020 2295/2155/3020 2227/2156/3020
f 2227/2156/3020 2295/2155/3020 2231/2157/3020
f 2265/2086/3278 2269/2199/3278 2296/2202/3278
f 2272/2218/3375 2289/2217/3375 2296/2226/3375
f 2272/2150/3376 2296/2154/3376 2269/2152/3376
f 2252/2186/3250 2287/2214/3250 2284/2228/3250
f 2252/2186/3377 2253/2185/3377 2287/2214/3377
f 2287/2214/3378 2253/2185/3378 2247/1983/3378
f 2247/2184/789 2244/2181/789 2286/2210/789
f 2252/2229/3379 2284/2209/3379 2259/2207/3379
f 2262/2195/3030 2281/2230/3030 2298/2231/3030
f 2262/2195/3029 2258/2194/3029 2281/2230/3029
f 2281/1807/3031 2279/1808/3031 2297/1800/3031
f 2298/2231/3030 2281/2230/3030 2297/2232/3030
f 2298/1800/3020 2299/1826/3020 2300/1825/3020
f 2301/1794/3020 2299/1826/3020 2298/1800/3020
f 2298/1800/3020 2300/1825/3020 2262/1807/3020
f 2298/2231/3022 2297/2232/3022 2301/2065/3022
f 2301/1794/3020 2302/1840/3020 2299/1826/3020
f 2303/1792/3020 2302/1840/3020 2301/1794/3020
f 2301/2065/3021 2304/2233/3021 2303/2234/3021
f 2301/2065/3022 2297/2232/3022 2304/2233/3022
f 2303/2234/3021 2304/2233/3021 2305/2235/3021
f 2304/1794/3031 2307/1799/3031 2305/1792/3031
f 2297/1800/3031 2306/1802/3031 2304/1794/3031
f 2304/1794/3031 2306/1802/3031 2307/1799/3031
f 2305/1792/3031 2307/1799/3031 2308/1793/3031
f 2307/2233/3380 2310/2236/3380 2308/2237/3380
f 2306/2238/3381 2309/2239/3381 2307/2233/3381
f 2307/2233/3382 2309/2239/3382 2310/2236/3382
f 2308/2237/3383 2310/2236/3383 2311/2240/3383
f 2310/1799/3384 2313/1835/3384 2311/1851/3384
f 2310/1799/3385 2312/1847/3385 2313/1835/3385
f 2309/1848/3386 2312/1847/3386 2310/1799/3386
f 2313/2236/789 2314/2241/789 2315/2242/789
f 2312/2243/789 2314/2241/789 2313/2236/789
f 2313/2236/789 2315/2242/789 2316/2244/789
f 2311/1851/3387 2313/1835/3387 2316/1846/3387
f 2316/2244/789 2317/2245/789 2318/2246/789
f 2316/2244/789 2315/2242/789 2317/2245/789
f 2320/1852/3388 2316/1846/3388 2318/1850/3388
f 2311/1851/3389 2316/1846/3389 2319/1793/3389
f 2319/1793/3390 2316/1846/3390 2320/1852/3390
f 2319/2244/3391 2320/2247/3391 2322/2248/3391
f 2320/1852/3392 2318/1850/3392 2321/1854/3392
f 2322/2248/3063 2320/2247/3063 2321/2246/3063
f 2323/1856/3031 2322/1854/3031 2325/1876/3031
f 2323/1856/3031 2308/1793/3031 2322/1854/3031
f 2325/1876/3031 2322/1854/3031 2324/1857/3031
f 2322/2248/3393 2321/2246/3393 2324/2249/3393
f 2322/2248/3394 2308/2237/3394 2319/2244/3394
f 2327/2250/3080 2323/2251/3080 2325/2252/3080
f 2325/1876/3031 2324/1857/3031 2326/1875/3031
f 2328/2253/3081 2325/2252/3081 2326/2254/3081
f 2327/2250/3081 2325/2252/3081 2328/2253/3081
f 2328/1875/3020 2329/1902/3020 2332/1886/3020
f 2331/2255/3020 2329/1902/3020 2328/1875/3020
f 2328/2253/3395 2326/2254/3395 2330/2256/3395
f 2330/2257/3020 2331/2255/3020 2328/1875/3020
f 2328/1875/3020 2332/1886/3020 2327/1876/3020
f 2327/1876/3020 2332/1886/3020 2333/1887/3020
f 2334/2258/3396 2333/2051/3396 2332/2050/3396
f 2334/2258/3397 2332/2050/3397 2335/2259/3397
f 2335/2259/3398 2332/2050/3398 2336/2260/3398
f 2336/2260/3399 2332/2050/3399 2329/2261/3399
f 2338/1901/3400 2335/1886/3400 2336/1900/3400
f 2336/2260/3097 2329/2261/3097 2337/2262/3097
f 2338/1901/3401 2336/1900/3401 2337/1902/3401
f 2339/2215/3402 2338/2218/3402 2337/2226/3402
f 2342/2263/789 2338/2262/789 2339/2264/789
f 2341/2265/789 2340/2259/789 2338/2262/789
f 2340/1895/3403 2335/1886/3403 2338/1901/3403
f 2341/2265/789 2338/2262/789 2342/2263/789
f 2343/1872/3404 2341/1863/3404 2342/1870/3404
f 2345/2185/3405 2342/2213/3405 2047/1983/3405
f 2342/2263/789 2339/2264/789 2047/1989/789
f 2343/1872/3406 2342/1870/3406 2344/1877/3406
f 2344/2214/3407 2342/2213/3407 2345/2185/3407
f 2044/1981/3124 2345/2185/3124 2045/1982/3124
f 2344/2214/3408 2345/2185/3408 2044/1981/3408
f 2345/2185/3409 2047/1983/3409 2045/1982/3409
f 2044/1981/3410 2346/2186/3410 2344/2214/3410
f 2346/2186/3411 2343/2228/3411 2344/2214/3411
f 2350/2266/3031 2346/1877/3031 2044/1980/3031
f 2349/2257/3031 2347/1869/3031 2346/1877/3031
f 2347/2267/3412 2348/2265/3412 2346/2268/3412
f 2346/2268/3413 2348/2265/3413 2343/2269/3413
f 2349/2257/3031 2346/1877/3031 2350/2266/3031
f 2351/2176/3414 2350/2178/3414 2040/1976/3414
f 2352/2177/3414 2350/2178/3414 2351/2176/3414
f 2352/2177/3415 2349/2192/3415 2350/2178/3415
f 2350/2266/3031 2044/1980/3031 2040/1973/3031
f 2351/1973/3020 2353/2270/3020 2352/2266/3020
f 2352/2266/3020 2353/2270/3020 2354/2271/3020
f 2330/2191/3415 2349/2192/3415 2352/2177/3415
f 2352/2266/3020 2354/2271/3020 2330/2257/3020
f 2330/2257/3020 2354/2271/3020 2331/2255/3020
f 2355/2219/3416 2331/2225/3416 2354/2221/3416
f 2355/2219/3108 2354/2221/3108 2356/2222/3108
f 2356/2222/3417 2354/2221/3417 2357/2223/3417
f 2357/2223/3418 2354/2221/3418 2353/2224/3418
f 2357/2223/3114 2353/2224/3114 2054/1994/3114
f 2049/1996/3419 2357/2223/3419 2054/1994/3419
f 2356/2222/3420 2357/2223/3420 2049/1996/3420
f 2050/2220/3421 2355/2219/3421 2356/2222/3421
f 2049/1996/3422 2050/2220/3422 2356/2222/3422
f 2358/2216/3423 2331/2225/3423 2355/2219/3423
f 2050/2220/3424 2358/2216/3424 2355/2219/3424
f 2339/2215/3425 2359/2217/3425 2358/2216/3425
f 2359/2217/3103 2331/2225/3103 2358/2216/3103
f 2339/2215/3426 2358/2216/3426 2050/2220/3426
f 2359/2217/3427 2329/2227/3427 2331/2225/3427
f 2337/2226/3428 2329/2227/3428 2359/2217/3428
f 2337/2226/3429 2359/2217/3429 2339/2215/3429
f 2054/1994/3430 2353/2224/3430 2055/1995/3430
f 2055/1995/3431 2353/2224/3431 2057/1999/3431
f 2351/1973/3020 2057/2009/3020 2353/2270/3020
f 2351/2176/3151 2040/1976/3151 2041/1975/3151
f 2041/1952/3020 2057/2009/3020 2351/1973/3020
f 2330/2256/3395 2326/2254/3395 2349/2272/3395
f 2326/1875/3031 2347/1869/3031 2349/2257/3031
f 2347/2267/3077 2360/2273/3077 2348/2265/3077
f 2348/1869/3432 2341/1863/3432 2343/1872/3432
f 2360/1865/3433 2341/1863/3433 2348/1869/3433
f 2361/2274/3434 2360/2273/3434 2347/2267/3434
f 2360/1865/3435 2362/1860/3435 2341/1863/3435
f 2361/1857/3436 2362/1860/3436 2360/1865/3436
f 2362/2274/789 2363/2275/789 2341/2265/789
f 2364/1861/3437 2318/1850/3437 2362/1860/3437
f 2318/2246/789 2365/2276/789 2362/2274/789
f 2362/2274/789 2365/2276/789 2363/2275/789
f 2364/1861/3438 2362/1860/3438 2361/1857/3438
f 2365/1843/3439 2366/1884/3439 2363/1894/3439
f 2365/1843/3440 2368/1842/3440 2366/1884/3440
f 2367/1840/3441 2368/1842/3441 2365/1843/3441
f 2365/1843/3442 2317/1839/3442 2367/1840/3442
f 2318/2246/789 2317/2245/789 2365/2276/789
f 2368/2277/3443 2302/2055/3443 2369/2054/3443
f 2367/2245/3444 2302/2055/3444 2368/2277/3444
f 2368/2277/3445 2369/2054/3445 2366/2276/3445
f 2303/1792/3020 2369/1884/3020 2302/1840/3020
f 2366/2276/3446 2369/2054/3446 2370/2278/3446
f 2370/2278/3447 2369/2054/3447 2333/2051/3447
f 2371/1856/3020 2333/1887/3020 2369/1884/3020
f 2371/1856/3020 2369/1884/3020 2303/1792/3020
f 2327/1876/3020 2333/1887/3020 2371/1856/3020
f 2371/2279/3080 2323/2251/3080 2327/2250/3080
f 2303/2234/3448 2305/2235/3448 2371/2279/3448
f 2371/2279/3448 2305/2235/3448 2323/2251/3448
f 2363/1894/3449 2366/1884/3449 2370/1893/3449
f 2370/2278/3083 2333/2051/3083 2372/2275/3083
f 2363/1894/3450 2370/1893/3450 2372/1887/3450
f 2372/2275/3451 2333/2051/3451 2334/2258/3451
f 2372/1887/3452 2334/1896/3452 2340/1895/3452
f 2340/1895/3453 2363/1894/3453 2372/1887/3453
f 2317/1839/3454 2373/1838/3454 2367/1840/3454
f 2373/2280/3049 2302/2055/3049 2367/2245/3049
f 2317/1839/3455 2374/1826/3455 2373/1838/3455
f 2374/2242/3456 2299/2065/3456 2373/2280/3456
f 2373/2280/3457 2299/2065/3457 2302/2055/3457
f 2374/2242/3458 2300/2066/3458 2299/2065/3458
f 2315/1835/3459 2374/1826/3459 2317/1839/3459
f 2315/1835/3460 2375/1832/3460 2374/1826/3460
f 2375/2281/3461 2300/2066/3461 2374/2242/3461
f 2375/2281/3037 2376/2241/3037 2300/2066/3037
f 2314/1831/3462 2376/1825/3462 2375/1832/3462
f 2314/1831/3463 2375/1832/3463 2315/1835/3463
f 2300/2066/3464 2376/2241/3464 2263/2070/3464
f 2376/2241/3465 2377/2282/3465 2263/2070/3465
f 2314/1831/3466 2377/1829/3466 2376/1825/3466
f 2263/2070/3032 2377/2282/3032 2378/2283/3032
f 2379/1830/3467 2378/1818/3467 2377/1829/3467
f 2379/1830/3468 2377/1829/3468 2314/1831/3468
f 2379/1830/3469 2380/2145/3469 2378/1818/3469
f 2271/2144/3470 2380/2145/3470 2379/1830/3470
f 2312/2243/789 2379/2283/789 2314/2241/789
f 2275/2203/789 2271/2197/789 2379/2283/789
f 2275/2203/789 2379/2283/789 2312/2243/789
f 2261/2071/3304 2380/2284/3304 2266/2197/3304
f 2261/2071/3471 2378/2283/3471 2380/2284/3471
f 2271/2144/3472 2266/1817/3472 2380/2145/3472
f 2263/2070/3473 2378/2283/3473 2261/2071/3473
f 2324/2249/3069 2364/2285/3069 2361/2274/3069
f 2324/2249/3474 2321/2246/3474 2364/2285/3474
f 2321/1854/3475 2318/1850/3475 2364/1861/3475
f 2341/2265/789 2363/2275/789 2340/2259/789
f 2347/2267/3476 2324/2249/3476 2361/2274/3476
f 2326/1875/3031 2324/1857/3031 2347/1869/3031
f 2340/1895/3477 2334/1896/3477 2335/1886/3477
f 2047/1989/789 2339/2264/789 2050/1988/789
f 2305/1792/3031 2308/1793/3031 2323/1856/3031
f 2308/2237/3061 2311/2240/3061 2319/2244/3061
f 2312/1847/3478 2381/1802/3478 2275/2140/3478
f 2309/1848/3479 2381/1802/3479 2312/1847/3479
f 2381/1802/3480 2382/2171/3480 2275/2140/3480
f 2306/2238/3481 2382/2286/3481 2381/2243/3481
f 2306/2238/3027 2381/2243/3027 2309/2239/3027
f 2275/2140/3482 2382/2171/3482 2277/1808/3482
f 2279/2204/3483 2277/2203/3483 2382/2286/3483
f 2279/2204/3484 2382/2286/3484 2306/2238/3484
f 2297/1800/3031 2279/1808/3031 2306/1802/3031
f 2262/1807/3020 2300/1825/3020 2263/1818/3020
f 2271/2144/3485 2267/2148/3485 2266/1817/3485
f 2255/2135/3020 2265/2154/3020 2256/2133/3020
f 2227/2177/3299 2228/2178/3299 2256/2191/3299
f 2247/1983/3486 2253/2185/3486 2249/1982/3486
f 2223/1977/3487 2224/1990/3487 2248/1978/3487
f 2224/1990/3488 2245/1991/3488 2248/1978/3488
f 2225/1967/3489 2158/1948/3489 2245/1991/3489
f 2158/2114/789 2241/2183/789 2245/2182/789
f 2225/1967/3490 2245/1991/3490 2224/1990/3490
f 2233/1999/3219 2243/1995/3219 2238/1997/3219
f 2152/2006/3138 2239/2002/3138 2241/1998/3138
f 2158/2114/789 2152/2111/789 2241/2183/789
f 2145/1950/3491 2135/2097/3491 2239/2002/3491
f 2146/2003/3138 2239/2002/3138 2152/2006/3138
f 2145/1950/3217 2239/2002/3217 2146/2003/3217
f 2235/1968/3211 2383/2287/3211 2236/1970/3211
f 2383/2094/3031 2384/2175/3031 2236/2098/3031
f 2236/2098/3031 2214/2174/3031 2219/2101/3031
f 2236/2098/3031 2384/2175/3031 2214/2174/3031
f 2383/2094/3031 2385/2288/3031 2384/2175/3031
f 2385/2289/3492 2386/2290/3492 2384/1959/3492
f 2384/1959/3314 2215/1960/3314 2214/1958/3314
f 2384/1959/3492 2386/2290/3492 2215/1960/3492
f 2385/2289/3493 2388/2291/3493 2386/2290/3493
f 2387/2089/3020 2386/2288/3020 2388/2292/3020
f 2128/2092/3020 2386/2288/3020 2387/2089/3020
f 2128/2092/3020 2215/2175/3020 2386/2288/3020
f 2387/2089/3020 2388/2292/3020 2116/2083/3020
f 2116/2083/3020 2388/2292/3020 2389/2293/3020
f 2390/2294/3494 2389/2295/3494 2388/2291/3494
f 2390/2294/3493 2388/2291/3493 2385/2289/3493
f 2391/2092/3031 2390/2292/3031 2385/2288/3031
f 2393/2089/3031 2390/2292/3031 2391/2092/3031
f 2393/2089/3031 2392/2293/3031 2390/2292/3031
f 2392/2296/3494 2389/2295/3494 2390/2294/3494
f 2394/2297/3206 2393/2298/3206 2391/2299/3206
f 2395/2300/3206 2393/2298/3206 2394/2297/3206
f 2395/2300/3495 2396/2301/3495 2393/2298/3495
f 2396/2083/3031 2392/2293/3031 2393/2089/3031
f 2397/2302/3495 2396/2301/3495 2395/2300/3495
f 2397/2303/3200 2398/2304/3200 2396/2305/3200
f 2398/2079/3031 2399/2306/3031 2396/2083/3031
f 2396/2083/3031 2399/2306/3031 2392/2293/3031
f 2398/2079/3031 2400/2307/3031 2399/2306/3031
f 2400/2206/3496 2401/2138/3496 2399/2207/3496
f 2399/2207/3496 2401/2138/3496 2402/2131/3496
f 2399/2207/3497 2402/2131/3497 2392/2229/3497
f 2113/2072/3020 2402/2306/3020 2401/2307/3020
f 2114/2079/3020 2402/2306/3020 2113/2072/3020
f 2392/2229/3497 2402/2131/3497 2389/2127/3497
f 2114/2079/3020 2389/2293/3020 2402/2306/3020
f 2400/2206/3498 2404/1809/3498 2401/2138/3498
f 2403/2068/3020 2401/2307/3020 2404/2308/3020
f 2113/2072/3020 2401/2307/3020 2403/2068/3020
f 2403/2068/3020 2404/2308/3020 2101/2064/3020
f 2404/2308/3020 2405/2309/3020 2101/2064/3020
f 2406/2204/3499 2405/1806/3499 2404/1809/3499
f 2406/2204/3498 2404/1809/3498 2400/2206/3498
f 2407/2068/3031 2406/2308/3031 2409/2072/3031
f 2407/2068/3031 2408/2309/3031 2406/2308/3031
f 2408/2238/3499 2405/1806/3499 2406/2204/3499
f 2409/2072/3031 2406/2308/3031 2400/2307/3031
f 2411/2310/3197 2407/2311/3197 2409/2312/3197
f 2410/2313/3198 2409/2312/3198 2398/2304/3198
f 2411/2310/3198 2409/2312/3198 2410/2313/3198
f 2409/2072/3031 2400/2307/3031 2398/2079/3031
f 2411/2072/3020 2110/2073/3020 2412/2068/3020
f 2411/2072/3020 2119/2082/3020 2110/2073/3020
f 2410/2079/3020 2119/2082/3020 2411/2072/3020
f 2412/2314/3197 2407/2311/3197 2411/2310/3197
f 2412/2068/3020 2108/2069/3020 2413/2064/3020
f 2412/2068/3020 2110/2073/3020 2108/2069/3020
f 2413/2315/3500 2414/2316/3500 2412/2314/3500
f 2412/2314/3500 2414/2316/3500 2407/2311/3500
f 2415/2056/3031 2416/2317/3031 2414/2064/3031
f 2413/2315/789 2415/2318/789 2414/2316/789
f 2414/2064/3031 2408/2309/3031 2407/2068/3031
f 2414/2064/3031 2416/2317/3031 2408/2309/3031
f 2415/2056/3031 2417/2319/3031 2416/2317/3031
f 2417/2237/3501 2418/1803/3501 2416/2233/3501
f 2416/2233/3501 2418/1803/3501 2419/1795/3501
f 2416/2233/3502 2419/1795/3502 2408/2238/3502
f 2100/2056/3020 2419/2317/3020 2418/2319/3020
f 2408/2238/3502 2419/1795/3502 2405/1806/3502
f 2101/2064/3020 2405/2309/3020 2419/2317/3020
f 2101/2064/3020 2419/2317/3020 2100/2056/3020
f 2417/2237/3503 2421/1855/3503 2418/1803/3503
f 2420/2052/3020 2418/2319/3020 2421/2320/3020
f 2100/2056/3020 2418/2319/3020 2420/2052/3020
f 2088/2048/3020 2421/2320/3020 2422/2321/3020
f 2420/2052/3020 2421/2320/3020 2088/2048/3020
f 2423/2248/3504 2422/1858/3504 2421/1855/3504
f 2423/2248/3503 2421/1855/3503 2417/2237/3503
f 2424/2052/3031 2423/2320/3031 2415/2056/3031
f 2424/2052/3031 2425/2321/3031 2423/2320/3031
f 2423/2320/3031 2417/2319/3031 2415/2056/3031
f 2425/2249/3504 2422/1858/3504 2423/2248/3504
f 2428/2048/3031 2425/2321/3031 2424/2052/3031
f 2428/2048/3031 2426/2322/3031 2425/2321/3031
f 2426/2267/3505 2427/1873/3505 2425/2249/3505
f 2425/2249/3505 2427/1873/3505 2422/1858/3505
f 2429/2044/3031 2426/2322/3031 2428/2048/3031
f 2431/2323/3187 2429/2324/3187 2428/2325/3187
f 2430/2326/3506 2428/2325/3506 2424/2327/3506
f 2431/2323/3506 2428/2325/3506 2430/2326/3506
f 2431/2048/3020 2095/2053/3020 2092/2049/3020
f 2430/2052/3020 2095/2053/3020 2431/2048/3020
f 2431/2048/3020 2092/2049/3020 2432/2044/3020
f 2432/2328/3187 2429/2324/3187 2431/2323/3187
f 2433/2329/3186 2434/2330/3186 2432/2328/3186
f 2432/2044/3020 2091/2047/3020 2433/2035/3020
f 2432/2328/3186 2434/2330/3186 2429/2324/3186
f 2432/2044/3020 2092/2049/3020 2091/2047/3020
f 2433/2302/3185 2435/2298/3185 2434/2301/3185
f 2435/2029/3031 2436/2331/3031 2434/2035/3031
f 2434/2035/3031 2437/2332/3031 2429/2044/3031
f 2434/2035/3031 2436/2331/3031 2437/2332/3031
f 2437/2268/3507 2438/1878/3507 2426/2267/3507
f 2437/2296/3508 2439/2291/3508 2438/2295/3508
f 2429/2044/3031 2437/2332/3031 2426/2322/3031
f 2436/2294/3508 2439/2291/3508 2437/2296/3508
f 2072/2021/3020 2439/2331/3020 2441/2333/3020
f 2440/2029/3020 2439/2331/3020 2072/2021/3020
f 2440/2029/3020 2438/2332/3020 2439/2331/3020
f 2436/2294/3509 2441/2290/3509 2439/2291/3509
f 2072/2021/3020 2441/2333/3020 2070/1963/3020
f 2070/1963/3020 2441/2333/3020 2027/1962/3020
f 2442/2289/3510 2027/1960/3510 2441/2290/3510
f 2442/2289/3509 2441/2290/3509 2436/2294/3509
f 2443/2021/3031 2026/1962/3031 2442/2333/3031
f 2026/1959/3510 2027/1960/3510 2442/2289/3510
f 2443/2021/3031 2442/2333/3031 2435/2029/3031
f 2435/2029/3031 2442/2333/3031 2436/2331/3031
f 2031/1963/3031 2026/1962/3031 2443/2021/3031
f 2445/2297/3511 2031/2287/3511 2443/2299/3511
f 2444/2300/3512 2443/2299/3512 2435/2298/3512
f 2445/2297/3512 2443/2299/3512 2444/2300/3512
f 2445/2021/3020 2080/2030/3020 2077/2023/3020
f 2444/2029/3020 2080/2030/3020 2445/2021/3020
f 2446/2334/3511 2031/2287/3511 2445/2297/3511
f 2445/2021/3020 2076/2020/3020 2446/1963/3020
f 2445/2021/3020 2077/2023/3020 2076/2020/3020
f 2446/1963/3020 2447/2022/3020 2037/1961/3020
f 2446/1963/3020 2076/2020/3020 2447/2022/3020
f 2037/1968/3179 2030/1970/3179 2446/2334/3179
f 2446/2334/3179 2030/1970/3179 2031/2287/3179
f 2063/2004/3513 2447/2095/3513 2074/2024/3513
f 2063/2004/3513 2448/2097/3513 2447/2095/3513
f 2037/1961/3020 2447/2022/3020 2448/2012/3020
f 2074/2024/3181 2447/2095/3181 2076/2025/3181
f 2061/1950/3514 2448/2097/3514 2063/2004/3514
f 2061/1950/3515 2059/2001/3515 2448/2097/3515
f 2037/1961/3020 2448/2012/3020 2038/1955/3020
f 2038/1955/3020 2448/2012/3020 2059/2008/3020
f 2444/2029/3020 2082/2036/3020 2080/2030/3020
f 2444/2300/3185 2435/2298/3185 2433/2302/3185
f 2433/2035/3020 2082/2036/3020 2444/2029/3020
f 2072/2018/3512 2073/2019/3512 2440/2335/3512
f 2440/2335/3512 2073/2019/3512 2079/2038/3512
f 2440/2335/3185 2079/2038/3185 2085/2037/3185
f 2085/2035/3020 2438/2332/3020 2440/2029/3020
f 2426/2267/3507 2438/1878/3507 2427/1873/3507
f 2085/2035/3020 2427/2322/3020 2438/2332/3020
f 2433/2035/3020 2091/2047/3020 2082/2036/3020
f 2430/2052/3020 2097/2057/3020 2095/2053/3020
f 2449/2056/3020 2097/2057/3020 2430/2052/3020
f 2430/2326/3192 2424/2327/3192 2449/2336/3192
f 2449/2056/3020 2104/2063/3020 2097/2057/3020
f 2449/2336/789 2415/2318/789 2413/2315/789
f 2413/2064/3020 2104/2063/3020 2449/2056/3020
f 2449/2336/3192 2424/2327/3192 2415/2318/3192
f 2086/2044/3020 2422/2321/3020 2427/2322/3020
f 2086/2044/3020 2427/2322/3020 2085/2035/3020
f 2088/2048/3020 2422/2321/3020 2086/2044/3020
f 2088/2045/3506 2089/2046/3506 2420/2337/3506
f 2420/2337/3506 2089/2046/3506 2094/2059/3506
f 2420/2337/3192 2094/2059/3192 2100/2058/3192
f 2413/2064/3020 2108/2069/3020 2105/2067/3020
f 2413/2064/3020 2105/2067/3020 2104/2063/3020
f 2410/2313/3199 2398/2304/3199 2397/2303/3199
f 2397/2083/3020 2120/2088/3020 2410/2079/3020
f 2410/2079/3020 2120/2088/3020 2119/2082/3020
f 2403/2338/3197 2107/2075/3197 2113/2074/3197
f 2403/2338/3500 2102/2062/3500 2107/2075/3500
f 2101/2061/3500 2102/2062/3500 2403/2338/3500
f 2397/2083/3020 2123/2090/3020 2120/2088/3020
f 2395/2089/3020 2123/2090/3020 2397/2083/3020
f 2395/2089/3020 2125/2091/3020 2123/2090/3020
f 2394/2092/3020 2125/2091/3020 2395/2089/3020
f 2394/2297/3207 2391/2299/3207 2450/2334/3207
f 2450/2094/3020 2132/2093/3020 2394/2092/3020
f 2394/2092/3020 2132/2093/3020 2125/2091/3020
f 2135/2099/3020 2133/2096/3020 2450/2094/3020
f 2235/2098/3020 2135/2099/3020 2450/2094/3020
f 2450/2334/3516 2383/2287/3516 2235/1968/3516
f 2450/2334/3207 2391/2299/3207 2383/2287/3207
f 2450/2094/3020 2133/2096/3020 2132/2093/3020
f 2391/2092/3031 2385/2288/3031 2383/2094/3031
f 2116/2083/3020 2389/2293/3020 2114/2079/3020
f 2387/2335/3206 2122/2038/3206 2128/2018/3206
f 2387/2335/3495 2117/2039/3495 2122/2038/3495
f 2116/2037/3495 2117/2039/3495 2387/2335/3495
f 2221/1965/3517 2158/1948/3517 2225/1967/3517
f 2221/1965/3518 2217/1947/3518 2158/1948/3518
f 2158/1948/3174 2217/1947/3174 2159/1949/3174
f 2129/2094/3020 2215/2175/3020 2128/2092/3020
f 2148/1917/3519 2150/1920/3519 2154/1918/3519
f 2146/2003/3520 2152/2006/3520 2144/2007/3520
f 2136/2004/3521 2135/2097/3521 2145/1950/3521
f 2129/2016/3516 2130/2017/3516 2138/2013/3516
f 2126/2028/3208 2125/2027/3208 2132/2025/3208
f 2111/1823/3201 2110/2071/3201 2119/2084/3201
f 2098/1836/3193 2097/2055/3193 2104/2065/3193
f 2083/1898/3188 2082/2261/3188 2091/2050/3188
f 2070/1963/3020 2027/1962/3020 2028/1961/3020
f 2451/1952/3031 2068/2009/3031 2066/1955/3031
f 2451/1952/3031 1995/2270/3031 2068/2009/3031
f 2068/2011/3167 1999/1920/3167 2067/2010/3167
f 1995/1917/3522 1997/1918/3522 2068/2011/3522
f 2068/2011/3523 1997/1918/3523 1999/1920/3523
f 2023/2102/3150 2451/2103/3150 2024/2100/3150
f 2023/2102/3151 2452/2159/3151 2451/2103/3151
f 2024/2100/3150 2451/2103/3150 2066/2014/3150
f 2452/1973/3031 1995/2270/3031 2451/1952/3031
f 2453/2266/3031 1993/2271/3031 2452/1973/3031
f 2454/2164/3414 2453/2160/3414 2452/2159/3414
f 2454/2164/3151 2452/2159/3151 2023/2102/3151
f 2452/1973/3031 1993/2271/3031 1995/2270/3031
f 2454/1973/3020 2008/1974/3020 2455/2266/3020
f 2455/2158/3414 2453/2160/3414 2454/2164/3414
f 2023/1952/3020 2012/1954/3020 2454/1973/3020
f 2454/1973/3020 2012/1954/3020 2008/1974/3020
f 2455/2266/3020 2006/1980/3020 2456/2257/3020
f 2456/2161/3415 2457/2162/3415 2455/2158/3415
f 2455/2158/3415 2457/2162/3415 2453/2160/3415
f 2455/2266/3020 2008/1974/3020 2006/1980/3020
f 1974/1875/3031 1984/1902/3031 2457/2257/3031
f 2456/2339/3395 1974/1885/3395 2457/2340/3395
f 2457/2257/3031 1987/2255/3031 2453/2266/3031
f 2457/2257/3031 1984/1902/3031 1987/2255/3031
f 2456/2257/3020 1970/1877/3020 1969/1875/3020
f 1969/1883/3395 1974/1885/3395 2456/2339/3395
f 2456/2257/3020 2006/1980/3020 1970/1877/3020
f 2453/2266/3031 1987/2255/3031 1993/2271/3031
f 2000/1921/3524 2064/2007/3524 2067/2010/3524
f 2000/1921/3525 2067/2010/3525 1999/1920/3525
f 2024/2100/3149 2066/2014/3149 2028/2013/3149
f 2017/2006/3526 2064/2007/3526 2000/1921/3526
f 2041/1952/3020 2059/2008/3020 2057/2009/3020
f 2038/1955/3020 2059/2008/3020 2041/1952/3020
f 2035/1965/3527 2018/1948/3527 2019/1947/3527
f 2010/1946/789 2017/1944/789 2000/1925/789
f 2010/1946/789 2000/1925/789 2001/1924/789
f 2006/1933/3528 2004/1931/3528 1970/2126/3528
f 1970/2126/3529 2004/1931/3529 2003/1930/3529
f 1970/2126/3411 2003/1930/3411 1967/2125/3411
f 1964/1929/3530 1967/2125/3530 2003/1930/3530
f 1987/1905/3531 1989/1908/3531 1993/1914/3531
f 1974/1875/3031 1975/1886/3031 1984/1902/3031
f 1948/1843/3532 1979/1884/3532 1947/1842/3532
f 1976/1892/3445 1947/2341/3445 1979/1845/3445
f 1972/1856/3031 1943/1840/3031 1976/1884/3031
f 1945/1841/3533 1947/2341/3533 1976/1892/3533
f 1976/1892/3534 1943/1836/3534 1945/1841/3534
f 2458/1792/3031 1943/1840/3031 1972/1856/3031
f 1956/1879/3448 2458/2342/3448 1972/1880/3448
f 1913/1794/3031 1934/1826/3031 2458/1792/3031
f 1912/1797/3021 1913/1796/3021 2458/2342/3021
f 1912/1797/3448 2458/2342/3448 1956/1879/3448
f 2458/1792/3031 1934/1826/3031 1943/1840/3031
f 1951/1850/3535 1954/1854/3535 1959/1860/3535
f 1940/1847/3536 1922/1802/3536 1923/1848/3536
f 1937/1830/3537 1930/1829/3537 1932/1818/3537
