# Blender 4.3.1
# www.blender.org
mtllib Motor_MR.mtl
o Motor_MR_visual
v -0.020594 0.075127 0.063755
v -0.020558 0.075127 0.064178
v -0.020594 0.077627 0.063755
v -0.020558 0.075127 0.063333
v -0.020558 0.077627 0.063333
v -0.030423 0.075127 0.065813
v -0.030594 0.075127 0.063755
v -0.030551 0.060084 0.064788
v -0.030594 0.060127 0.063755
v -0.030423 0.075127 0.061698
v -0.029917 0.075127 0.059697
v -0.030423 0.059956 0.061698
v -0.030551 0.060084 0.062723
v -0.020451 0.075127 0.062922
v -0.020276 0.075127 0.062536
v -0.020276 0.077627 0.062536
v -0.020451 0.077627 0.062922
v -0.031608 0.077627 0.057247
v -0.032427 0.077627 0.059334
v -0.032718 0.062251 0.060417
v -0.032057 0.061590 0.058275
v -0.032427 0.061960 0.059334
v -0.032926 0.077627 0.061520
v -0.033094 0.077627 0.063755
v -0.033052 0.062585 0.062634
v -0.032926 0.062459 0.061520
v -0.063094 0.062459 0.061520
v -0.063094 0.061960 0.059334
v -0.063094 0.061141 0.057247
v -0.063094 0.059449 0.059697
v -0.063094 0.058620 0.057806
v -0.063094 0.057491 0.056078
v -0.029541 0.059074 0.058734
v -0.029087 0.058620 0.057806
v -0.028558 0.058091 0.056918
v -0.027958 0.057491 0.056078
v -0.027958 0.075127 0.056078
v -0.019746 0.075127 0.061879
v -0.026560 0.075127 0.054559
v -0.020039 0.075127 0.062185
v -0.029087 0.075127 0.057806
v -0.029917 0.059449 0.059697
v -0.030211 0.059744 0.060687
v -0.063094 0.059956 0.061698
v -0.063094 0.060127 0.063755
v -0.063094 0.062627 0.063755
v -0.033052 0.062585 0.064876
v -0.033094 0.062627 0.063755
v -0.063094 0.062459 0.065991
v -0.032926 0.062459 0.065991
v -0.063094 0.061960 0.068177
v -0.063094 0.059956 0.065813
v -0.032718 0.062251 0.067093
v -0.032427 0.061960 0.068177
v -0.032427 0.077627 0.068177
v -0.031608 0.077627 0.070264
v -0.020451 0.077627 0.064588
v -0.032926 0.077627 0.065991
v -0.020276 0.077627 0.064975
v -0.020276 0.075127 0.064975
v -0.020039 0.075127 0.065326
v -0.020039 0.077627 0.065326
v -0.030487 0.077627 0.072205
v -0.031608 0.061141 0.070264
v -0.031084 0.060617 0.071255
v -0.030487 0.060020 0.072205
v -0.029090 0.077627 0.073958
v -0.027446 0.077627 0.075483
v -0.029090 0.058623 0.073958
v -0.029821 0.059354 0.073108
v -0.019746 0.077627 0.065632
v -0.019746 0.075127 0.065632
v -0.019405 0.075127 0.065884
v -0.019405 0.077627 0.065884
v -0.019026 0.075127 0.066075
v -0.019026 0.077627 0.066075
v -0.025594 0.077627 0.076746
v -0.023574 0.077627 0.077718
v -0.025594 0.055127 0.076746
v -0.027446 0.056979 0.075483
v -0.026544 0.056077 0.076149
v -0.063094 0.056979 0.075483
v -0.063094 0.055127 0.076746
v -0.063094 0.053107 0.077718
v -0.063094 0.054464 0.074220
v -0.063094 0.056093 0.072952
v -0.024602 0.054135 0.077270
v -0.023574 0.053107 0.077718
v -0.022515 0.052048 0.078089
v -0.021432 0.077627 0.078379
v -0.018621 0.077627 0.066199
v -0.018200 0.077627 0.066253
v -0.019215 0.077627 0.078713
v -0.021432 0.050965 0.078379
v -0.020330 0.049862 0.078588
v -0.063094 0.050965 0.078379
v -0.063094 0.048748 0.078713
v -0.063094 0.050695 0.075873
v -0.063094 0.052648 0.075202
v -0.023115 0.052648 0.075202
v -0.024931 0.054464 0.074220
v -0.024043 0.053576 0.074749
v -0.024931 0.075127 0.074220
v -0.023115 0.075127 0.075202
v -0.021162 0.075127 0.075873
v -0.022153 0.051686 0.075578
v -0.021162 0.050695 0.075873
v -0.063094 0.048659 0.076213
v -0.020151 0.049684 0.076085
v -0.019126 0.075127 0.076213
v -0.019126 0.048659 0.076213
v -0.019126 0.046595 0.076213
v -0.018094 0.047627 0.076255
v -0.017062 0.075127 0.076213
v -0.017062 0.020127 0.076213
v -0.017776 0.020127 0.066235
v -0.017362 0.020127 0.066146
v -0.019126 0.020127 0.076213
v -0.015025 0.020127 0.075873
v -0.015025 0.075127 0.075873
v -0.013073 0.020127 0.075202
v -0.016968 0.020127 0.065988
v -0.016607 0.017627 0.065765
v -0.016968 0.017627 0.065988
v -0.016607 0.020127 0.065765
v -0.016289 0.020127 0.065485
v -0.011257 0.020127 0.074220
v -0.016289 0.017627 0.065485
v -0.007098 0.017627 0.073958
v -0.005700 0.017627 0.072205
v -0.016023 0.017627 0.065155
v -0.015816 0.017627 0.064785
v -0.004579 0.017627 0.070264
v -0.016023 0.020127 0.065155
v -0.015816 0.020127 0.064785
v -0.009628 0.020127 0.072952
v -0.008230 0.020127 0.071433
v -0.009628 0.075127 0.072952
v -0.008230 0.075127 0.071433
v -0.007101 0.020127 0.069705
v -0.015675 0.020127 0.064385
v -0.007101 0.075127 0.069705
v -0.006271 0.020127 0.067814
v -0.015603 0.020127 0.063967
v -0.006271 0.075127 0.067814
v -0.005764 0.020127 0.065813
v -0.005764 0.075127 0.065813
v -0.005594 0.020127 0.063755
v -0.005594 0.075127 0.063755
v -0.005764 0.020127 0.061698
v -0.015603 0.020127 0.063543
v -0.015675 0.017627 0.063125
v -0.015603 0.017627 0.063543
v -0.015675 0.020127 0.063125
v -0.015816 0.020127 0.062726
v -0.006271 0.020127 0.059697
v -0.015816 0.017627 0.062726
v -0.004579 0.017627 0.057247
v -0.005700 0.017627 0.055305
v -0.016023 0.017627 0.062355
v -0.016289 0.017627 0.062025
v -0.007098 0.017627 0.053553
v -0.016023 0.020127 0.062355
v -0.016289 0.020127 0.062025
v -0.007101 0.020127 0.057806
v -0.008230 0.020127 0.056078
v -0.007101 0.075127 0.057806
v -0.008230 0.075127 0.056078
v -0.009628 0.020127 0.054559
v -0.009628 0.075127 0.054559
v -0.011257 0.020127 0.053291
v -0.016607 0.020127 0.061745
v -0.016968 0.017627 0.061523
v -0.016607 0.017627 0.061745
v -0.016968 0.020127 0.061523
v -0.017362 0.020127 0.061365
v -0.013073 0.020127 0.052308
v -0.017362 0.017627 0.061365
v -0.016973 0.017627 0.048797
v -0.017776 0.017627 0.061275
v -0.012614 0.017627 0.049792
v -0.014756 0.017627 0.049131
v -0.012614 0.077627 0.049792
v -0.014756 0.077627 0.049131
v -0.017362 0.077627 0.061365
v -0.016973 0.077627 0.048797
v -0.017776 0.077627 0.061275
v -0.017776 0.075127 0.061275
v -0.018200 0.075127 0.061257
v -0.018200 0.077627 0.061257
v -0.018621 0.075127 0.061311
v -0.018621 0.077627 0.061311
v -0.019215 0.077627 0.048797
v -0.020330 0.049862 0.048923
v -0.018094 0.047627 0.048755
v -0.019215 0.048748 0.048797
v -0.021432 0.077627 0.049131
v -0.023574 0.077627 0.049792
v -0.019026 0.077627 0.061436
v -0.022515 0.052048 0.049422
v -0.021432 0.050965 0.049131
v -0.063094 0.048748 0.048797
v -0.063094 0.050965 0.049131
v -0.023574 0.053107 0.049792
v -0.063094 0.053107 0.049792
v -0.063094 0.050695 0.051638
v -0.063094 0.048659 0.051298
v -0.063094 0.046595 0.051298
v -0.019126 0.046595 0.051298
v -0.020151 0.049684 0.051426
v -0.019126 0.048659 0.051298
v -0.017062 0.075127 0.051298
v -0.019126 0.075127 0.051298
v -0.018094 0.047627 0.051255
v -0.017062 0.020127 0.051298
v -0.019126 0.020127 0.051298
v -0.018200 0.020127 0.061257
v -0.018621 0.020127 0.061311
v -0.020151 0.045569 0.051426
v -0.021162 0.020127 0.051638
v -0.023115 0.020127 0.052308
v -0.022153 0.043568 0.051933
v -0.021162 0.044558 0.051638
v -0.019026 0.020127 0.061436
v -0.019405 0.017627 0.061626
v -0.019405 0.020127 0.061626
v -0.019026 0.017627 0.061436
v -0.023574 0.017627 0.049792
v -0.025594 0.017627 0.050765
v -0.018621 0.017627 0.061311
v -0.021432 0.017627 0.049131
v -0.018200 0.017627 0.061257
v -0.017776 0.020127 0.061275
v -0.019215 0.017627 0.048797
v -0.021432 0.044289 0.049131
v -0.019215 0.046506 0.048797
v -0.020330 0.045391 0.048923
v -0.063094 0.046506 0.048797
v -0.063094 0.044289 0.049131
v -0.022515 0.043205 0.049422
v -0.063094 0.042147 0.049792
v -0.063094 0.044558 0.051638
v -0.063094 0.042606 0.052308
v -0.063094 0.040790 0.053291
v -0.023115 0.042606 0.052308
v -0.024931 0.040790 0.053291
v -0.024043 0.041677 0.052762
v -0.024931 0.020127 0.053291
v -0.026560 0.020127 0.054559
v -0.025772 0.039949 0.053891
v -0.019746 0.020127 0.061879
v -0.020039 0.017627 0.062185
v -0.019746 0.017627 0.061879
v -0.020039 0.020127 0.062185
v -0.020276 0.020127 0.062536
v -0.027958 0.020127 0.056078
v -0.020276 0.017627 0.062536
v -0.031608 0.017627 0.057247
v -0.020451 0.017627 0.062922
v -0.032427 0.017627 0.059334
v -0.030487 0.017627 0.055305
v -0.029090 0.017627 0.053553
v -0.031608 0.034112 0.057247
v -0.031084 0.034636 0.056255
v -0.030487 0.035233 0.055305
v -0.029821 0.035899 0.054403
v -0.063094 0.035233 0.055305
v -0.063094 0.034112 0.057247
v -0.063094 0.036631 0.053553
v -0.063094 0.037762 0.056078
v -0.063094 0.036633 0.057806
v -0.063094 0.035804 0.059697
v -0.029087 0.036633 0.057806
v -0.029917 0.035804 0.059697
v -0.029541 0.036180 0.058734
v -0.029917 0.020127 0.059697
v -0.029087 0.020127 0.057806
v -0.020451 0.020127 0.062922
v -0.028558 0.037162 0.056918
v -0.027958 0.037762 0.056078
v -0.063094 0.039161 0.054559
v -0.027290 0.038430 0.055289
v -0.026560 0.039161 0.054559
v -0.063094 0.038274 0.052028
v -0.063094 0.040127 0.050765
v -0.025594 0.040127 0.050765
v -0.026544 0.039177 0.051362
v -0.024602 0.041118 0.050241
v -0.023574 0.042147 0.049792
v -0.027446 0.038274 0.052028
v -0.027446 0.017627 0.052028
v -0.028297 0.037424 0.052759
v -0.029090 0.036631 0.053553
v -0.020558 0.020127 0.063333
v -0.020558 0.017627 0.063333
v -0.033094 0.017627 0.063755
v -0.020594 0.017627 0.063755
v -0.032926 0.017627 0.061520
v -0.033052 0.032669 0.062634
v -0.032926 0.032794 0.061520
v -0.033094 0.032627 0.063755
v -0.033052 0.032669 0.064876
v -0.063094 0.032627 0.063755
v -0.063094 0.032794 0.065991
v -0.063094 0.033293 0.068177
v -0.063094 0.035297 0.065813
v -0.063094 0.035804 0.067814
v -0.032926 0.032794 0.065991
v -0.032926 0.017627 0.065991
v -0.032718 0.033003 0.067093
v -0.032427 0.017627 0.068177
v -0.032427 0.033293 0.068177
v -0.032057 0.033664 0.069235
v -0.063094 0.034112 0.070264
v -0.063094 0.036633 0.069705
v -0.063094 0.037762 0.071433
v -0.031608 0.034112 0.070264
v -0.063094 0.035233 0.072205
v -0.031084 0.034636 0.071255
v -0.030487 0.035233 0.072205
v -0.063094 0.036631 0.073958
v -0.029090 0.036631 0.073958
v -0.063094 0.038274 0.075483
v -0.063094 0.039161 0.072952
v -0.029821 0.035899 0.073108
v -0.030487 0.017627 0.072205
v -0.029090 0.017627 0.073958
v -0.028297 0.037424 0.074751
v -0.027446 0.017627 0.075483
v -0.020039 0.017627 0.065326
v -0.019746 0.017627 0.065632
v -0.020276 0.017627 0.064975
v -0.020276 0.020127 0.064975
v -0.020039 0.020127 0.065326
v -0.019746 0.020127 0.065632
v -0.029087 0.020127 0.069705
v -0.027958 0.020127 0.071433
v -0.029087 0.036633 0.069705
v -0.028558 0.037162 0.070592
v -0.027958 0.037762 0.071433
v -0.026560 0.020127 0.072952
v -0.024931 0.020127 0.074220
v -0.026560 0.039161 0.072952
v -0.027290 0.038430 0.072221
v -0.019405 0.020127 0.065884
v -0.019405 0.017627 0.065884
v -0.019026 0.020127 0.066075
v -0.019026 0.017627 0.066075
v -0.023574 0.017627 0.077718
v -0.021432 0.017627 0.078379
v -0.018621 0.017627 0.066199
v -0.018200 0.017627 0.066253
v -0.018621 0.020127 0.066199
v -0.019215 0.017627 0.078713
v -0.018094 0.047627 0.078755
v -0.020330 0.045391 0.078588
v -0.019215 0.046506 0.078713
v -0.016973 0.017627 0.078713
v -0.016973 0.077627 0.078713
v -0.014756 0.017627 0.078379
v -0.017776 0.017627 0.066235
v -0.017362 0.017627 0.066146
v -0.018200 0.020127 0.066253
v -0.021162 0.020127 0.075873
v -0.023115 0.042606 0.075202
v -0.023115 0.020127 0.075202
v -0.022153 0.043568 0.075578
v -0.021162 0.044558 0.075873
v -0.063094 0.044558 0.075873
v -0.020151 0.045569 0.076085
v -0.063094 0.046595 0.076213
v -0.063094 0.046506 0.078713
v -0.063094 0.044289 0.078379
v -0.063094 0.042147 0.077718
v -0.023574 0.042147 0.077718
v -0.022515 0.043205 0.078089
v -0.021432 0.044289 0.078379
v -0.024602 0.041118 0.077270
v -0.025594 0.017627 0.076746
v -0.025594 0.040127 0.076746
v -0.026544 0.039177 0.076149
v -0.063094 0.040127 0.076746
v -0.027446 0.038274 0.075483
v -0.063094 0.040790 0.074220
v -0.063094 0.042606 0.075202
v -0.024043 0.041677 0.074749
v -0.024931 0.040790 0.074220
v -0.025772 0.039949 0.073619
v -0.012614 0.017627 0.077718
v -0.014756 0.077627 0.078379
v -0.012614 0.077627 0.077718
v -0.010594 0.017627 0.076746
v -0.010594 0.077627 0.076746
v -0.008742 0.017627 0.075483
v -0.008742 0.077627 0.075483
v -0.007098 0.077627 0.073958
v -0.016607 0.077627 0.065765
v -0.016289 0.077627 0.065485
v -0.016289 0.075127 0.065485
v -0.016023 0.075127 0.065155
v -0.016023 0.077627 0.065155
v -0.015816 0.075127 0.064785
v -0.015816 0.077627 0.064785
v -0.005700 0.077627 0.072205
v -0.004579 0.077627 0.070264
v -0.015675 0.077627 0.064385
v -0.003760 0.017627 0.068177
v -0.003760 0.077627 0.068177
v -0.003261 0.017627 0.065991
v -0.003261 0.077627 0.065991
v -0.015603 0.077627 0.063967
v -0.015603 0.075127 0.063967
v -0.015603 0.075127 0.063543
v -0.015603 0.077627 0.063543
v -0.003094 0.077627 0.063755
v -0.003094 0.017627 0.063755
v -0.003261 0.017627 0.061520
v -0.003261 0.077627 0.061520
v -0.015675 0.077627 0.063125
v -0.003760 0.017627 0.059334
v -0.003760 0.077627 0.059334
v -0.004579 0.077627 0.057247
v -0.015816 0.077627 0.062725
v -0.015816 0.075127 0.062725
v -0.016023 0.075127 0.062355
v -0.016023 0.077627 0.062355
v -0.016289 0.075127 0.062025
v -0.016289 0.077627 0.062025
v -0.005700 0.077627 0.055305
v -0.007098 0.077627 0.053553
v -0.016607 0.077627 0.061745
v -0.008742 0.017627 0.052028
v -0.008742 0.077627 0.052028
v -0.010594 0.017627 0.050765
v -0.010594 0.077627 0.050765
v -0.016968 0.077627 0.061523
v -0.016968 0.075127 0.061523
v -0.017362 0.075127 0.061365
v -0.015025 0.075127 0.051638
v -0.013073 0.075127 0.052308
v -0.015025 0.020127 0.051638
v -0.016607 0.075127 0.061745
v -0.011257 0.075127 0.053291
v -0.015675 0.075127 0.063125
v -0.006271 0.075127 0.059697
v -0.005764 0.075127 0.061698
v -0.015603 0.017627 0.063967
v -0.015675 0.017627 0.064385
v -0.015675 0.075127 0.064385
v -0.016607 0.075127 0.065765
v -0.016968 0.075127 0.065988
v -0.016968 0.077627 0.065988
v -0.011257 0.075127 0.074220
v -0.013073 0.075127 0.075202
v -0.017362 0.075127 0.066146
v -0.017776 0.075127 0.066235
v -0.017776 0.077627 0.066235
v -0.017362 0.077627 0.066146
v -0.018200 0.075127 0.066253
v -0.018621 0.075127 0.066199
v -0.019215 0.048748 0.078713
v -0.029541 0.036180 0.068776
v -0.029917 0.035804 0.067814
v -0.030211 0.035509 0.066824
v -0.029917 0.020127 0.067814
v -0.020451 0.020127 0.064588
v -0.030423 0.035297 0.065813
v -0.030423 0.020127 0.065813
v -0.030594 0.020127 0.063755
v -0.030594 0.035127 0.063755
v -0.030551 0.035169 0.064788
v -0.020558 0.020127 0.064178
v -0.020451 0.017627 0.064588
v -0.020558 0.017627 0.064178
v -0.020594 0.020127 0.063755
v -0.030423 0.020127 0.061698
v -0.030551 0.035169 0.062723
v -0.030211 0.035509 0.060687
v -0.030423 0.035297 0.061698
v -0.063094 0.035297 0.061698
v -0.063094 0.032794 0.061520
v -0.063094 0.033293 0.059334
v -0.063094 0.035127 0.063755
v -0.032057 0.033664 0.058275
v -0.032718 0.033003 0.060417
v -0.032427 0.033293 0.059334
v -0.031608 0.017627 0.070264
v -0.021162 0.075127 0.051638
v -0.021162 0.050695 0.051638
v -0.022153 0.051686 0.051933
v -0.023115 0.052648 0.052308
v -0.063094 0.052648 0.052308
v -0.063094 0.055127 0.050765
v -0.063094 0.054464 0.053291
v -0.024043 0.053576 0.052762
v -0.023115 0.075127 0.052308
v -0.024931 0.054464 0.053291
v -0.024931 0.075127 0.053291
v -0.025772 0.055304 0.053891
v -0.026560 0.056093 0.054559
v -0.063094 0.056093 0.054559
v -0.063094 0.056979 0.052028
v -0.063094 0.058623 0.053553
v -0.027290 0.056823 0.055289
v -0.063094 0.060020 0.055305
v -0.029821 0.059354 0.054403
v -0.030487 0.060020 0.055305
v -0.029090 0.058623 0.053553
v -0.029090 0.077627 0.053553
v -0.028297 0.057829 0.052759
v -0.027446 0.077627 0.052028
v -0.027446 0.056979 0.052028
v -0.026544 0.056077 0.051362
v -0.025594 0.077627 0.050765
v -0.025594 0.055127 0.050765
v -0.024602 0.054135 0.050241
v -0.019746 0.077627 0.061879
v -0.019405 0.077627 0.061626
v -0.019405 0.075127 0.061626
v -0.019026 0.075127 0.061436
v -0.020039 0.077627 0.062185
v -0.030487 0.077627 0.055305
v -0.031084 0.060617 0.056255
v -0.031608 0.061141 0.057247
v -0.026560 0.075127 0.072952
v -0.025772 0.055304 0.073619
v -0.026560 0.056093 0.072952
v -0.027290 0.056823 0.072221
v -0.027958 0.057491 0.071433
v -0.027958 0.075127 0.071433
v -0.029087 0.075127 0.069705
v -0.028558 0.058091 0.070592
v -0.029087 0.058620 0.069705
v -0.063094 0.057491 0.071433
v -0.063094 0.060020 0.072205
v -0.063094 0.058623 0.073958
v -0.063094 0.058620 0.069705
v -0.063094 0.059449 0.067814
v -0.029917 0.059449 0.067814
v -0.029541 0.059074 0.068776
v -0.063094 0.061141 0.070264
v -0.032057 0.061590 0.069235
v -0.029917 0.075127 0.067814
v -0.020451 0.075127 0.064588
v -0.030211 0.059744 0.066824
v -0.030423 0.059956 0.065813
v -0.020558 0.077627 0.064178
v -0.028297 0.057829 0.074751
v -0.062094 0.060079 0.064845
v -0.062094 0.060127 0.063755
v -0.033094 0.060079 0.064845
v -0.062094 0.060032 0.065291
v -0.033094 0.060032 0.065291
v -0.062250 0.060067 0.064844
v -0.062403 0.059889 0.065917
v -0.062250 0.059925 0.065924
v -0.062250 0.060114 0.063755
v -0.062094 0.059937 0.065926
v -0.062403 0.060030 0.064840
v -0.062548 0.059971 0.064835
v -0.062548 0.059830 0.065907
v -0.062403 0.060078 0.063755
v -0.062548 0.060018 0.063755
v -0.062250 0.060067 0.062667
v -0.062403 0.060030 0.062670
v -0.062250 0.059925 0.061587
v -0.062548 0.059971 0.062675
v -0.062403 0.059889 0.061593
v -0.062548 0.059830 0.061604
v -0.062403 0.059654 0.060533
v -0.062250 0.059689 0.060523
v -0.062250 0.059361 0.059484
v -0.062094 0.059373 0.059480
v -0.062094 0.059937 0.061585
v -0.062094 0.059749 0.060706
v -0.062094 0.059701 0.060520
v -0.033094 0.059749 0.060706
v -0.033094 0.059701 0.060520
v -0.033094 0.059373 0.059480
v -0.032937 0.059361 0.059484
v -0.032937 0.059689 0.060523
v -0.032937 0.059925 0.061587
v -0.032785 0.059654 0.060533
v -0.032785 0.059327 0.059497
v -0.032785 0.058911 0.058493
v -0.032640 0.059270 0.059517
v -0.032640 0.058857 0.058519
v -0.032640 0.058358 0.057560
v -0.032506 0.058783 0.058553
v -0.032506 0.058287 0.057601
v -0.032506 0.057710 0.056695
v -0.032387 0.058198 0.057652
v -0.032387 0.057626 0.056754
v -0.032387 0.056978 0.055909
v -0.032285 0.057528 0.056822
v -0.032285 0.056887 0.055985
v -0.032285 0.056174 0.055208
v -0.032203 0.056784 0.056071
v -0.032203 0.056080 0.055303
v -0.032203 0.055311 0.054598
v -0.032143 0.055977 0.055405
v -0.032143 0.055217 0.054709
v -0.032143 0.054400 0.054082
v -0.032106 0.055119 0.054826
v -0.032106 0.054313 0.054207
v -0.032094 0.053377 0.053796
v -0.032106 0.053455 0.053661
v -0.032094 0.054223 0.054335
v -0.032094 0.047627 0.063755
v -0.032094 0.055019 0.054946
v -0.032094 0.055758 0.055624
v -0.032106 0.055869 0.055513
v -0.032143 0.056673 0.056165
v -0.032106 0.056556 0.056263
v -0.032143 0.057300 0.056982
v -0.032106 0.057175 0.057069
v -0.032094 0.056436 0.056363
v -0.032094 0.057047 0.057159
v -0.032094 0.057586 0.058005
v -0.032106 0.057722 0.057927
v -0.032143 0.058329 0.058765
v -0.032106 0.058191 0.058829
v -0.032143 0.057854 0.057851
v -0.032203 0.058461 0.058703
v -0.032203 0.057979 0.057778
v -0.032285 0.058582 0.058647
v -0.032285 0.058095 0.057711
v -0.032203 0.057419 0.056899
v -0.032387 0.058690 0.058596
v -0.032506 0.059194 0.059545
v -0.032387 0.059098 0.059580
v -0.032285 0.058986 0.059621
v -0.032506 0.059516 0.060569
v -0.032387 0.059418 0.060596
v -0.032506 0.059749 0.061618
v -0.032387 0.059648 0.061636
v -0.032285 0.059303 0.060627
v -0.032285 0.059531 0.061656
v -0.032203 0.059173 0.060661
v -0.032203 0.058860 0.059667
v -0.032143 0.058724 0.059716
v -0.032106 0.058580 0.059769
v -0.032143 0.059033 0.060699
v -0.032203 0.059399 0.061679
v -0.032143 0.059256 0.061705
v -0.032106 0.058886 0.060738
v -0.032094 0.058433 0.059822
v -0.032094 0.058735 0.060779
v -0.032106 0.059106 0.061731
v -0.032143 0.059391 0.062726
v -0.032106 0.059239 0.062739
v -0.032094 0.058952 0.061758
v -0.032094 0.059083 0.062753
v -0.032094 0.059127 0.063755
v -0.032106 0.059283 0.063755
v -0.032143 0.059391 0.064784
v -0.032106 0.059239 0.064771
v -0.032143 0.059436 0.063755
v -0.032203 0.059535 0.064797
v -0.032203 0.059581 0.063755
v -0.032285 0.059668 0.064809
v -0.032285 0.059715 0.063755
v -0.032203 0.059535 0.062713
v -0.032285 0.059668 0.062702
v -0.032387 0.059834 0.063755
v -0.032387 0.059787 0.062691
v -0.032506 0.059936 0.063755
v -0.032506 0.059889 0.062682
v -0.032640 0.060018 0.063755
v -0.032640 0.059971 0.062675
v -0.032785 0.060078 0.063755
v -0.032785 0.060030 0.062670
v -0.032640 0.059830 0.061604
v -0.032785 0.059889 0.061593
v -0.032640 0.059595 0.060548
v -0.032937 0.060067 0.062667
v -0.033094 0.060032 0.062219
v -0.033094 0.059937 0.061585
v -0.032937 0.060114 0.063755
v -0.033094 0.060127 0.063755
v -0.033094 0.060079 0.062666
v -0.062094 0.060079 0.062666
v -0.062094 0.060032 0.062219
v -0.032937 0.060067 0.064844
v -0.032937 0.059925 0.065924
v -0.032785 0.060030 0.064840
v -0.032785 0.059889 0.065917
v -0.032640 0.059971 0.064835
v -0.032640 0.059830 0.065907
v -0.032506 0.059889 0.064828
v -0.032506 0.059749 0.065893
v -0.032387 0.059787 0.064819
v -0.032387 0.059648 0.065875
v -0.032506 0.059516 0.066941
v -0.032387 0.059418 0.066915
v -0.032285 0.059531 0.065854
v -0.032285 0.059303 0.066884
v -0.032203 0.059399 0.065831
v -0.032203 0.059173 0.066849
v -0.032143 0.059256 0.065806
v -0.032143 0.059033 0.066812
v -0.032106 0.059106 0.065779
v -0.032106 0.058886 0.066772
v -0.032094 0.059083 0.064758
v -0.032094 0.058952 0.065752
v -0.032094 0.058735 0.066732
v -0.032094 0.058433 0.067688
v -0.032106 0.058580 0.067742
v -0.032143 0.058724 0.067794
v -0.032143 0.058329 0.068746
v -0.032106 0.058191 0.068681
v -0.032094 0.058049 0.068615
v -0.032143 0.057854 0.069660
v -0.032106 0.057722 0.069583
v -0.032094 0.057586 0.069505
v -0.032143 0.057300 0.070529
v -0.032106 0.057175 0.070441
v -0.032143 0.056673 0.071346
v -0.032106 0.056556 0.071248
v -0.032094 0.057047 0.070351
v -0.032094 0.056436 0.071147
v -0.032094 0.055758 0.071887
v -0.032106 0.055869 0.071998
v -0.032143 0.055217 0.072801
v -0.032106 0.055119 0.072685
v -0.032143 0.055977 0.072106
v -0.032203 0.055311 0.072913
v -0.032203 0.056080 0.072208
v -0.032285 0.055397 0.073015
v -0.032285 0.056174 0.072303
v -0.032203 0.056784 0.071439
v -0.032285 0.056887 0.071525
v -0.032203 0.057419 0.070612
v -0.032285 0.057528 0.070689
v -0.032203 0.057979 0.069732
v -0.032285 0.058095 0.069799
v -0.032203 0.058461 0.068807
v -0.032285 0.058582 0.068864
v -0.032203 0.058860 0.067844
v -0.032285 0.058986 0.067890
v -0.032387 0.059098 0.067930
v -0.032387 0.058690 0.068914
v -0.032506 0.058287 0.069910
v -0.032387 0.058198 0.069859
v -0.032506 0.058783 0.068957
v -0.032640 0.058358 0.069951
v -0.032640 0.058857 0.068992
v -0.032506 0.059194 0.067965
v -0.032640 0.059270 0.067993
v -0.032785 0.059327 0.068014
v -0.032640 0.059595 0.066962
v -0.032785 0.058911 0.069017
v -0.032937 0.058944 0.069033
v -0.032937 0.058441 0.069999
v -0.032785 0.058410 0.069981
v -0.032937 0.057856 0.070918
v -0.032785 0.057826 0.070897
v -0.032937 0.057193 0.071782
v -0.032785 0.057165 0.071759
v -0.032640 0.057777 0.070862
v -0.032640 0.057119 0.071720
v -0.032506 0.057710 0.070815
v -0.032506 0.057056 0.071667
v -0.032387 0.057626 0.070757
v -0.032387 0.056978 0.071602
v -0.032506 0.056330 0.072459
v -0.032387 0.056259 0.072387
v -0.032506 0.055539 0.073184
v -0.032387 0.055473 0.073106
v -0.032506 0.054687 0.073838
v -0.032387 0.054628 0.073755
v -0.032506 0.053781 0.074415
v -0.032387 0.053730 0.074327
v -0.032285 0.054560 0.073657
v -0.032285 0.053671 0.074224
v -0.032203 0.054483 0.073547
v -0.032203 0.053604 0.074108
v -0.032143 0.054400 0.073429
v -0.032143 0.053531 0.073982
v -0.032106 0.054313 0.073304
v -0.032106 0.053455 0.073850
v -0.032094 0.055019 0.072565
v -0.032094 0.054223 0.073176
v -0.032094 0.053377 0.073715
v -0.032106 0.052553 0.074320
v -0.032094 0.052487 0.074178
v -0.032094 0.051560 0.074562
v -0.032106 0.051614 0.074709
v -0.032143 0.050683 0.075162
v -0.032106 0.050644 0.075015
v -0.032143 0.051666 0.074852
v -0.032203 0.050721 0.075302
v -0.032203 0.051715 0.074988
v -0.032143 0.052617 0.074458
v -0.032203 0.052679 0.074589
v -0.032285 0.051761 0.075114
v -0.032285 0.052735 0.074710
v -0.032387 0.051802 0.075226
v -0.032387 0.052786 0.074819
v -0.032506 0.051837 0.075322
v -0.032506 0.052829 0.074911
v -0.032640 0.051865 0.075399
v -0.032640 0.052863 0.074985
v -0.032785 0.051885 0.075455
v -0.032785 0.052889 0.075040
v -0.032640 0.053822 0.074486
v -0.032785 0.053852 0.074538
v -0.032640 0.054734 0.073905
v -0.032785 0.054768 0.073955
v -0.032640 0.055592 0.073247
v -0.032785 0.055630 0.073293
v -0.032640 0.056388 0.072517
v -0.032785 0.056431 0.072559
v -0.032937 0.056457 0.072585
v -0.032937 0.055654 0.073321
v -0.033094 0.054796 0.073995
v -0.033094 0.055662 0.073331
v -0.033094 0.055760 0.073248
v -0.032937 0.054789 0.073985
v -0.033094 0.056466 0.072594
v -0.062094 0.056466 0.072594
v -0.062094 0.056864 0.072176
v -0.033094 0.056864 0.072176
v -0.062094 0.057202 0.071790
v -0.033094 0.057202 0.071790
v -0.062094 0.057829 0.070977
v -0.033094 0.057829 0.070977
v -0.062094 0.057866 0.070925
v -0.033094 0.057866 0.070925
v -0.062094 0.058452 0.070005
v -0.033094 0.058452 0.070005
v -0.062094 0.058639 0.069669
v -0.033094 0.058639 0.069669
v -0.062094 0.058956 0.069038
v -0.033094 0.058956 0.069038
v -0.062094 0.059283 0.068271
v -0.033094 0.059283 0.068271
v -0.062094 0.059373 0.068030
v -0.033094 0.059373 0.068030
v -0.032937 0.059361 0.068026
v -0.032785 0.059654 0.066978
v -0.032937 0.059689 0.066987
v -0.033094 0.059701 0.066991
v -0.033094 0.059749 0.066804
v -0.033094 0.059937 0.065926
v -0.062094 0.059749 0.066804
v -0.062094 0.059701 0.066991
v -0.062250 0.059689 0.066987
v -0.062403 0.059327 0.068014
v -0.062250 0.059361 0.068026
v -0.062403 0.059654 0.066978
v -0.062548 0.059270 0.067993
v -0.062548 0.059595 0.066962
v -0.062682 0.059516 0.066941
v -0.062682 0.059194 0.067965
v -0.062801 0.059098 0.067930
v -0.062801 0.058690 0.068914
v -0.062682 0.058783 0.068957
v -0.062548 0.058857 0.068992
v -0.062682 0.058287 0.069910
v -0.062801 0.058198 0.069859
v -0.062903 0.058095 0.069799
v -0.062903 0.057528 0.070689
v -0.062801 0.057626 0.070757
v -0.062682 0.057710 0.070815
v -0.062801 0.056978 0.071602
v -0.062903 0.056887 0.071525
v -0.062985 0.056784 0.071439
v -0.062985 0.056080 0.072208
v -0.062903 0.056174 0.072303
v -0.062801 0.056259 0.072387
v -0.062903 0.055397 0.073015
v -0.062985 0.055311 0.072913
v -0.063045 0.054400 0.073429
v -0.063045 0.055217 0.072801
v -0.062985 0.054483 0.073547
v -0.063045 0.053531 0.073982
v -0.062985 0.053604 0.074108
v -0.062903 0.054560 0.073657
v -0.062903 0.053671 0.074224
v -0.062801 0.054628 0.073755
v -0.062801 0.055473 0.073106
v -0.062682 0.055539 0.073184
v -0.062682 0.056330 0.072459
v -0.062548 0.057119 0.071720
v -0.062682 0.057056 0.071667
v -0.062548 0.056388 0.072517
v -0.062403 0.057165 0.071759
v -0.062403 0.056431 0.072559
v -0.062548 0.055592 0.073247
v -0.062403 0.055630 0.073293
v -0.062682 0.054687 0.073838
v -0.062548 0.054734 0.073905
v -0.062682 0.053781 0.074415
v -0.062548 0.053822 0.074486
v -0.062403 0.054768 0.073955
v -0.062403 0.053852 0.074538
v -0.062250 0.054789 0.073985
v -0.062250 0.055654 0.073321
v -0.062094 0.055662 0.073331
v -0.062094 0.055760 0.073248
v -0.062250 0.056457 0.072585
v -0.062250 0.057193 0.071782
v -0.062250 0.057856 0.070918
v -0.062250 0.058441 0.069999
v -0.062403 0.057826 0.070897
v -0.062403 0.058410 0.069981
v -0.062548 0.057777 0.070862
v -0.062548 0.058358 0.069951
v -0.062403 0.058911 0.069017
v -0.062250 0.058944 0.069033
v -0.062094 0.054796 0.073995
v -0.062094 0.054531 0.074175
v -0.033094 0.054531 0.074175
v -0.033094 0.053877 0.074581
v -0.032937 0.053871 0.074570
v -0.032937 0.052904 0.075073
v -0.033094 0.052909 0.075084
v -0.032937 0.051898 0.075490
v -0.033094 0.053199 0.074945
v -0.033094 0.051902 0.075501
v -0.033094 0.051781 0.075545
v -0.062094 0.051902 0.075501
v -0.062094 0.052909 0.075084
v -0.062094 0.053199 0.074945
v -0.062250 0.052904 0.075073
v -0.062250 0.051898 0.075490
v -0.062403 0.051885 0.075455
v -0.062250 0.050859 0.075817
v -0.062094 0.050862 0.075829
v -0.062403 0.050849 0.075782
v -0.062094 0.051781 0.075545
v -0.033094 0.050862 0.075829
v -0.033094 0.050301 0.075966
v -0.032937 0.050859 0.075817
v -0.032937 0.049795 0.076053
v -0.032785 0.050849 0.075782
v -0.032785 0.049789 0.076017
v -0.032640 0.050834 0.075724
v -0.032640 0.049778 0.075958
v -0.032506 0.050813 0.075645
v -0.032506 0.049764 0.075877
v -0.032387 0.050786 0.075546
v -0.032387 0.049746 0.075777
v -0.032285 0.050755 0.075431
v -0.032285 0.049726 0.075659
v -0.032387 0.048691 0.075916
v -0.032285 0.048680 0.075797
v -0.032203 0.049703 0.075528
v -0.032203 0.048669 0.075664
v -0.032143 0.049677 0.075385
v -0.032143 0.048656 0.075519
v -0.032106 0.049651 0.075235
v -0.032094 0.050603 0.074863
v -0.032106 0.048643 0.075367
v -0.032094 0.049624 0.075081
v -0.032094 0.048629 0.075211
v -0.032094 0.047627 0.075255
v -0.032106 0.047627 0.075412
v -0.032143 0.046598 0.075519
v -0.032106 0.046611 0.075367
v -0.032143 0.047627 0.075564
v -0.032203 0.046585 0.075664
v -0.032203 0.047627 0.075709
v -0.032285 0.046573 0.075797
v -0.032285 0.047627 0.075843
v -0.032387 0.046563 0.075916
v -0.032387 0.047627 0.075962
v -0.032506 0.046554 0.076017
v -0.032506 0.047627 0.076064
v -0.032640 0.046547 0.076099
v -0.032640 0.047627 0.076146
v -0.032506 0.048700 0.076017
v -0.032640 0.048707 0.076099
v -0.032785 0.047627 0.076206
v -0.032785 0.048712 0.076159
v -0.032937 0.048715 0.076195
v -0.032937 0.047627 0.076243
v -0.033094 0.047627 0.076255
v -0.032937 0.046538 0.076195
v -0.033094 0.047242 0.076249
v -0.033094 0.046537 0.076208
v -0.062094 0.047242 0.076249
v -0.062094 0.047627 0.076255
v -0.062094 0.048716 0.076208
v -0.062250 0.047627 0.076243
v -0.062250 0.046538 0.076195
v -0.062403 0.047627 0.076206
v -0.062403 0.046542 0.076159
v -0.062094 0.046537 0.076208
v -0.062250 0.048715 0.076195
v -0.062250 0.049795 0.076053
v -0.062403 0.048712 0.076159
v -0.062094 0.048780 0.076202
v -0.033094 0.048716 0.076208
v -0.033094 0.048780 0.076202
v -0.062094 0.049797 0.076065
v -0.033094 0.049797 0.076065
v -0.062094 0.050301 0.075966
v -0.062548 0.047627 0.076146
v -0.062403 0.049789 0.076017
v -0.062548 0.048707 0.076099
v -0.062548 0.049778 0.075958
v -0.062682 0.048700 0.076017
v -0.062682 0.047627 0.076064
v -0.062801 0.047627 0.075962
v -0.062801 0.046563 0.075916
v -0.062682 0.046554 0.076017
v -0.062548 0.046547 0.076099
v -0.062682 0.045489 0.075877
v -0.062801 0.045507 0.075777
v -0.062903 0.044498 0.075431
v -0.062801 0.044467 0.075546
v -0.062903 0.045528 0.075659
v -0.062985 0.045551 0.075528
v -0.062985 0.044533 0.075302
v -0.062903 0.046573 0.075797
v -0.062985 0.046585 0.075664
v -0.062903 0.047627 0.075843
v -0.062985 0.047627 0.075709
v -0.062903 0.048680 0.075797
v -0.062801 0.048691 0.075916
v -0.062682 0.049764 0.075877
v -0.062801 0.049746 0.075777
v -0.062801 0.050786 0.075546
v -0.062903 0.049726 0.075659
v -0.062682 0.050813 0.075645
v -0.062682 0.051837 0.075322
v -0.062548 0.051865 0.075399
v -0.062548 0.050834 0.075724
v -0.062548 0.052863 0.074985
v -0.062403 0.052889 0.075040
v -0.062250 0.053871 0.074570
v -0.062094 0.053877 0.074581
v -0.062682 0.052829 0.074911
v -0.062801 0.052786 0.074819
v -0.062801 0.051802 0.075226
v -0.062903 0.051761 0.075114
v -0.062903 0.050755 0.075431
v -0.062985 0.050721 0.075302
v -0.062985 0.049703 0.075528
v -0.063045 0.049677 0.075385
v -0.062985 0.048669 0.075664
v -0.063045 0.048656 0.075519
v -0.063082 0.048643 0.075367
v -0.063082 0.047627 0.075412
v -0.063045 0.047627 0.075564
v -0.063082 0.046611 0.075367
v -0.063045 0.046598 0.075519
v -0.063045 0.045576 0.075385
v -0.063082 0.045603 0.075235
v -0.063094 0.044650 0.074863
v -0.063094 0.045630 0.075081
v -0.063082 0.044610 0.075015
v -0.063094 0.043694 0.074562
v -0.063082 0.043640 0.074709
v -0.063045 0.044570 0.075162
v -0.063045 0.043588 0.074852
v -0.062985 0.043538 0.074988
v -0.063045 0.042636 0.074458
v -0.063082 0.042700 0.074320
v -0.063082 0.041798 0.073850
v -0.063094 0.041877 0.073715
v -0.063094 0.042767 0.074178
v -0.063094 0.046614 0.065764
v -0.063094 0.046968 0.065907
v -0.063094 0.046289 0.065564
v -0.064094 0.046614 0.065764
v -0.064094 0.046289 0.065564
v -0.064094 0.046002 0.065312
v -0.064094 0.047181 0.064358
v -0.064094 0.047289 0.064425
v -0.064094 0.047407 0.064472
v -0.063094 0.047407 0.064472
v -0.063094 0.047289 0.064425
v -0.063094 0.047181 0.064358
v -0.063094 0.047402 0.064202
v -0.063094 0.047480 0.064233
v -0.063094 0.047563 0.064251
v -0.068094 0.047480 0.064233
v -0.068094 0.047402 0.064202
v -0.068094 0.047329 0.064157
v -0.068094 0.047627 0.063755
v -0.068094 0.047329 0.063353
v -0.068094 0.047957 0.063380
v -0.068094 0.048063 0.063999
v -0.068094 0.047129 0.063798
v -0.068094 0.047402 0.063309
v -0.068094 0.048016 0.063441
v -0.068094 0.048016 0.064069
v -0.068094 0.047127 0.063755
v -0.068094 0.047480 0.063277
v -0.068094 0.048063 0.063511
v -0.068094 0.047957 0.064131
v -0.068094 0.047129 0.063713
v -0.068094 0.047563 0.063259
v -0.068094 0.048098 0.063589
v -0.068094 0.047889 0.064181
v -0.068094 0.047266 0.064101
v -0.068094 0.047143 0.063629
v -0.068094 0.047648 0.063256
v -0.068094 0.048120 0.063671
v -0.068094 0.047813 0.064219
v -0.068094 0.047212 0.064035
v -0.068094 0.047171 0.063549
v -0.068094 0.047732 0.063266
v -0.068094 0.048127 0.063755
v -0.068094 0.047732 0.064244
v -0.068094 0.047171 0.063961
v -0.068094 0.047212 0.063475
v -0.068094 0.047813 0.063291
v -0.068094 0.048120 0.063840
v -0.068094 0.047648 0.064255
v -0.068094 0.047143 0.063881
v -0.068094 0.047266 0.063409
v -0.068094 0.047889 0.063330
v -0.068094 0.048098 0.063922
v -0.068094 0.047563 0.064251
v -0.063094 0.047648 0.064255
v -0.063094 0.047732 0.064244
v -0.063094 0.047658 0.064505
v -0.063094 0.047531 0.064499
v -0.064094 0.047531 0.064499
v -0.064094 0.046968 0.065907
v -0.064094 0.047341 0.065987
v -0.064094 0.047658 0.064505
v -0.064094 0.047722 0.066003
v -0.064094 0.047785 0.064488
v -0.063094 0.047785 0.064488
v -0.063094 0.047906 0.064451
v -0.063094 0.047813 0.064219
v -0.063094 0.047889 0.064181
v -0.063094 0.047957 0.064131
v -0.063094 0.048020 0.064394
v -0.064094 0.047906 0.064451
v -0.063094 0.048122 0.064318
v -0.064094 0.048020 0.064394
v -0.064094 0.048466 0.065843
v -0.064094 0.048806 0.065671
v -0.064094 0.048122 0.064318
v -0.064094 0.049113 0.065444
v -0.064094 0.048210 0.064226
v -0.063094 0.048210 0.064226
v -0.063094 0.048282 0.064121
v -0.063094 0.048016 0.064069
v -0.063094 0.048063 0.063999
v -0.063094 0.048098 0.063922
v -0.063094 0.048120 0.063840
v -0.063094 0.048334 0.064005
v -0.064094 0.048282 0.064121
v -0.064094 0.048334 0.064005
v -0.063094 0.048366 0.063882
v -0.064094 0.048366 0.063882
v -0.063094 0.048377 0.063755
v -0.063094 0.048127 0.063755
v -0.063094 0.048120 0.063671
v -0.063094 0.048125 0.063713
v -0.063094 0.052565 0.062973
v -0.063094 0.052627 0.063755
v -0.063094 0.048125 0.063798
v -0.093094 0.048125 0.063713
v -0.093094 0.048125 0.063798
v -0.093094 0.052565 0.064537
v -0.093094 0.052627 0.063755
v -0.093094 0.048111 0.063881
v -0.093094 0.052382 0.065300
v -0.093094 0.052082 0.066025
v -0.063094 0.052382 0.065300
v -0.063094 0.052565 0.064537
v -0.063094 0.048111 0.063881
v -0.063094 0.048082 0.063961
v -0.093094 0.048082 0.063961
v -0.093094 0.048041 0.064035
v -0.093094 0.051672 0.066694
v -0.093094 0.051162 0.067291
v -0.063094 0.051672 0.066694
v -0.063094 0.052082 0.066025
v -0.063094 0.048041 0.064035
v -0.063094 0.047988 0.064101
v -0.093094 0.047988 0.064101
v -0.093094 0.047924 0.064157
v -0.093094 0.050566 0.067800
v -0.093094 0.049897 0.068210
v -0.063094 0.050566 0.067800
v -0.063094 0.051162 0.067291
v -0.063094 0.047924 0.064157
v -0.063094 0.047852 0.064202
v -0.093094 0.047852 0.064202
v -0.093094 0.049172 0.068511
v -0.093094 0.047773 0.064233
v -0.093094 0.048409 0.068694
v -0.063094 0.047773 0.064233
v -0.093094 0.047690 0.064251
v -0.093094 0.047606 0.064255
v -0.063094 0.047690 0.064251
v -0.093094 0.047627 0.068755
v -0.093094 0.046845 0.068694
v -0.063094 0.047627 0.068755
v -0.063094 0.048409 0.068694
v -0.063094 0.049172 0.068511
v -0.063094 0.047606 0.064255
v -0.063094 0.047521 0.064244
v -0.093094 0.047521 0.064244
v -0.093094 0.047440 0.064219
v -0.093094 0.046082 0.068511
v -0.093094 0.045357 0.068210
v -0.063094 0.046082 0.068511
v -0.063094 0.046845 0.068694
v -0.063094 0.047440 0.064219
v -0.063094 0.045357 0.068210
v -0.063094 0.047365 0.064181
v -0.093094 0.047365 0.064181
v -0.093094 0.047296 0.064131
v -0.093094 0.044091 0.067291
v -0.093094 0.044688 0.067800
v -0.063094 0.044688 0.067800
v -0.063094 0.044091 0.067291
v -0.063094 0.047296 0.064131
v -0.063094 0.047238 0.064069
v -0.093094 0.047238 0.064069
v -0.093094 0.047190 0.063999
v -0.093094 0.043172 0.066025
v -0.093094 0.043582 0.066694
v -0.063094 0.043582 0.066694
v -0.063094 0.043172 0.066025
v -0.063094 0.047190 0.063999
v -0.063094 0.047155 0.063922
v -0.093094 0.047155 0.063922
v -0.093094 0.042688 0.064537
v -0.093094 0.047134 0.063840
v -0.093094 0.042871 0.065300
v -0.063094 0.042871 0.065300
v -0.063094 0.042688 0.064537
v -0.063094 0.047134 0.063840
v -0.093094 0.047127 0.063755
v -0.063094 0.047127 0.063755
v -0.063094 0.046877 0.063755
v -0.063094 0.046880 0.063692
v -0.063094 0.047129 0.063798
v -0.063094 0.047129 0.063713
v -0.063094 0.042627 0.063755
v -0.063094 0.047134 0.063671
v -0.093094 0.047134 0.063671
v -0.093094 0.042688 0.062973
v -0.093094 0.047155 0.063589
v -0.093094 0.042871 0.062210
v -0.093094 0.043172 0.061485
v -0.063094 0.042871 0.062210
v -0.063094 0.042688 0.062973
v -0.063094 0.047155 0.063589
v -0.063094 0.047190 0.063511
v -0.093094 0.047190 0.063511
v -0.093094 0.047238 0.063441
v -0.093094 0.043582 0.060816
v -0.093094 0.044091 0.060220
v -0.063094 0.043582 0.060816
v -0.063094 0.043172 0.061485
v -0.063094 0.047238 0.063441
v -0.063094 0.047296 0.063380
v -0.093094 0.047296 0.063380
v -0.093094 0.047365 0.063330
v -0.093094 0.044688 0.059710
v -0.093094 0.045357 0.059300
v -0.063094 0.044688 0.059710
v -0.063094 0.044091 0.060220
v -0.063094 0.047365 0.063330
v -0.063094 0.045357 0.059300
v -0.063094 0.047440 0.063291
v -0.093094 0.047440 0.063291
v -0.093094 0.046845 0.058817
v -0.093094 0.046082 0.059000
v -0.093094 0.047521 0.063266
v -0.063094 0.047521 0.063266
v -0.093094 0.047606 0.063256
v -0.093094 0.047627 0.058755
v -0.093094 0.048409 0.058817
v -0.063094 0.047627 0.058755
v -0.063094 0.046845 0.058817
v -0.063094 0.046082 0.059000
v -0.063094 0.047606 0.063256
v -0.063094 0.047690 0.063259
v -0.093094 0.047690 0.063259
v -0.093094 0.049172 0.059000
v -0.093094 0.047773 0.063277
v -0.093094 0.049897 0.059300
v -0.093094 0.047852 0.063309
v -0.063094 0.047773 0.063277
v -0.063094 0.049172 0.059000
v -0.063094 0.048409 0.058817
v -0.063094 0.047852 0.063309
v -0.063094 0.049897 0.059300
v -0.063094 0.047924 0.063353
v -0.093094 0.047924 0.063353
v -0.093094 0.047988 0.063409
v -0.093094 0.051162 0.060220
v -0.093094 0.050566 0.059710
v -0.063094 0.050566 0.059710
v -0.063094 0.051162 0.060220
v -0.063094 0.047988 0.063409
v -0.063094 0.048041 0.063475
v -0.093094 0.048041 0.063475
v -0.093094 0.048082 0.063549
v -0.093094 0.052082 0.061485
v -0.093094 0.051672 0.060816
v -0.063094 0.051672 0.060816
v -0.063094 0.052082 0.061485
v -0.063094 0.048082 0.063549
v -0.063094 0.048111 0.063629
v -0.093094 0.048111 0.063629
v -0.093094 0.052565 0.062973
v -0.093094 0.052382 0.062210
v -0.063094 0.052382 0.062210
v -0.093094 0.042627 0.063755
v -0.063094 0.046901 0.063566
v -0.063094 0.047143 0.063629
v -0.063094 0.046943 0.063446
v -0.063094 0.047171 0.063549
v -0.063094 0.047005 0.063335
v -0.063094 0.047212 0.063475
v -0.063094 0.047266 0.063409
v -0.063094 0.047085 0.063236
v -0.064094 0.047181 0.063152
v -0.064094 0.047085 0.063236
v -0.063094 0.047181 0.063152
v -0.063094 0.047289 0.063086
v -0.063094 0.047329 0.063353
v -0.064094 0.047289 0.063086
v -0.064094 0.047407 0.063038
v -0.064094 0.046968 0.061604
v -0.064094 0.046614 0.061746
v -0.064094 0.046289 0.061946
v -0.063094 0.046614 0.061746
v -0.063094 0.046289 0.061946
v -0.063094 0.046002 0.062198
v -0.063094 0.040235 0.054946
v -0.063094 0.041877 0.053796
v -0.063094 0.041031 0.054335
v -0.063082 0.040941 0.054207
v -0.063082 0.040134 0.054826
v -0.063082 0.039384 0.055513
v -0.063045 0.039277 0.055405
v -0.063045 0.040036 0.054709
v -0.062985 0.039174 0.055303
v -0.062985 0.039943 0.054598
v -0.063045 0.040853 0.054082
v -0.062985 0.040770 0.053963
v -0.063082 0.041798 0.053661
v -0.063045 0.041722 0.053528
v -0.063082 0.042700 0.053191
v -0.063045 0.042636 0.053053
v -0.062985 0.041650 0.053403
v -0.062903 0.040694 0.053854
v -0.062903 0.041583 0.053287
v -0.062985 0.042575 0.052921
v -0.063045 0.043588 0.052658
v -0.062985 0.043538 0.052522
v -0.062903 0.042518 0.052800
v -0.062903 0.043492 0.052396
v -0.062801 0.042468 0.052692
v -0.062801 0.041523 0.053184
v -0.062801 0.040625 0.053756
v -0.062682 0.041472 0.053095
v -0.062682 0.040567 0.053672
v -0.062682 0.039715 0.054326
v -0.062548 0.040520 0.053605
v -0.062548 0.039662 0.054263
v -0.062548 0.038865 0.054994
v -0.062403 0.038823 0.054951
v -0.062403 0.039623 0.054217
v -0.062250 0.038797 0.054925
v -0.062403 0.040485 0.053556
v -0.062250 0.039600 0.054189
v -0.062094 0.040094 0.053780
v -0.062094 0.039592 0.054180
v -0.062250 0.040464 0.053526
v -0.062403 0.041401 0.052972
v -0.062250 0.041383 0.052941
v -0.062094 0.040457 0.053516
v -0.062094 0.041377 0.052930
v -0.033094 0.041377 0.052930
v -0.033094 0.040457 0.053516
v -0.033094 0.040094 0.053780
v -0.032937 0.040464 0.053526
v -0.032937 0.039600 0.054189
v -0.033094 0.039592 0.054180
v -0.032937 0.041383 0.052941
v -0.032785 0.040485 0.053556
v -0.032785 0.039623 0.054217
v -0.032785 0.038823 0.054951
v -0.032640 0.039662 0.054263
v -0.032640 0.038865 0.054994
v -0.032640 0.038135 0.055791
v -0.032506 0.038923 0.055051
v -0.032506 0.038197 0.055843
v -0.032506 0.037544 0.056695
v -0.032387 0.038276 0.055909
v -0.032387 0.037627 0.056754
v -0.032387 0.037055 0.057652
v -0.032285 0.037725 0.056822
v -0.032285 0.037158 0.057711
v -0.032285 0.036672 0.058647
v -0.032203 0.037274 0.057778
v -0.032203 0.036793 0.058703
v -0.032203 0.036394 0.059667
v -0.032143 0.036924 0.058765
v -0.032143 0.036530 0.059716
v -0.032143 0.036220 0.060699
v -0.032106 0.036673 0.059769
v -0.032106 0.036367 0.060738
v -0.032094 0.036519 0.060779
v -0.032106 0.036147 0.061731
v -0.032094 0.036301 0.061758
v -0.032094 0.036171 0.062753
v -0.032094 0.036127 0.063755
v -0.032106 0.036015 0.062739
v -0.032143 0.035997 0.061705
v -0.032143 0.035863 0.062726
v -0.032106 0.035970 0.063755
v -0.032143 0.035818 0.063755
v -0.032106 0.036015 0.064771
v -0.032094 0.036171 0.064758
v -0.032094 0.036301 0.065752
v -0.032094 0.036519 0.066732
v -0.032106 0.036147 0.065779
v -0.032143 0.035863 0.064784
v -0.032143 0.035997 0.065806
v -0.032106 0.036367 0.066772
v -0.032143 0.036220 0.066812
v -0.032106 0.036673 0.067742
v -0.032094 0.036820 0.067688
v -0.032094 0.037204 0.068615
v -0.032094 0.037668 0.069505
v -0.032106 0.037063 0.068681
v -0.032143 0.036530 0.067794
v -0.032143 0.036924 0.068746
v -0.032106 0.037532 0.069583
v -0.032094 0.038207 0.070351
v -0.032143 0.037400 0.069660
v -0.032106 0.038078 0.070441
v -0.032094 0.038817 0.071147
v -0.032143 0.037953 0.070529
v -0.032106 0.038697 0.071248
v -0.032143 0.038580 0.071346
v -0.032106 0.039384 0.071998
v -0.032094 0.039495 0.071887
v -0.032094 0.040235 0.072565
v -0.032094 0.041031 0.073176
v -0.032106 0.040134 0.072685
v -0.032143 0.039277 0.072106
v -0.032143 0.040036 0.072801
v -0.032106 0.040941 0.073304
v -0.032094 0.041877 0.073715
v -0.032143 0.040853 0.073429
v -0.032106 0.041798 0.073850
v -0.032143 0.041722 0.073982
v -0.032106 0.042700 0.074320
v -0.032094 0.042767 0.074178
v -0.032094 0.043694 0.074562
v -0.032094 0.044650 0.074863
v -0.032106 0.043640 0.074709
v -0.032143 0.042636 0.074458
v -0.032143 0.043588 0.074852
v -0.032106 0.044610 0.075015
v -0.032094 0.045630 0.075081
v -0.032143 0.044570 0.075162
v -0.032106 0.045603 0.075235
v -0.032143 0.045576 0.075385
v -0.032094 0.046625 0.075211
v -0.032203 0.045551 0.075528
v -0.032203 0.044533 0.075302
v -0.032285 0.043492 0.075114
v -0.032203 0.043538 0.074988
v -0.032285 0.044498 0.075431
v -0.032387 0.043452 0.075226
v -0.032387 0.044467 0.075546
v -0.032285 0.045528 0.075659
v -0.032387 0.045507 0.075777
v -0.032506 0.045489 0.075877
v -0.032506 0.044441 0.075645
v -0.032640 0.043389 0.075399
v -0.032506 0.043417 0.075322
v -0.032640 0.044420 0.075724
v -0.032785 0.043368 0.075455
v -0.032785 0.044404 0.075782
v -0.032640 0.045475 0.075958
v -0.032785 0.045465 0.076017
v -0.032937 0.045458 0.076053
v -0.032785 0.046542 0.076159
v -0.032937 0.044395 0.075817
v -0.032937 0.043356 0.075490
v -0.033094 0.044206 0.075778
v -0.033094 0.044392 0.075829
v -0.062094 0.044392 0.075829
v -0.062094 0.045456 0.076065
v -0.033094 0.045456 0.076065
v -0.062094 0.045709 0.076107
v -0.033094 0.045709 0.076107
v -0.062250 0.045458 0.076053
v -0.062403 0.045465 0.076017
v -0.062403 0.044404 0.075782
v -0.062250 0.044395 0.075817
v -0.062094 0.043351 0.075501
v -0.062094 0.044206 0.075778
v -0.062403 0.043368 0.075455
v -0.062250 0.043356 0.075490
v -0.062094 0.042754 0.075267
v -0.062250 0.042349 0.075073
v -0.062403 0.042365 0.075040
v -0.062548 0.042390 0.074985
v -0.062548 0.041431 0.074486
v -0.062403 0.041401 0.074538
v -0.062548 0.040520 0.073905
v -0.062250 0.041383 0.074570
v -0.062403 0.040485 0.073955
v -0.062548 0.039662 0.073247
v -0.062403 0.039623 0.073293
v -0.062250 0.040464 0.073985
v -0.062094 0.040094 0.073731
v -0.062094 0.040457 0.073995
v -0.062094 0.041377 0.074581
v -0.062250 0.039600 0.073321
v -0.062094 0.039592 0.073331
v -0.062094 0.038925 0.072729
v -0.033094 0.038925 0.072729
v -0.033094 0.039592 0.073331
v -0.033094 0.040094 0.073731
v -0.032937 0.039600 0.073321
v -0.032937 0.038797 0.072585
v -0.033094 0.038051 0.071790
v -0.033094 0.038788 0.072594
v -0.032937 0.038061 0.071782
v -0.032785 0.038823 0.072559
v -0.032785 0.039623 0.073293
v -0.032785 0.040485 0.073955
v -0.032640 0.039662 0.073247
v -0.032640 0.040520 0.073905
v -0.032640 0.041431 0.074486
v -0.032506 0.040567 0.073838
v -0.032506 0.041472 0.074415
v -0.032506 0.042425 0.074911
v -0.032387 0.041523 0.074327
v -0.032387 0.042468 0.074819
v -0.032285 0.042518 0.074710
v -0.032285 0.041583 0.074224
v -0.032203 0.042575 0.074589
v -0.032203 0.041650 0.074108
v -0.032285 0.040694 0.073657
v -0.032203 0.040770 0.073547
v -0.032285 0.039857 0.073015
v -0.032203 0.039943 0.072913
v -0.032285 0.039079 0.072303
v -0.032203 0.039174 0.072208
v -0.032285 0.038367 0.071525
v -0.032203 0.038470 0.071439
v -0.032285 0.037725 0.070689
v -0.032203 0.037835 0.070612
v -0.032285 0.037158 0.069799
v -0.032203 0.037274 0.069732
v -0.032285 0.036672 0.068864
v -0.032203 0.036793 0.068807
v -0.032285 0.036268 0.067890
v -0.032203 0.036394 0.067844
v -0.032285 0.035951 0.066884
v -0.032203 0.036080 0.066849
v -0.032285 0.035723 0.065854
v -0.032203 0.035854 0.065831
v -0.032285 0.035585 0.064809
v -0.032203 0.035718 0.064797
v -0.032285 0.035539 0.063755
v -0.032203 0.035673 0.063755
v -0.032285 0.035585 0.062702
v -0.032203 0.035718 0.062713
v -0.032285 0.035723 0.061656
v -0.032203 0.035854 0.061679
v -0.032285 0.035951 0.060627
v -0.032203 0.036080 0.060661
v -0.032285 0.036268 0.059621
v -0.032387 0.036563 0.058596
v -0.032387 0.036156 0.059580
v -0.032506 0.036471 0.058553
v -0.032506 0.036060 0.059545
v -0.032387 0.035836 0.060596
v -0.032506 0.035737 0.060569
v -0.032387 0.035605 0.061636
v -0.032506 0.035505 0.061618
v -0.032387 0.035466 0.062691
v -0.032506 0.035365 0.062682
v -0.032387 0.035420 0.063755
v -0.032506 0.035318 0.063755
v -0.032387 0.035466 0.064819
v -0.032506 0.035365 0.064828
v -0.032387 0.035605 0.065875
v -0.032506 0.035505 0.065893
v -0.032387 0.035836 0.066915
v -0.032506 0.035737 0.066941
v -0.032387 0.036156 0.067930
v -0.032506 0.036060 0.067965
v -0.032387 0.036563 0.068914
v -0.032506 0.036471 0.068957
v -0.032387 0.037055 0.069859
v -0.032506 0.036967 0.069910
v -0.032387 0.037627 0.070757
v -0.032506 0.037544 0.070815
v -0.032387 0.038276 0.071602
v -0.032506 0.038197 0.071667
v -0.032387 0.038995 0.072387
v -0.032506 0.038923 0.072459
v -0.032387 0.039780 0.073106
v -0.032506 0.039715 0.073184
v -0.032387 0.040625 0.073755
v -0.032640 0.038865 0.072517
v -0.032785 0.038089 0.071759
v -0.032640 0.038135 0.071720
v -0.032785 0.037427 0.070897
v -0.032640 0.037477 0.070862
v -0.032785 0.036844 0.069981
v -0.032640 0.036896 0.069951
v -0.032785 0.036342 0.069017
v -0.032640 0.036397 0.068992
v -0.032785 0.035927 0.068014
v -0.032640 0.035983 0.067993
v -0.032785 0.035600 0.066978
v -0.032640 0.035658 0.066962
v -0.032785 0.035365 0.065917
v -0.032640 0.035424 0.065907
v -0.032785 0.035223 0.064840
v -0.032640 0.035283 0.064835
v -0.032785 0.035176 0.063755
v -0.032640 0.035236 0.063755
v -0.032785 0.035223 0.062670
v -0.032640 0.035283 0.062675
v -0.032785 0.035365 0.061593
v -0.032640 0.035424 0.061604
v -0.032785 0.035600 0.060533
v -0.032640 0.035658 0.060548
v -0.032785 0.035927 0.059497
v -0.032640 0.035983 0.059517
v -0.032785 0.036342 0.058493
v -0.032640 0.036397 0.058519
v -0.032785 0.036844 0.057530
v -0.032640 0.036896 0.057560
v -0.032785 0.037427 0.056614
v -0.032640 0.037477 0.056648
v -0.032506 0.036967 0.057601
v -0.032785 0.038089 0.055752
v -0.032937 0.038061 0.055728
v -0.032937 0.038797 0.054925
v -0.033094 0.038925 0.054781
v -0.033094 0.038788 0.054916
v -0.062094 0.038788 0.054916
v -0.062094 0.038051 0.055720
v -0.033094 0.038051 0.055720
v -0.062094 0.037888 0.055919
v -0.033094 0.037888 0.055919
v -0.062094 0.037387 0.056586
v -0.033094 0.037387 0.056586
v -0.062094 0.036999 0.057175
v -0.033094 0.036999 0.057175
v -0.032937 0.037397 0.056593
v -0.032937 0.036812 0.057511
v -0.033094 0.036801 0.057505
v -0.032937 0.036309 0.058478
v -0.032937 0.035892 0.059484
v -0.033094 0.036298 0.058473
v -0.033094 0.036271 0.058531
v -0.062094 0.036271 0.058531
v -0.062094 0.035881 0.059480
v -0.033094 0.035881 0.059480
v -0.062094 0.035715 0.059966
v -0.033094 0.035715 0.059966
v -0.062094 0.035553 0.060520
v -0.033094 0.035553 0.060520
v -0.032937 0.035565 0.060523
v -0.032937 0.035329 0.061587
v -0.033094 0.035340 0.061458
v -0.062094 0.035340 0.061458
v -0.062094 0.035317 0.061585
v -0.033094 0.035317 0.061585
v -0.062094 0.035174 0.062666
v -0.033094 0.035174 0.062666
v -0.032937 0.035187 0.062667
v -0.032937 0.035139 0.063755
v -0.033094 0.035151 0.062986
v -0.033094 0.035127 0.063755
v -0.062094 0.035127 0.063755
v -0.062094 0.035151 0.064525
v -0.033094 0.035151 0.064525
v -0.062094 0.035174 0.064845
v -0.033094 0.035174 0.064845
v -0.032937 0.035187 0.064844
v -0.032937 0.035329 0.065924
v -0.033094 0.035317 0.065926
v -0.032937 0.035565 0.066987
v -0.033094 0.035340 0.066052
v -0.033094 0.035553 0.066991
v -0.062094 0.035553 0.066991
v -0.062094 0.035715 0.067545
v -0.033094 0.035715 0.067545
v -0.062094 0.035881 0.068030
v -0.033094 0.035881 0.068030
v -0.032937 0.035892 0.068026
v -0.032937 0.036309 0.069033
v -0.033094 0.036271 0.068980
v -0.062094 0.036271 0.068980
v -0.062094 0.036298 0.069038
v -0.033094 0.036298 0.069038
v -0.062094 0.036801 0.070005
v -0.033094 0.036801 0.070005
v -0.032937 0.036812 0.069999
v -0.032937 0.037397 0.070918
v -0.033094 0.036999 0.070336
v -0.033094 0.037387 0.070925
v -0.062094 0.037387 0.070925
v -0.062094 0.037888 0.071592
v -0.033094 0.037888 0.071592
v -0.062094 0.038051 0.071790
v -0.062094 0.038788 0.072594
v -0.062250 0.038061 0.071782
v -0.062250 0.038797 0.072585
v -0.062250 0.037397 0.070918
v -0.062403 0.038089 0.071759
v -0.062403 0.037427 0.070897
v -0.062548 0.037477 0.070862
v -0.062403 0.036844 0.069981
v -0.062548 0.036896 0.069951
v -0.062682 0.036967 0.069910
v -0.062682 0.036471 0.068957
v -0.062548 0.036397 0.068992
v -0.062403 0.036342 0.069017
v -0.062548 0.035983 0.067993
v -0.062682 0.036060 0.067965
v -0.062801 0.036156 0.067930
v -0.062801 0.035836 0.066915
v -0.062682 0.035737 0.066941
v -0.062548 0.035658 0.066962
v -0.062682 0.035505 0.065893
v -0.062801 0.035605 0.065875
v -0.062903 0.035723 0.065854
v -0.062903 0.035585 0.064809
v -0.062801 0.035466 0.064819
v -0.062903 0.035539 0.063755
v -0.062801 0.035420 0.063755
v -0.062682 0.035365 0.064828
v -0.062682 0.035318 0.063755
v -0.062548 0.035283 0.064835
v -0.062548 0.035424 0.065907
v -0.062403 0.035365 0.065917
v -0.062403 0.035600 0.066978
v -0.062403 0.035927 0.068014
v -0.062250 0.035565 0.066987
v -0.062250 0.035892 0.068026
v -0.062250 0.036309 0.069033
v -0.062250 0.036812 0.069999
v -0.062094 0.036999 0.070336
v -0.062250 0.035329 0.065924
v -0.062094 0.035340 0.066052
v -0.062094 0.035317 0.065926
v -0.062250 0.035187 0.064844
v -0.062403 0.035223 0.064840
v -0.062403 0.035176 0.063755
v -0.062250 0.035139 0.063755
v -0.062094 0.035151 0.062986
v -0.062403 0.035223 0.062670
v -0.062250 0.035187 0.062667
v -0.062250 0.035329 0.061587
v -0.062403 0.035365 0.061593
v -0.062548 0.035658 0.060548
v -0.062548 0.035424 0.061604
v -0.062403 0.035600 0.060533
v -0.062250 0.035565 0.060523
v -0.062403 0.035927 0.059497
v -0.062548 0.035983 0.059517
v -0.062682 0.036060 0.059545
v -0.062548 0.036397 0.058519
v -0.062682 0.036471 0.058553
v -0.062801 0.036563 0.058596
v -0.062682 0.036967 0.057601
v -0.062801 0.037055 0.057652
v -0.062801 0.037627 0.056754
v -0.062903 0.037725 0.056822
v -0.062903 0.037158 0.057711
v -0.062985 0.037835 0.056899
v -0.062985 0.037274 0.057778
v -0.062903 0.036672 0.058647
v -0.062903 0.036268 0.059621
v -0.062801 0.036156 0.059580
v -0.062985 0.036793 0.058703
v -0.063045 0.037400 0.057851
v -0.063045 0.036924 0.058765
v -0.062985 0.036394 0.059667
v -0.063045 0.036530 0.059716
v -0.062985 0.036080 0.060661
v -0.062903 0.035951 0.060627
v -0.062801 0.035836 0.060596
v -0.062903 0.035723 0.061656
v -0.062801 0.035605 0.061636
v -0.062682 0.035505 0.061618
v -0.062801 0.035466 0.062691
v -0.062682 0.035365 0.062682
v -0.062548 0.035283 0.062675
v -0.062548 0.035236 0.063755
v -0.062903 0.035585 0.062702
v -0.062985 0.035854 0.061679
v -0.062985 0.035718 0.062713
v -0.063045 0.035863 0.062726
v -0.062985 0.035673 0.063755
v -0.063045 0.035997 0.061705
v -0.063082 0.036367 0.060738
v -0.063045 0.036220 0.060699
v -0.063082 0.036147 0.061731
v -0.063094 0.036519 0.060779
v -0.063094 0.036301 0.061758
v -0.063082 0.036015 0.062739
v -0.063094 0.036171 0.062753
v -0.063082 0.035970 0.063755
v -0.063045 0.035818 0.063755
v -0.063045 0.035863 0.064784
v -0.062985 0.035718 0.064797
v -0.062985 0.035854 0.065831
v -0.062985 0.036080 0.066849
v -0.062903 0.035951 0.066884
v -0.063045 0.035997 0.065806
v -0.063045 0.036220 0.066812
v -0.063082 0.036015 0.064771
v -0.063082 0.036147 0.065779
v -0.063082 0.036367 0.066772
v -0.063094 0.036301 0.065752
v -0.063094 0.036171 0.064758
v -0.063094 0.045385 0.063946
v -0.063094 0.036127 0.063755
v -0.063094 0.045377 0.063755
v -0.063094 0.045385 0.063564
v -0.064094 0.045385 0.063946
v -0.064094 0.045377 0.063755
v -0.064094 0.046877 0.063755
v -0.064094 0.046880 0.063819
v -0.064094 0.045385 0.063564
v -0.064094 0.045449 0.063188
v -0.064094 0.046880 0.063692
v -0.064094 0.046901 0.063566
v -0.064094 0.045577 0.062829
v -0.064094 0.046943 0.063446
v -0.064094 0.047005 0.063335
v -0.064094 0.045763 0.062495
v -0.064094 0.046002 0.062198
v -0.063094 0.045577 0.062829
v -0.063094 0.045763 0.062495
v -0.063094 0.037668 0.058005
v -0.063094 0.038817 0.056363
v -0.063094 0.038207 0.057159
v -0.063082 0.038078 0.057069
v -0.063082 0.037532 0.057927
v -0.063082 0.037063 0.058829
v -0.063094 0.037204 0.058895
v -0.063082 0.036673 0.059769
v -0.063094 0.036820 0.059822
v -0.063094 0.045449 0.063188
v -0.063082 0.038697 0.056263
v -0.063045 0.037953 0.056982
v -0.063045 0.038580 0.056165
v -0.062985 0.038470 0.056071
v -0.062903 0.038367 0.055985
v -0.062903 0.039079 0.055208
v -0.062801 0.038276 0.055909
v -0.062682 0.037544 0.056695
v -0.062801 0.038995 0.055124
v -0.062682 0.038197 0.055843
v -0.062682 0.038923 0.055051
v -0.062548 0.038135 0.055791
v -0.062548 0.037477 0.056648
v -0.062403 0.037427 0.056614
v -0.062403 0.036844 0.057530
v -0.062548 0.036896 0.057560
v -0.062403 0.036342 0.058493
v -0.062250 0.036309 0.058478
v -0.062250 0.035892 0.059484
v -0.062094 0.036298 0.058473
v -0.062250 0.036812 0.057511
v -0.062094 0.036801 0.057505
v -0.062250 0.037397 0.056593
v -0.062250 0.038061 0.055728
v -0.062403 0.038089 0.055752
v -0.062801 0.039780 0.054404
v -0.062903 0.039857 0.054495
v -0.063094 0.039495 0.055624
v -0.064094 0.046901 0.063944
v -0.063094 0.046901 0.063944
v -0.063094 0.046880 0.063819
v -0.063094 0.047143 0.063881
v -0.063094 0.047171 0.063961
v -0.063094 0.046943 0.064064
v -0.063094 0.047212 0.064035
v -0.063094 0.047005 0.064175
v -0.063094 0.047266 0.064101
v -0.063094 0.047329 0.064157
v -0.063094 0.047085 0.064274
v -0.064094 0.047005 0.064175
v -0.064094 0.047085 0.064274
v -0.064094 0.045763 0.065015
v -0.064094 0.045577 0.064682
v -0.063094 0.046002 0.065312
v -0.063094 0.045763 0.065015
v -0.063094 0.037668 0.069505
v -0.063094 0.045577 0.064682
v -0.063094 0.038207 0.070351
v -0.063094 0.038817 0.071147
v -0.063094 0.039495 0.071887
v -0.063082 0.038697 0.071248
v -0.063082 0.039384 0.071998
v -0.063082 0.040134 0.072685
v -0.063045 0.040036 0.072801
v -0.063045 0.039277 0.072106
v -0.063045 0.038580 0.071346
v -0.062985 0.039174 0.072208
v -0.062985 0.039943 0.072913
v -0.062985 0.040770 0.073547
v -0.062903 0.040694 0.073657
v -0.062903 0.039857 0.073015
v -0.062801 0.040625 0.073755
v -0.062801 0.039780 0.073106
v -0.062903 0.039079 0.072303
v -0.062801 0.038995 0.072387
v -0.062985 0.038470 0.071439
v -0.062903 0.038367 0.071525
v -0.062985 0.037835 0.070612
v -0.062903 0.037725 0.070689
v -0.062801 0.038276 0.071602
v -0.062801 0.037627 0.070757
v -0.062682 0.038197 0.071667
v -0.062682 0.038923 0.072459
v -0.062548 0.038865 0.072517
v -0.062682 0.039715 0.073184
v -0.062682 0.040567 0.073838
v -0.062682 0.041472 0.074415
v -0.062801 0.041523 0.074327
v -0.062682 0.042425 0.074911
v -0.062682 0.043417 0.075322
v -0.062548 0.043389 0.075399
v -0.062801 0.042468 0.074819
v -0.062903 0.042518 0.074710
v -0.062903 0.041583 0.074224
v -0.062801 0.043452 0.075226
v -0.062903 0.043492 0.075114
v -0.062682 0.044441 0.075645
v -0.062548 0.044420 0.075724
v -0.062548 0.045475 0.075958
v -0.062985 0.042575 0.074589
v -0.063045 0.041722 0.073982
v -0.062985 0.041650 0.074108
v -0.063045 0.040853 0.073429
v -0.063082 0.040941 0.073304
v -0.063094 0.040235 0.072565
v -0.063094 0.041031 0.073176
v -0.062548 0.038135 0.071720
v -0.062403 0.038823 0.072559
v -0.062682 0.037544 0.070815
v -0.062801 0.037055 0.069859
v -0.062903 0.037158 0.069799
v -0.062903 0.036672 0.068864
v -0.062801 0.036563 0.068914
v -0.062903 0.036268 0.067890
v -0.062985 0.036394 0.067844
v -0.062985 0.036793 0.068807
v -0.063045 0.036530 0.067794
v -0.063045 0.036924 0.068746
v -0.063082 0.036673 0.067742
v -0.063082 0.037063 0.068681
v -0.063094 0.036519 0.066732
v -0.063094 0.036820 0.067688
v -0.063094 0.037204 0.068615
v -0.063094 0.045449 0.064322
v -0.064094 0.045449 0.064322
v -0.064094 0.046943 0.064064
v -0.063082 0.037532 0.069583
v -0.063082 0.038078 0.070441
v -0.063045 0.037953 0.070529
v -0.063045 0.037400 0.069660
v -0.062985 0.037274 0.069732
v -0.062682 0.035737 0.060569
v -0.062094 0.038925 0.054781
v -0.032640 0.042390 0.074985
v -0.032785 0.041401 0.074538
v -0.032785 0.042365 0.075040
v -0.032937 0.042349 0.075073
v -0.032937 0.041383 0.074570
v -0.033094 0.040457 0.073995
v -0.032937 0.040464 0.073985
v -0.033094 0.041377 0.074581
v -0.062094 0.042344 0.075084
v -0.033094 0.042344 0.075084
v -0.033094 0.042754 0.075267
v -0.033094 0.043351 0.075501
v -0.032094 0.036820 0.059822
v -0.032094 0.037204 0.058895
v -0.032106 0.037063 0.058829
v -0.032143 0.037400 0.057851
v -0.032106 0.037532 0.057927
v -0.032143 0.037953 0.056982
v -0.032106 0.038078 0.057069
v -0.032094 0.037668 0.058005
v -0.032094 0.038207 0.057159
v -0.032094 0.038817 0.056363
v -0.032106 0.038697 0.056263
v -0.032143 0.038580 0.056165
v -0.032143 0.039277 0.055405
v -0.032106 0.039384 0.055513
v -0.032094 0.039495 0.055624
v -0.032143 0.040036 0.054709
v -0.032106 0.040134 0.054826
v -0.032143 0.040853 0.054082
v -0.032106 0.040941 0.054207
v -0.032094 0.040235 0.054946
v -0.032094 0.041031 0.054335
v -0.032094 0.041877 0.053796
v -0.032106 0.041798 0.053661
v -0.032143 0.042636 0.053053
v -0.032106 0.042700 0.053191
v -0.032143 0.041722 0.053528
v -0.032203 0.042575 0.052921
v -0.032203 0.041650 0.053403
v -0.032285 0.042518 0.052800
v -0.032285 0.041583 0.053287
v -0.032203 0.040770 0.053963
v -0.032285 0.040694 0.053854
v -0.032203 0.039943 0.054598
v -0.032285 0.039857 0.054495
v -0.032203 0.039174 0.055303
v -0.032285 0.039079 0.055208
v -0.032203 0.038470 0.056071
v -0.032285 0.038367 0.055985
v -0.032203 0.037835 0.056899
v -0.032387 0.038995 0.055124
v -0.032506 0.039715 0.054326
v -0.032387 0.039780 0.054404
v -0.032506 0.040567 0.053672
v -0.032387 0.040625 0.053756
v -0.032506 0.041472 0.053095
v -0.032387 0.041523 0.053184
v -0.032506 0.042425 0.052600
v -0.032387 0.042468 0.052692
v -0.032506 0.043417 0.052189
v -0.032387 0.043452 0.052284
v -0.032506 0.044441 0.051866
v -0.032387 0.044467 0.051964
v -0.032285 0.043492 0.052396
v -0.032285 0.044498 0.052079
v -0.032203 0.043538 0.052522
v -0.032203 0.044533 0.052209
v -0.032143 0.043588 0.052658
v -0.032143 0.044570 0.052349
v -0.032106 0.043640 0.052802
v -0.032106 0.044610 0.052496
v -0.032094 0.042767 0.053333
v -0.032094 0.043694 0.052949
v -0.032094 0.044650 0.052647
v -0.032094 0.045630 0.052430
v -0.032106 0.045603 0.052276
v -0.032143 0.045576 0.052126
v -0.032143 0.046598 0.051991
v -0.032106 0.046611 0.052143
v -0.032094 0.046625 0.052299
v -0.032143 0.047627 0.051946
v -0.032106 0.047627 0.052099
v -0.032094 0.047627 0.052255
v -0.032143 0.048656 0.051991
v -0.032106 0.048643 0.052143
v -0.032143 0.049677 0.052126
v -0.032106 0.049651 0.052276
v -0.032094 0.048629 0.052299
v -0.032094 0.049624 0.052430
v -0.032094 0.050603 0.052647
v -0.032106 0.050644 0.052496
v -0.032143 0.051666 0.052658
v -0.032106 0.051614 0.052802
v -0.032143 0.050683 0.052349
v -0.032203 0.051715 0.052522
v -0.032203 0.050721 0.052209
v -0.032285 0.051761 0.052396
v -0.032285 0.050755 0.052079
v -0.032203 0.049703 0.051983
v -0.032285 0.049726 0.051851
v -0.032203 0.048669 0.051847
v -0.032285 0.048680 0.051713
v -0.032203 0.047627 0.051801
v -0.032285 0.047627 0.051667
v -0.032203 0.046585 0.051847
v -0.032285 0.046573 0.051713
v -0.032203 0.045551 0.051983
v -0.032285 0.045528 0.051851
v -0.032387 0.045507 0.051734
v -0.032387 0.046563 0.051595
v -0.032506 0.047627 0.051446
v -0.032387 0.047627 0.051548
v -0.032506 0.046554 0.051493
v -0.032640 0.047627 0.051364
v -0.032640 0.046547 0.051411
v -0.032506 0.045489 0.051633
v -0.032640 0.045475 0.051552
v -0.032785 0.045465 0.051493
v -0.032640 0.044420 0.051786
v -0.032785 0.046542 0.051352
v -0.032937 0.046538 0.051315
v -0.032937 0.047627 0.051268
v -0.032785 0.047627 0.051304
v -0.032937 0.048715 0.051315
v -0.032785 0.048712 0.051352
v -0.032937 0.049795 0.051457
v -0.032785 0.049789 0.051493
v -0.032640 0.048707 0.051411
v -0.032640 0.049778 0.051552
v -0.032506 0.048700 0.051493
v -0.032506 0.049764 0.051633
v -0.032387 0.048691 0.051595
v -0.032387 0.049746 0.051734
v -0.032506 0.050813 0.051866
v -0.032387 0.050786 0.051964
v -0.032506 0.051837 0.052189
v -0.032387 0.051802 0.052284
v -0.032506 0.052829 0.052600
v -0.032387 0.052786 0.052692
v -0.032506 0.053781 0.053095
v -0.032387 0.053730 0.053184
v -0.032285 0.052735 0.052800
v -0.032285 0.053671 0.053287
v -0.032203 0.052679 0.052921
v -0.032203 0.053604 0.053403
v -0.032143 0.052617 0.053053
v -0.032143 0.053531 0.053528
v -0.032106 0.052553 0.053191
v -0.032094 0.051560 0.052949
v -0.032094 0.052487 0.053333
v -0.032203 0.054483 0.053963
v -0.032285 0.055397 0.054495
v -0.032285 0.054560 0.053854
v -0.032387 0.055473 0.054404
v -0.032387 0.054628 0.053756
v -0.032506 0.055539 0.054326
v -0.032506 0.054687 0.053672
v -0.032640 0.055592 0.054263
v -0.032640 0.054734 0.053605
v -0.032785 0.055630 0.054217
v -0.032785 0.054768 0.053556
v -0.032640 0.053822 0.053024
v -0.032785 0.053852 0.052972
v -0.032640 0.052863 0.052525
v -0.032785 0.052889 0.052471
v -0.032640 0.051865 0.052112
v -0.032785 0.051885 0.052055
v -0.032640 0.050834 0.051786
v -0.032785 0.050849 0.051728
v -0.032937 0.050859 0.051693
v -0.032937 0.051898 0.052021
v -0.033094 0.052909 0.052426
v -0.033094 0.051902 0.052009
v -0.033094 0.051781 0.051966
v -0.032937 0.052904 0.052438
v -0.033094 0.050862 0.051681
v -0.062094 0.050862 0.051681
v -0.062094 0.050301 0.051545
v -0.033094 0.050301 0.051545
v -0.062094 0.049797 0.051445
v -0.033094 0.049797 0.051445
v -0.062094 0.048780 0.051309
v -0.033094 0.048780 0.051309
v -0.062094 0.048716 0.051303
v -0.033094 0.048716 0.051303
v -0.062094 0.047627 0.051255
v -0.033094 0.047627 0.051255
v -0.062094 0.047242 0.051261
v -0.033094 0.047242 0.051261
v -0.062094 0.046537 0.051303
v -0.033094 0.046537 0.051303
v -0.062094 0.045709 0.051403
v -0.033094 0.045709 0.051403
v -0.062094 0.045456 0.051445
v -0.033094 0.045456 0.051445
v -0.032937 0.045458 0.051457
v -0.032785 0.044404 0.051728
v -0.032937 0.044395 0.051693
v -0.033094 0.044392 0.051681
v -0.033094 0.044206 0.051732
v -0.032937 0.043356 0.052021
v -0.033094 0.043351 0.052009
v -0.032785 0.043368 0.052055
v -0.032785 0.042365 0.052471
v -0.032640 0.043389 0.052112
v -0.032640 0.042390 0.052525
v -0.032640 0.041431 0.053024
v -0.032785 0.041401 0.052972
v -0.032640 0.040520 0.053605
v -0.032937 0.042349 0.052438
v -0.033094 0.042754 0.052244
v -0.033094 0.042344 0.052426
v -0.062094 0.042344 0.052426
v -0.062094 0.042754 0.052244
v -0.062250 0.042349 0.052438
v -0.062403 0.042365 0.052471
v -0.062403 0.043368 0.052055
v -0.062250 0.043356 0.052021
v -0.062094 0.043351 0.052009
v -0.062094 0.044206 0.051732
v -0.062094 0.044392 0.051681
v -0.062250 0.044395 0.051693
v -0.062403 0.045465 0.051493
v -0.062250 0.045458 0.051457
v -0.062403 0.044404 0.051728
v -0.062548 0.045475 0.051552
v -0.062548 0.044420 0.051786
v -0.062548 0.043389 0.052112
v -0.062682 0.044441 0.051866
v -0.062682 0.045489 0.051633
v -0.062801 0.045507 0.051734
v -0.062801 0.046563 0.051595
v -0.062682 0.046554 0.051493
v -0.062548 0.046547 0.051411
v -0.062682 0.047627 0.051446
v -0.062801 0.047627 0.051548
v -0.062903 0.047627 0.051667
v -0.062903 0.048680 0.051713
v -0.062801 0.048691 0.051595
v -0.062682 0.048700 0.051493
v -0.062801 0.049746 0.051734
v -0.062903 0.049726 0.051851
v -0.062985 0.049703 0.051983
v -0.062985 0.050721 0.052209
v -0.062903 0.050755 0.052079
v -0.062801 0.050786 0.051964
v -0.062903 0.051761 0.052396
v -0.062985 0.051715 0.052522
v -0.062985 0.052679 0.052921
v -0.063045 0.051666 0.052658
v -0.063045 0.052617 0.053053
v -0.063082 0.052553 0.053191
v -0.063082 0.053455 0.053661
v -0.063045 0.053531 0.053528
v -0.062985 0.053604 0.053403
v -0.063045 0.054400 0.054082
v -0.063082 0.054313 0.054207
v -0.063094 0.054223 0.054335
v -0.063082 0.055119 0.054826
v -0.063094 0.055019 0.054946
v -0.063094 0.049113 0.062066
v -0.063094 0.055758 0.055624
v -0.063094 0.049377 0.062342
v -0.063094 0.056436 0.056363
v -0.063082 0.055869 0.055513
v -0.063045 0.055217 0.054709
v -0.063045 0.055977 0.055405
v -0.063082 0.056556 0.056263
v -0.063045 0.056673 0.056165
v -0.063082 0.057175 0.057069
v -0.063094 0.057047 0.057159
v -0.063094 0.049591 0.062658
v -0.063094 0.057586 0.058005
v -0.063094 0.058049 0.058895
v -0.063082 0.057722 0.057927
v -0.063082 0.058191 0.058829
v -0.063045 0.057854 0.057851
v -0.063045 0.057300 0.056982
v -0.062985 0.057419 0.056899
v -0.062985 0.056784 0.056071
v -0.062985 0.056079 0.055303
v -0.062903 0.056174 0.055208
v -0.062903 0.056887 0.055985
v -0.062801 0.056978 0.055909
v -0.062903 0.057528 0.056822
v -0.062801 0.056259 0.055124
v -0.062801 0.055473 0.054404
v -0.062682 0.055539 0.054326
v -0.062682 0.056330 0.055051
v -0.062548 0.055592 0.054263
v -0.062548 0.056388 0.054994
v -0.062682 0.057056 0.055843
v -0.062548 0.057119 0.055791
v -0.062682 0.057710 0.056695
v -0.062801 0.057626 0.056754
v -0.062903 0.058095 0.057711
v -0.062801 0.058198 0.057652
v -0.062903 0.058582 0.058647
v -0.062801 0.058690 0.058596
v -0.062682 0.058287 0.057601
v -0.062682 0.058783 0.058553
v -0.062548 0.058358 0.057560
v -0.062548 0.057777 0.056648
v -0.062403 0.057165 0.055752
v -0.062403 0.057826 0.056614
v -0.062250 0.057856 0.056593
v -0.062250 0.057193 0.055728
v -0.062403 0.058410 0.057530
v -0.062548 0.058857 0.058519
v -0.062403 0.058911 0.058493
v -0.062250 0.058441 0.057511
v -0.062094 0.058452 0.057505
v -0.062250 0.058944 0.058478
v -0.062094 0.057866 0.056586
v -0.062094 0.058956 0.058473
v -0.062094 0.058639 0.057842
v -0.033094 0.058956 0.058473
v -0.033094 0.058639 0.057842
v -0.033094 0.058452 0.057505
v -0.032937 0.058441 0.057511
v -0.032937 0.058944 0.058478
v -0.032785 0.058410 0.057530
v -0.032785 0.057826 0.056614
v -0.032640 0.057777 0.056648
v -0.032640 0.057119 0.055791
v -0.032506 0.057056 0.055843
v -0.032506 0.056330 0.055051
v -0.032387 0.056259 0.055124
v -0.032640 0.056388 0.054994
v -0.032785 0.057165 0.055752
v -0.032785 0.056431 0.054951
v -0.032937 0.057193 0.055728
v -0.032937 0.056457 0.054925
v -0.033094 0.056864 0.055334
v -0.032937 0.055654 0.054189
v -0.033094 0.056466 0.054916
v -0.033094 0.055760 0.054263
v -0.062094 0.055760 0.054263
v -0.062094 0.055662 0.054180
v -0.033094 0.055662 0.054180
v -0.062094 0.054796 0.053516
v -0.033094 0.054796 0.053516
v -0.032937 0.054789 0.053526
v -0.032937 0.053871 0.052941
v -0.033094 0.054531 0.053335
v -0.033094 0.053877 0.052930
v -0.062094 0.053877 0.052930
v -0.062094 0.053199 0.052566
v -0.033094 0.053199 0.052566
v -0.062094 0.052909 0.052426
v -0.062094 0.051902 0.052009
v -0.062250 0.052904 0.052438
v -0.062403 0.052889 0.052471
v -0.062403 0.053852 0.052972
v -0.062250 0.053871 0.052941
v -0.062250 0.051898 0.052021
v -0.062403 0.051885 0.052055
v -0.062094 0.051781 0.051966
v -0.062250 0.050859 0.051693
v -0.062250 0.049795 0.051457
v -0.062403 0.050849 0.051728
v -0.062403 0.049789 0.051493
v -0.062548 0.050834 0.051786
v -0.062548 0.051865 0.052112
v -0.062548 0.052863 0.052525
v -0.062682 0.051837 0.052189
v -0.062682 0.052829 0.052600
v -0.062801 0.052786 0.052692
v -0.062801 0.053730 0.053184
v -0.062682 0.053781 0.053095
v -0.062548 0.053822 0.053024
v -0.062682 0.054687 0.053672
v -0.062801 0.054628 0.053756
v -0.062903 0.055397 0.054495
v -0.062903 0.054560 0.053854
v -0.062985 0.055311 0.054598
v -0.062903 0.053671 0.053287
v -0.062985 0.054483 0.053963
v -0.062903 0.052735 0.052800
v -0.062801 0.051802 0.052284
v -0.062682 0.050813 0.051866
v -0.062548 0.049778 0.051552
v -0.062682 0.049764 0.051633
v -0.062548 0.048707 0.051411
v -0.062403 0.047627 0.051304
v -0.062548 0.047627 0.051364
v -0.062403 0.048712 0.051352
v -0.062250 0.048715 0.051315
v -0.062250 0.047627 0.051268
v -0.062250 0.046538 0.051315
v -0.062403 0.046542 0.051352
v -0.062548 0.054734 0.053605
v -0.062403 0.054768 0.053556
v -0.062250 0.054789 0.053526
v -0.062403 0.055630 0.054217
v -0.062403 0.056431 0.054951
v -0.062250 0.055654 0.054189
v -0.062094 0.056466 0.054916
v -0.062250 0.056457 0.054925
v -0.062094 0.056864 0.055334
v -0.062094 0.057202 0.055720
v -0.033094 0.057202 0.055720
v -0.033094 0.057829 0.056533
v -0.033094 0.057866 0.056586
v -0.062094 0.057829 0.056533
v -0.032937 0.057856 0.056593
v -0.062094 0.054531 0.053335
v -0.033094 0.059283 0.059240
v -0.062094 0.059283 0.059240
v -0.062403 0.059327 0.059497
v -0.062548 0.059270 0.059517
v -0.062548 0.059595 0.060548
v -0.062682 0.059516 0.060569
v -0.062682 0.059749 0.061618
v -0.062801 0.059648 0.061636
v -0.062682 0.059889 0.062682
v -0.062801 0.059787 0.062691
v -0.062903 0.059668 0.062702
v -0.062903 0.059715 0.063755
v -0.062801 0.059834 0.063755
v -0.062682 0.059936 0.063755
v -0.062801 0.059787 0.064819
v -0.062903 0.059668 0.064809
v -0.062985 0.059535 0.064797
v -0.062985 0.059399 0.065831
v -0.062903 0.059531 0.065854
v -0.062801 0.059648 0.065875
v -0.062903 0.059303 0.066884
v -0.062985 0.059173 0.066849
v -0.063045 0.059033 0.066812
v -0.063045 0.058724 0.067794
v -0.062985 0.058860 0.067844
v -0.063045 0.058329 0.068746
v -0.062985 0.058461 0.068807
v -0.062903 0.058986 0.067890
v -0.062903 0.058582 0.068864
v -0.062801 0.059418 0.066915
v -0.062682 0.059749 0.065893
v -0.062682 0.059889 0.064828
v -0.062985 0.057979 0.069732
v -0.063045 0.057854 0.069660
v -0.063045 0.057300 0.070529
v -0.062985 0.057419 0.070612
v -0.063045 0.056673 0.071346
v -0.063082 0.056556 0.071248
v -0.063082 0.055869 0.071998
v -0.063045 0.055977 0.072106
v -0.063082 0.055119 0.072685
v -0.063094 0.054223 0.073176
v -0.063094 0.055019 0.072565
v -0.063082 0.054313 0.073304
v -0.063082 0.053455 0.073850
v -0.063094 0.053377 0.073715
v -0.063094 0.048806 0.065671
v -0.063094 0.052487 0.074178
v -0.063094 0.051560 0.074562
v -0.063082 0.052553 0.074320
v -0.063094 0.048466 0.065843
v -0.063094 0.050603 0.074863
v -0.063094 0.048101 0.065955
v -0.064094 0.048101 0.065955
v -0.063094 0.047722 0.066003
v -0.063094 0.048629 0.075211
v -0.063094 0.049624 0.075081
v -0.063082 0.049651 0.075235
v -0.063082 0.050644 0.075015
v -0.063082 0.051614 0.074709
v -0.063045 0.051666 0.074852
v -0.063045 0.050683 0.075162
v -0.062985 0.051715 0.074988
v -0.062985 0.052679 0.074589
v -0.062903 0.052735 0.074710
v -0.062801 0.053730 0.074327
v -0.063045 0.052617 0.074458
v -0.063094 0.047627 0.075255
v -0.063094 0.046625 0.075211
v -0.063094 0.047341 0.065987
v -0.063094 0.049113 0.065444
v -0.063094 0.049377 0.065169
v -0.063094 0.055758 0.071887
v -0.063094 0.056436 0.071147
v -0.063094 0.057047 0.070351
v -0.063082 0.057175 0.070441
v -0.063082 0.057722 0.069583
v -0.063082 0.058191 0.068681
v -0.063094 0.057586 0.069505
v -0.063094 0.058049 0.068615
v -0.063094 0.049591 0.064853
v -0.063094 0.049748 0.064505
v -0.064094 0.049591 0.064853
v -0.064094 0.049377 0.065169
v -0.064094 0.049748 0.064505
v -0.064094 0.049844 0.064136
v -0.063094 0.049844 0.064136
v -0.063094 0.049877 0.063755
v -0.063094 0.059083 0.064758
v -0.063094 0.058735 0.066732
v -0.063094 0.058952 0.065752
v -0.063082 0.059239 0.064771
v -0.063082 0.059106 0.065779
v -0.063045 0.059391 0.064784
v -0.063045 0.059256 0.065806
v -0.063082 0.058886 0.066772
v -0.063094 0.058433 0.067688
v -0.063082 0.058580 0.067742
v -0.063045 0.059436 0.063755
v -0.062985 0.059581 0.063755
v -0.062985 0.059535 0.062713
v -0.063045 0.059391 0.062726
v -0.062985 0.059399 0.061679
v -0.062903 0.059531 0.061656
v -0.062903 0.059303 0.060627
v -0.062801 0.059418 0.060596
v -0.062801 0.059098 0.059580
v -0.062682 0.059194 0.059545
v -0.062903 0.058986 0.059621
v -0.062985 0.058860 0.059667
v -0.062985 0.059173 0.060661
v -0.063045 0.059033 0.060699
v -0.063045 0.059256 0.061705
v -0.063082 0.059106 0.061731
v -0.063082 0.059239 0.062739
v -0.063094 0.059083 0.062753
v -0.063082 0.059283 0.063755
v -0.063094 0.059127 0.063755
v -0.063094 0.049844 0.063375
v -0.063094 0.058952 0.061758
v -0.063094 0.058735 0.060779
v -0.063082 0.058886 0.060738
v -0.063082 0.058580 0.059769
v -0.063045 0.058724 0.059716
v -0.063045 0.058329 0.058765
v -0.062985 0.058461 0.058703
v -0.062985 0.057979 0.057778
v -0.063094 0.058433 0.059822
v -0.063094 0.049748 0.063006
v -0.064094 0.049748 0.063006
v -0.064094 0.049844 0.063375
v -0.064094 0.049877 0.063755
v -0.064094 0.048366 0.063629
v -0.064094 0.048334 0.063505
v -0.064094 0.048282 0.063390
v -0.063094 0.048282 0.063390
v -0.063094 0.048334 0.063505
v -0.063094 0.048366 0.063629
v -0.063094 0.048098 0.063589
v -0.063094 0.048063 0.063511
v -0.063094 0.048016 0.063441
v -0.063094 0.047957 0.063380
v -0.063094 0.048210 0.063284
v -0.063094 0.048122 0.063192
v -0.064094 0.048210 0.063284
v -0.064094 0.049591 0.062658
v -0.064094 0.049377 0.062342
v -0.064094 0.048122 0.063192
v -0.064094 0.049113 0.062066
v -0.064094 0.048020 0.063117
v -0.063094 0.048020 0.063117
v -0.063094 0.047906 0.063059
v -0.063094 0.047889 0.063330
v -0.063094 0.047813 0.063291
v -0.063094 0.047732 0.063266
v -0.063094 0.047785 0.063022
v -0.063094 0.047648 0.063256
v -0.063094 0.047658 0.063006
v -0.063094 0.047563 0.063259
v -0.063094 0.047480 0.063277
v -0.063094 0.047531 0.063011
v -0.063094 0.047407 0.063038
v -0.064094 0.047658 0.063006
v -0.064094 0.047531 0.063011
v -0.064094 0.047722 0.061507
v -0.064094 0.047341 0.061524
v -0.063094 0.046968 0.061604
v -0.063094 0.047341 0.061524
v -0.063094 0.045630 0.052430
v -0.063094 0.047722 0.061507
v -0.063094 0.047627 0.052255
v -0.063094 0.046625 0.052299
v -0.063082 0.045603 0.052276
v -0.063082 0.046611 0.052143
v -0.063045 0.045576 0.052126
v -0.063045 0.046598 0.051991
v -0.063082 0.047627 0.052099
v -0.063094 0.048629 0.052299
v -0.063045 0.047627 0.051946
v -0.063082 0.048643 0.052143
v -0.063045 0.048656 0.051991
v -0.063082 0.049651 0.052276
v -0.063094 0.049624 0.052430
v -0.063094 0.050603 0.052647
v -0.063094 0.048101 0.061556
v -0.063094 0.048466 0.061668
v -0.064094 0.048101 0.061556
v -0.064094 0.048466 0.061668
v -0.064094 0.048806 0.061839
v -0.064094 0.047906 0.063059
v -0.064094 0.047785 0.063022
v -0.063094 0.048806 0.061839
v -0.063094 0.052487 0.053333
v -0.063094 0.053377 0.053796
v -0.063094 0.051560 0.052949
v -0.063082 0.051614 0.052802
v -0.063082 0.050644 0.052496
v -0.063045 0.050683 0.052349
v -0.063045 0.049677 0.052126
v -0.062985 0.048669 0.051847
v -0.062985 0.047627 0.051801
v -0.062985 0.046585 0.051847
v -0.062903 0.046573 0.051713
v -0.062903 0.045528 0.051851
v -0.062985 0.045551 0.051983
v -0.062903 0.044498 0.052079
v -0.062801 0.044467 0.051964
v -0.062801 0.043452 0.052284
v -0.062682 0.043417 0.052189
v -0.062682 0.042425 0.052600
v -0.062548 0.042390 0.052525
v -0.062548 0.041431 0.053024
v -0.062985 0.044533 0.052209
v -0.063045 0.044570 0.052349
v -0.063082 0.044610 0.052496
v -0.063082 0.043640 0.052802
v -0.063094 0.044650 0.052647
v -0.063094 0.043694 0.052949
v -0.063094 0.042767 0.053333
v -0.063094 0.047402 0.063309
v -0.064094 0.048377 0.063755
v -0.063094 0.049897 0.068210
v -0.032094 0.058049 0.058895
vn -0.0000 -1.0000 -0.0000
vn 0.9964 -0.0000 -0.0849
vn 0.9964 -0.0000 0.0849
vn 0.9966 -0.0028 -0.0826
vn 0.9991 -0.0000 -0.0414
vn 0.9966 -0.0000 0.0826
vn 0.9694 -0.0000 0.2455
vn 0.9923 -0.0000 0.1237
vn 0.9991 -0.0057 0.0416
vn 0.9113 -0.0000 0.4118
vn 0.9677 -0.0000 0.2519
vn -0.0000 1.0000 -0.0000
vn -0.9659 -0.0000 -0.2588
vn -0.9749 0.0027 -0.2225
vn -0.9309 0.0026 -0.3653
vn -0.9439 -0.0000 -0.3303
vn -0.9972 0.0028 -0.0747
vn -0.9937 -0.0000 -0.1119
vn -0.9826 -0.0000 -0.1859
vn -0.0027 0.9825 -0.1864
vn -0.0000 0.9749 -0.2225
vn -0.0000 0.9937 -0.1121
vn -0.0000 0.9659 -0.2588
vn -1.0000 -0.0000 -0.0000
vn -0.0000 0.9309 -0.3653
vn 0.0012 -0.8372 0.5470
vn 0.0013 -0.9158 0.4017
vn -0.0000 -0.8984 0.4392
vn -0.0000 -0.8591 0.5119
vn 0.8578 -0.0049 0.5140
vn -0.0000 -0.8138 0.5811
vn 0.8138 -0.0000 0.5811
vn 0.7357 -0.0000 0.6773
vn 0.8372 -0.0000 0.5470
vn 0.8984 -0.0000 0.4392
vn 0.9158 -0.0000 0.4017
vn 0.9309 -0.0052 0.3653
vn -0.0000 -0.9316 0.3636
vn 0.9584 -0.0000 0.2853
vn -0.0000 -0.9585 0.2852
vn 0.9785 -0.0055 0.2063
vn 0.0013 -0.9694 0.2455
vn -0.0000 -0.9787 0.2054
vn 0.0013 -0.9966 0.0825
vn -0.0000 -0.9923 0.1236
vn -0.0014 0.9972 0.0748
vn -0.0000 0.9993 0.0373
vn -0.0000 0.9972 -0.0748
vn -0.0000 0.9937 0.1121
vn -0.0000 0.9826 0.1859
vn -0.0014 0.9749 0.2225
vn -0.9824 0.0054 0.1869
vn -0.0000 0.9659 0.2588
vn -0.9659 -0.0000 0.2588
vn -0.9309 -0.0000 0.3653
vn -0.9749 -0.0000 0.2225
vn 0.9113 -0.0000 -0.4118
vn 0.8285 -0.0000 -0.5600
vn -0.8831 0.0048 0.4692
vn -0.8660 -0.0000 0.5000
vn -0.8467 -0.0000 0.5320
vn -0.7818 -0.0000 0.6235
vn -0.6802 -0.0000 0.7330
vn -0.7580 -0.0000 0.6523
vn -0.8030 0.0044 0.5959
vn 0.7218 -0.0000 -0.6921
vn 0.5947 -0.0000 -0.8040
vn 0.4502 -0.0000 -0.8929
vn -0.4339 -0.0000 0.9010
vn -0.5320 -0.0000 0.8467
vn -0.5633 -0.0000 0.8262
vn -0.5914 0.0037 0.8064
vn -0.0000 0.5938 0.8046
vn -0.0000 0.5320 0.8467
vn -0.0011 0.5633 0.8263
vn -0.0000 0.4673 0.8841
vn -0.0011 0.4339 0.9010
vn -0.3999 -0.0000 0.9166
vn -0.4646 0.0034 0.8855
vn -0.0000 0.3999 0.9166
vn -0.0000 0.3302 0.9439
vn -0.3274 0.0031 0.9449
vn -0.2947 -0.0000 0.9556
vn -0.1490 -0.0000 0.9888
vn -0.2588 -0.0000 0.9659
vn -0.1831 0.0029 0.9831
vn -0.0000 0.1859 0.9826
vn -0.0000 0.2588 0.9659
vn -0.0010 0.1490 0.9888
vn -0.0010 0.2947 0.9556
vn -0.0000 -0.3247 -0.9458
vn -0.0000 -0.4759 -0.8795
vn -0.0000 -0.4392 -0.8984
vn 0.0021 -0.5104 -0.8600
vn 0.5119 -0.0000 -0.8590
vn 0.4759 -0.0020 -0.8795
vn 0.4392 -0.0000 -0.8984
vn 0.3247 -0.0018 -0.9458
vn 0.3635 -0.0000 -0.9316
vn 0.2853 -0.0000 -0.9584
vn 0.0020 -0.3618 -0.9323
vn -0.0000 -0.2853 -0.9584
vn 0.2052 -0.0000 -0.9787
vn 0.0019 -0.2034 -0.9791
vn -0.0000 -0.1646 -0.9864
vn 0.1646 -0.0017 -0.9864
vn -0.0000 -0.1237 -0.9923
vn 0.1236 -0.0000 -0.9923
vn -0.0000 -0.0000 -1.0000
vn 0.0414 -0.0000 -0.9991
vn 0.0384 0.0030 -0.9993
vn -0.0414 -0.0000 -0.9991
vn -0.0000 -0.0016 -1.0000
vn -0.1646 -0.0000 -0.9864
vn -0.3247 -0.0000 -0.9458
vn -0.5242 -0.0000 -0.8516
vn -0.3728 -0.0000 -0.9279
vn -0.6608 -0.0000 -0.7506
vn -0.7779 -0.0000 -0.6284
vn -0.8731 -0.0000 -0.4875
vn -0.7357 -0.0000 -0.6773
vn -0.8372 -0.0000 -0.5470
vn -0.9158 -0.0000 -0.4017
vn -0.9694 -0.0000 -0.2455
vn -0.9966 -0.0000 -0.0826
vn -0.9966 -0.0000 0.0826
vn -0.9856 -0.0000 0.1690
vn -0.9429 -0.0000 0.3332
vn -0.8731 -0.0000 0.4876
vn -0.7780 -0.0000 0.6283
vn -0.8372 -0.0000 0.5470
vn -0.7357 -0.0000 0.6773
vn -0.6142 -0.0000 0.7891
vn -0.5241 -0.0000 0.8516
vn -0.6608 -0.0000 0.7505
vn -0.3729 -0.0000 0.9279
vn -0.2107 -0.0000 0.9775
vn 0.1490 -0.0000 -0.9888
vn 0.2948 -0.0000 -0.9556
vn -0.0425 -0.0000 0.9991
vn 0.1271 -0.0000 0.9919
vn -0.1119 -0.0000 -0.9937
vn -0.1490 0.0015 -0.9888
vn -0.0000 0.0014 -1.0000
vn -0.0374 -0.0000 -0.9993
vn -0.2948 0.0016 -0.9556
vn -0.2588 -0.0000 -0.9659
vn -0.1859 -0.0000 -0.9826
vn -0.0019 0.1841 -0.9829
vn -0.0000 0.1490 -0.9888
vn -0.0000 0.2588 -0.9659
vn -0.0020 0.3285 -0.9445
vn -0.0000 0.2948 -0.9556
vn -0.0000 -0.0000 1.0000
vn -0.0000 -0.1237 0.9923
vn 0.0010 -0.1646 0.9864
vn 0.0384 -0.0030 0.9993
vn 0.1237 -0.0000 0.9923
vn 0.0414 -0.0000 0.9991
vn -0.0414 -0.0000 0.9991
vn -0.0000 0.0016 1.0000
vn 0.1646 0.0017 0.9864
vn 0.3247 0.0018 0.9458
vn 0.2853 -0.0000 0.9584
vn 0.2052 -0.0000 0.9787
vn 0.2928 -0.0000 0.9562
vn 0.4502 -0.0000 0.8929
vn -0.1831 -0.0029 -0.9831
vn -0.1490 -0.0000 -0.9888
vn -0.0000 -0.1119 -0.9937
vn -0.0010 -0.1490 -0.9888
vn -0.0000 -0.1859 -0.9826
vn -0.0000 -0.2588 -0.9659
vn -0.0010 -0.2948 -0.9556
vn -0.0000 0.3247 0.9458
vn -0.0000 0.4760 0.8795
vn -0.0000 0.4392 0.8984
vn 0.0021 0.5103 0.8600
vn 0.4392 -0.0000 0.8984
vn 0.4759 0.0020 0.8795
vn 0.5119 -0.0000 0.8591
vn 0.6142 0.0022 0.7891
vn 0.5811 -0.0000 0.8138
vn 0.7219 -0.0000 0.6920
vn 0.5947 -0.0000 0.8040
vn 0.8285 -0.0000 0.5600
vn -0.7818 -0.0000 -0.6235
vn -0.8831 -0.0048 -0.4692
vn -0.8660 -0.0000 -0.5000
vn -0.8467 -0.0000 -0.5320
vn -0.0000 -0.8467 -0.5320
vn -0.8030 -0.0044 -0.5960
vn -0.0000 -0.8046 -0.5938
vn -0.0013 -0.8660 -0.5000
vn -0.0013 -0.7819 -0.6235
vn -0.0000 0.8372 0.5470
vn -0.0000 0.9158 0.4017
vn -0.0000 0.8984 0.4392
vn 0.0025 0.9312 0.3644
vn 0.9316 -0.0000 0.3635
vn 0.9158 0.0027 0.4017
vn 0.8371 0.0025 0.5470
vn 0.8590 -0.0000 0.5119
vn 0.0024 0.8584 0.5129
vn -0.0000 0.8138 0.5811
vn 0.7631 -0.0000 0.6463
vn 0.0023 0.7621 0.6474
vn -0.0000 0.7357 0.6773
vn 0.7357 0.0023 0.6773
vn -0.0000 0.7071 0.7071
vn 0.7071 -0.0000 0.7071
vn -0.0000 0.6142 0.7892
vn 0.6463 -0.0000 0.7631
vn 0.0022 0.6449 0.7642
vn -0.0011 -0.5633 -0.8262
vn -0.0011 -0.4339 -0.9010
vn -0.0000 -0.5320 -0.8467
vn -0.0000 -0.4673 -0.8841
vn -0.3998 -0.0000 -0.9166
vn -0.4646 -0.0034 -0.8855
vn -0.0000 -0.3998 -0.9166
vn -0.2948 -0.0000 -0.9556
vn -0.3275 -0.0031 -0.9448
vn -0.0000 -0.3303 -0.9439
vn -0.5320 -0.0000 -0.8467
vn -0.5914 -0.0037 -0.8064
vn -0.0000 -0.5938 -0.8046
vn -0.5633 -0.0000 -0.8262
vn -0.6523 -0.0000 -0.7580
vn -0.0000 -0.6523 -0.7579
vn -0.7051 -0.0041 -0.7091
vn -0.0000 -0.7070 -0.7072
vn -0.0012 -0.6802 -0.7331
vn -0.6802 -0.0000 -0.7331
vn -0.7580 -0.0000 -0.6523
vn -0.0000 -0.7580 -0.6523
vn -0.4339 -0.0000 -0.9010
vn -0.9993 -0.0056 -0.0376
vn -0.9749 -0.0000 -0.2225
vn -0.9972 -0.0000 -0.0747
vn -0.9993 -0.0000 0.0374
vn -0.0028 -0.9993 0.0374
vn -0.0000 -0.9972 0.0748
vn -0.0000 -0.9993 -0.0373
vn -0.0000 -0.9749 0.2225
vn -0.0000 -0.9937 0.1121
vn -0.9937 -0.0000 0.1119
vn -0.9826 -0.0000 0.1859
vn -0.0027 -0.9825 0.1864
vn -0.9749 -0.0027 0.2225
vn -0.0000 -0.9659 0.2589
vn -0.0027 -0.9436 0.3310
vn -0.9439 -0.0000 0.3303
vn -0.0000 -0.9309 0.3653
vn -0.0000 -0.9166 0.3999
vn -0.0000 -0.8660 0.5000
vn -0.0026 -0.8835 0.4683
vn -0.0000 -0.8467 0.5320
vn -0.0000 -0.7819 0.6235
vn -0.0000 -0.7580 0.6523
vn -0.0000 -0.6802 0.7330
vn -0.0025 -0.8038 0.5949
vn -0.7818 -0.0023 0.6235
vn -0.8046 -0.0000 0.5938
vn -0.7071 -0.0000 0.7071
vn -0.6802 -0.0021 0.7330
vn 0.8578 0.0049 -0.5140
vn 0.8371 -0.0000 -0.5470
vn 0.8138 -0.0000 -0.5811
vn 0.7357 -0.0000 -0.6773
vn 0.6142 -0.0000 -0.7891
vn 0.7071 -0.0000 -0.7071
vn 0.7612 0.0045 -0.6485
vn 0.2928 -0.0000 -0.9562
vn 0.1271 -0.0000 -0.9919
vn -0.0000 -0.0014 1.0000
vn -0.0374 -0.0000 0.9993
vn -0.1490 -0.0015 0.9888
vn -0.1119 -0.0000 0.9937
vn 0.0374 -0.0000 0.9993
vn 0.1490 -0.0000 0.9888
vn -0.2107 -0.0000 -0.9775
vn -0.0425 -0.0000 -0.9991
vn 0.1646 -0.0000 -0.9864
vn 0.3605 0.0035 -0.9328
vn 0.3247 -0.0000 -0.9458
vn -0.0000 0.2854 -0.9584
vn 0.2022 0.0032 -0.9793
vn -0.0000 0.2053 -0.9787
vn 0.0010 0.1646 -0.9864
vn -0.0000 0.1236 -0.9923
vn -0.0000 -0.1490 0.9888
vn -0.0000 -0.2947 0.9556
vn -0.0020 -0.3284 0.9445
vn -0.0000 -0.2588 0.9659
vn -0.1859 -0.0000 0.9826
vn -0.0019 -0.1841 0.9829
vn -0.2947 -0.0016 0.9556
vn -0.3302 -0.0000 0.9439
vn -0.0000 -0.3999 0.9166
vn -0.4339 -0.0018 0.9010
vn -0.0021 -0.4656 0.8850
vn -0.4673 -0.0000 0.8841
vn -0.0000 -0.5320 0.8467
vn -0.0000 -0.4339 0.9010
vn -0.0000 -0.5633 0.8263
vn -0.0022 -0.5923 0.8057
vn 0.0011 0.4760 -0.8795
vn 0.0010 0.3247 -0.9458
vn -0.0000 0.4392 -0.8984
vn -0.0000 0.3635 -0.9316
vn 0.5091 0.0038 -0.8607
vn -0.0000 0.5119 -0.8590
vn 0.4759 -0.0000 -0.8795
vn 0.5811 -0.0000 -0.8138
vn -0.0000 0.5811 -0.8138
vn 0.6438 0.0041 -0.7651
vn -0.0000 0.6462 -0.7631
vn 0.0011 0.6142 -0.7892
vn -0.0000 -0.6524 0.7579
vn -0.6523 -0.0000 0.7580
vn -0.5938 -0.0000 0.8046
vn -0.5633 -0.0019 0.8262
vn -0.0000 -0.1119 0.9937
vn 0.2947 -0.0000 0.9556
vn 0.4339 -0.0000 0.9010
vn 0.5633 -0.0000 0.8263
vn 0.6802 -0.0000 0.7330
vn 0.7818 -0.0000 0.6235
vn 0.8660 -0.0000 0.5000
vn 0.9309 -0.0000 0.3653
vn 0.9749 -0.0000 0.2225
vn -0.9856 -0.0000 -0.1690
vn 0.9972 -0.0000 0.0747
vn 0.9972 -0.0000 -0.0747
vn 0.9749 -0.0000 -0.2225
vn 0.9309 -0.0000 -0.3653
vn -0.8730 -0.0000 0.4876
vn 0.8660 -0.0000 -0.5000
vn 0.7818 -0.0000 -0.6235
vn 0.6802 -0.0000 -0.7330
vn 0.5633 -0.0000 -0.8262
vn -0.1646 -0.0000 0.9864
vn -0.3247 -0.0000 0.9458
vn -0.4760 -0.0000 0.8795
vn 0.4339 -0.0000 -0.9010
vn -0.9694 -0.0000 0.2455
vn -0.9158 -0.0000 0.4017
vn -0.9429 -0.0000 -0.3332
vn -0.4760 -0.0000 -0.8795
vn -0.6142 -0.0000 -0.7891
vn -0.0347 0.0027 0.9994
vn -0.0000 0.1119 0.9937
vn 0.0012 0.7357 -0.6773
vn -0.0000 0.7631 -0.6463
vn -0.0000 0.7071 -0.7071
vn -0.0000 0.8138 -0.5811
vn 0.0012 0.8372 -0.5470
vn -0.0000 0.8591 -0.5119
vn -0.0000 0.8984 -0.4392
vn 0.8984 -0.0000 -0.4392
vn 0.0013 0.9158 -0.4017
vn -0.0000 0.9316 -0.3636
vn 0.9309 0.0052 -0.3653
vn -0.0000 0.9584 -0.2853
vn 0.9584 -0.0000 -0.2853
vn 0.9158 -0.0000 -0.4017
vn 0.9785 0.0055 -0.2063
vn 0.9694 -0.0000 -0.2455
vn 0.9923 -0.0000 -0.1237
vn 0.9966 -0.0000 -0.0826
vn 0.9991 0.0057 -0.0416
vn 0.9678 -0.0000 -0.2519
vn 0.9966 0.0028 0.0826
vn 0.9694 0.0028 0.2455
vn 0.9787 -0.0000 0.2052
vn 0.0026 0.9786 0.2056
vn -0.0000 0.9694 0.2454
vn -0.0000 0.9923 0.1237
vn -0.0000 0.9966 0.0826
vn 0.0026 0.9991 0.0415
vn 0.0013 0.9966 -0.0826
vn -0.0000 0.9991 -0.0414
vn -0.0000 -0.9439 -0.3302
vn -0.0014 -0.9309 -0.3653
vn -0.0014 -0.9749 -0.2225
vn -0.0000 -0.9659 -0.2589
vn -0.9433 -0.0051 -0.3319
vn -0.9309 -0.0000 -0.3653
vn -0.0000 -0.9826 -0.1859
vn -0.9824 -0.0054 -0.1869
vn -0.9166 -0.0000 -0.3999
vn -0.0000 -0.9165 -0.3999
vn -0.0000 -0.9937 -0.1121
vn -0.0014 -0.9972 -0.0748
vn -0.0000 0.9584 0.2853
vn 0.9991 -0.0000 0.0414
vn -0.9166 -0.0000 0.3999
vn -0.9309 -0.0026 0.3653
vn -0.8841 -0.0000 0.4673
vn -0.8660 -0.0025 0.5000
vn -0.0000 0.9923 -0.1237
vn -0.0000 0.9787 -0.2051
vn 0.0013 0.9694 -0.2454
vn -0.0023 -0.7058 0.7084
vn -0.8467 -0.0000 0.5321
vn -0.9972 -0.0028 0.0747
vn -0.0000 -0.8841 -0.4673
vn -0.0000 0.5811 0.8138
vn 0.3635 -0.0000 0.9316
vn 0.0020 0.3618 0.9323
vn -0.0000 0.1646 0.9864
vn -0.0000 0.2853 0.9584
vn -0.0347 -0.0027 -0.9994
vn 0.0019 0.2034 0.9791
vn -0.0000 0.1237 0.9923
vn 0.1646 -0.0000 0.9864
vn 0.2021 -0.0032 0.9793
vn -0.0000 -0.2853 0.9585
vn -0.0000 -0.2052 0.9787
vn 0.3605 -0.0035 0.9328
vn -0.0000 -0.3636 0.9316
vn 0.0010 -0.3247 0.9458
vn 0.0011 -0.4760 0.8795
vn -0.0000 -0.4392 0.8984
vn 0.5090 -0.0038 0.8607
vn -0.0000 -0.5119 0.8591
vn 0.4759 -0.0000 0.8795
vn -0.0000 -0.5811 0.8138
vn 0.6438 -0.0041 0.7651
vn -0.0000 -0.6462 0.7631
vn 0.0011 -0.6142 0.7892
vn 0.0012 -0.7357 0.6773
vn -0.0000 -0.7071 0.7071
vn 0.7612 -0.0045 0.6485
vn -0.0000 -0.7631 0.6463
vn -0.0000 0.6802 -0.7331
vn -0.0000 0.7819 -0.6235
vn -0.0000 0.7580 -0.6523
vn -0.0025 0.8038 -0.5950
vn -0.7071 -0.0000 -0.7071
vn -0.0024 0.7059 -0.7083
vn -0.6802 0.0021 -0.7331
vn -0.0000 0.6523 -0.7580
vn -0.0022 0.5924 -0.8057
vn -0.5938 -0.0000 -0.8046
vn -0.0000 0.5633 -0.8262
vn -0.5633 0.0019 -0.8262
vn -0.0000 0.5320 -0.8467
vn -0.4673 -0.0000 -0.8841
vn -0.0021 0.4656 -0.8850
vn -0.0000 0.4339 -0.9010
vn -0.4339 0.0018 -0.9010
vn -0.0000 0.3998 -0.9166
vn -0.8660 0.0025 -0.5000
vn -0.7818 0.0023 -0.6235
vn -0.8046 -0.0000 -0.5938
vn -0.0026 0.8835 -0.4683
vn -0.8841 -0.0000 -0.4673
vn -0.0000 0.8467 -0.5321
vn -0.0000 0.8660 -0.5001
vn -0.0000 0.9166 -0.3997
vn 0.6142 -0.0000 0.7891
vn 0.3247 -0.0000 0.9458
vn -0.3303 -0.0000 -0.9439
vn -0.0000 0.1119 -0.9937
vn 0.0374 -0.0000 -0.9993
vn 0.6142 -0.0022 -0.7891
vn 0.6463 -0.0000 -0.7631
vn 0.0022 -0.6449 -0.7642
vn -0.0000 -0.5811 -0.8138
vn -0.0000 -0.7071 -0.7071
vn -0.0000 -0.6142 -0.7892
vn 0.7357 -0.0023 -0.6773
vn 0.0023 -0.7621 -0.6474
vn 0.7631 -0.0000 -0.6463
vn 0.8371 -0.0025 -0.5470
vn 0.8590 -0.0000 -0.5119
vn 0.0024 -0.8584 -0.5129
vn -0.0000 -0.8138 -0.5811
vn -0.0000 -0.7357 -0.6773
vn -0.0000 -0.8372 -0.5470
vn -0.0000 -0.9158 -0.4017
vn -0.0000 -0.8984 -0.4392
vn 0.0025 -0.9312 -0.3644
vn -0.0013 0.9309 0.3653
vn -0.0000 0.8841 0.4673
vn -0.0000 0.9166 0.3997
vn -0.0013 0.8660 0.5000
vn -0.9433 0.0051 0.3319
vn -0.0000 0.9438 0.3304
vn 0.9158 -0.0027 -0.4017
vn 0.9316 -0.0000 -0.3635
vn 0.9694 -0.0028 -0.2455
vn 0.0026 -0.9786 -0.2059
vn 0.9787 -0.0000 -0.2052
vn -0.0000 -0.9585 -0.2852
vn -0.0000 -0.9694 -0.2455
vn 0.9923 -0.0000 -0.1236
vn -0.0000 -0.9923 -0.1236
vn -0.0013 0.7819 0.6235
vn -0.0000 0.7580 0.6523
vn -0.0012 0.6802 0.7330
vn -0.7051 0.0041 0.7091
vn -0.0000 0.6523 0.7579
vn -0.0000 0.8467 0.5321
vn -0.0000 0.8046 0.5938
vn -0.9972 -0.0000 0.0747
vn -0.9993 0.0056 0.0376
vn -0.0000 -0.9966 -0.0825
vn 0.0026 -0.9991 -0.0415
vn -0.0028 0.9993 -0.0374
vn -0.9993 -0.0000 -0.0374
vn -0.0000 -0.9991 0.0414
vn -0.0027 0.9436 -0.3312
vn -0.0000 0.9990 0.0437
vn -0.0780 0.9960 0.0435
vn -0.0000 0.9945 0.1049
vn -0.0781 0.9914 0.1046
vn -0.2332 0.9641 0.1269
vn -0.2328 0.9642 0.1270
vn -0.0781 0.9884 0.1301
vn -0.1999 0.9690 0.1454
vn -0.2331 0.9715 0.0424
vn -0.0785 0.9960 0.0435
vn -0.3824 0.9161 0.1206
vn -0.3824 0.9231 0.0404
vn -0.3828 0.9160 0.1205
vn -0.2325 0.9717 0.0425
vn -0.3831 0.9228 -0.0404
vn -0.3831 0.9228 0.0403
vn -0.2332 0.9715 -0.0425
vn -0.2324 0.9717 -0.0424
vn -0.2333 0.9641 -0.1269
vn -0.2327 0.9642 -0.1269
vn -0.3824 0.9161 -0.1206
vn -0.3824 0.9231 -0.0403
vn -0.2328 0.9495 -0.2105
vn -0.3828 0.9019 -0.2000
vn -0.3828 0.9159 -0.1206
vn -0.2326 0.9495 -0.2105
vn -0.2326 0.9276 -0.2924
vn -0.0778 0.9508 -0.2997
vn -0.0789 0.9507 -0.2998
vn -0.0781 0.9733 -0.2158
vn -0.1313 0.9695 -0.2071
vn -0.0789 0.9649 -0.2503
vn -0.0000 0.9680 -0.2511
vn -0.0000 0.9537 -0.3008
vn 0.0789 0.9649 -0.2503
vn 0.0779 0.9508 -0.2999
vn 0.0789 0.9508 -0.2997
vn 0.2333 0.9274 -0.2923
vn 0.1219 0.9690 -0.2149
vn 0.2327 0.9495 -0.2105
vn 0.2325 0.9276 -0.2925
vn 0.2334 0.8984 -0.3721
vn 0.3825 0.8536 -0.3535
vn 0.3829 0.8810 -0.2778
vn 0.3828 0.8536 -0.3535
vn 0.5224 0.7878 -0.3262
vn 0.3826 0.8195 -0.4266
vn 0.5225 0.7563 -0.3937
vn 0.5226 0.7563 -0.3937
vn 0.6491 0.6748 -0.3513
vn 0.5225 0.7191 -0.4582
vn 0.6487 0.6418 -0.4089
vn 0.6491 0.6416 -0.4087
vn 0.7602 0.5480 -0.3491
vn 0.6487 0.6038 -0.4633
vn 0.7601 0.5155 -0.3956
vn 0.7602 0.5154 -0.3955
vn 0.8523 0.4149 -0.3184
vn 0.7601 0.4791 -0.4390
vn 0.8523 0.3857 -0.3534
vn 0.8523 0.3856 -0.3533
vn 0.9239 0.2821 -0.2585
vn 0.8523 0.3534 -0.3856
vn 0.9239 0.2585 -0.2821
vn 0.9722 0.1581 -0.1725
vn 0.9239 0.2330 -0.3036
vn 0.9723 0.1424 -0.1855
vn 0.9722 0.1425 -0.1857
vn 0.9969 0.0421 -0.0660
vn 0.9969 0.0420 -0.0660
vn 0.9969 0.0477 -0.0621
vn 0.9723 0.1257 -0.1972
vn 1.0000 -0.0000 -0.0000
vn 0.9969 0.0476 -0.0621
vn 0.9969 0.0528 -0.0577
vn 0.9969 0.0529 -0.0577
vn 0.9969 0.0577 -0.0529
vn 0.9722 0.1725 -0.1581
vn 0.9723 0.1855 -0.1423
vn 0.9722 0.1856 -0.1424
vn 0.9969 0.0621 -0.0477
vn 0.9969 0.0621 -0.0476
vn 0.9969 0.0660 -0.0420
vn 0.9969 0.0660 -0.0421
vn 0.9722 0.2077 -0.1081
vn 0.9722 0.2076 -0.1080
vn 0.9969 0.0694 -0.0361
vn 0.9722 0.1974 -0.1258
vn 0.9241 0.3391 -0.1765
vn 0.9238 0.3395 -0.1768
vn 0.9238 0.3229 -0.2057
vn 0.9723 0.1972 -0.1256
vn 0.8522 0.4641 -0.2417
vn 0.8522 0.4641 -0.2416
vn 0.8522 0.4413 -0.2811
vn 0.8523 0.4412 -0.2810
vn 0.8523 0.4150 -0.3184
vn 0.9238 0.3037 -0.2331
vn 0.9238 0.3038 -0.2331
vn 0.7598 0.5767 -0.3003
vn 0.7602 0.5763 -0.3000
vn 0.7602 0.5479 -0.3490
vn 0.6493 0.7026 -0.2911
vn 0.7598 0.6007 -0.2489
vn 0.6493 0.6746 -0.3512
vn 0.6493 0.7254 -0.2287
vn 0.7602 0.6196 -0.1953
vn 0.7602 0.6002 -0.2486
vn 0.6492 0.7254 -0.2287
vn 0.6491 0.7427 -0.1646
vn 0.6493 0.7425 -0.1645
vn 0.7600 0.6346 -0.1407
vn 0.7600 0.6199 -0.1955
vn 0.7598 0.6347 -0.1407
vn 0.8524 0.5105 -0.1132
vn 0.8523 0.4988 -0.1573
vn 0.8524 0.4987 -0.1573
vn 0.8523 0.4833 -0.2001
vn 0.9240 0.3532 -0.1462
vn 0.9238 0.3653 -0.1152
vn 0.9238 0.3538 -0.1466
vn 0.9722 0.2163 -0.0896
vn 0.9723 0.2231 -0.0703
vn 0.9723 0.2161 -0.0895
vn 0.9239 0.3650 -0.1151
vn 0.9238 0.3738 -0.0829
vn 0.9238 0.3737 -0.0828
vn 0.9722 0.2285 -0.0507
vn 0.9722 0.2233 -0.0704
vn 0.9969 0.0746 -0.0235
vn 0.9969 0.0764 -0.0169
vn 0.9722 0.2285 -0.0506
vn 0.9722 0.2320 -0.0306
vn 0.9722 0.2320 -0.0305
vn 0.9969 0.0776 -0.0102
vn 0.9969 0.0775 -0.0102
vn 0.9969 0.0781 -0.0034
vn 0.9969 0.0781 0.0034
vn 0.9722 0.2338 0.0102
vn 0.9722 0.2338 -0.0102
vn 0.9237 0.3827 0.0167
vn 0.9238 0.3825 0.0167
vn 0.9238 0.3825 -0.0167
vn 0.8524 0.5225 0.0228
vn 0.8523 0.5226 0.0228
vn 0.8523 0.5226 -0.0228
vn 0.9237 0.3826 -0.0167
vn 0.8523 0.5225 -0.0228
vn 0.8523 0.5185 -0.0683
vn 0.9238 0.3796 -0.0500
vn 0.9238 0.3797 -0.0500
vn 0.7602 0.6490 -0.0284
vn 0.7601 0.6492 -0.0284
vn 0.7601 0.6443 -0.0848
vn 0.8524 0.5184 -0.0682
vn 0.6491 0.7599 -0.0332
vn 0.6492 0.7599 -0.0332
vn 0.6492 0.7541 -0.0993
vn 0.7599 0.6445 -0.0849
vn 0.5219 0.8522 -0.0372
vn 0.5223 0.8519 -0.0372
vn 0.5223 0.8455 -0.1114
vn 0.6490 0.7543 -0.0994
vn 0.3831 0.9228 -0.0403
vn 0.3823 0.9231 -0.0404
vn 0.3824 0.9161 -0.1206
vn 0.5227 0.8452 -0.1113
vn 0.3828 0.9159 -0.1205
vn 0.3828 0.9019 -0.2000
vn 0.5219 0.8328 -0.1847
vn 0.5227 0.8323 -0.1844
vn 0.3830 0.9019 -0.1999
vn 0.5217 0.8137 -0.2566
vn 0.5220 0.8135 -0.2564
vn 0.2328 0.9642 -0.1270
vn 0.2332 0.9641 -0.1269
vn 0.2000 0.9690 -0.1454
vn 0.0781 0.9914 -0.1046
vn 0.0781 0.9884 -0.1301
vn 0.0785 0.9960 -0.0435
vn 0.2332 0.9715 -0.0424
vn 0.0781 0.9960 -0.0435
vn -0.0000 0.9990 -0.0437
vn -0.0000 0.9945 -0.1049
vn -0.0000 0.9889 -0.1484
vn -0.0782 0.9859 -0.1480
vn -0.1506 0.9801 -0.1291
vn -0.0781 0.9914 -0.1046
vn -0.0785 0.9960 -0.0435
vn -0.0781 0.9960 -0.0435
vn 0.0785 0.9960 0.0435
vn 0.0780 0.9960 0.0435
vn 0.2324 0.9717 0.0424
vn 0.2325 0.9717 -0.0425
vn 0.0781 0.9914 0.1046
vn 0.1506 0.9801 0.1291
vn 0.2333 0.9641 0.1269
vn 0.2332 0.9715 0.0425
vn 0.2327 0.9642 0.1269
vn 0.3824 0.9161 0.1206
vn 0.3831 0.9228 0.0404
vn 0.3824 0.9231 0.0403
vn 0.3828 0.9159 0.1206
vn 0.5223 0.8454 0.1113
vn 0.5220 0.8522 0.0372
vn 0.5223 0.8520 0.0372
vn 0.5226 0.8453 0.1114
vn 0.6492 0.7541 0.0993
vn 0.6491 0.7600 0.0332
vn 0.6492 0.7599 0.0332
vn 0.6490 0.7543 0.0993
vn 0.7601 0.6442 0.0848
vn 0.7602 0.6491 0.0284
vn 0.6493 0.7425 0.1646
vn 0.6490 0.7427 0.1646
vn 0.7599 0.6347 0.1407
vn 0.7598 0.6446 0.0848
vn 0.7600 0.6345 0.1407
vn 0.8524 0.5105 0.1132
vn 0.8523 0.5185 0.0682
vn 0.8524 0.5184 0.0682
vn 0.8523 0.5106 0.1132
vn 0.9238 0.3738 0.0829
vn 0.9238 0.3797 0.0500
vn 0.9238 0.3795 0.0500
vn 0.9239 0.3737 0.0829
vn 0.9722 0.2284 0.0507
vn 0.9722 0.2320 0.0306
vn 0.9722 0.2285 0.0507
vn 0.9969 0.0764 0.0169
vn 0.9969 0.0775 0.0102
vn 0.9969 0.0776 0.0102
vn 0.9969 0.0746 0.0235
vn 0.9723 0.2161 0.0896
vn 0.9723 0.2231 0.0703
vn 0.9969 0.0723 0.0299
vn 0.9722 0.2163 0.0896
vn 0.9969 0.0722 0.0299
vn 0.9969 0.0694 0.0361
vn 0.9722 0.2076 0.1081
vn 0.9722 0.2077 0.1081
vn 0.9969 0.0660 0.0420
vn 0.9723 0.1972 0.1256
vn 0.9722 0.1974 0.1258
vn 0.9969 0.0660 0.0421
vn 0.9722 0.1856 0.1424
vn 0.9723 0.1855 0.1424
vn 0.9969 0.0621 0.0477
vn 0.9969 0.0621 0.0476
vn 0.9969 0.0577 0.0529
vn 0.9722 0.1581 0.1725
vn 0.9969 0.0529 0.0577
vn 0.9722 0.1725 0.1581
vn 0.9239 0.2585 0.2821
vn 0.9239 0.2586 0.2822
vn 0.9239 0.2822 0.2586
vn 0.8523 0.3534 0.3856
vn 0.8523 0.3534 0.3857
vn 0.8523 0.3857 0.3534
vn 0.8523 0.4150 0.3184
vn 0.9238 0.3038 0.2331
vn 0.9239 0.3036 0.2330
vn 0.8523 0.4412 0.2810
vn 0.9238 0.3229 0.2057
vn 0.8523 0.4640 0.2416
vn 0.9240 0.3391 0.1766
vn 0.9238 0.3396 0.1767
vn 0.8521 0.4642 0.2417
vn 0.8522 0.4835 0.2002
vn 0.9238 0.3538 0.1465
vn 0.9240 0.3532 0.1463
vn 0.8523 0.4832 0.2001
vn 0.8523 0.4988 0.1573
vn 0.9239 0.3650 0.1151
vn 0.9238 0.3653 0.1151
vn 0.7602 0.6002 0.2487
vn 0.7602 0.6196 0.1954
vn 0.8524 0.4987 0.1573
vn 0.7598 0.6007 0.2488
vn 0.6491 0.6747 0.3512
vn 0.6492 0.6746 0.3512
vn 0.7599 0.5766 0.3002
vn 0.6493 0.7026 0.2911
vn 0.5225 0.7563 0.3937
vn 0.5224 0.7564 0.3937
vn 0.5223 0.7878 0.3264
vn 0.6493 0.7027 0.2911
vn 0.5218 0.7881 0.3264
vn 0.5218 0.8136 0.2565
vn 0.6493 0.7253 0.2287
vn 0.3829 0.8535 0.3535
vn 0.3829 0.8810 0.2778
vn 0.5220 0.8135 0.2565
vn 0.3826 0.8536 0.3535
vn 0.2326 0.8627 0.4491
vn 0.2325 0.8986 0.3722
vn 0.3826 0.8195 0.4266
vn 0.2326 0.8203 0.5225
vn 0.2335 0.8200 0.5225
vn 0.3824 0.7792 0.4965
vn 0.3824 0.8196 0.4266
vn 0.2335 0.7715 0.5919
vn 0.2333 0.7715 0.5919
vn 0.3821 0.7332 0.5625
vn 0.3819 0.7794 0.4966
vn 0.3826 0.7330 0.5624
vn 0.5226 0.6764 0.5190
vn 0.5226 0.7191 0.4581
vn 0.5226 0.7190 0.4581
vn 0.5220 0.6767 0.5192
vn 0.6487 0.6038 0.4632
vn 0.6491 0.6415 0.4088
vn 0.6487 0.6419 0.4089
vn 0.6492 0.6034 0.4630
vn 0.7602 0.5154 0.3955
vn 0.7601 0.5481 0.3491
vn 0.7602 0.5480 0.3491
vn 0.6487 0.5611 0.5141
vn 0.6492 0.5608 0.5139
vn 0.7601 0.4791 0.4389
vn 0.7601 0.5155 0.3956
vn 0.6492 0.5138 0.5608
vn 0.6487 0.5141 0.5611
vn 0.7603 0.4388 0.4790
vn 0.7603 0.4789 0.4388
vn 0.6490 0.4632 0.6035
vn 0.6492 0.4630 0.6034
vn 0.7599 0.3957 0.5157
vn 0.7599 0.4392 0.4793
vn 0.6488 0.4089 0.6418
vn 0.6490 0.4088 0.6416
vn 0.7600 0.3492 0.5481
vn 0.7600 0.3956 0.5156
vn 0.7603 0.3490 0.5479
vn 0.8522 0.2811 0.4412
vn 0.8523 0.3184 0.4150
vn 0.8522 0.3185 0.4151
vn 0.8524 0.2810 0.4411
vn 0.9239 0.2056 0.3228
vn 0.9239 0.2330 0.3036
vn 0.9238 0.2058 0.3230
vn 0.9722 0.1257 0.1973
vn 0.9722 0.1425 0.1857
vn 0.9723 0.1424 0.1856
vn 0.9969 0.0421 0.0660
vn 0.9969 0.0476 0.0621
vn 0.9969 0.0420 0.0660
vn 0.9969 0.0361 0.0694
vn 0.9969 0.0299 0.0723
vn 0.9969 0.0235 0.0746
vn 0.9723 0.0703 0.2231
vn 0.9723 0.0895 0.2161
vn 0.9238 0.1151 0.3651
vn 0.9238 0.1465 0.3537
vn 0.9722 0.0895 0.2162
vn 0.9239 0.1464 0.3535
vn 0.9239 0.1767 0.3395
vn 0.9722 0.1080 0.2075
vn 0.9722 0.1080 0.2076
vn 0.8524 0.2001 0.4831
vn 0.8522 0.2003 0.4834
vn 0.8522 0.2416 0.4641
vn 0.9238 0.1768 0.3396
vn 0.7601 0.2487 0.6003
vn 0.7602 0.2486 0.6002
vn 0.7602 0.3000 0.5763
vn 0.8524 0.2415 0.4639
vn 0.6488 0.2912 0.7030
vn 0.6489 0.3513 0.6749
vn 0.5223 0.3263 0.7878
vn 0.5226 0.3263 0.7877
vn 0.5225 0.3937 0.7563
vn 0.6488 0.3514 0.6750
vn 0.3822 0.3536 0.8538
vn 0.3825 0.3535 0.8536
vn 0.3825 0.4266 0.8196
vn 0.5228 0.3936 0.7562
vn 0.3821 0.4267 0.8197
vn 0.3821 0.4966 0.7794
vn 0.5224 0.4582 0.7191
vn 0.5228 0.4580 0.7190
vn 0.3830 0.4963 0.7791
vn 0.3830 0.5623 0.7329
vn 0.5226 0.5190 0.6764
vn 0.5224 0.5191 0.6765
vn 0.3824 0.5625 0.7330
vn 0.3824 0.6243 0.6812
vn 0.5224 0.5761 0.6286
vn 0.5226 0.5760 0.6286
vn 0.3827 0.6241 0.6812
vn 0.3828 0.6811 0.6241
vn 0.5221 0.6288 0.5762
vn 0.5224 0.6286 0.5761
vn 0.2326 0.6571 0.7171
vn 0.2333 0.7170 0.6569
vn 0.3826 0.6812 0.6241
vn 0.2333 0.6569 0.7170
vn 0.0790 0.6068 0.7909
vn 0.0783 0.6069 0.7909
vn 0.0791 0.6449 0.7601
vn 0.0783 0.6734 0.7351
vn 0.1140 0.6749 0.7290
vn 0.2326 0.5921 0.7716
vn -0.0000 0.6793 0.7338
vn -0.0000 0.7233 0.6905
vn -0.0000 0.7234 0.6905
vn 0.0784 0.7211 0.6883
vn -0.0000 0.7526 0.6585
vn 0.0783 0.7503 0.6564
vn 0.1521 0.7287 0.6677
vn -0.0000 0.7918 0.6108
vn 0.0782 0.7893 0.6089
vn -0.0000 0.8183 0.5748
vn -0.0000 0.8184 0.5747
vn 0.0786 0.8158 0.5730
vn 0.0956 0.7898 0.6059
vn -0.0000 0.8434 0.5373
vn 0.0786 0.8408 0.5356
vn 0.0785 0.8408 0.5356
vn -0.0000 0.8737 0.4865
vn 0.0787 0.8710 0.4850
vn -0.0000 0.8940 0.4482
vn -0.0000 0.8940 0.4481
vn 0.1823 0.8790 0.4406
vn -0.0000 0.9199 0.3921
vn 0.0788 0.9171 0.3909
vn 0.0787 0.8843 0.4603
vn -0.0000 0.9362 0.3515
vn 0.0777 0.9334 0.3504
vn 0.1319 0.9158 0.3794
vn 0.2332 0.8984 0.3722
vn 0.2332 0.9274 0.2924
vn 0.2327 0.9276 0.2924
vn 0.0776 0.9509 0.2997
vn 0.0789 0.9507 0.2999
vn 0.0789 0.9649 0.2503
vn 0.1313 0.9695 0.2071
vn 0.0781 0.9733 0.2158
vn 0.2328 0.9495 0.2105
vn 0.2326 0.9495 0.2105
vn -0.0000 0.9779 0.2089
vn -0.0000 0.9889 0.1484
vn 0.0782 0.9859 0.1479
vn -0.0000 0.9680 0.2511
vn -0.0789 0.9649 0.2503
vn -0.0783 0.9749 0.2083
vn -0.1219 0.9690 0.2149
vn -0.2327 0.9495 0.2105
vn -0.2326 0.9276 0.2925
vn -0.2332 0.9274 0.2923
vn -0.0788 0.9508 0.2997
vn -0.3829 0.9019 0.2000
vn -0.3830 0.8810 0.2778
vn -0.3828 0.8811 0.2778
vn -0.3828 0.9019 0.2000
vn -0.5218 0.8329 0.1847
vn -0.5218 0.8136 0.2565
vn -0.5216 0.8137 0.2566
vn -0.6495 0.7025 0.2910
vn -0.6495 0.7252 0.2286
vn -0.6494 0.7025 0.2910
vn -0.5217 0.7882 0.3265
vn -0.6495 0.6745 0.3511
vn -0.5222 0.7879 0.3263
vn -0.5222 0.7564 0.3938
vn -0.6493 0.6746 0.3512
vn -0.6493 0.6415 0.4086
vn -0.7601 0.5764 0.3000
vn -0.7601 0.5480 0.3491
vn -0.7602 0.5480 0.3491
vn -0.6489 0.6417 0.4089
vn -0.7602 0.5154 0.3955
vn -0.6488 0.6037 0.4632
vn -0.7601 0.5155 0.3956
vn -0.7601 0.4791 0.4390
vn -0.8523 0.4150 0.3184
vn -0.8523 0.3856 0.3533
vn -0.8523 0.3857 0.3533
vn -0.8523 0.3534 0.3857
vn -0.7603 0.4789 0.4388
vn -0.7603 0.4389 0.4789
vn -0.8523 0.3534 0.3856
vn -0.9239 0.2586 0.2822
vn -0.8523 0.3184 0.4150
vn -0.9239 0.2330 0.3036
vn -0.9239 0.2057 0.3228
vn -0.9238 0.2058 0.3230
vn -0.8522 0.2810 0.4413
vn -0.8523 0.3185 0.4150
vn -0.8524 0.2810 0.4410
vn -0.7600 0.3492 0.5481
vn -0.7601 0.3956 0.5156
vn -0.7599 0.3957 0.5157
vn -0.6494 0.5138 0.5607
vn -0.6494 0.4630 0.6033
vn -0.6489 0.5140 0.5610
vn -0.7599 0.4391 0.4793
vn -0.5219 0.6289 0.5763
vn -0.5222 0.6288 0.5761
vn -0.6489 0.5610 0.5141
vn -0.5222 0.5762 0.6288
vn -0.3826 0.6812 0.6242
vn -0.3828 0.6812 0.6241
vn -0.3828 0.6242 0.6811
vn -0.5225 0.5761 0.6286
vn -0.3824 0.6242 0.6812
vn -0.3824 0.5624 0.7331
vn -0.5224 0.5191 0.6765
vn -0.5222 0.5191 0.6766
vn -0.5222 0.4582 0.7193
vn -0.5226 0.4582 0.7190
vn -0.3830 0.4964 0.7790
vn -0.3830 0.5624 0.7328
vn -0.3821 0.4965 0.7794
vn -0.2326 0.5225 0.8203
vn -0.2326 0.5921 0.7716
vn -0.2326 0.6570 0.7171
vn -0.0791 0.6449 0.7601
vn -0.0790 0.6069 0.7909
vn -0.1099 0.6714 0.7329
vn -0.1521 0.7287 0.6677
vn -0.0783 0.7211 0.6883
vn -0.0783 0.6772 0.7316
vn -0.2333 0.7170 0.6569
vn -0.2333 0.6569 0.7169
vn -0.0783 0.7503 0.6564
vn -0.0782 0.7893 0.6089
vn -0.0956 0.7898 0.6059
vn -0.2334 0.7715 0.5919
vn -0.2333 0.7169 0.6569
vn -0.0786 0.8408 0.5356
vn -0.0785 0.8408 0.5356
vn -0.0786 0.8158 0.5730
vn -0.2335 0.8201 0.5224
vn -0.2335 0.7715 0.5919
vn -0.3820 0.7794 0.4966
vn -0.2326 0.8202 0.5226
vn -0.3821 0.7332 0.5626
vn -0.3826 0.7330 0.5624
vn -0.3823 0.7793 0.4965
vn -0.5225 0.7191 0.4582
vn -0.5225 0.6765 0.5190
vn -0.5218 0.6768 0.5193
vn -0.3824 0.8196 0.4266
vn -0.3826 0.8195 0.4266
vn -0.5223 0.7564 0.3938
vn -0.5223 0.7192 0.4582
vn -0.3826 0.8536 0.3536
vn -0.2332 0.8984 0.3721
vn -0.2326 0.8985 0.3722
vn -0.2327 0.8627 0.4491
vn -0.0788 0.8912 0.4468
vn -0.1463 0.8775 0.4568
vn -0.0788 0.9210 0.3816
vn -0.2326 0.8627 0.4491
vn -0.0787 0.8710 0.4850
vn -0.0000 0.6470 0.7625
vn -0.0000 0.6087 0.7934
vn -0.0783 0.6069 0.7909
vn -0.0000 0.5631 0.8264
vn -0.0784 0.5613 0.8239
vn -0.0000 0.5264 0.8503
vn 0.0780 0.5248 0.8477
vn 0.0784 0.5614 0.8238
vn 0.1404 0.5320 0.8350
vn 0.0780 0.4604 0.8843
vn 0.2333 0.4490 0.8625
vn 0.2333 0.5224 0.8202
vn 0.2326 0.5226 0.8202
vn 0.0780 0.4328 0.8981
vn 0.0779 0.3815 0.9211
vn 0.0780 0.3815 0.9211
vn 0.2333 0.3721 0.8984
vn 0.1656 0.4666 0.8688
vn -0.0000 0.3371 0.9415
vn 0.0781 0.3361 0.9386
vn -0.0000 0.3827 0.9239
vn -0.0000 0.4341 0.9009
vn -0.0780 0.4328 0.8981
vn -0.0779 0.3815 0.9211
vn -0.0780 0.3815 0.9211
vn -0.2335 0.2924 0.9273
vn -0.2336 0.3721 0.8983
vn -0.2330 0.2924 0.9275
vn -0.0786 0.2997 0.9508
vn -0.1132 0.2940 0.9491
vn -0.0781 0.3361 0.9386
vn -0.0000 0.2959 0.9552
vn -0.0000 0.2364 0.9717
vn 0.0786 0.2357 0.9686
vn 0.0786 0.2950 0.9523
vn 0.1527 0.2139 0.9648
vn 0.2330 0.2105 0.9494
vn 0.1092 0.2989 0.9480
vn 0.2336 0.2924 0.9273
vn 0.2330 0.2925 0.9275
vn 0.2327 0.2105 0.9495
vn 0.3822 0.2000 0.9022
vn 0.3822 0.2779 0.8813
vn 0.3825 0.2000 0.9020
vn 0.5225 0.1845 0.8324
vn 0.5224 0.2564 0.8132
vn 0.5225 0.2564 0.8132
vn 0.5224 0.1846 0.8325
vn 0.6491 0.1646 0.7427
vn 0.6488 0.2288 0.7257
vn 0.6491 0.2287 0.7255
vn 0.6492 0.1646 0.7426
vn 0.7599 0.1407 0.6346
vn 0.7601 0.1954 0.6198
vn 0.7599 0.1955 0.6200
vn 0.7600 0.1406 0.6345
vn 0.8524 0.1131 0.5105
vn 0.8524 0.1572 0.4987
vn 0.8524 0.1572 0.4986
vn 0.7599 0.0848 0.6444
vn 0.7600 0.0848 0.6444
vn 0.8523 0.0683 0.5186
vn 0.8523 0.1132 0.5107
vn 0.9239 0.0500 0.3794
vn 0.9238 0.0828 0.3737
vn 0.9239 0.0828 0.3736
vn 0.9722 0.0305 0.2320
vn 0.9723 0.0506 0.2284
vn 0.9722 0.0507 0.2285
vn 0.9969 0.0169 0.0764
vn 0.9722 0.0306 0.2321
vn 0.9969 0.0102 0.0775
vn 0.9969 0.0034 0.0781
vn 0.9722 -0.0102 0.2338
vn 0.9969 -0.0034 0.0782
vn 0.9722 0.0102 0.2337
vn 0.9239 -0.0167 0.3823
vn 0.9239 -0.0167 0.3824
vn 0.9239 0.0167 0.3824
vn 0.9722 0.0102 0.2338
vn 0.8523 -0.0228 0.5226
vn 0.8523 0.0228 0.5226
vn 0.7599 -0.0284 0.6494
vn 0.7601 -0.0284 0.6492
vn 0.7601 0.0284 0.6492
vn 0.8523 0.0228 0.5225
vn 0.6493 -0.0332 0.7598
vn 0.6491 -0.0332 0.7599
vn 0.6492 0.0332 0.7599
vn 0.7599 0.0284 0.6494
vn 0.5223 -0.0372 0.8520
vn 0.5222 -0.0372 0.8520
vn 0.5222 0.0372 0.8520
vn 0.6493 0.0332 0.7598
vn 0.5223 0.0372 0.8520
vn 0.5222 0.1113 0.8455
vn 0.6492 0.0993 0.7541
vn 0.6493 0.0992 0.7540
vn 0.3825 0.0403 0.9231
vn 0.3827 0.0403 0.9230
vn 0.3827 0.1205 0.9160
vn 0.5224 0.1113 0.8454
vn 0.2332 0.0424 0.9715
vn 0.2329 0.1269 0.9642
vn 0.3825 0.1206 0.9161
vn 0.2329 0.0424 0.9716
vn 0.0784 0.0435 0.9960
vn 0.0785 -0.0155 0.9968
vn 0.1463 -0.0432 0.9883
vn 0.2332 -0.0425 0.9715
vn -0.0000 -0.0589 0.9983
vn 0.0788 -0.0587 0.9952
vn -0.0000 -0.0155 0.9999
vn -0.0000 0.0436 0.9990
vn -0.0785 0.0435 0.9960
vn -0.0785 -0.0155 0.9968
vn -0.2329 -0.0425 0.9716
vn -0.0788 -0.0435 0.9959
vn -0.0788 0.0435 0.9959
vn -0.2332 -0.0424 0.9715
vn -0.2332 0.0424 0.9715
vn -0.1823 -0.0579 0.9815
vn -0.0952 0.1300 0.9869
vn -0.2329 0.1270 0.9642
vn -0.0788 0.0898 0.9928
vn -0.2329 0.0424 0.9716
vn -0.0000 0.0901 0.9959
vn -0.0000 0.1330 0.9911
vn -0.0789 0.1326 0.9880
vn -0.0000 0.1939 0.9810
vn -0.0790 0.1933 0.9779
vn -0.0786 0.2357 0.9686
vn -0.1527 0.2139 0.9648
vn 0.0789 0.1326 0.9880
vn 0.0790 0.1933 0.9779
vn 0.0788 0.0898 0.9928
vn 0.0952 0.1300 0.9869
vn 0.0787 0.0435 0.9959
vn -0.2327 0.1269 0.9642
vn -0.3827 0.0403 0.9230
vn -0.3825 0.0403 0.9231
vn -0.3827 0.1206 0.9160
vn -0.5221 0.0372 0.8521
vn -0.3825 0.1206 0.9161
vn -0.5220 0.1113 0.8456
vn -0.6493 -0.0332 0.7598
vn -0.6493 0.0332 0.7598
vn -0.6494 -0.0332 0.7597
vn -0.5221 -0.0372 0.8521
vn -0.5221 -0.1113 0.8456
vn -0.6494 -0.0992 0.7539
vn -0.6495 -0.0992 0.7539
vn -0.7600 -0.1406 0.6345
vn -0.7600 -0.1407 0.6346
vn -0.6495 -0.1646 0.7424
vn -0.7600 -0.0848 0.6443
vn -0.8523 -0.0683 0.5185
vn -0.8523 -0.1132 0.5107
vn -0.8524 -0.1132 0.5105
vn -0.7599 -0.0848 0.6445
vn -0.8523 -0.0228 0.5225
vn -0.7601 -0.0284 0.6492
vn -0.7599 -0.0284 0.6494
vn -0.8523 -0.0228 0.5226
vn -0.8523 0.0228 0.5226
vn -0.7601 0.0284 0.6492
vn -0.7599 0.0284 0.6494
vn -0.6495 0.0992 0.7539
vn -0.6495 0.0332 0.7597
vn -0.7600 0.0848 0.6444
vn -0.6494 0.1646 0.7424
vn -0.6493 0.1646 0.7425
vn -0.7600 0.1407 0.6345
vn -0.6493 0.2287 0.7254
vn -0.5222 0.2565 0.8133
vn -0.5223 0.2565 0.8133
vn -0.5223 0.1846 0.8326
vn -0.3822 0.2779 0.8813
vn -0.3822 0.2000 0.9022
vn -0.5222 0.1846 0.8326
vn -0.3822 0.3536 0.8538
vn -0.5222 0.3264 0.7879
vn -0.3825 0.3536 0.8536
vn -0.2333 0.4490 0.8625
vn -0.2333 0.3721 0.8984
vn -0.3825 0.4266 0.8195
vn -0.0780 0.4717 0.8783
vn -0.1402 0.4572 0.8782
vn -0.2333 0.5225 0.8201
vn -0.0779 0.5357 0.8408
vn -0.0000 0.4731 0.8810
vn -0.1660 0.5191 0.8385
vn -0.3821 0.4267 0.8197
vn -0.5224 0.3937 0.7564
vn -0.5223 0.3263 0.7878
vn -0.5226 0.3937 0.7562
vn -0.6490 0.3513 0.6748
vn -0.6491 0.2912 0.7028
vn -0.6490 0.2912 0.7029
vn -0.7601 0.1954 0.6197
vn -0.7601 0.2487 0.6003
vn -0.7599 0.1954 0.6200
vn -0.6490 0.2287 0.7256
vn -0.8525 0.1572 0.4986
vn -0.8524 0.1132 0.5105
vn -0.7599 0.1407 0.6346
vn -0.8523 0.1132 0.5106
vn -0.9239 0.0828 0.3737
vn -0.8523 0.0683 0.5185
vn -0.9238 0.0500 0.3795
vn -0.9239 0.0500 0.3795
vn -0.9238 0.0167 0.3824
vn -0.9722 0.0305 0.2320
vn -0.9722 0.0102 0.2338
vn -0.9722 0.0102 0.2337
vn -0.9723 -0.0102 0.2337
vn -0.9722 -0.0102 0.2337
vn -0.9238 -0.0167 0.3825
vn -0.9239 -0.0167 0.3824
vn -0.9239 -0.0500 0.3795
vn -0.9722 -0.0305 0.2320
vn -0.9722 -0.0306 0.2320
vn -0.9969 -0.0169 0.0764
vn -0.9969 -0.0169 0.0763
vn -0.9723 -0.0506 0.2283
vn -0.9969 -0.0102 0.0776
vn -0.9969 -0.0235 0.0746
vn -0.9723 -0.0703 0.2231
vn -0.9722 -0.0506 0.2284
vn -0.9239 -0.1151 0.3650
vn -0.9238 -0.0828 0.3737
vn -0.9239 -0.0828 0.3736
vn -0.9238 -0.1151 0.3651
vn -0.9238 -0.1465 0.3537
vn -0.9723 -0.0895 0.2161
vn -0.9722 -0.0895 0.2161
vn -0.9723 -0.1080 0.2075
vn -0.9969 -0.0361 0.0694
vn -0.9969 -0.0299 0.0723
vn -0.0000 -0.3729 0.9279
vn -0.0000 -0.5243 0.8515
vn -0.0000 -0.6606 0.7507
vn -0.0000 0.5242 -0.8516
vn -0.0000 0.3728 -0.9279
vn -0.0000 0.3727 -0.9280
vn -0.0000 0.5241 -0.8517
vn -1.0000 -0.0000 -0.0001
vn -1.0000 -0.0000 0.0001
vn -0.0000 -0.3724 0.9281
vn -0.0000 -0.2106 0.9776
vn -0.0000 -0.3726 0.9280
vn -1.0000 -0.0000 -0.0003
vn -1.0000 -0.0000 0.0003
vn -0.0000 -0.0432 0.9991
vn -0.0000 0.1272 0.9919
vn -0.0000 0.2112 -0.9774
vn -0.0000 0.0417 -0.9991
vn -0.0000 0.0418 -0.9991
vn -0.0000 -0.1264 -0.9920
vn -0.0000 -0.1265 -0.9920
vn -0.0000 -0.2932 -0.9561
vn -0.0000 0.2929 0.9561
vn -0.0000 0.4495 0.8933
vn -0.0000 0.2931 0.9561
vn -0.0000 0.5947 0.8039
vn -0.0000 -0.4504 -0.8928
vn -0.0000 -0.4503 -0.8929
vn -0.0000 -0.5945 -0.8041
vn -0.0000 -0.5944 -0.8041
vn -0.0000 -0.7221 -0.6918
vn -0.0000 -0.8283 -0.5602
vn -0.0000 0.8285 0.5600
vn -0.0000 0.9113 0.4117
vn -0.0000 0.9678 0.2518
vn -0.0000 -0.9109 -0.4126
vn -0.0000 -0.9681 -0.2505
vn -0.0000 -0.9963 -0.0854
vn -0.0000 0.9964 0.0850
vn -0.0000 0.9964 -0.0849
vn -0.0000 -0.9992 0.0403
vn -0.0000 -0.9992 -0.0404
vn 0.0001 -1.0000 -0.0000
vn -0.0000 -0.9852 -0.1712
vn -0.0000 0.9239 0.3827
vn -0.0000 0.9724 0.2334
vn -0.0000 0.9969 0.0786
vn 1.0000 -0.0000 -0.0001
vn -0.0000 -0.9852 -0.1711
vn -0.0000 -0.9431 -0.3326
vn -0.0000 -0.8729 -0.4880
vn -0.0000 0.7604 0.6494
vn -0.0000 0.8526 0.5226
vn -0.0000 -0.8729 -0.4878
vn -0.0000 -0.7790 -0.6270
vn -0.0000 -0.6604 -0.7509
vn -0.0000 0.5225 0.8527
vn -0.0000 0.6495 0.7604
vn -0.0000 -0.6603 -0.7510
vn -0.0000 -0.5244 -0.8515
vn -0.0000 -0.5243 -0.8515
vn -0.0000 -0.3724 -0.9281
vn -0.0000 -0.3725 -0.9280
vn -0.0000 -0.2106 -0.9776
vn -0.0000 -0.0432 -0.9991
vn -0.0000 -0.2107 -0.9776
vn -0.0000 -0.0785 0.9969
vn -0.0000 0.0785 0.9969
vn -0.0000 0.2334 0.9724
vn -0.0000 0.1275 -0.9918
vn -0.0000 0.2929 -0.9561
vn -0.0000 -0.3827 0.9239
vn -0.0000 -0.2334 0.9724
vn -0.0000 0.4495 -0.8933
vn -0.0000 0.2931 -0.9561
vn -0.0000 0.5953 -0.8035
vn -0.0000 -0.6495 0.7604
vn -0.0000 -0.5225 0.8527
vn -0.0000 0.5954 -0.8034
vn -0.0000 0.7217 -0.6922
vn -0.0000 0.8285 -0.5600
vn -0.0000 -0.8526 0.5225
vn -0.0000 -0.7604 0.6494
vn -0.0000 0.9113 -0.4117
vn -0.0000 0.9678 -0.2518
vn -0.0000 -0.9724 0.2334
vn -0.0000 -0.9239 0.3827
vn -0.0000 -0.9991 0.0432
vn -0.0000 -0.9991 -0.0431
vn -0.0000 0.9964 0.0849
vn -0.0000 0.9677 0.2520
vn -0.0000 -0.9239 -0.3827
vn -0.0000 -0.9724 -0.2334
vn -0.0000 -0.9969 -0.0786
vn 1.0000 -0.0000 0.0001
vn -0.0000 0.9114 0.4115
vn -0.0000 0.8283 0.5603
vn -0.0000 -0.7605 -0.6494
vn -0.0000 -0.8526 -0.5225
vn -0.0000 0.7220 0.6919
vn -0.0000 0.5949 0.8038
vn -0.0000 -0.5224 -0.8527
vn -0.0000 -0.6495 -0.7604
vn -0.0000 0.5950 0.8038
vn -0.0000 0.2936 0.9559
vn -0.0000 0.2938 0.9559
vn -0.0000 0.1260 0.9920
vn -0.0000 0.0785 -0.9969
vn -0.0000 -0.0785 -0.9969
vn -0.0000 -0.2334 -0.9724
vn -0.0000 -0.0417 0.9991
vn -0.0000 -0.0418 0.9991
vn -0.0000 -0.3732 0.9278
vn -0.0000 -0.5237 0.8519
vn -0.0000 -0.6603 0.7510
vn -0.0000 0.6495 -0.7604
vn -0.0000 0.5224 -0.8527
vn -0.0000 -0.6604 0.7509
vn -0.0000 -0.7790 0.6270
vn -0.0000 -0.8729 0.4879
vn -0.0000 0.8526 -0.5226
vn -0.0000 0.7605 -0.6494
vn -0.0000 -0.8729 0.4878
vn -0.0000 -0.9431 0.3324
vn -0.0000 -0.9852 0.1713
vn -1.0000 -0.0000 -0.0002
vn -0.0000 0.9724 -0.2334
vn -0.0000 0.9239 -0.3827
vn -0.0000 0.9969 -0.0786
vn -0.0000 -0.9852 0.1712
vn -0.0000 0.3828 -0.9238
vn -0.0000 0.2334 -0.9724
vn -0.0000 -0.3828 -0.9238
vn -0.0000 -0.9969 0.0786
vn -0.0000 -0.9855 -0.1698
vn -0.0000 -0.9855 -0.1699
vn -0.0000 -0.9436 -0.3311
vn -0.0000 -0.8729 -0.4879
vn -0.0000 -0.7776 -0.6287
vn -0.0000 -0.7777 -0.6287
vn -0.0000 0.6608 0.7505
vn -0.0000 0.6608 0.7506
vn -0.0000 0.7782 0.6280
vn -0.0000 0.5242 0.8516
vn -0.0000 0.3728 0.9279
vn -0.0000 -0.3729 -0.9279
vn -0.0000 -0.6607 -0.7507
vn -0.9969 -0.0420 -0.0660
vn -0.9969 -0.0476 -0.0620
vn -0.9969 -0.0476 -0.0621
vn -0.9969 -0.0529 -0.0577
vn -0.9722 -0.1581 -0.1725
vn -0.9723 -0.1580 -0.1724
vn -0.9723 -0.1424 -0.1856
vn -0.9239 -0.2585 -0.2821
vn -0.9239 -0.2586 -0.2821
vn -0.9239 -0.2330 -0.3036
vn -0.9723 -0.1424 -0.1855
vn -0.9237 -0.2331 -0.3039
vn -0.9237 -0.2058 -0.3230
vn -0.9723 -0.1257 -0.1973
vn -0.9723 -0.1257 -0.1972
vn -0.9238 -0.2058 -0.3230
vn -0.9723 -0.1080 -0.2074
vn -0.9722 -0.1080 -0.2076
vn -0.9238 -0.1768 -0.3397
vn -0.8524 -0.2810 -0.4410
vn -0.9239 -0.1767 -0.3393
vn -0.8524 -0.2415 -0.4638
vn -0.9239 -0.1464 -0.3535
vn -0.9239 -0.1464 -0.3536
vn -0.8523 -0.2002 -0.4833
vn -0.8522 -0.2416 -0.4641
vn -0.8523 -0.2001 -0.4832
vn -0.7601 -0.2487 -0.6004
vn -0.7601 -0.3001 -0.5764
vn -0.7600 -0.3001 -0.5765
vn -0.7601 -0.3491 -0.5480
vn -0.6489 -0.4088 -0.6417
vn -0.6490 -0.4088 -0.6417
vn -0.6490 -0.3513 -0.6748
vn -0.5219 -0.5192 -0.6768
vn -0.6489 -0.4631 -0.6037
vn -0.5225 -0.5190 -0.6764
vn -0.5226 -0.4581 -0.7191
vn -0.5219 -0.5762 -0.6290
vn -0.3821 -0.6242 -0.6814
vn -0.3828 -0.6242 -0.6811
vn -0.3828 -0.5624 -0.7329
vn -0.2330 -0.6570 -0.7170
vn -0.2326 -0.6570 -0.7171
vn -0.2326 -0.5920 -0.7716
vn -0.3821 -0.5625 -0.7332
vn -0.0794 -0.6208 -0.7800
vn -0.1503 -0.6019 -0.7843
vn -0.0794 -0.6734 -0.7350
vn -0.2335 -0.5920 -0.7714
vn -0.0784 -0.5865 -0.8061
vn -0.2336 -0.5225 -0.8200
vn -0.2334 -0.5225 -0.8201
vn -0.0784 -0.5356 -0.8408
vn -0.0000 -0.5373 -0.8434
vn -0.0783 -0.5356 -0.8408
vn -0.0000 -0.5883 -0.8086
vn 0.0783 -0.5356 -0.8408
vn 0.0784 -0.5865 -0.8061
vn 0.1985 -0.6103 -0.7669
vn 0.0794 -0.6069 -0.7908
vn 0.2326 -0.5921 -0.7715
vn 0.2336 -0.5224 -0.8201
vn 0.2336 -0.5919 -0.7714
vn 0.2326 -0.6571 -0.7170
vn 0.3828 -0.5623 -0.7330
vn 0.3821 -0.6243 -0.6813
vn 0.3828 -0.6241 -0.6812
vn 0.5228 -0.5759 -0.6286
vn 0.3820 -0.6814 -0.6243
vn 0.5220 -0.6289 -0.5762
vn 0.5228 -0.6284 -0.5760
vn 0.5220 -0.6767 -0.5191
vn 0.6490 -0.6036 -0.4630
vn 0.6492 -0.5607 -0.5139
vn 0.6492 -0.6034 -0.4630
vn 0.7599 -0.5157 -0.3957
vn 0.6490 -0.6416 -0.4088
vn 0.7602 -0.5479 -0.3491
vn 0.7599 -0.5483 -0.3492
vn 0.8522 -0.4413 -0.2811
vn 0.7602 -0.5763 -0.3000
vn 0.8522 -0.4641 -0.2416
vn 0.9239 -0.3393 -0.1766
vn 0.8522 -0.4834 -0.2002
vn 0.9238 -0.3538 -0.1466
vn 0.9239 -0.3534 -0.1464
vn 0.9723 -0.2161 -0.0896
vn 0.9238 -0.3653 -0.1151
vn 0.9722 -0.2233 -0.0704
vn 0.9723 -0.2231 -0.0703
vn 0.9969 -0.0745 -0.0235
vn 0.9969 -0.0763 -0.0169
vn 0.9722 -0.2285 -0.0506
vn 0.9969 -0.0764 -0.0169
vn 0.9969 -0.0776 -0.0102
vn 0.9969 -0.0781 -0.0034
vn 0.9969 -0.0775 -0.0102
vn 0.9723 -0.2318 -0.0305
vn 0.9722 -0.2320 -0.0305
vn 0.9722 -0.2338 -0.0102
vn 0.9722 -0.2338 0.0102
vn 0.9969 -0.0781 0.0034
vn 0.9969 -0.0775 0.0102
vn 0.9969 -0.0764 0.0170
vn 0.9969 -0.0776 0.0102
vn 0.9722 -0.2320 0.0306
vn 0.9723 -0.2318 0.0305
vn 0.9723 -0.2283 0.0506
vn 0.9969 -0.0763 0.0169
vn 0.9722 -0.2285 0.0507
vn 0.9722 -0.2233 0.0704
vn 0.9969 -0.0746 0.0235
vn 0.9969 -0.0723 0.0299
vn 0.9969 -0.0694 0.0361
vn 0.9969 -0.0723 0.0300
vn 0.9969 -0.0693 0.0361
vn 0.9723 -0.2161 0.0895
vn 0.9722 -0.2075 0.1080
vn 0.9969 -0.0659 0.0420
vn 0.9969 -0.0660 0.0420
vn 0.9722 -0.2076 0.1081
vn 0.9722 -0.1974 0.1258
vn 0.9969 -0.0620 0.0476
vn 0.9723 -0.1972 0.1256
vn 0.9723 -0.1855 0.1423
vn 0.9722 -0.1856 0.1424
vn 0.9722 -0.1725 0.1581
vn 0.9969 -0.0577 0.0529
vn 0.9969 -0.0577 0.0528
vn 0.9969 -0.0529 0.0577
vn 0.9969 -0.0476 0.0621
vn 0.9722 -0.1581 0.1725
vn 0.9723 -0.1580 0.1725
vn 0.9723 -0.1424 0.1856
vn 0.9969 -0.0476 0.0620
vn 0.9969 -0.0420 0.0660
vn 0.9722 -0.1425 0.1857
vn 0.9722 -0.1258 0.1974
vn 0.9969 -0.0361 0.0694
vn 0.9722 -0.1257 0.1974
vn 0.9722 -0.1080 0.2075
vn 0.9969 -0.0299 0.0723
vn 0.9969 -0.0235 0.0746
vn 0.9722 -0.0895 0.2162
vn 0.9722 -0.0896 0.2162
vn 0.9722 -0.0704 0.2232
vn 0.9969 -0.0169 0.0764
vn 0.9722 -0.0506 0.2284
vn 0.9722 -0.0306 0.2320
vn 0.9969 -0.0102 0.0776
vn 0.9969 -0.0034 0.0781
vn 0.9239 -0.0828 0.3736
vn 0.9239 -0.0500 0.3794
vn 0.9722 -0.0305 0.2320
vn 0.8524 -0.1572 0.4987
vn 0.8524 -0.1572 0.4988
vn 0.9239 -0.1151 0.3650
vn 0.8524 -0.1132 0.5105
vn 0.7601 -0.1954 0.6197
vn 0.7600 -0.1954 0.6199
vn 0.7600 -0.1407 0.6345
vn 0.8523 -0.1132 0.5107
vn 0.7600 -0.0848 0.6443
vn 0.8523 -0.0683 0.5186
vn 0.6492 -0.1646 0.7426
vn 0.6492 -0.0993 0.7541
vn 0.7599 -0.0848 0.6444
vn 0.6491 -0.1646 0.7427
vn 0.5224 -0.2564 0.8132
vn 0.5225 -0.2564 0.8132
vn 0.6491 -0.2288 0.7255
vn 0.5225 -0.1846 0.8324
vn 0.3824 -0.2779 0.8812
vn 0.3822 -0.2779 0.8813
vn 0.3823 -0.2000 0.9022
vn 0.5223 -0.1845 0.8326
vn 0.3825 -0.2000 0.9020
vn 0.3825 -0.1206 0.9161
vn 0.5223 -0.1113 0.8455
vn 0.2328 -0.2105 0.9495
vn 0.2328 -0.1269 0.9642
vn 0.3827 -0.1206 0.9160
vn 0.2330 -0.2105 0.9494
vn 0.0784 -0.2158 0.9733
vn 0.1221 -0.2984 0.9466
vn 0.2331 -0.2924 0.9275
vn 0.0785 -0.2653 0.9610
vn -0.0000 -0.2660 0.9640
vn -0.0000 -0.2165 0.9763
vn 0.0790 -0.2158 0.9732
vn -0.0000 -0.1633 0.9866
vn 0.0790 -0.1628 0.9835
vn -0.0000 -0.1204 0.9927
vn 0.1486 -0.1190 0.9817
vn -0.0790 -0.1628 0.9835
vn -0.0788 -0.1200 0.9896
vn -0.1324 -0.1294 0.9827
vn -0.0790 -0.2158 0.9733
vn -0.2328 -0.1269 0.9642
vn -0.2328 -0.2105 0.9495
vn -0.2330 -0.2105 0.9494
vn -0.0784 -0.2158 0.9733
vn -0.0781 -0.2998 0.9508
vn -0.1315 -0.3054 0.9431
vn -0.2331 -0.2924 0.9275
vn -0.0785 -0.2652 0.9610
vn -0.2333 -0.2924 0.9274
vn -0.0781 -0.3649 0.9278
vn -0.1503 -0.3783 0.9134
vn -0.2333 -0.3721 0.8984
vn -0.2333 -0.4490 0.8625
vn -0.3826 -0.3536 0.8536
vn -0.3825 -0.4266 0.8196
vn -0.3821 -0.4268 0.8197
vn -0.3821 -0.4965 0.7794
vn -0.3827 -0.4964 0.7792
vn -0.2336 -0.4490 0.8625
vn -0.2337 -0.5224 0.8201
vn -0.3827 -0.5624 0.7330
vn -0.3828 -0.5624 0.7330
vn -0.2330 -0.5920 0.7715
vn -0.2330 -0.5226 0.8201
vn -0.1990 -0.6103 0.7667
vn -0.0784 -0.5864 0.8062
vn -0.0783 -0.5356 0.8408
vn -0.0780 -0.5357 0.8408
vn -0.2326 -0.5921 0.7716
vn -0.0791 -0.6069 0.7909
vn -0.0000 -0.6700 0.7424
vn -0.0791 -0.6679 0.7401
vn -0.0000 -0.6228 0.7824
vn 0.1310 -0.6642 0.7360
vn 0.0791 -0.6208 0.7799
vn 0.0791 -0.6735 0.7350
vn 0.0789 -0.7350 0.6735
vn 0.0783 -0.7350 0.6735
vn 0.0789 -0.6992 0.7106
vn 0.2326 -0.6570 0.7171
vn 0.2333 -0.7169 0.6570
vn 0.2333 -0.6570 0.7169
vn 0.3828 -0.6242 0.6811
vn 0.2326 -0.5920 0.7716
vn 0.3826 -0.5624 0.7330
vn 0.3828 -0.5624 0.7329
vn 0.5227 -0.5190 0.6763
vn 0.3826 -0.4964 0.7792
vn 0.5228 -0.4581 0.7189
vn 0.5227 -0.4580 0.7190
vn 0.6488 -0.4089 0.6418
vn 0.5228 -0.3937 0.7561
vn 0.6489 -0.3514 0.6749
vn 0.6488 -0.3514 0.6750
vn 0.7602 -0.3000 0.5763
vn 0.6488 -0.2912 0.7030
vn 0.7601 -0.2487 0.6003
vn 0.7602 -0.2487 0.6002
vn 0.7601 -0.3001 0.5764
vn 0.8522 -0.2416 0.4641
vn 0.8524 -0.2001 0.4830
vn 0.8522 -0.2002 0.4834
vn 0.8523 -0.2415 0.4639
vn 0.9239 -0.1767 0.3394
vn 0.9239 -0.1465 0.3536
vn 0.9239 -0.1464 0.3535
vn 0.8524 -0.2810 0.4411
vn 0.8523 -0.2810 0.4411
vn 0.9238 -0.2058 0.3230
vn 0.9238 -0.1768 0.3397
vn 0.8523 -0.3184 0.4150
vn 0.8524 -0.3183 0.4149
vn 0.9238 -0.2331 0.3038
vn 0.9238 -0.2057 0.3229
vn 0.8523 -0.3534 0.3856
vn 0.8523 -0.3534 0.3857
vn 0.9239 -0.2585 0.2821
vn 0.9239 -0.2330 0.3036
vn 0.8523 -0.3857 0.3534
vn 0.9239 -0.2822 0.2585
vn 0.9239 -0.2586 0.2821
vn 0.8523 -0.4150 0.3184
vn 0.9238 -0.3037 0.2330
vn 0.9239 -0.2822 0.2586
vn 0.8522 -0.4412 0.2811
vn 0.8523 -0.4411 0.2810
vn 0.9238 -0.3230 0.2057
vn 0.9238 -0.3038 0.2331
vn 0.8521 -0.4642 0.2416
vn 0.8523 -0.4640 0.2415
vn 0.9238 -0.3395 0.1768
vn 0.9238 -0.3229 0.2056
vn 0.8523 -0.4832 0.2001
vn 0.8522 -0.4834 0.2003
vn 0.9239 -0.3534 0.1464
vn 0.9239 -0.3393 0.1766
vn 0.8523 -0.4988 0.1573
vn 0.9238 -0.3653 0.1152
vn 0.9238 -0.3538 0.1466
vn 0.8524 -0.5105 0.1132
vn 0.8523 -0.5106 0.1132
vn 0.9239 -0.3736 0.0828
vn 0.9239 -0.3650 0.1150
vn 0.8523 -0.5185 0.0683
vn 0.8524 -0.5184 0.0682
vn 0.9238 -0.3796 0.0500
vn 0.9238 -0.3738 0.0829
vn 0.8523 -0.5225 0.0228
vn 0.8523 -0.5226 0.0228
vn 0.9239 -0.3824 0.0167
vn 0.9239 -0.3795 0.0499
vn 0.8523 -0.5226 -0.0228
vn 0.9238 -0.3825 0.0167
vn 0.9238 -0.3825 -0.0167
vn 0.8523 -0.5225 -0.0228
vn 0.8524 -0.5184 -0.0682
vn 0.8523 -0.5185 -0.0682
vn 0.9239 -0.3795 -0.0500
vn 0.9239 -0.3824 -0.0167
vn 0.8524 -0.5106 -0.1132
vn 0.8524 -0.5105 -0.1132
vn 0.9238 -0.3738 -0.0829
vn 0.9238 -0.3796 -0.0499
vn 0.8523 -0.4988 -0.1573
vn 0.8524 -0.4987 -0.1573
vn 0.9239 -0.3650 -0.1151
vn 0.9239 -0.3737 -0.0829
vn 0.7601 -0.6004 -0.2487
vn 0.7602 -0.6002 -0.2487
vn 0.8523 -0.4832 -0.2002
vn 0.7602 -0.6196 -0.1954
vn 0.6493 -0.7026 -0.2911
vn 0.6489 -0.7030 -0.2912
vn 0.6489 -0.7257 -0.2288
vn 0.7600 -0.6199 -0.1954
vn 0.6493 -0.7254 -0.2288
vn 0.6493 -0.7425 -0.1646
vn 0.7598 -0.6347 -0.1407
vn 0.7600 -0.6345 -0.1407
vn 0.6490 -0.7428 -0.1646
vn 0.6490 -0.7543 -0.0993
vn 0.7601 -0.6442 -0.0848
vn 0.7598 -0.6446 -0.0848
vn 0.6492 -0.7541 -0.0993
vn 0.6492 -0.7599 -0.0331
vn 0.7599 -0.6495 -0.0283
vn 0.7601 -0.6491 -0.0284
vn 0.6491 -0.7599 0.0331
vn 0.7601 -0.6492 0.0283
vn 0.7599 -0.6494 0.0284
vn 0.6492 -0.7599 0.0331
vn 0.6492 -0.7541 0.0993
vn 0.7599 -0.6445 0.0849
vn 0.7601 -0.6443 0.0848
vn 0.6490 -0.7542 0.0994
vn 0.6490 -0.7427 0.1646
vn 0.7600 -0.6345 0.1407
vn 0.7599 -0.6347 0.1407
vn 0.6493 -0.7425 0.1645
vn 0.6494 -0.7253 0.2287
vn 0.7602 -0.6196 0.1953
vn 0.7600 -0.6199 0.1955
vn 0.6488 -0.7257 0.2289
vn 0.6489 -0.7030 0.2912
vn 0.7601 -0.6003 0.2487
vn 0.7602 -0.6002 0.2486
vn 0.6493 -0.7027 0.2910
vn 0.6493 -0.6746 0.3512
vn 0.7601 -0.5764 0.3000
vn 0.6491 -0.6748 0.3513
vn 0.6491 -0.6415 0.4087
vn 0.7599 -0.5482 0.3493
vn 0.7601 -0.5480 0.3491
vn 0.6490 -0.6416 0.4088
vn 0.6490 -0.6036 0.4631
vn 0.7601 -0.5155 0.3955
vn 0.7599 -0.5157 0.3957
vn 0.6492 -0.6035 0.4630
vn 0.6492 -0.5608 0.5139
vn 0.7601 -0.4791 0.4390
vn 0.6490 -0.5609 0.5140
vn 0.6490 -0.5139 0.5609
vn 0.7599 -0.4392 0.4793
vn 0.7601 -0.4390 0.4791
vn 0.6492 -0.5139 0.5608
vn 0.6492 -0.4631 0.6035
vn 0.7601 -0.3956 0.5155
vn 0.7599 -0.3957 0.5157
vn 0.6487 -0.4632 0.6038
vn 0.6487 -0.4089 0.6418
vn 0.7601 -0.3491 0.5481
vn 0.7600 -0.3492 0.5481
vn 0.5228 -0.5759 0.6285
vn 0.5223 -0.5761 0.6288
vn 0.5223 -0.5191 0.6766
vn 0.3826 -0.6812 0.6241
vn 0.3818 -0.6814 0.6244
vn 0.5228 -0.6286 0.5759
vn 0.3819 -0.6243 0.6815
vn 0.3826 -0.7330 0.5624
vn 0.5220 -0.6767 0.5192
vn 0.5220 -0.6288 0.5763
vn 0.3825 -0.7330 0.5625
vn 0.3819 -0.7795 0.4966
vn 0.3825 -0.7793 0.4964
vn 0.5226 -0.7190 0.4581
vn 0.5226 -0.6764 0.5189
vn 0.3832 -0.8194 0.4264
vn 0.3818 -0.8198 0.4269
vn 0.5225 -0.7563 0.3936
vn 0.5225 -0.7191 0.4582
vn 0.3829 -0.8534 0.3536
vn 0.3832 -0.8534 0.3535
vn 0.5219 -0.7881 0.3265
vn 0.5219 -0.7566 0.3939
vn 0.3828 -0.8811 0.2778
vn 0.3829 -0.8810 0.2778
vn 0.5223 -0.8133 0.2564
vn 0.5223 -0.7879 0.3263
vn 0.3828 -0.9019 0.2000
vn 0.3829 -0.9019 0.2000
vn 0.5219 -0.8328 0.1846
vn 0.5219 -0.8135 0.2566
vn 0.3830 -0.9158 0.1205
vn 0.3828 -0.9159 0.1205
vn 0.5226 -0.8453 0.1112
vn 0.5226 -0.8324 0.1844
vn 0.3830 -0.9229 0.0403
vn 0.3825 -0.9231 0.0404
vn 0.5217 -0.8523 0.0373
vn 0.5217 -0.8458 0.1114
vn 0.3825 -0.9231 -0.0403
vn 0.5225 -0.8518 0.0371
vn 0.5225 -0.8518 -0.0373
vn 0.3831 -0.9228 -0.0404
vn 0.3828 -0.9159 -0.1205
vn 0.3830 -0.9158 -0.1205
vn 0.5217 -0.8458 -0.1113
vn 0.5217 -0.8523 -0.0371
vn 0.3830 -0.9019 -0.2000
vn 0.3828 -0.9019 -0.2000
vn 0.5227 -0.8323 -0.1846
vn 0.5227 -0.8452 -0.1114
vn 0.3828 -0.8811 -0.2778
vn 0.3830 -0.8810 -0.2778
vn 0.5219 -0.8135 -0.2565
vn 0.5219 -0.8328 -0.1845
vn 0.3831 -0.8534 -0.3535
vn 0.3828 -0.8535 -0.3535
vn 0.5222 -0.7879 -0.3264
vn 0.5223 -0.8133 -0.2565
vn 0.3817 -0.8199 -0.4267
vn 0.3831 -0.8193 -0.4266
vn 0.5220 -0.7566 -0.3938
vn 0.5220 -0.7880 -0.3264
vn 0.3826 -0.7792 -0.4965
vn 0.3817 -0.7796 -0.4965
vn 0.5225 -0.7191 -0.4581
vn 0.5226 -0.7563 -0.3937
vn 0.5227 -0.7190 -0.4581
vn 0.6491 -0.6415 -0.4088
vn 0.6493 -0.6746 -0.3512
vn 0.6491 -0.6748 -0.3512
vn 0.3826 -0.7330 -0.5625
vn 0.3825 -0.7330 -0.5625
vn 0.5226 -0.6764 -0.5190
vn 0.2333 -0.7169 -0.6570
vn 0.2333 -0.7715 -0.5920
vn 0.3826 -0.6811 -0.6242
vn 0.2330 -0.7170 -0.6570
vn 0.0786 -0.7349 -0.6736
vn 0.1219 -0.6705 -0.7318
vn 0.2330 -0.6570 -0.7170
vn 0.0786 -0.6994 -0.7104
vn -0.0000 -0.7016 -0.7126
vn -0.0000 -0.7373 -0.6756
vn 0.0780 -0.7350 -0.6735
vn -0.0000 -0.7726 -0.6349
vn 0.0781 -0.7702 -0.6330
vn -0.0000 -0.7996 -0.6006
vn 0.1482 -0.7907 -0.5939
vn -0.0000 -0.8350 -0.5502
vn 0.0787 -0.8325 -0.5485
vn 0.0787 -0.7910 -0.6068
vn 0.1465 -0.8343 -0.5315
vn 0.2335 -0.8201 -0.5224
vn 0.2327 -0.7716 -0.5920
vn 0.2327 -0.8203 -0.5225
vn 0.0786 -0.8843 -0.4603
vn 0.0787 -0.8555 -0.5118
vn 0.2327 -0.8627 -0.4491
vn 0.2334 -0.8624 -0.4491
vn 0.0787 -0.8843 -0.4603
vn 0.0954 -0.9197 -0.3809
vn 0.2326 -0.8985 -0.3721
vn 0.0788 -0.9045 -0.4191
vn 0.2326 -0.8986 -0.3721
vn -0.0000 -0.9073 -0.4204
vn -0.0000 -0.9249 -0.3802
vn 0.0785 -0.9220 -0.3791
vn -0.0000 -0.9465 -0.3227
vn 0.0785 -0.9436 -0.3217
vn -0.0000 -0.9597 -0.2812
vn 0.0789 -0.9567 -0.2803
vn 0.1528 -0.9425 -0.2972
vn 0.2326 -0.9276 -0.2925
vn 0.1100 -0.9704 -0.2152
vn 0.2328 -0.9495 -0.2105
vn 0.0789 -0.9721 -0.2208
vn 0.2326 -0.9495 -0.2105
vn -0.0000 -0.9752 -0.2215
vn -0.0000 -0.9841 -0.1778
vn 0.0782 -0.9811 -0.1772
vn -0.0000 -0.9914 -0.1305
vn 0.0780 -0.9884 -0.1301
vn 0.0781 -0.9884 -0.1301
vn 0.0781 -0.9942 -0.0740
vn 0.2332 -0.9641 -0.1269
vn 0.0785 -0.9960 -0.0435
vn 0.2332 -0.9715 -0.0424
vn 0.1647 -0.9859 -0.0305
vn -0.0000 -0.9995 -0.0309
vn -0.0000 -0.9995 0.0309
vn 0.0785 -0.9964 0.0308
vn -0.0000 -0.9972 0.0742
vn 0.0781 -0.9942 0.0740
vn 0.1397 -0.9892 0.0432
vn 0.0780 -0.9884 0.1301
vn 0.2328 -0.9642 0.1270
vn 0.2332 -0.9715 0.0424
vn 0.2332 -0.9641 0.1269
vn 0.0781 -0.9884 0.1301
vn 0.0782 -0.9810 0.1773
vn 0.0789 -0.9732 0.2158
vn 0.2326 -0.9495 0.2105
vn 0.1141 -0.9688 0.2201
vn 0.2328 -0.9495 0.2105
vn -0.0000 -0.9752 0.2215
vn -0.0000 -0.9597 0.2812
vn 0.0789 -0.9567 0.2803
vn -0.0000 -0.9465 0.3227
vn 0.0784 -0.9436 0.3217
vn 0.1527 -0.9425 0.2972
vn 0.0955 -0.9197 0.3809
vn 0.2326 -0.8985 0.3722
vn 0.0784 -0.9221 0.3791
vn 0.2325 -0.9276 0.2925
vn 0.2325 -0.8986 0.3722
vn -0.0000 -0.9249 0.3802
vn -0.0000 -0.9074 0.4203
vn -0.0000 -0.9073 0.4204
vn 0.0788 -0.9045 0.4191
vn -0.0000 -0.8870 0.4618
vn 0.0787 -0.8842 0.4603
vn 0.0787 -0.8843 0.4603
vn 0.0785 -0.8408 0.5356
vn 0.2328 -0.8202 0.5225
vn 0.0787 -0.8556 0.5117
vn 0.2333 -0.8625 0.4490
vn 0.2333 -0.8202 0.5224
vn 0.1829 -0.8209 0.5409
vn -0.0000 -0.8350 0.5502
vn -0.0000 -0.7996 0.6005
vn 0.0784 -0.7971 0.5987
vn -0.0000 -0.7726 0.6349
vn 0.0784 -0.7702 0.6330
vn 0.1322 -0.7864 0.6034
vn -0.0000 -0.7373 0.6756
vn -0.0783 -0.7350 0.6735
vn -0.0784 -0.7702 0.6329
vn -0.2334 -0.7169 0.6570
vn -0.0788 -0.7349 0.6735
vn -0.0784 -0.7910 0.6068
vn -0.1485 -0.7907 0.5939
vn -0.2329 -0.7716 0.5920
vn -0.2333 -0.7715 0.5920
vn -0.3825 -0.7330 0.5625
vn -0.3825 -0.7792 0.4965
vn -0.2329 -0.8203 0.5225
vn -0.3819 -0.7795 0.4965
vn -0.3818 -0.8198 0.4267
vn -0.5223 -0.7192 0.4582
vn -0.5224 -0.7564 0.3937
vn -0.5217 -0.7568 0.3939
vn -0.3831 -0.8193 0.4266
vn -0.5217 -0.7882 0.3264
vn -0.3831 -0.8534 0.3535
vn -0.5222 -0.7879 0.3264
vn -0.5221 -0.8134 0.2565
vn -0.6490 -0.7029 0.2911
vn -0.6491 -0.7255 0.2287
vn -0.6495 -0.7251 0.2287
vn -0.5218 -0.8136 0.2566
vn -0.6495 -0.7423 0.1645
vn -0.5217 -0.8329 0.1846
vn -0.6492 -0.7426 0.1645
vn -0.6492 -0.7541 0.0993
vn -0.7598 -0.6347 0.1407
vn -0.7598 -0.6446 0.0848
vn -0.7601 -0.6442 0.0848
vn -0.7601 -0.6492 0.0284
vn -0.7599 -0.6494 0.0283
vn -0.6494 -0.7597 0.0331
vn -0.6494 -0.7539 0.0993
vn -0.6493 -0.7598 0.0331
vn -0.5215 -0.8524 0.0371
vn -0.5215 -0.8459 0.1113
vn -0.5224 -0.8454 0.1114
vn -0.3828 -0.9019 0.2000
vn -0.3828 -0.9160 0.1205
vn -0.5224 -0.8325 0.1846
vn -0.3829 -0.9019 0.2000
vn -0.3828 -0.8811 0.2778
vn -0.2325 -0.9276 0.2925
vn -0.2326 -0.9276 0.2925
vn -0.2326 -0.9495 0.2105
vn -0.0784 -0.9436 0.3217
vn -0.1527 -0.9425 0.2972
vn -0.0784 -0.9221 0.3790
vn -0.0955 -0.9197 0.3809
vn -0.2325 -0.8986 0.3722
vn -0.0786 -0.8842 0.4604
vn -0.0787 -0.8842 0.4603
vn -0.0788 -0.9045 0.4191
vn -0.2327 -0.8627 0.4491
vn -0.2326 -0.8986 0.3722
vn -0.0787 -0.8556 0.5117
vn -0.1466 -0.8343 0.5315
vn -0.2333 -0.8201 0.5225
vn -0.2333 -0.8625 0.4491
vn -0.0000 -0.8582 0.5133
vn -0.0785 -0.8324 0.5485
vn -0.0789 -0.9567 0.2803
vn -0.1101 -0.9704 0.2152
vn -0.2327 -0.9495 0.2105
vn -0.0789 -0.9721 0.2208
vn -0.0000 -0.9841 0.1779
vn -0.0782 -0.9810 0.1773
vn -0.0000 -0.9914 0.1305
vn -0.0780 -0.9884 0.1301
vn -0.0782 -0.9884 0.1301
vn -0.0781 -0.9942 0.0740
vn -0.2333 -0.9715 0.0424
vn -0.2332 -0.9641 0.1269
vn -0.2331 -0.9715 0.0424
vn -0.0785 -0.9960 0.0435
vn -0.1647 -0.9859 0.0305
vn -0.0785 -0.9964 -0.0308
vn -0.1397 -0.9892 -0.0432
vn -0.2331 -0.9715 -0.0424
vn -0.2333 -0.9715 -0.0424
vn -0.0781 -0.9942 -0.0740
vn -0.0780 -0.9884 -0.1301
vn -0.2333 -0.9641 -0.1269
vn -0.2328 -0.9642 -0.1270
vn -0.3829 -0.9019 -0.2000
vn -0.3828 -0.9019 -0.2000
vn -0.3827 -0.9160 -0.1205
vn -0.2328 -0.9495 -0.2105
vn -0.2326 -0.9495 -0.2105
vn -0.2326 -0.9275 -0.2925
vn -0.3829 -0.8810 -0.2778
vn -0.3828 -0.8811 -0.2778
vn -0.3828 -0.8535 -0.3536
vn -0.5221 -0.8134 -0.2565
vn -0.5220 -0.7880 -0.3263
vn -0.5218 -0.7881 -0.3265
vn -0.6495 -0.7025 -0.2909
vn -0.6494 -0.6745 -0.3511
vn -0.5218 -0.7567 -0.3939
vn -0.6493 -0.6746 -0.3512
vn -0.6493 -0.6414 -0.4087
vn -0.7599 -0.5482 -0.3493
vn -0.7602 -0.5479 -0.3490
vn -0.7602 -0.5763 -0.2999
vn -0.8523 -0.4411 -0.2810
vn -0.8522 -0.4412 -0.2811
vn -0.8522 -0.4641 -0.2416
vn -0.7601 -0.5764 -0.3001
vn -0.8522 -0.4833 -0.2002
vn -0.7602 -0.6002 -0.2486
vn -0.7600 -0.6004 -0.2487
vn -0.9239 -0.3394 -0.1766
vn -0.9238 -0.3396 -0.1768
vn -0.9239 -0.3535 -0.1464
vn -0.8523 -0.4832 -0.2001
vn -0.9237 -0.3538 -0.1466
vn -0.9237 -0.3653 -0.1152
vn -0.8523 -0.4988 -0.1573
vn -0.8524 -0.4987 -0.1573
vn -0.7600 -0.6199 -0.1955
vn -0.8524 -0.5105 -0.1132
vn -0.7600 -0.6346 -0.1407
vn -0.7598 -0.6347 -0.1407
vn -0.7598 -0.6446 -0.0849
vn -0.6492 -0.7426 -0.1646
vn -0.6492 -0.7541 -0.0993
vn -0.6494 -0.7540 -0.0993
vn -0.6494 -0.7597 -0.0331
vn -0.5215 -0.8459 -0.1114
vn -0.5215 -0.8524 -0.0373
vn -0.5224 -0.8519 -0.0371
vn -0.5223 -0.8519 0.0373
vn -0.3824 -0.9231 -0.0404
vn -0.3825 -0.9231 0.0403
vn -0.3830 -0.9229 0.0404
vn -0.3830 -0.9228 -0.0403
vn -0.5225 -0.8454 -0.1112
vn -0.3830 -0.9158 -0.1205
vn -0.7601 -0.6492 -0.0283
vn -0.6493 -0.7598 -0.0331
vn -0.7601 -0.6443 -0.0848
vn -0.8524 -0.5185 -0.0683
vn -0.8525 -0.5183 -0.0682
vn -0.8523 -0.5225 -0.0228
vn -0.7599 -0.6494 -0.0284
vn -0.9238 -0.3796 -0.0500
vn -0.9238 -0.3795 -0.0500
vn -0.9238 -0.3824 -0.0167
vn -0.9723 -0.2282 -0.0506
vn -0.9722 -0.2285 -0.0507
vn -0.9238 -0.3738 -0.0829
vn -0.9723 -0.2317 -0.0305
vn -0.9969 -0.0764 -0.0170
vn -0.9969 -0.0763 -0.0169
vn -0.9969 -0.0776 -0.0102
vn -0.9722 -0.2320 -0.0306
vn -0.9969 -0.0775 -0.0102
vn -0.9969 -0.0781 -0.0034
vn -0.9722 -0.2337 -0.0102
vn -0.9723 -0.2337 -0.0102
vn -0.9723 -0.2337 0.0102
vn -0.9238 -0.3826 -0.0167
vn -0.9238 -0.3826 0.0167
vn -0.9238 -0.3824 0.0167
vn -0.9238 -0.3795 0.0500
vn -0.8523 -0.5225 0.0228
vn -0.8524 -0.5185 0.0682
vn -0.8524 -0.5184 0.0682
vn -0.8524 -0.5105 0.1132
vn -0.9238 -0.3738 0.0829
vn -0.9238 -0.3796 0.0500
vn -0.9239 -0.3737 0.0829
vn -0.9723 -0.2282 0.0506
vn -0.9723 -0.2318 0.0305
vn -0.9722 -0.2320 0.0305
vn -0.9722 -0.2285 0.0506
vn -0.9969 -0.0764 0.0169
vn -0.9969 -0.0776 0.0102
vn -0.9969 -0.0775 0.0102
vn -0.9969 -0.0781 0.0034
vn -0.0000 -0.9991 -0.0422
vn -0.0000 -0.9991 0.0422
vn -0.0000 -0.9856 -0.1692
vn -0.0000 0.9858 0.1680
vn -0.0000 0.9990 0.0441
vn -0.0000 0.9426 0.3340
vn -0.0000 0.8733 0.4872
vn -0.0000 -0.7780 -0.6282
vn -0.0000 -0.8731 -0.4875
vn -0.0000 -0.7781 -0.6282
vn -0.9969 -0.0620 -0.0476
vn -0.9969 -0.0660 -0.0420
vn -0.9969 -0.0659 -0.0420
vn -0.9722 -0.1973 -0.1258
vn -0.9722 -0.2076 -0.1080
vn -0.9969 -0.0693 -0.0361
vn -0.9723 -0.2075 -0.1080
vn -0.9969 -0.0694 -0.0361
vn -0.9969 -0.0723 -0.0299
vn -0.9723 -0.2161 -0.0896
vn -0.9723 -0.2161 -0.0895
vn -0.9969 -0.0723 -0.0300
vn -0.9969 -0.0746 -0.0235
vn -0.9723 -0.2230 -0.0703
vn -0.9722 -0.2232 -0.0704
vn -0.9969 -0.0745 -0.0235
vn -0.0000 -0.9428 -0.3333
vn -0.9723 -0.1972 -0.1256
vn -0.9723 -0.1855 -0.1423
vn -0.9238 -0.3230 -0.2058
vn -0.9238 -0.3229 -0.2057
vn -0.9238 -0.3038 -0.2331
vn -0.9723 -0.1856 -0.1424
vn -0.9238 -0.2823 -0.2587
vn -0.9723 -0.1725 -0.1581
vn -0.9722 -0.1725 -0.1581
vn -0.8524 -0.4149 -0.3183
vn -0.8524 -0.3856 -0.3532
vn -0.9239 -0.2821 -0.2585
vn -0.8523 -0.4149 -0.3184
vn -0.8523 -0.3856 -0.3534
vn -0.7601 -0.4791 -0.4389
vn -0.7601 -0.5155 -0.3956
vn -0.7599 -0.5157 -0.3957
vn -0.7600 -0.4791 -0.4391
vn -0.6494 -0.6034 -0.4629
vn -0.6492 -0.6035 -0.4630
vn -0.6494 -0.5606 -0.5138
vn -0.5225 -0.6765 -0.5190
vn -0.6491 -0.5608 -0.5140
vn -0.5219 -0.6289 -0.5764
vn -0.5218 -0.6768 -0.5193
vn -0.3826 -0.7793 -0.4963
vn -0.3825 -0.7330 -0.5625
vn -0.3816 -0.7795 -0.4967
vn -0.5225 -0.7191 -0.4582
vn -0.5224 -0.7192 -0.4582
vn -0.5224 -0.7564 -0.3937
vn -0.3816 -0.8198 -0.4269
vn -0.3831 -0.8194 -0.4264
vn -0.2327 -0.8985 -0.3722
vn -0.3831 -0.8534 -0.3534
vn -0.2326 -0.8985 -0.3721
vn -0.2326 -0.8626 -0.4492
vn -0.0786 -0.9436 -0.3217
vn -0.1528 -0.9425 -0.2972
vn -0.0785 -0.9220 -0.3790
vn -0.0955 -0.9197 -0.3809
vn -0.2326 -0.9276 -0.2925
vn -0.0788 -0.9045 -0.4191
vn -0.0787 -0.8842 -0.4603
vn -0.2335 -0.8625 -0.4490
vn -0.0786 -0.8842 -0.4604
vn -0.0787 -0.8555 -0.5118
vn -0.2327 -0.8202 -0.5226
vn -0.0787 -0.8408 -0.5356
vn -0.2335 -0.8201 -0.5224
vn -0.1826 -0.8210 -0.5409
vn -0.0787 -0.7971 -0.5987
vn -0.1320 -0.7865 -0.6033
vn -0.2327 -0.7716 -0.5921
vn -0.2333 -0.7715 -0.5919
vn -0.3820 -0.6814 -0.6243
vn -0.2333 -0.7169 -0.6570
vn -0.3826 -0.7330 -0.5624
vn -0.3826 -0.6812 -0.6242
vn -0.0781 -0.7702 -0.6330
vn -0.0781 -0.7350 -0.6736
vn -0.2330 -0.7169 -0.6570
vn -0.0000 -0.8582 -0.5133
vn -0.0000 -0.8870 -0.4618
vn -0.0000 -0.8582 -0.5134
vn -0.0000 -0.9074 -0.4204
vn -0.5226 -0.6286 -0.5759
vn -0.6491 -0.5139 -0.5609
vn -0.6494 -0.5138 -0.5607
vn -0.5226 -0.5760 -0.6285
vn -0.7599 -0.4391 -0.4793
vn -0.7599 -0.3957 -0.5158
vn -0.6493 -0.4630 -0.6034
vn -0.7602 -0.3955 -0.5154
vn -0.8523 -0.3534 -0.3856
vn -0.7601 -0.4390 -0.4791
vn -0.8524 -0.3183 -0.4149
vn -0.8523 -0.3184 -0.4151
vn -0.6492 -0.6415 -0.4087
vn -0.9969 -0.0577 -0.0528
vn -0.9969 -0.0577 -0.0529
vn -0.0000 0.9990 -0.0441
vn -0.0000 0.9858 -0.1680
vn -0.0000 -0.9855 0.1697
vn -0.0000 -0.9435 0.3313
vn -0.0000 -0.7776 0.6287
vn -0.0000 -0.6611 0.7503
vn -0.0000 0.7782 -0.6280
vn -0.0000 0.6608 -0.7506
vn -0.0000 0.6608 -0.7505
vn -0.0000 -0.8731 0.4875
vn -0.0000 -0.7780 0.6283
vn -0.9969 -0.0620 0.0476
vn -0.9969 -0.0577 0.0529
vn -0.9969 -0.0577 0.0528
vn -0.9723 -0.1580 0.1724
vn -0.9969 -0.0529 0.0577
vn -0.9723 -0.1724 0.1580
vn -0.9723 -0.1725 0.1580
vn -0.9239 -0.2585 0.2821
vn -0.9238 -0.2822 0.2586
vn -0.9238 -0.2586 0.2822
vn -0.9239 -0.2330 0.3036
vn -0.8524 -0.3183 0.4149
vn -0.8523 -0.3184 0.4149
vn -0.8523 -0.3534 0.3856
vn -0.7601 -0.3956 0.5156
vn -0.7599 -0.3957 0.5157
vn -0.7599 -0.4392 0.4793
vn -0.7601 -0.4390 0.4791
vn -0.7601 -0.4791 0.4390
vn -0.8523 -0.3856 0.3534
vn -0.8523 -0.3856 0.3533
vn -0.8523 -0.4150 0.3184
vn -0.8523 -0.4149 0.3184
vn -0.7601 -0.5155 0.3956
vn -0.7601 -0.4790 0.4390
vn -0.7599 -0.5157 0.3957
vn -0.6494 -0.6033 0.4629
vn -0.6494 -0.5606 0.5138
vn -0.6492 -0.5608 0.5139
vn -0.5226 -0.5760 0.6286
vn -0.5226 -0.6285 0.5760
vn -0.6492 -0.5138 0.5608
vn -0.5221 -0.5762 0.6288
vn -0.6494 -0.4629 0.6034
vn -0.6494 -0.5137 0.5607
vn -0.5225 -0.5190 0.6765
vn -0.5221 -0.5192 0.6766
vn -0.6489 -0.4632 0.6036
vn -0.5225 -0.4581 0.7191
vn -0.6489 -0.4088 0.6417
vn -0.5226 -0.4581 0.7191
vn -0.6490 -0.3513 0.6748
vn -0.6490 -0.4088 0.6416
vn -0.5226 -0.3937 0.7563
vn -0.5224 -0.3938 0.7563
vn -0.5221 -0.3264 0.7879
vn -0.6490 -0.2911 0.7028
vn -0.5223 -0.3263 0.7878
vn -0.6491 -0.3513 0.6747
vn -0.7602 -0.2486 0.6002
vn -0.7602 -0.3000 0.5763
vn -0.7601 -0.3001 0.5764
vn -0.6490 -0.2912 0.7029
vn -0.7601 -0.1954 0.6197
vn -0.7601 -0.2487 0.6003
vn -0.6493 -0.2287 0.7253
vn -0.6490 -0.2288 0.7256
vn -0.5223 -0.2564 0.8133
vn -0.5223 -0.1845 0.8326
vn -0.6493 -0.1646 0.7425
vn -0.5221 -0.1846 0.8327
vn -0.3827 -0.1206 0.9160
vn -0.3825 -0.1999 0.9021
vn -0.3825 -0.1206 0.9161
vn -0.5222 -0.2565 0.8134
vn -0.3822 -0.2779 0.8813
vn -0.3822 -0.2000 0.9022
vn -0.8524 -0.1572 0.4986
vn -0.8524 -0.2001 0.4831
vn -0.7600 -0.1954 0.6199
vn -0.8522 -0.2003 0.4834
vn -0.8522 -0.2416 0.4641
vn -0.9239 -0.1464 0.3536
vn -0.9239 -0.1767 0.3394
vn -0.9237 -0.1769 0.3398
vn -0.8524 -0.2415 0.4638
vn -0.9237 -0.2058 0.3230
vn -0.9238 -0.2057 0.3229
vn -0.8524 -0.2810 0.4411
vn -0.9722 -0.1425 0.1857
vn -0.9723 -0.1424 0.1855
vn -0.9238 -0.2331 0.3038
vn -0.9722 -0.1257 0.1974
vn -0.9969 -0.0476 0.0620
vn -0.9969 -0.0477 0.0621
vn -0.9969 -0.0420 0.0660
vn -0.9723 -0.1257 0.1973
vn -0.7601 -0.3491 0.5481
vn -0.8524 -0.2810 0.4410
vn -0.3824 -0.2779 0.8812
vn -0.3824 -0.3536 0.8537
vn -0.7601 -0.3492 0.5481
vn -0.5218 -0.6290 0.5762
vn -0.3828 -0.6241 0.6812
vn -0.3818 -0.6815 0.6243
vn -0.3819 -0.6244 0.6814
vn -0.3826 -0.6812 0.6242
vn -0.2333 -0.6569 0.7170
vn -0.2333 -0.7169 0.6570
vn -0.2326 -0.6571 0.7170
vn -0.5218 -0.6768 0.5192
vn -0.5224 -0.6765 0.5191
vn -0.3826 -0.7330 0.5625
vn -0.6492 -0.6035 0.4630
vn -0.6492 -0.6415 0.4087
vn -0.5225 -0.7191 0.4582
vn -0.6493 -0.6414 0.4087
vn -0.7601 -0.5480 0.3491
vn -0.6493 -0.6746 0.3512
vn -0.7601 -0.5763 0.3000
vn -0.7601 -0.5764 0.3000
vn -0.6494 -0.6745 0.3511
vn -0.7601 -0.6003 0.2487
vn -0.6495 -0.7025 0.2910
vn -0.7602 -0.6002 0.2486
vn -0.7602 -0.6196 0.1954
vn -0.8523 -0.4832 0.2002
vn -0.8523 -0.4988 0.1573
vn -0.8524 -0.4987 0.1573
vn -0.8522 -0.4834 0.2002
vn -0.9237 -0.3539 0.1466
vn -0.9237 -0.3653 0.1152
vn -0.9239 -0.3650 0.1151
vn -0.9239 -0.3534 0.1465
vn -0.9723 -0.2161 0.0895
vn -0.9723 -0.2230 0.0703
vn -0.9722 -0.2232 0.0703
vn -0.9969 -0.0723 0.0300
vn -0.9969 -0.0746 0.0235
vn -0.0000 -0.9856 0.1692
vn -0.0000 -0.9428 0.3333
vn -0.0000 -0.9428 0.3332
vn -0.0000 0.9426 -0.3339
vn -0.0000 0.8732 -0.4874
vn -0.9969 -0.0693 0.0361
vn -0.9969 -0.0694 0.0361
vn -0.9723 -0.1971 0.1256
vn -0.9969 -0.0659 0.0420
vn -0.9722 -0.1974 0.1257
vn -0.9722 -0.2076 0.1080
vn -0.9238 -0.3230 0.2057
vn -0.9238 -0.3229 0.2057
vn -0.9238 -0.3396 0.1768
vn -0.9723 -0.2075 0.1080
vn -0.8523 -0.4412 0.2811
vn -0.8523 -0.4640 0.2415
vn -0.8523 -0.4411 0.2810
vn -0.9239 -0.3393 0.1767
vn -0.9723 -0.1855 0.1423
vn -0.9238 -0.3037 0.2331
vn -0.9238 -0.3038 0.2331
vn -0.9723 -0.1856 0.1424
vn -0.9969 -0.0660 0.0420
vn -0.9969 -0.0763 0.0169
vn -0.8522 -0.4641 0.2416
vn -0.7599 -0.5483 0.3492
vn -0.0000 -0.6607 0.7507
vn -0.0000 -0.5243 0.8516
vn -0.0000 -0.6610 0.7504
vn -0.0000 0.9426 -0.3338
vn -0.9722 -0.2337 0.0102
vn -0.7600 -0.6199 0.1954
vn -0.7600 -0.6345 0.1407
vn -0.9238 -0.3651 -0.1151
vn -0.9238 -0.3737 -0.0829
vn -0.8524 -0.5104 -0.1131
vn -0.6495 -0.7424 -0.1645
vn -0.5225 -0.8324 -0.1845
vn -0.5218 -0.8329 -0.1847
vn -0.5218 -0.8136 -0.2566
vn -0.6490 -0.7255 -0.2288
vn -0.6494 -0.7252 -0.2286
vn -0.7602 -0.6196 -0.1953
vn -0.6491 -0.7028 -0.2912
vn -0.0789 -0.9567 -0.2803
vn -0.0789 -0.9732 -0.2158
vn -0.0781 -0.9884 -0.1301
vn -0.1141 -0.9688 -0.2200
vn -0.0782 -0.9811 -0.1772
vn -0.0000 -0.9972 -0.0742
vn -0.3830 -0.9158 0.1205
vn -0.2328 -0.9642 0.1269
vn -0.3829 -0.8535 0.3535
vn -0.3829 -0.8810 0.2778
vn -0.0789 -0.6992 0.7106
vn -0.1219 -0.6705 0.7318
vn -0.0000 -0.7014 0.7128
vn 0.2333 -0.7715 0.5919
vn 0.2329 -0.7715 0.5920
vn 0.2326 -0.8626 0.4492
vn 0.2326 -0.9276 0.2925
vn 0.2328 -0.9642 -0.1269
vn 0.2326 -0.9275 -0.2925
vn -0.0786 -0.7350 -0.6735
vn -0.0000 -0.7015 -0.7126
vn -0.0786 -0.6994 -0.7104
vn -0.0000 -0.6700 -0.7424
vn -0.1309 -0.6642 -0.7360
vn 0.0794 -0.6679 -0.7400
vn 0.7600 -0.5765 -0.3001
vn 0.5225 -0.3937 0.7563
vn 0.5225 -0.3263 0.7877
vn 0.3821 -0.4267 0.8197
vn 0.3825 -0.4267 0.8195
vn 0.3825 -0.3536 0.8536
vn 0.5224 -0.3263 0.7878
vn 0.2333 -0.4490 0.8625
vn 0.2333 -0.3721 0.8984
vn 0.2336 -0.4490 0.8624
vn 0.3824 -0.3536 0.8537
vn 0.0780 -0.4604 0.8843
vn 0.0779 -0.5357 0.8408
vn 0.0783 -0.5357 0.8408
vn 0.2337 -0.5225 0.8200
vn -0.0000 -0.5373 0.8434
vn -0.0000 -0.4618 0.8870
vn 0.0779 -0.4604 0.8843
vn -0.0000 -0.4063 0.9137
vn 0.0779 -0.4051 0.9110
vn -0.0000 -0.3660 0.9306
vn 0.1994 -0.3586 0.9119
vn -0.0000 -0.3081 0.9514
vn 0.0781 -0.3072 0.9484
vn 0.0780 -0.3815 0.9211
vn -0.0780 -0.4604 0.8843
vn -0.0779 -0.4051 0.9110
vn -0.0779 -0.4604 0.8843
vn 0.0784 -0.5864 0.8062
vn 0.1505 -0.6018 0.7843
vn 0.2330 -0.5920 0.7715
vn 0.2330 -0.5224 0.8202
vn -0.0000 -0.5882 0.8087
vn 0.2334 -0.3721 0.8984
vn 0.3821 -0.4965 0.7794
vn -0.0000 -0.5883 0.8087
vn -0.2328 -0.1270 0.9642
vn 0.2333 -0.2924 0.9274
vn 0.2328 -0.0424 0.9716
vn 0.3825 -0.0403 0.9231
vn 0.3827 -0.0403 0.9230
vn 0.0788 -0.1301 0.9884
vn 0.6488 -0.2288 0.7257
vn 0.6493 -0.0992 0.7541
vn 0.9238 -0.1151 0.3651
vn 0.9722 -0.1080 0.2076
vn 0.9723 -0.2231 0.0703
vn 0.9723 -0.2283 -0.0506
vn 0.9969 -0.0746 -0.0235
vn 0.9969 -0.0723 -0.0300
vn 0.9722 -0.2076 -0.1080
vn 0.9969 -0.0694 -0.0361
vn 0.9722 -0.2162 -0.0895
vn 0.9723 -0.1972 -0.1256
vn 0.9722 -0.1974 -0.1258
vn 0.9969 -0.0659 -0.0420
vn 0.9969 -0.0693 -0.0361
vn 0.9969 -0.0660 -0.0420
vn 0.9969 -0.0620 -0.0476
vn 0.9722 -0.1725 -0.1581
vn 0.9722 -0.1856 -0.1424
vn 0.9969 -0.0577 -0.0528
vn 0.9969 -0.0528 -0.0577
vn 0.9723 -0.1580 -0.1725
vn 0.9722 -0.1581 -0.1725
vn 0.9969 -0.0529 -0.0577
vn 0.9722 -0.1424 -0.1856
vn 0.9723 -0.1424 -0.1856
vn 0.9969 -0.0477 -0.0621
vn 0.9969 -0.0476 -0.0621
vn 0.9969 -0.0420 -0.0660
vn 0.9969 -0.0361 -0.0694
vn 0.9722 -0.1081 -0.2076
vn 0.9723 -0.1080 -0.2075
vn 0.9723 -0.1257 -0.1973
vn 0.9239 -0.1766 -0.3393
vn 0.9238 -0.1768 -0.3397
vn 0.9238 -0.2058 -0.3230
vn 0.9722 -0.1257 -0.1973
vn 0.8522 -0.2416 -0.4641
vn 0.8523 -0.2415 -0.4639
vn 0.8523 -0.2810 -0.4411
vn 0.8524 -0.2810 -0.4410
vn 0.8524 -0.3183 -0.4149
vn 0.9239 -0.2329 -0.3036
vn 0.9238 -0.2331 -0.3038
vn 0.8523 -0.3184 -0.4150
vn 0.8523 -0.3534 -0.3856
vn 0.9239 -0.2585 -0.2821
vn 0.8523 -0.3534 -0.3857
vn 0.8523 -0.3857 -0.3534
vn 0.9238 -0.2823 -0.2586
vn 0.9239 -0.2821 -0.2585
vn 0.8524 -0.3856 -0.3533
vn 0.8523 -0.4149 -0.3184
vn 0.9238 -0.3038 -0.2331
vn 0.9238 -0.3037 -0.2331
vn 0.8523 -0.4150 -0.3184
vn 0.8523 -0.4411 -0.2810
vn 0.9238 -0.3228 -0.2057
vn 0.9238 -0.3230 -0.2057
vn 0.7601 -0.4790 -0.4390
vn 0.7601 -0.5155 -0.3955
vn 0.7601 -0.4791 -0.4390
vn 0.6492 -0.5139 -0.5608
vn 0.6489 -0.5141 -0.5610
vn 0.7601 -0.4390 -0.4791
vn 0.6489 -0.5610 -0.5141
vn 0.6487 -0.4633 -0.6038
vn 0.6492 -0.4630 -0.6035
vn 0.7599 -0.3957 -0.5157
vn 0.7599 -0.4392 -0.4792
vn 0.6488 -0.4089 -0.6418
vn 0.7602 -0.3491 -0.5479
vn 0.7602 -0.3955 -0.5155
vn 0.6491 -0.3512 -0.6748
vn 0.6488 -0.3514 -0.6750
vn 0.7601 -0.3001 -0.5764
vn 0.7601 -0.3492 -0.5481
vn 0.6490 -0.2912 -0.7029
vn 0.6491 -0.2911 -0.7028
vn 0.7601 -0.2487 -0.6004
vn 0.6493 -0.2287 -0.7253
vn 0.6490 -0.2288 -0.7256
vn 0.7601 -0.1954 -0.6198
vn 0.7598 -0.1955 -0.6200
vn 0.8523 -0.1573 -0.4988
vn 0.8522 -0.2002 -0.4834
vn 0.8523 -0.2001 -0.4832
vn 0.8524 -0.1573 -0.4987
vn 0.9239 -0.1151 -0.3649
vn 0.9239 -0.1464 -0.3534
vn 0.9239 -0.1464 -0.3535
vn 0.9239 -0.1151 -0.3650
vn 0.9722 -0.0704 -0.2232
vn 0.9722 -0.0896 -0.2163
vn 0.9969 -0.0235 -0.0746
vn 0.9969 -0.0299 -0.0723
vn 0.9969 -0.0169 -0.0764
vn 0.9722 -0.0305 -0.2320
vn 0.9722 -0.0506 -0.2284
vn 0.9969 -0.0102 -0.0776
vn 0.9722 -0.0306 -0.2320
vn 0.9969 -0.0102 -0.0775
vn 0.9969 -0.0034 -0.0781
vn 0.9722 -0.0102 -0.2337
vn 0.9722 -0.0102 -0.2338
vn 0.9969 -0.0034 -0.0782
vn 0.9969 0.0034 -0.0782
vn 0.9722 0.0102 -0.2338
vn 0.9969 0.0034 -0.0781
vn 0.9722 0.0306 -0.2320
vn 0.9722 0.0305 -0.2321
vn 0.9969 0.0102 -0.0775
vn 0.9969 0.0169 -0.0764
vn 0.9722 0.0704 -0.2232
vn 0.9723 0.0704 -0.2231
vn 0.9969 0.0235 -0.0746
vn 0.9722 0.0506 -0.2284
vn 0.9239 0.1151 -0.3650
vn 0.9238 0.1151 -0.3650
vn 0.9239 0.0828 -0.3737
vn 0.9722 0.0506 -0.2285
vn 0.8523 0.1573 -0.4988
vn 0.8524 0.1573 -0.4986
vn 0.8524 0.1132 -0.5105
vn 0.9239 0.0828 -0.3736
vn 0.8523 0.1132 -0.5107
vn 0.8523 0.0683 -0.5186
vn 0.9239 0.0499 -0.3794
vn 0.9239 0.0500 -0.3794
vn 0.8523 0.0228 -0.5226
vn 0.9239 0.0167 -0.3824
vn 0.9239 0.0167 -0.3823
vn 0.8524 0.0228 -0.5224
vn 0.8524 -0.0228 -0.5224
vn 0.9239 -0.0167 -0.3824
vn 0.8523 -0.0228 -0.5225
vn 0.8523 -0.0683 -0.5186
vn 0.9239 -0.0499 -0.3794
vn 0.9239 -0.0500 -0.3794
vn 0.8523 -0.1132 -0.5107
vn 0.9239 -0.0828 -0.3736
vn 0.7600 -0.0848 -0.6444
vn 0.7600 -0.1406 -0.6345
vn 0.8524 -0.1132 -0.5106
vn 0.7599 -0.0848 -0.6444
vn 0.6489 -0.0332 -0.7601
vn 0.6492 -0.0332 -0.7599
vn 0.7599 -0.0284 -0.6494
vn 0.6493 -0.0992 -0.7541
vn 0.5225 -0.0372 -0.8518
vn 0.5223 -0.0372 -0.8520
vn 0.5223 -0.1113 -0.8455
vn 0.6490 -0.0993 -0.7543
vn 0.5226 -0.1113 -0.8453
vn 0.5226 -0.1845 -0.8324
vn 0.6493 -0.1646 -0.7425
vn 0.6490 -0.1647 -0.7427
vn 0.3821 -0.1207 -0.9162
vn 0.3822 -0.2000 -0.9022
vn 0.5222 -0.1846 -0.8326
vn 0.3827 -0.1206 -0.9160
vn 0.2328 -0.0425 -0.9716
vn 0.2328 -0.1270 -0.9642
vn 0.2332 -0.0424 -0.9715
vn 0.3827 -0.0403 -0.9230
vn 0.2332 0.0424 -0.9715
vn 0.2329 0.0424 -0.9716
vn 0.3825 0.0403 -0.9231
vn 0.3825 -0.0403 -0.9231
vn 0.2329 0.1270 -0.9642
vn 0.2331 0.1270 -0.9641
vn 0.3827 0.1206 -0.9160
vn 0.3827 0.0403 -0.9230
vn 0.3821 0.1206 -0.9162
vn 0.5222 0.1113 -0.8455
vn 0.5225 0.0372 -0.8518
vn 0.5222 0.0372 -0.8520
vn 0.5227 0.1113 -0.8452
vn 0.6493 0.0993 -0.7540
vn 0.6489 0.0332 -0.7601
vn 0.6493 0.0332 -0.7598
vn 0.6490 0.0993 -0.7543
vn 0.7599 0.0848 -0.6444
vn 0.7601 0.0284 -0.6492
vn 0.7599 0.0284 -0.6494
vn 0.6493 0.1646 -0.7425
vn 0.6490 0.1646 -0.7428
vn 0.7600 0.1407 -0.6345
vn 0.7600 0.0848 -0.6443
vn 0.6490 0.2287 -0.7256
vn 0.6493 0.2287 -0.7253
vn 0.7597 0.1955 -0.6202
vn 0.7598 0.1407 -0.6348
vn 0.6491 0.2911 -0.7028
vn 0.6490 0.2912 -0.7029
vn 0.7601 0.2487 -0.6003
vn 0.7601 0.1954 -0.6197
vn 0.6488 0.3513 -0.6750
vn 0.6491 0.3513 -0.6748
vn 0.7601 0.3000 -0.5765
vn 0.7601 0.2487 -0.6004
vn 0.7602 0.3000 -0.5763
vn 0.8522 0.2416 -0.4641
vn 0.8523 0.2002 -0.4832
vn 0.8522 0.2002 -0.4834
vn 0.8523 0.2415 -0.4639
vn 0.9239 0.1767 -0.3393
vn 0.9239 0.1464 -0.3536
vn 0.9239 0.1464 -0.3534
vn 0.9238 0.1768 -0.3397
vn 0.9722 0.1081 -0.2076
vn 0.9722 0.0896 -0.2162
vn 0.9722 0.0896 -0.2163
vn 0.9723 0.1080 -0.2075
vn 0.9969 0.0361 -0.0694
vn 0.9969 0.0299 -0.0723
vn 0.9238 0.2057 -0.3230
vn 0.9723 0.1257 -0.1973
vn 0.9238 0.2057 -0.3229
vn 0.8523 0.3184 -0.4150
vn 0.8522 0.3185 -0.4151
vn 0.9238 0.2330 -0.3037
vn 0.8522 0.2811 -0.4412
vn 0.7599 0.3957 -0.5158
vn 0.7602 0.3955 -0.5154
vn 0.7602 0.3491 -0.5479
vn 0.8523 0.2810 -0.4411
vn 0.6491 0.4631 -0.6035
vn 0.6490 0.4631 -0.6035
vn 0.6490 0.4088 -0.6416
vn 0.7603 0.3491 -0.5479
vn 0.5224 0.5191 -0.6765
vn 0.5224 0.4582 -0.7192
vn 0.6488 0.4089 -0.6418
vn 0.3824 0.5625 -0.7331
vn 0.3825 0.5625 -0.7330
vn 0.3825 0.4965 -0.7792
vn 0.5226 0.4581 -0.7191
vn 0.3824 0.4965 -0.7793
vn 0.3824 0.4267 -0.8196
vn 0.5225 0.3937 -0.7563
vn 0.5226 0.3937 -0.7563
vn 0.3826 0.4266 -0.8195
vn 0.3825 0.3535 -0.8536
vn 0.5221 0.3263 -0.7880
vn 0.5225 0.3263 -0.7877
vn 0.3825 0.2779 -0.8812
vn 0.5222 0.2565 -0.8133
vn 0.5221 0.2565 -0.8134
vn 0.3826 0.2779 -0.8812
vn 0.3826 0.2000 -0.9020
vn 0.5227 0.1846 -0.8323
vn 0.5222 0.1846 -0.8326
vn 0.2335 0.2924 -0.9273
vn 0.2330 0.2105 -0.9494
vn 0.3822 0.2000 -0.9022
vn 0.2330 0.2924 -0.9275
vn 0.0780 0.3815 -0.9211
vn 0.0779 0.3815 -0.9211
vn 0.0781 0.3362 -0.9386
vn 0.0786 0.2997 -0.9508
vn 0.1132 0.2940 -0.9491
vn 0.2336 0.3721 -0.8983
vn -0.0000 0.2959 -0.9552
vn -0.0000 0.2364 -0.9717
vn -0.0000 0.2364 -0.9716
vn 0.0786 0.2357 -0.9686
vn -0.0000 0.1938 -0.9810
vn 0.0786 0.1932 -0.9780
vn 0.1527 0.2139 -0.9648
vn -0.0000 0.1331 -0.9911
vn 0.0786 0.1327 -0.9880
vn -0.0000 0.0892 -0.9960
vn 0.0784 0.0890 -0.9929
vn 0.0952 0.1299 -0.9869
vn -0.0000 0.0437 -0.9990
vn 0.0785 0.0435 -0.9960
vn 0.0784 0.0435 -0.9960
vn -0.0000 -0.0156 -0.9999
vn -0.0000 -0.0155 -0.9999
vn 0.0785 -0.0155 -0.9968
vn -0.0000 -0.0590 -0.9983
vn 0.1825 -0.0580 -0.9815
vn -0.0000 -0.1203 -0.9927
vn 0.0785 -0.1199 -0.9897
vn 0.0784 -0.0435 -0.9960
vn -0.0000 -0.1636 -0.9865
vn -0.0000 -0.1635 -0.9865
vn 0.0786 -0.1630 -0.9835
vn 0.1324 -0.1294 -0.9827
vn 0.2332 -0.1269 -0.9641
vn 0.2332 -0.2104 -0.9494
vn 0.2330 -0.2105 -0.9494
vn 0.0786 -0.2157 -0.9733
vn 0.0784 -0.2158 -0.9733
vn 0.0785 -0.2655 -0.9609
vn 0.1310 -0.3054 -0.9432
vn 0.0781 -0.2998 -0.9508
vn 0.2333 -0.2924 -0.9274
vn 0.2331 -0.2924 -0.9275
vn 0.3827 -0.2778 -0.8811
vn 0.2333 -0.3721 -0.8984
vn 0.3825 -0.3536 -0.8536
vn 0.3827 -0.3535 -0.8536
vn 0.5225 -0.3262 -0.7877
vn 0.3826 -0.4267 -0.8195
vn 0.5225 -0.3937 -0.7563
vn 0.3824 -0.4267 -0.8196
vn 0.3824 -0.4964 -0.7793
vn 0.5227 -0.4580 -0.7190
vn 0.5226 -0.4581 -0.7191
vn 0.3821 -0.4966 -0.7794
vn 0.3821 -0.5626 -0.7331
vn 0.5221 -0.5192 -0.6766
vn 0.5227 -0.5189 -0.6764
vn 0.2333 -0.4491 -0.8625
vn 0.2334 -0.5225 -0.8201
vn 0.0779 -0.4050 -0.9110
vn 0.1499 -0.3783 -0.9134
vn 0.0779 -0.4604 -0.8843
vn -0.0000 -0.4062 -0.9138
vn -0.0000 -0.4618 -0.8870
vn 0.0783 -0.4603 -0.8843
vn -0.0780 -0.4049 -0.9110
vn -0.0778 -0.4603 -0.8843
vn -0.1989 -0.3588 -0.9120
vn -0.2333 -0.3721 -0.8984
vn -0.2333 -0.4491 -0.8625
vn -0.0780 -0.3815 -0.9211
vn -0.0783 -0.4604 -0.8842
vn -0.0000 -0.3080 -0.9514
vn -0.0781 -0.3071 -0.9485
vn -0.0000 -0.3661 -0.9306
vn -0.0000 -0.2664 -0.9639
vn -0.0785 -0.2655 -0.9609
vn -0.0000 -0.2663 -0.9639
vn -0.1218 -0.2984 -0.9466
vn -0.0784 -0.2158 -0.9733
vn -0.2331 -0.2924 -0.9275
vn -0.2331 -0.2104 -0.9494
vn -0.2332 -0.2105 -0.9494
vn -0.3826 -0.2000 -0.9020
vn -0.3822 -0.2000 -0.9022
vn -0.2333 -0.2924 -0.9274
vn -0.3825 -0.2778 -0.8812
vn -0.3827 -0.2779 -0.8811
vn -0.5220 -0.2565 -0.8134
vn -0.5221 -0.1846 -0.8327
vn -0.5224 -0.1846 -0.8325
vn -0.6492 -0.0993 -0.7541
vn -0.6492 -0.1646 -0.7426
vn -0.6494 -0.0993 -0.7539
vn -0.5224 -0.1113 -0.8454
vn -0.6494 -0.0332 -0.7597
vn -0.5221 -0.1113 -0.8456
vn -0.5221 -0.0372 -0.8520
vn -0.6491 -0.0332 -0.7600
vn -0.6491 0.0332 -0.7600
vn -0.7601 -0.0284 -0.6492
vn -0.7600 0.0284 -0.6493
vn -0.6494 0.0331 -0.7597
vn -0.7599 0.0848 -0.6444
vn -0.6495 0.0992 -0.7539
vn -0.7600 0.0848 -0.6443
vn -0.7600 0.1406 -0.6345
vn -0.8524 0.0683 -0.5185
vn -0.8523 0.1132 -0.5106
vn -0.8524 0.1131 -0.5104
vn -0.8525 0.1572 -0.4986
vn -0.7598 0.1407 -0.6348
vn -0.7597 0.1956 -0.6201
vn -0.8524 0.1573 -0.4987
vn -0.9239 0.1464 -0.3535
vn -0.8524 0.2001 -0.4832
vn -0.9239 0.1151 -0.3650
vn -0.9238 0.1465 -0.3536
vn -0.9722 0.1081 -0.2076
vn -0.9722 0.0896 -0.2161
vn -0.9723 0.1080 -0.2074
vn -0.9239 0.1766 -0.3394
vn -0.9238 0.1769 -0.3397
vn -0.9238 0.2058 -0.3230
vn -0.9723 0.1256 -0.1972
vn -0.9723 0.1257 -0.1972
vn -0.9723 0.1423 -0.1855
vn -0.9969 0.0421 -0.0660
vn -0.9969 0.0477 -0.0621
vn -0.9969 0.0476 -0.0621
vn -0.9969 0.0529 -0.0577
vn -0.9969 0.0577 -0.0529
vn -0.9969 0.0529 -0.0576
vn -0.9722 0.1581 -0.1725
vn -0.9722 0.1725 -0.1581
vn -0.9723 0.1725 -0.1580
vn -0.9723 0.1856 -0.1424
vn -0.9969 0.0621 -0.0476
vn -0.9969 0.0660 -0.0420
vn -0.9969 0.0694 -0.0361
vn -0.9722 0.2076 -0.1080
vn -0.9722 0.1974 -0.1257
vn -0.9723 0.1971 -0.1256
vn -0.9238 0.3038 -0.2332
vn -0.9238 0.3230 -0.2057
vn -0.9238 0.3038 -0.2331
vn -0.9723 0.1855 -0.1423
vn -0.8523 0.3856 -0.3533
vn -0.9238 0.2823 -0.2587
vn -0.8524 0.3855 -0.3533
vn -0.8524 0.4149 -0.3184
vn -0.7601 0.4791 -0.4390
vn -0.7601 0.5155 -0.3956
vn -0.7603 0.4789 -0.4388
vn -0.8523 0.4149 -0.3184
vn -0.7603 0.4388 -0.4790
vn -0.6493 0.5137 -0.5607
vn -0.6488 0.5141 -0.5610
vn -0.6487 0.5611 -0.5141
vn -0.5223 0.5762 -0.6287
vn -0.5222 0.5762 -0.6287
vn -0.5222 0.6287 -0.5762
vn -0.6494 0.5606 -0.5138
vn -0.5218 0.6289 -0.5763
vn -0.5218 0.6768 -0.5192
vn -0.6494 0.6033 -0.4630
vn -0.6489 0.6037 -0.4631
vn -0.6488 0.6418 -0.4088
vn -0.7602 0.5154 -0.3955
vn -0.7602 0.5480 -0.3490
vn -0.7602 0.5479 -0.3491
vn -0.7602 0.5762 -0.3001
vn -0.7598 0.5767 -0.3002
vn -0.6493 0.6747 -0.3511
vn -0.6492 0.6414 -0.4087
vn -0.6495 0.6745 -0.3511
vn -0.5224 0.7564 -0.3937
vn -0.5223 0.7192 -0.4582
vn -0.5225 0.7191 -0.4581
vn -0.3820 0.7332 -0.5625
vn -0.3825 0.7330 -0.5625
vn -0.3820 0.7794 -0.4966
vn -0.5224 0.6765 -0.5191
vn -0.2333 0.7715 -0.5919
vn -0.2333 0.8201 -0.5225
vn -0.2334 0.7715 -0.5919
vn -0.3823 0.7793 -0.4965
vn -0.3823 0.8196 -0.4267
vn -0.3825 0.8196 -0.4266
vn -0.2328 0.8626 -0.4491
vn -0.2329 0.8202 -0.5226
vn -0.0786 0.8408 -0.5357
vn -0.0787 0.8710 -0.4850
vn -0.2326 0.8627 -0.4491
vn -0.0788 0.8843 -0.4603
vn -0.0786 0.8408 -0.5356
vn -0.1823 0.8790 -0.4407
vn -0.0000 0.8940 -0.4481
vn -0.0000 0.8940 -0.4482
vn -0.0000 0.8737 -0.4865
vn 0.0788 0.8912 -0.4468
vn 0.0787 0.8710 -0.4850
vn 0.1463 0.8775 -0.4568
vn 0.0788 0.9210 -0.3816
vn 0.2328 0.8626 -0.4491
vn 0.2326 0.8985 -0.3723
vn 0.2327 0.8627 -0.4491
vn 0.3823 0.8196 -0.4267
vn 0.2329 0.8202 -0.5226
vn 0.3820 0.7794 -0.4966
vn 0.3822 0.7793 -0.4965
vn 0.5227 0.7190 -0.4581
vn 0.3821 0.7332 -0.5626
vn 0.5220 0.6767 -0.5192
vn 0.5226 0.6764 -0.5189
vn 0.6492 0.6035 -0.4630
vn 0.5221 0.6288 -0.5763
vn 0.6486 0.5611 -0.5143
vn 0.6492 0.5608 -0.5138
vn 0.7603 0.4790 -0.4388
vn 0.6486 0.5142 -0.5612
vn 0.7599 0.4391 -0.4793
vn 0.7603 0.4389 -0.4789
vn 0.5224 0.6287 -0.5761
vn 0.5224 0.5761 -0.6286
vn 0.6492 0.5139 -0.5608
vn 0.3826 0.6812 -0.6242
vn 0.3830 0.6811 -0.6240
vn 0.3830 0.6241 -0.6810
vn 0.2333 0.7170 -0.6569
vn 0.2331 0.7170 -0.6570
vn 0.2331 0.6570 -0.7170
vn 0.3824 0.6242 -0.6813
vn 0.1522 0.7287 -0.6677
vn 0.0781 0.7210 -0.6885
vn 0.1101 0.6714 -0.7329
vn 0.2326 0.6570 -0.7171
vn 0.0781 0.6773 -0.7315
vn -0.0000 0.6794 -0.7338
vn -0.0000 0.6470 -0.7625
vn 0.0794 0.6449 -0.7601
vn -0.0000 0.6087 -0.7934
vn 0.0783 0.6068 -0.7910
vn 0.0794 0.6069 -0.7908
vn 0.0783 0.5356 -0.8408
vn 0.2330 0.5225 -0.8202
vn 0.0784 0.5614 -0.8238
vn 0.2331 0.5921 -0.7714
vn 0.2332 0.5225 -0.8201
vn 0.1660 0.5191 -0.8385
vn -0.0000 0.5264 -0.8503
vn -0.0000 0.4732 -0.8810
vn -0.0000 0.4731 -0.8810
vn 0.0783 0.4717 -0.8783
vn -0.0000 0.4341 -0.9009
vn 0.0780 0.4328 -0.8981
vn 0.1403 0.4572 -0.8782
vn -0.0000 0.3827 -0.9239
vn -0.0779 0.3815 -0.9211
vn -0.0779 0.4328 -0.8981
vn -0.0780 0.3815 -0.9211
vn -0.2333 0.4490 -0.8625
vn -0.2333 0.3721 -0.8984
vn -0.2330 0.4491 -0.8626
vn -0.0783 0.4604 -0.8842
vn -0.1656 0.4666 -0.8688
vn -0.2336 0.2924 -0.9273
vn -0.2336 0.3720 -0.8983
vn -0.0781 0.3361 -0.9386
vn -0.1091 0.2989 -0.9480
vn -0.1527 0.2139 -0.9648
vn -0.0787 0.2357 -0.9686
vn -0.0786 0.2950 -0.9523
vn -0.2331 0.2105 -0.9494
vn -0.2330 0.2924 -0.9275
vn -0.3826 0.2000 -0.9020
vn -0.2330 0.2105 -0.9494
vn -0.3825 0.2779 -0.8812
vn -0.3825 0.3535 -0.8537
vn -0.5223 0.3263 -0.7879
vn -0.5220 0.2565 -0.8135
vn -0.5220 0.3264 -0.7880
vn -0.6493 0.3511 -0.6747
vn -0.6493 0.2911 -0.7027
vn -0.6489 0.3513 -0.6749
vn -0.5224 0.3938 -0.7563
vn -0.5223 0.3937 -0.7564
vn -0.5224 0.4582 -0.7191
vn -0.6491 0.4087 -0.6415
vn -0.6489 0.4088 -0.6417
vn -0.6492 0.4630 -0.6035
vn -0.7602 0.3955 -0.5155
vn -0.7599 0.3957 -0.5157
vn -0.7602 0.3491 -0.5479
vn -0.8523 0.3184 -0.4150
vn -0.7602 0.3490 -0.5479
vn -0.8523 0.2811 -0.4411
vn -0.9238 0.2331 -0.3038
vn -0.9239 0.2330 -0.3037
vn -0.8523 0.2810 -0.4411
vn -0.9238 0.2057 -0.3229
vn -0.8524 0.2415 -0.4639
vn -0.7601 0.3001 -0.5764
vn -0.7602 0.2999 -0.5763
vn -0.8522 0.2416 -0.4640
vn -0.8522 0.2002 -0.4834
vn -0.7601 0.2487 -0.6004
vn -0.7601 0.2487 -0.6003
vn -0.6492 0.2287 -0.7254
vn -0.6492 0.2911 -0.7027
vn -0.6495 0.2286 -0.7252
vn -0.7601 0.1954 -0.6197
vn -0.5225 0.1845 -0.8324
vn -0.5220 0.1846 -0.8327
vn -0.6495 0.1645 -0.7423
vn -0.5221 0.2565 -0.8134
vn -0.5225 0.1112 -0.8453
vn -0.6492 0.0993 -0.7541
vn -0.6492 0.1646 -0.7426
vn -0.5221 0.1114 -0.8456
vn -0.3824 0.0403 -0.9231
vn -0.3827 0.0403 -0.9230
vn -0.5221 0.0372 -0.8521
vn -0.3827 0.1205 -0.9160
vn -0.2332 0.0424 -0.9715
vn -0.2329 0.0424 -0.9716
vn -0.2329 0.1270 -0.9642
vn -0.3821 0.1207 -0.9162
vn -0.0785 -0.0155 -0.9968
vn -0.0785 0.0435 -0.9960
vn -0.1463 -0.0432 -0.9883
vn -0.2332 -0.0424 -0.9715
vn -0.2328 -0.1269 -0.9642
vn -0.0784 -0.1301 -0.9884
vn -0.2329 -0.0424 -0.9716
vn -0.0784 -0.0588 -0.9952
vn -0.3827 -0.1207 -0.9160
vn -0.3827 -0.0403 -0.9230
vn -0.2332 -0.1270 -0.9641
vn -0.3825 -0.0403 -0.9231
vn -0.0784 0.0435 -0.9960
vn -0.2331 0.1269 -0.9641
vn -0.0784 0.0888 -0.9930
vn -0.0952 0.1300 -0.9869
vn -0.5224 -0.0372 -0.8519
vn -0.5224 0.0372 -0.8519
vn -0.3822 0.2001 -0.9022
vn -0.9239 0.2585 -0.2821
vn -0.8523 0.3534 -0.3856
vn -0.7599 0.4392 -0.4793
vn -0.6493 0.4630 -0.6034
vn -0.5222 0.5192 -0.6766
vn -0.5222 0.4582 -0.7192
vn -0.5222 0.5191 -0.6766
vn -0.3824 0.4965 -0.7793
vn -0.3825 0.5625 -0.7330
vn -0.3823 0.4965 -0.7793
vn -0.2332 0.5225 -0.8202
vn -0.2331 0.5920 -0.7715
vn -0.3824 0.5625 -0.7331
vn -0.2330 0.5225 -0.8202
vn -0.3823 0.6243 -0.6812
vn -0.3830 0.6241 -0.6811
vn -0.2325 0.6570 -0.7171
vn -0.2326 0.5921 -0.7715
vn -0.0783 0.6069 -0.7909
vn -0.0794 0.6068 -0.7909
vn -0.0780 0.6735 -0.7351
vn -0.1144 0.6749 -0.7290
vn -0.2330 0.6569 -0.7171
vn -0.0795 0.6450 -0.7601
vn -0.0780 0.7210 -0.6885
vn -0.1522 0.7287 -0.6677
vn -0.2333 0.7169 -0.6569
vn -0.2331 0.7170 -0.6570
vn -0.0000 0.7527 -0.6584
vn -0.0000 0.7232 -0.6906
vn -0.0781 0.7504 -0.6564
vn -0.0000 0.7918 -0.6108
vn 0.0780 0.7894 -0.6090
vn 0.0780 0.7504 -0.6564
vn -0.0000 0.8180 -0.5752
vn 0.0788 0.8155 -0.5734
vn 0.0955 0.7898 -0.6059
vn 0.0787 0.8408 -0.5356
vn 0.0786 0.8408 -0.5357
vn 0.2334 0.7715 -0.5919
vn 0.2333 0.8201 -0.5225
vn 0.2332 0.7715 -0.5919
vn -0.0786 0.8155 -0.5733
vn -0.0781 0.7894 -0.6090
vn -0.0955 0.7898 -0.6059
vn -0.0000 0.8434 -0.5373
vn -0.3830 0.6810 -0.6241
vn -0.3826 0.6812 -0.6241
vn -0.0784 0.5613 -0.8239
vn -0.1405 0.5320 -0.8350
vn -0.0000 0.5631 -0.8264
vn -0.0783 0.5248 -0.8476
vn -0.3825 0.4266 -0.8195
vn -0.3824 0.4267 -0.8196
vn -0.3825 0.3535 -0.8536
vn -0.0786 0.1932 -0.9780
vn -0.0786 0.1327 -0.9880
vn -0.0000 0.3371 -0.9415
vn 0.2329 0.4491 -0.8626
vn 0.2333 0.4491 -0.8625
vn 0.2326 0.5920 -0.7716
vn 0.3826 0.7330 -0.5624
vn -0.0000 0.9199 -0.3921
vn 0.1480 0.9098 -0.3878
vn -0.0000 0.9362 -0.3516
vn 0.0778 0.9333 -0.3505
vn -0.0778 0.9333 -0.3505
vn -0.0788 0.9171 -0.3909
vn -0.1319 0.9158 -0.3794
vn -0.2326 0.8986 -0.3721
vn -0.2333 0.8984 -0.3722
vn -0.2333 0.9274 -0.2924
vn -0.3828 0.8535 -0.3535
vn -0.3828 0.8811 -0.2778
vn -0.3830 0.8810 -0.2778
vn -0.5217 0.8329 -0.1846
vn -0.5218 0.8136 -0.2565
vn -0.5225 0.8324 -0.1846
vn -0.3829 0.9019 -0.2000
vn -0.6492 0.7426 -0.1645
vn -0.6492 0.7541 -0.0993
vn -0.5225 0.8453 -0.1114
vn -0.6494 0.7540 -0.0993
vn -0.7601 0.6442 -0.0848
vn -0.7601 0.6491 -0.0284
vn -0.7602 0.6491 -0.0284
vn -0.6494 0.7597 -0.0332
vn -0.7602 0.6491 0.0284
vn -0.6493 0.7598 -0.0332
vn -0.6493 0.7598 0.0332
vn -0.7601 0.6492 0.0284
vn -0.8524 0.5185 0.0682
vn -0.8524 0.5225 0.0228
vn -0.8524 0.5184 0.0682
vn -0.7600 0.6443 0.0848
vn -0.7599 0.6445 0.0849
vn -0.7599 0.6346 0.1407
vn -0.8524 0.5105 0.1132
vn -0.8524 0.4987 0.1573
vn -0.9239 0.3737 0.0828
vn -0.9239 0.3650 0.1150
vn -0.9237 0.3653 0.1152
vn -0.9237 0.3539 0.1466
vn -0.9240 0.3532 0.1463
vn -0.8523 0.4832 0.2000
vn -0.8523 0.4988 0.1573
vn -0.8522 0.4834 0.2002
vn -0.7602 0.6003 0.2486
vn -0.7602 0.6196 0.1954
vn -0.7600 0.6199 0.1955
vn -0.6495 0.7423 0.1645
vn -0.6492 0.7426 0.1646
vn -0.7600 0.6346 0.1407
vn -0.6492 0.7541 0.0993
vn -0.5221 0.8456 0.1114
vn -0.5225 0.8454 0.1113
vn -0.5224 0.8325 0.1845
vn -0.6494 0.7539 0.0993
vn -0.6494 0.7597 0.0332
vn -0.5221 0.8520 0.0372
vn -0.5217 0.8523 0.0372
vn -0.7598 0.6007 0.2488
vn -0.7598 0.5766 0.3003
vn -0.8523 0.4640 0.2416
vn -0.8522 0.4641 0.2417
vn -0.8523 0.4412 0.2810
vn -0.9238 0.3396 0.1768
vn -0.9238 0.3229 0.2057
vn -0.9238 0.3230 0.2058
vn -0.9238 0.3038 0.2331
vn -0.8523 0.4411 0.2810
vn -0.9238 0.3037 0.2330
vn -0.9723 0.1856 0.1424
vn -0.9238 0.2822 0.2586
vn -0.9722 0.1725 0.1581
vn -0.9723 0.1725 0.1581
vn -0.9723 0.1580 0.1724
vn -0.9238 0.2586 0.2822
vn -0.9722 0.1581 0.1725
vn -0.9969 0.0529 0.0577
vn -0.9969 0.0476 0.0621
vn -0.9723 0.1424 0.1856
vn -0.9969 0.0420 0.0660
vn -0.9723 0.1257 0.1972
vn -0.9723 0.1424 0.1855
vn -0.9969 0.0361 0.0694
vn -0.9969 0.0299 0.0723
vn -0.9969 0.0361 0.0693
vn -0.0000 0.2928 0.9562
vn -0.0000 0.4502 0.8929
vn -0.0000 0.1270 0.9919
vn -0.9969 0.0169 0.0764
vn -0.9969 0.0102 0.0776
vn -0.9969 0.0235 0.0746
vn -0.9723 0.0703 0.2231
vn -0.9723 0.0703 0.2230
vn -0.9723 0.0506 0.2283
vn -0.9238 0.1151 0.3652
vn -0.9238 0.1151 0.3651
vn -0.9238 0.0828 0.3737
vn -0.9722 0.0506 0.2284
vn -0.8524 0.1572 0.4987
vn -0.8524 0.2001 0.4830
vn -0.9238 0.1465 0.3538
vn -0.8522 0.2002 0.4834
vn -0.7602 0.3000 0.5763
vn -0.8522 0.2416 0.4641
vn -0.7603 0.2487 0.6001
vn -0.7603 0.3491 0.5479
vn -0.6492 0.4087 0.6414
vn -0.6490 0.4088 0.6417
vn -0.8524 0.2415 0.4639
vn -0.9239 0.1767 0.3394
vn -0.9239 0.1465 0.3536
vn -0.9237 0.1768 0.3398
vn -0.9723 0.1080 0.2075
vn -0.9722 0.0895 0.2162
vn -0.9723 0.0895 0.2161
vn -0.9969 0.0235 0.0747
vn -0.9969 0.0299 0.0722
vn -0.9722 0.0305 0.2319
vn -0.9969 0.0102 0.0775
vn -0.9969 0.0034 0.0781
vn -0.9969 -0.0034 0.0782
vn -0.9969 -0.0034 0.0781
vn -0.0000 -0.2108 0.9775
vn -0.0000 -0.0422 0.9991
vn -0.9722 0.1080 0.2075
vn -0.0000 0.5948 0.8038
vn -0.0000 0.4501 0.8930
vn -0.0000 0.5948 0.8039
vn -0.9969 0.0577 0.0528
vn -0.9969 0.0577 0.0529
vn -0.9969 0.0621 0.0476
vn -0.9969 0.0621 0.0477
vn -0.9723 0.1972 0.1256
vn -0.9723 0.1855 0.1423
vn -0.9969 0.0660 0.0421
vn -0.9722 0.1973 0.1257
vn -0.9722 0.2076 0.1081
vn -0.9969 0.0694 0.0361
vn -0.9969 0.0660 0.0420
vn -0.0000 0.8284 0.5601
vn -0.0000 0.9111 0.4122
vn -0.0000 0.9964 0.0848
vn -0.9969 0.0764 0.0169
vn -0.9969 0.0775 0.0102
vn -0.9969 0.0776 0.0102
vn -0.9722 0.2320 0.0306
vn -0.9723 0.2319 0.0305
vn -0.9722 0.2284 0.0506
vn -0.9969 0.0746 0.0235
vn -0.9722 0.2232 0.0704
vn -0.9722 0.2285 0.0506
vn -0.9969 0.0723 0.0299
vn -0.9723 0.2161 0.0895
vn -0.9723 0.2231 0.0703
vn -0.9237 0.3798 0.0500
vn -0.9238 0.3796 0.0500
vn -0.9238 0.3738 0.0829
vn -0.9722 0.2337 0.0102
vn -0.9237 0.3827 0.0167
vn -0.9238 0.3825 0.0167
vn -0.8524 0.5224 -0.0228
vn -0.8523 0.5226 -0.0228
vn -0.9238 0.3826 -0.0167
vn -0.8523 0.5226 0.0228
vn -0.8524 0.5185 -0.0682
vn -0.9237 0.3798 -0.0500
vn -0.9237 0.3827 -0.0167
vn -0.8525 0.5183 -0.0682
vn -0.8524 0.5104 -0.1132
vn -0.7600 0.6345 -0.1407
vn -0.7598 0.6347 -0.1407
vn -0.7598 0.6446 -0.0848
vn -0.6495 0.7424 -0.1646
vn -0.6494 0.7252 -0.2286
vn -0.7600 0.6198 -0.1954
vn -0.6495 0.7252 -0.2286
vn -0.5223 0.7878 -0.3264
vn -0.6495 0.7025 -0.2910
vn -0.5215 0.8138 -0.2565
vn -0.5215 0.7883 -0.3264
vn -0.6494 0.7025 -0.2910
vn -0.7602 0.6002 -0.2487
vn -0.7602 0.6196 -0.1954
vn -0.7597 0.6008 -0.2488
vn -0.8523 0.4832 -0.2001
vn -0.8523 0.4988 -0.1573
vn -0.8524 0.4987 -0.1573
vn -0.9238 0.3737 -0.0829
vn -0.9238 0.3651 -0.1151
vn -0.9238 0.3738 -0.0829
vn -0.8524 0.5105 -0.1132
vn -0.9723 0.2284 -0.0506
vn -0.9723 0.2319 -0.0306
vn -0.9238 0.3796 -0.0500
vn -0.9722 0.2320 -0.0305
vn -0.9969 0.0775 -0.0102
vn -0.9722 0.2338 -0.0102
vn -0.9969 0.0781 -0.0034
vn -0.9969 0.0781 0.0034
vn -0.9723 0.2337 0.0102
vn -0.9723 0.2337 -0.0102
vn -0.9969 0.0776 -0.0102
vn -0.9969 0.0764 -0.0169
vn -0.9969 0.0746 -0.0235
vn -0.9722 0.2285 -0.0506
vn -0.9722 0.2232 -0.0704
vn -0.9723 0.2230 -0.0703
vn -0.9237 0.3539 -0.1465
vn -0.9237 0.3653 -0.1151
vn -0.9240 0.3532 -0.1464
vn -0.9723 0.2160 -0.0895
vn -0.9240 0.3391 -0.1766
vn -0.8522 0.4640 -0.2416
vn -0.8522 0.4834 -0.2001
vn -0.9238 0.3396 -0.1767
vn -0.9238 0.3229 -0.2057
vn -0.8522 0.4413 -0.2811
vn -0.8523 0.4411 -0.2810
vn -0.9722 0.2077 -0.1081
vn -0.9722 0.2163 -0.0896
vn -0.9969 0.0723 -0.0299
vn -0.0000 0.9678 -0.2517
vn -0.0000 0.9111 -0.4123
vn -0.0000 0.9964 -0.0848
vn -0.0000 -0.9681 0.2505
vn -0.0000 -0.9109 0.4126
vn -0.0000 -0.9109 0.4125
vn -0.0000 0.9114 -0.4114
vn -0.0000 0.8282 -0.5604
vn -0.0000 0.7227 -0.6911
vn -0.0000 -0.8283 0.5602
vn -0.0000 -0.7221 0.6918
vn -0.0000 -0.5944 0.8041
vn -0.0000 -0.5945 0.8041
vn -0.0000 -0.4502 0.8929
vn -0.0000 0.2937 -0.9559
vn -0.0000 0.1258 -0.9921
vn -0.0000 -0.0418 -0.9991
vn -0.0000 0.2103 0.9776
vn -0.0000 0.0426 0.9991
vn -0.0000 0.0427 0.9991
vn -0.0000 0.2104 0.9776
vn -0.0000 -0.2105 -0.9776
vn -0.0000 -0.0425 -0.9991
vn -0.0000 -0.0426 -0.9991
vn -0.9969 -0.0102 -0.0776
vn -0.9969 -0.0034 -0.0781
vn -0.9969 -0.0102 -0.0775
vn -0.9722 -0.0305 -0.2320
vn -0.9722 -0.0102 -0.2338
vn -0.9969 -0.0034 -0.0782
vn -0.9969 0.0034 -0.0781
vn -0.9723 -0.0102 -0.2337
vn -0.9723 0.0102 -0.2337
vn -0.9722 0.0102 -0.2338
vn -0.9722 0.0305 -0.2320
vn -0.9969 0.0102 -0.0775
vn -0.9969 0.0169 -0.0764
vn -0.0000 0.1270 -0.9919
vn -0.0000 0.2928 -0.9562
vn -0.0000 0.4501 -0.8930
vn -0.0000 -0.2933 0.9560
vn -0.0000 -0.1265 0.9920
vn -0.0000 -0.1264 0.9920
vn -0.0000 -0.4504 0.8928
vn -0.0000 -0.2932 0.9561
vn -0.0000 0.4502 -0.8929
vn -0.0000 0.5948 -0.8038
vn -0.9969 0.0361 -0.0694
vn -0.9969 0.0420 -0.0660
vn -0.9969 0.0299 -0.0722
vn -0.9969 0.0299 -0.0723
vn -0.9723 0.0703 -0.2231
vn -0.9969 0.0235 -0.0746
vn -0.9722 0.0704 -0.2231
vn -0.9722 0.0895 -0.2162
vn -0.9723 0.0506 -0.2284
vn -0.9238 0.0829 -0.3738
vn -0.9238 0.1151 -0.3651
vn -0.9239 0.0828 -0.3736
vn -0.9238 0.0500 -0.3795
vn -0.9723 0.0305 -0.2319
vn -0.9722 0.0506 -0.2285
vn -0.9238 0.0167 -0.3824
vn -0.8523 0.0228 -0.5225
vn -0.8523 0.0683 -0.5185
vn -0.8524 0.0228 -0.5224
vn -0.8523 -0.0228 -0.5225
vn -0.9238 -0.0167 -0.3824
vn -0.8524 -0.0228 -0.5224
vn -0.8524 -0.0683 -0.5185
vn -0.7600 -0.0848 -0.6444
vn -0.7600 -0.0284 -0.6494
vn -0.8523 -0.0683 -0.5185
vn -0.8523 -0.1132 -0.5106
vn -0.7600 -0.1407 -0.6345
vn -0.7598 -0.1407 -0.6347
vn -0.6495 -0.2286 -0.7252
vn -0.6495 -0.1646 -0.7423
vn -0.7598 -0.1954 -0.6200
vn -0.6492 -0.2287 -0.7255
vn -0.6492 -0.2911 -0.7027
vn -0.5223 -0.3263 -0.7878
vn -0.5219 -0.3264 -0.7881
vn -0.5220 -0.2565 -0.8135
vn -0.5223 -0.3938 -0.7564
vn -0.3825 -0.3535 -0.8536
vn -0.3825 -0.4267 -0.8195
vn -0.3824 -0.4267 -0.8196
vn -0.5224 -0.4582 -0.7192
vn -0.5224 -0.3938 -0.7563
vn -0.3824 -0.4965 -0.7793
vn -0.3820 -0.4965 -0.7794
vn -0.6492 -0.3512 -0.6746
vn -0.7601 -0.2487 -0.6003
vn -0.7601 -0.1954 -0.6197
vn -0.8524 -0.1132 -0.5105
vn -0.8524 -0.1573 -0.4987
vn -0.8524 -0.1573 -0.4988
vn -0.9238 -0.1151 -0.3651
vn -0.9239 -0.0828 -0.3737
vn -0.9238 -0.0828 -0.3737
vn -0.9239 -0.1151 -0.3650
vn -0.9722 -0.0506 -0.2284
vn -0.9723 -0.0506 -0.2283
vn -0.9723 -0.0704 -0.2231
vn -0.9969 -0.0169 -0.0764
vn -0.9722 -0.0704 -0.2232
vn -0.9969 -0.0235 -0.0747
vn -0.9969 -0.0235 -0.0746
vn -0.9969 -0.0299 -0.0723
vn -0.9969 -0.0361 -0.0694
vn -0.9722 -0.0896 -0.2162
vn -0.9722 -0.0896 -0.2163
vn -0.9238 -0.0500 -0.3795
vn -0.9239 -0.0500 -0.3795
vn -0.9969 0.0169 -0.0763
vn -0.0000 -0.3731 -0.9278
vn -0.0000 -0.5238 -0.8519
vn -0.0000 0.5942 -0.8043
vn -0.0000 0.5943 -0.8043
vn -0.0000 0.7220 -0.6919
vn -0.0000 0.7228 -0.6911
vn -0.0000 0.9677 -0.2520
vn -0.0000 -0.9963 0.0854
vn -0.9722 0.2162 0.0896
vn -0.9723 0.1257 0.1973
vn -0.9240 0.3392 0.1765
vn -0.5218 0.8522 -0.0372
vn -0.5221 0.8521 -0.0372
vn -0.5221 0.8456 -0.1113
vn -0.3825 0.8536 -0.3535
vn -0.5223 0.7564 -0.3938
vn -0.9239 0.2821 -0.2586
vn -0.9722 0.1424 -0.1856
vn -0.3821 -0.1206 -0.9162
vn -0.3827 -0.3535 -0.8535
vn -0.0786 -0.2158 -0.9733
vn -0.0786 -0.1630 -0.9835
vn -0.1487 -0.1190 -0.9817
vn -0.0000 -0.2165 -0.9763
vn -0.2334 -0.4490 -0.8625
vn 0.0781 -0.3649 -0.9277
vn 0.3826 -0.2779 -0.8812
vn 0.5221 -0.2565 -0.8134
vn 0.5221 -0.3264 -0.7880
vn 0.3826 -0.1999 -0.9020
vn 0.2333 0.3721 -0.8984
vn 0.5222 -0.2565 -0.8133
vn 0.7601 -0.0284 -0.6492
vn 0.7598 -0.1407 -0.6347
vn 0.5221 -0.5763 -0.6288
vn 0.9723 -0.1855 -0.1424
vn 0.9238 -0.3396 -0.1767
vn -0.0000 -0.6227 -0.7824
vn -0.7602 -0.3491 -0.5480
vn -0.0000 -0.6611 -0.7503
vn -0.0000 -0.6610 -0.7504
vn -0.0000 0.7224 0.6915
vn -0.0000 -0.2933 -0.9560
vn -0.8524 -0.1572 0.4988
vn -0.9238 -0.0500 0.3795
vn -0.5222 0.1113 0.8455
vn -0.3825 -0.0403 0.9231
vn -0.3827 -0.0403 0.9230
vn -0.3825 0.2000 0.9020
vn -0.2327 0.2105 0.9495
vn -0.2330 0.2105 0.9494
vn 0.2327 0.1270 0.9642
vn 0.2336 0.3720 0.8983
vn -0.6492 0.4630 0.6035
vn -0.6494 0.6033 0.4629
vn -0.6494 0.5607 0.5137
vn -0.3829 0.8535 0.3535
vn -0.0777 0.9508 0.2999
vn -0.0777 0.9334 0.3504
vn -0.1480 0.9098 0.3878
vn -0.0000 0.9537 0.3008
vn 0.3828 0.9019 0.2000
vn 0.2333 0.7169 0.6569
vn 0.5226 0.8323 0.1846
vn 0.5219 0.8328 0.1845
vn 0.7601 0.5763 0.3001
vn 0.7600 0.6199 0.1954
vn 0.9722 0.2233 0.0704
vn -0.0000 0.9779 -0.2089
vn 0.0781 0.9749 -0.2083
vn 0.9969 0.0723 -0.0300
vn 0.9969 0.0723 -0.0299
vn 0.8522 0.4834 -0.2002
vn 0.5217 0.7881 -0.3265
vn 0.9238 0.2822 -0.2586
vt 1.246832 0.542252
vt 0.260278 0.705747
vt 1.243230 0.500004
vt 0.500004 -2.250005
vt 0.500004 -2.500005
vt 0.542252 -2.250005
vt 0.457749 -2.500005
vt 0.243230 0.500004
vt 1.246832 0.457749
vt 0.457749 -2.250005
vt 0.260278 0.294260
vt 0.705747 -2.250005
vt 0.603226 -0.745733
vt 0.500004 -0.750005
vt 0.294260 -2.250005
vt 1.257513 0.416721
vt 0.310961 0.094126
vt 0.094126 -2.250005
vt 0.294260 -0.732965
vt 0.396775 -0.745733
vt 1.274975 0.378080
vt 0.378080 -2.250005
vt 0.378080 -2.500005
vt 0.416721 -2.250005
vt 0.416721 -2.500005
vt 0.141778 -0.150826
vt 0.059875 0.057871
vt 0.057871 -2.500005
vt 0.057871 -0.933367
vt 0.166221 -0.962396
vt 0.276438 -2.500005
vt -0.150826 -2.500005
vt -0.048013 -0.896307
vt 0.009985 0.276438
vt -0.006770 0.500004
vt 0.387907 -0.995818
vt 0.276438 -0.983245
vt 0.030840 0.166221
vt -3.006763 0.057871
vt -3.006763 0.276438
vt -0.002570 0.387907
vt -0.094936 -0.599346
vt -0.150826 -0.851470
vt -3.006763 -0.150826
vt 0.094126 -0.682281
vt 0.446777 -0.183688
vt -3.006763 -0.094936
vt -3.006763 -0.267763
vt -0.267763 -0.486431
vt 0.348516 -0.002120
vt -3.006763 0.094126
vt 0.393890 -0.094936
vt -0.183688 -0.546466
vt -0.267763 -2.250005
vt 0.506811 -0.267763
vt 1.328069 0.312333
vt 0.646630 -0.419656
vt 1.298724 0.342948
vt -0.419656 -2.250005
vt -0.094936 -2.250005
vt -0.002120 -0.644720
vt 0.193150 -0.711749
vt 0.281481 0.193150
vt -3.006763 0.294260
vt 0.247503 0.396775
vt -3.006763 0.500004
vt 0.500004 -1.000005
vt -0.002570 0.612095
vt -3.006763 0.723563
vt 0.723563 -0.983245
vt 0.009985 0.723563
vt 0.030840 0.833787
vt 0.705747 -0.732965
vt 0.942136 -0.933367
vt -3.006763 0.942136
vt 0.833787 -0.962396
vt 0.942136 -2.500005
vt 0.059875 0.942136
vt 1.274975 0.621928
vt 0.141778 1.150828
vt 1.150828 -2.500005
vt 1.257513 0.583286
vt 0.723563 -2.500005
vt 0.621928 -2.250005
vt 0.583286 -2.500005
vt 0.621928 -2.500005
vt 0.657059 -2.250005
vt 0.657059 -2.500005
vt 0.253875 1.344981
vt 1.298724 0.657059
vt 1.150828 -0.851470
vt 1.250004 -0.799053
vt 1.344981 -2.500005
vt 1.344981 -0.739361
vt 1.520261 -2.500005
vt 0.393658 1.520261
vt 1.328069 0.687669
vt 0.558001 1.672752
vt 0.558001 -2.500005
vt 0.393658 -2.500005
vt 0.393658 -0.599591
vt 1.435239 -0.672759
vt 1.520261 -0.599591
vt 0.687669 -2.250005
vt 0.687669 -2.500005
vt 1.328069 -2.250005
vt 1.328069 -2.500005
vt 1.362157 -2.250005
vt 1.362157 -2.500005
vt 1.362157 0.712882
vt 1.400024 -2.250005
vt 1.400024 -2.500005
vt 0.743230 1.799039
vt 1.400024 0.731974
vt 0.945220 1.896317
vt 0.945220 -2.500005
vt 0.743230 -2.500005
vt 0.743230 -0.250006
vt 0.648254 -0.344988
vt 0.558001 -0.435247
vt -3.006763 -0.435247
vt -3.006763 -0.250006
vt 1.799039 -0.250006
vt 1.672752 -0.435247
vt 1.419657 -0.346612
vt 0.842406 -0.150836
vt 1.546458 -0.183685
vt 1.896317 -0.048016
vt -3.006763 -0.048016
vt 0.945220 -0.048016
vt 1.051104 0.057868
vt 1.159454 -2.500005
vt 1.440563 0.744389
vt 1.159454 1.962394
vt 1.482623 0.749778
vt 1.381139 1.995805
vt 1.381139 -2.500005
vt 1.159454 0.166218
vt 1.269671 0.276435
vt -3.006763 0.166218
vt 1.711753 0.193146
vt 1.995805 0.387897
vt 1.962394 0.166218
vt -3.006763 0.387897
vt 1.644718 -0.002117
vt -3.006763 0.193146
vt -3.006763 -0.002117
vt 0.991119 -0.002117
vt -3.006763 -0.183685
vt 0.809545 -0.183685
vt 0.898296 -0.094940
vt 0.809545 -2.250005
vt 0.991119 -2.250005
vt 0.991119 1.644718
vt 0.809545 1.546458
vt 1.186376 1.711753
vt 1.186376 -2.250005
vt 1.087359 0.094111
vt 1.186376 0.193146
vt 1.287487 0.294257
vt -3.006763 0.396760
vt 1.390008 -2.250005
vt 1.390008 0.396760
vt 1.390008 0.603217
vt 1.493230 0.499994
vt 1.596453 3.249995
vt 1.596453 -2.250005
vt 1.524987 0.747977
vt 1.596453 1.745731
vt 1.566436 0.739042
vt 1.390008 1.745731
vt 1.800091 1.711753
vt 1.390008 3.249995
vt 1.800091 3.249995
vt 1.800091 -2.250005
vt 1.995354 3.249995
vt 1.605785 0.723234
vt 1.995354 1.644718
vt 1.641894 3.499995
vt 1.605785 3.249995
vt 1.641894 3.249995
vt 1.605785 3.499995
vt 1.566436 3.249995
vt 1.641894 0.701005
vt 1.673717 3.499995
vt 2.176922 1.546458
vt 1.673717 0.672990
vt 1.673717 3.249995
vt 2.592809 1.520261
vt 2.732592 1.344981
vt 1.700365 0.640000
vt 0.672990 3.499995
vt 0.672990 3.249995
vt 0.640000 3.499995
vt 2.844689 1.150828
vt 0.640000 3.249995
vt 0.602976 3.499995
vt 1.721038 0.602976
vt 2.339837 1.419657
vt 0.602976 3.249995
vt 2.479656 1.267765
vt 1.419657 3.249995
vt 1.419657 -2.250005
vt 1.267765 3.249995
vt 1.267765 -2.250005
vt 1.094938 3.249995
vt 2.592571 1.094938
vt 1.735168 0.562992
vt 2.675506 0.905875
vt 1.094938 -2.250005
vt 0.905875 3.249995
vt 1.742333 0.521207
vt 2.726183 0.705747
vt 0.905875 -2.250005
vt 0.705747 3.249995
vt 0.500004 3.249995
vt 2.743237 0.500004
vt 1.742333 0.478800
vt 0.294260 3.249995
vt 2.726183 0.294260
vt 0.437009 3.499995
vt 0.478800 3.249995
vt 0.437009 3.249995
vt 0.478800 3.499995
vt 0.521207 3.249995
vt 1.735168 0.437009
vt 0.397025 3.499995
vt 2.675506 0.094126
vt 1.721038 0.397025
vt 0.397025 3.249995
vt 2.844689 -0.150826
vt 2.732592 -0.344979
vt 1.700365 0.360014
vt 0.360014 3.499995
vt 2.592809 -0.520260
vt 0.360014 3.249995
vt 0.327018 3.499995
vt 1.673717 0.327018
vt 2.592571 -0.094936
vt 0.327018 3.249995
vt 2.479656 -0.267763
vt -0.094936 3.249995
vt -0.267763 3.249995
vt -0.419656 3.249995
vt 2.339837 -0.419656
vt 2.339837 3.249995
vt 2.339837 -2.250005
vt 2.176922 3.249995
vt 1.641894 0.298997
vt 2.176922 -0.546456
vt 1.605785 0.276774
vt 1.995354 -0.644717
vt 1.566436 0.260960
vt 1.566436 3.499995
vt 1.605328 -0.995803
vt 1.827019 -0.962392
vt 1.524987 0.252024
vt 1.524987 3.499995
vt 2.041241 -0.896304
vt 1.827019 -2.500005
vt 1.827019 3.499995
vt 1.605328 3.499995
vt 2.041241 -2.500005
vt 2.041241 3.499995
vt 1.605328 -2.500005
vt 1.524987 -2.250005
vt 1.566436 -2.500005
vt 1.524987 -2.500005
vt 1.482623 -2.250005
vt 1.482623 -2.500005
vt 1.482623 0.250224
vt 1.440563 -2.250005
vt 1.440563 -2.500005
vt 1.381139 -0.995803
vt 1.440563 0.255613
vt 1.381139 0.387897
vt 1.159454 -0.962392
vt 1.400024 0.268027
vt 0.945220 -0.896304
vt -0.745730 0.396760
vt -0.962392 0.166218
vt -0.995803 0.387897
vt -0.711746 0.193146
vt -0.896304 -0.048016
vt -3.006763 0.603217
vt -0.745730 0.603217
vt 1.390008 -0.745730
vt 1.596453 -0.745730
vt 1.186376 -0.711746
vt 1.287487 0.705744
vt 1.186376 3.249995
vt 0.991119 -0.644717
vt 1.087359 0.905866
vt 0.991119 3.249995
vt 1.186376 0.806855
vt 1.400024 3.499995
vt 1.440563 3.249995
vt 1.400024 3.249995
vt 1.362157 3.499995
vt 1.362157 3.249995
vt 1.362157 0.287119
vt 0.743230 -0.799038
vt 1.440563 3.499995
vt 1.482623 3.499995
vt 1.482623 3.249995
vt 1.524987 3.249995
vt 1.269671 0.723554
vt 1.381139 3.499995
vt 1.159454 0.833771
vt 1.159454 3.499995
vt 1.381139 0.612092
vt -3.006763 0.612092
vt -3.006763 0.833771
vt 1.051104 0.942121
vt -3.006763 1.048005
vt -0.644717 1.002106
vt -0.962392 0.833771
vt -0.896304 1.048005
vt -0.711746 0.806855
vt -0.995803 0.612092
vt -3.006763 0.806855
vt -3.006763 1.002106
vt 0.991119 1.002106
vt -0.546456 1.183674
vt -3.006763 1.183674
vt 0.809545 1.183674
vt 0.898296 1.094929
vt 0.809545 3.249995
vt 0.809545 -0.546456
vt 0.725469 1.267756
vt 0.646630 3.249995
vt 0.342948 3.499995
vt 0.312333 3.249995
vt 0.342948 3.249995
vt 0.312333 3.499995
vt 1.328069 3.499995
vt 1.328069 3.249995
vt 0.378080 3.499995
vt 0.378080 3.249995
vt 0.253875 -0.344979
vt 0.416721 3.499995
vt 0.393658 -0.520260
vt -0.344979 3.499995
vt -0.344979 1.739350
vt -0.520260 3.499995
vt -0.150826 1.851447
vt -0.250002 1.799030
vt -0.150826 3.499995
vt -3.006763 -0.344979
vt 0.194195 -0.250002
vt -0.435232 1.672748
vt 0.320489 -0.435232
vt -3.006763 -0.520260
vt -0.094936 1.599335
vt -0.267763 1.486420
vt -0.520260 1.599579
vt 0.094126 1.682270
vt 0.094126 3.249995
vt -0.002120 1.644709
vt -0.183688 1.546454
vt -0.346603 1.419648
vt -3.006763 -0.419656
vt 0.573577 -0.346603
vt 0.646630 1.346601
vt 0.573577 1.419648
vt -3.006763 1.346601
vt -0.419656 1.346601
vt -0.672744 1.435236
vt -0.799038 1.249995
vt -3.006763 1.249995
vt 0.648254 1.344977
vt -3.006763 1.435236
vt 0.842406 1.150825
vt 0.743230 1.249995
vt 0.945220 3.499995
vt 0.945220 1.048005
vt 0.743230 3.499995
vt 0.558001 1.435236
vt 0.558001 3.499995
vt 0.472973 1.520246
vt 0.393658 1.599579
vt -3.006763 1.599579
vt 0.393658 3.499995
vt 0.558001 -0.672744
vt 0.416721 3.249995
vt 0.457749 3.499995
vt 0.457749 3.249995
vt 0.500004 3.499995
vt 0.387907 1.995807
vt 0.276438 3.499995
vt 0.500004 1.999995
vt 0.276438 1.983234
vt 0.057871 3.499995
vt 0.612095 1.995807
vt 0.905875 1.682270
vt 0.723563 1.983234
vt 0.942136 1.933344
vt 0.705747 1.732941
vt 0.723563 3.499995
vt 0.833787 1.962385
vt 0.942136 3.499995
vt -3.006763 1.150828
vt 0.096923 1.048014
vt 1.048014 1.896308
vt 1.094938 1.599335
vt 1.150828 1.851447
vt 1.267765 1.486420
vt 1.344981 1.739350
vt -3.006763 1.344981
vt 0.194195 1.250004
vt -3.006763 1.520261
vt 1.520261 1.599579
vt 0.320489 1.435239
vt 1.419657 1.346601
vt 1.672752 1.435236
vt 1.435239 1.672748
vt 1.344981 3.499995
vt 1.520261 3.499995
vt 0.657059 3.499995
vt 0.657059 3.249995
vt 0.687669 3.499995
vt 0.621928 3.499995
vt 0.621928 3.249995
vt 0.687669 3.249995
vt 0.393890 1.094938
vt 0.506811 1.267765
vt 1.183689 1.546454
vt 0.646630 1.419657
vt 1.346604 1.419648
vt 1.605328 1.995805
vt 1.827019 1.962394
vt 1.711753 0.806855
vt 1.962394 0.833771
vt 1.745731 0.603217
vt 1.995805 0.612092
vt 1.745731 0.396760
vt 1.896317 1.048005
vt 1.644718 1.002106
vt 1.799039 1.249995
vt 1.546458 1.183674
vt 2.041241 1.896317
vt 2.243230 3.499995
vt 2.243230 1.799039
vt 2.243230 -2.500005
vt 2.428472 3.499995
vt 2.428472 1.672752
vt 2.428472 -2.500005
vt 2.592809 3.499995
vt 2.592809 -2.500005
vt 1.673717 -2.250005
vt 1.641894 -2.500005
vt 1.673717 -2.500005
vt 0.672990 -2.250005
vt 0.672990 -2.500005
vt 0.640000 -2.250005
vt 0.640000 -2.500005
vt 0.602976 -2.250005
vt 0.602976 -2.500005
vt 1.150828 3.499995
vt 2.926592 0.942136
vt 2.976482 0.723563
vt 0.521207 -2.250005
vt 0.562992 -2.500005
vt 0.521207 -2.500005
vt 0.478800 -2.250005
vt 0.478800 -2.500005
vt 2.993237 0.500004
vt 2.976482 0.276438
vt 2.926592 0.057871
vt 0.397025 -2.250005
vt 0.437009 -2.500005
vt 0.397025 -2.500005
vt 0.360014 -2.250005
vt 0.360014 -2.500005
vt 0.327018 -2.250005
vt 0.327018 -2.500005
vt -0.344979 -2.500005
vt -0.520260 -2.500005
vt 2.428472 -0.672744
vt 2.243230 -0.799038
vt 1.605785 -2.250005
vt 1.605785 -2.500005
vt 1.566436 -2.250005
vt 1.800091 -0.711746
vt 1.995354 -2.250005
vt 2.176922 -2.250005
vt 1.641894 -2.250005
vt 0.437009 -2.250005
vt 0.521207 3.499995
vt 0.562992 3.499995
vt 0.562992 3.249995
vt 0.562992 -2.250005
vt 0.573577 1.346604
vt -3.006763 1.267765
vt -3.006763 1.419657
vt 0.446777 1.183689
vt -3.006763 1.094938
vt 0.348516 1.002122
vt 1.002122 1.644709
vt -3.006763 0.905875
vt 0.310961 0.905875
vt 0.281481 0.806858
vt 0.806858 1.711750
vt 0.603226 1.745722
vt 0.500004 1.749995
vt 0.583286 3.499995
vt 0.542252 3.249995
vt 0.583286 3.249995
vt 0.542252 3.499995
vt 0.396775 1.745722
vt 0.294260 1.732941
vt 0.193150 1.711750
vt 0.057871 1.933344
vt 0.247503 0.603226
vt -3.006763 0.705747
vt 0.096923 -0.048013
vt -0.048013 1.896308
vt 0.166221 1.962385
vt 1.250004 1.799030
vt -0.644717 -0.002117
vt -0.799038 -0.250006
vt -0.546456 -0.183685
vt 0.725469 -0.267767
vt 0.646630 -0.346612
vt -3.006763 -0.346612
vt -0.419656 -0.346612
vt -0.672744 -0.435247
vt -0.520260 -0.599591
vt 0.646630 -2.250005
vt 0.573577 -0.419659
vt -0.346603 -0.419659
vt -3.006763 -0.599591
vt -0.344979 -0.739361
vt -0.435232 -0.672759
vt 0.472973 -0.520269
vt 0.312333 -2.250005
vt 0.312333 -2.500005
vt 0.342948 -2.250005
vt 0.342948 -2.500005
vt -0.250002 -0.799053
vt 1.346604 -0.419659
vt 1.267765 -0.486431
vt 1.183689 -0.546466
vt 1.094938 -0.599346
vt 0.905875 -0.682281
vt 1.048014 -0.896307
vt 1.002122 -0.644720
vt 0.806858 -0.711749
vt 0.542252 -2.500005
vt 0.583286 -2.250005
vt 0.612095 -0.995818
vt 2.532090 0.608783
vt 5.432084 0.608783
vt 2.532090 0.499841
vt 2.516441 0.608673
vt 5.432084 0.653448
vt 2.532090 0.653448
vt 2.501182 0.608356
vt 2.501182 0.716052
vt 2.516441 0.716681
vt 2.532090 0.716900
vt 2.516441 0.499841
vt 2.486686 0.607831
vt 2.486686 0.715008
vt 2.501182 0.499841
vt 2.501182 0.391321
vt 2.486686 0.499841
vt 2.516441 0.391003
vt 2.516441 0.282995
vt 2.501182 0.283624
vt 2.486686 0.391846
vt 2.516441 0.176636
vt 2.501182 0.177582
vt 2.486686 0.284668
vt 2.516441 0.072735
vt 2.532090 0.072314
vt 2.532090 0.176312
vt 2.532090 0.282782
vt 2.532090 0.194946
vt 5.432084 0.194946
vt 5.432084 0.176312
vt 5.447733 0.176636
vt 5.432084 0.072314
vt 5.447733 0.072735
vt 5.462992 0.073993
vt 5.447733 0.282995
vt 5.462992 0.177582
vt 5.462992 -0.026367
vt 5.477488 -0.023828
vt 5.477488 0.076044
vt 5.490861 -0.020362
vt 5.477488 -0.119715
vt 5.490861 -0.115613
vt 5.502793 -0.110517
vt 5.490861 -0.206177
vt -0.115613 -0.563492
vt -0.200336 -0.497452
vt -0.206177 -0.505790
vt -0.110517 -0.554667
vt -0.193488 -0.487675
vt -0.284821 -0.432621
vt -0.277149 -0.423478
vt -0.268549 -0.413224
vt -0.354895 -0.352238
vt -0.345435 -0.342777
vt -0.335181 -0.332523
vt -0.415888 -0.265897
vt -0.404785 -0.256571
vt -0.393097 -0.246769
vt -0.467499 -0.174845
vt -0.454999 -0.166080
vt -0.442188 -0.157120
vt -0.496094 -0.072501
vt -0.509638 -0.080326
vt -0.381116 -0.236710
vt 0.499841 0.502499
vt -0.313330 -0.310673
vt -0.324396 -0.321732
vt -0.249426 -0.390433
vt -0.259229 -0.402128
vt -0.239368 -0.378458
vt -0.177503 -0.464847
vt -0.168750 -0.452335
vt -0.159772 -0.439530
vt -0.075159 -0.493436
vt -0.082984 -0.506986
vt 0.000769 -0.567753
vt 0.007214 -0.553934
vt -0.090613 -0.520194
vt -0.005359 -0.580912
vt -0.097864 -0.532743
vt -0.011011 -0.593033
vt -0.104547 -0.544327
vt -0.185816 -0.476713
vt -0.016052 -0.603837
vt 5.490861 0.078845
vt 5.502793 0.082330
vt 5.502793 -0.016052
vt 0.082330 -0.644596
vt 5.490861 0.181262
vt 0.183893 -0.676615
vt 0.086413 -0.633378
vt 5.502793 0.183893
vt 5.490861 0.286096
vt 5.502793 0.287866
vt 0.287866 -0.699662
vt 0.186981 -0.665092
vt 0.289935 -0.687919
vt 0.190448 -0.652164
vt 0.090991 -0.620804
vt 0.095947 -0.607194
vt 0.194201 -0.638163
vt 0.101166 -0.592850
vt 0.292261 -0.674735
vt 0.294775 -0.660465
vt 0.198144 -0.623429
vt 0.202197 -0.608317
vt 0.106518 -0.578153
vt 0.297424 -0.645438
vt 0.300140 -0.630033
vt 0.396918 -0.673917
vt 0.398248 -0.658719
vt 0.399609 -0.643119
vt 0.499841 -0.647501
vt 0.499841 -0.663151
vt 0.601434 -0.658719
vt 0.602759 -0.673917
vt 0.499841 -0.678409
vt 0.604022 -0.688346
vt 0.499841 -0.692899
vt 0.605194 -0.701676
vt 0.499841 -0.706278
vt 0.395654 -0.688346
vt 0.394482 -0.701676
vt 0.499841 -0.718217
vt 0.393445 -0.713566
vt 5.490861 0.499841
vt 5.502793 0.499841
vt 5.502793 0.393445
vt 5.490861 0.392560
vt 5.477488 0.499841
vt 5.477488 0.391846
vt 5.462992 0.499841
vt 5.462992 0.391321
vt 5.477488 0.284668
vt 5.462992 0.283624
vt 5.477488 0.179138
vt 5.447733 0.391003
vt 5.432084 0.282782
vt 5.432084 0.346228
vt 5.432084 0.390893
vt 5.432084 0.499841
vt 5.447733 0.499841
vt 2.532090 0.390893
vt 2.532090 0.346228
vt 5.447733 0.608673
vt 5.447733 0.716681
vt 5.462992 0.608356
vt 5.462992 0.716052
vt 5.477488 0.607831
vt 5.477488 0.715008
vt 5.490861 0.607117
vt 5.490861 0.713586
vt 5.502793 0.606232
vt 5.502793 0.711816
vt 0.711816 -0.699662
vt 0.606232 -0.713566
vt 5.490861 0.818420
vt 5.502793 0.815784
vt 0.815784 -0.676615
vt 0.709741 -0.687919
vt 0.812695 -0.665092
vt 0.707422 -0.674735
vt 0.809234 -0.652164
vt 0.704901 -0.660465
vt 0.805475 -0.638163
vt 0.702252 -0.645438
vt 0.801532 -0.623429
vt 0.699536 -0.630033
vt 0.600067 -0.643119
vt 0.797485 -0.608317
vt 0.893158 -0.578153
vt 0.898511 -0.592850
vt 0.998913 -0.567753
vt 0.903729 -0.607194
vt 0.992462 -0.553934
vt 0.985852 -0.539750
vt 1.082660 -0.506986
vt 1.090289 -0.520194
vt 1.074841 -0.493436
vt 1.168426 -0.452335
vt 1.177179 -0.464847
vt 1.159448 -0.439530
vt 1.258905 -0.402128
vt 1.249103 -0.390433
vt 1.239044 -0.378458
vt 1.313012 -0.310673
vt 1.324072 -0.321732
vt 1.404462 -0.256571
vt 1.392773 -0.246769
vt 1.334863 -0.332523
vt 1.415564 -0.265897
vt 1.345111 -0.342777
vt 1.425818 -0.274491
vt 1.354571 -0.352238
vt 1.268231 -0.413224
vt 1.276825 -0.423478
vt 1.185492 -0.476713
vt 1.193164 -0.487675
vt 1.097540 -0.532743
vt 1.104230 -0.544327
vt 1.005041 -0.580912
vt 1.010687 -0.593033
vt 0.908685 -0.620804
vt 0.913263 -0.633378
vt 1.015735 -0.603837
vt 0.917346 -0.644596
vt 5.490861 1.115289
vt 5.502793 1.110193
vt 5.502793 1.015735
vt 5.490861 1.020044
vt 1.110193 -0.554667
vt 5.502793 0.917346
vt 5.477488 1.119391
vt 5.477488 1.023504
vt 5.490861 0.920831
vt 5.477488 0.923639
vt 5.462992 1.026044
vt 5.462992 0.925696
vt 5.477488 0.820544
vt 5.447733 1.124225
vt 5.447733 1.027594
vt 5.462992 1.122394
vt 5.447733 1.216107
vt 5.462992 1.214001
vt 5.447733 1.302533
vt 5.462992 1.300177
vt 5.477488 1.210553
vt 5.477488 1.296313
vt 5.490861 1.205853
vt 5.490861 1.291046
vt 1.291046 -0.440433
vt 1.200012 -0.497452
vt 1.205853 -0.505790
vt 1.115289 -0.563492
vt 1.284497 -0.432621
vt 1.370221 -0.367875
vt 1.363013 -0.360685
vt 1.442761 -0.288712
vt 1.434955 -0.282157
vt 1.508130 -0.203519
vt 1.499786 -0.197672
vt 1.565826 -0.112955
vt 1.557007 -0.107865
vt 1.490014 -0.190824
vt 1.546673 -0.101884
vt 1.479053 -0.183158
vt 1.535083 -0.095194
vt 1.467175 -0.174845
vt 1.522534 -0.087955
vt 1.454681 -0.166080
vt 1.509320 -0.080326
vt 1.441864 -0.157120
vt 1.380792 -0.236710
vt 1.495770 -0.072501
vt 1.542096 0.016488
vt 1.556268 0.009872
vt 1.580487 0.109176
vt 1.595184 0.103817
vt 1.625763 0.200814
vt 1.640503 0.196859
vt 1.609527 0.098605
vt 1.654504 0.193112
vt 1.623144 0.093649
vt 1.570099 0.003427
vt 1.583240 -0.002701
vt 1.635724 0.089071
vt 1.595361 -0.008353
vt 1.646936 0.084982
vt 1.606183 -0.013395
vt 5.490861 0.081503
vt 5.502793 0.084982
vt 5.502793 -0.013395
vt 5.490861 -0.017704
vt 5.502793 -0.107865
vt 5.477488 0.078707
vt 5.477488 -0.021171
vt 5.490861 -0.112955
vt 5.462992 0.076657
vt 5.462992 -0.023710
vt 5.477488 -0.117057
vt 5.462992 -0.120060
vt 5.477488 -0.208219
vt 5.490861 -0.203519
vt 5.462992 -0.211674
vt 5.477488 -0.293986
vt 5.490861 -0.288712
vt 5.462992 -0.297843
vt 5.477488 -0.373673
vt 5.490861 -0.367875
vt 5.462992 -0.377933
vt 5.462992 1.380261
vt 5.477488 1.376019
vt 5.490861 1.370221
vt 5.447733 -0.300187
vt 5.447733 1.382855
vt 5.447733 -0.380521
vt 5.432084 -0.300992
vt 5.432084 -0.214469
vt 5.447733 -0.213761
vt 5.432084 -0.310782
vt 5.432084 -0.381388
vt 2.532090 -0.381388
vt 2.532090 1.383728
vt 5.432084 1.383728
vt 2.532090 1.341962
vt 5.432084 1.341962
vt 2.532090 1.303326
vt 5.432084 1.303326
vt 2.532090 1.222058
vt 5.432084 1.222058
vt 2.532090 1.216809
vt 5.432084 1.216809
vt 2.532090 1.124835
vt 5.432084 1.124835
vt 2.532090 1.091205
vt 5.432084 1.091205
vt 2.532090 1.028113
vt 5.432084 1.028113
vt 2.532090 0.951391
vt 5.432084 0.951391
vt 2.532090 0.927362
vt 5.432084 0.927362
vt 5.447733 0.926947
vt 5.462992 0.822095
vt 5.447733 0.823041
vt 5.432084 0.823364
vt 5.432084 0.804730
vt 5.432084 0.716900
vt 2.532090 0.804730
vt 2.532090 0.823364
vt 2.516441 0.823041
vt 2.501182 0.822095
vt 2.501182 0.925696
vt 2.516441 0.926947
vt 2.486686 0.820544
vt 2.486686 0.923639
vt 2.473307 0.818420
vt 2.473307 0.920831
vt 2.461381 0.917346
vt 2.461381 1.015735
vt 2.473307 1.020044
vt 2.461381 1.110193
vt 2.486686 1.023504
vt 2.473307 1.115289
vt 2.473307 1.291046
vt 2.473307 1.370221
vt 2.486686 1.296313
vt 2.486686 1.376019
vt 2.473307 -0.288712
vt 2.486686 -0.373673
vt 2.473307 -0.367875
vt 2.501182 1.300177
vt 2.501182 1.380261
vt 2.486686 -0.293986
vt 2.501182 -0.377933
vt 2.501182 -0.297843
vt 2.486686 -0.208219
vt 2.473307 -0.203519
vt 2.473307 -0.112955
vt 2.486686 -0.117057
vt 2.501182 -0.211674
vt 2.501182 -0.120060
vt 2.516441 -0.213761
vt 2.516441 -0.300187
vt 2.516441 -0.380521
vt 2.532090 -0.300992
vt 2.532090 -0.310782
vt 2.516441 1.302533
vt 2.516441 1.382855
vt 2.516441 1.216107
vt 2.516441 1.124225
vt 2.501182 1.214001
vt 2.501182 1.122394
vt 2.486686 1.210553
vt 2.486686 1.119391
vt 2.473307 1.205853
vt 2.501182 1.026044
vt 2.516441 1.027594
vt 2.532090 -0.214469
vt 5.432084 -0.187955
vt 2.532090 -0.187955
vt 5.432084 -0.122501
vt 5.447733 -0.121891
vt 5.447733 -0.025260
vt 5.432084 -0.054679
vt 5.432084 -0.025773
vt 5.432084 0.074972
vt 5.447733 0.075387
vt 2.532090 0.074972
vt 5.432084 0.087057
vt 2.532090 -0.025773
vt 2.532090 -0.054679
vt 2.516441 -0.025260
vt 2.516441 0.075387
vt 2.501182 0.076657
vt 2.501182 0.180245
vt 2.516441 0.179293
vt 2.532090 0.178964
vt 2.532090 0.087057
vt 5.432084 0.178964
vt 5.432084 0.235079
vt 5.447733 0.179293
vt 5.447733 0.285653
vt 5.462992 0.180245
vt 5.462992 0.286276
vt 5.477488 0.181796
vt 5.477488 0.287325
vt 5.490861 0.183920
vt 5.490861 0.288754
vt 5.502793 0.186556
vt 5.502793 0.290524
vt 1.702002 0.290524
vt 1.667431 0.189633
vt 1.678955 0.186556
vt 1.690253 0.292599
vt 1.715899 0.396115
vt 1.704016 0.397152
vt 1.677075 0.294918
vt 1.690686 0.398312
vt 1.662799 0.297445
vt 1.676245 0.399581
vt 1.647772 0.300082
vt 1.632367 0.302804
vt 1.610650 0.204867
vt 1.661047 0.400900
vt 1.645459 0.402267
vt 1.649841 0.502499
vt 1.665484 0.502499
vt 1.676245 0.605416
vt 1.661047 0.604098
vt 1.680743 0.502499
vt 1.690686 0.606686
vt 1.695239 0.502499
vt 1.704016 0.607845
vt 1.708618 0.502499
vt 1.715899 0.608883
vt 1.720550 0.502499
vt 5.490861 0.609774
vt 5.502793 0.608883
vt 5.502793 0.502499
vt 5.490861 0.502499
vt 5.502793 0.396115
vt 5.477488 0.610494
vt 5.477488 0.502499
vt 5.490861 0.395211
vt 5.477488 0.394503
vt 5.462992 0.502499
vt 5.462992 0.393978
vt 5.447733 0.502499
vt 5.447733 0.393661
vt 5.432084 0.502499
vt 5.432084 0.541000
vt 5.447733 0.611324
vt 2.532090 0.541000
vt 5.432084 0.611434
vt 2.532090 0.502499
vt 2.532090 0.393563
vt 2.516441 0.502499
vt 2.501182 0.611019
vt 2.516441 0.611324
vt 2.532090 0.611434
vt 2.516441 0.393661
vt 2.501182 0.502499
vt 2.532090 0.387155
vt 2.516441 0.285653
vt 2.501182 0.393978
vt 5.432084 0.393563
vt 5.432084 0.387155
vt 2.532090 0.285433
vt 5.432084 0.285433
vt 2.532090 0.235079
vt 2.501182 0.286276
vt 2.486686 0.394503
vt 2.486686 0.502499
vt 2.473307 0.502499
vt 2.486686 0.287325
vt 2.473307 0.395211
vt 2.461381 0.502499
vt 2.461381 0.608883
vt 2.473307 0.609774
vt 2.486686 0.610494
vt 2.473307 0.716244
vt 2.461381 0.714474
vt 1.690253 0.712399
vt 1.667431 0.815353
vt 1.702002 0.714474
vt 1.678955 0.818441
vt 2.461381 0.818441
vt 1.677075 0.710079
vt 1.654504 0.811886
vt 2.473307 0.288754
vt 2.461381 0.396115
vt 2.461381 0.290524
vt 2.473307 0.183920
vt 2.461381 0.186556
vt 2.473307 0.081503
vt 2.486686 0.078707
vt 2.486686 0.181796
vt 2.501182 -0.023710
vt 2.486686 -0.021171
vt 2.516441 -0.121891
vt 2.532090 -0.122501
vt 2.473307 -0.017704
vt 2.461381 -0.013395
vt 2.461381 0.084982
vt 1.662799 0.707553
vt 1.647772 0.704904
vt 1.632367 0.702194
vt 1.610650 0.800143
vt 1.625763 0.804183
vt 1.580487 0.895822
vt 1.595184 0.901180
vt 1.640503 0.808126
vt 1.609527 0.906381
vt 1.623144 0.911349
vt 1.570099 1.001571
vt 1.556268 0.995126
vt 1.509320 1.085324
vt 1.495770 1.077499
vt 1.542096 0.988510
vt 0.700744 0.603793
vt 0.714978 0.568380
vt 2.432090 0.568380
vt 2.332084 0.603793
vt 2.432090 0.603793
vt 0.680737 0.636288
vt 2.332084 0.636288
vt 2.432090 0.636288
vt 0.560138 0.547103
vt 0.655523 0.664938
vt 2.332084 0.664938
vt 0.566809 0.536263
vt 2.332084 0.536263
vt 2.432090 0.536263
vt 2.332084 0.547103
vt 0.571551 0.524459
vt 2.332084 0.524459
vt 2.432090 0.524459
vt 0.547644 0.517147
vt 2.432090 0.547103
vt 0.544488 0.525009
vt 0.549432 0.508846
vt 2.432090 0.517147
vt 1.932090 0.525009
vt 2.432090 0.525009
vt 2.432090 0.508846
vt 1.932090 0.517147
vt 1.932090 0.532235
vt 0.540039 0.532235
vt 0.455194 0.525009
vt 0.459637 0.532235
vt 0.465240 0.538595
vt 0.468432 0.463595
vt 0.462305 0.469454
vt 0.457263 0.476278
vt 0.524225 0.458846
vt 0.516498 0.455355
vt 0.531250 0.463595
vt 0.499841 0.552499
vt 0.504077 0.552316
vt 0.512439 0.550875
vt 0.452032 0.517147
vt 0.475451 0.458846
vt 0.537372 0.469454
vt 0.495599 0.552316
vt 0.450244 0.508846
vt 0.483185 0.455355
vt 0.542419 0.476278
vt 0.534436 0.538595
vt 0.487243 0.550875
vt 0.449890 0.500387
vt 0.491388 0.453219
vt 0.546234 0.483859
vt 0.527838 0.543929
vt 0.479242 0.548068
vt 0.450958 0.491964
vt 0.499841 0.452499
vt 0.548718 0.491964
vt 0.520434 0.548068
vt 0.471838 0.543929
vt 0.453448 0.483859
vt 0.508288 0.453219
vt 0.549798 0.500387
vt 2.432090 0.500387
vt 1.932090 0.508846
vt 1.932090 0.500387
vt 0.574237 0.512033
vt 0.574768 0.499325
vt 2.432090 0.491964
vt 2.332084 0.512033
vt 2.432090 0.512033
vt 2.432090 0.499325
vt 0.723022 0.531075
vt 2.332084 0.499325
vt 0.724634 0.492941
vt 0.573157 0.486691
vt 2.332084 0.486691
vt 2.432090 0.486691
vt 2.432090 0.474533
vt 0.569427 0.474533
vt 2.432090 0.483859
vt 1.932090 0.491964
vt 2.432090 0.476278
vt 1.932090 0.483859
vt 0.563702 0.463180
vt 2.432090 0.469454
vt 1.932090 0.476278
vt 2.332084 0.463180
vt 2.432090 0.463180
vt 2.332084 0.474533
vt 2.432090 0.452950
vt 0.556140 0.452950
vt 0.708612 0.418600
vt 0.691437 0.384530
vt 2.332084 0.452950
vt 0.668738 0.353854
vt 0.546954 0.444149
vt 2.332084 0.546954
vt 2.432090 0.546954
vt 2.332084 0.556140
vt 2.432090 0.556140
vt 2.432090 0.536413
vt 0.536413 0.437020
vt 2.432090 0.524225
vt 1.932090 0.531250
vt 2.432090 0.531250
vt 2.432090 0.516498
vt 1.932090 0.524225
vt 0.524823 0.431771
vt 2.432090 0.508288
vt 1.932090 0.516498
vt 2.332084 0.524823
vt 2.432090 0.524823
vt 2.332084 0.536413
vt 2.432090 0.512512
vt 0.512512 0.428585
vt 2.332084 0.512512
vt 2.432090 0.499841
vt 0.499841 0.427499
vt 1.932090 0.508288
vt 2.432090 0.491388
vt 1.932090 0.499841
vt 0.495599 0.452670
vt 0.421625 0.008651
vt -0.567916 0.495599
vt 2.432090 0.495599
vt 0.499841 0.002487
vt 0.504077 0.452670
vt -0.567916 0.504077
vt 2.432090 0.504077
vt 0.654352 0.026962
vt 0.578058 0.008651
vt -0.567916 0.512439
vt 0.512439 0.454122
vt -0.567916 0.726837
vt 2.432090 0.654352
vt -0.567916 0.654352
vt 0.726837 0.056991
vt 2.432090 0.578058
vt -0.567916 0.578058
vt 2.432090 0.512439
vt 0.520434 0.456942
vt -0.567916 0.520434
vt 2.432090 0.520434
vt 0.527838 0.461080
vt 0.793732 0.097994
vt -0.567916 0.527838
vt -0.567916 0.853393
vt 2.432090 0.793732
vt -0.567916 0.793732
vt 0.853393 0.148947
vt 2.432090 0.726837
vt 0.534436 0.466390
vt 2.432090 0.527838
vt -0.567916 0.534436
vt 2.432090 0.534436
vt -0.567916 0.466390
vt 2.432090 0.466390
vt -0.567916 0.472762
vt 0.904346 0.208602
vt 0.540039 0.472762
vt -0.567916 0.275509
vt 2.432090 0.208602
vt -0.567916 0.208602
vt 0.945343 0.275509
vt 2.432090 0.148947
vt -0.567916 0.148947
vt 2.432090 0.853393
vt 2.432090 0.472762
vt 0.544488 0.479989
vt -0.567916 0.479989
vt 2.432090 0.479989
vt -0.567916 0.487850
vt 0.547644 0.487850
vt 0.975366 0.347982
vt 0.549432 0.496151
vt 0.993683 0.424276
vt 2.432090 0.487850
vt -0.567916 0.496151
vt 0.999841 0.502499
vt 0.549798 0.504623
vt 2.432090 0.496151
vt -0.567916 0.504623
vt -0.567916 0.580721
vt 2.432090 0.502499
vt -0.567916 0.502499
vt 0.993683 0.580721
vt 2.432090 0.424276
vt -0.567916 0.424276
vt 2.432090 0.347982
vt 2.432090 0.504623
vt 0.548718 0.513034
vt -0.567916 0.513034
vt 2.432090 0.513034
vt 0.546234 0.521139
vt 0.975366 0.657015
vt -0.567916 0.521139
vt -0.567916 0.729489
vt 2.432090 0.657015
vt -0.567916 0.657015
vt 0.945343 0.729489
vt 2.432090 0.580721
vt 0.542419 0.528720
vt -0.567916 0.528720
vt 2.432090 0.521139
vt 2.432090 0.528720
vt 0.904346 0.796395
vt 0.537372 0.535531
vt 0.853393 0.856051
vt -0.567916 0.535531
vt -0.567916 0.856051
vt 2.432090 0.796395
vt -0.567916 0.796395
vt 2.432090 0.729489
vt 2.432090 0.856051
vt 2.432090 0.535531
vt 0.531250 0.541403
vt -0.567916 0.531250
vt 2.432090 0.537372
vt -0.567916 0.537372
vt 0.524225 0.546151
vt 0.726837 0.947994
vt -0.567916 0.524225
vt 0.793732 0.907003
vt 0.516498 0.549642
vt -0.567916 0.516498
vt 0.654352 0.978024
vt -0.567916 0.508288
vt 0.508288 0.551779
vt 0.578058 0.996334
vt -0.567916 0.499841
vt 0.499841 0.577499
vt 0.493475 0.577218
vt 1.932090 0.504077
vt 0.499841 1.002499
vt 0.491388 0.551779
vt -0.567916 0.491388
vt 0.345331 0.978024
vt 0.421625 0.996334
vt -0.567916 0.483185
vt 0.483185 0.549642
vt -0.567916 0.272845
vt 2.432090 0.345331
vt -0.567916 0.345331
vt 0.272845 0.947994
vt 2.432090 0.421625
vt -0.567916 0.421625
vt 2.432090 0.483185
vt 0.475451 0.546151
vt -0.567916 0.475451
vt 2.432090 0.475451
vt 0.468432 0.541403
vt 0.205951 0.907003
vt -0.567916 0.468432
vt -0.567916 0.146283
vt 2.432090 0.205951
vt -0.567916 0.205951
vt 0.146283 0.856051
vt 2.432090 0.272845
vt 0.462305 0.535531
vt 2.432090 0.468432
vt -0.567916 0.462305
vt 2.432090 0.462305
vt 0.457263 0.528720
vt 0.095331 0.796395
vt 0.054339 0.729489
vt 2.432090 0.146283
vt 0.453448 0.521139
vt 0.450958 0.513034
vt 0.005993 0.580721
vt 0.024310 0.657015
vt -0.000165 0.502499
vt 0.449890 0.504623
vt 0.005993 0.424276
vt 0.450244 0.496151
vt 0.452032 0.487850
vt 0.024310 0.347982
vt 0.455194 0.479989
vt 0.054339 0.275509
vt 0.459637 0.472762
vt 0.465240 0.466390
vt 0.146283 0.148947
vt 0.095331 0.208602
vt 2.432090 0.275509
vt 0.471838 0.461080
vt -0.567916 0.471838
vt 2.432090 0.465240
vt 2.432090 0.471838
vt -0.567916 0.465240
vt 0.479242 0.456942
vt 0.272845 0.056991
vt -0.567916 0.479242
vt 0.205951 0.097994
vt 2.432090 0.479242
vt 0.487243 0.454122
vt -0.567916 0.487243
vt 2.432090 0.487243
vt 0.345331 0.026962
vt -0.567916 0.347982
vt 1.932090 0.495599
vt 1.932090 0.487243
vt 0.480939 0.575082
vt 0.468951 0.570834
vt 1.932090 0.479242
vt 0.457837 0.564633
vt 1.932090 0.471838
vt 0.447943 0.556649
vt 1.932090 0.465240
vt 2.332084 0.556649
vt 2.432090 0.556649
vt 2.332084 0.447943
vt 2.432090 0.457837
vt 2.432090 0.447943
vt 0.439538 0.547103
vt 0.432867 0.536263
vt 0.428125 0.524459
vt 0.284698 0.568380
vt 0.298932 0.603793
vt 0.318939 0.636288
vt 2.332084 0.568380
vt -0.381116 1.241708
vt 0.344153 0.664938
vt 2.432090 0.664938
vt -0.442188 1.162118
vt -0.496094 1.077499
vt -0.454999 1.171090
vt -0.393097 1.251754
vt -0.324396 1.326730
vt -0.335181 1.337521
vt -0.404785 1.261569
vt -0.345435 1.347775
vt -0.415888 1.270895
vt -0.467499 1.179843
vt -0.479370 1.188143
vt -0.522858 1.092953
vt -0.509638 1.085324
vt -0.535407 1.100192
vt -0.556592 0.995126
vt -0.570416 1.001571
vt -0.490332 1.195822
vt -0.546997 1.106881
vt -0.583563 1.007699
vt -0.609845 0.906381
vt -0.623468 0.911349
vt -0.595685 1.013351
vt -0.636041 0.915927
vt -0.606500 1.018392
vt -0.557330 1.112850
vt -0.500110 1.202670
vt -0.508454 1.208505
vt -0.566150 1.117941
vt 2.461381 1.112850
vt 2.461381 1.018392
vt 2.473307 1.117941
vt 2.473307 1.208505
vt 2.486686 1.298971
vt 2.473307 1.293710
vt -0.443085 1.293710
vt 2.486686 1.213217
vt 2.486686 1.378683
vt 2.501182 1.382919
vt 2.501182 1.302841
vt 2.516441 1.385507
vt 2.516441 1.305184
vt 2.501182 1.216659
vt 2.532090 1.255782
vt 2.532090 1.305990
vt 2.516441 1.218759
vt 2.532090 1.219467
vt 2.501182 1.125045
vt 2.516441 1.126889
vt 2.532090 1.127499
vt 5.432084 1.127499
vt 5.432084 1.219467
vt 5.447733 1.218759
vt 5.432084 1.255782
vt 5.432084 1.305990
vt 5.447733 1.305184
vt 5.462992 1.302841
vt 5.447733 1.126889
vt 5.462992 1.216659
vt 5.462992 1.382919
vt 5.477488 1.298971
vt 5.477488 1.378683
vt 5.490861 1.372872
vt 5.462992 -0.380585
vt 5.477488 -0.376337
vt 5.477488 -0.296637
vt 5.490861 -0.291370
vt 5.490861 -0.370539
vt -0.291370 1.445431
vt -0.200336 1.502438
vt -0.206177 1.510787
vt -0.370539 1.372872
vt -0.284821 1.437618
vt -0.193488 1.492672
vt -0.110517 1.559664
vt -0.104547 1.549325
vt -0.097864 1.537740
vt -0.011011 1.598019
vt -0.005359 1.585897
vt 0.000769 1.572750
vt 0.090991 1.625802
vt 0.095947 1.612191
vt 0.101166 1.597848
vt 0.194201 1.643160
vt 0.198144 1.628427
vt 0.202197 1.613302
vt 0.300140 1.635031
vt 0.297424 1.650424
vt 0.399609 1.648116
vt 0.499841 1.652499
vt 0.398248 1.663705
vt 0.499841 1.668148
vt 0.294775 1.665463
vt 0.396918 1.678903
vt 0.499841 1.683407
vt 0.601434 1.663705
vt 0.600067 1.648116
vt 0.699536 1.635031
vt 0.797485 1.613302
vt 0.702252 1.650424
vt 0.602759 1.678903
vt 0.704901 1.665463
vt 0.801532 1.628427
vt 0.805475 1.643160
vt 0.898511 1.597848
vt 0.893158 1.583151
vt 0.985852 1.544747
vt 1.074841 1.498422
vt 0.992462 1.558920
vt 1.082660 1.511984
vt 0.903729 1.612191
vt 0.998913 1.572750
vt 1.159448 1.444515
vt 1.168426 1.457333
vt 1.090289 1.525192
vt 1.239044 1.383444
vt 1.249103 1.395431
vt 1.177179 1.469845
vt 1.258905 1.407125
vt 1.324072 1.326730
vt 1.313012 1.315670
vt 1.380792 1.241708
vt 1.441864 1.162118
vt 1.392773 1.251754
vt 1.334863 1.337521
vt 1.404462 1.261569
vt 1.454681 1.171090
vt 1.467175 1.179843
vt 1.522534 1.092953
vt 1.645459 0.602719
vt 1.635724 0.915927
vt 1.646936 0.920016
vt 5.490861 0.821078
vt 5.502793 0.714474
vt 5.490861 0.716244
vt 5.502793 0.818441
vt 5.477488 0.926290
vt 5.490861 0.923495
vt 5.477488 0.823202
vt 5.462992 0.928353
vt 5.462992 0.824752
vt 5.477488 0.717660
vt 5.462992 0.718710
vt 5.447733 0.825704
vt 5.447733 0.719344
vt 5.462992 0.611019
vt 5.432084 0.826022
vt 5.432084 0.844576
vt 5.447733 0.929611
vt 2.532090 0.826022
vt 2.532090 0.719564
vt 5.432084 0.719564
vt 2.532090 0.694235
vt 5.432084 0.694235
vt 2.516441 0.719344
vt 2.516441 0.825704
vt 2.501182 0.718710
vt 2.501182 0.824752
vt 2.516441 0.929611
vt 2.532090 0.930026
vt 2.532090 0.844576
vt 2.501182 0.928353
vt 2.532090 0.989730
vt 2.516441 1.030258
vt 2.501182 1.028707
vt 2.486686 1.026168
vt 2.486686 1.122042
vt 2.532090 1.372665
vt 5.432084 1.372665
vt 5.447733 1.385507
vt 5.432084 1.386386
vt 5.477488 1.213217
vt 5.490861 1.208505
vt 5.477488 1.122042
vt 5.490861 1.117941
vt 1.508130 1.208505
vt 1.557007 1.112850
vt 1.565826 1.117941
vt 5.490861 1.022702
vt 5.502793 1.018392
vt 5.502793 1.112850
vt 1.595361 1.013351
vt 1.606183 1.018392
vt 5.502793 0.920016
vt 1.546673 1.106881
vt 1.583240 1.007699
vt 1.535083 1.100192
vt 1.490014 1.195822
vt 1.479053 1.188143
vt 1.425818 1.279489
vt 1.415564 1.270895
vt 1.354571 1.357235
vt 1.345111 1.347775
vt 1.276825 1.428475
vt 1.268231 1.418221
vt 1.193164 1.492672
vt 1.185492 1.481710
vt 1.104230 1.549325
vt 1.097540 1.537740
vt 1.010687 1.598019
vt 1.005041 1.585897
vt 0.913263 1.638375
vt 0.908685 1.625802
vt 0.812695 1.670089
vt 0.809234 1.657162
vt 0.709741 1.692916
vt 0.707422 1.679733
vt 0.605194 1.706674
vt 0.604022 1.693344
vt 0.499841 1.711276
vt 0.499841 1.697897
vt 0.394482 1.706674
vt 0.395654 1.693344
vt 0.289935 1.692916
vt 0.292261 1.679733
vt 0.186981 1.670089
vt 0.190448 1.657162
vt 0.086413 1.638375
vt -0.016052 1.608834
vt 0.082330 1.649594
vt 0.183893 1.681613
vt 0.287866 1.704659
vt 0.393445 1.718563
vt 0.499841 1.723202
vt 0.606232 1.718563
vt 0.711816 1.704659
vt 0.815784 1.681613
vt 0.917346 1.649594
vt 1.015735 1.608834
vt 1.110193 1.559664
vt 1.115289 1.568490
vt 1.200012 1.502438
vt 1.205853 1.510787
vt 1.284497 1.437618
vt 1.291046 1.445431
vt 1.363013 1.365670
vt 1.370221 1.372872
vt 1.434955 1.287155
vt 1.442761 1.293710
vt 1.499786 1.202670
vt 5.490861 1.293710
vt 5.462992 -0.122711
vt 5.462992 -0.214325
vt 5.477488 -0.210877
vt -0.115613 1.568490
vt 5.462992 -0.300501
vt 5.447733 -0.383173
vt 5.447733 -0.302857
vt 5.432084 -0.384040
vt 2.532090 1.386386
vt 2.532090 -0.384040
vt 2.532090 -0.303644
vt 5.432084 -0.303644
vt 2.532090 -0.283814
vt 5.432084 -0.283814
vt 2.532090 -0.217133
vt 5.432084 -0.217133
vt 2.532090 -0.158197
vt 5.432084 -0.158197
vt 5.447733 -0.216425
vt 5.447733 -0.124549
vt 5.447733 -0.027918
vt 5.432084 -0.125159
vt 5.432084 -0.028436
vt 5.432084 -0.022614
vt 2.532090 -0.022614
vt 2.532090 0.120898
vt 5.432084 0.120898
vt 5.432084 0.270148
vt 2.532090 0.270148
vt 5.432084 0.422888
vt 2.532090 0.576794
vt 5.432084 0.576794
vt 5.432084 0.729529
vt 2.532090 0.878778
vt 5.432084 0.878778
vt 5.432084 1.022290
vt 2.532090 1.022290
vt 5.432084 1.157879
vt 2.532090 1.283496
vt 5.432084 1.283496
vt 2.461381 0.815784
vt 2.461381 0.711816
vt 2.473307 0.713586
vt 2.461381 0.606232
vt 2.461381 0.499841
vt 2.473307 0.607117
vt 2.473307 0.499841
vt 2.532090 1.157879
vt 2.532090 0.729529
vt 2.532090 0.422888
vt 2.486686 0.179138
vt 2.501182 0.073993
vt 2.486686 0.076044
vt 2.486686 -0.023828
vt 2.473307 0.078845
vt 2.473307 -0.020362
vt 2.461381 -0.016052
vt 2.461381 -0.110517
vt 2.473307 -0.115613
vt -0.185816 1.481710
vt -0.090613 1.525192
vt 2.461381 0.287866
vt 2.461381 0.183893
vt 2.473307 0.286096
vt 2.473307 0.392560
vt 2.461381 0.393445
vt 0.518921 0.726693
vt 0.499841 0.727499
vt 0.480755 0.726693
vt 2.332084 0.499841
vt 2.432090 0.480755
vt 2.432090 0.518921
vt 2.332084 0.518921
vt 0.506201 0.577218
vt 2.332084 0.480755
vt 0.443146 0.720236
vt 2.332084 0.443146
vt 2.332084 0.493475
vt 2.432090 0.493475
vt 2.332084 0.480939
vt 0.407165 0.707516
vt 2.432090 0.480939
vt 2.332084 0.468951
vt 0.373846 0.688912
vt 2.432090 0.468951
vt 2.332084 0.457837
vt 2.432090 0.373846
vt 2.332084 0.373846
vt 2.332084 0.344153
vt 2.432090 0.407165
vt 2.332084 0.407165
vt -0.075159 1.498422
vt -0.159772 1.444515
vt -0.239368 1.383444
vt 2.432090 0.344153
vt -0.168750 1.457333
vt -0.082984 1.511984
vt 0.007214 1.558920
vt 0.013824 1.544747
vt 0.106518 1.583151
vt 2.432090 0.443146
vt -0.249426 1.395431
vt -0.177503 1.469845
vt -0.259229 1.407125
vt -0.268549 1.418221
vt -0.277149 1.428475
vt -0.354895 1.357235
vt -0.363336 1.365670
vt 2.473307 -0.291370
vt 2.486686 -0.210877
vt 2.473307 -0.206177
vt 2.473307 -0.370539
vt 2.486686 -0.296637
vt 2.501182 -0.214325
vt 2.501182 -0.122711
vt 2.486686 -0.119715
vt 2.501182 -0.026367
vt 2.516441 -0.027918
vt 2.532090 -0.028436
vt 2.516441 -0.124549
vt 2.532090 -0.125159
vt 2.516441 -0.216425
vt 2.516441 -0.302857
vt 2.501182 -0.300501
vt 2.486686 -0.376337
vt 2.501182 -0.380585
vt 2.516441 -0.383173
vt -0.435279 1.287155
vt 2.473307 1.372872
vt -0.426142 1.279489
vt -0.313330 1.315670
vt 2.332084 0.506201
vt 2.432090 0.506201
vt 0.518738 0.575082
vt 2.332084 0.518738
vt 2.432090 0.518738
vt 1.932090 0.512439
vt 0.530731 0.570834
vt 1.932090 0.520434
vt 0.541839 0.564633
vt 1.932090 0.527838
vt 0.551733 0.556649
vt 2.432090 0.532235
vt 1.932090 0.538595
vt 2.432090 0.538595
vt 1.932090 0.534436
vt 2.332084 0.551733
vt 2.432090 0.551733
vt 2.332084 0.541839
vt 2.432090 0.541839
vt 0.625836 0.688912
vt 0.592517 0.707516
vt 2.432090 0.625836
vt 2.332084 0.625836
vt 2.332084 0.592517
vt 2.432090 0.655523
vt 2.332084 0.655523
vt 2.432090 0.592517
vt 2.473307 1.022702
vt 2.486686 0.926290
vt 2.473307 0.923495
vt 2.461381 0.920016
vt 2.473307 0.821078
vt 2.486686 0.823202
vt 2.486686 0.717660
vt 0.556531 0.720236
vt 2.432090 0.556531
vt 2.332084 0.556531
vt 2.332084 0.530731
vt 2.432090 0.530731
vt 2.473307 0.181262
vt 2.461381 0.082330
vt 5.477488 1.026168
vt 5.462992 1.125045
vt 5.462992 1.028707
vt 5.447733 1.030258
vt 2.532090 1.030770
vt 5.432084 1.030770
vt 5.432084 0.989730
vt 5.432084 0.930026
vt -0.647254 0.920016
vt -0.679273 0.818441
vt -0.667755 0.815353
vt -0.654828 0.811886
vt -0.640827 0.808126
vt -0.595508 0.901180
vt -0.626087 0.804183
vt -0.580811 0.895822
vt -0.542420 0.988510
vt -0.610974 0.800143
vt -0.632691 0.702194
vt -0.648096 0.704904
vt -0.676569 0.605416
vt -0.663123 0.707553
vt -0.661371 0.604098
vt -0.645783 0.602719
vt -0.665802 0.502499
vt -0.681061 0.502499
vt -0.650159 0.502499
vt -0.661371 0.400900
vt -0.676569 0.399581
vt -0.645783 0.402267
vt -0.663123 0.297445
vt -0.648096 0.300082
vt -0.632691 0.302804
vt -0.610974 0.204867
vt -0.626087 0.200814
vt -0.609845 0.098605
vt -0.595508 0.103817
vt -0.640827 0.196859
vt -0.623468 0.093649
vt -0.654828 0.193112
vt -0.636041 0.089071
vt -0.667755 0.189633
vt -0.677399 0.294918
vt -0.690576 0.292599
vt -0.691010 0.398312
vt -0.704340 0.397152
vt -0.695557 0.502499
vt -0.708942 0.502499
vt -0.691010 0.606686
vt -0.704340 0.607845
vt -0.677399 0.710079
vt -0.690576 0.712399
vt -0.716223 0.608883
vt -0.702326 0.714474
vt -0.720874 0.502499
vt -0.702326 0.290524
vt -0.716223 0.396115
vt -0.679273 0.186556
vt -0.647254 0.084982
vt -0.606500 -0.013395
vt -0.557330 -0.107865
vt -0.595685 -0.008353
vt -0.546997 -0.101884
vt -0.583563 -0.002701
vt -0.535407 -0.095194
vt -0.570416 0.003427
vt -0.522858 -0.087955
vt -0.556592 0.009872
vt -0.542420 0.016488
vt -0.580811 0.109176
vt -0.479370 -0.183158
vt -0.426142 -0.274491
vt -0.490332 -0.190824
vt -0.435279 -0.282157
vt -0.500110 -0.197672
vt -0.443085 -0.288712
vt -0.508454 -0.203519
vt -0.566150 -0.112955
vt 0.330939 0.353854
vt 0.358490 0.327450
vt 0.390112 0.306075
vt 0.013824 -0.539750
vt -0.363336 -0.360685
vt -0.370539 -0.367875
vt -0.291370 -0.440433
vt 2.532090 -0.091529
vt 5.432084 -0.091529
vt 5.432084 -0.342285
vt 2.461381 -0.107865
vt 2.532090 -0.342285
vt 5.432084 -0.222376
vt 2.532090 -0.222376
vt 5.432084 0.048291
vt 2.532090 0.048291
vt 0.719787 0.455099
vt 2.432090 0.418600
vt 2.332084 0.455099
vt 2.432090 0.455099
vt 2.432090 0.384530
vt 2.332084 0.418600
vt 2.332084 0.492941
vt 2.432090 0.492941
vt 2.432090 0.531075
vt 2.332084 0.531075
vt 2.432090 0.353854
vt 2.332084 0.384530
vt 0.641186 0.327450
vt 2.432090 0.641186
vt 2.332084 0.668738
vt 2.432090 0.668738
vt 2.332084 0.353854
vt 0.609570 0.306075
vt 2.432090 0.609570
vt 2.332084 0.641186
vt 0.574792 0.290341
vt 2.432090 0.574792
vt 2.332084 0.609570
vt 2.332084 0.574792
vt 0.537866 0.280734
vt 2.432090 0.537866
vt 2.332084 0.537866
vt 0.499841 0.277499
vt 0.461816 0.280734
vt 0.424884 0.290341
vt 2.432090 0.424884
vt 2.332084 0.461816
vt 2.432090 0.461816
vt 2.432090 0.390112
vt 2.332084 0.424884
vt 0.487164 0.428585
vt 0.474853 0.431771
vt 2.332084 0.474853
vt 2.432090 0.474853
vt 2.332084 0.487164
vt 0.463263 0.437020
vt 2.332084 0.463263
vt 2.432090 0.463263
vt 2.432090 0.487164
vt 1.932090 0.483185
vt 1.932090 0.475451
vt 0.452722 0.444149
vt 1.932090 0.468432
vt 2.332084 0.452722
vt 2.432090 0.452722
vt 2.432090 0.443536
vt 0.443536 0.452950
vt 2.332084 0.443536
vt 0.435974 0.463180
vt 0.430249 0.474533
vt 0.426520 0.486691
vt 0.424908 0.499325
vt 0.425451 0.512033
vt 0.275043 0.492941
vt 0.276666 0.531075
vt 0.279889 0.455099
vt 0.291064 0.418600
vt 0.308240 0.384530
vt 1.932090 0.469454
vt 2.432090 0.330939
vt 2.332084 0.330939
vt 2.332084 0.358490
vt 2.432090 0.358490
vt 2.332084 0.390112
vt 1.932090 0.462305
vt 1.932090 0.491388
vt 1.932090 0.537372
s 0
usemtl Steel_Glossy
f 2/1/1 6/2/1 1/3/1
f 1/4/2 3/5/2 2/6/2
f 1/4/3 5/7/3 3/5/3
f 1/3/1 7/8/1 4/9/1
f 4/10/3 5/7/3 1/4/3
f 1/3/1 6/2/1 7/8/1
f 4/9/1 7/8/1 10/11/1
f 6/12/4 8/13/4 7/4/4
f 7/4/5 8/13/5 9/14/5
f 7/4/6 9/14/6 10/15/6
f 4/9/1 10/11/1 14/16/1
f 14/16/1 10/11/1 11/17/1
f 11/18/7 10/15/7 12/19/7
f 10/15/8 13/20/8 12/19/8
f 10/15/9 9/14/9 13/20/9
f 14/16/1 11/17/1 15/21/1
f 15/22/10 16/23/10 14/24/10
f 14/24/10 16/23/10 17/25/10
f 14/24/11 17/25/11 4/10/11
f 16/21/12 18/26/12 17/16/12
f 4/10/11 17/25/11 5/7/11
f 17/16/12 19/27/12 5/9/12
f 17/16/12 18/26/12 19/27/12
f 19/28/13 22/29/13 20/30/13
f 19/28/14 20/30/14 23/31/14
f 18/32/15 21/33/15 19/28/15
f 19/28/16 21/33/16 22/29/16
f 5/9/12 19/27/12 23/34/12
f 5/9/12 23/34/12 3/3/12
f 3/3/12 23/34/12 24/35/12
f 23/31/17 25/36/17 24/5/17
f 23/31/18 26/37/18 25/36/18
f 23/31/19 20/30/19 26/37/19
f 26/34/20 20/38/20 28/39/20
f 27/40/21 26/34/21 28/39/21
f 25/41/22 26/34/22 27/40/22
f 28/39/23 20/38/23 22/27/23
f 31/42/24 28/29/24 29/43/24
f 28/39/25 22/27/25 29/44/25
f 30/45/24 28/29/24 31/42/24
f 30/45/24 27/37/24 28/29/24
f 35/46/26 31/47/26 32/48/26
f 31/42/24 29/43/24 32/49/24
f 33/50/27 30/51/27 31/47/27
f 33/50/28 31/47/28 34/52/28
f 34/52/29 31/47/29 35/46/29
f 34/42/30 35/53/30 37/54/30
f 35/46/31 32/48/31 36/55/31
f 37/54/32 35/53/32 36/49/32
f 38/56/1 37/55/1 39/57/1
f 40/58/1 37/55/1 38/56/1
f 37/54/33 36/49/33 39/59/33
f 40/58/1 41/52/1 37/55/1
f 37/54/34 41/60/34 34/42/34
f 15/21/1 41/52/1 40/58/1
f 15/21/1 11/17/1 41/52/1
f 41/60/35 33/61/35 34/42/35
f 11/18/36 42/45/36 41/60/36
f 41/60/37 42/45/37 33/61/37
f 42/17/38 30/51/38 33/50/38
f 11/18/39 43/62/39 42/45/39
f 43/63/40 30/51/40 42/17/40
f 12/19/41 43/62/41 11/18/41
f 43/63/42 44/64/42 30/51/42
f 12/11/43 44/64/43 43/63/43
f 13/65/44 45/66/44 44/64/44
f 45/14/24 46/67/24 44/19/24
f 44/19/24 27/37/24 30/45/24
f 13/65/45 44/64/45 12/11/45
f 44/19/24 46/67/24 27/37/24
f 47/68/46 46/66/46 49/69/46
f 48/35/47 46/66/47 47/68/47
f 48/35/48 27/40/48 46/66/48
f 45/14/24 49/70/24 46/67/24
f 47/68/49 49/69/49 50/71/49
f 50/71/50 49/69/50 53/72/50
f 52/73/24 51/74/24 49/70/24
f 53/72/51 49/69/51 51/75/51
f 52/73/24 49/70/24 45/14/24
f 50/70/52 53/76/52 55/77/52
f 53/72/53 51/75/53 54/78/53
f 55/77/54 53/76/54 54/74/54
f 59/79/12 55/78/12 56/80/12
f 55/77/55 54/74/55 56/81/55
f 57/82/12 55/78/12 59/79/12
f 57/82/12 58/71/12 55/78/12
f 55/77/56 58/83/56 50/70/56
f 60/84/57 57/85/57 59/86/57
f 60/84/58 59/86/58 61/87/58
f 61/87/58 59/86/58 62/88/58
f 59/79/12 63/89/12 62/90/12
f 59/79/12 56/80/12 63/89/12
f 64/91/59 65/92/59 63/93/59
f 63/93/60 56/81/60 64/91/60
f 63/93/61 65/92/61 66/94/61
f 63/93/62 66/94/62 67/95/62
f 62/90/12 63/89/12 67/96/12
f 62/90/12 67/96/12 71/97/12
f 71/97/12 67/96/12 68/98/12
f 68/99/63 67/100/63 69/101/63
f 67/95/64 70/102/64 69/103/64
f 67/95/65 66/94/65 70/102/65
f 72/104/66 62/88/66 71/105/66
f 72/106/67 71/107/67 73/108/67
f 73/108/67 71/107/67 74/109/67
f 71/97/12 68/98/12 74/110/12
f 73/108/68 74/109/68 75/111/68
f 75/111/68 74/109/68 76/112/68
f 74/110/12 77/113/12 76/114/12
f 74/110/12 68/98/12 77/113/12
f 76/114/12 77/113/12 78/115/12
f 78/116/69 77/117/69 79/118/69
f 77/117/70 81/119/70 79/118/70
f 68/99/71 80/120/71 77/117/71
f 77/117/72 80/120/72 81/119/72
f 80/120/73 82/121/73 81/119/73
f 81/119/74 83/122/74 79/118/74
f 81/119/75 82/121/75 83/122/75
f 83/123/24 82/124/24 86/125/24
f 79/118/76 83/122/76 87/126/76
f 85/127/24 84/128/24 83/123/24
f 87/126/77 83/122/77 84/129/77
f 85/127/24 83/123/24 86/125/24
f 78/116/78 87/126/78 88/130/78
f 79/118/79 87/126/79 78/116/79
f 87/126/80 84/129/80 88/130/80
f 88/130/81 84/129/81 89/131/81
f 90/132/82 88/130/82 89/131/82
f 78/116/83 88/130/83 90/132/83
f 91/133/12 90/134/12 92/135/12
f 91/133/12 78/115/12 90/134/12
f 92/135/12 90/134/12 93/136/12
f 93/137/84 90/132/84 94/138/84
f 90/132/85 89/131/85 94/138/85
f 95/139/86 93/137/86 94/138/86
f 94/138/87 96/140/87 95/139/87
f 89/131/88 96/140/88 94/138/88
f 98/141/24 97/142/24 96/143/24
f 95/139/89 96/140/89 97/144/89
f 98/141/24 96/143/24 99/145/24
f 99/145/24 96/143/24 84/128/24
f 89/131/90 84/129/90 96/140/90
f 98/146/91 99/147/91 100/148/91
f 85/149/92 101/150/92 99/147/92
f 99/145/24 84/128/24 85/127/24
f 99/147/93 102/151/93 100/148/93
f 99/147/94 101/150/94 102/151/94
f 103/152/95 102/151/95 101/150/95
f 104/153/96 102/151/96 103/152/96
f 104/153/97 100/148/97 102/151/97
f 73/110/1 104/154/1 103/155/1
f 75/114/1 104/154/1 73/110/1
f 75/114/1 105/156/1 104/154/1
f 105/157/98 106/158/98 104/153/98
f 104/153/99 106/158/99 100/148/99
f 105/157/100 107/159/100 106/158/100
f 100/148/101 106/158/101 98/146/101
f 98/146/102 106/158/102 107/159/102
f 105/157/103 109/160/103 107/159/103
f 108/161/104 107/159/104 109/160/104
f 98/146/105 107/159/105 108/161/105
f 110/162/106 109/160/106 105/157/106
f 108/161/107 109/160/107 111/163/107
f 110/162/108 111/163/108 109/160/108
f 112/164/109 108/161/109 111/163/109
f 111/163/110 113/165/110 112/164/110
f 110/162/110 113/165/110 111/163/110
f 112/164/111 113/165/111 115/166/111
f 115/166/112 113/165/112 114/167/112
f 114/167/113 113/165/113 110/162/113
f 116/168/12 115/169/12 117/170/12
f 116/168/12 118/171/12 115/169/12
f 117/170/12 115/169/12 119/172/12
f 115/166/109 118/173/109 112/164/109
f 115/166/114 114/167/114 119/174/114
f 119/174/114 114/167/114 120/175/114
f 119/174/115 120/175/115 121/176/115
f 122/177/12 119/172/12 121/178/12
f 117/170/12 119/172/12 122/177/12
f 123/179/116 122/180/116 125/181/116
f 124/182/116 122/180/116 123/179/116
f 124/182/117 117/183/117 122/180/117
f 122/177/12 121/178/12 125/184/12
f 123/179/118 125/181/118 128/185/118
f 125/184/12 127/186/12 126/187/12
f 128/185/118 125/181/118 126/188/118
f 125/184/12 121/178/12 127/186/12
f 128/187/1 129/189/1 123/184/1
f 128/187/1 130/190/1 129/189/1
f 131/191/1 130/190/1 128/187/1
f 128/192/119 126/193/119 131/194/119
f 131/191/1 133/195/1 130/190/1
f 131/194/120 134/196/120 132/197/120
f 132/198/1 133/195/1 131/191/1
f 131/194/119 126/193/119 134/196/119
f 126/187/12 136/199/12 134/191/12
f 132/197/120 134/196/120 135/200/120
f 134/191/12 137/201/12 135/198/12
f 134/191/12 136/199/12 137/201/12
f 136/202/121 138/203/121 137/204/121
f 137/204/121 138/203/121 139/205/121
f 137/204/122 139/205/122 140/206/122
f 135/198/12 137/201/12 140/207/12
f 141/208/12 140/207/12 143/209/12
f 135/198/12 140/207/12 141/208/12
f 140/206/122 139/205/122 142/210/122
f 140/206/123 142/210/123 143/211/123
f 141/208/12 143/209/12 144/212/12
f 143/209/12 146/213/12 144/212/12
f 143/211/123 142/210/123 145/214/123
f 143/211/124 145/214/124 146/215/124
f 146/215/125 147/12/125 148/216/125
f 146/215/124 145/214/124 147/12/124
f 144/212/12 146/213/12 148/217/12
f 148/216/125 147/12/125 149/4/125
f 144/212/12 148/217/12 151/218/12
f 148/216/126 149/4/126 150/219/126
f 151/218/12 148/217/12 150/220/12
f 152/221/127 151/222/127 154/223/127
f 153/224/127 151/222/127 152/221/127
f 153/224/24 144/225/24 151/222/24
f 151/218/12 150/220/12 154/226/12
f 152/221/128 154/223/128 157/227/128
f 154/226/12 156/228/12 155/229/12
f 157/227/128 154/223/128 155/230/128
f 154/226/12 150/220/12 156/228/12
f 157/229/1 158/231/1 152/226/1
f 157/229/1 159/232/1 158/231/1
f 160/233/1 159/232/1 157/229/1
f 157/227/129 155/230/129 160/234/129
f 160/233/1 162/235/1 159/232/1
f 160/234/130 163/236/130 161/237/130
f 161/238/1 162/235/1 160/233/1
f 160/234/129 155/230/129 163/236/129
f 155/229/12 165/239/12 163/233/12
f 161/237/130 163/236/130 164/240/130
f 163/233/12 166/241/12 164/238/12
f 163/233/12 165/239/12 166/241/12
f 165/242/131 167/60/131 166/243/131
f 166/243/131 167/60/131 168/54/131
f 166/243/132 168/54/132 169/244/132
f 164/238/12 166/241/12 169/245/12
f 169/244/132 168/54/132 170/59/132
f 169/246/133 170/247/133 171/248/133
f 172/249/12 169/245/12 171/250/12
f 164/238/12 169/245/12 172/249/12
f 173/182/134 172/181/134 175/180/134
f 174/179/134 172/181/134 173/182/134
f 174/179/135 164/188/135 172/181/135
f 172/249/12 171/250/12 175/251/12
f 175/251/12 177/252/12 176/253/12
f 178/254/136 175/180/136 176/183/136
f 175/251/12 171/250/12 177/252/12
f 173/182/136 175/180/136 178/254/136
f 179/255/1 182/256/1 178/253/1
f 180/257/1 179/255/1 178/253/1
f 178/254/137 176/183/137 180/258/137
f 178/253/1 181/259/1 173/251/1
f 178/253/1 182/256/1 181/259/1
f 184/260/138 182/261/138 179/262/138
f 183/263/139 181/264/139 182/261/139
f 183/263/139 182/261/139 184/260/139
f 184/260/138 179/262/138 186/265/138
f 185/253/12 183/259/12 184/256/12
f 185/253/12 184/256/12 187/257/12
f 187/257/12 184/256/12 186/255/12
f 188/266/137 185/267/137 187/268/137
f 188/266/140 187/268/140 189/269/140
f 189/269/140 187/268/140 190/270/140
f 187/257/12 186/255/12 190/271/12
f 189/269/141 190/270/141 191/272/141
f 191/272/141 190/270/141 192/273/141
f 190/271/12 193/274/12 192/275/12
f 190/271/12 186/255/12 193/274/12
f 193/137/142 196/276/142 194/139/142
f 193/137/143 194/139/143 197/132/143
f 186/265/144 195/165/144 193/137/144
f 193/137/145 195/165/145 196/276/145
f 192/275/12 193/274/12 197/277/12
f 199/278/12 197/277/12 198/279/12
f 197/132/146 200/131/146 198/116/146
f 192/275/12 197/277/12 199/278/12
f 197/132/147 201/138/147 200/131/147
f 197/132/148 194/139/148 201/138/148
f 194/139/149 202/144/149 201/138/149
f 202/144/150 203/140/150 201/138/150
f 203/140/151 200/131/151 201/138/151
f 203/140/152 204/130/152 200/131/152
f 205/129/153 204/130/153 203/140/153
f 207/280/24 203/281/24 202/282/24
f 206/283/24 205/284/24 203/281/24
f 206/283/24 203/281/24 207/280/24
f 207/161/154 208/285/154 209/164/154
f 207/280/24 202/282/24 208/286/24
f 211/163/154 207/161/154 209/164/154
f 210/160/155 207/161/155 211/163/155
f 210/160/156 206/146/156 207/161/156
f 214/165/157 212/167/157 211/163/157
f 212/167/154 213/162/154 211/163/154
f 213/162/158 210/160/158 211/163/158
f 211/163/159 209/164/159 214/165/159
f 215/166/160 212/167/160 214/165/160
f 216/173/161 215/166/161 214/165/161
f 214/165/159 209/164/159 216/173/159
f 217/271/12 216/287/12 218/275/12
f 217/271/12 215/288/12 216/287/12
f 218/275/12 216/287/12 220/289/12
f 216/173/158 209/164/158 219/290/158
f 216/173/162 219/290/162 220/291/162
f 224/278/12 220/289/12 221/292/12
f 220/291/163 222/293/163 221/294/163
f 220/291/164 223/295/164 222/293/164
f 220/291/165 219/290/165 223/295/165
f 218/275/12 220/289/12 224/278/12
f 227/296/166 218/297/166 224/298/166
f 225/299/167 224/298/167 226/300/167
f 227/296/167 224/298/167 225/299/167
f 224/278/12 221/292/12 226/301/12
f 227/278/1 228/279/1 230/275/1
f 227/278/1 229/302/1 228/279/1
f 225/301/1 229/302/1 227/278/1
f 230/303/166 218/297/166 227/296/166
f 230/275/1 228/279/1 231/277/1
f 230/275/1 231/277/1 232/271/1
f 232/304/141 217/305/141 230/303/141
f 230/303/141 217/305/141 218/297/141
f 180/258/140 233/306/140 232/304/140
f 232/271/1 234/274/1 180/257/1
f 232/304/140 233/306/140 217/305/140
f 232/271/1 231/277/1 234/274/1
f 237/307/168 234/308/168 235/309/168
f 234/308/169 231/310/169 235/309/169
f 236/311/142 234/308/142 237/307/142
f 236/311/109 179/262/109 234/308/109
f 180/257/1 234/274/1 179/255/1
f 238/312/170 236/311/170 237/307/170
f 238/312/171 237/307/171 239/313/171
f 239/313/172 237/307/172 235/309/172
f 239/313/173 235/309/173 240/314/173
f 239/313/174 240/314/174 241/315/174
f 243/316/24 239/317/24 241/318/24
f 242/319/24 238/320/24 239/317/24
f 242/319/24 239/317/24 243/316/24
f 242/321/175 243/322/175 245/323/175
f 243/316/24 241/318/24 244/324/24
f 244/325/176 246/326/176 243/322/176
f 243/322/177 247/327/177 245/323/177
f 243/322/178 246/326/178 247/327/178
f 221/294/179 245/323/179 247/327/179
f 221/294/180 247/327/180 248/328/180
f 248/328/181 247/327/181 246/326/181
f 251/56/12 248/329/12 249/57/12
f 248/328/182 250/330/182 249/331/182
f 248/328/183 246/326/183 250/330/183
f 226/301/12 221/292/12 248/329/12
f 226/301/12 248/329/12 251/56/12
f 252/332/184 251/333/184 254/334/184
f 253/335/184 251/333/184 252/332/184
f 253/336/185 226/300/185 251/337/185
f 251/56/12 249/57/12 254/58/12
f 254/58/12 256/55/12 255/21/12
f 257/338/186 254/334/186 255/339/186
f 254/58/12 249/57/12 256/55/12
f 252/332/186 254/334/186 257/338/186
f 257/21/1 258/26/1 261/340/1
f 257/21/1 260/27/1 258/26/1
f 257/21/1 261/340/1 252/58/1
f 257/338/10 255/339/10 259/341/10
f 259/16/1 260/27/1 257/21/1
f 252/58/1 261/340/1 262/342/1
f 261/343/187 265/344/187 262/345/187
f 263/346/188 264/347/188 261/343/188
f 261/343/189 258/348/189 263/346/189
f 261/343/190 264/347/190 265/344/190
f 267/349/191 265/340/191 264/350/191
f 262/345/192 265/344/192 266/351/192
f 267/349/193 266/352/193 265/340/193
f 267/349/194 264/350/194 268/44/194
f 269/353/195 266/352/195 267/349/195
f 271/354/24 267/344/24 268/346/24
f 270/355/24 269/356/24 267/344/24
f 270/355/24 267/344/24 271/354/24
f 270/48/196 271/47/196 273/52/196
f 272/51/197 274/17/197 271/47/197
f 271/354/24 268/346/24 272/357/24
f 271/47/198 275/50/198 273/52/198
f 271/47/199 274/17/199 275/50/199
f 276/358/200 275/359/200 274/357/200
f 277/242/201 275/359/201 276/358/201
f 277/242/35 273/354/35 275/359/35
f 255/21/12 277/52/12 278/16/12
f 255/21/12 256/55/12 277/52/12
f 278/16/12 277/52/12 276/17/12
f 256/243/202 279/360/202 277/242/202
f 277/242/203 279/360/203 273/354/203
f 256/243/32 280/355/32 279/360/32
f 273/52/204 279/46/204 270/48/204
f 270/48/205 279/46/205 280/55/205
f 256/243/206 282/361/206 280/355/206
f 281/362/207 280/55/207 282/363/207
f 270/48/208 280/55/208 281/362/208
f 249/244/209 282/361/209 256/243/209
f 281/362/210 282/363/210 283/57/210
f 249/331/211 283/364/211 282/365/211
f 244/325/212 281/366/212 283/364/212
f 249/331/213 250/330/213 283/364/213
f 283/364/214 250/330/214 244/325/214
f 281/367/24 284/368/24 269/356/24
f 281/367/24 269/356/24 270/355/24
f 244/324/24 285/369/24 281/367/24
f 281/367/24 285/369/24 284/368/24
f 285/370/215 287/371/215 284/372/215
f 244/324/24 241/318/24 285/369/24
f 241/315/216 288/373/216 285/370/216
f 285/370/217 286/374/217 287/371/217
f 285/370/218 288/373/218 286/374/218
f 228/375/219 288/373/219 289/376/219
f 286/374/220 288/373/220 228/375/220
f 241/315/221 289/376/221 288/373/221
f 228/375/222 289/376/222 231/310/222
f 231/310/223 289/376/223 240/314/223
f 241/315/224 240/314/224 289/376/224
f 229/377/225 287/371/225 286/374/225
f 229/377/226 290/378/226 287/371/226
f 284/372/227 287/371/227 290/378/227
f 291/379/228 290/378/228 229/377/228
f 291/379/229 292/380/229 290/378/229
f 284/372/230 290/378/230 292/380/230
f 293/381/231 292/380/231 291/379/231
f 269/382/232 292/380/232 293/381/232
f 284/372/233 292/380/233 269/382/233
f 291/379/234 262/383/234 293/381/234
f 262/345/235 266/351/235 293/356/235
f 269/353/236 293/342/236 266/352/236
f 253/56/1 262/342/1 291/384/1
f 253/56/1 291/384/1 225/301/1
f 225/301/1 291/384/1 229/302/1
f 228/375/237 229/377/237 286/374/237
f 259/341/10 255/339/10 278/385/10
f 278/16/12 276/17/12 294/9/12
f 295/386/11 278/385/11 294/387/11
f 259/341/11 278/385/11 295/386/11
f 295/9/1 296/35/1 298/34/1
f 297/3/1 296/35/1 295/9/1
f 295/386/3 294/387/3 297/388/3
f 295/9/1 298/34/1 259/16/1
f 299/389/238 298/390/238 301/391/238
f 299/389/18 300/392/18 298/390/18
f 298/390/239 300/392/239 260/393/239
f 259/16/1 298/34/1 260/27/1
f 301/391/240 298/390/240 296/388/240
f 301/391/241 296/388/241 302/394/241
f 304/69/242 301/35/242 302/68/242
f 303/66/243 301/35/243 304/69/243
f 303/66/244 299/41/244 301/35/244
f 307/395/24 304/396/24 305/397/24
f 305/75/245 304/69/245 308/71/245
f 306/398/24 303/391/24 304/396/24
f 306/398/24 304/396/24 307/395/24
f 304/69/246 302/68/246 308/71/246
f 302/394/247 309/399/247 308/396/247
f 308/396/248 309/399/248 310/400/248
f 308/71/249 310/72/249 305/75/249
f 310/400/250 309/399/250 311/401/250
f 310/400/54 311/401/54 312/397/54
f 305/75/251 310/72/251 312/78/251
f 314/402/252 312/78/252 313/403/252
f 312/397/253 311/401/253 313/404/253
f 305/75/254 312/78/254 314/402/254
f 315/405/24 305/397/24 314/406/24
f 315/405/24 314/406/24 316/407/24
f 314/406/24 318/408/24 316/407/24
f 314/402/255 313/403/255 317/80/255
f 318/409/256 314/402/256 317/80/256
f 317/80/257 319/410/257 318/409/257
f 318/409/258 319/410/258 320/89/258
f 318/409/259 320/89/259 321/411/259
f 316/407/24 318/408/24 321/412/24
f 321/411/260 325/413/260 322/96/260
f 323/372/261 321/382/261 322/381/261
f 324/414/24 321/412/24 323/415/24
f 321/411/262 320/89/262 325/413/262
f 316/407/24 321/412/24 324/414/24
f 325/416/263 326/417/263 327/418/263
f 320/408/264 326/417/264 325/416/264
f 325/416/64 327/418/64 322/412/64
f 322/381/265 327/383/265 328/380/265
f 328/380/266 327/383/266 329/379/266
f 329/98/1 327/96/1 330/90/1
f 330/90/1 327/96/1 326/89/1
f 330/419/66 334/420/66 331/421/66
f 331/97/1 329/98/1 330/90/1
f 332/422/58 333/423/58 330/419/58
f 330/90/1 326/89/1 332/79/1
f 330/419/58 333/423/58 334/420/58
f 331/421/66 334/420/66 335/424/66
f 333/79/12 336/425/12 334/90/12
f 334/90/12 337/426/12 335/97/12
f 334/90/12 336/425/12 337/426/12
f 338/405/267 339/427/267 337/204/267
f 337/204/268 336/206/268 338/405/268
f 337/204/269 339/427/269 340/407/269
f 337/204/270 340/407/270 341/202/270
f 335/97/12 337/426/12 341/428/12
f 345/110/12 341/428/12 342/155/12
f 342/328/271 341/331/271 343/364/271
f 341/331/272 344/365/272 343/364/272
f 341/202/273 340/407/273 344/429/273
f 335/97/12 341/428/12 345/110/12
f 346/299/68 345/300/68 348/296/68
f 346/299/67 335/337/67 345/300/67
f 345/110/12 342/155/12 347/114/12
f 348/296/68 345/300/68 347/298/68
f 348/114/1 349/115/1 346/110/1
f 348/114/1 350/134/1 349/115/1
f 351/133/1 350/134/1 348/114/1
f 348/296/274 347/298/274 351/303/274
f 351/133/1 354/136/1 350/134/1
f 351/303/275 353/297/275 352/304/275
f 352/135/1 354/136/1 351/133/1
f 351/303/274 347/298/274 353/297/274
f 355/165/276 354/308/276 358/262/276
f 357/311/277 354/308/277 355/165/277
f 356/307/278 350/310/278 354/308/278
f 356/307/279 354/308/279 357/311/279
f 352/135/1 358/430/1 354/136/1
f 355/165/280 358/262/280 359/265/280
f 359/265/281 358/262/281 360/261/281
f 361/168/1 360/431/1 358/430/1
f 361/168/1 358/430/1 352/135/1
f 362/170/1 360/431/1 361/168/1
f 361/258/282 116/306/282 362/254/282
f 352/304/283 363/305/283 361/258/283
f 361/258/283 363/305/283 116/306/283
f 363/135/12 118/171/12 116/168/12
f 363/135/12 364/156/12 118/171/12
f 353/133/12 364/156/12 363/135/12
f 352/304/275 353/297/275 363/305/275
f 364/291/284 368/295/284 118/173/284
f 365/323/285 367/293/285 364/291/285
f 364/291/286 366/294/286 365/323/286
f 353/133/12 366/154/12 364/156/12
f 364/291/100 367/293/100 368/295/100
f 367/293/287 369/321/287 368/295/287
f 118/173/288 368/295/288 370/290/288
f 368/295/289 369/321/289 370/290/289
f 118/173/108 370/290/108 112/164/108
f 370/290/290 369/321/290 371/285/290
f 370/290/291 371/285/291 112/164/291
f 369/432/24 373/433/24 371/434/24
f 371/434/24 372/435/24 108/436/24
f 371/434/24 373/433/24 372/435/24
f 112/164/109 371/285/109 108/161/109
f 373/313/292 377/309/292 372/312/292
f 369/432/24 374/437/24 373/433/24
f 374/315/293 375/376/293 373/313/293
f 373/313/294 375/376/294 376/314/294
f 373/313/295 376/314/295 377/309/295
f 376/314/85 350/310/85 377/309/85
f 377/309/296 350/310/296 356/307/296
f 372/312/297 377/309/297 356/307/297
f 376/314/298 349/375/298 350/310/298
f 375/376/299 349/375/299 376/314/299
f 374/315/300 378/373/300 375/376/300
f 378/373/78 349/375/78 375/376/78
f 378/373/301 379/377/301 349/375/301
f 380/374/302 378/373/302 374/315/302
f 380/374/303 379/377/303 378/373/303
f 382/370/304 381/371/304 380/374/304
f 381/371/70 379/377/70 380/374/70
f 374/315/305 382/370/305 380/374/305
f 385/438/24 382/439/24 374/437/24
f 384/440/24 323/415/24 382/439/24
f 323/372/306 383/378/306 382/370/306
f 382/370/307 383/378/307 381/371/307
f 384/440/24 382/439/24 385/438/24
f 385/438/24 374/437/24 369/432/24
f 386/327/308 384/325/308 385/322/308
f 367/293/309 385/322/309 369/321/309
f 386/327/310 385/322/310 365/323/310
f 365/323/311 385/322/311 367/293/311
f 366/294/97 386/327/97 365/323/97
f 366/294/312 387/326/312 386/327/312
f 387/326/313 384/325/313 386/327/313
f 342/328/314 387/326/314 366/294/314
f 342/328/315 388/330/315 387/326/315
f 388/330/316 384/325/316 387/326/316
f 343/364/317 388/330/317 342/328/317
f 343/364/318 324/366/318 388/330/318
f 388/330/319 324/366/319 384/325/319
f 324/414/24 323/415/24 384/440/24
f 323/372/320 328/380/320 383/378/320
f 328/380/321 329/379/321 383/378/321
f 383/378/322 329/379/322 381/371/322
f 381/371/323 329/379/323 379/377/323
f 331/97/1 379/113/1 329/98/1
f 346/110/1 349/115/1 379/113/1
f 346/110/1 379/113/1 331/97/1
f 108/436/24 372/435/24 97/142/24
f 97/144/154 372/312/154 357/311/154
f 372/312/324 356/307/324 357/311/324
f 347/114/12 342/155/12 366/154/12
f 347/114/12 366/154/12 353/133/12
f 362/254/117 117/183/117 124/182/117
f 124/177/1 389/441/1 362/170/1
f 362/170/1 389/441/1 360/431/1
f 362/254/282 116/306/282 117/183/282
f 390/260/325 360/261/325 389/264/325
f 390/260/325 389/264/325 391/263/325
f 391/263/326 389/264/326 392/442/326
f 124/177/1 392/443/1 389/441/1
f 391/263/326 392/442/326 393/444/326
f 393/444/327 392/442/327 394/445/327
f 394/446/1 392/443/1 124/177/1
f 395/447/328 394/445/328 129/448/328
f 393/444/327 394/445/327 395/447/327
f 123/184/1 129/189/1 394/446/1
f 123/184/1 394/446/1 124/177/1
f 395/447/328 129/448/328 396/449/328
f 398/187/12 395/446/12 396/189/12
f 397/184/12 395/446/12 398/187/12
f 397/184/12 393/443/12 395/446/12
f 399/450/118 397/451/118 398/452/118
f 399/453/119 398/454/119 400/455/119
f 400/455/119 398/454/119 401/456/119
f 398/187/12 396/189/12 401/191/12
f 400/455/120 401/456/120 402/457/120
f 402/457/120 401/456/120 403/458/120
f 401/191/12 404/190/12 403/198/12
f 401/191/12 396/189/12 404/190/12
f 403/198/12 404/190/12 405/195/12
f 396/95/329 130/417/329 404/93/329
f 404/93/330 130/417/330 133/459/330
f 404/93/330 133/459/330 405/81/330
f 403/198/12 405/195/12 406/208/12
f 406/208/12 405/195/12 408/460/12
f 405/81/331 133/459/331 407/401/331
f 405/81/331 407/401/331 408/77/331
f 408/77/332 407/401/332 409/399/332
f 408/77/332 409/399/332 410/83/332
f 411/212/12 408/460/12 410/461/12
f 406/208/12 408/460/12 411/212/12
f 412/462/333 406/463/333 411/464/333
f 412/462/24 411/464/24 413/465/24
f 413/465/24 411/464/24 414/466/24
f 411/212/12 415/467/12 414/218/12
f 411/212/12 410/461/12 415/467/12
f 410/83/334 416/388/334 415/5/334
f 415/5/335 416/388/335 417/390/335
f 415/5/335 417/390/335 418/31/335
f 414/218/12 415/467/12 418/468/12
f 419/226/12 418/468/12 421/469/12
f 414/218/12 418/468/12 419/226/12
f 418/31/336 417/390/336 420/393/336
f 418/31/336 420/393/336 421/28/336
f 421/28/337 420/393/337 158/348/337
f 421/28/337 158/348/337 422/32/337
f 423/229/12 421/469/12 422/231/12
f 419/226/12 421/469/12 423/229/12
f 424/470/128 419/471/128 423/472/128
f 424/470/338 423/472/338 425/473/338
f 425/473/338 423/472/338 426/474/338
f 423/229/12 422/231/12 426/233/12
f 425/473/130 426/474/130 427/475/130
f 427/475/130 426/474/130 428/476/130
f 426/233/12 429/232/12 428/238/12
f 426/233/12 422/231/12 429/232/12
f 422/32/339 159/343/339 429/477/339
f 429/477/340 159/343/340 162/345/340
f 429/477/340 162/345/340 430/478/340
f 428/238/12 429/232/12 430/235/12
f 431/249/12 430/235/12 433/479/12
f 428/238/12 430/235/12 431/249/12
f 430/449/341 162/448/341 432/445/341
f 430/449/341 432/445/341 433/447/341
f 433/447/342 432/445/342 434/442/342
f 433/447/342 434/442/342 435/444/342
f 436/251/12 433/479/12 435/480/12
f 431/249/12 433/479/12 436/251/12
f 437/481/134 431/451/134 436/482/134
f 437/481/136 436/482/136 438/483/136
f 438/483/136 436/482/136 185/267/136
f 436/251/12 183/259/12 185/253/12
f 436/251/12 435/480/12 183/259/12
f 438/253/1 439/484/1 437/251/1
f 438/483/137 185/267/137 188/266/137
f 188/257/1 212/288/1 438/253/1
f 438/253/1 212/288/1 439/484/1
f 215/166/343 439/175/343 212/167/343
f 441/174/343 439/175/343 215/166/343
f 437/251/1 439/484/1 440/252/1
f 441/174/344 440/485/344 439/175/344
f 176/253/12 177/252/12 441/484/12
f 177/176/344 440/485/344 441/174/344
f 233/257/12 441/484/12 215/288/12
f 176/253/12 441/484/12 233/257/12
f 177/176/345 443/486/345 440/485/345
f 442/249/1 440/252/1 443/250/1
f 437/251/1 440/252/1 442/249/1
f 442/249/1 443/250/1 427/238/1
f 427/238/1 443/250/1 170/245/1
f 171/248/133 170/247/133 443/486/133
f 171/248/345 443/486/345 177/176/345
f 442/487/134 431/451/134 437/481/134
f 442/487/135 428/452/135 431/451/135
f 427/450/135 428/452/135 442/487/135
f 435/444/346 434/442/346 181/264/346
f 435/444/346 181/264/346 183/263/346
f 174/249/1 434/480/1 432/479/1
f 173/251/1 181/259/1 434/480/1
f 173/251/1 434/480/1 174/249/1
f 174/249/1 432/479/1 161/238/1
f 161/238/1 432/479/1 162/235/1
f 427/238/1 170/245/1 425/233/1
f 425/233/1 168/241/1 424/229/1
f 425/233/1 170/245/1 168/241/1
f 424/229/1 167/239/1 444/226/1
f 444/488/128 419/471/128 424/470/128
f 424/229/1 168/241/1 167/239/1
f 444/488/127 414/466/127 419/471/127
f 444/226/1 167/239/1 445/228/1
f 444/226/1 445/228/1 413/218/1
f 413/465/127 414/466/127 444/488/127
f 445/228/1 446/220/1 413/218/1
f 156/358/347 446/15/347 445/18/347
f 156/358/348 445/18/348 165/242/348
f 165/242/348 445/18/348 167/60/348
f 413/218/1 446/220/1 149/217/1
f 150/219/126 149/4/126 446/15/126
f 150/219/347 446/15/347 156/358/347
f 422/32/339 158/348/339 159/343/339
f 152/226/1 158/231/1 420/469/1
f 152/226/1 420/469/1 153/218/1
f 153/218/1 420/469/1 417/468/1
f 153/218/1 417/468/1 416/467/1
f 447/212/1 416/467/1 409/461/1
f 410/83/334 409/399/334 416/388/334
f 153/218/1 416/467/1 447/212/1
f 447/489/24 144/225/24 153/224/24
f 447/212/1 409/461/1 448/208/1
f 448/490/333 141/491/333 447/489/333
f 447/489/333 141/491/333 144/225/333
f 448/208/1 407/460/1 132/198/1
f 448/208/1 409/461/1 407/460/1
f 132/197/349 135/200/349 448/490/349
f 448/490/349 135/200/349 141/491/349
f 413/218/1 149/217/1 412/212/1
f 412/212/1 147/213/1 449/208/1
f 449/492/333 406/463/333 412/462/333
f 412/212/1 149/217/1 147/213/1
f 449/208/1 145/209/1 402/198/1
f 402/457/349 403/458/349 449/492/349
f 449/492/349 403/458/349 406/463/349
f 449/208/1 147/213/1 145/209/1
f 132/198/1 407/460/1 133/195/1
f 402/198/1 145/209/1 142/207/1
f 402/198/1 142/207/1 400/191/1
f 400/191/1 139/201/1 399/187/1
f 400/191/1 142/207/1 139/201/1
f 399/187/1 138/199/1 450/184/1
f 450/487/118 397/451/118 399/450/118
f 399/187/1 139/201/1 138/199/1
f 450/184/1 453/186/1 451/177/1
f 451/481/116 452/482/116 450/487/116
f 450/487/116 452/482/116 397/451/116
f 450/184/1 138/199/1 453/186/1
f 451/177/1 453/186/1 454/178/1
f 127/248/350 454/485/350 453/486/350
f 127/248/351 453/486/351 136/246/351
f 136/246/351 453/486/351 138/247/351
f 451/177/1 454/178/1 455/170/1
f 455/170/1 454/178/1 120/172/1
f 121/176/115 120/175/115 454/485/115
f 121/176/350 454/485/350 127/248/350
f 455/170/1 120/172/1 456/168/1
f 456/266/282 457/268/282 455/483/282
f 455/483/282 457/268/282 458/267/282
f 455/483/117 458/267/117 451/481/117
f 457/168/12 359/430/12 458/170/12
f 451/481/117 458/267/117 452/482/117
f 458/170/12 391/441/12 452/177/12
f 359/430/12 390/431/12 458/170/12
f 458/170/12 390/431/12 391/441/12
f 92/135/12 93/136/12 457/168/12
f 456/266/283 92/270/283 457/268/283
f 457/168/12 93/136/12 359/430/12
f 456/168/1 114/169/1 459/135/1
f 459/269/283 92/270/283 456/266/283
f 456/168/1 120/172/1 114/169/1
f 459/135/1 110/171/1 460/133/1
f 460/272/275 91/273/275 459/269/275
f 459/269/275 91/273/275 92/270/275
f 459/135/1 114/169/1 110/171/1
f 460/272/274 76/112/274 91/273/274
f 460/133/1 110/171/1 105/156/1
f 460/133/1 105/156/1 75/114/1
f 75/111/274 76/112/274 460/272/274
f 452/177/12 393/443/12 397/184/12
f 452/177/12 391/441/12 393/443/12
f 396/95/329 129/418/329 130/417/329
f 359/265/281 360/261/281 390/260/281
f 355/165/352 359/265/352 461/276/352
f 461/276/154 359/265/154 93/137/154
f 461/276/277 357/311/277 355/165/277
f 95/139/353 97/144/353 461/276/353
f 461/276/279 93/137/279 95/139/279
f 461/276/154 97/144/154 357/311/154
f 331/336/67 335/337/67 346/299/67
f 344/493/354 316/494/354 324/495/354
f 340/426/355 316/494/355 344/493/355
f 344/493/356 324/495/356 343/428/356
f 339/496/357 316/494/357 340/426/357
f 339/496/358 315/497/358 316/494/358
f 338/425/359 315/497/359 339/496/359
f 462/498/360 315/497/360 338/425/360
f 336/206/361 462/499/361 338/405/361
f 462/498/362 307/500/362 315/497/362
f 463/501/363 307/500/363 462/498/363
f 336/206/364 463/395/364 462/499/364
f 464/502/365 307/500/365 463/501/365
f 465/211/366 464/503/366 463/395/366
f 465/211/367 463/395/367 336/206/367
f 466/82/12 465/501/12 333/79/12
f 466/82/12 468/2/12 465/501/12
f 333/79/12 465/501/12 336/425/12
f 467/398/368 464/503/368 465/211/368
f 465/211/369 468/215/369 467/398/369
f 468/215/370 471/504/370 467/398/370
f 472/1/12 469/8/12 468/2/12
f 469/216/371 470/505/371 468/215/371
f 468/215/372 470/505/372 471/504/372
f 472/1/12 468/2/12 466/82/12
f 473/506/373 472/507/373 466/508/373
f 475/3/12 469/8/12 472/1/12
f 474/509/373 472/507/373 473/506/373
f 474/509/2 475/216/2 472/507/2
f 297/388/2 475/216/2 474/509/2
f 297/388/3 294/387/3 475/216/3
f 294/9/12 476/11/12 475/3/12
f 475/3/12 476/11/12 469/8/12
f 294/9/12 276/17/12 476/11/12
f 476/219/374 477/510/374 469/216/374
f 476/219/8 479/511/8 477/510/8
f 276/358/375 478/512/375 476/219/375
f 476/219/376 478/512/376 479/511/376
f 479/11/377 478/63/377 272/51/377
f 480/64/378 479/11/378 272/51/378
f 477/65/379 479/11/379 480/64/379
f 480/511/24 481/392/24 483/505/24
f 480/511/24 482/513/24 481/392/24
f 272/357/24 482/513/24 480/511/24
f 470/8/380 480/64/380 483/66/380
f 477/65/381 480/64/381 470/8/381
f 483/505/24 481/392/24 303/391/24
f 483/505/24 303/391/24 306/398/24
f 471/514/382 483/66/382 306/515/382
f 470/8/383 483/66/383 471/514/383
f 482/39/384 484/516/384 486/27/384
f 268/44/385 484/516/385 482/39/385
f 482/39/386 485/38/386 481/40/386
f 272/357/24 268/346/24 482/513/24
f 482/39/387 486/27/387 485/38/387
f 258/348/388 486/513/388 484/517/388
f 260/393/389 486/513/389 258/348/389
f 260/393/13 485/518/13 486/513/13
f 481/40/390 485/38/390 300/34/390
f 300/392/391 485/518/391 260/393/391
f 258/348/392 484/517/392 263/346/392
f 268/44/393 263/26/393 484/516/393
f 481/40/394 300/34/394 299/41/394
f 481/40/395 299/41/395 303/66/395
f 276/358/39 274/357/39 478/512/39
f 272/51/396 478/63/396 274/17/396
f 469/216/397 477/510/397 470/505/397
f 473/82/1 311/78/1 474/1/1
f 474/1/1 309/71/1 297/3/1
f 474/1/1 311/78/1 309/71/1
f 473/506/57 466/508/57 332/422/57
f 332/79/1 487/80/1 473/82/1
f 473/82/1 487/80/1 311/78/1
f 313/404/398 487/459/398 317/406/398
f 313/404/399 311/401/399 487/459/399
f 317/406/400 487/459/400 319/519/400
f 319/519/401 487/459/401 326/417/401
f 332/79/1 326/89/1 487/80/1
f 471/514/402 306/515/402 467/2/402
f 467/2/403 306/515/403 464/502/403
f 332/422/57 466/508/57 333/423/57
f 464/502/404 306/515/404 307/500/404
f 322/381/405 328/380/405 323/372/405
f 319/519/406 326/417/406 320/408/406
f 307/395/24 305/397/24 315/405/24
f 297/3/1 309/71/1 296/35/1
f 302/394/407 296/388/407 309/399/407
f 268/44/408 264/350/408 263/26/408
f 252/58/1 262/342/1 253/56/1
f 225/299/185 226/300/185 253/336/185
f 244/325/409 250/330/409 246/326/409
f 221/294/410 222/293/410 245/323/410
f 245/323/411 222/293/411 242/321/411
f 242/321/412 223/295/412 208/285/412
f 208/286/24 238/320/24 242/319/24
f 242/321/413 222/293/413 223/295/413
f 231/310/147 240/314/147 235/309/147
f 202/144/109 236/311/109 238/312/109
f 208/286/24 202/282/24 238/320/24
f 195/165/414 179/262/414 236/311/414
f 196/276/109 236/311/109 202/144/109
f 195/165/145 236/311/145 196/276/145
f 180/258/137 176/183/137 233/306/137
f 233/257/12 215/288/12 217/271/12
f 208/285/415 223/295/415 219/290/415
f 208/285/416 219/290/416 209/164/416
f 189/271/1 213/287/1 188/257/1
f 189/271/1 488/289/1 213/287/1
f 188/257/1 213/287/1 212/288/1
f 488/157/417 489/159/417 213/162/417
f 213/162/418 489/159/418 210/160/418
f 488/157/164 490/158/164 489/159/164
f 490/158/419 206/146/419 489/159/419
f 489/159/420 206/146/420 210/160/420
f 491/148/421 490/158/421 488/157/421
f 491/148/422 492/147/422 490/158/422
f 490/158/423 492/147/423 206/146/423
f 492/520/24 205/284/24 206/283/24
f 492/520/24 493/521/24 205/284/24
f 494/522/24 493/521/24 492/520/24
f 495/151/424 494/149/424 492/147/424
f 495/151/425 492/147/425 491/148/425
f 496/153/179 495/151/179 491/148/179
f 496/153/426 497/150/426 495/151/426
f 497/150/427 494/149/427 495/151/427
f 498/152/428 497/150/428 496/153/428
f 498/152/183 499/523/183 497/150/183
f 499/523/429 494/149/429 497/150/429
f 500/524/430 499/523/430 498/152/430
f 500/524/431 501/525/431 499/523/431
f 499/523/432 501/525/432 494/149/432
f 501/526/24 502/527/24 494/522/24
f 501/526/24 503/528/24 502/527/24
f 504/363/433 32/48/433 501/362/433
f 32/49/24 503/528/24 501/526/24
f 504/363/434 501/362/434 500/57/434
f 39/529/211 504/530/211 500/524/211
f 39/59/435 36/49/435 504/531/435
f 36/55/436 32/48/436 504/363/436
f 502/121/437 503/532/437 508/101/437
f 32/49/24 505/533/24 503/528/24
f 505/349/438 507/340/438 503/353/438
f 503/353/439 506/352/439 508/342/439
f 503/353/440 507/340/440 506/352/440
f 509/478/235 508/528/235 506/534/235
f 509/100/441 510/535/441 508/101/441
f 508/101/442 510/535/442 502/121/442
f 511/99/443 510/535/443 509/100/443
f 511/99/229 512/120/229 510/535/229
f 502/121/444 510/535/444 512/120/444
f 493/122/445 512/120/445 513/119/445
f 511/99/446 513/119/446 512/120/446
f 502/121/447 512/120/447 493/122/447
f 514/117/225 515/118/225 513/119/225
f 514/117/448 513/119/448 511/99/448
f 493/122/449 513/119/449 515/118/449
f 514/117/450 516/126/450 515/118/450
f 515/118/451 516/126/451 205/129/451
f 205/129/452 493/122/452 515/118/452
f 198/116/453 516/126/453 514/117/453
f 198/116/219 204/130/219 516/126/219
f 205/129/454 516/126/454 204/130/454
f 518/301/12 198/279/12 514/302/12
f 517/56/12 514/302/12 511/384/12
f 518/301/12 514/302/12 517/56/12
f 199/278/12 198/279/12 518/301/12
f 519/108/167 199/112/167 518/109/167
f 519/108/185 518/109/185 38/106/185
f 38/106/185 518/109/185 517/107/185
f 519/301/1 498/329/1 520/278/1
f 520/111/167 199/112/167 519/108/167
f 38/56/1 39/57/1 519/301/1
f 519/301/1 39/57/1 498/329/1
f 520/278/1 496/292/1 191/275/1
f 191/272/166 192/273/166 520/111/166
f 520/111/166 192/273/166 199/112/166
f 520/278/1 498/329/1 496/292/1
f 38/536/184 517/537/184 40/538/184
f 40/538/184 517/537/184 521/539/184
f 517/56/12 511/384/12 521/58/12
f 40/538/186 521/539/186 15/22/186
f 15/22/186 521/539/186 16/23/186
f 521/58/12 522/340/12 16/21/12
f 511/384/12 509/342/12 521/58/12
f 521/58/12 509/342/12 522/340/12
f 16/21/12 522/340/12 18/26/12
f 522/477/455 523/540/455 18/32/455
f 522/477/190 507/533/190 523/540/190
f 509/478/456 506/534/456 522/477/456
f 522/477/457 506/534/457 507/533/457
f 524/26/458 523/350/458 505/349/458
f 18/32/459 523/540/459 524/43/459
f 505/349/460 523/350/460 507/340/460
f 505/349/461 29/44/461 524/26/461
f 29/44/462 21/516/462 524/26/462
f 18/32/392 524/43/392 21/33/392
f 32/49/24 29/43/24 505/533/24
f 494/522/24 502/527/24 493/521/24
f 498/152/463 39/529/463 500/524/463
f 191/275/1 496/292/1 488/289/1
f 488/157/464 496/153/464 491/148/464
f 191/275/1 488/289/1 189/271/1
f 198/116/465 200/131/465 204/130/465
f 196/276/466 202/144/466 194/139/466
f 186/265/467 179/262/467 195/165/467
f 161/185/135 164/188/135 174/179/135
f 155/229/12 156/228/12 165/239/12
f 126/187/12 127/186/12 136/199/12
f 108/436/24 97/142/24 98/141/24
f 72/97/1 103/155/1 525/428/1
f 103/152/468 526/523/468 525/529/468
f 73/110/1 103/155/1 72/97/1
f 103/152/315 101/150/315 526/523/315
f 525/529/469 526/523/469 527/524/469
f 527/524/470 526/523/470 85/149/470
f 85/149/471 526/523/471 101/150/471
f 525/529/272 527/524/272 528/530/272
f 86/495/472 528/493/472 527/428/472
f 85/149/473 86/525/473 527/524/473
f 525/203/474 528/541/474 530/205/474
f 86/495/475 529/426/475 528/493/475
f 530/205/476 528/541/476 529/542/476
f 61/90/1 530/426/1 60/79/1
f 61/90/1 525/428/1 530/426/1
f 60/79/1 530/426/1 531/425/1
f 530/205/477 532/543/477 531/210/477
f 530/205/269 529/542/269 532/543/269
f 531/210/478 532/543/478 533/544/478
f 533/425/479 532/496/479 534/494/479
f 534/494/480 532/496/480 529/426/480
f 534/542/24 535/94/24 537/544/24
f 534/542/24 536/103/24 535/94/24
f 86/125/24 536/103/24 534/542/24
f 534/494/481 529/426/481 86/495/481
f 534/494/482 537/497/482 533/425/482
f 538/500/483 539/501/483 537/497/483
f 537/544/24 541/91/24 538/545/24
f 537/497/484 540/498/484 533/425/484
f 537/497/485 539/501/485 540/498/485
f 537/544/24 535/94/24 541/91/24
f 538/545/24 541/91/24 51/74/24
f 542/403/486 51/75/486 541/402/486
f 64/80/487 541/402/487 65/410/487
f 542/403/488 541/402/488 64/80/488
f 65/410/489 541/402/489 535/409/489
f 56/81/398 542/546/398 64/91/398
f 56/81/490 54/74/490 542/546/490
f 54/78/491 51/75/491 542/403/491
f 531/210/361 533/544/361 540/547/361
f 531/210/492 540/547/492 543/214/492
f 543/214/493 540/547/493 539/545/493
f 2/1/1 543/501/1 6/2/1
f 543/214/494 545/548/494 6/12/494
f 544/82/1 543/501/1 2/1/1
f 544/82/1 531/425/1 543/501/1
f 543/214/366 539/545/366 545/548/366
f 546/2/495 545/502/495 538/500/495
f 6/12/496 545/548/496 546/73/496
f 538/500/497 545/502/497 539/501/497
f 52/515/498 546/2/498 538/500/498
f 6/12/499 546/73/499 8/13/499
f 8/514/500 546/2/500 52/515/500
f 2/6/373 547/549/373 544/550/373
f 544/550/373 547/549/373 57/85/373
f 544/550/57 57/85/57 60/84/57
f 60/79/1 531/425/1 544/82/1
f 3/3/12 24/35/12 547/1/12
f 2/6/2 3/5/2 547/549/2
f 547/1/12 58/71/12 57/82/12
f 547/1/12 24/35/12 58/71/12
f 538/545/24 51/74/24 52/73/24
f 70/413/501 535/409/501 536/411/501
f 69/101/210 536/532/210 548/535/210
f 70/413/502 536/411/502 69/96/502
f 86/125/24 82/124/24 536/103/24
f 548/535/503 536/532/503 82/121/503
f 68/99/321 548/535/321 80/120/321
f 69/101/504 548/535/504 68/99/504
f 548/535/505 82/121/505 80/120/505
f 65/410/506 535/409/506 66/89/506
f 66/89/507 535/409/507 70/413/507
f 72/97/1 525/428/1 61/90/1
f 76/114/12 78/115/12 91/133/12
f 61/87/66 62/88/66 72/104/66
f 58/83/247 47/551/247 50/70/247
f 24/5/508 48/67/508 58/83/508
f 58/83/509 48/67/509 47/551/509
f 9/8/510 52/515/510 45/66/510
f 8/514/511 52/515/511 9/8/511
f 25/41/512 27/40/512 48/35/512
f 24/5/513 25/36/513 48/67/513
f 9/8/514 45/66/514 13/65/514
f 29/44/515 22/27/515 21/516/515
usemtl Black_Mosaic_Studded_Rubber
f 549/552/516 551/553/516 550/554/516
f 550/554/517 554/555/517 549/552/517
f 549/552/518 553/556/518 551/553/518
f 552/557/518 553/556/518 549/552/518
f 554/555/519 552/557/519 549/552/519
f 559/558/520 555/559/520 554/555/520
f 554/555/521 555/559/521 556/560/521
f 556/560/522 558/561/522 554/555/522
f 554/555/523 558/561/523 552/557/523
f 557/562/524 559/558/524 554/555/524
f 557/562/525 554/555/525 550/554/525
f 560/563/526 561/564/526 559/558/526
f 562/565/527 560/563/527 559/558/527
f 559/558/528 561/564/528 555/559/528
f 562/565/529 559/558/529 557/562/529
f 565/566/530 563/567/530 562/565/530
f 563/567/531 560/563/531 562/565/531
f 565/566/532 562/565/532 564/568/532
f 564/568/533 562/565/533 557/562/533
f 564/568/534 566/569/534 565/566/534
f 565/566/535 566/569/535 568/570/535
f 565/566/536 568/570/536 567/571/536
f 567/571/537 563/567/537 565/566/537
f 571/572/538 568/570/538 566/569/538
f 570/573/539 569/574/539 568/570/539
f 567/571/540 568/570/540 569/574/540
f 570/573/541 568/570/541 571/572/541
f 572/575/542 570/573/542 571/572/542
f 572/575/543 571/572/543 573/576/543
f 573/576/544 571/572/544 576/577/544
f 566/569/545 574/578/545 571/572/545
f 571/572/546 574/578/546 575/579/546
f 571/572/547 575/579/547 576/577/547
f 575/579/548 577/580/548 576/577/548
f 576/577/548 577/580/548 578/581/548
f 576/577/549 578/581/549 573/576/549
f 581/582/550 578/581/550 577/580/550
f 573/576/549 578/581/549 579/583/549
f 580/584/551 579/583/551 578/581/551
f 580/584/552 578/581/552 581/582/552
f 581/582/553 584/585/553 580/584/553
f 581/582/554 577/580/554 582/586/554
f 582/586/555 583/587/555 581/582/555
f 581/582/556 583/587/556 584/585/556
f 580/584/557 584/585/557 585/588/557
f 584/585/558 587/589/558 585/588/558
f 583/587/559 586/590/559 584/585/559
f 584/585/560 586/590/560 587/589/560
f 586/590/561 589/591/561 587/589/561
f 585/588/562 587/589/562 588/592/562
f 587/589/563 590/593/563 588/592/563
f 587/589/564 589/591/564 590/593/564
f 589/591/565 592/594/565 590/593/565
f 588/592/566 590/593/566 591/595/566
f 590/596/567 593/597/567 591/598/567
f 590/596/568 592/599/568 593/597/568
f 592/599/569 595/600/569 593/597/569
f 591/598/570 593/597/570 594/601/570
f 593/597/571 596/602/571 594/601/571
f 593/597/572 595/600/572 596/602/572
f 595/600/573 598/603/573 596/602/573
f 594/601/574 596/602/574 597/604/574
f 596/602/575 599/605/575 597/604/575
f 596/602/576 598/603/576 599/605/576
f 598/603/577 601/606/577 599/605/577
f 597/604/578 599/605/578 600/607/578
f 599/605/579 602/608/579 600/607/579
f 599/605/579 601/606/579 602/608/579
f 601/606/580 604/609/580 602/608/580
f 600/607/581 602/608/581 603/610/581
f 602/608/582 605/611/582 603/610/582
f 602/608/583 604/609/583 605/611/583
f 605/611/584 608/612/584 606/613/584
f 605/611/585 606/613/585 607/614/585
f 604/609/586 608/612/586 605/611/586
f 603/610/587 605/611/587 607/614/587
f 608/612/588 610/615/588 609/616/588
f 609/616/588 606/613/588 608/612/588
f 604/609/589 610/615/589 608/612/589
f 609/616/588 610/615/588 611/617/588
f 612/618/590 611/617/590 610/615/590
f 612/618/591 610/615/591 604/609/591
f 614/619/592 611/617/592 612/618/592
f 613/620/593 614/619/593 612/618/593
f 613/620/593 612/618/593 601/606/593
f 601/606/580 612/618/580 604/609/580
f 614/619/592 617/621/592 611/617/592
f 615/622/594 616/623/594 614/619/594
f 615/622/595 614/619/595 613/620/595
f 616/623/596 617/621/596 614/619/596
f 617/621/588 618/624/588 609/616/588
f 609/616/588 611/617/588 617/621/588
f 616/623/597 618/624/597 617/621/597
f 609/616/588 618/624/588 619/625/588
f 620/626/598 619/625/598 618/624/598
f 620/626/599 618/624/599 616/623/599
f 621/627/600 622/628/600 620/626/600
f 621/627/601 620/626/601 623/629/601
f 622/628/602 619/625/602 620/626/602
f 623/629/603 620/626/603 616/623/603
f 624/630/604 621/627/604 623/629/604
f 624/630/605 623/629/605 625/631/605
f 625/631/606 623/629/606 615/622/606
f 623/629/607 616/623/607 615/622/607
f 626/632/608 624/630/608 625/631/608
f 626/632/609 625/631/609 627/633/609
f 627/633/610 625/631/610 628/634/610
f 625/631/606 615/622/606 628/634/606
f 627/633/611 628/634/611 595/600/611
f 595/600/612 628/634/612 598/603/612
f 628/634/613 613/620/613 598/603/613
f 628/634/614 615/622/614 613/620/614
f 629/635/615 626/632/615 627/633/615
f 629/635/616 627/633/616 592/599/616
f 592/599/617 627/633/617 595/600/617
f 630/636/618 631/637/618 629/638/618
f 630/636/618 629/638/618 589/591/618
f 631/639/619 626/632/619 629/635/619
f 589/591/620 629/638/620 592/594/620
f 633/640/621 631/637/621 630/636/621
f 634/641/622 632/642/622 631/639/622
f 631/639/623 632/642/623 626/632/623
f 633/640/624 634/643/624 631/637/624
f 635/644/625 636/645/625 634/643/625
f 635/644/626 634/643/626 633/640/626
f 636/646/627 637/647/627 634/641/627
f 634/641/628 637/647/628 632/642/628
f 636/646/629 638/648/629 637/647/629
f 638/648/630 639/649/630 637/647/630
f 637/647/631 640/650/631 632/642/631
f 637/647/632 639/649/632 640/650/632
f 632/642/633 640/650/633 624/630/633
f 640/650/634 621/627/634 624/630/634
f 639/649/635 641/651/635 640/650/635
f 640/650/636 641/651/636 621/627/636
f 641/651/637 622/628/637 621/627/637
f 643/652/638 642/653/638 641/651/638
f 641/651/639 642/653/639 622/628/639
f 639/649/640 643/652/640 641/651/640
f 644/654/641 645/655/641 643/652/641
f 644/654/642 643/652/642 639/649/642
f 645/655/643 646/656/643 643/652/643
f 643/652/644 646/656/644 642/653/644
f 646/656/645 648/657/645 647/658/645
f 646/656/645 647/658/645 642/653/645
f 649/659/646 648/657/646 646/656/646
f 645/655/647 649/659/647 646/656/647
f 649/659/646 652/660/646 648/657/646
f 650/661/648 651/662/648 649/659/648
f 650/661/649 649/659/649 645/655/649
f 651/662/650 652/660/650 649/659/650
f 652/660/588 653/663/588 609/616/588
f 609/616/588 648/657/588 652/660/588
f 651/662/651 653/663/651 652/660/651
f 609/616/588 653/663/588 654/664/588
f 655/665/652 654/664/652 653/663/652
f 655/665/652 653/663/652 651/662/652
f 657/666/653 654/664/653 655/665/653
f 656/667/654 657/666/654 655/665/654
f 656/667/654 655/665/654 658/668/654
f 658/668/655 655/665/655 651/662/655
f 659/669/656 656/667/656 658/668/656
f 659/669/657 658/668/657 660/670/657
f 660/670/658 658/668/658 650/661/658
f 658/668/655 651/662/655 650/661/655
f 661/671/659 659/669/659 660/670/659
f 661/671/660 660/670/660 662/672/660
f 662/672/661 660/670/661 663/673/661
f 660/670/662 650/661/662 663/673/662
f 662/672/663 663/673/663 664/674/663
f 664/674/664 663/673/664 644/654/664
f 663/673/665 645/655/665 644/654/665
f 663/673/666 650/661/666 645/655/666
f 665/675/667 662/672/667 664/674/667
f 665/675/668 664/674/668 666/676/668
f 666/676/669 664/674/669 638/648/669
f 664/674/670 644/654/670 638/648/670
f 667/677/671 665/678/671 666/679/671
f 667/677/672 666/679/672 668/680/672
f 668/680/673 666/679/673 636/645/673
f 666/676/674 638/648/674 636/646/674
f 669/681/675 667/677/675 668/680/675
f 669/681/676 668/680/676 670/682/676
f 670/682/677 668/680/677 635/644/677
f 668/680/678 636/645/678 635/644/678
f 671/683/679 669/681/679 670/682/679
f 671/683/680 670/682/680 672/684/680
f 672/684/681 670/682/681 673/685/681
f 670/682/682 635/644/682 673/685/682
f 672/684/683 673/685/683 674/686/683
f 674/686/684 673/685/684 675/687/684
f 673/685/685 633/640/685 675/687/685
f 673/685/686 635/644/686 633/640/686
f 674/686/687 675/687/687 583/587/687
f 583/587/559 675/687/559 586/590/559
f 675/687/688 630/636/688 586/590/688
f 675/687/689 633/640/689 630/636/689
f 676/688/690 674/686/690 582/586/690
f 582/586/555 674/686/555 583/587/555
f 676/688/691 672/684/691 674/686/691
f 676/688/692 678/689/692 677/690/692
f 677/690/693 681/691/693 676/688/693
f 582/586/694 678/689/694 676/688/694
f 676/688/695 680/692/695 679/693/695
f 679/693/696 672/684/696 676/688/696
f 676/688/697 681/691/697 680/692/697
f 682/694/698 680/692/698 681/691/698
f 682/694/699 681/691/699 683/695/699
f 683/695/699 681/691/699 677/690/699
f 683/695/700 677/690/700 574/578/700
f 683/695/701 574/578/701 566/569/701
f 564/568/702 683/695/702 566/569/702
f 682/694/703 683/695/703 564/568/703
f 550/554/698 680/692/698 682/694/698
f 682/694/704 557/562/704 550/554/704
f 564/568/705 557/562/705 682/694/705
f 550/554/516 551/553/516 680/692/516
f 679/693/706 680/692/706 551/553/706
f 679/693/707 551/553/707 684/696/707
f 684/696/708 671/683/708 679/693/708
f 679/693/709 671/683/709 672/684/709
f 684/696/710 551/553/710 553/556/710
f 684/696/711 553/556/711 685/697/711
f 685/697/712 686/698/712 684/696/712
f 684/696/713 686/698/713 671/683/713
f 685/697/714 687/699/714 686/698/714
f 687/699/715 688/700/715 686/698/715
f 686/698/716 669/681/716 671/683/716
f 686/698/717 688/700/717 669/681/717
f 687/699/718 689/701/718 688/700/718
f 689/701/719 690/702/719 688/700/719
f 688/700/720 667/677/720 669/681/720
f 688/700/721 690/702/721 667/677/721
f 689/701/722 691/703/722 690/702/722
f 691/703/723 692/704/723 690/702/723
f 690/702/724 665/678/724 667/677/724
f 690/702/725 692/704/725 665/678/725
f 691/703/726 693/705/726 692/704/726
f 693/706/727 661/671/727 692/707/727
f 692/707/728 662/672/728 665/675/728
f 692/707/728 661/671/728 662/672/728
f 694/708/729 695/709/729 693/705/729
f 694/708/730 693/705/730 691/703/730
f 695/710/731 696/711/731 693/706/731
f 693/706/732 696/711/732 661/671/732
f 695/710/733 697/712/733 696/711/733
f 697/712/734 698/713/734 696/711/734
f 696/711/735 659/669/735 661/671/735
f 696/711/736 698/713/736 659/669/736
f 697/712/737 699/714/737 698/713/737
f 699/714/738 700/715/738 698/713/738
f 698/713/739 656/667/739 659/669/739
f 698/713/740 700/715/740 656/667/740
f 699/714/741 701/716/741 700/715/741
f 701/716/742 702/717/742 700/715/742
f 700/715/743 657/666/743 656/667/743
f 700/715/743 702/717/743 657/666/743
f 701/716/744 703/718/744 702/717/744
f 703/718/745 705/719/745 702/717/745
f 702/717/746 704/720/746 657/666/746
f 702/717/747 705/719/747 704/720/747
f 704/720/588 705/719/588 609/616/588
f 609/616/588 705/719/588 706/721/588
f 703/718/745 706/721/745 705/719/745
f 609/616/588 706/721/588 707/722/588
f 708/723/748 707/722/748 706/721/748
f 708/723/748 706/721/748 703/718/748
f 710/724/749 708/723/749 709/725/749
f 709/725/750 708/723/750 703/718/750
f 711/726/751 707/722/751 708/723/751
f 710/724/752 711/726/752 708/723/752
f 711/726/753 712/727/753 707/722/753
f 714/728/754 712/727/754 711/726/754
f 713/729/755 714/728/755 711/726/755
f 713/729/756 711/726/756 710/724/756
f 714/728/754 715/730/754 712/727/754
f 717/731/757 715/730/757 714/728/757
f 716/732/758 717/731/758 714/728/758
f 716/732/759 714/728/759 713/729/759
f 717/731/760 720/733/760 715/730/760
f 718/734/761 719/735/761 717/731/761
f 718/734/762 717/731/762 716/732/762
f 719/735/763 720/733/763 717/731/763
f 720/733/588 721/736/588 609/616/588
f 609/616/588 715/730/588 720/733/588
f 719/735/764 721/736/764 720/733/764
f 609/616/588 721/736/588 722/737/588
f 723/738/765 722/737/765 721/736/765
f 723/738/765 721/736/765 719/735/765
f 724/739/766 725/740/766 723/738/766
f 724/739/766 723/738/766 726/741/766
f 725/740/767 722/737/767 723/738/767
f 726/741/768 723/738/768 719/735/768
f 727/742/769 724/739/769 726/741/769
f 727/742/770 726/741/770 728/743/770
f 728/743/771 726/741/771 718/734/771
f 726/741/768 719/735/768 718/734/768
f 729/744/772 727/742/772 728/743/772
f 729/744/773 728/743/773 730/745/773
f 730/745/774 728/743/774 731/746/774
f 728/743/771 718/734/771 731/746/771
f 730/745/774 731/746/774 732/747/774
f 732/747/775 731/746/775 733/748/775
f 731/746/776 716/732/776 733/748/776
f 731/746/777 718/734/777 716/732/777
f 732/747/775 733/748/775 734/749/775
f 734/749/778 733/748/778 735/750/778
f 733/748/779 713/729/779 735/750/779
f 733/748/779 716/732/779 713/729/779
f 734/749/778 735/750/778 736/751/778
f 736/751/780 735/750/780 737/752/780
f 735/750/781 710/724/781 737/752/781
f 735/750/782 713/729/782 710/724/782
f 736/751/783 737/752/783 738/753/783
f 738/753/784 737/752/784 739/754/784
f 737/752/785 709/725/785 739/754/785
f 737/752/786 710/724/786 709/725/786
f 738/753/787 739/754/787 740/755/787
f 740/755/788 739/754/788 699/714/788
f 739/754/789 701/716/789 699/714/789
f 739/754/790 709/725/790 701/716/790
f 742/756/791 740/755/791 741/757/791
f 741/757/792 740/755/792 697/712/792
f 740/755/793 699/714/793 697/712/793
f 742/756/794 738/753/794 740/755/794
f 743/758/795 744/759/795 742/760/795
f 743/758/796 742/760/796 745/761/796
f 744/762/797 738/753/797 742/756/797
f 745/761/798 742/760/798 741/763/798
f 746/764/799 743/758/799 745/761/799
f 746/764/800 745/761/800 747/765/800
f 747/765/801 745/761/801 748/766/801
f 745/761/802 741/763/802 748/766/802
f 747/765/803 748/766/803 749/767/803
f 749/767/804 748/766/804 694/708/804
f 748/766/805 695/709/805 694/708/805
f 748/766/805 741/763/805 695/709/805
f 752/768/806 749/767/806 750/769/806
f 750/769/807 749/767/807 751/770/807
f 749/767/808 694/708/808 751/770/808
f 752/768/809 747/765/809 749/767/809
f 754/771/810 752/768/810 753/772/810
f 753/772/811 752/768/811 750/769/811
f 754/771/810 755/773/810 752/768/810
f 755/773/812 747/765/812 752/768/812
f 756/774/813 755/773/813 754/771/813
f 756/774/814 757/775/814 755/773/814
f 757/775/815 746/764/815 755/773/815
f 755/773/816 746/764/816 747/765/816
f 758/776/817 757/775/817 756/774/817
f 758/776/818 759/777/818 757/775/818
f 759/777/819 760/778/819 757/775/819
f 757/775/820 760/778/820 746/764/820
f 759/777/821 761/779/821 760/778/821
f 761/779/822 762/780/822 760/778/822
f 760/778/823 743/758/823 746/764/823
f 760/778/824 762/780/824 743/758/824
f 761/779/825 763/781/825 762/780/825
f 763/782/826 764/783/826 762/784/826
f 762/784/827 744/762/827 743/785/827
f 762/784/828 764/783/828 744/762/828
f 763/782/829 765/786/829 764/783/829
f 765/786/830 734/749/830 764/783/830
f 764/783/831 736/751/831 744/762/831
f 764/783/832 734/749/832 736/751/832
f 766/787/833 767/788/833 765/786/833
f 766/787/834 765/786/834 763/782/834
f 767/788/835 732/747/835 765/786/835
f 765/786/836 732/747/836 734/749/836
f 768/789/837 769/790/837 767/788/837
f 768/789/838 767/788/838 766/787/838
f 769/790/839 730/745/839 767/788/839
f 767/788/840 730/745/840 732/747/840
f 770/791/841 771/792/841 769/790/841
f 770/791/842 769/790/842 768/789/842
f 771/792/843 729/744/843 769/790/843
f 769/790/844 729/744/844 730/745/844
f 772/793/845 773/794/845 771/792/845
f 772/793/846 771/792/846 770/791/846
f 773/794/847 774/795/847 771/792/847
f 771/792/848 774/795/848 729/744/848
f 773/794/849 775/796/849 774/795/849
f 775/796/850 776/797/850 774/795/850
f 774/795/851 727/742/851 729/744/851
f 774/795/852 776/797/852 727/742/852
f 775/796/853 777/798/853 776/797/853
f 777/798/854 778/799/854 776/797/854
f 776/797/855 724/739/855 727/742/855
f 776/797/855 778/799/855 724/739/855
f 777/798/856 779/800/856 778/799/856
f 779/800/857 780/801/857 778/799/857
f 778/799/858 725/740/858 724/739/858
f 778/799/859 780/801/859 725/740/859
f 779/800/857 781/802/857 780/801/857
f 781/802/860 783/803/860 780/801/860
f 780/801/861 782/804/861 725/740/861
f 780/801/861 783/803/861 782/804/861
f 782/804/588 783/803/588 609/616/588
f 609/616/588 783/803/588 784/805/588
f 781/802/862 784/805/862 783/803/862
f 609/616/588 784/805/588 786/806/588
f 785/807/863 786/806/863 784/805/863
f 785/807/863 784/805/863 781/802/863
f 786/806/588 787/808/588 609/616/588
f 788/809/864 787/808/864 786/806/864
f 788/809/864 786/806/864 785/807/864
f 790/810/865 787/808/865 788/809/865
f 789/811/866 790/810/866 788/809/866
f 789/811/866 788/809/866 791/812/866
f 791/812/867 788/809/867 785/807/867
f 792/813/868 789/811/868 791/812/868
f 792/813/868 791/812/868 793/814/868
f 793/814/869 791/812/869 794/815/869
f 791/812/870 785/807/870 794/815/870
f 793/814/871 794/815/871 795/816/871
f 795/816/872 794/815/872 779/800/872
f 794/815/873 781/802/873 779/800/873
f 794/815/874 785/807/874 781/802/874
f 796/817/875 793/814/875 795/816/875
f 796/817/876 795/816/876 797/818/876
f 797/818/877 795/816/877 777/798/877
f 795/816/878 779/800/878 777/798/878
f 798/819/879 796/817/879 797/818/879
f 798/819/880 797/818/880 799/820/880
f 799/820/881 797/818/881 775/796/881
f 797/818/882 777/798/882 775/796/882
f 800/821/883 798/822/883 799/823/883
f 800/821/883 799/823/883 801/824/883
f 801/824/884 799/823/884 773/825/884
f 799/820/881 775/796/881 773/794/881
f 802/826/885 800/821/885 801/824/885
f 802/826/886 801/824/886 803/827/886
f 803/827/887 801/824/887 772/828/887
f 801/824/888 773/825/888 772/828/888
f 804/829/889 802/826/889 803/827/889
f 804/829/890 803/827/890 805/830/890
f 805/830/891 803/827/891 806/831/891
f 803/827/892 772/828/892 806/831/892
f 805/830/893 806/831/893 807/832/893
f 807/832/894 806/831/894 808/833/894
f 806/831/895 770/834/895 808/833/895
f 806/831/896 772/828/896 770/834/896
f 807/832/897 808/833/897 809/835/897
f 809/835/898 808/833/898 810/836/898
f 808/833/899 768/837/899 810/836/899
f 808/833/900 770/834/900 768/837/900
f 809/835/901 810/836/901 811/838/901
f 811/838/902 810/836/902 812/839/902
f 810/836/903 766/840/903 812/839/903
f 810/836/904 768/837/904 766/840/904
f 811/838/905 812/839/905 813/841/905
f 813/842/906 812/843/906 761/779/906
f 812/843/907 763/781/907 761/779/907
f 812/843/908 766/844/908 763/781/908
f 815/845/909 811/838/909 813/841/909
f 814/846/910 813/842/910 759/777/910
f 813/842/911 761/779/911 759/777/911
f 815/845/912 813/841/912 814/847/912
f 815/845/913 817/848/913 816/849/913
f 815/845/914 816/849/914 819/850/914
f 818/851/915 817/848/915 815/845/915
f 814/847/916 820/852/916 815/845/916
f 815/845/917 820/852/917 818/851/917
f 819/850/918 811/838/918 815/845/918
f 821/853/919 818/851/919 820/852/919
f 821/854/920 820/855/920 822/856/920
f 822/856/921 820/855/921 823/857/921
f 814/846/922 823/857/922 820/855/922
f 822/856/923 823/857/923 824/858/923
f 824/858/923 823/857/923 825/859/923
f 758/776/924 825/859/924 823/857/924
f 758/776/925 823/857/925 814/846/925
f 824/858/926 825/859/926 826/860/926
f 826/860/926 825/859/926 827/861/926
f 827/861/927 825/859/927 758/776/927
f 826/860/928 827/861/928 828/862/928
f 828/862/929 827/861/929 829/863/929
f 756/774/930 829/863/930 827/861/930
f 756/774/931 827/861/931 758/776/931
f 828/862/932 829/863/932 830/864/932
f 830/864/932 829/863/932 831/865/932
f 754/771/933 831/865/933 829/863/933
f 754/771/934 829/863/934 756/774/934
f 830/864/935 831/865/935 832/866/935
f 832/866/935 831/865/935 833/867/935
f 833/867/936 831/865/936 754/771/936
f 832/866/937 833/867/937 834/868/937
f 834/868/938 833/867/938 835/869/938
f 754/771/939 835/869/939 833/867/939
f 834/868/940 835/869/940 836/870/940
f 836/870/940 835/869/940 837/871/940
f 753/772/941 837/871/941 835/869/941
f 753/772/942 835/869/942 754/771/942
f 836/870/943 837/871/943 838/872/943
f 838/872/943 837/871/943 839/873/943
f 840/874/944 839/873/944 837/871/944
f 840/874/945 837/871/945 753/772/945
f 753/772/946 750/769/946 840/874/946
f 840/874/947 750/769/947 841/875/947
f 840/874/948 841/875/948 842/876/948
f 842/876/949 839/873/949 840/874/949
f 842/876/950 843/877/950 839/873/950
f 844/878/951 843/877/951 842/876/951
f 842/876/952 845/879/952 844/878/952
f 685/697/953 845/879/953 842/876/953
f 842/876/954 687/699/954 685/697/954
f 842/876/955 841/875/955 687/699/955
f 558/561/956 844/878/956 845/879/956
f 558/561/957 845/879/957 552/557/957
f 552/557/957 845/879/957 553/556/957
f 685/697/958 553/556/958 845/879/958
f 846/880/959 843/877/959 844/878/959
f 846/880/956 844/878/956 558/561/956
f 847/881/959 843/877/959 846/880/959
f 847/881/960 846/880/960 848/882/960
f 846/880/961 558/561/961 556/560/961
f 848/882/962 846/880/962 556/560/962
f 848/882/963 556/560/963 851/883/963
f 851/883/964 849/884/964 848/882/964
f 848/882/965 849/884/965 850/885/965
f 848/882/966 850/885/966 847/881/966
f 851/883/963 556/560/963 555/559/963
f 851/883/967 555/559/967 853/886/967
f 851/883/968 852/887/968 849/884/968
f 853/886/969 852/887/969 851/883/969
f 853/886/970 555/559/970 561/564/970
f 853/886/971 561/564/971 854/888/971
f 854/888/972 855/889/972 853/886/972
f 853/886/973 855/889/973 852/887/973
f 856/890/974 857/891/974 855/889/974
f 854/888/975 856/890/975 855/889/975
f 855/889/976 857/891/976 858/892/976
f 855/889/977 858/892/977 852/887/977
f 861/893/978 858/892/978 857/891/978
f 852/887/979 858/892/979 859/894/979
f 860/895/980 859/894/980 858/892/980
f 860/895/981 858/892/981 861/893/981
f 861/762/982 864/783/982 860/785/982
f 861/762/983 857/756/983 862/751/983
f 862/751/984 863/749/984 861/762/984
f 861/762/985 863/749/985 864/783/985
f 860/785/986 864/783/986 865/784/986
f 867/747/987 864/783/987 863/749/987
f 866/786/988 865/784/988 864/783/988
f 866/786/989 864/783/989 867/747/989
f 867/747/990 870/745/990 866/786/990
f 867/747/991 863/749/991 868/746/991
f 868/746/992 869/743/992 867/747/992
f 867/747/993 869/743/993 870/745/993
f 873/742/994 870/745/994 869/743/994
f 866/786/995 870/745/995 871/788/995
f 872/744/996 871/788/996 870/745/996
f 872/744/997 870/745/997 873/742/997
f 873/742/998 869/743/998 875/739/998
f 873/742/999 876/797/999 872/744/999
f 875/739/1000 874/799/1000 873/742/1000
f 873/742/1000 874/799/1000 876/797/1000
f 874/799/1001 877/800/1001 876/797/1001
f 876/797/1002 877/800/1002 878/798/1002
f 876/797/1003 878/798/1003 879/795/1003
f 872/744/1004 876/797/1004 879/795/1004
f 879/795/1005 878/798/1005 880/796/1005
f 879/795/1006 880/796/1006 881/792/1006
f 882/790/1007 879/795/1007 881/792/1007
f 872/744/1008 879/795/1008 882/790/1008
f 883/789/1009 884/787/1009 882/790/1009
f 882/790/1010 881/792/1010 883/789/1010
f 882/790/1011 884/787/1011 871/788/1011
f 882/790/1012 871/788/1012 872/744/1012
f 886/896/1013 884/897/1013 885/898/1013
f 885/898/1014 884/897/1014 887/899/1014
f 886/782/1015 871/788/1015 884/787/1015
f 883/900/1016 887/901/1016 884/902/1016
f 885/898/1017 887/899/1017 888/903/1017
f 888/903/1018 887/899/1018 889/904/1018
f 890/905/1019 889/906/1019 887/901/1019
f 890/905/1020 887/901/1020 883/900/1020
f 891/907/1021 889/906/1021 890/905/1021
f 890/905/1022 893/908/1022 891/907/1022
f 883/900/1023 892/909/1023 890/905/1023
f 890/905/1024 892/909/1024 893/908/1024
f 892/909/1025 894/910/1025 893/908/1025
f 893/908/1026 894/910/1026 895/911/1026
f 893/908/1027 895/911/1027 896/912/1027
f 891/907/1028 893/908/1028 896/912/1028
f 896/912/1029 895/911/1029 897/913/1029
f 896/912/1030 897/913/1030 898/914/1030
f 899/915/1031 896/912/1031 898/914/1031
f 891/907/1031 896/912/1031 899/915/1031
f 899/915/1032 902/916/1032 891/907/1032
f 900/917/1033 901/918/1033 899/915/1033
f 899/915/1034 898/914/1034 900/917/1034
f 899/915/1035 901/918/1035 902/916/1035
f 903/919/1036 902/920/1036 822/856/1036
f 822/856/1037 902/920/1037 821/854/1037
f 901/918/1038 821/853/1038 902/916/1038
f 903/919/1039 889/904/1039 902/920/1039
f 891/907/1040 902/916/1040 889/906/1040
f 822/856/1041 824/858/1041 903/919/1041
f 824/858/1042 826/860/1042 903/919/1042
f 903/919/1043 826/860/1043 904/921/1043
f 903/919/1044 904/921/1044 888/903/1044
f 888/903/1045 889/904/1045 903/919/1045
f 905/922/1046 904/921/1046 830/864/1046
f 830/864/1047 904/921/1047 828/862/1047
f 826/860/1048 828/862/1048 904/921/1048
f 905/922/1049 906/923/1049 904/921/1049
f 888/903/1050 904/921/1050 906/923/1050
f 907/924/1051 908/925/1051 906/923/1051
f 907/924/1052 906/923/1052 905/922/1052
f 885/898/1053 906/923/1053 908/925/1053
f 888/903/1054 906/923/1054 885/898/1054
f 909/926/1055 908/925/1055 907/924/1055
f 909/926/1056 865/927/1056 908/925/1056
f 886/896/1057 908/925/1057 865/927/1057
f 885/898/1058 908/925/1058 886/896/1058
f 907/924/1059 910/928/1059 909/926/1059
f 909/926/1060 910/928/1060 859/894/1060
f 909/926/1061 859/894/1061 860/895/1061
f 860/895/1062 865/927/1062 909/926/1062
f 849/884/1063 859/894/1063 910/928/1063
f 849/884/1064 910/928/1064 850/885/1064
f 850/885/1065 910/928/1065 911/929/1065
f 907/924/1066 911/929/1066 910/928/1066
f 832/866/1067 834/868/1067 911/929/1067
f 905/922/1068 832/866/1068 911/929/1068
f 911/929/1069 834/868/1069 850/885/1069
f 905/922/1070 911/929/1070 907/924/1070
f 830/864/1071 832/866/1071 905/922/1071
f 900/917/1072 817/848/1072 901/918/1072
f 901/918/1072 817/848/1072 818/851/1072
f 901/918/919 818/851/919 821/853/919
f 912/930/1073 816/849/1073 900/917/1073
f 900/917/1074 898/914/1074 912/930/1074
f 900/917/1073 816/849/1073 817/848/1073
f 912/930/1075 914/931/1075 816/849/1075
f 898/914/1076 913/932/1076 912/930/1076
f 913/932/1075 914/931/1075 912/930/1075
f 913/932/1077 915/933/1077 914/931/1077
f 916/934/1078 914/931/1078 915/933/1078
f 819/850/1079 816/849/1079 914/931/1079
f 819/850/1080 914/931/1080 916/934/1080
f 916/934/1081 915/933/1081 917/935/1081
f 917/935/1082 807/832/1082 916/934/1082
f 916/934/1083 807/832/1083 809/835/1083
f 916/934/1084 809/835/1084 819/850/1084
f 920/936/1085 918/937/1085 917/935/1085
f 917/935/1086 918/937/1086 921/938/1086
f 917/935/1087 921/938/1087 919/939/1087
f 919/939/1088 805/830/1088 917/935/1088
f 917/935/1082 805/830/1082 807/832/1082
f 917/935/1089 915/933/1089 920/936/1089
f 923/940/1090 922/941/1090 921/938/1090
f 919/939/1091 921/938/1091 922/941/1091
f 923/940/1092 921/938/1092 924/942/1092
f 924/942/1092 921/938/1092 918/937/1092
f 924/942/1093 918/937/1093 925/943/1093
f 924/942/1094 925/943/1094 926/944/1094
f 926/944/1095 927/945/1095 924/942/1095
f 924/942/1096 927/945/1096 923/940/1096
f 928/946/1097 931/947/1097 927/945/1097
f 926/944/1098 928/946/1098 927/945/1098
f 927/945/1099 931/947/1099 929/948/1099
f 929/948/1100 930/949/1100 927/945/1100
f 927/945/1101 930/949/1101 932/950/1101
f 927/945/1102 932/950/1102 923/940/1102
f 930/949/1103 933/951/1103 932/950/1103
f 932/950/1103 933/951/1103 922/941/1103
f 932/950/1090 922/941/1090 923/940/1090
f 930/949/1104 934/952/1104 933/951/1104
f 935/953/1105 933/951/1105 934/952/1105
f 935/953/1106 922/941/1106 933/951/1106
f 934/952/1107 936/954/1107 935/953/1107
f 936/954/1108 937/955/1108 935/953/1108
f 919/939/1109 922/941/1109 935/953/1109
f 935/953/1110 804/829/1110 919/939/1110
f 935/953/1111 937/955/1111 804/829/1111
f 936/954/1112 938/956/1112 937/955/1112
f 938/956/1113 939/957/1113 937/955/1113
f 937/955/1114 802/826/1114 804/829/1114
f 937/955/1114 939/957/1114 802/826/1114
f 938/956/1115 940/958/1115 939/957/1115
f 940/958/1116 941/959/1116 939/957/1116
f 939/957/1117 800/821/1117 802/826/1117
f 939/957/1118 941/959/1118 800/821/1118
f 940/958/1119 942/960/1119 941/959/1119
f 942/960/1120 943/961/1120 941/959/1120
f 941/959/1121 798/822/1121 800/821/1121
f 941/959/1122 943/961/1122 798/822/1122
f 942/960/1123 944/962/1123 943/961/1123
f 944/963/1124 945/964/1124 943/965/1124
f 943/965/1125 796/817/1125 798/819/1125
f 943/965/1126 945/964/1126 796/817/1126
f 944/963/1127 946/966/1127 945/964/1127
f 946/966/1128 792/813/1128 945/964/1128
f 945/964/1129 793/814/1129 796/817/1129
f 945/964/1130 792/813/1130 793/814/1130
f 947/967/1131 948/968/1131 946/966/1131
f 947/967/1132 946/966/1132 944/963/1132
f 948/968/1133 949/969/1133 946/966/1133
f 946/966/1134 949/969/1134 792/813/1134
f 948/968/1133 950/970/1133 949/969/1133
f 950/970/1135 951/971/1135 949/969/1135
f 949/969/1136 789/811/1136 792/813/1136
f 949/969/1137 951/971/1137 789/811/1137
f 950/970/1135 952/972/1135 951/971/1135
f 952/972/1138 953/973/1138 951/971/1138
f 951/971/1139 790/810/1139 789/811/1139
f 951/971/1140 953/973/1140 790/810/1140
f 953/973/1141 956/974/1141 954/975/1141
f 953/973/1141 954/975/1141 790/810/1141
f 952/972/1142 955/976/1142 953/973/1142
f 955/976/1143 956/974/1143 953/973/1143
f 956/974/588 957/977/588 609/616/588
f 609/616/588 954/975/588 956/974/588
f 955/976/1143 957/977/1143 956/974/1143
f 609/616/588 957/977/588 958/978/588
f 959/979/1144 958/978/1144 957/977/1144
f 959/979/1144 957/977/1144 955/976/1144
f 960/980/1145 961/981/1145 959/979/1145
f 960/980/1145 959/979/1145 962/982/1145
f 961/981/1146 958/978/1146 959/979/1146
f 962/982/1147 959/979/1147 955/976/1147
f 963/983/1148 960/980/1148 962/982/1148
f 963/983/1149 962/982/1149 964/984/1149
f 964/984/1150 962/982/1150 952/972/1150
f 962/982/1151 955/976/1151 952/972/1151
f 965/985/1152 963/983/1152 964/984/1152
f 965/985/1152 964/984/1152 966/986/1152
f 966/986/1153 964/984/1153 950/970/1153
f 964/984/1150 952/972/1150 950/970/1150
f 967/987/1154 965/985/1154 966/986/1154
f 967/987/1155 966/986/1155 968/988/1155
f 968/988/1156 966/986/1156 948/968/1156
f 966/986/1157 950/970/1157 948/968/1157
f 969/989/1158 967/990/1158 968/991/1158
f 969/989/1159 968/991/1159 970/992/1159
f 970/992/1160 968/991/1160 947/993/1160
f 968/988/1161 948/968/1161 947/967/1161
f 971/994/1162 969/989/1162 970/992/1162
f 971/994/1163 970/992/1163 972/995/1163
f 972/995/1164 970/992/1164 973/996/1164
f 970/992/1165 947/993/1165 973/996/1165
f 972/995/1166 973/996/1166 974/997/1166
f 974/997/1167 973/996/1167 942/960/1167
f 973/996/1168 944/962/1168 942/960/1168
f 973/996/1169 947/993/1169 944/962/1169
f 975/998/1170 972/995/1170 974/997/1170
f 975/998/1171 974/997/1171 976/999/1171
f 976/999/1172 974/997/1172 940/958/1172
f 974/997/1173 942/960/1173 940/958/1173
f 978/1000/1174 975/998/1174 976/999/1174
f 977/1001/1175 976/999/1175 938/956/1175
f 976/999/1176 940/958/1176 938/956/1176
f 978/1000/1177 976/999/1177 977/1001/1177
f 977/1001/1178 979/1002/1178 978/1000/1178
f 978/1000/1179 979/1002/1179 981/1003/1179
f 978/1000/1180 981/1003/1180 980/1004/1180
f 980/1004/1181 975/998/1181 978/1000/1181
f 983/1005/1182 982/1006/1182 981/1003/1182
f 980/1004/1183 981/1003/1183 982/1006/1183
f 983/1005/1184 981/1003/1184 984/1007/1184
f 984/1007/1184 981/1003/1184 979/1002/1184
f 984/1007/1185 979/1002/1185 985/1008/1185
f 985/1008/1186 986/1009/1186 984/1007/1186
f 986/1009/1187 983/1005/1187 984/1007/1187
f 986/1009/1188 989/1010/1188 987/1011/1188
f 987/1011/1189 990/1012/1189 986/1009/1189
f 991/1013/1190 986/1009/1190 985/1008/1190
f 988/1014/1191 989/1010/1191 986/1009/1191
f 991/1013/1192 988/1014/1192 986/1009/1192
f 986/1009/1193 990/1012/1193 983/1005/1193
f 991/1013/1194 994/1015/1194 992/1016/1194
f 991/1013/1195 992/1016/1195 993/1017/1195
f 985/1008/1196 994/1015/1196 991/1013/1196
f 993/1017/1197 988/1014/1197 991/1013/1197
f 985/1008/1198 995/1018/1198 994/1015/1198
f 994/1015/1198 995/1018/1198 996/1019/1198
f 994/1015/1199 996/1019/1199 997/1020/1199
f 994/1015/1200 997/1020/1200 992/1016/1200
f 997/1020/1199 996/1019/1199 998/1021/1199
f 997/1020/1201 998/1021/1201 999/1022/1201
f 997/1020/1202 999/1022/1202 992/1016/1202
f 999/1022/1201 998/1021/1201 934/952/1201
f 999/1022/1104 934/952/1104 930/949/1104
f 999/1022/1203 930/949/1203 929/948/1203
f 992/1016/1204 999/1022/1204 929/948/1204
f 936/954/1205 998/1021/1205 996/1019/1205
f 934/952/1206 998/1021/1206 936/954/1206
f 996/1019/1207 995/1018/1207 977/1001/1207
f 936/954/1208 996/1019/1208 977/1001/1208
f 985/1008/1185 979/1002/1185 995/1018/1185
f 977/1001/1209 995/1018/1209 979/1002/1209
f 993/1017/1210 992/1016/1210 1001/1023/1210
f 1002/1024/1211 1000/1025/1211 993/1017/1211
f 993/1017/1212 1000/1025/1212 988/1014/1212
f 993/1017/1213 1001/1023/1213 1002/1024/1213
f 1002/1024/1214 1005/1026/1214 1000/1025/1214
f 1002/1024/1215 1001/1023/1215 1003/1027/1215
f 1002/1024/1216 1003/1027/1216 1004/1028/1216
f 1004/1028/1214 1005/1026/1214 1002/1024/1214
f 1006/1029/1217 1007/1030/1217 1005/1026/1217
f 1004/1028/1218 1006/1029/1218 1005/1026/1218
f 1005/1026/1219 1007/1030/1219 1008/1031/1219
f 1005/1026/1220 1008/1031/1220 1000/1025/1220
f 1000/1025/1220 1008/1031/1220 1009/1032/1220
f 1010/1033/1221 1009/1032/1221 1008/1031/1221
f 1010/1033/1222 1008/1031/1222 1011/1034/1222
f 1011/1034/1223 1008/1031/1223 1007/1030/1223
f 1014/1035/1224 1012/1036/1224 1011/1037/1224
f 1011/1037/1225 1012/1036/1225 1013/1038/1225
f 1011/1034/1226 1013/1039/1226 1010/1033/1226
f 1011/1037/1227 1007/987/1227 1014/1035/1227
f 1014/1035/1228 1017/985/1228 1015/1040/1228
f 1015/1040/1229 1016/1041/1229 1014/1035/1229
f 1014/1035/1230 1016/1041/1230 1012/1036/1230
f 1014/1035/1231 1007/987/1231 1017/985/1231
f 1019/986/1232 1018/983/1232 1017/985/1232
f 1015/1040/1228 1017/985/1228 1018/983/1228
f 1019/986/1233 1017/985/1233 1006/988/1233
f 1006/988/1234 1017/985/1234 1007/987/1234
f 1020/984/1235 1018/983/1235 1019/986/1235
f 1021/968/1236 1020/984/1236 1019/986/1236
f 1022/967/1237 1019/986/1237 1006/988/1237
f 1021/968/1238 1019/986/1238 1022/967/1238
f 1004/1028/1239 1023/1042/1239 1022/1043/1239
f 1022/1043/1239 1023/1042/1239 1024/1044/1239
f 1022/1043/1240 1006/1029/1240 1004/1028/1240
f 1022/967/1241 1024/963/1241 1021/968/1241
f 1023/1042/1242 1027/1045/1242 1024/1044/1242
f 1024/1044/1243 1027/1045/1243 1025/1046/1243
f 1024/963/1244 1025/965/1244 1026/966/1244
f 1021/968/1241 1024/963/1241 1026/966/1241
f 1028/1047/1245 1025/1046/1245 1027/1045/1245
f 1028/1047/1246 1027/1045/1246 1029/1048/1246
f 1029/1048/1247 1027/1045/1247 1030/1049/1247
f 1023/1042/1248 1030/1049/1248 1027/1045/1248
f 1029/1048/1249 1030/1049/1249 928/946/1249
f 928/946/1249 1030/1049/1249 931/947/1249
f 1003/1027/1250 931/947/1250 1030/1049/1250
f 1003/1027/1251 1030/1049/1251 1023/1042/1251
f 1032/1050/1252 1029/1048/1252 928/946/1252
f 1031/1051/1253 1028/1047/1253 1029/1048/1253
f 1031/1051/1254 1029/1048/1254 1032/1050/1254
f 926/944/1255 1033/1052/1255 1032/1050/1255
f 1032/1050/1256 928/946/1256 926/944/1256
f 1032/1050/1255 1033/1052/1255 897/913/1255
f 1032/1050/1257 897/913/1257 1031/1051/1257
f 925/943/1258 1034/1053/1258 1033/1052/1258
f 926/944/1259 925/943/1259 1033/1052/1259
f 898/914/1260 897/913/1260 1033/1052/1260
f 1033/1052/1261 1034/1053/1261 898/914/1261
f 925/943/1262 920/936/1262 1034/1053/1262
f 1034/1053/1262 920/936/1262 915/933/1262
f 1034/1053/1077 915/933/1077 913/932/1077
f 898/914/1263 1034/1053/1263 913/932/1263
f 1031/1051/1264 897/913/1264 895/911/1264
f 1031/1051/1265 895/911/1265 1035/1054/1265
f 1035/1054/1266 1028/1047/1266 1031/1051/1266
f 1035/1054/1267 895/911/1267 894/910/1267
f 1035/1054/1268 894/910/1268 1036/1055/1268
f 1036/1055/1269 1037/1056/1269 1035/1054/1269
f 1035/1054/1270 1037/1056/1270 1028/1047/1270
f 1038/817/1271 1039/964/1271 1037/819/1271
f 1036/820/1272 1038/817/1272 1037/819/1272
f 1037/819/1273 1039/964/1273 1025/965/1273
f 1037/1056/1274 1025/1046/1274 1028/1047/1274
f 1038/817/1275 1040/813/1275 1039/964/1275
f 1041/969/1276 1039/964/1276 1040/813/1276
f 1026/966/1277 1025/965/1277 1039/964/1277
f 1026/966/1278 1039/964/1278 1041/969/1278
f 1041/969/1279 1040/813/1279 1042/971/1279
f 1043/970/1280 1026/966/1280 1041/969/1280
f 1044/972/1281 1041/969/1281 1042/971/1281
f 1043/970/1282 1041/969/1282 1044/972/1282
f 1044/972/1283 1047/982/1283 1043/970/1283
f 1044/972/1284 1042/971/1284 1045/976/1284
f 1045/976/1285 1046/979/1285 1044/972/1285
f 1044/972/1286 1046/979/1286 1047/982/1286
f 1046/979/1287 1048/981/1287 1047/982/1287
f 1047/982/1288 1048/981/1288 1049/980/1288
f 1047/982/1289 1049/980/1289 1020/984/1289
f 1043/970/1283 1047/982/1283 1020/984/1283
f 1020/984/1290 1049/980/1290 1018/983/1290
f 1050/1057/1291 1018/983/1291 1049/980/1291
f 1050/1057/1292 1049/980/1292 1051/1058/1292
f 1051/1058/1293 1049/980/1293 1048/981/1293
f 1053/1059/1294 1052/1060/1294 1051/1058/1294
f 1051/1058/1295 1052/1060/1295 1054/1061/1295
f 1051/1058/1296 1054/1061/1296 1050/1057/1296
f 1051/1058/1297 1048/981/1297 1053/1059/1297
f 1052/1060/1298 1055/1062/1298 1054/1061/1298
f 1054/1061/1298 1055/1062/1298 1056/1063/1298
f 1054/1061/1299 1056/1063/1299 1057/1064/1299
f 1050/1057/1300 1054/1061/1300 1057/1064/1300
f 1057/1064/1299 1056/1063/1299 1058/1065/1299
f 1057/1064/1301 1058/1065/1301 1016/1041/1301
f 1015/1040/1302 1057/1064/1302 1016/1041/1302
f 1050/1057/1303 1057/1064/1303 1015/1040/1303
f 1016/1041/1304 1058/1065/1304 1059/1066/1304
f 1060/1067/1305 1059/1066/1305 1058/1065/1305
f 1060/1067/1306 1058/1065/1306 1061/1068/1306
f 1061/1068/1307 1058/1065/1307 1056/1063/1307
f 1061/1068/1308 1062/1069/1308 1060/1067/1308
f 1061/1068/1309 1063/1070/1309 1062/1069/1309
f 1064/1071/1309 1063/1070/1309 1061/1068/1309
f 1061/1068/1310 1056/1063/1310 1064/1071/1310
f 1065/1072/24 1064/1071/24 1055/1062/24
f 1064/1071/1310 1056/1063/1310 1055/1062/1310
f 1065/1072/24 1063/1070/24 1064/1071/24
f 1055/1062/24 1066/1073/24 1065/1072/24
f 1066/1074/1311 1068/1075/1311 1065/1076/1311
f 1067/1077/24 1063/1070/24 1065/1072/24
f 1065/1076/1312 1069/1078/1312 1067/1079/1312
f 1065/1076/1312 1068/1075/1312 1069/1078/1312
f 1071/1080/24 1070/1081/24 1069/1077/24
f 1067/1079/1313 1069/1078/1313 1070/1082/1313
f 1071/1080/24 1069/1077/24 1072/1083/24
f 1072/1083/24 1069/1077/24 1068/1072/24
f 1072/1084/1314 1075/1085/1314 1071/1086/1314
f 1072/1083/24 1068/1072/24 1073/1087/24
f 1073/1088/1315 1074/1089/1315 1072/1084/1315
f 1072/1084/1316 1074/1089/1316 1075/1085/1316
f 1078/1090/24 1075/1083/24 1074/1087/24
f 1071/1086/1317 1075/1085/1317 1076/1091/1317
f 1077/1092/24 1076/1080/24 1075/1083/24
f 1077/1092/1318 1075/1083/1318 1078/1090/1318
f 1078/1090/1319 1074/1087/1319 1079/1093/1319
f 1078/1094/1320 1081/1095/1320 1077/1096/1320
f 1079/1097/1321 1080/1098/1321 1078/1094/1321
f 1078/1094/1322 1080/1098/1322 1081/1095/1322
f 1081/1092/24 1080/1090/24 1083/616/24
f 1077/1096/1312 1081/1095/1312 1082/1099/1312
f 1083/616/24 1082/1100/24 1081/1092/24
f 1088/1101/24 1084/1102/24 1083/616/24
f 1083/616/24 1084/1102/24 1115/1103/24
f 1083/616/24 1089/1104/24 1085/1105/24
f 1083/616/24 1085/1105/24 1116/1106/24
f 1086/1107/24 1117/1108/24 1083/616/24
f 1083/616/24 1090/1109/24 1086/1107/24
f 1083/616/24 1080/1090/24 1118/1093/24
f 1091/1110/1323 1087/1111/1323 1083/616/1323
f 1087/1111/1319 1114/1112/1319 1083/616/1319
f 1083/616/24 1092/1113/24 1088/1101/24
f 1093/1114/24 1089/1104/24 1083/616/24
f 1083/616/24 1094/1115/24 1090/1109/24
f 1091/1110/1324 1083/616/1324 1095/1116/1324
f 1083/616/24 1096/1117/24 1092/1113/24
f 1083/616/24 1097/1118/24 1093/1114/24
f 1098/1119/24 1094/1115/24 1083/616/24
f 1083/616/24 1099/1120/24 1082/1100/24
f 1083/616/1318 1100/1121/1318 1095/1116/1318
f 1101/1122/24 1096/1117/24 1083/616/24
f 1083/616/24 1102/1123/24 1097/1118/24
f 1083/616/24 1103/1124/24 1098/1119/24
f 1104/1125/24 1099/1120/24 1083/616/24
f 1083/616/1318 1105/1126/1318 1100/1121/1318
f 1083/616/24 1106/1127/24 1101/1122/24
f 1107/1128/1319 1102/1123/1319 1083/616/1319
f 1083/616/24 1108/1129/24 1103/1124/24
f 1083/616/1318 1109/1130/1318 1104/1125/1318
f 1110/1131/24 1105/1126/24 1083/616/24
f 1083/616/24 1111/1132/24 1106/1127/24
f 1083/616/1318 1112/1133/1318 1107/1128/1318
f 1113/1134/24 1108/1129/24 1083/616/24
f 1083/616/1319 1114/1112/1319 1109/1130/1319
f 1083/616/24 1115/1103/24 1110/1131/24
f 1116/1106/24 1111/1132/24 1083/616/24
f 1083/616/24 1117/1108/24 1112/1133/24
f 1083/616/24 1118/1093/24 1113/1134/24
f 1119/1135/1325 1118/1136/1325 1079/1097/1325
f 1079/1097/1321 1118/1136/1321 1080/1098/1321
f 1119/1135/1325 1113/1137/1325 1118/1136/1325
f 1079/1093/24 1122/1138/24 1119/1134/24
f 1119/1134/24 1121/1139/24 1120/1129/24
f 1120/1140/1326 1113/1137/1326 1119/1135/1326
f 1119/1134/24 1122/1138/24 1121/1139/24
f 1123/1141/1327 1122/1142/1327 1073/1088/1327
f 1073/1088/1327 1122/1142/1327 1074/1089/1327
f 1123/1141/1328 1121/1143/1328 1122/1142/1328
f 1079/1093/24 1074/1087/24 1122/1138/24
f 1073/1087/24 1124/1073/24 1123/1138/24
f 1123/1138/24 1124/1073/24 1125/1144/24
f 1123/1138/24 1125/1144/24 1126/1139/24
f 1126/1145/1329 1121/1143/1329 1123/1141/1329
f 1126/1139/24 1125/1144/24 1127/1146/24
f 1126/1139/24 1127/1146/24 1128/1147/24
f 1128/1148/1330 1129/1149/1330 1126/1145/1330
f 1126/1145/1331 1129/1149/1331 1121/1143/1331
f 1128/1148/1332 1130/1150/1332 1129/1149/1332
f 1131/1124/24 1129/1147/24 1130/1151/24
f 1120/1129/24 1121/1139/24 1129/1147/24
f 1120/1129/24 1129/1147/24 1131/1124/24
f 1131/1124/24 1130/1151/24 1132/1119/24
f 1131/1152/1333 1108/1153/1333 1120/1140/1333
f 1132/1154/1334 1103/1155/1334 1131/1152/1334
f 1131/1152/1335 1103/1155/1335 1108/1153/1335
f 1132/1119/24 1134/1156/24 1133/1115/24
f 1133/1157/1336 1098/1158/1336 1132/1154/1336
f 1132/1154/1334 1098/1158/1334 1103/1155/1334
f 1132/1119/24 1130/1151/24 1134/1156/24
f 1137/1159/1337 1134/1160/1337 1135/1161/1337
f 1135/1161/1338 1134/1160/1338 1130/1150/1338
f 1137/1159/1339 1136/1162/1339 1134/1160/1339
f 1133/1115/24 1134/1156/24 1136/1163/24
f 1135/1151/24 1138/1164/24 1137/1156/24
f 1137/1156/24 1138/1164/24 1139/1165/24
f 1137/1156/24 1139/1165/24 1140/1163/24
f 1140/1166/1340 1136/1162/1340 1137/1159/1340
f 1140/1163/24 1139/1165/24 1141/1167/24
f 1140/1163/24 1141/1167/24 1142/1168/24
f 1142/1169/1341 1143/1170/1341 1140/1171/1341
f 1140/1171/1341 1143/1170/1341 1136/1172/1341
f 1142/1169/1342 1144/1173/1342 1143/1170/1342
f 1146/1107/24 1143/1168/24 1144/1174/24
f 1145/1109/24 1136/1163/24 1143/1168/24
f 1145/1109/24 1143/1168/24 1146/1107/24
f 1146/1107/24 1144/1174/24 1147/1108/24
f 1146/1175/1343 1090/1176/1343 1145/1177/1343
f 1147/1178/1344 1086/1179/1344 1146/1175/1344
f 1146/1175/1343 1086/1179/1343 1090/1176/1343
f 1147/1108/24 1144/1174/24 1149/1180/24
f 1147/1108/1319 1149/1180/1319 1148/1133/1319
f 1148/1181/1345 1117/1182/1345 1147/1178/1345
f 1147/1178/1344 1117/1182/1344 1086/1179/1344
f 1151/1183/1346 1149/1184/1346 1150/1185/1346
f 1150/1185/1346 1149/1184/1346 1144/1173/1346
f 1151/1183/1347 1152/1186/1347 1149/1184/1347
f 1148/1133/24 1149/1180/24 1152/1187/24
f 1153/1188/1347 1152/1186/1347 1151/1183/1347
f 1153/1188/1348 1154/1189/1348 1152/1186/1348
f 1155/1128/1318 1152/1187/1318 1154/1190/1318
f 1148/1133/24 1152/1187/24 1155/1128/24
f 1155/1189/1349 1112/1191/1349 1148/1181/1349
f 1155/1128/1319 1154/1190/1319 1156/1123/1319
f 1156/1192/1350 1107/1193/1350 1155/1189/1350
f 1155/1189/1349 1107/1193/1349 1112/1191/1349
f 1157/1194/588 1158/1195/588 1155/1128/588
f 1161/1196/1351 1157/1197/1351 1155/1189/1351
f 1155/1128/588 1158/1195/588 1159/1198/588
f 1155/1128/588 1159/1198/588 1160/1199/588
f 1162/1200/1352 1155/1189/1352 1160/1201/1352
f 1161/1196/1353 1155/1189/1353 1162/1200/1353
f 1162/1199/24 1166/1202/24 1163/1203/24
f 1162/1199/24 1163/1203/24 1164/1198/24
f 1162/1199/24 1164/1198/24 1161/1194/24
f 1162/1200/1354 1160/1201/1354 1165/1204/1354
f 1165/1205/1318 1166/1202/1318 1162/1199/1318
f 1167/1206/1355 1168/1207/1355 1166/1208/1355
f 1165/1205/24 1167/1209/24 1166/1202/24
f 1166/1208/1356 1168/1207/1356 1169/1210/1356
f 1166/1208/1356 1169/1210/1356 1163/1211/1356
f 1163/1211/1357 1169/1210/1357 1159/1189/1357
f 1160/1199/588 1159/1198/588 1169/1203/588
f 1160/1199/1358 1169/1203/1358 1170/1205/1358
f 1170/1205/588 1169/1203/588 1168/1202/588
f 1165/1204/1359 1160/1201/1359 1170/1212/1359
f 1170/1205/588 1168/1202/588 1171/1213/588
f 1172/1214/1360 1170/1212/1360 1171/1215/1360
f 1165/1204/1360 1170/1212/1360 1172/1214/1360
f 1173/1216/24 1174/1217/24 1172/1213/24
f 1172/1214/1361 1171/1215/1361 1173/1218/1361
f 1172/1213/24 1167/1209/24 1165/1205/24
f 1172/1213/24 1174/1217/24 1167/1209/24
f 1175/1219/1362 1176/1220/1362 1174/1221/1362
f 1173/1216/24 1175/1222/24 1174/1217/24
f 1174/1221/1363 1176/1220/1363 1177/1223/1363
f 1174/1221/1363 1177/1223/1363 1167/1206/1363
f 1178/1216/588 1177/1209/588 1176/1217/588
f 1167/1206/1355 1177/1223/1355 1168/1207/1355
f 1171/1213/588 1168/1202/588 1177/1209/588
f 1171/1213/588 1177/1209/588 1178/1216/588
f 1178/1216/588 1176/1217/588 1179/1224/588
f 1173/1218/1364 1171/1215/1364 1178/1225/1364
f 1180/1226/1365 1178/1225/1365 1179/1227/1365
f 1173/1218/1365 1178/1225/1365 1180/1226/1365
f 1180/1224/24 1175/1222/24 1173/1216/24
f 1180/1228/1366 1179/1229/1366 1181/1230/1366
f 1180/1224/24 1182/1231/24 1175/1222/24
f 1181/1232/1319 1182/1231/1319 1180/1224/1319
f 1183/1233/1367 1184/1234/1367 1182/1235/1367
f 1181/1232/24 1183/1236/24 1182/1231/24
f 1182/1235/1368 1184/1234/1368 1185/1237/1368
f 1182/1235/1368 1185/1237/1368 1175/1238/1368
f 1175/1219/1362 1185/1239/1362 1176/1220/1362
f 1179/1224/588 1176/1217/588 1185/1222/588
f 1179/1224/588 1185/1222/588 1186/1232/588
f 1186/1232/588 1185/1222/588 1184/1231/588
f 1181/1230/1369 1179/1229/1369 1186/1240/1369
f 1186/1232/588 1184/1231/588 1187/1241/588
f 1188/1242/1370 1186/1240/1370 1187/1243/1370
f 1181/1230/1371 1186/1240/1371 1188/1242/1371
f 1188/1242/1372 1187/1243/1372 1190/1244/1372
f 1190/1245/24 1189/1246/24 1188/1241/24
f 1188/1241/24 1189/1246/24 1183/1236/24
f 1188/1241/24 1183/1236/24 1181/1232/24
f 1193/1247/24 1191/1248/24 1190/1245/24
f 1190/1245/24 1191/1248/24 1189/1246/24
f 1190/1244/1373 1187/1243/1373 1192/1249/1373
f 1190/1244/1374 1192/1249/1374 1193/1250/1374
f 1193/1247/24 1196/1251/24 1191/1248/24
f 1194/1252/24 1196/1251/24 1193/1247/24
f 1193/1250/1375 1195/1253/1375 1194/1254/1375
f 1193/1250/1376 1192/1249/1376 1195/1253/1376
f 1197/1255/1377 1198/1256/1377 1196/1257/1377
f 1194/1252/24 1197/1258/24 1196/1251/24
f 1196/1257/1378 1198/1256/1378 1199/1259/1378
f 1196/1257/1378 1199/1259/1378 1191/1260/1378
f 1191/1260/1379 1199/1259/1379 1200/1261/1379
f 1195/1247/588 1200/1246/588 1199/1248/588
f 1195/1247/588 1199/1248/588 1201/1252/588
f 1201/1252/588 1199/1248/588 1198/1251/588
f 1194/1254/1375 1195/1253/1375 1201/1262/1375
f 1201/1252/588 1198/1251/588 1202/1263/588
f 1203/1264/1380 1201/1262/1380 1202/1265/1380
f 1194/1254/1380 1201/1262/1380 1203/1264/1380
f 1204/1266/24 1205/1267/24 1203/1263/24
f 1203/1264/1381 1202/1265/1381 1204/1268/1381
f 1203/1263/24 1197/1258/24 1194/1252/24
f 1203/1263/24 1205/1267/24 1197/1258/24
f 1206/1269/1382 1207/1270/1382 1205/1271/1382
f 1204/1266/24 1206/1272/24 1205/1267/24
f 1205/1271/1383 1207/1270/1383 1208/1273/1383
f 1205/1271/1383 1208/1273/1383 1197/1255/1383
f 1209/1266/588 1208/1258/588 1207/1267/588
f 1197/1255/1377 1208/1273/1377 1198/1256/1377
f 1202/1263/588 1198/1251/588 1208/1258/588
f 1202/1263/588 1208/1258/588 1209/1266/588
f 1209/1266/588 1210/1272/588 1211/1274/588
f 1209/1266/588 1207/1267/588 1210/1272/588
f 1212/1275/1384 1209/1276/1384 1211/1277/1384
f 1204/1268/1385 1202/1265/1385 1209/1276/1385
f 1204/1268/1384 1209/1276/1384 1212/1275/1384
f 1212/1274/24 1215/1278/24 1206/1272/24
f 1212/1274/1319 1206/1272/1319 1204/1266/1319
f 1213/1279/24 1214/1280/24 1212/1274/24
f 1212/1275/1386 1211/1277/1386 1213/1281/1386
f 1214/1280/24 1215/1278/24 1212/1274/24
f 1214/1282/1387 1216/1283/1387 1215/1284/1387
f 1215/1284/1388 1216/1283/1388 1210/1285/1388
f 1215/1284/1388 1210/1285/1388 1206/1269/1388
f 1214/1282/1387 1217/1286/1387 1216/1283/1387
f 1218/1279/588 1216/1278/588 1217/1280/588
f 1211/1274/588 1210/1272/588 1216/1278/588
f 1211/1274/588 1216/1278/588 1218/1279/588
f 1213/1281/1389 1211/1277/1389 1218/1287/1389
f 1218/1279/588 1217/1280/588 1219/1288/588
f 1220/1289/1390 1218/1290/1390 1219/1177/1390
f 1213/1291/1390 1218/1290/1390 1220/1289/1390
f 1221/1292/24 1222/1293/24 1220/1288/24
f 1220/1289/1391 1219/1177/1391 1221/1294/1391
f 1220/1288/24 1222/1293/24 1223/1295/24
f 1220/1288/24 1223/1295/24 1213/1279/24
f 1222/1206/1392 1224/1220/1392 1223/1221/1392
f 1223/1221/1393 1224/1220/1393 1217/1239/1393
f 1223/1221/1393 1217/1239/1393 1214/1219/1393
f 1213/1279/24 1223/1295/24 1214/1280/24
f 1222/1206/1392 1225/1223/1392 1224/1220/1392
f 1226/1292/588 1224/1295/588 1225/1293/588
f 1219/1288/588 1217/1280/588 1224/1295/588
f 1219/1288/588 1224/1295/588 1226/1292/588
f 1226/1292/588 1225/1293/588 1227/1296/588
f 1221/1294/1391 1219/1177/1391 1226/1175/1391
f 1228/1297/1394 1226/1175/1394 1227/1178/1394
f 1221/1294/1394 1226/1175/1394 1228/1297/1394
f 1228/1296/24 1231/1298/24 1221/1292/24
f 1228/1297/1395 1227/1178/1395 1230/1299/1395
f 1230/1300/1323 1229/1301/1323 1228/1296/1323
f 1228/1296/24 1229/1301/24 1231/1298/24
f 1229/1211/1396 1232/1207/1396 1231/1208/1396
f 1231/1208/1397 1232/1207/1397 1225/1223/1397
f 1231/1208/1397 1225/1223/1397 1222/1206/1397
f 1221/1292/24 1231/1298/24 1222/1293/24
f 1229/1211/1396 1233/1210/1396 1232/1207/1396
f 1234/1300/588 1232/1298/588 1233/1301/588
f 1227/1296/588 1225/1293/588 1232/1298/588
f 1227/1296/588 1232/1298/588 1234/1300/588
f 1230/1299/1395 1227/1178/1395 1234/1181/1395
f 1230/1299/1350 1234/1181/1350 1235/1302/1350
f 1235/1302/1350 1234/1181/1350 1236/1189/1350
f 1234/1300/588 1233/1301/588 1236/1110/588
f 1236/1110/24 1237/1303/24 1239/1111/24
f 1236/1110/1319 1238/1304/1319 1237/1303/1319
f 1240/1116/24 1238/1304/24 1236/1110/24
f 1239/1201/1398 1087/1305/1398 1236/1189/1398
f 1236/1189/1399 1091/1193/1399 1240/1197/1399
f 1087/1305/1398 1091/1193/1398 1236/1189/1398
f 1236/1110/588 1233/1301/588 1241/1306/588
f 1236/1110/588 1241/1306/588 1242/1307/588
f 1243/1308/1400 1236/1189/1400 1242/1192/1400
f 1235/1302/1400 1236/1189/1400 1243/1308/1400
f 1243/1307/24 1246/1309/24 1244/1310/24
f 1243/1307/24 1244/1310/24 1235/1110/24
f 1243/1308/1401 1242/1192/1401 1245/1311/1401
f 1245/1312/24 1246/1309/24 1243/1307/24
f 1247/1313/1402 1248/1314/1402 1246/1315/1402
f 1245/1312/24 1247/1316/24 1246/1309/24
f 1246/1315/1403 1248/1314/1403 1249/1317/1403
f 1246/1315/1403 1249/1317/1403 1244/1318/1403
f 1244/1318/1404 1249/1317/1404 1241/1189/1404
f 1242/1307/588 1241/1306/588 1249/1310/588
f 1242/1307/1358 1249/1310/1358 1250/1312/1358
f 1250/1312/588 1249/1310/588 1248/1309/588
f 1245/1311/1401 1242/1192/1401 1250/1319/1401
f 1250/1312/1405 1248/1309/1405 1251/1320/1405
f 1252/1321/1406 1250/1319/1406 1251/1322/1406
f 1245/1311/1406 1250/1319/1406 1252/1321/1406
f 1253/1323/24 1254/1324/24 1252/1320/24
f 1252/1321/1407 1251/1322/1407 1253/1325/1407
f 1252/1320/24 1254/1324/24 1247/1316/24
f 1252/1320/24 1247/1316/24 1245/1312/24
f 1255/1326/1408 1256/1327/1408 1254/1328/1408
f 1253/1323/24 1255/1329/24 1254/1324/24
f 1254/1328/1409 1256/1327/1409 1257/1330/1409
f 1254/1328/1409 1257/1330/1409 1247/1313/1409
f 1258/1323/588 1257/1316/588 1256/1324/588
f 1247/1313/1402 1257/1330/1402 1248/1314/1402
f 1251/1320/588 1248/1309/588 1257/1316/588
f 1251/1320/1405 1257/1316/1405 1258/1323/1405
f 1258/1323/1405 1256/1324/1405 1259/1331/1405
f 1253/1325/1407 1251/1322/1407 1258/1332/1407
f 1260/1333/1410 1258/1332/1410 1259/1334/1410
f 1253/1325/1410 1258/1332/1410 1260/1333/1410
f 1261/1335/1319 1262/1336/1319 1260/1331/1319
f 1260/1281/1411 1259/1287/1411 1261/1275/1411
f 1260/1331/24 1262/1336/24 1255/1329/24
f 1260/1331/24 1255/1329/24 1253/1323/24
f 1263/1269/1412 1264/1283/1412 1262/1284/1412
f 1261/1335/24 1263/1337/24 1262/1336/24
f 1262/1284/1413 1264/1283/1413 1265/1286/1413
f 1262/1284/1413 1265/1286/1413 1255/1282/1413
f 1255/1326/1408 1265/1338/1408 1256/1327/1408
f 1259/1331/588 1256/1324/588 1265/1329/588
f 1259/1331/588 1265/1329/588 1266/1335/588
f 1265/1329/588 1264/1336/588 1266/1335/588
f 1266/1335/588 1264/1336/588 1267/1337/588
f 1266/1335/588 1267/1337/588 1268/1339/588
f 1261/1275/1414 1259/1287/1414 1266/1277/1414
f 1269/1268/1334 1266/1277/1334 1268/1276/1334
f 1261/1275/1334 1266/1277/1334 1269/1268/1334
f 1269/1268/1415 1268/1276/1415 1272/1264/1415
f 1272/1340/24 1270/1341/24 1269/1339/24
f 1269/1339/24 1270/1341/24 1271/1342/24
f 1269/1339/24 1271/1342/24 1263/1337/24
f 1269/1339/1318 1263/1337/1318 1261/1335/1318
f 1272/1264/1416 1268/1276/1416 1273/1265/1416
f 1272/1340/24 1275/1343/24 1270/1341/24
f 1272/1264/1417 1273/1265/1417 1274/1254/1417
f 1274/1344/24 1275/1343/24 1272/1340/24
f 1276/1260/1418 1277/1256/1418 1275/1257/1418
f 1274/1344/24 1276/1345/24 1275/1343/24
f 1275/1257/1419 1277/1256/1419 1278/1273/1419
f 1275/1257/1419 1278/1273/1419 1270/1255/1419
f 1270/1255/1420 1278/1273/1420 1279/1270/1420
f 1273/1340/588 1279/1342/588 1278/1341/588
f 1273/1340/588 1278/1341/588 1280/1344/588
f 1280/1344/588 1278/1341/588 1277/1343/588
f 1274/1254/1417 1273/1265/1417 1280/1262/1417
f 1280/1344/588 1277/1343/588 1281/1346/588
f 1282/1250/1421 1280/1262/1421 1281/1253/1421
f 1274/1254/1422 1280/1262/1422 1282/1250/1422
f 1284/1347/1318 1283/1348/1318 1282/1346/1318
f 1282/1346/24 1283/1348/24 1276/1345/24
f 1282/1250/1321 1281/1253/1321 1284/1244/1321
f 1282/1346/24 1276/1345/24 1274/1344/24
f 1286/1349/24 1285/1350/24 1284/1347/24
f 1284/1347/24 1285/1350/24 1283/1348/24
f 1284/1244/1321 1281/1253/1321 1287/1249/1321
f 1284/1244/1423 1287/1249/1423 1286/1242/1423
f 1287/1347/588 1289/1345/588 1288/1348/588
f 1287/1347/588 1288/1348/588 1290/1349/588
f 1281/1346/588 1289/1345/588 1287/1347/588
f 1286/1242/1423 1287/1249/1423 1290/1243/1423
f 1290/1349/588 1288/1348/588 1291/1350/588
f 1290/1349/588 1291/1350/588 1292/1351/588
f 1293/1230/1424 1290/1243/1424 1292/1240/1424
f 1286/1242/1424 1290/1243/1424 1293/1230/1424
f 1294/1352/24 1295/1353/24 1293/1351/24
f 1293/1230/1425 1292/1240/1425 1294/1228/1425
f 1293/1351/24 1296/1354/24 1286/1349/24
f 1293/1351/24 1295/1353/24 1296/1354/24
f 1295/1238/1426 1297/1234/1426 1296/1235/1426
f 1296/1235/1427 1297/1234/1427 1291/1355/1427
f 1296/1235/1427 1291/1355/1427 1285/1233/1427
f 1286/1349/24 1296/1354/24 1285/1350/24
f 1295/1238/1426 1298/1237/1426 1297/1234/1426
f 1299/1352/588 1297/1354/588 1298/1353/588
f 1292/1351/588 1291/1350/588 1297/1354/588
f 1292/1351/588 1297/1354/588 1299/1352/588
f 1299/1352/588 1298/1353/588 1300/1356/588
f 1294/1228/1428 1292/1240/1428 1299/1229/1428
f 1301/1357/1429 1299/1358/1429 1300/1359/1429
f 1294/1360/1429 1299/1358/1429 1301/1357/1429
f 1302/1361/24 1303/1362/24 1301/1356/24
f 1301/1357/1430 1300/1359/1430 1302/1363/1430
f 1301/1356/24 1303/1362/24 1304/1364/24
f 1301/1356/24 1304/1364/24 1294/1352/24
f 1303/1313/1431 1305/1327/1431 1304/1328/1431
f 1304/1328/1432 1305/1327/1432 1298/1338/1432
f 1304/1328/1432 1298/1338/1432 1295/1326/1432
f 1294/1352/24 1304/1364/24 1295/1353/24
f 1303/1313/1431 1306/1330/1431 1305/1327/1431
f 1307/1361/588 1305/1364/588 1306/1362/588
f 1300/1356/588 1298/1353/588 1305/1364/588
f 1300/1356/1405 1305/1364/1405 1307/1361/1405
f 1302/1363/1433 1300/1359/1433 1307/1365/1433
f 1307/1361/588 1306/1362/588 1308/1366/588
f 1309/1367/1434 1307/1365/1434 1308/1368/1434
f 1302/1363/1434 1307/1365/1434 1309/1367/1434
f 1309/1367/1435 1308/1368/1435 1161/1196/1435
f 1161/1194/1436 1310/1195/1436 1309/1366/1436
f 1309/1366/24 1310/1195/24 1311/1369/24
f 1309/1366/24 1311/1369/24 1302/1361/24
f 1310/1318/1437 1312/1314/1437 1311/1315/1437
f 1311/1315/1438 1312/1314/1438 1306/1330/1438
f 1311/1315/1438 1306/1330/1438 1303/1313/1438
f 1302/1361/24 1311/1369/24 1303/1362/24
f 1310/1318/1437 1158/1317/1437 1312/1314/1437
f 1157/1194/588 1312/1369/588 1158/1195/588
f 1308/1366/588 1306/1362/588 1312/1369/588
f 1308/1366/588 1312/1369/588 1157/1194/588
f 1164/1302/1439 1158/1317/1439 1310/1318/1439
f 1161/1194/24 1164/1198/24 1310/1195/24
f 1308/1368/1440 1157/1197/1440 1161/1196/1440
f 1285/1233/1441 1291/1355/1441 1288/1261/1441
f 1283/1370/1442 1288/1261/1442 1289/1259/1442
f 1283/1370/1442 1289/1259/1442 1276/1260/1442
f 1276/1260/1418 1289/1259/1418 1277/1256/1418
f 1281/1346/588 1277/1343/588 1289/1345/588
f 1285/1233/1441 1288/1261/1441 1283/1370/1441
f 1270/1255/1420 1279/1270/1420 1271/1271/1420
f 1271/1271/1443 1279/1270/1443 1267/1285/1443
f 1268/1339/588 1267/1337/588 1279/1342/588
f 1268/1339/588 1279/1342/588 1273/1340/588
f 1271/1271/1443 1267/1285/1443 1263/1269/1443
f 1263/1269/1412 1267/1285/1412 1264/1283/1412
f 1244/1318/1404 1241/1189/1404 1313/1302/1404
f 1235/1110/24 1244/1310/24 1313/1306/24
f 1313/1302/1444 1233/1210/1444 1229/1211/1444
f 1230/1300/24 1313/1306/24 1229/1301/24
f 1313/1302/1444 1241/1189/1444 1233/1210/1444
f 1235/1110/24 1313/1306/24 1230/1300/24
f 1091/1193/1399 1095/1371/1399 1240/1197/1399
f 1240/1197/1445 1095/1371/1445 1100/1372/1445
f 1240/1197/1446 1100/1372/1446 1315/1368/1446
f 1240/1116/24 1314/1373/24 1238/1304/24
f 1315/1121/24 1314/1373/24 1240/1116/24
f 1315/1121/24 1316/1374/24 1314/1373/24
f 1317/1126/24 1316/1374/24 1315/1121/24
f 1315/1368/1447 1105/1375/1447 1317/1365/1447
f 1315/1368/1447 1100/1372/1447 1105/1375/1447
f 1317/1126/24 1318/1376/24 1316/1374/24
f 1319/1131/1319 1318/1376/1319 1317/1126/1319
f 1317/1365/1448 1110/1377/1448 1319/1359/1448
f 1317/1365/1448 1105/1375/1448 1110/1377/1448
f 1320/1103/24 1321/1378/24 1319/1131/24
f 1319/1359/1449 1115/1379/1449 1320/1358/1449
f 1319/1131/24 1321/1378/24 1318/1376/24
f 1319/1359/1450 1110/1377/1450 1115/1379/1450
f 1323/1380/1451 1321/1381/1451 1322/1086/1451
f 1322/1086/1452 1321/1381/1452 1324/1091/1452
f 1323/1382/1453 1318/1383/1453 1321/1384/1453
f 1320/1103/24 1324/1385/24 1321/1378/24
f 1322/1086/1454 1324/1091/1454 1327/1084/1454
f 1327/1084/1454 1324/1091/1454 1325/1085/1454
f 1326/1102/24 1325/1386/24 1324/1385/24
f 1326/1102/24 1324/1385/24 1320/1103/24
f 1328/1387/24 1329/1388/24 1327/1386/24
f 1327/1084/1455 1325/1085/1455 1328/1088/1455
f 1327/1386/24 1329/1388/24 1330/1389/24
f 1327/1386/24 1330/1389/24 1322/1385/24
f 1322/1385/24 1330/1389/24 1331/1390/24
f 1333/1079/1371 1331/1078/1371 1330/1075/1371
f 1333/1079/1371 1330/1075/1371 1332/1076/1371
f 1332/1076/1456 1330/1075/1456 1329/1391/1456
f 1333/1390/24 1335/1392/24 1334/1393/24
f 1334/1394/1457 1331/1078/1457 1333/1079/1457
f 1333/1390/24 1337/1395/24 1335/1392/24
f 1332/1389/24 1336/1396/24 1333/1390/24
f 1333/1390/24 1336/1396/24 1337/1395/24
f 1337/1395/1458 1336/1396/1458 1338/1397/1458
f 1338/1397/1459 1339/1398/1459 1337/1395/1459
f 1337/1395/1460 1339/1398/1460 1335/1392/1460
f 1340/1399/1461 1335/1392/1461 1339/1398/1461
f 1340/1399/1462 1339/1398/1462 1341/1400/1462
f 1341/1400/1463 1339/1398/1463 1342/1401/1463
f 1338/1397/1464 1342/1401/1464 1339/1398/1464
f 1341/1400/1465 1342/1401/1465 1343/1402/1465
f 1343/1402/1466 1342/1401/1466 1344/1403/1466
f 1345/1404/1467 1344/1403/1467 1342/1401/1467
f 1345/1404/1468 1342/1401/1468 1338/1397/1468
f 1346/1405/1469 1344/1403/1469 1345/1404/1469
f 1345/1404/1470 1348/1406/1470 1346/1405/1470
f 1338/1397/1471 1347/1407/1471 1345/1404/1471
f 1345/1404/1472 1347/1407/1472 1348/1406/1472
f 1346/1405/1473 1348/1406/1473 1351/1408/1473
f 1347/1407/1474 1349/1409/1474 1348/1406/1474
f 1348/1406/1475 1349/1409/1475 1350/1410/1475
f 1348/1406/1476 1350/1410/1476 1351/1408/1476
f 1346/1405/1477 1351/1408/1477 1352/1411/1477
f 1352/1411/1477 1351/1408/1477 1353/1412/1477
f 1351/1408/1478 1350/1410/1478 1354/1413/1478
f 1351/1408/1479 1354/1413/1479 1353/1412/1479
f 1350/1410/1480 1355/1414/1480 1354/1413/1480
f 1354/1413/1481 1355/1414/1481 1356/1415/1481
f 1354/1413/1482 1356/1415/1482 1357/1416/1482
f 1353/1412/1483 1354/1413/1483 1357/1416/1483
f 1357/1416/1484 1356/1415/1484 1358/1417/1484
f 1357/1416/1485 1358/1417/1485 1359/1418/1485
f 1360/1419/1486 1357/1416/1486 1359/1418/1486
f 1353/1412/1487 1357/1416/1487 1360/1419/1487
f 1361/1420/1488 1353/1412/1488 1360/1419/1488
f 1361/1420/1489 1360/1419/1489 1363/1421/1489
f 1363/1421/1490 1360/1419/1490 1362/1422/1490
f 1360/1423/1491 1359/1424/1491 1362/1425/1491
f 1363/1426/1492 1366/1427/1492 1364/1428/1492
f 1363/1421/1493 1364/1429/1493 1361/1420/1493
f 1365/1430/1494 1366/1427/1494 1363/1426/1494
f 1363/1426/1495 1362/1425/1495 1365/1430/1495
f 1367/1431/1496 1364/1428/1496 1366/1427/1496
f 1367/1431/1497 1366/1427/1497 1368/1432/1497
f 1368/1432/1498 1366/1427/1498 1369/1433/1498
f 1365/1430/1499 1369/1433/1499 1366/1427/1499
f 1368/1432/1500 1369/1433/1500 1370/1434/1500
f 1370/1434/1501 1369/1433/1501 1372/1435/1501
f 1371/1436/1502 1372/1435/1502 1369/1433/1502
f 1371/1436/1503 1369/1433/1503 1365/1430/1503
f 1373/1437/1504 1374/1438/1504 1372/1435/1504
f 1375/1439/1505 1373/1437/1505 1372/1435/1505
f 1372/1435/1506 1374/1438/1506 1370/1434/1506
f 1375/1439/1507 1372/1435/1507 1371/1436/1507
f 1378/1440/1508 1373/1437/1508 1375/1439/1508
f 1371/1436/1509 1376/1441/1509 1375/1439/1509
f 1375/1439/1510 1376/1441/1510 1377/1442/1510
f 1375/1439/1511 1377/1442/1511 1378/1440/1511
f 1379/1443/1512 1380/1444/1512 1378/1440/1512
f 1378/1440/1513 1377/1442/1513 1379/1443/1513
f 1378/1440/1512 1380/1444/1512 1381/1445/1512
f 1378/1440/1514 1381/1445/1514 1373/1437/1514
f 1383/1446/1515 1381/1445/1515 1380/1444/1515
f 1373/1437/1514 1381/1445/1514 1382/1447/1514
f 1382/1447/1516 1381/1445/1516 1383/1446/1516
f 1383/1446/1517 1385/1448/1517 1382/1447/1517
f 1384/1449/1518 1385/1448/1518 1383/1446/1518
f 1383/1446/1519 1388/1450/1519 1384/1449/1519
f 1383/1446/1515 1380/1444/1515 1386/1451/1515
f 1386/1451/1520 1387/1452/1520 1383/1446/1520
f 1383/1446/1521 1387/1452/1521 1388/1450/1521
f 1384/1449/1522 1388/1450/1522 1389/1453/1522
f 1387/1452/1523 1390/1454/1523 1388/1450/1523
f 1388/1450/1524 1391/1455/1524 1389/1453/1524
f 1388/1450/1525 1390/1454/1525 1391/1455/1525
f 1390/1454/1526 1393/1456/1526 1391/1455/1526
f 1389/1457/1527 1391/1458/1527 1392/1459/1527
f 1391/1458/1528 1394/1460/1528 1392/1459/1528
f 1391/1458/1529 1393/1461/1529 1394/1460/1529
f 1392/1459/1530 1394/1460/1530 1395/595/1530
f 1394/1462/1531 1397/1463/1531 1395/1464/1531
f 1393/1465/1532 1396/1466/1532 1394/1462/1532
f 1394/1462/1533 1396/1466/1533 1397/1463/1533
f 1396/1466/1534 1399/1467/1534 1397/1463/1534
f 1395/1464/1535 1397/1463/1535 1398/1468/1535
f 1397/1463/1536 1400/1469/1536 1398/1468/1536
f 1397/1463/1537 1399/1467/1537 1400/1469/1537
f 1399/1467/1538 1402/1470/1538 1400/1469/1538
f 1398/1468/1539 1400/1469/1539 1401/1471/1539
f 1400/1469/1540 1403/1472/1540 1401/1471/1540
f 1400/1469/1540 1402/1470/1540 1403/1472/1540
f 1402/1470/1541 1405/1473/1541 1403/1472/1541
f 1401/1471/1542 1403/1472/1542 1404/1474/1542
f 1403/1472/1543 1406/1475/1543 1404/1474/1543
f 1403/1472/1544 1405/1473/1544 1406/1475/1544
f 1405/1473/1545 1408/1476/1545 1406/1475/1545
f 1404/1474/1546 1406/1475/1546 1407/1477/1546
f 1406/1475/1547 1409/1478/1547 1407/1477/1547
f 1406/1475/1548 1408/1476/1548 1409/1478/1548
f 1408/1476/1549 1410/1479/1549 1409/1478/1549
f 1409/1478/1550 1410/1479/1550 1412/1480/1550
f 1407/1477/1551 1409/1478/1551 1411/1481/1551
f 1409/1478/1552 1412/1480/1552 1411/1481/1552
f 1413/1482/588 1412/1480/588 609/616/588
f 609/616/588 1412/1480/588 1410/1479/588
f 1411/1481/1553 1412/1480/1553 1413/1482/1553
f 609/616/588 1414/1483/588 1413/1482/588
f 1415/1484/1554 1413/1482/1554 1414/1483/1554
f 1411/1481/1555 1413/1482/1555 1415/1484/1555
f 1415/1484/1554 1414/1483/1554 1418/1485/1554
f 1416/1486/1556 1411/1481/1556 1415/1484/1556
f 1416/1486/1557 1415/1484/1557 1417/1487/1557
f 1417/1487/1558 1415/1484/1558 1418/1485/1558
f 1417/1487/1558 1418/1485/1558 1419/1488/1558
f 1419/1488/1559 1418/1485/1559 1420/1489/1559
f 1418/1485/1560 1421/1490/1560 1420/1489/1560
f 1418/1485/1560 1414/1483/1560 1421/1490/1560
f 1422/1491/588 1421/1490/588 609/616/588
f 1420/1489/1561 1421/1490/1561 1422/1491/1561
f 609/616/588 1421/1490/588 1414/1483/588
f 609/616/588 1423/1492/588 1422/1491/588
f 1424/1493/1562 1422/1491/1562 1423/1492/1562
f 1420/1489/1563 1422/1491/1563 1424/1493/1563
f 1425/1494/1564 1420/1489/1564 1424/1493/1564
f 1425/1494/1565 1424/1493/1565 1426/1495/1565
f 1426/1495/1566 1424/1493/1566 1427/1496/1566
f 1424/1493/1567 1423/1492/1567 1427/1496/1567
f 1426/1495/1568 1427/1496/1568 1428/1497/1568
f 1428/1497/1569 1427/1496/1569 1429/1498/1569
f 1427/1496/1570 1430/1499/1570 1429/1498/1570
f 1427/1496/1570 1423/1492/1570 1430/1499/1570
f 1431/1500/588 1430/1499/588 609/616/588
f 609/616/588 1430/1499/588 1423/1492/588
f 1429/1498/1571 1430/1499/1571 1431/1500/1571
f 609/616/588 1432/1501/588 1431/1500/588
f 1433/1502/1572 1431/1500/1572 1432/1501/1572
f 1429/1498/1573 1431/1500/1573 1433/1502/1573
f 1433/1502/1574 1432/1501/1574 1436/1503/1574
f 1434/1504/1575 1429/1498/1575 1433/1502/1575
f 1434/1504/1575 1433/1502/1575 1435/1505/1575
f 1435/1505/1576 1433/1502/1576 1436/1503/1576
f 1436/1503/1577 1432/1501/1577 1437/1506/1577
f 1436/1503/1578 1437/1506/1578 1439/1507/1578
f 1435/1505/1579 1436/1503/1579 1438/1508/1579
f 1438/1508/1580 1436/1503/1580 1439/1507/1580
f 1439/1507/1581 1437/1506/1581 1440/1509/1581
f 1439/1507/1581 1440/1509/1581 1442/1510/1581
f 1438/1508/1582 1439/1507/1582 1441/1511/1582
f 1441/1511/1583 1439/1507/1583 1442/1510/1583
f 1441/1511/1584 1442/1510/1584 1443/1512/1584
f 1443/1512/1585 1442/1510/1585 1444/1513/1585
f 1442/1510/1586 1445/1514/1586 1444/1513/1586
f 1442/1510/1587 1440/1509/1587 1445/1514/1587
f 609/616/588 1445/1514/588 1440/1509/588
f 609/616/588 1446/1515/588 1445/1514/588
f 1444/1513/1588 1445/1514/1588 1446/1515/1588
f 1447/1516/588 1446/1515/588 609/616/588
f 1448/1517/1589 1446/1515/1589 1447/1516/1589
f 1444/1513/1588 1446/1515/1588 1448/1517/1588
f 1449/1518/1590 1444/1513/1590 1448/1517/1590
f 1449/1518/1591 1448/1517/1591 1450/1519/1591
f 1450/1519/1592 1448/1517/1592 1451/1520/1592
f 1448/1517/1593 1447/1516/1593 1451/1520/1593
f 1451/1520/1594 1447/1516/1594 1452/1070/1594
f 1451/1520/1594 1452/1070/1594 1454/1069/1594
f 1450/1519/1595 1451/1520/1595 1453/1521/1595
f 1453/1521/1596 1451/1520/1596 1454/1069/1596
f 1454/1069/1597 1452/1070/1597 1457/1071/1597
f 1453/1521/1598 1454/1069/1598 1455/1522/1598
f 1455/1522/1599 1454/1069/1599 1456/1068/1599
f 1454/1069/1597 1457/1071/1597 1456/1068/1597
f 1458/1062/588 1457/1071/588 609/616/588
f 609/616/588 1457/1071/588 1452/1070/588
f 1456/1068/1600 1457/1071/1600 1458/1062/1600
f 609/616/588 1459/1060/588 1458/1062/588
f 1460/1063/1601 1458/1062/1601 1459/1060/1601
f 1456/1068/1600 1458/1062/1600 1460/1063/1600
f 1460/1063/1601 1459/1060/1601 1463/1061/1601
f 1461/1067/1602 1456/1068/1602 1460/1063/1602
f 1461/1067/1603 1460/1063/1603 1462/1065/1603
f 1462/1065/1604 1460/1063/1604 1463/1061/1604
f 1463/1061/1605 1459/1060/1605 1464/1059/1605
f 1463/1061/1605 1464/1059/1605 1466/1058/1605
f 1462/1065/1604 1463/1061/1604 1465/1064/1604
f 1465/1064/1606 1463/1061/1606 1466/1058/1606
f 1465/1064/1606 1466/1058/1606 1467/1057/1606
f 1467/1057/1607 1466/1058/1607 961/981/1607
f 1466/1058/1608 1468/1523/1608 961/981/1608
f 1466/1058/1608 1464/1059/1608 1468/1523/1608
f 1468/1523/588 1464/1059/588 609/616/588
f 609/616/588 958/978/588 1468/1523/588
f 961/981/1609 1468/1523/1609 958/978/1609
f 1470/1041/1610 1467/1057/1610 1469/1040/1610
f 1469/1040/1611 1467/1057/1611 960/980/1611
f 1467/1057/1612 961/981/1612 960/980/1612
f 1470/1041/1610 1465/1064/1610 1467/1057/1610
f 1471/1524/1613 1472/1066/1613 1470/1041/1613
f 1471/1524/1614 1470/1041/1614 1473/1036/1614
f 1472/1066/1615 1465/1064/1615 1470/1041/1615
f 1473/1036/1616 1470/1041/1616 1469/1040/1616
f 1474/1525/1617 1471/1524/1617 1473/1036/1617
f 1474/1525/1618 1473/1036/1618 1475/1038/1618
f 1475/1038/1619 1473/1036/1619 1476/1035/1619
f 1473/1036/1620 1469/1040/1620 1476/1035/1620
f 1475/1038/1619 1476/1035/1619 1477/1037/1619
f 1477/1037/1621 1476/1035/1621 965/985/1621
f 1476/1035/1622 963/983/1622 965/985/1622
f 1476/1035/1622 1469/1040/1622 963/983/1622
f 1479/1526/1623 1477/1527/1623 1478/1528/1623
f 1478/1528/1624 1477/1527/1624 967/990/1624
f 1477/1037/1625 965/985/1625 967/987/1625
f 1479/1526/1626 1475/1529/1626 1477/1527/1626
f 1480/1530/1627 1481/1531/1627 1479/1526/1627
f 1480/1530/1628 1479/1526/1628 1482/1532/1628
f 1481/1531/1629 1475/1529/1629 1479/1526/1629
f 1482/1532/1630 1479/1526/1630 1478/1528/1630
f 1483/1533/1631 1480/1530/1631 1482/1532/1631
f 1483/1533/1632 1482/1532/1632 1484/1534/1632
f 1484/1534/1633 1482/1532/1633 1485/1535/1633
f 1482/1532/1634 1478/1528/1634 1485/1535/1634
f 1484/1534/1635 1485/1535/1635 1486/1536/1635
f 1486/1536/1636 1485/1535/1636 971/994/1636
f 1485/1535/1637 969/989/1637 971/994/1637
f 1485/1535/1637 1478/1528/1637 969/989/1637
f 1489/1537/1638 1486/1536/1638 1487/1538/1638
f 1487/1538/1639 1486/1536/1639 1488/1539/1639
f 1486/1536/1640 971/994/1640 1488/1539/1640
f 1489/1537/1641 1484/1534/1641 1486/1536/1641
f 1487/1538/1642 1492/1540/1642 1489/1537/1642
f 1489/1537/1643 1491/1541/1643 1490/1542/1643
f 1490/1542/1644 1484/1534/1644 1489/1537/1644
f 1489/1537/1645 1492/1540/1645 1491/1541/1645
f 1493/1543/1646 1491/1541/1646 1492/1540/1646
f 1493/1543/1647 1492/1540/1647 1494/1544/1647
f 1494/1544/1647 1492/1540/1647 1495/1545/1647
f 1487/1538/1648 1495/1545/1648 1492/1540/1648
f 1494/1544/1649 1495/1545/1649 1496/1546/1649
f 1496/1546/1649 1495/1545/1649 1497/1547/1649
f 1497/1547/1650 1495/1545/1650 1487/1538/1650
f 1496/1546/1651 1497/1547/1651 990/1012/1651
f 990/1012/1651 1497/1547/1651 982/1006/1651
f 1487/1538/1652 982/1006/1652 1497/1547/1652
f 1494/1544/1653 1496/1546/1653 1498/1548/1653
f 1496/1546/1654 990/1012/1654 987/1011/1654
f 1498/1548/1655 1496/1546/1655 987/1011/1655
f 1498/1548/1656 1501/1549/1656 1494/1544/1656
f 1498/1548/1657 987/1011/1657 1499/1550/1657
f 1499/1550/1658 1500/1551/1658 1498/1548/1658
f 1498/1548/1659 1500/1551/1659 1501/1549/1659
f 1494/1544/1660 1501/1549/1660 1493/1543/1660
f 1505/1552/1661 1502/1553/1661 1501/1549/1661
f 1501/1549/1662 1502/1553/1662 1503/1554/1662
f 1500/1551/1663 1504/1555/1663 1501/1549/1663
f 1501/1549/1664 1503/1554/1664 1493/1543/1664
f 1501/1549/1665 1504/1555/1665 1505/1552/1665
f 1506/1556/1666 1502/1553/1666 1505/1552/1666
f 1507/1557/1667 1506/1556/1667 1505/1552/1667
f 1508/1558/1668 1505/1552/1668 1504/1555/1668
f 1507/1557/1668 1505/1552/1668 1508/1558/1668
f 1508/1558/1669 1511/1441/1669 1507/1557/1669
f 1508/1558/1670 1504/1555/1670 1509/1559/1670
f 1509/1559/1671 1510/1560/1671 1508/1558/1671
f 1508/1558/1672 1510/1560/1672 1511/1441/1672
f 1510/1560/1673 1512/1430/1673 1511/1441/1673
f 1511/1441/1674 1512/1430/1674 1514/1436/1674
f 1507/1557/1675 1511/1441/1675 1513/1442/1675
f 1511/1441/1676 1514/1436/1676 1513/1442/1676
f 1512/1430/1677 1515/1427/1677 1514/1436/1677
f 1514/1436/1678 1515/1427/1678 1516/1433/1678
f 1514/1436/1679 1516/1433/1679 1517/1439/1679
f 1513/1442/1680 1514/1436/1680 1517/1439/1680
f 1517/1439/1681 1522/1438/1681 1518/1437/1681
f 1517/1439/1682 1518/1437/1682 1519/1440/1682
f 1520/1443/1683 1517/1439/1683 1519/1440/1683
f 1513/1442/1684 1517/1439/1684 1520/1443/1684
f 1517/1439/1685 1516/1433/1685 1521/1435/1685
f 1521/1435/1686 1522/1438/1686 1517/1439/1686
f 1523/1561/1687 1524/1562/1687 1522/1438/1687
f 1523/1561/1688 1522/1438/1688 1521/1435/1688
f 1522/1438/1687 1524/1562/1687 1525/1448/1687
f 1522/1438/1689 1525/1448/1689 1518/1437/1689
f 1528/1563/1690 1525/1448/1690 1524/1562/1690
f 1518/1437/1689 1525/1448/1689 1526/1447/1689
f 1527/1449/1691 1526/1447/1691 1525/1448/1691
f 1527/1449/1692 1525/1448/1692 1528/1563/1692
f 1528/846/1693 1530/855/1693 1529/859/1693
f 1528/846/1694 1529/859/1694 1531/776/1694
f 1524/1562/1695 1530/1564/1695 1528/1563/1695
f 1528/1563/1696 1533/1450/1696 1527/1449/1696
f 1531/776/1697 1532/842/1697 1528/846/1697
f 1528/1563/1698 1532/1453/1698 1533/1450/1698
f 1532/1453/1699 1535/1454/1699 1533/1450/1699
f 1527/1449/1700 1533/1450/1700 1534/1452/1700
f 1533/1450/1701 1536/1565/1701 1534/1452/1701
f 1533/1450/1702 1535/1454/1702 1536/1565/1702
f 1535/1454/1703 1538/1566/1703 1536/1565/1703
f 1534/1452/1704 1536/1565/1704 1537/1567/1704
f 1536/1565/1705 1539/1568/1705 1537/1567/1705
f 1536/1565/1706 1538/1566/1706 1539/1568/1706
f 1538/1569/1707 1541/1570/1707 1539/1571/1707
f 1537/1567/1708 1539/1568/1708 1540/1572/1708
f 1539/1568/1709 1542/1573/1709 1540/1572/1709
f 1539/1568/1710 1541/1574/1710 1542/1573/1710
f 1541/1570/1711 1543/1575/1711 1542/1576/1711
f 1540/1572/1712 1542/1573/1712 1474/1577/1712
f 1542/1576/1713 1471/1524/1713 1474/1525/1713
f 1542/1576/1714 1543/1575/1714 1471/1524/1714
f 1541/1570/1715 1544/1578/1715 1543/1575/1715
f 1544/1578/1716 1545/1579/1716 1543/1575/1716
f 1543/1575/1717 1472/1066/1717 1471/1524/1717
f 1543/1575/1718 1545/1579/1718 1472/1066/1718
f 1544/1578/1719 1546/1580/1719 1545/1579/1719
f 1546/1580/1720 1461/1067/1720 1545/1579/1720
f 1545/1579/1721 1462/1065/1721 1472/1066/1721
f 1545/1579/1722 1461/1067/1722 1462/1065/1722
f 1547/1581/1723 1548/1582/1723 1546/1580/1723
f 1547/1581/1724 1546/1580/1724 1544/1578/1724
f 1548/1582/1725 1455/1522/1725 1546/1580/1725
f 1546/1580/1726 1455/1522/1726 1461/1067/1726
f 1549/1583/1727 1550/1584/1727 1548/1582/1727
f 1549/1583/1728 1548/1582/1728 1547/1581/1728
f 1550/1584/1729 1453/1521/1729 1548/1582/1729
f 1548/1582/1730 1453/1521/1730 1455/1522/1730
f 1551/1585/1731 1552/1586/1731 1550/1584/1731
f 1551/1585/1732 1550/1584/1732 1549/1583/1732
f 1552/1586/1733 1450/1519/1733 1550/1584/1733
f 1550/1584/1734 1450/1519/1734 1453/1521/1734
f 1553/1587/1735 1554/1588/1735 1552/1586/1735
f 1553/1587/1735 1552/1586/1735 1551/1585/1735
f 1554/1588/1736 1449/1518/1736 1552/1586/1736
f 1552/1586/1737 1449/1518/1737 1450/1519/1737
f 1555/1589/1738 1554/1588/1738 1553/1587/1738
f 1556/1590/1739 1443/1512/1739 1554/1588/1739
f 1554/1588/1740 1443/1512/1740 1449/1518/1740
f 1555/1589/1738 1556/1590/1738 1554/1588/1738
f 1557/1591/1741 1558/1592/1741 1556/1590/1741
f 1557/1591/1742 1556/1590/1742 1555/1589/1742
f 1558/1592/1743 1441/1511/1743 1556/1590/1743
f 1556/1590/1744 1441/1511/1744 1443/1512/1744
f 1559/1593/1745 1560/1594/1745 1558/1592/1745
f 1559/1593/1746 1558/1592/1746 1557/1591/1746
f 1560/1594/1747 1438/1508/1747 1558/1592/1747
f 1558/1592/1748 1438/1508/1748 1441/1511/1748
f 1561/1595/1749 1562/1596/1749 1560/1594/1749
f 1561/1595/1750 1560/1594/1750 1559/1593/1750
f 1562/1596/1751 1435/1505/1751 1560/1594/1751
f 1560/1594/1752 1435/1505/1752 1438/1508/1752
f 1563/1597/1753 1564/1598/1753 1562/1596/1753
f 1563/1597/1753 1562/1596/1753 1561/1595/1753
f 1564/1598/1754 1434/1504/1754 1562/1596/1754
f 1562/1596/1755 1434/1504/1755 1435/1505/1755
f 1565/1599/1756 1566/1600/1756 1564/1598/1756
f 1565/1599/1757 1564/1598/1757 1563/1597/1757
f 1566/1600/1758 1428/1497/1758 1564/1598/1758
f 1564/1598/1759 1428/1497/1759 1434/1504/1759
f 1567/1601/1760 1568/1602/1760 1566/1600/1760
f 1567/1601/1761 1566/1600/1761 1565/1599/1761
f 1568/1602/1762 1426/1495/1762 1566/1600/1762
f 1566/1600/1763 1426/1495/1763 1428/1497/1763
f 1569/1603/1764 1568/1602/1764 1567/1601/1764
f 1569/1603/1765 1570/1604/1765 1568/1602/1765
f 1570/1604/1766 1425/1494/1766 1568/1602/1766
f 1568/1602/1767 1425/1494/1767 1426/1495/1767
f 1571/1605/1768 1570/1604/1768 1569/1603/1768
f 1570/1604/1769 1419/1488/1769 1425/1494/1769
f 1572/1606/1770 1419/1488/1770 1570/1604/1770
f 1571/1605/1771 1572/1606/1771 1570/1604/1771
f 1573/1607/1772 1574/1608/1772 1572/1606/1772
f 1573/1607/1773 1572/1606/1773 1571/1605/1773
f 1574/1608/1774 1417/1487/1774 1572/1606/1774
f 1572/1606/1775 1417/1487/1775 1419/1488/1775
f 1575/1609/1776 1576/1610/1776 1574/1608/1776
f 1575/1609/1777 1574/1608/1777 1573/1607/1777
f 1576/1610/1778 1416/1486/1778 1574/1608/1778
f 1574/1608/1779 1416/1486/1779 1417/1487/1779
f 1577/1611/1780 1404/1474/1780 1576/1610/1780
f 1577/1611/1781 1576/1610/1781 1575/1609/1781
f 1404/1474/1782 1407/1477/1782 1576/1610/1782
f 1576/1610/1783 1407/1477/1783 1416/1486/1783
f 1578/1612/1784 1401/1471/1784 1577/1611/1784
f 1578/1612/1785 1577/1611/1785 1579/1613/1785
f 1401/1471/1786 1404/1474/1786 1577/1611/1786
f 1579/1613/1787 1577/1611/1787 1575/1609/1787
f 1580/591/1788 1578/638/1788 1579/637/1788
f 1580/591/1789 1579/637/1789 1581/636/1789
f 1581/636/1790 1579/637/1790 1582/643/1790
f 1579/1613/1791 1575/1609/1791 1582/1614/1791
f 1581/636/1792 1582/643/1792 1583/640/1792
f 1583/640/1793 1582/643/1793 1584/645/1793
f 1582/1614/1794 1573/1607/1794 1584/1615/1794
f 1582/1614/1795 1575/1609/1795 1573/1607/1795
f 1583/640/1796 1584/645/1796 1585/644/1796
f 1585/644/1797 1584/645/1797 1586/679/1797
f 1584/1615/1798 1571/1605/1798 1586/1616/1798
f 1584/1615/1799 1573/1607/1799 1571/1605/1799
f 1585/644/1800 1586/679/1800 1587/680/1800
f 1587/680/1801 1586/679/1801 1588/678/1801
f 1586/1616/1802 1569/1603/1802 1588/1617/1802
f 1586/1616/1803 1571/1605/1803 1569/1603/1803
f 1587/680/1801 1588/678/1801 1589/677/1801
f 1589/677/1804 1588/678/1804 1590/704/1804
f 1588/1617/1805 1567/1601/1805 1590/1618/1805
f 1588/1617/1806 1569/1603/1806 1567/1601/1806
f 1589/677/1807 1590/704/1807 1591/702/1807
f 1591/702/1808 1590/704/1808 1592/705/1808
f 1590/1618/1809 1565/1599/1809 1592/1619/1809
f 1590/1618/1810 1567/1601/1810 1565/1599/1810
f 1591/702/1811 1592/705/1811 1593/703/1811
f 1593/703/1812 1592/705/1812 1594/709/1812
f 1592/1619/1813 1563/1597/1813 1594/1620/1813
f 1592/1619/1814 1565/1599/1814 1563/1597/1814
f 1593/703/1815 1594/709/1815 1595/708/1815
f 1595/708/1816 1594/709/1816 1596/763/1816
f 1594/1620/1817 1561/1595/1817 1596/1621/1817
f 1594/1620/1818 1563/1597/1818 1561/1595/1818
f 1595/708/1819 1596/763/1819 1597/766/1819
f 1597/766/1820 1596/763/1820 1598/760/1820
f 1596/1621/1821 1559/1593/1821 1598/1622/1821
f 1596/1621/1822 1561/1595/1822 1559/1593/1822
f 1597/766/1823 1598/760/1823 1599/761/1823
f 1599/761/1824 1598/760/1824 1600/759/1824
f 1598/1622/1825 1557/1591/1825 1600/1623/1825
f 1598/1622/1825 1559/1593/1825 1557/1591/1825
f 1599/761/1826 1600/759/1826 1601/758/1826
f 1601/1624/1827 1600/1623/1827 1602/1625/1827
f 1600/1623/1828 1555/1589/1828 1602/1625/1828
f 1600/1623/1829 1557/1591/1829 1555/1589/1829
f 1601/1624/1830 1602/1625/1830 1603/1626/1830
f 1603/1626/1831 1602/1625/1831 1604/1627/1831
f 1602/1625/1832 1553/1587/1832 1604/1627/1832
f 1602/1625/1833 1555/1589/1833 1553/1587/1833
f 1603/1626/1834 1604/1627/1834 1605/1628/1834
f 1605/1628/1835 1604/1627/1835 1606/1629/1835
f 1604/1627/1836 1551/1585/1836 1606/1629/1836
f 1604/1627/1836 1553/1587/1836 1551/1585/1836
f 1605/1628/1837 1606/1629/1837 1607/1630/1837
f 1607/1630/1838 1606/1629/1838 1608/1631/1838
f 1606/1629/1839 1549/1583/1839 1608/1631/1839
f 1606/1629/1840 1551/1585/1840 1549/1583/1840
f 1607/1630/1841 1608/1631/1841 1609/1632/1841
f 1609/1632/1842 1608/1631/1842 1610/1633/1842
f 1608/1631/1843 1547/1581/1843 1610/1633/1843
f 1608/1631/1844 1549/1583/1844 1547/1581/1844
f 1609/1632/1845 1610/1633/1845 1538/1569/1845
f 1538/1569/1846 1610/1633/1846 1541/1570/1846
f 1610/1633/1847 1544/1578/1847 1541/1570/1847
f 1610/1633/1848 1547/1581/1848 1544/1578/1848
f 1611/1455/1849 1607/1456/1849 1609/1634/1849
f 1611/1455/1850 1609/1634/1850 1535/1454/1850
f 1535/1454/1851 1609/1634/1851 1538/1566/1851
f 1612/777/1852 1613/779/1852 1611/843/1852
f 1612/777/1853 1611/843/1853 1532/842/1853
f 1613/779/1854 1607/844/1854 1611/843/1854
f 1532/1453/1855 1611/1455/1855 1535/1454/1855
f 1614/775/1856 1613/779/1856 1612/777/1856
f 1615/778/1857 1605/781/1857 1613/779/1857
f 1613/779/1858 1605/781/1858 1607/844/1858
f 1614/775/1859 1615/778/1859 1613/779/1859
f 1616/773/1860 1617/764/1860 1615/778/1860
f 1616/773/1861 1615/778/1861 1614/775/1861
f 1617/764/1862 1603/780/1862 1615/778/1862
f 1615/778/1863 1603/780/1863 1605/781/1863
f 1618/768/1864 1619/765/1864 1617/764/1864
f 1618/768/1865 1617/764/1865 1616/773/1865
f 1619/765/1866 1601/758/1866 1617/764/1866
f 1617/764/1867 1601/758/1867 1603/780/1867
f 1620/769/1868 1621/767/1868 1619/765/1868
f 1620/769/1869 1619/765/1869 1618/768/1869
f 1621/767/1870 1599/761/1870 1619/765/1870
f 1619/765/1871 1599/761/1871 1601/758/1871
f 1622/875/1872 1623/770/1872 1621/767/1872
f 1622/875/1873 1621/767/1873 1620/769/1873
f 1623/770/1874 1597/766/1874 1621/767/1874
f 1621/767/1875 1597/766/1875 1599/761/1875
f 1624/699/1876 1625/701/1876 1623/770/1876
f 1624/699/1877 1623/770/1877 1622/875/1877
f 1625/701/1878 1595/708/1878 1623/770/1878
f 1623/770/1879 1595/708/1879 1597/766/1879
f 1626/698/1880 1627/700/1880 1625/701/1880
f 1626/698/1881 1625/701/1881 1624/699/1881
f 1627/700/1882 1593/703/1882 1625/701/1882
f 1625/701/1883 1593/703/1883 1595/708/1883
f 1628/683/1884 1627/700/1884 1626/698/1884
f 1628/683/1885 1629/681/1885 1627/700/1885
f 1629/681/1886 1591/702/1886 1627/700/1886
f 1627/700/1887 1591/702/1887 1593/703/1887
f 1630/684/1888 1629/681/1888 1628/683/1888
f 1629/681/1889 1589/677/1889 1591/702/1889
f 1631/682/1890 1589/677/1890 1629/681/1890
f 1630/684/1891 1631/682/1891 1629/681/1891
f 1632/686/1892 1633/685/1892 1631/682/1892
f 1632/686/1893 1631/682/1893 1630/684/1893
f 1633/685/1894 1587/680/1894 1631/682/1894
f 1631/682/1895 1587/680/1895 1589/677/1895
f 1634/587/1896 1635/687/1896 1633/685/1896
f 1634/587/1897 1633/685/1897 1632/686/1897
f 1635/687/1898 1585/644/1898 1633/685/1898
f 1633/685/1899 1585/644/1899 1587/680/1899
f 1636/585/1900 1637/590/1900 1635/687/1900
f 1636/585/1901 1635/687/1901 1634/587/1901
f 1637/590/1902 1583/640/1902 1635/687/1902
f 1635/687/1903 1583/640/1903 1585/644/1903
f 1638/588/1904 1639/589/1904 1637/590/1904
f 1638/588/1905 1637/590/1905 1636/585/1905
f 1639/589/1906 1581/636/1906 1637/590/1906
f 1637/590/1907 1581/636/1907 1583/640/1907
f 1640/1635/1908 1641/592/1908 1639/589/1908
f 1640/1635/1909 1639/589/1909 1638/588/1909
f 1641/592/1910 1580/591/1910 1639/589/1910
f 1639/589/1911 1580/591/1911 1581/636/1911
f 1642/1636/1912 1643/1637/1912 1641/592/1912
f 1642/1636/1913 1641/592/1913 1640/1635/1913
f 1643/1637/1914 1644/593/1914 1641/592/1914
f 1641/592/1915 1644/593/1915 1580/591/1915
f 1643/1637/1916 1395/595/1916 1644/593/1916
f 1395/1464/1917 1398/1468/1917 1644/1638/1917
f 1644/593/1918 1578/638/1918 1580/591/1918
f 1644/593/1919 1398/594/1919 1578/638/1919
f 1645/1639/1920 1392/1459/1920 1643/1637/1920
f 1645/1639/1921 1643/1637/1921 1642/1636/1921
f 1392/1459/1922 1395/595/1922 1643/1637/1922
f 1647/1640/1923 1645/1639/1923 1646/1641/1923
f 1646/1641/1924 1645/1639/1924 1642/1636/1924
f 1389/1457/1925 1392/1459/1925 1645/1639/1925
f 1647/1640/1926 1389/1457/1926 1645/1639/1926
f 1646/1641/1927 1649/1642/1927 1647/1640/1927
f 1647/1563/1928 1648/1562/1928 1384/1449/1928
f 1384/1449/1929 1389/1453/1929 1647/1563/1929
f 1647/1563/1930 1649/1564/1930 1648/1562/1930
f 1650/1643/1931 1648/1562/1931 1649/1564/1931
f 1650/1644/1932 1649/1642/1932 1651/1645/1932
f 1651/1645/1932 1649/1642/1932 1652/1646/1932
f 1646/1641/1933 1652/1646/1933 1649/1642/1933
f 1651/1645/1934 1652/1646/1934 1653/1647/1934
f 1653/1647/1934 1652/1646/1934 1654/1648/1934
f 1654/1648/1935 1652/1646/1935 1646/1641/1935
f 1653/1647/1936 1654/1648/1936 1655/1649/1936
f 1655/1649/1936 1654/1648/1936 1656/1650/1936
f 1646/1641/1937 1656/1650/1937 1654/1648/1937
f 1655/1649/1938 1656/1650/1938 1657/1651/1938
f 1657/1651/1938 1656/1650/1938 1658/1652/1938
f 1659/1653/1939 1658/1652/1939 1656/1650/1939
f 1659/1653/1940 1656/1650/1940 1646/1641/1940
f 1660/1654/1941 1658/1652/1941 1659/1653/1941
f 1659/1653/1942 1640/1635/1942 1660/1654/1942
f 1646/1641/1943 1642/1636/1943 1659/1653/1943
f 1659/1653/1944 1642/1636/1944 1640/1635/1944
f 1662/1655/1945 1661/1656/1945 1660/1654/1945
f 1660/1654/1946 1661/1656/1946 1658/1652/1946
f 1660/1654/1947 1638/588/1947 1662/1655/1947
f 1660/1654/1948 1640/1635/1948 1638/588/1948
f 1662/1655/1949 1664/1657/1949 1661/1656/1949
f 1663/584/1950 1665/1658/1950 1662/1655/1950
f 1662/1655/1951 1636/585/1951 1663/584/1951
f 1665/1658/1952 1664/1657/1952 1662/1655/1952
f 1662/1655/1953 1638/588/1953 1636/585/1953
f 1666/1659/1954 1664/1657/1954 1665/1658/1954
f 1666/1659/1955 1665/1658/1955 1667/576/1955
f 1667/576/1955 1665/1658/1955 1668/583/1955
f 1663/584/1956 1668/583/1956 1665/1658/1956
f 1667/576/1957 1668/583/1957 1669/1660/1957
f 1669/1660/1957 1668/583/1957 1670/1661/1957
f 1670/1661/1958 1668/583/1958 1663/584/1958
f 1669/1660/1959 1670/1661/1959 1671/577/1959
f 1671/577/1959 1670/1661/1959 1672/581/1959
f 1673/582/1960 1672/581/1960 1670/1661/1960
f 1670/1661/1961 1663/584/1961 1673/582/1961
f 1663/584/1962 1634/587/1962 1673/582/1962
f 1674/586/1963 1675/1662/1963 1673/582/1963
f 1673/582/1964 1632/686/1964 1674/586/1964
f 1673/582/1965 1675/1662/1965 1672/581/1965
f 1673/582/1966 1634/587/1966 1632/686/1966
f 1676/1663/1967 1672/581/1967 1675/1662/1967
f 1676/1663/1968 1675/1662/1968 1677/578/1968
f 1677/578/1968 1675/1662/1968 1678/689/1968
f 1674/586/1969 1678/689/1969 1675/1662/1969
f 1677/578/1970 1678/689/1970 1679/694/1970
f 1679/694/1970 1678/689/1970 1680/691/1970
f 1681/688/1971 1680/691/1971 1678/689/1971
f 1681/688/1972 1678/689/1972 1674/586/1972
f 1681/688/1973 1683/1664/1973 1680/691/1973
f 1674/586/1974 1630/684/1974 1681/688/1974
f 1682/693/1975 1684/692/1975 1681/688/1975
f 1681/688/1976 1628/683/1976 1682/693/1976
f 1681/688/1976 1630/684/1976 1628/683/1976
f 1681/688/1977 1684/692/1977 1683/1664/1977
f 1685/554/1978 1683/1664/1978 1684/692/1978
f 1685/554/1979 1684/692/1979 1686/1665/1979
f 1686/1665/1979 1684/692/1979 1687/1666/1979
f 1682/693/1980 1687/1666/1980 1684/692/1980
f 1686/1665/1981 1687/1666/1981 1688/552/1981
f 1688/552/1981 1687/1666/1981 1689/553/1981
f 1690/696/1982 1689/553/1982 1687/1666/1982
f 1690/696/1983 1687/1666/1983 1682/693/1983
f 1691/697/1984 1689/553/1984 1690/696/1984
f 1690/696/1985 1624/699/1985 1691/697/1985
f 1682/693/1986 1626/698/1986 1690/696/1986
f 1690/696/1987 1626/698/1987 1624/699/1987
f 1691/697/1988 1692/879/1988 1689/553/1988
f 1694/1667/1989 1692/879/1989 1691/697/1989
f 1693/876/1990 1695/877/1990 1691/697/1990
f 1691/697/1991 1622/875/1991 1693/876/1991
f 1691/697/1992 1695/877/1992 1694/1667/1992
f 1691/697/1993 1624/699/1993 1622/875/1993
f 1696/881/1994 1694/1667/1994 1695/877/1994
f 1696/881/1995 1695/877/1995 1697/1668/1995
f 1697/1668/1995 1695/877/1995 1698/1669/1995
f 1693/876/1996 1698/1669/1996 1695/877/1996
f 1697/1668/1997 1698/1669/1997 1699/872/1997
f 1699/872/1997 1698/1669/1997 1700/873/1997
f 1701/874/1998 1700/873/1998 1698/1669/1998
f 1701/874/1999 1698/1669/1999 1693/876/1999
f 1702/772/2000 1703/1670/2000 1701/874/2000
f 1701/874/2001 1618/768/2001 1702/772/2001
f 1703/1670/2002 1700/873/2002 1701/874/2002
f 1693/876/2003 1620/769/2003 1701/874/2003
f 1701/874/2004 1620/769/2004 1618/768/2004
f 1704/1671/2005 1700/873/2005 1703/1670/2005
f 1704/1671/2006 1703/1670/2006 1705/868/2006
f 1705/868/2007 1703/1670/2007 1706/869/2007
f 1702/772/2008 1706/869/2008 1703/1670/2008
f 1705/868/2009 1706/869/2009 1707/864/2009
f 1707/864/2009 1706/869/2009 1708/865/2009
f 1709/771/2010 1708/865/2010 1706/869/2010
f 1709/771/2011 1706/869/2011 1702/772/2011
f 1710/774/2012 1712/863/2012 1709/771/2012
f 1709/771/2013 1614/775/2013 1710/774/2013
f 1711/1672/2014 1708/865/2014 1709/771/2014
f 1702/772/2015 1616/773/2015 1709/771/2015
f 1709/771/2016 1616/773/2016 1614/775/2016
f 1709/771/2017 1712/863/2017 1711/1672/2017
f 1713/862/2018 1711/1672/2018 1712/863/2018
f 1713/862/2019 1712/863/2019 1714/1673/2019
f 1714/1673/2019 1712/863/2019 1715/1674/2019
f 1710/774/2020 1715/1674/2020 1712/863/2020
f 1714/1673/2021 1715/1674/2021 1716/858/2021
f 1716/858/2021 1715/1674/2021 1529/859/2021
f 1531/776/2022 1529/859/2022 1715/1674/2022
f 1531/776/2023 1715/1674/2023 1710/774/2023
f 1716/858/2024 1529/859/2024 1717/854/2024
f 1717/854/2025 1718/919/2025 1716/858/2025
f 1718/919/2026 1714/1673/2026 1716/858/2026
f 1719/920/2027 1721/903/2027 1718/919/2027
f 1719/920/2028 1718/919/2028 1717/854/2028
f 1720/921/2029 1713/862/2029 1718/919/2029
f 1718/919/2030 1713/862/2030 1714/1673/2030
f 1718/919/2031 1722/923/2031 1720/921/2031
f 1721/903/2032 1722/923/2032 1718/919/2032
f 1721/903/2033 1723/925/2033 1722/923/2033
f 1725/926/2034 1722/923/2034 1723/925/2034
f 1724/924/2035 1720/921/2035 1722/923/2035
f 1724/924/2036 1722/923/2036 1725/926/2036
f 1725/926/2037 1728/894/2037 1724/924/2037
f 1725/926/2038 1723/925/2038 1726/895/2038
f 1726/895/2039 1727/892/2039 1725/926/2039
f 1725/926/2040 1727/892/2040 1728/894/2040
f 1724/924/2041 1728/894/2041 1729/928/2041
f 1731/889/2042 1728/894/2042 1727/892/2042
f 1730/887/2043 1729/928/2043 1728/894/2043
f 1730/887/2044 1728/894/2044 1731/889/2044
f 1731/889/2045 1734/888/2045 1730/887/2045
f 1731/889/2046 1727/892/2046 1732/890/2046
f 1732/890/2047 1733/1675/2047 1731/889/2047
f 1731/889/2048 1733/1675/2048 1734/888/2048
f 1730/887/2049 1734/888/2049 1735/886/2049
f 1737/1676/2050 1734/888/2050 1733/1675/2050
f 1736/1677/2051 1735/886/2051 1734/888/2051
f 1736/1677/2052 1734/888/2052 1737/1676/2052
f 1737/1676/2053 1740/1678/2053 1736/1677/2053
f 1737/1619/2054 1733/1620/2054 1738/1599/2054
f 1738/1599/2055 1739/1601/2055 1737/1619/2055
f 1737/1619/2056 1739/1601/2056 1740/1618/2056
f 1739/1601/2057 1741/1603/2057 1740/1618/2057
f 1740/1618/2058 1741/1603/2058 1742/1617/2058
f 1740/1678/2059 1742/1679/2059 1743/1680/2059
f 1736/1677/2060 1740/1678/2060 1743/1680/2060
f 1743/1680/2061 1742/1679/2061 1744/1681/2061
f 1743/1680/2062 1744/1681/2062 1745/563/2062
f 1746/564/2063 1743/1680/2063 1745/563/2063
f 1736/1677/2064 1743/1680/2064 1746/564/2064
f 1747/559/2065 1748/883/2065 1746/564/2065
f 1746/564/2066 1745/563/2066 1747/559/2066
f 1746/564/2067 1735/886/2067 1736/1677/2067
f 1746/564/2068 1748/883/2068 1735/886/2068
f 1749/884/2069 1735/886/2069 1748/883/2069
f 1749/884/2070 1748/883/2070 1751/885/2070
f 1751/885/2071 1748/883/2071 1750/882/2071
f 1747/559/2072 1750/882/2072 1748/883/2072
f 1697/1668/2073 1699/872/2073 1751/885/2073
f 1751/885/2074 1750/882/2074 1697/1668/2074
f 1699/872/2075 1704/1671/2075 1751/885/2075
f 1751/885/2076 1704/1671/2076 1752/929/2076
f 1751/885/2077 1752/929/2077 1749/884/2077
f 1753/922/2078 1752/929/2078 1707/864/2078
f 1707/864/2079 1752/929/2079 1705/868/2079
f 1704/1671/2080 1705/868/2080 1752/929/2080
f 1753/922/2081 1729/928/2081 1752/929/2081
f 1749/884/2082 1752/929/2082 1729/928/2082
f 1707/864/2083 1754/1682/2083 1753/922/2083
f 1753/922/2084 1754/1682/2084 1720/921/2084
f 1753/922/2085 1720/921/2085 1724/924/2085
f 1724/924/2086 1729/928/2086 1753/922/2086
f 1707/864/2087 1708/865/2087 1754/1682/2087
f 1754/1682/2087 1708/865/2087 1711/1672/2087
f 1754/1682/2018 1711/1672/2018 1713/862/2018
f 1754/1682/2088 1713/862/2088 1720/921/2088
f 1697/1668/2089 1750/882/2089 1696/881/2089
f 1755/560/2090 1756/1683/2090 1750/882/2090
f 1755/560/2091 1750/882/2091 1747/559/2091
f 1756/1683/2092 1696/881/2092 1750/882/2092
f 1757/561/2093 1692/879/2093 1756/1683/2093
f 1757/561/2094 1756/1683/2094 1755/560/2094
f 1756/1683/2093 1692/879/2093 1694/1667/2093
f 1756/1683/1994 1694/1667/1994 1696/881/1994
f 1688/552/2095 1689/553/2095 1757/561/2095
f 1757/561/2096 1758/555/2096 1688/552/2096
f 1757/561/2095 1689/553/2095 1692/879/2095
f 1755/560/2097 1758/555/2097 1757/561/2097
f 1686/1665/2098 1688/552/2098 1758/555/2098
f 1759/558/2099 1760/565/2099 1758/555/2099
f 1755/560/2100 1759/558/2100 1758/555/2100
f 1760/565/2101 1761/562/2101 1758/555/2101
f 1758/555/2102 1761/562/2102 1685/554/2102
f 1758/555/2103 1685/554/2103 1686/1665/2103
f 1685/554/2104 1761/562/2104 1762/1684/2104
f 1762/1684/2105 1761/562/2105 1764/568/2105
f 1760/565/2106 1763/566/2106 1761/562/2106
f 1763/566/2107 1764/568/2107 1761/562/2107
f 1762/1684/2108 1764/568/2108 1679/694/2108
f 1765/569/2109 1679/694/2109 1764/568/2109
f 1766/570/2110 1764/568/2110 1763/566/2110
f 1765/569/2111 1764/568/2111 1766/570/2111
f 1769/573/2112 1766/570/2112 1767/1685/2112
f 1767/1685/2113 1766/570/2113 1768/574/2113
f 1766/570/2114 1763/566/2114 1768/574/2114
f 1769/573/2115 1765/569/2115 1766/570/2115
f 1770/572/2116 1765/569/2116 1769/573/2116
f 1771/1686/2117 1770/572/2117 1769/573/2117
f 1772/1687/2118 1769/573/2118 1767/1685/2118
f 1771/1686/2119 1769/573/2119 1772/1687/2119
f 1774/1688/2120 1771/1686/2120 1772/1687/2120
f 1772/1687/2121 1767/1685/2121 1773/1689/2121
f 1775/1690/2122 1772/1687/2122 1773/1689/2122
f 1774/1688/2123 1772/1687/2123 1775/1690/2123
f 1775/1690/2124 1773/1689/2124 1776/1691/2124
f 1778/1692/2125 1775/1690/2125 1776/1691/2125
f 1777/1693/2126 1774/1688/2126 1775/1690/2126
f 1777/1693/2127 1775/1690/2127 1778/1692/2127
f 1779/1463/2128 1777/1638/2128 1778/1468/2128
f 1779/1463/2129 1778/1468/2129 1780/1467/2129
f 1780/1467/2130 1778/1468/2130 1781/1469/2130
f 1778/1468/2131 1776/1612/2131 1781/1469/2131
f 1780/1467/2132 1781/1469/2132 1782/1694/2132
f 1782/1694/2133 1781/1469/2133 1783/1470/2133
f 1781/1469/2134 1784/1471/2134 1783/1470/2134
f 1781/1469/2135 1776/1612/2135 1784/1471/2135
f 1787/1472/2134 1783/1470/2134 1784/1471/2134
f 1787/1472/2136 1784/1471/2136 1785/1611/2136
f 1785/1611/2137 1784/1471/2137 1786/1613/2137
f 1776/1612/2138 1786/1613/2138 1784/1471/2138
f 1789/1473/2139 1788/1695/2139 1787/1472/2139
f 1788/1695/2140 1783/1470/2140 1787/1472/2140
f 1790/1474/2141 1789/1473/2141 1787/1472/2141
f 1790/1474/2142 1787/1472/2142 1785/1611/2142
f 1791/1475/2143 1789/1473/2143 1790/1474/2143
f 1792/1610/2144 1791/1475/2144 1790/1474/2144
f 1793/1609/2145 1790/1474/2145 1785/1611/2145
f 1792/1610/2146 1790/1474/2146 1793/1609/2146
f 1793/1609/2147 1785/1611/2147 1794/1614/2147
f 1795/1607/2148 1792/1610/2148 1793/1609/2148
f 1796/1615/2149 1793/1609/2149 1794/1614/2149
f 1795/1607/2150 1793/1609/2150 1796/1615/2150
f 1798/1616/2151 1795/1607/2151 1796/1615/2151
f 1796/1696/2152 1794/1697/2152 1797/1698/2152
f 1799/1699/2153 1796/1696/2153 1797/1698/2153
f 1798/1700/2154 1796/1696/2154 1799/1699/2154
f 1744/1681/2155 1798/1700/2155 1799/1699/2155
f 1799/1699/2156 1797/1698/2156 1800/571/2156
f 1801/567/2157 1799/1699/2157 1800/571/2157
f 1744/1681/2158 1799/1699/2158 1801/567/2158
f 1745/563/2159 1744/1681/2159 1801/567/2159
f 1801/567/2160 1800/571/2160 1760/565/2160
f 1759/558/2161 1801/567/2161 1760/565/2161
f 1745/563/2162 1801/567/2162 1759/558/2162
f 1800/571/2163 1763/566/2163 1760/565/2163
f 1797/1698/2164 1768/574/2164 1800/571/2164
f 1800/571/2165 1768/574/2165 1763/566/2165
f 1742/1617/2166 1802/1605/2166 1798/1616/2166
f 1742/1679/2167 1798/1700/2167 1744/1681/2167
f 1802/1605/2168 1795/1607/2168 1798/1616/2168
f 1804/1606/2169 1803/1608/2169 1802/1605/2169
f 1802/1605/2170 1803/1608/2170 1795/1607/2170
f 1741/1603/2171 1804/1606/2171 1802/1605/2171
f 1741/1603/2172 1802/1605/2172 1742/1617/2172
f 1804/1606/2173 1807/1486/2173 1803/1608/2173
f 1805/1487/2174 1807/1486/2174 1804/1606/2174
f 1806/1604/2175 1805/1487/2175 1804/1606/2175
f 1806/1604/2171 1804/1606/2171 1741/1603/2171
f 1810/1481/2176 1808/1478/2176 1807/1486/2176
f 1807/1486/2177 1808/1478/2177 1809/1477/2177
f 1807/1486/2178 1809/1477/2178 1803/1608/2178
f 1805/1487/2179 1810/1481/2179 1807/1486/2179
f 1812/1480/2180 1811/1479/2180 1810/1481/2180
f 1810/1481/2181 1811/1479/2181 1808/1478/2181
f 1813/1484/2182 1812/1480/2182 1810/1481/2182
f 1813/1484/2183 1810/1481/2183 1805/1487/2183
f 1814/1482/2184 1812/1480/2184 1813/1484/2184
f 1815/1485/2185 1814/1482/2185 1813/1484/2185
f 1816/1488/2186 1813/1484/2186 1805/1487/2186
f 1815/1485/2187 1813/1484/2187 1816/1488/2187
f 1817/1494/2188 1815/1485/2188 1816/1488/2188
f 1816/1488/2189 1805/1487/2189 1806/1604/2189
f 1818/1602/2190 1816/1488/2190 1806/1604/2190
f 1817/1494/2191 1816/1488/2191 1818/1602/2191
f 1819/1600/2192 1817/1494/2192 1818/1602/2192
f 1818/1602/2193 1806/1604/2193 1739/1601/2193
f 1738/1599/2194 1818/1602/2194 1739/1601/2194
f 1819/1600/2195 1818/1602/2195 1738/1599/2195
f 1819/1600/2196 1821/1597/2196 1820/1598/2196
f 1819/1600/2197 1820/1598/2197 1822/1495/2197
f 1738/1599/2196 1821/1597/2196 1819/1600/2196
f 1822/1495/2198 1817/1494/2198 1819/1600/2198
f 1822/1495/2199 1820/1598/2199 1823/1497/2199
f 1822/1495/2200 1823/1497/2200 1825/1493/2200
f 1825/1493/2201 1824/1489/2201 1822/1495/2201
f 1822/1495/2202 1824/1489/2202 1817/1494/2202
f 1825/1493/2203 1823/1497/2203 1826/1496/2203
f 1825/1493/2204 1826/1496/2204 1827/1491/2204
f 1827/1491/2205 1828/1490/2205 1825/1493/2205
f 1825/1493/2206 1828/1490/2206 1824/1489/2206
f 1829/1701/24 1828/1490/24 1827/1491/24
f 1829/1701/24 1830/1483/24 1828/1490/24
f 1828/1490/2207 1830/1483/2207 1824/1489/2207
f 1831/1702/24 1814/1482/24 1830/1483/24
f 1830/1483/2185 1814/1482/2185 1815/1485/2185
f 1831/1702/24 1830/1483/24 1829/1701/24
f 1824/1489/2207 1830/1483/2207 1815/1485/2207
f 1832/1703/24 1814/1482/24 1831/1702/24
f 1831/1189/2208 1834/1704/2208 1832/1705/2208
f 1829/1706/2209 1833/1707/2209 1831/1189/2209
f 1833/1707/2209 1834/1704/2209 1831/1189/2209
f 1835/1303/24 1834/1702/24 1836/1708/24
f 1835/1303/24 1837/1703/24 1834/1702/24
f 1836/1708/24 1834/1702/24 1833/1701/24
f 1834/1704/2208 1837/1709/2208 1832/1705/2208
f 1839/1304/24 1837/1703/24 1835/1303/24
f 1839/1304/24 1838/1710/24 1837/1703/24
f 1832/1705/2210 1837/1709/2210 1838/1711/2210
f 1840/1373/24 1838/1710/24 1839/1304/24
f 1839/1712/2211 1238/1713/2211 1840/1714/2211
f 1835/1704/2212 1237/1189/2212 1839/1712/2212
f 1839/1712/2212 1237/1189/2212 1238/1713/2212
f 1842/1374/1318 1841/1715/1318 1840/1373/1318
f 1840/1373/24 1841/1715/24 1838/1710/24
f 1840/1714/2211 1238/1713/2211 1314/1716/2211
f 1840/1714/2213 1314/1716/2213 1842/1717/2213
f 1843/1376/24 1844/1718/24 1842/1374/24
f 1842/1717/2214 1316/1719/2214 1843/1720/2214
f 1842/1374/24 1844/1718/24 1841/1715/24
f 1842/1717/2213 1314/1716/2213 1316/1719/2213
f 1843/1376/24 1845/1393/24 1844/1718/24
f 1847/1721/2215 1844/1722/2215 1845/1723/2215
f 1846/1724/2216 1841/1725/2216 1844/1722/2216
f 1846/1724/2216 1844/1722/2216 1847/1721/2216
f 1847/1718/24 1848/1726/24 1846/1715/24
f 1847/1718/24 1850/1727/24 1848/1726/24
f 1334/1393/24 1849/1728/24 1847/1718/24
f 1847/1721/2217 1845/1723/2217 1334/1729/2217
f 1847/1718/24 1849/1728/24 1850/1727/24
f 1851/1730/2218 1850/1727/2218 1849/1728/2218
f 1852/1731/2219 1850/1727/2219 1851/1730/2219
f 1848/1726/2220 1850/1727/2220 1852/1731/2220
f 1852/1731/2221 1851/1730/2221 1788/1695/2221
f 1789/1473/2222 1852/1731/2222 1788/1695/2222
f 1853/1732/2223 1848/1726/2223 1852/1731/2223
f 1853/1732/2224 1852/1731/2224 1789/1473/2224
f 1854/1733/2225 1848/1726/2225 1853/1732/2225
f 1855/1476/2226 1854/1733/2226 1853/1732/2226
f 1791/1475/2227 1853/1732/2227 1789/1473/2227
f 1855/1476/2228 1853/1732/2228 1791/1475/2228
f 1856/1734/2229 1854/1733/2229 1855/1476/2229
f 1808/1478/2230 1856/1734/2230 1855/1476/2230
f 1809/1477/2231 1855/1476/2231 1791/1475/2231
f 1808/1478/2232 1855/1476/2232 1809/1477/2232
f 1857/1710/24 1846/1715/24 1856/1734/24
f 1856/1734/24 1811/1479/24 1857/1710/24
f 1846/1715/24 1854/1733/24 1856/1734/24
f 1811/1479/2233 1856/1734/2233 1808/1478/2233
f 1857/1735/2234 1841/1725/2234 1846/1724/2234
f 1857/1710/24 1811/1479/24 1812/1480/24
f 1857/1710/24 1812/1480/24 1832/1703/24
f 1832/1705/2210 1838/1711/2210 1857/1735/2210
f 1857/1735/2234 1838/1711/2234 1841/1725/2234
f 1846/1715/24 1848/1726/24 1854/1733/24
f 1849/1728/2218 1858/1736/2218 1851/1730/2218
f 1851/1730/2235 1859/1737/2235 1788/1695/2235
f 1851/1730/2236 1858/1736/2236 1859/1737/2236
f 1782/1694/2237 1783/1470/2237 1859/1737/2237
f 1788/1695/2238 1859/1737/2238 1783/1470/2238
f 1860/1738/2239 1782/1694/2239 1859/1737/2239
f 1860/1738/2240 1859/1737/2240 1858/1736/2240
f 1861/1739/2239 1782/1694/2239 1860/1738/2239
f 1860/1738/2241 1341/1400/2241 1861/1739/2241
f 1858/1736/2242 1340/1399/2242 1860/1738/2242
f 1860/1738/2243 1340/1399/2243 1341/1400/2243
f 1862/1740/2244 1780/1467/2244 1861/1739/2244
f 1861/1739/2245 1343/1402/2245 1862/1740/2245
f 1861/1739/2246 1341/1400/2246 1343/1402/2246
f 1861/1739/2247 1780/1467/2247 1782/1694/2247
f 1862/1740/2248 1343/1402/2248 1863/1741/2248
f 1862/1740/2249 1863/1741/2249 1864/1466/2249
f 1864/1466/2250 1779/1463/2250 1862/1740/2250
f 1862/1740/2251 1779/1463/2251 1780/1467/2251
f 1864/1466/2252 1863/1741/2252 1866/1742/2252
f 1867/1462/2253 1865/1464/2253 1864/1466/2253
f 1864/1466/2254 1865/1464/2254 1779/1463/2254
f 1864/1466/2255 1866/1742/2255 1867/1462/2255
f 1867/1743/2256 1870/1744/2256 1865/1745/2256
f 1867/1462/2257 1866/1742/2257 1868/1465/2257
f 1867/1743/2258 1868/1746/2258 1869/1747/2258
f 1869/1747/2259 1870/1744/2259 1867/1743/2259
f 1871/1748/2260 1872/1749/2260 1870/1744/2260
f 1869/1747/2261 1871/1748/2261 1870/1744/2261
f 1870/1744/2262 1872/1749/2262 1873/1750/2262
f 1870/1744/2263 1873/1750/2263 1865/1745/2263
f 1865/1745/2264 1873/1750/2264 1777/1693/2264
f 1873/1750/2265 1774/1688/2265 1777/1693/2265
f 1872/1749/2266 1874/1751/2266 1873/1750/2266
f 1873/1750/2267 1874/1751/2267 1774/1688/2267
f 1874/1751/2268 1876/575/2268 1771/1686/2268
f 1874/1751/2269 1771/1686/2269 1774/1688/2269
f 1875/1752/2270 1876/575/2270 1874/1751/2270
f 1872/1749/2271 1875/1752/2271 1874/1751/2271
f 1667/576/2272 1669/1660/2272 1876/575/2272
f 1876/575/2273 1669/1660/2273 1770/572/2273
f 1666/1659/2274 1667/576/2274 1876/575/2274
f 1875/1752/2275 1666/1659/2275 1876/575/2275
f 1876/575/2276 1770/572/2276 1771/1686/2276
f 1877/1753/2277 1666/1659/2277 1875/1752/2277
f 1878/1754/2278 1877/1753/2278 1875/1752/2278
f 1878/1754/2279 1875/1752/2279 1872/1749/2279
f 1879/1755/2280 1877/1753/2280 1878/1754/2280
f 1878/1754/2281 1657/1651/2281 1879/1755/2281
f 1880/1756/2282 1878/1754/2282 1871/1748/2282
f 1880/1756/2283 1655/1649/2283 1878/1754/2283
f 1871/1748/2284 1878/1754/2284 1872/1749/2284
f 1878/1754/2285 1655/1649/2285 1657/1651/2285
f 1653/1647/2286 1655/1649/2286 1880/1756/2286
f 1881/1757/2287 1653/1647/2287 1880/1756/2287
f 1882/1758/2288 1880/1756/2288 1871/1748/2288
f 1881/1757/2289 1880/1756/2289 1882/1758/2289
f 1882/1758/2290 1367/1759/2290 1368/1760/2290
f 1882/1758/2291 1368/1760/2291 1881/1757/2291
f 1882/1758/2292 1871/1748/2292 1869/1747/2292
f 1869/1747/2293 1367/1759/2293 1882/1758/2293
f 1651/1645/2294 1653/1647/2294 1881/1757/2294
f 1881/1757/2295 1370/1761/2295 1651/1645/2295
f 1881/1757/2296 1368/1760/2296 1370/1761/2296
f 1879/1755/2297 1658/1652/2297 1661/1656/2297
f 1879/1755/2298 1661/1656/2298 1877/1753/2298
f 1657/1651/2299 1658/1652/2299 1879/1755/2299
f 1877/1753/2298 1661/1656/2298 1664/1657/2298
f 1877/1753/2300 1664/1657/2300 1666/1659/2300
f 1869/1747/2301 1868/1746/2301 1367/1759/2301
f 1866/1742/2302 1883/1762/2302 1868/1465/2302
f 1868/1465/2303 1883/1762/2303 1364/1429/2303
f 1868/1763/2304 1364/1428/2304 1367/1431/2304
f 1866/1742/2305 1884/1764/2305 1883/1762/2305
f 1352/1411/2306 1883/1762/2306 1884/1764/2306
f 1361/1420/2307 1364/1429/2307 1883/1762/2307
f 1361/1420/2308 1883/1762/2308 1352/1411/2308
f 1863/1741/2309 1344/1403/2309 1884/1764/2309
f 1863/1741/2310 1884/1764/2310 1866/1742/2310
f 1352/1411/2311 1884/1764/2311 1346/1405/2311
f 1346/1405/2312 1884/1764/2312 1344/1403/2312
f 1865/1464/2313 1777/1638/2313 1779/1463/2313
f 1343/1402/2309 1344/1403/2309 1863/1741/2309
f 1849/1728/2314 1885/1765/2314 1858/1736/2314
f 1858/1736/2315 1885/1765/2315 1340/1399/2315
f 1885/1765/1461 1335/1392/1461 1340/1399/1461
f 1334/1393/24 1335/1392/24 1885/1765/24
f 1334/1393/24 1885/1765/24 1849/1728/24
f 1323/1378/24 1331/1390/24 1845/1393/24
f 1334/1394/1457 1845/1082/1457 1331/1078/1457
f 1323/1378/24 1845/1393/24 1843/1376/24
f 1843/1720/1453 1318/1383/1453 1323/1382/1453
f 1843/1720/2214 1316/1719/2214 1318/1383/2214
f 1836/1766/2316 1888/1767/2316 1835/1704/2316
f 1836/1708/24 1833/1701/24 1886/1768/24
f 1886/1769/2317 1887/1770/2317 1836/1766/2317
f 1836/1766/2317 1887/1770/2317 1888/1767/2317
f 1835/1704/2316 1888/1767/2316 1237/1189/2316
f 1889/1112/24 1888/1708/24 1887/1768/24
f 1239/1111/1318 1237/1303/1318 1888/1708/1318
f 1239/1111/24 1888/1708/24 1889/1112/24
f 1889/1212/2318 1087/1305/2318 1239/1201/2318
f 1889/1112/24 1887/1768/24 1890/1130/24
f 1890/1215/2319 1114/1771/2319 1889/1212/2319
f 1889/1212/2318 1114/1771/2318 1087/1305/2318
f 1890/1130/24 1887/1768/24 1891/1772/24
f 1890/1130/24 1891/1772/24 1892/1125/24
f 1892/1225/1430 1109/1773/1430 1890/1215/1430
f 1890/1215/2319 1109/1773/2319 1114/1771/2319
f 1892/1125/1318 1891/1772/1318 1893/1774/1318
f 1892/1125/1319 1893/1774/1319 1894/1120/1319
f 1894/1227/2320 1104/1775/2320 1892/1225/2320
f 1892/1225/1430 1104/1775/1430 1109/1773/1430
f 1894/1120/24 1896/1776/24 1895/1100/24
f 1895/1777/2321 1099/1778/2321 1894/1779/2321
f 1894/1227/2320 1099/1780/2320 1104/1775/2320
f 1894/1120/1318 1893/1774/1318 1896/1776/1318
f 1898/1781/2322 1896/1782/2322 1897/1783/2322
f 1897/1783/2322 1896/1782/2322 1893/1784/2322
f 1898/1380/2323 1076/1091/2323 1896/1381/2323
f 1895/1100/24 1896/1776/24 1076/1080/24
f 1897/1774/1318 1899/1785/1318 1898/1776/1318
f 1898/1776/24 1899/1785/24 1070/1081/24
f 1898/1776/24 1070/1081/24 1071/1080/24
f 1071/1086/2324 1076/1091/2324 1898/1380/2324
f 1897/1774/24 1900/1786/24 1899/1785/24
f 1902/1787/2325 1899/1788/2325 1900/1789/2325
f 1901/1790/2326 1070/1791/2326 1899/1788/2326
f 1901/1790/2326 1899/1788/2326 1902/1787/2326
f 1903/1501/24 1902/1785/24 1904/1786/24
f 1903/1501/24 1905/1506/24 1902/1785/24
f 1902/1787/2325 1900/1789/2325 1904/1792/2325
f 1902/1785/24 1905/1506/24 1906/1509/24
f 1902/1785/24 1906/1509/24 1901/1081/24
f 1901/1081/24 1906/1509/24 1907/1514/24
f 1906/1509/2327 1905/1506/2327 1908/1510/2327
f 1907/1514/2328 1906/1509/2328 1909/1513/2328
f 1909/1513/2329 1906/1509/2329 1908/1510/2329
f 1909/1513/2330 1911/1519/2330 1910/1517/2330
f 1909/1513/2331 1910/1517/2331 1907/1514/2331
f 1909/1513/2332 1908/1510/2332 1912/1518/2332
f 1912/1518/2330 1911/1519/2330 1909/1513/2330
f 1912/1518/2333 1908/1510/2333 1913/1512/2333
f 1912/1518/2334 1915/1584/2334 1911/1519/2334
f 1912/1518/2335 1913/1512/2335 1914/1586/2335
f 1914/1586/2336 1915/1584/2336 1912/1518/2336
f 1916/1582/2337 1911/1519/2337 1915/1584/2337
f 1916/1582/2338 1915/1584/2338 1917/1581/2338
f 1917/1581/2339 1915/1584/2339 1918/1583/2339
f 1914/1586/2340 1918/1583/2340 1915/1584/2340
f 1917/1581/2341 1918/1583/2341 1919/1633/2341
f 1919/1633/2342 1918/1583/2342 1920/1631/2342
f 1921/1585/2343 1920/1631/2343 1918/1583/2343
f 1921/1585/2340 1918/1583/2340 1914/1586/2340
f 1922/1629/2344 1920/1631/2344 1921/1585/2344
f 1921/1585/2345 1924/1587/2345 1922/1629/2345
f 1914/1586/2346 1923/1588/2346 1921/1585/2346
f 1921/1585/2347 1923/1588/2347 1924/1587/2347
f 1923/1588/2348 1925/1590/2348 1924/1587/2348
f 1924/1587/2349 1925/1590/2349 1926/1589/2349
f 1924/1587/2350 1926/1589/2350 1927/1627/2350
f 1922/1629/2351 1924/1587/2351 1927/1627/2351
f 1927/1627/2352 1926/1589/2352 1928/1625/2352
f 1927/1627/2353 1928/1625/2353 1929/1628/2353
f 1930/1630/2354 1927/1627/2354 1929/1628/2354
f 1922/1629/2355 1927/1627/2355 1930/1630/2355
f 1931/1431/2356 1515/1427/2356 1930/1763/2356
f 1930/897/2357 1929/896/2357 1931/899/2357
f 1930/1630/2358 1932/1632/2358 1922/1629/2358
f 1930/1763/2359 1515/1427/2359 1932/1428/2359
f 1933/1569/2360 1920/1631/2360 1932/1632/2360
f 1922/1629/2361 1932/1632/2361 1920/1631/2361
f 1933/1426/2362 1932/1428/2362 1512/1430/2362
f 1512/1430/2363 1932/1428/2363 1515/1427/2363
f 1919/1633/2364 1920/1631/2364 1933/1569/2364
f 1510/1560/2365 1933/1426/2365 1512/1430/2365
f 1934/1571/2366 1919/1633/2366 1933/1569/2366
f 1934/1425/2367 1933/1426/2367 1510/1560/2367
f 1936/1793/2368 1935/1423/2368 1934/1425/2368
f 1935/1570/2369 1919/1633/2369 1934/1571/2369
f 1509/1559/2370 1934/1425/2370 1510/1560/2370
f 1936/1793/2371 1934/1425/2371 1509/1559/2371
f 1936/1793/2372 1938/1794/2372 1937/1795/2372
f 1936/1793/2373 1937/1795/2373 1939/1424/2373
f 1509/1559/2374 1938/1794/2374 1936/1793/2374
f 1939/1424/2375 1935/1423/2375 1936/1793/2375
f 1939/1576/2376 1942/1525/2376 1940/1575/2376
f 1940/1575/2377 1941/1578/2377 1939/1576/2377
f 1939/1576/2378 1941/1578/2378 1935/1570/2378
f 1939/1424/2379 1937/1795/2379 1942/1796/2379
f 1013/1038/2380 1943/1524/2380 1942/1525/2380
f 1940/1575/2381 1942/1525/2381 1943/1524/2381
f 1013/1039/2382 1942/1796/2382 1944/1797/2382
f 1944/1797/2383 1942/1796/2383 1937/1795/2383
f 1944/1797/2384 1937/1795/2384 1945/1798/2384
f 1946/1799/2385 1944/1797/2385 1945/1798/2385
f 1010/1033/2386 1013/1039/2386 1944/1797/2386
f 1010/1033/2387 1944/1797/2387 1946/1799/2387
f 1946/1799/2388 989/1010/2388 1009/1032/2388
f 1946/1799/1221 1009/1032/1221 1010/1033/1221
f 1946/1799/2389 1945/1798/2389 1499/1550/2389
f 1499/1550/2390 989/1010/2390 1946/1799/2390
f 1945/1798/2391 1937/1795/2391 1938/1794/2391
f 1945/1798/2392 1938/1794/2392 1500/1551/2392
f 1499/1550/2393 1945/1798/2393 1500/1551/2393
f 1012/1036/2394 1059/1066/2394 1943/1524/2394
f 1947/1579/2395 1943/1524/2395 1059/1066/2395
f 1012/1036/2396 1943/1524/2396 1013/1038/2396
f 1940/1575/2397 1943/1524/2397 1947/1579/2397
f 1947/1579/2398 1949/1580/2398 1940/1575/2398
f 1947/1579/2399 1059/1066/2399 1060/1067/2399
f 1060/1067/2400 1948/1522/2400 1947/1579/2400
f 1947/1579/2401 1948/1522/2401 1949/1580/2401
f 1940/1575/2402 1949/1580/2402 1941/1578/2402
f 1948/1522/2403 1950/1521/2403 1949/1580/2403
f 1949/1580/2404 1950/1521/2404 1916/1582/2404
f 1949/1580/2405 1916/1582/2405 1941/1578/2405
f 1951/1520/2406 1910/1517/2406 1950/1521/2406
f 1950/1521/2407 1910/1517/2407 1911/1519/2407
f 1950/1521/2408 1911/1519/2408 1916/1582/2408
f 1948/1522/2409 1951/1520/2409 1950/1521/2409
f 1953/1516/2410 1952/1515/2410 1951/1520/2410
f 1951/1520/2411 1952/1515/2411 1910/1517/2411
f 1062/1069/2412 1953/1516/2412 1951/1520/2412
f 1062/1069/2413 1951/1520/2413 1948/1522/2413
f 1067/1077/24 1952/1515/24 1953/1516/24
f 1063/1070/2412 1953/1516/2412 1062/1069/2412
f 1067/1077/24 1953/1516/24 1063/1070/24
f 1901/1081/24 1952/1515/24 1067/1077/24
f 1901/1081/24 1907/1514/24 1952/1515/24
f 1907/1514/2331 1910/1517/2331 1952/1515/2331
f 1060/1067/1308 1062/1069/1308 1948/1522/1308
f 1941/1578/2414 1917/1581/2414 1935/1570/2414
f 1941/1578/2415 1916/1582/2415 1917/1581/2415
f 1500/1551/2416 1938/1794/2416 1504/1555/2416
f 1509/1559/2417 1504/1555/2417 1938/1794/2417
f 1935/1570/2418 1917/1581/2418 1919/1633/2418
f 1931/899/2419 1929/896/2419 1954/898/2419
f 1931/1431/2420 1516/1433/2420 1515/1427/2420
f 1931/899/2421 1954/898/2421 1955/904/2421
f 1955/1432/2422 1516/1433/2422 1931/1431/2422
f 1955/904/2423 1954/898/2423 1721/903/2423
f 1719/1434/2424 1521/1435/2424 1955/1432/2424
f 1955/904/2425 1721/903/2425 1719/920/2425
f 1955/1432/2426 1521/1435/2426 1516/1433/2426
f 1929/896/2427 1956/927/2427 1954/898/2427
f 1954/898/2428 1956/927/2428 1723/925/2428
f 1954/898/2429 1723/925/2429 1721/903/2429
f 1929/1628/2430 1928/1625/2430 1956/1626/2430
f 1957/1623/2431 1956/1626/2431 1928/1625/2431
f 1726/895/2432 1723/925/2432 1956/927/2432
f 1726/1624/2433 1956/1626/2433 1957/1623/2433
f 1957/1623/2434 1928/1625/2434 1958/1591/2434
f 1957/893/2435 1960/891/2435 1726/895/2435
f 1958/1591/2436 1959/1593/2436 1957/1623/2436
f 1957/1623/2437 1959/1593/2437 1960/1622/2437
f 1726/895/2438 1960/891/2438 1727/892/2438
f 1961/1595/2439 1960/1622/2439 1959/1593/2439
f 1732/890/2440 1727/892/2440 1960/891/2440
f 1732/1621/2441 1960/1622/2441 1961/1595/2441
f 1961/1595/2442 1821/1597/2442 1732/1621/2442
f 1961/1595/2443 1959/1593/2443 1962/1596/2443
f 1962/1596/2444 1820/1598/2444 1961/1595/2444
f 1961/1595/2445 1820/1598/2445 1821/1597/2445
f 1962/1596/2446 1959/1593/2446 1963/1594/2446
f 1962/1596/2447 1963/1594/2447 1964/1504/2447
f 1964/1504/2448 1823/1497/2448 1962/1596/2448
f 1962/1596/2449 1823/1497/2449 1820/1598/2449
f 1964/1504/2450 1963/1594/2450 1965/1505/2450
f 1964/1504/2451 1965/1505/2451 1966/1498/2451
f 1966/1498/2452 1826/1496/2452 1964/1504/2452
f 1964/1504/2453 1826/1496/2453 1823/1497/2453
f 1966/1498/2451 1965/1505/2451 1967/1502/2451
f 1966/1498/2454 1967/1502/2454 1969/1499/2454
f 1969/1499/2455 1968/1492/2455 1966/1498/2455
f 1966/1498/2455 1968/1492/2455 1826/1496/2455
f 1971/1800/24 1968/1492/24 1969/1499/24
f 1904/1786/24 1969/1499/24 1970/1500/24
f 1969/1499/2454 1967/1502/2454 1970/1500/2454
f 1971/1800/24 1969/1499/24 1904/1786/24
f 1827/1491/24 1971/1800/24 1829/1701/24
f 1827/1491/24 1968/1492/24 1971/1800/24
f 1971/1801/2456 1833/1707/2456 1829/1706/2456
f 1904/1792/2457 1972/1802/2457 1971/1801/2457
f 1971/1801/2456 1972/1802/2456 1833/1707/2456
f 1886/1768/24 1833/1701/24 1972/1800/24
f 1886/1768/24 1972/1800/24 1973/1772/24
f 1973/1772/24 1972/1800/24 1900/1786/24
f 1904/1792/2458 1900/1789/2458 1972/1802/2458
f 1973/1803/2459 1891/1804/2459 1886/1769/2459
f 1973/1772/1318 1900/1786/1318 1897/1774/1318
f 1897/1783/2460 1893/1784/2460 1973/1803/2460
f 1973/1803/2460 1893/1784/2460 1891/1804/2460
f 1903/1501/2461 1970/1500/2461 1974/1503/2461
f 1974/1503/2462 1970/1500/2462 1967/1502/2462
f 1904/1786/24 1970/1500/24 1903/1501/24
f 1974/1503/2463 1976/1511/2463 1975/1507/2463
f 1974/1503/2464 1975/1507/2464 1903/1501/2464
f 1977/1508/2465 1976/1511/2465 1974/1503/2465
f 1974/1503/2466 1967/1502/2466 1977/1508/2466
f 1977/1508/2467 1925/1590/2467 1976/1511/2467
f 1978/1592/2468 1925/1590/2468 1977/1508/2468
f 1977/1508/2469 1965/1505/2469 1978/1592/2469
f 1977/1508/2470 1967/1502/2470 1965/1505/2470
f 1958/1591/2471 1926/1589/2471 1978/1592/2471
f 1978/1592/2472 1963/1594/2472 1958/1591/2472
f 1978/1592/2473 1926/1589/2473 1925/1590/2473
f 1978/1592/2474 1965/1505/2474 1963/1594/2474
f 1913/1512/2475 1975/1507/2475 1976/1511/2475
f 1913/1512/2476 1976/1511/2476 1923/1588/2476
f 1923/1588/2477 1976/1511/2477 1925/1590/2477
f 1908/1510/2327 1905/1506/2327 1975/1507/2327
f 1908/1510/2478 1975/1507/2478 1913/1512/2478
f 1903/1501/2479 1975/1507/2479 1905/1506/2479
f 1827/1491/2480 1826/1496/2480 1968/1492/2480
f 1958/1591/2481 1963/1594/2481 1959/1593/2481
f 1958/1591/2482 1928/1625/2482 1926/1589/2482
f 1914/1586/2335 1913/1512/2335 1923/1588/2335
f 1067/1079/2483 1070/1082/2483 1901/1394/2483
f 1895/1100/24 1076/1080/24 1077/1092/24
f 1077/1096/2484 1082/1099/2484 1895/1777/2484
f 1895/1777/2485 1082/1099/2485 1099/1778/2485
f 1886/1769/2486 1891/1804/2486 1887/1770/2486
f 1832/1703/24 1812/1480/24 1814/1482/24
f 1824/1489/2487 1815/1485/2487 1817/1494/2487
f 1732/1621/2488 1821/1597/2488 1733/1620/2488
f 1738/1599/2489 1733/1620/2489 1821/1597/2489
f 1809/1477/2490 1791/1475/2490 1792/1610/2490
f 1803/1608/2491 1809/1477/2491 1792/1610/2491
f 1739/1601/2193 1806/1604/2193 1741/1603/2193
f 1803/1608/2492 1792/1610/2492 1795/1607/2492
f 1794/1697/2493 1979/1805/2493 1797/1698/2493
f 1797/1698/2494 1979/1805/2494 1768/574/2494
f 1767/1685/2495 1768/574/2495 1979/1805/2495
f 1773/1689/2496 1767/1685/2496 1979/1805/2496
f 1773/1689/2497 1979/1805/2497 1786/1806/2497
f 1794/1697/2498 1786/1806/2498 1979/1805/2498
f 1785/1611/2499 1786/1613/2499 1794/1614/2499
f 1776/1691/2500 1773/1689/2500 1786/1806/2500
f 1669/1660/2501 1671/577/2501 1770/572/2501
f 1770/572/2502 1671/577/2502 1765/569/2502
f 1677/578/2503 1679/694/2503 1765/569/2503
f 1765/569/2504 1671/577/2504 1676/1663/2504
f 1765/569/2505 1676/1663/2505 1677/578/2505
f 1679/694/2506 1680/691/2506 1762/1684/2506
f 1762/1684/2506 1680/691/2506 1683/1664/2506
f 1762/1684/1978 1683/1664/1978 1685/554/1978
f 1747/559/2507 1745/563/2507 1759/558/2507
f 1747/559/2508 1759/558/2508 1755/560/2508
f 1749/884/2509 1729/928/2509 1730/887/2509
f 1730/887/2510 1735/886/2510 1749/884/2510
f 1717/1643/2511 1523/1561/2511 1719/1434/2511
f 1719/1434/2512 1523/1561/2512 1521/1435/2512
f 1717/854/2024 1529/859/2024 1530/855/2024
f 1717/1643/2513 1530/1564/2513 1523/1561/2513
f 1710/774/2514 1612/777/2514 1531/776/2514
f 1710/774/2515 1614/775/2515 1612/777/2515
f 1699/872/2005 1700/873/2005 1704/1671/2005
f 1702/772/2516 1618/768/2516 1616/773/2516
f 1693/876/2517 1622/875/2517 1620/769/2517
f 1682/693/1986 1628/683/1986 1626/698/1986
f 1671/577/1967 1672/581/1967 1676/1663/1967
f 1674/586/2518 1632/686/2518 1630/684/2518
f 1663/584/2519 1636/585/2519 1634/587/2519
f 1651/1645/2520 1370/1761/2520 1650/1644/2520
f 1980/1561/2521 1648/1562/2521 1650/1643/2521
f 1370/1434/2522 1980/1561/2522 1650/1643/2522
f 1374/1438/2523 1385/1448/2523 1980/1561/2523
f 1370/1434/2524 1374/1438/2524 1980/1561/2524
f 1980/1561/2523 1385/1448/2523 1648/1562/2523
f 1384/1449/2525 1648/1562/2525 1385/1448/2525
f 1531/776/1697 1612/777/1697 1532/842/1697
f 1398/1468/2526 1401/1471/2526 1578/1612/2526
f 1537/1567/2527 1540/1572/2527 1981/1807/2527
f 1981/1807/2528 1540/1572/2528 1481/1531/2528
f 1540/1572/1712 1474/1577/1712 1481/1531/1712
f 1982/1808/2529 1537/1567/2529 1981/1807/2529
f 1982/1808/2530 1981/1807/2530 1983/1809/2530
f 1983/1809/2531 1981/1807/2531 1480/1530/2531
f 1981/1807/2532 1481/1531/2532 1480/1530/2532
f 1985/1451/2533 1983/1809/2533 1984/1810/2533
f 1984/1810/2534 1983/1809/2534 1483/1533/2534
f 1985/1451/2535 1982/1808/2535 1983/1809/2535
f 1983/1809/2536 1480/1530/2536 1483/1533/2536
f 1984/1810/2537 1988/1444/2537 1985/1451/2537
f 1985/1451/2538 1988/1444/2538 1986/1445/2538
f 1985/1451/2539 1986/1445/2539 1987/1446/2539
f 1987/1446/2540 1982/1808/2540 1985/1451/2540
f 1520/1443/2541 1986/1445/2541 1988/1444/2541
f 1520/1443/2542 1988/1444/2542 1989/1811/2542
f 1989/1811/2542 1988/1444/2542 1990/1812/2542
f 1984/1810/2543 1990/1812/2543 1988/1444/2543
f 1989/1811/2544 1990/1812/2544 1506/1556/2544
f 1506/1556/2544 1990/1812/2544 1991/1813/2544
f 1991/1813/2545 1990/1812/2545 1984/1810/2545
f 1506/1556/2546 1991/1813/2546 1502/1553/2546
f 1502/1553/2546 1991/1813/2546 1992/1814/2546
f 1984/1810/2547 1992/1814/2547 1991/1813/2547
f 1502/1553/2548 1992/1814/2548 1503/1554/2548
f 1503/1554/2548 1992/1814/2548 1491/1541/2548
f 1490/1542/2549 1491/1541/2549 1992/1814/2549
f 1490/1542/2550 1992/1814/2550 1984/1810/2550
f 1989/1811/2551 1513/1442/2551 1520/1443/2551
f 1989/1811/2552 1506/1556/2552 1507/1557/2552
f 1507/1557/2553 1513/1442/2553 1989/1811/2553
f 1987/1446/2554 1986/1445/2554 1526/1447/2554
f 1987/1446/2555 1526/1447/2555 1527/1449/2555
f 1527/1449/2556 1534/1452/2556 1987/1446/2556
f 1987/1446/2557 1534/1452/2557 1982/1808/2557
f 1519/1440/2558 1526/1447/2558 1986/1445/2558
f 1519/1440/2541 1986/1445/2541 1520/1443/2541
f 1984/1810/2559 1483/1533/2559 1490/1542/2559
f 1534/1452/2560 1537/1567/2560 1982/1808/2560
f 1523/1561/2513 1530/1564/2513 1524/1562/2513
f 1518/1437/2561 1526/1447/2561 1519/1440/2561
f 1503/1554/1646 1491/1541/1646 1493/1543/1646
f 1499/1550/2562 987/1011/2562 989/1010/2562
f 1490/1542/2563 1483/1533/2563 1484/1534/2563
f 1487/1538/1639 1488/1539/1639 980/1004/1639
f 980/1004/2564 1488/1539/2564 975/998/2564
f 1488/1539/2565 972/995/2565 975/998/2565
f 1488/1539/2566 971/994/2566 972/995/2566
f 980/1004/2567 982/1006/2567 1487/1538/2567
f 1481/1531/2568 1474/1577/2568 1475/1529/2568
f 1478/1528/2569 967/990/2569 969/989/2569
f 1472/1066/2570 1462/1065/2570 1465/1064/2570
f 1469/1040/1611 960/980/1611 963/983/1611
f 609/616/588 1464/1059/588 1459/1060/588
f 1455/1522/2571 1456/1068/2571 1461/1067/2571
f 609/616/588 1452/1070/588 1447/1516/588
f 1443/1512/1585 1444/1513/1585 1449/1518/1585
f 1440/1509/588 1437/1506/588 609/616/588
f 609/616/588 1437/1506/588 1432/1501/588
f 1428/1497/2572 1429/1498/2572 1434/1504/2572
f 1419/1488/1559 1420/1489/1559 1425/1494/1559
f 1407/1477/2573 1411/1481/2573 1416/1486/2573
f 1408/1476/2574 1993/1734/2574 1410/1479/2574
f 609/616/588 1410/1479/588 1993/1734/588
f 1993/1734/588 1994/1733/588 609/616/588
f 1995/1732/2575 1994/1733/2575 1993/1734/2575
f 1995/1732/2575 1993/1734/2575 1408/1476/2575
f 1996/1695/2576 1997/1731/2576 1995/1732/2576
f 1996/1695/2576 1995/1732/2576 1405/1473/2576
f 1997/1731/2577 1994/1733/2577 1995/1732/2577
f 1405/1473/2578 1995/1732/2578 1408/1476/2578
f 1998/1737/2579 1999/1730/2579 1997/1731/2579
f 1998/1737/2580 1997/1731/2580 1996/1695/2580
f 1999/1730/2581 2000/1726/2581 1997/1731/2581
f 1997/1731/2582 2000/1726/2582 1994/1733/2582
f 609/616/588 2000/1726/588 2001/1727/588
f 1999/1730/2583 2001/1727/2583 2000/1726/2583
f 609/616/588 1994/1733/588 2000/1726/588
f 2001/1727/588 2002/1728/588 609/616/588
f 2003/1736/2584 2002/1728/2584 2001/1727/2584
f 2003/1736/2584 2001/1727/2584 1999/1730/2584
f 2005/1400/2585 2003/1736/2585 2004/1738/2585
f 2004/1738/2586 2003/1736/2586 1999/1730/2586
f 2006/1399/2587 2002/1728/2587 2003/1736/2587
f 2005/1400/2585 2006/1399/2585 2003/1736/2585
f 2006/1399/2587 2007/1765/2587 2002/1728/2587
f 2009/1398/2588 2007/1765/2588 2006/1399/2588
f 2008/1401/2589 2009/1398/2589 2006/1399/2589
f 2008/1401/2590 2006/1399/2590 2005/1400/2590
f 2009/1398/2591 2012/1392/2591 2007/1765/2591
f 2010/1404/2592 2011/1397/2592 2009/1398/2592
f 2010/1404/2593 2009/1398/2593 2008/1401/2593
f 2011/1397/2594 2012/1392/2594 2009/1398/2594
f 2012/1392/588 2013/1395/588 609/616/588
f 609/616/588 2007/1765/588 2012/1392/588
f 2011/1397/2595 2013/1395/2595 2012/1392/2595
f 609/616/588 2013/1395/588 2014/1396/588
f 2015/1407/2596 2014/1396/2596 2013/1395/2596
f 2015/1407/2596 2013/1395/2596 2011/1397/2596
f 2017/1409/2597 2014/1396/2597 2015/1407/2597
f 2016/1410/2598 2017/1409/2598 2015/1407/2598
f 2016/1410/2599 2015/1407/2599 2018/1406/2599
f 2018/1406/2600 2015/1407/2600 2011/1397/2600
f 2019/1413/2601 2016/1410/2601 2018/1406/2601
f 2019/1413/2602 2018/1406/2602 2020/1408/2602
f 2020/1408/2603 2018/1406/2603 2010/1404/2603
f 2018/1406/2604 2011/1397/2604 2010/1404/2604
f 2021/1416/2605 2019/1413/2605 2020/1408/2605
f 2021/1416/2606 2020/1408/2606 2022/1412/2606
f 2022/1412/2607 2020/1408/2607 2023/1405/2607
f 2020/1408/2603 2010/1404/2603 2023/1405/2603
f 2022/1412/2608 2023/1405/2608 2024/1411/2608
f 2024/1411/2609 2023/1405/2609 2025/1403/2609
f 2023/1405/2610 2008/1401/2610 2025/1403/2610
f 2023/1405/2611 2010/1404/2611 2008/1401/2611
f 2024/1411/2612 2025/1403/2612 2026/1764/2612
f 2026/1764/2613 2025/1403/2613 2027/1402/2613
f 2025/1403/2614 2005/1400/2614 2027/1402/2614
f 2025/1403/2614 2008/1401/2614 2005/1400/2614
f 2026/1764/2615 2027/1402/2615 2028/1741/2615
f 2028/1741/2616 2027/1402/2616 2029/1739/2616
f 2027/1402/2617 2004/1738/2617 2029/1739/2617
f 2027/1402/2618 2005/1400/2618 2004/1738/2618
f 2028/1741/2619 2029/1739/2619 2030/1740/2619
f 2030/1740/2620 2029/1739/2620 2031/1694/2620
f 2029/1739/2621 1998/1737/2621 2031/1694/2621
f 2029/1739/2622 2004/1738/2622 1998/1737/2622
f 2030/1740/2623 2031/1694/2623 1399/1467/2623
f 1399/1467/2624 2031/1694/2624 1402/1470/2624
f 2031/1694/2625 1996/1695/2625 1402/1470/2625
f 2031/1694/2626 1998/1737/2626 1996/1695/2626
f 2032/1742/2627 2030/1740/2627 1396/1466/2627
f 1396/1466/2628 2030/1740/2628 1399/1467/2628
f 2032/1742/2629 2028/1741/2629 2030/1740/2629
f 2033/1429/2630 2034/1762/2630 2032/1742/2630
f 2033/1429/2631 2032/1742/2631 1393/1465/2631
f 2034/1762/2632 2028/1741/2632 2032/1742/2632
f 1393/1465/2633 2032/1742/2633 1396/1466/2633
f 2035/1421/2634 2036/1420/2634 2034/1762/2634
f 2035/1421/2635 2034/1762/2635 2033/1429/2635
f 2036/1420/2636 2026/1764/2636 2034/1762/2636
f 2034/1762/2637 2026/1764/2637 2028/1741/2637
f 2037/1422/2638 2038/1419/2638 2036/1420/2638
f 2037/1422/2638 2036/1420/2638 2035/1421/2638
f 2038/1419/2639 2024/1411/2639 2036/1420/2639
f 2036/1420/2640 2024/1411/2640 2026/1764/2640
f 2039/1572/2641 2040/1573/2641 2038/1574/2641
f 2039/1572/2642 2038/1574/2642 2037/1568/2642
f 2040/1418/2643 2022/1412/2643 2038/1419/2643
f 2038/1419/2644 2022/1412/2644 2024/1411/2644
f 2041/1531/2645 2042/1577/2645 2040/1573/2645
f 2041/1531/2646 2040/1573/2646 2039/1572/2646
f 2042/1815/2647 2021/1416/2647 2040/1418/2647
f 2040/1418/2643 2021/1416/2643 2022/1412/2643
f 2043/1526/2648 2044/1529/2648 2042/1577/2648
f 2043/1526/2649 2042/1577/2649 2041/1531/2649
f 2044/1816/2650 2045/1417/2650 2042/1815/2650
f 2042/1815/2647 2045/1417/2647 2021/1416/2647
f 2044/1816/2651 2046/1817/2651 2045/1417/2651
f 2046/1817/2652 2047/1415/2652 2045/1417/2652
f 2045/1417/2653 2019/1413/2653 2021/1416/2653
f 2045/1417/2654 2047/1415/2654 2019/1413/2654
f 2046/1817/2655 2048/1818/2655 2047/1415/2655
f 2048/1818/2656 2049/1414/2656 2047/1415/2656
f 2047/1415/2657 2016/1410/2657 2019/1413/2657
f 2047/1415/2658 2049/1414/2658 2016/1410/2658
f 2048/1818/2659 2050/1819/2659 2049/1414/2659
f 2050/1819/2660 2051/1820/2660 2049/1414/2660
f 2049/1414/2661 2017/1409/2661 2016/1410/2661
f 2049/1414/2661 2051/1820/2661 2017/1409/2661
f 2050/1819/2660 2052/1821/2660 2051/1820/2660
f 2052/1821/2662 2054/1822/2662 2051/1820/2662
f 2051/1820/2663 2053/1823/2663 2017/1409/2663
f 2051/1820/2663 2054/1822/2663 2053/1823/2663
f 2053/1823/588 2054/1822/588 609/616/588
f 609/616/588 2054/1822/588 2055/1824/588
f 2052/1821/2662 2055/1824/2662 2054/1822/2662
f 609/616/588 2055/1824/588 2056/1825/588
f 2057/1826/2664 2056/1825/2664 2055/1824/2664
f 2057/1826/2664 2055/1824/2664 2052/1821/2664
f 2059/1827/2665 2057/1826/2665 2058/1828/2665
f 2058/1828/2666 2057/1826/2666 2052/1821/2666
f 2060/1829/2667 2056/1825/2667 2057/1826/2667
f 2059/1827/2668 2060/1829/2668 2057/1826/2668
f 2060/1829/2669 2061/1830/2669 2056/1825/2669
f 2063/1831/2670 2061/1830/2670 2060/1829/2670
f 2062/1832/2671 2063/1831/2671 2060/1829/2671
f 2062/1832/2672 2060/1829/2672 2059/1827/2672
f 2063/1831/2673 2064/1833/2673 2061/1830/2673
f 2066/1834/2674 2064/1833/2674 2063/1831/2674
f 2065/1835/2675 2066/1834/2675 2063/1831/2675
f 2065/1835/2675 2063/1831/2675 2062/1832/2675
f 2066/1834/2676 2069/1836/2676 2064/1833/2676
f 2067/1837/2677 2068/1838/2677 2066/1834/2677
f 2067/1837/2678 2066/1834/2678 2065/1835/2678
f 2068/1838/2679 2069/1836/2679 2066/1834/2679
f 2069/1836/588 2070/1839/588 609/616/588
f 609/616/588 2064/1833/588 2069/1836/588
f 2068/1838/2679 2070/1839/2679 2069/1836/2679
f 609/616/588 2070/1839/588 2071/1840/588
f 2072/1841/2680 2071/1840/2680 2070/1839/2680
f 2072/1841/2680 2070/1839/2680 2068/1838/2680
f 2073/1842/2681 2074/1843/2681 2072/1841/2681
f 2073/1842/2682 2072/1841/2682 2075/1844/2682
f 2074/1843/2683 2071/1840/2683 2072/1841/2683
f 2075/1844/2684 2072/1841/2684 2068/1838/2684
f 2076/1845/2685 2073/1842/2685 2075/1844/2685
f 2076/1845/2686 2075/1844/2686 2077/1846/2686
f 2077/1846/2687 2075/1844/2687 2067/1837/2687
f 2075/1844/2688 2068/1838/2688 2067/1837/2688
f 2078/1847/2689 2076/1845/2689 2077/1846/2689
f 2078/1847/2690 2077/1846/2690 2079/1848/2690
f 2079/1848/2691 2077/1846/2691 2080/1849/2691
f 2077/1846/2692 2067/1837/2692 2080/1849/2692
f 2079/1848/2693 2080/1849/2693 2081/1850/2693
f 2081/1850/2694 2080/1849/2694 2082/1851/2694
f 2080/1849/2695 2065/1835/2695 2082/1851/2695
f 2080/1849/2696 2067/1837/2696 2065/1835/2696
f 2081/1850/2694 2082/1851/2694 2083/1852/2694
f 2083/1852/2697 2082/1851/2697 2084/1853/2697
f 2082/1851/2698 2062/1832/2698 2084/1853/2698
f 2082/1851/2699 2065/1835/2699 2062/1832/2699
f 2083/1852/2700 2084/1853/2700 2085/1854/2700
f 2085/1854/2701 2084/1853/2701 2086/1855/2701
f 2084/1853/2702 2059/1827/2702 2086/1855/2702
f 2084/1853/2702 2062/1832/2702 2059/1827/2702
f 2085/1854/2703 2086/1855/2703 2087/1856/2703
f 2087/1856/2704 2086/1855/2704 2088/1857/2704
f 2086/1855/2705 2058/1828/2705 2088/1857/2705
f 2086/1855/2706 2059/1827/2706 2058/1828/2706
f 2087/1856/2704 2088/1857/2704 2089/1858/2704
f 2089/1858/2707 2088/1857/2707 2048/1818/2707
f 2088/1857/2708 2050/1819/2708 2048/1818/2708
f 2088/1857/2708 2058/1828/2708 2050/1819/2708
f 2091/1859/2709 2089/1858/2709 2090/1860/2709
f 2090/1860/2710 2089/1858/2710 2046/1817/2710
f 2089/1858/2711 2048/1818/2711 2046/1817/2711
f 2091/1859/2712 2087/1856/2712 2089/1858/2712
f 2092/992/2713 2093/991/2713 2091/990/2713
f 2092/992/2714 2091/990/2714 2094/989/2714
f 2093/1861/2715 2087/1856/2715 2091/1859/2715
f 2094/989/2716 2091/990/2716 2090/1527/2716
f 2095/995/2717 2092/992/2717 2094/989/2717
f 2095/995/2718 2094/989/2718 2096/994/2718
f 2096/994/2719 2094/989/2719 2097/1528/2719
f 2094/989/2720 2090/1527/2720 2097/1528/2720
f 2096/994/2721 2097/1528/2721 2098/1535/2721
f 2098/1535/2722 2097/1528/2722 2043/1526/2722
f 2097/1528/2723 2044/1529/2723 2043/1526/2723
f 2097/1528/2724 2090/1527/2724 2044/1529/2724
f 2101/1539/2725 2098/1535/2725 2099/1536/2725
f 2099/1536/2726 2098/1535/2726 2100/1532/2726
f 2098/1535/2727 2043/1526/2727 2100/1532/2727
f 2101/1539/2728 2096/994/2728 2098/1535/2728
f 2103/1000/2729 2101/1539/2729 2102/1004/2729
f 2102/1004/2730 2101/1539/2730 2099/1536/2730
f 2103/1000/2731 2104/998/2731 2101/1539/2731
f 2104/998/2732 2096/994/2732 2101/1539/2732
f 2105/1001/2733 2104/998/2733 2103/1000/2733
f 2105/1001/2734 2106/999/2734 2104/998/2734
f 2106/999/2735 2095/995/2735 2104/998/2735
f 2104/998/2736 2095/995/2736 2096/994/2736
f 2107/954/2737 2106/999/2737 2105/1001/2737
f 2107/954/2738 2108/956/2738 2106/999/2738
f 2108/956/2739 2109/997/2739 2106/999/2739
f 2106/999/2740 2109/997/2740 2095/995/2740
f 2108/956/2741 2110/958/2741 2109/997/2741
f 2110/958/2742 2111/996/2742 2109/997/2742
f 2109/997/2743 2092/992/2743 2095/995/2743
f 2109/997/2744 2111/996/2744 2092/992/2744
f 2110/958/2745 2112/960/2745 2111/996/2745
f 2112/960/2746 2113/993/2746 2111/996/2746
f 2111/996/2747 2093/991/2747 2092/992/2747
f 2111/996/2748 2113/993/2748 2093/991/2748
f 2112/960/2749 2114/962/2749 2113/993/2749
f 2114/1862/2750 2083/1852/2750 2113/1863/2750
f 2113/1863/2751 2085/1854/2751 2093/1861/2751
f 2113/1863/2752 2083/1852/2752 2085/1854/2752
f 2115/959/2753 2116/961/2753 2114/962/2753
f 2115/959/2754 2114/962/2754 2112/960/2754
f 2116/1864/2755 2081/1850/2755 2114/1862/2755
f 2114/1862/2756 2081/1850/2756 2083/1852/2756
f 2117/821/2757 2118/822/2757 2116/961/2757
f 2117/821/2758 2116/961/2758 2115/959/2758
f 2118/1865/2759 2079/1848/2759 2116/1864/2759
f 2116/1864/2760 2079/1848/2760 2081/1850/2760
f 2119/824/2761 2120/823/2761 2118/822/2761
f 2119/824/2762 2118/822/2762 2117/821/2762
f 2120/1866/2763 2078/1847/2763 2118/1865/2763
f 2118/1865/2764 2078/1847/2764 2079/1848/2764
f 2121/828/2765 2122/825/2765 2120/823/2765
f 2121/828/2766 2120/823/2766 2119/824/2766
f 2122/1867/2767 2123/1868/2767 2120/1866/2767
f 2120/1866/2768 2123/1868/2768 2078/1847/2768
f 2122/1867/2769 2124/1869/2769 2123/1868/2769
f 2124/1869/2770 2125/1870/2770 2123/1868/2770
f 2123/1868/2771 2076/1845/2771 2078/1847/2771
f 2123/1868/2772 2125/1870/2772 2076/1845/2772
f 2124/1869/2773 2126/1871/2773 2125/1870/2773
f 2126/1871/2774 2127/1872/2774 2125/1870/2774
f 2125/1870/2775 2073/1842/2775 2076/1845/2775
f 2125/1870/2776 2127/1872/2776 2073/1842/2776
f 2126/1871/2777 2128/1873/2777 2127/1872/2777
f 2128/1873/2778 2129/1874/2778 2127/1872/2778
f 2127/1872/2779 2074/1843/2779 2073/1842/2779
f 2127/1872/2780 2129/1874/2780 2074/1843/2780
f 2128/1873/2781 607/614/2781 2129/1874/2781
f 607/614/2782 2131/1875/2782 2129/1874/2782
f 2129/1874/2783 2130/1876/2783 2074/1843/2783
f 2129/1874/2783 2131/1875/2783 2130/1876/2783
f 2130/1876/588 2131/1875/588 609/616/588
f 609/616/588 2131/1875/588 606/613/588
f 607/614/2782 606/613/2782 2131/1875/2782
f 609/616/588 2071/1840/588 2130/1876/588
f 2074/1843/2683 2130/1876/2683 2071/1840/2683
f 2132/1877/2784 2128/1873/2784 2126/1871/2784
f 603/610/2785 607/614/2785 2128/1873/2785
f 2132/1877/2786 603/610/2786 2128/1873/2786
f 2133/1878/2787 600/607/2787 2132/1877/2787
f 2133/1878/2788 2132/1877/2788 2134/1879/2788
f 600/607/2789 603/610/2789 2132/1877/2789
f 2134/1879/2790 2132/1877/2790 2126/1871/2790
f 2135/1880/2791 2133/1878/2791 2134/1879/2791
f 2135/1880/2792 2134/1879/2792 2136/1881/2792
f 2136/1881/2793 2134/1879/2793 2124/1869/2793
f 2134/1879/2794 2126/1871/2794 2124/1869/2794
f 2137/1882/2795 2135/1880/2795 2136/1881/2795
f 2137/1882/2796 2136/1881/2796 2138/1883/2796
f 2138/1883/2797 2136/1881/2797 2122/1867/2797
f 2136/1881/2798 2124/1869/2798 2122/1867/2798
f 2139/836/2799 2137/837/2799 2138/834/2799
f 2139/836/2799 2138/834/2799 2140/833/2799
f 2140/833/2800 2138/834/2800 2121/828/2800
f 2138/1883/2801 2122/1867/2801 2121/1884/2801
f 2141/838/2802 2139/836/2802 2140/833/2802
f 2141/838/2803 2140/833/2803 2142/835/2803
f 2142/835/2804 2140/833/2804 2143/831/2804
f 2140/833/2805 2121/828/2805 2143/831/2805
f 2142/835/2806 2143/831/2806 2144/832/2806
f 2144/832/2807 2143/831/2807 2145/827/2807
f 2143/831/2808 2119/824/2808 2145/827/2808
f 2143/831/2809 2121/828/2809 2119/824/2809
f 2144/832/2810 2145/827/2810 2146/830/2810
f 2146/830/2811 2145/827/2811 2147/826/2811
f 2145/827/2812 2117/821/2812 2147/826/2812
f 2145/827/2813 2119/824/2813 2117/821/2813
f 2146/830/2811 2147/826/2811 2148/829/2811
f 2148/829/2814 2147/826/2814 2149/957/2814
f 2147/826/2815 2115/959/2815 2149/957/2815
f 2147/826/2816 2117/821/2816 2115/959/2816
f 2148/829/2817 2149/957/2817 2150/955/2817
f 2150/955/2818 2149/957/2818 2110/958/2818
f 2149/957/2819 2112/960/2819 2110/958/2819
f 2149/957/2820 2115/959/2820 2112/960/2820
f 2152/939/2821 2148/829/2821 2150/955/2821
f 2151/953/2822 2150/955/2822 2108/956/2822
f 2150/955/2823 2110/958/2823 2108/956/2823
f 2152/939/2824 2150/955/2824 2151/953/2824
f 2152/939/2825 2154/938/2825 2153/937/2825
f 2152/939/2826 2153/937/2826 2156/935/2826
f 2155/941/2827 2154/938/2827 2152/939/2827
f 2151/953/2828 2157/951/2828 2152/939/2828
f 2152/939/2829 2157/951/2829 2155/941/2829
f 2156/935/2830 2148/829/2830 2152/939/2830
f 2158/949/2831 2155/941/2831 2157/951/2831
f 2158/949/2832 2157/951/2832 2159/1022/2832
f 2159/1022/2833 2157/951/2833 2160/952/2833
f 2151/953/2834 2160/952/2834 2157/951/2834
f 2159/1022/2835 2160/952/2835 2161/1020/2835
f 2161/1020/2835 2160/952/2835 2162/1021/2835
f 2107/954/2836 2162/1021/2836 2160/952/2836
f 2107/954/2837 2160/952/2837 2151/953/2837
f 2161/1020/2838 2162/1021/2838 2163/1015/2838
f 2163/1015/2838 2162/1021/2838 2164/1019/2838
f 2164/1019/2839 2162/1021/2839 2107/954/2839
f 2163/1015/2840 2164/1019/2840 2165/1008/2840
f 2165/1008/2840 2164/1019/2840 2166/1018/2840
f 2105/1001/2841 2166/1018/2841 2164/1019/2841
f 2105/1001/2842 2164/1019/2842 2107/954/2842
f 2165/1008/2843 2166/1018/2843 2167/1007/2843
f 2167/1007/2843 2166/1018/2843 2168/1002/2843
f 2103/1000/2844 2168/1002/2844 2166/1018/2844
f 2103/1000/2845 2166/1018/2845 2105/1001/2845
f 2167/1007/2846 2168/1002/2846 2169/1005/2846
f 2169/1005/2847 2168/1002/2847 2170/1003/2847
f 2170/1003/2848 2168/1002/2848 2103/1000/2848
f 2169/1005/2849 2170/1003/2849 2171/1012/2849
f 2171/1012/2849 2170/1003/2849 2172/1006/2849
f 2103/1000/2850 2172/1006/2850 2170/1003/2850
f 2171/1012/2851 2172/1006/2851 2173/1546/2851
f 2173/1546/2851 2172/1006/2851 2174/1547/2851
f 2102/1004/2852 2174/1547/2852 2172/1006/2852
f 2102/1004/2853 2172/1006/2853 2103/1000/2853
f 2173/1546/2854 2174/1547/2854 2175/1544/2854
f 2175/1544/2855 2174/1547/2855 2176/1545/2855
f 2177/1538/2856 2176/1545/2856 2174/1547/2856
f 2177/1538/2857 2174/1547/2857 2102/1004/2857
f 2102/1004/2858 2099/1536/2858 2177/1538/2858
f 2177/1538/2859 2099/1536/2859 2178/1534/2859
f 2177/1538/2860 2178/1534/2860 2179/1537/2860
f 2179/1537/2861 2176/1545/2861 2177/1538/2861
f 2179/1537/2862 2180/1540/2862 2176/1545/2862
f 2181/1541/2863 2180/1540/2863 2179/1537/2863
f 2179/1537/2864 2183/1814/2864 2181/1541/2864
f 2182/1542/2865 2183/1814/2865 2179/1537/2865
f 2179/1537/2866 2184/1533/2866 2182/1542/2866
f 2179/1537/2867 2178/1534/2867 2184/1533/2867
f 2178/1534/2868 2186/1530/2868 2184/1533/2868
f 2182/1542/2869 2184/1533/2869 2185/1809/2869
f 2184/1533/2870 2187/1807/2870 2185/1809/2870
f 2184/1533/2871 2186/1530/2871 2187/1807/2871
f 2186/1530/2872 2039/1572/2872 2187/1807/2872
f 2185/1809/2873 2187/1807/2873 2188/1567/2873
f 2187/1807/2874 2037/1568/2874 2188/1567/2874
f 2187/1807/2874 2039/1572/2874 2037/1568/2874
f 2185/1809/2875 2188/1567/2875 2189/1808/2875
f 2189/1808/2876 2188/1567/2876 2190/1565/2876
f 2188/1567/2877 2035/1566/2877 2190/1565/2877
f 2188/1567/2878 2037/1568/2878 2035/1566/2878
f 2189/1808/2879 2190/1565/2879 1387/1452/2879
f 1387/1452/2880 2190/1565/2880 1390/1454/2880
f 2190/1565/2881 2033/1634/2881 1390/1454/2881
f 2190/1565/2882 2035/1566/2882 2033/1634/2882
f 2191/1810/2883 2185/1809/2883 2189/1808/2883
f 2191/1810/2883 2189/1808/2883 1386/1451/2883
f 1386/1451/2884 2189/1808/2884 1387/1452/2884
f 2191/1810/2885 2193/1812/2885 2192/1813/2885
f 2191/1810/2886 2192/1813/2886 2182/1542/2886
f 1386/1451/2887 2193/1812/2887 2191/1810/2887
f 2182/1542/2869 2185/1809/2869 2191/1810/2869
f 2194/1811/2888 2192/1813/2888 2193/1812/2888
f 2194/1811/2889 2193/1812/2889 1379/1443/2889
f 1379/1443/2889 2193/1812/2889 1380/1444/2889
f 1386/1451/2890 1380/1444/2890 2193/1812/2890
f 2195/1556/2888 2192/1813/2888 2194/1811/2888
f 2196/1557/2891 2195/1556/2891 2194/1811/2891
f 1379/1443/2892 2196/1557/2892 2194/1811/2892
f 2196/1557/2893 2200/1553/2893 2195/1556/2893
f 2197/1558/2894 2198/1555/2894 2196/1557/2894
f 1377/1442/2895 2197/1558/2895 2196/1557/2895
f 2196/1557/2894 2198/1555/2894 2199/1552/2894
f 2199/1552/2896 2200/1553/2896 2196/1557/2896
f 1377/1442/2897 2196/1557/2897 1379/1443/2897
f 2201/1554/2898 2181/1541/2898 2200/1553/2898
f 2201/1554/2899 2200/1553/2899 2199/1552/2899
f 2200/1553/2898 2181/1541/2898 2183/1814/2898
f 2200/1553/2900 2183/1814/2900 2195/1556/2900
f 2202/1543/2901 2180/1540/2901 2201/1554/2901
f 2202/1543/2902 2201/1554/2902 2203/1549/2902
f 2201/1554/2903 2180/1540/2903 2181/1541/2903
f 2203/1549/2904 2201/1554/2904 2199/1552/2904
f 2203/1549/2905 2205/1548/2905 2202/1543/2905
f 2203/1549/2906 2199/1552/2906 2206/1551/2906
f 2206/1551/2907 2204/1550/2907 2203/1549/2907
f 2203/1549/2908 2204/1550/2908 2205/1548/2908
f 2208/1798/2909 2207/1799/2909 2206/1551/2909
f 2206/1551/2910 2207/1799/2910 2204/1550/2910
f 2206/1551/2911 2199/1552/2911 2198/1555/2911
f 2206/1551/2912 2198/1555/2912 2208/1798/2912
f 2208/1798/2913 2198/1555/2913 2209/1794/2913
f 2208/1798/2914 2209/1794/2914 2210/1797/2914
f 2210/1797/2915 2211/1033/2915 2208/1798/2915
f 2208/1798/2916 2211/1033/2916 2207/1799/2916
f 2212/1034/2917 2213/1030/2917 2211/1033/2917
f 2210/1797/2918 2212/1034/2918 2211/1033/2918
f 2211/1033/2919 2213/1030/2919 2214/1031/2919
f 2211/1033/2920 2214/1031/2920 2207/1799/2920
f 2217/1029/2921 2214/1031/2921 2213/1030/2921
f 2207/1799/2922 2214/1031/2922 2215/1032/2922
f 2216/1026/2923 2215/1032/2923 2214/1031/2923
f 2216/1026/2924 2214/1031/2924 2217/1029/2924
f 2217/1029/2925 2220/1043/2925 2216/1026/2925
f 2217/1861/2926 2213/1859/2926 2218/1854/2926
f 2218/1854/2927 2219/1852/2927 2217/1861/2927
f 2217/1861/2927 2219/1852/2927 2220/1863/2927
f 2216/1026/2928 2220/1043/2928 2221/1028/2928
f 2223/1850/2929 2220/1863/2929 2219/1852/2929
f 2222/1044/2930 2221/1028/2930 2220/1043/2930
f 2222/1862/2931 2220/1863/2931 2223/1850/2931
f 2223/1850/2932 2226/1848/2932 2222/1862/2932
f 2223/1850/2933 2219/1852/2933 2224/1849/2933
f 2224/1849/2934 2225/1846/2934 2223/1850/2934
f 2223/1850/2935 2225/1846/2935 2226/1848/2935
f 2229/1845/2936 2226/1848/2936 2225/1846/2936
f 2222/1862/2937 2226/1848/2937 2227/1864/2937
f 2228/1847/2938 2227/1864/2938 2226/1848/2938
f 2228/1847/2939 2226/1848/2939 2229/1845/2939
f 2229/1845/2940 2232/1872/2940 2230/1870/2940
f 2229/1845/2941 2230/1870/2941 2228/1847/2941
f 2229/1845/2942 2225/1846/2942 2231/1842/2942
f 2231/1842/2943 2232/1872/2943 2229/1845/2943
f 2233/1874/2944 2234/614/2944 2232/1872/2944
f 2231/1842/2945 2233/1874/2945 2232/1872/2945
f 2232/1872/2946 2234/614/2946 2235/1873/2946
f 2232/1872/2947 2235/1873/2947 2230/1870/2947
f 2230/1870/2948 2235/1873/2948 2236/1871/2948
f 2237/610/2949 2236/1871/2949 2235/1873/2949
f 2237/610/2950 2235/1873/2950 2238/611/2950
f 2238/611/2951 2235/1873/2951 2234/614/2951
f 2238/611/2952 2240/609/2952 2237/610/2952
f 2238/611/2953 2234/614/2953 2239/612/2953
f 2239/612/2954 2241/615/2954 2238/611/2954
f 2238/611/2955 2241/615/2955 2240/609/2955
f 2242/1885/24 2243/617/24 2241/615/24
f 2242/1885/24 2241/615/24 2239/612/24
f 2241/615/2956 2243/617/2956 2240/609/2956
f 2244/1886/24 2243/617/24 2242/1885/24
f 2244/1886/24 2245/621/24 2243/617/24
f 2245/621/2957 2246/618/2957 2243/617/2957
f 2240/609/2958 2243/617/2958 2246/618/2958
f 2249/619/2957 2246/618/2957 2245/621/2957
f 2240/609/2959 2246/618/2959 2247/608/2959
f 2247/608/2959 2246/618/2959 2248/606/2959
f 2249/619/2960 2248/606/2960 2246/618/2960
f 2250/620/2961 2248/606/2961 2249/619/2961
f 2251/623/2962 2250/620/2962 2249/619/2962
f 2252/624/2963 2249/619/2963 2245/621/2963
f 2251/623/2963 2249/619/2963 2252/624/2963
f 2253/1887/24 2252/624/24 2244/1886/24
f 2244/1886/24 2252/624/24 2245/621/24
f 2253/1887/24 2254/625/24 2252/624/24
f 2252/624/2964 2254/625/2964 2251/623/2964
f 2253/1887/24 2255/1888/24 2254/625/24
f 2254/625/2965 2255/1888/2965 2256/626/2965
f 2251/623/2964 2254/625/2964 2256/626/2964
f 2256/626/2965 2255/1888/2965 2257/628/2965
f 2256/626/2966 2257/628/2966 2258/629/2966
f 2259/622/2967 2256/626/2967 2258/629/2967
f 2251/623/2968 2256/626/2968 2259/622/2968
f 2260/634/2969 2261/603/2969 2259/622/2969
f 2259/622/2970 2258/629/2970 2260/634/2970
f 2259/622/2971 2261/603/2971 2250/620/2971
f 2259/622/2972 2250/620/2972 2251/623/2972
f 2261/603/2973 2263/604/2973 2262/605/2973
f 2261/603/2974 2262/605/2974 2250/620/2974
f 2264/602/2975 2263/604/2975 2261/603/2975
f 2260/634/2976 2264/602/2976 2261/603/2976
f 2265/601/2977 2267/1889/2977 2264/602/2977
f 2266/600/2978 2265/601/2978 2264/602/2978
f 2264/602/2979 2267/1889/2979 2263/604/2979
f 2266/600/2980 2264/602/2980 2260/634/2980
f 2268/1880/2981 2263/604/2981 2267/1889/2981
f 2268/1880/2982 2267/1889/2982 2269/1882/2982
f 2269/1882/2983 2267/1889/2983 2270/1890/2983
f 2265/601/2984 2270/1890/2984 2267/1889/2984
f 2269/900/2985 2270/902/2985 2271/905/2985
f 2271/905/2986 2270/902/2986 2272/901/2986
f 2273/1743/2987 2272/1759/2987 2270/1746/2987
f 2273/1891/2988 2270/1890/2988 2265/601/2988
f 2274/1747/2989 2272/1759/2989 2273/1743/2989
f 2275/1745/2990 2274/1747/2990 2273/1743/2990
f 2276/597/2991 2273/1891/2991 2265/601/2991
f 2275/598/2992 2273/1891/2992 2276/597/2992
f 2276/597/2993 2278/599/2993 2275/598/2993
f 2276/597/2994 2265/601/2994 2266/600/2994
f 2266/600/2995 2277/633/2995 2276/597/2995
f 2276/597/2996 2277/633/2996 2278/599/2996
f 2277/633/2997 2279/632/2997 2278/599/2997
f 2278/599/2998 2279/632/2998 2280/635/2998
f 2278/1692/2999 2280/1691/2999 2281/1693/2999
f 2275/598/3000 2278/599/3000 2281/596/3000
f 2281/1693/3001 2280/1691/3001 2282/1690/3001
f 2281/1693/3002 2282/1690/3002 2283/1750/3002
f 2284/1744/3003 2281/1693/3003 2283/1750/3003
f 2275/1745/3004 2281/1693/3004 2284/1744/3004
f 2286/1748/3005 2285/1758/3005 2284/1744/3005
f 2284/1744/3006 2285/1758/3006 2274/1747/3006
f 2284/1744/3007 2283/1750/3007 2286/1748/3007
f 2284/1744/3008 2274/1747/3008 2275/1745/3008
f 2287/1756/3009 2288/1757/3009 2286/1748/3009
f 2286/1748/3010 2289/1749/3010 2287/1756/3010
f 2286/1748/3011 2288/1757/3011 2285/1758/3011
f 2286/1748/3012 2283/1750/3012 2289/1749/3012
f 2283/1750/3013 2290/1688/3013 2289/1749/3013
f 2289/1749/3014 2290/1688/3014 2291/1751/3014
f 2289/1749/3015 2291/1751/3015 2292/1754/3015
f 2287/1756/3016 2289/1749/3016 2292/1754/3016
f 2295/1649/3017 2292/1754/3017 2293/1755/3017
f 2292/1754/3018 2297/1892/3018 2293/1755/3018
f 2292/1754/3019 2291/1751/3019 2294/1752/3019
f 2294/1752/3020 2296/1753/3020 2292/1754/3020
f 2287/1756/3021 2292/1754/3021 2295/1649/3021
f 2292/1754/3022 2296/1753/3022 2297/1892/3022
f 2296/1753/3023 2298/1657/3023 2297/1892/3023
f 2297/1892/3024 2298/1657/3024 2299/1893/3024
f 2297/1892/3025 2299/1893/3025 2293/1755/3025
f 2302/1655/3026 2299/1893/3026 2298/1657/3026
f 2293/1755/3025 2299/1893/3025 2300/1656/3025
f 2301/1654/3027 2300/1656/3027 2299/1893/3027
f 2301/1654/3028 2299/1893/3028 2302/1655/3028
f 2302/1655/3029 2298/1657/3029 580/584/3029
f 2302/1655/3030 2303/1635/3030 2301/1654/3030
f 580/584/3031 585/588/3031 2302/1655/3031
f 2302/1655/3032 585/588/3032 2303/1635/3032
f 585/588/3033 588/592/3033 2303/1635/3033
f 2301/1654/3034 2303/1635/3034 2304/1636/3034
f 2303/1635/3035 2305/1637/3035 2304/1636/3035
f 2303/1635/3036 588/592/3036 2305/1637/3036
f 588/592/3037 591/595/3037 2305/1637/3037
f 2304/1636/3038 2305/1637/3038 2306/1459/3038
f 2305/1637/3039 2307/1460/3039 2306/1459/3039
f 2305/1637/3040 591/595/3040 2307/1460/3040
f 591/598/3041 594/601/3041 2307/1891/3041
f 2306/1459/3042 2307/1460/3042 2308/1461/3042
f 2307/1891/3043 2309/1889/3043 2308/1890/3043
f 2307/1891/3044 594/601/3044 2309/1889/3044
f 594/601/3045 597/604/3045 2309/1889/3045
f 2308/1890/3046 2309/1889/3046 2135/1880/3046
f 2309/1889/3047 2133/1878/3047 2135/1880/3047
f 2309/1889/3048 597/604/3048 2133/1878/3048
f 2306/1459/3049 2308/1461/3049 2310/1458/3049
f 2310/839/3050 2308/840/3050 2137/837/3050
f 2308/1890/3051 2135/1880/3051 2137/1882/3051
f 2311/1639/3052 2306/1459/3052 2310/1458/3052
f 2311/1639/3053 2310/1458/3053 2312/1457/3053
f 2312/841/3054 2310/839/3054 2139/836/3054
f 2310/839/3050 2137/837/3050 2139/836/3050
f 2313/1641/3055 2311/1639/3055 2312/1457/3055
f 2313/1641/3056 2312/1457/3056 2314/1640/3056
f 2314/847/3057 2312/841/3057 2141/838/3057
f 2312/841/3058 2139/836/3058 2141/838/3058
f 2315/1894/3059 2313/1641/3059 2314/1640/3059
f 2314/1640/3060 2317/1642/3060 2315/1894/3060
f 2316/845/3061 2318/851/3061 2314/847/3061
f 2314/847/3062 2141/838/3062 2316/845/3062
f 2314/847/3063 2318/851/3063 2317/852/3063
f 2319/918/3064 2317/852/3064 2318/851/3064
f 2319/918/3065 2318/851/3065 2320/917/3065
f 2320/917/3065 2318/851/3065 2321/848/3065
f 2316/845/3066 2321/848/3066 2318/851/3066
f 2320/917/3067 2321/848/3067 2322/930/3067
f 2322/930/3067 2321/848/3067 2323/849/3067
f 2324/850/3068 2323/849/3068 2321/848/3068
f 2324/850/3069 2321/848/3069 2316/845/3069
f 2325/934/3070 2327/933/3070 2324/850/3070
f 2324/850/3071 2144/832/3071 2325/934/3071
f 2326/931/3072 2323/849/3072 2324/850/3072
f 2316/845/3073 2142/835/3073 2324/850/3073
f 2324/850/3074 2142/835/3074 2144/832/3074
f 2324/850/3075 2327/933/3075 2326/931/3075
f 2328/1053/3076 2326/931/3076 2327/933/3076
f 2328/1053/3077 2327/933/3077 2329/943/3077
f 2329/943/3078 2327/933/3078 2330/936/3078
f 2325/934/3079 2330/936/3079 2327/933/3079
f 2329/943/3080 2330/936/3080 2331/942/3080
f 2331/942/3080 2330/936/3080 2153/937/3080
f 2156/935/3081 2153/937/3081 2330/936/3081
f 2156/935/3082 2330/936/3082 2325/934/3082
f 2331/942/3083 2153/937/3083 2332/940/3083
f 2332/940/3084 2333/944/3084 2331/942/3084
f 2333/944/3085 2329/943/3085 2331/942/3085
f 2337/945/3086 2333/944/3086 2332/940/3086
f 2334/1050/3087 2335/913/3087 2333/944/3087
f 2337/945/3088 2334/1050/3088 2333/944/3088
f 2333/944/3089 2335/913/3089 2336/1052/3089
f 2336/1052/3090 2328/1053/3090 2333/944/3090
f 2333/944/3091 2328/1053/3091 2329/943/3091
f 2337/945/3092 2340/948/3092 2338/946/3092
f 2338/946/3093 2334/1050/3093 2337/945/3093
f 2332/940/3094 2339/950/3094 2337/945/3094
f 2337/945/3095 2339/950/3095 2340/948/3095
f 2341/1016/3096 2340/948/3096 2159/1022/3096
f 2159/1022/3097 2340/948/3097 2158/949/3097
f 2339/950/3098 2158/949/3098 2340/948/3098
f 2341/1016/3099 2342/947/3099 2340/948/3099
f 2338/946/3100 2340/948/3100 2342/947/3100
f 2343/1023/3101 2344/1049/3101 2342/947/3101
f 2343/1023/3102 2342/947/3102 2341/1016/3102
f 2345/1048/3103 2342/947/3103 2344/1049/3103
f 2338/946/3103 2342/947/3103 2345/1048/3103
f 2345/1048/3104 2346/1051/3104 2338/946/3104
f 2345/1048/3105 2348/1054/3105 2346/1051/3105
f 2345/1048/3106 2344/1049/3106 2347/1047/3106
f 2347/1047/3107 2348/1054/3107 2345/1048/3107
f 2349/1055/3108 2350/1895/3108 2348/1054/3108
f 2347/1047/3109 2349/1055/3109 2348/1054/3109
f 2348/1054/3110 2350/1895/3110 2351/910/3110
f 2348/1054/3111 2351/910/3111 2346/1051/3111
f 2346/1051/3112 2351/910/3112 2352/911/3112
f 2353/909/3113 2352/911/3113 2351/910/3113
f 2353/1883/3114 2351/1884/3114 2354/1881/3114
f 2354/1881/3115 2351/1884/3115 2350/1867/3115
f 2354/1881/3116 2268/1880/3116 2353/1883/3116
f 2356/1879/3117 2355/1878/3117 2354/1881/3117
f 2354/1881/3118 2355/1878/3118 2268/1880/3118
f 2354/1881/3119 2350/1867/3119 2356/1879/3119
f 2359/1877/3120 2357/607/3120 2356/1879/3120
f 2356/1879/3120 2357/607/3120 2355/1878/3120
f 2356/1879/3121 2350/1867/3121 2358/1869/3121
f 2356/1879/3122 2358/1869/3122 2359/1877/3122
f 2237/610/3123 2247/608/3123 2359/1877/3123
f 2359/1877/3124 2247/608/3124 2357/607/3124
f 2359/1877/3125 2358/1869/3125 2236/1871/3125
f 2359/1877/3126 2236/1871/3126 2237/610/3126
f 2360/1868/3127 2236/1871/3127 2358/1869/3127
f 2360/1868/3128 2358/1869/3128 2349/1866/3128
f 2349/1866/3129 2358/1869/3129 2350/1867/3129
f 2230/1870/3130 2236/1871/3130 2360/1868/3130
f 2228/1847/3131 2230/1870/3131 2360/1868/3131
f 2361/1865/3132 2360/1868/3132 2349/1866/3132
f 2228/1847/3133 2360/1868/3133 2361/1865/3133
f 2347/1047/3134 2362/1045/3134 2361/1056/3134
f 2361/1056/3135 2349/1055/3135 2347/1047/3135
f 2361/1056/3136 2362/1045/3136 2227/1046/3136
f 2361/1865/3137 2227/1864/3137 2228/1847/3137
f 2364/1042/3138 2362/1045/3138 2363/1027/3138
f 2363/1027/3139 2362/1045/3139 2344/1049/3139
f 2364/1042/3140 2227/1046/3140 2362/1045/3140
f 2347/1047/3141 2344/1049/3141 2362/1045/3141
f 2363/1027/3142 2365/1024/3142 2364/1042/3142
f 2364/1042/3143 2221/1028/3143 2222/1044/3143
f 2222/1044/3144 2227/1046/3144 2364/1042/3144
f 2364/1042/3145 2365/1024/3145 2221/1028/3145
f 2367/1025/3146 2365/1024/3146 2366/1014/3146
f 2366/1014/3147 2365/1024/3147 2368/1017/3147
f 2367/1025/3148 2221/1028/3148 2365/1024/3148
f 2363/1027/3149 2368/1017/3149 2365/1024/3149
f 2366/1014/3150 2368/1017/3150 2370/1009/3150
f 2370/1009/3151 2368/1017/3151 2369/1013/3151
f 2343/1023/3152 2369/1013/3152 2368/1017/3152
f 2343/1023/3153 2368/1017/3153 2363/1027/3153
f 2167/1007/3154 2169/1005/3154 2370/1009/3154
f 2370/1009/3155 2369/1013/3155 2167/1007/3155
f 2370/1009/3156 2169/1005/3156 2371/1011/3156
f 2370/1009/3157 2371/1011/3157 2366/1014/3157
f 2205/1548/3158 2372/1010/3158 2371/1011/3158
f 2371/1011/3159 2171/1012/3159 2205/1548/3159
f 2366/1014/3160 2371/1011/3160 2372/1010/3160
f 2169/1005/3161 2171/1012/3161 2371/1011/3161
f 2204/1550/3162 2215/1032/3162 2372/1010/3162
f 2367/1025/3163 2372/1010/3163 2215/1032/3163
f 2204/1550/3164 2372/1010/3164 2205/1548/3164
f 2366/1014/3165 2372/1010/3165 2367/1025/3165
f 2167/1007/3166 2369/1013/3166 2165/1008/3166
f 2341/1016/3167 2369/1013/3167 2343/1023/3167
f 2163/1015/3168 2165/1008/3168 2369/1013/3168
f 2341/1016/3169 2163/1015/3169 2369/1013/3169
f 2367/1025/3170 2215/1032/3170 2216/1026/3170
f 2216/1026/3171 2221/1028/3171 2367/1025/3171
f 2363/1027/3172 2344/1049/3172 2343/1023/3172
f 2247/608/3173 2248/606/3173 2357/607/3173
f 2357/607/3173 2248/606/3173 2262/605/3173
f 2357/607/3174 2262/605/3174 2355/1878/3174
f 2355/1878/3174 2262/605/3174 2263/604/3174
f 2355/1878/3175 2263/604/3175 2268/1880/3175
f 2353/1883/3176 2268/1880/3176 2269/1882/3176
f 2353/909/3177 2269/900/3177 2373/908/3177
f 2373/908/3178 2352/911/3178 2353/909/3178
f 2373/908/3179 2269/900/3179 2271/905/3179
f 2374/912/3180 2335/913/3180 2373/908/3180
f 2373/908/3181 2271/905/3181 2374/912/3181
f 2373/908/3182 2335/913/3182 2352/911/3182
f 2375/914/3183 2336/1052/3183 2374/912/3183
f 2374/912/3184 2376/907/3184 2375/914/3184
f 2374/912/3185 2271/905/3185 2376/907/3185
f 2374/912/3186 2336/1052/3186 2335/913/3186
f 2271/905/3187 2272/901/3187 2376/907/3187
f 2376/907/3188 2272/901/3188 2377/906/3188
f 2376/907/3189 2377/906/3189 2378/915/3189
f 2375/914/3190 2376/907/3190 2378/915/3190
f 2375/914/3191 2378/915/3191 2322/930/3191
f 2322/930/3192 2378/915/3192 2320/917/3192
f 2380/916/3193 2379/853/3193 2378/915/3193
f 2378/915/3194 2379/853/3194 2319/918/3194
f 2378/915/3195 2377/906/3195 2380/916/3195
f 2378/915/3196 2319/918/3196 2320/917/3196
f 2381/1896/3197 2379/1644/3197 2380/1761/3197
f 2288/1757/3198 2381/1896/3198 2380/1761/3198
f 2288/1757/3199 2380/1761/3199 2285/1758/3199
f 2285/1758/3200 2380/1761/3200 2377/1760/3200
f 2381/1896/3201 2383/1646/3201 2315/1894/3201
f 2381/1896/3202 2315/1894/3202 2379/1644/3202
f 2382/1645/3203 2381/1896/3203 2288/1757/3203
f 2382/1645/3201 2383/1646/3201 2381/1896/3201
f 2382/1645/3204 2384/1897/3204 2383/1646/3204
f 2313/1641/3205 2383/1646/3205 2384/1897/3205
f 2315/1894/3206 2383/1646/3206 2313/1641/3206
f 2386/1898/3207 2385/1650/3207 2384/1897/3207
f 2384/1897/3208 2385/1650/3208 2387/1653/3208
f 2386/1898/3204 2384/1897/3204 2382/1645/3204
f 2313/1641/3209 2384/1897/3209 2387/1653/3209
f 2387/1653/3210 2385/1650/3210 2300/1656/3210
f 2387/1653/3211 2300/1656/3211 2301/1654/3211
f 2387/1653/3212 2311/1639/3212 2313/1641/3212
f 2301/1654/3213 2304/1636/3213 2387/1653/3213
f 2387/1653/3214 2304/1636/3214 2311/1639/3214
f 2295/1649/3207 2385/1650/3207 2386/1898/3207
f 2295/1649/3215 2386/1898/3215 2287/1756/3215
f 2386/1898/3216 2382/1645/3216 2288/1757/3216
f 2287/1756/3217 2386/1898/3217 2288/1757/3217
f 2295/1649/3218 2300/1656/3218 2385/1650/3218
f 2379/1644/3202 2315/1894/3202 2317/1642/3202
f 2379/853/3064 2317/852/3064 2319/918/3064
f 2274/1747/3219 2377/1760/3219 2272/1759/3219
f 2285/1758/3220 2377/1760/3220 2274/1747/3220
f 2322/930/3221 2388/932/3221 2375/914/3221
f 2375/914/3222 2388/932/3222 2336/1052/3222
f 2322/930/3223 2323/849/3223 2388/932/3223
f 2388/932/3223 2323/849/3223 2326/931/3223
f 2388/932/3076 2326/931/3076 2328/1053/3076
f 2388/932/3224 2328/1053/3224 2336/1052/3224
f 2346/1051/3225 2352/911/3225 2334/1050/3225
f 2334/1050/3226 2352/911/3226 2335/913/3226
f 2338/946/3227 2346/1051/3227 2334/1050/3227
f 2159/1022/3228 2161/1020/3228 2341/1016/3228
f 2161/1020/3229 2163/1015/3229 2341/1016/3229
f 2332/940/3230 2154/938/3230 2339/950/3230
f 2339/950/3230 2154/938/3230 2155/941/3230
f 2339/950/2831 2155/941/2831 2158/949/2831
f 2332/940/3083 2153/937/3083 2154/938/3083
f 2325/934/3231 2144/832/3231 2146/830/3231
f 2325/934/3232 2146/830/3232 2156/935/3232
f 2316/845/3233 2141/838/3233 2142/835/3233
f 2304/1636/3234 2306/1459/3234 2311/1639/3234
f 2293/1755/3218 2300/1656/3218 2295/1649/3218
f 2296/1753/3235 2389/1899/3235 2298/1657/3235
f 580/584/3236 2298/1657/3236 2389/1899/3236
f 2390/1900/3237 579/583/3237 2389/1899/3237
f 2389/1899/3238 579/583/3238 580/584/3238
f 2390/1900/3235 2389/1899/3235 2296/1753/3235
f 573/576/3237 579/583/3237 2390/1900/3237
f 573/576/3239 2390/1900/3239 572/575/3239
f 2390/1900/3240 2296/1753/3240 2294/1752/3240
f 572/575/3241 2390/1900/3241 2294/1752/3241
f 2391/1686/3242 2294/1752/3242 2291/1751/3242
f 572/575/3243 2294/1752/3243 2391/1686/3243
f 2391/1686/3244 570/573/3244 572/575/3244
f 2391/1686/3245 2291/1751/3245 2392/1687/3245
f 2392/1687/3246 2393/1685/3246 2391/1686/3246
f 2391/1686/3247 2393/1685/3247 570/573/3247
f 2394/1805/3248 2395/1698/3248 2393/1685/3248
f 2392/1687/3249 2394/1805/3249 2393/1685/3249
f 2393/1685/3250 2395/1698/3250 569/574/3250
f 2393/1685/3251 569/574/3251 570/573/3251
f 2394/1805/3252 2396/1696/3252 2395/1698/3252
f 2398/1700/3253 2395/1698/3253 2396/1696/3253
f 2397/1699/3254 569/574/3254 2395/1698/3254
f 2397/1699/3255 2395/1698/3255 2398/1700/3255
f 2398/676/3256 2396/646/3256 2399/674/3256
f 2399/674/3257 2400/672/3257 2398/676/3257
f 2398/676/3258 2400/672/3258 2401/675/3258
f 2398/1700/3259 2401/1679/3259 2397/1699/3259
f 2400/672/3260 2404/671/3260 2401/675/3260
f 2397/1699/3261 2401/1679/3261 2402/1681/3261
f 2401/1679/3262 2403/1678/3262 2402/1681/3262
f 2401/675/3263 2404/671/3263 2403/707/3263
f 2405/669/3264 2406/713/3264 2404/671/3264
f 2400/672/3265 2405/669/3265 2404/671/3265
f 2404/671/3266 2406/713/3266 2407/711/3266
f 2404/671/3267 2407/711/3267 2403/707/3267
f 2403/707/3268 2407/711/3268 2408/706/3268
f 2409/712/3269 2408/706/3269 2407/711/3269
f 2409/712/3270 2407/711/3270 2410/714/3270
f 2410/714/3270 2407/711/3270 2406/713/3270
f 2410/714/3271 2413/754/3271 2409/712/3271
f 2410/714/3272 2406/713/3272 2411/716/3272
f 2411/716/3273 2412/725/3273 2410/714/3273
f 2410/714/3274 2412/725/3274 2413/754/3274
f 2412/725/3275 2414/724/3275 2413/754/3275
f 2413/754/3276 2414/724/3276 2415/752/3276
f 2413/754/3277 2415/752/3277 2416/755/3277
f 2409/712/3278 2413/754/3278 2416/755/3278
f 2416/755/3279 2415/752/3279 2417/753/3279
f 2416/755/3280 2417/753/3280 856/757/3280
f 2418/710/3281 2416/755/3281 856/757/3281
f 2409/712/3282 2416/755/3282 2418/710/3282
f 854/888/3283 2419/1677/3283 2418/1675/3283
f 2418/1675/975 856/890/975 854/888/975
f 2418/1675/3284 2419/1677/3284 2408/1676/3284
f 2418/710/3285 2408/706/3285 2409/712/3285
f 2420/1680/3286 2408/1676/3286 2419/1677/3286
f 2420/1680/3287 2419/1677/3287 560/563/3287
f 560/563/3288 2419/1677/3288 561/564/3288
f 854/888/3289 561/564/3289 2419/1677/3289
f 2403/1678/3290 2408/1676/3290 2420/1680/3290
f 2402/1681/3291 2403/1678/3291 2420/1680/3291
f 563/567/3292 2420/1680/3292 560/563/3292
f 2402/1681/3293 2420/1680/3293 563/567/3293
f 856/757/3294 2417/753/3294 857/756/3294
f 862/751/3295 857/756/3295 2417/753/3295
f 862/751/3296 2417/753/3296 2421/750/3296
f 2421/750/3297 2417/753/3297 2415/752/3297
f 2421/750/3298 2424/748/3298 862/751/3298
f 2421/750/3299 2415/752/3299 2422/729/3299
f 2422/729/3300 2423/732/3300 2421/750/3300
f 2421/750/3301 2423/732/3301 2424/748/3301
f 2425/734/3302 2424/748/3302 2423/732/3302
f 862/751/3303 2424/748/3303 863/749/3303
f 868/746/991 863/749/991 2424/748/991
f 868/746/3304 2424/748/3304 2425/734/3304
f 2425/734/3305 2423/732/3305 2426/735/3305
f 2425/734/3306 2428/741/3306 868/746/3306
f 2426/735/3307 2427/738/3307 2425/734/3307
f 2425/734/3308 2427/738/3308 2428/741/3308
f 2429/740/3309 2428/741/3309 2427/738/3309
f 868/746/3306 2428/741/3306 869/743/3306
f 875/739/3310 869/743/3310 2428/741/3310
f 875/739/3311 2428/741/3311 2429/740/3311
f 2429/740/3312 2427/738/3312 2431/804/3312
f 2431/804/3313 2430/803/3313 2429/740/3313
f 2429/740/3313 2430/803/3313 2432/801/3313
f 2429/740/3314 2432/801/3314 875/739/3314
f 2430/803/3315 2434/805/3315 2432/801/3315
f 2432/801/3315 2434/805/3315 2433/802/3315
f 2432/801/3316 2433/802/3316 874/799/3316
f 875/739/3317 2432/801/3317 874/799/3317
f 2435/1165/24 2436/806/24 2434/805/24
f 2435/1165/24 2434/805/24 2430/803/24
f 2436/806/3318 2433/802/3318 2434/805/3318
f 2439/1164/24 2436/806/24 2435/1165/24
f 2439/1164/24 2437/808/24 2436/806/24
f 2436/806/3319 2437/808/3319 2438/807/3319
f 2438/807/3320 2433/802/3320 2436/806/3320
f 2439/1164/24 2441/1901/24 2440/975/24
f 2440/975/24 2437/808/24 2439/1164/24
f 2439/1902/3321 2442/1903/3321 2441/1904/3321
f 2435/1905/3322 1138/1906/3322 2439/1902/3322
f 2439/1902/3321 1138/1906/3321 2442/1903/3321
f 1128/1147/24 2442/1901/24 1135/1151/24
f 1135/1151/24 2442/1901/24 1138/1164/24
f 1128/1147/24 1127/1146/24 2442/1901/24
f 2441/1904/3323 2442/1903/3323 1127/1907/3323
f 2441/1901/24 2445/974/24 2440/975/24
f 2443/1146/24 2444/977/24 2441/1901/24
f 2441/1904/3323 1127/1907/3323 2443/1908/3323
f 2441/1901/24 2444/977/24 2445/974/24
f 2445/974/3324 2447/810/3324 2440/975/3324
f 2444/977/3325 2446/973/3325 2445/974/3325
f 2446/973/3324 2447/810/3324 2445/974/3324
f 2448/809/3326 2440/975/3326 2447/810/3326
f 2448/809/3327 2447/810/3327 2449/812/3327
f 2449/812/3328 2447/810/3328 2450/811/3328
f 2446/973/3329 2450/811/3329 2447/810/3329
f 2449/812/3330 2450/811/3330 2451/814/3330
f 2451/814/3331 2450/811/3331 1040/813/3331
f 1042/971/3332 1040/813/3332 2450/811/3332
f 1042/971/3333 2450/811/3333 2446/973/3333
f 2451/814/3334 1040/813/3334 1038/817/3334
f 2453/818/3335 2451/814/3335 1038/817/3335
f 2452/816/3336 2449/812/3336 2451/814/3336
f 2452/816/3337 2451/814/3337 2453/818/3337
f 2453/818/3338 2454/794/3338 880/796/3338
f 2453/818/3339 880/796/3339 2452/816/3339
f 2453/818/3340 1038/817/3340 1036/820/3340
f 1036/820/3338 2454/794/3338 2453/818/3338
f 881/792/3341 880/796/3341 2454/794/3341
f 881/792/3342 2454/794/3342 892/791/3342
f 892/791/3343 2454/794/3343 894/793/3343
f 1036/1055/1268 894/910/1268 2454/1895/1268
f 2452/816/3344 880/796/3344 878/798/3344
f 2452/816/3345 878/798/3345 2455/815/3345
f 2455/815/3346 2449/812/3346 2452/816/3346
f 2455/815/3347 878/798/3347 877/800/3347
f 2455/815/3348 877/800/3348 2438/807/3348
f 2438/807/3349 2448/809/3349 2455/815/3349
f 2455/815/3350 2448/809/3350 2449/812/3350
f 2437/808/3351 2440/975/3351 2448/809/3351
f 2438/807/3352 2437/808/3352 2448/809/3352
f 1045/976/3353 1042/971/3353 2446/973/3353
f 1045/976/3354 2446/973/3354 2444/977/3354
f 2443/1146/24 2456/978/24 2444/977/24
f 2444/977/3355 2456/978/3355 1045/976/3355
f 2457/1523/24 2456/978/24 2443/1146/24
f 2456/978/3356 2457/1523/3356 1046/979/3356
f 1045/976/3355 2456/978/3355 1046/979/3355
f 2458/1144/24 1053/1059/24 2457/1523/24
f 1053/1059/1297 1048/981/1297 2457/1523/1297
f 2458/1144/24 2457/1523/24 2443/1146/24
f 1046/979/3357 2457/1523/3357 1048/981/3357
f 1066/1073/24 1053/1059/24 2458/1144/24
f 2458/1909/3358 1124/1391/3358 1066/1074/3358
f 2443/1908/3359 1125/1910/3359 2458/1909/3359
f 2458/1909/3358 1125/1910/3358 1124/1391/3358
f 2443/1908/3359 1127/1907/3359 1125/1910/3359
f 2438/807/3360 877/800/3360 2433/802/3360
f 2435/1165/24 2430/803/24 2459/1167/24
f 2459/1911/3361 1139/1912/3361 2435/1905/3361
f 2435/1905/3362 1139/1912/3362 1138/1906/3362
f 2460/1913/24 2459/1167/24 2461/737/24
f 2460/1914/1410 1141/1915/1410 2459/1916/1410
f 2459/1167/24 2431/804/24 2461/737/24
f 2459/1167/24 2430/803/24 2431/804/24
f 2459/1911/3363 1141/1917/3363 1139/1912/3363
f 2431/804/3312 2427/738/3312 2461/737/3312
f 2461/737/24 2462/736/24 2460/1913/24
f 2462/736/3364 2461/737/3364 2426/735/3364
f 2426/735/3365 2461/737/3365 2427/738/3365
f 2460/1913/24 2462/736/24 2463/733/24
f 2462/736/3366 2464/731/3366 2463/733/3366
f 2426/735/3367 2464/731/3367 2462/736/3367
f 2422/729/3368 2464/731/3368 2423/732/3368
f 2426/735/3369 2423/732/3369 2464/731/3369
f 2465/728/3370 2463/733/3370 2464/731/3370
f 2465/728/3371 2464/731/3371 2422/729/3371
f 2465/728/3372 2414/724/3372 2466/726/3372
f 2465/728/3373 2466/726/3373 2467/730/3373
f 2467/730/3374 2463/733/3374 2465/728/3374
f 2422/729/3372 2414/724/3372 2465/728/3372
f 2469/1918/24 2467/730/24 2468/727/24
f 2467/730/3373 2466/726/3373 2468/727/3373
f 2469/1918/24 2463/733/24 2467/730/24
f 2460/1913/24 2463/733/24 2469/1918/24
f 2469/1919/3375 2472/1920/3375 2460/1914/3375
f 2469/1918/24 2468/727/24 2470/1921/24
f 2470/1922/3376 2471/1923/3376 2469/1919/3376
f 2469/1919/3375 2471/1923/3375 2472/1920/3375
f 1142/1168/24 2472/1913/24 1150/1174/24
f 1150/1174/24 2472/1913/24 2471/1918/24
f 1142/1168/24 1141/1167/24 2472/1913/24
f 2460/1914/1410 2472/1920/1410 1141/1915/1410
f 1150/1174/24 2471/1918/24 1151/1180/24
f 1151/1180/24 2471/1918/24 2473/1921/24
f 2470/1922/3376 2473/1924/3376 2471/1923/3376
f 1151/1180/24 2473/1921/24 1153/1187/24
f 1153/1187/24 2473/1921/24 2474/1925/24
f 2475/1926/1345 2474/1927/1345 2473/1924/1345
f 2475/1926/1345 2473/1924/1345 2470/1922/1345
f 2475/1925/24 2477/720/24 2476/1928/24
f 2476/1189/3377 2474/1927/3377 2475/1926/3377
f 2475/1925/24 2479/719/24 2477/720/24
f 2470/1921/24 2478/721/24 2475/1925/24
f 2475/1925/24 2478/721/24 2479/719/24
f 2478/721/3378 2481/717/3378 2479/719/3378
f 2477/720/3379 2479/719/3379 2480/666/3379
f 2480/666/3380 2479/719/3380 2481/717/3380
f 2484/718/3378 2481/717/3378 2478/721/3378
f 2480/666/3381 2481/717/3381 2482/667/3381
f 2482/667/3382 2481/717/3382 2483/715/3382
f 2484/718/3383 2483/715/3383 2481/717/3383
f 2478/721/3384 2485/722/3384 2484/718/3384
f 2484/718/3384 2485/722/3384 2486/723/3384
f 2484/718/3385 2486/723/3385 2411/716/3385
f 2411/716/3386 2483/715/3386 2484/718/3386
f 2485/722/3387 2468/727/3387 2486/723/3387
f 2486/723/3387 2468/727/3387 2466/726/3387
f 2486/723/3388 2466/726/3388 2412/725/3388
f 2411/716/3389 2486/723/3389 2412/725/3389
f 2470/1921/24 2468/727/24 2485/722/24
f 2470/1921/24 2485/722/24 2478/721/24
f 2482/667/3390 2483/715/3390 2405/669/3390
f 2405/669/3391 2483/715/3391 2406/713/3391
f 2411/716/3392 2406/713/3392 2483/715/3392
f 2487/668/3393 2480/666/3393 2482/667/3393
f 2488/670/3394 2482/667/3394 2405/669/3394
f 2487/668/3395 2482/667/3395 2488/670/3395
f 2489/673/3396 2488/670/3396 2399/674/3396
f 2399/674/3397 2488/670/3397 2400/672/3397
f 2489/673/3398 2487/668/3398 2488/670/3398
f 2488/670/3399 2405/669/3399 2400/672/3399
f 2399/674/3400 2492/648/3400 2489/673/3400
f 2489/673/3401 2491/654/3401 2490/661/3401
f 2490/661/3402 2487/668/3402 2489/673/3402
f 2489/673/3403 2492/648/3403 2491/654/3403
f 2493/647/3404 2491/654/3404 2492/648/3404
f 2493/647/3405 2492/648/3405 2494/641/3405
f 2494/641/3406 2492/648/3406 2396/646/3406
f 2399/674/3407 2396/646/3407 2492/648/3407
f 2494/1697/3408 2396/1696/3408 2394/1805/3408
f 2496/1689/3409 2494/1697/3409 2394/1805/3409
f 2495/639/3410 2493/647/3410 2494/641/3410
f 2495/1806/3411 2494/1697/3411 2496/1689/3411
f 2496/1689/3412 2290/1688/3412 2282/1690/3412
f 2496/1689/3413 2282/1690/3413 2495/1806/3413
f 2496/1689/3414 2394/1805/3414 2392/1687/3414
f 2392/1687/3415 2290/1688/3415 2496/1689/3415
f 2495/1806/3416 2282/1690/3416 2280/1691/3416
f 2495/639/3417 2280/635/3417 2497/642/3417
f 2497/642/3418 2493/647/3418 2495/639/3418
f 2497/642/3419 2280/635/3419 2279/632/3419
f 2497/642/3420 2279/632/3420 2498/650/3420
f 2498/650/3421 2499/649/3421 2497/642/3421
f 2497/642/3422 2499/649/3422 2493/647/3422
f 2500/652/3423 2501/655/3423 2499/649/3423
f 2498/650/3424 2500/652/3424 2499/649/3424
f 2499/649/3425 2501/655/3425 2491/654/3425
f 2499/649/3426 2491/654/3426 2493/647/3426
f 2500/652/3427 2502/659/3427 2501/655/3427
f 2503/662/3428 2501/655/3428 2502/659/3428
f 2490/661/3429 2491/654/3429 2501/655/3429
f 2490/661/3430 2501/655/3430 2503/662/3430
f 2503/662/3431 2502/659/3431 2504/663/3431
f 2503/662/3432 2505/665/3432 2490/661/3432
f 2504/663/3433 2506/664/3433 2503/662/3433
f 2503/662/3433 2506/664/3433 2505/665/3433
f 2476/1928/24 2477/720/24 2506/664/24
f 2476/1928/24 2506/664/24 2504/663/24
f 2506/664/3434 2477/720/3434 2505/665/3434
f 2505/665/3434 2477/720/3434 2480/666/3434
f 2505/665/3435 2480/666/3435 2487/668/3435
f 2490/661/3436 2505/665/3436 2487/668/3436
f 2476/1928/24 2504/663/24 2507/1929/24
f 2507/1929/24 2504/663/24 2508/660/24
f 2504/663/3437 2502/659/3437 2508/660/3437
f 2507/1929/24 2508/660/24 2509/657/24
f 2509/657/3438 2508/660/3438 2510/656/3438
f 2510/656/3438 2508/660/3438 2502/659/3438
f 2511/653/3439 2509/657/3439 2510/656/3439
f 2510/656/3440 2502/659/3440 2500/652/3440
f 2512/651/3441 2510/656/3441 2500/652/3441
f 2511/653/3442 2510/656/3442 2512/651/3442
f 2498/650/3443 2514/630/3443 2512/651/3443
f 2512/651/3444 2500/652/3444 2498/650/3444
f 2512/651/3445 2514/630/3445 2513/627/3445
f 2512/651/3446 2513/627/3446 2511/653/3446
f 2515/631/3447 2513/627/3447 2514/630/3447
f 2515/631/3448 2514/630/3448 2277/633/3448
f 2277/633/3448 2514/630/3448 2279/632/3448
f 2498/650/3449 2279/632/3449 2514/630/3449
f 2258/629/3450 2513/627/3450 2515/631/3450
f 2260/634/3451 2258/629/3451 2515/631/3451
f 2266/600/3452 2515/631/3452 2277/633/3452
f 2260/634/3453 2515/631/3453 2266/600/3453
f 2258/629/3454 2257/628/3454 2513/627/3454
f 2511/653/3455 2513/627/3455 2257/628/3455
f 2511/653/3456 2257/628/3456 2516/658/3456
f 2516/658/3439 2509/657/3439 2511/653/3439
f 2509/657/24 2516/658/24 2517/1930/24
f 2517/1930/24 2516/658/24 2255/1888/24
f 2516/658/3456 2257/628/3456 2255/1888/3456
f 2509/657/24 2517/1930/24 2507/1929/24
f 2517/1931/3457 2519/1932/3457 2507/1933/3457
f 2517/1930/24 2255/1888/24 2253/1887/24
f 2253/1934/3458 2518/1935/3458 2517/1931/3458
f 2517/1931/3457 2518/1935/3457 2519/1932/3457
f 2521/1936/24 2520/1928/24 2519/1929/24
f 2507/1933/3459 2519/1932/3459 2520/1704/3459
f 2521/1936/24 2519/1929/24 2522/1937/24
f 2522/1937/24 2519/1929/24 2518/1930/24
f 2522/1938/3460 2525/1939/3460 2521/1940/3460
f 2522/1937/24 2518/1930/24 2523/1941/24
f 2523/1942/3461 2524/1943/3461 2522/1938/3461
f 2522/1938/3462 2524/1943/3462 2525/1939/3462
f 2528/1114/24 2525/1937/24 2524/1941/24
f 2521/1940/3460 2525/1939/3460 2526/1944/3460
f 2527/1118/24 2526/1936/24 2525/1937/24
f 2527/1118/1319 2525/1937/1319 2528/1114/1319
f 2528/1322/3463 1097/1945/3463 2527/1319/3463
f 2528/1114/24 2524/1941/24 2529/1104/24
f 2529/1332/3464 1093/1946/3464 2528/1322/3464
f 2528/1322/3463 1093/1946/3463 1097/1945/3463
f 2529/1104/24 2524/1941/24 2531/1947/24
f 2529/1104/24 2531/1947/24 2530/1105/24
f 2530/1334/3465 1089/1948/3465 2529/1332/3465
f 2529/1332/3464 1089/1948/3464 1093/1946/3464
f 2533/1949/3466 2531/1950/3466 2523/1942/3466
f 2523/1942/3466 2531/1950/3466 2524/1943/3466
f 2533/1949/3467 2532/1951/3467 2531/1950/3467
f 2530/1105/24 2531/1947/24 2532/1952/24
f 2523/1941/24 2534/1887/24 2533/1947/24
f 2533/1947/24 2534/1887/24 2535/1886/24
f 2533/1947/24 2535/1886/24 2536/1952/24
f 2536/1953/3467 2532/1951/3467 2533/1949/3467
f 2536/1952/24 2535/1886/24 2537/1885/24
f 2536/1952/24 2537/1885/24 2538/1954/24
f 2538/1159/3468 2539/1160/3468 2536/1166/3468
f 2536/1166/3469 2539/1160/3469 2532/1162/3469
f 2538/1159/3470 2540/1150/3470 2539/1160/3470
f 2542/1132/24 2539/1954/24 2540/1955/24
f 2541/1106/24 2532/1952/24 2539/1954/24
f 2541/1106/24 2539/1954/24 2542/1132/24
f 2542/1152/1384 1116/1158/1384 2541/1154/1384
f 2542/1132/1319 2540/1955/1319 2543/1127/1319
f 2543/1140/3471 1111/1155/3471 2542/1152/3471
f 2542/1152/1384 1111/1155/1384 1116/1158/1384
f 2543/1127/24 2540/1955/24 2544/1956/24
f 2543/1127/24 2544/1956/24 2545/1122/24
f 2545/1135/3472 1106/1153/3472 2543/1140/3472
f 2543/1140/3471 1106/1153/3471 1111/1155/3471
f 2545/1122/24 2544/1956/24 2546/1957/24
f 2545/1122/24 2546/1957/24 2547/1117/24
f 2547/1097/3473 1101/1137/3473 2545/1135/3473
f 2545/1135/3472 1101/1137/3472 1106/1153/3472
f 2547/1117/24 2549/1958/24 2548/1113/24
f 2548/1094/1374 1096/1136/1374 2547/1097/1374
f 2547/1097/3473 1096/1136/3473 1101/1137/3473
f 2547/1117/24 2546/1957/24 2549/1958/24
f 2552/1141/3474 2550/1089/3474 2549/1142/3474
f 2548/1113/24 2549/1958/24 2550/1387/24
f 2552/1141/3475 2549/1142/3475 2551/1145/3475
f 2551/1145/3476 2549/1142/3476 2546/1143/3476
f 2551/1957/24 2553/1959/24 2552/1958/24
f 2552/1958/24 2553/1959/24 2554/1960/24
f 2552/1958/24 2554/1960/24 1328/1387/24
f 1328/1088/3477 2550/1089/3477 2552/1141/3477
f 2555/1074/3478 1329/1391/3478 2554/1910/3478
f 2555/1074/3478 2554/1910/3478 2556/1909/3478
f 2556/1909/3479 2554/1910/3479 2553/1907/3479
f 1328/1387/24 2554/1960/24 1329/1388/24
f 2555/1388/24 2556/1960/24 2557/1825/24
f 2556/1960/24 2560/1830/24 2557/1825/24
f 2558/1959/24 2559/1833/24 2556/1960/24
f 2556/1909/3480 2553/1907/3480 2558/1908/3480
f 2556/1960/24 2559/1833/24 2560/1830/24
f 2557/1825/3481 2560/1830/3481 2561/1826/3481
f 2559/1833/3482 2562/1829/3482 2560/1830/3482
f 2561/1826/3483 2560/1830/3483 2562/1829/3483
f 2561/1826/3484 2562/1829/3484 2563/1828/3484
f 2563/1828/3484 2562/1829/3484 2564/1827/3484
f 2565/1831/3485 2564/1827/3485 2562/1829/3485
f 2565/1831/3486 2562/1829/3486 2559/1833/3486
f 2559/1833/3487 2566/1836/3487 2565/1831/3487
f 2565/1831/3487 2566/1836/3487 2568/1834/3487
f 2567/1832/3488 2564/1827/3488 2565/1831/3488
f 2565/1831/3489 2568/1834/3489 2567/1832/3489
f 2567/1832/3490 2568/1834/3490 2569/1835/3490
f 2570/1838/3491 2569/1835/3491 2568/1834/3491
f 2570/1838/3492 2568/1834/3492 2571/1839/3492
f 2571/1839/3492 2568/1834/3492 2566/1836/3492
f 2573/1961/24 2572/1840/24 2571/1839/24
f 2571/1839/3493 2572/1840/3493 2570/1838/3493
f 2573/1961/24 2571/1839/24 2566/1836/24
f 2573/1961/24 2566/1836/24 2558/1959/24
f 2558/1908/3494 2575/1903/3494 2573/1904/3494
f 2574/1962/24 2572/1840/24 2573/1961/24
f 2573/1904/3495 2576/1906/3495 2574/1902/3495
f 2573/1904/3495 2575/1903/3495 2576/1906/3495
f 2574/1902/3496 2576/1906/3496 2577/1912/3496
f 2578/1955/24 2577/1963/24 2576/1962/24
f 2578/1955/24 2576/1962/24 2579/1956/24
f 2579/1956/24 2576/1962/24 2575/1961/24
f 2579/1148/3497 2544/1149/3497 2578/1161/3497
f 2579/1956/24 2575/1961/24 2551/1957/24
f 2551/1145/3498 2546/1143/3498 2579/1148/3498
f 2579/1148/3499 2546/1143/3499 2544/1149/3499
f 2538/1954/1319 2577/1963/1319 2578/1955/1319
f 2578/1161/3500 2540/1150/3500 2538/1159/3500
f 2578/1161/3501 2544/1149/3501 2540/1150/3501
f 2574/1902/3502 2577/1912/3502 2580/1905/3502
f 2538/1954/24 2537/1885/24 2577/1963/24
f 2580/1905/3503 2577/1912/3503 2537/1917/3503
f 2580/1963/24 2581/1875/24 2574/1962/24
f 2580/1963/24 2582/613/24 2581/1875/24
f 2242/1885/24 2239/612/24 2580/1963/24
f 2580/1905/3503 2537/1917/3503 2242/1911/3503
f 2580/1963/24 2239/612/24 2582/613/24
f 2581/1875/3504 2582/613/3504 2233/1874/3504
f 2239/612/3505 2234/614/3505 2582/613/3505
f 2233/1874/3504 2582/613/3504 2234/614/3504
f 2574/1962/24 2581/1875/24 2583/1876/24
f 2583/1876/3506 2581/1875/3506 2584/1843/3506
f 2584/1843/3507 2581/1875/3507 2233/1874/3507
f 2584/1843/3508 2586/1844/3508 2585/1841/3508
f 2584/1843/3509 2585/1841/3509 2583/1876/3509
f 2231/1842/3510 2586/1844/3510 2584/1843/3510
f 2584/1843/3511 2233/1874/3511 2231/1842/3511
f 2587/1837/3512 2585/1841/3512 2586/1844/3512
f 2224/1849/3513 2586/1844/3513 2225/1846/3513
f 2231/1842/3514 2225/1846/3514 2586/1844/3514
f 2587/1837/3515 2586/1844/3515 2224/1849/3515
f 2587/1837/3516 2588/1851/3516 2569/1835/3516
f 2587/1837/3517 2569/1835/3517 2570/1838/3517
f 2224/1849/3516 2588/1851/3516 2587/1837/3516
f 2570/1838/3518 2585/1841/3518 2587/1837/3518
f 2589/1853/3519 2569/1835/3519 2588/1851/3519
f 2218/1854/3520 2588/1851/3520 2219/1852/3520
f 2224/1849/3521 2219/1852/3521 2588/1851/3521
f 2589/1853/3522 2588/1851/3522 2218/1854/3522
f 2589/1853/3523 2591/1856/3523 2590/1855/3523
f 2589/1853/3524 2590/1855/3524 2567/1832/3524
f 2218/1854/3525 2591/1856/3525 2589/1853/3525
f 2567/1832/3519 2569/1835/3519 2589/1853/3519
f 2592/1858/3526 2590/1855/3526 2591/1856/3526
f 2592/1858/3527 2591/1856/3527 2212/1860/3527
f 2212/1860/3527 2591/1856/3527 2213/1859/3527
f 2218/1854/3528 2213/1859/3528 2591/1856/3528
f 2593/1857/3529 2590/1855/3529 2592/1858/3529
f 2594/1817/3530 2593/1857/3530 2592/1858/3530
f 2595/1816/3531 2592/1858/3531 2212/1860/3531
f 2594/1817/3532 2592/1858/3532 2595/1816/3532
f 2210/1797/3533 2597/1795/3533 2595/1039/3533
f 2595/1039/3534 2212/1034/3534 2210/1797/3534
f 2595/1816/3535 2596/1815/3535 2594/1817/3535
f 2595/1039/3536 2597/1795/3536 2596/1796/3536
f 2598/1793/3537 2596/1796/3537 2597/1795/3537
f 2598/1793/3538 2597/1795/3538 2599/1559/3538
f 2599/1559/3539 2597/1795/3539 2209/1794/3539
f 2210/1797/3540 2209/1794/3540 2597/1795/3540
f 2600/1560/3541 2598/1793/3541 2599/1559/3541
f 2599/1559/3542 2209/1794/3542 2197/1558/3542
f 1376/1441/3543 2599/1559/3543 2197/1558/3543
f 2600/1560/3544 2599/1559/3544 1376/1441/3544
f 1365/1430/3545 1362/1425/3545 2600/1560/3545
f 1362/1425/3546 2598/1793/3546 2600/1560/3546
f 1371/1436/3547 2600/1560/3547 1376/1441/3547
f 1365/1430/3548 2600/1560/3548 1371/1436/3548
f 1359/1424/3537 2596/1796/3537 2598/1793/3537
f 1362/1425/3549 1359/1424/3549 2598/1793/3549
f 1359/1418/3550 1358/1417/3550 2596/1815/3550
f 2594/1817/3551 2596/1815/3551 1358/1417/3551
f 2601/1818/3552 2593/1857/3552 2594/1817/3552
f 2594/1817/3553 1358/1417/3553 2601/1818/3553
f 2601/1818/3554 1358/1417/3554 1356/1415/3554
f 2601/1818/3555 1356/1415/3555 2602/1819/3555
f 2601/1818/3556 2563/1828/3556 2593/1857/3556
f 2602/1819/3557 2563/1828/3557 2601/1818/3557
f 2602/1819/3558 1356/1415/3558 1355/1414/3558
f 2603/1821/3559 2561/1826/3559 2602/1819/3559
f 2602/1819/3560 2561/1826/3560 2563/1828/3560
f 2602/1819/3561 1355/1414/3561 2603/1821/3561
f 2605/1824/3562 2557/1825/3562 2603/1821/3562
f 2603/1821/3562 2557/1825/3562 2561/1826/3562
f 2603/1821/3563 1355/1414/3563 2604/1820/3563
f 2603/1821/3564 2604/1820/3564 2605/1824/3564
f 2557/1825/24 2605/1824/24 2555/1388/24
f 2555/1388/24 2605/1824/24 2606/1822/24
f 2605/1824/3565 2604/1820/3565 2606/1822/3565
f 2555/1388/24 2606/1822/24 1332/1389/24
f 1332/1389/24 2606/1822/24 2607/1823/24
f 2607/1823/3566 2606/1822/3566 1349/1409/3566
f 1349/1409/3566 2606/1822/3566 2604/1820/3566
f 1332/1389/24 2607/1823/24 1336/1396/24
f 1336/1396/3567 2607/1823/3567 1347/1407/3567
f 1347/1407/3567 2607/1823/3567 1349/1409/3567
f 1349/1409/3568 2604/1820/3568 1350/1410/3568
f 1350/1410/3569 2604/1820/3569 1355/1414/3569
f 2593/1857/3570 2564/1827/3570 2590/1855/3570
f 2563/1828/3571 2564/1827/3571 2593/1857/3571
f 2567/1832/3524 2590/1855/3524 2564/1827/3524
f 2570/1838/3572 2572/1840/3572 2585/1841/3572
f 2583/1876/3509 2585/1841/3509 2572/1840/3509
f 2574/1962/24 2583/1876/24 2572/1840/24
f 2551/1957/24 2575/1961/24 2553/1959/24
f 2558/1908/3494 2553/1907/3494 2575/1903/3494
f 2558/1959/24 2566/1836/24 2559/1833/24
f 1332/1076/1456 1329/1391/1456 2555/1074/1456
f 2548/1113/24 2550/1387/24 2608/1101/24
f 2608/1101/24 2550/1387/24 1325/1386/24
f 1328/1088/1455 1325/1085/1455 2550/1089/1455
f 2608/1096/3573 1092/1098/3573 2548/1094/3573
f 2608/1101/24 1325/1386/24 1326/1102/24
f 1326/1777/3574 1088/1095/3574 2608/1096/3574
f 2608/1096/3573 1088/1095/3573 1092/1098/3573
f 2548/1094/1376 1092/1098/1376 1096/1136/1376
f 2530/1105/24 2532/1952/24 2541/1106/24
f 2541/1154/3575 1085/1964/3575 2530/1157/3575
f 2541/1154/3576 1116/1158/3576 1085/1964/3576
f 2242/1965/3577 2537/1966/3577 2535/1967/3577
f 2242/1965/3577 2535/1967/3577 2244/1968/3577
f 2244/1968/1391 2535/1967/1391 2534/1969/1391
f 2523/1941/24 2518/1930/24 2534/1887/24
f 2253/1934/3458 2534/1969/3458 2518/1935/3458
f 2244/1968/1391 2534/1969/1391 2253/1934/1391
f 2530/1334/3578 1085/1970/3578 1089/1948/3578
f 2527/1319/3579 1097/1945/3579 1102/1971/3579
f 2527/1319/3579 1102/1971/3579 1156/1192/3579
f 1156/1123/24 2526/1936/24 2527/1118/24
f 2521/1940/3580 2526/1944/3580 2609/1704/3580
f 1156/1123/24 1154/1190/24 2526/1936/24
f 2609/1704/3580 2526/1944/3580 1154/1189/3580
f 1153/1187/24 2474/1925/24 2609/1190/24
f 2609/1704/1348 1154/1189/1348 1153/1188/1348
f 2609/1190/24 2474/1925/24 2520/1928/24
f 2609/1190/24 2520/1928/24 2521/1936/24
f 2507/1933/3459 2520/1704/3459 2476/1189/3459
f 2476/1189/3377 2520/1704/3377 2474/1927/3377
f 2412/725/3581 2466/726/3581 2414/724/3581
f 874/799/3582 2433/802/3582 877/800/3582
f 2422/729/3583 2415/752/3583 2414/724/3583
f 567/571/3584 2402/1681/3584 563/567/3584
f 2397/1699/3585 2402/1681/3585 567/571/3585
f 567/571/3586 569/574/3586 2397/1699/3586
f 2392/1687/3587 2291/1751/3587 2290/1688/3587
f 2283/1750/3588 2282/1690/3588 2290/1688/3588
f 2250/620/3589 2262/605/3589 2248/606/3589
f 2237/610/3590 2240/609/3590 2247/608/3590
f 2207/1799/3591 2215/1032/3591 2204/1550/3591
f 2197/1558/3592 2209/1794/3592 2198/1555/3592
f 2202/1543/3593 2205/1548/3593 2175/1544/3593
f 2205/1548/3594 2173/1546/3594 2175/1544/3594
f 2205/1548/3595 2171/1012/3595 2173/1546/3595
f 2175/1544/3596 2176/1545/3596 2202/1543/3596
f 2202/1543/3596 2176/1545/3596 2180/1540/3596
f 1376/1441/3597 2197/1558/3597 1377/1442/3597
f 2195/1556/2900 2183/1814/2900 2192/1813/2900
f 2182/1542/3598 2192/1813/3598 2183/1814/3598
f 2178/1534/3599 2100/1532/3599 2186/1530/3599
f 2100/1532/3600 2041/1531/3600 2186/1530/3600
f 2186/1530/3601 2041/1531/3601 2039/1572/3601
f 2099/1536/3602 2100/1532/3602 2178/1534/3602
f 2156/935/3603 2146/830/3603 2148/829/3603
f 2151/953/2822 2108/956/2822 2107/954/2822
f 597/604/578 600/607/578 2133/1878/578
f 2100/1532/3604 2043/1526/3604 2041/1531/3604
f 2093/1861/3605 2085/1854/3605 2087/1856/3605
f 2090/1860/3606 2046/1817/3606 2044/1816/3606
f 609/616/588 2061/1830/588 2064/1833/588
f 2056/1825/588 2061/1830/588 609/616/588
f 2058/1828/2666 2052/1821/2666 2050/1819/2666
f 609/616/588 2014/1396/588 2053/1823/588
f 2017/1409/2597 2053/1823/2597 2014/1396/2597
f 1390/1454/3607 2033/1634/3607 1393/1456/3607
f 609/616/588 2002/1728/588 2007/1765/588
f 2004/1738/3608 1999/1730/3608 1998/1737/3608
f 1402/1470/3609 1996/1695/3609 1405/1473/3609
f 1374/1438/3610 1382/1447/3610 1385/1448/3610
f 1373/1437/3610 1382/1447/3610 1374/1438/3610
f 1352/1411/3611 1353/1412/3611 1361/1420/3611
f 1338/1397/1458 1336/1396/1458 1347/1407/1458
f 1322/1385/24 1331/1390/24 1323/1378/24
f 1320/1779/3612 1084/1099/3612 1326/1777/3612
f 1326/1777/3574 1084/1099/3574 1088/1095/3574
f 1320/1779/3613 1115/1778/3613 1084/1099/3613
f 1206/1269/1382 1210/1285/1382 1207/1270/1382
f 1191/1260/1379 1200/1261/1379 1189/1370/1379
f 1189/1370/1092 1200/1261/1092 2610/1355/1092
f 1192/1245/588 2610/1236/588 1200/1246/588
f 1192/1245/588 1200/1246/588 1195/1247/588
f 1189/1370/1092 2610/1355/1092 1183/1233/1092
f 1183/1233/1367 2610/1355/1367 1184/1234/1367
f 1187/1241/588 1184/1231/588 2610/1236/588
f 1187/1241/588 2610/1236/588 1192/1245/588
f 1163/1211/1357 1159/1189/1357 1164/1302/1357
f 1164/1302/1439 1159/1189/1439 1158/1317/1439
f 1156/1192/1350 1102/1971/1350 1107/1193/1350
f 1150/1185/1342 1144/1173/1342 1142/1169/1342
f 1148/1181/1345 1112/1191/1345 1117/1182/1345
f 1133/1115/24 1136/1163/24 1145/1109/24
f 1145/1177/3614 1094/1972/3614 1133/1290/3614
f 1145/1177/3614 1090/1176/3614 1094/1972/3614
f 1135/1161/3615 1130/1150/3615 1128/1148/3615
f 1133/1157/1336 1094/1964/1336 1098/1158/1336
f 1073/1087/24 1068/1072/24 1124/1073/24
f 1066/1074/1311 1124/1391/1311 1068/1075/1311
f 1120/1140/1326 1108/1153/1326 1113/1137/1326
f 1055/1062/24 1052/1060/24 1066/1073/24
f 1066/1073/24 1052/1060/24 1053/1059/24
f 1016/1041/3616 1059/1066/3616 1012/1036/3616
f 1015/1040/3617 1018/983/3617 1050/1057/3617
f 1043/970/1236 1020/984/1236 1021/968/1236
f 1021/968/1280 1026/966/1280 1043/970/1280
f 1004/1028/3618 1003/1027/3618 1023/1042/3618
f 1000/1025/3619 1009/1032/3619 988/1014/3619
f 988/1014/3620 1009/1032/3620 989/1010/3620
f 1001/1023/3621 931/947/3621 1003/1027/3621
f 992/1016/3622 929/948/3622 1001/1023/3622
f 1001/1023/3623 929/948/3623 931/947/3623
f 990/1012/1182 982/1006/1182 983/1005/1182
f 977/1001/3624 938/956/3624 936/954/3624
f 609/616/588 787/808/588 954/975/588
f 790/810/865 954/975/865 787/808/865
f 925/943/1093 918/937/1093 920/936/1093
f 919/939/3625 804/829/3625 805/830/3625
f 883/789/3626 881/792/3626 892/791/3626
f 886/782/3627 865/784/3627 866/786/3627
f 866/786/3628 871/788/3628 886/782/3628
f 852/887/3629 859/894/3629 849/884/3629
f 847/881/3630 850/885/3630 838/872/3630
f 850/885/3631 836/870/3631 838/872/3631
f 850/885/3632 834/868/3632 836/870/3632
f 838/872/3633 839/873/3633 847/881/3633
f 847/881/3633 839/873/3633 843/877/3633
f 750/769/807 751/770/807 841/875/807
f 841/875/3634 689/701/3634 687/699/3634
f 841/875/3634 751/770/3634 689/701/3634
f 819/850/918 809/835/918 811/838/918
f 814/846/3635 759/777/3635 758/776/3635
f 609/616/588 722/737/588 782/804/588
f 725/740/767 782/804/767 722/737/767
f 751/770/3636 691/703/3636 689/701/3636
f 751/770/3637 694/708/3637 691/703/3637
f 744/762/3638 736/751/3638 738/753/3638
f 741/757/3639 697/712/3639 695/710/3639
f 609/616/588 712/727/588 715/730/588
f 707/722/588 712/727/588 609/616/588
f 709/725/3640 703/718/3640 701/716/3640
f 609/616/588 654/664/588 704/720/588
f 657/666/653 704/720/653 654/664/653
f 574/578/700 677/690/700 678/689/700
f 574/578/3641 678/689/3641 575/579/3641
f 575/579/3641 678/689/3641 577/580/3641
f 582/586/3642 577/580/3642 678/689/3642
f 609/616/588 647/658/588 648/657/588
f 2611/1888/588 647/658/588 609/616/588
f 642/653/3643 647/658/3643 2611/1888/3643
f 609/616/588 619/625/588 2611/1888/588
f 622/628/602 2611/1888/602 619/625/602
f 642/653/3644 2611/1888/3644 622/628/3644
f 638/648/630 644/654/630 639/649/630
f 632/642/3645 624/630/3645 626/632/3645
f 586/590/3646 630/636/3646 589/591/3646
f 598/603/3647 613/620/3647 601/606/3647
