# Blender 4.3.1
# www.blender.org
mtllib RL_Wheel.mtl
o RL_Wheel
v 0.027500 0.034460 -0.007325
v 0.027500 0.035144 -0.002458
v 0.027500 0.050671 -0.005779
v 0.027500 0.033105 -0.012049
v 0.027500 0.049220 -0.013355
v 0.027500 0.050089 -0.009594
v 0.020000 0.031790 -0.006757
v 0.020000 0.032421 -0.002267
v 0.020000 0.032421 0.002267
v 0.020000 0.000000 0.000000
v 0.020000 -0.032500 0.000000
v 0.020000 -0.014247 0.029211
v 0.020000 0.020009 0.025610
v 0.020000 0.007862 -0.031535
v 0.020000 -0.024896 -0.020891
v 0.020000 -0.018174 0.026944
v 0.020000 0.016250 0.028146
v 0.020000 0.012175 -0.030133
v 0.020000 -0.021747 -0.024152
v 0.020000 -0.021747 0.024152
v 0.020000 0.012175 0.030133
v 0.020000 0.016250 -0.028146
v 0.020000 -0.018174 -0.026944
v 0.020000 -0.024896 0.020891
v 0.020000 0.007862 0.031535
v 0.020000 0.031790 0.006757
v 0.020000 0.020009 -0.025610
v 0.020000 -0.014247 -0.029211
v 0.020000 -0.032184 -0.004523
v 0.020000 -0.027562 0.017222
v 0.020000 0.003397 0.032322
v 0.020000 0.030540 0.011116
v 0.020000 0.023379 -0.022576
v 0.020000 -0.010043 -0.030909
v 0.020000 -0.029690 0.013219
v 0.020000 -0.001134 0.032480
v 0.020000 0.028696 0.015258
v 0.020000 0.026293 -0.019103
v 0.020000 -0.005644 -0.032006
v 0.020000 -0.031241 -0.008958
v 0.020000 -0.031241 0.008958
v 0.020000 -0.005644 0.032006
v 0.020000 0.026293 0.019103
v 0.020000 0.028696 -0.015258
v 0.020000 -0.001134 -0.032480
v 0.020000 -0.029690 -0.013219
v 0.020000 -0.032184 0.004523
v 0.020000 -0.010043 0.030909
v 0.020000 0.023379 0.022576
v 0.020000 0.030540 -0.011116
v 0.020000 0.003397 -0.032322
v 0.020000 -0.027562 -0.017222
v 0.027500 -0.032184 -0.014329
v 0.027500 -0.029876 -0.018669
v 0.027500 -0.026988 -0.022645
v 0.027500 -0.041930 -0.029032
v 0.027500 -0.045829 -0.022376
v 0.027500 -0.044006 -0.025778
v 0.027364 -0.043328 -0.030000
v 0.027364 -0.045472 -0.026637
v 0.027364 -0.047357 -0.023122
v 0.026961 -0.044690 -0.030943
v 0.026961 -0.046902 -0.027475
v 0.026301 -0.045983 -0.031838
v 0.026301 -0.048259 -0.028270
v 0.026961 -0.048846 -0.023849
v 0.026301 -0.050259 -0.024539
v 0.026961 -0.050510 -0.020087
v 0.027364 -0.048970 -0.019474
v 0.027364 -0.050302 -0.015715
v 0.027500 -0.048680 -0.015208
v 0.027500 -0.047390 -0.018846
v 0.027500 -0.033865 -0.009711
v 0.027500 -0.049691 -0.011483
v 0.027500 -0.034887 -0.004903
v 0.027500 -0.050854 -0.003857
v 0.027500 -0.035230 0.000000
v 0.027500 -0.050417 -0.007692
v 0.027364 -0.051347 -0.011866
v 0.027364 -0.052097 -0.007948
v 0.026961 -0.052961 -0.012239
v 0.026961 -0.053735 -0.008198
v 0.027364 -0.052549 -0.003986
v 0.027500 -0.051000 0.000000
v 0.026961 -0.054201 -0.004111
v 0.027364 -0.052700 0.000000
v 0.027500 -0.050854 0.003857
v 0.026961 -0.054357 0.000000
v 0.027364 -0.052549 0.003986
v 0.026961 -0.054201 0.004111
v 0.027364 -0.052097 0.007948
v 0.027500 -0.050417 0.007692
v 0.027500 -0.034887 0.004903
v 0.027500 -0.049691 0.011483
v 0.027500 -0.033865 0.009711
v 0.027500 -0.048680 0.015208
v 0.027364 -0.051347 0.011866
v 0.027364 -0.050302 0.015715
v 0.026961 -0.053735 0.008198
v 0.026961 -0.052961 0.012239
v 0.026301 -0.055290 0.008435
v 0.026301 -0.054493 0.012593
v 0.026961 -0.051884 0.016209
v 0.026301 -0.053385 0.016678
v 0.026961 -0.050510 0.020087
v 0.027364 -0.048970 0.019474
v 0.027500 -0.045829 0.022376
v 0.027500 -0.047390 0.018846
v 0.027364 -0.047357 0.023122
v 0.026961 -0.048846 0.023849
v 0.027364 -0.045472 0.026637
v 0.027500 -0.044006 0.025778
v 0.027500 -0.041930 0.029032
v 0.027500 -0.029876 0.018669
v 0.027500 -0.032184 0.014329
v 0.027500 -0.026988 0.022645
v 0.027500 -0.023573 0.026181
v 0.027500 -0.037072 0.035024
v 0.027500 -0.039614 0.032120
v 0.027364 -0.043328 0.030000
v 0.027364 -0.040935 0.033191
v 0.026961 -0.044690 0.030943
v 0.026961 -0.042222 0.034235
v 0.027364 -0.038307 0.036192
v 0.027500 -0.034316 0.037728
v 0.026961 -0.039512 0.037330
v 0.027364 -0.035460 0.038985
v 0.027364 -0.032410 0.041555
v 0.026961 -0.036575 0.040211
v 0.027500 -0.031365 0.040215
v 0.027500 -0.019700 0.029207
v 0.027500 -0.028234 0.042472
v 0.027500 -0.024941 0.044485
v 0.027364 -0.029175 0.043888
v 0.027364 -0.025772 0.045968
v 0.026961 -0.033430 0.042862
v 0.026961 -0.030092 0.045268
v 0.026301 -0.034396 0.044102
v 0.026301 -0.030963 0.046577
v 0.026961 -0.026583 0.047414
v 0.026961 -0.022921 0.049288
v 0.027364 -0.022222 0.047786
v 0.026301 -0.027351 0.048785
v 0.025399 -0.031764 0.047782
v 0.025399 -0.028059 0.050048
v 0.026301 -0.023583 0.050714
v 0.025399 -0.024194 0.052027
v 0.026301 -0.019680 0.052352
v 0.026961 -0.019127 0.050881
v 0.026961 -0.015224 0.052181
v 0.027364 -0.018544 0.049330
v 0.027364 -0.014760 0.050591
v 0.027500 -0.010541 0.049899
v 0.027500 -0.014284 0.048959
v 0.027364 -0.010892 0.051562
v 0.027500 -0.006737 0.050553
v 0.026961 -0.011234 0.053183
v 0.027364 -0.006961 0.052238
v 0.027364 -0.002990 0.052615
v 0.026961 -0.007180 0.053881
v 0.027500 -0.002894 0.050918
v 0.027500 0.000965 0.050991
v 0.027500 -0.001229 0.035208
v 0.027500 -0.006118 0.034695
v 0.027500 0.003682 0.035037
v 0.027500 0.008523 0.034183
v 0.027500 0.008645 0.050262
v 0.027500 0.004819 0.050772
v 0.027364 0.000997 0.052691
v 0.027364 0.004979 0.052464
v 0.026961 0.005136 0.054114
v 0.027364 0.008933 0.051937
v 0.026961 0.001029 0.054347
v 0.026301 -0.003174 0.055839
v 0.026301 0.001058 0.055919
v 0.026961 -0.003085 0.054269
v 0.026301 -0.007388 0.055439
v 0.026301 -0.011559 0.054722
v 0.025399 -0.011859 0.056138
v 0.025399 -0.007579 0.056874
v 0.024280 -0.012124 0.057397
v 0.024280 -0.007749 0.058149
v 0.025399 -0.003256 0.057284
v 0.025399 0.001086 0.057367
v 0.024280 -0.003329 0.058569
v 0.022970 -0.007893 0.059233
v 0.024280 0.001110 0.058653
v 0.022970 -0.003391 0.059660
v 0.022970 0.001131 0.059746
v 0.021505 -0.003440 0.060530
v 0.021505 -0.004837 0.060435
v 0.021505 -0.008008 0.060097
v -0.021505 -0.004837 0.060435
v -0.021505 -0.003440 0.060530
v 0.020000 -0.006442 0.060285
v -0.020000 -0.006442 0.060285
v -0.020000 -0.008457 0.060035
v -0.020000 -0.006559 0.061229
v 0.020000 -0.006559 0.061229
v 0.020000 -0.008457 0.060035
v 0.020000 -0.008574 0.060980
v -0.020000 -0.008574 0.060980
v -0.021505 -0.011234 0.059578
v 0.021505 -0.011234 0.059578
v 0.022970 -0.012350 0.058466
v 0.021505 -0.012531 0.059319
v 0.020000 -0.013801 0.059036
v -0.020000 -0.013801 0.059036
v 0.020000 -0.014033 0.059959
v 0.020000 -0.015771 0.058541
v 0.021505 -0.016981 0.058201
v 0.022970 -0.016737 0.057365
v 0.021505 -0.017503 0.058047
v 0.022970 -0.021027 0.055935
v 0.021505 -0.021334 0.056751
v -0.021505 -0.017503 0.058047
v 0.020000 -0.020952 0.056893
v -0.020000 -0.020952 0.056893
v -0.020000 -0.022845 0.056159
v -0.021505 -0.021334 0.056751
v -0.020000 -0.021295 0.057780
v 0.020000 -0.021295 0.057780
v 0.020000 -0.022845 0.056159
v 0.020000 -0.023189 0.057047
v -0.020000 -0.023189 0.057047
v -0.021505 -0.023574 0.055857
v 0.021505 -0.023574 0.055857
v 0.022970 -0.025197 0.054184
v 0.021505 -0.025565 0.054975
v 0.021505 -0.029377 0.053035
v 0.020000 -0.027784 0.053887
v -0.021505 -0.025565 0.054975
v -0.020000 -0.029377 0.053035
v -0.020000 -0.027784 0.053887
v -0.021505 -0.029377 0.053035
v -0.022970 -0.025197 0.054184
v -0.022970 -0.021027 0.055935
v -0.024280 -0.024736 0.053193
v -0.022970 -0.029223 0.052123
v -0.024280 -0.028688 0.051170
v -0.025399 -0.031764 0.047782
v -0.024280 -0.032476 0.048854
v -0.025399 -0.028059 0.050048
v -0.026301 -0.027351 0.048785
v -0.026301 -0.030963 0.046577
v -0.025399 -0.024194 0.052027
v -0.026301 -0.023583 0.050714
v -0.024280 -0.020643 0.054912
v -0.025399 -0.020190 0.053707
v -0.025399 -0.016070 0.055081
v -0.024280 -0.016431 0.056316
v -0.026301 -0.019680 0.052352
v -0.026961 -0.019127 0.050881
v -0.026961 -0.022921 0.049288
v -0.026301 -0.015665 0.053691
v -0.026301 -0.011559 0.054722
v -0.026961 -0.015224 0.052181
v -0.025399 -0.011859 0.056138
v -0.024280 -0.007749 0.058149
v -0.024280 -0.012124 0.057397
v -0.025399 -0.007579 0.056874
v -0.026301 -0.007388 0.055439
v -0.025399 -0.003256 0.057284
v -0.024280 -0.003329 0.058569
v -0.022970 -0.003391 0.059660
v -0.024280 0.001110 0.058653
v -0.022970 0.001131 0.059746
v -0.021505 0.001614 0.060607
v -0.021505 0.001147 0.060617
v -0.022970 0.005646 0.059489
v -0.021505 0.005729 0.060357
v -0.022970 0.010129 0.058892
v -0.024280 0.005543 0.058401
v -0.025399 0.005421 0.057120
v -0.024280 0.009944 0.057815
v -0.025399 0.001086 0.057367
v -0.026301 0.001058 0.055919
v -0.026301 -0.003174 0.055839
v -0.026961 -0.003085 0.054269
v -0.026961 -0.007180 0.053881
v -0.027364 -0.006961 0.052238
v -0.026961 -0.011234 0.053183
v -0.027364 -0.010892 0.051562
v -0.027500 -0.010541 0.049899
v -0.027500 -0.014284 0.048959
v -0.027364 -0.014760 0.050591
v -0.027364 -0.018544 0.049330
v -0.027500 -0.017946 0.047738
v -0.027500 -0.021505 0.046244
v -0.027500 -0.015444 0.031664
v -0.027500 -0.010887 0.033505
v -0.027500 -0.006118 0.034695
v -0.020000 -0.010043 0.030909
v -0.020000 -0.005644 0.032006
v -0.020000 -0.001134 0.032480
v -0.020000 0.000000 0.000000
v -0.020000 -0.021747 -0.024152
v -0.020000 0.012175 -0.030133
v -0.020000 0.032421 -0.002267
v -0.020000 0.016250 0.028146
v -0.020000 -0.018174 0.026944
v -0.020000 -0.024896 -0.020891
v -0.020000 0.007862 -0.031535
v -0.020000 0.031790 -0.006757
v -0.020000 0.020009 0.025610
v -0.020000 -0.014247 0.029211
v -0.020000 -0.032184 0.004523
v -0.020000 -0.027562 -0.017222
v -0.020000 0.003397 -0.032322
v -0.020000 0.030540 -0.011116
v -0.020000 0.023379 0.022576
v -0.020000 -0.029690 -0.013219
v -0.020000 -0.001134 -0.032480
v -0.020000 0.028696 -0.015258
v -0.020000 0.026293 0.019103
v -0.020000 -0.031241 0.008958
v -0.020000 -0.031241 -0.008958
v -0.020000 -0.005644 -0.032006
v -0.020000 0.026293 -0.019103
v -0.020000 0.028696 0.015258
v -0.020000 -0.029690 0.013219
v -0.020000 -0.032184 -0.004523
v -0.020000 -0.010043 -0.030909
v -0.020000 0.023379 -0.022576
v -0.020000 0.030540 0.011116
v -0.020000 0.003397 0.032322
v -0.020000 -0.027562 0.017222
v -0.020000 -0.032500 0.000000
v -0.020000 -0.014247 -0.029211
v -0.020000 0.020009 -0.025610
v -0.020000 0.031790 0.006757
v -0.020000 0.007862 0.031535
v -0.020000 -0.024896 0.020891
v -0.020000 -0.018174 -0.026944
v -0.020000 0.016250 -0.028146
v -0.020000 0.032421 0.002267
v -0.020000 0.012175 0.030133
v -0.020000 -0.021747 0.024152
v -0.027500 -0.026988 0.022645
v -0.027500 -0.023573 0.026181
v -0.027500 -0.031365 0.040215
v -0.027500 -0.034316 0.037728
v -0.027500 -0.019700 0.029207
v -0.027500 -0.037072 0.035024
v -0.027364 -0.035460 0.038985
v -0.027364 -0.038307 0.036192
v -0.027500 -0.039614 0.032120
v -0.027364 -0.040935 0.033191
v -0.027500 -0.041930 0.029032
v -0.027364 -0.043328 0.030000
v -0.027500 -0.044006 0.025778
v -0.027500 -0.029876 0.018669
v -0.027500 -0.032184 0.014329
v -0.027500 -0.045829 0.022376
v -0.027364 -0.047357 0.023122
v -0.027500 -0.047390 0.018846
v -0.027364 -0.045472 0.026637
v -0.026961 -0.046902 0.027475
v -0.026961 -0.044690 0.030943
v -0.026301 -0.045983 0.031838
v -0.026301 -0.043443 0.035225
v -0.026961 -0.042222 0.034235
v -0.026961 -0.039512 0.037330
v -0.026301 -0.040655 0.038409
v -0.026301 -0.037633 0.041374
v -0.025399 -0.038607 0.042445
v -0.025399 -0.041707 0.039404
v -0.024280 -0.042642 0.040287
v -0.025399 -0.044568 0.036137
v -0.024280 -0.039473 0.043397
v -0.022970 -0.036750 0.047120
v -0.022970 -0.040209 0.044205
v -0.024280 -0.036078 0.046258
v -0.025399 -0.035287 0.045243
v -0.022970 -0.033081 0.049764
v -0.021505 -0.033564 0.050490
v -0.021505 -0.034848 0.049612
v -0.021505 -0.029649 0.052884
v -0.021505 -0.037286 0.047807
v -0.021505 -0.039924 0.045627
v -0.020000 -0.035853 0.048891
v 0.021505 -0.037286 0.047807
v 0.021505 -0.039924 0.045627
v 0.022970 -0.040209 0.044205
v 0.021505 -0.040795 0.044850
v 0.020000 -0.040089 0.045482
v -0.020000 -0.040089 0.045482
v -0.020000 -0.041589 0.044114
v -0.021505 -0.040795 0.044850
v -0.020000 -0.040730 0.046186
v 0.020000 -0.040730 0.046186
v 0.020000 -0.042231 0.044818
v 0.020000 -0.041589 0.044114
v -0.020000 -0.042231 0.044818
v 0.021505 -0.044070 0.041636
v 0.022970 -0.043436 0.041038
v 0.021505 -0.044548 0.041125
v -0.021505 -0.044070 0.041636
v -0.021505 -0.044548 0.041125
v -0.022970 -0.043436 0.041038
v -0.022970 -0.046416 0.037635
v -0.024280 -0.045567 0.036947
v -0.024280 -0.048231 0.033395
v -0.025399 -0.047173 0.032663
v -0.025399 -0.049508 0.029001
v -0.026301 -0.048259 0.028270
v -0.026961 -0.048846 0.023849
v -0.026301 -0.050259 0.024539
v -0.026961 -0.050510 0.020087
v -0.026301 -0.051970 0.020668
v -0.025399 -0.051559 0.025174
v -0.025399 -0.053316 0.021203
v -0.024280 -0.052716 0.025739
v -0.024280 -0.050618 0.029652
v -0.022970 -0.049129 0.034017
v -0.022970 -0.051561 0.030204
v -0.021505 -0.052313 0.030645
v -0.021505 -0.052234 0.030779
v -0.022970 -0.053698 0.026218
v -0.024280 -0.054511 0.021678
v -0.022970 -0.055527 0.022082
v -0.021505 -0.054481 0.026600
v -0.021505 -0.056337 0.022404
v -0.021505 -0.055210 0.025052
v 0.021505 -0.055210 0.025052
v -0.020000 -0.054717 0.026112
v 0.020000 -0.054717 0.026112
v 0.020000 -0.056836 0.021105
v -0.020000 -0.056836 0.021105
v -0.020000 -0.057511 0.019190
v -0.020000 -0.057734 0.021421
v 0.020000 -0.057734 0.021421
v 0.020000 -0.058409 0.019506
v -0.020000 -0.058409 0.019506
v 0.020000 -0.057511 0.019190
v 0.021505 -0.057560 0.019042
v -0.021505 -0.057560 0.019042
v -0.021505 -0.057870 0.018079
v -0.022970 -0.057038 0.017819
v 0.021505 -0.057870 0.018079
v 0.022970 -0.057038 0.017819
v 0.021505 -0.059071 0.013651
v 0.020000 -0.058999 0.013960
v 0.020000 -0.059258 0.012816
v -0.020000 -0.058999 0.013960
v 0.020000 -0.059929 0.014164
v 0.020000 -0.060363 0.012180
v -0.020000 -0.060363 0.012180
v -0.020000 -0.059929 0.014164
v 0.020000 -0.059433 0.011977
v -0.020000 -0.059433 0.011977
v -0.020000 -0.059258 0.012816
v -0.021505 -0.059071 0.013651
v -0.021505 -0.059258 0.012816
v -0.021505 -0.059935 0.009144
v -0.022970 -0.058222 0.013455
v -0.022970 -0.059073 0.009013
v -0.024280 -0.057992 0.008848
v -0.022970 -0.059585 0.004519
v -0.024280 -0.058495 0.004437
v -0.021505 -0.060285 0.006444
v -0.021505 -0.060454 0.004585
v -0.020000 -0.060285 0.006444
v -0.020000 -0.060267 0.006604
v -0.020000 -0.060455 0.004582
v -0.020000 -0.061402 0.004670
v -0.020000 -0.061215 0.006692
v 0.020000 -0.061215 0.006692
v 0.020000 -0.061402 0.004670
v 0.020000 -0.060267 0.006604
v 0.020000 -0.060285 0.006444
v 0.020000 -0.060455 0.004582
v -0.021505 -0.060628 0.000000
v 0.021505 -0.060454 0.004585
v 0.021505 -0.060628 0.000000
v 0.022970 -0.059585 0.004519
v 0.022970 -0.059756 0.000000
v 0.021505 -0.060454 -0.004585
v -0.020000 -0.060622 -0.000852
v 0.020000 -0.060622 -0.000852
v 0.020000 -0.060560 -0.002882
v 0.020000 -0.061573 -0.000881
v 0.020000 -0.061511 -0.002911
v -0.020000 -0.061511 -0.002911
v -0.020000 -0.061573 -0.000881
v -0.020000 -0.060560 -0.002882
v -0.021505 -0.060454 -0.004585
v 0.021505 -0.060285 -0.006444
v -0.021505 -0.060285 -0.006444
v -0.022970 -0.059585 -0.004519
v -0.022970 -0.059756 0.000000
v -0.021505 -0.059935 -0.009144
v -0.022970 -0.059073 -0.009013
v -0.024280 -0.058495 -0.004437
v -0.024280 -0.057992 -0.008848
v -0.025399 -0.056721 -0.008654
v -0.024280 -0.057157 -0.013208
v -0.025399 -0.055904 -0.012919
v -0.026301 -0.054493 -0.012593
v -0.026300 -0.053385 -0.016678
v -0.025399 -0.054767 -0.017110
v -0.024280 -0.055995 -0.017493
v -0.025399 -0.053316 -0.021203
v -0.026300 -0.051970 -0.020668
v -0.026961 -0.050510 -0.020087
v -0.026300 -0.050259 -0.024539
v -0.026961 -0.048846 -0.023849
v -0.027364 -0.047357 -0.023122
v -0.027364 -0.045472 -0.026637
v -0.026961 -0.046902 -0.027475
v -0.027364 -0.043328 -0.030000
v -0.026961 -0.044690 -0.030943
v -0.026300 -0.048259 -0.028270
v -0.025399 -0.051559 -0.025174
v -0.025399 -0.049508 -0.029001
v -0.026300 -0.045983 -0.031838
v -0.026961 -0.042222 -0.034235
v -0.026301 -0.043443 -0.035225
v -0.025399 -0.047173 -0.032663
v -0.025399 -0.044568 -0.036137
v -0.024280 -0.048231 -0.033395
v -0.024280 -0.050618 -0.029652
v -0.022970 -0.051561 -0.030204
v -0.022970 -0.053698 -0.026218
v -0.024280 -0.052716 -0.025739
v -0.024280 -0.054511 -0.021678
v -0.022970 -0.055527 -0.022082
v -0.022970 -0.057038 -0.017819
v -0.021505 -0.056337 -0.022404
v -0.021505 -0.055210 -0.025052
v -0.021505 -0.057560 -0.019042
v 0.021505 -0.057560 -0.019042
v 0.020000 -0.058027 -0.017566
v -0.020000 -0.058027 -0.017566
v -0.021505 -0.057870 -0.018079
v -0.020000 -0.056221 -0.022694
v -0.020000 -0.055429 -0.024564
v 0.020000 -0.056221 -0.022694
v -0.020000 -0.057097 -0.023065
v 0.020000 -0.057097 -0.023065
v 0.020000 -0.056306 -0.024935
v 0.020000 -0.055429 -0.024564
v -0.020000 -0.056306 -0.024935
v 0.021505 -0.056337 -0.022404
v 0.021505 -0.055210 -0.025052
v 0.022970 -0.053698 -0.026218
v 0.021505 -0.054481 -0.026601
v 0.021505 -0.052313 -0.030645
v 0.020000 -0.053006 -0.029430
v -0.021505 -0.054481 -0.026601
v -0.020000 -0.053006 -0.029430
v -0.021505 -0.052313 -0.030645
v -0.020000 -0.052234 -0.030779
v -0.021505 -0.052234 -0.030779
v -0.020000 -0.051990 -0.031189
v -0.020000 -0.052815 -0.031665
v 0.020000 -0.052815 -0.031665
v 0.020000 -0.051990 -0.031189
v -0.020000 -0.053830 -0.029906
v 0.020000 -0.053830 -0.029906
v 0.020000 -0.052234 -0.030779
v 0.021505 -0.052234 -0.030779
v 0.021505 -0.049846 -0.034513
v 0.022970 -0.049129 -0.034017
v 0.021505 -0.048667 -0.036157
v 0.020000 -0.048987 -0.035721
v 0.020000 -0.048667 -0.036157
v -0.020000 -0.048987 -0.035721
v 0.020000 -0.049747 -0.036295
v 0.020000 -0.048523 -0.037915
v -0.020000 -0.048523 -0.037915
v -0.020000 -0.049747 -0.036295
v 0.020000 -0.047764 -0.037342
v -0.020000 -0.047764 -0.037342
v 0.021505 -0.047093 -0.038184
v 0.021505 -0.044548 -0.041125
v 0.022970 -0.046416 -0.037635
v 0.022970 -0.043436 -0.041038
v 0.021505 -0.044070 -0.041636
v -0.021505 -0.044548 -0.041125
v 0.020000 -0.044226 -0.041470
v -0.020000 -0.044226 -0.041470
v -0.020000 -0.042813 -0.042928
v -0.021505 -0.044070 -0.041636
v -0.020000 -0.044910 -0.042133
v 0.020000 -0.044910 -0.042133
v 0.020000 -0.043496 -0.043591
v -0.020000 -0.043496 -0.043591
v 0.020000 -0.042813 -0.042928
v 0.021505 -0.040795 -0.044850
v 0.022970 -0.040209 -0.044205
v 0.021505 -0.039924 -0.045627
v -0.021505 -0.040795 -0.044850
v -0.021505 -0.039924 -0.045627
v -0.022970 -0.040209 -0.044205
v -0.024280 -0.039473 -0.043397
v -0.024280 -0.036078 -0.046258
v -0.022970 -0.043436 -0.041038
v -0.022970 -0.036750 -0.047120
v -0.021505 -0.037286 -0.047807
v -0.020000 -0.037213 -0.047864
v -0.021505 -0.034848 -0.049612
v 0.020000 -0.037213 -0.047864
v -0.020000 -0.032775 -0.051005
v -0.021505 -0.033564 -0.050490
v -0.022970 -0.033081 -0.049764
v 0.021505 -0.034848 -0.049612
v 0.021505 -0.037286 -0.047807
v 0.022970 -0.033081 -0.049764
v 0.021505 -0.033564 -0.050490
v 0.020000 -0.032775 -0.051005
v 0.021505 -0.029649 -0.052884
v 0.020000 -0.031049 -0.052074
v 0.020000 -0.033276 -0.051815
v 0.020000 -0.031550 -0.052883
v -0.020000 -0.031550 -0.052883
v -0.020000 -0.033276 -0.051815
v -0.020000 -0.031049 -0.052074
v -0.021505 -0.029649 -0.052884
v 0.021505 -0.029377 -0.053035
v -0.021505 -0.029377 -0.053035
v -0.022970 -0.029223 -0.052123
v -0.024280 -0.028688 -0.051170
v -0.022970 -0.025197 -0.054184
v -0.024280 -0.024736 -0.053193
v -0.025399 -0.024194 -0.052027
v -0.025399 -0.020190 -0.053707
v -0.024280 -0.020643 -0.054912
v -0.022970 -0.021027 -0.055935
v -0.024280 -0.016431 -0.056316
v -0.025399 -0.016070 -0.055081
v -0.025399 -0.011859 -0.056138
v -0.026301 -0.015665 -0.053691
v -0.026301 -0.011559 -0.054722
v -0.026961 -0.011234 -0.053183
v -0.026961 -0.007180 -0.053881
v -0.026301 -0.007388 -0.055439
v -0.025399 -0.007579 -0.056874
v -0.026301 -0.003174 -0.055839
v -0.026961 -0.003085 -0.054269
v -0.027364 -0.002990 -0.052615
v -0.027364 0.000997 -0.052691
v -0.026961 0.001029 -0.054347
v -0.026301 0.001058 -0.055919
v -0.026961 0.005136 -0.054114
v -0.027364 0.004979 -0.052464
v -0.027500 0.004819 -0.050772
v -0.027364 0.008933 -0.051937
v -0.027500 0.008645 -0.050262
v -0.027500 0.012421 -0.049464
v -0.027500 0.008523 -0.034183
v -0.027500 0.003682 -0.035037
v -0.027500 -0.001229 -0.035208
v -0.027500 0.000965 -0.050991
v -0.027500 -0.002894 -0.050918
v -0.027500 -0.006737 -0.050553
v -0.027364 -0.006961 -0.052238
v -0.027364 -0.010892 -0.051562
v -0.027500 -0.010541 -0.049899
v -0.027364 -0.014760 -0.050591
v -0.026961 -0.015224 -0.052182
v -0.026961 -0.019127 -0.050881
v -0.026301 -0.019680 -0.052352
v -0.026301 -0.023583 -0.050714
v -0.025399 -0.028059 -0.050048
v -0.026301 -0.027351 -0.048785
v -0.026961 -0.022921 -0.049288
v -0.027364 -0.022222 -0.047786
v -0.027364 -0.018544 -0.049330
v -0.026961 -0.026583 -0.047414
v -0.027364 -0.025772 -0.045968
v -0.026301 -0.030963 -0.046577
v -0.026961 -0.030092 -0.045268
v -0.026961 -0.033430 -0.042862
v -0.026301 -0.034396 -0.044102
v -0.027364 -0.029175 -0.043888
v -0.027364 -0.032410 -0.041555
v -0.027500 -0.028234 -0.042472
v -0.027500 -0.024941 -0.044486
v -0.027500 -0.019700 -0.029207
v -0.027500 -0.015444 -0.031664
v -0.027500 -0.021505 -0.046244
v -0.027500 -0.017946 -0.047738
v -0.027500 -0.014284 -0.048959
v -0.027500 -0.010887 -0.033506
v -0.027500 -0.006118 -0.034695
v -0.027500 -0.023573 -0.026181
v -0.027500 -0.031365 -0.040215
v -0.027500 -0.034316 -0.037728
v -0.027364 -0.035460 -0.038985
v -0.026961 -0.036575 -0.040211
v -0.027364 -0.038307 -0.036192
v -0.026961 -0.039512 -0.037330
v -0.026301 -0.040655 -0.038410
v -0.026301 -0.037633 -0.041374
v -0.025399 -0.041707 -0.039404
v -0.024280 -0.042642 -0.040287
v -0.024280 -0.045567 -0.036947
v -0.025399 -0.038607 -0.042445
v -0.025399 -0.035287 -0.045243
v -0.025399 -0.031764 -0.047783
v -0.024280 -0.032476 -0.048854
v -0.022970 -0.049129 -0.034017
v -0.022970 -0.046416 -0.037635
v -0.021505 -0.047093 -0.038184
v -0.021505 -0.048667 -0.036157
v -0.021505 -0.049846 -0.034513
v -0.020000 -0.048667 -0.036157
v -0.027500 -0.037072 -0.035024
v -0.027364 -0.040935 -0.033191
v -0.027500 -0.039614 -0.032120
v -0.027500 -0.041930 -0.029032
v -0.027500 -0.026988 -0.022645
v -0.027500 -0.029876 -0.018669
v -0.027500 -0.044006 -0.025778
v -0.027500 -0.032184 -0.014329
v -0.027500 -0.033865 -0.009711
v -0.027500 -0.045829 -0.022376
v -0.027500 -0.047390 -0.018846
v -0.027500 -0.048680 -0.015208
v -0.027364 -0.050302 -0.015715
v -0.027364 -0.048970 -0.019474
v -0.026961 -0.051884 -0.016209
v -0.026961 -0.052961 -0.012239
v -0.026961 -0.053735 -0.008198
v -0.026301 -0.055290 -0.008436
v -0.027364 -0.051347 -0.011866
v -0.027500 -0.049691 -0.011483
v -0.027364 -0.052097 -0.007948
v -0.027500 -0.050417 -0.007692
v -0.027364 -0.052549 -0.003986
v -0.026961 -0.054201 -0.004111
v -0.026301 -0.055769 -0.004230
v -0.026961 -0.054357 0.000000
v -0.026301 -0.055929 0.000000
v -0.025399 -0.057377 0.000000
v -0.026301 -0.055769 0.004230
v -0.025399 -0.057213 0.004339
v -0.025399 -0.056721 0.008654
v -0.025399 -0.055904 0.012919
v -0.024280 -0.057157 0.013208
v -0.026301 -0.055290 0.008435
v -0.026961 -0.053735 0.008198
v -0.026961 -0.054201 0.004111
v -0.026301 -0.054493 0.012593
v -0.026301 -0.053385 0.016678
v -0.026961 -0.052961 0.012239
v -0.025399 -0.054767 0.017110
v -0.024280 -0.055995 0.017493
v -0.026961 -0.051884 0.016209
v -0.027364 -0.051347 0.011866
v -0.027364 -0.052097 0.007948
v -0.027500 -0.050417 0.007692
v -0.027364 -0.052549 0.003986
v -0.027500 -0.050854 0.003857
v -0.027500 -0.051000 0.000000
v -0.027500 -0.035230 0.000000
v -0.027500 -0.034887 0.004903
v -0.027500 -0.049691 0.011483
v -0.027500 -0.033865 0.009711
v -0.027500 -0.048680 0.015208
v -0.027364 -0.050302 0.015715
v -0.027364 -0.048970 0.019474
v -0.027500 -0.034887 -0.004903
v -0.027500 -0.050854 -0.003857
v -0.027364 -0.052700 0.000000
v -0.024280 -0.058663 0.000000
v -0.025399 -0.057213 -0.004339
v -0.027500 0.016127 -0.048383
v -0.027500 0.013197 -0.032664
v -0.027500 0.017615 -0.030510
v -0.027500 0.023239 -0.045397
v -0.027500 0.019740 -0.047025
v -0.027364 0.016664 -0.049996
v -0.027364 0.020398 -0.048593
v -0.026961 0.017188 -0.051568
v -0.026961 0.021039 -0.050120
v -0.027364 0.024014 -0.046911
v -0.026961 0.024769 -0.048386
v -0.027500 0.026606 -0.043510
v -0.027364 0.027493 -0.044960
v -0.026961 0.028358 -0.046374
v -0.027364 0.030815 -0.042752
v -0.027500 0.029821 -0.041373
v -0.027500 0.032864 -0.038999
v -0.027500 0.021690 -0.027761
v -0.027500 0.025342 -0.024473
v -0.027500 0.035720 -0.036402
v -0.027500 0.038370 -0.033596
v -0.027364 0.036910 -0.037616
v -0.027364 0.033960 -0.040299
v -0.026961 0.035027 -0.041566
v -0.026961 0.031784 -0.044096
v -0.026301 0.029178 -0.047715
v -0.026301 0.032703 -0.045372
v -0.025399 0.029933 -0.048950
v -0.025399 0.033549 -0.046546
v -0.026301 0.036041 -0.042769
v -0.025399 0.036974 -0.043876
v -0.026301 0.039172 -0.039920
v -0.026961 0.038071 -0.038798
v -0.027364 0.039649 -0.034716
v -0.026961 0.040896 -0.035808
v -0.027364 0.042161 -0.031618
v -0.026961 0.043487 -0.032612
v -0.026301 0.042079 -0.036844
v -0.026301 0.044745 -0.033556
v -0.025399 0.043168 -0.037797
v -0.025399 0.040186 -0.040954
v -0.024280 0.041087 -0.041872
v -0.024280 0.037803 -0.044859
v -0.024280 0.034302 -0.047590
v -0.022970 0.038507 -0.045695
v -0.022970 0.034941 -0.048477
v -0.021505 0.035450 -0.049184
v -0.021505 0.032158 -0.051396
v -0.022970 0.031174 -0.050980
v -0.021505 0.037439 -0.047687
v -0.020000 0.037439 -0.047687
v -0.021505 0.039069 -0.046362
v -0.020000 0.038795 -0.046591
v -0.021505 0.042296 -0.043437
v -0.020000 0.042813 -0.042928
v -0.021505 0.042463 -0.043274
v -0.022970 0.041852 -0.042652
v 0.020000 0.038795 -0.046591
v 0.021505 0.042296 -0.043437
v 0.022970 0.038507 -0.045695
v 0.021505 0.039069 -0.046362
v 0.022970 0.041852 -0.042652
v 0.021505 0.042463 -0.043274
v 0.020000 0.042813 -0.042928
v 0.021505 0.045614 -0.039939
v 0.020000 0.044226 -0.041470
v 0.020000 0.043496 -0.043591
v 0.020000 0.044910 -0.042133
v -0.020000 0.044910 -0.042133
v -0.020000 0.043496 -0.043591
v -0.020000 0.044226 -0.041470
v -0.021505 0.045614 -0.039939
v -0.021505 0.046673 -0.038695
v -0.022970 0.044958 -0.039365
v 0.021505 0.046673 -0.038695
v 0.022970 0.044958 -0.039365
v 0.022970 0.047807 -0.035852
v 0.021505 0.048504 -0.036375
v -0.020000 0.047764 -0.037342
v 0.020000 0.047764 -0.037342
v 0.020000 0.048523 -0.037915
v 0.020000 0.048987 -0.035721
v 0.021505 0.050522 -0.033515
v -0.021505 0.050522 -0.033515
v -0.020000 0.048987 -0.035721
v 0.020000 0.049747 -0.036295
v -0.020000 0.049747 -0.036295
v -0.020000 0.048523 -0.037915
v -0.021505 0.048504 -0.036375
v -0.022970 0.047807 -0.035852
v -0.024280 0.046932 -0.035196
v -0.022970 0.050381 -0.032134
v -0.024280 0.049460 -0.031546
v -0.025399 0.048375 -0.030854
v -0.025399 0.050570 -0.027107
v -0.024280 0.051704 -0.027715
v -0.022970 0.052667 -0.028231
v -0.024280 0.053652 -0.023725
v -0.025399 0.052475 -0.023205
v -0.026301 0.051151 -0.022620
v -0.025399 0.054080 -0.019170
v -0.026301 0.052715 -0.018686
v -0.026961 0.051234 -0.018161
v -0.026301 0.053978 -0.014646
v -0.026961 0.052460 -0.014234
v -0.027364 0.051759 -0.009914
v -0.027364 0.050861 -0.013800
v -0.026961 0.053387 -0.010226
v -0.027364 0.052361 -0.005971
v -0.026961 0.054007 -0.006159
v -0.026301 0.054931 -0.010522
v -0.026301 0.055569 -0.006337
v -0.025399 0.056353 -0.010794
v -0.025399 0.055375 -0.015025
v -0.024280 0.056616 -0.015362
v -0.024280 0.055292 -0.019600
v -0.022970 0.056322 -0.019965
v -0.022970 0.054651 -0.024167
v -0.021505 0.055448 -0.024520
v -0.021505 0.053798 -0.027955
v -0.021505 0.056465 -0.022078
v 0.021505 0.056465 -0.022078
v 0.021505 0.057144 -0.020256
v -0.020000 0.056221 -0.022694
v 0.020000 0.056221 -0.022694
v -0.021505 0.057144 -0.020256
v -0.020000 0.058492 -0.015951
v -0.020000 0.058028 -0.017566
v -0.021505 0.058492 -0.015951
v 0.020000 0.058028 -0.017566
v 0.020000 0.058492 -0.015951
v 0.020000 0.058943 -0.017826
v 0.021505 0.058492 -0.015951
v 0.022970 0.057671 -0.015648
v 0.021505 0.058512 -0.015876
v 0.022970 0.056322 -0.019965
v 0.022970 0.054651 -0.024167
v 0.021505 0.055448 -0.024520
v 0.024280 0.055292 -0.019600
v 0.024280 0.053652 -0.023725
v 0.024280 0.051704 -0.027715
v 0.025399 0.052475 -0.023205
v 0.025399 0.050570 -0.027107
v 0.025399 0.048375 -0.030854
v 0.026301 0.049294 -0.026423
v 0.026301 0.047155 -0.030076
v 0.026301 0.044745 -0.033556
v 0.026961 0.045829 -0.029230
v 0.026961 0.043487 -0.032612
v 0.026961 0.040896 -0.035808
v 0.027364 0.042161 -0.031618
v 0.027364 0.039649 -0.034716
v 0.027364 0.036910 -0.037616
v 0.027500 0.035720 -0.036402
v 0.027500 0.038370 -0.033596
v 0.027500 0.028501 -0.020708
v 0.027500 0.025342 -0.024473
v 0.027500 0.040801 -0.030598
v 0.027500 0.042999 -0.027425
v 0.027364 0.044432 -0.028339
v 0.026961 0.047908 -0.025680
v 0.027364 0.046448 -0.024898
v 0.026961 0.049713 -0.021984
v 0.027500 0.044949 -0.024094
v 0.027364 0.048198 -0.021313
v 0.026961 0.051234 -0.018161
v 0.027500 0.046643 -0.020626
v 0.027364 0.049672 -0.017607
v 0.027364 0.050861 -0.013800
v 0.027500 0.048069 -0.017039
v 0.026961 0.052460 -0.014234
v 0.026301 0.054931 -0.010522
v 0.026301 0.053978 -0.014646
v 0.026961 0.053387 -0.010226
v 0.026301 0.055569 -0.006337
v 0.026961 0.054007 -0.006159
v 0.027364 0.051759 -0.009914
v 0.027364 0.052361 -0.005971
v 0.026961 0.054318 -0.002057
v 0.027364 0.052662 -0.001994
v 0.026961 0.054318 0.002057
v 0.027500 0.050963 -0.001930
v 0.027364 0.052662 0.001994
v 0.026961 0.054007 0.006159
v 0.027364 0.052361 0.005971
v 0.027500 0.050963 0.001930
v 0.027500 0.035144 0.002458
v 0.027500 0.050671 0.005779
v 0.027500 0.034460 0.007325
v 0.027500 0.050089 0.009594
v 0.027364 0.051759 0.009914
v 0.026961 0.052460 0.014234
v 0.026961 0.053387 0.010226
v 0.027364 0.050861 0.013800
v 0.027364 0.049672 0.017607
v 0.027500 0.049220 0.013355
v 0.026961 0.051234 0.018161
v 0.026301 0.051151 0.022620
v 0.026301 0.052715 0.018686
v 0.026961 0.049713 0.021984
v 0.026301 0.049294 0.026423
v 0.026961 0.047908 0.025680
v 0.027364 0.048198 0.021313
v 0.027364 0.046448 0.024898
v 0.027500 0.046643 0.020626
v 0.027500 0.048069 0.017039
v 0.027500 0.033105 0.012049
v 0.027500 0.031106 0.016539
v 0.027500 0.028501 0.020708
v 0.027500 0.042999 0.027425
v 0.027500 0.044949 0.024094
v 0.027364 0.044432 0.028339
v 0.026961 0.043487 0.032612
v 0.026961 0.045829 0.029230
v 0.027364 0.042161 0.031618
v 0.027500 0.040801 0.030598
v 0.026961 0.040896 0.035808
v 0.027364 0.039649 0.034716
v 0.026961 0.038071 0.038798
v 0.027500 0.038370 0.033596
v 0.027364 0.036910 0.037615
v 0.026961 0.035027 0.041566
v 0.027364 0.033960 0.040299
v 0.027500 0.035720 0.036402
v 0.027500 0.025342 0.024473
v 0.027500 0.021690 0.027761
v 0.027500 0.032864 0.038999
v 0.027500 0.029821 0.041373
v 0.027364 0.030815 0.042752
v 0.027364 0.027493 0.044960
v 0.026961 0.028358 0.046374
v 0.026961 0.031784 0.044096
v 0.026301 0.029178 0.047715
v 0.026301 0.032703 0.045372
v 0.025399 0.029933 0.048950
v 0.025399 0.033549 0.046546
v 0.026301 0.036041 0.042769
v 0.025399 0.036974 0.043876
v 0.026301 0.039172 0.039920
v 0.025399 0.040186 0.040954
v 0.026301 0.042079 0.036844
v 0.025399 0.043168 0.037797
v 0.026301 0.044745 0.033556
v 0.026301 0.047155 0.030076
v 0.025399 0.045903 0.034424
v 0.024280 0.044136 0.038645
v 0.024280 0.046932 0.035196
v 0.025399 0.048375 0.030854
v 0.024280 0.049460 0.031546
v 0.025399 0.050570 0.027107
v 0.024280 0.051704 0.027715
v 0.025399 0.052475 0.023205
v 0.025399 0.054080 0.019170
v 0.024280 0.053652 0.023725
v 0.022970 0.054651 0.024167
v 0.024280 0.055292 0.019600
v 0.022970 0.052667 0.028231
v 0.021505 0.053798 0.027955
v 0.021505 0.053435 0.028643
v 0.021505 0.051116 0.032602
v 0.022970 0.050381 0.032134
v 0.021505 0.050522 0.033515
v 0.022970 0.047807 0.035852
v 0.021505 0.048504 0.036375
v 0.022970 0.044958 0.039365
v 0.021505 0.046673 0.038695
v 0.021505 0.045614 0.039939
v 0.021505 0.042463 0.043274
v 0.022970 0.041852 0.042652
v 0.021505 0.042296 0.043437
v 0.022970 0.038507 0.045695
v 0.024280 0.041087 0.041872
v 0.024280 0.037803 0.044859
v 0.022970 0.034941 0.048476
v 0.024280 0.034302 0.047590
v 0.022970 0.031174 0.050980
v 0.024280 0.030604 0.050048
v 0.022970 0.027229 0.053192
v 0.024280 0.026732 0.052219
v 0.024280 0.022706 0.054091
v 0.025399 0.026145 0.051074
v 0.022970 0.023129 0.055099
v 0.021505 0.026513 0.054524
v 0.021505 0.023466 0.055903
v 0.022970 0.018895 0.056690
v 0.021505 0.020567 0.057033
v 0.021505 0.019171 0.057517
v 0.021505 0.014766 0.058802
v 0.022970 0.014554 0.057957
v 0.024280 0.018550 0.055653
v 0.024280 0.014288 0.056897
v 0.025399 0.018143 0.054433
v 0.025399 0.022208 0.052905
v 0.026301 0.021647 0.051570
v 0.026301 0.025486 0.049785
v 0.026961 0.024769 0.048386
v 0.026961 0.021039 0.050120
v 0.027364 0.024014 0.046911
v 0.027500 0.026606 0.043510
v 0.027364 0.020398 0.048592
v 0.027500 0.023239 0.045397
v 0.027500 0.013197 0.032664
v 0.027500 0.017615 0.030510
v 0.027500 0.019740 0.047025
v 0.027364 0.016664 0.049996
v 0.027500 0.016127 0.048383
v 0.027500 0.012421 0.049464
v 0.027364 0.012835 0.051113
v 0.026961 0.009214 0.053570
v 0.026961 0.013239 0.052720
v 0.026961 0.017188 0.051568
v 0.026301 0.009480 0.055120
v 0.026301 0.013622 0.054245
v 0.025399 0.009726 0.056547
v 0.025399 0.013974 0.055649
v 0.026301 0.017685 0.053060
v 0.024280 0.009944 0.057815
v 0.022970 0.005646 0.059489
v 0.022970 0.010129 0.058892
v 0.024280 0.005543 0.058401
v 0.025399 0.005421 0.057120
v 0.026301 0.005285 0.055679
v 0.021505 0.014389 0.058896
v 0.021505 0.010277 0.059751
v 0.021505 0.008047 0.060092
v 0.021505 0.005729 0.060357
v 0.020000 0.008047 0.060092
v 0.020000 0.008457 0.060035
v -0.020000 0.008457 0.060035
v -0.020000 0.013801 0.059036
v 0.020000 0.013801 0.059036
v 0.020000 0.008574 0.060980
v 0.020000 0.006559 0.061229
v -0.020000 0.006559 0.061229
v -0.020000 0.008574 0.060980
v 0.020000 0.006442 0.060285
v 0.021505 0.001614 0.060607
v -0.020000 0.006442 0.060285
v -0.021505 0.008047 0.060092
v -0.020000 0.008047 0.060092
v -0.021505 0.010277 0.059751
v -0.021505 0.014389 0.058896
v -0.020000 0.014389 0.058896
v -0.021505 0.014766 0.058802
v -0.022970 0.014554 0.057957
v -0.022970 0.018895 0.056690
v -0.024280 0.014288 0.056897
v -0.021505 0.019171 0.057517
v -0.021505 0.020567 0.057033
v -0.020000 0.015770 0.058541
v 0.020000 0.015770 0.058541
v 0.020000 0.016003 0.059464
v 0.020000 0.014389 0.058896
v 0.020000 0.014033 0.059959
v -0.020000 0.014033 0.059959
v -0.020000 0.016003 0.059464
v -0.020000 0.020952 0.056893
v -0.021505 0.023466 0.055903
v 0.020000 0.020952 0.056893
v -0.022970 0.023129 0.055099
v -0.022970 0.027229 0.053192
v -0.024280 0.022706 0.054091
v -0.024280 0.018550 0.055653
v -0.025399 0.018143 0.054433
v -0.025399 0.013974 0.055649
v -0.025399 0.009726 0.056547
v -0.026301 0.013622 0.054245
v -0.026301 0.009480 0.055120
v -0.026961 0.009214 0.053570
v -0.026961 0.005136 0.054114
v -0.026301 0.005285 0.055679
v -0.026961 0.001029 0.054347
v -0.027364 0.000997 0.052691
v -0.027364 -0.002990 0.052615
v -0.027500 -0.002894 0.050918
v -0.027500 -0.006737 0.050553
v -0.027500 -0.001229 0.035208
v -0.027500 0.000965 0.050991
v -0.027500 0.003682 0.035037
v -0.027500 0.008645 0.050262
v -0.027500 0.004819 0.050772
v -0.027500 0.008523 0.034183
v -0.027500 0.012421 0.049464
v -0.027500 0.013197 0.032664
v -0.027500 0.016127 0.048383
v -0.027500 0.019740 0.047025
v -0.027364 0.016664 0.049996
v -0.027364 0.020398 0.048592
v -0.027364 0.024014 0.046911
v -0.026961 0.024769 0.048386
v -0.026961 0.021039 0.050120
v -0.026301 0.025486 0.049785
v -0.026301 0.021647 0.051570
v -0.026961 0.017188 0.051568
v -0.026301 0.017685 0.053059
v -0.027364 0.012835 0.051113
v -0.026961 0.013239 0.052720
v -0.027364 0.008933 0.051937
v -0.027364 0.004979 0.052464
v -0.025399 0.022208 0.052905
v -0.025399 0.026145 0.051074
v -0.024280 0.026732 0.052219
v -0.024280 0.030604 0.050048
v -0.022970 0.031174 0.050980
v -0.022970 0.034941 0.048476
v -0.021505 0.031629 0.051724
v -0.021505 0.032158 0.051396
v -0.021505 0.035450 0.049184
v 0.021505 0.032158 0.051396
v -0.020000 0.034196 0.050064
v 0.020000 0.034196 0.050064
v 0.021505 0.031629 0.051724
v 0.021505 0.027627 0.053968
v 0.020000 0.029573 0.052926
v -0.020000 0.029573 0.052926
v 0.020000 0.030023 0.053765
v 0.020000 0.027784 0.053887
v -0.021505 0.026513 0.054524
v -0.020000 0.027784 0.053887
v 0.020000 0.028234 0.054725
v -0.020000 0.028234 0.054725
v -0.020000 0.030023 0.053765
v -0.021505 0.027627 0.053968
v 0.020000 0.022845 0.056159
v -0.020000 0.022845 0.056159
v -0.020000 0.023189 0.057047
v 0.020000 0.023189 0.057047
v 0.020000 0.021295 0.057780
v -0.020000 0.021295 0.057780
v 0.020000 0.035853 0.048891
v 0.020000 0.034746 0.050841
v -0.020000 0.034746 0.050841
v 0.020000 0.036403 0.049668
v -0.020000 0.036403 0.049668
v -0.020000 0.035853 0.048891
v -0.021505 0.037439 0.047687
v 0.021505 0.037439 0.047687
v 0.021505 0.039069 0.046362
v 0.021505 0.035450 0.049184
v -0.020000 0.040089 0.045482
v 0.020000 0.040089 0.045482
v 0.020000 0.041589 0.044114
v 0.020000 0.040730 0.046186
v -0.020000 0.040730 0.046186
v 0.020000 0.042231 0.044818
v -0.020000 0.042231 0.044818
v -0.020000 0.041589 0.044114
v -0.021505 0.042296 0.043437
v -0.021505 0.039069 0.046362
v -0.022970 0.041852 0.042652
v -0.022970 0.038507 0.045695
v -0.021505 0.042463 0.043274
v -0.020000 0.045374 0.040211
v -0.021505 0.045614 0.039939
v -0.020000 0.046673 0.038695
v -0.021505 0.046673 0.038695
v -0.022970 0.044958 0.039365
v -0.022970 0.047807 0.035852
v -0.024280 0.044136 0.038645
v -0.024280 0.041087 0.041872
v -0.025399 0.040186 0.040954
v -0.024280 0.037803 0.044859
v -0.025399 0.036974 0.043876
v -0.026301 0.036041 0.042769
v -0.026301 0.032703 0.045372
v -0.025399 0.033549 0.046546
v -0.024280 0.034302 0.047590
v -0.025399 0.029933 0.048950
v -0.026301 0.029178 0.047715
v -0.026961 0.028358 0.046374
v -0.026961 0.031784 0.044096
v -0.027364 0.027493 0.044960
v -0.027364 0.030815 0.042752
v -0.027500 0.023239 0.045397
v -0.027500 0.026606 0.043510
v -0.027500 0.017615 0.030510
v -0.027500 0.029821 0.041373
v -0.027500 0.032864 0.038999
v -0.027364 0.033960 0.040299
v -0.027500 0.021690 0.027761
v -0.027500 0.025342 0.024473
v -0.027500 0.038370 0.033596
v -0.027500 0.035720 0.036402
v -0.027500 0.028501 0.020708
v -0.027500 0.042999 0.027425
v -0.027500 0.040801 0.030598
v -0.027500 0.031106 0.016539
v -0.027500 0.033105 0.012049
v -0.027500 0.044949 0.024094
v -0.027500 0.046643 0.020626
v -0.027500 0.048069 0.017039
v -0.027364 0.049672 0.017607
v -0.027364 0.048198 0.021313
v -0.026961 0.051234 0.018161
v -0.026961 0.049713 0.021984
v -0.027364 0.046448 0.024898
v -0.026961 0.047908 0.025680
v -0.027364 0.044432 0.028339
v -0.027364 0.042161 0.031618
v -0.026961 0.045829 0.029230
v -0.026961 0.043487 0.032612
v -0.026301 0.047155 0.030076
v -0.026301 0.049294 0.026423
v -0.025399 0.050570 0.027107
v -0.026301 0.051151 0.022620
v -0.025399 0.052475 0.023205
v -0.025399 0.054080 0.019170
v -0.024280 0.055292 0.019600
v -0.024280 0.053652 0.023725
v -0.022970 0.054651 0.024167
v -0.022970 0.056322 0.019965
v -0.024280 0.051704 0.027715
v -0.025399 0.048375 0.030854
v -0.024280 0.049460 0.031546
v -0.022970 0.052667 0.028231
v -0.021505 0.053798 0.027955
v -0.021505 0.053435 0.028643
v -0.022970 0.050381 0.032134
v -0.021505 0.051116 0.032602
v -0.021505 0.048504 0.036375
v -0.024280 0.046932 0.035196
v -0.021505 0.050522 0.033515
v -0.020000 0.050522 0.033515
v -0.020000 0.049972 0.034330
v 0.020000 0.049972 0.034330
v -0.020000 0.050765 0.034856
v -0.020000 0.051094 0.032638
v 0.020000 0.050765 0.034856
v -0.020000 0.051887 0.033163
v 0.020000 0.051887 0.033163
v 0.020000 0.050522 0.033515
v 0.020000 0.051094 0.032638
v -0.025399 0.045903 0.034424
v -0.025399 0.043168 0.037797
v -0.026301 0.042079 0.036844
v -0.026301 0.039172 0.039920
v -0.026961 0.035027 0.041566
v -0.026961 0.038071 0.038798
v -0.026961 0.040896 0.035808
v -0.027364 0.036910 0.037615
v -0.027364 0.039649 0.034716
v -0.026301 0.044745 0.033556
v -0.020000 0.046695 0.038669
v 0.020000 0.046695 0.038669
v 0.020000 0.046673 0.038695
v 0.020000 0.047418 0.039288
v 0.020000 0.046097 0.040830
v -0.020000 0.046097 0.040830
v -0.020000 0.047418 0.039288
v 0.020000 0.045374 0.040211
v 0.020000 0.053812 0.027929
v -0.020000 0.053812 0.027929
v -0.021505 0.055448 0.024520
v -0.021505 0.056465 0.022078
v 0.021505 0.055448 0.024520
v 0.020000 0.054717 0.026112
v -0.020000 0.054717 0.026112
v -0.020000 0.055569 0.026536
v 0.020000 0.055569 0.026536
v 0.020000 0.054664 0.028354
v -0.020000 0.054664 0.028354
v 0.021505 0.056465 0.022078
v 0.022970 0.056322 0.019965
v 0.021505 0.057144 0.020256
v 0.020000 0.056836 0.021105
v -0.020000 0.056836 0.021105
v 0.020000 0.057511 0.019190
v 0.020000 0.057734 0.021421
v -0.020000 0.057734 0.021421
v 0.020000 0.058409 0.019506
v -0.020000 0.057511 0.019190
v -0.020000 0.058409 0.019506
v -0.021505 0.058492 0.015951
v 0.021505 0.058492 0.015951
v 0.021505 0.058512 0.015876
v 0.022970 0.057671 0.015648
v -0.021505 0.058512 0.015876
v -0.021505 0.059546 0.011406
v -0.020000 0.058999 0.013960
v -0.022970 0.057671 0.015648
v -0.022970 0.058689 0.011242
v -0.024280 0.056616 0.015362
v -0.024280 0.057616 0.011036
v -0.025399 0.055375 0.015025
v -0.026301 0.052715 0.018686
v -0.025399 0.056353 0.010794
v -0.026301 0.053978 0.014646
v -0.026961 0.052460 0.014234
v -0.026301 0.054931 0.010522
v -0.025399 0.057007 0.006501
v -0.026961 0.053387 0.010226
v -0.026301 0.055569 0.006337
v -0.026301 0.055889 0.002116
v -0.025399 0.057336 0.002171
v -0.026961 0.054007 0.006159
v -0.027364 0.052361 0.005971
v -0.027364 0.051759 0.009914
v -0.026961 0.054318 0.002057
v -0.026301 0.055889 -0.002117
v -0.026961 0.054318 -0.002057
v -0.027364 0.052662 0.001994
v -0.027364 0.052662 -0.001994
v -0.027500 0.050963 0.001930
v -0.027500 0.050671 0.005779
v -0.027500 0.050089 0.009594
v -0.027500 0.034460 0.007325
v -0.027500 0.035144 0.002458
v -0.027500 0.035144 -0.002458
v -0.027500 0.034460 -0.007325
v -0.027500 0.050671 -0.005779
v -0.027500 0.050963 -0.001930
v -0.027500 0.050089 -0.009594
v -0.027500 0.049220 -0.013355
v -0.027364 0.049672 -0.017607
v -0.027500 0.033105 -0.012049
v -0.027500 0.048069 -0.017039
v -0.027500 0.046643 -0.020626
v -0.027364 0.048198 -0.021313
v -0.026961 0.049713 -0.021984
v -0.027364 0.046448 -0.024898
v -0.026961 0.047908 -0.025680
v -0.026301 0.047155 -0.030076
v -0.026961 0.045829 -0.029230
v -0.026301 0.049294 -0.026423
v -0.027364 0.044432 -0.028339
v -0.027500 0.042999 -0.027425
v -0.027500 0.044949 -0.024094
v -0.027500 0.031106 -0.016539
v -0.027500 0.028501 -0.020708
v -0.027500 0.040801 -0.030598
v -0.025399 0.045903 -0.034424
v -0.024280 0.044136 -0.038645
v -0.027500 0.049220 0.013355
v -0.027364 0.050861 0.013800
v -0.025399 0.057336 -0.002171
v -0.025399 0.057007 -0.006501
v -0.024280 0.057616 -0.011036
v -0.024280 0.058286 -0.006647
v -0.022970 0.058689 -0.011242
v -0.024280 0.058621 -0.002220
v -0.022970 0.059372 -0.006771
v -0.021505 0.060238 -0.006870
v -0.021505 0.060542 -0.003227
v -0.022970 0.059714 -0.002261
v -0.021505 0.060585 -0.002294
v -0.024280 0.058621 0.002220
v -0.022970 0.059714 0.002261
v -0.021505 0.060542 0.003227
v -0.021505 0.060585 0.002294
v -0.022970 0.059372 0.006771
v -0.024280 0.058286 0.006647
v -0.021505 0.059856 0.009644
v -0.021505 0.060238 0.006870
v -0.020000 0.060267 0.006604
v 0.020000 0.060267 0.006604
v -0.020000 0.060455 0.004582
v -0.020000 0.061215 0.006692
v -0.020000 0.061402 0.004670
v 0.020000 0.061402 0.004670
v 0.020000 0.060455 0.004582
v 0.020000 0.061215 0.006692
v 0.021505 0.060238 0.006870
v 0.021505 0.060542 0.003227
v 0.021505 0.060585 0.002294
v 0.022970 0.059714 0.002261
v 0.022970 0.059372 0.006771
v 0.022970 0.058689 0.011242
v 0.024280 0.058286 0.006647
v 0.024280 0.058621 0.002220
v 0.024280 0.058621 -0.002220
v 0.025399 0.057336 0.002171
v 0.025399 0.057336 -0.002171
v 0.025399 0.057007 -0.006501
v 0.026301 0.055889 -0.002117
v 0.026301 0.055889 0.002116
v 0.025399 0.057007 0.006501
v 0.026301 0.055569 0.006337
v 0.025399 0.056353 0.010794
v 0.026301 0.054931 0.010522
v 0.025399 0.055375 0.015025
v 0.026301 0.053978 0.014646
v 0.024280 0.056616 0.015362
v 0.024280 0.057616 0.011036
v 0.024280 0.058286 -0.006647
v 0.025399 0.056353 -0.010794
v 0.025399 0.055375 -0.015025
v 0.024280 0.057616 -0.011036
v 0.022970 0.059372 -0.006771
v 0.024280 0.056616 -0.015362
v 0.022970 0.058689 -0.011242
v 0.021505 0.059546 -0.011406
v 0.021505 0.059856 -0.009644
v 0.021505 0.060238 -0.006870
v 0.020000 0.059746 -0.010302
v 0.020000 0.059856 -0.009644
v 0.020000 0.060058 -0.008295
v 0.020000 0.060687 -0.010448
v -0.020000 0.059746 -0.010302
v 0.020000 0.060998 -0.008441
v -0.020000 0.060998 -0.008441
v -0.020000 0.060687 -0.010448
v -0.020000 0.059856 -0.009644
v -0.021505 0.059546 -0.011406
v -0.021505 0.059856 -0.009644
v -0.020000 0.060058 -0.008295
v 0.021505 0.060542 -0.003227
v 0.022970 0.059714 -0.002261
v 0.021505 0.060585 -0.002294
v 0.020000 0.060559 -0.002882
v -0.020000 0.060559 -0.002882
v -0.020000 0.060622 -0.000852
v -0.020000 0.061511 -0.002911
v 0.020000 0.061511 -0.002911
v 0.020000 0.061573 -0.000881
v -0.020000 0.061573 -0.000881
v 0.020000 0.060622 -0.000852
v -0.021505 0.058512 -0.015876
v -0.020000 0.058583 -0.015613
v 0.020000 0.058583 -0.015613
v -0.020000 0.059499 -0.015873
v 0.020000 0.059499 -0.015873
v -0.020000 0.058943 -0.017826
v -0.022970 0.057671 -0.015648
v 0.025399 0.054080 -0.019170
v 0.026301 0.052715 -0.018686
v 0.026301 0.051151 -0.022620
v 0.021505 0.059856 0.009644
v 0.021505 0.059546 0.011406
v 0.020000 0.059433 0.011977
v -0.020000 0.059433 0.011977
v 0.020000 0.058999 0.013960
v 0.020000 0.060363 0.012180
v 0.020000 0.059929 0.014164
v -0.020000 0.059929 0.014164
v -0.020000 0.060363 0.012180
v -0.021505 0.057144 0.020256
v 0.021505 0.001147 0.060617
v 0.020000 0.001015 0.060620
v -0.020000 0.001015 0.060620
v -0.020000 -0.001015 0.060620
v -0.020000 0.001015 0.061571
v 0.020000 0.001015 0.061571
v 0.020000 -0.001015 0.061571
v -0.020000 -0.001015 0.061571
v 0.020000 -0.001015 0.060620
v 0.027500 0.031106 -0.016539
v 0.027500 0.021690 -0.027761
v 0.027500 0.032864 -0.038999
v 0.027500 0.029821 -0.041373
v 0.027364 0.033960 -0.040299
v 0.027364 0.030815 -0.042752
v 0.026961 0.038071 -0.038798
v 0.026961 0.035027 -0.041566
v 0.026301 0.039172 -0.039920
v 0.026301 0.036041 -0.042769
v 0.026961 0.031784 -0.044096
v 0.026961 0.028358 -0.046374
v 0.027364 0.027493 -0.044960
v 0.026301 0.032703 -0.045372
v 0.025399 0.036974 -0.043876
v 0.025399 0.033549 -0.046546
v 0.026301 0.029178 -0.047715
v 0.025399 0.029933 -0.048950
v 0.026301 0.025486 -0.049785
v 0.026961 0.024769 -0.048386
v 0.026961 0.021039 -0.050120
v 0.027364 0.024014 -0.046911
v 0.027364 0.020398 -0.048593
v 0.027500 0.016127 -0.048383
v 0.027500 0.019740 -0.047025
v 0.027364 0.016664 -0.049996
v 0.026961 0.017188 -0.051568
v 0.027364 0.012835 -0.051113
v 0.027500 0.012421 -0.049464
v 0.027500 0.008523 -0.034183
v 0.027500 0.008645 -0.050262
v 0.027500 0.003682 -0.035037
v 0.027500 0.004819 -0.050772
v 0.027364 0.008933 -0.051937
v 0.027364 0.004979 -0.052464
v 0.026961 0.013239 -0.052720
v 0.026961 0.009214 -0.053570
v 0.026301 0.013622 -0.054245
v 0.026301 0.009480 -0.055120
v 0.026961 0.005136 -0.054114
v 0.026301 0.005285 -0.055679
v 0.026961 0.001029 -0.054347
v 0.027364 0.000997 -0.052691
v 0.027500 0.000965 -0.050991
v 0.027364 -0.002990 -0.052615
v 0.027500 -0.002894 -0.050918
v 0.027500 -0.006737 -0.050553
v 0.027500 -0.001229 -0.035208
v 0.027500 -0.006118 -0.034695
v 0.027500 -0.010887 -0.033506
v 0.027500 -0.014284 -0.048959
v 0.027500 -0.010541 -0.049899
v 0.027364 -0.006961 -0.052238
v 0.027364 -0.010892 -0.051562
v 0.026961 -0.007180 -0.053881
v 0.026961 -0.011234 -0.053183
v 0.027364 -0.014760 -0.050591
v 0.027500 -0.017946 -0.047738
v 0.026961 -0.015224 -0.052182
v 0.027364 -0.018544 -0.049330
v 0.027364 -0.022222 -0.047786
v 0.026961 -0.019127 -0.050881
v 0.027500 -0.021505 -0.046244
v 0.027500 -0.024941 -0.044486
v 0.027500 -0.015444 -0.031664
v 0.027500 -0.019700 -0.029207
v 0.027500 -0.031365 -0.040215
v 0.027500 -0.028234 -0.042472
v 0.027500 -0.023573 -0.026181
v 0.027500 -0.037072 -0.035024
v 0.027500 -0.034316 -0.037728
v 0.027364 -0.032410 -0.041555
v 0.027364 -0.035460 -0.038985
v 0.026961 -0.033430 -0.042862
v 0.026961 -0.036575 -0.040211
v 0.027364 -0.038307 -0.036192
v 0.027500 -0.039614 -0.032120
v 0.026961 -0.039512 -0.037330
v 0.027364 -0.040935 -0.033191
v 0.026961 -0.042222 -0.034235
v 0.026301 -0.040655 -0.038410
v 0.026301 -0.043443 -0.035225
v 0.025399 -0.041707 -0.039404
v 0.025399 -0.044568 -0.036137
v 0.024280 -0.042642 -0.040287
v 0.024280 -0.045567 -0.036947
v 0.025399 -0.047173 -0.032663
v 0.024280 -0.048231 -0.033395
v 0.025399 -0.049508 -0.029001
v 0.025399 -0.051559 -0.025174
v 0.024280 -0.050618 -0.029652
v 0.024280 -0.052716 -0.025739
v 0.022970 -0.051561 -0.030204
v 0.024280 -0.054511 -0.021678
v 0.025399 -0.053316 -0.021203
v 0.025399 -0.054767 -0.017110
v 0.026301 -0.051970 -0.020668
v 0.026301 -0.053385 -0.016678
v 0.026301 -0.054493 -0.012593
v 0.026961 -0.051884 -0.016209
v 0.025399 -0.055904 -0.012919
v 0.026301 -0.055290 -0.008436
v 0.026301 -0.055769 -0.004230
v 0.025399 -0.056721 -0.008654
v 0.024280 -0.057157 -0.013208
v 0.024280 -0.057992 -0.008848
v 0.025399 -0.057213 -0.004339
v 0.024280 -0.058496 -0.004437
v 0.025399 -0.057377 0.000000
v 0.026301 -0.055929 0.000000
v 0.026301 -0.055769 0.004230
v 0.025399 -0.057213 0.004339
v 0.024280 -0.058496 0.004437
v 0.024280 -0.058663 0.000000
v 0.025399 -0.056721 0.008654
v 0.024280 -0.057992 0.008848
v 0.025399 -0.055904 0.012919
v 0.024280 -0.057157 0.013208
v 0.025399 -0.054767 0.017110
v 0.025399 -0.053316 0.021203
v 0.026301 -0.051970 0.020668
v 0.024280 -0.055995 0.017493
v 0.022970 -0.058222 0.013455
v 0.024280 -0.054511 0.021678
v 0.024280 -0.052716 0.025739
v 0.025399 -0.051559 0.025174
v 0.022970 -0.055527 0.022082
v 0.022970 -0.053698 0.026218
v 0.021505 -0.056337 0.022404
v 0.022970 -0.051561 0.030204
v 0.021505 -0.054481 0.026600
v 0.024280 -0.050618 0.029652
v 0.024280 -0.048231 0.033395
v 0.025399 -0.049508 0.029001
v 0.025399 -0.047173 0.032663
v 0.025399 -0.044568 0.036137
v 0.026301 -0.045983 0.031838
v 0.026301 -0.043443 0.035225
v 0.026301 -0.040655 0.038409
v 0.026301 -0.037633 0.041374
v 0.025399 -0.041707 0.039404
v 0.024280 -0.045567 0.036947
v 0.024280 -0.042642 0.040287
v 0.025399 -0.038607 0.042445
v 0.024280 -0.039473 0.043397
v 0.025399 -0.035287 0.045243
v 0.024280 -0.036078 0.046258
v 0.022970 -0.036750 0.047120
v 0.024280 -0.032476 0.048854
v 0.022970 -0.033081 0.049764
v 0.024280 -0.028688 0.051170
v 0.022970 -0.029223 0.052123
v 0.024280 -0.024736 0.053193
v 0.024280 -0.020643 0.054912
v 0.025399 -0.020190 0.053707
v 0.025399 -0.016070 0.055081
v 0.026301 -0.015665 0.053691
v 0.024280 -0.016431 0.056316
v 0.021505 -0.029649 0.052884
v 0.021505 -0.033564 0.050490
v 0.021505 -0.034848 0.049612
v 0.020000 -0.034196 0.050064
v 0.020000 -0.029573 0.052926
v -0.020000 -0.029573 0.052926
v 0.020000 -0.029377 0.053035
v 0.020000 -0.030023 0.053765
v -0.020000 -0.030023 0.053765
v -0.020000 -0.028235 0.054725
v 0.020000 -0.028235 0.054725
v -0.020000 -0.034196 0.050064
v -0.020000 -0.034848 0.049612
v -0.020000 -0.034746 0.050841
v 0.020000 -0.034746 0.050841
v 0.020000 -0.036403 0.049668
v -0.020000 -0.036403 0.049668
v 0.020000 -0.034848 0.049612
v 0.020000 -0.035853 0.048891
v 0.022970 -0.046416 0.037635
v 0.021505 -0.047093 0.038184
v 0.022970 -0.049129 0.034017
v 0.021505 -0.048667 0.036157
v 0.021505 -0.049846 0.034513
v 0.021505 -0.052234 0.030779
v 0.021505 -0.052313 0.030645
v 0.020000 -0.049972 0.034330
v 0.020000 -0.051093 0.032638
v -0.020000 -0.051093 0.032638
v 0.020000 -0.051887 0.033163
v -0.020000 -0.051887 0.033163
v 0.020000 -0.050765 0.034856
v -0.020000 -0.049972 0.034330
v -0.020000 -0.050765 0.034856
v -0.021505 -0.049846 0.034513
v -0.021505 -0.048667 0.036157
v 0.020000 -0.046695 0.038669
v -0.020000 -0.046695 0.038669
v -0.021505 -0.047093 0.038184
v -0.020000 -0.045374 0.040211
v -0.020000 -0.047418 0.039288
v -0.020000 -0.046097 0.040830
v 0.020000 -0.046097 0.040830
v 0.020000 -0.047418 0.039288
v 0.020000 -0.045374 0.040211
v 0.020000 -0.053812 0.027929
v -0.020000 -0.053812 0.027929
v 0.020000 -0.054664 0.028354
v 0.020000 -0.055569 0.026536
v -0.020000 -0.055569 0.026536
v -0.020000 -0.054664 0.028354
v 0.026301 -0.048259 0.028270
v 0.026301 -0.050259 0.024539
v 0.026961 -0.046902 0.027475
v 0.021505 -0.059258 0.012816
v 0.022970 -0.059073 0.009013
v 0.021505 -0.059935 0.009144
v 0.021505 -0.060285 0.006444
v 0.022970 -0.059585 -0.004519
v 0.022970 -0.059073 -0.009013
v 0.021505 -0.059258 -0.012816
v 0.022970 -0.058222 -0.013455
v 0.021505 -0.059935 -0.009144
v 0.020000 -0.060058 -0.008295
v 0.020000 -0.059746 -0.010302
v 0.020000 -0.060998 -0.008441
v -0.020000 -0.060058 -0.008295
v -0.020000 -0.059746 -0.010302
v -0.020000 -0.060998 -0.008441
v -0.020000 -0.060687 -0.010448
v 0.020000 -0.060687 -0.010448
v -0.021505 -0.059258 -0.012816
v -0.021505 -0.059071 -0.013651
v -0.022970 -0.058222 -0.013455
v 0.021505 -0.059071 -0.013651
v 0.021505 -0.057870 -0.018079
v 0.020000 -0.058583 -0.015613
v -0.020000 -0.058583 -0.015613
v 0.020000 -0.059499 -0.015873
v 0.020000 -0.058943 -0.017826
v -0.020000 -0.058943 -0.017826
v -0.020000 -0.059499 -0.015873
v 0.022970 -0.057038 -0.017819
v 0.022970 -0.055527 -0.022082
v 0.024280 -0.055995 -0.017493
v 0.024280 -0.039473 -0.043397
v 0.024280 -0.036078 -0.046258
v 0.025399 -0.038607 -0.042445
v 0.022970 -0.036750 -0.047120
v 0.025399 -0.035287 -0.045243
v 0.026301 -0.037633 -0.041374
v 0.026301 -0.034396 -0.044102
v 0.025399 -0.031764 -0.047783
v 0.026301 -0.030963 -0.046577
v 0.025399 -0.028059 -0.050048
v 0.026301 -0.027351 -0.048785
v 0.026961 -0.030092 -0.045268
v 0.027364 -0.029175 -0.043888
v 0.026961 -0.026583 -0.047414
v 0.026301 -0.023583 -0.050714
v 0.026961 -0.022921 -0.049288
v 0.027364 -0.025772 -0.045968
v 0.026301 -0.019680 -0.052352
v 0.026301 -0.015665 -0.053691
v 0.025399 -0.016070 -0.055081
v 0.025399 -0.020190 -0.053707
v 0.024280 -0.016431 -0.056316
v 0.024280 -0.020643 -0.054912
v 0.025399 -0.024194 -0.052027
v 0.024280 -0.024736 -0.053193
v 0.022970 -0.025197 -0.054184
v 0.024280 -0.028688 -0.051170
v 0.022970 -0.021027 -0.055935
v 0.021505 -0.023574 -0.055857
v 0.021505 -0.021334 -0.056751
v 0.021505 -0.017503 -0.058047
v 0.022970 -0.016737 -0.057365
v 0.021505 -0.016981 -0.058201
v 0.021505 -0.012531 -0.059319
v 0.022970 -0.012350 -0.058466
v 0.021505 -0.011234 -0.059578
v 0.022970 -0.007893 -0.059233
v 0.024280 -0.012124 -0.057397
v 0.024280 -0.007749 -0.058150
v 0.025399 -0.011859 -0.056138
v 0.025399 -0.007579 -0.056874
v 0.026301 -0.011559 -0.054722
v 0.026301 -0.007388 -0.055439
v 0.025399 -0.003256 -0.057285
v 0.026301 -0.003174 -0.055839
v 0.025399 0.001086 -0.057367
v 0.026301 0.001058 -0.055919
v 0.026961 -0.003085 -0.054269
v 0.025399 0.005421 -0.057120
v 0.025399 0.009726 -0.056547
v 0.024280 0.009944 -0.057815
v 0.024280 0.005543 -0.058401
v 0.022970 0.010129 -0.058892
v 0.024280 0.001110 -0.058653
v 0.022970 0.005646 -0.059489
v 0.022970 0.001131 -0.059746
v 0.021505 0.001614 -0.060607
v 0.021505 0.005729 -0.060357
v 0.021505 0.008047 -0.060092
v 0.020000 0.004745 -0.060442
v 0.020000 0.002718 -0.060567
v -0.020000 0.002718 -0.060567
v 0.020000 0.002777 -0.061517
v 0.020000 0.004804 -0.061392
v -0.020000 0.004804 -0.061392
v -0.020000 0.002777 -0.061517
v -0.020000 0.004745 -0.060442
v -0.021505 0.005729 -0.060357
v -0.021505 0.008047 -0.060092
v -0.021505 0.001614 -0.060607
v -0.021505 0.001147 -0.060617
v -0.022970 0.001131 -0.059746
v -0.022970 0.005646 -0.059489
v -0.022970 0.010129 -0.058892
v -0.024280 0.005543 -0.058401
v -0.024280 0.009944 -0.057815
v -0.025399 0.009726 -0.056547
v -0.024280 0.014288 -0.056897
v -0.025399 0.013974 -0.055649
v -0.026301 0.013622 -0.054245
v -0.026301 0.017685 -0.053060
v -0.025399 0.018143 -0.054433
v -0.026301 0.021647 -0.051570
v -0.025399 0.022208 -0.052905
v -0.024280 0.018550 -0.055653
v -0.024280 0.022706 -0.054091
v -0.022970 0.018895 -0.056690
v -0.022970 0.014554 -0.057957
v -0.021505 0.014766 -0.058802
v -0.021505 0.014389 -0.058896
v -0.020000 0.012137 -0.059401
v 0.020000 0.012137 -0.059401
v 0.021505 0.014389 -0.058896
v 0.021505 0.014766 -0.058802
v -0.021505 0.010277 -0.059751
v -0.020000 0.010141 -0.059774
v 0.020000 0.010141 -0.059774
v -0.020000 0.010316 -0.060710
v 0.020000 0.010316 -0.060710
v 0.020000 0.012312 -0.060336
v -0.020000 0.012312 -0.060336
v 0.021505 0.010277 -0.059751
v 0.022970 0.014554 -0.057957
v 0.021505 0.019171 -0.057517
v 0.020000 0.017409 -0.058075
v -0.020000 0.017409 -0.058075
v 0.020000 0.017698 -0.058982
v 0.020000 0.019345 -0.057459
v 0.021505 0.020567 -0.057033
v -0.021505 0.020567 -0.057033
v -0.020000 0.019345 -0.057459
v 0.020000 0.019633 -0.058366
v -0.020000 0.019633 -0.058366
v -0.020000 0.017698 -0.058982
v -0.021505 0.019171 -0.057517
v 0.020000 0.024414 -0.055495
v -0.020000 0.024414 -0.055495
v -0.021505 0.023466 -0.055903
v -0.020000 0.026259 -0.054646
v -0.022970 0.023129 -0.055099
v -0.021505 0.026513 -0.054523
v 0.021505 0.026513 -0.054524
v 0.021505 0.027627 -0.053968
v -0.021505 0.027627 -0.053968
v 0.020000 0.026259 -0.054646
v -0.022970 0.027229 -0.053192
v -0.024280 0.026732 -0.052219
v -0.024280 0.030604 -0.050048
v -0.025399 0.026145 -0.051074
v -0.026301 0.025486 -0.049785
v 0.020000 0.026657 -0.055511
v -0.020000 0.026657 -0.055511
v 0.020000 0.024812 -0.056360
v -0.020000 0.024812 -0.056360
v -0.020000 0.031049 -0.052074
v 0.020000 0.031049 -0.052074
v -0.020000 0.032158 -0.051396
v -0.021505 0.031629 -0.051724
v -0.020000 0.032775 -0.051005
v -0.020000 0.033276 -0.051815
v 0.020000 0.033276 -0.051815
v 0.020000 0.032775 -0.051005
v -0.020000 0.031550 -0.052883
v 0.020000 0.031550 -0.052883
v 0.020000 0.032158 -0.051396
v 0.021505 0.032158 -0.051396
v 0.021505 0.035450 -0.049184
v 0.021505 0.031629 -0.051724
v 0.022970 0.027229 -0.053192
v 0.022970 0.031174 -0.050980
v 0.022970 0.034941 -0.048477
v 0.024280 0.030604 -0.050048
v 0.024280 0.026732 -0.052219
v 0.024280 0.022706 -0.054091
v 0.025399 0.026145 -0.051074
v 0.025399 0.022208 -0.052905
v 0.025399 0.018143 -0.054433
v 0.026301 0.021647 -0.051570
v 0.026301 0.017685 -0.053060
v 0.024280 0.018550 -0.055654
v 0.025399 0.013974 -0.055649
v 0.024280 0.014288 -0.056897
v 0.022970 0.018895 -0.056690
v 0.022970 0.023129 -0.055099
v 0.021505 0.023466 -0.055903
v 0.024280 0.034302 -0.047590
v 0.024280 0.037803 -0.044859
v 0.024280 0.041087 -0.041872
v 0.024280 0.044136 -0.038645
v 0.025399 0.040186 -0.040954
v 0.025399 0.043168 -0.037797
v 0.024280 0.046932 -0.035196
v 0.025399 0.045903 -0.034424
v 0.026301 0.042079 -0.036844
v 0.024280 0.049460 -0.031546
v 0.022970 0.052667 -0.028231
v 0.022970 0.050381 -0.032134
v 0.021505 0.051116 -0.032602
v 0.021505 0.053435 -0.028643
v 0.021505 0.053798 -0.027955
v 0.020000 0.051990 -0.031189
v 0.020000 0.053006 -0.029430
v -0.020000 0.053006 -0.029430
v 0.020000 0.053830 -0.029906
v -0.020000 0.053830 -0.029906
v 0.020000 0.052815 -0.031665
v -0.020000 0.052815 -0.031665
v -0.020000 0.051990 -0.031189
v -0.021505 0.051116 -0.032602
v -0.021505 0.053435 -0.028643
v 0.020000 0.055429 -0.024564
v -0.020000 0.055429 -0.024564
v -0.020000 0.056306 -0.024935
v 0.020000 0.056306 -0.024935
v 0.020000 0.057097 -0.023065
v -0.020000 0.057097 -0.023065
v 0.021505 0.037439 -0.047687
v 0.020000 0.037213 -0.047864
v -0.020000 0.037213 -0.047864
v 0.020000 0.037439 -0.047687
v 0.020000 0.037809 -0.048606
v 0.020000 0.039391 -0.047333
v -0.020000 0.039391 -0.047333
v -0.020000 0.037809 -0.048606
v -0.026961 0.013239 -0.052720
v -0.026301 0.009480 -0.055120
v -0.026961 0.009214 -0.053570
v -0.025399 0.005421 -0.057120
v -0.026301 0.005285 -0.055679
v -0.025399 0.001086 -0.057367
v -0.025399 -0.003256 -0.057285
v -0.024280 0.001110 -0.058653
v -0.024280 -0.003329 -0.058569
v -0.022970 -0.007893 -0.059233
v -0.024280 -0.007749 -0.058150
v -0.022970 -0.003391 -0.059660
v -0.021505 -0.003440 -0.060530
v -0.021505 -0.004837 -0.060435
v 0.021505 -0.004837 -0.060435
v -0.021505 -0.008008 -0.060097
v -0.020000 -0.004745 -0.060442
v -0.020000 -0.002719 -0.060567
v 0.020000 -0.004745 -0.060442
v -0.020000 -0.004804 -0.061392
v 0.020000 -0.004804 -0.061392
v 0.020000 -0.002777 -0.061517
v -0.020000 -0.002777 -0.061517
v 0.020000 -0.002719 -0.060567
v 0.021505 -0.003440 -0.060530
v 0.021505 0.001147 -0.060617
v 0.022970 -0.003391 -0.059660
v 0.021505 -0.008008 -0.060097
v 0.024280 -0.003329 -0.058569
v 0.020000 -0.011234 -0.059578
v 0.020000 -0.010141 -0.059774
v -0.020000 -0.010141 -0.059774
v -0.021505 -0.011234 -0.059578
v -0.020000 -0.011234 -0.059578
v -0.020000 -0.010316 -0.060710
v 0.020000 -0.010316 -0.060710
v -0.020000 -0.012312 -0.060336
v 0.020000 -0.012312 -0.060336
v -0.020000 -0.012137 -0.059401
v 0.020000 -0.012137 -0.059401
v -0.020000 -0.017409 -0.058075
v 0.020000 -0.017409 -0.058075
v 0.020000 -0.017503 -0.058047
v 0.020000 -0.017698 -0.058982
v -0.020000 -0.017698 -0.058982
v -0.020000 -0.019345 -0.057459
v -0.020000 -0.019633 -0.058366
v 0.020000 -0.019633 -0.058366
v -0.020000 -0.017503 -0.058047
v -0.021505 -0.016981 -0.058201
v -0.021505 -0.017503 -0.058047
v -0.021505 -0.021334 -0.056751
v 0.020000 -0.019345 -0.057459
v -0.021505 -0.023574 -0.055857
v -0.020000 -0.024414 -0.055495
v -0.021505 -0.025565 -0.054975
v 0.020000 -0.024414 -0.055495
v 0.020000 -0.024812 -0.056360
v -0.020000 -0.024812 -0.056360
v 0.020000 -0.026657 -0.055511
v 0.020000 -0.026259 -0.054646
v -0.020000 -0.026259 -0.054646
v 0.021505 -0.025565 -0.054975
v -0.020000 -0.026657 -0.055511
v -0.022970 -0.016737 -0.057365
v -0.024280 -0.012124 -0.057397
v -0.022970 -0.012350 -0.058466
v -0.021505 -0.012531 -0.059319
v -0.027364 0.012835 -0.051113
v 0.022970 -0.029223 -0.052123
v 0.024280 -0.032476 -0.048854
v 0.027500 0.013197 -0.032664
v 0.027500 0.023239 -0.045397
v 0.027500 0.017615 -0.030510
v 0.027500 0.026606 -0.043510
v 0.020000 -0.038795 -0.046591
v -0.020000 -0.038795 -0.046591
v 0.020000 -0.039391 -0.047333
v 0.020000 -0.037809 -0.048606
v -0.020000 -0.037809 -0.048606
v -0.020000 -0.039391 -0.047333
v -0.026301 -0.034396 0.044102
v -0.026961 -0.036575 0.040211
v -0.026961 -0.033430 0.042862
v -0.027364 -0.032410 0.041555
v -0.026961 -0.030092 0.045268
v -0.027364 -0.029175 0.043888
v -0.026961 -0.026583 0.047414
v -0.027364 -0.025772 0.045968
v -0.027500 -0.028234 0.042472
v -0.027500 -0.024941 0.044485
v -0.027364 -0.022222 0.047786
v -0.022970 -0.007893 0.059233
v -0.021505 -0.008008 0.060097
v -0.022970 -0.012350 0.058466
v -0.022970 -0.016737 0.057365
v -0.021505 -0.012531 0.059319
v -0.020000 -0.015771 0.058541
v -0.021505 -0.016981 0.058201
v -0.020000 -0.016003 0.059464
v -0.020000 -0.014033 0.059959
v 0.020000 -0.016003 0.059464
v 0.027500 -0.010887 0.033505
v 0.027500 -0.015444 0.031664
v 0.027500 -0.017946 0.047738
v 0.027500 -0.021505 0.046244
vn 1.0000 -0.0000 -0.0000
vn 0.3413 -0.9308 0.1308
vn 0.3413 -0.9035 0.2591
vn 0.3413 -0.9400 -0.0000
vn 0.3413 0.8299 0.4413
vn 0.3413 0.7604 0.5525
vn 0.9968 -0.0701 -0.0376
vn 0.9968 -0.0671 -0.0428
vn 0.9716 -0.1995 -0.1272
vn 0.9716 -0.2085 -0.1118
vn 0.9218 -0.3268 -0.2084
vn 0.9218 -0.3416 -0.1831
vn 0.9218 -0.3545 -0.1568
vn 0.9716 -0.2164 -0.0957
vn 0.9716 -0.2230 -0.0791
vn 0.9968 -0.0728 -0.0322
vn 0.9968 -0.0750 -0.0266
vn 0.3413 0.8833 0.3215
vn 0.3413 0.9194 0.1954
vn 0.3413 0.9377 0.0656
vn 0.9968 -0.0781 -0.0150
vn 0.9968 -0.0790 -0.0090
vn 0.9716 -0.2324 -0.0445
vn 0.9716 -0.2351 -0.0268
vn 0.9968 -0.0795 -0.0030
vn 0.9716 -0.2364 -0.0090
vn 0.9968 -0.0795 0.0030
vn 0.9716 -0.2365 -0.0090
vn 0.9716 -0.2365 0.0090
vn 0.9968 -0.0790 0.0090
vn 0.9716 -0.2364 0.0090
vn 0.9716 -0.2351 0.0268
vn 0.9968 -0.0781 0.0150
vn 0.9968 -0.0768 0.0208
vn 0.9716 -0.2284 0.0620
vn 0.9716 -0.2324 0.0445
vn 0.9218 -0.3807 0.0729
vn 0.9218 -0.3741 0.1015
vn 0.9218 -0.3654 0.1295
vn 0.9716 -0.2230 0.0790
vn 0.9716 -0.2230 0.0791
vn 0.9968 -0.0728 0.0322
vn 0.9968 -0.0750 0.0266
vn 0.9716 -0.2164 0.0957
vn 0.9716 -0.2085 0.1118
vn 0.9968 -0.0701 0.0376
vn 0.9968 -0.0671 0.0428
vn 0.3413 0.8299 -0.4413
vn 0.3413 0.8833 -0.3215
vn 0.3413 0.7605 -0.5525
vn 0.3413 0.6761 -0.6530
vn 0.3413 0.7604 -0.5525
vn 0.9968 -0.0636 0.0477
vn 0.9968 -0.0598 0.0524
vn 0.9716 -0.1893 0.1420
vn 0.9716 -0.1780 0.1559
vn 0.9968 -0.0557 0.0568
vn 0.9716 -0.1657 0.1689
vn 0.9716 -0.1525 0.1810
vn 0.9968 -0.0513 0.0608
vn 0.9968 -0.0465 0.0645
vn 0.9968 -0.0415 0.0679
vn 0.9716 -0.1384 0.1920
vn 0.9716 -0.1234 0.2019
vn 0.9716 -0.1384 0.1919
vn 0.9218 -0.2266 0.3145
vn 0.9218 -0.2266 0.3144
vn 0.9218 -0.2022 0.3307
vn 0.9218 -0.1766 0.3450
vn 0.9716 -0.1078 0.2106
vn 0.8487 -0.2759 0.4512
vn 0.8487 -0.2410 0.4708
vn 0.8487 -0.2047 0.4877
vn 0.9218 -0.1500 0.3574
vn 0.9716 -0.0916 0.2182
vn 0.9218 -0.1226 0.3677
vn 0.9716 -0.0748 0.2245
vn 0.9968 -0.0194 0.0771
vn 0.9968 -0.0194 0.0772
vn 0.9716 -0.0576 0.2295
vn 0.9968 -0.0252 0.0755
vn 0.9968 -0.0135 0.0784
vn 0.9716 -0.0401 0.2332
vn 0.9716 -0.0224 0.2356
vn 0.9968 -0.0075 0.0792
vn 0.9968 -0.0015 0.0795
vn 0.3413 0.0982 -0.9348
vn 0.3413 -0.0328 -0.9394
vn 0.3413 -0.1632 -0.9257
vn 0.9968 0.0105 0.0788
vn 0.9968 0.0045 0.0794
vn 0.9716 0.0134 0.2362
vn 0.9716 0.0313 0.2345
vn 0.9968 0.0105 0.0789
vn 0.9218 -0.0073 0.3875
vn 0.9218 -0.0073 0.3876
vn 0.9218 0.0220 0.3870
vn 0.9716 -0.0045 0.2366
vn 0.9218 -0.0366 0.3859
vn 0.8487 -0.0896 0.5212
vn 0.9218 -0.0657 0.3820
vn 0.8487 -0.0500 0.5265
vn 0.7542 -0.1113 0.6472
vn 0.7542 -0.0620 0.6537
vn 0.7542 -0.0124 0.6566
vn 0.8487 -0.0100 0.5288
vn 0.6406 -0.0725 0.7645
vn 0.6406 -0.0726 0.7645
vn 0.6406 -0.0145 0.7678
vn 0.5108 -0.0163 0.8595
vn 0.5111 -0.0587 0.8575
vn 0.5265 -0.0803 0.8464
vn 0.5110 -0.0911 0.8548
vn 0.0139 -0.1059 0.9943
vn -0.0000 -0.0683 0.9977
vn -0.0000 -0.0930 0.9957
vn -0.0322 -0.1228 0.9919
vn -1.0000 -0.0000 -0.0000
vn -0.0000 0.9924 0.1229
vn -0.0000 -0.1229 0.9924
vn -0.0000 -0.9924 -0.1229
vn -0.0000 -0.1624 0.9867
vn -0.0039 -0.1229 0.9924
vn 0.0070 -0.1588 0.9873
vn 0.5318 -0.1344 0.8361
vn 0.5111 -0.1684 0.8429
vn -0.0188 -0.1959 0.9804
vn -0.0000 -0.2065 0.9784
vn -0.0000 0.9698 0.2439
vn 0.0226 -0.2439 0.9695
vn 0.0234 -0.2435 0.9696
vn 0.5108 -0.2094 0.8338
vn 0.5111 -0.2445 0.8240
vn -0.0125 -0.2844 0.9586
vn 0.5186 -0.2704 0.8112
vn 0.5109 -0.2755 0.8143
vn 0.0081 -0.3204 0.9472
vn -0.0000 -0.2744 0.9616
vn -0.0000 -0.3173 0.9483
vn 0.0037 -0.3612 0.9325
vn -0.0081 -0.3204 0.9472
vn -0.0000 0.9325 0.3612
vn -0.0000 -0.3612 0.9325
vn -0.0000 -0.9325 -0.3612
vn -0.0000 -0.3829 0.9238
vn -0.0037 -0.3612 0.9325
vn 0.0070 -0.3704 0.9288
vn 0.5449 -0.3106 0.7788
vn 0.5110 -0.3484 0.7858
vn -0.0000 -0.4053 0.9142
vn 0.5109 -0.3898 0.7662
vn 0.0245 -0.4533 0.8910
vn -0.0000 -0.4401 0.8980
vn -0.0579 -0.4707 0.8804
vn -0.0000 -0.4534 0.8913
vn -0.0000 -0.4400 0.8980
vn -0.5109 -0.3898 0.7662
vn -0.5110 -0.3484 0.7858
vn -0.5292 -0.3284 0.7824
vn -0.6406 -0.2972 0.7080
vn -0.6406 -0.3499 0.6835
vn -0.5156 -0.3904 0.7627
vn -0.7542 -0.2992 0.5845
vn -0.7542 -0.3426 0.5602
vn -0.7542 -0.3426 0.5603
vn -0.6406 -0.4006 0.6551
vn -0.7542 -0.2992 0.5846
vn -0.8487 -0.2410 0.4708
vn -0.8487 -0.2759 0.4512
vn -0.7541 -0.2542 0.6055
vn -0.8487 -0.2047 0.4876
vn -0.7542 -0.2542 0.6055
vn -0.7541 -0.2077 0.6230
vn -0.8487 -0.1672 0.5017
vn -0.9218 -0.1226 0.3678
vn -0.9218 -0.1500 0.3574
vn -0.9218 -0.0944 0.3760
vn -0.8487 -0.1288 0.5129
vn -0.7542 -0.1113 0.6472
vn -0.7541 -0.1113 0.6472
vn -0.7542 -0.1599 0.6369
vn -0.8487 -0.0896 0.5212
vn -0.8487 -0.0500 0.5265
vn -0.7542 -0.0620 0.6538
vn -0.7541 -0.0620 0.6538
vn -0.7541 -0.0124 0.6566
vn -0.6406 -0.0725 0.7645
vn -0.6406 -0.0145 0.7677
vn -0.6406 -0.0145 0.7678
vn -0.5108 -0.0163 0.8595
vn -0.5111 0.0195 0.8593
vn -0.5177 0.0486 0.8542
vn -0.6406 0.0436 0.7667
vn -0.5109 0.0521 0.8581
vn -0.5108 0.1136 0.8521
vn -0.6406 0.1014 0.7612
vn -0.7542 0.0867 0.6509
vn -0.7542 0.0373 0.6556
vn -0.7541 0.0373 0.6557
vn -0.8487 0.0300 0.5280
vn -0.8487 -0.0100 0.5287
vn -0.8487 -0.0100 0.5288
vn -0.7542 -0.0124 0.6566
vn -0.9218 -0.0366 0.3859
vn -0.9218 -0.0073 0.3876
vn -0.9716 -0.0224 0.2356
vn -0.9716 -0.0401 0.2332
vn -0.9218 -0.0657 0.3820
vn -0.9968 -0.0135 0.0784
vn -0.9716 -0.0576 0.2295
vn -0.9968 -0.0194 0.0772
vn -0.9968 -0.0194 0.0771
vn -0.9968 -0.0252 0.0755
vn -0.9716 -0.0748 0.2245
vn -0.9968 -0.0308 0.0733
vn -0.3413 0.3521 -0.8715
vn -0.3413 0.2274 -0.9120
vn -0.3413 0.0982 -0.9348
vn -0.3413 0.6762 -0.6529
vn -0.3413 0.6761 -0.6530
vn -0.3413 0.5787 -0.7407
vn -0.9968 -0.0557 0.0568
vn -0.9968 -0.0598 0.0524
vn -0.9968 -0.0636 0.0477
vn -0.9968 -0.0671 0.0428
vn -0.3413 0.8299 -0.4413
vn -0.3413 0.7604 -0.5525
vn -0.3413 0.7605 -0.5525
vn -0.9968 -0.0728 0.0322
vn -0.9968 -0.0701 0.0376
vn -0.9716 -0.2085 0.1118
vn -0.9716 -0.1995 0.1272
vn -0.9218 -0.3101 0.2326
vn -0.9218 -0.3268 0.2085
vn -0.9716 -0.1893 0.1420
vn -0.9218 -0.2916 0.2554
vn -0.9716 -0.1780 0.1559
vn -0.9218 -0.2917 0.2554
vn -0.9218 -0.2715 0.2767
vn -0.8487 -0.3704 0.3775
vn -0.8487 -0.3979 0.3484
vn -0.7541 -0.4600 0.4688
vn -0.7541 -0.4941 0.4326
vn -0.7541 -0.4600 0.4687
vn -0.6406 -0.4948 0.5872
vn -0.6406 -0.5378 0.5481
vn -0.7541 -0.4232 0.5022
vn -0.6406 -0.4490 0.6229
vn -0.7542 -0.3840 0.5327
vn -0.7542 -0.4231 0.5022
vn -0.6406 -0.4490 0.6230
vn -0.5108 -0.5027 0.6974
vn -0.5108 -0.4485 0.7334
vn -0.5111 -0.4850 0.7096
vn -0.5355 -0.5026 0.6787
vn -0.0000 -0.6370 0.7709
vn -0.5109 -0.5476 0.6627
vn -0.0000 -0.6032 0.7976
vn -0.0121 -0.5950 0.8036
vn 0.5295 -0.5404 0.6539
vn 0.5110 -0.5723 0.6414
vn 0.0011 -0.6658 0.7461
vn -0.0000 -0.6602 0.7511
vn -0.0011 -0.6658 0.7461
vn 0.0056 -0.6737 0.7390
vn -0.0000 0.7390 0.6737
vn -0.0000 -0.6737 0.7390
vn -0.0000 -0.7390 -0.6737
vn 0.1058 -0.6699 0.7349
vn -0.0000 -0.7067 0.7075
vn 0.5108 -0.6021 0.6136
vn -0.0287 -0.7001 0.7135
vn 0.5109 -0.6021 0.6136
vn 0.5111 -0.6281 0.5867
vn -0.0000 -0.7308 0.6826
vn -0.5111 -0.6281 0.5867
vn -0.0208 -0.7002 0.7136
vn -0.5108 -0.6021 0.6136
vn -0.5205 -0.6424 0.5625
vn -0.6406 -0.5777 0.5059
vn -0.7541 -0.5254 0.3940
vn -0.6406 -0.6143 0.4607
vn -0.7541 -0.5537 0.3531
vn -0.8487 -0.4231 0.3173
vn -0.8487 -0.4459 0.2844
vn -0.8487 -0.4661 0.2499
vn -0.9218 -0.3268 0.2084
vn -0.9218 -0.3417 0.1831
vn -0.9218 -0.3545 0.1568
vn -0.9218 -0.3546 0.1568
vn -0.8487 -0.4837 0.2139
vn -0.7541 -0.6006 0.2656
vn -0.7542 -0.5788 0.3102
vn -0.6406 -0.6474 0.4129
vn -0.7542 -0.5537 0.3531
vn -0.6406 -0.6768 0.3628
vn -0.6406 -0.6767 0.3628
vn -0.5111 -0.7410 0.4355
vn -0.5108 -0.7577 0.4062
vn -0.5133 -0.7236 0.4615
vn -0.6406 -0.7023 0.3106
vn -0.6406 -0.7023 0.3105
vn -0.5108 -0.7863 0.3477
vn -0.5110 -0.7777 0.3662
vn -0.5378 -0.7758 0.3301
vn -0.0035 -0.9047 0.4260
vn -0.0000 -0.9066 0.4219
vn -0.0000 -0.9246 0.3809
vn 0.0325 -0.9197 0.3913
vn -0.0000 0.3324 0.9431
vn -0.0262 -0.9428 0.3322
vn -0.0000 -0.9431 0.3324
vn -0.0000 -0.9490 0.3153
vn -0.0000 -0.3324 -0.9431
vn 0.0019 -0.9432 0.3323
vn -0.0000 -0.3324 -0.9432
vn -0.0000 -0.9520 0.3061
vn -0.5110 -0.8183 0.2631
vn -0.0029 -0.9397 0.3419
vn -0.5109 -0.8078 0.2939
vn -0.5236 -0.8030 0.2846
vn 0.5110 -0.8183 0.2631
vn 0.5108 -0.8297 0.2251
vn 0.0074 -0.9651 0.2619
vn -0.0000 -0.9644 0.2644
vn -0.0015 -0.9753 0.2209
vn -0.0000 0.2139 0.9769
vn -0.0000 -0.9769 0.2139
vn -0.0000 -0.2139 -0.9769
vn 0.0015 -0.9753 0.2209
vn -0.0000 -0.9789 0.2044
vn -0.0000 -0.9759 0.2183
vn -0.0135 -0.9834 0.1812
vn -0.5109 -0.8454 0.1558
vn -0.5111 -0.8388 0.1876
vn -0.5221 -0.8377 0.1605
vn -0.5110 -0.8524 0.1105
vn -0.6406 -0.7542 0.1445
vn -0.6406 -0.7629 0.0870
vn -0.5286 -0.8434 0.0962
vn -0.6406 -0.7630 0.0870
vn -0.0000 -0.9917 0.1286
vn -0.0000 -0.9959 0.0909
vn -0.5111 -0.8560 0.0782
vn -0.0378 -0.9935 0.1077
vn -0.0000 -0.9957 0.0923
vn -0.0000 0.0923 0.9957
vn 1.0000 -0.0000 0.0001
vn -0.0000 -0.9993 0.0378
vn -0.0000 -0.0923 -0.9957
vn 0.0001 -0.9993 0.0379
vn 0.5108 -0.8591 0.0325
vn 0.5108 -0.8591 0.0326
vn 0.5108 -0.8591 -0.0325
vn 0.0174 -0.9991 -0.0379
vn -0.0000 -1.0000 -0.0072
vn -0.0000 -0.0308 0.9995
vn 0.0351 -0.9989 -0.0307
vn -0.0000 -0.9995 -0.0308
vn -0.0000 -0.9981 -0.0616
vn -0.0270 -0.9989 -0.0378
vn -0.0133 -0.9994 -0.0307
vn -0.0000 -0.9981 -0.0617
vn -0.0000 0.0307 -0.9995
vn -0.0000 -0.9959 -0.0909
vn -0.0000 -0.9959 -0.0910
vn -0.5111 -0.8560 -0.0782
vn -0.5108 -0.8591 -0.0325
vn -0.6406 -0.7673 -0.0291
vn -0.5108 -0.8591 -0.0326
vn -0.5108 -0.8542 -0.0974
vn -0.5402 -0.8345 -0.1082
vn -0.6406 -0.7629 -0.0870
vn -0.6406 -0.7630 -0.0870
vn -0.6406 -0.7542 -0.1445
vn -0.7542 -0.6525 -0.0744
vn -0.7542 -0.6450 -0.1235
vn -0.7542 -0.6338 -0.1720
vn -0.8487 -0.5194 -0.0995
vn -0.8487 -0.5104 -0.1385
vn -0.7541 -0.6338 -0.1720
vn -0.8487 -0.4984 -0.1767
vn -0.7541 -0.6190 -0.2194
vn -0.8487 -0.4985 -0.1767
vn -0.8487 -0.4837 -0.2139
vn -0.9218 -0.3654 -0.1295
vn -0.9218 -0.3546 -0.1568
vn -0.9218 -0.3545 -0.1568
vn -0.9218 -0.3417 -0.1831
vn -0.9716 -0.2164 -0.0957
vn -0.9716 -0.2085 -0.1118
vn -0.9218 -0.3417 -0.1832
vn -0.9716 -0.1995 -0.1272
vn -0.9218 -0.3268 -0.2085
vn -0.8487 -0.4661 -0.2499
vn -0.8487 -0.4661 -0.2498
vn -0.8487 -0.4459 -0.2844
vn -0.9218 -0.3101 -0.2326
vn -0.8487 -0.4231 -0.3173
vn -0.7541 -0.5254 -0.3940
vn -0.7541 -0.5537 -0.3531
vn -0.6406 -0.6768 -0.3628
vn -0.6406 -0.6474 -0.4129
vn -0.7542 -0.5788 -0.3103
vn -0.6406 -0.7023 -0.3106
vn -0.7542 -0.6006 -0.2656
vn -0.6406 -0.7023 -0.3105
vn -0.7542 -0.5788 -0.3102
vn -0.5236 -0.8030 -0.2847
vn -0.6406 -0.7238 -0.2566
vn -0.5281 -0.7767 -0.3434
vn -0.5110 -0.7910 -0.3365
vn -0.5109 -0.8078 -0.2939
vn -0.0000 -0.9533 -0.3019
vn -0.0000 -0.9388 -0.3444
vn 0.0046 -0.9520 -0.3061
vn -0.5110 -0.8183 -0.2631
vn 0.0067 -0.9397 -0.3419
vn -0.0040 -0.9209 -0.3898
vn -0.0000 -0.3898 0.9209
vn -0.0000 -0.9209 -0.3897
vn -0.0000 0.3897 -0.9209
vn 0.0040 -0.9209 -0.3898
vn 0.0069 -0.9202 -0.3915
vn -0.0000 -0.9124 -0.4092
vn 0.5378 -0.7758 -0.3301
vn 0.5110 -0.7777 -0.3662
vn -0.0000 -0.9047 -0.4260
vn 0.5108 -0.7577 -0.4062
vn 0.0245 -0.8811 -0.4723
vn -0.0000 -0.8867 -0.4623
vn -0.0828 -0.8650 -0.4949
vn 0.0041 -0.8813 -0.4724
vn -0.5108 -0.7577 -0.4062
vn -0.5110 -0.7777 -0.3662
vn -0.0000 -0.8596 -0.5110
vn -0.0000 -0.8621 -0.5067
vn -0.0000 0.5000 -0.8660
vn -0.0000 -0.8660 -0.5000
vn -0.0000 -0.5000 0.8660
vn -0.0000 -0.8621 -0.5068
vn -0.0000 -0.8424 -0.5388
vn 0.0958 -0.8556 -0.5087
vn -0.0012 -0.8680 -0.4966
vn 0.5109 -0.7242 -0.4632
vn 0.5111 -0.6984 -0.5010
vn 0.0044 -0.8125 -0.5829
vn -0.0321 -0.8332 -0.5521
vn -0.0000 -0.8054 -0.5928
vn -0.0000 -0.8336 -0.5524
vn -0.0000 -0.6027 0.7980
vn -0.0000 -0.7980 -0.6026
vn 0.0152 -0.7952 -0.6061
vn -0.0000 -0.7619 -0.6477
vn -0.0000 0.6026 -0.7980
vn -0.0292 -0.7559 -0.6541
vn 0.5109 -0.6500 -0.5625
vn 0.5205 -0.6424 -0.5625
vn 0.5111 -0.6281 -0.5867
vn 0.0006 -0.7308 -0.6826
vn -0.0000 -0.7321 -0.6812
vn 0.0022 -0.7179 -0.6961
vn -0.0006 -0.7308 -0.6826
vn -0.0000 -0.6961 0.7179
vn -0.0000 -0.7179 -0.6962
vn -0.0000 -0.6897 -0.7241
vn 0.0734 -0.7160 -0.6943
vn -0.0000 0.6962 -0.7179
vn 0.5108 -0.6021 -0.6136
vn -0.0060 -0.7004 -0.7138
vn 0.5110 -0.5723 -0.6414
vn -0.0000 -0.6658 -0.7461
vn -0.5110 -0.5723 -0.6413
vn -0.0275 -0.7001 -0.7135
vn -0.5108 -0.6021 -0.6136
vn -0.6406 -0.4948 -0.5872
vn -0.6406 -0.5378 -0.5481
vn -0.5109 -0.6021 -0.6136
vn -0.5295 -0.5404 -0.6540
vn -0.5108 -0.5540 -0.6574
vn 0.0018 -0.6370 -0.7709
vn -0.0015 -0.5951 -0.8037
vn -0.5110 -0.5115 -0.6908
vn -0.0000 -0.5945 -0.8041
vn -0.0000 -0.5578 -0.8300
vn 0.0128 -0.5642 -0.8256
vn -0.5111 -0.4850 -0.7097
vn -0.5274 -0.4968 -0.6892
vn 0.5355 -0.5026 -0.6787
vn 0.0015 -0.5951 -0.8037
vn 0.5111 -0.4850 -0.7097
vn -0.0129 -0.5642 -0.8256
vn 0.0188 -0.5216 -0.8530
vn 0.0323 -0.5261 -0.8498
vn -0.0000 -0.8502 0.5265
vn -0.0000 -0.5264 -0.8502
vn -0.0263 -0.5215 -0.8528
vn -0.0154 -0.5264 -0.8501
vn -0.0000 0.8503 -0.5264
vn -0.0000 -0.5007 -0.8656
vn -0.0000 -0.4868 -0.8735
vn -0.5108 -0.4485 -0.7334
vn -0.5111 -0.4184 -0.7508
vn -0.5156 -0.3905 -0.7627
vn -0.6406 -0.4006 -0.6551
vn -0.6406 -0.3499 -0.6835
vn -0.7541 -0.2542 -0.6055
vn -0.7541 -0.2992 -0.5846
vn -0.6406 -0.2972 -0.7080
vn -0.7542 -0.2077 -0.6230
vn -0.6406 -0.2428 -0.7285
vn -0.7542 -0.1599 -0.6369
vn -0.8487 -0.1288 -0.5129
vn -0.8487 -0.1672 -0.5017
vn -0.9218 -0.0657 -0.3820
vn -0.9218 -0.0944 -0.3760
vn -0.8487 -0.0896 -0.5212
vn -0.9218 -0.0366 -0.3859
vn -0.8487 -0.0500 -0.5265
vn -0.9218 -0.0073 -0.3876
vn -0.9716 -0.0224 -0.2356
vn -0.9716 -0.0045 -0.2366
vn -0.9716 0.0134 -0.2362
vn -0.9218 0.0220 -0.3870
vn -0.9716 0.0313 -0.2345
vn -0.9968 0.0045 -0.0794
vn -0.9968 0.0105 -0.0789
vn -0.9968 0.0105 -0.0788
vn -0.9968 0.0164 -0.0778
vn -0.3413 -0.0328 0.9394
vn -0.3413 -0.1632 0.9257
vn -0.9968 -0.0015 -0.0795
vn -0.9968 -0.0075 -0.0792
vn -0.9968 -0.0135 -0.0784
vn -0.9716 -0.0401 -0.2332
vn -0.9968 -0.0194 -0.0771
vn -0.9716 -0.0576 -0.2295
vn -0.9218 -0.1226 -0.3678
vn -0.9716 -0.0748 -0.2245
vn -0.9218 -0.1500 -0.3574
vn -0.8487 -0.2047 -0.4876
vn -0.8487 -0.2410 -0.4707
vn -0.8487 -0.2410 -0.4708
vn -0.9218 -0.1766 -0.3451
vn -0.9716 -0.0916 -0.2182
vn -0.9716 -0.1078 -0.2106
vn -0.9716 -0.1234 -0.2019
vn -0.9218 -0.2022 -0.3307
vn -0.9218 -0.2267 -0.3145
vn -0.9716 -0.1384 -0.1920
vn -0.9716 -0.1383 -0.1919
vn -0.9968 -0.0465 -0.0645
vn -0.9968 -0.0415 -0.0679
vn -0.9968 -0.0362 -0.0708
vn -0.9968 -0.0308 -0.0733
vn -0.9968 -0.0252 -0.0755
vn -0.3413 0.2274 0.9120
vn -0.3413 0.3521 0.8715
vn -0.3413 0.0982 0.9348
vn -0.9968 -0.0194 -0.0772
vn -0.3413 0.4700 0.8140
vn -0.3413 0.5787 0.7407
vn -0.9968 -0.0513 -0.0608
vn -0.9716 -0.1525 -0.1809
vn -0.9716 -0.1657 -0.1689
vn -0.9968 -0.0557 -0.0568
vn -0.9218 -0.2917 -0.2554
vn -0.9218 -0.2715 -0.2767
vn -0.9716 -0.1780 -0.1559
vn -0.8487 -0.3979 -0.3484
vn -0.8487 -0.3704 -0.3775
vn -0.7541 -0.4941 -0.4326
vn -0.7541 -0.4600 -0.4688
vn -0.8487 -0.3408 -0.4044
vn -0.7541 -0.4232 -0.5022
vn -0.7541 -0.4600 -0.4687
vn -0.8487 -0.3092 -0.4290
vn -0.7542 -0.4232 -0.5021
vn -0.7542 -0.3840 -0.5327
vn -0.7542 -0.3426 -0.5602
vn -0.8487 -0.2759 -0.4512
vn -0.6406 -0.4490 -0.6230
vn -0.7542 -0.3426 -0.5603
vn -0.6406 -0.6143 -0.4607
vn -0.6406 -0.5777 -0.5059
vn -0.5109 -0.6500 -0.5625
vn -0.5108 -0.6878 -0.5158
vn -0.5205 -0.6424 -0.5625
vn -0.6406 -0.5777 -0.5058
vn -0.0088 -0.7899 -0.6132
vn -0.5427 -0.6635 -0.5151
vn 0.0292 -0.7558 -0.6541
vn -0.5111 -0.6984 -0.5010
vn -0.0000 -0.8126 -0.5829
vn -0.0000 -0.7953 -0.6062
vn -0.0164 -0.8053 -0.5927
vn -0.0104 -0.8424 -0.5388
vn -0.5109 -0.7242 -0.4632
vn 0.0321 -0.8332 -0.5521
vn -0.5133 -0.7236 -0.4615
vn -0.9218 -0.2498 -0.2964
vn -0.9218 -0.2498 -0.2965
vn -0.9968 -0.0598 -0.0524
vn -0.9968 -0.0636 -0.0477
vn -0.9716 -0.1893 -0.1420
vn -0.3413 0.6761 0.6530
vn -0.3413 0.7604 0.5525
vn -0.3413 0.8299 0.4413
vn -0.3413 0.8833 0.3215
vn -0.9968 -0.0750 -0.0266
vn -0.9968 -0.0728 -0.0322
vn -0.9716 -0.2230 -0.0790
vn -0.9716 -0.2230 -0.0791
vn -0.9968 -0.0727 -0.0322
vn -0.9716 -0.2284 -0.0620
vn -0.9218 -0.3741 -0.1015
vn -0.9218 -0.3807 -0.0729
vn -0.9716 -0.2324 -0.0445
vn -0.9968 -0.0781 -0.0150
vn -0.9968 -0.0768 -0.0208
vn -0.9968 -0.0790 -0.0090
vn -0.9716 -0.2351 -0.0268
vn -0.9218 -0.3852 -0.0439
vn -0.9218 -0.3874 -0.0147
vn -0.9716 -0.2364 -0.0090
vn -0.8487 -0.5285 -0.0200
vn -0.9218 -0.3874 0.0147
vn -0.8487 -0.5285 0.0200
vn -0.7542 -0.6562 0.0248
vn -0.7541 -0.6525 0.0744
vn -0.7542 -0.6525 0.0744
vn -0.8487 -0.5254 0.0599
vn -0.7542 -0.6450 0.1235
vn -0.8487 -0.5194 0.0995
vn -0.8487 -0.5255 0.0599
vn -0.9218 -0.3807 0.0729
vn -0.9218 -0.3851 0.0439
vn -0.9218 -0.3852 0.0439
vn -0.9218 -0.3741 0.1015
vn -0.8487 -0.5104 0.1385
vn -0.7542 -0.6189 0.2194
vn -0.8487 -0.4984 0.1767
vn -0.7541 -0.6190 0.2194
vn -0.7541 -0.6338 0.1720
vn -0.6406 -0.7238 0.2565
vn -0.6406 -0.7237 0.2565
vn -0.6406 -0.7411 0.2011
vn -0.7542 -0.6338 0.1720
vn -0.9716 -0.2284 0.0620
vn -0.9716 -0.2324 0.0445
vn -0.9716 -0.2351 0.0268
vn -0.9968 -0.0781 0.0150
vn -0.9968 -0.0790 0.0090
vn -0.9968 -0.0795 0.0030
vn -0.3413 0.9377 -0.0656
vn -0.3413 0.9194 -0.1954
vn -0.3413 0.8833 -0.3215
vn -0.9968 -0.0750 0.0266
vn -0.9968 -0.0768 0.0208
vn -0.9716 -0.2164 0.0957
vn -0.9716 -0.2230 0.0791
vn -0.9716 -0.2230 0.0790
vn -0.3413 0.9377 0.0656
vn -0.9968 -0.0795 -0.0030
vn -0.9716 -0.2365 -0.0090
vn -0.9716 -0.2365 0.0090
vn -0.9716 -0.2364 0.0090
vn -0.3413 0.9194 0.1954
vn -0.9218 -0.3654 0.1295
vn -0.8487 -0.4985 0.1767
vn -0.7541 -0.6562 -0.0248
vn -0.7541 -0.6562 0.0248
vn -0.8487 -0.5254 -0.0599
vn -0.8487 -0.5255 -0.0599
vn -0.7541 -0.6525 -0.0744
vn -0.6406 -0.7673 0.0291
vn -0.6406 -0.7674 0.0291
vn -0.9218 -0.3851 -0.0439
vn -0.9968 -0.0701 -0.0376
vn -0.9968 -0.0671 -0.0428
vn -0.3413 0.6762 0.6529
vn -0.7542 -0.2992 -0.5845
vn -0.3413 -0.2905 0.8940
vn -0.3413 -0.4120 0.8448
vn -0.9968 0.0280 -0.0745
vn -0.9968 0.0335 -0.0721
vn -0.9716 0.0833 -0.2215
vn -0.9716 0.0998 -0.2145
vn -0.9716 0.0998 -0.2146
vn -0.9716 0.1157 -0.2064
vn -0.9968 0.0389 -0.0694
vn -0.9968 0.0440 -0.0662
vn -0.9716 0.1310 -0.1970
vn -0.9968 0.0489 -0.0627
vn -0.3413 -0.6290 0.6985
vn -0.3413 -0.5256 0.7793
vn -0.9968 0.0578 -0.0546
vn -0.9968 0.0535 -0.0588
vn -0.9968 0.0535 -0.0589
vn -0.9716 0.1455 -0.1866
vn -0.9716 0.1592 -0.1750
vn -0.9218 0.2146 -0.3228
vn -0.9218 0.2384 -0.3057
vn -0.8487 0.2928 -0.4404
vn -0.8487 0.3252 -0.4170
vn -0.8487 0.3558 -0.3912
vn -0.9218 0.2608 -0.2868
vn -0.9218 0.2818 -0.2662
vn -0.9716 0.1720 -0.1625
vn -0.9716 0.1838 -0.1490
vn -0.9218 0.3011 -0.2441
vn -0.9218 0.3011 -0.2442
vn -0.8487 0.4108 -0.3331
vn -0.8487 0.3844 -0.3632
vn -0.7542 0.4419 -0.4858
vn -0.7542 0.4773 -0.4510
vn -0.7541 0.4419 -0.4858
vn -0.8487 0.3559 -0.3912
vn -0.7541 0.4039 -0.5179
vn -0.6406 0.5167 -0.5681
vn -0.6406 0.4723 -0.6055
vn -0.6406 0.4722 -0.6055
vn -0.5110 0.5168 -0.6869
vn -0.5109 0.4796 -0.7135
vn -0.5195 0.4730 -0.7116
vn -0.5292 0.5218 -0.6691
vn -0.6406 0.4251 -0.6395
vn -0.0000 0.6012 -0.7991
vn -0.0000 0.6310 -0.7757
vn -0.5111 0.5424 -0.6668
vn -0.0041 0.6288 -0.7776
vn 0.0092 0.6714 -0.7410
vn -0.5109 0.5772 -0.6370
vn -0.0000 0.6693 -0.7430
vn -0.0000 0.7019 -0.7123
vn 0.0019 0.6989 -0.7152
vn -0.5111 0.6008 -0.6147
vn -0.5144 0.5770 -0.6344
vn 0.5109 0.5772 -0.6370
vn 0.5144 0.5770 -0.6344
vn -0.0092 0.6714 -0.7410
vn 0.5111 0.6008 -0.6147
vn -0.0019 0.6989 -0.7152
vn 0.0111 0.7268 -0.6867
vn 0.0464 0.7171 -0.6954
vn -0.0000 -0.6962 -0.7179
vn -0.0000 0.7179 -0.6962
vn -0.0286 0.7266 -0.6865
vn -0.0000 0.7410 -0.6715
vn -0.0068 0.7179 -0.6961
vn -0.0000 0.6962 0.7179
vn -0.0000 0.7612 -0.6485
vn -0.5111 0.6543 -0.5574
vn -0.5108 0.6249 -0.5904
vn 0.5110 0.6543 -0.5574
vn 0.5277 0.6598 -0.5350
vn 0.5110 0.6749 -0.5324
vn 0.0116 0.7851 -0.6193
vn -0.0000 0.7789 -0.6272
vn -0.0000 -0.6026 -0.7981
vn -0.0055 0.7980 -0.6026
vn 0.0120 0.8170 -0.5766
vn -0.0000 0.8209 -0.5711
vn -0.0000 0.6026 0.7980
vn -0.0000 0.7980 -0.6026
vn -0.0120 0.8170 -0.5766
vn 0.0169 0.7850 -0.6192
vn -0.0359 0.7975 -0.6023
vn -0.5366 0.6625 -0.5226
vn -0.5110 0.7023 -0.4957
vn -0.5109 0.6677 -0.5414
vn -0.5243 0.7001 -0.4848
vn -0.6406 0.5965 -0.4836
vn -0.6406 0.6313 -0.4371
vn -0.7542 0.5399 -0.3738
vn -0.6406 0.6626 -0.3881
vn -0.7542 0.5666 -0.3319
vn -0.7541 0.5666 -0.3319
vn -0.7542 0.5901 -0.2881
vn -0.6406 0.6900 -0.3369
vn -0.8487 0.4752 -0.2320
vn -0.7542 0.6102 -0.2427
vn -0.8487 0.4914 -0.1954
vn -0.8487 0.4915 -0.1954
vn -0.8487 0.5048 -0.1577
vn -0.9218 0.3602 -0.1432
vn -0.9218 0.3700 -0.1156
vn -0.9716 0.2305 -0.0533
vn -0.9218 0.3777 -0.0873
vn -0.9716 0.2258 -0.0706
vn -0.9716 0.2339 -0.0357
vn -0.9218 0.3832 -0.0585
vn -0.8487 0.5228 -0.0798
vn -0.8487 0.5153 -0.1191
vn -0.8487 0.5152 -0.1191
vn -0.7541 0.6268 -0.1958
vn -0.7541 0.6398 -0.1479
vn -0.7542 0.6268 -0.1958
vn -0.6406 0.7136 -0.2838
vn -0.6406 0.7330 -0.2290
vn -0.5289 0.7886 -0.3136
vn -0.5213 0.7668 -0.3744
vn -0.5110 0.7935 -0.3304
vn -0.5109 0.7749 -0.3722
vn -0.0000 0.9371 -0.3492
vn -0.0000 0.9293 -0.3693
vn -0.0000 0.9370 -0.3492
vn -0.0072 0.9231 -0.3844
vn -0.5111 0.8054 -0.3001
vn -0.0000 0.9501 -0.3120
vn -0.0699 0.9587 -0.2757
vn -0.0000 0.9543 -0.2988
vn -0.5109 0.8204 -0.2569
vn 0.0261 0.9540 -0.2987
vn -0.0000 0.9610 -0.2764
vn -0.0000 -0.2737 -0.9618
vn 0.5109 0.8204 -0.2569
vn 0.5120 0.8199 -0.2561
vn 0.5112 0.8291 -0.2265
vn -0.0000 0.9647 -0.2635
vn 0.5108 0.7988 -0.3177
vn 0.6406 0.7136 -0.2838
vn 0.5415 0.7761 -0.3232
vn 0.5111 0.8054 -0.3001
vn 0.6405 0.7330 -0.2290
vn 0.6405 0.7136 -0.2838
vn 0.6405 0.6901 -0.3369
vn 0.7542 0.5901 -0.2881
vn 0.7542 0.6102 -0.2427
vn 0.7542 0.5666 -0.3319
vn 0.8487 0.4752 -0.2320
vn 0.8487 0.4564 -0.2673
vn 0.8487 0.4563 -0.2673
vn 0.8487 0.4348 -0.3011
vn 0.9218 0.3187 -0.2207
vn 0.9218 0.3345 -0.1959
vn 0.9218 0.3011 -0.2441
vn 0.9716 0.1945 -0.1347
vn 0.9716 0.1838 -0.1490
vn 0.9716 0.1720 -0.1625
vn 0.9968 0.0578 -0.0546
vn 0.9968 0.0618 -0.0501
vn 0.9968 0.0654 -0.0453
vn 0.9716 0.2042 -0.1196
vn 0.9968 0.0686 -0.0402
vn 0.9716 0.2126 -0.1038
vn 0.9968 0.0715 -0.0349
vn 0.9716 0.2199 -0.0874
vn 0.9968 0.0739 -0.0294
vn 0.9716 0.2258 -0.0706
vn 0.9716 0.2258 -0.0705
vn 0.9968 0.0759 -0.0237
vn 0.9218 0.3777 -0.0873
vn 0.9218 0.3700 -0.1156
vn 0.9716 0.2305 -0.0533
vn 0.9218 0.3832 -0.0585
vn 0.9716 0.2339 -0.0357
vn 0.9968 0.0786 -0.0120
vn 0.9968 0.0775 -0.0179
vn 0.9968 0.0793 -0.0060
vn 0.9716 0.2359 -0.0179
vn 0.9716 0.2366 -0.0000
vn 0.9968 0.0796 -0.0000
vn 0.9716 0.2359 0.0179
vn 0.9968 0.0793 0.0060
vn 0.9968 0.0786 0.0120
vn 0.9716 0.2305 0.0533
vn 0.9716 0.2339 0.0357
vn 0.9968 0.0775 0.0179
vn 0.9716 0.2258 0.0705
vn 0.9716 0.2259 0.0706
vn 0.9968 0.0759 0.0237
vn 0.9218 0.3602 0.1432
vn 0.9218 0.3700 0.1156
vn 0.9716 0.2199 0.0874
vn 0.9218 0.3483 0.1701
vn 0.9716 0.2126 0.1038
vn 0.9968 0.0715 0.0349
vn 0.9968 0.0739 0.0294
vn 0.3413 -0.9035 -0.2591
vn 0.3413 -0.8587 -0.3823
vn 0.3413 -0.7971 -0.4981
vn 0.9968 0.0686 0.0402
vn 0.9968 0.0654 0.0453
vn 0.9716 0.1945 0.1347
vn 0.9716 0.2042 0.1196
vn 0.9968 0.0618 0.0501
vn 0.9716 0.1838 0.1490
vn 0.9716 0.1720 0.1625
vn 0.9968 0.0578 0.0546
vn 0.9716 0.1592 0.1750
vn 0.9968 0.0535 0.0588
vn 0.9968 0.0489 0.0627
vn 0.9716 0.1310 0.1971
vn 0.9968 0.0440 0.0662
vn 0.9716 0.1455 0.1866
vn 0.9218 0.2146 0.3228
vn 0.9218 0.2384 0.3056
vn 0.8487 0.2928 0.4404
vn 0.8487 0.3252 0.4170
vn 0.8487 0.3253 0.4170
vn 0.8487 0.3559 0.3912
vn 0.9218 0.2608 0.2867
vn 0.9218 0.2608 0.2868
vn 0.8487 0.3844 0.3632
vn 0.9218 0.2817 0.2662
vn 0.9218 0.2818 0.2662
vn 0.8487 0.4108 0.3331
vn 0.9218 0.3011 0.2441
vn 0.8487 0.4348 0.3011
vn 0.9218 0.3187 0.2207
vn 0.7541 0.5101 0.4136
vn 0.7542 0.5101 0.4136
vn 0.7542 0.5399 0.3738
vn 0.7542 0.5666 0.3319
vn 0.8487 0.4563 0.2673
vn 0.8487 0.4564 0.2673
vn 0.7542 0.5901 0.2881
vn 0.8487 0.4753 0.2321
vn 0.8487 0.4752 0.2321
vn 0.7542 0.6102 0.2427
vn 0.8487 0.4915 0.1954
vn 0.8487 0.4914 0.1954
vn 0.6406 0.6901 0.3369
vn 0.6405 0.7136 0.2838
vn 0.6406 0.6900 0.3369
vn 0.5213 0.7668 0.3744
vn 0.5111 0.7601 0.4013
vn 0.5108 0.7418 0.4345
vn 0.6406 0.6626 0.3881
vn 0.5110 0.7205 0.4687
vn 0.5242 0.7001 0.4848
vn 0.6406 0.6313 0.4371
vn 0.5109 0.7023 0.4957
vn 0.5108 0.6678 0.5414
vn 0.6406 0.5965 0.4836
vn 0.6406 0.6314 0.4371
vn 0.5366 0.6625 0.5226
vn 0.5110 0.6543 0.5574
vn 0.5108 0.6249 0.5904
vn 0.6406 0.5582 0.5273
vn 0.6406 0.5964 0.4836
vn 0.5110 0.6009 0.6146
vn 0.5144 0.5770 0.6344
vn 0.6406 0.5167 0.5681
vn 0.7541 0.4774 0.4510
vn 0.7542 0.4418 0.4858
vn 0.7542 0.4773 0.4510
vn 0.6406 0.4723 0.6055
vn 0.7542 0.4039 0.5178
vn 0.7542 0.4419 0.4858
vn 0.6406 0.4251 0.6395
vn 0.7542 0.3635 0.5469
vn 0.6406 0.3755 0.6698
vn 0.7542 0.3212 0.5728
vn 0.7542 0.3636 0.5469
vn 0.6406 0.3238 0.6963
vn 0.7542 0.2769 0.5955
vn 0.7542 0.3211 0.5728
vn 0.5255 0.3588 0.7715
vn 0.5109 0.3544 0.7831
vn 0.5108 0.3025 0.8047
vn 0.6406 0.2702 0.7188
vn 0.5342 0.3071 0.7876
vn 0.5110 0.2817 0.8121
vn 0.5108 0.2408 0.8253
vn 0.5109 0.2408 0.8253
vn 0.6406 0.2151 0.7372
vn 0.6405 0.2151 0.7372
vn 0.7542 0.1839 0.6304
vn 0.7542 0.2311 0.6147
vn 0.7542 0.2769 0.5954
vn 0.8487 0.1861 0.4950
vn 0.8487 0.2230 0.4795
vn 0.8487 0.2230 0.4796
vn 0.9218 0.1634 0.3515
vn 0.8487 0.2586 0.4613
vn 0.9218 0.1896 0.3381
vn 0.9716 0.0998 0.2146
vn 0.9716 0.1157 0.2064
vn 0.9968 0.0389 0.0694
vn 0.9716 0.0998 0.2145
vn 0.9968 0.0335 0.0721
vn 0.9968 0.0280 0.0744
vn 0.9968 0.0280 0.0745
vn 0.9968 0.0223 0.0763
vn 0.9716 0.0489 0.2315
vn 0.9716 0.0663 0.2272
vn 0.9968 0.0164 0.0778
vn 0.9218 0.0801 0.3792
vn 0.9218 0.1086 0.3721
vn 0.9716 0.0663 0.2271
vn 0.9218 0.0801 0.3793
vn 0.8487 0.1093 0.5174
vn 0.8487 0.1093 0.5175
vn 0.8487 0.1481 0.5077
vn 0.8487 0.1861 0.4951
vn 0.9218 0.1364 0.3628
vn 0.7542 0.1357 0.6425
vn 0.6406 0.1587 0.7513
vn 0.7542 0.0868 0.6509
vn 0.6406 0.1014 0.7612
vn 0.6405 0.0436 0.7667
vn 0.6406 0.0436 0.7667
vn 0.7542 0.0373 0.6556
vn 0.7542 0.0867 0.6509
vn 0.8487 0.0300 0.5280
vn 0.8487 0.0699 0.5242
vn 0.9218 0.0512 0.3842
vn 0.5166 0.1770 0.8377
vn 0.6405 0.1587 0.7513
vn 0.5109 0.1750 0.8417
vn 0.5110 0.1299 0.8497
vn 0.5293 0.1121 0.8410
vn 0.5110 0.0977 0.8540
vn -0.0000 0.1136 0.9935
vn -0.0000 0.1360 0.9907
vn 0.0042 0.1511 0.9885
vn -0.0000 0.1838 0.9830
vn -0.0000 0.9924 -0.1229
vn -0.0363 0.1836 0.9823
vn -0.0000 0.1229 0.9924
vn -0.0191 0.0606 0.9980
vn 0.0091 0.1195 0.9928
vn -0.0000 0.0665 0.9978
vn -0.0000 -0.9924 0.1229
vn -0.0063 0.1137 0.9935
vn 0.0191 0.0606 0.9980
vn -0.0000 0.1195 0.9928
vn -0.0000 0.1511 0.9885
vn -0.0229 0.1360 0.9904
vn -0.5110 0.1299 0.8497
vn 0.0363 0.1836 0.9823
vn -0.0119 0.2035 0.9790
vn -0.5109 0.1750 0.8417
vn -0.0000 0.2324 0.9726
vn -0.0000 0.2404 0.9707
vn -0.5111 0.2066 0.8343
vn -0.5166 0.1770 0.8377
vn -0.5109 0.2408 0.8253
vn -0.6406 0.2151 0.7372
vn -0.5108 0.2408 0.8253
vn -0.6406 0.1587 0.7513
vn -0.0000 0.3277 0.9448
vn -0.0000 0.2883 0.9575
vn 0.0106 0.2801 0.9599
vn -0.0964 0.2476 0.9641
vn -0.5110 0.2817 0.8121
vn -0.0000 0.9698 -0.2441
vn 0.0202 0.2800 0.9598
vn -0.0022 0.2488 0.9686
vn 0.0824 0.2317 0.9693
vn -0.0000 0.2035 0.9791
vn -0.0000 -0.9698 0.2439
vn -0.0000 0.2439 0.9698
vn -0.0000 0.3278 0.9448
vn -0.0000 0.3423 0.9396
vn -0.0061 0.3633 0.9317
vn -0.0000 0.3424 0.9396
vn -0.5110 0.3123 0.8009
vn -0.5270 0.2991 0.7955
vn -0.5108 0.3625 0.7795
vn -0.6406 0.3238 0.6963
vn -0.6406 0.2702 0.7188
vn -0.6406 0.2151 0.7371
vn -0.7541 0.2311 0.6147
vn -0.7541 0.1839 0.6304
vn -0.7542 0.1839 0.6304
vn -0.7542 0.1357 0.6425
vn -0.8487 0.1093 0.5174
vn -0.8487 0.1481 0.5077
vn -0.9218 0.0512 0.3843
vn -0.9218 0.0801 0.3793
vn -0.8487 0.0699 0.5242
vn -0.9218 0.0220 0.3870
vn -0.9716 -0.0045 0.2366
vn -0.9716 0.0134 0.2362
vn -0.9968 -0.0075 0.0792
vn -0.9968 -0.0015 0.0795
vn -0.3413 -0.0328 -0.9394
vn -0.3413 -0.1632 -0.9257
vn -0.3413 -0.2905 -0.8940
vn -0.9968 0.0280 0.0745
vn -0.9968 0.0223 0.0764
vn -0.9968 0.0335 0.0721
vn -0.9716 0.0998 0.2145
vn -0.9716 0.0998 0.2146
vn -0.9716 0.0833 0.2215
vn -0.9218 0.1635 0.3515
vn -0.9218 0.1364 0.3628
vn -0.9218 0.1364 0.3629
vn -0.9218 0.1086 0.3721
vn -0.9716 0.0663 0.2271
vn -0.9716 0.0489 0.2315
vn -0.9968 0.0105 0.0788
vn -0.9968 0.0164 0.0778
vn -0.9716 0.0313 0.2345
vn -0.9968 0.0045 0.0794
vn -0.8487 0.1861 0.4950
vn -0.8487 0.2230 0.4795
vn -0.7541 0.2769 0.5955
vn -0.7542 0.2311 0.6147
vn -0.7541 0.3212 0.5728
vn -0.6406 0.3755 0.6698
vn -0.5195 0.4730 0.7116
vn -0.6406 0.4251 0.6395
vn -0.5111 0.4522 0.7309
vn -0.5108 0.4204 0.7499
vn -0.0205 0.5578 0.8298
vn -0.5109 0.4796 0.7135
vn -0.0000 0.5473 0.8369
vn -0.0000 0.5261 0.8504
vn 0.5111 0.4522 0.7309
vn 0.5108 0.4204 0.7499
vn 0.0288 0.4888 0.8719
vn -0.0000 0.5048 0.8632
vn -0.0000 0.5049 0.8632
vn -0.0000 0.8810 -0.4730
vn 0.0021 0.4731 0.8810
vn -0.0014 0.4466 0.8948
vn -0.0000 0.4479 0.8941
vn -0.0000 -0.8810 0.4731
vn -0.0000 0.4731 0.8810
vn 0.0014 0.4466 0.8948
vn -0.0043 0.4890 0.8723
vn -0.0576 0.4723 0.8796
vn -0.5111 0.3838 0.7691
vn -0.0000 0.4073 0.9133
vn 0.0148 0.4123 0.9109
vn -0.5307 0.3495 0.7722
vn -0.0000 0.9325 -0.3613
vn -0.0099 0.3612 0.9324
vn -0.0000 0.3612 0.9325
vn -0.0000 -0.9325 0.3612
vn 0.0055 0.3613 0.9325
vn 0.0090 0.3632 0.9316
vn -0.0148 0.4123 0.9109
vn 0.5111 0.3838 0.7691
vn 0.0595 0.5767 0.8148
vn -0.0000 -0.8162 0.5778
vn -0.0000 0.5778 0.8162
vn -0.0000 0.8162 -0.5778
vn -0.0000 0.6045 0.7966
vn -0.0055 0.6012 0.7991
vn 0.0042 0.5778 0.8162
vn 0.5110 0.5424 0.6668
vn 0.5292 0.5218 0.6691
vn -0.0255 0.6308 0.7755
vn 0.5110 0.5168 0.6869
vn 0.0055 0.6012 0.7991
vn -0.0000 0.6396 0.7687
vn -0.0000 -0.7390 0.6737
vn 0.0249 0.6735 0.7388
vn -0.0000 0.6737 0.7390
vn -0.0000 0.7390 -0.6737
vn -0.0000 0.6918 0.7220
vn -0.0162 0.6736 0.7389
vn -0.0222 0.6713 0.7409
vn -0.5109 0.5772 0.6370
vn -0.5110 0.6009 0.6146
vn -0.5144 0.5770 0.6344
vn -0.0000 0.6991 0.7150
vn -0.0000 0.7248 0.6889
vn -0.0084 0.7269 0.6867
vn -0.5108 0.6249 0.5904
vn 0.0033 0.7593 0.6508
vn -0.0000 0.7612 0.6485
vn -0.5110 0.6543 0.5574
vn -0.5277 0.6598 0.5350
vn -0.6406 0.5582 0.5274
vn -0.6406 0.5964 0.4836
vn -0.6406 0.5582 0.5273
vn -0.7542 0.4773 0.4510
vn -0.7542 0.4419 0.4858
vn -0.6406 0.5167 0.5681
vn -0.7541 0.4419 0.4858
vn -0.8487 0.3252 0.4170
vn -0.8487 0.3558 0.3912
vn -0.7541 0.4039 0.5178
vn -0.8487 0.2928 0.4404
vn -0.7541 0.3636 0.5469
vn -0.9218 0.1896 0.3381
vn -0.8487 0.2586 0.4613
vn -0.9218 0.2146 0.3228
vn -0.9716 0.1310 0.1970
vn -0.9716 0.1157 0.2064
vn -0.9968 0.0440 0.0662
vn -0.9968 0.0389 0.0694
vn -0.9968 0.0489 0.0627
vn -0.3413 -0.5256 -0.7793
vn -0.3413 -0.6290 -0.6985
vn -0.3413 -0.7201 -0.6042
vn -0.3413 -0.7971 -0.4981
vn -0.3413 -0.8587 -0.3823
vn -0.9968 0.0739 0.0294
vn -0.9968 0.0715 0.0349
vn -0.9716 0.2199 0.0874
vn -0.9716 0.2126 0.1038
vn -0.9968 0.0686 0.0402
vn -0.9716 0.2042 0.1196
vn -0.9968 0.0654 0.0453
vn -0.9716 0.1945 0.1347
vn -0.9218 0.3187 0.2207
vn -0.9218 0.3345 0.1959
vn -0.8487 0.4752 0.2320
vn -0.8487 0.4563 0.2673
vn -0.9218 0.3484 0.1701
vn -0.8487 0.4752 0.2321
vn -0.8487 0.4914 0.1954
vn -0.7542 0.6102 0.2427
vn -0.7541 0.6102 0.2427
vn -0.7541 0.5901 0.2881
vn -0.6406 0.7135 0.2837
vn -0.6406 0.6900 0.3369
vn -0.6405 0.7136 0.2838
vn -0.7542 0.5901 0.2881
vn -0.7541 0.5666 0.3319
vn -0.6406 0.6626 0.3881
vn -0.5213 0.7668 0.3744
vn -0.5111 0.7601 0.4013
vn -0.5108 0.7418 0.4345
vn -0.6406 0.6313 0.4371
vn -0.5108 0.7068 0.4894
vn -0.5110 0.7205 0.4687
vn -0.5282 0.6938 0.4896
vn -0.0000 0.8382 0.5453
vn -0.0136 0.8169 0.5766
vn -0.0000 0.8288 0.5595
vn -0.0000 0.8123 0.5832
vn -0.0000 -0.5524 0.8336
vn -0.0000 0.8336 0.5524
vn -0.0000 0.5524 -0.8336
vn 0.0003 0.8380 0.5456
vn -0.0010 0.8629 0.5055
vn -0.0000 0.8627 0.5057
vn -0.0000 0.8170 0.5766
vn 0.0483 0.8278 0.5589
vn 0.0010 0.8629 0.5054
vn -0.0003 0.8380 0.5456
vn -0.7542 0.5399 0.3738
vn -0.7542 0.5101 0.4136
vn -0.6406 0.5965 0.4836
vn -0.7541 0.5101 0.4136
vn -0.8487 0.4108 0.3331
vn -0.7541 0.4774 0.4510
vn -0.8487 0.3844 0.3632
vn -0.9218 0.2818 0.2662
vn -0.9218 0.2608 0.2868
vn -0.8487 0.3559 0.3912
vn -0.9716 0.1592 0.1750
vn -0.9716 0.1720 0.1625
vn -0.9968 0.0535 0.0589
vn -0.9968 0.0578 0.0546
vn -0.9968 0.0535 0.0588
vn -0.9716 0.1838 0.1490
vn -0.9968 0.0618 0.0501
vn -0.9218 0.3011 0.2441
vn -0.9218 0.3011 0.2442
vn -0.8487 0.4348 0.3011
vn -0.8487 0.4348 0.3010
vn -0.9716 0.1455 0.1866
vn -0.9218 0.2384 0.3057
vn -0.0481 0.7683 0.6383
vn -0.0000 0.7851 0.6193
vn -0.0000 0.7853 0.6191
vn -0.5110 0.6749 0.5324
vn -0.0000 0.6506 -0.7594
vn -0.0000 0.7689 0.6393
vn 0.0006 0.7851 0.6193
vn -0.0000 0.7594 0.6506
vn 0.0084 0.7269 0.6867
vn -0.0032 0.7593 0.6508
vn -0.0000 -0.6506 0.7594
vn -0.0000 0.8843 0.4668
vn -0.0000 0.8890 0.4579
vn -0.0000 0.8891 0.4577
vn -0.0005 0.9014 0.4330
vn -0.5109 0.7749 0.3722
vn -0.0000 0.9232 0.3844
vn -0.5415 0.7761 0.3232
vn -0.0000 0.9086 0.4176
vn -0.0363 0.8946 0.4454
vn -0.5108 0.7988 0.3177
vn -0.0000 0.4457 -0.8952
vn -0.0000 0.8952 0.4457
vn -0.0000 -0.4456 0.8952
vn 0.0197 0.9012 0.4329
vn 0.0003 0.8952 0.4457
vn 0.5110 0.7935 0.3304
vn 0.5109 0.7749 0.3722
vn 0.5111 0.8054 0.3001
vn 0.5289 0.7886 0.3136
vn 0.0051 0.9370 0.3492
vn -0.0000 0.9345 0.3560
vn -0.0056 0.9431 0.3324
vn -0.0000 -0.3323 0.9432
vn -0.0000 0.3324 -0.9431
vn -0.0000 0.9432 0.3323
vn -0.0000 0.9571 0.2899
vn -0.1002 0.9384 0.3308
vn 0.5111 0.8291 0.2265
vn -0.0000 0.9647 0.2635
vn 0.5120 0.8199 0.2561
vn 0.5109 0.8204 0.2569
vn 0.0210 0.9541 0.2987
vn -0.0283 0.9739 0.2251
vn -0.5109 0.8376 0.1936
vn -0.0000 0.9692 0.2461
vn -0.5112 0.8291 0.2265
vn -0.5108 0.8376 0.1936
vn -0.6406 0.7482 0.1729
vn -0.6406 0.7330 0.2290
vn -0.5120 0.8199 0.2561
vn -0.7541 0.6399 0.1479
vn -0.7541 0.6268 0.1958
vn -0.8487 0.5048 0.1577
vn -0.8487 0.5152 0.1191
vn -0.9218 0.3700 0.1156
vn -0.9218 0.3777 0.0873
vn -0.8487 0.5153 0.1191
vn -0.8487 0.5228 0.0798
vn -0.9218 0.3832 0.0585
vn -0.8487 0.5274 0.0400
vn -0.9218 0.3865 0.0293
vn -0.9218 0.3866 0.0293
vn -0.9716 0.2359 0.0179
vn -0.9716 0.2339 0.0357
vn -0.9218 0.3877 -0.0000
vn -0.9716 0.2366 -0.0000
vn -0.9968 0.0796 -0.0000
vn -0.9968 0.0793 0.0060
vn -0.9968 0.0786 0.0120
vn -0.3413 -0.9400 -0.0000
vn -0.3413 -0.9308 -0.1308
vn -0.3413 -0.9308 0.1308
vn -0.9968 0.0793 -0.0060
vn -0.9968 0.0786 -0.0120
vn -0.9968 0.0775 -0.0179
vn -0.9968 0.0759 -0.0237
vn -0.9968 0.0739 -0.0294
vn -0.9716 0.2126 -0.1038
vn -0.9716 0.2199 -0.0874
vn -0.9968 0.0715 -0.0349
vn -0.9218 0.3345 -0.1959
vn -0.9716 0.2042 -0.1196
vn -0.9218 0.3484 -0.1701
vn -0.8487 0.4563 -0.2673
vn -0.9218 0.3483 -0.1701
vn -0.9218 0.3187 -0.2207
vn -0.9716 0.1945 -0.1347
vn -0.9968 0.0654 -0.0453
vn -0.9968 0.0686 -0.0402
vn -0.3413 -0.7971 0.4981
vn -0.3413 -0.8587 0.3823
vn -0.3413 -0.7201 0.6042
vn -0.9968 0.0618 -0.0501
vn -0.8487 0.4348 -0.3010
vn -0.8487 0.4348 -0.3011
vn -0.7541 0.5101 -0.4136
vn -0.7542 0.5101 -0.4136
vn -0.7541 0.5399 -0.3738
vn -0.7541 0.4774 -0.4510
vn -0.6406 0.5964 -0.4836
vn -0.6406 0.5581 -0.5273
vn -0.6406 0.5582 -0.5273
vn -0.3413 -0.9035 0.2591
vn -0.3413 -0.9035 -0.2591
vn -0.9968 0.0775 0.0179
vn -0.9968 0.0759 0.0237
vn -0.9716 0.2305 0.0533
vn -0.9716 0.2258 0.0706
vn -0.9716 0.2359 -0.0179
vn -0.9218 0.3866 -0.0293
vn -0.9218 0.3865 -0.0293
vn -0.8487 0.5274 -0.0400
vn -0.8487 0.5289 -0.0000
vn -0.7541 0.6492 -0.0990
vn -0.7541 0.6548 -0.0497
vn -0.6406 0.7591 -0.1158
vn -0.6406 0.7657 -0.0581
vn -0.5110 0.8566 -0.0716
vn -0.5108 0.8498 -0.1297
vn -0.5228 0.8500 -0.0645
vn -0.5111 0.8587 -0.0391
vn -0.5108 0.8597 -0.0000
vn -0.6406 0.7679 -0.0000
vn -0.5111 0.8587 0.0391
vn -0.5228 0.8500 0.0645
vn -0.6406 0.7656 0.0581
vn -0.6406 0.7657 0.0581
vn -0.7541 0.6549 0.0497
vn -0.7541 0.6492 0.0990
vn -0.6406 0.7591 0.1158
vn -0.5109 0.8566 0.0716
vn -0.5110 0.8516 0.1171
vn -0.5284 0.8393 0.1281
vn -0.0050 0.9965 0.0833
vn 0.0045 0.9907 0.1362
vn -0.0000 0.9910 0.1340
vn -0.0000 -0.0923 0.9957
vn -0.0252 0.9954 0.0922
vn -0.0000 0.0923 -0.9957
vn -0.0000 0.9957 0.0922
vn 0.0034 0.9957 0.0922
vn 0.0170 0.9964 0.0833
vn -0.0000 0.9979 0.0644
vn 0.5111 0.8587 0.0391
vn -0.0000 0.9990 0.0455
vn 0.5228 0.8500 0.0645
vn 0.5109 0.8566 0.0716
vn 0.5108 0.8498 0.1297
vn 0.6406 0.7591 0.1158
vn 0.6406 0.7657 0.0581
vn 0.7542 0.6548 0.0497
vn 0.6406 0.7679 -0.0000
vn 0.7542 0.6567 -0.0000
vn 0.7542 0.6548 -0.0497
vn 0.8487 0.5289 -0.0000
vn 0.8487 0.5274 -0.0400
vn 0.9218 0.3876 -0.0000
vn 0.9218 0.3865 -0.0293
vn 0.9218 0.3865 0.0293
vn 0.8487 0.5274 0.0400
vn 0.8487 0.5228 0.0798
vn 0.8487 0.5229 0.0798
vn 0.9218 0.3832 0.0585
vn 0.8487 0.5152 0.1191
vn 0.8487 0.5153 0.1191
vn 0.9218 0.3777 0.0873
vn 0.8487 0.5049 0.1577
vn 0.8487 0.5048 0.1577
vn 0.7542 0.6268 0.1958
vn 0.7542 0.6398 0.1479
vn 0.6406 0.7330 0.2290
vn 0.6405 0.7330 0.2290
vn 0.6405 0.7482 0.1729
vn 0.7541 0.6492 0.0990
vn 0.7542 0.6492 0.0990
vn 0.6406 0.7482 0.1729
vn 0.7541 0.6548 0.0497
vn 0.7541 0.6548 -0.0497
vn 0.7541 0.6492 -0.0990
vn 0.8487 0.5228 -0.0798
vn 0.7542 0.6398 -0.1478
vn 0.8487 0.5153 -0.1191
vn 0.7542 0.6492 -0.0990
vn 0.6406 0.7591 -0.1158
vn 0.6406 0.7482 -0.1729
vn 0.7541 0.6398 -0.1479
vn 0.5108 0.8376 -0.1936
vn 0.5111 0.8465 -0.1493
vn 0.5284 0.8393 -0.1281
vn 0.0040 0.9848 -0.1736
vn 0.5110 0.8516 -0.1171
vn -0.0000 0.9907 -0.1362
vn -0.0000 0.9863 -0.1647
vn 0.0219 0.9888 -0.1479
vn -0.0000 -0.1534 -0.9882
vn -0.0000 -0.1535 -0.9882
vn -0.0000 0.9882 -0.1534
vn -0.0108 0.9863 -0.1647
vn -0.0000 0.9848 -0.1736
vn -0.0000 0.9890 -0.1479
vn -0.0000 0.9955 -0.0951
vn -0.0000 0.1534 0.9882
vn 0.0402 0.9957 -0.0832
vn -0.0107 0.9906 -0.1362
vn 0.5110 0.8566 -0.0716
vn 0.5228 0.8500 -0.0645
vn -0.0402 0.9957 -0.0832
vn 0.5111 0.8587 -0.0391
vn 0.0011 0.9990 -0.0455
vn -0.0000 0.9987 -0.0502
vn 0.0046 0.9995 -0.0308
vn -0.0011 0.9990 -0.0455
vn -0.0000 -0.0307 -0.9995
vn -0.0000 0.9995 -0.0308
vn -0.0000 0.9999 0.0119
vn -0.0000 0.0308 0.9995
vn 0.0890 0.9956 -0.0307
vn -0.0249 0.9997 -0.0000
vn -0.0167 0.9999 -0.0000
vn 0.5108 0.8597 -0.0000
vn 0.6406 0.7657 -0.0581
vn -0.5110 0.8465 -0.1493
vn -0.5391 0.8344 -0.1147
vn -0.0064 0.9743 -0.2251
vn -0.5108 0.8376 -0.1936
vn 0.0266 0.9765 -0.2139
vn 0.0002 0.9655 -0.2603
vn -0.0000 0.9768 -0.2139
vn -0.0000 0.2736 0.9618
vn -0.0000 0.9618 -0.2737
vn -0.0000 -0.2736 -0.9618
vn 1.0000 -0.0000 -0.0001
vn 0.1103 0.9596 -0.2588
vn -0.0266 0.9765 -0.2139
vn -0.5112 0.8291 -0.2264
vn -0.5121 0.8199 -0.2561
vn -0.6406 0.7482 -0.1729
vn 0.5109 0.8376 -0.1936
vn -0.0021 0.9743 -0.2251
vn 0.6406 0.7330 -0.2290
vn 0.7542 0.6268 -0.1958
vn 0.8487 0.5048 -0.1577
vn 0.8487 0.4915 -0.1954
vn 0.8487 0.4753 -0.2321
vn 0.9218 0.3602 -0.1432
vn 0.9218 0.3483 -0.1701
vn 0.5391 0.8344 0.1147
vn 0.5111 0.8465 0.1493
vn 0.5108 0.8376 0.1936
vn -0.0075 0.9848 0.1736
vn 0.0128 0.9742 0.2251
vn -0.0000 0.9840 0.1783
vn -0.0000 0.2139 -0.9768
vn 0.0433 0.9759 0.2138
vn -0.0000 0.9768 0.2139
vn -0.0000 0.2140 -0.9768
vn -0.0000 -0.2139 0.9768
vn -0.0084 0.9768 0.2139
vn 0.0075 0.9848 0.1736
vn -0.0045 0.9907 0.1362
vn -0.5111 0.8465 0.1493
vn -0.7542 0.6567 -0.0000
vn -0.7542 0.6548 0.0497
vn -0.7541 0.6399 -0.1479
vn -0.9218 0.3602 0.1432
vn 0.0269 0.9540 0.2987
vn -0.5109 0.8204 0.2569
vn -0.0051 0.9370 0.3492
vn -0.5111 0.8054 0.3001
vn 0.6406 0.7136 0.2838
vn -0.9218 0.3483 0.1701
vn -0.3413 -0.4120 -0.8448
vn -0.6406 0.4722 0.6055
vn -0.5108 0.5287 0.6779
vn -0.5438 0.5046 0.6706
vn -0.5110 0.5424 0.6668
vn 0.0255 0.6308 0.7755
vn 0.0181 0.6713 0.7409
vn 0.5109 0.4796 0.7135
vn -0.0121 0.5578 0.8299
vn 0.5109 0.5772 0.6370
vn 0.5195 0.4730 0.7116
vn -0.7541 0.0867 0.6510
vn -0.7541 0.1357 0.6425
vn -0.5461 0.0952 0.8323
vn 0.5109 0.0521 0.8581
vn 0.5177 0.0486 0.8542
vn 0.5111 0.0195 0.8593
vn -0.0004 0.0226 0.9997
vn -0.0000 0.0217 0.9998
vn -0.0016 -0.0000 1.0000
vn 0.0004 0.0226 0.9997
vn -0.0000 1.0000 -0.0000
vn -0.0000 -0.0000 1.0000
vn -0.0000 -0.0368 0.9993
vn -0.0000 -1.0000 -0.0000
vn 0.0592 -0.0000 0.9982
vn -0.0288 -0.0189 0.9994
vn 0.0033 -0.0189 0.9998
vn 0.5111 0.2066 0.8343
vn 0.9716 0.0833 0.2215
vn 0.9716 0.0313 0.2346
vn 0.3413 -0.5256 -0.7793
vn 0.3413 -0.4120 -0.8448
vn 0.3413 -0.2905 -0.8940
vn 0.9218 0.3345 0.1959
vn 0.3413 -0.6290 -0.6985
vn 0.3413 -0.7201 -0.6042
vn 0.3413 -0.9308 -0.1308
vn 0.3413 -0.7971 0.4981
vn 0.3413 -0.8587 0.3823
vn 0.3413 -0.6290 0.6985
vn 0.3413 -0.7201 0.6042
vn 0.9968 0.0489 -0.0627
vn 0.9968 0.0535 -0.0588
vn 0.9968 0.0535 -0.0589
vn 0.9716 0.1592 -0.1750
vn 0.9716 0.1455 -0.1866
vn 0.9218 0.2608 -0.2867
vn 0.9218 0.2384 -0.3057
vn 0.9218 0.2146 -0.3228
vn 0.9716 0.1310 -0.1970
vn 0.8487 0.3253 -0.4170
vn 0.8487 0.3252 -0.4170
vn 0.8487 0.2928 -0.4404
vn 0.8487 0.2928 -0.4405
vn 0.8487 0.2586 -0.4613
vn 0.9218 0.1896 -0.3381
vn 0.9716 0.1157 -0.2064
vn 0.9218 0.1634 -0.3515
vn 0.9716 0.0998 -0.2146
vn 0.9716 0.0833 -0.2215
vn 0.9968 0.0280 -0.0745
vn 0.9968 0.0335 -0.0721
vn 0.9716 0.0663 -0.2272
vn 0.9968 0.0223 -0.0763
vn 0.9968 0.0223 -0.0764
vn 0.9968 0.0164 -0.0778
vn 0.9968 0.0105 -0.0789
vn 0.9716 0.0489 -0.2315
vn 0.9716 0.0313 -0.2345
vn 0.9218 0.0801 -0.3792
vn 0.9218 0.0512 -0.3842
vn 0.9218 0.0220 -0.3870
vn 0.9716 0.0134 -0.2362
vn 0.9716 -0.0045 -0.2366
vn 0.9968 0.0045 -0.0794
vn 0.9968 -0.0015 -0.0795
vn 0.9968 -0.0075 -0.0792
vn 0.3413 0.0982 0.9348
vn 0.3413 -0.0328 0.9394
vn 0.3413 0.2274 0.9120
vn 0.9968 -0.0194 -0.0772
vn 0.9968 -0.0135 -0.0784
vn 0.9716 -0.0401 -0.2332
vn 0.9968 -0.0194 -0.0771
vn 0.9716 -0.0576 -0.2295
vn 0.9968 -0.0252 -0.0755
vn 0.9716 -0.0748 -0.2245
vn 0.9716 -0.0916 -0.2182
vn 0.9968 -0.0308 -0.0733
vn 0.9968 -0.0362 -0.0708
vn 0.3413 0.4700 0.8140
vn 0.3413 0.3521 0.8715
vn 0.3413 0.5787 0.7407
vn 0.3413 0.6761 0.6530
vn 0.9968 -0.0557 -0.0568
vn 0.9968 -0.0513 -0.0608
vn 0.9716 -0.1525 -0.1809
vn 0.9716 -0.1657 -0.1689
vn 0.9968 -0.0598 -0.0524
vn 0.9716 -0.1780 -0.1559
vn 0.9968 -0.0636 -0.0477
vn 0.9716 -0.1893 -0.1420
vn 0.9218 -0.2916 -0.2553
vn 0.9218 -0.2916 -0.2554
vn 0.9218 -0.3101 -0.2326
vn 0.8487 -0.3979 -0.3484
vn 0.8487 -0.4231 -0.3173
vn 0.7541 -0.4941 -0.4326
vn 0.7542 -0.4941 -0.4326
vn 0.7542 -0.5254 -0.3940
vn 0.7542 -0.5537 -0.3531
vn 0.8487 -0.4459 -0.2844
vn 0.7542 -0.5788 -0.3102
vn 0.8487 -0.4662 -0.2499
vn 0.8487 -0.4661 -0.2499
vn 0.6405 -0.6474 -0.4129
vn 0.6406 -0.6474 -0.4129
vn 0.6406 -0.6768 -0.3628
vn 0.5111 -0.7410 -0.4356
vn 0.5132 -0.7236 -0.4615
vn 0.6406 -0.7023 -0.3106
vn 0.7542 -0.6006 -0.2656
vn 0.8487 -0.4837 -0.2139
vn 0.7542 -0.6189 -0.2194
vn 0.8487 -0.4985 -0.1767
vn 0.8487 -0.5104 -0.1385
vn 0.9218 -0.3654 -0.1295
vn 0.9218 -0.3741 -0.1015
vn 0.9716 -0.2230 -0.0790
vn 0.9716 -0.2284 -0.0620
vn 0.8487 -0.5194 -0.0995
vn 0.9218 -0.3807 -0.0729
vn 0.8487 -0.5255 -0.0599
vn 0.9218 -0.3851 -0.0439
vn 0.8487 -0.5195 -0.0995
vn 0.7542 -0.6450 -0.1235
vn 0.7542 -0.6524 -0.0744
vn 0.7542 -0.6525 -0.0744
vn 0.7542 -0.6562 -0.0248
vn 0.8487 -0.5285 -0.0200
vn 0.8487 -0.5285 0.0200
vn 0.9218 -0.3874 0.0147
vn 0.9218 -0.3873 -0.0147
vn 0.9218 -0.3873 0.0147
vn 0.8487 -0.5255 0.0599
vn 0.9218 -0.3851 0.0439
vn 0.9218 -0.3852 0.0439
vn 0.7542 -0.6562 0.0248
vn 0.7542 -0.6525 0.0744
vn 0.7542 -0.6524 0.0744
vn 0.7542 -0.6450 0.1235
vn 0.8487 -0.5194 0.0995
vn 0.8487 -0.5195 0.0995
vn 0.7542 -0.6338 0.1720
vn 0.8487 -0.5104 0.1385
vn 0.7541 -0.6190 0.2194
vn 0.8487 -0.4985 0.1767
vn 0.7541 -0.6338 0.1720
vn 0.6406 -0.7411 0.2011
vn 0.6406 -0.7238 0.2565
vn 0.7542 -0.6189 0.2194
vn 0.6406 -0.7238 0.2566
vn 0.6406 -0.7023 0.3106
vn 0.7542 -0.6006 0.2656
vn 0.5281 -0.7767 0.3434
vn 0.6406 -0.7023 0.3105
vn 0.5110 -0.7910 0.3365
vn 0.5109 -0.8078 0.2939
vn 0.5236 -0.8030 0.2847
vn 0.0167 -0.9396 0.3419
vn -0.0325 -0.9197 0.3913
vn 0.5108 -0.7577 0.4062
vn 0.6406 -0.6768 0.3628
vn 0.5110 -0.7777 0.3662
vn 0.6406 -0.6474 0.4129
vn 0.7542 -0.5537 0.3531
vn 0.7542 -0.5788 0.3102
vn 0.7542 -0.5254 0.3940
vn 0.8487 -0.4459 0.2844
vn 0.8487 -0.4231 0.3173
vn 0.8487 -0.3979 0.3484
vn 0.9218 -0.2916 0.2554
vn 0.9218 -0.3101 0.2326
vn 0.9218 -0.2916 0.2553
vn 0.8487 -0.3704 0.3775
vn 0.9218 -0.2715 0.2767
vn 0.7542 -0.4941 0.4326
vn 0.7541 -0.4941 0.4326
vn 0.7542 -0.4599 0.4687
vn 0.7541 -0.4599 0.4687
vn 0.7541 -0.4232 0.5022
vn 0.8487 -0.3408 0.4045
vn 0.8487 -0.3408 0.4044
vn 0.7542 -0.3840 0.5327
vn 0.8487 -0.3093 0.4291
vn 0.7542 -0.4232 0.5021
vn 0.6406 -0.4948 0.5872
vn 0.6406 -0.4490 0.6229
vn 0.6405 -0.4490 0.6230
vn 0.6405 -0.4006 0.6551
vn 0.7542 -0.3426 0.5602
vn 0.6405 -0.3499 0.6836
vn 0.7542 -0.2992 0.5845
vn 0.6405 -0.2972 0.7081
vn 0.7542 -0.2542 0.6055
vn 0.6406 -0.3499 0.6836
vn 0.7542 -0.2077 0.6230
vn 0.8487 -0.1672 0.5017
vn 0.8487 -0.1288 0.5129
vn 0.9218 -0.0944 0.3760
vn 0.7541 -0.2077 0.6230
vn 0.7541 -0.1599 0.6369
vn 0.6406 -0.2428 0.7285
vn 0.6406 -0.1870 0.7448
vn 0.7542 -0.1599 0.6369
vn 0.6406 -0.2972 0.7080
vn 0.5156 -0.3904 0.7627
vn 0.5111 -0.4184 0.7508
vn 0.5108 -0.4485 0.7334
vn 0.5109 -0.4485 0.7334
vn -0.0022 -0.5217 0.8531
vn 0.5111 -0.4850 0.7096
vn 0.0033 -0.5642 0.8256
vn -0.0195 -0.5263 0.8500
vn 0.0002 -0.4860 0.8740
vn -0.0000 -0.5264 0.8502
vn -0.0000 -0.8810 -0.4730
vn -0.0000 -0.8811 -0.4730
vn -0.0000 -0.4731 0.8810
vn -0.0000 0.8811 0.4730
vn -0.0000 -0.4868 0.8735
vn -0.0000 -0.4715 0.8819
vn 0.0022 -0.5217 0.8531
vn 0.0195 -0.5263 0.8501
vn -0.0002 -0.4860 0.8740
vn -0.0065 -0.5694 0.8220
vn -0.0000 0.8162 0.5778
vn -0.0000 -0.5778 0.8162
vn 0.0298 -0.5829 0.8120
vn -0.0000 -0.8162 -0.5778
vn -0.0000 -0.5694 0.8221
vn -0.0000 -0.5951 0.8037
vn -0.0000 -0.5831 0.8124
vn -0.0000 -0.5642 0.8256
vn 0.5274 -0.4968 0.6893
vn 0.5110 -0.5115 0.6908
vn 0.5108 -0.5540 0.6574
vn 0.6406 -0.5378 0.5481
vn 0.6406 -0.5777 0.5059
vn 0.5205 -0.6424 0.5625
vn 0.5109 -0.6500 0.5625
vn 0.5108 -0.6878 0.5158
vn 0.6406 -0.6144 0.4607
vn 0.5427 -0.6635 0.5151
vn 0.5111 -0.6984 0.5010
vn 0.5109 -0.7242 0.4632
vn 0.5133 -0.7236 0.4615
vn 0.6405 -0.6474 0.4130
vn 0.6405 -0.6144 0.4607
vn 0.0051 -0.8424 0.5388
vn 0.5111 -0.7410 0.4356
vn -0.0000 -0.8621 0.5068
vn 0.0503 -0.8325 0.5517
vn -0.0000 -0.8523 0.5231
vn -0.0000 -0.5523 -0.8336
vn -0.0000 -0.5524 -0.8336
vn -0.0000 0.5523 0.8336
vn -0.0000 -0.8336 0.5524
vn -0.0027 -0.8336 0.5524
vn 0.0028 -0.8125 0.5829
vn -0.0000 -0.8136 0.5814
vn -0.0000 -0.7867 0.6173
vn 0.0109 -0.7898 0.6132
vn -0.5110 -0.6790 0.5272
vn -0.5111 -0.6984 0.5010
vn -0.5290 -0.6789 0.5091
vn -0.0112 -0.7561 0.6543
vn -0.5109 -0.6500 0.5625
vn -0.0000 -0.6506 -0.7594
vn -0.0220 -0.7592 0.6505
vn -0.0000 -0.7594 0.6506
vn -0.0000 0.6506 0.7594
vn 0.0092 -0.7594 0.6506
vn 0.0179 -0.7561 0.6543
vn -0.0000 -0.7417 0.6708
vn -0.0109 -0.7898 0.6132
vn -0.0269 -0.8421 0.5386
vn -0.5109 -0.7242 0.4632
vn -0.0028 -0.8125 0.5829
vn 0.0253 -0.8811 0.4723
vn -0.0000 -0.8621 0.5067
vn -0.0000 -0.8755 0.4832
vn -0.0044 -0.8951 0.4457
vn -0.0000 0.4457 0.8952
vn -0.0000 -0.8952 0.4458
vn -0.0000 -0.4457 -0.8952
vn -0.0869 -0.8918 0.4441
vn 0.9218 -0.2498 0.2964
vn 0.9218 -0.3268 0.2084
vn 0.8487 -0.4662 0.2499
vn 0.8487 -0.4661 0.2499
vn 0.9218 -0.3416 0.1831
vn 0.9716 -0.1995 0.1272
vn 0.8487 -0.4837 0.2139
vn 0.9218 -0.3545 0.1568
vn 0.0035 -0.9047 0.4260
vn 0.5111 -0.8388 0.1876
vn 0.5221 -0.8377 0.1605
vn 0.6406 -0.7542 0.1445
vn 0.5109 -0.8454 0.1558
vn 0.5108 -0.8542 0.0974
vn 0.6406 -0.7629 0.0870
vn 0.5402 -0.8345 0.1082
vn 0.0022 -0.9917 0.1286
vn 0.0585 -0.9772 0.2040
vn -0.0000 -0.9834 0.1812
vn -0.0000 -0.9847 0.1743
vn -0.0000 -0.9915 0.1299
vn 0.5110 -0.8560 0.0782
vn -0.0000 -0.9942 0.1078
vn 0.6406 -0.7630 0.0870
vn 0.6406 -0.7673 0.0291
vn 0.6406 -0.7674 -0.0291
vn 0.6406 -0.7673 -0.0291
vn 0.5286 -0.8434 -0.0962
vn 0.6406 -0.7630 -0.0870
vn 0.5108 -0.8591 -0.0326
vn 0.5110 -0.8560 -0.0782
vn 0.5221 -0.8377 -0.1605
vn 0.5109 -0.8454 -0.1558
vn 0.6406 -0.7542 -0.1445
vn 0.5110 -0.8524 -0.1105
vn 0.6406 -0.7629 -0.0870
vn 0.0087 -0.9917 -0.1286
vn -0.0217 -0.9832 -0.1812
vn -0.0000 -0.9926 -0.1216
vn 0.0642 -0.9861 -0.1531
vn -0.0000 -0.1534 0.9882
vn -0.0087 -0.9917 -0.1286
vn 0.0056 -0.9881 -0.1534
vn -0.0000 -0.9882 -0.1534
vn -0.0000 0.1534 -0.9882
vn -0.0164 -0.9833 -0.1812
vn -0.0000 -0.9817 -0.1907
vn -0.5109 -0.8454 -0.1558
vn -0.0000 -0.9759 -0.2183
vn -0.5111 -0.8388 -0.1876
vn -0.5221 -0.8377 -0.1605
vn 0.5111 -0.8388 -0.1876
vn 0.5108 -0.8297 -0.2251
vn 0.0285 -0.9647 -0.2618
vn -0.0000 -0.9704 -0.2414
vn -0.0000 -0.2736 0.9618
vn 0.0075 -0.9618 -0.2737
vn -0.0000 -0.9618 -0.2736
vn -0.0000 0.2736 -0.9618
vn -0.0449 -0.9608 -0.2734
vn 0.5110 -0.8183 -0.2631
vn -0.0046 -0.9520 -0.3061
vn 0.6406 -0.7411 -0.2011
vn 0.5236 -0.8030 -0.2847
vn 0.6406 -0.7238 -0.2566
vn 0.7542 -0.6338 -0.1720
vn 0.7541 -0.6190 -0.2194
vn 0.7541 -0.6338 -0.1720
vn 0.6406 -0.7238 -0.2565
vn 0.5109 -0.8078 -0.2939
vn 0.5108 -0.7863 -0.3477
vn 0.6405 -0.7023 -0.3106
vn -0.5108 -0.8297 -0.2251
vn -0.6406 -0.7411 -0.2011
vn -0.0119 -0.9650 -0.2619
vn 0.6406 -0.7674 0.0291
vn 0.9218 -0.3874 -0.0147
vn 0.6405 -0.6144 -0.4607
vn 0.6406 -0.6143 -0.4607
vn 0.6406 -0.5777 -0.5059
vn 0.6406 -0.5378 -0.5481
vn 0.7541 -0.4600 -0.4687
vn 0.6406 -0.4948 -0.5872
vn 0.7542 -0.4232 -0.5022
vn 0.7542 -0.4599 -0.4687
vn 0.5249 -0.5485 -0.6509
vn 0.5109 -0.5476 -0.6627
vn 0.5108 -0.5027 -0.6974
vn 0.6406 -0.4490 -0.6230
vn 0.7542 -0.4231 -0.5021
vn 0.8487 -0.3408 -0.4044
vn 0.8487 -0.3704 -0.3775
vn 0.9218 -0.2498 -0.2964
vn 0.9218 -0.2715 -0.2767
vn 0.8487 -0.3093 -0.4290
vn 0.8487 -0.3092 -0.4290
vn 0.9218 -0.2267 -0.3145
vn 0.8487 -0.2759 -0.4512
vn 0.9218 -0.2022 -0.3307
vn 0.9218 -0.2266 -0.3144
vn 0.9716 -0.1383 -0.1919
vn 0.9716 -0.1234 -0.2019
vn 0.9716 -0.1384 -0.1919
vn 0.9218 -0.1766 -0.3451
vn 0.9218 -0.1766 -0.3450
vn 0.9716 -0.1078 -0.2106
vn 0.9716 -0.1234 -0.2018
vn 0.9968 -0.0415 -0.0679
vn 0.9218 -0.1500 -0.3574
vn 0.8487 -0.1672 -0.5017
vn 0.9218 -0.1226 -0.3677
vn 0.8487 -0.2047 -0.4876
vn 0.7542 -0.2076 -0.6230
vn 0.7542 -0.2077 -0.6230
vn 0.7542 -0.2542 -0.6055
vn 0.7542 -0.2992 -0.5845
vn 0.8487 -0.2410 -0.4708
vn 0.6406 -0.2972 -0.7080
vn 0.6406 -0.3499 -0.6835
vn 0.5292 -0.3284 -0.7824
vn 0.5110 -0.3184 -0.7984
vn 0.5109 -0.2755 -0.8143
vn 0.5186 -0.2704 -0.8111
vn 0.6406 -0.2428 -0.7285
vn 0.5111 -0.2445 -0.8240
vn 0.5108 -0.2094 -0.8338
vn 0.6406 -0.1870 -0.7448
vn 0.5111 -0.1684 -0.8429
vn 0.5260 -0.1442 -0.8382
vn 0.6406 -0.1302 -0.7568
vn 0.7542 -0.1113 -0.6472
vn 0.7542 -0.1599 -0.6369
vn 0.8487 -0.0896 -0.5212
vn 0.8487 -0.1288 -0.5130
vn 0.8487 -0.1288 -0.5129
vn 0.9218 -0.0944 -0.3759
vn 0.9218 -0.0657 -0.3820
vn 0.9218 -0.0944 -0.3760
vn 0.8487 -0.0500 -0.5265
vn 0.9218 -0.0366 -0.3859
vn 0.8487 -0.0100 -0.5288
vn 0.9218 -0.0073 -0.3876
vn 0.9218 -0.0073 -0.3875
vn 0.9716 -0.0224 -0.2356
vn 0.8487 0.0300 -0.5280
vn 0.7542 0.0867 -0.6509
vn 0.8487 0.0699 -0.5242
vn 0.7542 0.0373 -0.6556
vn 0.6406 0.1014 -0.7612
vn 0.6405 0.0436 -0.7667
vn 0.5176 0.0486 -0.8542
vn 0.5109 0.0521 -0.8581
vn 0.5109 0.1136 -0.8521
vn 0.5461 0.0952 -0.8323
vn -0.0180 0.1136 -0.9934
vn 0.0163 0.0615 -0.9980
vn 0.0183 0.0606 -0.9980
vn -0.0000 0.0357 -0.9994
vn -0.0000 0.0615 -0.9981
vn 0.0180 0.1136 -0.9934
vn -0.0169 0.0606 -0.9980
vn -0.0000 0.1055 -0.9944
vn -0.0190 0.0615 -0.9979
vn -0.0000 0.9981 0.0614
vn -0.0000 0.0227 -0.9997
vn -0.5111 0.0196 -0.8593
vn -0.5109 0.0521 -0.8581
vn -0.5176 0.0486 -0.8542
vn -0.5110 0.0977 -0.8540
vn -0.5293 0.1121 -0.8410
vn -0.6406 0.1014 -0.7612
vn -0.6406 0.0436 -0.7667
vn -0.6406 0.1587 -0.7513
vn -0.7541 0.0867 -0.6509
vn -0.7542 0.1357 -0.6425
vn -0.7541 0.1357 -0.6425
vn -0.7541 0.1839 -0.6304
vn -0.8487 0.1093 -0.5174
vn -0.8487 0.1481 -0.5077
vn -0.8487 0.1861 -0.4950
vn -0.7542 0.2311 -0.6147
vn -0.7542 0.1839 -0.6304
vn -0.7541 0.2311 -0.6147
vn -0.6406 0.2702 -0.7188
vn -0.6406 0.2151 -0.7372
vn -0.5111 0.2066 -0.8343
vn -0.5108 0.2408 -0.8253
vn -0.5166 0.1770 -0.8377
vn -0.0240 0.2035 -0.9788
vn -0.0000 0.2188 -0.9758
vn -0.0000 0.2404 -0.9707
vn -0.5109 0.1750 -0.8417
vn -0.0016 0.1511 -0.9885
vn -0.5110 0.1299 -0.8497
vn 0.0014 0.1837 -0.9830
vn -0.0000 0.1500 -0.9887
vn -0.0000 -0.9830 -0.1838
vn -0.0000 0.1837 -0.9830
vn -0.0000 0.9830 0.1837
vn 0.0016 0.1511 -0.9885
vn 0.0549 0.1835 -0.9815
vn -0.0033 0.2035 -0.9791
vn 0.5110 0.1299 -0.8497
vn 0.5109 0.1750 -0.8417
vn 0.5111 0.2066 -0.8343
vn 0.5108 0.2408 -0.8253
vn 0.0277 0.2800 -0.9596
vn -0.0000 0.2654 -0.9641
vn -0.0000 -0.9529 -0.3032
vn -0.0018 0.3031 -0.9529
vn 0.0013 0.3278 -0.9448
vn -0.0000 0.3292 -0.9443
vn -0.0000 0.9530 0.3031
vn -0.0000 0.3032 -0.9529
vn -0.0013 0.3278 -0.9448
vn 0.0048 0.2801 -0.9600
vn -0.0715 0.3024 -0.9505
vn -0.5111 0.2817 -0.8121
vn -0.0000 0.3712 -0.9286
vn 0.0234 0.3632 -0.9314
vn -0.5343 0.3071 -0.7876
vn -0.0174 0.4179 -0.9083
vn -0.0048 0.4123 -0.9110
vn -0.5109 0.3545 -0.7832
vn -0.5108 0.3025 -0.8047
vn -0.0000 0.4465 -0.8948
vn -0.0000 0.4354 -0.9002
vn -0.5111 0.3838 -0.7691
vn -0.5254 0.3588 -0.7715
vn -0.5108 0.4204 -0.7499
vn -0.6406 0.3238 -0.6963
vn -0.6406 0.3755 -0.6698
vn -0.7541 0.3212 -0.5728
vn -0.7542 0.3636 -0.5469
vn -0.7541 0.3636 -0.5469
vn -0.7541 0.2769 -0.5955
vn -0.8487 0.2230 -0.4795
vn -0.8487 0.2586 -0.4613
vn -0.9218 0.1635 -0.3515
vn -0.9218 0.1896 -0.3381
vn 0.0036 0.4179 -0.9085
vn -0.0000 0.9085 0.4180
vn -0.0000 -0.9084 -0.4180
vn -0.0000 0.4180 -0.9085
vn -0.1109 0.5181 -0.8481
vn -0.0000 0.4842 -0.8750
vn 0.0178 0.4890 -0.8721
vn -0.0000 0.5261 -0.8504
vn -0.5111 0.4522 -0.7310
vn -0.0000 0.5355 -0.8446
vn -0.0000 0.8503 0.5264
vn -0.0000 0.5265 -0.8502
vn -0.0000 -0.8502 -0.5265
vn -0.0000 -0.8502 -0.5264
vn -0.0000 0.5579 -0.8299
vn 0.0704 0.5342 -0.8425
vn -0.0024 0.5213 -0.8534
vn 0.5108 0.4204 -0.7499
vn 0.0145 0.4890 -0.8722
vn 0.5111 0.4522 -0.7310
vn 0.5195 0.4730 -0.7116
vn 0.6406 0.4251 -0.6395
vn 0.6406 0.3755 -0.6698
vn 0.6405 0.3755 -0.6698
vn 0.7542 0.3211 -0.5728
vn 0.6406 0.3238 -0.6963
vn 0.7542 0.2769 -0.5955
vn 0.7542 0.2311 -0.6147
vn 0.8487 0.2230 -0.4796
vn 0.8487 0.1861 -0.4951
vn 0.8487 0.1861 -0.4950
vn 0.9218 0.1364 -0.3628
vn 0.8487 0.1481 -0.5077
vn 0.9218 0.1086 -0.3721
vn 0.8487 0.2230 -0.4795
vn 0.7542 0.1839 -0.6304
vn 0.7542 0.1357 -0.6425
vn 0.8487 0.1093 -0.5175
vn 0.6406 0.2151 -0.7372
vn 0.6405 0.2151 -0.7372
vn 0.6405 0.1587 -0.7513
vn 0.5111 0.2817 -0.8121
vn 0.5270 0.2991 -0.7955
vn 0.6406 0.2702 -0.7188
vn 0.5109 0.3123 -0.8009
vn 0.5108 0.3625 -0.7795
vn -0.0234 0.3632 -0.9314
vn 0.5306 0.3495 -0.7722
vn 0.0131 0.4123 -0.9110
vn 0.7542 0.3635 -0.5469
vn 0.6406 0.4723 -0.6055
vn 0.7542 0.4039 -0.5178
vn 0.6406 0.5167 -0.5681
vn 0.7542 0.4419 -0.4858
vn 0.6406 0.5582 -0.5274
vn 0.6406 0.5582 -0.5273
vn 0.7542 0.4773 -0.4510
vn 0.8487 0.3559 -0.3912
vn 0.8487 0.3844 -0.3632
vn 0.8487 0.3559 -0.3913
vn 0.7541 0.4774 -0.4510
vn 0.7542 0.5101 -0.4136
vn 0.7541 0.5101 -0.4136
vn 0.8487 0.4108 -0.3331
vn 0.9218 0.2818 -0.2662
vn 0.7542 0.5399 -0.3738
vn 0.8487 0.4348 -0.3010
vn 0.6406 0.6626 -0.3881
vn 0.6406 0.6313 -0.4371
vn 0.5108 0.7068 -0.4894
vn 0.6405 0.6313 -0.4372
vn 0.5282 0.6937 -0.4896
vn 0.5111 0.7205 -0.4687
vn 0.5108 0.7418 -0.4345
vn 0.0266 0.8625 -0.5053
vn 0.5111 0.7601 -0.4013
vn -0.0081 0.8843 -0.4668
vn 0.0144 0.8659 -0.5000
vn -0.0000 0.8809 -0.4733
vn -0.0000 0.5000 0.8660
vn -0.0000 0.8660 -0.5000
vn -0.0000 -0.5000 -0.8660
vn -0.0335 0.8655 -0.4997
vn -0.0000 0.8504 -0.5261
vn -0.0000 0.8382 -0.5453
vn -0.5111 0.7205 -0.4687
vn -0.5108 0.7418 -0.4345
vn -0.0181 0.8627 -0.5054
vn 0.0082 0.8843 -0.4668
vn -0.5111 0.7601 -0.4013
vn 0.5213 0.7668 -0.3744
vn 0.5109 0.7749 -0.3722
vn 0.0010 0.9014 -0.4329
vn -0.0000 0.9012 -0.4333
vn 0.0005 0.9209 -0.3898
vn -0.0010 0.9014 -0.4330
vn -0.0000 -0.3897 -0.9209
vn -0.0000 0.9209 -0.3897
vn -0.0000 0.3898 0.9209
vn -0.0005 0.9209 -0.3898
vn 0.6406 0.6900 -0.3369
vn 0.6406 0.5965 -0.4836
vn 0.5109 0.4796 -0.7135
vn 0.5108 0.5287 -0.6779
vn 0.5111 0.3838 -0.7691
vn 0.5438 0.5045 -0.6706
vn 0.0034 0.6012 -0.7991
vn -0.0390 0.5773 -0.8156
vn -0.0000 0.6156 -0.7881
vn -0.0000 0.5778 -0.8162
vn -0.0000 -0.7791 -0.6268
vn -0.0000 0.6269 -0.7791
vn -0.0000 0.7791 0.6268
vn 0.0041 0.6288 -0.7776
vn -0.0000 0.6311 -0.7757
vn 0.0390 0.5773 -0.8156
vn -0.0299 0.6153 -0.7877
vn 0.5111 0.5424 -0.6668
vn -0.0130 0.5578 -0.8299
vn 0.5166 0.1770 -0.8377
vn 0.6406 0.1587 -0.7513
vn -0.9218 0.1364 -0.3628
vn -0.9218 0.1364 -0.3629
vn -0.9218 0.1086 -0.3721
vn -0.9218 0.0801 -0.3793
vn -0.8487 0.0699 -0.5242
vn -0.9218 0.0512 -0.3842
vn -0.8487 0.0698 -0.5242
vn -0.8487 0.0300 -0.5280
vn -0.9218 0.0512 -0.3843
vn -0.8487 -0.0100 -0.5288
vn -0.7542 -0.0124 -0.6566
vn -0.7542 0.0373 -0.6556
vn -0.6406 -0.0726 -0.7645
vn -0.7541 -0.0620 -0.6538
vn -0.6406 -0.0145 -0.7678
vn -0.5108 -0.0163 -0.8596
vn -0.5110 -0.0587 -0.8575
vn -0.5265 -0.0803 -0.8464
vn -0.0000 -0.1060 -0.9944
vn -0.0000 -0.0792 -0.9969
vn -0.5109 -0.0911 -0.8548
vn -0.0007 -0.0683 -0.9977
vn 0.0052 -0.0616 -0.9981
vn -0.0000 -0.9981 0.0617
vn -0.0000 -0.0615 -0.9981
vn 0.0153 -0.0189 -0.9997
vn -0.0052 -0.0616 -0.9981
vn -0.0000 -0.0130 -0.9999
vn -0.0000 0.9981 -0.0614
vn 0.5108 -0.0163 -0.8595
vn 0.5111 0.0196 -0.8593
vn 0.5108 -0.0812 -0.8559
vn 0.5330 -0.0897 -0.8413
vn 0.5110 -0.0587 -0.8575
vn 0.6406 -0.0145 -0.7678
vn 0.6406 -0.0726 -0.7645
vn 0.7542 -0.0620 -0.6537
vn 0.7542 -0.0124 -0.6566
vn 0.6405 -0.0145 -0.7678
vn -0.0000 -0.1587 -0.9873
vn 0.0386 -0.1762 -0.9836
vn -0.0000 -0.1497 -0.9887
vn 0.5109 -0.1365 -0.8487
vn -0.0000 0.9830 -0.1838
vn -0.0131 -0.1587 -0.9872
vn -0.0000 -0.1763 -0.9843
vn -0.0000 -0.1837 -0.9830
vn -0.0000 -0.9830 0.1838
vn -0.0000 -0.2439 -0.9698
vn -0.0111 -0.2439 -0.9697
vn 0.0020 -0.1960 -0.9806
vn -0.0000 -0.1927 -0.9813
vn 0.0013 -0.2879 -0.9577
vn -0.0123 -0.2435 -0.9698
vn -0.0000 0.9529 -0.3032
vn -0.0000 -0.3032 -0.9529
vn -0.0014 -0.2879 -0.9577
vn -0.0000 -0.2844 -0.9587
vn -0.0000 -0.3205 -0.9473
vn -0.0467 -0.3036 -0.9517
vn -0.0000 -0.3355 -0.9420
vn -0.0000 -0.3704 -0.9289
vn -0.5109 -0.2755 -0.8143
vn -0.5108 -0.3327 -0.7927
vn -0.5449 -0.3106 -0.7788
vn -0.0000 -0.3958 -0.9184
vn -0.0063 -0.4053 -0.9142
vn -0.5110 -0.3484 -0.7858
vn -0.0000 0.9085 -0.4180
vn 0.0148 -0.4179 -0.9084
vn -0.0000 -0.4590 -0.8884
vn -0.0000 -0.9084 0.4180
vn 0.0148 -0.4533 -0.8912
vn -0.0124 -0.4053 -0.9141
vn 0.5108 -0.3898 -0.7662
vn 0.5110 -0.3484 -0.7858
vn -0.0148 -0.4533 -0.8912
vn 0.0053 -0.4180 -0.9085
vn -0.0000 -0.9085 0.4180
vn -0.0000 -0.4180 -0.9085
vn -0.5109 -0.3898 -0.7662
vn 0.0223 -0.3204 -0.9470
vn -0.0000 -0.9529 0.3032
vn -0.0000 -0.3039 -0.9527
vn -0.5111 -0.2445 -0.8240
vn -0.5186 -0.2704 -0.8111
vn -0.6406 -0.1870 -0.7448
vn -0.5108 -0.2094 -0.8338
vn -0.6406 -0.1302 -0.7568
vn -0.5111 -0.1684 -0.8429
vn -0.5108 -0.1457 -0.8473
vn -0.5318 -0.1344 -0.8361
vn 0.0123 -0.2435 -0.9698
vn 0.0111 -0.2439 -0.9697
vn -0.0000 -0.1960 -0.9806
vn -0.0029 -0.1927 -0.9813
vn -0.7542 -0.1113 -0.6472
vn -0.7541 -0.1599 -0.6369
vn -0.7541 -0.1113 -0.6472
vn 0.0007 -0.0683 -0.9977
vn -0.0153 -0.0189 -0.9997
vn -0.5108 -0.0163 -0.8595
vn -0.7542 -0.0620 -0.6538
vn -0.8487 -0.0100 -0.5287
vn -0.7542 0.0867 -0.6509
vn -0.9716 0.0489 -0.2315
vn -0.9716 0.0663 -0.2271
vn -0.9968 0.0223 -0.0764
vn 0.7542 -0.0124 -0.6565
vn 0.8487 0.0699 -0.5243
vn 0.6406 -0.4006 -0.6551
vn 0.7542 -0.3426 -0.5602
vn 0.6405 -0.4006 -0.6551
vn 0.6405 -0.4490 -0.6230
vn 0.7542 -0.3840 -0.5327
vn 0.5108 -0.4485 -0.7334
vn 0.5111 -0.4184 -0.7508
vn 0.5156 -0.3905 -0.7627
vn 0.9968 -0.0465 -0.0645
vn 0.9716 0.0663 -0.2271
vn 0.3413 -0.1632 0.9257
vn 0.3413 -0.2905 0.8940
vn 0.3413 -0.4120 0.8448
vn 0.3413 -0.5256 0.7793
vn 0.9968 0.0440 -0.0662
vn 0.9968 0.0440 -0.0663
vn 0.9968 0.0389 -0.0694
vn 0.0072 0.9231 -0.3844
vn 0.5108 0.6249 -0.5904
vn -0.7541 0.4039 -0.5178
vn 0.0157 -0.6369 -0.7708
vn -0.0010 -0.6269 -0.7791
vn -0.0000 -0.6492 -0.7606
vn -0.0000 -0.7791 0.6269
vn -0.0000 -0.6269 -0.7791
vn -0.0000 0.7792 -0.6268
vn -0.0000 0.7791 -0.6268
vn -0.0285 -0.6267 -0.7788
vn -0.5111 -0.6281 -0.5867
vn 0.5291 -0.6789 -0.5091
vn 0.5110 -0.6790 -0.5272
vn -0.0000 -0.7899 -0.6133
vn -0.5111 -0.7410 -0.4355
vn -0.0067 -0.9397 -0.3419
vn -0.0069 -0.9202 -0.3915
vn -0.6406 -0.7238 -0.2565
vn -0.7542 -0.6189 -0.2194
vn -0.5108 -0.8591 0.0326
vn -0.5108 -0.8591 0.0325
vn -0.0001 -0.9993 0.0379
vn -0.5108 -0.8297 0.2251
vn -0.0074 -0.9651 0.2619
vn 0.0153 -0.8813 0.4724
vn -0.7542 -0.6006 0.2656
vn -0.5111 -0.5723 0.6413
vn -0.5249 -0.5485 0.6509
vn -0.0000 -0.4867 0.8735
vn -0.5111 -0.4184 0.7508
vn -0.8487 -0.3092 0.4290
vn -0.8487 -0.3408 0.4044
vn -0.9218 -0.2267 0.3145
vn -0.9218 -0.2498 0.2964
vn -0.9716 -0.1383 0.1919
vn -0.9716 -0.1525 0.1809
vn -0.9716 -0.1384 0.1919
vn -0.9716 -0.1234 0.2019
vn -0.9218 -0.2022 0.3307
vn -0.9218 -0.1766 0.3451
vn -0.9716 -0.1078 0.2106
vn -0.9968 -0.0415 0.0679
vn -0.9968 -0.0362 0.0708
vn -0.9716 -0.0916 0.2182
vn -0.9968 -0.0465 0.0645
vn -0.9968 -0.0513 0.0608
vn -0.9716 -0.1657 0.1689
vn -0.3413 0.4700 -0.8140
vn -0.9218 -0.0657 0.3821
vn -0.6406 -0.0726 0.7645
vn -0.5330 -0.0896 0.8413
vn -0.5111 -0.0587 0.8575
vn -0.5108 -0.0812 0.8558
vn 0.0091 -0.1059 0.9943
vn -0.0070 -0.1588 0.9873
vn -0.5110 -0.1365 0.8487
vn -0.5260 -0.1442 0.8382
vn -0.6406 -0.1302 0.7568
vn -0.5111 -0.1684 0.8429
vn -0.6406 -0.1870 0.7448
vn -0.5108 -0.2094 0.8338
vn 0.0188 -0.1959 0.9804
vn -0.0229 -0.2435 0.9696
vn -0.0237 -0.2439 0.9695
vn 0.0125 -0.2844 0.9586
vn -0.5111 -0.2445 0.8240
vn -0.0000 -0.9698 -0.2439
vn -0.0000 -0.2439 0.9698
vn -0.5186 -0.2704 0.8111
vn -0.6406 -0.2428 0.7285
vn -0.7541 -0.1600 0.6370
vn -0.5110 -0.3184 0.7984
vn -0.5109 -0.2755 0.8143
vn 0.5108 -0.3328 0.7927
vn -0.0070 -0.3704 0.9288
vn 0.5108 -0.1457 0.8472
vn 0.6406 -0.1302 0.7568
vn 0.3413 0.2274 -0.9120
vn 0.3413 0.3521 -0.8715
vn 0.9968 -0.0308 0.0733
vn 0.9968 -0.0362 0.0708
vn 0.3413 0.4700 -0.8140
vn 0.9716 -0.1525 0.1809
vn 0.3413 0.5787 -0.7407
vn 0.3413 0.6762 -0.6529
vn 0.3413 0.9194 -0.1954
vn 0.3413 0.9377 -0.0656
vn 0.9968 -0.0768 -0.0208
vn 0.3413 0.6762 0.6529
vt -0.232843 -2.943272
vt -0.078247 -4.564427
vt 0.253869 -3.011668
vt 5.567288 0.272919
vt 6.317288 -0.232843
vt 6.317288 0.253869
vt -0.459809 -4.506224
vt -0.705304 -2.807786
vt -0.835883 -4.419310
vt 5.567288 -0.176087
vt 6.317288 -0.705304
vt 0.499628 0.502724
vt -0.176087 -2.676256
vt 0.272919 -2.739366
vt 5.567288 0.726336
vt 0.726336 -2.739366
vt 0.951941 3.721095
vt 0.499628 3.752724
vt 0.047314 3.721095
vt 3.420709 1.927431
vt 3.193994 2.320094
vt 3.590558 1.507033
vt 2.757269 -1.835130
vt 3.060663 -1.498180
vt 3.314209 -1.122276
vt -0.611939 -2.551268
vt -2.653833 -0.283519
vt -2.513721 -0.714745
vt -2.732568 0.163002
vt -1.222614 3.258876
vt -1.589435 2.992360
vt -1.915595 2.677406
vt 2.914844 2.677406
vt 3.512970 -0.714745
vt -2.314960 -1.122276
vt -2.194745 2.320094
vt 2.588690 2.992360
vt 3.653088 -0.283519
vt 1.175336 -2.676256
vt -2.061414 -1.498180
vt -2.421454 1.927431
vt 2.221863 3.258876
vt 3.731824 0.163002
vt 1.611188 -2.551268
vt -1.758014 -1.835130
vt -2.591309 1.507033
vt -0.396192 3.626820
vt 1.821521 3.471742
vt 3.747644 0.616139
vt 2.025403 -2.366856
vt -1.410675 -2.126573
vt -2.701001 1.067079
vt 1.395447 3.626820
vt 3.700250 1.067079
vt 2.409924 -2.126573
vt -1.026154 -2.366856
vt -2.748395 0.616139
vt -0.822266 3.471742
vt 5.567288 -0.822266
vt 6.317288 -0.933295
vt 5.567288 -1.222614
vt 6.317288 -1.367267
vt 5.567288 -1.589435
vt -1.367267 3.490370
vt -2.403614 4.695717
vt -1.764899 3.201478
vt 6.317288 -1.764899
vt -2.078186 4.903273
vt -0.933295 3.721120
vt -1.737995 5.085634
vt -2.164118 5.049965
vt -2.500385 4.835487
vt -2.594715 4.971730
vt -1.812586 5.238393
vt -2.247870 5.192946
vt -2.684223 5.100990
vt -2.327338 5.328603
vt -1.885285 5.387306
vt -1.954267 5.528590
vt -1.509046 5.553688
vt -1.447809 5.399696
vt -1.071881 5.532960
vt -1.384986 5.241737
vt -1.021186 5.370692
vt -0.471442 3.889223
vt 0.009320 3.991420
vt -0.648670 5.471779
vt 6.317288 -0.471442
vt 5.567288 -0.396192
vt 6.317288 0.009320
vt 0.113922 5.588124
vt 0.499628 4.025710
vt -0.269574 5.544386
vt 5.567288 0.047314
vt 6.317288 0.499628
vt -0.686945 5.637404
vt -0.295215 5.712428
vt -0.724256 5.798854
vt -0.320209 5.876246
vt 0.101062 5.757631
vt 0.088531 5.922865
vt 0.499628 5.602724
vt 0.499628 5.772731
vt 0.885327 5.588124
vt 0.898187 5.757631
vt 0.499628 5.938429
vt 1.268829 5.544386
vt 0.910724 5.922865
vt 1.294470 5.712428
vt 0.989929 3.991420
vt 1.647925 5.471779
vt 1.470691 3.889223
vt 2.020434 5.370692
vt 1.686194 5.637404
vt 1.723511 5.798854
vt 2.071130 5.532960
vt 1.319458 5.876246
vt 1.343176 6.031679
vt 1.758905 5.952040
vt 2.120538 5.691127
vt 2.167425 5.841188
vt 2.508295 5.553688
vt 2.447058 5.399696
vt 2.384234 5.241737
vt 2.737243 5.085634
vt 2.811835 5.238393
vt 2.884533 5.387306
vt 3.163367 5.049965
vt 3.077441 4.903273
vt 2.366516 3.490370
vt 3.402862 4.695717
vt 1.932550 3.721120
vt 5.567288 1.821521
vt 6.317288 2.366516
vt 6.317288 1.932550
vt 5.567288 1.395447
vt 6.317288 1.470691
vt 2.764154 3.201478
vt 5.567288 2.221863
vt 6.317288 2.764154
vt 3.711658 4.464149
vt 3.117706 2.860048
vt 4.002057 4.209877
vt 5.567288 2.588690
vt 6.317288 3.117706
vt 3.499640 4.835487
vt 3.818732 4.596193
vt 3.593970 4.971730
vt 3.923090 4.724904
vt 4.118805 4.333449
vt 4.272394 3.934364
vt 4.398150 4.048757
vt 4.232599 4.453896
vt 4.520734 4.160255
vt 4.655169 3.743764
vt 4.521118 3.639223
vt 3.420306 2.472743
vt 4.746808 3.326088
vt 4.948175 2.996803
vt 4.888385 3.420204
vt 4.785834 3.845680
vt 5.026380 3.511940
vt 5.096466 3.079933
vt 4.909814 3.942360
vt 5.157312 3.598988
vt 5.240997 3.160976
vt 5.378143 3.237855
vt 5.428461 2.794777
vt 5.278211 2.724892
vt 5.277875 3.679115
vt 5.504413 3.308644
vt 5.571027 2.861061
vt 5.702289 2.922108
vt 5.734857 2.470766
vt 5.587689 2.415456
vt 5.432580 2.357131
vt 5.717773 2.025160
vt 5.558703 1.978749
vt 5.395508 1.931142
vt 5.489514 1.556776
vt 5.655841 1.591920
vt 5.554938 1.176381
vt 5.723450 1.198830
vt 5.817975 1.626161
vt 5.887702 1.220717
vt 5.761133 0.801772
vt 5.591406 0.792128
vt 4.020459 0.625673
vt 5.598712 0.406215
vt 3.969086 1.114479
vt 5.567288 1.067079
vt 6.317288 0.625673
vt 6.317288 1.114479
vt 4.003302 0.134474
vt 5.567288 0.616139
vt 6.317288 0.134474
vt 5.576813 0.020851
vt 3.917957 -0.349559
vt 5.525824 -0.361754
vt 5.567288 0.163002
vt 6.317288 -0.349559
vt 5.746051 0.004787
vt 5.768683 0.402992
vt 5.934363 0.399855
vt 5.911017 -0.010875
vt 5.693366 -0.390575
vt 6.083539 0.820094
vt 5.926569 0.811183
vt 6.091553 0.396877
vt 6.043549 1.241493
vt 6.113440 1.688576
vt 5.971802 1.658644
vt 6.187048 1.260609
vt 6.239319 1.715163
vt 6.314575 1.277614
vt 6.228076 0.828310
vt 6.356524 0.835609
vt 6.236298 0.394142
vt 5.864328 1.292042
vt 5.995248 1.277614
vt 5.995248 0.835609
vt 5.864328 0.841811
vt 5.995248 0.391701
vt 6.364929 0.391701
vt 5.864328 0.389638
vt 5.717740 0.846767
vt 5.717740 0.986452
vt 5.717740 1.303566
vt 5.567288 1.146913
vt 1.416830 0.986452
vt 1.416830 0.846767
vt 1.567282 1.146913
vt 1.567282 1.348427
vt 6.503156 1.348427
vt 6.622565 1.158607
vt 6.528107 1.146913
vt 1.567282 6.528107
vt 5.567288 6.622565
vt 5.567288 6.528107
vt 1.567282 6.622565
vt 6.597613 1.360121
vt 5.567288 1.158607
vt 1.567282 1.360121
vt 5.567288 1.360121
vt 1.567282 1.158607
vt 5.567288 6.597613
vt 1.567282 6.597613
vt 5.567288 6.503156
vt 1.567282 6.503156
vt 5.567288 1.348427
vt 1.416830 1.626088
vt 5.717740 1.626088
vt 5.864328 1.737758
vt 5.717740 1.755775
vt 5.567288 1.882851
vt 1.567282 1.882851
vt 1.567282 6.403253
vt 5.567288 6.495557
vt 5.567288 6.403253
vt 6.403253 1.882851
vt 6.495557 1.906068
vt 6.353723 2.079774
vt 5.567288 2.079774
vt 5.717740 2.200807
vt 5.864328 2.176393
vt 5.717740 2.253005
vt 5.864328 2.605434
vt 5.717740 2.636110
vt 5.567288 2.597878
vt 1.416830 2.253005
vt 1.567282 2.597878
vt 1.416830 2.636110
vt 1.567282 2.787233
vt 6.115552 2.787233
vt 6.277655 2.632252
vt 6.188904 2.597878
vt 1.567282 6.188904
vt 5.567288 6.277655
vt 5.567288 6.188904
vt 1.567282 6.277655
vt 6.204303 2.821608
vt 5.567288 2.632252
vt 1.567282 2.821608
vt 5.567288 2.821608
vt 1.567282 2.632252
vt 5.567288 6.204303
vt 1.567282 6.204303
vt 5.567288 6.115552
vt 1.567282 6.115552
vt 1.416830 2.860085
vt 5.567288 2.787233
vt 5.717740 2.860085
vt 5.864328 3.022438
vt 5.717740 3.059193
vt 5.717740 3.440456
vt 5.567288 3.281154
vt 1.416830 3.059193
vt 1.567282 3.281154
vt 1.567282 3.440456
vt 1.416830 3.440456
vt 1.270242 3.022438
vt 1.270242 2.605434
vt 1.139328 2.976357
vt 1.139328 3.371571
vt 1.270242 3.425014
vt 5.616638 3.371571
vt 5.818952 2.976357
vt 5.385016 3.750343
vt 1.139328 3.750343
vt 5.990790 2.566982
vt 5.870361 2.521718
vt 6.131183 2.145778
vt 6.007684 2.109755
vt 5.868707 2.069191
vt 1.139328 0.835609
vt 1.139328 1.277614
vt 1.270242 0.841811
vt 1.270242 0.389638
vt 1.139328 0.391701
vt 1.416830 0.387990
vt 1.416830 0.341322
vt 1.270242 -0.061888
vt 1.416830 -0.070128
vt 1.270242 -0.510167
vt 1.139328 -0.051561
vt 6.281085 -0.491649
vt 6.211652 -0.039403
vt 6.339734 -0.051561
vt 1.139328 -0.491649
vt 5.273456 2.297316
vt 3.850177 1.591383
vt 5.124060 2.653212
vt 3.666058 2.047096
vt 1.567282 1.507033
vt 0.817282 2.047096
vt 0.817282 1.591383
vt 1.567282 1.067079
vt 0.817282 1.114479
vt 1.567282 0.616139
vt 1.567282 2.588690
vt 0.817282 2.764154
vt 1.567282 2.914844
vt 0.817282 3.117706
vt 1.567282 2.677406
vt 0.817282 2.860048
vt 1.567282 2.320094
vt 0.817282 2.472743
vt 1.567282 2.221863
vt 0.817282 1.932550
vt 0.817282 2.366516
vt 3.247119 5.192946
vt 3.683471 5.100990
vt 4.022113 4.847023
vt 4.340576 4.568178
vt 4.637042 4.266054
vt 4.744134 4.363466
vt 4.439996 4.673415
vt 4.839307 4.450026
vt 4.528351 4.766921
vt 4.113287 4.959474
vt 4.920154 4.523573
vt 5.211591 4.177736
vt 5.125409 4.110524
vt 5.476026 3.810841
vt 5.023962 4.031386
vt 1.270242 4.177736
vt 1.416830 4.231337
vt 1.270242 3.810841
vt 1.416830 3.467641
vt 1.416830 3.859096
vt 1.416830 3.987550
vt 1.416830 4.495155
vt 5.717740 4.495155
vt 5.717740 4.231337
vt 1.567282 4.088027
vt 5.864328 4.523573
vt 5.717740 4.582216
vt 5.567288 4.511598
vt 1.567282 4.511598
vt 1.416830 4.582216
vt 1.567282 4.661659
vt 4.911066 4.661659
vt 5.118201 4.575722
vt 5.047864 4.511598
vt 1.567282 5.047864
vt 5.567288 5.118201
vt 5.567288 5.047864
vt 1.567282 5.118201
vt 5.567288 4.575722
vt 1.567282 4.725783
vt 5.567288 4.725783
vt 4.981402 4.725783
vt 1.567282 4.575722
vt 5.567288 4.981402
vt 1.567282 4.981402
vt 5.567288 4.911066
vt 1.567282 4.911066
vt 5.567288 4.661659
vt 5.717740 4.909730
vt 5.864328 4.846364
vt 5.864328 4.603400
vt 5.717740 4.663263
vt 5.717740 4.612097
vt 1.416830 4.663263
vt 1.416830 4.909730
vt 1.416830 4.612097
vt 1.270242 4.603400
vt 1.270242 4.846364
vt 1.270242 4.263147
vt 4.263147 5.144289
vt 4.603400 4.846364
vt 4.194318 5.059401
vt 1.270242 4.523573
vt 3.765881 5.220009
vt 3.839118 5.325783
vt 3.399762 5.453517
vt 3.326593 5.328603
vt 2.953516 5.528590
vt 2.566388 5.699769
vt 3.017035 5.658669
vt 2.619885 5.834291
vt 3.073480 5.774282
vt 3.464795 5.564528
vt 1.139328 3.464795
vt 1.270242 3.901330
vt 1.139328 3.839118
vt 1.139328 3.073480
vt 1.270242 3.520031
vt 1.270242 3.121435
vt 1.416830 3.564087
vt 1.416830 3.577502
vt 1.139328 2.667431
vt 1.270242 2.707812
vt 1.416830 3.159674
vt 1.416830 2.740021
vt 1.416830 3.004846
vt 1.567282 3.110785
vt 5.717740 3.004846
vt 5.567288 3.110785
vt 5.567288 2.610101
vt 1.567282 2.610101
vt 1.567282 6.186342
vt 5.567288 6.276100
vt 5.567288 6.186342
vt 1.567282 2.418585
vt 2.418585 6.253822
vt 2.641736 6.276100
vt 2.610101 6.186342
vt 1.567282 6.276100
vt 5.567288 2.641736
vt 1.567282 2.450220
vt 5.567288 2.450220
vt 2.450220 6.343593
vt 1.567282 2.641736
vt 1.416830 2.403815
vt 5.567288 2.418585
vt 5.567288 6.253822
vt 1.567282 6.343593
vt 1.567282 6.253822
vt 5.717740 2.403815
vt 5.567288 6.343593
vt 5.717740 2.307538
vt 1.416830 2.307538
vt 1.270242 2.281549
vt 5.864328 2.281549
vt 5.717740 1.864697
vt 5.567288 1.895660
vt 5.567288 1.781201
vt 1.895660 6.402602
vt 1.916022 6.495595
vt 1.781201 6.428529
vt 1.567282 1.895660
vt 1.567282 6.402602
vt 5.567288 6.495595
vt 5.567288 6.402602
vt 1.717663 6.539027
vt 5.567288 1.916022
vt 1.567282 1.717663
vt 5.567288 1.717663
vt 1.567282 6.495595
vt 1.567282 1.916022
vt 5.567288 6.539027
vt 1.567282 6.539027
vt 5.567288 6.446046
vt 1.567282 6.446046
vt 1.697302 6.446046
vt 1.416830 1.864697
vt 1.567282 1.781201
vt 1.416830 1.781201
vt 1.567282 1.697302
vt 1.416830 1.414038
vt 1.270242 1.400897
vt 1.270242 1.845080
vt 1.416830 1.144061
vt 1.139328 1.384411
vt 1.139328 0.943292
vt 1.270242 0.951556
vt 1.567282 1.144061
vt 1.416830 0.958148
vt 1.567282 1.160046
vt 1.144061 6.531178
vt 1.168835 6.624220
vt 1.160046 6.529445
vt 1.567282 0.957855
vt 0.957855 6.548182
vt 0.966638 6.642958
vt 1.567282 1.168835
vt 1.567282 0.966638
vt 5.567288 1.168835
vt 1.567282 6.624220
vt 5.567288 6.624220
vt 1.567282 6.529445
vt 5.567288 0.966638
vt 5.567288 6.529445
vt 5.717740 0.958148
vt 5.567288 1.144061
vt 5.567288 0.957855
vt 1.416830 0.499628
vt 5.567288 6.548182
vt 1.567282 6.642958
vt 1.567282 6.548182
vt 5.717740 0.499628
vt 5.567288 6.642958
vt 5.864328 0.951556
vt 5.864328 0.499628
vt 5.717740 0.041101
vt 5.567288 0.414429
vt 1.567282 0.414429
vt 1.567282 6.564919
vt 5.567288 6.660060
vt 5.567288 6.564919
vt 5.567288 0.211462
vt 0.414429 6.564919
vt 0.411499 6.660060
vt 0.211462 6.558681
vt 1.567282 6.660060
vt 5.567288 0.411499
vt 1.567282 0.208539
vt 5.567288 0.208539
vt 0.208539 6.653810
vt 1.567282 0.411499
vt 1.416830 0.041101
vt 1.567282 0.211462
vt 5.567288 6.558681
vt 1.567282 6.653810
vt 1.567282 6.558681
vt 1.416830 -0.144812
vt 5.717740 -0.144812
vt 1.270242 0.047693
vt 1.270242 0.499628
vt 1.139328 0.055963
vt 1.270242 -0.401648
vt 1.416830 -0.414789
vt 1.139328 -0.385163
vt 1.139328 -0.821216
vt 0.055963 6.352272
vt -0.365759 6.174782
vt -0.385163 6.301967
vt -0.792249 6.093092
vt -0.821216 6.218446
vt -1.211341 5.979384
vt -0.759656 5.952040
vt -1.168176 5.841188
vt -1.249707 6.102174
vt -1.567139 5.699769
vt -1.620636 5.834291
vt -2.017786 5.658669
vt -2.400513 5.453517
vt -2.923840 4.724904
vt -3.022864 4.847023
vt -2.766626 5.220009
vt -3.114032 4.959474
vt -2.839862 5.325783
vt -2.465540 5.564528
vt 1.270242 -2.122186
vt 1.139328 -2.465540
vt 1.270242 -2.520783
vt 1.139328 -2.839862
vt -2.074231 5.774282
vt 1.139328 -2.074231
vt 1.270242 -1.708563
vt 1.139328 -1.668183
vt -1.668183 5.953847
vt 1.416830 -1.404559
vt 1.270242 -1.282300
vt 1.416830 -2.005597
vt 1.416830 -1.740772
vt 5.717740 -1.404559
vt 5.567288 -1.256964
vt 1.567282 -1.769739
vt 1.567282 -1.256964
vt 1.416830 -1.308289
vt 5.567288 -1.769739
vt 1.567282 -1.956738
vt -1.956738 6.045631
vt -1.806842 6.212428
vt -1.769739 6.124782
vt 1.567282 6.124782
vt 5.567288 6.212428
vt 5.567288 6.124782
vt 1.567282 6.212428
vt 5.567288 -1.806842
vt 1.567282 -1.993836
vt 5.567288 -1.993836
vt -1.993836 6.133290
vt 1.567282 -1.806842
vt 5.567288 6.133290
vt 1.567282 6.133290
vt 5.567288 6.045631
vt 1.567282 6.045631
vt 5.567288 -1.956738
vt 5.717740 -1.740772
vt 5.717740 -2.005597
vt 5.864328 -2.122186
vt 5.717740 -2.160425
vt 5.717740 -2.564838
vt 5.567288 -2.443421
vt 1.416830 -2.160425
vt 1.567282 -2.578253
vt 1.567282 -2.443421
vt 1.416830 -2.564838
vt -2.666870 5.784181
vt -2.443421 5.803298
vt -2.578253 5.726149
vt 1.416830 -2.578253
vt 1.567282 -2.619281
vt -2.619281 5.701759
vt -2.491010 5.885719
vt 5.567288 5.701759
vt 1.567282 5.784181
vt 1.567282 5.701759
vt 5.567288 5.784181
vt 5.567288 -2.491010
vt 1.567282 -2.666870
vt 5.567288 -2.666870
vt 1.567282 -2.491010
vt 1.567282 5.885719
vt 5.567288 5.885719
vt 1.567282 5.803298
vt 5.567288 5.803298
vt 5.567288 -2.578253
vt 5.717740 -2.578253
vt 5.717740 -2.951703
vt 5.567288 -2.619281
vt 5.864328 -2.902081
vt 5.717740 -3.116034
vt 5.567288 -3.072498
vt 5.567288 -3.116034
vt -3.129852 5.477394
vt -3.116034 5.369411
vt -3.072498 5.401454
vt 1.567282 -3.072498
vt 1.567282 5.401454
vt 5.567288 5.477394
vt 5.567288 5.401454
vt 5.567288 -3.129852
vt 1.567282 -3.291901
vt 5.567288 -3.291901
vt -3.291901 5.355031
vt -3.234546 5.279078
vt 1.567282 -3.129852
vt 1.567282 5.477394
vt 5.717740 -3.318793
vt 5.567288 -3.234546
vt 5.717740 -3.612848
vt 1.567282 -3.234546
vt 5.567288 5.279078
vt 1.567282 5.355031
vt 1.567282 5.279078
vt 5.567288 5.355031
vt 5.864328 -3.263898
vt 5.864328 -3.604150
vt 5.717740 -3.664014
vt 5.567288 -3.647418
vt 1.416830 -3.612848
vt 1.567282 -3.647418
vt 1.567282 -3.793195
vt 1.416830 -3.664014
vt -3.793195 4.783998
vt -3.713678 4.993690
vt -3.647418 4.925355
vt 1.567282 4.925355
vt 5.567288 4.993690
vt 5.567288 4.925355
vt 1.567282 4.993690
vt 5.567288 -3.713678
vt 1.567282 -3.859448
vt 5.567288 -3.859448
vt -3.859448 4.852321
vt 1.567282 -3.713678
vt 1.567282 4.783998
vt 5.567288 4.783998
vt 5.567288 -3.793195
vt 5.717740 -3.985382
vt 1.567282 4.852321
vt 5.567288 4.852321
vt -3.840057 4.450026
vt -4.126160 4.110524
vt -3.920905 4.523573
vt -3.604150 4.846364
vt -4.212335 4.177736
vt 1.567282 4.224013
vt 5.567288 4.224013
vt 5.717740 3.987550
vt 1.567282 3.780251
vt 5.864328 3.810841
vt 5.717740 3.859096
vt 5.567288 3.780251
vt 5.717740 3.467641
vt 5.567288 3.607606
vt -4.600904 3.780251
vt -4.681824 3.830360
vt -4.707794 3.607606
vt 1.567282 -4.600904
vt 5.567288 -4.681824
vt 5.567288 -4.600904
vt 1.567282 -4.681824
vt -4.788721 3.657704
vt 5.567288 3.830360
vt 1.567282 3.657704
vt 5.567288 3.657704
vt 1.567282 3.830360
vt 1.567282 3.607606
vt 5.567288 -4.707794
vt 1.567282 -4.788721
vt 1.567282 -4.707794
vt -4.703040 2.922108
vt -4.871112 2.521718
vt -4.819696 2.976357
vt -4.617383 3.371571
vt -4.991540 2.566982
vt 1.139328 2.566982
vt -5.008423 2.109755
vt 1.139328 2.145778
vt -5.131934 2.145778
vt -5.114191 1.688576
vt -4.972547 1.658644
vt -4.869458 2.069191
vt -4.818719 1.626161
vt -4.888452 1.220717
vt -5.044293 1.241493
vt -4.927320 0.811183
vt -5.187799 1.260609
vt -5.084290 0.820094
vt -4.935107 0.399855
vt -4.761884 0.801772
vt -4.769433 0.402992
vt -5.092303 0.396877
vt -4.746796 0.004787
vt -4.911761 -0.010875
vt -4.694116 -0.390575
vt -4.577563 0.020851
vt -4.526575 -0.361754
vt -3.004053 0.134474
vt -4.446802 -0.739403
vt -2.918701 -0.349559
vt -4.599457 0.406215
vt -3.021204 0.625673
vt 0.817282 0.134474
vt 0.817282 0.625673
vt 1.567282 0.163002
vt 0.817282 -0.349559
vt -4.592157 0.792128
vt -4.724200 1.198830
vt -4.555688 1.176381
vt -4.656592 1.591920
vt -4.490265 1.556776
vt -4.559454 1.978749
vt -4.718524 2.025160
vt -4.735608 2.470766
vt -4.588440 2.415456
vt -4.571771 2.861061
vt -4.429212 2.794777
vt -4.505164 3.308644
vt -4.378894 3.237855
vt -4.278961 2.724892
vt -4.433331 2.357131
vt -4.241748 3.160976
vt -4.027130 3.511940
vt -4.097211 3.079933
vt -4.158063 3.598988
vt -3.910553 3.942360
vt -3.786584 3.845680
vt -3.889136 3.420204
vt -3.655921 3.743764
vt -3.747559 3.326088
vt -3.948926 2.996803
vt -2.421051 2.472743
vt -4.124811 2.653212
vt -2.666803 2.047096
vt -4.274200 2.297316
vt -4.396258 1.931142
vt -2.850928 1.591383
vt -2.969830 1.114479
vt 1.567282 1.927431
vt -3.521869 3.639223
vt -2.118457 2.860048
vt -3.273144 3.934364
vt -3.398901 4.048757
vt -3.521484 4.160255
vt -3.233350 4.453896
vt -3.119556 4.333449
vt -3.341327 4.568178
vt -3.440747 4.673415
vt -3.637793 4.266054
vt -3.195062 5.059401
vt -3.529096 4.766921
vt -3.744885 4.363466
vt -4.024713 4.031386
vt -4.278625 3.679115
vt -4.385767 3.750343
vt -4.476776 3.810841
vt -2.902081 5.415627
vt -3.263898 5.144289
vt 1.416830 -3.318793
vt 1.270242 -3.263898
vt 1.270242 -2.902081
vt 1.270242 -3.604150
vt 1.416830 -3.116034
vt 1.416830 -2.951703
vt 1.567282 -3.116034
vt -2.819476 4.596193
vt -3.002808 4.209877
vt -2.712409 4.464149
vt 1.567282 -1.589435
vt 0.817282 -2.118457
vt 0.817282 -1.764899
vt 1.567282 -1.222614
vt 0.817282 -1.367267
vt 1.567282 -0.822266
vt 0.817282 -0.933295
vt 1.567282 -0.396192
vt 0.817282 -0.471442
vt -1.121289 5.691127
vt -0.343927 6.031679
vt 0.076636 6.079628
vt 0.499628 6.095656
vt 0.499628 6.240419
vt 0.922613 6.079628
vt 0.933563 6.223989
vt 0.943292 6.352272
vt 1.384411 6.301967
vt 1.365008 6.174782
vt 1.820465 6.218446
vt 1.791498 6.093092
vt 2.210596 5.979384
vt 2.667431 5.953847
vt 2.248956 6.102174
vt 1.139328 2.248956
vt 1.139328 1.820465
vt 1.567282 0.951941
vt 0.817282 0.499628
vt 0.817282 0.989929
vt 1.567282 1.395447
vt 0.817282 1.470691
vt 1.567282 1.821521
vt 1.567282 0.499628
vt 0.817282 0.009320
vt 1.567282 0.047314
vt 0.065686 6.223989
vt 0.499628 6.369069
vt 1.139328 0.499628
vt 1.567282 -1.915595
vt -2.766821 -0.817003
vt -4.338696 -1.109935
vt 1.567282 -0.283519
vt 0.817282 -0.817003
vt -2.551361 -1.258775
vt -4.040118 -1.821227
vt 1.567282 -0.714745
vt 0.817282 -1.258775
vt -4.202875 -1.471239
vt -4.499976 -1.163695
vt -4.359625 -1.537035
vt -4.657178 -1.216100
vt -4.512414 -1.601158
vt -4.191443 -1.898692
vt -4.338946 -1.974193
vt -3.996393 -2.246593
vt -3.851361 -2.157909
vt -4.137763 -2.333043
vt -3.637677 -2.479344
vt -3.775586 -2.578746
vt -3.400299 -2.783702
vt -2.276520 -1.666246
vt -1.947644 -2.031493
vt -3.140582 -3.069237
vt 1.567282 -1.498180
vt 0.817282 -2.031493
vt 0.817282 -1.666246
vt 1.567282 -1.122276
vt -2.860010 -3.334312
vt -3.261926 -3.188304
vt -3.530298 -2.893248
vt -3.657007 -3.000023
vt -3.910016 -2.675633
vt -4.037561 -2.767564
vt -4.271899 -2.415062
vt -4.395398 -2.490587
vt -4.154999 -2.852220
vt -3.777240 -3.101341
vt -3.887939 -3.194640
vt -3.492419 -3.414476
vt -3.380200 -3.304356
vt -3.081165 -3.586876
vt -2.972003 -3.462218
vt -2.662195 -3.713414
vt -2.761615 -3.845983
vt -3.184729 -3.705174
vt -2.855939 -3.971764
vt -3.280097 -3.814097
vt -3.595746 -3.515868
vt -3.687573 -3.605980
vt -3.986316 -3.277538
vt -4.259369 -2.927440
vt -4.069891 -3.347960
vt -4.348029 -2.991344
vt 1.416830 -3.241210
vt 1.416830 -3.042308
vt 1.270242 -2.991344
vt 1.416830 -2.713109
vt 1.270242 -2.614720
vt 1.270242 -3.347960
vt -4.598401 -2.614720
vt 1.567282 -3.241210
vt 1.416830 -3.404137
vt 1.567282 -3.376769
vt 1.416830 -3.726878
vt 5.567288 -3.376769
vt 1.567282 -3.778551
vt 5.717740 -3.726878
vt 1.416830 -3.743566
vt 1.270242 -3.682518
vt 5.864328 -3.347960
vt 5.717740 -3.404137
vt 5.864328 -3.682518
vt 5.717740 -3.743566
vt 5.567288 -3.778551
vt 5.717740 -3.494263
vt 5.717740 -3.827802
vt 5.567288 -3.846873
vt -3.793195 -3.778551
vt -3.859448 -3.846873
vt -3.647418 -3.919908
vt -3.713678 -3.988231
vt 1.567282 -3.846873
vt 1.416830 -3.827802
vt 1.416830 -3.494263
vt 5.567288 -3.919908
vt 1.567282 -3.988231
vt 1.567282 -3.919908
vt 1.416830 -3.369922
vt 5.717740 -3.369922
vt 1.270242 -3.436841
vt 5.864328 -3.436841
vt 5.864328 -3.085553
vt 5.717740 -3.137854
vt 1.567282 -4.273631
vt 5.567288 -4.349596
vt 5.567288 -4.273631
vt -3.234546 -4.273631
vt -3.291901 -4.349596
vt -3.072498 -4.396007
vt 5.717740 -2.851892
vt 1.416830 -2.851892
vt 5.567288 -4.396007
vt 1.567282 -4.471959
vt 1.567282 -4.396007
vt 5.567288 -4.471959
vt -3.129852 -4.471959
vt 1.567282 -4.349596
vt 1.416830 -3.137854
vt 1.270242 -3.085553
vt 1.270242 -2.713727
vt -3.436841 -3.993114
vt -3.019983 -4.190514
vt -3.085553 -4.277940
vt -2.654969 -4.443248
vt -2.713727 -4.535399
vt -2.585785 -4.334776
vt 1.139328 -2.654969
vt 1.139328 -2.271869
vt -2.211090 -4.554271
vt -2.271869 -4.667662
vt -1.820868 -4.744798
vt 1.270242 -2.323505
vt 1.139328 -1.872907
vt -1.872907 -4.862462
vt -1.762329 -4.612401
vt -1.417365 -4.905260
vt -1.368994 -4.768822
vt -0.964966 -4.895030
vt -1.316468 -4.620628
vt -0.923792 -4.743309
vt -0.880396 -4.583373
vt -0.491791 -4.673192
vt -0.522968 -4.835936
vt -0.097510 -4.733336
vt -0.116284 -4.897985
vt -0.552545 -4.990343
vt -0.134094 -5.054198
vt -0.579779 -5.132530
vt -1.002875 -5.034764
vt -1.036560 -5.158922
vt -1.460346 -5.026525
vt 1.270242 -1.496857
vt 1.270242 -1.917102
vt 1.139328 -1.460346
vt 1.139328 -1.036560
vt 1.416830 -1.708210
vt 1.416830 -2.295892
vt 1.416830 -1.952356
vt 5.717740 -1.525983
vt 5.717740 -1.708210
vt 1.416830 -1.525983
vt 1.567282 -1.095514
vt 1.416830 -1.095514
vt 5.717740 -1.095514
vt 5.567288 -1.095514
vt -1.256964 -5.300035
vt -1.283008 -5.391576
vt -1.095514 -5.346471
vt 1.567282 -5.300035
vt 5.567288 -5.391576
vt 5.567288 -5.300035
vt 5.864328 -1.496857
vt 5.864328 -1.065186
vt 5.717740 -1.088007
vt 5.864328 -1.917102
vt 5.717740 -1.952356
vt 5.995248 -1.872907
vt 5.995248 -1.460346
vt 5.995248 -2.271869
vt -2.142694 -4.426671
vt -2.507935 -4.212730
vt -2.423389 -4.080174
vt -1.571125 -2.347423
vt -2.560199 -3.577403
vt -2.242865 -3.797130
vt -2.334284 -3.940465
vt -2.068421 -4.288109
vt -1.990131 -4.142064
vt -1.698743 -4.468602
vt -1.631720 -4.317064
vt -1.909821 -3.992223
vt -1.261102 -4.464439
vt -1.562964 -4.161571
vt -1.204309 -4.304210
vt 0.300201 -4.763499
vt 0.293933 -4.929100
vt 0.705316 -4.929100
vt 0.699048 -4.763499
vt 0.306634 -4.593626
vt 1.115533 -4.897985
vt 1.096759 -4.733336
vt 0.692615 -4.593626
vt 0.745379 -3.011668
vt 1.077496 -4.564427
vt 1.232092 -2.943272
vt 1.459057 -4.506224
vt 1.491046 -4.673192
vt 1.923047 -4.743309
vt 1.879657 -4.583373
vt 1.522217 -4.835936
vt 2.315716 -4.620628
vt 2.260357 -4.464439
vt 1.835138 -4.419310
vt 2.761578 -4.612401
vt 2.697992 -4.468602
vt 2.368243 -4.768822
vt 3.141949 -4.426671
vt 3.067669 -4.288109
vt 2.630969 -4.317064
vt 2.989380 -4.142064
vt 2.562219 -4.161571
vt 2.203558 -4.304210
vt 1.704553 -2.807786
vt 5.567288 1.611188
vt 6.317288 1.232092
vt 6.317288 1.704553
vt 2.153564 -2.607884
vt 5.567288 2.025403
vt 6.317288 2.153564
vt 3.242114 -3.797130
vt 2.570379 -2.347423
vt 5.567288 2.409924
vt 6.317288 2.570379
vt 2.909070 -3.992223
vt 3.333533 -3.940465
vt 3.661444 -3.713414
vt 3.760864 -3.845983
vt 3.422638 -4.080174
vt 3.559448 -3.577403
vt 3.971252 -3.462218
vt 4.080414 -3.586876
vt 4.379449 -3.304356
vt 4.261176 -3.188304
vt 3.859259 -3.334312
vt 4.656262 -3.000023
vt 4.529547 -2.893248
vt 4.139832 -3.069237
vt 2.946893 -2.031493
vt 3.275769 -1.666246
vt 4.399549 -2.783702
vt 4.636932 -2.479344
vt 4.774841 -2.578746
vt 5.137012 -2.333043
vt 4.995642 -2.246593
vt 4.909271 -2.675633
vt 5.271149 -2.415062
vt 5.036810 -2.767564
vt 5.394653 -2.490587
vt 5.154248 -2.852220
vt 4.776489 -3.101341
vt 4.887189 -3.194640
vt 4.491669 -3.414476
vt 4.594995 -3.515868
vt 4.183984 -3.705174
vt 4.279352 -3.814097
vt 3.855188 -3.971764
vt 3.942047 -4.087584
vt 3.507184 -4.212730
vt 4.364099 -3.910875
vt 4.019232 -4.190514
vt 3.585034 -4.334776
vt 3.654217 -4.443248
vt 3.210339 -4.554271
vt 3.271118 -4.667662
vt 2.820123 -4.744798
vt 2.872156 -4.862462
vt 2.416614 -4.905260
vt 5.864328 3.322754
vt 5.995248 2.872156
vt 5.864328 2.916351
vt 5.995248 2.459594
vt 5.995248 3.271118
vt 2.459594 -5.026525
vt 5.717740 3.295141
vt 5.717740 3.363934
vt 5.717740 3.759851
vt 5.864328 3.712988
vt 5.717740 3.851141
vt 5.864328 4.084808
vt 4.084808 -4.277940
vt 3.712988 -4.535399
vt 5.995248 3.654217
vt 5.717740 4.137103
vt 5.864328 4.436096
vt 4.436096 -3.993114
vt 5.717740 4.369171
vt 5.717740 4.493512
vt 5.717740 4.827051
vt 5.864328 4.764838
vt 4.764838 -3.682518
vt 5.069147 -3.347960
vt 4.686829 -3.605980
vt 4.985571 -3.277538
vt 5.347278 -2.991344
vt 5.258618 -2.927440
vt 5.597650 -2.614720
vt 5.504407 -2.557701
vt 5.864328 -2.220226
vt 5.995248 -2.557701
vt 5.864328 -2.614720
vt 5.995248 -2.170433
vt 5.721533 -2.170433
vt 5.864328 -1.810155
vt 5.995248 -1.767857
vt 5.908746 -1.767857
vt 5.607013 -2.111815
vt 5.717740 -2.148582
vt 5.717740 -1.843883
vt 5.864328 -1.386827
vt 5.717740 -1.554015
vt 5.717740 -1.414391
vt 5.717740 -0.973900
vt 5.864328 -0.952660
vt 5.995248 -1.352269
vt 5.995248 -0.926048
vt 6.189325 -0.926048
vt 5.942920 -1.311583
vt 6.064972 -1.352269
vt 5.790118 -1.718065
vt 5.656634 -1.662022
vt 5.478149 -2.045836
vt 5.338196 -1.974193
vt 5.511664 -1.601158
vt 5.190692 -1.898692
vt 4.850610 -2.157909
vt 5.358874 -1.537035
vt 5.039368 -1.821227
vt 3.550610 -1.258775
vt 3.766077 -0.817003
vt 5.202124 -1.471239
vt 5.499225 -1.163695
vt 5.337945 -1.109935
vt 5.446051 -0.739403
vt 5.610938 -0.780797
vt 5.856671 -0.418651
vt 5.771649 -0.821165
vt 6.011621 -0.445311
vt 5.924139 -0.859459
vt 5.656427 -1.216100
vt 6.154297 -0.469847
vt 6.064545 -0.894713
vt 5.805579 -1.265807
vt 5.864328 -0.510167
vt 5.995248 -0.491649
vt 5.864328 -0.061888
vt 5.995248 -0.051561
vt 6.067535 -0.025731
vt 5.717740 -0.936144
vt 5.717740 -0.524950
vt 5.717740 -0.301964
vt 5.717740 -0.070128
vt 5.567288 -0.301964
vt 5.567288 -0.342979
vt 1.567282 -0.342979
vt 1.567282 -0.877403
vt 5.567288 -0.877403
vt 6.597613 -0.354674
vt 6.508789 -0.301964
vt 6.503156 -0.342979
vt 5.567288 -0.354674
vt 1.567282 -0.153148
vt 5.567288 -0.153148
vt 6.622565 -0.153148
vt 6.528107 -0.141454
vt 1.567282 -0.354674
vt 5.567288 -0.141454
vt 5.717740 0.341322
vt 1.567282 -0.141454
vt 1.416830 -0.301964
vt 1.567282 -0.301964
vt 1.416830 -0.524950
vt 1.416830 -0.936144
vt 1.567282 -0.936144
vt 1.416830 -0.973900
vt 1.270242 -0.952660
vt 1.416830 -1.414391
vt 1.270242 -1.386827
vt 1.139328 -0.926048
vt 1.416830 -1.554015
vt 5.567288 -1.074327
vt 1.567282 -1.074327
vt 1.567282 6.353723
vt 5.567288 6.446027
vt 5.567288 6.353723
vt 6.353723 -1.074327
vt 6.446027 -1.097557
vt 6.389215 -0.936144
vt 5.567288 -0.936144
vt 6.495557 -0.900621
vt 6.403253 -0.877403
vt 1.567282 6.495557
vt 5.567288 -1.097557
vt 1.567282 -0.900621
vt 5.567288 -0.900621
vt 1.567282 -1.097557
vt 1.567282 6.446027
vt 5.567288 -1.592442
vt 1.567282 -1.592442
vt 1.416830 -1.843883
vt 1.270242 -1.810155
vt 1.270242 -2.220226
vt 1.139328 -1.767857
vt 1.139328 -1.352269
vt 1.139328 -2.170433
vt 1.139328 -2.557701
vt 1.416830 -2.660191
vt 1.567282 -2.916844
vt 5.717740 -2.713109
vt 5.567288 -2.916844
vt 5.717740 -2.660191
vt 5.717740 -2.259947
vt 5.567288 -2.454601
vt 1.567282 -2.454601
vt 1.567282 5.792249
vt 5.567288 5.876099
vt 5.567288 5.792249
vt 5.567288 -2.275694
vt 5.792249 -2.454601
vt 5.876099 -2.499620
vt 5.888312 -2.275694
vt 1.567282 -2.275694
vt 1.416830 -2.148582
vt 5.567288 5.888312
vt 1.567282 5.972168
vt 1.567282 5.888312
vt 5.567288 5.972168
vt 5.972168 -2.320726
vt 5.567288 -2.499620
vt 1.567282 -2.320726
vt 5.567288 -2.320726
vt 1.567282 -2.499620
vt 1.567282 5.876099
vt 1.416830 -2.259947
vt 5.567288 -1.781773
vt 1.567282 -1.781773
vt 6.188904 -1.592442
vt 6.204303 -1.816161
vt 6.115552 -1.781773
vt 5.567288 -1.816161
vt 1.567282 -1.626817
vt 5.567288 -1.626817
vt 6.277655 -1.626817
vt 1.567282 -1.816161
vt 5.567288 -3.082591
vt 5.567288 5.506036
vt 1.567282 5.583722
vt 1.567282 5.506036
vt 5.388709 -3.082591
vt 5.466394 -3.137584
vt 5.506036 -2.916844
vt 5.567288 5.583722
vt 5.583722 -2.971837
vt 5.567288 -3.137584
vt 1.567282 -2.971837
vt 5.567288 -2.971837
vt 1.567282 -3.137584
vt 1.567282 5.466394
vt 5.567288 5.466394
vt 1.567282 5.388709
vt 5.567288 5.388709
vt 1.567282 -3.082591
vt 5.717740 -3.241210
vt 5.864328 -2.991344
vt 5.567288 -3.506151
vt 5.717740 -3.042308
vt 1.567282 -3.506151
vt 5.567288 -3.656224
vt 4.911066 -3.656224
vt 4.981402 -3.720347
vt 5.047864 -3.506151
vt 5.118201 -3.570274
vt 5.567288 -3.720347
vt 1.567282 -3.570274
vt 5.567288 -3.570274
vt 1.567282 -3.720347
vt 1.567282 -3.656224
vt 1.416830 4.827051
vt 1.567282 4.520746
vt 1.416830 4.493512
vt 1.270242 4.764838
vt 1.567282 4.369171
vt 1.416830 4.369171
vt 1.270242 4.436096
vt 1.270242 4.084808
vt 1.567282 -1.835130
vt 1.567282 2.409924
vt 0.817282 2.946893
vt 0.817282 2.570379
vt 1.567282 2.757269
vt 1.567282 2.025403
vt 0.817282 2.153564
vt 1.567282 1.611188
vt 0.817282 1.704553
vt 1.270242 2.496112
vt 1.139328 2.872156
vt 1.270242 2.916351
vt 1.139328 3.271118
vt 1.139328 2.459594
vt 1.270242 3.322754
vt 1.139328 3.654217
vt 1.416830 3.295141
vt 1.270242 3.712988
vt 1.416830 3.363934
vt 1.416830 4.137103
vt 1.416830 3.759851
vt 1.416830 3.851141
vt 1.567282 3.851141
vt 1.567282 3.932672
vt 5.567288 3.932672
vt 5.567288 -4.494456
vt 1.567282 -4.573790
vt 1.567282 -4.494456
vt 3.985242 -4.573790
vt 3.851141 -4.549498
vt 3.932672 -4.494456
vt 3.815973 -4.685960
vt 3.763397 -4.606627
vt 5.567288 -4.573790
vt 5.567288 3.815973
vt 1.567282 3.985242
vt 5.567288 3.985242
vt 1.567282 3.815973
vt 1.567282 -4.685960
vt 5.567288 -4.685960
vt 1.567282 -4.606627
vt 5.567288 -4.606627
vt 5.567288 3.851141
vt 5.567288 3.763397
vt 1.567282 3.763397
vt 1.567282 4.366540
vt 5.567288 4.366540
vt 1.567282 -4.166808
vt 5.567288 -4.239085
vt 5.567288 -4.166808
vt 5.567288 4.369171
vt 4.428461 -4.239085
vt 4.369171 -4.164622
vt 4.366540 -4.166808
vt 5.567288 4.428461
vt 1.567282 4.582672
vt 5.567288 4.582672
vt 4.582672 -4.106981
vt 4.520746 -4.034703
vt 1.567282 -4.239085
vt 1.567282 4.428461
vt 5.567288 4.520746
vt 5.567288 -4.034703
vt 1.567282 -4.106981
vt 1.567282 -4.034703
vt 5.567288 -4.106981
vt 5.567288 3.292560
vt 1.567282 3.292560
vt 1.416830 2.951605
vt 1.416830 2.707464
vt 5.717740 2.951605
vt 1.567282 -5.054173
vt 5.567288 -5.054173
vt 1.567282 -4.968968
vt 3.292560 -4.878453
vt 3.153210 -5.054173
vt 3.110785 -4.968968
vt 5.567288 -4.968968
vt 5.567288 3.153210
vt 1.567282 3.334979
vt 5.567288 3.334979
vt 3.334979 -4.963670
vt 1.567282 3.153210
vt 5.567288 -4.963670
vt 1.567282 -4.963670
vt 5.567288 -4.878453
vt 1.567282 -4.878453
vt 5.717740 2.707464
vt 5.864328 2.496112
vt 5.717740 2.525232
vt 5.567288 -5.180882
vt 1.567282 -5.270665
vt 1.567282 -5.180882
vt 2.418585 -5.248387
vt 2.450220 -5.338145
vt 2.610101 -5.180882
vt 5.567288 -5.270665
vt 2.641736 -5.270665
vt 1.567282 -5.338145
vt 5.567288 -5.338145
vt 1.567282 -5.248387
vt 5.567288 -5.248387
vt 5.717740 2.094763
vt 1.416830 2.094763
vt 5.864328 2.064435
vt 5.717740 2.087256
vt 1.416830 2.087256
vt 1.416830 1.640185
vt 1.270242 2.064435
vt 1.270242 1.623791
vt 1.139328 2.035815
vt 1.139328 1.603235
vt 1.603235 -5.258885
vt 2.002124 -5.034764
vt 2.035815 -5.158922
vt 1.579028 -5.132530
vt 1.964215 -4.895030
vt 1.551794 -4.990343
vt 1.149750 -5.198021
vt 1.133343 -5.054198
vt 0.716748 -5.230858
vt 0.711273 -5.086205
vt 0.287976 -5.086205
vt 1.567282 0.272919
vt 0.817282 0.745379
vt 0.817282 0.253869
vt 1.567282 0.726336
vt 0.817282 1.232092
vt 1.567282 -0.176087
vt 0.817282 -0.232843
vt -1.154309 -2.607884
vt 1.567282 -1.410675
vt 0.817282 -1.154309
vt 0.817282 -1.571125
vt 1.567282 -1.026154
vt 0.817282 -0.705304
vt 1.567282 -1.758014
vt 0.817282 -1.947644
vt -2.942798 -4.087584
vt -3.364850 -3.910875
vt -3.765582 -3.682518
vt 1.567282 -0.611939
vt 1.567282 1.175336
vt 0.282501 -5.230858
vt -0.150501 -5.198021
vt -0.603980 -5.258885
vt -0.165076 -5.325841
vt 1.139328 -0.603980
vt 1.139328 -0.165076
vt 1.270242 -0.624542
vt 1.270242 -0.177460
vt 1.139328 0.277637
vt 0.277637 -5.359422
vt 1.416830 0.176953
vt 1.416830 -0.187342
vt 1.270242 0.273498
vt 1.416830 0.270196
vt 1.270242 0.725751
vt 1.139328 0.721618
vt 1.416830 0.822302
vt 1.416830 0.729053
vt 1.270242 1.176715
vt 1.139328 1.164325
vt 1.164325 -5.325841
vt 0.721618 -5.359422
vt 1.416830 1.186590
vt 1.416830 1.463995
vt 5.567288 1.160046
vt 5.567288 -5.524010
vt 1.567282 -5.618785
vt 1.567282 -5.524010
vt 1.160046 -5.524010
vt 0.966638 -5.637511
vt 0.957855 -5.542735
vt 1.168835 -5.618785
vt 1.567282 -5.637511
vt 5.567288 -5.637511
vt 1.567282 -5.542735
vt 5.567288 -5.542735
vt 5.567288 -5.618785
vt 5.717740 1.186590
vt 5.717740 0.822302
vt 5.864328 0.725751
vt 5.717740 0.729053
vt 5.864328 1.176715
vt 5.864328 1.623791
vt 5.995248 1.164325
vt 5.995248 0.721618
vt 5.995248 0.277637
vt 5.995248 2.035815
vt 5.995248 1.603235
vt 5.864328 -0.177460
vt 5.995248 -0.165076
vt 5.995248 -0.603980
vt 5.864328 -0.624542
vt 5.995248 -1.036560
vt 5.717740 -0.640936
vt 5.717740 -0.464746
vt 5.567288 -0.530554
vt 5.717740 -0.187342
vt 5.567288 -0.464746
vt 5.567288 -0.329901
vt -0.545160 -5.565965
vt -0.464746 -5.482896
vt -0.530554 -5.471910
vt -0.329901 -5.503062
vt 1.567282 -5.565965
vt 5.567288 -5.565965
vt 1.567282 -5.471910
vt 5.567288 -5.471910
vt 5.567288 -0.545160
vt 1.567282 -0.344501
vt 5.567288 -0.344501
vt -0.344501 -5.597117
vt 1.567282 -0.545160
vt 1.567282 -0.530554
vt 1.416830 -0.640936
vt 1.567282 -0.464746
vt 1.416830 -0.464746
vt 1.567282 -0.329901
vt 5.717740 0.176953
vt 5.567288 -5.503062
vt 1.567282 -5.597117
vt 1.567282 -5.503062
vt 5.864328 0.273498
vt 5.717740 0.270196
vt 0.414429 -5.559484
vt 0.208539 -5.648363
vt 0.211462 -5.553221
vt 1.567282 -5.553221
vt 5.567288 -5.648363
vt 5.567288 -5.553221
vt 1.567282 -5.648363
vt 0.411499 -5.654613
vt 5.567288 -5.559484
vt 1.567282 -5.654613
vt 1.567282 -5.559484
vt 5.567288 -5.654613
vt 1.567282 -1.061652
vt 1.416830 -1.088007
vt -1.087695 -5.447154
vt -1.061652 -5.355601
vt 5.567288 -1.061652
vt 5.567288 -5.355601
vt 1.567282 -5.447154
vt 1.567282 -5.355601
vt 5.567288 -5.447154
vt 5.567288 -1.283008
vt 1.567282 -1.087695
vt 5.567288 -1.087695
vt 1.567282 -1.283008
vt 1.567282 -5.391576
vt 1.270242 -1.065186
vt 5.567288 -5.597117
vt 5.717740 1.463995
vt 5.717740 1.640185
vt 5.567288 1.697302
vt 1.567282 -5.440611
vt 5.567288 -5.533580
vt 5.567288 -5.440611
vt 1.697302 -5.440611
vt 1.717663 -5.533580
vt 1.895660 -5.397166
vt 1.916022 -5.490135
vt 1.567282 -5.533580
vt 5.567288 -5.490135
vt 1.567282 -5.490135
vt 5.567288 -5.397166
vt 1.567282 -5.397166
vt 1.416830 2.525232
vt 5.717740 0.387990
vt 5.567288 0.401198
vt 1.567282 0.401198
vt 1.567282 0.604250
vt 6.561584 0.604250
vt 6.656756 0.401198
vt 6.561584 0.401198
vt 1.567282 6.561584
vt 5.567288 6.656756
vt 5.567288 6.561584
vt 1.567282 6.656756
vt 5.567288 0.604250
vt 6.656756 0.604250
vt 5.567288 -1.122276
vt 6.317288 -1.666246
vt 6.317288 -1.258775
vt 5.567288 -0.714745
vt 6.317288 -0.817003
vt 5.567288 -0.283519
vt 5.567288 -1.498180
vt 6.317288 -2.031493
vt 5.567288 2.757269
vt 6.317288 2.946893
vt 5.567288 -1.835130
vt 5.567288 1.175336
vt 6.317288 0.745379
vt 5.567288 -1.026154
vt 6.317288 -1.571125
vt 6.317288 -1.154309
vt 5.567288 -0.611939
vt 5.567288 -1.410675
vt 6.317288 -1.947644
vt 5.567288 -1.758014
vt -4.478900 -2.045836
vt -4.611682 -0.780797
vt -4.772394 -0.821165
vt -4.857422 -0.418651
vt -4.924890 -0.859459
vt -5.012372 -0.445311
vt -5.068280 -0.025731
vt 6.317288 1.591383
vt 5.567288 1.927431
vt 6.317288 2.472743
vt 6.317288 2.047096
vt 5.567288 1.507033
vt 5.567288 2.320094
vt 6.317288 2.860048
vt 5.567288 -1.915595
vt 6.317288 -2.118457
vt 5.567288 2.677406
vt 5.995248 -2.839862
vt 5.995248 -2.465540
vt 5.864328 -2.520783
vt 5.995248 -2.074231
vt 5.995248 -1.668183
vt 5.864328 1.845080
vt 5.995248 2.248956
vt 5.995248 2.667431
vt 5.995248 1.820465
vt 5.864328 2.707812
vt 5.995248 3.073480
vt 5.864328 3.121435
vt 5.717740 2.740021
vt 5.864328 3.520031
vt 5.717740 3.159674
vt 5.995248 3.464795
vt 5.995248 3.839118
vt 5.995248 3.750343
vt 5.995248 3.371571
vt 5.864328 3.425014
vt 5.995248 2.976357
vt 5.995248 2.566982
vt 5.995248 2.145778
vt 5.995248 1.715163
vt 5.567288 3.460048
vt 5.567288 3.922292
vt 5.567288 3.440456
vt 1.567282 3.460048
vt 5.803144 3.440456
vt 5.876099 3.505067
vt 5.792249 3.460048
vt 5.567288 3.326173
vt 1.567282 3.505067
vt 5.567288 3.505067
vt 1.567282 3.326173
vt 5.972168 3.326173
vt 5.888312 3.281154
vt 1.567282 3.922292
vt 1.567282 3.987550
vt 5.460834 3.987550
vt 5.583722 3.977284
vt 5.506036 3.922292
vt 5.567288 3.977284
vt 1.567282 4.143019
vt 5.567288 4.143019
vt 5.466394 4.143019
vt 5.388709 4.088027
vt 1.567282 3.977284
vt 5.567288 3.987550
vt 5.567288 4.088027
vt 5.864328 4.177736
vt 5.864328 4.263147
vt 5.717740 4.318042
vt 5.864328 3.901330
vt 3.901330 5.415627
vt 5.717740 4.115283
vt 5.717740 3.950952
vt 5.717740 3.577502
vt 5.717740 3.564087
vt 5.567288 5.612062
vt 1.567282 5.691408
vt 1.567282 5.612062
vt 3.932672 5.499892
vt 3.985242 5.579237
vt 3.763397 5.612062
vt 5.567288 5.691408
vt 3.815973 5.691408
vt 1.567282 5.579237
vt 5.567288 5.579237
vt 1.567282 5.499892
vt 5.567288 5.499892
vt 1.416830 3.950952
vt 1.416830 4.115283
vt 1.416830 4.318042
vt 5.567288 5.172255
vt 1.567282 5.244533
vt 1.567282 5.172255
vt 4.366540 5.172255
vt 4.582672 5.112416
vt 4.520746 5.040138
vt 4.428461 5.244533
vt 1.567282 5.112416
vt 5.567288 5.112416
vt 1.567282 5.040138
vt 5.567288 5.040138
vt 5.567288 5.244533
vt 3.292560 5.883901
vt 3.334979 5.969106
vt 3.110785 5.974416
vt 1.567282 5.883901
vt 5.567288 5.969106
vt 5.567288 5.883901
vt 3.153210 6.059621
vt 1.567282 5.969106
vt 5.567288 5.974416
vt 1.567282 6.059621
vt 1.567282 5.974416
vt 5.567288 6.059621
vt 5.717740 1.781201
vt 5.864328 1.400897
vt 5.717740 1.414038
vt 5.995248 1.384411
vt 5.717740 1.144061
vt 5.995248 0.943292
vt 5.995248 0.499628
vt 5.864328 0.047693
vt 5.995248 0.055963
vt 5.864328 -0.401648
vt 5.717740 -0.781946
vt 5.864328 -0.845825
vt 5.717740 -0.414789
vt 5.995248 -0.385163
vt -0.329901 6.508510
vt -0.344501 6.602553
vt -0.530554 6.477357
vt 1.567282 6.508510
vt 5.567288 6.602553
vt 5.567288 6.508510
vt 1.567282 6.602553
vt -0.545160 6.571413
vt 5.567288 6.571413
vt 1.567282 6.571413
vt 5.567288 6.477357
vt 1.567282 6.477357
vt 1.416830 -0.781946
vt 5.717740 -0.865448
vt 1.416830 -0.865448
vt 1.270242 -0.845825
vt 5.717740 -1.308289
vt 1.567282 6.361049
vt 5.567288 6.452590
vt 5.567288 6.361049
vt -1.061652 6.361049
vt -1.087695 6.452590
vt -1.256964 6.305470
vt 1.567282 6.452590
vt -1.283008 6.397023
vt 5.567288 6.397023
vt 1.567282 6.397023
vt 5.567288 6.305470
vt 1.567282 6.305470
vt 5.864328 -1.282300
vt 5.995248 -0.821216
vt 5.864328 -1.708563
vt 5.995248 -1.249707
vt 1.139328 -1.249707
vt -5.315326 1.277614
vt -5.240069 1.715163
vt -5.228827 0.828310
vt -5.237042 0.394142
vt -5.212402 -0.039403
vt -5.281836 -0.491649
vt -5.155042 -0.469847
vt -5.340485 -0.051561
vt -5.365680 0.391701
vt 5.567288 0.028200
vt 5.567288 0.230885
vt -5.557080 0.230885
vt -5.652075 0.225026
vt -5.544580 0.028200
vt 1.567282 0.230885
vt 1.567282 -5.557080
vt 5.567288 -5.652075
vt 5.567288 -5.557080
vt 5.567288 0.225026
vt 1.567282 0.022353
vt 5.567288 0.022353
vt -5.639581 0.022353
vt 1.567282 0.225026
vt 1.567282 -5.652075
vt 1.567282 0.028200
vt 5.567288 -5.544580
vt 1.567282 -5.639581
vt 1.567282 -5.544580
vt -5.065295 -0.894713
vt -5.190076 -0.926048
vt -4.943671 -1.311583
vt -4.806329 -1.265807
vt -4.657385 -1.662022
vt -4.790869 -1.718065
vt -5.065722 -1.352269
vt -4.909491 -1.767857
vt 1.567282 -0.710960
vt 5.567288 -0.710960
vt 1.567282 -0.511351
vt 5.567288 -0.511351
vt -5.440460 -0.710960
vt -5.571326 -0.528844
vt -5.477771 -0.511351
vt 1.567282 -5.477771
vt 5.567288 -5.571326
vt 5.567288 -5.477771
vt 1.567282 -5.571326
vt -5.534015 -0.728441
vt 5.567288 -0.528844
vt 1.567282 -0.728441
vt 5.567288 -0.728441
vt 1.567282 -0.528844
vt 5.567288 -5.440460
vt 1.567282 -5.534015
vt 1.567282 -5.440460
vt 5.567288 -5.534015
vt 5.567288 -1.238219
vt 1.567282 -1.238219
vt 1.567282 -5.307843
vt 5.567288 -5.398541
vt 5.567288 -5.307843
vt -5.307843 -1.238219
vt -5.398541 -1.267076
vt -5.246283 -1.431737
vt 5.567288 -1.431737
vt 1.567282 -1.431737
vt 5.567288 -5.246283
vt 1.567282 -5.336981
vt 1.567282 -5.246283
vt 5.567288 -5.336981
vt -5.336981 -1.460582
vt 5.567288 -1.267076
vt 1.567282 -1.460582
vt 5.567288 -1.460582
vt 1.567282 -1.267076
vt 1.567282 -5.398541
vt 5.567288 -1.938695
vt 1.567282 -1.938695
vt 1.567282 -2.123168
vt 5.567288 -2.123168
vt -4.722284 -2.170433
vt -4.505157 -2.557701
vt -4.607764 -2.111815
vt -5.049884 -1.938695
vt -5.136346 -1.978477
vt -4.965014 -2.123168
vt 5.567288 -4.965014
vt 1.567282 -5.051477
vt 1.567282 -4.965014
vt 5.567288 -5.051477
vt -5.051477 -2.162950
vt 1.567282 -5.049884
vt 5.567288 -5.136346
vt 5.567288 -5.049884
vt 1.567282 -5.136346
vt 5.567288 -1.978477
vt 1.567282 -2.162950
vt 5.567288 -2.162950
vt 1.567282 -1.978477
vt 1.567282 -2.713109
vt 1.567282 -2.602159
vt 5.567288 -2.602159
vt 1.567282 -2.774803
vt -4.681824 -2.824901
vt -4.640021 -2.713109
vt -4.600904 -2.774803
vt -4.707794 -2.602159
vt 5.567288 -2.652269
vt 1.567282 -2.824901
vt 5.567288 -2.824901
vt 1.567282 -2.652269
vt -4.788721 -2.652269
vt 5.567288 -4.788721
vt 5.567288 -2.713109
vt 5.567288 -2.774803
vt 5.864328 -2.323505
vt 5.995248 -2.654969
vt 5.864328 -2.713727
vt 5.717740 -2.760602
vt 5.717740 -2.364685
vt 5.717740 -2.295892
vt 5.567288 -4.797850
vt 1.567282 -4.880272
vt 1.567282 -4.797850
vt -2.619281 -4.696312
vt -2.666870 -4.778746
vt -2.443421 -4.797850
vt 5.567288 -4.880272
vt -2.491010 -4.880272
vt 1.567282 -4.778746
vt 5.567288 -4.778746
vt 1.567282 -4.696312
vt 5.567288 -4.696312
vt 1.416830 -2.760602
vt 1.416830 -2.364685
vt -1.769739 -5.119334
vt -1.993836 -5.127843
vt -1.956738 -5.040184
vt 1.567282 -5.040184
vt 5.567288 -5.127843
vt 5.567288 -5.040184
vt 1.567282 -5.127843
vt -1.806842 -5.206981
vt 5.567288 -5.206981
vt 1.567282 -5.206981
vt 5.567288 -5.119334
vt 1.567282 -5.119334
vt 5.567288 -3.218565
vt 5.567288 -3.241210
vt 1.567282 -3.218565
vt 1.567282 -4.286774
vt 5.567288 -4.360925
vt 5.567288 -4.286774
vt -4.360925 -3.278221
vt -4.269086 -3.241210
vt -4.286774 -3.218565
vt 5.567288 -3.278221
vt 1.567282 -3.436424
vt 5.567288 -3.436424
vt -4.233624 -3.436424
vt -4.159472 -3.376769
vt 1.567282 -3.278221
vt 1.567282 -4.360925
vt 5.567288 -4.159472
vt 1.567282 -4.233624
vt 1.567282 -4.159472
vt 5.567288 -4.233624
vt -5.357275 0.835609
vt 1.270242 1.292042
vt 1.416830 1.303566
vt 1.567282 0.977235
vt 5.567288 0.977235
vt 1.567282 0.774574
vt -5.557080 0.774574
vt -5.639581 0.983107
vt -5.544580 0.977235
vt 5.567288 -5.639581
vt 5.567288 0.983107
vt 1.567282 0.780421
vt 5.567288 0.780421
vt -5.652075 0.780421
vt 1.567282 0.983107
vt 5.567288 0.774574
vt 5.567288 1.626088
vt 5.567288 1.516798
vt 1.567282 1.516798
vt 1.567282 1.626088
vt -5.477771 1.516798
vt -5.571326 1.534291
vt -5.458197 1.626088
vt 5.567288 1.733900
vt 1.567282 1.534291
vt 5.567288 1.534291
vt 1.567282 1.733900
vt -5.534015 1.733900
vt -5.440460 1.716408
vt 1.567282 2.243666
vt 1.567282 1.716408
vt 5.567288 1.716408
vt 5.567288 2.243666
vt 5.567288 2.253005
vt -5.305036 2.253005
vt -5.398541 2.272523
vt -5.307843 2.243666
vt -5.336981 2.466029
vt -5.246283 2.437172
vt 5.567288 2.466029
vt 1.567282 2.272523
vt 5.567288 2.272523
vt 1.567282 2.466029
vt 1.416830 2.200807
vt 1.567282 2.253005
vt 1.567282 2.437172
vt 5.567288 2.437172
vt 5.567288 2.944142
vt 1.567282 2.944142
vt -5.049884 2.944142
vt -5.051477 3.168397
vt -5.136346 2.983925
vt -4.965014 3.128615
vt 5.567288 3.128615
vt 1.567282 3.128615
vt 1.567282 3.168397
vt 1.567282 2.983925
vt 5.567288 3.168397
vt 5.567288 2.983925
vt 1.270242 2.176393
vt 1.139328 1.715163
vt 1.270242 1.737758
vt 1.416830 1.755775
vt 5.864328 -3.765582
vt 1.270242 -3.765582
vt 5.567288 -3.988231
vt 5.567288 4.382204
vt -4.159472 4.382204
vt -4.233624 4.441872
vt -4.286774 4.224013
vt 1.567282 4.382204
vt 5.567288 4.441872
vt 1.567282 4.283669
vt 5.567288 4.283669
vt -4.360925 4.283669
vt 1.567282 4.441872
vt 5.567288 6.653810
vt 1.567282 2.079774
vt 6.446027 2.102992
vt 1.567282 1.906068
vt 1.567282 2.102992
vt 5.567288 1.906068
vt 5.567288 2.102992
vt 5.567288 2.914844
vt 5.567288 0.951941
vt 6.317288 0.989929
vt 5.567288 0.499628
s 0
usemtl Black_Mosaic_Studded_Rubber
f 1/1/1 3/2/1 2/3/1
f 8/4/2 1/5/2 2/6/2
f 1/1/1 6/7/1 3/2/1
f 4/8/1 5/9/1 1/1/1
f 7/10/3 4/11/3 1/5/3
f 1/1/1 5/9/1 6/7/1
f 7/10/2 1/5/2 8/4/2
f 10/12/1 7/13/1 8/14/1
f 8/4/4 2/6/4 9/15/4
f 8/14/1 9/16/1 10/12/1
f 10/12/1 47/17/1 11/18/1
f 10/12/1 11/18/1 29/19/1
f 12/20/1 16/21/1 10/12/1
f 10/12/1 48/22/1 12/20/1
f 49/23/1 13/24/1 10/12/1
f 10/12/1 13/24/1 17/25/1
f 10/12/1 50/26/1 7/13/1
f 14/27/1 18/28/1 10/12/1
f 10/12/1 51/29/1 14/27/1
f 52/30/1 15/31/1 10/12/1
f 10/12/1 15/31/1 19/32/1
f 10/12/1 16/21/1 20/33/1
f 10/12/1 17/25/1 21/34/1
f 10/12/1 18/28/1 22/35/1
f 10/12/1 19/32/1 23/36/1
f 10/12/1 20/33/1 24/37/1
f 21/34/1 25/38/1 10/12/1
f 10/12/1 9/16/1 26/39/1
f 10/12/1 22/35/1 27/40/1
f 23/36/1 28/41/1 10/12/1
f 24/37/1 30/42/1 10/12/1
f 10/12/1 25/38/1 31/43/1
f 10/12/1 26/39/1 32/44/1
f 27/40/1 33/45/1 10/12/1
f 10/12/1 28/41/1 34/46/1
f 29/19/1 40/47/1 10/12/1
f 10/12/1 30/42/1 35/48/1
f 10/12/1 31/43/1 36/49/1
f 32/44/1 37/50/1 10/12/1
f 10/12/1 33/45/1 38/51/1
f 10/12/1 34/46/1 39/52/1
f 10/12/1 35/48/1 41/53/1
f 36/49/1 42/54/1 10/12/1
f 10/12/1 37/50/1 43/55/1
f 10/12/1 38/51/1 44/56/1
f 39/52/1 45/57/1 10/12/1
f 10/12/1 40/47/1 46/58/1
f 41/53/1 47/17/1 10/12/1
f 10/12/1 42/54/1 48/22/1
f 10/12/1 43/55/1 49/23/1
f 44/56/1 50/26/1 10/12/1
f 10/12/1 45/57/1 51/29/1
f 10/12/1 46/58/1 52/30/1
f 46/59/5 53/60/5 52/61/5
f 52/61/5 53/60/5 54/62/5
f 52/61/6 54/62/6 15/63/6
f 54/64/1 56/65/1 55/66/1
f 15/63/6 54/62/6 55/67/6
f 54/64/1 58/68/1 56/65/1
f 53/69/1 57/70/1 54/64/1
f 54/64/1 57/70/1 58/68/1
f 60/71/7 58/68/7 57/70/7
f 59/72/8 56/65/8 58/68/8
f 59/72/8 58/68/8 60/71/8
f 62/73/9 59/72/9 60/71/9
f 60/71/7 57/70/7 61/74/7
f 63/75/10 60/71/10 61/74/10
f 62/73/9 60/71/9 63/75/9
f 64/76/11 62/73/11 63/75/11
f 64/76/11 63/75/11 65/77/11
f 65/77/12 63/75/12 66/78/12
f 63/75/10 61/74/10 66/78/10
f 65/77/12 66/78/12 67/79/12
f 67/79/13 66/78/13 68/80/13
f 66/78/14 69/81/14 68/80/14
f 66/78/14 61/74/14 69/81/14
f 68/80/15 69/81/15 70/82/15
f 61/74/16 72/83/16 69/81/16
f 69/81/17 71/84/17 70/82/17
f 69/81/17 72/83/17 71/84/17
f 73/85/1 71/84/1 72/83/1
f 73/85/1 72/83/1 53/69/1
f 53/69/1 72/83/1 57/70/1
f 61/74/16 57/70/16 72/83/16
f 75/86/1 74/87/1 73/85/1
f 74/87/1 71/84/1 73/85/1
f 46/59/18 73/88/18 53/60/18
f 40/89/19 75/90/19 73/88/19
f 40/89/18 73/88/18 46/59/18
f 76/91/1 75/86/1 77/92/1
f 76/91/1 78/93/1 75/86/1
f 29/94/20 77/95/20 75/90/20
f 75/86/1 78/93/1 74/87/1
f 29/94/19 75/90/19 40/89/19
f 79/96/21 74/87/21 78/93/21
f 79/96/21 78/93/21 80/97/21
f 80/97/22 78/93/22 76/91/22
f 81/98/23 79/96/23 80/97/23
f 81/98/23 80/97/23 82/99/23
f 82/99/24 80/97/24 83/100/24
f 80/97/22 76/91/22 83/100/22
f 82/99/24 83/100/24 85/101/24
f 83/100/25 76/91/25 84/102/25
f 83/100/25 84/102/25 86/103/25
f 85/101/26 83/100/26 86/103/26
f 86/103/27 87/104/27 89/105/27
f 86/103/27 84/102/27 87/104/27
f 85/101/28 86/103/28 88/106/28
f 88/106/29 86/103/29 89/105/29
f 89/105/30 87/104/30 92/107/30
f 88/106/31 89/105/31 90/108/31
f 90/108/32 89/105/32 91/109/32
f 89/105/30 92/107/30 91/109/30
f 93/110/1 94/111/1 92/107/1
f 93/110/1 92/107/1 87/104/1
f 91/109/33 92/107/33 94/111/33
f 95/112/1 94/111/1 93/110/1
f 95/112/1 96/113/1 94/111/1
f 97/114/34 94/111/34 96/113/34
f 91/109/33 94/111/33 97/114/33
f 100/115/35 97/114/35 98/116/35
f 97/114/34 96/113/34 98/116/34
f 99/117/36 91/109/36 97/114/36
f 99/117/36 97/114/36 100/115/36
f 101/118/37 99/117/37 100/115/37
f 101/118/37 100/115/37 102/119/37
f 102/119/38 100/115/38 103/120/38
f 100/115/35 98/116/35 103/120/35
f 102/119/38 103/120/38 104/121/38
f 104/121/39 103/120/39 105/122/39
f 103/120/40 106/123/40 105/122/40
f 103/120/41 98/116/41 106/123/41
f 106/123/42 108/124/42 107/125/42
f 106/123/42 107/125/42 109/126/42
f 98/116/43 108/124/43 106/123/43
f 105/122/44 106/123/44 109/126/44
f 105/122/44 109/126/44 110/127/44
f 110/127/45 109/126/45 111/128/45
f 109/126/46 107/125/46 112/129/46
f 109/126/46 112/129/46 111/128/46
f 114/130/1 113/131/1 112/129/1
f 111/128/47 112/129/47 113/131/47
f 114/130/1 112/129/1 115/132/1
f 112/129/1 107/125/1 115/132/1
f 35/133/48 114/134/48 115/135/48
f 115/132/1 107/125/1 108/124/1
f 115/132/1 108/124/1 95/112/1
f 41/136/49 115/135/49 95/137/49
f 35/133/49 115/135/49 41/136/49
f 116/138/1 113/131/1 114/130/1
f 30/139/50 116/140/50 114/134/50
f 30/139/48 114/134/48 35/133/48
f 116/138/1 119/141/1 113/131/1
f 117/142/1 118/143/1 116/138/1
f 24/144/51 117/145/51 116/140/51
f 116/138/1 118/143/1 119/141/1
f 24/144/52 116/140/52 30/139/52
f 120/146/53 113/131/53 119/141/53
f 120/146/53 119/141/53 121/147/53
f 121/147/54 119/141/54 118/143/54
f 122/148/55 120/146/55 121/147/55
f 122/148/55 121/147/55 123/149/55
f 123/149/56 121/147/56 124/150/56
f 121/147/54 118/143/54 124/150/54
f 124/150/57 118/143/57 125/151/57
f 124/150/57 125/151/57 127/152/57
f 123/149/56 124/150/56 126/153/56
f 126/153/58 124/150/58 127/152/58
f 129/154/59 127/152/59 128/155/59
f 127/152/60 130/156/60 128/155/60
f 127/152/60 125/151/60 130/156/60
f 126/153/58 127/152/58 129/154/58
f 131/157/1 132/158/1 130/156/1
f 131/157/1 130/156/1 117/142/1
f 128/155/61 130/156/61 132/158/61
f 117/142/1 130/156/1 125/151/1
f 133/159/1 132/158/1 131/157/1
f 134/160/62 132/158/62 133/159/62
f 128/155/61 132/158/61 134/160/61
f 136/161/63 128/155/63 134/160/63
f 137/162/64 134/160/64 135/163/64
f 134/160/62 133/159/62 135/163/62
f 136/161/65 134/160/65 137/162/65
f 138/164/66 136/161/66 137/162/66
f 138/164/67 137/162/67 139/165/67
f 139/165/68 137/162/68 140/166/68
f 137/162/64 135/163/64 140/166/64
f 143/167/69 140/166/69 141/168/69
f 140/166/70 142/169/70 141/168/70
f 140/166/70 135/163/70 142/169/70
f 139/165/68 140/166/68 143/167/68
f 144/170/71 139/165/71 143/167/71
f 144/170/71 143/167/71 145/171/71
f 145/171/72 143/167/72 146/172/72
f 143/167/69 141/168/69 146/172/69
f 145/171/72 146/172/72 147/173/72
f 147/173/73 146/172/73 148/174/73
f 146/172/74 149/175/74 148/174/74
f 146/172/74 141/168/74 149/175/74
f 141/168/75 151/176/75 149/175/75
f 148/174/76 149/175/76 150/177/76
f 149/175/77 152/178/77 150/177/77
f 149/175/77 151/176/77 152/178/77
f 152/178/78 154/179/78 153/180/78
f 152/178/79 153/180/79 155/181/79
f 150/177/80 152/178/80 155/181/80
f 151/176/81 154/179/81 152/178/81
f 155/181/82 153/180/82 156/182/82
f 155/181/82 156/182/82 158/183/82
f 150/177/80 155/181/80 157/184/80
f 157/184/83 155/181/83 158/183/83
f 160/185/84 158/183/84 159/186/84
f 158/183/85 161/187/85 159/186/85
f 158/183/85 156/182/85 161/187/85
f 157/184/83 158/183/83 160/185/83
f 163/188/1 161/187/1 156/182/1
f 163/188/1 162/189/1 161/187/1
f 159/186/86 161/187/86 162/189/86
f 163/188/1 156/182/1 164/190/1
f 42/191/87 163/192/87 164/193/87
f 165/194/1 162/189/1 163/188/1
f 36/195/88 165/196/88 163/192/88
f 36/195/87 163/192/87 42/191/87
f 165/194/1 168/197/1 162/189/1
f 166/198/1 167/199/1 165/194/1
f 31/200/89 166/201/89 165/196/89
f 165/194/1 167/199/1 168/197/1
f 31/200/88 165/196/88 36/195/88
f 170/202/90 168/197/90 167/199/90
f 169/203/91 162/189/91 168/197/91
f 169/203/91 168/197/91 170/202/91
f 173/204/92 170/202/92 171/205/92
f 171/205/93 170/202/93 172/206/93
f 170/202/94 167/199/94 172/206/94
f 173/204/92 169/203/92 170/202/92
f 174/207/95 176/208/95 173/204/95
f 174/207/96 173/204/96 175/209/96
f 175/209/97 173/204/97 171/205/97
f 176/208/98 169/203/98 173/204/98
f 177/210/99 160/185/99 176/208/99
f 177/210/99 176/208/99 174/207/99
f 160/185/84 159/186/84 176/208/84
f 176/208/98 159/186/98 169/203/98
f 179/211/100 178/212/100 177/210/100
f 178/212/101 160/185/101 177/210/101
f 180/213/102 177/210/102 174/207/102
f 179/211/100 177/210/100 180/213/100
f 181/214/103 179/211/103 180/213/103
f 181/214/103 180/213/103 182/215/103
f 182/215/104 180/213/104 183/216/104
f 180/213/102 174/207/102 183/216/102
f 185/217/105 183/216/105 184/218/105
f 183/216/106 175/209/106 184/218/106
f 183/216/106 174/207/106 175/209/106
f 182/215/104 183/216/104 185/217/104
f 186/219/107 182/220/107 185/221/107
f 186/219/108 185/221/108 188/222/108
f 188/222/109 185/221/109 187/223/109
f 185/217/105 184/218/105 187/224/105
f 189/225/110 190/226/110 188/222/110
f 188/222/109 187/223/109 189/225/109
f 188/222/111 190/226/111 191/227/111
f 188/222/112 191/227/112 186/219/112
f 186/219/113 191/227/113 192/228/113
f 195/229/114 192/228/114 191/227/114
f 193/230/115 191/227/115 194/231/115
f 196/232/116 191/227/116 193/230/116
f 194/231/115 191/227/115 190/226/115
f 195/229/116 191/227/116 196/232/116
f 196/232/117 193/230/117 197/233/117
f 197/234/118 198/235/118 196/236/118
f 196/237/119 199/238/119 195/239/119
f 198/240/119 199/238/119 196/237/119
f 195/236/1 199/235/1 200/234/1
f 200/234/1 199/235/1 201/241/1
f 199/242/120 202/243/120 201/244/120
f 198/245/120 202/243/120 199/242/120
f 201/246/121 202/247/121 200/248/121
f 200/248/121 202/247/121 197/249/121
f 202/241/118 198/235/118 197/234/118
f 200/250/122 197/233/122 203/251/122
f 203/251/122 204/252/122 200/250/122
f 200/250/123 192/228/123 195/229/123
f 200/250/124 204/252/124 192/228/124
f 205/253/125 192/228/125 204/252/125
f 204/252/126 206/254/126 205/253/126
f 207/255/127 206/254/127 204/252/127
f 203/251/128 207/255/128 204/252/128
f 208/256/128 207/255/128 203/251/128
f 208/257/129 209/258/129 207/259/129
f 207/260/1 209/261/1 210/262/1
f 210/263/130 211/264/130 207/255/130
f 207/255/131 211/264/131 206/254/131
f 205/253/132 206/254/132 211/264/132
f 205/253/132 211/264/132 212/265/132
f 212/265/133 211/264/133 213/266/133
f 210/263/134 213/266/134 211/264/134
f 212/265/135 213/266/135 214/267/135
f 214/267/136 213/266/136 215/268/136
f 217/269/137 215/268/137 213/266/137
f 216/270/138 213/266/138 210/263/138
f 218/271/139 213/266/139 216/270/139
f 217/269/139 213/266/139 218/271/139
f 218/271/140 220/272/140 219/273/140
f 219/274/118 221/275/118 218/276/118
f 218/271/141 216/270/141 220/272/141
f 218/277/142 222/278/142 217/279/142
f 221/280/142 222/278/142 218/277/142
f 217/276/1 222/275/1 223/274/1
f 223/274/1 222/275/1 224/281/1
f 222/282/143 225/283/143 224/284/143
f 221/285/143 225/283/143 222/282/143
f 224/286/144 225/287/144 223/288/144
f 223/288/144 225/287/144 219/289/144
f 225/281/118 221/275/118 219/274/118
f 219/273/145 226/290/145 223/291/145
f 226/290/145 227/292/145 223/291/145
f 223/291/146 215/268/146 217/269/146
f 223/291/147 227/292/147 215/268/147
f 228/293/148 215/268/148 227/292/148
f 227/292/149 229/294/149 228/293/149
f 226/290/150 229/294/150 227/292/150
f 228/293/151 229/294/151 230/295/151
f 231/296/152 230/295/152 229/294/152
f 232/297/153 231/296/153 229/294/153
f 232/297/150 229/294/150 226/290/150
f 234/298/154 232/297/154 233/299/154
f 233/299/155 232/297/155 235/300/155
f 234/298/156 231/296/156 232/297/156
f 235/300/157 232/297/157 236/301/157
f 232/297/158 226/290/158 236/301/158
f 236/301/159 226/290/159 237/302/159
f 236/301/160 237/302/160 238/303/160
f 240/304/161 236/301/161 238/303/161
f 239/305/162 235/300/162 236/301/162
f 239/305/161 236/301/161 240/304/161
f 240/306/163 238/307/163 243/171/163
f 243/171/164 241/170/164 240/306/164
f 240/306/165 241/170/165 242/308/165
f 240/304/166 242/309/166 239/305/166
f 243/171/167 238/307/167 246/173/167
f 243/171/168 246/173/168 244/167/168
f 244/167/169 245/165/169 243/171/169
f 243/171/169 245/165/169 241/170/169
f 238/307/170 248/310/170 246/173/170
f 246/173/171 249/311/171 247/172/171
f 244/167/168 246/173/168 247/172/168
f 246/173/172 248/310/172 249/311/172
f 249/311/173 251/312/173 250/313/173
f 249/311/174 250/313/174 252/174/174
f 248/310/173 251/312/173 249/311/173
f 247/172/171 249/311/171 252/174/171
f 252/174/174 250/313/174 255/314/174
f 252/174/175 255/314/175 253/175/175
f 254/168/176 252/174/176 253/175/176
f 247/172/176 252/174/176 254/168/176
f 256/212/177 257/177/177 255/314/177
f 256/212/178 255/314/178 258/211/178
f 253/175/175 255/314/175 257/177/175
f 258/211/178 255/314/178 250/313/178
f 260/214/179 259/215/179 258/211/179
f 258/211/180 259/215/180 261/213/180
f 258/211/181 250/313/181 260/214/181
f 258/211/182 261/213/182 256/212/182
f 263/216/183 262/210/183 261/213/183
f 256/212/182 261/213/182 262/210/182
f 263/216/184 261/213/184 264/217/184
f 264/217/185 261/213/185 259/215/185
f 266/224/186 263/216/186 264/217/186
f 264/315/187 259/316/187 265/317/187
f 267/318/188 264/315/188 265/317/188
f 266/319/189 264/315/189 267/318/189
f 267/318/190 265/317/190 269/320/190
f 269/320/191 268/321/191 267/318/191
f 267/318/192 268/321/192 270/322/192
f 267/318/193 270/322/193 266/319/193
f 268/321/194 271/323/194 270/322/194
f 270/322/195 271/323/195 272/324/195
f 272/324/196 273/325/196 270/322/196
f 266/319/193 270/322/193 273/325/193
f 275/326/197 274/327/197 273/328/197
f 276/218/198 273/328/198 274/327/198
f 275/329/196 273/325/196 272/324/196
f 266/224/199 273/328/199 276/218/199
f 276/218/200 274/327/200 277/209/200
f 277/209/201 278/207/201 276/218/201
f 276/218/202 278/207/202 263/216/202
f 276/218/203 263/216/203 266/224/203
f 279/208/204 280/185/204 278/207/204
f 277/209/205 279/208/205 278/207/205
f 278/207/204 280/185/204 262/210/204
f 278/207/183 262/210/183 263/216/183
f 279/208/206 281/183/206 280/185/206
f 283/181/207 280/185/207 281/183/207
f 282/184/208 262/210/208 280/185/208
f 282/184/207 280/185/207 283/181/207
f 283/181/209 281/183/209 284/180/209
f 283/181/210 286/178/210 282/184/210
f 284/180/211 285/179/211 283/181/211
f 283/181/212 285/179/212 286/178/212
f 282/184/210 286/178/210 257/177/210
f 288/330/213 286/178/213 285/179/213
f 287/176/214 257/177/214 286/178/214
f 287/176/213 286/178/213 288/330/213
f 291/331/118 288/330/118 285/179/118
f 289/332/215 287/176/215 288/330/215
f 290/333/118 289/332/118 288/330/118
f 290/333/118 288/330/118 291/331/118
f 293/334/216 290/335/216 291/336/216
f 291/331/118 285/179/118 292/190/118
f 294/337/217 291/336/217 292/338/217
f 293/334/217 291/336/217 294/337/217
f 296/12/118 293/22/118 294/54/118
f 294/337/218 292/338/218 295/339/218
f 294/54/118 295/49/118 296/12/118
f 296/12/118 334/36/118 297/32/118
f 296/12/118 297/32/118 302/31/118
f 298/28/118 303/27/118 296/12/118
f 296/12/118 335/35/118 298/28/118
f 336/16/118 299/14/118 296/12/118
f 296/12/118 299/14/118 304/13/118
f 296/12/118 337/34/118 300/25/118
f 296/12/118 300/25/118 305/24/118
f 301/21/118 306/20/118 296/12/118
f 296/12/118 338/33/118 301/21/118
f 302/31/118 308/30/118 296/12/118
f 296/12/118 303/27/118 309/29/118
f 296/12/118 304/13/118 310/26/118
f 305/24/118 311/23/118 296/12/118
f 296/12/118 306/20/118 293/22/118
f 296/12/118 328/18/118 307/17/118
f 307/17/118 316/53/118 296/12/118
f 296/12/118 308/30/118 312/58/118
f 296/12/118 309/29/118 313/57/118
f 310/26/118 314/56/118 296/12/118
f 296/12/118 311/23/118 315/55/118
f 296/12/118 312/58/118 317/47/118
f 313/57/118 318/52/118 296/12/118
f 296/12/118 314/56/118 319/51/118
f 296/12/118 315/55/118 320/50/118
f 296/12/118 316/53/118 321/48/118
f 317/47/118 322/19/118 296/12/118
f 296/12/118 318/52/118 323/46/118
f 296/12/118 319/51/118 324/45/118
f 320/50/118 325/44/118 296/12/118
f 296/12/118 295/49/118 326/43/118
f 296/12/118 321/48/118 327/42/118
f 296/12/118 322/19/118 328/18/118
f 296/12/118 323/46/118 329/41/118
f 324/45/118 330/40/118 296/12/118
f 296/12/118 325/44/118 331/39/118
f 296/12/118 326/43/118 332/38/118
f 327/42/118 333/37/118 296/12/118
f 329/41/118 334/36/118 296/12/118
f 296/12/118 330/40/118 335/35/118
f 296/12/118 331/39/118 336/16/118
f 332/38/118 337/34/118 296/12/118
f 296/12/118 333/37/118 338/33/118
f 333/340/219 339/341/219 338/342/219
f 338/342/220 339/341/220 340/343/220
f 338/344/221 340/345/221 301/346/221
f 340/142/118 341/156/118 343/157/118
f 340/142/118 342/151/118 341/156/118
f 340/142/118 344/143/118 342/151/118
f 301/346/221 340/345/221 343/347/221
f 339/138/118 344/143/118 340/142/118
f 342/151/222 344/143/222 345/152/222
f 345/152/222 344/143/222 346/150/222
f 347/141/223 346/150/223 344/143/223
f 339/138/118 347/141/118 344/143/118
f 348/147/223 346/150/223 347/141/223
f 349/131/224 348/147/224 347/141/224
f 339/138/118 349/131/118 347/141/118
f 350/146/224 348/147/224 349/131/224
f 351/129/225 350/146/225 349/131/225
f 352/130/118 351/129/118 349/131/118
f 352/130/118 349/131/118 339/138/118
f 353/132/118 354/125/118 352/130/118
f 327/348/226 353/349/226 352/350/226
f 327/348/227 352/350/227 333/340/227
f 333/340/228 352/350/228 339/341/228
f 352/130/118 354/125/118 351/129/118
f 354/125/229 356/124/229 355/126/229
f 357/128/230 354/125/230 355/126/230
f 353/132/118 356/124/118 354/125/118
f 351/129/230 354/125/230 357/128/230
f 357/128/231 355/126/231 358/351/231
f 358/351/232 359/148/232 357/128/232
f 357/128/232 359/148/232 350/146/232
f 357/128/225 350/146/225 351/129/225
f 360/352/233 361/353/233 359/148/233
f 358/351/234 360/352/234 359/148/234
f 359/148/235 362/149/235 350/146/235
f 359/148/233 361/353/233 362/149/233
f 361/353/236 364/354/236 362/149/236
f 362/149/237 363/153/237 348/147/237
f 350/146/235 362/149/235 348/147/235
f 362/149/238 364/354/238 363/153/238
f 365/355/239 363/153/239 364/354/239
f 365/355/240 364/354/240 366/356/240
f 366/356/240 364/354/240 367/357/240
f 361/353/241 367/357/241 364/354/241
f 370/358/242 367/357/242 368/359/242
f 369/360/243 368/359/243 367/357/243
f 369/360/241 367/357/241 361/353/241
f 366/356/244 367/357/244 370/358/244
f 372/361/245 371/362/245 370/358/245
f 370/358/245 371/362/245 373/363/245
f 370/358/246 368/359/246 372/361/246
f 370/358/247 373/363/247 366/356/247
f 375/364/248 373/363/248 371/362/248
f 242/308/249 374/365/249 373/363/249
f 366/356/250 373/363/250 374/365/250
f 242/308/251 373/363/251 375/364/251
f 371/366/252 379/367/252 375/368/252
f 378/369/253 375/368/253 376/370/253
f 375/368/254 377/371/254 376/370/254
f 375/368/255 379/367/255 377/371/255
f 239/305/253 375/368/253 378/369/253
f 239/305/166 242/309/166 375/368/166
f 379/367/256 380/372/256 383/373/256
f 380/372/257 379/367/257 371/366/257
f 379/367/258 382/374/258 381/375/258
f 379/367/259 381/375/259 377/371/259
f 383/373/256 382/374/256 379/367/256
f 384/376/260 382/374/260 383/373/260
f 383/373/261 385/377/261 384/376/261
f 386/378/262 385/377/262 383/373/262
f 387/379/263 383/373/263 380/372/263
f 386/378/263 383/373/263 387/379/263
f 387/379/264 380/372/264 389/380/264
f 388/381/265 387/379/265 389/380/265
f 388/382/118 390/383/118 387/384/118
f 387/385/266 391/386/266 386/387/266
f 390/388/266 391/386/266 387/385/266
f 391/389/267 394/390/267 392/391/267
f 393/382/1 391/383/1 392/392/1
f 386/384/1 391/383/1 393/382/1
f 390/393/267 394/390/267 391/389/267
f 392/394/268 394/395/268 393/396/268
f 393/396/268 394/395/268 388/397/268
f 394/392/118 390/383/118 388/382/118
f 393/398/269 395/399/269 386/378/269
f 388/381/270 395/399/270 393/398/270
f 384/376/271 385/377/271 395/399/271
f 395/399/272 385/377/272 386/378/272
f 384/376/273 395/399/273 396/400/273
f 396/401/274 395/402/274 397/403/274
f 398/404/275 397/403/275 395/402/275
f 388/381/270 398/405/270 395/399/270
f 399/406/275 397/403/275 398/404/275
f 399/406/276 398/404/276 400/407/276
f 389/380/277 398/405/277 388/381/277
f 389/380/278 400/408/278 398/405/278
f 401/409/279 399/406/279 400/407/279
f 401/410/280 400/411/280 402/412/280
f 372/361/246 368/359/246 400/411/246
f 372/413/278 400/408/278 389/380/278
f 402/412/280 400/411/280 368/359/280
f 402/412/243 368/359/243 369/360/243
f 404/414/281 402/412/281 369/360/281
f 403/415/282 401/410/282 402/412/282
f 403/415/281 402/412/281 404/414/281
f 405/416/283 403/415/283 404/414/283
f 404/414/284 369/360/284 360/352/284
f 406/417/285 404/414/285 360/352/285
f 405/416/285 404/414/285 406/417/285
f 406/417/286 408/418/286 405/416/286
f 406/417/287 360/352/287 358/351/287
f 358/351/288 407/127/288 406/417/288
f 406/417/288 407/127/288 408/418/288
f 407/127/289 409/122/289 408/418/289
f 408/418/290 409/122/290 410/419/290
f 408/418/291 410/419/291 411/420/291
f 405/416/286 408/418/286 411/420/286
f 411/420/291 410/419/291 412/421/291
f 411/420/292 412/421/292 413/422/292
f 414/423/293 411/420/293 413/422/293
f 405/416/293 411/420/293 414/423/293
f 414/424/294 415/425/294 403/426/294
f 414/423/295 403/415/295 405/416/295
f 414/424/296 413/427/296 416/428/296
f 416/428/294 415/425/294 414/424/294
f 416/428/297 413/427/297 419/429/297
f 417/430/298 418/431/298 416/428/298
f 416/428/299 419/429/299 417/430/299
f 416/428/300 418/431/300 415/425/300
f 413/427/301 420/432/301 419/429/301
f 419/429/302 420/432/302 421/433/302
f 417/430/299 419/429/299 422/434/299
f 421/433/303 423/435/303 419/429/303
f 419/429/304 424/436/304 422/434/304
f 419/429/305 423/435/305 424/436/305
f 422/434/306 424/436/306 426/437/306
f 425/438/307 427/439/307 424/436/307
f 428/440/308 425/438/308 424/436/308
f 426/437/307 424/436/307 427/439/307
f 428/440/308 424/436/308 429/441/308
f 429/441/309 424/436/309 423/435/309
f 429/442/310 432/443/310 428/444/310
f 429/441/311 423/435/311 430/445/311
f 430/446/118 431/447/118 429/448/118
f 431/449/310 432/443/310 429/442/310
f 432/450/312 434/451/312 433/452/312
f 435/446/1 432/447/1 433/453/1
f 431/454/312 434/451/312 432/450/312
f 428/448/1 432/447/1 435/446/1
f 430/445/313 437/455/313 435/456/313
f 435/457/314 434/458/314 430/459/314
f 435/456/313 437/455/313 436/460/313
f 435/456/315 436/460/315 428/440/315
f 433/461/316 434/458/316 435/457/316
f 436/460/317 437/455/317 440/462/317
f 440/462/317 437/455/317 438/463/317
f 438/463/318 437/455/318 439/464/318
f 430/445/319 423/435/319 437/455/319
f 437/455/320 423/435/320 421/433/320
f 439/464/321 437/455/321 421/433/321
f 436/460/322 440/462/322 441/465/322
f 441/465/323 440/462/323 442/466/323
f 442/466/324 440/462/324 443/467/324
f 443/467/325 440/462/325 438/463/325
f 444/468/326 442/466/326 443/467/326
f 443/469/1 446/470/1 444/471/1
f 443/467/325 438/463/325 445/472/325
f 445/473/327 446/474/327 443/475/327
f 444/471/1 446/470/1 447/476/1
f 446/477/328 448/478/328 447/479/328
f 449/480/327 446/474/327 445/473/327
f 449/481/328 448/478/328 446/477/328
f 449/470/118 445/469/118 448/476/118
f 447/482/329 448/483/329 450/484/329
f 450/484/329 448/483/329 451/485/329
f 448/476/118 452/471/118 451/486/118
f 448/476/118 445/469/118 452/471/118
f 445/472/330 453/487/330 452/488/330
f 452/488/331 454/489/331 451/490/331
f 452/488/332 453/487/332 454/489/332
f 451/490/333 454/489/333 455/491/333
f 455/491/334 454/489/334 457/492/334
f 454/489/335 453/487/335 456/493/335
f 457/492/336 454/489/336 456/493/336
f 461/494/337 455/491/337 457/492/337
f 457/492/338 456/493/338 458/495/338
f 460/496/339 457/492/339 458/495/339
f 459/497/340 461/494/340 457/492/340
f 459/497/341 457/492/341 460/496/341
f 455/491/342 461/494/342 463/498/342
f 463/498/343 461/494/343 462/499/343
f 462/499/344 461/494/344 459/497/344
f 463/498/345 464/500/345 455/491/345
f 463/501/118 467/502/118 464/503/118
f 463/498/343 462/499/343 465/504/343
f 465/505/118 466/506/118 463/501/118
f 463/501/118 466/506/118 467/502/118
f 467/507/346 466/508/346 468/509/346
f 467/510/347 468/511/347 464/512/347
f 468/509/346 466/508/346 469/513/346
f 469/506/1 472/505/1 468/502/1
f 464/512/347 468/511/347 470/514/347
f 468/502/348 471/501/348 470/503/348
f 468/502/1 472/505/1 471/501/1
f 474/515/343 471/516/343 472/517/343
f 465/504/349 473/518/349 472/517/349
f 472/519/350 466/520/350 465/521/350
f 472/517/349 473/518/349 475/522/349
f 469/523/350 466/520/350 472/519/350
f 472/517/351 475/522/351 474/515/351
f 476/524/352 474/515/352 475/522/352
f 476/524/353 475/522/353 477/525/353
f 477/525/354 475/522/354 478/526/354
f 475/522/355 480/527/355 478/526/355
f 473/518/356 479/528/356 475/522/356
f 475/522/356 479/528/356 480/527/356
f 479/529/357 482/530/357 480/531/357
f 478/526/358 480/527/358 481/532/358
f 480/533/1 482/534/1 481/535/1
f 485/536/357 482/530/357 479/529/357
f 482/537/359 484/538/359 483/539/359
f 481/535/1 482/534/1 483/540/1
f 485/541/359 484/538/359 482/537/359
f 484/540/118 485/534/118 486/535/118
f 486/535/118 485/534/118 479/533/118
f 487/542/360 478/526/360 486/543/360
f 487/542/361 486/543/361 473/518/361
f 473/518/362 486/543/362 479/528/362
f 478/526/363 481/532/363 486/543/363
f 481/544/364 484/545/364 486/546/364
f 487/542/365 489/547/365 488/548/365
f 488/548/366 478/526/366 487/542/366
f 490/549/367 489/547/367 487/542/367
f 473/518/368 490/549/368 487/542/368
f 491/550/369 494/551/369 490/549/369
f 491/550/370 490/549/370 473/518/370
f 493/552/371 492/553/371 490/549/371
f 490/549/372 492/553/372 489/547/372
f 490/549/373 495/554/373 493/552/373
f 494/551/374 495/554/374 490/549/374
f 497/555/375 493/552/375 495/554/375
f 494/556/376 496/557/376 495/558/376
f 498/559/377 495/558/377 496/557/377
f 497/560/377 495/558/377 498/559/377
f 498/559/378 501/561/378 497/560/378
f 498/559/379 496/557/379 499/562/379
f 499/562/380 500/563/380 498/559/380
f 498/559/380 500/563/380 501/561/380
f 497/560/381 501/561/381 502/564/381
f 504/565/382 501/561/382 500/563/382
f 503/566/383 502/564/383 501/561/383
f 503/566/384 501/561/384 504/565/384
f 506/79/385 503/566/385 504/565/385
f 504/565/386 500/563/386 505/80/386
f 507/78/387 504/565/387 505/80/387
f 506/79/388 504/565/388 507/78/388
f 507/78/389 510/75/389 506/79/389
f 507/78/390 505/80/390 508/74/390
f 508/74/391 509/71/391 507/78/391
f 507/78/391 509/71/391 510/75/391
f 506/79/392 510/75/392 513/77/392
f 512/73/393 510/75/393 511/72/393
f 511/72/393 510/75/393 509/71/393
f 512/73/394 513/77/394 510/75/394
f 506/79/395 513/77/395 514/567/395
f 514/567/396 513/77/396 515/568/396
f 516/76/397 515/568/397 513/77/397
f 516/76/394 513/77/394 512/73/394
f 512/73/398 517/569/398 516/76/398
f 516/76/398 517/569/398 518/570/398
f 516/76/399 518/570/399 519/571/399
f 519/571/397 515/568/397 516/76/397
f 519/571/399 518/570/399 520/572/399
f 519/571/400 520/572/400 521/573/400
f 521/573/401 522/574/401 519/571/401
f 519/571/401 522/574/401 515/568/401
f 524/575/402 522/576/402 523/577/402
f 521/578/403 523/577/403 522/576/403
f 525/579/404 515/568/404 522/574/404
f 525/580/402 522/576/402 524/575/402
f 525/580/405 527/581/405 526/582/405
f 525/579/406 526/583/406 514/567/406
f 524/575/407 527/581/407 525/580/407
f 514/567/408 515/568/408 525/579/408
f 527/581/409 531/584/409 528/585/409
f 527/581/410 528/585/410 526/582/410
f 524/575/411 530/586/411 527/581/411
f 530/586/412 529/587/412 527/581/412
f 529/587/413 531/584/413 527/581/413
f 532/588/414 533/589/414 531/584/414
f 536/590/415 532/588/415 531/584/415
f 533/589/414 534/591/414 531/584/414
f 531/584/416 534/591/416 535/592/416
f 531/584/417 535/592/417 528/585/417
f 536/590/418 531/584/418 529/587/418
f 538/593/415 532/588/415 536/590/415
f 536/590/419 529/587/419 537/594/419
f 537/595/118 539/596/118 536/597/118
f 536/598/420 540/599/420 538/600/420
f 539/601/420 540/599/420 536/598/420
f 540/602/421 543/603/421 541/604/421
f 542/595/1 540/596/1 541/605/1
f 538/597/1 540/596/1 542/595/1
f 539/606/421 543/603/421 540/602/421
f 541/607/422 543/608/422 542/609/422
f 542/609/422 543/608/422 537/610/422
f 543/605/118 539/596/118 537/595/118
f 542/611/423 544/612/423 538/593/423
f 542/611/424 545/613/424 544/612/424
f 530/586/425 545/613/425 542/611/425
f 537/594/425 530/586/425 542/611/425
f 546/614/426 544/612/426 545/613/426
f 545/613/427 547/615/427 546/614/427
f 530/586/428 547/615/428 545/613/428
f 546/614/429 547/615/429 548/616/429
f 547/615/430 549/617/430 548/616/430
f 550/618/431 549/617/431 547/615/431
f 550/618/428 547/615/428 530/586/428
f 553/619/432 551/620/432 550/618/432
f 551/620/431 549/617/431 550/618/431
f 552/621/433 553/619/433 550/618/433
f 550/618/434 523/577/434 552/621/434
f 550/618/435 530/586/435 524/575/435
f 524/575/434 523/577/434 550/618/434
f 556/622/118 551/623/118 553/624/118
f 554/625/436 555/626/436 553/619/436
f 554/625/437 553/619/437 552/621/437
f 556/622/118 553/624/118 555/627/118
f 559/628/118 551/623/118 556/622/118
f 558/629/438 556/630/438 555/631/438
f 557/632/438 556/630/438 558/629/438
f 560/633/439 556/634/439 557/635/439
f 559/636/439 556/634/439 560/633/439
f 559/637/440 560/638/440 551/639/440
f 551/639/440 560/638/440 549/640/440
f 561/624/1 560/628/1 557/622/1
f 549/623/1 560/628/1 561/624/1
f 548/616/441 561/641/441 562/642/441
f 562/642/442 561/641/442 563/643/442
f 563/643/443 561/641/443 558/644/443
f 548/616/444 549/617/444 561/641/444
f 561/624/1 557/622/1 558/627/1
f 562/642/445 563/643/445 564/645/445
f 564/645/446 563/643/446 565/646/446
f 563/643/447 566/647/447 565/646/447
f 563/643/448 558/644/448 566/647/448
f 565/646/449 566/647/449 567/648/449
f 569/649/1 567/650/1 566/651/1
f 566/647/450 558/644/450 555/626/450
f 566/647/450 555/626/450 568/652/450
f 568/653/451 569/654/451 566/655/451
f 569/656/452 571/657/452 570/658/452
f 570/659/1 573/660/1 569/649/1
f 572/661/452 571/657/452 569/656/452
f 569/649/1 573/660/1 567/650/1
f 572/662/451 569/654/451 568/653/451
f 575/663/453 567/648/453 573/664/453
f 576/665/454 573/664/454 574/666/454
f 573/667/455 571/668/455 574/669/455
f 570/670/455 571/668/455 573/667/455
f 575/663/456 573/664/456 576/665/456
f 577/671/457 575/663/457 576/665/457
f 577/671/458 576/665/458 578/672/458
f 576/665/459 579/673/459 578/672/459
f 581/674/460 579/673/460 576/665/460
f 576/665/454 574/666/454 580/675/454
f 582/676/461 576/665/461 580/675/461
f 581/674/461 576/665/461 582/676/461
f 583/677/462 582/676/462 584/678/462
f 583/679/118 585/680/118 582/681/118
f 582/676/463 580/675/463 584/678/463
f 582/682/464 586/683/464 581/684/464
f 585/685/464 586/683/464 582/682/464
f 581/681/1 586/680/1 589/679/1
f 586/686/465 588/687/465 587/688/465
f 589/679/1 586/680/1 587/689/1
f 585/690/465 588/687/465 586/686/465
f 583/691/466 590/377/466 589/692/466
f 589/693/467 590/694/467 581/674/467
f 589/692/468 588/695/468 583/691/468
f 587/696/468 588/695/468 589/692/468
f 578/400/469 579/399/469 590/377/469
f 590/377/470 579/399/470 581/684/470
f 578/400/469 590/377/469 591/376/469
f 591/376/471 590/377/471 592/373/471
f 593/380/472 592/373/472 590/377/472
f 583/691/466 593/380/466 590/377/466
f 594/372/472 592/373/472 593/380/472
f 595/413/473 594/372/473 593/380/473
f 584/405/474 593/380/474 583/691/474
f 584/405/475 595/413/475 593/380/475
f 596/697/476 597/698/476 595/699/476
f 598/700/477 596/697/477 595/699/477
f 595/699/476 597/698/476 599/701/476
f 598/408/478 595/413/478 584/405/478
f 595/413/479 600/367/479 594/372/479
f 599/366/480 600/367/480 595/413/480
f 601/702/481 594/372/481 600/367/481
f 601/702/482 600/367/482 602/371/482
f 602/371/483 600/367/483 599/366/483
f 603/703/484 601/702/484 602/371/484
f 602/371/484 607/704/484 603/703/484
f 604/705/485 607/704/485 602/371/485
f 604/705/486 602/371/486 605/370/486
f 605/370/487 602/371/487 606/368/487
f 606/368/488 602/371/488 599/366/488
f 609/706/489 608/374/489 607/704/489
f 603/703/490 607/704/490 608/374/490
f 607/704/491 610/707/491 609/706/491
f 611/708/492 610/707/492 607/704/492
f 611/708/485 607/704/485 604/705/485
f 612/709/493 610/707/493 611/708/493
f 611/708/494 613/710/494 612/709/494
f 611/711/1 614/712/1 613/713/1
f 604/714/495 614/715/495 611/716/495
f 617/717/495 614/715/495 604/714/495
f 613/713/1 614/712/1 615/718/1
f 614/719/496 616/720/496 615/721/496
f 617/722/496 616/720/496 614/719/496
f 616/718/118 617/712/118 618/713/118
f 618/713/118 617/712/118 604/711/118
f 619/369/497 618/723/497 605/370/497
f 605/370/498 618/723/498 604/705/498
f 613/724/499 616/725/499 618/726/499
f 613/710/500 618/723/500 612/709/500
f 612/709/500 618/723/500 619/369/500
f 612/709/501 619/369/501 620/295/501
f 620/295/501 619/369/501 621/300/501
f 605/370/502 622/305/502 619/369/502
f 621/300/503 619/369/503 622/305/503
f 606/368/502 622/305/502 605/370/502
f 624/301/504 621/300/504 622/305/504
f 606/368/505 623/304/505 622/305/505
f 625/303/506 622/305/506 623/304/506
f 624/301/506 622/305/506 625/303/506
f 626/727/507 627/728/507 625/729/507
f 625/729/508 623/730/508 626/727/508
f 625/729/507 627/728/507 628/731/507
f 625/303/509 628/732/509 624/301/509
f 631/733/510 628/731/510 627/728/510
f 624/301/509 628/732/509 629/302/509
f 630/734/511 629/302/511 628/732/511
f 630/735/510 628/731/510 631/733/510
f 631/733/512 632/736/512 630/735/512
f 631/733/513 634/737/513 632/736/513
f 631/733/514 627/728/514 633/738/514
f 633/738/513 634/737/513 631/733/513
f 635/739/515 636/740/515 634/737/515
f 633/738/516 635/739/516 634/737/516
f 634/737/515 636/740/515 637/741/515
f 634/737/517 637/741/517 632/736/517
f 640/742/518 637/741/518 636/740/518
f 632/736/517 637/741/517 638/743/517
f 639/744/519 638/743/519 637/741/519
f 639/744/518 637/741/518 640/742/518
f 640/742/520 643/745/520 639/744/520
f 640/742/521 636/740/521 641/746/521
f 641/746/522 642/747/522 640/742/522
f 640/742/522 642/747/522 643/745/522
f 639/744/520 643/745/520 644/748/520
f 646/749/523 643/745/523 642/747/523
f 645/750/524 644/748/524 643/745/524
f 645/750/523 643/745/523 646/749/523
f 648/751/525 645/750/525 646/749/525
f 646/749/526 642/747/526 647/752/526
f 649/753/527 646/749/527 647/752/527
f 648/751/528 646/749/528 649/753/528
f 652/754/118 649/753/118 647/752/118
f 650/755/529 648/751/529 649/753/529
f 651/756/118 650/755/118 649/753/118
f 651/756/118 649/753/118 652/754/118
f 652/754/118 647/752/118 654/757/118
f 652/754/118 654/757/118 653/758/118
f 313/339/530 652/759/530 653/760/530
f 309/761/531 651/762/531 652/759/531
f 309/761/530 652/759/530 313/339/530
f 655/763/532 654/757/532 641/746/532
f 641/746/532 654/757/532 642/747/532
f 653/758/118 654/757/118 655/763/118
f 647/752/526 642/747/526 654/757/526
f 655/763/533 657/764/533 656/765/533
f 653/758/118 655/763/118 656/765/118
f 641/746/533 657/764/533 655/763/533
f 658/766/534 656/765/534 657/764/534
f 658/766/535 657/764/535 635/739/535
f 635/739/535 657/764/535 636/740/535
f 641/746/521 636/740/521 657/764/521
f 659/767/534 656/765/534 658/766/534
f 660/768/536 659/767/536 658/766/536
f 661/769/537 658/766/537 635/739/537
f 660/768/537 658/766/537 661/769/537
f 661/769/538 663/770/538 662/771/538
f 661/769/539 662/771/539 660/768/539
f 633/738/538 663/770/538 661/769/538
f 661/769/516 635/739/516 633/738/516
f 664/772/540 662/771/540 663/770/540
f 664/772/541 663/770/541 626/727/541
f 626/727/541 663/770/541 627/728/541
f 633/738/514 627/728/514 663/770/514
f 667/773/540 662/771/540 664/772/540
f 626/727/542 665/774/542 664/772/542
f 664/772/543 665/774/543 666/775/543
f 664/772/544 666/775/544 667/773/544
f 668/776/545 669/777/545 667/773/545
f 667/773/546 670/778/546 668/776/546
f 667/773/545 669/777/545 662/771/545
f 667/773/544 666/775/544 670/778/544
f 673/779/547 671/780/547 670/778/547
f 668/776/546 670/778/546 671/780/546
f 672/781/548 670/778/548 666/775/548
f 673/779/548 670/778/548 672/781/548
f 673/779/549 675/782/549 674/783/549
f 673/779/550 674/783/550 676/784/550
f 672/781/549 675/782/549 673/779/549
f 676/784/547 671/780/547 673/779/547
f 676/784/551 674/783/551 677/785/551
f 676/784/552 677/785/552 678/786/552
f 678/786/553 679/787/553 676/784/553
f 676/784/553 679/787/553 671/780/553
f 679/787/118 678/786/118 680/788/118
f 682/789/554 671/780/554 679/787/554
f 680/788/118 681/790/118 679/787/118
f 681/790/118 682/789/118 679/787/118
f 682/789/555 683/791/555 668/776/555
f 668/776/554 671/780/554 682/789/554
f 681/790/118 683/791/118 682/789/118
f 668/776/555 683/791/555 669/777/555
f 684/792/556 669/777/556 683/791/556
f 685/793/118 684/792/118 683/791/118
f 685/793/118 683/791/118 681/790/118
f 686/794/118 659/767/118 685/793/118
f 659/767/118 684/792/118 685/793/118
f 323/334/557 686/338/557 685/336/557
f 329/795/558 685/336/558 681/335/558
f 323/334/558 685/336/558 329/795/558
f 686/794/118 656/765/118 659/767/118
f 653/758/118 656/765/118 686/794/118
f 318/337/559 653/760/559 686/338/559
f 318/337/557 686/338/557 323/334/557
f 684/792/560 659/767/560 660/768/560
f 660/768/556 669/777/556 684/792/556
f 334/346/561 681/335/561 680/347/561
f 329/795/561 681/335/561 334/346/561
f 680/788/118 678/786/118 688/796/118
f 680/788/118 688/796/118 687/797/118
f 297/344/562 680/347/562 687/345/562
f 334/346/562 680/347/562 297/344/562
f 689/798/563 688/796/563 690/799/563
f 687/797/118 688/796/118 689/798/118
f 690/799/563 688/796/563 677/785/563
f 678/786/552 677/785/552 688/796/552
f 690/799/564 677/785/564 691/800/564
f 693/801/565 690/799/565 691/800/565
f 692/802/566 689/798/566 690/799/566
f 692/802/565 690/799/565 693/801/565
f 694/803/567 518/570/567 693/801/567
f 693/801/567 518/570/567 517/569/567
f 693/801/568 691/800/568 694/803/568
f 693/801/569 517/569/569 692/802/569
f 694/803/570 520/572/570 518/570/570
f 696/804/570 520/572/570 694/803/570
f 694/803/568 691/800/568 695/805/568
f 694/803/571 695/805/571 696/804/571
f 696/804/572 698/806/572 520/572/572
f 697/807/572 698/806/572 696/804/572
f 696/804/573 699/808/573 697/807/573
f 696/804/571 695/805/571 699/808/571
f 695/805/574 675/782/574 699/808/574
f 699/808/574 675/782/574 700/809/574
f 699/808/575 700/809/575 596/697/575
f 697/807/576 699/808/576 596/697/576
f 672/781/577 700/809/577 675/782/577
f 596/697/578 700/809/578 597/698/578
f 701/810/579 597/698/579 700/809/579
f 701/810/577 700/809/577 672/781/577
f 702/811/579 597/698/579 701/810/579
f 701/810/580 665/774/580 702/811/580
f 672/781/581 666/775/581 701/810/581
f 701/810/581 666/775/581 665/774/581
f 702/811/582 599/701/582 597/698/582
f 606/812/582 599/701/582 702/811/582
f 702/309/505 623/304/505 606/368/505
f 702/811/583 665/774/583 623/730/583
f 521/573/400 520/572/400 698/806/400
f 521/573/584 698/806/584 703/813/584
f 703/813/584 698/806/584 704/814/584
f 697/807/585 704/814/585 698/806/585
f 580/675/586 705/815/586 704/816/586
f 704/816/587 705/815/587 703/817/587
f 598/818/588 580/675/588 704/816/588
f 598/700/589 704/814/589 697/807/589
f 574/666/590 706/819/590 705/815/590
f 703/817/591 705/815/591 706/819/591
f 574/666/592 705/815/592 580/675/592
f 703/817/593 706/819/593 707/820/593
f 708/821/594 707/820/594 706/819/594
f 708/821/595 706/819/595 574/666/595
f 568/652/596 707/820/596 708/821/596
f 574/660/118 571/659/118 708/650/118
f 708/650/118 572/649/118 568/651/118
f 708/650/118 571/659/118 572/649/118
f 707/820/597 555/626/597 554/625/597
f 707/820/598 554/625/598 703/817/598
f 568/652/599 555/626/599 707/820/599
f 703/817/600 554/625/600 523/577/600
f 703/817/403 523/577/403 521/578/403
f 697/807/477 596/697/477 598/700/477
f 691/800/601 674/783/601 695/805/601
f 695/805/602 674/783/602 675/782/602
f 692/802/603 710/822/603 709/823/603
f 709/823/566 689/798/566 692/802/566
f 692/802/569 517/569/569 710/822/569
f 511/72/604 711/824/604 710/822/604
f 709/823/603 710/822/603 711/824/603
f 511/72/605 710/822/605 512/73/605
f 512/73/605 710/822/605 517/569/605
f 712/65/604 711/824/604 511/72/604
f 713/66/118 711/824/118 712/65/118
f 709/823/118 711/824/118 713/66/118
f 709/823/118 713/66/118 687/797/118
f 713/66/118 712/65/118 714/64/118
f 302/825/606 687/826/606 713/827/606
f 308/828/607 713/827/607 714/829/607
f 302/825/607 713/827/607 308/828/607
f 714/64/118 712/65/118 715/68/118
f 714/64/118 715/68/118 716/69/118
f 312/830/608 714/829/608 716/831/608
f 308/828/608 714/829/608 312/830/608
f 716/69/118 719/83/118 717/85/118
f 317/832/609 716/831/609 717/833/609
f 312/830/609 716/831/609 317/832/609
f 715/68/118 718/70/118 716/69/118
f 716/69/118 718/70/118 719/83/118
f 719/83/610 721/82/610 720/84/610
f 717/85/118 719/83/118 720/84/118
f 722/81/610 721/82/610 719/83/610
f 718/70/611 722/81/611 719/83/611
f 505/80/612 723/834/612 722/81/612
f 508/74/390 505/80/390 722/81/390
f 722/81/613 723/834/613 721/82/613
f 508/74/614 722/81/614 718/70/614
f 724/98/615 721/82/615 723/834/615
f 499/562/616 723/834/616 500/563/616
f 505/80/386 500/563/386 723/834/386
f 724/98/616 723/834/616 499/562/616
f 724/98/617 726/835/617 725/99/617
f 724/98/618 725/99/618 727/96/618
f 499/562/617 726/835/617 724/98/617
f 727/96/615 721/82/615 724/98/615
f 727/96/619 729/97/619 728/87/619
f 728/87/620 720/84/620 727/96/620
f 727/96/620 720/84/620 721/82/620
f 727/96/618 725/99/618 729/97/618
f 731/100/621 730/93/621 729/97/621
f 728/87/619 729/97/619 730/93/619
f 731/100/622 729/97/622 732/101/622
f 732/101/622 729/97/622 725/99/622
f 732/101/623 725/99/623 733/836/623
f 735/837/624 732/101/624 733/836/624
f 734/106/625 731/100/625 732/101/625
f 734/106/624 732/101/624 735/837/624
f 735/837/626 733/836/626 736/838/626
f 737/839/627 734/106/627 735/837/627
f 738/840/628 735/837/628 736/838/628
f 737/839/628 735/837/628 738/840/628
f 738/840/629 736/838/629 460/841/629
f 460/841/630 458/842/630 738/840/630
f 738/840/631 458/842/631 739/843/631
f 738/840/632 739/843/632 737/839/632
f 739/843/633 741/844/633 740/845/633
f 739/843/634 740/845/634 742/118/634
f 458/842/633 741/844/633 739/843/633
f 737/839/635 739/843/635 742/118/635
f 742/118/634 740/845/634 745/119/634
f 742/118/636 745/119/636 743/117/636
f 744/108/637 742/118/637 743/117/637
f 737/839/638 742/118/638 744/108/638
f 746/121/639 747/115/639 745/119/639
f 746/121/640 745/119/640 748/846/640
f 743/117/636 745/119/636 747/115/636
f 748/846/640 745/119/640 740/845/640
f 748/846/641 420/847/641 412/421/641
f 748/846/642 412/421/642 746/121/642
f 749/848/643 420/847/643 748/846/643
f 748/846/644 740/845/644 749/848/644
f 749/849/645 421/433/645 420/432/645
f 439/464/646 421/433/646 749/849/646
f 749/849/647 741/850/647 439/464/647
f 749/848/648 740/845/648 741/844/648
f 750/120/639 747/115/639 746/121/639
f 750/120/649 751/114/649 747/115/649
f 752/109/650 747/115/650 751/114/650
f 743/117/650 747/115/650 752/109/650
f 754/105/651 743/117/651 752/109/651
f 752/109/652 751/114/652 753/107/652
f 755/104/653 752/109/653 753/107/653
f 754/105/653 752/109/653 755/104/653
f 755/104/654 756/102/654 754/105/654
f 757/92/118 756/102/118 755/104/118
f 757/92/118 755/104/118 758/110/118
f 755/104/118 753/107/118 758/110/118
f 307/851/655 757/852/655 758/853/655
f 758/110/118 753/107/118 759/111/118
f 758/110/118 759/111/118 760/112/118
f 316/854/656 758/853/656 760/855/656
f 307/851/656 758/853/656 316/854/656
f 760/112/118 761/113/118 356/124/118
f 760/112/118 356/124/118 353/132/118
f 321/856/657 760/855/657 353/349/657
f 316/854/657 760/855/657 321/856/657
f 759/111/118 761/113/118 760/112/118
f 761/113/658 763/123/658 356/124/658
f 762/116/658 763/123/658 761/113/658
f 761/113/659 759/111/659 762/116/659
f 355/126/229 356/124/229 763/123/229
f 355/126/660 763/123/660 407/127/660
f 407/127/660 763/123/660 409/122/660
f 762/116/661 409/122/661 763/123/661
f 750/120/662 409/122/662 762/116/662
f 762/116/649 751/114/649 750/120/649
f 762/116/659 759/111/659 751/114/659
f 753/107/652 751/114/652 759/111/652
f 757/92/118 764/86/118 765/91/118
f 328/857/663 764/858/663 757/852/663
f 328/857/655 757/852/655 307/851/655
f 765/91/118 756/102/118 757/92/118
f 765/91/621 730/93/621 731/100/621
f 766/103/664 765/91/664 731/100/664
f 764/86/118 730/93/118 765/91/118
f 756/102/664 765/91/664 766/103/664
f 754/105/654 756/102/654 766/103/654
f 766/103/665 731/100/665 734/106/665
f 744/108/666 766/103/666 734/106/666
f 754/105/667 766/103/667 744/108/667
f 717/85/118 728/87/118 764/86/118
f 764/86/118 728/87/118 730/93/118
f 322/859/668 717/833/668 764/858/668
f 322/859/663 764/858/663 328/857/663
f 744/108/651 743/117/651 754/105/651
f 746/121/669 410/419/669 750/120/669
f 750/120/669 410/419/669 409/122/669
f 746/121/670 412/421/670 410/419/670
f 744/108/627 734/106/627 737/839/627
f 458/495/338 456/493/338 741/850/338
f 439/464/647 741/850/647 456/493/647
f 736/838/671 768/860/671 767/861/671
f 460/841/672 736/838/672 767/861/672
f 736/838/626 733/836/626 768/860/626
f 733/836/673 726/835/673 768/860/673
f 768/860/674 726/835/674 496/557/674
f 768/860/675 496/557/675 494/556/675
f 767/861/671 768/860/671 494/556/671
f 767/862/369 494/551/369 491/550/369
f 459/497/676 767/862/676 491/550/676
f 460/496/677 767/862/677 459/497/677
f 733/836/678 725/99/678 726/835/678
f 717/85/118 720/84/118 728/87/118
f 499/562/379 496/557/379 726/835/379
f 718/70/679 715/68/679 508/74/679
f 317/832/668 717/833/668 322/859/668
f 712/65/680 509/71/680 715/68/680
f 508/74/679 715/68/679 509/71/679
f 511/72/680 509/71/680 712/65/680
f 687/797/118 689/798/118 709/823/118
f 691/800/564 677/785/564 674/783/564
f 297/863/681 687/826/681 302/825/681
f 660/768/539 662/771/539 669/777/539
f 626/727/682 623/730/682 665/774/682
f 313/339/559 653/760/559 318/337/559
f 770/864/118 769/865/118 651/756/118
f 651/756/118 769/865/118 650/755/118
f 303/866/683 770/867/683 651/762/683
f 303/866/531 651/762/531 309/761/531
f 771/868/118 772/869/118 770/864/118
f 298/870/684 771/871/684 770/867/684
f 298/870/683 770/867/683 303/866/683
f 770/864/118 772/869/118 773/872/118
f 770/864/118 773/872/118 769/865/118
f 769/865/685 773/872/685 774/873/685
f 774/873/685 773/872/685 775/874/685
f 772/869/686 775/874/686 773/872/686
f 774/873/687 775/874/687 776/875/687
f 776/875/687 775/874/687 777/876/687
f 778/877/688 777/876/688 775/874/688
f 778/877/686 775/874/686 772/869/686
f 779/878/689 777/876/689 778/877/689
f 778/877/690 781/879/690 779/878/690
f 772/869/691 780/880/691 778/877/691
f 778/877/691 780/880/691 781/879/691
f 779/878/690 781/879/690 782/881/690
f 784/882/692 781/879/692 780/880/692
f 783/883/693 782/881/693 781/879/693
f 783/883/692 781/879/692 784/882/692
f 785/884/694 783/883/694 784/882/694
f 786/885/118 785/884/118 784/882/118
f 786/885/118 784/882/118 771/868/118
f 771/868/118 784/882/118 780/880/118
f 787/886/118 788/887/118 786/885/118
f 330/888/695 787/889/695 786/890/695
f 788/887/118 785/884/118 786/885/118
f 335/891/696 786/890/696 771/871/696
f 330/888/696 786/890/696 335/891/696
f 788/887/697 789/892/697 790/893/697
f 787/886/118 789/892/118 788/887/118
f 790/893/698 791/894/698 788/887/698
f 788/887/699 791/894/699 785/884/699
f 792/895/700 793/896/700 791/894/700
f 790/893/701 792/895/701 791/894/701
f 791/894/694 783/883/694 785/884/694
f 791/894/700 793/896/700 783/883/700
f 795/897/702 794/898/702 793/896/702
f 793/896/702 794/898/702 782/881/702
f 792/895/703 795/897/703 793/896/703
f 793/896/693 782/881/693 783/883/693
f 795/897/704 796/899/704 794/898/704
f 797/900/704 796/899/704 795/897/704
f 798/901/705 797/900/705 795/897/705
f 798/901/703 795/897/703 792/895/703
f 799/902/705 797/900/705 798/901/705
f 800/903/706 799/902/706 798/901/706
f 801/904/707 798/901/707 792/895/707
f 800/903/707 798/901/707 801/904/707
f 801/904/708 803/905/708 800/903/708
f 801/904/701 792/895/701 790/893/701
f 790/893/709 802/906/709 801/904/709
f 801/904/709 802/906/709 803/905/709
f 802/906/710 804/907/710 803/905/710
f 803/905/710 804/907/710 805/908/710
f 803/905/711 805/908/711 806/909/711
f 800/903/708 803/905/708 806/909/708
f 806/909/712 805/908/712 807/910/712
f 806/909/713 807/910/713 808/911/713
f 809/912/714 806/909/714 808/911/714
f 800/903/714 806/909/714 809/912/714
f 810/913/715 811/914/715 809/912/715
f 809/912/716 808/911/716 810/913/716
f 809/912/717 811/914/717 799/902/717
f 809/912/718 799/902/718 800/903/718
f 811/914/719 812/915/719 799/902/719
f 810/913/720 813/916/720 811/914/720
f 811/914/721 814/917/721 812/915/721
f 813/916/722 814/917/722 811/914/722
f 818/918/723 815/919/723 814/920/723
f 815/919/724 816/921/724 814/920/724
f 814/920/725 816/921/725 817/922/725
f 813/923/726 818/918/726 814/920/726
f 814/917/727 817/924/727 812/915/727
f 815/919/728 818/918/728 819/925/728
f 819/925/729 818/918/729 820/926/729
f 820/926/730 818/918/730 813/923/730
f 819/925/731 820/926/731 821/927/731
f 821/927/732 820/926/732 822/928/732
f 822/928/733 820/926/733 813/923/733
f 821/927/734 822/928/734 826/929/734
f 823/930/735 827/931/735 822/928/735
f 823/930/736 822/928/736 824/932/736
f 824/932/737 822/928/737 825/933/737
f 825/933/738 822/928/738 813/923/738
f 826/929/734 822/928/734 827/931/734
f 828/934/739 829/935/739 827/931/739
f 828/934/740 827/931/740 830/936/740
f 826/929/741 827/931/741 829/935/741
f 827/931/742 831/937/742 830/936/742
f 832/938/743 831/937/743 827/931/743
f 832/938/735 827/931/735 823/930/735
f 833/939/744 831/940/744 832/693/744
f 834/674/745 833/939/745 832/693/745
f 823/930/746 835/941/746 832/938/746
f 832/942/1 835/943/1 834/944/1
f 835/688/747 837/690/747 836/686/747
f 834/944/1 835/943/1 836/945/1
f 838/687/747 837/690/747 835/688/747
f 838/946/746 835/941/746 823/930/746
f 837/945/118 838/943/118 839/944/118
f 839/944/118 838/943/118 823/942/118
f 824/947/748 840/948/748 839/676/748
f 839/676/749 840/948/749 833/939/749
f 839/676/750 823/677/750 824/947/750
f 839/676/749 833/939/749 834/674/749
f 834/949/751 837/950/751 839/951/751
f 841/952/752 843/953/752 840/948/752
f 842/954/753 841/952/753 840/948/753
f 824/947/754 842/954/754 840/948/754
f 840/948/752 843/953/752 833/939/752
f 844/955/755 833/939/755 843/953/755
f 844/955/756 843/953/756 845/956/756
f 845/956/757 843/953/757 846/957/757
f 843/953/758 848/664/758 846/957/758
f 841/952/759 847/666/759 843/953/759
f 843/953/759 847/666/759 848/664/759
f 847/958/760 849/959/760 848/960/760
f 848/961/1 849/962/1 850/963/1
f 846/957/761 848/664/761 850/647/761
f 846/957/762 850/647/762 851/964/762
f 851/964/763 850/647/763 852/965/763
f 850/647/763 853/652/763 852/965/763
f 850/966/764 855/967/764 853/968/764
f 854/969/764 855/967/764 850/966/764
f 850/963/1 849/962/1 854/970/1
f 855/970/118 856/962/118 853/963/118
f 849/658/765 855/661/765 854/656/765
f 856/657/765 855/661/765 849/658/765
f 853/963/118 856/962/118 847/961/118
f 856/971/760 849/959/760 847/958/760
f 852/965/766 853/652/766 857/972/766
f 857/972/767 853/652/767 841/952/767
f 841/952/768 853/652/768 847/666/768
f 842/954/769 857/972/769 841/952/769
f 852/965/770 857/972/770 858/973/770
f 858/973/771 857/972/771 842/954/771
f 860/974/772 852/965/772 858/973/772
f 842/975/773 859/976/773 858/977/773
f 861/978/774 858/977/774 859/976/774
f 860/979/774 858/977/774 861/978/774
f 861/978/775 859/976/775 862/980/775
f 861/981/776 864/982/776 860/974/776
f 862/980/777 863/983/777 861/978/777
f 861/978/778 863/983/778 864/984/778
f 867/985/779 864/984/779 863/983/779
f 860/974/776 864/982/776 865/986/776
f 866/987/780 865/986/780 864/982/780
f 866/988/779 864/984/779 867/985/779
f 867/985/781 863/983/781 868/989/781
f 869/990/782 866/988/782 867/985/782
f 870/991/783 867/985/783 868/989/783
f 869/990/784 867/985/784 870/991/784
f 872/992/785 869/990/785 870/991/785
f 870/991/786 868/989/786 871/993/786
f 873/994/787 870/991/787 871/993/787
f 872/992/787 870/991/787 873/994/787
f 875/995/788 874/996/788 873/994/788
f 873/994/788 874/996/788 876/997/788
f 873/994/789 876/997/789 872/992/789
f 873/994/790 871/993/790 875/995/790
f 874/996/791 877/998/791 876/997/791
f 876/997/791 877/998/791 878/999/791
f 876/997/792 878/999/792 879/1000/792
f 872/992/789 876/997/789 879/1000/789
f 879/1000/792 878/999/792 880/1001/792
f 879/1000/793 880/1001/793 881/1002/793
f 882/1003/794 879/1000/794 881/1002/794
f 872/992/795 879/1000/795 882/1003/795
f 883/1004/796 884/1005/796 882/1003/796
f 882/1003/797 881/1002/797 883/1004/797
f 882/1003/798 884/1005/798 869/990/798
f 882/1003/785 869/990/785 872/992/785
f 885/1006/799 886/1007/799 884/1008/799
f 883/1009/800 885/1006/800 884/1008/800
f 884/1008/799 886/1007/799 866/987/799
f 884/1005/782 866/988/782 869/990/782
f 885/1006/801 889/1010/801 886/1007/801
f 886/1007/802 888/1011/802 865/986/802
f 886/1007/780 865/986/780 866/987/780
f 889/1010/803 887/1012/803 886/1007/803
f 887/1012/804 888/1011/804 886/1007/804
f 889/1010/805 891/1013/805 890/1014/805
f 889/1010/806 890/1014/806 893/593/806
f 894/1015/807 891/1013/807 889/1010/807
f 892/590/808 887/1012/808 889/1010/808
f 892/590/806 889/1010/806 893/593/806
f 894/1015/809 889/1010/809 885/1006/809
f 894/1015/810 898/589/810 891/1013/810
f 896/591/811 894/1015/811 895/1016/811
f 895/1016/812 894/1015/812 897/1017/812
f 896/591/810 898/589/810 894/1015/810
f 897/1017/813 894/1015/813 885/1006/813
f 891/1013/814 898/589/814 901/1018/814
f 901/1018/815 898/589/815 899/1019/815
f 898/1020/1 900/1021/1 899/1022/1
f 896/1023/816 900/1024/816 898/1025/816
f 904/1026/817 891/1013/817 901/1018/817
f 904/1026/818 901/1018/818 902/1027/818
f 901/1018/819 903/1028/819 902/1027/819
f 901/1018/820 899/1019/820 903/1028/820
f 905/1029/821 906/1030/821 904/1026/821
f 904/1026/822 908/1031/822 905/1029/822
f 904/1026/823 906/1030/823 890/1014/823
f 890/1014/824 891/1013/824 904/1026/824
f 902/1027/825 907/1032/825 904/1026/825
f 904/1026/826 907/1032/826 908/1031/826
f 905/1029/827 908/1031/827 909/1033/827
f 908/988/828 911/983/828 909/984/828
f 907/1005/829 910/985/829 908/988/829
f 908/988/828 910/985/828 911/983/828
f 909/984/830 911/983/830 912/980/830
f 910/985/831 913/1034/831 911/983/831
f 911/983/832 914/1035/832 912/980/832
f 911/983/833 913/1034/833 914/1035/833
f 912/980/834 914/1035/834 915/910/834
f 914/1035/835 917/908/835 915/910/835
f 913/1034/836 916/1036/836 914/1035/836
f 914/1035/835 916/1036/835 917/908/835
f 915/910/837 917/908/837 918/905/837
f 916/1036/838 919/907/838 917/908/838
f 917/908/839 920/906/839 918/905/839
f 917/908/839 919/907/839 920/906/839
f 918/905/840 920/906/840 921/893/840
f 920/906/841 922/887/841 921/893/841
f 920/906/841 923/892/841 922/887/841
f 919/907/842 923/892/842 920/906/842
f 925/886/1 923/892/1 924/1037/1
f 924/1037/1 923/892/1 926/1038/1
f 925/886/1 922/887/1 923/892/1
f 919/907/842 926/1038/842 923/892/842
f 924/1037/1 926/1038/1 927/1039/1
f 928/1040/843 927/1039/843 926/1038/843
f 928/1040/843 926/1038/843 919/907/843
f 929/1041/844 930/1042/844 928/1040/844
f 929/1041/844 928/1040/844 916/1036/844
f 930/1042/845 927/1039/845 928/1040/845
f 916/1036/838 928/1040/838 919/907/838
f 931/1043/846 933/1044/846 930/1042/846
f 931/1043/846 930/1042/846 929/1041/846
f 930/1042/845 932/1045/845 927/1039/845
f 933/1044/847 932/1045/847 930/1042/847
f 934/993/848 936/1046/848 933/1044/848
f 934/993/848 933/1044/848 931/1043/848
f 936/1046/849 935/1047/849 933/1044/849
f 933/1044/847 935/1047/847 932/1045/847
f 939/994/850 936/1046/850 934/993/850
f 936/1046/849 938/1048/849 935/1047/849
f 939/994/851 937/995/851 936/1046/851
f 937/995/852 938/1048/852 936/1046/852
f 940/1000/853 942/997/853 939/994/853
f 940/1000/853 939/994/853 941/992/853
f 941/992/854 939/994/854 934/993/854
f 942/997/855 937/995/855 939/994/855
f 943/1001/856 944/999/856 942/997/856
f 943/1001/856 942/997/856 940/1000/856
f 944/999/857 945/996/857 942/997/857
f 942/997/855 945/996/855 937/995/855
f 944/999/857 946/998/857 945/996/857
f 946/998/858 6/7/858 945/996/858
f 945/996/859 5/9/859 937/995/859
f 945/996/859 6/7/859 5/9/859
f 948/1049/860 3/2/860 946/998/860
f 946/998/858 3/2/858 6/7/858
f 947/1050/861 948/1049/861 946/998/861
f 947/1050/861 946/998/861 944/999/861
f 949/1051/862 951/1052/862 948/1049/862
f 949/1051/862 948/1049/862 947/1050/862
f 948/1049/860 950/1053/860 3/2/860
f 951/1052/863 950/1053/863 948/1049/863
f 952/1054/864 953/1055/864 951/1052/864
f 952/1054/864 951/1052/864 949/1051/864
f 953/1055/865 954/1056/865 951/1052/865
f 951/1052/863 954/1056/863 950/1053/863
f 950/1053/1 954/1056/1 955/1057/1
f 955/1057/1 954/1056/1 956/1058/1
f 953/1055/865 956/1058/865 954/1056/865
f 955/1057/1 956/1058/1 957/1059/1
f 956/1058/1 958/1060/1 957/1059/1
f 959/1061/866 958/1060/866 956/1058/866
f 959/1061/866 956/1058/866 953/1055/866
f 960/1062/867 962/1063/867 959/1061/867
f 960/1062/867 959/1061/867 961/1064/867
f 961/1064/868 959/1061/868 953/1055/868
f 962/1063/869 958/1060/869 959/1061/869
f 965/1065/870 962/1063/870 960/1062/870
f 965/1065/871 963/1066/871 962/1063/871
f 963/1066/872 964/1067/872 962/1063/872
f 962/1063/869 964/1067/869 958/1060/869
f 966/1068/873 968/1069/873 965/1065/873
f 966/1068/873 965/1065/873 967/1070/873
f 967/1070/874 965/1065/874 960/1062/874
f 968/1069/875 963/1066/875 965/1065/875
f 969/1071/876 970/1072/876 968/1069/876
f 969/1071/876 968/1069/876 966/1068/876
f 970/1072/877 971/1073/877 968/1069/877
f 968/1069/875 971/1073/875 963/1066/875
f 970/1072/877 972/1074/877 971/1073/877
f 972/1074/878 973/1075/878 971/1073/878
f 971/1073/879 974/1076/879 963/1066/879
f 971/1073/879 973/1075/879 974/1076/879
f 975/1077/1 964/1067/1 974/1076/1
f 975/1077/1 974/1076/1 973/1075/1
f 963/1066/872 974/1076/872 964/1067/872
f 957/1059/1 964/1067/1 975/1077/1
f 32/1078/880 957/1079/880 975/1080/880
f 975/1077/1 973/1075/1 976/1081/1
f 32/1078/881 975/1080/881 37/1082/881
f 37/1082/881 975/1080/881 976/1083/881
f 976/1081/1 978/1084/1 977/1085/1
f 43/1086/882 976/1083/882 977/1087/882
f 976/1081/1 979/1088/1 978/1084/1
f 976/1081/1 973/1075/1 979/1088/1
f 37/1082/882 976/1083/882 43/1086/882
f 980/1089/883 978/1084/883 979/1088/883
f 972/1074/878 979/1088/878 973/1075/878
f 980/1089/883 979/1088/883 972/1074/883
f 983/1090/884 978/1084/884 980/1089/884
f 981/1091/885 983/1090/885 980/1089/885
f 981/1091/885 980/1089/885 982/1092/885
f 982/1092/886 980/1089/886 972/1074/886
f 983/1090/884 984/1093/884 978/1084/884
f 986/1094/887 984/1093/887 983/1090/887
f 985/1095/888 986/1094/888 983/1090/888
f 985/1095/888 983/1090/888 981/1091/888
f 987/1096/889 989/1097/889 986/1094/889
f 987/1096/889 986/1094/889 985/1095/889
f 986/1094/887 988/1098/887 984/1093/887
f 989/1097/890 988/1098/890 986/1094/890
f 990/1099/891 991/1100/891 989/1097/891
f 990/1099/891 989/1097/891 987/1096/891
f 991/1100/892 992/1101/892 989/1097/892
f 989/1097/890 992/1101/890 988/1098/890
f 993/1102/1 988/1098/1 992/1101/1
f 993/1102/1 992/1101/1 994/1103/1
f 992/1101/1 995/1104/1 994/1103/1
f 991/1100/892 995/1104/892 992/1101/892
f 994/1103/1 995/1104/1 996/1105/1
f 997/1106/893 996/1105/893 995/1104/893
f 997/1106/893 995/1104/893 991/1100/893
f 999/1107/894 998/1108/894 997/1106/894
f 998/1108/895 996/1105/895 997/1106/895
f 1000/1109/896 997/1106/896 991/1100/896
f 999/1107/894 997/1106/894 1000/1109/894
f 1001/1110/897 999/1107/897 1000/1109/897
f 1001/1110/897 1000/1109/897 1002/1111/897
f 1002/1111/898 1000/1109/898 990/1099/898
f 1000/1109/896 991/1100/896 990/1099/896
f 1003/1112/899 1001/1110/899 1002/1111/899
f 1003/1112/899 1002/1111/899 1004/1113/899
f 1004/1113/900 1002/1111/900 1005/1114/900
f 1002/1111/898 990/1099/898 1005/1114/898
f 1004/1113/901 1005/1114/901 1006/1115/901
f 1006/1115/902 1005/1114/902 1007/1116/902
f 1005/1114/903 987/1096/903 1007/1116/903
f 1005/1114/904 990/1099/904 987/1096/904
f 1006/1115/902 1007/1116/902 1008/1117/902
f 1008/1117/905 1007/1116/905 1009/1118/905
f 1007/1116/906 985/1095/906 1009/1118/906
f 1007/1116/907 987/1096/907 985/1095/907
f 1008/1117/905 1009/1118/905 1010/1119/905
f 1010/1119/908 1009/1118/908 1011/1120/908
f 1009/1118/909 981/1091/909 1011/1120/909
f 1009/1118/909 985/1095/909 981/1091/909
f 1013/1121/910 1011/1120/910 1012/1122/910
f 1011/1120/911 982/1092/911 1012/1122/911
f 1011/1120/911 981/1091/911 982/1092/911
f 1010/1119/908 1011/1120/908 1013/1121/908
f 1014/1123/912 1010/1119/912 1013/1121/912
f 1014/1123/913 1013/1121/913 1015/1124/913
f 1015/1124/914 1013/1121/914 1016/1125/914
f 1013/1121/910 1012/1122/910 1016/1125/910
f 1015/1124/914 1016/1125/914 1017/1126/914
f 1017/1126/915 1016/1125/915 1018/1127/915
f 1016/1125/916 969/1071/916 1018/1127/916
f 1016/1125/917 1012/1122/917 969/1071/917
f 1017/1126/915 1018/1127/915 1019/1128/915
f 1019/1128/918 1018/1127/918 1020/1129/918
f 1018/1127/919 966/1068/919 1020/1129/919
f 1018/1127/920 969/1071/920 966/1068/920
f 1022/1130/921 1020/1129/921 1021/1131/921
f 1020/1129/922 967/1070/922 1021/1131/922
f 1020/1129/923 966/1068/923 967/1070/923
f 1019/1128/918 1020/1129/918 1022/1130/918
f 1025/1132/924 1022/1133/924 1023/1134/924
f 1023/1134/925 1022/1133/925 1024/1135/925
f 1025/1132/926 1019/1136/926 1022/1133/926
f 1022/1130/921 1021/1131/921 1024/1137/921
f 1023/1134/927 1026/1138/927 1025/1132/927
f 1026/1138/928 1027/1139/928 1025/1132/928
f 1025/1132/929 1027/1139/929 1028/1140/929
f 1025/1132/929 1028/1140/929 1029/1141/929
f 1029/1141/930 1019/1136/930 1025/1132/930
f 1029/1141/931 1028/1140/931 1030/1142/931
f 1029/1141/932 1030/1142/932 1031/1143/932
f 1031/1144/933 1017/1126/933 1029/1145/933
f 1029/1141/930 1017/1146/930 1019/1136/930
f 1031/1143/934 1030/1142/934 1032/1147/934
f 1031/1143/935 1032/1147/935 1033/1148/935
f 1033/1149/936 1015/1124/936 1031/1144/936
f 1031/1144/937 1015/1124/937 1017/1126/937
f 1033/1148/938 1032/1147/938 1034/1150/938
f 1034/1150/939 1035/1151/939 1033/1148/939
f 1033/1148/940 1035/1151/940 1036/1152/940
f 1033/1148/940 1036/1152/940 1037/1153/940
f 1037/1154/941 1014/1123/941 1033/1149/941
f 1033/1149/942 1014/1123/942 1015/1124/942
f 1037/936/943 1036/937/943 1038/931/943
f 1037/936/944 1038/931/944 1039/934/944
f 1039/1155/945 1040/1156/945 1037/1154/945
f 1037/1154/941 1040/1156/941 1014/1123/941
f 1040/1156/946 1010/1119/946 1014/1123/946
f 1041/1157/947 1008/1117/947 1040/1156/947
f 1040/1156/948 1008/1117/948 1010/1119/948
f 1039/1155/945 1041/1157/945 1040/1156/945
f 1042/1158/949 1041/1157/949 1039/1155/949
f 1042/1158/949 1043/1159/949 1041/1157/949
f 1043/1159/950 1006/1115/950 1041/1157/950
f 1041/1157/951 1006/1115/951 1008/1117/951
f 1044/1160/952 1045/1161/952 1043/1159/952
f 1044/1160/952 1043/1159/952 1042/1158/952
f 1045/1161/953 1004/1113/953 1043/1159/953
f 1043/1159/950 1004/1113/950 1006/1115/950
f 1046/1162/954 1045/1163/954 1044/1164/954
f 1046/1162/954 1047/1165/954 1045/1163/954
f 1047/1166/955 1003/1112/955 1045/1161/955
f 1045/1161/956 1003/1112/956 1004/1113/956
f 1050/1167/957 1048/1168/957 1047/1165/957
f 1048/1169/958 1049/1170/958 1047/1166/958
f 1050/1167/957 1047/1165/957 1046/1162/957
f 1047/1166/959 1049/1170/959 1003/1112/959
f 1046/1162/960 1051/1171/960 1050/1167/960
f 1050/1167/961 1051/1171/961 1052/1172/961
f 1050/1167/962 1052/1172/962 1053/1173/962
f 1053/1173/963 1048/1168/963 1050/1167/963
f 1053/1173/964 1052/1172/964 1054/1174/964
f 1054/1174/965 1055/1175/965 1053/1173/965
f 1053/1173/966 1055/1175/966 1056/1176/966
f 1053/1173/967 1056/1176/967 1057/1177/967
f 1057/1177/968 1058/1178/968 1053/1173/968
f 1053/1173/963 1058/1178/963 1048/1168/963
f 1057/1177/969 1059/1179/969 1058/1178/969
f 1059/1180/970 1060/1181/970 1058/1182/970
f 1058/1182/971 1061/1183/971 1048/1169/971
f 1058/1182/971 1060/1181/971 1061/1183/971
f 1048/1169/972 1061/1183/972 1049/1170/972
f 1060/1181/973 1062/1184/973 1061/1183/973
f 1061/1183/974 1063/1185/974 1049/1170/974
f 1061/1183/975 1062/1184/975 1063/1185/975
f 1062/1184/976 1064/1186/976 1063/1185/976
f 1049/1170/977 1063/1185/977 1001/1110/977
f 1063/1185/978 999/1107/978 1001/1110/978
f 1063/1185/978 1064/1186/978 999/1107/978
f 1062/1184/976 1065/1187/976 1064/1186/976
f 1065/1187/979 1066/1188/979 1064/1186/979
f 1064/1186/980 998/1108/980 999/1107/980
f 1064/1186/980 1066/1188/980 998/1108/980
f 1066/1188/981 1067/1189/981 998/1108/981
f 1065/1187/982 1068/1190/982 1066/1188/982
f 1066/1188/981 1069/1191/981 1067/1189/981
f 1068/1190/983 1069/1191/983 1066/1188/983
f 1071/1192/1 1069/1191/1 1070/1193/1
f 1070/1193/1 1069/1191/1 1072/1194/1
f 1071/1192/1 1067/1189/1 1069/1191/1
f 1068/1190/983 1072/1194/983 1069/1191/983
f 1073/1195/984 1074/1196/984 1072/1194/984
f 1073/1195/985 1072/1194/985 1068/1190/985
f 1070/1193/1 1072/1194/1 1074/1196/1
f 1070/1193/1 1074/1196/1 166/198/1
f 166/198/1 1074/1196/1 1075/1197/1
f 1076/1198/986 1075/1197/986 1074/1196/986
f 1076/1198/986 1074/1196/986 1073/1195/986
f 1077/1199/987 172/206/987 1076/1198/987
f 1077/1199/987 1076/1198/987 1078/1200/987
f 1078/1200/988 1076/1198/988 1073/1195/988
f 172/206/989 1075/1197/989 1076/1198/989
f 1080/1201/990 1077/1199/990 1078/1200/990
f 1081/1202/991 1078/1200/991 1079/1203/991
f 1078/1200/992 1073/1195/992 1079/1203/992
f 1080/1201/993 1078/1200/993 1081/1202/993
f 1082/1204/994 1080/1201/994 1081/1202/994
f 1082/1204/995 1081/1202/995 1083/1205/995
f 1083/1205/996 1081/1202/996 1084/1206/996
f 1081/1202/991 1079/1203/991 1084/1206/991
f 1060/1181/997 1084/1206/997 1062/1184/997
f 1084/1206/998 1065/1187/998 1062/1184/998
f 1084/1206/998 1079/1203/998 1065/1187/998
f 1083/1205/996 1084/1206/996 1060/1181/996
f 1085/326/999 1082/1204/999 1083/1205/999
f 1085/326/999 1083/1205/999 1059/1180/999
f 1059/1180/970 1083/1205/970 1060/1181/970
f 1087/1207/1000 1085/1208/1000 1059/1179/1000
f 1088/328/1001 1082/1204/1001 1085/326/1001
f 1086/1209/1002 1088/1210/1002 1085/1208/1002
f 1086/1209/1002 1085/1208/1002 1087/1207/1002
f 189/225/1003 1088/1210/1003 1086/1209/1003
f 189/225/1004 187/223/1004 1088/1210/1004
f 187/224/1005 1089/327/1005 1088/328/1005
f 1088/328/1006 1089/327/1006 1082/1204/1006
f 187/224/1005 184/218/1005 1089/327/1005
f 184/218/1007 1090/1211/1007 1089/327/1007
f 1089/327/1008 1080/1201/1008 1082/1204/1008
f 1089/327/1008 1090/1211/1008 1080/1201/1008
f 184/218/1007 175/209/1007 1090/1211/1007
f 175/209/97 171/205/97 1090/1211/97
f 1090/1211/1009 1077/1199/1009 1080/1201/1009
f 1090/1211/1009 171/205/1009 1077/1199/1009
f 1057/1177/1010 1091/1212/1010 1087/1207/1010
f 1087/1207/1011 1059/1179/1011 1057/1177/1011
f 1091/1212/1012 1092/1213/1012 1087/1207/1012
f 1087/1207/1013 1092/1213/1013 1093/1214/1013
f 1087/1207/1014 1093/1214/1014 1086/1209/1014
f 1093/1214/1015 1094/1215/1015 1086/1209/1015
f 1095/1216/1016 1094/1215/1016 1093/1214/1016
f 1095/1216/1017 1093/1214/1017 1096/1217/1017
f 1096/1217/1018 1093/1214/1018 1092/1213/1018
f 1097/1218/1019 1096/1217/1019 1098/1219/1019
f 1097/249/1020 1100/246/1020 1096/248/1020
f 1098/1219/1019 1096/1217/1019 1099/1220/1019
f 1096/1217/1021 1092/1213/1021 1099/1220/1021
f 1100/1221/1 1095/1222/1 1096/1223/1
f 1103/247/1020 1100/246/1020 1097/249/1020
f 1100/1224/1022 1102/1225/1022 1101/1226/1022
f 1101/1227/1 1104/1228/1 1100/1221/1
f 1103/1229/1022 1102/1225/1022 1100/1224/1022
f 1100/1221/1 1104/1228/1 1095/1222/1
f 1104/1230/1023 1105/1231/1023 1094/1215/1023
f 1104/1230/1024 1094/1215/1024 1095/1216/1024
f 1106/1232/1025 1105/1231/1025 1104/1230/1025
f 1104/239/1026 1102/240/1026 1106/237/1026
f 1101/238/1026 1102/240/1026 1104/239/1026
f 271/323/1027 1106/1232/1027 1107/1233/1027
f 271/323/1028 268/321/1028 1106/1232/1028
f 1106/1232/1025 268/321/1025 1105/1231/1025
f 1107/1233/1029 1106/1232/1029 1108/1234/1029
f 1106/1228/118 1102/1227/118 1108/1222/118
f 1107/1233/1030 1108/1234/1030 1109/1235/1030
f 1108/1234/1031 1097/1218/1031 1109/1235/1031
f 1108/1222/118 1103/1221/118 1097/1223/118
f 1108/1222/118 1102/1227/118 1103/1221/118
f 272/324/1032 1107/1233/1032 1109/1235/1032
f 1109/1235/1033 1097/1218/1033 1098/1219/1033
f 1109/1235/1034 1098/1219/1034 1110/1236/1034
f 1109/1235/1035 1110/1236/1035 272/324/1035
f 1110/1236/1036 1098/1219/1036 1111/1237/1036
f 1110/1236/1037 1111/1237/1037 1112/1238/1037
f 1110/1236/1038 1112/1238/1038 1113/1239/1038
f 272/324/1039 1110/1236/1039 1113/1239/1039
f 1116/1240/1040 1113/1239/1040 1112/1238/1040
f 1114/1241/1041 1115/1242/1041 1113/1239/1041
f 1114/1241/1042 1113/1239/1042 1116/1240/1042
f 275/329/1043 1113/1239/1043 1115/1242/1043
f 272/324/1043 1113/1239/1043 275/329/1043
f 1117/1243/1044 1116/1240/1044 1055/1175/1044
f 1055/1175/1045 1116/1240/1045 1119/1244/1045
f 1112/1238/1046 1111/1237/1046 1116/1240/1046
f 1116/1240/1047 1111/1237/1047 1118/1245/1047
f 1116/1240/1048 1117/1243/1048 1114/1241/1048
f 1116/1240/1045 1118/1245/1045 1119/1244/1045
f 1118/1246/1049 1120/1247/1049 1119/1248/1049
f 1119/1249/1 1120/1250/1 1121/1251/1
f 1055/1175/1050 1119/1244/1050 1056/1176/1050
f 1056/1176/1051 1119/1244/1051 1121/1252/1051
f 1099/1220/1052 1092/1213/1052 1121/1252/1052
f 1121/1251/1 1122/1253/1 1099/1254/1
f 1056/1176/1037 1121/1252/1037 1091/1212/1037
f 1091/1212/1053 1121/1252/1053 1092/1213/1053
f 1121/1251/1 1120/1250/1 1122/1253/1
f 1122/258/1054 1123/1255/1054 1099/259/1054
f 1120/1256/1055 1123/1257/1055 1122/1258/1055
f 1099/259/1054 1123/1255/1054 1098/257/1054
f 1123/1253/118 1111/1251/118 1098/1254/118
f 1123/1253/118 1118/1249/118 1111/1251/118
f 1124/1259/1055 1123/1257/1055 1120/1256/1055
f 1124/1250/118 1118/1249/118 1123/1253/118
f 1124/1260/1049 1120/1247/1049 1118/1246/1049
f 1055/1175/1056 1054/1174/1056 1117/1243/1056
f 1127/1261/1057 1117/1243/1057 1054/1174/1057
f 1125/1262/1058 1126/1263/1058 1117/1243/1058
f 1125/1262/1059 1117/1243/1059 1127/1261/1059
f 1117/1243/1060 1126/1263/1060 1128/1264/1060
f 1114/1241/1061 1117/1243/1061 1128/1264/1061
f 1128/1264/1062 1126/1263/1062 1129/1265/1062
f 1129/1265/1063 1130/1266/1063 1128/1264/1063
f 1131/1267/1064 1128/1264/1064 1130/1266/1064
f 1114/1241/1064 1128/1264/1064 1131/1267/1064
f 1131/1267/1065 1115/1242/1065 1114/1241/1065
f 1131/1182/1066 1130/1169/1066 1132/1181/1066
f 1132/1181/1067 1133/1205/1067 1131/1182/1067
f 1131/1182/1068 1133/1205/1068 1115/1180/1068
f 1134/1204/1069 1115/1180/1069 1133/1205/1069
f 1134/1204/1070 1133/1205/1070 1136/1201/1070
f 1132/1181/1071 1135/1202/1071 1133/1205/1071
f 1136/1201/1070 1133/1205/1070 1135/1202/1070
f 1137/1199/1072 1138/205/1072 1136/1201/1072
f 1136/1201/1073 1135/1202/1073 1137/1199/1073
f 1136/1201/1072 1138/205/1072 1139/1211/1072
f 1136/1201/1074 1139/1211/1074 1134/1204/1074
f 1140/204/1075 1139/1211/1075 1138/205/1075
f 1134/1204/1074 1139/1211/1074 274/327/1074
f 277/209/200 274/327/200 1139/1211/200
f 277/209/1075 1139/1211/1075 1140/204/1075
f 1140/204/205 279/208/205 277/209/205
f 1140/204/1076 1142/186/1076 279/208/1076
f 1140/204/1077 1138/205/1077 1141/203/1077
f 1141/203/1076 1142/186/1076 1140/204/1076
f 1143/187/1078 1144/182/1078 1142/186/1078
f 1141/203/1079 1143/187/1079 1142/186/1079
f 1142/186/1078 1144/182/1078 281/183/1078
f 1142/186/206 281/183/206 279/208/206
f 1144/182/118 1143/187/118 1145/188/118
f 284/180/209 281/183/209 1144/182/209
f 292/190/118 284/180/118 1144/182/118
f 292/190/118 1144/182/118 1145/188/118
f 295/339/218 292/338/218 1145/760/218
f 1145/188/118 1143/187/118 1146/189/118
f 1145/188/118 1146/189/118 1147/194/118
f 326/761/1080 1145/760/1080 1147/759/1080
f 295/339/1080 1145/760/1080 326/761/1080
f 1147/194/118 1148/199/118 1150/198/118
f 1147/194/118 1149/197/118 1148/199/118
f 1147/194/118 1146/189/118 1149/197/118
f 326/761/1081 1147/759/1081 332/866/1081
f 332/866/1081 1147/759/1081 1150/762/1081
f 1150/198/118 1148/199/118 1151/1197/118
f 1150/198/118 1151/1197/118 1153/1196/118
f 1150/198/118 1153/1196/118 1152/1193/118
f 337/870/1082 1150/762/1082 1152/867/1082
f 332/866/1082 1150/762/1082 337/870/1082
f 1153/1196/1083 1156/1190/1083 1154/1194/1083
f 1152/1193/118 1153/1196/118 1154/1194/118
f 1155/1195/1083 1156/1190/1083 1153/1196/1083
f 1153/1196/1084 1151/1197/1084 1155/1195/1084
f 1157/1188/1085 1154/1194/1085 1156/1190/1085
f 1157/1188/1086 1156/1190/1086 1158/1186/1086
f 1158/1186/1087 1156/1190/1087 1159/1187/1087
f 1155/1195/1088 1159/1187/1088 1156/1190/1088
f 1158/1186/1089 1159/1187/1089 1160/1185/1089
f 1160/1185/1089 1159/1187/1089 1161/1184/1089
f 1162/1203/1090 1161/1184/1090 1159/1187/1090
f 1162/1203/1088 1159/1187/1088 1155/1195/1088
f 1163/1206/1091 1161/1184/1091 1162/1203/1091
f 1162/1203/1092 1165/1200/1092 1163/1206/1092
f 1155/1195/1093 1164/1198/1093 1162/1203/1093
f 1162/1203/1093 1164/1198/1093 1165/1200/1093
f 1166/206/1094 1165/1200/1094 1164/1198/1094
f 1163/1206/1092 1165/1200/1092 1135/1202/1092
f 1137/1199/1073 1135/1202/1073 1165/1200/1073
f 1137/1199/1094 1165/1200/1094 1166/206/1094
f 1148/199/1095 1149/197/1095 1166/206/1095
f 1166/206/1096 1164/1198/1096 1148/199/1096
f 1166/206/1095 1149/197/1095 1167/202/1095
f 1166/206/1097 1167/202/1097 1137/1199/1097
f 1146/189/1098 1167/202/1098 1149/197/1098
f 1137/1199/1097 1167/202/1097 1138/205/1097
f 1141/203/1077 1138/205/1077 1167/202/1077
f 1141/203/1098 1167/202/1098 1146/189/1098
f 1155/1195/1084 1151/1197/1084 1164/1198/1084
f 1148/199/1096 1164/1198/1096 1151/1197/1096
f 1163/1206/1099 1168/1183/1099 1161/1184/1099
f 1132/1181/1099 1168/1183/1099 1163/1206/1099
f 1163/1206/1071 1135/1202/1071 1132/1181/1071
f 1169/1170/1100 1161/1184/1100 1168/1183/1100
f 1169/1170/1101 1168/1183/1101 1170/1166/1101
f 1170/1166/1101 1168/1183/1101 1130/1169/1101
f 1132/1181/1102 1130/1169/1102 1168/1183/1102
f 1171/1161/1103 1169/1170/1103 1170/1166/1103
f 1170/1268/1063 1130/1266/1063 1129/1265/1063
f 1172/922/1104 1170/1268/1104 1129/1265/1104
f 1171/1269/1104 1170/1268/1104 1172/922/1104
f 1172/922/1105 1175/921/1105 1173/920/1105
f 1172/1160/1106 1173/1158/1106 1171/1161/1106
f 1174/1270/1107 1175/921/1107 1172/922/1107
f 1172/922/1108 1129/1265/1108 1174/1270/1108
f 1178/1271/1109 1176/919/1109 1175/921/1109
f 1175/921/1110 1176/919/1110 1173/920/1110
f 1177/1272/1111 1179/1273/1111 1175/921/1111
f 1177/1272/1112 1175/921/1112 1180/1274/1112
f 1178/1271/1111 1175/921/1111 1179/1273/1111
f 1175/921/1112 1174/1270/1112 1180/1274/1112
f 1177/1272/1113 1180/1274/1113 1044/1164/1113
f 1044/1164/1114 1180/1274/1114 1181/1275/1114
f 1180/1274/1115 1182/1276/1115 1181/1275/1115
f 1180/1274/1116 1174/1270/1116 1182/1276/1116
f 1174/1270/1117 1183/1277/1117 1182/1276/1117
f 1183/1278/1118 1184/1279/1118 1182/1280/1118
f 1181/1275/1119 1182/1276/1119 1185/1281/1119
f 1182/1282/1 1184/1283/1 1185/1284/1
f 1181/1275/1120 1185/1281/1120 1051/1171/1120
f 1185/1281/1121 1187/1285/1121 1186/1286/1121
f 1051/1171/1121 1185/1281/1121 1186/1286/1121
f 1185/1287/1122 1189/1288/1122 1187/1289/1122
f 1188/1290/1122 1189/1288/1122 1185/1287/1122
f 1185/1284/1 1184/1283/1 1188/1291/1
f 1184/1292/1123 1189/1293/1123 1188/1294/1123
f 1190/1295/1123 1189/1293/1123 1184/1292/1123
f 1189/1291/118 1190/1283/118 1187/1284/118
f 1190/1296/1118 1184/1279/1118 1183/1278/1118
f 1187/1284/118 1190/1283/118 1183/1282/118
f 1186/1286/1124 1187/1285/1124 1191/1297/1124
f 1191/1297/1125 1187/1285/1125 1174/1270/1125
f 1174/1270/1126 1187/1285/1126 1183/1277/1126
f 1174/1270/1108 1129/1265/1108 1191/1297/1108
f 1129/1265/1127 1186/1286/1127 1191/1297/1127
f 1192/1298/1128 1051/1171/1128 1186/1286/1128
f 1192/1298/1128 1186/1286/1128 1193/1299/1128
f 1193/1299/1129 1186/1286/1129 1126/1263/1129
f 1129/1265/1130 1126/1263/1130 1186/1286/1130
f 1193/289/1131 1195/286/1131 1192/288/1131
f 1193/1299/1132 1126/1263/1132 1125/1262/1132
f 1125/1300/118 1194/1301/118 1193/1302/118
f 1194/287/1131 1195/286/1131 1193/289/1131
f 1195/1303/1133 1197/1304/1133 1196/1305/1133
f 1127/1300/1 1195/1301/1 1196/1306/1
f 1192/1302/1 1195/1301/1 1127/1300/1
f 1194/1307/1133 1197/1304/1133 1195/1303/1133
f 1196/278/1134 1197/280/1134 1127/279/1134
f 1127/279/1134 1197/280/1134 1125/277/1134
f 1197/1306/118 1194/1301/118 1125/1300/118
f 1127/1261/1135 1054/1174/1135 1192/1298/1135
f 1192/1298/1136 1054/1174/1136 1052/1172/1136
f 1052/1172/1137 1051/1171/1137 1192/1298/1137
f 1044/1164/1114 1181/1275/1114 1046/1162/1114
f 1046/1162/1138 1181/1275/1138 1051/1171/1138
f 1198/1308/1139 1179/1273/1139 1177/1272/1139
f 1179/1309/1140 1200/1310/1140 1178/1311/1140
f 1198/1312/1 1201/1313/1 1179/1314/1
f 1199/1315/1140 1200/1310/1140 1179/1309/1140
f 1179/1314/1 1201/1313/1 1199/1316/1
f 1201/1317/1141 1200/1318/1141 1199/1319/1141
f 1202/1320/1141 1200/1318/1141 1201/1317/1141
f 1202/1321/1142 1201/1322/1142 1203/1323/1142
f 1203/1323/1142 1201/1322/1142 1198/1324/1142
f 1203/1325/1143 1205/1326/1143 1204/918/1143
f 1203/1325/1144 1204/918/1144 1176/919/1144
f 1198/1308/1143 1205/1326/1143 1203/1325/1143
f 1203/1325/1145 1176/919/1145 1178/1271/1145
f 1178/1314/118 1202/1313/118 1203/1312/118
f 1039/934/1146 1206/935/1146 1205/1326/1146
f 1039/934/1147 1205/1326/1147 1042/1327/1147
f 1209/1328/1148 1205/1326/1148 1206/935/1148
f 1205/1326/1149 1207/1329/1149 1042/1327/1149
f 1198/1308/1150 1207/1329/1150 1205/1326/1150
f 1208/1330/1151 1204/918/1151 1205/1326/1151
f 1208/1330/1151 1205/1326/1151 1209/1328/1151
f 1209/387/1152 1212/388/1152 1208/385/1152
f 1209/1328/1153 1206/935/1153 1210/1331/1153
f 1210/1332/1 1213/1333/1 1209/1334/1
f 1211/386/1152 1212/388/1152 1209/387/1152
f 1209/1334/1 1213/1333/1 1211/1335/1
f 1213/1336/1154 1212/1337/1154 1211/1338/1154
f 1215/397/1155 1213/394/1155 1210/396/1155
f 1214/1339/1154 1212/1337/1154 1213/1336/1154
f 1214/395/1155 1213/394/1155 1215/397/1155
f 1215/1340/1156 1038/931/1156 1216/928/1156
f 1215/1340/1157 1216/928/1157 1208/1330/1157
f 1210/1331/1156 1038/931/1156 1215/1340/1156
f 1208/1334/118 1214/1333/118 1215/1332/118
f 1208/1330/1158 1216/928/1158 1217/926/1158
f 1217/926/1159 1216/928/1159 1219/923/1159
f 1216/928/1160 1220/932/1160 1218/933/1160
f 1219/923/1161 1216/928/1161 1218/933/1161
f 1220/932/1162 1216/928/1162 1038/931/1162
f 1038/931/1162 1036/937/1162 1220/932/1162
f 1220/1341/1163 1036/1152/1163 1221/1342/1163
f 1220/1341/1164 1221/1342/1164 1222/1343/1164
f 1222/1343/1165 1218/1344/1165 1220/1341/1165
f 1222/1343/1166 1221/1342/1166 1223/1345/1166
f 1222/1343/1167 1223/1345/1167 1224/1346/1167
f 1222/1343/1168 1224/1346/1168 1225/1347/1168
f 1225/1347/1165 1218/1344/1165 1222/1343/1165
f 1225/1347/1169 1224/1346/1169 1226/1348/1169
f 1225/1149/1170 1228/1156/1170 1218/1154/1170
f 1225/1149/1171 1226/1144/1171 1227/1123/1171
f 1227/1123/1172 1228/1156/1172 1225/1149/1172
f 1227/1123/1173 1229/1117/1173 1228/1156/1173
f 1231/1115/1174 1228/1156/1174 1229/1117/1174
f 1230/1157/1175 1218/1154/1175 1228/1156/1175
f 1230/1157/1176 1228/1156/1176 1231/1115/1176
f 1232/1114/1177 1233/1111/1177 1231/1115/1177
f 1231/1115/1178 1229/1117/1178 1232/1114/1178
f 1231/1115/1177 1233/1111/1177 1234/1113/1177
f 1231/1115/1179 1234/1113/1179 1230/1157/1179
f 1237/1110/1180 1234/1113/1180 1233/1111/1180
f 1230/1157/1179 1234/1113/1179 1235/1159/1179
f 1236/1112/1181 1235/1159/1181 1234/1113/1181
f 1236/1112/1180 1234/1113/1180 1237/1110/1180
f 1237/1110/1182 1158/1186/1182 1160/1185/1182
f 1237/1110/1183 1160/1185/1183 1236/1112/1183
f 1237/1110/1184 1233/1111/1184 1238/1107/1184
f 1238/1107/1182 1158/1186/1182 1237/1110/1182
f 1238/1107/1184 1233/1111/1184 1239/1109/1184
f 1238/1107/1185 1239/1109/1185 1240/1108/1185
f 1240/1108/1186 1157/1188/1186 1238/1107/1186
f 1238/1107/1186 1157/1188/1186 1158/1186/1186
f 1240/1108/1185 1239/1109/1185 1241/1106/1185
f 1240/1108/1187 1241/1106/1187 1243/1189/1187
f 1243/1189/1188 1242/1191/1188 1240/1108/1188
f 1240/1108/1188 1242/1191/1188 1157/1188/1188
f 1244/1192/118 1242/1191/118 1243/1189/118
f 1244/1192/118 1243/1189/118 1245/1105/118
f 1243/1189/1187 1241/1106/1187 1245/1105/1187
f 1246/1104/1189 1245/1105/1189 1247/1100/1189
f 1248/1103/118 1245/1105/118 1246/1104/118
f 1247/1100/1189 1245/1105/1189 1241/1106/1189
f 1244/1192/118 1245/1105/118 1248/1103/118
f 305/888/1190 1244/871/1190 1248/890/1190
f 1248/1103/118 1246/1104/118 1249/1102/118
f 311/1349/1191 1248/890/1191 1249/889/1191
f 305/888/1191 1248/890/1191 311/1349/1191
f 1249/1102/118 1251/1101/118 1250/1098/118
f 1249/1102/118 1250/1098/118 1252/1085/118
f 1246/1104/118 1251/1101/118 1249/1102/118
f 315/1350/1192 1249/1351/1192 1252/1352/1192
f 311/1353/1192 1249/1351/1192 315/1350/1192
f 1252/1085/118 1253/1084/118 1255/1081/118
f 1252/1085/118 1254/1093/118 1253/1084/118
f 315/1350/1193 1252/1352/1193 320/1354/1193
f 320/1354/1193 1252/1352/1193 1255/1355/1193
f 1252/1085/118 1250/1098/118 1254/1093/118
f 1255/1081/118 1258/1075/118 1256/1077/118
f 325/1356/1194 1255/1355/1194 1256/1357/1194
f 1255/1081/118 1253/1084/118 1257/1088/118
f 320/1354/1194 1255/1355/1194 325/1356/1194
f 1255/1081/118 1257/1088/118 1258/1075/118
f 1259/1076/1195 1258/1075/1195 1260/1066/1195
f 1256/1077/118 1258/1075/118 1259/1076/118
f 1260/1066/1195 1258/1075/1195 1261/1073/1195
f 1257/1088/1196 1261/1073/1196 1258/1075/1196
f 1260/1066/1197 1261/1073/1197 1262/1065/1197
f 1262/1065/1197 1261/1073/1197 1263/1069/1197
f 1264/1074/1198 1263/1069/1198 1261/1073/1198
f 1264/1074/1196 1261/1073/1196 1257/1088/1196
f 1265/1072/1198 1263/1069/1198 1264/1074/1198
f 1257/1088/1199 1253/1084/1199 1264/1074/1199
f 1264/1074/1199 1253/1084/1199 1266/1089/1199
f 1264/1074/1200 1266/1089/1200 1265/1072/1200
f 1253/1084/1201 1254/1093/1201 1266/1089/1201
f 1266/1089/1201 1254/1093/1201 1267/1090/1201
f 1266/1089/1202 1267/1090/1202 1268/1092/1202
f 1265/1072/1200 1266/1089/1200 1268/1092/1200
f 1268/1092/1202 1267/1090/1202 1269/1091/1202
f 1268/1092/1203 1269/1091/1203 1270/1122/1203
f 1271/1071/1204 1268/1092/1204 1270/1122/1204
f 1265/1072/1204 1268/1092/1204 1271/1071/1204
f 1272/1127/1205 1274/1129/1205 1271/1071/1205
f 1271/1071/1206 1270/1122/1206 1272/1127/1206
f 1271/1071/1207 1273/1068/1207 1265/1072/1207
f 1271/1071/1208 1274/1129/1208 1273/1068/1208
f 1275/1131/1209 1273/1068/1209 1274/1129/1209
f 1275/1131/1210 1274/1129/1210 1276/1137/1210
f 1276/1137/1211 1274/1129/1211 1277/1130/1211
f 1272/1127/1212 1277/1130/1212 1274/1129/1212
f 1279/1358/1213 1277/1359/1213 1278/1360/1213
f 1280/1361/1214 1278/1360/1214 1277/1359/1214
f 1276/1362/1215 1277/1359/1215 1279/1358/1215
f 1280/1128/1216 1277/1130/1216 1272/1127/1216
f 1272/1127/1217 1281/1125/1217 1280/1128/1217
f 1280/1128/1217 1281/1125/1217 1282/1126/1217
f 1283/1363/1214 1278/1360/1214 1280/1361/1214
f 1280/1361/1218 1282/1364/1218 1283/1363/1218
f 1283/1363/1219 1284/1365/1219 1278/1360/1219
f 1283/1363/1218 1282/1364/1218 1286/1366/1218
f 1285/1367/1220 1284/1365/1220 1283/1363/1220
f 1283/1363/1221 1286/1366/1221 1285/1367/1221
f 1286/1145/1222 1289/1124/1222 1226/1144/1222
f 1226/1348/1223 1288/1368/1223 1286/1366/1223
f 1285/1367/1221 1286/1366/1221 1287/1369/1221
f 1286/1366/1224 1290/1370/1224 1287/1369/1224
f 1286/1366/1225 1288/1368/1225 1290/1370/1225
f 1282/1126/1222 1289/1124/1222 1286/1145/1222
f 1291/1371/1226 1287/1369/1226 1290/1370/1226
f 1292/1372/1227 1290/1370/1227 1288/1368/1227
f 1291/1371/1228 1290/1370/1228 1292/1372/1228
f 1032/1147/1229 1293/1373/1229 1292/1372/1229
f 1292/1372/1229 1288/1368/1229 1032/1147/1229
f 1293/1374/1230 1294/1375/1230 1292/1376/1230
f 1294/1377/118 1291/1378/118 1292/1379/118
f 1297/1380/118 1295/1381/118 1294/1377/118
f 1294/1377/118 1295/1381/118 1291/1378/118
f 1296/1382/1230 1294/1375/1230 1293/1374/1230
f 1298/1383/1231 1294/1384/1231 1296/1385/1231
f 1297/1386/1231 1294/1384/1231 1298/1383/1231
f 1297/1387/1232 1298/1388/1232 1295/1389/1232
f 1295/1389/1232 1298/1388/1232 1300/1390/1232
f 1299/1378/1 1298/1380/1 1296/1377/1
f 1300/1381/1 1298/1380/1 1299/1378/1
f 1299/1391/1233 1028/1140/1233 1300/1392/1233
f 1028/1140/1234 1027/1139/1234 1300/1392/1234
f 1300/1392/1235 1027/1139/1235 1285/1367/1235
f 1300/1392/1235 1285/1367/1235 1295/1393/1235
f 1299/1391/1226 1030/1142/1226 1028/1140/1226
f 1032/1147/1236 1030/1142/1236 1299/1391/1236
f 1299/1391/1237 1293/1373/1237 1032/1147/1237
f 1299/1378/1 1296/1377/1 1293/1379/1
f 1295/1393/1238 1285/1367/1238 1287/1369/1238
f 1295/1393/1239 1287/1369/1239 1291/1371/1239
f 1282/1126/1240 1301/1121/1240 1289/1124/1240
f 1302/1119/1241 1289/1124/1241 1301/1121/1241
f 1227/1123/1242 1226/1144/1242 1289/1124/1242
f 1227/1123/1243 1289/1124/1243 1302/1119/1243
f 1302/1119/1244 1301/1121/1244 1303/1118/1244
f 1302/1119/1245 1229/1117/1245 1227/1123/1245
f 1303/1118/1246 1304/1116/1246 1302/1119/1246
f 1302/1119/1246 1304/1116/1246 1229/1117/1246
f 1303/1118/1247 1306/1096/1247 1304/1116/1247
f 1232/1114/1248 1304/1116/1248 1305/1099/1248
f 1305/1099/1248 1304/1116/1248 1306/1096/1248
f 1232/1114/1249 1229/1117/1249 1304/1116/1249
f 1307/1095/1247 1306/1096/1247 1303/1118/1247
f 1305/1099/1250 1306/1096/1250 1247/1100/1250
f 1247/1100/1250 1306/1096/1250 1308/1097/1250
f 1307/1095/1251 1308/1097/1251 1306/1096/1251
f 1247/1100/1252 1308/1097/1252 1246/1104/1252
f 1309/1094/1251 1308/1097/1251 1307/1095/1251
f 1309/1094/1253 1251/1101/1253 1308/1097/1253
f 1246/1104/1254 1308/1097/1254 1251/1101/1254
f 1307/1095/1255 1269/1091/1255 1309/1094/1255
f 1309/1094/1256 1267/1090/1256 1250/1098/1256
f 1250/1098/1253 1251/1101/1253 1309/1094/1253
f 1309/1094/1255 1269/1091/1255 1267/1090/1255
f 1303/1118/1257 1310/1120/1257 1307/1095/1257
f 1307/1095/1258 1310/1120/1258 1269/1091/1258
f 1270/1122/1259 1310/1120/1259 1281/1125/1259
f 1281/1125/1260 1310/1120/1260 1301/1121/1260
f 1303/1118/1244 1301/1121/1244 1310/1120/1244
f 1270/1122/1203 1269/1091/1203 1310/1120/1203
f 1247/1100/1261 1241/1106/1261 1305/1099/1261
f 1305/1099/1261 1241/1106/1261 1239/1109/1261
f 1305/1099/1262 1239/1109/1262 1232/1114/1262
f 1281/1125/1240 1301/1121/1240 1282/1126/1240
f 1223/1345/1263 1311/1394/1263 1288/1368/1263
f 1224/1346/1264 1223/1345/1264 1288/1368/1264
f 1288/1368/1265 1311/1394/1265 1312/1395/1265
f 1032/1147/1265 1288/1368/1265 1312/1395/1265
f 1224/1346/1266 1288/1368/1266 1226/1348/1266
f 1311/1396/1267 1314/1397/1267 1312/1398/1267
f 1034/1150/1268 1312/1395/1268 1313/1399/1268
f 1314/1400/1 1313/1401/1 1312/1402/1
f 1032/1147/1269 1312/1395/1269 1034/1150/1269
f 1314/1403/1270 1316/1404/1270 1315/1405/1270
f 1315/1406/1 1318/1407/1 1314/1400/1
f 1317/1408/1267 1314/1397/1267 1311/1396/1267
f 1317/1409/1270 1316/1404/1270 1314/1403/1270
f 1314/1400/1 1318/1407/1 1313/1401/1
f 1035/1151/1271 1318/1410/1271 1036/1152/1271
f 1036/1152/1163 1318/1410/1163 1221/1342/1163
f 1035/1151/1272 1313/1399/1272 1318/1410/1272
f 1318/1411/1273 1316/1412/1273 1221/1413/1273
f 1315/1414/1273 1316/1412/1273 1318/1411/1273
f 1223/1401/118 1316/1406/118 1317/1400/118
f 1223/1401/118 1317/1400/118 1311/1402/118
f 1221/1407/118 1316/1406/118 1223/1401/118
f 1034/1150/1167 1313/1399/1167 1035/1151/1167
f 1027/1139/1274 1284/1365/1274 1285/1367/1274
f 1026/1138/1275 1319/1415/1275 1284/1365/1275
f 1284/1365/1276 1319/1415/1276 1320/1416/1276
f 1284/1365/1277 1320/1416/1277 1321/1417/1277
f 1284/1365/1278 1321/1417/1278 1278/1360/1278
f 1026/1138/1274 1284/1365/1274 1027/1139/1274
f 1322/1418/1279 1321/1417/1279 1323/1419/1279
f 1279/1358/1280 1321/1417/1280 1322/1418/1280
f 1323/1419/1281 1321/1417/1281 1324/439/1281
f 1321/1417/1281 1325/437/1281 1324/439/1281
f 1321/1417/1282 1320/1416/1282 1325/437/1282
f 1278/1360/1283 1321/1417/1283 1279/1358/1283
f 1326/1420/1284 1327/1421/1284 1325/1422/1284
f 1320/1423/118 1326/1424/118 1325/1425/118
f 1325/1422/1284 1327/1421/1284 1324/1426/1284
f 1327/1427/1285 1329/1428/1285 1328/1429/1285
f 1319/1423/1 1327/1424/1 1328/1430/1
f 1326/1431/1285 1329/1428/1285 1327/1427/1285
f 1324/1425/1 1327/1424/1 1319/1423/1
f 1328/1432/1286 1329/1433/1286 1319/1434/1286
f 1329/1430/118 1326/1424/118 1320/1423/118
f 1319/1434/1286 1329/1433/1286 1320/1435/1286
f 1323/1419/1287 1324/439/1287 1026/1138/1287
f 1026/1138/1288 1324/439/1288 1319/1415/1288
f 1330/1436/1289 1323/1419/1289 1023/1134/1289
f 1330/1436/1279 1322/1418/1279 1323/1419/1279
f 1023/1134/1290 1323/1419/1290 1026/1138/1290
f 1331/1437/1291 1332/1438/1291 1330/1436/1291
f 1331/1437/1292 1330/1436/1292 1023/1134/1292
f 1332/1438/1293 1333/440/1293 1330/1436/1293
f 1330/1436/1294 1333/440/1294 1322/1418/1294
f 1332/1438/1295 1335/456/1295 1333/440/1295
f 1333/440/1294 1334/441/1294 1322/1418/1294
f 1333/1439/1296 1337/1440/1296 1334/1441/1296
f 1335/1442/1 1338/1443/1 1333/1444/1
f 1336/1445/1296 1337/1440/1296 1333/1439/1296
f 1333/1444/1 1338/1443/1 1336/1446/1
f 1340/1447/1297 1338/1448/1297 1339/1449/1297
f 1339/1449/1297 1338/1448/1297 1335/1450/1297
f 1338/452/1298 1337/454/1298 1336/450/1298
f 1340/451/1298 1337/454/1298 1338/452/1298
f 1334/1444/118 1340/1443/118 1339/1442/118
f 1337/1446/118 1340/1443/118 1334/1444/118
f 1342/1451/1299 1339/445/1299 1335/456/1299
f 1341/1452/1300 1334/441/1300 1339/445/1300
f 1341/1452/1299 1339/445/1299 1342/1451/1299
f 1344/1453/1301 1343/1454/1301 1342/1451/1301
f 1345/1455/1302 1342/1451/1302 1343/1454/1302
f 1344/1453/1303 1342/1451/1303 1331/1437/1303
f 1342/1451/1304 1332/1438/1304 1331/1437/1304
f 1342/1451/1305 1335/456/1305 1332/1438/1305
f 1341/1452/1302 1342/1451/1302 1345/1455/1302
f 1346/1456/1306 1345/1455/1306 1347/472/1306
f 1346/1456/1307 1348/1457/1307 1345/1455/1307
f 1347/472/1308 1345/1455/1308 1343/1454/1308
f 1341/1452/1309 1345/1455/1309 1348/1457/1309
f 1349/1458/1310 1348/1457/1310 1346/1456/1310
f 1349/1458/1311 1350/1459/1311 1348/1457/1311
f 1276/1362/1312 1348/1457/1312 1350/1459/1312
f 1279/1358/1313 1341/1452/1313 1348/1457/1313
f 1279/1358/1312 1348/1457/1312 1276/1362/1312
f 1351/1460/1311 1350/1459/1311 1349/1458/1311
f 1351/1461/1314 1352/1462/1314 1350/1463/1314
f 1275/1131/1315 1350/1463/1315 1352/1462/1315
f 1276/1137/1315 1350/1463/1315 1275/1131/1315
f 1354/1464/1314 1352/1462/1314 1351/1461/1314
f 1275/1131/1316 1352/1462/1316 1353/1070/1316
f 1353/1070/1316 1352/1462/1316 1355/1465/1316
f 1354/1464/1317 1355/1465/1317 1352/1462/1317
f 1353/1070/1318 1355/1465/1318 1262/1065/1318
f 1262/1065/1318 1355/1465/1318 1356/1062/1318
f 1357/1466/1319 1356/1062/1319 1355/1465/1319
f 1357/1466/1320 1355/1465/1320 1354/1464/1320
f 1354/1464/1321 1358/1467/1321 1357/1466/1321
f 1357/1466/1321 1358/1467/1321 1360/1468/1321
f 1357/1466/1322 1360/1468/1322 1359/1064/1322
f 1359/1064/1319 1356/1062/1319 1357/1466/1319
f 1360/1468/1323 1362/1469/1323 1361/1470/1323
f 1360/1468/1324 1361/1470/1324 1363/1054/1324
f 1358/1467/1323 1362/1469/1323 1360/1468/1323
f 1359/1064/1322 1360/1468/1322 1363/1054/1322
f 1363/1054/1325 1361/1470/1325 1366/1051/1325
f 1363/1054/1326 1366/1051/1326 1364/1055/1326
f 1365/1061/1327 1363/1054/1327 1364/1055/1327
f 1359/1064/1327 1363/1054/1327 1365/1061/1327
f 1368/1050/1328 1366/1051/1328 1367/1471/1328
f 1367/1471/1328 1366/1051/1328 1361/1470/1328
f 1368/1050/1329 1369/1052/1329 1366/1051/1329
f 1364/1055/1326 1366/1051/1326 1369/1052/1326
f 1370/1049/1329 1369/1052/1329 1368/1050/1329
f 1370/1049/1330 1371/1056/1330 1369/1052/1330
f 1372/1058/1331 1369/1052/1331 1371/1056/1331
f 1364/1055/1331 1369/1052/1331 1372/1058/1331
f 1373/1060/1332 1364/1055/1332 1372/1058/1332
f 1374/1059/118 1373/1060/118 1372/1058/118
f 1374/1059/118 1372/1058/118 1375/1057/118
f 1375/1057/118 1372/1058/118 1371/1056/118
f 1375/1057/118 1371/1056/118 1376/3/118
f 299/1472/1333 1375/1473/1333 1376/1474/1333
f 336/1475/1334 1374/1476/1334 1375/1473/1334
f 336/1475/1333 1375/1473/1333 299/1472/1333
f 1377/1/118 1376/3/118 1378/2/118
f 304/1477/1335 1376/1474/1335 1377/1478/1335
f 1376/3/118 1379/1053/118 1378/2/118
f 299/1472/1335 1376/1474/1335 304/1477/1335
f 1376/3/118 1371/1056/118 1379/1053/118
f 1379/1053/1336 877/998/1336 1378/2/1336
f 1370/1049/1336 877/998/1336 1379/1053/1336
f 1379/1053/1330 1371/1056/1330 1370/1049/1330
f 1380/7/1337 1378/2/1337 874/996/1337
f 874/996/1337 1378/2/1337 877/998/1337
f 1378/2/118 1380/7/118 1377/1/118
f 875/995/1338 1380/7/1338 874/996/1338
f 1381/9/1338 1380/7/1338 875/995/1338
f 1377/1/118 1380/7/118 1381/9/118
f 875/995/1339 1382/1046/1339 1381/9/1339
f 1381/9/1339 1382/1046/1339 1384/1048/1339
f 1377/1/118 1381/9/118 1383/8/118
f 1383/8/118 1381/9/118 1384/1048/118
f 1384/1048/1340 1386/1044/1340 1385/1047/1340
f 1383/8/118 1384/1048/118 1385/1047/118
f 1382/1046/1340 1386/1044/1340 1384/1048/1340
f 1387/1043/1341 1389/1041/1341 1386/1044/1341
f 1382/1046/1342 1387/1043/1342 1386/1044/1342
f 1386/1044/1341 1389/1041/1341 1388/1042/1341
f 1386/1044/1343 1388/1042/1343 1385/1047/1343
f 1391/1036/1344 1389/1041/1344 1390/1035/1344
f 1390/1035/1344 1389/1041/1344 1392/1034/1344
f 1391/1036/1345 1388/1042/1345 1389/1041/1345
f 1387/1043/1346 1392/1034/1346 1389/1041/1346
f 1390/1035/1347 1392/1034/1347 862/980/1347
f 862/980/1347 1392/1034/1347 863/983/1347
f 868/989/781 863/983/781 1392/1034/781
f 868/989/1348 1392/1034/1348 1387/1043/1348
f 1390/1035/1349 807/910/1349 1391/1036/1349
f 1391/1036/1349 807/910/1349 805/908/1349
f 1391/1036/1350 805/908/1350 1393/1040/1350
f 1393/1040/1345 1388/1042/1345 1391/1036/1345
f 1393/1040/1351 804/907/1351 1394/1039/1351
f 1394/1039/1352 1395/1045/1352 1393/1040/1352
f 1393/1040/1352 1395/1045/1352 1388/1042/1352
f 1393/1040/1350 805/908/1350 804/907/1350
f 1396/1479/118 1395/1045/118 1394/1039/118
f 1385/1047/1343 1388/1042/1343 1395/1045/1343
f 1396/1479/118 1385/1047/118 1395/1045/118
f 1383/8/118 1385/1047/118 1396/1479/118
f 1396/1479/118 1394/1039/118 1397/1037/118
f 319/1480/1353 1396/1481/1353 1397/1482/1353
f 314/1483/1354 1383/1484/1354 1396/1481/1354
f 314/1483/1353 1396/1481/1353 319/1480/1353
f 1397/1037/118 789/892/118 787/886/118
f 1397/1037/118 1398/1038/118 789/892/118
f 1397/1037/118 1394/1039/118 1398/1038/118
f 324/1485/1355 1397/1482/1355 787/1486/1355
f 319/1480/1355 1397/1482/1355 324/1485/1355
f 789/892/1356 1398/1038/1356 802/906/1356
f 802/906/1356 1398/1038/1356 804/907/1356
f 1394/1039/1351 804/907/1351 1398/1038/1351
f 862/980/1357 1399/1487/1357 1390/1035/1357
f 1390/1035/1358 1399/1487/1358 807/910/1358
f 808/911/713 807/910/713 1399/1487/713
f 808/911/1359 1399/1487/1359 1400/1488/1359
f 1400/1488/1360 1399/1487/1360 859/976/1360
f 862/980/1361 859/976/1361 1399/1487/1361
f 810/913/1362 808/911/1362 1400/1488/1362
f 1400/1488/1363 859/976/1363 842/975/1363
f 825/1489/1364 1400/1488/1364 842/975/1364
f 810/913/1365 1400/1488/1365 825/1489/1365
f 871/993/786 868/989/786 1387/1043/786
f 871/993/1342 1387/1043/1342 1382/1046/1342
f 310/1490/1366 1377/1478/1366 1383/1484/1366
f 310/1490/1354 1383/1484/1354 314/1483/1354
f 875/995/790 871/993/790 1382/1046/790
f 304/1477/1366 1377/1478/1366 310/1490/1366
f 1401/1067/118 1374/1059/118 1256/1077/118
f 1401/1067/118 1373/1060/118 1374/1059/118
f 331/1491/1367 1256/1357/1367 1374/1476/1367
f 331/1491/1334 1374/1476/1334 336/1475/1334
f 1365/1061/1368 1401/1067/1368 1402/1063/1368
f 1259/1076/1369 1402/1063/1369 1401/1067/1369
f 1256/1077/118 1259/1076/118 1401/1067/118
f 1373/1060/1368 1401/1067/1368 1365/1061/1368
f 1359/1064/1370 1402/1063/1370 1356/1062/1370
f 1260/1066/1371 1356/1062/1371 1402/1063/1371
f 1260/1066/1369 1402/1063/1369 1259/1076/1369
f 1365/1061/1370 1402/1063/1370 1359/1064/1370
f 1365/1061/1332 1364/1055/1332 1373/1060/1332
f 1368/1050/1372 878/999/1372 1370/1049/1372
f 1370/1049/1372 878/999/1372 877/998/1372
f 1367/1471/1373 880/1001/1373 1368/1050/1373
f 1368/1050/1374 880/1001/1374 878/999/1374
f 1403/1492/1375 1404/1493/1375 1367/1471/1375
f 1367/1471/1376 1361/1470/1376 1403/1492/1376
f 1367/1471/1375 1404/1493/1375 880/1001/1375
f 881/1002/1377 1404/1493/1377 1405/1494/1377
f 1405/1494/1377 1404/1493/1377 1406/1495/1377
f 1403/1492/1378 1406/1495/1378 1404/1493/1378
f 881/1002/793 880/1001/793 1404/1493/793
f 1405/1496/1379 1406/1497/1379 1407/1498/1379
f 1407/1498/1379 1406/1497/1379 1409/1499/1379
f 1408/1500/1380 1409/1499/1380 1406/1497/1380
f 1408/1501/1378 1406/1495/1378 1403/1492/1378
f 1411/1502/1381 1410/1503/1381 1409/1499/1381
f 1409/1499/1382 1410/1503/1382 1407/1498/1382
f 1412/1504/1383 1411/1502/1383 1409/1499/1383
f 1412/1504/1380 1409/1499/1380 1408/1500/1380
f 1413/1505/1384 1411/1502/1384 1412/1504/1384
f 1412/1504/1385 1415/1506/1385 1413/1505/1385
f 1408/1500/1386 1414/1507/1386 1412/1504/1386
f 1412/1504/1386 1414/1507/1386 1415/1506/1386
f 1416/1508/1387 1417/1509/1387 1415/1506/1387
f 1418/1510/1388 1416/1508/1388 1415/1506/1388
f 1413/1505/1385 1415/1506/1385 1417/1509/1385
f 1418/1510/1389 1415/1506/1389 1419/1511/1389
f 1419/1511/1390 1415/1506/1390 1414/1507/1390
f 1419/1512/1391 1414/1513/1391 1358/1467/1391
f 1354/1464/1392 1419/1512/1392 1358/1467/1392
f 1351/1460/1393 1418/1510/1393 1419/1511/1393
f 1351/1461/1392 1419/1512/1392 1354/1464/1392
f 1421/1514/1394 1416/1508/1394 1418/1510/1394
f 1420/1515/1395 1421/1514/1395 1418/1510/1395
f 1349/1458/1396 1420/1515/1396 1418/1510/1396
f 1349/1458/1393 1418/1510/1393 1351/1460/1393
f 1422/500/1397 1416/1508/1397 1421/1514/1397
f 1422/500/1398 1421/1514/1398 1420/1515/1398
f 1423/1516/1399 1422/500/1399 1420/1515/1399
f 1423/1517/1400 1425/1518/1400 1422/1519/1400
f 1424/504/1401 1416/1508/1401 1422/500/1401
f 1422/1520/118 1426/1521/118 1424/1522/118
f 1425/1523/118 1426/1521/118 1422/1520/118
f 1426/1524/1402 1427/1525/1402 1424/1526/1402
f 1426/508/1403 1425/507/1403 1427/513/1403
f 1428/1522/1 1427/1521/1 1423/1520/1
f 1423/1520/1 1427/1521/1 1429/1523/1
f 1424/1526/1402 1427/1525/1402 1428/1527/1402
f 1427/513/1403 1425/507/1403 1429/509/1403
f 1429/1528/1400 1425/1518/1400 1423/1517/1400
f 1423/1516/1404 1430/1529/1404 1428/517/1404
f 1428/517/1405 1430/1529/1405 1431/1530/1405
f 1428/517/1406 1431/1530/1406 1424/504/1406
f 1433/1531/1407 1432/1532/1407 1431/1530/1407
f 1417/1509/1408 1431/1530/1408 1432/1532/1408
f 1433/1531/1409 1431/1530/1409 1434/1533/1409
f 1434/1533/1410 1431/1530/1410 1430/1529/1410
f 1416/1508/1408 1431/1530/1408 1417/1509/1408
f 1424/504/1406 1431/1530/1406 1416/1508/1406
f 1434/1533/1411 1430/1529/1411 1435/1534/1411
f 1435/1534/1412 1436/1535/1412 1434/1533/1412
f 1434/1533/1413 1436/1535/1413 1437/1536/1413
f 1434/1533/1413 1437/1536/1413 1433/1531/1413
f 1436/1512/1414 1439/1469/1414 1437/1513/1414
f 1433/1531/1415 1437/1536/1415 1438/1537/1415
f 1437/1513/1416 1440/1492/1416 1438/1501/1416
f 1437/1513/1416 1439/1469/1416 1440/1492/1416
f 1438/1501/1417 1440/1492/1417 1441/1493/1417
f 1439/1469/1418 1442/1471/1418 1440/1492/1418
f 1440/1492/1419 943/1001/1419 1441/1493/1419
f 1440/1492/1419 1442/1471/1419 943/1001/1419
f 1439/1469/1418 1443/1470/1418 1442/1471/1418
f 1443/1470/1420 947/1050/1420 1442/1471/1420
f 1442/1471/1421 944/999/1421 943/1001/1421
f 1442/1471/1421 947/1050/1421 944/999/1421
f 1445/1468/1422 949/1051/1422 1443/1470/1422
f 1443/1470/1420 949/1051/1420 947/1050/1420
f 1444/1467/1423 1445/1468/1423 1443/1470/1423
f 1444/1467/1423 1443/1470/1423 1439/1469/1423
f 1446/1464/1424 1447/1466/1424 1445/1468/1424
f 1446/1464/1425 1445/1468/1425 1444/1467/1425
f 1447/1466/1426 952/1054/1426 1445/1468/1426
f 1445/1468/1422 952/1054/1422 949/1051/1422
f 1448/1462/1427 1449/1465/1427 1447/1466/1427
f 1448/1462/1428 1447/1466/1428 1446/1464/1428
f 1449/1465/1429 961/1064/1429 1447/1466/1429
f 1447/1466/1426 961/1064/1426 952/1054/1426
f 1021/1131/1430 967/1070/1430 1449/1465/1430
f 1021/1131/1431 1449/1465/1431 1448/1462/1431
f 967/1070/874 960/1062/874 1449/1465/874
f 1449/1465/1429 960/1062/1429 961/1064/1429
f 1024/1137/1432 1021/1131/1432 1448/1462/1432
f 1450/1463/1433 1448/1462/1433 1446/1464/1433
f 1024/1137/1432 1448/1462/1432 1450/1463/1432
f 1331/1437/1434 1024/1135/1434 1450/1538/1434
f 1331/1437/1435 1450/1538/1435 1344/1453/1435
f 1344/1453/1436 1450/1538/1436 1451/1539/1436
f 1450/1463/1433 1446/1464/1433 1451/1461/1433
f 1435/1534/1412 1451/1539/1412 1436/1535/1412
f 1451/1461/1437 1444/1467/1437 1436/1512/1437
f 1451/1461/1438 1446/1464/1438 1444/1467/1438
f 1344/1453/1439 1451/1539/1439 1435/1534/1439
f 1436/1512/1440 1444/1467/1440 1439/1469/1440
f 1438/1501/1441 1441/1493/1441 1452/1495/1441
f 1452/1495/1442 1441/1493/1442 1453/1002/1442
f 1441/1493/1443 940/1000/1443 1453/1002/1443
f 1441/1493/1443 943/1001/1443 940/1000/1443
f 1455/1494/1444 1453/1002/1444 1454/1003/1444
f 1453/1002/1445 941/992/1445 1454/1003/1445
f 1453/1002/1445 940/1000/1445 941/992/1445
f 1452/1495/1446 1453/1002/1446 1455/1494/1446
f 1456/1540/1447 1452/1541/1447 1455/1542/1447
f 1456/1540/1447 1455/1542/1447 1458/1543/1447
f 1458/1543/1448 1455/1542/1448 1457/1544/1448
f 1455/1494/1449 1454/1003/1449 1457/1004/1449
f 902/1027/1450 1459/1545/1450 1458/1543/1450
f 1458/1543/1448 1457/1544/1448 902/1027/1448
f 1458/1543/1451 1459/1545/1451 1460/1546/1451
f 1458/1543/1452 1460/1546/1452 1456/1540/1452
f 1459/1545/1453 1462/1547/1453 1460/1546/1453
f 1460/1546/1454 1461/1548/1454 1456/1540/1454
f 1460/1546/1455 1463/1549/1455 1461/1548/1455
f 1460/1546/1456 1462/1547/1456 1463/1549/1456
f 1461/1548/1457 1463/1549/1457 1464/1550/1457
f 1465/1551/1 1463/1552/1 1462/1553/1
f 1465/1551/1 1464/1554/1 1463/1552/1
f 1469/1555/1458 1465/1556/1458 1466/1557/1458
f 1466/1557/1459 1465/1556/1459 1462/1558/1459
f 1465/1559/1460 1468/1560/1460 1467/1561/1460
f 1467/1562/1 1464/1554/1 1465/1551/1
f 1469/1563/1460 1468/1560/1460 1465/1559/1460
f 1470/1552/118 1469/1551/118 1466/1553/118
f 1470/1552/118 1468/1562/118 1469/1551/118
f 1466/1564/1461 1471/1565/1461 1470/1566/1461
f 1470/1566/1462 1471/1565/1462 1472/1567/1462
f 1470/1566/1463 1472/1567/1463 1473/1568/1463
f 1473/1554/118 1468/1562/118 1470/1552/118
f 1474/1569/1464 1464/1550/1464 1473/1568/1464
f 1474/1569/1464 1473/1568/1464 1411/1502/1464
f 1464/1570/1465 1468/1571/1465 1473/1572/1465
f 1473/1568/1466 1410/1503/1466 1411/1502/1466
f 1473/1568/1467 1472/1567/1467 1410/1503/1467
f 1456/1540/1468 1461/1548/1468 1474/1569/1468
f 1456/1540/1469 1474/1569/1469 1475/1573/1469
f 1461/1548/1470 1464/1550/1470 1474/1569/1470
f 1474/1569/1471 1476/1574/1471 1475/1573/1471
f 1477/532/1472 1476/1574/1472 1474/1569/1472
f 1478/543/1473 1474/1569/1473 1411/1502/1473
f 1477/532/1473 1474/1569/1473 1478/543/1473
f 1479/528/1474 1478/543/1474 1413/1505/1474
f 1479/1575/118 1480/1576/118 1478/1577/118
f 1478/543/1475 1411/1502/1475 1413/1505/1475
f 1478/1578/1476 1481/1579/1476 1477/1580/1476
f 1480/1581/1476 1481/1579/1476 1478/1578/1476
f 1477/1577/1 1481/1576/1 1484/1575/1
f 1481/539/1477 1483/541/1477 1482/537/1477
f 1484/1575/1 1481/1576/1 1482/1582/1
f 1480/538/1477 1483/541/1477 1481/539/1477
f 1479/528/1478 1432/1532/1478 1484/527/1478
f 1484/1583/1479 1483/1584/1479 1479/1585/1479
f 1484/527/1480 1432/1532/1480 1477/532/1480
f 1482/1586/1479 1483/1584/1479 1484/1583/1479
f 1483/1582/118 1480/1576/118 1479/1575/118
f 1413/1505/1481 1417/1509/1481 1479/528/1481
f 1479/528/1478 1417/1509/1478 1432/1532/1478
f 1432/1532/1482 1476/1574/1482 1477/532/1482
f 1475/1573/1483 1476/1574/1483 1432/1532/1483
f 1475/1573/1484 1452/1541/1484 1456/1540/1484
f 1475/1573/1483 1432/1532/1483 1433/1531/1483
f 1433/1531/1415 1438/1537/1415 1475/1573/1415
f 1475/1573/1484 1438/1537/1484 1452/1541/1484
f 1407/1498/1485 1472/1567/1485 1471/1565/1485
f 1407/1498/1486 1410/1503/1486 1472/1567/1486
f 1471/1565/1487 1486/1587/1487 1485/1588/1487
f 1485/1588/1488 1407/1498/1488 1471/1565/1488
f 1466/1564/1489 1486/1587/1489 1471/1565/1489
f 1485/1588/1490 1486/1587/1490 895/1016/1490
f 1488/1589/118 895/1022/118 1486/1590/118
f 1462/1547/1491 1487/1591/1491 1486/1587/1491
f 1462/1547/1491 1486/1587/1491 1466/1564/1491
f 1487/1592/1492 1488/1593/1492 1486/1594/1492
f 1489/1595/1492 1488/1593/1492 1487/1592/1492
f 900/1596/1493 1488/1597/1493 1489/1598/1493
f 1490/1599/1493 1488/1597/1493 900/1596/1493
f 1490/1021/118 896/1020/118 1488/1589/118
f 1488/1589/118 896/1020/118 895/1022/118
f 1490/1600/1494 900/1024/1494 896/1023/1494
f 899/1022/1495 1489/1589/1495 1487/1590/1495
f 899/1022/1 900/1021/1 1489/1589/1
f 1459/1545/1496 899/1019/1496 1487/1591/1496
f 1459/1545/1497 1487/1591/1497 1462/1547/1497
f 895/1016/820 897/1017/820 1485/1588/820
f 1485/1588/1498 897/1017/1498 1491/1601/1498
f 1491/1601/1488 1407/1498/1488 1485/1588/1488
f 1491/1601/1499 897/1017/1499 885/1006/1499
f 1491/1601/800 885/1006/800 883/1009/800
f 883/1009/1500 1405/1496/1500 1491/1601/1500
f 1491/1601/1500 1405/1496/1500 1407/1498/1500
f 1467/1602/1465 1468/1571/1465 1464/1570/1465
f 902/1027/1501 903/1028/1501 1459/1545/1501
f 903/1028/1502 899/1019/1502 1459/1545/1502
f 902/1027/1503 1457/1544/1503 907/1032/1503
f 1457/1004/1504 1492/990/1504 907/1005/1504
f 1457/1004/1504 1454/1003/1504 1492/990/1504
f 1454/1003/1505 1493/991/1505 1492/990/1505
f 907/1005/829 1492/990/829 910/985/829
f 1492/990/1506 1494/989/1506 910/985/1506
f 1492/990/1506 1493/991/1506 1494/989/1506
f 910/985/1507 1494/989/1507 913/1034/1507
f 1493/991/1508 931/1043/1508 1494/989/1508
f 1494/989/1509 929/1041/1509 913/1034/1509
f 1494/989/1509 931/1043/1509 929/1041/1509
f 1454/1003/1505 941/992/1505 1493/991/1505
f 941/992/854 934/993/854 1493/991/854
f 1493/991/1508 934/993/1508 931/1043/1508
f 1435/1534/1510 1430/1529/1510 1495/1603/1510
f 1495/1603/1511 1496/1604/1511 1435/1534/1511
f 1435/1534/1512 1496/1604/1512 1343/1454/1512
f 1435/1534/1512 1343/1454/1512 1344/1453/1512
f 1497/1605/1513 1496/1604/1513 1495/1603/1513
f 1343/1454/1514 1496/1604/1514 1497/1605/1514
f 1497/1605/1515 1495/1603/1515 1498/490/1515
f 1498/1606/1516 1500/1607/1516 1497/1608/1516
f 1499/467/1517 1343/1454/1517 1497/1605/1517
f 1497/1609/1 1500/1610/1 1499/1611/1
f 1500/479/1518 1502/481/1518 1501/477/1518
f 1499/1611/1 1500/1610/1 1501/1612/1
f 1503/478/1518 1502/481/1518 1500/479/1518
f 1503/1613/1519 1500/1607/1519 1498/1606/1519
f 1502/1612/118 1503/1610/118 1347/1611/118
f 1347/1611/118 1503/1610/118 1498/1609/118
f 1501/1614/1520 1502/1615/1520 1499/1616/1520
f 1499/1616/1520 1502/1615/1520 1347/1617/1520
f 1347/472/1308 1343/1454/1308 1499/467/1308
f 1347/472/1521 1498/490/1521 1346/1456/1521
f 1498/490/1522 1420/1515/1522 1346/1456/1522
f 1498/490/1515 1495/1603/1515 1420/1515/1515
f 1423/1516/1523 1495/1603/1523 1430/1529/1523
f 1420/1515/1399 1495/1603/1399 1423/1516/1399
f 1346/1456/1524 1420/1515/1524 1349/1458/1524
f 1408/1501/1525 1362/1469/1525 1414/1513/1525
f 1358/1467/1526 1414/1513/1526 1362/1469/1526
f 1403/1492/1525 1362/1469/1525 1408/1501/1525
f 883/1004/1527 881/1002/1527 1405/1494/1527
f 1403/1492/1376 1361/1470/1376 1362/1469/1376
f 1262/1065/1371 1356/1062/1371 1260/1066/1371
f 1262/1065/1528 1263/1069/1528 1353/1070/1528
f 1353/1070/1528 1263/1069/1528 1273/1068/1528
f 1353/1070/1209 1273/1068/1209 1275/1131/1209
f 1504/1618/1529 1334/441/1529 1341/1452/1529
f 1504/1618/1530 1341/1452/1530 1279/1358/1530
f 1322/1418/1531 1334/441/1531 1504/1618/1531
f 1279/1358/1532 1322/1418/1532 1504/1618/1532
f 1023/1134/1533 1024/1135/1533 1331/1437/1533
f 1272/1127/1206 1270/1122/1206 1281/1125/1206
f 1265/1072/1534 1273/1068/1534 1263/1069/1534
f 1250/1098/1256 1267/1090/1256 1254/1093/1256
f 325/1356/1367 1256/1357/1367 331/1491/1367
f 1152/1193/118 1242/1191/118 1244/1192/118
f 300/891/1535 1152/867/1535 1244/871/1535
f 300/891/1190 1244/871/1190 305/888/1190
f 1242/1191/1085 1154/1194/1085 1157/1188/1085
f 1152/1193/118 1154/1194/118 1242/1191/118
f 1232/1114/1262 1239/1109/1262 1233/1111/1262
f 1171/1161/1181 1235/1159/1181 1236/1112/1181
f 1236/1112/1183 1160/1185/1183 1169/1170/1183
f 1236/1112/1103 1169/1170/1103 1171/1161/1103
f 1230/1157/1536 1235/1159/1536 1219/1155/1536
f 1219/1155/1536 1235/1159/1536 1173/1158/1536
f 1171/1161/1106 1173/1158/1106 1235/1159/1106
f 1219/1155/1175 1218/1154/1175 1230/1157/1175
f 1173/920/1537 1176/919/1537 1219/923/1537
f 1219/923/1538 1176/919/1538 1204/918/1538
f 1219/923/1539 1204/918/1539 1217/926/1539
f 1217/926/1540 1204/918/1540 1208/1330/1540
f 1212/1335/118 1214/1333/118 1208/1334/118
f 1210/1331/1541 1206/935/1541 1038/931/1541
f 1042/1327/1542 1207/1329/1542 1177/1272/1542
f 1177/1272/1543 1207/1329/1543 1198/1308/1543
f 1038/931/1544 1206/935/1544 1039/934/1544
f 1200/1316/118 1202/1313/118 1178/1314/118
f 1042/1327/1545 1177/1272/1545 1044/1164/1545
f 1160/1185/1100 1161/1184/1100 1169/1170/1100
f 337/870/1535 1152/867/1535 300/891/1535
f 1146/189/1079 1143/187/1079 1141/203/1079
f 1134/1204/1546 274/327/1546 275/326/1546
f 275/326/1547 1115/1180/1547 1134/1204/1547
f 272/324/1548 271/323/1548 1107/1233/1548
f 1086/1209/1549 1094/1215/1549 1105/1231/1549
f 1086/1209/1550 1105/1231/1550 189/225/1550
f 1105/1231/1551 1505/1619/1551 189/225/1551
f 1506/1620/1552 1505/1619/1552 1105/1231/1552
f 1507/1621/1553 1105/1231/1553 268/321/1553
f 1506/1620/1553 1105/1231/1553 1507/1621/1553
f 1508/1622/1554 1507/1621/1554 269/320/1554
f 1508/1623/118 1509/1624/118 1507/1625/118
f 1507/1621/1555 268/321/1555 269/320/1555
f 1507/1626/1556 1510/1627/1556 1506/1628/1556
f 1509/1629/1556 1510/1627/1556 1507/1626/1556
f 1510/1620/1557 1512/1622/1557 1511/1630/1557
f 1513/1623/1 1510/1624/1 1511/1631/1
f 1509/1621/1557 1512/1622/1557 1510/1620/1557
f 1506/1625/1 1510/1624/1 1513/1623/1
f 1508/1622/1558 190/226/1558 1513/1630/1558
f 1513/1628/1559 1512/1629/1559 1508/1626/1559
f 1513/1630/1560 190/226/1560 1506/1620/1560
f 1511/1627/1559 1512/1629/1559 1513/1628/1559
f 1512/1631/118 1509/1624/118 1508/1623/118
f 269/320/1561 194/231/1561 1508/1622/1561
f 1508/1622/1558 194/231/1558 190/226/1558
f 190/226/1562 1505/1619/1562 1506/1620/1562
f 189/225/110 1505/1619/110 190/226/110
f 1057/1177/1563 1056/1176/1563 1091/1212/1563
f 1079/1203/1564 1068/1190/1564 1065/1187/1564
f 1079/1203/1564 1073/1195/1564 1068/1190/1564
f 171/205/1565 172/206/1565 1077/1199/1565
f 166/198/1 1075/1197/1 167/199/1
f 172/206/989 167/199/989 1075/1197/989
f 994/1103/1 996/1105/1 1071/1192/1
f 996/1105/1 1067/1189/1 1071/1192/1
f 17/1632/1566 994/1633/1566 1071/1634/1566
f 21/1635/1567 1071/1634/1567 1070/1636/1567
f 17/1632/1567 1071/1634/1567 21/1635/1567
f 21/1635/1568 1070/1636/1568 25/1637/1568
f 25/1637/1568 1070/1636/1568 166/201/1568
f 998/1108/895 1067/1189/895 996/1105/895
f 1049/1170/977 1001/1110/977 1003/1112/977
f 1012/1122/1569 970/1072/1569 969/1071/1569
f 1012/1122/1569 982/1092/1569 970/1072/1569
f 13/1638/1570 993/1639/1570 994/1633/1570
f 13/1638/1566 994/1633/1566 17/1632/1566
f 977/1085/1 988/1098/1 993/1102/1
f 49/1640/1571 977/1087/1571 993/1641/1571
f 49/1642/1570 993/1639/1570 13/1638/1570
f 977/1085/1 984/1093/1 988/1098/1
f 977/1085/1 978/1084/1 984/1093/1
f 982/1092/886 972/1074/886 970/1072/886
f 43/1086/1571 977/1087/1571 49/1640/1571
f 957/1059/1 958/1060/1 964/1067/1
f 961/1064/868 953/1055/868 952/1054/868
f 26/1643/1572 955/1644/1572 957/1079/1572
f 26/1643/880 957/1079/880 32/1078/880
f 2/3/1 950/1053/1 955/1057/1
f 9/15/4 2/6/4 955/1644/4
f 9/15/1572 955/1644/1572 26/1643/1572
f 2/3/1 3/2/1 950/1053/1
f 4/8/1 935/1047/1 938/1048/1
f 937/995/852 5/9/852 938/1048/852
f 4/8/1 938/1048/1 5/9/1
f 1514/1479/1 935/1047/1 4/8/1
f 1514/1479/1 932/1045/1 935/1047/1
f 924/1037/1 927/1039/1 1514/1479/1
f 44/1645/1573 924/1646/1573 1514/1647/1573
f 1514/1479/1 927/1039/1 932/1045/1
f 44/1645/1574 1514/1647/1574 50/1648/1574
f 50/1648/1574 1514/1647/1574 4/11/1574
f 913/1034/836 929/1041/836 916/1036/836
f 1515/885/1 1516/884/1 925/886/1
f 33/1642/1575 1515/1633/1575 925/1639/1575
f 1516/884/1 922/887/1 925/886/1
f 38/1649/1576 925/1650/1576 924/1646/1576
f 33/1651/1576 925/1650/1576 38/1649/1576
f 1515/885/1 1517/882/1 1516/884/1
f 1518/894/1577 1516/884/1577 1517/882/1577
f 921/893/1578 922/887/1578 1516/884/1578
f 921/893/1579 1516/884/1579 1518/894/1579
f 1520/904/1580 921/893/1580 1518/894/1580
f 1518/894/1577 1517/882/1577 1519/883/1577
f 1521/895/1581 1518/894/1581 1519/883/1581
f 1520/904/1580 1518/894/1580 1521/895/1580
f 1522/903/1582 1520/904/1582 1521/895/1582
f 1522/903/1582 1521/895/1582 1523/901/1582
f 1523/901/1583 1521/895/1583 1524/896/1583
f 1521/895/1581 1519/883/1581 1524/896/1581
f 1527/897/1584 1524/896/1584 1525/881/1584
f 1524/896/1585 1526/879/1585 1525/881/1585
f 1524/896/1585 1519/883/1585 1526/879/1585
f 1523/901/1583 1524/896/1583 1527/897/1583
f 1528/902/1586 1523/901/1586 1527/897/1586
f 1528/902/1587 1527/897/1587 1529/900/1587
f 1529/900/1588 1527/897/1588 1530/898/1588
f 1527/897/1584 1525/881/1584 1530/898/1584
f 1529/900/1589 1530/898/1589 1531/899/1589
f 1531/899/1590 1530/898/1590 1532/1652/1590
f 1530/898/1591 1533/878/1591 1532/1652/1591
f 1530/898/1591 1525/881/1591 1533/878/1591
f 1525/881/1592 1535/877/1592 1533/878/1592
f 1532/1652/1593 1533/878/1593 1534/876/1593
f 1533/878/1594 1536/874/1594 1534/876/1594
f 1533/878/1594 1535/877/1594 1536/874/1594
f 1534/876/1595 1536/874/1595 1539/873/1595
f 1536/874/1596 1538/872/1596 1537/865/1596
f 1536/874/1596 1537/865/1596 1539/873/1596
f 1535/877/1597 1538/872/1597 1536/874/1597
f 1534/876/1595 1539/873/1595 1540/875/1595
f 1540/875/1598 1539/873/1598 1541/1653/1598
f 1539/873/1599 1537/865/1599 1542/755/1599
f 1539/873/1600 1542/755/1600 1541/1653/1600
f 1543/756/1 1544/753/1 1542/755/1
f 1543/756/1 1542/755/1 1537/865/1
f 1541/1653/1601 1542/755/1601 1544/753/1601
f 1545/754/1 1544/753/1 1543/756/1
f 1545/754/1 1546/752/1 1544/753/1
f 1547/751/1602 1544/753/1602 1546/752/1602
f 1541/1653/1601 1544/753/1601 1547/751/1601
f 1549/1654/1603 1541/1653/1603 1547/751/1603
f 1550/1655/1604 1547/751/1604 1548/749/1604
f 1547/751/1602 1546/752/1602 1548/749/1602
f 1549/1654/1603 1547/751/1603 1550/1655/1603
f 1551/1656/1605 1549/1654/1605 1550/1655/1605
f 1551/1656/1605 1550/1655/1605 1552/1657/1605
f 1552/1657/1606 1550/1655/1606 1553/750/1606
f 1550/1655/1604 1548/749/1604 1553/750/1604
f 1552/1657/1606 1553/750/1606 1554/1658/1606
f 1554/1658/1607 1553/750/1607 1555/745/1607
f 1553/750/1608 1556/747/1608 1555/745/1608
f 1553/750/1608 1548/749/1608 1556/747/1608
f 1555/745/1609 1556/747/1609 1558/746/1609
f 1548/749/1610 1557/757/1610 1556/747/1610
f 1556/747/1611 1557/757/1611 1559/763/1611
f 1556/747/1611 1559/763/1611 1558/746/1611
f 1561/758/1 1559/763/1 1557/757/1
f 1561/758/1 1560/765/1 1559/763/1
f 1558/746/1612 1559/763/1612 1560/765/1612
f 1562/794/1 1560/765/1 1561/758/1
f 45/195/1613 1562/193/1613 1561/192/1613
f 1561/758/1 1557/757/1 1545/754/1
f 51/200/1614 1561/192/1614 1545/196/1614
f 45/195/1614 1561/192/1614 51/200/1614
f 1563/793/1 1564/792/1 1562/794/1
f 39/191/1615 1563/1659/1615 1562/193/1615
f 1564/792/1 1565/767/1 1562/794/1
f 1562/794/1 1565/767/1 1560/765/1
f 39/191/1613 1562/193/1613 45/195/1613
f 1567/766/1616 1565/767/1616 1564/792/1616
f 1566/764/1617 1560/765/1617 1565/767/1617
f 1566/764/1617 1565/767/1617 1567/766/1617
f 1568/740/1618 1566/764/1618 1567/766/1618
f 1568/740/1618 1567/766/1618 1569/739/1618
f 1567/766/1619 1564/792/1619 1570/768/1619
f 1569/739/1620 1567/766/1620 1570/768/1620
f 1570/768/1621 1564/792/1621 1571/791/1621
f 1570/768/1621 1571/791/1621 1573/777/1621
f 1569/739/1620 1570/768/1620 1572/769/1620
f 1572/769/1622 1570/768/1622 1573/777/1622
f 1575/771/1623 1573/777/1623 1574/776/1623
f 1573/777/1624 1576/789/1624 1574/776/1624
f 1573/777/1624 1571/791/1624 1576/789/1624
f 1572/769/1622 1573/777/1622 1575/771/1622
f 1577/787/1 1576/789/1 1578/790/1
f 1574/776/1625 1576/789/1625 1577/787/1625
f 1578/790/1 1576/789/1 1571/791/1
f 1577/787/1 1578/790/1 1579/788/1
f 28/1660/1626 1579/1661/1626 1578/1662/1626
f 1578/790/1 1571/791/1 1563/793/1
f 34/1663/1627 1578/1662/1627 1563/1659/1627
f 28/1660/1627 1578/1662/1627 34/1663/1627
f 1579/788/1 1581/786/1 1577/787/1
f 1582/797/1 1580/796/1 1579/788/1
f 1579/788/1 1580/796/1 1581/786/1
f 23/1664/1628 1582/1665/1628 1579/1661/1628
f 23/1664/1626 1579/1661/1626 28/1660/1626
f 1582/797/1 55/66/1 1583/823/1
f 1583/823/1 1584/798/1 1582/797/1
f 19/1666/1629 55/67/1629 1582/1667/1629
f 1582/797/1 1584/798/1 1580/796/1
f 19/1668/1628 1582/1665/1628 23/1664/1628
f 1586/799/1630 1584/798/1630 1583/823/1630
f 1585/785/1631 1580/796/1631 1584/798/1631
f 1585/785/1631 1584/798/1631 1586/799/1631
f 1586/799/1630 1583/823/1630 1589/802/1630
f 1587/783/1632 1585/785/1632 1586/799/1632
f 1587/783/1632 1586/799/1632 1588/800/1632
f 1588/800/1633 1586/799/1633 1589/802/1633
f 1589/802/1634 1583/823/1634 1590/824/1634
f 1589/802/1634 1590/824/1634 1592/822/1634
f 1588/800/1633 1589/802/1633 1591/801/1633
f 1591/801/1635 1589/802/1635 1592/822/1635
f 1592/822/1636 1590/824/1636 56/65/1636
f 1592/822/1636 56/65/1636 59/72/1636
f 1591/801/1635 1592/822/1635 1593/569/1635
f 1593/569/1637 1592/822/1637 59/72/1637
f 1594/803/1638 1591/801/1638 1593/569/1638
f 1594/803/1639 1593/569/1639 1595/570/1639
f 1595/570/1640 1593/569/1640 62/73/1640
f 1593/569/1637 59/72/1637 62/73/1637
f 1596/804/1641 1594/803/1641 1595/570/1641
f 1597/572/1642 1595/570/1642 64/76/1642
f 1595/570/1640 62/73/1640 64/76/1640
f 1596/804/1641 1595/570/1641 1597/572/1641
f 1598/807/1643 1596/804/1643 1597/572/1643
f 1598/807/1644 1597/572/1644 1599/806/1644
f 1599/806/1645 1597/572/1645 1600/571/1645
f 1597/572/1642 64/76/1642 1600/571/1642
f 1599/806/1645 1600/571/1645 1601/573/1645
f 1601/573/1646 1600/571/1646 1602/568/1646
f 1600/571/1647 65/77/1647 1602/568/1647
f 1600/571/1647 64/76/1647 65/77/1647
f 1604/574/1648 1602/568/1648 1603/567/1648
f 1602/568/1649 67/79/1649 1603/567/1649
f 1602/568/1650 65/77/1650 67/79/1650
f 1601/573/1646 1602/568/1646 1604/574/1646
f 564/645/1651 1601/1669/1651 1604/1670/1651
f 564/645/1652 1604/1670/1652 1606/1671/1652
f 1606/1671/1653 1604/1670/1653 1605/1672/1653
f 1604/574/1648 1603/567/1648 1605/579/1648
f 546/614/429 548/616/429 1606/1671/429
f 1606/1671/1653 1605/1672/1653 546/614/1653
f 1606/1671/1654 548/616/1654 562/642/1654
f 1606/1671/1655 562/642/1655 564/645/1655
f 546/614/1656 1605/1672/1656 1607/1673/1656
f 1605/579/1657 1608/566/1657 1607/583/1657
f 1605/579/1657 1603/567/1657 1608/566/1657
f 1603/567/1658 1610/565/1658 1608/566/1658
f 1607/583/1659 1608/566/1659 1609/561/1659
f 1608/566/1660 1611/563/1660 1609/561/1660
f 1608/566/1660 1610/565/1660 1611/563/1660
f 1609/561/1661 1611/563/1661 1612/562/1661
f 1610/565/1662 1613/834/1662 1611/563/1662
f 1611/563/1663 81/98/1663 1612/562/1663
f 1611/563/1663 1613/834/1663 81/98/1663
f 1610/565/1662 68/80/1662 1613/834/1662
f 68/80/1664 70/82/1664 1613/834/1664
f 1613/834/1665 79/96/1665 81/98/1665
f 1613/834/1665 70/82/1665 79/96/1665
f 1609/561/1661 1612/562/1661 1614/559/1661
f 1614/559/1666 1612/562/1666 1615/835/1666
f 1612/562/1667 82/99/1667 1615/835/1667
f 1612/562/1667 81/98/1667 82/99/1667
f 1617/557/1668 1615/835/1668 1616/836/1668
f 1615/835/1669 85/101/1669 1616/836/1669
f 1615/835/1669 82/99/1669 85/101/1669
f 1614/559/1670 1615/835/1670 1617/557/1670
f 1618/560/1671 1614/559/1671 1617/557/1671
f 1618/560/1671 1617/557/1671 1619/558/1671
f 1619/558/1672 1617/557/1672 1620/860/1672
f 1617/557/1668 1616/836/1668 1620/860/1668
f 1619/558/1673 1620/860/1673 1621/556/1673
f 1621/556/1674 1620/860/1674 1622/838/1674
f 1620/860/1675 1623/837/1675 1622/838/1675
f 1620/860/1675 1616/836/1675 1623/837/1675
f 1622/838/1676 1623/837/1676 1624/839/1676
f 1623/837/1677 90/108/1677 1624/839/1677
f 1616/836/1678 88/106/1678 1623/837/1678
f 1623/837/1679 88/106/1679 90/108/1679
f 1625/840/1680 1624/839/1680 101/118/1680
f 1624/839/1681 99/117/1681 101/118/1681
f 1624/839/1682 90/108/1682 99/117/1682
f 1622/838/1676 1624/839/1676 1625/840/1676
f 1627/861/1683 1625/840/1683 1626/841/1683
f 1626/841/1684 1625/840/1684 1628/843/1684
f 1627/861/1683 1622/838/1683 1625/840/1683
f 1625/840/1680 101/118/1680 1628/843/1680
f 1626/841/1685 1628/843/1685 1629/842/1685
f 1629/842/1686 1628/843/1686 1630/845/1686
f 1628/843/1687 102/119/1687 1630/845/1687
f 1628/843/1688 101/118/1688 102/119/1688
f 1629/842/1686 1630/845/1686 1631/844/1686
f 1631/844/1689 1630/845/1689 1632/846/1689
f 1630/845/1690 104/121/1690 1632/846/1690
f 1630/845/1690 102/119/1690 104/121/1690
f 1635/848/1691 1632/846/1691 1633/421/1691
f 1632/846/1692 1634/419/1692 1633/421/1692
f 1632/846/1692 104/121/1692 1634/419/1692
f 1631/844/1693 1632/846/1693 1635/848/1693
f 1636/1674/1694 1635/1675/1694 441/465/1694
f 441/465/1695 1635/1675/1695 1637/1676/1695
f 1636/1674/1694 1631/1677/1694 1635/1675/1694
f 1635/848/1696 1633/421/1696 1637/847/1696
f 441/465/1697 1637/1676/1697 1640/1678/1697
f 1640/1678/1698 1637/1676/1698 1638/1679/1698
f 1637/847/1699 1639/420/1699 1638/422/1699
f 1637/847/1699 1633/421/1699 1639/420/1699
f 1641/1680/1700 425/438/1700 1640/1678/1700
f 1640/1678/1701 1638/1679/1701 1641/1680/1701
f 425/438/1702 1642/1681/1702 1640/1678/1702
f 1640/1678/1703 1642/1681/1703 436/460/1703
f 1640/1678/1704 436/460/1704 441/465/1704
f 428/440/1705 436/460/1705 1642/1681/1705
f 1642/1681/1706 425/438/1706 428/440/1706
f 1643/1682/1707 1644/1683/1707 1641/1680/1707
f 1641/1680/1708 1645/1684/1708 1643/1682/1708
f 1641/1680/1709 1644/1683/1709 425/438/1709
f 1641/1680/1708 1638/1679/1708 1645/1684/1708
f 1643/1682/1710 1645/1684/1710 1646/1685/1710
f 1645/423/1711 1648/414/1711 1646/415/1711
f 1638/422/1712 1647/416/1712 1645/423/1712
f 1645/423/1711 1647/416/1711 1648/414/1711
f 1646/415/1713 1648/414/1713 1649/360/1713
f 1647/416/1714 1650/352/1714 1648/414/1714
f 1648/414/1715 1651/353/1715 1649/360/1715
f 1648/414/1715 1650/352/1715 1651/353/1715
f 1649/360/1716 1651/353/1716 1652/354/1716
f 1651/353/1717 126/153/1717 1652/354/1717
f 1650/352/1718 123/149/1718 1651/353/1718
f 1651/353/1719 123/149/1719 126/153/1719
f 1654/357/1720 1652/354/1720 1653/355/1720
f 1652/354/1721 129/154/1721 1653/355/1721
f 1652/354/1721 126/153/1721 129/154/1721
f 1649/360/1716 1652/354/1716 1654/357/1716
f 1655/412/1722 1649/360/1722 1654/357/1722
f 1655/412/1723 1654/357/1723 1656/359/1723
f 1656/359/1724 1654/357/1724 1657/356/1724
f 1654/357/1720 1653/355/1720 1657/356/1720
f 1656/359/1725 1657/356/1725 1658/358/1725
f 1658/358/1726 1657/356/1726 1659/365/1726
f 1657/356/1727 138/164/1727 1659/365/1727
f 1657/356/1728 1653/355/1728 138/164/1728
f 1660/363/1729 1659/365/1729 144/170/1729
f 1659/365/1730 139/165/1730 144/170/1730
f 1659/365/1730 138/164/1730 139/165/1730
f 1658/358/1731 1659/365/1731 1660/363/1731
f 384/361/1732 1658/358/1732 1660/363/1732
f 384/361/1732 1660/363/1732 1661/362/1732
f 1661/362/1733 1660/363/1733 1662/308/1733
f 1660/363/1729 144/170/1729 1662/308/1729
f 1661/362/1734 1662/308/1734 1663/364/1734
f 1663/706/1735 1662/1686/1735 1664/1687/1735
f 1662/308/1736 145/171/1736 1664/306/1736
f 1662/308/1736 144/170/1736 145/171/1736
f 1663/706/1735 1664/1687/1735 1665/1688/1735
f 1665/1688/1737 1664/1687/1737 1666/1689/1737
f 1664/306/1738 147/173/1738 1666/307/1738
f 1664/306/1738 145/171/1738 147/173/1738
f 228/293/1739 1666/1689/1739 1667/1690/1739
f 1666/307/1740 1668/311/1740 1667/310/1740
f 1666/307/1740 147/173/1740 1668/311/1740
f 1665/1688/1741 1666/1689/1741 228/293/1741
f 1667/310/1742 1668/311/1742 1669/313/1742
f 147/173/73 148/174/73 1668/311/73
f 1668/311/1743 1670/314/1743 1669/313/1743
f 1668/311/1743 148/174/1743 1670/314/1743
f 1669/313/1744 1670/314/1744 178/212/1744
f 1670/314/1745 157/184/1745 178/212/1745
f 148/174/76 150/177/76 1670/314/76
f 1670/314/1745 150/177/1745 157/184/1745
f 1667/310/1746 1669/313/1746 1671/312/1746
f 1671/312/1747 1669/313/1747 179/211/1747
f 1669/313/1744 178/212/1744 179/211/1744
f 214/267/1748 1667/1690/1748 1671/1691/1748
f 214/267/1748 1671/1691/1748 212/265/1748
f 212/265/1749 1671/1691/1749 181/1692/1749
f 1671/312/1750 179/211/1750 181/214/1750
f 228/293/1751 1667/1690/1751 214/267/1751
f 228/293/1752 230/295/1752 1665/1688/1752
f 230/295/1753 1672/709/1753 1665/1688/1753
f 1665/1688/1754 1672/709/1754 1673/707/1754
f 1665/1688/1755 1673/707/1755 1663/706/1755
f 1676/1693/1756 1673/707/1756 1672/709/1756
f 1663/706/1757 1673/707/1757 1674/704/1757
f 1673/707/1758 1675/1694/1758 1674/704/1758
f 1676/1693/1759 1675/1694/1759 1673/707/1759
f 1676/1693/1760 1672/709/1760 1678/1695/1760
f 1677/1696/1761 1675/1694/1761 1676/1693/1761
f 1676/1280/1762 1680/1296/1762 1677/1278/1762
f 1678/1697/1 1679/1698/1 1676/1699/1
f 1679/1279/1763 1680/1296/1763 1676/1280/1763
f 1682/1700/1764 1680/1701/1764 1679/1702/1764
f 1680/1698/118 233/1697/118 1677/1699/118
f 1681/1703/1764 1680/1701/1764 1682/1700/1764
f 1681/1704/118 234/1705/118 1680/1698/118
f 1680/1698/118 234/1705/118 233/1697/118
f 1678/1697/1 1682/1704/1 1679/1698/1
f 231/1705/1 1682/1704/1 1678/1697/1
f 234/1289/1765 1682/1290/1765 231/1287/1765
f 1681/1288/1765 1682/1290/1765 234/1289/1765
f 1678/1695/1766 1672/709/1766 230/295/1766
f 1678/1695/1767 230/295/1767 231/296/1767
f 376/370/1768 1677/1696/1768 378/369/1768
f 376/370/1769 1683/1706/1769 1677/1696/1769
f 378/369/1770 1677/1696/1770 233/299/1770
f 1677/1696/1761 1683/1706/1761 1675/1694/1761
f 376/370/1771 1684/1707/1771 1683/1706/1771
f 1684/1708/118 1685/1709/118 1683/1710/118
f 1685/1310/1772 1686/1315/1772 1683/1311/1772
f 1683/1311/1772 1686/1315/1772 1675/1309/1772
f 1686/1709/1 1689/1708/1 1675/1710/1
f 1686/1711/1773 1688/1712/1773 1687/1713/1773
f 1687/1714/1 1690/1715/1 1686/1709/1
f 1685/1716/1773 1688/1712/1773 1686/1711/1773
f 1686/1709/1 1690/1715/1 1689/1708/1
f 382/374/1774 1689/1717/1774 1690/1718/1774
f 382/374/258 1690/1718/258 381/375/258
f 1690/1324/1775 1688/1321/1775 381/1323/1775
f 1687/1322/1775 1688/1321/1775 1690/1324/1775
f 1674/704/1776 1675/1694/1776 1689/1717/1776
f 1674/704/1777 1689/1717/1777 382/374/1777
f 381/1715/118 1688/1714/118 1684/1708/118
f 1684/1708/118 1688/1714/118 1685/1709/118
f 377/371/1778 381/375/1778 1684/1707/1778
f 377/371/1779 1684/1707/1779 376/370/1779
f 1663/706/1780 1674/704/1780 1661/1719/1780
f 1661/1719/1781 1674/704/1781 382/374/1781
f 1661/1719/1782 382/374/1782 384/376/1782
f 396/411/1783 1656/359/1783 1658/358/1783
f 396/411/1783 1658/358/1783 384/361/1783
f 1691/410/1784 1655/412/1784 1656/359/1784
f 1691/410/1784 1656/359/1784 396/411/1784
f 396/401/1785 397/403/1785 1691/1720/1785
f 1691/1720/1786 397/403/1786 1692/1721/1786
f 1691/1720/1787 1692/1721/1787 1693/1722/1787
f 1693/1723/1788 1655/412/1788 1691/410/1788
f 1693/1722/1789 1692/1721/1789 1694/1724/1789
f 1694/1724/1790 1695/1725/1790 1693/1722/1790
f 1693/1722/1791 1695/1725/1791 1696/1726/1791
f 1693/1722/1792 1696/1726/1792 1643/1682/1792
f 1643/1682/1793 1646/1685/1793 1693/1722/1793
f 1693/1723/1794 1646/415/1794 1655/412/1794
f 1696/1726/1795 1695/1725/1795 1698/1373/1795
f 1696/1726/1796 1697/1727/1796 1643/1682/1796
f 1696/1726/1797 418/431/1797 1697/1727/1797
f 1698/1373/1798 1699/1392/1798 1696/1726/1798
f 1696/1726/1799 1699/1392/1799 418/431/1799
f 1700/1393/1799 418/431/1799 1699/1392/1799
f 1699/1728/1800 1702/1729/1800 1700/1730/1800
f 1698/1731/1 1703/1732/1 1699/1733/1
f 1701/1734/1801 1702/1729/1801 1699/1728/1801
f 1699/1733/1 1703/1732/1 1701/1735/1
f 1705/1736/1802 1703/1737/1802 1704/1738/1802
f 1704/1738/1802 1703/1737/1802 1698/1739/1802
f 1703/1385/1803 1702/1386/1803 1701/1383/1803
f 1705/1384/1803 1702/1386/1803 1703/1385/1803
f 1700/1733/118 1705/1732/118 1704/1731/118
f 1702/1735/118 1705/1732/118 1700/1733/118
f 1704/1372/1804 1706/1740/1804 1700/1393/1804
f 1704/1372/1805 1707/1741/1805 1706/1740/1805
f 1698/1373/1806 1694/1724/1806 1704/1372/1806
f 1704/1372/1806 1694/1724/1806 1707/1741/1806
f 1708/1395/1807 1709/1394/1807 1707/1741/1807
f 1707/1741/1807 1694/1724/1807 1708/1395/1807
f 1709/1394/1808 1710/1742/1808 1707/1741/1808
f 1707/1741/1809 1710/1742/1809 401/409/1809
f 1706/1740/1810 1707/1741/1810 415/425/1810
f 415/425/1811 1707/1741/1811 401/409/1811
f 1709/1394/1812 399/406/1812 1710/1742/1812
f 1710/1742/1813 399/406/1813 401/409/1813
f 1708/1743/1814 1712/1744/1814 1709/1745/1814
f 1711/1342/1815 399/406/1815 1709/1394/1815
f 1709/1746/118 1713/1747/118 1711/1748/118
f 1712/1749/118 1713/1747/118 1709/1746/118
f 1713/1404/1816 1712/1409/1816 1714/1405/1816
f 1713/1750/1817 1714/1751/1817 1711/1752/1817
f 1716/1748/1 1714/1747/1 1708/1746/1
f 1708/1746/1 1714/1747/1 1715/1749/1
f 1714/1405/1816 1712/1409/1816 1715/1403/1816
f 1711/1752/1817 1714/1751/1817 1716/1753/1817
f 1708/1395/1818 1692/1721/1818 1716/1410/1818
f 1716/1410/1819 1692/1721/1819 397/403/1819
f 1716/1410/1820 397/403/1820 1711/1342/1820
f 1715/1754/1814 1712/1744/1814 1708/1743/1814
f 1711/1342/1820 397/403/1820 399/406/1820
f 1708/1395/1821 1694/1724/1821 1692/1721/1821
f 1700/1393/1822 1706/1740/1822 418/431/1822
f 418/431/1823 1706/1740/1823 415/425/1823
f 1698/1373/1824 1695/1725/1824 1694/1724/1824
f 1643/1682/1707 1697/1727/1707 1644/1683/1707
f 1697/1727/1825 1717/1415/1825 1644/1683/1825
f 418/431/1826 417/430/1826 1697/1727/1826
f 1697/1727/1827 417/430/1827 1717/1415/1827
f 1644/1683/1828 1717/1415/1828 427/439/1828
f 1717/1755/1 1719/1756/1 427/1757/1
f 417/430/1827 1718/1416/1827 1717/1415/1827
f 1718/1758/1829 1719/1759/1829 1717/1760/1829
f 427/1757/1 1719/1756/1 1720/1761/1
f 1722/1762/1829 1719/1759/1829 1718/1758/1829
f 1719/1429/1830 1721/1431/1830 1720/1427/1830
f 1722/1428/1830 1721/1431/1830 1719/1429/1830
f 1721/1761/118 1722/1756/118 426/1757/118
f 426/1757/118 1722/1756/118 1718/1755/118
f 427/1763/1831 1721/1764/1831 426/1765/1831
f 1720/1766/1831 1721/1764/1831 427/1763/1831
f 417/430/1832 426/437/1832 1718/1416/1832
f 1646/415/1713 1649/360/1713 1655/412/1713
f 1653/355/1833 136/161/1833 138/164/1833
f 1653/355/1833 129/154/1833 136/161/1833
f 1647/416/1714 1723/417/1714 1650/352/1714
f 1723/417/1834 122/148/1834 1650/352/1834
f 1650/352/1718 122/148/1718 123/149/1718
f 1639/420/1835 1724/418/1835 1723/417/1835
f 1639/420/1836 1723/417/1836 1647/416/1836
f 1724/418/1837 1725/351/1837 1723/417/1837
f 1723/417/1834 1725/351/1834 122/148/1834
f 1724/418/1837 110/127/1837 1725/351/1837
f 110/127/45 111/128/45 1725/351/45
f 1725/351/1838 120/146/1838 122/148/1838
f 1725/351/1838 111/128/1838 120/146/1838
f 1633/421/1839 1634/419/1839 1724/418/1839
f 1633/421/1839 1724/418/1839 1639/420/1839
f 1634/419/1840 110/127/1840 1724/418/1840
f 1638/422/1712 1639/420/1712 1647/416/1712
f 1644/1683/1841 427/439/1841 425/438/1841
f 441/465/323 442/466/323 1636/1674/323
f 1636/1674/1842 442/466/1842 1726/1767/1842
f 1636/1674/1843 1726/1767/1843 1727/1768/1843
f 1727/1768/1844 1631/1677/1844 1636/1674/1844
f 1727/1768/1845 1726/1767/1845 1728/1769/1845
f 1727/1768/1846 1728/1769/1846 476/524/1846
f 476/524/1847 1629/1770/1847 1727/1768/1847
f 1727/1768/1844 1629/1770/1844 1631/1677/1844
f 476/524/1848 1728/1769/1848 1729/1771/1848
f 1728/1769/1849 470/1516/1849 1729/1771/1849
f 444/468/1850 450/1605/1850 1728/1769/1850
f 1728/1769/1851 1726/1767/1851 444/468/1851
f 1728/1769/1852 450/1605/1852 451/490/1852
f 451/490/1852 455/491/1852 1728/1769/1852
f 1728/1769/1853 455/491/1853 470/1516/1853
f 1729/1771/1854 474/515/1854 476/524/1854
f 1729/1771/343 471/516/343 474/515/343
f 1729/1771/1855 470/1516/1855 471/516/1855
f 444/468/332 1726/1767/332 442/466/332
f 104/121/39 105/122/39 1634/419/39
f 1634/419/1840 105/122/1840 110/127/1840
f 476/524/1856 1626/1772/1856 1629/1770/1856
f 477/525/1857 1627/1773/1857 1626/1772/1857
f 1730/1774/1858 1621/1775/1858 1627/1773/1858
f 1621/556/1674 1622/838/1674 1627/861/1674
f 1730/1774/1859 1627/1773/1859 477/525/1859
f 1730/1774/1860 488/548/1860 1731/1776/1860
f 1731/1776/1861 1621/1775/1861 1730/1774/1861
f 477/525/1862 478/526/1862 1730/1774/1862
f 1730/1774/1863 478/526/1863 488/548/1863
f 1732/1777/1864 1733/1778/1864 1731/1776/1864
f 1731/1776/1865 1734/1779/1865 1732/1777/1865
f 1733/1778/1866 1619/1780/1866 1731/1776/1866
f 1731/1776/1867 488/548/1867 1734/1779/1867
f 1731/1776/1868 1619/1780/1868 1621/1775/1868
f 1735/1550/1869 1734/1779/1869 488/548/1869
f 1732/1777/1870 1734/1779/1870 1735/1550/1870
f 1735/1550/1871 488/548/1871 1738/1568/1871
f 1735/1550/1872 1736/1547/1872 1732/1777/1872
f 1735/1781/1 1737/1782/1 1736/1783/1
f 1738/1784/1873 1737/1785/1873 1735/1786/1873
f 1738/1568/1871 488/548/1871 489/547/1871
f 1738/1568/1874 489/547/1874 492/553/1874
f 1738/1568/1875 492/553/1875 1739/1564/1875
f 1739/1783/118 1740/1782/118 1738/1781/118
f 1740/1787/1873 1737/1785/1873 1738/1784/1873
f 1740/1560/1876 1741/1563/1876 1737/1561/1876
f 1741/1788/118 1740/1782/118 1739/1783/118
f 1742/1789/1877 1741/1790/1877 1736/1791/1877
f 1737/1561/1876 1741/1563/1876 1742/1559/1876
f 1736/1791/1877 1741/1790/1877 1739/1792/1877
f 1736/1783/1 1737/1782/1 1742/1788/1
f 1739/1564/1878 492/553/1878 1743/1793/1878
f 1739/1564/1879 1743/1793/1879 1736/1547/1879
f 1743/1793/1880 492/553/1880 493/552/1880
f 1732/1777/1879 1736/1547/1879 1743/1793/1879
f 1732/1777/1881 1743/1793/1881 1746/1794/1881
f 1743/1793/1881 1744/1795/1881 1746/1794/1881
f 1744/1795/1882 1743/1793/1882 1745/1796/1882
f 1745/1796/1883 1743/1793/1883 493/552/1883
f 1732/1777/1884 1746/1794/1884 1733/1778/1884
f 1733/1778/1885 1746/1794/1885 1747/1797/1885
f 1746/1794/1886 1748/1591/1886 1747/1797/1886
f 1746/1794/1887 1744/1795/1887 1748/1591/1887
f 1744/1795/1887 1749/1587/1887 1748/1591/1887
f 1749/1798/1888 1750/1799/1888 1748/1800/1888
f 1748/1801/1 1750/1802/1 533/1803/1
f 1747/1797/1889 1748/1591/1889 533/589/1889
f 1753/1804/1888 1750/1799/1888 1749/1798/1888
f 1750/1598/1890 1752/1599/1890 1751/1596/1890
f 533/1803/1 1750/1802/1 1751/1805/1
f 1753/1597/1890 1752/1599/1890 1750/1598/1890
f 534/1803/118 1753/1802/118 1749/1801/118
f 1752/1805/118 1753/1802/118 534/1803/118
f 1751/1806/1891 1752/1807/1891 533/1808/1891
f 533/1808/1891 1752/1807/1891 534/1809/1891
f 1744/1795/1892 534/591/1892 1749/1587/1892
f 1733/1778/1885 1747/1797/1885 1754/1810/1885
f 1754/1810/1893 1747/1797/1893 532/588/1893
f 1747/1797/1894 533/589/1894 532/588/1894
f 1754/1810/1895 1618/1811/1895 1733/1778/1895
f 1754/1810/1896 532/588/1896 1755/1812/1896
f 1755/1812/1897 1756/1813/1897 1754/1810/1897
f 1754/1810/1895 1756/1813/1895 1618/1811/1895
f 1756/564/1898 1614/559/1898 1618/560/1898
f 1607/583/1899 1609/561/1899 1756/564/1899
f 1756/564/1900 1609/561/1900 1614/559/1900
f 1755/1812/1901 1607/1673/1901 1756/1813/1901
f 1755/1812/1902 532/588/1902 544/612/1902
f 1755/1812/1903 544/612/1903 546/614/1903
f 546/614/1904 1607/1673/1904 1755/1812/1904
f 1745/1796/1905 528/585/1905 1744/1795/1905
f 1745/1796/1906 502/1814/1906 528/585/1906
f 1745/1796/375 493/552/375 497/555/375
f 497/555/1906 502/1814/1906 1745/1796/1906
f 535/592/1907 534/591/1907 1744/1795/1907
f 1744/1795/1905 528/585/1905 535/592/1905
f 1733/1778/1866 1618/1811/1866 1619/1780/1866
f 477/525/1908 1626/1772/1908 476/524/1908
f 1616/836/1909 85/101/1909 88/106/1909
f 1603/567/1658 67/79/1658 1610/565/1658
f 67/79/13 68/80/13 1610/565/13
f 577/814/1910 1601/573/1910 564/813/1910
f 577/814/1911 1599/806/1911 1601/573/1911
f 578/700/1912 1598/807/1912 1599/806/1912
f 578/700/1912 1599/806/1912 577/814/1912
f 591/699/1913 1757/697/1913 1598/807/1913
f 1757/697/1914 1596/804/1914 1598/807/1914
f 591/699/1913 1598/807/1913 578/700/1913
f 1760/701/1915 1758/698/1915 1757/697/1915
f 1758/698/1916 1759/808/1916 1757/697/1916
f 1757/697/1917 1759/808/1917 1596/804/1917
f 1760/701/1915 1757/697/1915 591/699/1915
f 591/376/1918 592/373/1918 1760/1719/1918
f 1760/1719/1919 592/373/1919 608/374/1919
f 1760/1719/1920 608/374/1920 609/706/1920
f 609/812/1921 1758/698/1921 1760/701/1921
f 1758/698/1922 1761/809/1922 1759/808/1922
f 1761/809/1923 1762/805/1923 1759/808/1923
f 1759/808/1924 1594/803/1924 1596/804/1924
f 1759/808/1924 1762/805/1924 1594/803/1924
f 1761/809/1923 1763/782/1923 1762/805/1923
f 1763/782/1925 1588/800/1925 1762/805/1925
f 1762/805/1926 1591/801/1926 1594/803/1926
f 1762/805/1926 1588/800/1926 1591/801/1926
f 1764/810/1927 1765/781/1927 1763/782/1927
f 1764/810/1928 1763/782/1928 1761/809/1928
f 1765/781/1929 1587/783/1929 1763/782/1929
f 1763/782/1925 1587/783/1925 1588/800/1925
f 1766/774/1930 1767/775/1930 1765/781/1930
f 1766/774/1930 1765/781/1930 1764/810/1930
f 1767/775/1931 1768/779/1931 1765/781/1931
f 1765/781/1932 1768/779/1932 1587/783/1932
f 1768/779/1933 1585/785/1933 1587/783/1933
f 1770/778/1934 1769/784/1934 1768/779/1934
f 1768/779/1935 1769/784/1935 1585/785/1935
f 1767/775/1931 1770/778/1931 1768/779/1931
f 1771/772/1936 1772/773/1936 1770/778/1936
f 1771/772/1937 1770/778/1937 1767/775/1937
f 1772/773/1938 1773/780/1938 1770/778/1938
f 1770/778/1939 1773/780/1939 1769/784/1939
f 1574/776/1625 1577/787/1625 1773/780/1625
f 1773/780/1940 1577/787/1940 1581/786/1940
f 1772/773/1938 1574/776/1938 1773/780/1938
f 1773/780/1940 1581/786/1940 1769/784/1940
f 1774/770/1941 1575/771/1941 1772/773/1941
f 1774/770/1941 1772/773/1941 1771/772/1941
f 1575/771/1623 1574/776/1623 1772/773/1623
f 1776/733/1942 1775/738/1942 1774/770/1942
f 1775/738/1943 1575/771/1943 1774/770/1943
f 1777/728/1944 1774/770/1944 1771/772/1944
f 1776/733/1942 1774/770/1942 1777/728/1942
f 1778/735/1945 1776/733/1945 1777/728/1945
f 1778/735/1946 1777/728/1946 1779/731/1946
f 1779/731/1947 1777/728/1947 1780/727/1947
f 1777/728/1944 1771/772/1944 1780/727/1944
f 1781/729/1948 1780/727/1948 1766/774/1948
f 1780/727/1949 1767/775/1949 1766/774/1949
f 1780/727/1949 1771/772/1949 1767/775/1949
f 1779/731/1947 1780/727/1947 1781/729/1947
f 1784/267/1950 1779/1690/1950 1781/1689/1950
f 1784/267/1950 1781/1689/1950 1782/293/1950
f 1782/293/1951 1781/1689/1951 1783/1687/1951
f 1781/729/1948 1766/774/1948 1783/730/1948
f 1782/293/1952 1785/292/1952 1784/267/1952
f 1785/292/1953 1786/268/1953 1784/267/1953
f 1784/267/1954 1786/268/1954 1787/266/1954
f 1784/267/1955 1787/266/1955 1788/265/1955
f 1788/265/1956 1779/1690/1956 1784/267/1956
f 1787/266/1957 1789/264/1957 1788/265/1957
f 1788/265/1958 1789/264/1958 1790/254/1958
f 1788/265/1958 1790/254/1958 1791/253/1958
f 1791/253/1959 1778/1691/1959 1788/265/1959
f 1788/265/1956 1778/1691/1956 1779/1690/1956
f 1791/253/1960 1790/254/1960 1792/252/1960
f 1791/253/1961 1792/252/1961 1793/219/1961
f 1793/219/1962 1794/1692/1962 1791/253/1962
f 1791/253/1959 1794/1692/1959 1778/1691/1959
f 1793/219/1962 1795/220/1962 1794/1692/1962
f 1795/1815/1963 1796/736/1963 1794/1816/1963
f 1794/1816/1964 1776/733/1964 1778/735/1964
f 1794/1816/1964 1796/736/1964 1776/733/1964
f 1795/1815/1963 1797/743/1963 1796/736/1963
f 1797/743/1965 1798/737/1965 1796/736/1965
f 1796/736/1966 1775/738/1966 1776/733/1966
f 1796/736/1967 1798/737/1967 1775/738/1967
f 1798/737/1968 1572/769/1968 1775/738/1968
f 1799/741/1969 1569/739/1969 1798/737/1969
f 1798/737/1970 1569/739/1970 1572/769/1970
f 1797/743/1965 1799/741/1965 1798/737/1965
f 1800/1817/1971 1801/744/1971 1799/741/1971
f 1800/1817/1971 1799/741/1971 1797/743/1971
f 1801/744/1972 1568/740/1972 1799/741/1972
f 1799/741/1969 1568/740/1969 1569/739/1969
f 1802/1818/1973 1803/748/1973 1801/744/1973
f 1802/1818/1973 1801/744/1973 1800/1817/1973
f 1803/748/1974 1804/742/1974 1801/744/1974
f 1801/744/1972 1804/742/1972 1568/740/1972
f 1803/748/1975 1555/745/1975 1804/742/1975
f 1555/745/1609 1558/746/1609 1804/742/1609
f 1804/742/1976 1566/764/1976 1568/740/1976
f 1804/742/1976 1558/746/1976 1566/764/1976
f 1805/1819/1977 1554/1658/1977 1803/748/1977
f 1805/1819/1977 1803/748/1977 1802/1818/1977
f 1554/1658/1607 1555/745/1607 1803/748/1607
f 1807/1820/1978 1806/1821/1978 1805/1819/1978
f 1806/1821/1979 1554/1658/1979 1805/1819/1979
f 1808/1822/1980 1805/1819/1980 1802/1818/1980
f 1807/1820/1978 1805/1819/1978 1808/1822/1978
f 1809/1207/1981 1807/1208/1981 1808/1210/1981
f 1809/1207/1981 1808/1210/1981 1811/1209/1981
f 1811/1209/1982 1808/1210/1982 1810/223/1982
f 1808/1822/1980 1802/1818/1980 1810/1823/1980
f 1812/225/1983 1813/1231/1983 1811/1209/1983
f 1811/1209/1982 1810/223/1982 1812/225/1982
f 1811/1209/1984 1813/1231/1984 1814/1215/1984
f 1811/1209/1985 1814/1215/1985 1809/1207/1985
f 1809/1207/1986 1814/1215/1986 1815/1214/1986
f 1816/1824/1987 1815/1214/1987 1814/1215/1987
f 1816/1824/1988 1814/1215/1988 1817/1825/1988
f 1817/1825/1989 1814/1215/1989 1813/1231/1989
f 1817/1826/1 1819/1827/1 1816/1828/1
f 1817/1825/1990 1813/1231/1990 1818/1829/1990
f 1818/1830/360 1819/1831/360 1817/1832/360
f 1819/1833/1991 1821/1834/1991 1820/1835/1991
f 1816/1828/1 1819/1827/1 1820/1836/1
f 1822/1837/1991 1821/1834/1991 1819/1833/1991
f 1822/1838/360 1819/1831/360 1818/1830/360
f 1821/1836/118 1822/1827/118 1823/1828/118
f 1823/1828/118 1822/1827/118 1818/1826/118
f 1824/323/1992 1825/1233/1992 1823/1839/1992
f 1823/1839/1993 1826/321/1993 1824/323/1993
f 1823/1839/1994 1825/1233/1994 1815/1214/1994
f 1818/1829/1995 1826/321/1995 1823/1839/1995
f 1823/1839/1994 1815/1214/1994 1816/1824/1994
f 1816/1840/1996 1821/1841/1996 1823/1842/1996
f 1826/321/1997 1813/1231/1997 1827/320/1997
f 1826/321/1998 1827/320/1998 1828/318/1998
f 1818/1829/1990 1813/1231/1990 1826/321/1990
f 1824/323/1999 1826/321/1999 1829/322/1999
f 1829/322/2000 1826/321/2000 1828/318/2000
f 1825/1233/2001 1824/323/2001 1829/322/2001
f 1830/324/2002 1825/1233/2002 1829/322/2002
f 1830/324/2003 1829/322/2003 1832/329/2003
f 1829/322/2004 1828/318/2004 1831/325/2004
f 1832/329/2003 1829/322/2003 1831/325/2003
f 1834/1242/2005 1830/324/2005 1832/329/2005
f 1832/1820/2006 1831/1822/2006 1833/1821/2006
f 1835/1843/2007 1832/1820/2007 1833/1821/2007
f 1834/1844/2008 1832/1820/2008 1835/1843/2008
f 1835/1843/2009 1838/1845/2009 1834/1844/2009
f 1835/1843/2010 1833/1821/2010 1836/1656/2010
f 1836/1656/2011 1837/1846/2011 1835/1843/2011
f 1835/1843/2011 1837/1846/2011 1838/1845/2011
f 1837/1846/2012 1839/1847/2012 1838/1845/2012
f 1838/1845/2012 1839/1847/2012 1840/1848/2012
f 1838/1845/2013 1840/1848/2013 1841/1849/2013
f 1834/1844/2014 1838/1845/2014 1841/1849/2014
f 1841/1849/2015 1840/1848/2015 1842/1850/2015
f 1841/1267/2016 1842/1266/2016 1843/1241/2016
f 1844/1239/2017 1841/1267/2017 1843/1241/2017
f 1834/1242/2017 1841/1267/2017 1844/1239/2017
f 1845/1238/2018 1846/1236/2018 1844/1239/2018
f 1844/1239/2019 1843/1241/2019 1845/1238/2019
f 1844/1239/2020 1846/1236/2020 1830/324/2020
f 1844/1239/2005 1830/324/2005 1834/1242/2005
f 1847/1851/2021 1851/1235/2021 1846/1236/2021
f 1847/1851/2022 1846/1236/2022 1848/1852/2022
f 1849/1212/2022 1848/1852/2022 1846/1236/2022
f 1846/1236/2023 1845/1238/2023 1850/1176/2023
f 1846/1236/2024 1851/1235/2024 1830/324/2024
f 1849/1212/2023 1846/1236/2023 1850/1176/2023
f 1852/1853/2025 1825/1233/2025 1851/1235/2025
f 1851/1235/2026 1825/1233/2026 1830/324/2026
f 1852/1853/2027 1851/1235/2027 1847/1851/2027
f 1852/1853/2028 1815/1214/2028 1825/1233/2028
f 1853/1854/2028 1815/1214/2028 1852/1853/2028
f 1847/1855/118 1854/1856/118 1852/1857/118
f 1852/1858/2029 1855/1859/2029 1853/1860/2029
f 1854/1861/2029 1855/1859/2029 1852/1858/2029
f 1853/1857/1 1855/1856/1 1848/1855/1
f 1848/1855/1 1855/1856/1 1856/1862/1
f 1855/1863/2030 1857/1864/2030 1856/1865/2030
f 1854/1866/2030 1857/1864/2030 1855/1863/2030
f 1848/1867/2031 1857/1868/2031 1847/1869/2031
f 1857/1862/118 1854/1856/118 1847/1855/118
f 1856/1870/2031 1857/1868/2031 1848/1867/2031
f 1853/1854/2032 1858/1213/2032 1815/1214/2032
f 1853/1854/2033 1848/1852/2033 1849/1212/2033
f 1849/1212/2034 1858/1213/2034 1853/1854/2034
f 1815/1214/2035 1858/1213/2035 1809/1207/2035
f 1809/1207/2036 1858/1213/2036 1849/1212/2036
f 1849/1212/2037 1850/1176/2037 1859/1177/2037
f 1859/1177/2038 1850/1176/2038 1860/1175/2038
f 1850/1176/2039 1861/1871/2039 1860/1175/2039
f 1850/1176/2040 1845/1238/2040 1861/1871/2040
f 1845/1238/2040 1862/1872/2040 1861/1871/2040
f 1862/1873/2041 1863/1874/2041 1861/1875/2041
f 1861/1876/1 1863/1877/1 1864/1878/1
f 1860/1175/2042 1861/1871/2042 1864/1879/2042
f 1860/1175/2043 1864/1879/2043 1865/1174/2043
f 1865/1174/2044 1864/1879/2044 1866/1243/2044
f 1864/1879/2044 1867/1880/2044 1866/1243/2044
f 1864/1881/2045 1869/1882/2045 1867/1883/2045
f 1868/1884/2045 1869/1882/2045 1864/1881/2045
f 1864/1878/1 1863/1877/1 1868/1885/1
f 1863/1886/2046 1869/1887/2046 1868/1888/2046
f 1870/1889/2046 1869/1887/2046 1863/1886/2046
f 1869/1885/118 1870/1877/118 1867/1878/118
f 1870/1890/2041 1863/1874/2041 1862/1873/2041
f 1867/1878/118 1870/1877/118 1862/1876/118
f 1866/1243/2047 1867/1880/2047 1871/1240/2047
f 1871/1240/2048 1867/1880/2048 1845/1238/2048
f 1845/1238/2049 1867/1880/2049 1862/1872/2049
f 1843/1241/2050 1866/1243/2050 1871/1240/2050
f 1845/1238/2019 1843/1241/2019 1871/1240/2019
f 1872/1891/2051 1865/1174/2051 1866/1243/2051
f 1872/1891/2051 1866/1243/2051 1873/1892/2051
f 1873/1892/2052 1866/1243/2052 1874/1263/2052
f 1843/1241/2053 1874/1263/2053 1866/1243/2053
f 1873/1892/2054 1874/1263/2054 1875/1893/2054
f 1875/1893/2055 1874/1263/2055 1877/1286/2055
f 1877/1286/2056 1874/1263/2056 1876/1264/2056
f 1876/1264/2057 1874/1263/2057 1843/1241/2057
f 1879/1275/2058 1878/1171/2058 1877/1286/2058
f 1881/1894/2059 1877/1286/2059 1878/1171/2059
f 1877/1286/2058 1880/1297/2058 1879/1275/2058
f 1880/1297/2060 1877/1286/2060 1882/1265/2060
f 1875/1893/2059 1877/1286/2059 1881/1894/2059
f 1882/1265/2061 1877/1286/2061 1876/1264/2061
f 1882/1265/2062 817/922/2062 1880/1297/2062
f 1882/1265/2063 1876/1264/2063 1883/1268/2063
f 1883/1268/2064 1884/1269/2064 1882/1265/2064
f 1882/1265/2064 1884/1269/2064 817/922/2064
f 1883/1895/2065 796/899/2065 1884/1896/2065
f 797/900/2066 1884/1896/2066 796/899/2066
f 812/915/727 817/924/727 1884/1896/727
f 812/915/2067 1884/1896/2067 797/900/2067
f 1883/1268/2063 1876/1264/2063 1842/1266/2063
f 1883/1895/2068 1842/1850/2068 1885/1897/2068
f 1885/1897/2065 796/899/2065 1883/1895/2065
f 1885/1897/2068 1842/1850/2068 1840/1848/2068
f 1885/1897/2069 1840/1848/2069 1886/1652/2069
f 1886/1652/2070 794/898/2070 1885/1897/2070
f 1885/1897/2070 794/898/2070 796/899/2070
f 1886/1652/2071 1839/1847/2071 779/878/2071
f 779/878/2072 782/881/2072 1886/1652/2072
f 1886/1652/2072 782/881/2072 794/898/2072
f 1886/1652/2069 1840/1848/2069 1839/1847/2069
f 1881/1894/2073 1878/1171/2073 1872/1891/2073
f 1872/1898/1 1889/1899/1 1881/1900/1
f 1881/1901/2074 1888/1902/2074 1875/1903/2074
f 1887/1904/2074 1888/1902/2074 1881/1901/2074
f 1881/1900/1 1889/1899/1 1887/1905/1
f 1873/1906/2075 1889/1907/2075 1872/1908/2075
f 1890/1909/2075 1889/1907/2075 1873/1906/2075
f 1889/1910/2076 1888/1911/2076 1887/1912/2076
f 1890/1913/2076 1888/1911/2076 1889/1910/2076
f 1875/1900/118 1890/1899/118 1873/1898/118
f 1888/1905/118 1890/1899/118 1875/1900/118
f 1880/1297/2077 1893/1914/2077 1891/1915/2077
f 1880/1297/2078 1891/1915/2078 1892/1916/2078
f 1879/1275/2078 1880/1297/2078 1892/1916/2078
f 1880/1297/2062 817/922/2062 1894/1270/2062
f 1894/1270/2079 1893/1914/2079 1880/1297/2079
f 816/921/2080 1893/1914/2080 1894/1270/2080
f 816/921/2081 1894/1270/2081 817/922/2081
f 816/921/2082 1895/1917/2082 1893/1914/2082
f 1896/1918/118 1893/1919/118 1895/1920/118
f 1896/1918/118 1891/1921/118 1893/1919/118
f 1897/715/2083 1896/717/2083 1898/716/2083
f 1900/1922/2084 1896/1923/2084 1897/1924/2084
f 1898/716/2083 1896/717/2083 1895/714/2083
f 1899/1925/2084 1896/1923/2084 1900/1922/2084
f 1899/1926/118 1891/1921/118 1896/1918/118
f 1901/1919/1 1900/1926/1 1897/1918/1
f 1899/725/2085 1900/1927/2085 1891/726/2085
f 1891/726/2086 1900/1927/2086 1892/724/2086
f 1892/1921/1 1900/1926/1 1901/1919/1
f 1904/1274/2080 1901/1928/2080 1902/1272/2080
f 1902/1272/2087 1901/1928/2087 1903/1329/2087
f 1901/1928/2088 1898/1929/2088 1903/1329/2088
f 1901/1919/1 1897/1918/1 1898/1920/1
f 1904/1274/2089 1892/1916/2089 1901/1928/2089
f 1905/1162/2090 1879/1275/2090 1904/1274/2090
f 1905/1162/2090 1904/1274/2090 1906/1164/2090
f 1879/1275/2091 1892/1916/2091 1904/1274/2091
f 1906/1164/2092 1904/1274/2092 1902/1272/2092
f 1906/1164/2093 1902/1272/2093 1907/1327/2093
f 1907/917/2094 1908/1896/2094 1906/924/2094
f 1906/1164/2095 1908/1163/2095 1909/1165/2095
f 1906/1164/2096 1909/1165/2096 1905/1162/2096
f 1908/1896/2097 1911/1897/2097 1909/1895/2097
f 1905/1162/2098 1909/1165/2098 1910/1168/2098
f 1909/1895/2099 1912/1848/2099 1910/1850/2099
f 1909/1895/2099 1911/1897/2099 1912/1848/2099
f 1910/1850/2100 1912/1848/2100 1913/1845/2100
f 1911/1897/2101 1914/1847/2101 1912/1848/2101
f 1912/1848/2102 1915/1846/2102 1913/1845/2102
f 1912/1848/2103 1914/1847/2103 1915/1846/2103
f 1914/1847/2104 1540/875/2104 1915/1846/2104
f 1913/1845/2105 1915/1846/2105 1551/1656/2105
f 1915/1846/2106 1549/1654/2106 1551/1656/2106
f 1915/1846/2106 1540/875/2106 1549/1654/2106
f 1532/1652/1593 1534/876/1593 1914/1847/1593
f 1914/1847/2104 1534/876/2104 1540/875/2104
f 1911/1897/2107 1532/1652/2107 1914/1847/2107
f 1910/1850/2100 1913/1845/2100 1916/1849/2100
f 1916/1849/2108 1913/1845/2108 1917/1843/2108
f 1913/1845/2105 1551/1656/2105 1917/1843/2105
f 1916/1849/2108 1917/1843/2108 1918/1844/2108
f 1918/1844/2109 1917/1843/2109 1806/1821/2109
f 1917/1843/2110 1552/1657/2110 1806/1821/2110
f 1917/1843/2110 1551/1656/2110 1552/1657/2110
f 1919/1173/2111 1916/1178/2111 1918/1179/2111
f 1919/1173/2112 1918/1179/2112 1859/1177/2112
f 1859/1177/2113 1918/1179/2113 1807/1208/2113
f 1918/1844/2109 1806/1821/2109 1807/1820/2109
f 1919/1173/2114 1860/1175/2114 1865/1174/2114
f 1919/1173/2115 1865/1174/2115 1920/1167/2115
f 1920/1167/2116 1916/1178/2116 1919/1173/2116
f 1859/1177/2038 1860/1175/2038 1919/1173/2038
f 1920/1167/2117 1865/1174/2117 1921/1172/2117
f 1920/1167/2118 1921/1172/2118 1905/1162/2118
f 1905/1162/2098 1910/1168/2098 1920/1167/2098
f 1920/1167/2116 1910/1168/2116 1916/1178/2116
f 1921/1172/2119 1865/1174/2119 1872/1891/2119
f 1905/1162/2120 1921/1172/2120 1878/1171/2120
f 1872/1891/2121 1878/1171/2121 1921/1172/2121
f 1908/1896/2097 1531/899/2097 1911/1897/2097
f 1531/899/1590 1532/1652/1590 1911/1897/1590
f 1922/915/2122 1531/899/2122 1908/1896/2122
f 1907/917/2094 1922/915/2094 1908/1896/2094
f 828/916/2123 1922/915/2123 1907/917/2123
f 828/916/2123 1923/914/2123 1922/915/2123
f 1923/914/2124 1529/900/2124 1922/915/2124
f 1922/915/2122 1529/900/2122 1531/899/2122
f 830/1489/2125 1924/913/2125 1923/914/2125
f 830/1489/2125 1923/914/2125 828/916/2125
f 1924/913/2126 1528/902/2126 1923/914/2126
f 1923/914/2124 1528/902/2124 1529/900/2124
f 844/975/2127 1924/913/2127 830/1489/2127
f 844/975/2128 1925/1488/2128 1924/913/2128
f 1925/1488/2129 1926/912/2129 1924/913/2129
f 1924/913/2126 1926/912/2126 1528/902/2126
f 1926/912/2130 1523/901/2130 1528/902/2130
f 1927/911/2131 1522/903/2131 1926/912/2131
f 1926/912/2132 1522/903/2132 1523/901/2132
f 1925/1488/2133 1927/911/2133 1926/912/2133
f 1928/976/2134 1929/1487/2134 1927/911/2134
f 1928/976/2135 1927/911/2135 1925/1488/2135
f 1929/1487/2136 1930/909/2136 1927/911/2136
f 1927/911/2131 1930/909/2131 1522/903/2131
f 1929/1487/2136 915/910/2136 1930/909/2136
f 915/910/837 918/905/837 1930/909/837
f 1930/909/2137 1520/904/2137 1522/903/2137
f 1930/909/2137 918/905/2137 1520/904/2137
f 1931/978/2138 912/980/2138 1929/1487/2138
f 1931/978/2138 1929/1487/2138 1928/976/2138
f 912/980/2139 915/910/2139 1929/1487/2139
f 1932/1930/2140 909/1033/2140 1931/1931/2140
f 909/984/830 912/980/830 1931/978/830
f 1933/979/2141 1931/978/2141 1928/976/2141
f 1932/1930/2140 1931/1931/2140 1933/1932/2140
f 845/956/2142 846/957/2142 1933/1932/2142
f 1933/979/2143 1928/976/2143 845/977/2143
f 1933/1932/2144 846/957/2144 851/964/2144
f 851/964/2145 1934/1933/2145 1933/1932/2145
f 1933/1932/2146 1934/1933/2146 1935/1934/2146
f 1933/1932/2146 1935/1934/2146 1932/1930/2146
f 1934/1933/2147 1937/644/2147 1935/1934/2147
f 1932/1930/2148 1935/1934/2148 1936/1935/2148
f 1935/1934/2149 1938/617/2149 1936/1935/2149
f 1935/1934/2150 1937/644/2150 1938/617/2150
f 1938/617/2151 1939/620/2151 888/1011/2151
f 1936/1935/2151 1938/617/2151 888/1011/2151
f 1938/1936/2152 1941/1937/2152 1939/1938/2152
f 1937/1939/1 1942/1940/1 1938/1941/1
f 1940/1942/2152 1941/1937/2152 1938/1936/2152
f 1938/1941/1 1942/1940/1 1940/1943/1
f 1942/635/2153 1941/636/2153 1940/633/2153
f 1943/634/2153 1941/636/2153 1942/635/2153
f 1943/1944/2154 1942/1945/2154 1944/1946/2154
f 1944/1946/2154 1942/1945/2154 1937/1947/2154
f 1945/1948/2155 1939/620/2155 1944/626/2155
f 1945/1948/2156 1944/626/2156 1937/644/2156
f 1939/1941/118 1943/1940/118 1944/1939/118
f 1934/1933/2156 1945/1948/2156 1937/644/2156
f 852/965/2157 1945/1948/2157 1934/1933/2157
f 1945/1948/2158 852/965/2158 860/974/2158
f 860/974/2159 865/986/2159 1945/1948/2159
f 1945/1948/2159 865/986/2159 1946/1949/2159
f 1946/1949/2160 1939/620/2160 1945/1948/2160
f 888/1011/2161 1939/620/2161 1946/1949/2161
f 888/1011/2162 1946/1949/2162 865/986/2162
f 1941/1943/118 1943/1940/118 1939/1941/118
f 1932/1930/2163 1936/1935/2163 905/1029/2163
f 905/1029/2164 1936/1935/2164 906/1030/2164
f 1947/611/2165 906/1030/2165 1936/1935/2165
f 1948/594/2166 1936/1935/2166 888/1011/2166
f 1947/611/2166 1936/1935/2166 1948/594/2166
f 1948/594/2167 887/1012/2167 892/590/2167
f 892/1950/118 1949/1951/118 1948/1952/118
f 1948/594/2168 888/1011/2168 887/1012/2168
f 1948/1953/2169 1950/1954/2169 1947/1955/2169
f 1949/1956/2169 1950/1954/2169 1948/1953/2169
f 1947/1952/1 1950/1951/1 893/1950/1
f 893/1950/1 1950/1951/1 1951/1957/1
f 1950/604/2170 1952/606/2170 1951/602/2170
f 1949/603/2170 1952/606/2170 1950/604/2170
f 1951/1958/2171 1952/1959/2171 893/1960/2171
f 893/1960/2171 1952/1959/2171 892/1961/2171
f 1952/1957/118 1949/1951/118 892/1950/118
f 893/593/2172 906/1030/2172 1947/611/2172
f 851/964/2157 852/965/2157 1934/1933/2157
f 905/1029/2173 909/1033/2173 1932/1930/2173
f 845/977/2174 1928/976/2174 1925/1488/2174
f 845/977/2174 1925/1488/2174 844/975/2174
f 1907/1327/2175 1902/1272/2175 1903/1329/2175
f 1907/1327/2176 1903/1329/2176 828/934/2176
f 1878/1171/2177 1879/1275/2177 1905/1162/2177
f 828/934/2178 1903/1329/2178 1953/1326/2178
f 1903/1329/2179 1954/1962/2179 1953/1326/2179
f 1903/1329/2180 1898/1929/2180 1954/1962/2180
f 1953/1326/2181 1954/1962/2181 1956/1963/2181
f 1955/1964/2182 1954/1962/2182 1895/1917/2182
f 1955/1965/2183 1957/1966/2183 1954/1967/2183
f 1895/1917/2182 1954/1962/2182 1898/1929/2182
f 1957/1968/1 1956/1969/1 1954/1970/1
f 1957/1971/2184 1959/1972/2184 1958/1973/2184
f 1958/1974/1 826/1975/1 1957/1968/1
f 1957/1968/1 826/1975/1 1956/1969/1
f 1960/1976/2184 1959/1972/2184 1957/1971/2184
f 1960/1977/2183 1957/1966/2183 1955/1965/2183
f 819/1969/118 1959/1974/118 1960/1968/118
f 819/1969/118 1960/1968/118 1955/1970/118
f 826/1978/2185 1959/1979/2185 821/1980/2185
f 821/1975/118 1959/1974/118 819/1969/118
f 1958/1981/2185 1959/1979/2185 826/1978/2185
f 829/935/2186 1956/1963/2186 826/929/2186
f 1953/1326/2187 1956/1963/2187 829/935/2187
f 815/919/2188 1955/1964/2188 1895/1917/2188
f 819/925/2189 1955/1964/2189 815/919/2189
f 1953/1326/2190 829/935/2190 828/934/2190
f 815/919/2191 1895/1917/2191 816/921/2191
f 1843/1241/2016 1842/1266/2016 1876/1264/2016
f 1809/1207/2192 1849/1212/2192 1859/1177/2192
f 1859/1177/2193 1807/1208/2193 1809/1207/2193
f 1837/1846/2194 777/876/2194 1839/1847/2194
f 779/878/2071 1839/1847/2071 777/876/2071
f 776/875/2195 777/876/2195 1837/1846/2195
f 1836/1656/2196 776/875/2196 1837/1846/2196
f 1961/1654/2196 776/875/2196 1836/1656/2196
f 1836/1656/2010 1833/1821/2010 1962/1657/2010
f 1836/1656/2197 1962/1657/2197 1961/1654/2197
f 1833/1821/2198 1964/1819/2198 1962/1657/2198
f 1962/1657/2199 1965/1658/2199 1963/1655/2199
f 1961/1654/2197 1962/1657/2197 1963/1655/2197
f 1962/1657/2200 1964/1819/2200 1965/1658/2200
f 1965/1658/2201 1966/1818/2201 644/748/2201
f 1965/1658/524 644/748/524 645/750/524
f 1964/1819/2201 1966/1818/2201 1965/1658/2201
f 1963/1655/2202 1965/1658/2202 645/750/2202
f 1967/1817/2203 644/748/2203 1966/1818/2203
f 1967/1817/2204 1966/1818/2204 1969/1982/2204
f 1969/1982/2204 1966/1818/2204 1968/1823/2204
f 1964/1819/2205 1968/1823/2205 1966/1818/2205
f 1972/317/2206 1970/1983/2206 1969/315/2206
f 1969/315/2206 1970/1983/2206 1971/316/2206
f 1969/1982/2207 1971/1815/2207 1967/1817/2207
f 1969/315/2208 1968/319/2208 1972/317/2208
f 1972/317/2208 1968/319/2208 1828/318/2208
f 1972/317/2209 1828/318/2209 1973/231/2209
f 1973/231/2210 1974/230/2210 1972/317/2210
f 1972/317/2211 1974/230/2211 1970/1983/2211
f 1976/1984/2212 1974/230/2212 1975/227/2212
f 1977/1985/2213 1975/227/2213 1974/230/2213
f 1974/230/2214 1976/1984/2214 1970/1983/2214
f 1977/1985/2215 1974/230/2215 1973/231/2215
f 1979/1986/2213 1975/227/2213 1977/1985/2213
f 1973/231/2216 1978/1987/2216 1977/1985/2216
f 1978/1988/118 1980/1989/118 1977/1990/118
f 1977/1842/2217 1981/1991/2217 1979/1840/2217
f 1980/1841/2217 1981/1991/2217 1977/1842/2217
f 1981/1992/2218 1983/1993/2218 1982/1994/2218
f 1984/1988/1 1981/1989/1 1982/1995/1
f 1980/1996/2218 1983/1993/2218 1981/1992/2218
f 1979/1990/1 1981/1989/1 1984/1988/1
f 1984/1997/2219 1986/1619/2219 1985/226/2219
f 1984/1997/2220 1985/226/2220 1979/1986/2220
f 1978/1987/2221 1986/1619/2221 1984/1997/2221
f 1984/1832/2222 1983/1838/2222 1978/1830/2222
f 1982/1831/2222 1983/1838/2222 1984/1832/2222
f 1987/222/2223 1985/226/2223 1986/1619/2223
f 1987/222/2223 1986/1619/2223 1812/225/2223
f 1812/225/2224 1986/1619/2224 1813/1231/2224
f 1827/320/1997 1813/1231/1997 1986/1619/1997
f 1978/1987/2221 1827/320/2221 1986/1619/2221
f 1793/219/2225 1988/228/2225 1987/222/2225
f 1987/222/2226 1988/228/2226 1975/227/2226
f 1975/227/2227 1985/226/2227 1987/222/2227
f 1812/225/2228 1989/221/2228 1987/222/2228
f 1987/222/2229 1989/221/2229 1795/220/2229
f 1987/222/2229 1795/220/2229 1793/219/2229
f 1989/1982/2230 1797/743/2230 1795/1815/2230
f 1810/1823/2231 1800/1817/2231 1989/1982/2231
f 1989/1982/2230 1800/1817/2230 1797/743/2230
f 1812/225/2232 1810/223/2232 1989/221/2232
f 1975/227/2212 1988/228/2212 1976/1984/2212
f 1792/252/2233 1990/1998/2233 1988/228/2233
f 1988/228/2234 1990/1998/2234 1991/1999/2234
f 1988/228/2235 1991/1999/2235 1992/2000/2235
f 1976/1984/2235 1988/228/2235 1992/2000/2235
f 1793/219/2236 1792/252/2236 1988/228/2236
f 1991/1860/2237 1995/1861/2237 1992/1858/2237
f 1976/1984/2238 1992/2000/2238 1993/251/2238
f 1993/251/2239 1992/2000/2239 1994/2001/2239
f 1992/2002/118 1995/2003/118 1994/2004/118
f 1996/1859/2237 1995/1861/2237 1991/1860/2237
f 1998/2005/2240 1995/2006/2240 1996/2007/2240
f 1997/2008/2240 1995/2006/2240 1998/2005/2240
f 1994/2004/118 1995/2003/118 1997/2009/118
f 1996/2003/1 1991/2002/1 1998/2009/1
f 1998/2009/1 1991/2002/1 1990/2004/1
f 1998/2009/1 1990/2004/1 2000/2010/1
f 1997/1868/2241 1998/1870/2241 1999/1869/2241
f 1999/1869/2241 1998/1870/2241 2000/1867/2241
f 2001/2011/2242 1999/2012/2242 2000/2013/2242
f 2001/2011/2242 2000/2013/2242 2002/2014/2242
f 2002/2014/2243 2000/2013/2243 1790/254/2243
f 1790/254/2244 2000/2013/2244 1792/252/2244
f 1792/252/2245 2000/2013/2245 1990/1998/2245
f 2002/2014/2246 1789/264/2246 2003/2015/2246
f 2003/2016/1 2004/2017/1 2002/2018/1
f 2002/2014/2247 1790/254/2247 1789/264/2247
f 2002/1875/2248 2005/1890/2248 2001/1873/2248
f 2004/1874/2248 2005/1890/2248 2002/1875/2248
f 2007/2019/118 2006/2020/118 2005/2017/118
f 2005/2017/118 2006/2020/118 2009/2016/118
f 2005/2017/118 2009/2016/118 2001/2018/118
f 2008/2021/2249 2005/2022/2249 2004/2023/2249
f 2007/2024/2249 2005/2022/2249 2008/2021/2249
f 2010/2025/2250 2001/2011/2250 2009/2026/2250
f 2010/2025/2251 2009/2026/2251 2011/270/2251
f 2011/270/2252 2009/2026/2252 2012/272/2252
f 2012/272/2253 2009/2026/2253 2006/2027/2253
f 2012/272/2254 2006/2027/2254 2013/2028/2254
f 2013/2028/2254 1786/268/2254 2012/272/2254
f 2012/272/2255 1786/268/2255 2014/290/2255
f 2011/270/2256 2012/272/2256 629/302/2256
f 629/302/2257 2012/272/2257 624/301/2257
f 624/301/2258 2012/272/2258 2014/290/2258
f 1786/268/2255 1785/292/2255 2014/290/2255
f 2017/2029/2259 2014/290/2259 1785/292/2259
f 2015/2030/2260 2016/297/2260 2014/290/2260
f 2015/2030/2259 2014/290/2259 2017/2029/2259
f 624/301/2261 2014/290/2261 2016/297/2261
f 2018/1907/2262 2019/1909/2262 2017/1908/2262
f 2017/2031/1 2020/2032/1 2018/2033/1
f 2017/1908/2262 2019/1909/2262 2015/1906/2262
f 2021/2034/1 2020/2032/1 2017/2031/1
f 2017/2029/2263 1785/292/2263 2021/2035/2263
f 2022/2036/2264 2021/2035/2264 620/295/2264
f 2022/1903/2265 2020/1904/2265 2021/1901/2265
f 2021/2035/2266 2023/294/2266 620/295/2266
f 2021/2035/2267 1785/292/2267 2023/294/2267
f 620/295/2268 2023/294/2268 1782/293/2268
f 1782/293/2269 2023/294/2269 1785/292/2269
f 620/295/2264 621/300/2264 2022/2036/2264
f 2022/2036/2270 621/300/2270 2016/297/2270
f 2022/2036/2271 2016/297/2271 2015/2030/2271
f 2015/2031/118 2024/2032/118 2022/2034/118
f 2024/1902/2272 2020/1904/2272 2022/1903/2272
f 2024/2037/2273 2019/2038/2273 2020/2039/2273
f 2019/2033/118 2024/2032/118 2015/2031/118
f 2020/2039/2273 2019/2038/2273 2018/2040/2273
f 2016/297/2274 621/300/2274 624/301/2274
f 2013/2028/2275 1787/266/2275 1786/268/2275
f 2006/1883/2276 2008/1884/2276 2013/1881/2276
f 2003/2015/2277 1787/266/2277 2013/2028/2277
f 2013/2020/1 2008/2019/1 2003/2016/1
f 2010/2025/2278 2011/270/2278 2025/2041/2278
f 2025/2041/2279 2011/270/2279 629/302/2279
f 630/734/2280 2026/2042/2280 2025/2041/2280
f 2025/2041/2280 2026/2042/2280 2027/2043/2280
f 2025/2041/2281 2027/2043/2281 2010/2025/2281
f 2025/2041/511 629/302/511 630/734/511
f 2026/2042/2282 1971/316/2282 2027/2043/2282
f 2010/2025/2281 2027/2043/2281 2028/2044/2281
f 2027/2043/2283 1993/251/2283 2028/2044/2283
f 2027/2043/2282 1971/316/2282 1970/1983/2282
f 1970/1983/2284 1976/1984/2284 2027/2043/2284
f 2027/2043/2285 1976/1984/2285 1993/251/2285
f 2028/2044/2286 2001/2011/2286 2010/2025/2286
f 2028/2044/2287 1999/2012/2287 2001/2011/2287
f 1993/251/2288 1994/2001/2288 2028/2044/2288
f 2028/2044/2289 1994/2001/2289 1999/2012/2289
f 632/736/2290 638/743/2290 2026/1816/2290
f 630/735/2291 632/736/2291 2026/1816/2291
f 2026/1816/2292 638/743/2292 1971/1815/2292
f 2007/1882/2276 2008/1884/2276 2006/1883/2276
f 2003/2016/1 2008/2019/1 2004/2017/1
f 2003/2015/2251 1789/264/2251 1787/266/2251
f 1994/2004/118 1997/2009/118 1999/2010/118
f 1979/1986/2293 1985/226/2293 1975/227/2293
f 1983/1995/118 1980/1989/118 1978/1988/118
f 1973/231/2294 1827/320/2294 1978/1987/2294
f 1973/231/2295 1828/318/2295 1827/320/2295
f 1967/1817/2296 1971/1815/2296 638/743/2296
f 1831/325/2004 1828/318/2004 1968/319/2004
f 1831/1822/2205 1968/1823/2205 1964/1819/2205
f 1967/1817/519 638/743/519 639/744/519
f 639/744/2297 644/748/2297 1967/1817/2297
f 1833/1821/2298 1831/1822/2298 1964/1819/2298
f 1963/1655/525 645/750/525 648/751/525
f 2029/1653/2299 1963/1655/2299 648/751/2299
f 1961/1654/2299 1963/1655/2299 2029/1653/2299
f 2029/1653/2300 774/873/2300 1961/1654/2300
f 2029/1653/529 648/751/529 650/755/529
f 650/755/2301 769/865/2301 2029/1653/2301
f 2029/1653/2301 769/865/2301 774/873/2301
f 1961/1654/2300 774/873/2300 776/875/2300
f 1820/1991/1996 1821/1841/1996 1816/1840/1996
f 1810/1823/2302 1802/1818/2302 1800/1817/2302
f 1806/1821/2303 1552/1657/2303 1554/1658/2303
f 1782/293/1951 1783/1687/1951 2030/1688/1951
f 2030/1688/2304 1783/1687/2304 2031/1686/2304
f 1783/730/2305 1764/810/2305 2031/811/2305
f 1783/730/2305 1766/774/2305 1764/810/2305
f 2030/1688/2306 2031/1686/2306 609/706/2306
f 609/812/2307 2031/811/2307 1758/698/2307
f 2031/811/2308 1761/809/2308 1758/698/2308
f 2031/811/2308 1764/810/2308 1761/809/2308
f 609/706/2309 612/709/2309 2030/1688/2309
f 2030/1688/2310 612/709/2310 620/295/2310
f 2030/1688/2311 620/295/2311 1782/293/2311
f 1775/738/1943 1572/769/1943 1575/771/1943
f 1769/784/2312 1580/796/2312 1585/785/2312
f 1769/784/2312 1581/786/2312 1580/796/2312
f 55/66/1 56/65/1 1590/824/1
f 55/66/1 1590/824/1 1583/823/1
f 1563/793/1 1571/791/1 1564/792/1
f 1558/746/1612 1560/765/1612 1566/764/1612
f 34/1663/1615 1563/1659/1615 39/191/1615
f 1545/754/1 1557/757/1 1546/752/1
f 1548/749/1610 1546/752/1610 1557/757/1610
f 1540/875/2313 1541/1653/2313 1549/1654/2313
f 14/1637/2314 1545/196/2314 1543/201/2314
f 51/200/2314 1545/196/2314 14/1637/2314
f 1543/756/1 1537/865/1 2032/864/1
f 14/1637/2315 1543/201/2315 18/1635/2315
f 18/1635/2315 1543/201/2315 2032/1636/2315
f 2033/869/1 2034/868/1 2032/864/1
f 2032/864/1 1538/872/1 2033/869/1
f 22/1632/2316 2032/1636/2316 2034/1634/2316
f 2032/864/1 1537/865/1 1538/872/1
f 18/1635/2316 2032/1636/2316 22/1632/2316
f 2033/869/1 2035/880/1 2034/868/1
f 2034/868/1 2035/880/1 1517/882/1
f 2034/868/1 1517/882/1 1515/885/1
f 27/1638/2317 2034/1634/2317 1515/1633/2317
f 22/1632/2317 2034/1634/2317 27/1638/2317
f 1519/883/2318 1517/882/2318 2035/880/2318
f 1519/883/2319 2035/880/2319 1526/879/2319
f 1526/879/2320 2035/880/2320 2033/869/2320
f 1535/877/1597 2033/869/1597 1538/872/1597
f 1526/879/2320 2033/869/2320 1535/877/2320
f 1525/881/1592 1526/879/1592 1535/877/1592
f 918/905/840 921/893/840 1520/904/840
f 27/1638/1575 1515/1633/1575 33/1642/1575
f 38/1649/1573 924/1646/1573 44/1645/1573
f 893/593/2321 890/1014/2321 906/1030/2321
f 830/2045/2322 833/939/2322 844/955/2322
f 825/2046/754 842/954/754 824/947/754
f 836/2047/751 837/950/751 834/949/751
f 830/2045/2322 831/940/2322 833/939/2322
f 825/1489/720 813/916/720 810/913/720
f 799/902/2323 812/915/2323 797/900/2323
f 790/893/697 789/892/697 802/906/697
f 324/1349/695 787/889/695 330/888/695
f 771/868/118 780/880/118 772/869/118
f 335/891/684 771/871/684 298/870/684
f 615/1927/499 616/725/499 613/724/499
f 609/706/2309 610/707/2309 612/709/2309
f 2036/2048/2324 608/374/2324 592/373/2324
f 603/703/2325 608/374/2325 2036/2048/2325
f 2036/2049/1 2038/2050/1 603/2051/1
f 2036/2048/2326 592/373/2326 2037/2052/2326
f 2037/1980/2327 2038/1981/2327 2036/1978/2327
f 2038/2053/2328 2040/2054/2328 2039/2055/2328
f 603/2051/1 2038/2050/1 2039/2056/1
f 2041/2057/2328 2040/2054/2328 2038/2053/2328
f 2041/1979/2327 2038/1981/2327 2037/1980/2327
f 2040/2056/118 2041/2050/118 601/2051/118
f 601/2051/118 2041/2050/118 2037/2049/118
f 2039/1966/2329 2040/1977/2329 603/1967/2329
f 603/1967/2330 2040/1977/2330 601/1965/2330
f 2037/2052/2326 592/373/2326 594/372/2326
f 2037/2052/2331 594/372/2331 601/702/2331
f 584/678/2332 580/675/2332 598/818/2332
f 588/689/118 585/680/118 583/679/118
f 564/645/2333 565/646/2333 577/671/2333
f 565/646/2334 575/663/2334 577/671/2334
f 565/646/2335 567/648/2335 575/663/2335
f 554/625/2336 552/621/2336 523/577/2336
f 538/593/2337 544/612/2337 532/588/2337
f 537/594/2338 529/587/2338 530/586/2338
f 526/582/2339 528/585/2339 502/1814/2339
f 526/583/2340 502/564/2340 503/566/2340
f 514/567/406 526/583/406 503/566/406
f 514/567/385 503/566/385 506/79/385
f 459/497/2341 491/550/2341 462/499/2341
f 462/499/2342 491/550/2342 473/518/2342
f 483/2058/364 484/545/364 481/544/364
f 465/504/2343 462/499/2343 473/518/2343
f 455/491/1853 464/500/1853 470/1516/1853
f 439/464/2344 456/493/2344 438/463/2344
f 438/463/2344 456/493/2344 453/487/2344
f 445/472/2345 438/463/2345 453/487/2345
f 444/471/1 447/476/1 450/486/1
f 434/453/118 431/447/118 430/446/118
f 422/434/2346 426/437/2346 417/430/2346
f 413/422/2347 412/421/2347 420/847/2347
f 415/1723/282 401/410/282 403/415/282
f 358/351/231 355/126/231 407/127/231
f 389/380/2348 380/372/2348 372/413/2348
f 372/413/2349 380/372/2349 371/366/2349
f 233/299/2350 235/300/2350 378/369/2350
f 378/369/2351 235/300/2351 239/305/2351
f 241/170/2352 2042/164/2352 374/365/2352
f 365/355/2353 374/365/2353 2042/164/2353
f 241/170/249 374/365/249 242/308/249
f 366/356/2353 374/365/2353 365/355/2353
f 245/165/2354 2044/161/2354 2042/164/2354
f 245/165/2352 2042/164/2352 241/170/2352
f 365/355/2355 2042/164/2355 2043/154/2355
f 2043/154/2355 2042/164/2355 2044/161/2355
f 2046/162/2356 2045/155/2356 2044/161/2356
f 345/152/2357 2044/161/2357 2045/155/2357
f 2046/162/2354 2044/161/2354 245/165/2354
f 2043/154/2357 2044/161/2357 345/152/2357
f 2047/160/2358 2045/155/2358 2046/162/2358
f 2048/166/2359 2047/160/2359 2046/162/2359
f 244/167/2360 2046/162/2360 245/165/2360
f 2048/166/2360 2046/162/2360 244/167/2360
f 244/167/2361 247/172/2361 2048/166/2361
f 2048/166/2361 247/172/2361 254/168/2361
f 2048/166/2362 254/168/2362 2049/163/2362
f 2049/163/2359 2047/160/2359 2048/166/2359
f 2051/159/2363 2050/158/2363 2049/163/2363
f 2049/163/2363 2050/158/2363 2047/160/2363
f 2049/163/2362 254/168/2362 2052/169/2362
f 2049/163/2364 2052/169/2364 2051/159/2364
f 254/168/2365 253/175/2365 2052/169/2365
f 2052/169/215 287/176/215 289/332/215
f 2051/159/2364 2052/169/2364 289/332/2364
f 2052/169/2365 253/175/2365 287/176/2365
f 343/157/118 2050/158/118 2051/159/118
f 343/157/118 2051/159/118 290/333/118
f 290/333/118 2051/159/118 289/332/118
f 2050/158/2366 341/156/2366 2047/160/2366
f 343/157/118 341/156/118 2050/158/118
f 2047/160/2366 341/156/2366 2045/155/2366
f 342/151/2367 2045/155/2367 341/156/2367
f 345/152/2367 2045/155/2367 342/151/2367
f 2043/154/239 363/153/239 365/355/239
f 345/152/2368 346/150/2368 2043/154/2368
f 2043/154/2368 346/150/2368 363/153/2368
f 360/352/284 369/360/284 361/353/284
f 348/147/237 363/153/237 346/150/237
f 321/856/226 353/349/226 327/348/226
f 306/795/2369 343/347/2369 290/335/2369
f 301/346/2369 343/347/2369 306/795/2369
f 306/795/216 290/335/216 293/334/216
f 285/179/118 284/180/118 292/190/118
f 253/175/214 257/177/214 287/176/214
f 256/212/2370 262/210/2370 282/184/2370
f 282/184/177 257/177/177 256/212/177
f 269/320/190 265/317/190 194/231/190
f 265/317/2371 259/316/2371 2053/1983/2371
f 265/317/2372 2054/1984/2372 193/230/2372
f 265/317/2373 193/230/2373 194/231/2373
f 2053/1983/2374 2054/1984/2374 265/317/2374
f 197/233/2375 193/230/2375 2054/1984/2375
f 197/233/2376 2054/1984/2376 203/251/2376
f 203/251/2377 2054/1984/2377 2053/1983/2377
f 2055/2043/2378 203/251/2378 2053/1983/2378
f 260/2042/2379 2053/1983/2379 259/316/2379
f 2055/2043/2379 2053/1983/2379 260/2042/2379
f 2057/2044/2380 203/251/2380 2055/2043/2380
f 2055/2043/2381 251/734/2381 2056/2041/2381
f 2055/2043/2382 2056/2041/2382 2057/2044/2382
f 260/2042/2381 251/734/2381 2055/2043/2381
f 2057/2044/2383 208/256/2383 203/251/2383
f 2059/2025/2384 2058/2059/2384 2057/2044/2384
f 2057/2044/2385 2058/2059/2385 208/256/2385
f 2057/2044/2382 2056/2041/2382 2059/2025/2382
f 216/270/2386 2058/2059/2386 2059/2025/2386
f 216/270/2387 2059/2025/2387 2056/2041/2387
f 210/263/138 2058/2059/138 216/270/138
f 210/1248/2388 2060/1260/2388 2058/1246/2388
f 2058/262/118 2061/261/118 208/260/118
f 2060/2060/118 2061/261/118 2058/262/118
f 2061/1255/129 209/258/129 208/257/129
f 2061/2061/2389 2060/2062/2389 209/2063/2389
f 2062/1247/2388 2060/1260/2388 210/1248/2388
f 209/2063/2389 2060/2062/2389 2062/2064/2389
f 210/262/1 209/261/1 2062/2060/1
f 237/302/2390 216/270/2390 2056/2041/2390
f 237/302/2391 2056/2041/2391 248/732/2391
f 248/732/2391 2056/2041/2391 251/734/2391
f 260/214/2392 250/313/2392 251/312/2392
f 238/303/160 237/302/160 248/732/160
f 226/290/2393 220/272/2393 237/302/2393
f 220/272/2394 216/270/2394 237/302/2394
f 214/267/2395 215/268/2395 228/293/2395
f 219/273/2396 220/272/2396 226/290/2396
f 212/265/1749 181/1692/1749 205/253/1749
f 186/219/2397 192/228/2397 205/253/2397
f 205/253/2398 182/220/2398 186/219/2398
f 205/253/2398 181/1692/2398 182/220/2398
f 178/212/101 157/184/101 160/185/101
f 159/186/86 162/189/86 169/203/86
f 25/1637/89 166/201/89 31/200/89
f 164/190/1 156/182/1 153/180/1
f 164/190/1 153/180/1 2063/331/1
f 42/191/2399 164/193/2399 48/1663/2399
f 48/1663/2399 164/193/2399 2063/1659/2399
f 2063/331/1 2065/330/1 2064/333/1
f 12/1660/2400 2063/1659/2400 2064/1662/2400
f 2063/331/1 154/179/1 2065/330/1
f 2063/331/1 153/180/1 154/179/1
f 48/1663/2400 2063/1659/2400 12/1660/2400
f 2064/333/1 2065/330/1 2066/332/1
f 142/169/2401 2066/332/2401 2065/330/2401
f 151/176/81 2065/330/81 154/179/81
f 142/169/2401 2065/330/2401 151/176/2401
f 2064/333/1 2066/332/1 133/159/1
f 135/163/2402 133/159/2402 2066/332/2402
f 135/163/2402 2066/332/2402 142/169/2402
f 131/157/1 2064/333/1 133/159/1
f 16/1664/2403 2064/1662/2403 131/1661/2403
f 12/1660/2403 2064/1662/2403 16/1664/2403
f 141/168/75 142/169/75 151/176/75
f 129/154/2404 128/155/2404 136/161/2404
f 16/1664/2405 131/1661/2405 20/1668/2405
f 20/1668/2405 131/1661/2405 117/1665/2405
f 117/142/1 125/151/1 118/143/1
f 111/128/47 113/131/47 120/146/47
f 20/2065/2406 117/145/2406 24/144/2406
f 108/124/1 96/113/1 95/112/1
f 98/116/43 96/113/43 108/124/43
f 90/108/32 91/109/32 99/117/32
f 47/2066/2407 95/137/2407 93/2067/2407
f 41/136/2407 95/137/2407 47/2066/2407
f 93/110/1 87/104/1 77/92/1
f 47/2066/2408 93/2067/2408 11/2068/2408
f 11/2068/2408 93/2067/2408 77/95/2408
f 77/92/1 87/104/1 84/102/1
f 77/92/1 84/102/1 76/91/1
f 70/82/2409 74/87/2409 79/96/2409
f 11/2068/20 77/95/20 29/94/20
f 70/82/2409 71/84/2409 74/87/2409
f 15/63/2410 55/67/2410 19/1666/2410
f 50/1648/3 4/11/3 7/10/3
