# Blender 4.3.1
# www.blender.org
mtllib RR_Wheel.mtl
o RR_Wheel_visual
v -0.085594 0.223034 0.056427
v -0.085594 0.223718 0.061294
v -0.085594 0.239245 0.057973
v -0.085594 0.221679 0.051702
v -0.085594 0.237794 0.050396
v -0.085594 0.238663 0.054157
v -0.093094 0.220364 0.056994
v -0.093094 0.220995 0.061484
v -0.093094 0.220995 0.066019
v -0.093094 0.188574 0.063752
v -0.093094 0.166827 0.087904
v -0.093094 0.200748 0.093885
v -0.093094 0.204824 0.035606
v -0.093094 0.170400 0.036808
v -0.093094 0.163677 0.084642
v -0.093094 0.196436 0.095286
v -0.093094 0.220364 0.070509
v -0.093094 0.208583 0.038141
v -0.093094 0.174327 0.034541
v -0.093094 0.156390 0.059228
v -0.093094 0.161012 0.080974
v -0.093094 0.191971 0.096073
v -0.093094 0.219114 0.074867
v -0.093094 0.211952 0.041175
v -0.093094 0.178531 0.032842
v -0.093094 0.158884 0.076970
v -0.093094 0.187440 0.096232
v -0.093094 0.217270 0.079009
v -0.093094 0.214867 0.044649
v -0.093094 0.182930 0.031745
v -0.093094 0.157333 0.054793
v -0.093094 0.157333 0.072710
v -0.093094 0.182930 0.095758
v -0.093094 0.214867 0.082854
v -0.093094 0.217270 0.048494
v -0.093094 0.187440 0.031271
v -0.093094 0.158884 0.050533
v -0.093094 0.156390 0.068275
v -0.093094 0.178531 0.094661
v -0.093094 0.211952 0.086328
v -0.093094 0.219114 0.052636
v -0.093094 0.191971 0.031430
v -0.093094 0.161012 0.046529
v -0.093094 0.156074 0.063752
v -0.093094 0.174327 0.092962
v -0.093094 0.208583 0.089362
v -0.093094 0.196436 0.032217
v -0.093094 0.163677 0.042861
v -0.093094 0.170400 0.090695
v -0.093094 0.204824 0.091897
v -0.093094 0.200748 0.033618
v -0.093094 0.166827 0.039599
v -0.085594 0.165000 0.037571
v -0.085594 0.161586 0.041106
v -0.085594 0.146644 0.034719
v -0.085594 0.158697 0.045083
v -0.085594 0.148959 0.031631
v -0.085594 0.151502 0.028727
v -0.085594 0.154257 0.026024
v -0.085729 0.153113 0.024766
v -0.085729 0.150266 0.027560
v -0.086133 0.151998 0.023540
v -0.086133 0.149062 0.026422
v -0.085729 0.147639 0.030561
v -0.086133 0.146352 0.029517
v -0.085729 0.145246 0.033751
v -0.086133 0.143884 0.032808
v -0.085729 0.143101 0.037114
v -0.085594 0.144568 0.037973
v -0.085594 0.142745 0.041375
v -0.085594 0.141184 0.044905
v -0.085594 0.156390 0.049422
v -0.085729 0.141217 0.040629
v -0.085729 0.139604 0.044277
v -0.086133 0.141671 0.036277
v -0.086133 0.139728 0.039902
v -0.086793 0.140315 0.035482
v -0.086793 0.138315 0.039213
v -0.086133 0.138064 0.043665
v -0.086793 0.136603 0.043084
v -0.086133 0.136690 0.047542
v -0.085729 0.138271 0.048036
v -0.085594 0.139894 0.048543
v -0.085729 0.137227 0.051886
v -0.085594 0.138883 0.052269
v -0.085594 0.154709 0.054041
v -0.085594 0.153687 0.058848
v -0.085594 0.138157 0.056060
v -0.085594 0.137720 0.059894
v -0.085729 0.136477 0.055803
v -0.086133 0.135612 0.051513
v -0.086133 0.134838 0.055553
v -0.085729 0.136025 0.059766
v -0.086133 0.134372 0.059641
v -0.085594 0.137574 0.063752
v -0.085729 0.135874 0.063752
v -0.086133 0.134217 0.063752
v -0.085594 0.137720 0.067609
v -0.085729 0.136025 0.067737
v -0.086133 0.134372 0.067863
v -0.085729 0.136477 0.071700
v -0.085594 0.138157 0.071444
v -0.085594 0.153687 0.068655
v -0.085594 0.138883 0.075235
v -0.085594 0.154709 0.073462
v -0.085594 0.139894 0.078960
v -0.085729 0.137227 0.075617
v -0.086133 0.134838 0.071950
v -0.086133 0.135612 0.075990
v -0.085729 0.138271 0.079467
v -0.085594 0.141184 0.082598
v -0.086133 0.136690 0.079961
v -0.085729 0.139604 0.083226
v -0.085729 0.141217 0.086874
v -0.085594 0.142745 0.086128
v -0.086133 0.138064 0.083838
v -0.086793 0.135189 0.080430
v -0.086793 0.136603 0.084419
v -0.086133 0.139728 0.087601
v -0.086793 0.138315 0.088290
v -0.086133 0.141672 0.091226
v -0.085729 0.143101 0.090389
v -0.085594 0.146644 0.092784
v -0.085729 0.145246 0.093752
v -0.085594 0.144568 0.089530
v -0.085594 0.158697 0.082420
v -0.085594 0.156390 0.078081
v -0.085594 0.161586 0.086397
v -0.085594 0.151502 0.098776
v -0.085594 0.165000 0.089932
v -0.085594 0.148959 0.095872
v -0.085729 0.147639 0.096943
v -0.086133 0.143884 0.094695
v -0.086133 0.146352 0.097986
v -0.085729 0.150266 0.099943
v -0.086133 0.149062 0.101081
v -0.085729 0.153113 0.102737
v -0.085594 0.154257 0.101479
v -0.085594 0.157209 0.103966
v -0.085594 0.168874 0.092958
v -0.085594 0.160340 0.106223
v -0.085729 0.156163 0.105307
v -0.086133 0.151998 0.103963
v -0.086133 0.155144 0.106614
v -0.085729 0.159399 0.107639
v -0.085729 0.162802 0.109720
v -0.085594 0.163633 0.108237
v -0.086133 0.158482 0.109019
v -0.086793 0.154177 0.107853
v -0.086793 0.157611 0.110328
v -0.086133 0.161991 0.111165
v -0.086793 0.161222 0.112537
v -0.086133 0.165653 0.113040
v -0.085729 0.166352 0.111537
v -0.085729 0.170030 0.113081
v -0.085594 0.170628 0.111490
v -0.085594 0.167069 0.109996
v -0.085594 0.173130 0.095416
v -0.085594 0.177687 0.097257
v -0.085594 0.182456 0.098446
v -0.085594 0.178033 0.113650
v -0.085594 0.174290 0.112710
v -0.085729 0.173813 0.114342
v -0.086133 0.169446 0.114632
v -0.086133 0.173349 0.115933
v -0.085729 0.177682 0.115314
v -0.086133 0.177339 0.116935
v -0.085729 0.181613 0.115990
v -0.085594 0.181837 0.114305
v -0.085594 0.187344 0.098960
v -0.085594 0.185680 0.114669
v -0.085594 0.189539 0.114742
v -0.085729 0.185583 0.116367
v -0.086133 0.181394 0.117632
v -0.086133 0.185489 0.118021
v -0.085729 0.189571 0.116442
v -0.085729 0.193553 0.116216
v -0.086133 0.189602 0.118099
v -0.085594 0.193392 0.114523
v -0.085594 0.192256 0.098788
v -0.085594 0.197218 0.114014
v -0.085594 0.197097 0.097935
v -0.085594 0.200995 0.113216
v -0.085729 0.197507 0.115689
v -0.085729 0.201409 0.114865
v -0.086133 0.193710 0.117865
v -0.086133 0.197787 0.117322
v -0.086793 0.193858 0.119431
v -0.086793 0.198054 0.118871
v -0.086133 0.201813 0.116472
v -0.086133 0.205762 0.115320
v -0.085729 0.205238 0.113748
v -0.086793 0.202196 0.117997
v -0.087695 0.198299 0.120298
v -0.087695 0.202548 0.119401
v -0.086793 0.206259 0.116811
v -0.087695 0.206717 0.118184
v -0.086793 0.210221 0.115322
v -0.086133 0.209613 0.113872
v -0.086133 0.213343 0.112137
v -0.085729 0.208971 0.112344
v -0.085729 0.212588 0.110662
v -0.085729 0.216067 0.108712
v -0.085594 0.215180 0.107261
v -0.085594 0.211813 0.109149
v -0.085594 0.201771 0.096416
v -0.085594 0.206189 0.094261
v -0.085594 0.208313 0.110776
v -0.085594 0.204700 0.112135
v -0.085594 0.210263 0.091513
v -0.085594 0.218394 0.105125
v -0.085594 0.221438 0.102751
v -0.085729 0.219388 0.106504
v -0.085729 0.222533 0.104051
v -0.086133 0.216931 0.110125
v -0.086133 0.220357 0.107848
v -0.086793 0.217752 0.111467
v -0.086793 0.221277 0.109123
v -0.086133 0.223601 0.105318
v -0.086793 0.224614 0.106520
v -0.086133 0.226645 0.102550
v -0.085729 0.225484 0.101367
v -0.085594 0.226944 0.097348
v -0.085729 0.228223 0.098468
v -0.085594 0.224293 0.100154
v -0.085594 0.213916 0.088224
v -0.085594 0.217075 0.084459
v -0.085594 0.219680 0.080291
v -0.085594 0.231572 0.091176
v -0.085594 0.229375 0.094350
v -0.085729 0.230735 0.095370
v -0.086133 0.229470 0.099559
v -0.086133 0.232061 0.096364
v -0.085729 0.233006 0.092091
v -0.086133 0.234403 0.092982
v -0.085594 0.233523 0.087846
v -0.085729 0.235022 0.088649
v -0.085594 0.235217 0.084377
v -0.086133 0.236482 0.089432
v -0.085729 0.236772 0.085065
v -0.086133 0.238287 0.085735
v -0.085594 0.236643 0.080791
v -0.085729 0.238245 0.081359
v -0.085729 0.239435 0.077552
v -0.085594 0.237794 0.077107
v -0.086133 0.239807 0.081912
v -0.086793 0.239725 0.086371
v -0.086793 0.241289 0.082438
v -0.086133 0.241034 0.077986
v -0.086793 0.242551 0.078397
v -0.086133 0.241960 0.073977
v -0.085729 0.240333 0.073666
v -0.085594 0.238663 0.073346
v -0.085729 0.240934 0.069723
v -0.085594 0.239245 0.069530
v -0.085594 0.223034 0.071076
v -0.085594 0.223718 0.066209
v -0.085594 0.239537 0.065681
v -0.085594 0.239537 0.061822
v -0.085729 0.241236 0.065746
v -0.086133 0.242581 0.069911
v -0.086133 0.242892 0.065808
v -0.085729 0.241236 0.061757
v -0.086133 0.242892 0.061695
v -0.085729 0.240934 0.057780
v -0.086133 0.242581 0.057592
v -0.085729 0.240333 0.053837
v -0.086133 0.241960 0.053526
v -0.085729 0.239435 0.049951
v -0.085729 0.238245 0.046144
v -0.086133 0.241034 0.049517
v -0.085594 0.236643 0.046712
v -0.085594 0.235217 0.043126
v -0.085594 0.219680 0.047212
v -0.085594 0.233523 0.039657
v -0.085729 0.236772 0.042438
v -0.085729 0.235022 0.038854
v -0.086133 0.239807 0.045591
v -0.086133 0.238287 0.041768
v -0.086793 0.241289 0.045065
v -0.086793 0.239725 0.041132
v -0.086133 0.236482 0.038071
v -0.086133 0.234403 0.034521
v -0.085729 0.233006 0.035412
v -0.086793 0.237868 0.037328
v -0.087695 0.241049 0.040547
v -0.087695 0.239144 0.036644
v -0.086793 0.235728 0.033676
v -0.087695 0.236949 0.032897
v -0.086793 0.233319 0.030196
v -0.086133 0.232061 0.031139
v -0.086133 0.229470 0.027944
v -0.085729 0.230735 0.032133
v -0.085729 0.228223 0.029035
v -0.085594 0.224293 0.027349
v -0.085594 0.226944 0.030155
v -0.085729 0.225484 0.026136
v -0.086133 0.226645 0.024953
v -0.085594 0.221438 0.024752
v -0.085729 0.222533 0.023452
v -0.085729 0.219388 0.020999
v -0.085594 0.218394 0.022378
v -0.086133 0.223601 0.022185
v -0.086793 0.227746 0.023831
v -0.086793 0.224614 0.020983
v -0.086133 0.220357 0.019655
v -0.086793 0.221277 0.018380
v -0.086133 0.216931 0.017378
v -0.085729 0.216067 0.018791
v -0.085729 0.212588 0.016841
v -0.085594 0.215180 0.020242
v -0.085594 0.211813 0.018354
v -0.085594 0.201771 0.031087
v -0.085594 0.206189 0.033242
v -0.085594 0.208313 0.016727
v -0.085594 0.204700 0.015368
v -0.085729 0.208971 0.015159
v -0.086133 0.213343 0.015366
v -0.086133 0.209613 0.013631
v -0.085729 0.205238 0.013756
v -0.086133 0.205762 0.012183
v -0.085594 0.200995 0.014287
v -0.085729 0.201409 0.012638
v -0.085594 0.197218 0.013490
v -0.086133 0.201813 0.011031
v -0.085729 0.197507 0.011814
v -0.086133 0.197787 0.010181
v -0.085594 0.193392 0.012980
v -0.085729 0.193553 0.011287
v -0.085729 0.189571 0.011061
v -0.086133 0.193710 0.009638
v -0.085594 0.189539 0.012761
v -0.085594 0.192256 0.028715
v -0.085594 0.187344 0.028543
v -0.085594 0.185680 0.012834
v -0.085594 0.181837 0.013198
v -0.085729 0.185583 0.011136
v -0.085729 0.181613 0.011513
v -0.086133 0.189602 0.009404
v -0.086133 0.185489 0.009482
v -0.086793 0.189632 0.007832
v -0.086793 0.185400 0.007912
v -0.086133 0.181394 0.009871
v -0.086133 0.177339 0.010568
v -0.085729 0.177682 0.012189
v -0.086793 0.181186 0.008312
v -0.087695 0.185318 0.006467
v -0.087695 0.180995 0.006877
v -0.086793 0.177015 0.009030
v -0.087695 0.176715 0.007613
v -0.086793 0.172909 0.010061
v -0.086133 0.173349 0.011570
v -0.086133 0.169446 0.012871
v -0.085729 0.173813 0.013161
v -0.085729 0.170030 0.014422
v -0.085594 0.167069 0.017507
v -0.085594 0.170628 0.016013
v -0.085729 0.166352 0.015966
v -0.086133 0.165653 0.014463
v -0.085729 0.162802 0.017783
v -0.085594 0.163633 0.019266
v -0.085594 0.168874 0.034545
v -0.085594 0.173130 0.032087
v -0.085594 0.160340 0.021280
v -0.085594 0.157209 0.023537
v -0.085729 0.159399 0.019864
v -0.085729 0.156163 0.022196
v -0.086133 0.161991 0.016338
v -0.086133 0.158482 0.018484
v -0.086793 0.161222 0.014966
v -0.086793 0.157611 0.017175
v -0.086133 0.155144 0.020889
v -0.086793 0.154177 0.019650
v -0.087695 0.156810 0.015969
v -0.087695 0.153287 0.018508
v -0.086793 0.150940 0.022377
v -0.087695 0.149966 0.021306
v -0.086793 0.147919 0.025342
v -0.087695 0.146867 0.024348
v -0.086793 0.145131 0.028527
v -0.087695 0.144006 0.027615
v -0.086793 0.142591 0.031913
v -0.087695 0.141401 0.031089
v -0.088814 0.143007 0.026805
v -0.088814 0.140343 0.030357
v -0.087695 0.139066 0.034750
v -0.088814 0.137956 0.034100
v -0.087695 0.137014 0.038577
v -0.088814 0.135858 0.038013
v -0.087695 0.135258 0.042549
v -0.087695 0.133807 0.046642
v -0.086793 0.135189 0.047074
v -0.088814 0.134062 0.042073
v -0.090124 0.134876 0.037533
v -0.088814 0.132579 0.046258
v -0.090124 0.133047 0.041670
v -0.090124 0.131536 0.045932
v -0.091589 0.131014 0.044710
v -0.091589 0.132237 0.041348
v -0.091589 0.133364 0.038699
v -0.093094 0.133145 0.039188
v -0.093094 0.132353 0.041058
v -0.133094 0.132353 0.041058
v -0.093094 0.131477 0.040687
v -0.133094 0.131477 0.040687
v -0.093094 0.132268 0.038817
v -0.133094 0.132268 0.038817
v -0.133094 0.133145 0.039188
v -0.134598 0.132237 0.041348
v -0.134598 0.133364 0.038699
v -0.091589 0.134093 0.037151
v -0.136064 0.133047 0.041670
v -0.136064 0.134876 0.037533
v -0.134598 0.134093 0.037151
v -0.133094 0.136339 0.032973
v -0.133094 0.135568 0.034321
v -0.134598 0.136261 0.033107
v -0.093094 0.135568 0.034321
v -0.136064 0.137013 0.033547
v -0.134598 0.136339 0.032973
v -0.137373 0.137956 0.034100
v -0.136064 0.139445 0.029734
v -0.137373 0.140343 0.030357
v -0.138493 0.144006 0.027615
v -0.137373 0.143007 0.026805
v -0.138493 0.141401 0.031089
v -0.139394 0.142591 0.031913
v -0.139394 0.145131 0.028527
v -0.138493 0.139066 0.034750
v -0.137373 0.135858 0.038013
v -0.138493 0.137014 0.038577
v -0.139394 0.140315 0.035482
v -0.140055 0.143884 0.032808
v -0.140055 0.141671 0.036277
v -0.139394 0.138315 0.039213
v -0.139394 0.136603 0.043084
v -0.138493 0.135258 0.042549
v -0.140055 0.139728 0.039902
v -0.140458 0.141217 0.040629
v -0.140458 0.143101 0.037114
v -0.140055 0.138064 0.043665
v -0.140458 0.139604 0.044277
v -0.140055 0.136690 0.047542
v -0.139394 0.135189 0.047074
v -0.138493 0.132670 0.050833
v -0.138493 0.133807 0.046642
v -0.139394 0.134081 0.051159
v -0.139394 0.133284 0.055316
v -0.138493 0.131853 0.055098
v -0.140055 0.135612 0.051513
v -0.140458 0.137227 0.051886
v -0.140458 0.138271 0.048036
v -0.140055 0.134838 0.055553
v -0.140458 0.136477 0.055803
v -0.140055 0.134372 0.059641
v -0.139394 0.132805 0.059522
v -0.138493 0.131361 0.059412
v -0.139394 0.132644 0.063752
v -0.138493 0.131197 0.063752
v -0.137373 0.129910 0.063752
v -0.138493 0.131361 0.068091
v -0.137373 0.130078 0.068188
v -0.136064 0.129501 0.072764
v -0.137373 0.130581 0.072599
v -0.136064 0.128989 0.068271
v -0.136064 0.128817 0.063752
v -0.134598 0.128289 0.070196
v -0.134598 0.128119 0.068337
v -0.133094 0.128119 0.068334
v -0.134598 0.127946 0.063752
v -0.133094 0.128289 0.070196
v -0.134598 0.128639 0.072896
v -0.133094 0.128307 0.070356
v -0.133094 0.127171 0.068422
v -0.133094 0.127359 0.070444
v -0.093094 0.127359 0.070444
v -0.093094 0.128119 0.068334
v -0.093094 0.127171 0.068422
v -0.093094 0.128307 0.070356
v -0.093094 0.128289 0.070196
v -0.091589 0.128289 0.070196
v -0.091589 0.128119 0.068337
v -0.091589 0.127946 0.063752
v -0.090124 0.128989 0.068271
v -0.090124 0.129501 0.072764
v -0.091589 0.128639 0.072896
v -0.090124 0.128817 0.063752
v -0.088814 0.130078 0.068188
v -0.088814 0.130581 0.072599
v -0.088814 0.131416 0.076960
v -0.087695 0.131853 0.072405
v -0.087695 0.132670 0.076670
v -0.087695 0.133807 0.080861
v -0.086793 0.134081 0.076344
v -0.086793 0.133284 0.072187
v -0.087695 0.131361 0.068091
v -0.086793 0.132805 0.067981
v -0.087695 0.131197 0.063752
v -0.086793 0.132644 0.063752
v -0.087695 0.131361 0.059412
v -0.086793 0.132805 0.059522
v -0.087695 0.131853 0.055098
v -0.086793 0.133284 0.055316
v -0.087695 0.132670 0.050833
v -0.086793 0.134081 0.051159
v -0.088814 0.131416 0.050543
v -0.090124 0.130352 0.050297
v -0.088814 0.130581 0.054904
v -0.088814 0.130078 0.059315
v -0.090124 0.129501 0.054739
v -0.091589 0.129316 0.050936
v -0.090124 0.128989 0.059232
v -0.091589 0.128289 0.057307
v -0.091589 0.128639 0.054607
v -0.093094 0.128516 0.055456
v -0.093094 0.128827 0.053450
v -0.093094 0.127575 0.055310
v -0.133094 0.128516 0.055456
v -0.134598 0.128289 0.057307
v -0.133094 0.128827 0.053450
v -0.134598 0.128639 0.054607
v -0.133094 0.127575 0.055310
v -0.133094 0.127887 0.053304
v -0.093094 0.127887 0.053304
v -0.134598 0.129316 0.050936
v -0.136064 0.129501 0.054739
v -0.136064 0.128989 0.059232
v -0.137373 0.130078 0.059315
v -0.137373 0.130581 0.054904
v -0.134598 0.128119 0.059166
v -0.091589 0.128119 0.059166
v -0.133094 0.128014 0.060870
v -0.133094 0.127952 0.062900
v -0.093094 0.128014 0.060870
v -0.133094 0.127063 0.060841
v -0.133094 0.127000 0.062870
v -0.093094 0.127000 0.062870
v -0.093094 0.127063 0.060841
v -0.093094 0.127952 0.062900
v -0.137373 0.131416 0.050543
v -0.136064 0.130352 0.050297
v -0.137373 0.132579 0.046258
v -0.136064 0.131536 0.045932
v -0.137373 0.134062 0.042073
v -0.134598 0.131014 0.044710
v -0.134598 0.130704 0.045672
v -0.134598 0.129502 0.050101
v -0.091589 0.129502 0.050101
v -0.133094 0.130546 0.046186
v -0.133094 0.129990 0.048139
v -0.093094 0.129990 0.048139
v -0.093094 0.129075 0.047878
v -0.093094 0.130546 0.046186
v -0.091589 0.130704 0.045672
v -0.093094 0.129631 0.045925
v -0.133094 0.129631 0.045925
v -0.133094 0.129075 0.047878
v -0.088814 0.129910 0.063752
v -0.088814 0.132579 0.081245
v -0.087695 0.135258 0.084954
v -0.088814 0.134062 0.085430
v -0.087695 0.137014 0.088926
v -0.087695 0.139066 0.092753
v -0.086793 0.140315 0.092021
v -0.088814 0.135858 0.089490
v -0.090124 0.134876 0.089970
v -0.090124 0.133047 0.085833
v -0.088814 0.137956 0.093403
v -0.090124 0.137013 0.093956
v -0.088814 0.140343 0.097146
v -0.087695 0.141401 0.096414
v -0.087695 0.144006 0.099888
v -0.086793 0.142591 0.095590
v -0.086793 0.145131 0.098976
v -0.086793 0.147919 0.102161
v -0.087695 0.146867 0.103155
v -0.086793 0.150940 0.105126
v -0.087695 0.149966 0.106197
v -0.088814 0.145932 0.104039
v -0.088814 0.149101 0.107148
v -0.087695 0.153287 0.108995
v -0.088814 0.152496 0.110009
v -0.087695 0.156810 0.111534
v -0.088814 0.156098 0.112605
v -0.087695 0.160515 0.113799
v -0.087695 0.164380 0.115778
v -0.086793 0.164990 0.114466
v -0.088814 0.159885 0.114922
v -0.090124 0.155493 0.113516
v -0.090124 0.159351 0.115875
v -0.088814 0.163837 0.116945
v -0.090124 0.163377 0.117936
v -0.088814 0.167931 0.118663
v -0.087695 0.168384 0.117459
v -0.087695 0.172503 0.118832
v -0.086793 0.168893 0.116104
v -0.086793 0.172909 0.117442
v -0.086793 0.177015 0.118473
v -0.087695 0.176715 0.119890
v -0.086793 0.181186 0.119191
v -0.086793 0.185400 0.119591
v -0.087695 0.180995 0.120626
v -0.088814 0.176449 0.121148
v -0.088814 0.180825 0.121901
v -0.087695 0.185318 0.121036
v -0.088814 0.185245 0.122321
v -0.087695 0.189660 0.121118
v -0.086793 0.189632 0.119671
v -0.088814 0.189684 0.122405
v -0.087695 0.193995 0.120872
v -0.088814 0.194117 0.122153
v -0.090124 0.189705 0.123497
v -0.088814 0.198517 0.121566
v -0.090124 0.194220 0.123241
v -0.090124 0.198703 0.122643
v -0.091589 0.196621 0.123843
v -0.091589 0.194302 0.124108
v -0.091589 0.190188 0.124358
v -0.091589 0.189721 0.124369
v -0.133094 0.195015 0.124036
v -0.134598 0.190188 0.124358
v -0.093094 0.195015 0.124036
v -0.093094 0.189589 0.124371
v -0.133094 0.189589 0.124371
v -0.133094 0.187558 0.124371
v -0.134598 0.189721 0.124369
v -0.133094 0.189589 0.125323
v -0.093094 0.189589 0.125323
v -0.093094 0.187558 0.124371
v -0.093094 0.187558 0.125323
v -0.133094 0.187558 0.125323
v -0.091589 0.185133 0.124282
v -0.090124 0.185183 0.123412
v -0.091589 0.183736 0.124186
v -0.134598 0.185133 0.124282
v -0.136064 0.185183 0.123412
v -0.134598 0.183736 0.124186
v -0.133094 0.182132 0.124036
v -0.133094 0.180117 0.123787
v -0.134598 0.180565 0.123848
v -0.134598 0.177340 0.123330
v -0.136064 0.180681 0.122984
v -0.137374 0.180825 0.121901
v -0.136064 0.176223 0.122218
v -0.137374 0.176449 0.121148
v -0.138493 0.176715 0.119890
v -0.138493 0.172503 0.118832
v -0.137373 0.172143 0.120067
v -0.136064 0.171837 0.121116
v -0.137373 0.167931 0.118663
v -0.138493 0.168384 0.117459
v -0.139394 0.168893 0.116104
v -0.138493 0.164380 0.115778
v -0.139394 0.164990 0.114466
v -0.140055 0.165653 0.113040
v -0.139394 0.161222 0.112537
v -0.140055 0.161991 0.111165
v -0.140458 0.162802 0.109720
v -0.140458 0.159399 0.107639
v -0.140055 0.158482 0.109019
v -0.140458 0.156163 0.105307
v -0.140055 0.155144 0.106614
v -0.139394 0.157611 0.110328
v -0.139394 0.154177 0.107853
v -0.138493 0.156810 0.111534
v -0.138493 0.160515 0.113799
v -0.137373 0.159885 0.114922
v -0.137373 0.163837 0.116945
v -0.136064 0.167547 0.119686
v -0.136064 0.163377 0.117936
v -0.134598 0.163009 0.118726
v -0.134598 0.159196 0.116787
v -0.134598 0.165000 0.119609
v -0.136064 0.159351 0.115875
v -0.134598 0.158925 0.116635
v -0.137373 0.156098 0.112605
v -0.136064 0.155493 0.113516
v -0.134598 0.151288 0.111558
v -0.137373 0.152496 0.110009
v -0.136064 0.151824 0.110871
v -0.134598 0.155010 0.114241
v -0.134598 0.153725 0.113364
v -0.133094 0.152721 0.112642
v -0.133094 0.153725 0.113364
v -0.133094 0.154378 0.113816
v -0.133094 0.152171 0.113419
v -0.133094 0.153828 0.114592
v -0.093094 0.153828 0.114592
v -0.093094 0.154378 0.113816
v -0.093094 0.152171 0.113419
v -0.093094 0.153725 0.113364
v -0.093094 0.152721 0.112642
v -0.091589 0.151288 0.111558
v -0.091589 0.153725 0.113364
v -0.090124 0.151824 0.110871
v -0.090124 0.148365 0.107957
v -0.091589 0.148649 0.109378
v -0.091589 0.147779 0.108602
v -0.134598 0.148649 0.109378
v -0.093094 0.148485 0.109234
v -0.133094 0.148485 0.109234
v -0.133094 0.146984 0.107866
v -0.134598 0.147779 0.108602
v -0.133094 0.147844 0.109937
v -0.093094 0.147844 0.109937
v -0.093094 0.146343 0.108569
v -0.093094 0.146984 0.107866
v -0.133094 0.146343 0.108569
v -0.091589 0.144504 0.105388
v -0.090124 0.145137 0.104789
v -0.091589 0.144026 0.104876
v -0.134598 0.144504 0.105388
v -0.134598 0.144026 0.104876
v -0.136064 0.145137 0.104789
v -0.136064 0.142158 0.101387
v -0.136064 0.148365 0.107957
v -0.137373 0.145932 0.104039
v -0.137373 0.143007 0.100698
v -0.138493 0.144006 0.099888
v -0.137373 0.140343 0.097146
v -0.138493 0.141401 0.096414
v -0.139394 0.142591 0.095590
v -0.138493 0.139066 0.092753
v -0.139394 0.140315 0.092021
v -0.140055 0.139728 0.087601
v -0.139394 0.138315 0.088290
v -0.140055 0.141672 0.091226
v -0.140458 0.143101 0.090389
v -0.140055 0.143884 0.094695
v -0.140458 0.141217 0.086874
v -0.140594 0.142745 0.086128
v -0.140594 0.141184 0.082598
v -0.140458 0.139604 0.083226
v -0.140055 0.138064 0.083838
v -0.140458 0.138271 0.079467
v -0.140594 0.139894 0.078960
v -0.140594 0.138883 0.075235
v -0.140594 0.154709 0.073462
v -0.140594 0.156390 0.078081
v -0.133094 0.157333 0.072710
v -0.133094 0.158884 0.076970
v -0.140594 0.153687 0.068655
v -0.133094 0.156390 0.068275
v -0.140594 0.137720 0.067609
v -0.140594 0.138157 0.071444
v -0.140594 0.153344 0.063752
v -0.140594 0.137720 0.059894
v -0.140594 0.137574 0.063752
v -0.140594 0.153687 0.058848
v -0.133094 0.156074 0.063752
v -0.133094 0.156390 0.059228
v -0.133094 0.188574 0.063752
v -0.133094 0.161012 0.046529
v -0.133094 0.191971 0.031430
v -0.133094 0.219114 0.052636
v -0.133094 0.211952 0.086328
v -0.133094 0.178531 0.094661
v -0.133094 0.158884 0.050533
v -0.133094 0.187440 0.031271
v -0.133094 0.217270 0.048494
v -0.133094 0.214867 0.082854
v -0.133094 0.182930 0.095758
v -0.133094 0.157333 0.054793
v -0.133094 0.182930 0.031745
v -0.133094 0.214867 0.044649
v -0.133094 0.217270 0.079009
v -0.133094 0.187440 0.096232
v -0.133094 0.178531 0.032842
v -0.133094 0.211952 0.041175
v -0.133094 0.219114 0.074867
v -0.133094 0.191971 0.096074
v -0.133094 0.161012 0.080974
v -0.133094 0.174327 0.034541
v -0.133094 0.208583 0.038141
v -0.133094 0.220364 0.070509
v -0.133094 0.196436 0.095286
v -0.133094 0.163677 0.084642
v -0.133094 0.170400 0.036808
v -0.133094 0.204824 0.035606
v -0.133094 0.220995 0.066019
v -0.133094 0.200748 0.093885
v -0.133094 0.166827 0.087904
v -0.133094 0.166827 0.039599
v -0.133094 0.200748 0.033618
v -0.133094 0.220995 0.061484
v -0.133094 0.204824 0.091897
v -0.133094 0.170400 0.090695
v -0.133094 0.163677 0.042861
v -0.133094 0.196436 0.032217
v -0.133094 0.220364 0.056994
v -0.133094 0.208583 0.089362
v -0.133094 0.174327 0.092962
v -0.140594 0.168874 0.092958
v -0.140594 0.173130 0.095416
v -0.140594 0.163633 0.108237
v -0.140594 0.167069 0.109996
v -0.140594 0.177687 0.097257
v -0.140594 0.170628 0.111490
v -0.140594 0.174290 0.112710
v -0.140458 0.173813 0.114342
v -0.140458 0.170030 0.113081
v -0.140055 0.169446 0.114632
v -0.140055 0.173349 0.115933
v -0.140458 0.166352 0.111537
v -0.139394 0.172909 0.117442
v -0.139395 0.177015 0.118473
v -0.140055 0.177339 0.116935
v -0.140055 0.181394 0.117632
v -0.139395 0.181186 0.119191
v -0.140458 0.177682 0.115314
v -0.140594 0.178033 0.113650
v -0.140458 0.181613 0.115990
v -0.140594 0.181837 0.114305
v -0.140458 0.185583 0.116367
v -0.140055 0.185489 0.118021
v -0.139395 0.185400 0.119591
v -0.140055 0.189602 0.118099
v -0.139395 0.189632 0.119671
v -0.139395 0.193858 0.119431
v -0.138493 0.189660 0.121118
v -0.138493 0.193995 0.120872
v -0.138493 0.198299 0.120298
v -0.137374 0.198517 0.121566
v -0.137374 0.194117 0.122153
v -0.136064 0.198703 0.122643
v -0.137374 0.189684 0.122405
v -0.136064 0.194220 0.123241
v -0.134598 0.194302 0.124108
v -0.136064 0.189705 0.123497
v -0.137374 0.185245 0.122321
v -0.138493 0.185318 0.121036
v -0.138493 0.180995 0.120626
v -0.134598 0.196621 0.123843
v -0.133094 0.196621 0.123843
v -0.134598 0.198850 0.123502
v -0.133094 0.197031 0.123787
v -0.133094 0.202375 0.122788
v -0.134598 0.202962 0.122647
v -0.133094 0.202962 0.122647
v -0.134598 0.203340 0.122554
v -0.136064 0.203128 0.121708
v -0.136064 0.207469 0.120442
v -0.137374 0.202861 0.120649
v -0.134598 0.207745 0.121269
v -0.091589 0.207745 0.121269
v -0.134598 0.209141 0.120784
v -0.133094 0.204344 0.122293
v -0.093094 0.204344 0.122293
v -0.091589 0.203340 0.122554
v -0.093094 0.202962 0.122647
v -0.093094 0.204577 0.123216
v -0.093094 0.202607 0.123711
v -0.133094 0.202607 0.123711
v -0.133094 0.204577 0.123216
v -0.093094 0.202375 0.122788
v -0.091589 0.198850 0.123502
v -0.093094 0.197031 0.123787
v -0.093094 0.196621 0.123843
v -0.093094 0.197148 0.124731
v -0.133094 0.197148 0.124731
v -0.093094 0.195132 0.124981
v -0.133094 0.195132 0.124981
v -0.091589 0.202962 0.122647
v -0.090124 0.203128 0.121708
v -0.088814 0.202861 0.120649
v -0.088814 0.207124 0.119405
v -0.090124 0.207469 0.120442
v -0.090124 0.211703 0.118850
v -0.091589 0.212040 0.119654
v -0.091589 0.209141 0.120784
v -0.088814 0.211280 0.117843
v -0.088814 0.215305 0.115971
v -0.087695 0.210782 0.116656
v -0.087695 0.214719 0.114825
v -0.087695 0.218507 0.112702
v -0.086793 0.214059 0.113537
v -0.088814 0.219178 0.113799
v -0.087695 0.222123 0.110298
v -0.088814 0.222875 0.111341
v -0.087695 0.225547 0.107627
v -0.087695 0.228760 0.104705
v -0.086793 0.227746 0.103672
v -0.088814 0.226376 0.108611
v -0.090124 0.227081 0.109447
v -0.090124 0.223514 0.112228
v -0.088814 0.229661 0.105624
v -0.088814 0.232710 0.102396
v -0.087695 0.231742 0.101549
v -0.090124 0.230426 0.106404
v -0.090124 0.233532 0.103116
v -0.091589 0.231037 0.107026
v -0.091589 0.230870 0.107189
v -0.091589 0.227642 0.110113
v -0.134598 0.231037 0.107026
v -0.134598 0.230870 0.107189
v -0.093094 0.230163 0.107866
v -0.133094 0.230163 0.107866
v -0.133094 0.228662 0.109234
v -0.133094 0.230804 0.108569
v -0.093094 0.230804 0.108569
v -0.093094 0.229304 0.109937
v -0.093094 0.228662 0.109234
v -0.133094 0.229304 0.109937
v -0.091589 0.226013 0.111439
v -0.091589 0.224024 0.112935
v -0.134598 0.226013 0.111439
v -0.093094 0.224427 0.112642
v -0.133094 0.224427 0.112642
v -0.133094 0.222769 0.113816
v -0.134598 0.224024 0.112935
v -0.133094 0.224977 0.113419
v -0.093094 0.224977 0.113419
v -0.093094 0.222769 0.113816
v -0.093094 0.223319 0.114592
v -0.133094 0.223319 0.114592
v -0.134598 0.220732 0.115148
v -0.091589 0.220732 0.115148
v -0.090124 0.219748 0.114732
v -0.091589 0.220203 0.115475
v -0.091589 0.216200 0.117719
v -0.134598 0.220203 0.115475
v -0.093094 0.218147 0.116678
v -0.133094 0.218147 0.116678
v -0.093094 0.218597 0.117516
v -0.093094 0.216358 0.117638
v -0.134598 0.215087 0.118275
v -0.133094 0.216358 0.117638
v -0.091589 0.215087 0.118275
v -0.093094 0.216808 0.118477
v -0.133094 0.216808 0.118477
v -0.133094 0.218597 0.117516
v -0.090124 0.215803 0.116943
v -0.093094 0.211419 0.119911
v -0.133094 0.211419 0.119911
v -0.093094 0.209525 0.120644
v -0.093094 0.211763 0.120798
v -0.133094 0.211763 0.120798
v -0.093094 0.209869 0.121532
v -0.133094 0.209869 0.121532
v -0.133094 0.209525 0.120644
v -0.134598 0.212040 0.119654
v -0.136064 0.211703 0.118850
v -0.136064 0.215803 0.116943
v -0.137374 0.215305 0.115971
v -0.137374 0.211280 0.117843
v -0.136064 0.219748 0.114732
v -0.134598 0.216200 0.117719
v -0.137374 0.219178 0.113799
v -0.136064 0.223514 0.112228
v -0.136064 0.227081 0.109447
v -0.137374 0.222875 0.111341
v -0.138493 0.222123 0.110298
v -0.137374 0.226376 0.108611
v -0.138493 0.218507 0.112702
v -0.138493 0.214719 0.114825
v -0.139395 0.217752 0.111467
v -0.139395 0.214059 0.113537
v -0.140055 0.213343 0.112137
v -0.140055 0.209613 0.113872
v -0.139395 0.210221 0.115322
v -0.138493 0.210782 0.116656
v -0.139395 0.206259 0.116811
v -0.140055 0.205762 0.115320
v -0.140458 0.205238 0.113748
v -0.140458 0.201409 0.114865
v -0.140055 0.201813 0.116472
v -0.139395 0.202196 0.117997
v -0.140458 0.197507 0.115689
v -0.140055 0.197787 0.117322
v -0.140458 0.193553 0.116216
v -0.140055 0.193710 0.117865
v -0.139395 0.198054 0.118871
v -0.138493 0.202548 0.119401
v -0.137374 0.207124 0.119405
v -0.138493 0.206717 0.118184
v -0.140458 0.189571 0.116442
v -0.140594 0.189539 0.114742
v -0.140594 0.185680 0.114669
v -0.140594 0.187344 0.098960
v -0.140594 0.192256 0.098788
v -0.140594 0.182456 0.098446
v -0.140594 0.197097 0.097935
v -0.140594 0.197218 0.114014
v -0.140594 0.193392 0.114523
v -0.140594 0.200995 0.113216
v -0.140594 0.204700 0.112135
v -0.140594 0.208313 0.110776
v -0.140458 0.208971 0.112344
v -0.140594 0.201771 0.096416
v -0.140594 0.211813 0.109149
v -0.140594 0.206189 0.094261
v -0.140594 0.210263 0.091513
v -0.140594 0.218394 0.105125
v -0.140594 0.215180 0.107261
v -0.140458 0.216067 0.108712
v -0.140458 0.219388 0.106504
v -0.140458 0.222533 0.104051
v -0.140055 0.223601 0.105318
v -0.140055 0.220357 0.107848
v -0.139395 0.224614 0.106520
v -0.139395 0.221277 0.109123
v -0.140055 0.216931 0.110125
v -0.140458 0.212588 0.110662
v -0.138493 0.225547 0.107627
v -0.137374 0.229661 0.105624
v -0.138493 0.228760 0.104705
v -0.137374 0.232710 0.102396
v -0.138493 0.231742 0.101549
v -0.139395 0.227746 0.103672
v -0.140055 0.226645 0.102550
v -0.139395 0.230653 0.100595
v -0.138493 0.234477 0.098176
v -0.139395 0.233319 0.097307
v -0.140055 0.229470 0.099559
v -0.140055 0.232061 0.096364
v -0.140458 0.228223 0.098468
v -0.140458 0.225484 0.101367
v -0.140594 0.224293 0.100154
v -0.140594 0.221438 0.102751
v -0.140594 0.213916 0.088224
v -0.140594 0.226944 0.097348
v -0.140594 0.217075 0.084459
v -0.140594 0.229375 0.094350
v -0.140594 0.219680 0.080291
v -0.140594 0.231572 0.091176
v -0.140458 0.233006 0.092091
v -0.140594 0.233523 0.087846
v -0.140458 0.235022 0.088649
v -0.140055 0.236482 0.089432
v -0.140458 0.236772 0.085065
v -0.140055 0.238287 0.085735
v -0.140055 0.239807 0.081912
v -0.139395 0.241289 0.082438
v -0.139395 0.239725 0.086371
v -0.138493 0.242654 0.082921
v -0.138493 0.241049 0.086956
v -0.139395 0.237868 0.090175
v -0.140055 0.234403 0.092982
v -0.139395 0.235728 0.093827
v -0.138493 0.239144 0.090859
v -0.137374 0.240278 0.091466
v -0.137374 0.242226 0.087477
v -0.138493 0.236949 0.094606
v -0.137374 0.238033 0.095297
v -0.137374 0.235506 0.098948
v -0.136064 0.238955 0.095885
v -0.136064 0.241241 0.091983
v -0.136064 0.243225 0.087919
v -0.134598 0.242372 0.091707
v -0.134598 0.242009 0.092395
v -0.093094 0.239667 0.096389
v -0.133094 0.239667 0.096389
v -0.134598 0.239690 0.096354
v -0.091589 0.242009 0.092395
v -0.091589 0.242372 0.091707
v -0.090124 0.241241 0.091983
v -0.091589 0.239690 0.096354
v -0.090124 0.238955 0.095885
v -0.091589 0.239096 0.097267
v -0.093094 0.239096 0.097267
v -0.091589 0.237078 0.100126
v -0.093094 0.238546 0.098082
v -0.093094 0.240461 0.096915
v -0.093094 0.239339 0.098608
v -0.133094 0.239339 0.098608
v -0.133094 0.239096 0.097267
v -0.133094 0.240461 0.096915
v -0.133094 0.238546 0.098082
v -0.134598 0.239096 0.097267
v -0.134598 0.237078 0.100126
v -0.093094 0.235269 0.102421
v -0.134598 0.235247 0.102447
v -0.136064 0.236380 0.099603
v -0.133094 0.235247 0.102447
v -0.133094 0.235269 0.102421
v -0.133094 0.235992 0.103040
v -0.093094 0.235992 0.103040
v -0.093094 0.235247 0.102447
v -0.093094 0.233948 0.103963
v -0.093094 0.234671 0.104582
v -0.133094 0.234671 0.104582
v -0.133094 0.233948 0.103963
v -0.134598 0.234188 0.103690
v -0.136064 0.233532 0.103116
v -0.136064 0.230426 0.106404
v -0.091589 0.234188 0.103690
v -0.091589 0.235247 0.102447
v -0.090124 0.236380 0.099603
v -0.088814 0.235506 0.098948
v -0.088814 0.238033 0.095297
v -0.088814 0.240278 0.091466
v -0.087695 0.236949 0.094606
v -0.087695 0.239144 0.090859
v -0.087695 0.241049 0.086956
v -0.086793 0.237868 0.090175
v -0.086793 0.235728 0.093827
v -0.087695 0.234477 0.098176
v -0.086793 0.233319 0.097307
v -0.086793 0.230653 0.100595
v -0.088814 0.242226 0.087477
v -0.087695 0.242654 0.082921
v -0.088814 0.243866 0.083351
v -0.087695 0.243949 0.078776
v -0.087695 0.244926 0.074546
v -0.086793 0.243504 0.074273
v -0.088814 0.245190 0.079113
v -0.090124 0.246245 0.079400
v -0.088814 0.246190 0.074788
v -0.090124 0.244896 0.083716
v -0.091589 0.247066 0.079703
v -0.091589 0.245718 0.084008
v -0.091589 0.245039 0.085830
v -0.090124 0.243225 0.087919
v -0.091589 0.244022 0.088271
v -0.134598 0.245039 0.085830
v -0.134598 0.244022 0.088271
v -0.093094 0.243291 0.089863
v -0.093094 0.242385 0.091681
v -0.133094 0.243291 0.089863
v -0.093094 0.244143 0.090287
v -0.133094 0.244143 0.090287
v -0.093094 0.243238 0.092105
v -0.133094 0.243238 0.092105
v -0.133094 0.242385 0.091681
v -0.136064 0.244896 0.083716
v -0.136064 0.246245 0.079400
v -0.137374 0.243866 0.083351
v -0.134598 0.247066 0.079703
v -0.134598 0.245718 0.084008
v -0.133094 0.245410 0.084856
v -0.093094 0.245410 0.084856
v -0.133094 0.246085 0.082941
v -0.133094 0.246308 0.085173
v -0.133094 0.246982 0.083257
v -0.093094 0.246982 0.083257
v -0.093094 0.246085 0.082941
v -0.093094 0.246308 0.085173
v -0.134598 0.247086 0.079628
v -0.091589 0.247086 0.079628
v -0.134598 0.248119 0.075157
v -0.133094 0.247573 0.077712
v -0.133094 0.248007 0.075728
v -0.093094 0.247573 0.077712
v -0.133094 0.248502 0.077915
v -0.133094 0.248937 0.075932
v -0.093094 0.248937 0.075932
v -0.093094 0.248007 0.075728
v -0.093094 0.248502 0.077915
v -0.091589 0.248430 0.073395
v -0.091589 0.248119 0.075157
v -0.090124 0.247263 0.074993
v -0.088814 0.246859 0.070399
v -0.090124 0.247945 0.070522
v -0.091589 0.248811 0.070621
v -0.091589 0.249116 0.066978
v -0.093094 0.248841 0.070356
v -0.093094 0.249028 0.068334
v -0.133094 0.249028 0.068334
v -0.093094 0.249976 0.068422
v -0.093094 0.249789 0.070444
v -0.133094 0.249789 0.070444
v -0.133094 0.249976 0.068422
v -0.133094 0.248841 0.070356
v -0.134598 0.248430 0.073395
v -0.134598 0.249116 0.066978
v -0.134598 0.248811 0.070621
v -0.136064 0.247945 0.070522
v -0.136064 0.248287 0.066013
v -0.137374 0.246859 0.070399
v -0.136064 0.247263 0.074993
v -0.137374 0.246190 0.074788
v -0.138493 0.244926 0.074546
v -0.138493 0.243949 0.078777
v -0.137374 0.245190 0.079113
v -0.139395 0.242551 0.078397
v -0.140055 0.241034 0.077986
v -0.139395 0.243504 0.074273
v -0.138493 0.245581 0.070253
v -0.140055 0.241960 0.073977
v -0.139395 0.244143 0.070089
v -0.140055 0.242581 0.069911
v -0.139395 0.244463 0.065868
v -0.138493 0.245910 0.065923
v -0.137374 0.247195 0.061532
v -0.138493 0.245910 0.061580
v -0.137374 0.247195 0.065971
v -0.136064 0.248287 0.061490
v -0.134598 0.249158 0.061457
v -0.134598 0.249116 0.060525
v -0.136064 0.247945 0.056981
v -0.134598 0.248811 0.056882
v -0.136064 0.247263 0.052510
v -0.137374 0.246859 0.057105
v -0.138493 0.245581 0.057250
v -0.137374 0.246190 0.052715
v -0.138493 0.244926 0.052957
v -0.137374 0.245190 0.048390
v -0.136064 0.246245 0.048103
v -0.134598 0.247086 0.047875
v -0.134598 0.247066 0.047800
v -0.136064 0.244896 0.043787
v -0.134598 0.245718 0.043495
v -0.134598 0.245039 0.041673
v -0.136064 0.243225 0.039584
v -0.137374 0.243866 0.044152
v -0.137374 0.242226 0.040026
v -0.138493 0.242654 0.044582
v -0.138493 0.243949 0.048727
v -0.139395 0.243504 0.053230
v -0.139395 0.242551 0.049106
v -0.140055 0.241034 0.049517
v -0.139395 0.241289 0.045065
v -0.140055 0.241960 0.053526
v -0.140458 0.240934 0.057780
v -0.140055 0.242581 0.057592
v -0.140458 0.240333 0.053837
v -0.140594 0.238663 0.054157
v -0.140594 0.239245 0.057973
v -0.140458 0.239435 0.049951
v -0.140055 0.239807 0.045591
v -0.140594 0.237794 0.050396
v -0.140458 0.238245 0.046144
v -0.140594 0.236643 0.046712
v -0.140055 0.238287 0.041768
v -0.140458 0.236772 0.042438
v -0.140458 0.235022 0.038854
v -0.140055 0.236482 0.038071
v -0.140594 0.235217 0.043126
v -0.140594 0.233523 0.039657
v -0.140594 0.221679 0.051702
v -0.140594 0.219680 0.047212
v -0.140594 0.231572 0.036327
v -0.140594 0.217075 0.043044
v -0.140594 0.226944 0.030155
v -0.140594 0.229375 0.033153
v -0.140594 0.213916 0.039279
v -0.140594 0.210263 0.035990
v -0.140594 0.224293 0.027349
v -0.140458 0.225484 0.026136
v -0.140458 0.222533 0.023452
v -0.140594 0.221438 0.024752
v -0.140458 0.219388 0.020999
v -0.140594 0.218394 0.022379
v -0.140594 0.215180 0.020242
v -0.140458 0.216067 0.018791
v -0.140594 0.206189 0.033242
v -0.140594 0.211813 0.018354
v -0.140594 0.201771 0.031087
v -0.140594 0.204700 0.015368
v -0.140594 0.208313 0.016727
v -0.140594 0.197097 0.029568
v -0.140594 0.200995 0.014287
v -0.140594 0.197218 0.013490
v -0.140594 0.192256 0.028715
v -0.140594 0.189539 0.012761
v -0.140594 0.187344 0.028543
v -0.140594 0.193392 0.012980
v -0.140458 0.189571 0.011061
v -0.140458 0.193553 0.011287
v -0.140055 0.193710 0.009638
v -0.140055 0.189602 0.009404
v -0.140458 0.197507 0.011814
v -0.140055 0.197787 0.010181
v -0.140458 0.201409 0.012638
v -0.140055 0.201813 0.011031
v -0.140458 0.205238 0.013756
v -0.140458 0.208971 0.015159
v -0.140055 0.205762 0.012183
v -0.140055 0.209613 0.013631
v -0.139395 0.206259 0.010692
v -0.139395 0.202196 0.009506
v -0.138493 0.198299 0.007205
v -0.139395 0.198054 0.008632
v -0.138493 0.202548 0.008102
v -0.138493 0.206717 0.009319
v -0.137374 0.202861 0.006855
v -0.137374 0.198517 0.005937
v -0.137374 0.194117 0.005350
v -0.136064 0.198703 0.004860
v -0.136064 0.194220 0.004262
v -0.134598 0.194302 0.003395
v -0.134598 0.196621 0.003660
v -0.134598 0.190188 0.003145
v -0.136064 0.189705 0.004006
v -0.134598 0.189721 0.003134
v -0.136064 0.185183 0.004091
v -0.137374 0.189684 0.005098
v -0.134598 0.185133 0.003221
v -0.133094 0.183829 0.003309
v -0.133094 0.185855 0.003184
v -0.134598 0.183736 0.003317
v -0.091589 0.183736 0.003317
v -0.134598 0.180565 0.003655
v -0.136064 0.180681 0.004519
v -0.136064 0.176223 0.005285
v -0.137374 0.180825 0.005602
v -0.137374 0.185245 0.005183
v -0.138493 0.185318 0.006467
v -0.138493 0.189660 0.006385
v -0.139395 0.189632 0.007832
v -0.138493 0.193995 0.006631
v -0.139395 0.193858 0.008072
v -0.139395 0.185400 0.007912
v -0.139395 0.181186 0.008312
v -0.138493 0.180995 0.006877
v -0.140055 0.185489 0.009482
v -0.140458 0.185583 0.011136
v -0.140055 0.181394 0.009871
v -0.140458 0.181613 0.011513
v -0.140055 0.177339 0.010568
v -0.139395 0.177015 0.009030
v -0.138493 0.176715 0.007613
v -0.139394 0.172909 0.010061
v -0.138493 0.172503 0.008671
v -0.138493 0.168384 0.010044
v -0.137373 0.167931 0.008840
v -0.137373 0.172143 0.007436
v -0.137374 0.176449 0.006355
v -0.136064 0.167547 0.007817
v -0.136064 0.171837 0.006387
v -0.134598 0.171593 0.005550
v -0.134598 0.171071 0.005705
v -0.133094 0.171071 0.005705
v -0.134598 0.167240 0.007001
v -0.134598 0.165000 0.007894
v -0.133094 0.169229 0.006292
v -0.093094 0.169229 0.006292
v -0.091589 0.167240 0.007001
v -0.136064 0.163377 0.009567
v -0.137373 0.163837 0.010558
v -0.134598 0.159196 0.010716
v -0.136064 0.159351 0.011628
v -0.134598 0.163009 0.008777
v -0.133094 0.162315 0.009105
v -0.133094 0.164160 0.008256
v -0.093094 0.164160 0.008256
v -0.133094 0.163762 0.007392
v -0.133094 0.161917 0.008241
v -0.093094 0.161917 0.008241
v -0.093094 0.162315 0.009105
v -0.093094 0.163762 0.007392
v -0.091589 0.159196 0.010716
v -0.091589 0.163009 0.008777
v -0.091589 0.165000 0.007894
v -0.090124 0.163377 0.009567
v -0.090124 0.167547 0.007817
v -0.091589 0.171071 0.005705
v -0.090124 0.171837 0.006387
v -0.088814 0.167931 0.008840
v -0.088814 0.163837 0.010558
v -0.088814 0.159885 0.012581
v -0.087695 0.164380 0.011725
v -0.087695 0.160515 0.013704
v -0.087695 0.168384 0.010044
v -0.086793 0.164990 0.013038
v -0.086793 0.168893 0.011399
v -0.087695 0.172503 0.008671
v -0.088814 0.176449 0.006355
v -0.088814 0.172143 0.007436
v -0.090124 0.176223 0.005285
v -0.091589 0.176043 0.004432
v -0.091589 0.177340 0.004173
v -0.090124 0.180681 0.004519
v -0.091589 0.180565 0.003655
v -0.090124 0.185183 0.004091
v -0.088814 0.180825 0.005602
v -0.088814 0.185245 0.005183
v -0.090124 0.189705 0.004006
v -0.088814 0.189684 0.005098
v -0.088814 0.194117 0.005350
v -0.090124 0.194220 0.004262
v -0.087695 0.189660 0.006385
v -0.087695 0.193995 0.006631
v -0.088814 0.198517 0.005937
v -0.087695 0.198299 0.007205
v -0.086793 0.193858 0.008072
v -0.086793 0.198054 0.008632
v -0.086793 0.202196 0.009506
v -0.087695 0.202548 0.008102
v -0.088814 0.207124 0.008098
v -0.088814 0.202861 0.006855
v -0.087695 0.206717 0.009319
v -0.088814 0.211280 0.009660
v -0.087695 0.210782 0.010847
v -0.086793 0.206259 0.010692
v -0.086793 0.210221 0.012181
v -0.087695 0.214719 0.012678
v -0.086793 0.214059 0.013966
v -0.087695 0.218507 0.014801
v -0.086793 0.217752 0.016036
v -0.087695 0.222123 0.017205
v -0.088814 0.226376 0.018892
v -0.088814 0.222875 0.016162
v -0.087695 0.225547 0.019876
v -0.088814 0.229661 0.021880
v -0.087695 0.228760 0.022798
v -0.088814 0.232710 0.025107
v -0.087695 0.231742 0.025954
v -0.088814 0.235506 0.028555
v -0.087695 0.234477 0.029327
v -0.086793 0.230653 0.026908
v -0.088814 0.238033 0.032206
v -0.090124 0.241241 0.035520
v -0.090124 0.238955 0.031618
v -0.088814 0.240278 0.036037
v -0.090124 0.243225 0.039584
v -0.088814 0.242226 0.040026
v -0.090124 0.244896 0.043787
v -0.088814 0.243866 0.044152
v -0.090124 0.246245 0.048103
v -0.088814 0.245190 0.048390
v -0.087695 0.242654 0.044582
v -0.087695 0.243949 0.048727
v -0.088814 0.246190 0.052715
v -0.087695 0.244926 0.052957
v -0.086793 0.242551 0.049106
v -0.086793 0.243504 0.053230
v -0.086793 0.244143 0.057414
v -0.087695 0.245581 0.057250
v -0.088814 0.247195 0.061532
v -0.088814 0.246859 0.057105
v -0.087695 0.245910 0.061580
v -0.088814 0.247195 0.065971
v -0.087695 0.245910 0.065923
v -0.086793 0.244463 0.061635
v -0.086793 0.244463 0.065868
v -0.087695 0.245581 0.070253
v -0.086793 0.244143 0.070089
v -0.090124 0.248287 0.066013
v -0.090124 0.248287 0.061490
v -0.091589 0.249158 0.066046
v -0.091589 0.249158 0.061457
v -0.134598 0.249158 0.066046
v -0.133094 0.249196 0.062900
v -0.093094 0.249196 0.062900
v -0.093094 0.249133 0.060870
v -0.091589 0.249116 0.060525
v -0.133094 0.249133 0.060870
v -0.093094 0.250085 0.060841
v -0.133094 0.250085 0.060841
v -0.093094 0.250147 0.062870
v -0.133094 0.250147 0.062870
v -0.093094 0.248632 0.055456
v -0.133094 0.248632 0.055456
v -0.090124 0.247945 0.056981
v -0.091589 0.248811 0.056882
v -0.091589 0.248430 0.054108
v -0.093094 0.248430 0.054108
v -0.093094 0.248320 0.053450
v -0.093094 0.249261 0.053304
v -0.093094 0.249572 0.055310
v -0.133094 0.249572 0.055310
v -0.133094 0.249261 0.053304
v -0.133094 0.248320 0.053450
v -0.134598 0.248119 0.052346
v -0.133094 0.247157 0.048139
v -0.133094 0.248430 0.054108
v -0.134598 0.248430 0.054108
v -0.133094 0.247066 0.047800
v -0.093094 0.247157 0.048139
v -0.133094 0.248072 0.047878
v -0.133094 0.246601 0.046186
v -0.093094 0.248072 0.047878
v -0.133094 0.247517 0.045925
v -0.093094 0.247517 0.045925
v -0.093094 0.247066 0.047800
v -0.093094 0.246601 0.046186
v -0.091589 0.247066 0.047800
v -0.091589 0.245718 0.043495
v -0.091589 0.245039 0.041673
v -0.091589 0.244022 0.039232
v -0.093094 0.244794 0.041058
v -0.133094 0.244794 0.041058
v -0.093094 0.244003 0.039188
v -0.093094 0.245671 0.040687
v -0.133094 0.245671 0.040687
v -0.093094 0.244879 0.038817
v -0.133094 0.244003 0.039188
v -0.133094 0.244879 0.038817
v -0.134598 0.244022 0.039232
v -0.091589 0.242372 0.035796
v -0.134598 0.242372 0.035796
v -0.093094 0.241579 0.034321
v -0.133094 0.241579 0.034321
v -0.134598 0.242009 0.035108
v -0.136064 0.241241 0.035520
v -0.136064 0.238955 0.031618
v -0.137374 0.240278 0.036037
v -0.134598 0.239690 0.031149
v -0.133094 0.240564 0.032562
v -0.093094 0.240564 0.032562
v -0.134598 0.239096 0.030236
v -0.091589 0.239690 0.031149
v -0.091589 0.239096 0.030236
v -0.091589 0.242009 0.035108
v -0.091589 0.237078 0.027377
v -0.093094 0.237561 0.028030
v -0.133094 0.237561 0.028030
v -0.093094 0.236337 0.026410
v -0.093094 0.238321 0.027457
v -0.133094 0.238321 0.027457
v -0.093094 0.237097 0.025836
v -0.133094 0.237097 0.025836
v -0.133094 0.236337 0.026410
v -0.091589 0.235247 0.025056
v -0.134598 0.235247 0.025056
v -0.134598 0.234188 0.023813
v -0.134598 0.237078 0.027377
v -0.136064 0.233532 0.024387
v -0.136064 0.236380 0.027900
v -0.137374 0.232710 0.025107
v -0.134598 0.231037 0.020477
v -0.137374 0.235506 0.028555
v -0.136064 0.230426 0.021099
v -0.136064 0.227081 0.018056
v -0.137374 0.229661 0.021880
v -0.134598 0.230870 0.020314
v -0.093094 0.227369 0.017161
v -0.134598 0.227642 0.017390
v -0.091589 0.230870 0.020314
v -0.133094 0.227369 0.017161
v -0.133094 0.231386 0.020823
v -0.133094 0.232800 0.022281
v -0.093094 0.231386 0.020823
v -0.133094 0.232070 0.020161
v -0.093094 0.232070 0.020161
v -0.093094 0.232800 0.022281
v -0.093094 0.233483 0.021618
v -0.133094 0.233483 0.021618
v -0.091589 0.234188 0.023813
v -0.090124 0.233532 0.024387
v -0.090124 0.230426 0.021099
v -0.091589 0.231037 0.020477
v -0.090124 0.227081 0.018056
v -0.090124 0.223514 0.015275
v -0.091589 0.224024 0.014568
v -0.091589 0.226013 0.016064
v -0.091589 0.227642 0.017390
v -0.093094 0.226013 0.016064
v -0.093094 0.226383 0.015146
v -0.093094 0.225787 0.015888
v -0.133094 0.225787 0.015888
v -0.133094 0.221349 0.012746
v -0.093094 0.221349 0.012746
v -0.093094 0.220732 0.012355
v -0.093094 0.221850 0.011937
v -0.133094 0.221850 0.011937
v -0.133094 0.220732 0.012355
v -0.133094 0.220124 0.010868
v -0.093094 0.220124 0.010868
v -0.133094 0.219623 0.011677
v -0.134598 0.216200 0.009784
v -0.093094 0.219623 0.011677
v -0.091589 0.216200 0.009784
v -0.091589 0.220203 0.012028
v -0.090124 0.215803 0.010560
v -0.090124 0.219748 0.012771
v -0.091589 0.220732 0.012355
v -0.088814 0.219178 0.013704
v -0.088814 0.215305 0.011532
v -0.090124 0.211703 0.008653
v -0.091589 0.212040 0.007849
v -0.091589 0.215087 0.009228
v -0.134598 0.215087 0.009228
v -0.093094 0.214833 0.009105
v -0.093094 0.212988 0.008256
v -0.133094 0.212988 0.008256
v -0.093094 0.213386 0.007392
v -0.134598 0.209141 0.006719
v -0.091589 0.209141 0.006719
v -0.091589 0.207745 0.006234
v -0.090124 0.207469 0.007061
v -0.093094 0.207918 0.006292
v -0.133094 0.207918 0.006292
v -0.093094 0.205983 0.005677
v -0.093094 0.208207 0.005385
v -0.133094 0.208207 0.005385
v -0.093094 0.206272 0.004770
v -0.133094 0.206272 0.004770
v -0.133094 0.205983 0.005677
v -0.134598 0.203340 0.004949
v -0.091589 0.203340 0.004949
v -0.134598 0.207745 0.006234
v -0.136064 0.203128 0.005795
v -0.136064 0.207469 0.007061
v -0.134598 0.202962 0.004856
v -0.091589 0.202962 0.004856
v -0.134598 0.198850 0.004001
v -0.133094 0.200711 0.004351
v -0.093094 0.200711 0.004351
v -0.093094 0.198714 0.003978
v -0.093094 0.200885 0.003415
v -0.133094 0.200885 0.003415
v -0.093094 0.198889 0.003042
v -0.133094 0.198889 0.003042
v -0.133094 0.198714 0.003978
v -0.091589 0.196621 0.003660
v -0.091589 0.198850 0.004001
v -0.133094 0.193319 0.003309
v -0.093094 0.193319 0.003309
v -0.091589 0.194302 0.003395
v -0.090124 0.198703 0.004860
v -0.090124 0.203128 0.005795
v -0.091589 0.190188 0.003145
v -0.093094 0.191292 0.003184
v -0.133094 0.191292 0.003184
v -0.093094 0.191351 0.002235
v -0.133094 0.191351 0.002235
v -0.093094 0.193377 0.002359
v -0.133094 0.193377 0.002359
v -0.091589 0.189721 0.003134
v -0.091589 0.185133 0.003221
v -0.093094 0.185855 0.003184
v -0.093094 0.183829 0.003309
v -0.093094 0.185797 0.002235
v -0.133094 0.185797 0.002235
v -0.093094 0.183770 0.002359
v -0.133094 0.183770 0.002359
v -0.134598 0.212040 0.007849
v -0.137374 0.207124 0.008098
v -0.136064 0.211703 0.008653
v -0.137374 0.211280 0.009660
v -0.138493 0.210782 0.010847
v -0.137374 0.215305 0.011532
v -0.138493 0.214719 0.012678
v -0.139395 0.214059 0.013966
v -0.139395 0.217752 0.016036
v -0.138493 0.218507 0.014801
v -0.137374 0.219178 0.013704
v -0.138493 0.222123 0.017205
v -0.139395 0.221277 0.018380
v -0.140055 0.220357 0.019655
v -0.139395 0.224614 0.020983
v -0.140055 0.223601 0.022185
v -0.140055 0.226645 0.024953
v -0.139395 0.227746 0.023831
v -0.140458 0.228223 0.029035
v -0.140055 0.229470 0.027944
v -0.140458 0.230735 0.032133
v -0.140055 0.232061 0.031139
v -0.139395 0.230653 0.026908
v -0.139395 0.233319 0.030196
v -0.138493 0.231742 0.025954
v -0.138493 0.228760 0.022798
v -0.138493 0.225547 0.019876
v -0.137374 0.226376 0.018892
v -0.137374 0.222875 0.016162
v -0.136064 0.223514 0.015275
v -0.134598 0.224024 0.014568
v -0.134598 0.220732 0.012355
v -0.136064 0.219748 0.012771
v -0.134598 0.226013 0.016064
v -0.133094 0.226013 0.016064
v -0.133094 0.227965 0.016419
v -0.133094 0.226383 0.015146
v -0.093094 0.227965 0.016419
v -0.134598 0.220203 0.012028
v -0.136064 0.215803 0.010560
v -0.138493 0.234477 0.029327
v -0.138493 0.236949 0.032897
v -0.139395 0.235728 0.033676
v -0.140055 0.234403 0.034521
v -0.139395 0.237868 0.037328
v -0.138493 0.239144 0.036644
v -0.139395 0.239725 0.041132
v -0.138493 0.241049 0.040547
v -0.137374 0.238033 0.032206
v -0.140458 0.233006 0.035412
v -0.140055 0.216931 0.017378
v -0.140055 0.213343 0.015366
v -0.140458 0.212588 0.016841
v -0.139395 0.210221 0.012181
v -0.133094 0.214833 0.009105
v -0.133094 0.215230 0.008241
v -0.133094 0.213386 0.007392
v -0.093094 0.215230 0.008241
v -0.090124 0.236380 0.027900
v -0.093094 0.241388 0.032087
v -0.133094 0.241388 0.032087
v -0.093094 0.242404 0.033845
v -0.133094 0.242404 0.033845
v -0.091589 0.247086 0.047875
v -0.091589 0.248119 0.052346
v -0.090124 0.247263 0.052510
v -0.093094 0.177340 0.004173
v -0.093094 0.178433 0.003978
v -0.133094 0.178433 0.003978
v -0.134598 0.177340 0.004173
v -0.133094 0.177340 0.004173
v -0.133094 0.178258 0.003042
v -0.093094 0.178258 0.003042
v -0.133094 0.176262 0.003415
v -0.093094 0.176262 0.003415
v -0.133094 0.176437 0.004351
v -0.093094 0.176437 0.004351
v -0.133094 0.171164 0.005677
v -0.093094 0.171164 0.005677
v -0.093094 0.171071 0.005705
v -0.091589 0.171593 0.005550
v -0.093094 0.170876 0.004770
v -0.133094 0.170876 0.004770
v -0.133094 0.168941 0.005385
v -0.093094 0.168941 0.005385
v -0.134598 0.176043 0.004432
v -0.090124 0.159351 0.011628
v -0.088814 0.156098 0.014898
v -0.090124 0.155493 0.013988
v -0.088814 0.152496 0.017494
v -0.090124 0.151824 0.016632
v -0.088814 0.149101 0.020355
v -0.090124 0.148365 0.019546
v -0.088814 0.145932 0.023464
v -0.090124 0.145137 0.022714
v -0.090124 0.142158 0.026116
v -0.091589 0.144026 0.022627
v -0.091589 0.144504 0.022115
v -0.091589 0.147779 0.018901
v -0.091589 0.148649 0.018125
v -0.134598 0.147779 0.018901
v -0.133094 0.145761 0.020823
v -0.093094 0.145761 0.020823
v -0.093094 0.144347 0.022281
v -0.133094 0.144347 0.022281
v -0.093094 0.143664 0.021618
v -0.093094 0.145078 0.020161
v -0.133094 0.145078 0.020161
v -0.133094 0.143664 0.021619
v -0.134598 0.144026 0.022627
v -0.134598 0.144504 0.022115
v -0.136064 0.145137 0.022714
v -0.136064 0.148365 0.019546
v -0.134598 0.148649 0.018125
v -0.136064 0.151824 0.016632
v -0.134598 0.151288 0.015945
v -0.137373 0.149101 0.020355
v -0.137373 0.152496 0.017494
v -0.138493 0.153287 0.018508
v -0.137373 0.156098 0.014898
v -0.138493 0.156810 0.015969
v -0.139394 0.157611 0.017175
v -0.139394 0.161222 0.014966
v -0.138493 0.160515 0.013704
v -0.138493 0.164380 0.011725
v -0.137373 0.159885 0.012581
v -0.139394 0.164990 0.013038
v -0.140055 0.165653 0.014463
v -0.140055 0.169446 0.012871
v -0.139394 0.168893 0.011399
v -0.140055 0.173349 0.011570
v -0.140458 0.177682 0.012189
v -0.140458 0.173813 0.013161
v -0.140594 0.174290 0.014793
v -0.140458 0.170030 0.014422
v -0.140594 0.178033 0.013853
v -0.140594 0.181837 0.013198
v -0.140594 0.182456 0.029057
v -0.140594 0.177687 0.030246
v -0.140594 0.170628 0.016013
v -0.140594 0.173130 0.032087
v -0.140594 0.167069 0.017507
v -0.140594 0.168874 0.034545
v -0.140594 0.163633 0.019266
v -0.140458 0.159399 0.019864
v -0.140594 0.160340 0.021280
v -0.140458 0.162802 0.017783
v -0.140055 0.161991 0.016338
v -0.140458 0.166352 0.015966
v -0.140055 0.158482 0.018484
v -0.140055 0.155144 0.020889
v -0.139394 0.154177 0.019650
v -0.139394 0.150940 0.022377
v -0.138493 0.149966 0.021306
v -0.138493 0.146867 0.024348
v -0.137373 0.145932 0.023464
v -0.136064 0.142158 0.026116
v -0.134598 0.141481 0.025567
v -0.133094 0.140810 0.026410
v -0.134598 0.139907 0.027595
v -0.134598 0.138728 0.029238
v -0.133094 0.139907 0.027595
v -0.133094 0.139586 0.028030
v -0.133094 0.140051 0.025836
v -0.133094 0.138827 0.027457
v -0.093094 0.138827 0.027457
v -0.093094 0.140810 0.026410
v -0.093094 0.139586 0.028030
v -0.093094 0.140051 0.025836
v -0.093094 0.139907 0.027595
v -0.091589 0.139907 0.027595
v -0.091589 0.141481 0.025567
v -0.091589 0.138728 0.029238
v -0.090124 0.139445 0.029734
v -0.090124 0.137013 0.033547
v -0.091589 0.136339 0.032973
v -0.091589 0.136261 0.033107
v -0.093094 0.136339 0.032973
v -0.093094 0.136583 0.032562
v -0.093094 0.134744 0.033845
v -0.093094 0.135759 0.032087
v -0.133094 0.135759 0.032087
v -0.133094 0.136583 0.032562
v -0.133094 0.134744 0.033845
v -0.139394 0.147919 0.025342
v -0.140055 0.151998 0.023540
v -0.140055 0.149062 0.026422
v -0.140055 0.146352 0.029517
v -0.140458 0.150266 0.027560
v -0.140458 0.153113 0.024766
v -0.140594 0.154257 0.026024
v -0.140594 0.157209 0.023537
v -0.140458 0.156163 0.022196
v -0.140594 0.165000 0.037571
v -0.140594 0.161586 0.041106
v -0.140594 0.151502 0.028727
v -0.140594 0.148959 0.031631
v -0.140458 0.147639 0.030561
v -0.140458 0.145246 0.033751
v -0.140594 0.146644 0.034719
v -0.140594 0.144568 0.037973
v -0.140594 0.158697 0.045083
v -0.140594 0.156390 0.049422
v -0.140594 0.154709 0.054041
v -0.140594 0.142745 0.041375
v -0.140594 0.141184 0.044905
v -0.140594 0.139894 0.048543
v -0.140594 0.138883 0.052269
v -0.140594 0.138157 0.056060
v -0.140458 0.136025 0.059766
v -0.140458 0.135874 0.063752
v -0.140055 0.134217 0.063752
v -0.140055 0.134372 0.067863
v -0.139394 0.132805 0.067981
v -0.138493 0.131853 0.072405
v -0.139394 0.133284 0.072187
v -0.140055 0.134838 0.071950
v -0.139394 0.134081 0.076344
v -0.138493 0.132670 0.076670
v -0.137373 0.132579 0.081245
v -0.138493 0.133807 0.080861
v -0.137373 0.131416 0.076960
v -0.136064 0.130352 0.077206
v -0.136064 0.131536 0.081571
v -0.134598 0.131014 0.082793
v -0.134598 0.130704 0.081831
v -0.136064 0.133047 0.085833
v -0.136064 0.134876 0.089970
v -0.137373 0.134062 0.085430
v -0.134598 0.132237 0.086155
v -0.133094 0.131738 0.084856
v -0.133094 0.131063 0.082941
v -0.134598 0.133364 0.088804
v -0.093094 0.133857 0.089863
v -0.091589 0.133364 0.088804
v -0.133094 0.133857 0.089863
v -0.134598 0.134093 0.090352
v -0.093094 0.131738 0.084856
v -0.093094 0.131063 0.082941
v -0.093094 0.130840 0.085173
v -0.091589 0.132237 0.086155
v -0.091589 0.131014 0.082793
v -0.090124 0.131536 0.081571
v -0.091589 0.130704 0.081831
v -0.091589 0.129502 0.077402
v -0.093094 0.129575 0.077712
v -0.093094 0.129316 0.076567
v -0.133094 0.129575 0.077712
v -0.093094 0.128645 0.077915
v -0.093094 0.128211 0.075932
v -0.133094 0.128211 0.075932
v -0.133094 0.128645 0.077915
v -0.093094 0.129140 0.075728
v -0.133094 0.129140 0.075728
v -0.133094 0.129316 0.076567
v -0.134598 0.129502 0.077402
v -0.134598 0.129316 0.076567
v -0.091589 0.129316 0.076567
v -0.090124 0.130352 0.077206
v -0.133094 0.130840 0.085173
v -0.093094 0.130165 0.083257
v -0.133094 0.130165 0.083257
v -0.134598 0.136261 0.094396
v -0.133094 0.134762 0.091681
v -0.093094 0.134762 0.091681
v -0.136064 0.137013 0.093956
v -0.134598 0.136339 0.094530
v -0.091589 0.136261 0.094396
v -0.091589 0.134093 0.090352
v -0.091589 0.136339 0.094530
v -0.090124 0.139445 0.097769
v -0.091589 0.138728 0.098265
v -0.093094 0.138602 0.098082
v -0.093094 0.137480 0.096389
v -0.133094 0.137480 0.096389
v -0.093094 0.136687 0.096915
v -0.133094 0.136687 0.096915
v -0.093094 0.137809 0.098608
v -0.133094 0.137809 0.098608
v -0.133094 0.138602 0.098082
v -0.134598 0.139907 0.099908
v -0.091589 0.139907 0.099908
v -0.134598 0.138728 0.098265
v -0.136064 0.139445 0.097769
v -0.137373 0.137956 0.093403
v -0.138493 0.137014 0.088926
v -0.137373 0.135858 0.089490
v -0.138493 0.135258 0.084954
v -0.139394 0.136603 0.084419
v -0.139394 0.135189 0.080430
v -0.140055 0.136690 0.079961
v -0.140055 0.135612 0.075990
v -0.140458 0.137227 0.075617
v -0.140458 0.136477 0.071700
v -0.140458 0.136025 0.067737
v -0.091589 0.141481 0.101936
v -0.093094 0.141878 0.102421
v -0.133094 0.141878 0.102421
v -0.093094 0.143200 0.103963
v -0.093094 0.141156 0.103040
v -0.133094 0.141156 0.103040
v -0.093094 0.142477 0.104582
v -0.133094 0.142477 0.104582
v -0.133094 0.143200 0.103963
v -0.134598 0.141481 0.101936
v -0.090124 0.142158 0.101387
v -0.088814 0.143007 0.100698
v -0.093094 0.133910 0.092105
v -0.093094 0.133005 0.090287
v -0.133094 0.133005 0.090287
v -0.133094 0.133910 0.092105
v -0.140594 0.185680 0.012834
v -0.136064 0.155493 0.013988
v -0.134598 0.153725 0.014139
v -0.134598 0.155010 0.013262
v -0.134598 0.158925 0.010868
v -0.133094 0.157525 0.011677
v -0.133094 0.155798 0.012746
v -0.133094 0.155297 0.011937
v -0.093094 0.155297 0.011937
v -0.091589 0.153725 0.014139
v -0.093094 0.155798 0.012746
v -0.091589 0.155010 0.013262
v -0.091589 0.158925 0.010868
v -0.093094 0.157525 0.011677
v -0.093094 0.157024 0.010868
v -0.133094 0.157024 0.010868
v -0.091589 0.151288 0.015945
v -0.093094 0.151361 0.015888
v -0.133094 0.151361 0.015888
v -0.093094 0.149779 0.017161
v -0.093094 0.150764 0.015146
v -0.133094 0.150764 0.015146
v -0.093094 0.149182 0.016419
v -0.133094 0.149182 0.016419
v -0.133094 0.149779 0.017161
v -0.140594 0.223034 0.056427
v -0.140594 0.223718 0.061294
v -0.140594 0.239537 0.061822
v -0.140594 0.239537 0.065681
v -0.140594 0.223718 0.066209
v -0.140594 0.239245 0.069530
v -0.140594 0.223034 0.071076
v -0.140594 0.238663 0.073346
v -0.140594 0.237794 0.077107
v -0.140594 0.221679 0.075801
v -0.140594 0.236643 0.080791
v -0.140594 0.235217 0.084377
v -0.140458 0.238245 0.081359
v -0.140458 0.239435 0.077552
v -0.140458 0.240333 0.073666
v -0.140458 0.240934 0.069723
v -0.140458 0.241236 0.065746
v -0.140055 0.242892 0.065808
v -0.140055 0.242892 0.061695
v -0.139395 0.244463 0.061635
v -0.139395 0.244143 0.057414
v -0.140458 0.241236 0.061757
v -0.140458 0.230735 0.095370
v -0.134598 0.227642 0.110113
v -0.140594 0.160340 0.106223
v -0.140594 0.157209 0.103966
v -0.140594 0.154257 0.101479
v -0.140594 0.165000 0.089932
v -0.140594 0.161586 0.086397
v -0.140594 0.151502 0.098776
v -0.140458 0.153113 0.102737
v -0.140458 0.150266 0.099943
v -0.140594 0.148959 0.095872
v -0.140458 0.147639 0.096943
v -0.140594 0.146644 0.092784
v -0.140458 0.145246 0.093752
v -0.140594 0.144568 0.089530
v -0.140594 0.158697 0.082420
v -0.140055 0.146352 0.097986
v -0.139394 0.145131 0.098976
v -0.140055 0.149062 0.101081
v -0.139394 0.147919 0.102161
v -0.138493 0.149966 0.106197
v -0.138493 0.146867 0.103155
v -0.139394 0.150940 0.105126
v -0.138493 0.153287 0.108995
v -0.140055 0.151998 0.103963
v -0.137373 0.149101 0.107148
v -0.091589 0.155010 0.114241
v -0.091589 0.158925 0.116635
v -0.093094 0.159000 0.116678
v -0.093094 0.159196 0.116787
v -0.093094 0.158550 0.117516
v -0.133094 0.158550 0.117516
v -0.133094 0.159000 0.116678
v -0.133094 0.159196 0.116787
v -0.133094 0.160789 0.117638
v -0.093094 0.160789 0.117638
v -0.133094 0.160339 0.118477
v -0.093094 0.160339 0.118477
v -0.091589 0.163009 0.118726
v -0.091589 0.159196 0.116787
v -0.091589 0.165000 0.119609
v -0.091589 0.167240 0.120502
v -0.093094 0.165729 0.119911
v -0.133094 0.165729 0.119911
v -0.093094 0.167622 0.120644
v -0.093094 0.165385 0.120798
v -0.133094 0.165385 0.120798
v -0.093094 0.167278 0.121532
v -0.133094 0.167622 0.120644
v -0.133094 0.167278 0.121532
v -0.134598 0.167240 0.120502
v -0.134598 0.171071 0.121798
v -0.091589 0.171071 0.121798
v -0.091589 0.171593 0.121953
v -0.090124 0.171837 0.121116
v -0.090124 0.167547 0.119686
v -0.093094 0.172803 0.122293
v -0.133094 0.172803 0.122293
v -0.093094 0.174772 0.122788
v -0.093094 0.172571 0.123216
v -0.133094 0.172571 0.123216
v -0.093094 0.174540 0.123711
v -0.133094 0.174540 0.123711
v -0.133094 0.174772 0.122788
v -0.134598 0.176043 0.123071
v -0.134598 0.171593 0.121953
v -0.091589 0.177340 0.123330
v -0.091589 0.176043 0.123071
v -0.090124 0.176223 0.122218
v -0.091589 0.180565 0.123848
v -0.090124 0.180681 0.122984
v -0.093094 0.180117 0.123787
v -0.093094 0.182132 0.124036
v -0.093094 0.182015 0.124981
v -0.093094 0.180000 0.124731
v -0.133094 0.180000 0.124731
v -0.133094 0.182015 0.124981
v -0.088814 0.172143 0.120067
v -0.085594 0.177687 0.030246
v -0.085594 0.174290 0.014793
v -0.085594 0.182456 0.029057
v -0.085594 0.178033 0.013853
v -0.085594 0.197097 0.029568
v -0.085594 0.210263 0.035990
v -0.085594 0.213916 0.039279
v -0.085594 0.217075 0.043044
v -0.085594 0.231572 0.036327
v -0.085594 0.229375 0.033153
v -0.085594 0.221679 0.075801
v -0.085594 0.153344 0.063752
vn 0.3413 -0.9308 0.1308
vn 1.0000 -0.0000 -0.0000
vn 0.3413 -0.9035 0.2591
vn 0.3413 -0.9400 -0.0000
vn 0.3413 0.5787 0.7407
vn 0.3413 0.6762 0.6530
vn 0.3413 0.6762 0.6529
vn 0.3413 0.7604 0.5525
vn 0.9968 -0.0598 -0.0524
vn 0.9968 -0.0557 -0.0568
vn 0.9716 -0.1657 -0.1689
vn 0.9716 -0.1780 -0.1559
vn 0.9968 -0.0636 -0.0477
vn 0.9716 -0.1893 -0.1420
vn 0.9716 -0.1995 -0.1272
vn 0.9968 -0.0670 -0.0428
vn 0.9968 -0.0701 -0.0376
vn 0.9968 -0.0727 -0.0322
vn 0.9716 -0.2164 -0.0957
vn 0.9716 -0.2085 -0.1118
vn 0.9716 -0.2086 -0.1118
vn 0.9218 -0.3416 -0.1831
vn 0.9218 -0.3545 -0.1568
vn 0.9218 -0.3654 -0.1295
vn 0.9716 -0.2230 -0.0791
vn 0.9968 -0.0767 -0.0208
vn 0.9968 -0.0749 -0.0266
vn 0.9716 -0.2284 -0.0620
vn 0.9968 -0.0781 -0.0150
vn 0.9968 -0.0790 -0.0090
vn 0.9716 -0.2324 -0.0445
vn 0.9716 -0.2351 -0.0268
vn 0.9716 -0.2364 -0.0090
vn 0.9968 -0.0795 -0.0030
vn 0.9968 -0.0794 -0.0030
vn 0.9716 -0.2365 -0.0090
vn 0.9716 -0.2365 0.0090
vn 0.9968 -0.0794 0.0030
vn 0.9968 -0.0795 0.0030
vn 0.9716 -0.2351 0.0268
vn 0.9716 -0.2364 0.0090
vn 0.9968 -0.0790 0.0090
vn 0.9968 -0.0781 0.0150
vn 0.9968 -0.0767 0.0208
vn 0.9716 -0.2324 0.0445
vn 0.9716 -0.2284 0.0620
vn 0.9968 -0.0749 0.0266
vn 0.9716 -0.2230 0.0791
vn 0.9968 -0.0727 0.0322
vn 0.9716 -0.2164 0.0957
vn 0.9716 -0.2230 0.0790
vn 0.9218 -0.3654 0.1295
vn 0.9218 -0.3545 0.1568
vn 0.9218 -0.3416 0.1831
vn 0.9716 -0.2085 0.1118
vn 0.9968 -0.0670 0.0428
vn 0.9968 -0.0701 0.0376
vn 0.9716 -0.1995 0.1272
vn 0.3413 0.8299 -0.4413
vn 0.3413 0.8833 -0.3215
vn 0.3413 0.7605 -0.5525
vn 0.3413 0.6761 -0.6530
vn 0.3413 0.7604 -0.5525
vn 0.9968 -0.0598 0.0524
vn 0.9968 -0.0636 0.0477
vn 0.9716 -0.1893 0.1420
vn 0.9716 -0.1780 0.1559
vn 0.9716 -0.1657 0.1689
vn 0.9968 -0.0557 0.0568
vn 0.9968 -0.0512 0.0608
vn 0.9968 -0.0465 0.0645
vn 0.9716 -0.1525 0.1809
vn 0.9716 -0.1384 0.1920
vn 0.9968 -0.0415 0.0678
vn 0.9716 -0.1234 0.2019
vn 0.9218 -0.2266 0.3144
vn 0.9218 -0.2266 0.3145
vn 0.9218 -0.2022 0.3307
vn 0.9218 -0.1766 0.3450
vn 0.9716 -0.1078 0.2106
vn 0.9968 -0.0362 0.0708
vn 0.9968 -0.0308 0.0733
vn 0.9716 -0.0916 0.2182
vn 0.3413 0.4700 -0.8140
vn 0.3413 0.3521 -0.8715
vn 0.3413 0.2274 -0.9120
vn 0.9968 -0.0194 0.0771
vn 0.9968 -0.0251 0.0754
vn 0.9716 -0.0748 0.2245
vn 0.9716 -0.0576 0.2295
vn 0.9968 -0.0135 0.0784
vn 0.9716 -0.0401 0.2332
vn 0.9968 -0.0075 0.0792
vn 0.9968 -0.0015 0.0795
vn 0.9716 -0.0224 0.2356
vn 0.9716 -0.0045 0.2366
vn 0.9968 0.0045 0.0794
vn 0.9716 0.0134 0.2362
vn 0.9968 0.0105 0.0788
vn 0.9968 0.0164 0.0778
vn 0.9716 0.0313 0.2345
vn 0.9716 0.0489 0.2315
vn 0.9716 0.0313 0.2346
vn 0.9218 0.0512 0.3842
vn 0.9218 0.0801 0.3792
vn 0.9716 0.0663 0.2271
vn 0.9218 0.1086 0.3721
vn 0.8487 0.1093 0.5175
vn 0.8487 0.1481 0.5077
vn 0.8487 0.1861 0.4950
vn 0.9218 0.1364 0.3628
vn 0.9716 0.0833 0.2215
vn 0.9716 0.0998 0.2146
vn 0.9218 0.1634 0.3515
vn 0.9716 0.1157 0.2064
vn 0.9968 0.0335 0.0721
vn 0.9968 0.0389 0.0694
vn 0.9968 0.0280 0.0744
vn 0.9968 0.0223 0.0763
vn 0.3413 -0.5256 -0.7793
vn 0.3413 -0.4120 -0.8448
vn 0.9968 0.0489 0.0627
vn 0.9968 0.0440 0.0662
vn 0.9716 0.1455 0.1866
vn 0.9716 0.1310 0.1971
vn 0.9716 0.1310 0.1970
vn 0.9218 0.2146 0.3228
vn 0.9218 0.2384 0.3057
vn 0.9218 0.2384 0.3056
vn 0.9218 0.2608 0.2867
vn 0.9716 0.1592 0.1750
vn 0.9968 0.0535 0.0588
vn 0.9968 0.0578 0.0546
vn 0.9716 0.1720 0.1625
vn 0.3413 -0.7201 -0.6042
vn 0.3413 -0.6290 -0.6985
vn 0.3413 -0.7971 -0.4981
vn 0.9968 0.0618 0.0501
vn 0.9968 0.0654 0.0453
vn 0.9716 0.1838 0.1490
vn 0.9716 0.1945 0.1347
vn 0.9716 0.2042 0.1196
vn 0.9968 0.0686 0.0402
vn 0.9968 0.0714 0.0349
vn 0.9716 0.2126 0.1038
vn 0.9968 0.0739 0.0294
vn 0.9716 0.2199 0.0874
vn 0.9968 0.0759 0.0237
vn 0.9716 0.2258 0.0706
vn 0.9218 0.3602 0.1432
vn 0.9218 0.3700 0.1156
vn 0.9218 0.3777 0.0873
vn 0.9716 0.2305 0.0533
vn 0.9968 0.0786 0.0120
vn 0.9968 0.0775 0.0179
vn 0.9716 0.2339 0.0357
vn 0.9968 0.0793 0.0060
vn 0.9968 0.0795 -0.0000
vn 0.9716 0.2359 0.0179
vn 0.9716 0.2366 -0.0000
vn 0.9968 0.0793 -0.0060
vn 0.9716 0.2359 -0.0179
vn 0.9968 0.0786 -0.0120
vn 0.9716 0.2339 -0.0357
vn 0.9968 0.0775 -0.0179
vn 0.9716 0.2305 -0.0533
vn 0.9968 0.0759 -0.0237
vn 0.9716 0.2258 -0.0705
vn 0.9968 0.0739 -0.0294
vn 0.9968 0.0714 -0.0349
vn 0.9716 0.2199 -0.0874
vn 0.9716 0.2126 -0.1038
vn 0.9218 0.3602 -0.1432
vn 0.9218 0.3483 -0.1701
vn 0.9716 0.2042 -0.1196
vn 0.9218 0.3345 -0.1959
vn 0.8487 0.4752 -0.2320
vn 0.8487 0.4753 -0.2321
vn 0.8487 0.4563 -0.2673
vn 0.8487 0.4564 -0.2673
vn 0.8487 0.4348 -0.3011
vn 0.9218 0.3187 -0.2207
vn 0.9716 0.1945 -0.1347
vn 0.9716 0.1838 -0.1490
vn 0.9218 0.3011 -0.2441
vn 0.9716 0.1720 -0.1625
vn 0.9968 0.0578 -0.0546
vn 0.9968 0.0618 -0.0501
vn 0.9716 0.1592 -0.1750
vn 0.9968 0.0535 -0.0588
vn 0.9968 0.0489 -0.0627
vn 0.9716 0.1455 -0.1866
vn 0.9716 0.1592 -0.1751
vn 0.9218 0.2608 -0.2867
vn 0.9218 0.2608 -0.2868
vn 0.9218 0.2384 -0.3056
vn 0.9218 0.2384 -0.3057
vn 0.9218 0.2146 -0.3228
vn 0.9716 0.1310 -0.1970
vn 0.9968 0.0440 -0.0662
vn 0.9968 0.0389 -0.0694
vn 0.9716 0.1157 -0.2064
vn 0.9968 0.0335 -0.0721
vn 0.9968 0.0280 -0.0744
vn 0.9716 0.0998 -0.2146
vn 0.9716 0.0833 -0.2215
vn 0.9716 0.0663 -0.2271
vn 0.9968 0.0223 -0.0763
vn 0.9968 0.0164 -0.0778
vn 0.9716 0.0663 -0.2272
vn 0.9716 0.0489 -0.2315
vn 0.9968 0.0105 -0.0788
vn 0.9716 0.0313 -0.2346
vn 0.9968 0.0045 -0.0794
vn 0.9716 0.0134 -0.2362
vn 0.9716 0.0313 -0.2345
vn 0.9968 -0.0015 -0.0795
vn 0.9968 -0.0075 -0.0792
vn 0.9716 -0.0045 -0.2366
vn 0.9716 -0.0224 -0.2356
vn 0.9218 -0.0073 -0.3876
vn 0.9218 -0.0366 -0.3859
vn 0.9716 -0.0401 -0.2332
vn 0.9218 -0.0657 -0.3820
vn 0.8487 -0.0500 -0.5265
vn 0.8487 -0.0896 -0.5212
vn 0.8487 -0.1288 -0.5129
vn 0.9218 -0.0944 -0.3759
vn 0.9218 -0.0944 -0.3760
vn 0.9716 -0.0576 -0.2295
vn 0.9716 -0.0748 -0.2245
vn 0.9218 -0.1226 -0.3677
vn 0.9968 -0.0308 -0.0733
vn 0.9968 -0.0252 -0.0754
vn 0.9716 -0.0916 -0.2182
vn 0.9968 -0.0362 -0.0708
vn 0.9716 -0.1078 -0.2106
vn 0.9968 -0.0415 -0.0678
vn 0.9968 -0.0465 -0.0645
vn 0.9716 -0.1234 -0.2019
vn 0.9716 -0.1384 -0.1919
vn 0.9218 -0.2022 -0.3307
vn 0.9218 -0.2266 -0.3144
vn 0.9716 -0.1383 -0.1919
vn 0.9218 -0.2267 -0.3145
vn 0.9218 -0.2498 -0.2964
vn 0.9716 -0.1525 -0.1809
vn 0.8487 -0.3092 -0.4290
vn 0.8487 -0.3093 -0.4291
vn 0.8487 -0.3408 -0.4044
vn 0.8487 -0.3704 -0.3775
vn 0.9218 -0.2715 -0.2767
vn 0.8487 -0.3979 -0.3484
vn 0.9218 -0.2916 -0.2554
vn 0.8487 -0.4231 -0.3173
vn 0.9218 -0.3101 -0.2326
vn 0.9218 -0.3268 -0.2084
vn 0.8487 -0.4459 -0.2844
vn 0.7542 -0.5254 -0.3940
vn 0.7542 -0.5537 -0.3531
vn 0.7542 -0.5788 -0.3102
vn 0.8487 -0.4662 -0.2499
vn 0.8487 -0.4661 -0.2499
vn 0.7542 -0.6006 -0.2656
vn 0.8487 -0.4837 -0.2139
vn 0.8487 -0.4985 -0.1767
vn 0.7542 -0.6189 -0.2194
vn 0.6405 -0.7023 -0.3106
vn 0.6406 -0.7023 -0.3106
vn 0.7541 -0.6190 -0.2194
vn 0.6405 -0.7238 -0.2566
vn 0.6406 -0.7238 -0.2566
vn 0.5236 -0.8030 -0.2846
vn 0.5109 -0.8078 -0.2939
vn 0.5108 -0.7862 -0.3477
vn 0.5378 -0.7758 -0.3301
vn 0.0069 -0.9202 -0.3915
vn 0.0040 -0.9209 -0.3898
vn -0.0067 -0.9397 -0.3419
vn -0.0000 -0.3898 0.9209
vn -0.0000 -0.9388 -0.3444
vn -0.0000 -0.9209 -0.3897
vn -0.0000 -0.9209 -0.3898
vn -1.0000 -0.0000 -0.0000
vn -0.0000 0.3897 -0.9209
vn -0.0040 -0.9209 -0.3898
vn -0.0069 -0.9202 -0.3915
vn -0.0000 -0.9124 -0.4092
vn -0.0000 -0.9047 -0.4260
vn -0.5110 -0.7910 -0.3365
vn -0.5281 -0.7767 -0.3434
vn -0.5110 -0.7777 -0.3662
vn -0.0000 -0.8867 -0.4623
vn 0.0041 -0.8813 -0.4724
vn -0.0828 -0.8650 -0.4949
vn -0.5108 -0.7577 -0.4062
vn -0.5133 -0.7236 -0.4615
vn -0.5111 -0.7410 -0.4356
vn -0.6406 -0.6768 -0.3628
vn -0.6406 -0.6474 -0.4129
vn -0.6405 -0.6474 -0.4129
vn -0.7541 -0.5254 -0.3940
vn -0.6406 -0.6143 -0.4607
vn -0.7541 -0.5537 -0.3531
vn -0.8487 -0.4459 -0.2844
vn -0.8487 -0.4231 -0.3173
vn -0.7541 -0.5788 -0.3103
vn -0.8487 -0.4661 -0.2499
vn -0.9218 -0.3268 -0.2085
vn -0.9218 -0.3268 -0.2084
vn -0.9218 -0.3417 -0.1832
vn -0.9218 -0.3545 -0.1568
vn -0.8487 -0.4837 -0.2139
vn -0.9218 -0.3417 -0.1831
vn -0.9218 -0.3546 -0.1568
vn -0.9716 -0.2085 -0.1118
vn -0.9716 -0.2164 -0.0957
vn -0.9218 -0.3654 -0.1295
vn -0.9716 -0.2230 -0.0790
vn -0.9218 -0.3741 -0.1015
vn -0.8487 -0.5104 -0.1385
vn -0.8487 -0.4985 -0.1767
vn -0.9218 -0.3807 -0.0729
vn -0.8487 -0.5195 -0.0995
vn -0.8487 -0.5194 -0.0995
vn -0.9716 -0.2283 -0.0620
vn -0.9716 -0.2324 -0.0445
vn -0.9716 -0.2323 -0.0445
vn -0.9716 -0.2350 -0.0268
vn -0.9218 -0.3852 -0.0439
vn -0.9218 -0.3851 -0.0439
vn -0.8487 -0.5255 -0.0599
vn -0.8487 -0.5285 -0.0200
vn -0.9218 -0.3874 -0.0147
vn -0.7541 -0.6563 -0.0249
vn -0.8487 -0.5285 0.0200
vn -0.7541 -0.6563 0.0248
vn -0.7541 -0.6562 0.0248
vn -0.6406 -0.7629 0.0870
vn -0.6405 -0.7630 0.0870
vn -0.7541 -0.6525 0.0744
vn -0.6405 -0.7674 0.0291
vn -0.5287 -0.8434 0.0962
vn -0.5108 -0.8591 0.0326
vn -0.6406 -0.7673 0.0291
vn -0.5111 -0.8560 0.0782
vn -0.0000 -0.9959 0.0910
vn -0.0001 -0.9993 0.0379
vn -0.0000 -0.9959 0.0909
vn -0.5108 -0.8591 0.0325
vn -0.0000 -0.9917 0.1286
vn -0.0378 -0.9935 0.1078
vn -0.0000 -0.9957 0.0923
vn -0.0000 0.0923 0.9957
vn -0.0000 -0.9942 0.1078
vn 0.5111 -0.8560 0.0782
vn 0.0001 -0.9993 0.0379
vn 0.5108 -0.8591 0.0325
vn 0.6406 -0.7630 0.0870
vn 0.5108 -0.8541 0.0974
vn 0.5402 -0.8345 0.1082
vn 0.5108 -0.8591 0.0326
vn 0.6405 -0.7674 0.0291
vn 0.6405 -0.7630 0.0870
vn 0.7542 -0.6524 0.0744
vn 0.7542 -0.6449 0.1235
vn 0.6406 -0.7542 0.1445
vn 0.7542 -0.6338 0.1720
vn 0.8487 -0.5194 0.0995
vn 0.8487 -0.5104 0.1385
vn 0.9218 -0.3741 0.1015
vn 0.9218 -0.3807 0.0729
vn 0.8487 -0.5195 0.0995
vn 0.8487 -0.5255 0.0599
vn 0.9218 -0.3851 0.0439
vn 0.8487 -0.5285 0.0200
vn 0.9218 -0.3874 0.0147
vn 0.9218 -0.3873 0.0147
vn 0.9218 -0.3873 -0.0147
vn 0.8487 -0.5285 -0.0200
vn 0.8487 -0.5254 -0.0599
vn 0.8487 -0.5255 -0.0599
vn 0.9218 -0.3851 -0.0439
vn 0.9218 -0.3874 -0.0147
vn 0.8487 -0.5195 -0.0995
vn 0.8487 -0.5194 -0.0995
vn 0.9218 -0.3807 -0.0729
vn 0.8487 -0.5104 -0.1385
vn 0.9218 -0.3741 -0.1015
vn 0.7541 -0.6338 -0.1720
vn 0.7542 -0.6449 -0.1235
vn 0.7542 -0.6338 -0.1720
vn 0.6405 -0.7542 -0.1445
vn 0.6405 -0.7411 -0.2011
vn 0.6406 -0.7411 -0.2011
vn 0.7542 -0.6525 -0.0744
vn 0.6406 -0.7630 -0.0870
vn 0.7542 -0.6524 -0.0744
vn 0.6406 -0.7542 -0.1445
vn 0.5109 -0.8454 -0.1558
vn 0.5221 -0.8376 -0.1605
vn 0.6405 -0.7630 -0.0870
vn 0.5287 -0.8434 -0.0962
vn 0.5110 -0.8524 -0.1105
vn -0.0216 -0.9832 -0.1812
vn 0.0087 -0.9917 -0.1286
vn 0.0642 -0.9861 -0.1531
vn -0.0000 -0.1534 0.9882
vn -0.0000 -0.9926 -0.1216
vn -0.0087 -0.9917 -0.1286
vn 0.0056 -0.9881 -0.1534
vn -0.0000 -0.9882 -0.1534
vn -0.0000 0.1534 -0.9882
vn -0.5402 -0.8345 -0.1082
vn -0.0164 -0.9833 -0.1812
vn -0.5109 -0.8454 -0.1558
vn -0.5108 -0.8541 -0.0974
vn -0.5111 -0.8560 -0.0782
vn -0.6406 -0.7629 -0.0870
vn -0.6405 -0.7674 -0.0291
vn -0.6406 -0.7630 -0.0870
vn -0.5108 -0.8591 -0.0325
vn -0.5108 -0.8591 -0.0326
vn -0.0000 -0.9981 -0.0617
vn -0.0000 -0.9959 -0.0910
vn -0.0270 -0.9989 -0.0378
vn -0.0133 -0.9994 -0.0307
vn -0.0000 0.0307 -0.9995
vn -0.0000 -0.0308 0.9995
vn -0.0000 -0.9995 -0.0308
vn 0.0174 -0.9991 -0.0379
vn -0.0000 -1.0000 -0.0072
vn 0.0351 -0.9989 -0.0307
vn 0.5108 -0.8591 -0.0325
vn 0.5108 -0.8591 -0.0326
vn 0.5111 -0.8560 -0.0782
vn -0.6406 -0.7542 -0.1445
vn -0.7541 -0.6450 -0.1235
vn -0.7541 -0.6525 -0.0744
vn -0.7542 -0.6450 -0.1235
vn -0.6406 -0.7411 -0.2011
vn -0.7542 -0.6338 -0.1720
vn -0.7541 -0.6338 -0.1720
vn -0.6406 -0.7238 -0.2565
vn -0.7541 -0.6190 -0.2194
vn -0.7542 -0.6190 -0.2194
vn -0.6406 -0.7238 -0.2566
vn -0.7542 -0.6006 -0.2656
vn -0.7541 -0.6006 -0.2656
vn -0.6406 -0.7023 -0.3106
vn -0.5108 -0.8297 -0.2251
vn -0.5236 -0.8030 -0.2846
vn -0.5111 -0.8183 -0.2631
vn -0.5111 -0.8388 -0.1876
vn -0.0000 -0.9759 -0.2183
vn -0.0000 -0.9704 -0.2414
vn -0.0449 -0.9608 -0.2734
vn -0.0119 -0.9650 -0.2619
vn -0.0000 -0.2736 0.9618
vn 0.0285 -0.9647 -0.2618
vn 0.0075 -0.9618 -0.2737
vn 0.5108 -0.8297 -0.2251
vn 0.5111 -0.8183 -0.2631
vn -0.0046 -0.9520 -0.3061
vn -0.0000 -0.9533 -0.3019
vn -0.0000 0.2736 -0.9618
vn -0.0000 -0.9618 -0.2736
vn 0.0046 -0.9520 -0.3061
vn 0.5111 -0.8388 -0.1876
vn 0.0067 -0.9397 -0.3419
vn -0.5109 -0.8078 -0.2939
vn -0.5221 -0.8377 -0.1605
vn -0.7541 -0.6562 -0.0248
vn -0.6406 -0.7673 -0.0290
vn -0.0000 -0.9817 -0.1907
vn 0.6406 -0.7673 -0.0291
vn 0.6405 -0.7674 -0.0291
vn 0.7542 -0.6562 0.0248
vn 0.6406 -0.7673 0.0291
vn 0.7542 -0.6562 -0.0248
vn 0.7542 -0.6525 0.0744
vn 0.7541 -0.6338 0.1720
vn 0.7541 -0.6190 0.2194
vn 0.8487 -0.4985 0.1767
vn 0.7542 -0.6189 0.2194
vn 0.7542 -0.6006 0.2656
vn 0.8487 -0.4837 0.2139
vn 0.8487 -0.4661 0.2499
vn 0.7542 -0.5788 0.3102
vn 0.8487 -0.4662 0.2499
vn 0.6406 -0.6768 0.3628
vn 0.6406 -0.7023 0.3105
vn 0.6405 -0.7023 0.3106
vn 0.6405 -0.6474 0.4129
vn 0.6405 -0.6768 0.3628
vn 0.7542 -0.5537 0.3531
vn 0.8487 -0.4459 0.2844
vn 0.8487 -0.4231 0.3173
vn 0.7542 -0.5254 0.3940
vn 0.8487 -0.3979 0.3484
vn 0.9218 -0.3101 0.2326
vn 0.9218 -0.2916 0.2553
vn 0.9218 -0.2916 0.2554
vn 0.8487 -0.3704 0.3775
vn 0.9218 -0.2715 0.2767
vn 0.9218 -0.2498 0.2964
vn 0.8487 -0.3408 0.4044
vn 0.7541 -0.4599 0.4687
vn 0.7541 -0.4600 0.4687
vn 0.7541 -0.4232 0.5022
vn 0.8487 -0.3408 0.4045
vn 0.7542 -0.4232 0.5021
vn 0.7542 -0.3840 0.5327
vn 0.8487 -0.3093 0.4291
vn 0.7542 -0.3426 0.5602
vn 0.8487 -0.2759 0.4512
vn 0.8487 -0.2410 0.4708
vn 0.7542 -0.2992 0.5845
vn 0.6405 -0.4006 0.6551
vn 0.6405 -0.3499 0.6836
vn 0.6405 -0.2972 0.7081
vn 0.7542 -0.2542 0.6055
vn 0.8487 -0.2047 0.4877
vn 0.8487 -0.1672 0.5017
vn 0.7542 -0.2077 0.6230
vn 0.8487 -0.1288 0.5129
vn 0.9218 -0.1226 0.3677
vn 0.9218 -0.0944 0.3760
vn 0.9218 -0.0944 0.3759
vn 0.8487 -0.1288 0.5130
vn 0.8487 -0.0896 0.5212
vn 0.9218 -0.0657 0.3820
vn 0.9218 -0.0366 0.3859
vn 0.8487 -0.0500 0.5265
vn 0.7542 -0.1113 0.6472
vn 0.7542 -0.0620 0.6537
vn 0.7542 -0.0124 0.6566
vn 0.8487 -0.0100 0.5288
vn 0.9218 -0.0073 0.3876
vn 0.9218 0.0220 0.3870
vn 0.8487 0.0300 0.5280
vn 0.7542 0.0373 0.6556
vn 0.8487 0.0699 0.5242
vn 0.7542 0.0867 0.6509
vn 0.8487 0.0699 0.5243
vn 0.6405 0.0436 0.7667
vn 0.6405 0.1014 0.7612
vn 0.6406 0.1014 0.7612
vn 0.5293 0.1121 0.8410
vn 0.5111 0.0977 0.8540
vn 0.5109 0.0521 0.8581
vn 0.5177 0.0486 0.8542
vn -0.0191 0.0606 0.9980
vn 0.5111 0.0195 0.8593
vn -0.0004 0.0226 0.9997
vn -0.0000 0.0665 0.9978
vn -0.0000 0.0217 0.9998
vn -0.0016 -0.0000 1.0000
vn 0.0004 0.0226 0.9997
vn -0.0000 1.0000 -0.0000
vn -0.0000 -0.0000 1.0000
vn -0.0000 -1.0000 -0.0000
vn -0.0000 -0.0368 0.9993
vn 0.0592 -0.0000 0.9982
vn 0.5108 -0.0163 0.8595
vn 0.0033 -0.0189 0.9998
vn 0.5111 -0.0587 0.8575
vn -0.0000 -0.0683 0.9977
vn -0.5108 -0.0163 0.8595
vn -0.0288 -0.0189 0.9994
vn -0.5111 -0.0587 0.8575
vn -0.0000 -0.0930 0.9957
vn -0.0322 -0.1228 0.9919
vn 0.0091 -0.1059 0.9943
vn -0.5330 -0.0896 0.8413
vn -0.5110 -0.1365 0.8487
vn -0.0070 -0.1588 0.9873
vn -0.5108 -0.0812 0.8558
vn -0.5260 -0.1442 0.8382
vn -0.6406 -0.0726 0.7645
vn -0.6406 -0.1302 0.7568
vn -0.6405 -0.1302 0.7568
vn -0.6406 -0.1870 0.7448
vn -0.7542 -0.1599 0.6369
vn -0.7542 -0.1113 0.6472
vn -0.7541 -0.1600 0.6370
vn -0.6406 -0.2428 0.7285
vn -0.7541 -0.2077 0.6230
vn -0.7541 -0.2542 0.6055
vn -0.8487 -0.2047 0.4877
vn -0.8487 -0.1672 0.5017
vn -0.9218 -0.1766 0.3451
vn -0.9218 -0.1500 0.3574
vn -0.8487 -0.2410 0.4708
vn -0.9716 -0.1234 0.2018
vn -0.9716 -0.1078 0.2106
vn -0.9218 -0.2022 0.3307
vn -0.9716 -0.1383 0.1919
vn -0.9218 -0.2267 0.3145
vn -0.8487 -0.3093 0.4291
vn -0.8487 -0.2759 0.4512
vn -0.7542 -0.3426 0.5602
vn -0.7542 -0.2992 0.5845
vn -0.7542 -0.2992 0.5846
vn -0.6406 -0.2972 0.7080
vn -0.6406 -0.2972 0.7081
vn -0.7542 -0.2542 0.6055
vn -0.6406 -0.3499 0.6836
vn -0.5110 -0.3484 0.7858
vn -0.5109 -0.3898 0.7662
vn -0.5156 -0.3904 0.7627
vn -0.5292 -0.3284 0.7823
vn -0.6405 -0.3499 0.6836
vn -0.5108 -0.4485 0.7334
vn -0.5111 -0.4184 0.7508
vn -0.6405 -0.4006 0.6551
vn -0.5109 -0.4485 0.7334
vn -0.5355 -0.5026 0.6787
vn -0.5108 -0.5027 0.6974
vn -0.6405 -0.4490 0.6230
vn -0.6406 -0.4490 0.6230
vn -0.5111 -0.4850 0.7096
vn -0.0121 -0.5950 0.8036
vn -0.0000 -0.5832 0.8124
vn -0.0000 -0.5642 0.8256
vn -0.0065 -0.5694 0.8220
vn -0.0000 0.8162 0.5778
vn -0.0000 -0.5778 0.8162
vn -0.0000 -0.6032 0.7976
vn 0.0297 -0.5829 0.8120
vn -0.0000 -0.8162 -0.5778
vn -0.0000 -0.5951 0.8037
vn 0.5110 -0.5115 0.6908
vn 0.5108 -0.5540 0.6574
vn 0.5295 -0.5404 0.6539
vn -0.0000 -0.6370 0.7709
vn 0.5111 -0.5723 0.6413
vn 0.0011 -0.6658 0.7461
vn -0.0000 -0.6602 0.7511
vn -0.0011 -0.6658 0.7461
vn 0.0056 -0.6737 0.7390
vn -0.0000 0.7390 0.6737
vn -0.0000 -0.6737 0.7390
vn -0.0000 -0.7390 -0.6737
vn -0.0000 -0.7067 0.7075
vn 0.1058 -0.6699 0.7349
vn 0.5109 -0.6021 0.6136
vn 0.5108 -0.6021 0.6136
vn -0.0287 -0.7001 0.7135
vn 0.5111 -0.6281 0.5867
vn -0.0000 -0.7308 0.6826
vn -0.5111 -0.6281 0.5867
vn -0.5109 -0.6021 0.6136
vn -0.0208 -0.7002 0.7136
vn -0.5205 -0.6424 0.5625
vn -0.6406 -0.5777 0.5059
vn -0.5108 -0.6021 0.6136
vn -0.6406 -0.5378 0.5481
vn -0.7541 -0.5254 0.3940
vn -0.7541 -0.4941 0.4326
vn -0.6406 -0.6143 0.4607
vn -0.8487 -0.4231 0.3173
vn -0.7541 -0.5537 0.3531
vn -0.8487 -0.4459 0.2844
vn -0.9218 -0.3268 0.2085
vn -0.9218 -0.3417 0.1831
vn -0.8487 -0.4661 0.2499
vn -0.9716 -0.2085 0.1118
vn -0.9716 -0.1995 0.1272
vn -0.9968 -0.0701 0.0376
vn -0.9968 -0.0727 0.0322
vn -0.9716 -0.2164 0.0957
vn -0.9716 -0.2230 0.0790
vn -0.9968 -0.0750 0.0266
vn -0.9968 -0.0768 0.0208
vn -0.3413 0.8833 -0.3215
vn -0.3413 0.9194 -0.1954
vn -0.3413 0.9377 -0.0656
vn -0.3413 0.9377 0.0656
vn -0.3413 0.4700 -0.8140
vn -0.3413 0.3521 -0.8715
vn -0.9968 -0.0252 0.0755
vn -0.9968 -0.0308 0.0733
vn -0.9716 -0.0916 0.2181
vn -0.9716 -0.0748 0.2244
vn -0.9968 -0.0362 0.0708
vn -0.9716 -0.0576 0.2295
vn -0.9218 -0.1226 0.3678
vn -0.9218 -0.0944 0.3760
vn -0.9716 -0.0401 0.2332
vn -0.9218 -0.0657 0.3820
vn -0.9218 -0.0657 0.3821
vn -0.9968 -0.0194 0.0771
vn -0.9968 -0.0135 0.0784
vn -0.9968 -0.0075 0.0792
vn -0.9716 -0.0224 0.2355
vn -0.9716 -0.0045 0.2366
vn -0.9218 -0.0366 0.3859
vn -0.9218 -0.0073 0.3876
vn -0.8487 -0.0100 0.5288
vn -0.9218 0.0220 0.3870
vn -0.8487 0.0300 0.5280
vn -0.8487 0.0699 0.5243
vn -0.7541 0.0867 0.6510
vn -0.7542 0.0867 0.6509
vn -0.7542 0.0373 0.6556
vn -0.6406 0.1014 0.7612
vn -0.6405 0.1014 0.7612
vn -0.7541 0.0373 0.6556
vn -0.6405 0.0436 0.7667
vn -0.5109 0.1135 0.8521
vn -0.5109 0.0521 0.8581
vn -0.5177 0.0486 0.8542
vn -0.6406 0.0436 0.7667
vn -0.5111 0.0194 0.8593
vn -0.6406 -0.0145 0.7678
vn -0.7542 -0.0124 0.6566
vn -0.7542 -0.0620 0.6538
vn -0.7541 -0.0620 0.6538
vn -0.8487 -0.0896 0.5212
vn -0.8487 -0.0500 0.5265
vn -0.7541 -0.0124 0.6566
vn -0.5461 0.0952 0.8323
vn -0.0063 0.1136 0.9935
vn 0.0191 0.0606 0.9980
vn -0.0000 0.1195 0.9928
vn -0.0000 0.1511 0.9885
vn -0.5110 0.1299 0.8497
vn -0.0228 0.1361 0.9904
vn 0.0363 0.1836 0.9823
vn -0.0119 0.2035 0.9790
vn -0.5109 0.1750 0.8417
vn -0.0000 0.2324 0.9726
vn -0.0000 0.2404 0.9707
vn -0.5111 0.2066 0.8343
vn -0.5167 0.1770 0.8377
vn -0.5109 0.2408 0.8252
vn -0.5108 0.2408 0.8253
vn -0.6405 0.2151 0.7372
vn -0.6405 0.1587 0.7513
vn -0.6406 0.1587 0.7513
vn -0.0000 0.2883 0.9575
vn -0.0000 0.3278 0.9448
vn -0.0964 0.2476 0.9641
vn 0.0106 0.2801 0.9599
vn -0.5111 0.2817 0.8121
vn 0.0202 0.2800 0.9598
vn -0.0022 0.2488 0.9686
vn -0.0000 0.9698 -0.2441
vn -0.0000 0.2439 0.9698
vn -0.0000 -0.9698 0.2439
vn -0.0000 0.1837 0.9830
vn 0.0824 0.2317 0.9693
vn -0.0363 0.1836 0.9823
vn 0.0042 0.1511 0.9885
vn -0.0000 0.9924 -0.1229
vn -0.0000 0.1361 0.9907
vn -0.0000 0.1229 0.9924
vn -0.0000 -0.9924 0.1229
vn -0.0000 0.1137 0.9935
vn 0.0091 0.1195 0.9928
vn -0.0000 0.2035 0.9791
vn 0.5109 0.1750 0.8417
vn 0.5110 0.1299 0.8497
vn 0.5111 0.2066 0.8343
vn 0.5167 0.1770 0.8377
vn 0.5109 0.2408 0.8253
vn 0.6405 0.1587 0.7514
vn 0.6405 0.2151 0.7372
vn 0.6406 0.2151 0.7372
vn 0.6405 0.2702 0.7188
vn 0.5108 0.3025 0.8047
vn 0.5343 0.3071 0.7876
vn 0.5110 0.2817 0.8121
vn 0.5108 0.2408 0.8253
vn 0.6406 0.2702 0.7188
vn 0.7542 0.2311 0.6147
vn 0.7542 0.2769 0.5955
vn 0.6405 0.3238 0.6963
vn 0.7542 0.2769 0.5954
vn 0.7542 0.3212 0.5728
vn 0.8487 0.2230 0.4795
vn 0.8487 0.2586 0.4613
vn 0.9218 0.1896 0.3381
vn 0.8487 0.2230 0.4796
vn 0.7541 0.3212 0.5728
vn 0.7541 0.3636 0.5469
vn 0.8487 0.2928 0.4404
vn 0.7542 0.3635 0.5469
vn 0.7542 0.4039 0.5178
vn 0.8487 0.3252 0.4170
vn 0.8487 0.3253 0.4170
vn 0.8487 0.3559 0.3912
vn 0.7542 0.4419 0.4858
vn 0.6406 0.5167 0.5681
vn 0.6406 0.4723 0.6055
vn 0.7542 0.4418 0.4858
vn 0.6405 0.5167 0.5681
vn 0.7541 0.4774 0.4510
vn 0.6405 0.5582 0.5274
vn 0.7542 0.4773 0.4510
vn 0.6406 0.5582 0.5273
vn 0.5108 0.6249 0.5904
vn 0.5111 0.6008 0.6146
vn 0.5145 0.5770 0.6344
vn 0.5109 0.5772 0.6370
vn 0.0181 0.6713 0.7409
vn -0.0000 0.6991 0.7151
vn -0.0000 0.6919 0.7220
vn -0.0162 0.6736 0.7389
vn -0.0000 0.7390 -0.6737
vn -0.0000 0.6737 0.7390
vn -0.0000 -0.7390 0.6737
vn -0.0000 0.6397 0.7687
vn 0.0248 0.6735 0.7388
vn -0.0255 0.6308 0.7755
vn 0.5292 0.5218 0.6691
vn 0.5111 0.5424 0.6668
vn 0.5110 0.5168 0.6869
vn 0.0055 0.6012 0.7991
vn -0.0000 0.6396 0.7687
vn -0.0000 0.6045 0.7966
vn -0.0055 0.6012 0.7991
vn 0.0041 0.5778 0.8162
vn -0.0000 0.8162 -0.5778
vn -0.0000 0.5778 0.8162
vn -0.0000 -0.8162 0.5778
vn -0.0000 0.5473 0.8369
vn 0.0595 0.5767 0.8148
vn 0.5195 0.4730 0.7116
vn 0.5109 0.4796 0.7134
vn -0.0121 0.5578 0.8299
vn 0.5111 0.4522 0.7310
vn -0.0000 0.5261 0.8504
vn 0.0288 0.4888 0.8719
vn 0.5108 0.4204 0.7499
vn -0.0000 0.5048 0.8632
vn -0.0000 0.8810 -0.4730
vn 0.0021 0.4731 0.8810
vn -0.0014 0.4466 0.8948
vn -0.0000 0.4479 0.8941
vn -0.0000 -0.8810 0.4731
vn -0.0000 0.4731 0.8810
vn 0.5111 0.3838 0.7691
vn 0.5255 0.3588 0.7715
vn 0.5109 0.3544 0.7831
vn -0.0148 0.4123 0.9109
vn -0.0000 0.4073 0.9133
vn -0.0000 0.9325 -0.3613
vn 0.0055 0.3613 0.9324
vn 0.0090 0.3633 0.9316
vn -0.0000 0.3612 0.9325
vn -0.0000 -0.9325 0.3612
vn -0.0099 0.3612 0.9324
vn -0.0000 0.3424 0.9396
vn -0.0061 0.3633 0.9317
vn 0.0148 0.4123 0.9109
vn -0.5110 0.3123 0.8009
vn -0.5108 0.3625 0.7795
vn -0.5307 0.3495 0.7722
vn -0.6406 0.3755 0.6698
vn -0.6406 0.3238 0.6963
vn -0.5108 0.4204 0.7499
vn -0.5111 0.3838 0.7691
vn -0.0043 0.4890 0.8723
vn 0.0014 0.4465 0.8948
vn -0.5195 0.4730 0.7116
vn -0.5111 0.4522 0.7310
vn -0.6406 0.4251 0.6395
vn -0.5109 0.4796 0.7134
vn -0.5108 0.5287 0.6779
vn -0.6406 0.4723 0.6055
vn -0.7541 0.3636 0.5469
vn -0.7541 0.4039 0.5178
vn -0.7541 0.3212 0.5728
vn -0.8487 0.2586 0.4613
vn -0.8487 0.2928 0.4404
vn -0.9218 0.1896 0.3381
vn -0.9218 0.1635 0.3515
vn -0.8487 0.2230 0.4795
vn -0.8487 0.2230 0.4796
vn -0.8487 0.1861 0.4950
vn -0.9218 0.1364 0.3629
vn -0.9218 0.1364 0.3628
vn -0.9218 0.1086 0.3722
vn -0.9716 0.0663 0.2271
vn -0.9716 0.0833 0.2215
vn -0.9218 0.0801 0.3793
vn -0.9218 0.1086 0.3721
vn -0.9716 0.0489 0.2315
vn -0.9716 0.0313 0.2345
vn -0.9218 0.0512 0.3842
vn -0.9218 0.0512 0.3843
vn -0.8487 0.0699 0.5242
vn -0.8487 0.1093 0.5175
vn -0.7542 0.1839 0.6304
vn -0.7541 0.1839 0.6304
vn -0.8487 0.1481 0.5077
vn -0.7541 0.1357 0.6425
vn -0.7541 0.2311 0.6147
vn -0.6406 0.2151 0.7372
vn -0.6406 0.2702 0.7188
vn -0.9716 0.0134 0.2362
vn -0.9716 -0.0045 0.2365
vn -0.9968 0.0045 0.0794
vn -0.9968 -0.0015 0.0795
vn -0.3413 -0.0328 -0.9394
vn -0.3413 0.0982 -0.9348
vn -0.3413 0.2274 -0.9120
vn -0.3413 -0.1632 -0.9257
vn -0.9968 0.0105 0.0788
vn -0.9968 0.0164 0.0778
vn -0.9968 0.0223 0.0764
vn -0.9968 0.0280 0.0745
vn -0.3413 -0.2905 -0.8940
vn -0.3413 -0.4120 -0.8448
vn -0.3413 -0.4121 -0.8448
vn -0.3413 -0.5256 -0.7793
vn -0.9968 0.0389 0.0694
vn -0.9968 0.0440 0.0662
vn -0.9968 0.0489 0.0627
vn -0.9716 0.1455 0.1866
vn -0.9716 0.1310 0.1970
vn -0.9218 0.2384 0.3057
vn -0.9218 0.2146 0.3228
vn -0.9716 0.1157 0.2064
vn -0.9968 0.0335 0.0721
vn -0.9716 0.0998 0.2145
vn -0.8487 0.3252 0.4170
vn -0.8487 0.3253 0.4170
vn -0.8487 0.3559 0.3912
vn -0.7541 0.4419 0.4858
vn -0.7542 0.4419 0.4858
vn -0.7542 0.4774 0.4510
vn -0.7541 0.4774 0.4510
vn -0.8487 0.3844 0.3632
vn -0.9218 0.2608 0.2868
vn -0.9218 0.2818 0.2662
vn -0.8487 0.4108 0.3331
vn -0.9218 0.3011 0.2441
vn -0.9716 0.1838 0.1490
vn -0.9218 0.3011 0.2442
vn -0.9716 0.1720 0.1625
vn -0.9968 0.0578 0.0546
vn -0.9968 0.0535 0.0588
vn -0.9716 0.1592 0.1750
vn -0.3413 -0.6290 -0.6985
vn -0.3413 -0.7201 -0.6042
vn -0.3413 -0.7971 -0.4981
vn -0.9968 0.0686 0.0402
vn -0.9968 0.0654 0.0453
vn -0.9716 0.2041 0.1196
vn -0.9716 0.2126 0.1038
vn -0.9968 0.0715 0.0349
vn -0.9716 0.2198 0.0874
vn -0.9218 0.3602 0.1433
vn -0.9218 0.3602 0.1432
vn -0.9218 0.3483 0.1701
vn -0.8487 0.4915 0.1954
vn -0.8487 0.4753 0.2321
vn -0.9218 0.3484 0.1701
vn -0.8487 0.4752 0.2320
vn -0.9218 0.3345 0.1959
vn -0.8487 0.4563 0.2673
vn -0.7542 0.5901 0.2881
vn -0.7541 0.5666 0.3319
vn -0.7541 0.5901 0.2881
vn -0.8487 0.4564 0.2673
vn -0.8487 0.4348 0.3011
vn -0.7542 0.5399 0.3738
vn -0.7542 0.5666 0.3319
vn -0.7541 0.5399 0.3738
vn -0.6406 0.6313 0.4371
vn -0.6406 0.6626 0.3881
vn -0.6406 0.6900 0.3369
vn -0.5213 0.7668 0.3744
vn -0.5111 0.7601 0.4013
vn -0.5108 0.7418 0.4345
vn -0.0000 0.8843 0.4668
vn -0.0000 0.8627 0.5057
vn 0.0010 0.8629 0.5054
vn 0.5111 0.7601 0.4013
vn 0.5108 0.7418 0.4345
vn -0.0010 0.8629 0.5054
vn 0.5111 0.7205 0.4687
vn -0.0000 0.8382 0.5453
vn 0.0003 0.8380 0.5456
vn -0.0000 0.8170 0.5766
vn 0.0482 0.8278 0.5589
vn -0.0000 0.8336 0.5524
vn -0.0000 -0.5524 0.8336
vn -0.0000 0.8123 0.5832
vn -0.0000 0.8288 0.5595
vn -0.0136 0.8169 0.5766
vn -0.0000 0.7853 0.6191
vn -0.5282 0.6937 0.4896
vn -0.5110 0.6749 0.5324
vn -0.0000 0.7851 0.6193
vn -0.5109 0.7068 0.4894
vn -0.0500 0.7681 0.6384
vn -0.0000 0.6506 -0.7594
vn -0.0000 0.7594 0.6506
vn -0.0000 -0.6506 0.7594
vn -0.0000 0.7248 0.6889
vn -0.0084 0.7269 0.6867
vn 0.0032 0.7593 0.6508
vn -0.5108 0.6249 0.5904
vn -0.0000 0.7612 0.6485
vn -0.5111 0.6543 0.5574
vn -0.5111 0.6009 0.6146
vn -0.5145 0.5770 0.6344
vn -0.6406 0.5582 0.5274
vn -0.6406 0.5167 0.5681
vn -0.6406 0.5964 0.4836
vn -0.5277 0.6598 0.5350
vn -0.6406 0.5582 0.5273
vn -0.0032 0.7593 0.6508
vn 0.0084 0.7269 0.6867
vn 0.5111 0.6543 0.5574
vn 0.0006 0.7851 0.6193
vn 0.5366 0.6625 0.5226
vn -0.0000 0.7692 0.6390
vn -0.6406 0.6313 0.4372
vn -0.6406 0.5965 0.4837
vn -0.5111 0.7205 0.4687
vn -0.0000 0.5524 -0.8336
vn -0.0003 0.8380 0.5456
vn 0.5110 0.7023 0.4957
vn 0.5109 0.6678 0.5414
vn 0.5242 0.7001 0.4848
vn 0.6405 0.5965 0.4836
vn 0.6405 0.6314 0.4371
vn 0.6406 0.6313 0.4371
vn 0.7542 0.5399 0.3738
vn 0.7542 0.5666 0.3319
vn 0.6406 0.6626 0.3881
vn 0.7542 0.5901 0.2881
vn 0.8487 0.4563 0.2673
vn 0.8487 0.4753 0.2321
vn 0.8487 0.4752 0.2321
vn 0.9218 0.3483 0.1701
vn 0.9218 0.3345 0.1959
vn 0.8487 0.4564 0.2673
vn 0.8487 0.4348 0.3011
vn 0.9218 0.3187 0.2207
vn 0.8487 0.4108 0.3331
vn 0.9218 0.3011 0.2441
vn 0.8487 0.3844 0.3632
vn 0.9218 0.2818 0.2662
vn 0.7542 0.5101 0.4136
vn 0.7541 0.5101 0.4136
vn 0.7542 0.6102 0.2427
vn 0.8487 0.4915 0.1954
vn 0.7542 0.6268 0.1958
vn 0.8487 0.5048 0.1577
vn 0.8487 0.5049 0.1577
vn 0.8487 0.5153 0.1191
vn 0.7541 0.6398 0.1479
vn 0.8487 0.5152 0.1191
vn 0.6405 0.7330 0.2290
vn 0.6405 0.7482 0.1729
vn 0.7542 0.6398 0.1479
vn 0.5121 0.8199 0.2561
vn 0.5109 0.8204 0.2569
vn 0.5111 0.8054 0.3001
vn 0.5289 0.7886 0.3136
vn 0.6405 0.7136 0.2838
vn 0.5110 0.7935 0.3304
vn 0.5109 0.7749 0.3722
vn 0.5213 0.7668 0.3744
vn 0.6405 0.6901 0.3369
vn -0.0000 0.9232 0.3844
vn 0.0198 0.9012 0.4329
vn -0.0000 0.9086 0.4176
vn 0.0003 0.8952 0.4457
vn -0.0000 0.4457 -0.8952
vn -0.0000 0.8952 0.4457
vn -0.0000 -0.4456 0.8952
vn -0.0005 0.9014 0.4330
vn -0.0000 0.8888 0.4582
vn -0.0363 0.8946 0.4455
vn -0.5109 0.7749 0.3722
vn -0.5108 0.7988 0.3177
vn -0.5415 0.7761 0.3232
vn -0.6406 0.7136 0.2838
vn -0.6406 0.7330 0.2290
vn -0.5121 0.8199 0.2561
vn -0.6405 0.7136 0.2838
vn -0.5109 0.8204 0.2569
vn -0.5111 0.8054 0.3001
vn 0.0269 0.9540 0.2987
vn -0.0051 0.9370 0.3492
vn -0.0000 -0.3323 0.9432
vn -0.0000 0.9345 0.3561
vn -0.1001 0.9384 0.3308
vn -0.0000 0.3324 -0.9431
vn -0.0000 0.9432 0.3323
vn -0.0000 0.9571 0.2899
vn -0.0056 0.9431 0.3324
vn 0.0209 0.9541 0.2987
vn 0.0051 0.9370 0.3492
vn -0.5111 0.8291 0.2265
vn -0.0000 0.9647 0.2635
vn -0.0000 0.9692 0.2461
vn -0.5109 0.8376 0.1935
vn -0.0283 0.9739 0.2251
vn -0.0084 0.9768 0.2139
vn -0.0000 -0.2139 0.9768
vn -0.0000 0.2139 -0.9768
vn -0.0000 0.9768 0.2139
vn -0.0000 0.9840 0.1783
vn -0.0075 0.9848 0.1736
vn 0.0433 0.9759 0.2138
vn 0.0128 0.9742 0.2251
vn 0.5108 0.8376 0.1936
vn 0.5111 0.8465 0.1493
vn 0.5391 0.8344 0.1147
vn 0.5109 0.8376 0.1936
vn 0.6405 0.7591 0.1158
vn 0.6406 0.7591 0.1158
vn 0.5109 0.8498 0.1297
vn 0.0171 0.9964 0.0833
vn 0.5110 0.8566 0.0716
vn -0.0045 0.9907 0.1362
vn 0.0034 0.9957 0.0922
vn -0.0000 0.0923 -0.9957
vn -0.0000 0.9979 0.0644
vn -0.0000 0.9957 0.0922
vn 0.0045 0.9907 0.1362
vn -0.0000 0.9910 0.1340
vn -0.0252 0.9954 0.0922
vn -0.0050 0.9965 0.0833
vn -0.0000 -0.0923 0.9957
vn -0.5110 0.8566 0.0716
vn -0.5110 0.8515 0.1171
vn -0.5229 0.8500 0.0645
vn -0.5284 0.8393 0.1281
vn -0.6406 0.7657 0.0581
vn -0.6406 0.7591 0.1158
vn -0.7541 0.6398 0.1479
vn -0.7541 0.6492 0.0990
vn -0.7541 0.6399 0.1479
vn -0.6406 0.7482 0.1729
vn -0.7541 0.6268 0.1959
vn -0.6405 0.7330 0.2290
vn -0.6405 0.7482 0.1729
vn -0.7542 0.6268 0.1958
vn -0.8487 0.5048 0.1577
vn -0.8487 0.5152 0.1191
vn -0.9218 0.3700 0.1156
vn -0.9218 0.3777 0.0873
vn -0.8487 0.5153 0.1191
vn -0.8487 0.5228 0.0798
vn -0.8487 0.5229 0.0798
vn -0.9218 0.3832 0.0585
vn -0.8487 0.5274 0.0400
vn -0.9218 0.3865 0.0293
vn -0.7541 0.6567 -0.0000
vn -0.8487 0.5289 -0.0000
vn -0.7541 0.6548 0.0497
vn -0.6406 0.7679 -0.0000
vn -0.5108 0.8597 -0.0000
vn -0.5111 0.8586 -0.0391
vn -0.6406 0.7657 -0.0581
vn -0.5229 0.8500 -0.0645
vn -0.5109 0.8498 -0.1297
vn -0.5110 0.8566 -0.0716
vn -0.6406 0.7591 -0.1158
vn -0.7541 0.6548 -0.0497
vn -0.7541 0.6492 -0.0990
vn -0.7541 0.6399 -0.1479
vn -0.6406 0.7482 -0.1729
vn -0.6405 0.7482 -0.1729
vn -0.5109 0.8376 -0.1936
vn -0.5111 0.8291 -0.2265
vn -0.6405 0.7330 -0.2290
vn -0.5121 0.8199 -0.2561
vn -0.5111 0.8054 -0.3001
vn -0.5109 0.8204 -0.2569
vn -0.5289 0.7886 -0.3136
vn -0.6405 0.7136 -0.2838
vn -0.7542 0.6102 -0.2427
vn -0.6406 0.7136 -0.2838
vn -0.7542 0.6268 -0.1958
vn -0.7541 0.6269 -0.1958
vn -0.8487 0.5048 -0.1577
vn -0.8487 0.5153 -0.1191
vn -0.8487 0.5152 -0.1191
vn -0.9218 0.3777 -0.0873
vn -0.9218 0.3700 -0.1156
vn -0.9716 0.2339 -0.0357
vn -0.9218 0.3832 -0.0585
vn -0.9716 0.2305 -0.0533
vn -0.9968 0.0775 -0.0179
vn -0.9968 0.0786 -0.0120
vn -0.9716 0.2258 -0.0705
vn -0.9968 0.0759 -0.0237
vn -0.9716 0.2198 -0.0874
vn -0.9968 0.0739 -0.0294
vn -0.9716 0.2126 -0.1038
vn -0.9968 0.0715 -0.0349
vn -0.3413 -0.8587 0.3823
vn -0.3413 -0.7971 0.4981
vn -0.3413 -0.7201 0.6042
vn -0.3413 -0.6290 0.6985
vn -0.9968 0.0578 -0.0546
vn -0.9968 0.0535 -0.0588
vn -0.9968 0.0489 -0.0627
vn -0.9968 0.0440 -0.0662
vn -0.3413 -0.5256 0.7793
vn -0.3413 -0.4120 0.8448
vn -0.3413 -0.2905 0.8940
vn -0.3413 -0.1632 0.9257
vn -0.3413 -0.0328 0.9394
vn -0.9968 0.0045 -0.0794
vn -0.9968 0.0105 -0.0789
vn -0.9716 0.0312 -0.2345
vn -0.9716 0.0134 -0.2362
vn -0.9968 0.0105 -0.0788
vn -0.9716 0.0489 -0.2315
vn -0.9716 0.0313 -0.2345
vn -0.9968 0.0164 -0.0778
vn -0.9716 0.0663 -0.2271
vn -0.9968 0.0223 -0.0764
vn -0.9968 0.0280 -0.0745
vn -0.9716 0.0832 -0.2214
vn -0.9716 0.0833 -0.2215
vn -0.9218 0.1364 -0.3629
vn -0.9218 0.1086 -0.3722
vn -0.9218 0.1086 -0.3721
vn -0.8487 0.1093 -0.5175
vn -0.9218 0.0801 -0.3793
vn -0.8487 0.1481 -0.5077
vn -0.7542 0.1357 -0.6425
vn -0.7542 0.1839 -0.6304
vn -0.7542 0.0867 -0.6509
vn -0.6406 0.1014 -0.7612
vn -0.6406 0.1587 -0.7513
vn -0.5109 0.0521 -0.8581
vn -0.5111 0.0977 -0.8540
vn -0.5293 0.1121 -0.8410
vn -0.5177 0.0486 -0.8542
vn -0.6405 0.0436 -0.7667
vn -0.5108 -0.0163 -0.8595
vn -0.5111 0.0196 -0.8593
vn -0.6406 -0.0145 -0.7678
vn -0.6406 0.0436 -0.7667
vn -0.0153 -0.0189 -0.9997
vn -0.0007 -0.0683 -0.9977
vn 0.0052 -0.0616 -0.9981
vn -0.5111 -0.0587 -0.8575
vn -0.0000 -0.0792 -0.9969
vn -0.0000 -0.1060 -0.9944
vn -0.5110 -0.0911 -0.8548
vn -0.5265 -0.0803 -0.8464
vn -0.5108 -0.1457 -0.8472
vn -0.6406 -0.1302 -0.7568
vn -0.6406 -0.0726 -0.7645
vn -0.7542 -0.0620 -0.6538
vn -0.7542 -0.0124 -0.6566
vn -0.8487 -0.0100 -0.5288
vn -0.8487 0.0300 -0.5280
vn -0.7542 0.0373 -0.6556
vn -0.8487 0.0699 -0.5242
vn -0.9218 0.0512 -0.3843
vn -0.9218 0.0220 -0.3870
vn -0.9218 -0.0073 -0.3876
vn -0.9218 -0.0366 -0.3859
vn -0.8487 -0.0500 -0.5265
vn -0.9716 -0.0045 -0.2365
vn -0.9716 -0.0224 -0.2355
vn -0.9716 -0.0401 -0.2332
vn -0.9218 -0.0657 -0.3821
vn -0.9218 -0.0657 -0.3820
vn -0.9218 -0.0944 -0.3760
vn -0.8487 -0.0896 -0.5212
vn -0.8487 -0.1288 -0.5129
vn -0.8487 -0.1288 -0.5130
vn -0.8487 -0.1672 -0.5017
vn -0.7541 -0.2077 -0.6230
vn -0.7542 -0.2077 -0.6230
vn -0.7542 -0.1600 -0.6369
vn -0.6406 -0.1870 -0.7448
vn -0.6406 -0.2428 -0.7285
vn -0.6405 -0.1870 -0.7448
vn -0.5108 -0.2094 -0.8338
vn -0.5111 -0.2445 -0.8240
vn -0.5186 -0.2704 -0.8111
vn -0.0000 -0.2844 -0.9587
vn -0.0000 -0.3205 -0.9473
vn -0.5109 -0.2755 -0.8143
vn -0.0467 -0.3036 -0.9517
vn -0.5449 -0.3106 -0.7788
vn -0.0000 -0.3704 -0.9289
vn -0.0000 -0.3355 -0.9420
vn -0.5109 -0.3327 -0.7927
vn -0.6406 -0.2972 -0.7081
vn -0.6406 -0.3499 -0.6835
vn -0.6406 -0.2972 -0.7080
vn -0.5156 -0.3904 -0.7627
vn -0.5109 -0.3898 -0.7662
vn -0.5110 -0.3484 -0.7858
vn 0.0053 -0.4179 -0.9085
vn -0.0148 -0.4533 -0.8912
vn -0.0063 -0.4053 -0.9142
vn -0.0000 -0.3958 -0.9184
vn -0.0000 0.9084 -0.4180
vn -0.0000 -0.4180 -0.9085
vn -0.0000 -0.9084 0.4180
vn -0.0000 -0.4590 -0.8884
vn 0.0148 -0.4533 -0.8912
vn 0.0148 -0.4179 -0.9084
vn -0.0124 -0.4053 -0.9141
vn 0.5292 -0.3284 -0.7823
vn 0.5110 -0.3484 -0.7858
vn 0.5111 -0.3184 -0.7984
vn 0.6406 -0.2972 -0.7081
vn 0.5109 -0.2755 -0.8143
vn 0.5186 -0.2704 -0.8111
vn 0.6405 -0.2428 -0.7285
vn 0.6405 -0.2972 -0.7081
vn 0.7542 -0.2542 -0.6055
vn 0.6406 -0.3499 -0.6836
vn 0.7542 -0.2992 -0.5845
vn 0.7542 -0.3426 -0.5602
vn 0.8487 -0.2410 -0.4708
vn 0.8487 -0.2759 -0.4512
vn 0.8487 -0.2047 -0.4877
vn 0.9218 -0.1500 -0.3574
vn 0.9218 -0.1766 -0.3450
vn 0.9218 -0.1766 -0.3451
vn 0.8487 -0.1672 -0.5017
vn 0.7542 -0.1599 -0.6369
vn 0.7542 -0.2077 -0.6230
vn 0.8487 -0.1288 -0.5130
vn 0.6405 -0.1870 -0.7448
vn 0.5108 -0.2094 -0.8338
vn 0.5111 -0.1684 -0.8429
vn 0.5260 -0.1442 -0.8382
vn 0.6405 -0.1302 -0.7568
vn 0.5110 -0.1365 -0.8487
vn 0.5108 -0.0812 -0.8558
vn 0.6405 -0.0726 -0.7645
vn 0.7542 -0.0620 -0.6537
vn 0.7542 -0.1113 -0.6472
vn 0.6405 -0.0145 -0.7678
vn 0.7542 -0.0124 -0.6566
vn 0.6405 0.0436 -0.7667
vn 0.7542 0.0373 -0.6556
vn 0.7542 -0.0124 -0.6565
vn 0.8487 -0.0100 -0.5288
vn 0.8487 0.0300 -0.5280
vn 0.7542 0.0867 -0.6509
vn 0.8487 0.0699 -0.5242
vn 0.9218 0.0512 -0.3842
vn 0.8487 0.0699 -0.5243
vn 0.9218 0.0220 -0.3870
vn 0.9218 0.0801 -0.3792
vn 0.8487 0.1093 -0.5175
vn 0.7542 0.1839 -0.6304
vn 0.7542 0.1357 -0.6425
vn 0.8487 0.1481 -0.5077
vn 0.7542 0.2311 -0.6147
vn 0.8487 0.1861 -0.4950
vn 0.9218 0.1364 -0.3628
vn 0.9218 0.1086 -0.3721
vn 0.8487 0.2230 -0.4796
vn 0.8487 0.2230 -0.4795
vn 0.9218 0.1634 -0.3515
vn 0.8487 0.2586 -0.4613
vn 0.9218 0.1896 -0.3381
vn 0.8487 0.2928 -0.4405
vn 0.8487 0.2928 -0.4404
vn 0.7542 0.3635 -0.5469
vn 0.8487 0.3252 -0.4170
vn 0.7542 0.4039 -0.5178
vn 0.7541 0.4039 -0.5178
vn 0.7541 0.4419 -0.4858
vn 0.7542 0.4419 -0.4858
vn 0.8487 0.3559 -0.3912
vn 0.7542 0.4773 -0.4510
vn 0.7541 0.4774 -0.4510
vn 0.8487 0.3844 -0.3632
vn 0.7541 0.5101 -0.4136
vn 0.7542 0.5101 -0.4136
vn 0.8487 0.4108 -0.3331
vn 0.9218 0.2818 -0.2662
vn 0.7542 0.5399 -0.3738
vn 0.6406 0.6313 -0.4371
vn 0.7542 0.5666 -0.3319
vn 0.6406 0.6626 -0.3881
vn 0.6406 0.6901 -0.3369
vn 0.6405 0.6901 -0.3369
vn 0.7542 0.5901 -0.2881
vn 0.6405 0.7136 -0.2838
vn 0.7542 0.6102 -0.2427
vn 0.6405 0.7330 -0.2290
vn 0.7542 0.6268 -0.1958
vn 0.8487 0.4915 -0.1954
vn 0.8487 0.5048 -0.1577
vn 0.7541 0.6268 -0.1958
vn 0.7541 0.6398 -0.1479
vn 0.7542 0.6398 -0.1478
vn 0.8487 0.5152 -0.1190
vn 0.9218 0.3777 -0.0873
vn 0.8487 0.5153 -0.1191
vn 0.9218 0.3700 -0.1156
vn 0.9218 0.3832 -0.0585
vn 0.8487 0.5229 -0.0798
vn 0.8487 0.5228 -0.0798
vn 0.7541 0.6548 -0.0497
vn 0.7542 0.6548 -0.0497
vn 0.7542 0.6492 -0.0990
vn 0.8487 0.5274 -0.0400
vn 0.7542 0.6567 -0.0000
vn 0.8487 0.5289 -0.0000
vn 0.9218 0.3876 -0.0000
vn 0.9218 0.3865 -0.0293
vn 0.8487 0.5274 0.0400
vn 0.9218 0.3865 0.0293
vn 0.8487 0.5229 0.0798
vn 0.8487 0.5228 0.0798
vn 0.9218 0.3832 0.0585
vn 0.7542 0.6492 0.0990
vn 0.7541 0.6548 0.0497
vn 0.7541 0.6492 0.0990
vn 0.7542 0.6548 0.0497
vn 0.6406 0.7679 -0.0000
vn 0.6406 0.7657 0.0581
vn 0.5108 0.8597 -0.0000
vn 0.5111 0.8586 0.0391
vn 0.5229 0.8500 0.0645
vn -0.0167 0.9999 -0.0000
vn -0.0000 0.9990 0.0455
vn -0.0000 0.9999 0.0119
vn 0.0890 0.9956 -0.0307
vn -0.0000 0.9987 -0.0502
vn 0.0011 0.9990 -0.0455
vn -0.0000 -0.0307 -0.9995
vn -0.0000 0.9995 -0.0308
vn -0.0000 0.0308 0.9995
vn 0.0047 0.9995 -0.0308
vn -0.0011 0.9990 -0.0455
vn 0.5111 0.8586 -0.0391
vn 0.5229 0.8500 -0.0645
vn -0.0000 0.9955 -0.0951
vn -0.0401 0.9957 -0.0832
vn 0.5110 0.8566 -0.0716
vn -0.0000 0.9907 -0.1362
vn 0.5110 0.8515 -0.1171
vn 0.0219 0.9888 -0.1479
vn -0.0000 0.9863 -0.1647
vn -0.0000 -0.1534 -0.9882
vn -0.0000 0.9882 -0.1534
vn -0.0108 0.9863 -0.1647
vn 0.0266 0.9765 -0.2139
vn -0.0000 0.9768 -0.2139
vn -0.0000 0.9848 -0.1736
vn -0.0000 0.9890 -0.1479
vn -0.5111 0.8465 -0.1493
vn -0.5391 0.8344 -0.1147
vn -0.0107 0.9906 -0.1362
vn -0.0064 0.9743 -0.2251
vn 0.0002 0.9655 -0.2603
vn -0.0000 0.2736 0.9618
vn -0.0000 0.9618 -0.2737
vn -0.0000 -0.2736 -0.9618
vn -0.0000 0.9610 -0.2764
vn 0.0261 0.9540 -0.2987
vn -0.0000 0.9501 -0.3120
vn 0.5109 0.8204 -0.2569
vn 0.5111 0.8054 -0.3001
vn -0.0000 0.9370 -0.3492
vn 0.0072 0.9231 -0.3844
vn 0.5415 0.7761 -0.3232
vn -0.0000 0.9293 -0.3693
vn -0.0000 0.3898 0.9209
vn -0.0005 0.9209 -0.3898
vn -0.0000 -0.3897 -0.9209
vn -0.0000 0.9209 -0.3897
vn 0.0005 0.9209 -0.3898
vn -0.0010 0.9014 -0.4330
vn -0.0000 0.9012 -0.4333
vn -0.0000 0.8809 -0.4733
vn 0.0082 0.8843 -0.4668
vn -0.5111 0.7601 -0.4013
vn -0.5109 0.7749 -0.3722
vn -0.5213 0.7668 -0.3744
vn -0.5108 0.7418 -0.4345
vn -0.6406 0.6626 -0.3881
vn -0.6406 0.6900 -0.3369
vn -0.6406 0.6901 -0.3369
vn -0.0335 0.8655 -0.4997
vn -0.0182 0.8627 -0.5054
vn -0.0000 0.8504 -0.5261
vn -0.5111 0.7205 -0.4687
vn -0.0000 0.8382 -0.5453
vn 0.5108 0.7418 -0.4345
vn 0.5111 0.7205 -0.4687
vn 0.0266 0.8626 -0.5053
vn 0.5111 0.7601 -0.4013
vn -0.0082 0.8843 -0.4668
vn 0.0144 0.8659 -0.5000
vn 0.0119 0.8170 -0.5766
vn 0.5282 0.6937 -0.4896
vn -0.0000 0.8209 -0.5711
vn -0.0055 0.7980 -0.6026
vn -0.0000 0.6026 0.7980
vn -0.0000 0.7980 -0.6026
vn -0.0000 -0.6026 -0.7981
vn -0.0000 0.7789 -0.6272
vn -0.0359 0.7975 -0.6023
vn -0.0000 0.7612 -0.6485
vn -0.5111 0.6543 -0.5574
vn -0.5366 0.6625 -0.5226
vn 0.0168 0.7850 -0.6192
vn -0.5109 0.6677 -0.5414
vn -0.6405 0.5965 -0.4836
vn -0.6406 0.5582 -0.5273
vn -0.6406 0.5964 -0.4836
vn -0.5108 0.6249 -0.5904
vn -0.5111 0.6008 -0.6147
vn -0.6406 0.5167 -0.5681
vn -0.5145 0.5770 -0.6344
vn -0.6406 0.5582 -0.5274
vn -0.0000 0.6693 -0.7430
vn -0.5109 0.5772 -0.6370
vn 0.0092 0.6714 -0.7410
vn -0.0000 0.7019 -0.7123
vn 0.0020 0.6989 -0.7152
vn -0.0068 0.7179 -0.6961
vn -0.0000 -0.6962 -0.7179
vn -0.0000 0.7179 -0.6962
vn -0.0000 0.6962 0.7179
vn -0.0000 0.7410 -0.6715
vn 0.0464 0.7171 -0.6954
vn 0.5111 0.6543 -0.5574
vn 0.5108 0.6249 -0.5904
vn 0.0111 0.7268 -0.6867
vn -0.0020 0.6989 -0.7152
vn 0.5111 0.6007 -0.6147
vn 0.6405 0.5167 -0.5681
vn 0.5145 0.5770 -0.6344
vn 0.6405 0.5582 -0.5274
vn 0.6406 0.4723 -0.6055
vn 0.5108 0.5287 -0.6779
vn 0.5438 0.5045 -0.6706
vn 0.5111 0.5424 -0.6668
vn 0.5109 0.5772 -0.6370
vn 0.6405 0.4723 -0.6055
vn -0.0000 0.6310 -0.7757
vn -0.0092 0.6714 -0.7410
vn 0.0041 0.6288 -0.7776
vn -0.0000 0.6156 -0.7881
vn 0.0035 0.6012 -0.7991
vn -0.0390 0.5773 -0.8156
vn -0.0000 -0.7792 -0.6268
vn -0.0000 0.5778 -0.8162
vn 0.0703 0.5342 -0.8425
vn -0.0000 0.8503 0.5264
vn -0.0000 0.8502 0.5264
vn -0.0000 0.5265 -0.8502
vn -0.1109 0.5181 -0.8481
vn -0.0000 0.4842 -0.8750
vn -0.0000 -0.8502 -0.5264
vn -0.0024 0.5213 -0.8534
vn 0.0145 0.4890 -0.8722
vn 0.5108 0.4204 -0.7499
vn 0.5111 0.4522 -0.7309
vn -0.0000 0.5261 -0.8504
vn 0.5195 0.4730 -0.7116
vn 0.5109 0.4796 -0.7134
vn -0.0000 0.5579 -0.8299
vn 0.6405 0.3755 -0.6698
vn 0.6406 0.4251 -0.6395
vn 0.6406 0.3755 -0.6698
vn 0.6405 0.3238 -0.6963
vn 0.7542 0.3212 -0.5728
vn 0.7542 0.2769 -0.5955
vn 0.6406 0.3238 -0.6963
vn 0.5108 0.3625 -0.7795
vn 0.5306 0.3495 -0.7722
vn 0.5111 0.3838 -0.7691
vn 0.0131 0.4123 -0.9110
vn -0.0000 0.4465 -0.8948
vn -0.0000 0.4354 -0.9002
vn 0.0036 0.4180 -0.9085
vn -0.0234 0.3632 -0.9314
vn -0.0000 -0.9084 -0.4180
vn -0.0000 0.3712 -0.9286
vn 0.0013 0.3278 -0.9448
vn 0.5111 0.2817 -0.8121
vn 0.5270 0.2991 -0.7955
vn 0.5109 0.3123 -0.8009
vn -0.0000 0.3292 -0.9443
vn -0.0000 0.9530 0.3031
vn -0.0019 0.3031 -0.9529
vn -0.0000 0.3032 -0.9529
vn -0.0000 -0.9529 -0.3032
vn -0.0715 0.3024 -0.9505
vn -0.0000 0.2654 -0.9641
vn 0.0048 0.2801 -0.9600
vn -0.0000 0.2404 -0.9707
vn -0.5108 0.2408 -0.8253
vn -0.5111 0.2066 -0.8343
vn -0.0000 0.2188 -0.9758
vn -0.5109 0.1750 -0.8417
vn -0.0240 0.2035 -0.9788
vn -0.5166 0.1770 -0.8377
vn 0.0549 0.1835 -0.9815
vn -0.0000 0.9830 0.1837
vn -0.0000 -0.9830 -0.1838
vn -0.0000 0.1837 -0.9830
vn -0.0000 0.1838 -0.9830
vn -0.0000 0.1500 -0.9887
vn 0.0014 0.1837 -0.9830
vn -0.0016 0.1511 -0.9885
vn 0.0016 0.1511 -0.9885
vn 0.5110 0.1299 -0.8497
vn -0.0000 0.1055 -0.9944
vn -0.0180 0.1136 -0.9934
vn 0.5461 0.0952 -0.8323
vn 0.6405 0.1014 -0.7612
vn 0.5109 0.1135 -0.8521
vn 0.5109 0.1750 -0.8417
vn 0.5166 0.1770 -0.8377
vn 0.6405 0.1587 -0.7513
vn 0.5111 0.2066 -0.8343
vn 0.5109 0.2408 -0.8253
vn 0.5108 0.2408 -0.8253
vn 0.6405 0.2151 -0.7372
vn 0.6405 0.1587 -0.7514
vn 0.0183 0.0606 -0.9980
vn 0.5109 0.0521 -0.8581
vn 0.0163 0.0616 -0.9980
vn -0.0000 -0.9981 -0.0616
vn -0.0000 0.0357 -0.9994
vn -0.0000 0.0615 -0.9981
vn -0.0000 0.9981 0.0614
vn -0.0190 0.0615 -0.9979
vn -0.0000 0.0228 -0.9997
vn 0.5111 0.0196 -0.8593
vn 0.5177 0.0486 -0.8542
vn 0.0153 -0.0189 -0.9997
vn 0.5108 -0.0163 -0.8595
vn -0.0000 -0.0130 -0.9999
vn -0.0052 -0.0616 -0.9981
vn -0.0000 0.9981 -0.0614
vn -0.0000 -0.0615 -0.9981
vn -0.0000 -0.9981 0.0617
vn 0.0007 -0.0683 -0.9977
vn 0.5111 -0.0587 -0.8575
vn -0.0169 0.0606 -0.9980
vn 0.0180 0.1136 -0.9934
vn -0.0033 0.2035 -0.9791
vn -0.5110 0.1299 -0.8497
vn -0.5343 0.3071 -0.7876
vn -0.5108 0.3025 -0.8047
vn -0.5111 0.2817 -0.8121
vn -0.6406 0.2151 -0.7372
vn -0.6406 0.2702 -0.7188
vn -0.7541 0.2769 -0.5955
vn -0.7541 0.2311 -0.6147
vn -0.6406 0.3238 -0.6963
vn -0.8487 0.2230 -0.4795
vn -0.7541 0.3212 -0.5728
vn -0.8487 0.2586 -0.4613
vn -0.8487 0.2587 -0.4613
vn -0.8487 0.2928 -0.4404
vn -0.7541 0.3636 -0.5469
vn -0.8487 0.3253 -0.4170
vn -0.9218 0.2384 -0.3057
vn -0.9218 0.2146 -0.3228
vn -0.9218 0.2608 -0.2868
vn -0.9716 0.1592 -0.1750
vn -0.9716 0.1455 -0.1866
vn -0.9218 0.2818 -0.2662
vn -0.9716 0.1720 -0.1625
vn -0.9716 0.1838 -0.1490
vn -0.9218 0.3011 -0.2441
vn -0.8487 0.4108 -0.3331
vn -0.8487 0.3844 -0.3632
vn -0.8487 0.3559 -0.3912
vn -0.7541 0.4419 -0.4858
vn -0.7542 0.4773 -0.4510
vn -0.7542 0.4419 -0.4858
vn -0.7541 0.4039 -0.5178
vn -0.6406 0.4723 -0.6055
vn -0.5109 0.4796 -0.7134
vn -0.5110 0.5168 -0.6869
vn -0.5195 0.4730 -0.7116
vn -0.5292 0.5218 -0.6691
vn -0.6406 0.4251 -0.6395
vn -0.0000 0.6311 -0.7757
vn -0.0000 0.6012 -0.7991
vn -0.5111 0.5424 -0.6668
vn -0.0299 0.6153 -0.7877
vn -0.0041 0.6288 -0.7776
vn -0.0000 0.6269 -0.7791
vn -0.0000 0.7792 0.6268
vn -0.0000 0.7791 0.6268
vn -0.5111 0.4522 -0.7310
vn -0.5108 0.4204 -0.7499
vn -0.6406 0.3755 -0.6698
vn -0.5255 0.3588 -0.7715
vn -0.5111 0.3837 -0.7691
vn 0.0178 0.4890 -0.8721
vn -0.0130 0.5578 -0.8299
vn -0.0000 0.5355 -0.8445
vn 0.0390 0.5773 -0.8156
vn -0.8487 0.3252 -0.4170
vn -0.7541 0.5101 -0.4136
vn -0.7541 0.4774 -0.4510
vn -0.7542 0.5101 -0.4136
vn -0.7542 0.5399 -0.3738
vn -0.8487 0.4348 -0.3011
vn -0.8487 0.4564 -0.2673
vn -0.9218 0.3187 -0.2207
vn -0.9218 0.3345 -0.1959
vn -0.9218 0.3484 -0.1701
vn -0.8487 0.4563 -0.2673
vn -0.8487 0.4752 -0.2321
vn -0.9218 0.3483 -0.1701
vn -0.8487 0.4915 -0.1954
vn -0.8487 0.4753 -0.2321
vn -0.9218 0.3602 -0.1432
vn -0.7541 0.5901 -0.2881
vn -0.7542 0.5901 -0.2881
vn -0.7541 0.5666 -0.3319
vn -0.7542 0.5666 -0.3319
vn -0.6405 0.6314 -0.4371
vn -0.6406 0.6313 -0.4371
vn -0.9716 0.2041 -0.1196
vn -0.9716 0.1945 -0.1347
vn -0.9968 0.0686 -0.0402
vn -0.9968 0.0654 -0.0453
vn -0.9968 0.0618 -0.0501
vn -0.9716 0.1310 -0.1970
vn -0.9218 0.1896 -0.3381
vn -0.9716 0.1157 -0.2064
vn -0.9716 0.0998 -0.2145
vn -0.9218 0.1635 -0.3515
vn -0.9218 0.1364 -0.3628
vn -0.8487 0.1861 -0.4950
vn -0.8487 0.2230 -0.4796
vn -0.9968 0.0389 -0.0694
vn -0.9968 0.0335 -0.0721
vn -0.7542 0.2311 -0.6147
vn -0.5109 0.3545 -0.7831
vn -0.6405 0.2151 -0.7372
vn -0.0173 0.4179 -0.9083
vn 0.0234 0.3632 -0.9314
vn -0.0048 0.4123 -0.9110
vn -0.0000 0.9085 0.4180
vn -0.0000 0.4180 -0.9085
vn -0.6405 0.1587 -0.7513
vn -0.0013 0.3277 -0.9448
vn 0.0277 0.2800 -0.9596
vn 0.6405 0.2702 -0.7188
vn 0.6406 0.2702 -0.7188
vn 0.5278 0.6598 -0.5350
vn 0.6406 0.5965 -0.4836
vn 0.6406 0.5582 -0.5273
vn 0.5110 0.6749 -0.5323
vn 0.5109 0.7068 -0.4894
vn 0.6405 0.6314 -0.4372
vn 0.6405 0.5965 -0.4837
vn -0.0286 0.7266 -0.6865
vn -0.5110 0.7023 -0.4957
vn -0.5243 0.7001 -0.4848
vn -0.0119 0.8170 -0.5766
vn 0.0116 0.7851 -0.6193
vn -0.0000 -0.5000 -0.8660
vn -0.0000 0.8660 -0.5000
vn -0.0000 0.5000 0.8660
vn 0.5213 0.7668 -0.3744
vn 0.5109 0.7749 -0.3722
vn 0.0010 0.9014 -0.4330
vn -0.0072 0.9231 -0.3844
vn -0.5110 0.7935 -0.3304
vn 0.5108 0.7988 -0.3177
vn 0.5111 0.8291 -0.2265
vn 0.5121 0.8199 -0.2561
vn -0.0000 0.9647 -0.2635
vn 0.5109 0.8376 -0.1935
vn -0.0020 0.9743 -0.2251
vn 0.5108 0.8376 -0.1936
vn 0.5111 0.8465 -0.1493
vn 0.0040 0.9848 -0.1736
vn -0.0266 0.9765 -0.2139
vn 0.1098 0.9597 -0.2588
vn 0.6405 0.7482 -0.1729
vn 0.5284 0.8393 -0.1280
vn 0.6405 0.7591 -0.1158
vn -0.0699 0.9587 -0.2757
vn -0.0000 0.9543 -0.2988
vn -0.5108 0.8376 -0.1936
vn -0.0000 0.1534 0.9882
vn 0.6406 0.7657 -0.0581
vn 0.6406 0.7591 -0.1158
vn 0.0401 0.9957 -0.0832
vn -0.0249 0.9997 -0.0000
vn -0.5111 0.8586 0.0391
vn 0.5331 -0.0897 -0.8413
vn -0.0000 -0.1587 -0.9873
vn 0.0386 -0.1762 -0.9836
vn -0.0000 -0.1497 -0.9887
vn -0.0000 -0.1763 -0.9843
vn -0.0131 -0.1587 -0.9872
vn -0.0000 0.9830 -0.1838
vn -0.0000 -0.1837 -0.9830
vn -0.0000 -0.9830 0.1838
vn -0.0000 -0.2439 -0.9698
vn -0.0111 -0.2439 -0.9697
vn 0.0020 -0.1960 -0.9806
vn -0.0000 -0.1927 -0.9813
vn 0.0013 -0.2880 -0.9576
vn -0.0123 -0.2435 -0.9698
vn -0.0000 0.9529 -0.3032
vn -0.0000 -0.3032 -0.9529
vn -0.0000 -0.9529 0.3032
vn 0.5111 -0.2444 -0.8240
vn -0.0000 -0.3039 -0.9527
vn 0.0111 -0.2439 -0.9697
vn 0.0123 -0.2436 -0.9698
vn -0.0013 -0.2879 -0.9577
vn -0.5111 -0.1685 -0.8429
vn -0.0000 -0.1960 -0.9806
vn -0.0029 -0.1927 -0.9813
vn -1.0000 -0.0000 -0.0001
vn -0.5319 -0.1344 -0.8361
vn 0.6405 -0.4006 -0.6551
vn 0.6405 -0.3499 -0.6836
vn 0.6405 -0.4006 -0.6552
vn 0.6405 -0.4490 -0.6230
vn 0.7542 -0.3840 -0.5327
vn 0.6405 -0.4949 -0.5872
vn 0.7542 -0.4232 -0.5022
vn 0.7542 -0.4231 -0.5021
vn 0.6406 -0.5378 -0.5481
vn 0.6406 -0.4948 -0.5872
vn 0.7541 -0.4600 -0.4687
vn 0.7542 -0.4599 -0.4687
vn 0.7542 -0.4941 -0.4326
vn 0.6406 -0.5777 -0.5059
vn 0.7541 -0.4941 -0.4326
vn 0.5205 -0.6424 -0.5625
vn 0.5111 -0.6281 -0.5867
vn 0.5109 -0.6021 -0.6136
vn 0.5108 -0.6021 -0.6136
vn -0.0060 -0.7004 -0.7138
vn 0.5111 -0.5723 -0.6413
vn -0.0000 -0.6658 -0.7461
vn -0.0000 -0.6897 -0.7241
vn 0.0734 -0.7160 -0.6943
vn -0.0000 -0.6961 0.7179
vn -0.0000 -0.7321 -0.6812
vn 0.0006 -0.7308 -0.6826
vn -0.0000 -0.7179 -0.6962
vn -0.0000 0.6962 -0.7179
vn 0.0022 -0.7179 -0.6961
vn -0.0006 -0.7308 -0.6826
vn -0.5108 -0.6021 -0.6136
vn -0.0275 -0.7001 -0.7135
vn -0.5111 -0.6281 -0.5867
vn -0.5109 -0.6021 -0.6136
vn -0.6406 -0.5378 -0.5481
vn -0.5111 -0.5723 -0.6413
vn -0.5295 -0.5404 -0.6540
vn -0.5108 -0.5540 -0.6574
vn -0.6406 -0.4948 -0.5872
vn -0.6406 -0.4490 -0.6230
vn -0.7542 -0.3840 -0.5327
vn -0.7542 -0.4232 -0.5022
vn -0.7542 -0.3426 -0.5603
vn -0.8487 -0.2759 -0.4512
vn -0.8487 -0.3093 -0.4291
vn -0.7542 -0.3426 -0.5602
vn -0.8487 -0.2410 -0.4708
vn -0.7542 -0.2992 -0.5846
vn -0.9218 -0.1766 -0.3451
vn -0.9218 -0.1500 -0.3574
vn -0.8487 -0.2047 -0.4876
vn -0.8487 -0.2047 -0.4877
vn -0.9218 -0.1226 -0.3678
vn -0.9716 -0.0576 -0.2295
vn -0.9716 -0.0748 -0.2244
vn -0.9968 -0.0194 -0.0772
vn -0.9968 -0.0194 -0.0771
vn -0.9968 -0.0252 -0.0755
vn -0.9968 -0.0135 -0.0784
vn -0.3413 0.2274 0.9120
vn -0.3413 0.3521 0.8715
vn -0.3413 0.4700 0.8140
vn -0.9968 -0.0362 -0.0708
vn -0.9968 -0.0415 -0.0679
vn -0.9716 -0.1078 -0.2106
vn -0.9716 -0.1234 -0.2018
vn -0.9716 -0.1383 -0.1919
vn -0.9218 -0.2267 -0.3145
vn -0.9218 -0.2022 -0.3307
vn -0.9218 -0.2498 -0.2965
vn -0.8487 -0.3408 -0.4044
vn -0.8487 -0.3093 -0.4290
vn -0.8487 -0.3704 -0.3775
vn -0.7541 -0.4232 -0.5022
vn -0.7541 -0.4600 -0.4687
vn -0.7541 -0.4600 -0.4688
vn -0.6406 -0.5777 -0.5059
vn -0.7541 -0.4941 -0.4326
vn -0.5205 -0.6424 -0.5625
vn -0.5109 -0.6500 -0.5625
vn -0.5108 -0.6878 -0.5158
vn 0.0292 -0.7559 -0.6541
vn -0.0088 -0.7898 -0.6132
vn -0.5427 -0.6635 -0.5151
vn -0.5111 -0.6984 -0.5010
vn -0.0000 -0.8126 -0.5829
vn -0.0000 -0.7953 -0.6062
vn -0.0164 -0.8053 -0.5927
vn -0.0000 -0.7980 -0.6026
vn -0.0000 -0.6027 0.7980
vn -0.0000 -0.7899 -0.6133
vn -0.0000 -0.8054 -0.5928
vn 0.0152 -0.7952 -0.6061
vn 0.5110 -0.6790 -0.5271
vn 0.5109 -0.6500 -0.5625
vn -0.0292 -0.7559 -0.6541
vn 0.0044 -0.8125 -0.5829
vn 0.5111 -0.6984 -0.5010
vn 0.5291 -0.6789 -0.5091
vn 0.6405 -0.6474 -0.4129
vn 0.5133 -0.7236 -0.4615
vn 0.5109 -0.7242 -0.4632
vn 0.6405 -0.6144 -0.4607
vn 0.6405 -0.6475 -0.4129
vn -0.0000 -0.8621 -0.5068
vn 0.5111 -0.7410 -0.4356
vn -0.0000 -0.8424 -0.5388
vn 0.0959 -0.8556 -0.5086
vn -0.0012 -0.8680 -0.4966
vn -0.0000 -0.8660 -0.5000
vn -0.0000 0.5000 -0.8660
vn -0.0000 -0.5000 0.8660
vn 0.0321 -0.8332 -0.5521
vn -0.0104 -0.8424 -0.5388
vn -0.0000 -0.8596 -0.5110
vn -0.0000 -0.8336 -0.5524
vn -0.0321 -0.8332 -0.5521
vn 0.5108 -0.7577 -0.4062
vn 0.0245 -0.8811 -0.4723
vn 0.6406 -0.6768 -0.3628
vn 0.6405 -0.6768 -0.3628
vn -0.0000 0.6026 -0.7980
vn -0.0000 -0.7619 -0.6476
vn -0.5109 -0.7242 -0.4632
vn -0.8487 -0.3979 -0.3484
vn -0.9218 -0.2715 -0.2767
vn -0.9218 -0.2916 -0.2554
vn -0.9716 -0.1657 -0.1689
vn -0.9716 -0.1780 -0.1559
vn -0.9218 -0.2917 -0.2554
vn -0.9968 -0.0557 -0.0568
vn -0.9968 -0.0513 -0.0608
vn -0.9716 -0.1525 -0.1809
vn -0.9968 -0.0465 -0.0645
vn -0.3413 0.6761 0.6530
vn -0.3413 0.5787 0.7407
vn -0.3413 0.6762 0.6529
vn -0.9968 -0.0598 -0.0524
vn -0.9968 -0.0636 -0.0477
vn -0.9716 -0.1893 -0.1419
vn -0.9716 -0.1995 -0.1272
vn -0.9968 -0.0671 -0.0428
vn -0.3413 0.7604 0.5525
vn -0.3413 0.8299 0.4413
vn -0.3413 0.8833 0.3215
vn -0.9968 -0.0750 -0.0266
vn -0.9968 -0.0727 -0.0322
vn -0.9968 -0.0768 -0.0208
vn -0.9968 -0.0781 -0.0150
vn -0.9968 -0.0790 -0.0090
vn -0.9968 -0.0795 -0.0030
vn -0.9716 -0.2351 -0.0268
vn -0.9716 -0.2364 -0.0090
vn -0.9716 -0.2364 0.0090
vn -0.9218 -0.3874 0.0147
vn -0.8487 -0.5255 0.0599
vn -0.9218 -0.3852 0.0439
vn -0.8487 -0.5195 0.0995
vn -0.9218 -0.3851 0.0439
vn -0.9218 -0.3807 0.0729
vn -0.8487 -0.5194 0.0995
vn -0.7542 -0.6338 0.1720
vn -0.7541 -0.6338 0.1720
vn -0.8487 -0.5104 0.1385
vn -0.7542 -0.6450 0.1235
vn -0.6406 -0.7542 0.1445
vn -0.6406 -0.7411 0.2011
vn -0.5236 -0.8030 0.2846
vn -0.5111 -0.8183 0.2631
vn -0.5108 -0.8297 0.2251
vn -0.6406 -0.7238 0.2566
vn -0.5109 -0.8078 0.2939
vn -0.5108 -0.7862 0.3477
vn -0.6405 -0.7023 0.3106
vn -0.6405 -0.7238 0.2565
vn -0.0029 -0.9397 0.3419
vn -0.0262 -0.9428 0.3322
vn 0.0325 -0.9197 0.3913
vn -0.5378 -0.7758 0.3301
vn -0.0000 -0.9066 0.4219
vn -0.0000 -0.9246 0.3809
vn -0.0035 -0.9047 0.4260
vn -0.5110 -0.7777 0.3662
vn -0.0000 0.3324 0.9431
vn 0.0019 -0.9432 0.3323
vn -0.0325 -0.9197 0.3913
vn 0.0167 -0.9396 0.3419
vn 0.5236 -0.8030 0.2846
vn 0.5109 -0.8078 0.2939
vn 0.5111 -0.8183 0.2631
vn -0.0000 -0.9520 0.3061
vn -0.0000 -0.9490 0.3153
vn 0.5108 -0.8297 0.2251
vn 0.0074 -0.9651 0.2619
vn -0.0000 -0.9644 0.2644
vn -0.0015 -0.9753 0.2209
vn -0.0000 0.2139 0.9769
vn -0.0000 -0.9769 0.2139
vn -0.0000 -0.2139 -0.9769
vn 0.0015 -0.9753 0.2209
vn -0.0000 -0.9789 0.2044
vn -0.0000 -0.9759 0.2183
vn -0.0135 -0.9834 0.1812
vn -0.5111 -0.8388 0.1876
vn -0.5109 -0.8454 0.1558
vn -0.5221 -0.8376 0.1605
vn -0.0074 -0.9651 0.2619
vn -0.0000 -0.9847 0.1743
vn 0.0585 -0.9772 0.2040
vn -0.0000 -0.9834 0.1812
vn 0.5111 -0.8388 0.1876
vn 0.5221 -0.8376 0.1605
vn 0.5109 -0.8454 0.1558
vn 0.6406 -0.7411 0.2011
vn 0.6406 -0.7238 0.2565
vn 0.6405 -0.7238 0.2566
vn 0.5110 -0.7910 0.3365
vn -0.0000 -0.9431 0.3324
vn -0.0000 -0.3324 -0.9432
vn 0.0153 -0.8813 0.4724
vn -0.5108 -0.7577 0.4062
vn -0.0000 -0.8755 0.4832
vn -0.0869 -0.8918 0.4441
vn -0.5111 -0.7410 0.4356
vn -0.0000 -0.8621 0.5068
vn 0.5108 -0.7577 0.4062
vn 0.5111 -0.7410 0.4356
vn 0.0253 -0.8811 0.4723
vn 0.5133 -0.7236 0.4615
vn 0.5109 -0.7242 0.4632
vn 0.0051 -0.8424 0.5388
vn 0.0503 -0.8325 0.5517
vn -0.0000 -0.8523 0.5231
vn -0.0000 -0.5524 -0.8336
vn -0.0000 -0.8336 0.5524
vn -0.0000 0.5523 0.8336
vn 0.0028 -0.8126 0.5829
vn -0.0000 -0.8136 0.5814
vn -0.0027 -0.8336 0.5524
vn -0.5111 -0.6984 0.5010
vn -0.0269 -0.8421 0.5386
vn -0.5109 -0.7242 0.4632
vn -0.5133 -0.7236 0.4615
vn -0.5291 -0.6789 0.5091
vn -0.6405 -0.6144 0.4607
vn -0.6405 -0.6474 0.4129
vn -0.6406 -0.6474 0.4129
vn -0.6406 -0.6768 0.3628
vn -0.7541 -0.5788 0.3102
vn -0.7542 -0.5788 0.3102
vn -0.7541 -0.6006 0.2656
vn -0.7542 -0.6006 0.2656
vn -0.6406 -0.7023 0.3106
vn -0.8487 -0.4985 0.1767
vn -0.8487 -0.4837 0.2139
vn -0.7542 -0.6189 0.2194
vn -0.9218 -0.3654 0.1295
vn -0.9218 -0.3741 0.1015
vn -0.9716 -0.2324 0.0445
vn -0.9716 -0.2283 0.0620
vn -0.9716 -0.2323 0.0445
vn -0.9716 -0.2350 0.0268
vn -0.9968 -0.0781 0.0150
vn -0.9968 -0.0790 0.0090
vn -0.9716 -0.2351 0.0268
vn -0.9968 -0.0795 0.0030
vn -0.9218 -0.3546 0.1568
vn -0.8487 -0.4662 0.2499
vn -0.0109 -0.7898 0.6132
vn 0.5427 -0.6635 0.5151
vn 0.5111 -0.6984 0.5010
vn -0.0028 -0.8126 0.5829
vn -0.0000 -0.7867 0.6173
vn -0.0000 -0.6506 -0.7594
vn 0.0092 -0.7594 0.6506
vn -0.0000 -0.7594 0.6506
vn -0.0000 0.6506 0.7594
vn -0.0000 -0.7417 0.6708
vn -0.0220 -0.7592 0.6505
vn 0.0179 -0.7561 0.6543
vn 0.0109 -0.7898 0.6132
vn -0.0112 -0.7561 0.6543
vn -0.5109 -0.6500 0.5625
vn -0.5110 -0.6790 0.5272
vn 0.5109 -0.6500 0.5625
vn 0.5108 -0.6878 0.5158
vn 0.6405 -0.5777 0.5059
vn 0.5205 -0.6424 0.5625
vn 0.6405 -0.6144 0.4607
vn 0.7541 -0.4941 0.4326
vn 0.7542 -0.4941 0.4326
vn 0.6405 -0.6475 0.4130
vn 0.5110 -0.7777 0.3662
vn 0.0035 -0.9047 0.4260
vn -0.0044 -0.8952 0.4457
vn -0.0000 0.4457 0.8952
vn -0.0000 -0.8952 0.4458
vn -0.0000 -0.4457 -0.8952
vn 0.5281 -0.7767 0.3434
vn -0.7541 -0.6190 0.2194
vn -0.9968 -0.0701 -0.0376
vn -0.3413 0.9194 0.1954
vn -0.9218 -0.3101 -0.2326
vn -0.9218 -0.2498 -0.2964
vn -0.9968 -0.0308 -0.0733
vn -0.9716 -0.0916 -0.2181
vn -0.3413 0.0982 0.9348
vn -0.9968 -0.0075 -0.0792
vn -0.9968 -0.0015 -0.0795
vn -0.6406 -0.4006 -0.6551
vn -0.6405 -0.4006 -0.6551
vn -0.7541 -0.2992 -0.5846
vn -0.6405 -0.4490 -0.6230
vn -0.5274 -0.4968 -0.6892
vn -0.5111 -0.4850 -0.7097
vn -0.5108 -0.4485 -0.7334
vn 0.0129 -0.5642 -0.8256
vn -0.0263 -0.5215 -0.8528
vn -0.0154 -0.5264 -0.8501
vn -0.0000 -0.8502 0.5265
vn -0.0000 -0.5578 -0.8300
vn -0.0128 -0.5642 -0.8256
vn 0.0188 -0.5216 -0.8530
vn 0.0322 -0.5261 -0.8498
vn -0.0000 0.8503 -0.5264
vn -0.0000 -0.5007 -0.8656
vn -0.0000 -0.5264 -0.8502
vn 0.5108 -0.4485 -0.7334
vn 0.5111 -0.4184 -0.7508
vn -0.0000 -0.4868 -0.8735
vn 0.5111 -0.4850 -0.7097
vn 0.0015 -0.5951 -0.8037
vn 0.5355 -0.5026 -0.6787
vn -0.0000 -0.5945 -0.8041
vn -0.0010 -0.6269 -0.7791
vn -0.0000 0.7791 -0.6268
vn -0.0000 -0.6269 -0.7791
vn -0.0000 -0.7791 0.6269
vn -0.0285 -0.6267 -0.7788
vn -0.0000 -0.6492 -0.7606
vn 0.0157 -0.6369 -0.7708
vn -0.0015 -0.5951 -0.8037
vn 0.0018 -0.6370 -0.7709
vn 0.5109 -0.5476 -0.6627
vn 0.5108 -0.5027 -0.6974
vn -0.5111 -0.4184 -0.7508
vn -0.5110 -0.5115 -0.6908
vn -0.7541 -0.2542 -0.6055
vn 0.5249 -0.5485 -0.6509
vn 0.6405 -0.6143 -0.4607
vn 0.5156 -0.3904 -0.7627
vn 0.0223 -0.3204 -0.9470
vn 0.5109 -0.3898 -0.7662
vn -0.6405 -0.1302 -0.7568
vn -0.7542 -0.1113 -0.6472
vn -0.3413 -0.9035 0.2591
vn -0.3413 -0.9308 0.1308
vn -0.3413 -0.9400 -0.0000
vn -0.3413 -0.9308 -0.1308
vn -0.3413 -0.9035 -0.2591
vn -0.3413 -0.8587 -0.3823
vn -0.9968 0.0739 0.0294
vn -0.9968 0.0759 0.0237
vn -0.9716 0.2258 0.0705
vn -0.9716 0.2305 0.0533
vn -0.9968 0.0775 0.0179
vn -0.9716 0.2339 0.0357
vn -0.9968 0.0786 0.0120
vn -0.9716 0.2359 0.0179
vn -0.9968 0.0793 0.0060
vn -0.9218 0.3877 -0.0000
vn -0.9716 0.2366 -0.0000
vn -0.9218 0.3866 0.0293
vn -0.9218 0.3866 -0.0293
vn -0.8487 0.5274 -0.0400
vn -0.9218 0.3865 -0.0293
vn -0.8487 0.5228 -0.0798
vn -0.8487 0.5229 -0.0798
vn -0.9716 0.2359 -0.0179
vn -0.9968 0.0793 -0.0060
vn -0.9968 0.0795 -0.0000
vn -0.5108 0.8376 0.1936
vn -0.5111 0.8465 0.1493
vn 0.0075 0.9848 0.1736
vn 0.5111 0.8291 0.2265
vn -0.7542 0.6102 0.2427
vn 0.6406 0.6900 0.3369
vn 0.6406 0.5964 0.4836
vn -0.7541 0.5101 0.4136
vn -0.9218 0.3187 0.2207
vn -0.9716 0.1945 0.1347
vn -0.9968 0.0618 0.0501
vn -0.7541 0.2769 0.5955
vn -0.5111 0.5424 0.6668
vn -0.5438 0.5045 0.6706
vn -0.5109 0.5772 0.6370
vn -0.0222 0.6713 0.7409
vn 0.0255 0.6308 0.7755
vn -0.5270 0.2991 0.7955
vn -0.0000 0.3423 0.9396
vn 0.6405 0.3755 0.6698
vn 0.6406 0.3755 0.6698
vn -0.0576 0.4723 0.8796
vn 0.6406 0.4251 0.6395
vn -0.0205 0.5578 0.8298
vn 0.7542 0.1839 0.6304
vn 0.6405 0.1587 0.7513
vn 0.7542 0.1357 0.6425
vn -0.8487 -0.1288 0.5130
vn -0.8487 -0.1288 0.5129
vn -0.9968 -0.0415 0.0679
vn -0.9968 -0.0465 0.0645
vn -0.9968 -0.0513 0.0608
vn -0.3413 0.5787 -0.7407
vn -0.3413 0.6761 -0.6530
vn -0.9968 -0.0557 0.0568
vn -0.9968 -0.0598 0.0524
vn -0.9968 -0.0636 0.0477
vn -0.9968 -0.0671 0.0428
vn -0.3413 0.7605 -0.5525
vn -0.3413 0.8299 -0.4413
vn -0.3413 0.7604 -0.5525
vn -0.9716 -0.1893 0.1419
vn -0.9218 -0.3101 0.2326
vn -0.9218 -0.2917 0.2554
vn -0.9716 -0.1780 0.1559
vn -0.9218 -0.2916 0.2554
vn -0.9218 -0.2715 0.2767
vn -0.8487 -0.3704 0.3775
vn -0.8487 -0.3979 0.3484
vn -0.8487 -0.3408 0.4044
vn -0.9218 -0.2498 0.2964
vn -0.9716 -0.1525 0.1809
vn -0.9716 -0.1657 0.1689
vn -0.7542 -0.3840 0.5327
vn -0.7542 -0.4231 0.5022
vn -0.7541 -0.4600 0.4687
vn -0.6406 -0.4948 0.5872
vn -0.7541 -0.4232 0.5022
vn -0.3413 0.6762 -0.6529
vn -0.9218 -0.3545 0.1568
vn -0.5249 -0.5485 0.6509
vn -0.5111 -0.5723 0.6413
vn 0.6405 -0.5378 0.5481
vn 0.6406 -0.5378 0.5481
vn -0.5109 -0.5476 0.6626
vn 0.6406 -0.4948 0.5872
vn 0.6405 -0.4490 0.6230
vn 0.5274 -0.4968 0.6892
vn 0.6406 -0.4490 0.6230
vn 0.5111 -0.4850 0.7096
vn -0.0000 -0.5694 0.8221
vn 0.0033 -0.5642 0.8256
vn 0.5109 -0.4485 0.7334
vn 0.5108 -0.4485 0.7334
vn -0.0022 -0.5217 0.8531
vn -0.0195 -0.5263 0.8501
vn 0.0002 -0.4860 0.8740
vn -0.0000 -0.5264 0.8502
vn -0.0000 -0.8810 -0.4730
vn 0.0195 -0.5263 0.8501
vn 0.0022 -0.5217 0.8531
vn -0.0002 -0.4860 0.8740
vn -0.0000 -0.4868 0.8735
vn -0.0579 -0.4707 0.8804
vn -0.0000 -0.4534 0.8913
vn -0.0000 -0.4400 0.8980
vn -0.0000 0.8811 0.4730
vn -0.0000 -0.4731 0.8810
vn 0.0245 -0.4533 0.8910
vn -0.0000 -0.4715 0.8819
vn 0.5156 -0.3904 0.7627
vn 0.5109 -0.3898 0.7662
vn 0.5111 -0.4184 0.7508
vn 0.5110 -0.3484 0.7858
vn -0.0000 -0.4053 0.9142
vn 0.0070 -0.3704 0.9288
vn 0.5449 -0.3106 0.7788
vn -0.0000 -0.3829 0.9238
vn -0.0037 -0.3612 0.9325
vn -0.0000 -0.9325 -0.3612
vn -0.0000 0.9325 0.3612
vn -0.0000 -0.3612 0.9325
vn 0.0037 -0.3612 0.9325
vn -0.0081 -0.3204 0.9472
vn -0.0000 -0.3173 0.9483
vn -0.0124 -0.2844 0.9586
vn 0.5111 -0.2445 0.8240
vn 0.5186 -0.2703 0.8111
vn 0.5109 -0.2755 0.8143
vn 0.0081 -0.3204 0.9472
vn -0.0000 -0.2744 0.9616
vn -0.0000 -0.9698 -0.2439
vn 0.0226 -0.2439 0.9695
vn -0.0000 -0.2439 0.9698
vn -0.0000 0.9698 0.2439
vn -0.0000 -0.2065 0.9784
vn 0.0188 -0.1959 0.9804
vn -0.0237 -0.2438 0.9695
vn -0.5111 -0.1685 0.8429
vn -0.0229 -0.2435 0.9696
vn -0.5108 -0.2094 0.8338
vn 0.0124 -0.2844 0.9586
vn -0.5111 -0.2445 0.8240
vn -0.0188 -0.1959 0.9804
vn 0.0234 -0.2435 0.9696
vn 0.5108 -0.2094 0.8338
vn 0.5111 -0.1684 0.8429
vn 0.5318 -0.1344 0.8361
vn 0.5108 -0.1457 0.8472
vn 0.6406 -0.1870 0.7448
vn 0.6405 -0.1302 0.7568
vn 0.6405 -0.0726 0.7645
vn 0.5265 -0.0803 0.8464
vn 0.5110 -0.0911 0.8548
vn 0.0070 -0.1588 0.9873
vn -0.0039 -0.1229 0.9924
vn 0.0139 -0.1059 0.9943
vn -0.0000 0.9924 0.1229
vn -0.0000 -0.1229 0.9924
vn -0.0000 -0.9924 -0.1229
vn -0.0000 -0.1624 0.9867
vn 0.6405 -0.2428 0.7285
vn 0.5108 -0.3327 0.7927
vn 0.6406 -0.2972 0.7080
vn 0.6406 -0.2428 0.7285
vn 0.7542 -0.1599 0.6369
vn 0.6405 -0.1870 0.7448
vn 0.7541 -0.1599 0.6369
vn 0.7541 -0.2077 0.6230
vn -0.5109 -0.2755 0.8143
vn -0.5186 -0.2703 0.8111
vn -0.0070 -0.3704 0.9288
vn -0.5110 -0.3184 0.7984
vn -0.7542 -0.3426 0.5603
vn 0.6405 -0.0145 0.7678
vn 0.9218 -0.1500 0.3574
vn 0.9218 -0.3268 0.2084
vn 0.0022 -0.9917 0.1286
vn -0.0000 -0.9915 0.1299
vn -0.0000 -0.9993 0.0378
vn -0.0000 -0.0923 -0.9957
vn -0.5110 -0.8524 0.1105
vn -0.6406 -0.7023 -0.3105
vn 0.5110 -0.7777 -0.3662
vn 0.9968 -0.0512 -0.0608
vn 0.3413 0.4700 0.8140
vn 0.3413 0.3521 0.8715
vn 0.3413 0.2274 0.9120
vn 0.3413 0.0982 0.9348
vn 0.9968 -0.0194 -0.0771
vn 0.9968 -0.0135 -0.0784
vn 0.3413 -0.0328 0.9394
vn 0.3413 -0.1632 0.9257
vn 0.3413 -0.2905 0.8940
vn 0.3413 -0.4120 0.8448
vn 0.3413 -0.5256 0.7793
vn 0.3413 -0.6290 0.6985
vn 0.3413 -0.7201 0.6042
vn 0.3413 -0.7971 0.4981
vn 0.9968 0.0654 -0.0453
vn 0.9968 0.0686 -0.0402
vn 0.3413 -0.8587 0.3823
vn 0.3413 -0.9308 -0.1308
vn 0.3413 -0.9035 -0.2591
vn 0.3413 -0.8587 -0.3823
vn 0.3413 -0.2905 -0.8940
vn 0.3413 -0.1632 -0.9257
vn 0.3413 -0.0328 -0.9394
vn 0.3413 0.0982 -0.9348
vn 0.3413 0.5787 -0.7407
vn 0.3413 0.6762 -0.6529
vn 0.3413 0.9194 -0.1954
vn 0.3413 0.9377 -0.0656
vn 0.3413 0.9377 0.0656
vn 0.3413 0.9194 0.1954
vn 0.3413 0.8833 0.3215
vn 0.3413 0.8299 0.4413
vt -0.567921 0.273137
vt 0.182079 -0.232625
vt 0.182079 0.254088
vt -0.232625 -2.943465
vt -0.078029 -4.564620
vt 0.254088 -3.011861
vt -0.459590 -4.506416
vt -0.567921 -0.175868
vt 0.182079 -0.705086
vt -0.705086 -2.807979
vt -0.835665 -4.419502
vt -0.567921 0.726555
vt 0.499846 0.502531
vt -0.175868 -2.676448
vt 0.273137 -2.739558
vt 0.726555 -2.739558
vt 2.915062 2.677214
vt 2.588908 2.992168
vt 3.194212 2.319902
vt 3.314427 -1.122469
vt 3.513188 -0.714937
vt 3.653306 -0.283711
vt 1.175554 -2.676448
vt -2.314742 -1.122469
vt -2.061196 -1.498372
vt -2.513503 -0.714937
vt -1.915376 2.677214
vt -2.194527 2.319902
vt -2.421236 1.927238
vt 2.222081 3.258684
vt 3.732042 0.162810
vt 1.611406 -2.551460
vt -1.757796 -1.835323
vt -2.591091 1.506840
vt 0.047532 3.720903
vt -0.395973 3.626628
vt 0.499846 3.752532
vt 1.821739 3.471550
vt 3.747862 0.615947
vt 2.025621 -2.367049
vt -1.410457 -2.126765
vt -2.700783 1.066887
vt 1.395665 3.626628
vt 3.700469 1.066887
vt 2.410142 -2.126765
vt -1.025936 -2.367049
vt -2.748177 0.615947
vt -0.822048 3.471550
vt 0.952159 3.720903
vt 3.590776 1.506840
vt 2.757487 -1.835323
vt -0.611720 -2.551460
vt -2.732350 0.162810
vt -1.222396 3.258684
vt 3.420927 1.927238
vt 3.060881 -1.498372
vt -2.653615 -0.283711
vt -1.589217 2.992168
vt -0.567921 2.677214
vt 0.182079 2.859856
vt -0.567921 2.319902
vt -0.567921 -1.915376
vt 0.182079 -1.764681
vt 0.182079 -2.118239
vt -0.567921 -1.589217
vt -2.403395 4.695525
vt -2.712190 4.463957
vt -1.764681 3.201286
vt -1.367049 3.490178
vt 0.182079 -1.367049
vt -3.002589 4.209685
vt -2.118239 2.859856
vt -3.119338 4.333257
vt -3.272926 3.934172
vt -3.398683 4.048564
vt -3.521266 4.160063
vt -3.233131 4.453703
vt -2.819258 4.596001
vt -2.923622 4.724711
vt -2.500166 4.835295
vt -2.594496 4.971538
vt -2.163899 5.049773
vt -2.077968 4.903081
vt -1.737776 5.085442
vt -1.812367 5.238200
vt -1.384767 5.241545
vt -0.933077 3.720927
vt -1.447591 5.399504
vt -1.885067 5.387114
vt -2.247652 5.192754
vt -2.327120 5.328410
vt -1.954048 5.528398
vt -1.508827 5.553496
vt -1.566921 5.699577
vt -1.121071 5.690935
vt -1.071663 5.532768
vt -1.020967 5.370500
vt -0.648451 5.471587
vt -0.686727 5.637212
vt -0.471224 3.889030
vt 0.009538 3.991228
vt -0.269356 5.544194
vt -0.294997 5.712236
vt 0.114140 5.587932
vt -0.724037 5.798662
vt -0.319991 5.876054
vt 0.101280 5.757439
vt 0.088749 5.922673
vt 0.499846 5.772539
vt 0.499846 5.602531
vt 0.499846 5.938237
vt 0.898405 5.757439
vt 0.885545 5.587932
vt 0.910942 5.922673
vt 1.294688 5.712236
vt 1.269047 5.544194
vt 0.990147 3.991228
vt 1.648143 5.471587
vt 1.470909 3.889030
vt 2.020653 5.370500
vt 1.686412 5.637212
vt 1.319676 5.876054
vt 1.723729 5.798662
vt 2.071348 5.532768
vt 2.384453 5.241545
vt 2.447276 5.399504
vt 2.120756 5.690935
vt 2.737462 5.085442
vt 2.812053 5.238200
vt 2.508513 5.553496
vt 2.167644 5.840996
vt 2.566606 5.699577
vt 2.884752 5.387114
vt 2.953734 5.528398
vt 3.247337 5.192754
vt 3.163585 5.049773
vt 3.403080 4.695525
vt 3.499858 4.835295
vt 3.077659 4.903081
vt 2.366734 3.490178
vt 1.932768 3.720927
vt -0.567921 1.821739
vt 0.182079 2.366734
vt 0.182079 1.932768
vt -0.567921 1.395665
vt 0.182079 1.470909
vt 2.764372 3.201286
vt -0.567921 2.222081
vt 0.182079 2.764372
vt 4.002275 4.209685
vt 3.711876 4.463957
vt 3.117924 2.859856
vt -0.567921 2.588908
vt 0.182079 3.117924
vt 3.818950 4.596001
vt 3.594188 4.971538
vt 3.923308 4.724711
vt 4.119023 4.333257
vt 4.232817 4.453703
vt 4.398369 4.048564
vt 4.272612 3.934172
vt 4.521337 3.639030
vt 3.420524 2.472551
vt 4.747026 3.325896
vt 4.655388 3.743572
vt 4.888603 3.420012
vt 4.520952 4.160063
vt 4.786052 3.845488
vt 4.948393 2.996611
vt 5.096684 3.079741
vt 5.026597 3.511748
vt 4.910033 3.942168
vt 5.157530 3.598796
vt 5.241216 3.160783
vt 5.378362 3.237663
vt 5.428679 2.794585
vt 5.278429 2.724699
vt 5.124278 2.653020
vt 5.273674 2.297124
vt 5.432799 2.356938
vt 3.666276 2.046904
vt 0.182079 2.046904
vt 0.182079 2.472551
vt -0.567921 1.927238
vt 0.182079 1.591191
vt 3.850395 1.591191
vt 5.395726 1.930949
vt -0.567921 1.506840
vt 0.182079 1.114287
vt 3.969304 1.114287
vt 5.489732 1.556584
vt 5.558922 1.978557
vt 5.587907 2.415263
vt 5.717992 2.024968
vt 5.656059 1.591728
vt 5.555156 1.176189
vt 5.818193 1.625969
vt 5.723668 1.198637
vt 4.020677 0.625481
vt 5.591624 0.791936
vt 5.761351 0.801579
vt 5.598930 0.406023
vt 5.887919 1.220525
vt 5.926787 0.810991
vt 5.768901 0.402800
vt 5.577031 0.020659
vt 5.746269 0.004594
vt 5.934581 0.399663
vt 4.003520 0.134282
vt 5.526042 -0.361946
vt 3.918175 -0.349751
vt 5.446269 -0.739595
vt 5.693583 -0.390767
vt 5.911235 -0.011067
vt 5.611156 -0.780989
vt 5.856889 -0.418843
vt 6.067754 -0.025923
vt 6.011839 -0.445503
vt 5.771867 -0.821358
vt 5.499443 -1.163887
vt 5.656645 -1.216292
vt 5.924357 -0.859651
vt 6.154515 -0.470039
vt 6.064763 -0.894905
vt 5.805797 -1.265999
vt 5.943138 -1.311775
vt 5.656853 -1.662215
vt 5.511882 -1.601350
vt 5.359093 -1.537227
vt 5.190910 -1.898885
vt 5.338414 -1.974385
vt 4.995860 -2.246785
vt 5.039586 -1.821419
vt 4.850829 -2.158101
vt 3.766295 -0.817195
vt 5.202342 -1.471431
vt 3.550828 -1.258968
vt 5.338164 -1.110127
vt -0.567921 -1.122469
vt 0.182079 -1.666438
vt 0.182079 -1.258968
vt 3.275987 -1.666438
vt 4.637151 -2.479537
vt -0.567921 -0.714937
vt 0.182079 -0.817195
vt 4.399766 -2.783894
vt 4.775060 -2.578938
vt 4.529765 -2.893440
vt 4.909490 -2.675826
vt 5.137230 -2.333235
vt 5.271367 -2.415254
vt 5.037028 -2.767757
vt 4.656480 -3.000215
vt 4.776708 -3.101533
vt 4.379668 -3.304549
vt 4.261394 -3.188496
vt 4.140050 -3.069429
vt 3.859477 -3.334505
vt 3.971471 -3.462410
vt 2.947111 -2.031685
vt -0.567921 2.757487
vt 0.182079 2.570598
vt 0.182079 2.947111
vt 2.570598 -2.347615
vt -0.567921 -1.498372
vt 0.182079 -2.031685
vt -0.567921 -1.835323
vt 3.559666 -3.577596
vt -0.567921 2.410142
vt 0.182079 2.153782
vt 2.153782 -2.608077
vt 3.242332 -3.797322
vt 3.661662 -3.713606
vt 4.080632 -3.587068
vt 3.761082 -3.846175
vt 3.333751 -3.940657
vt 3.422856 -4.080367
vt 2.989598 -4.142256
vt 2.909288 -3.992415
vt 2.562437 -4.161763
vt 2.631187 -4.317256
vt 3.067888 -4.288301
vt 2.203776 -4.304402
vt 2.698210 -4.468794
vt 2.260576 -4.464632
vt 1.835356 -4.419502
vt 1.879875 -4.583565
vt 2.315935 -4.620821
vt 2.761796 -4.612593
vt 2.368461 -4.769014
vt 1.923265 -4.743501
vt 1.964433 -4.895223
vt 1.522435 -4.836128
vt 1.491264 -4.673384
vt 1.459276 -4.506416
vt 1.077714 -4.564620
vt 1.096977 -4.733528
vt 1.232310 -2.943465
vt 0.745598 -3.011861
vt 0.692833 -4.593819
vt 0.699266 -4.763692
vt 0.306853 -4.593819
vt 1.115752 -4.898177
vt 0.705534 -4.929292
vt 0.300419 -4.763692
vt 0.294151 -4.929292
vt -0.097292 -4.733528
vt -0.116066 -4.898177
vt -0.491573 -4.673384
vt -0.880177 -4.583565
vt -0.522750 -4.836128
vt -1.204091 -4.304402
vt -1.260884 -4.464632
vt -0.923573 -4.743501
vt -1.562746 -4.161763
vt -1.154091 -2.608077
vt -1.909603 -3.992415
vt -1.631502 -4.317256
vt -1.316249 -4.620821
vt -1.989913 -4.142256
vt -1.698525 -4.468794
vt -1.368776 -4.769014
vt -1.762111 -4.612593
vt -2.068202 -4.288301
vt -2.334065 -3.940657
vt -2.423171 -4.080367
vt -2.142476 -4.426863
vt -1.820650 -4.744990
vt -2.210872 -4.554463
vt -2.507717 -4.212923
vt -2.585567 -4.334969
vt -2.855721 -3.971956
vt -2.761397 -3.846175
vt -2.661977 -3.713606
vt -2.971785 -3.462410
vt -3.080946 -3.587068
vt -3.261708 -3.188496
vt -3.140364 -3.069429
vt -2.859792 -3.334505
vt -3.379982 -3.304549
vt -3.530080 -2.893440
vt -3.400081 -2.783894
vt -3.637459 -2.479537
vt -3.775368 -2.578938
vt -3.656789 -3.000215
vt -3.492201 -3.414668
vt -3.777022 -3.101533
vt -3.909798 -2.675826
vt -4.037343 -2.767757
vt -4.137544 -2.333235
vt -3.996175 -2.246785
vt -3.851143 -2.158101
vt -4.039900 -1.821419
vt -4.191225 -1.898885
vt -2.766603 -0.817195
vt -4.202657 -1.471431
vt -2.551143 -1.258968
vt -4.338478 -1.110127
vt -4.359407 -1.537227
vt -4.338728 -1.974385
vt -4.512197 -1.601350
vt -4.499757 -1.163887
vt -4.656960 -1.216292
vt -4.611464 -0.780989
vt -4.446584 -0.739595
vt -4.526357 -0.361946
vt -4.693898 -0.390767
vt -4.772176 -0.821358
vt -4.577345 0.020659
vt -4.857203 -0.418843
vt -4.746577 0.004594
vt -4.599238 0.406023
vt -4.769216 0.402800
vt -4.911543 -0.011067
vt -3.003834 0.134282
vt -3.020985 0.625481
vt -4.591939 0.791936
vt -4.761665 0.801579
vt -4.555470 1.176189
vt -4.723982 1.198637
vt -4.934889 0.399663
vt -4.927101 0.810991
vt -5.092085 0.396684
vt -5.084071 0.819902
vt -4.888234 1.220525
vt -4.656374 1.591728
vt -4.818501 1.625969
vt -5.044075 1.241301
vt -5.228609 0.828117
vt -5.187581 1.260417
vt -4.972328 1.658452
vt -5.113973 1.688383
vt -4.869240 2.068999
vt -4.718306 2.024968
vt -4.559236 1.978557
vt -4.433113 2.356938
vt -4.588222 2.415263
vt -4.124593 2.653020
vt -4.278743 2.724699
vt -4.273982 2.297124
vt -3.948708 2.996611
vt -4.428993 2.794585
vt -4.096992 3.079741
vt -2.420833 2.472551
vt -3.747340 3.325896
vt -2.666585 2.046904
vt -3.521651 3.639030
vt -3.888917 3.420012
vt -4.241530 3.160783
vt -3.655702 3.743572
vt -4.026912 3.511748
vt -4.378676 3.237663
vt -4.157845 3.598796
vt -3.786366 3.845488
vt -3.910335 3.942168
vt -4.278407 3.678923
vt -4.024495 4.031194
vt -3.637575 4.265862
vt -3.744667 4.363274
vt -3.341109 4.567986
vt -3.440529 4.673223
vt -3.022645 4.846831
vt -3.113814 4.959282
vt -2.684004 5.100798
vt -2.766408 5.219817
vt -3.194844 5.059209
vt -2.839644 5.325591
vt -2.400295 5.453325
vt -2.465322 5.564336
vt -2.017568 5.658476
vt -2.074013 5.774089
vt -1.620418 5.834099
vt -1.167958 5.840996
vt -1.211122 5.979192
vt -1.667964 5.953654
vt -0.270881 -2.121968
vt -0.139954 -1.667964
vt -0.270881 -1.708345
vt -0.139954 -2.074013
vt -1.249489 6.101982
vt -0.139954 -1.249489
vt -0.270881 -1.282082
vt -0.417463 -1.404341
vt -0.417463 -1.740553
vt -0.417463 -2.005379
vt -0.567921 -1.956520
vt -0.567921 -1.769521
vt -4.567921 6.124589
vt -0.567921 6.212236
vt -0.567921 6.124589
vt -4.567921 -1.769521
vt -1.769521 6.124589
vt -1.806624 6.212236
vt -1.956520 6.045439
vt -4.567921 -1.806624
vt -4.567921 -1.993618
vt -0.567921 -1.806624
vt -4.567921 6.212236
vt -1.993618 6.133098
vt -0.567921 -1.993618
vt -0.567921 6.045439
vt -4.567921 6.133098
vt -4.567921 6.045439
vt -0.567921 6.133098
vt -4.718372 -1.740553
vt -4.567921 -1.956520
vt -4.718372 -2.005379
vt -0.417463 -2.160207
vt -4.864954 -1.708345
vt -4.718372 -2.160207
vt -4.864954 -2.121968
vt -0.567921 -2.443202
vt -4.718372 -2.564620
vt -4.567921 -2.578035
vt -4.567921 -2.443202
vt -4.864954 -2.520565
vt -4.864954 -2.901863
vt -4.718372 -2.578035
vt -4.995875 -2.465322
vt -4.995875 -2.839644
vt -2.901863 5.415434
vt -0.759438 5.951848
vt -0.792031 6.092900
vt -0.343709 6.031487
vt -0.365541 6.174590
vt 0.076854 6.079436
vt 0.065904 6.223796
vt 0.499846 6.240227
vt 0.499846 6.095464
vt 0.499846 6.368876
vt 0.933781 6.223796
vt 0.943510 6.352080
vt -4.995875 0.943510
vt -4.864954 1.401115
vt -4.995875 1.384630
vt -4.864954 0.951774
vt 1.384630 6.301775
vt -4.995875 0.499846
vt -4.718372 1.144279
vt -4.864954 0.499846
vt -4.718372 0.958366
vt -4.567921 1.144279
vt -4.567921 0.958073
vt -4.718372 0.499846
vt -4.718372 1.414256
vt -4.567921 1.160264
vt 1.144279 6.530986
vt 1.169053 6.624028
vt 1.160264 6.529253
vt 0.958073 6.547990
vt 0.966856 6.642766
vt -4.567921 1.169053
vt -4.567921 0.966856
vt -0.567921 1.169053
vt -4.567921 6.624028
vt -0.567921 6.624028
vt -4.567921 6.529253
vt -0.567921 6.529253
vt -0.567921 0.966856
vt -0.417463 1.144279
vt -0.567921 1.144279
vt -0.417463 0.958366
vt -0.567921 1.160264
vt -0.567921 0.958073
vt -0.270881 0.951774
vt -0.417463 0.499846
vt -0.139954 1.384630
vt -0.270881 1.401115
vt -0.417463 1.414256
vt -0.270881 0.499846
vt -0.139954 0.943510
vt 1.365227 6.174590
vt 1.791716 6.092900
vt 1.820683 6.218254
vt -0.139954 1.820683
vt 2.210814 5.979192
vt 1.759123 5.951848
vt 1.343394 6.031487
vt 0.922832 6.079436
vt -0.820998 6.218254
vt -0.270881 -0.845607
vt -0.139954 -0.820998
vt -0.139954 -0.384944
vt -0.384944 6.301775
vt 0.056181 6.352080
vt -0.270881 -0.401430
vt -0.139954 0.056181
vt -0.417463 -0.414571
vt -0.417463 -0.781728
vt -0.270881 0.047911
vt -0.417463 -0.144594
vt -0.567921 -0.329683
vt -0.567921 -0.530336
vt -0.329683 6.508317
vt -0.344283 6.602361
vt -0.530336 6.477165
vt -4.567921 6.508317
vt -0.567921 6.602361
vt -0.567921 6.508317
vt -4.567921 -0.329683
vt -4.718372 -0.144594
vt -4.718372 -0.414571
vt -4.567921 -0.530336
vt -4.567921 6.602361
vt -4.567921 -0.344283
vt -4.567921 -0.544942
vt -0.567921 -0.344283
vt -0.544942 6.571220
vt -0.567921 6.477165
vt -4.567921 6.571220
vt -4.567921 6.477165
vt -0.567921 6.571220
vt -0.567921 -0.544942
vt -4.864954 0.047911
vt -4.718372 -0.781728
vt -4.864954 -0.401430
vt -4.718372 0.041319
vt -4.995875 -0.384944
vt -4.995875 0.056181
vt -0.417463 0.041319
vt -4.567921 0.211680
vt 0.211680 6.558488
vt 0.411717 6.659868
vt 0.414647 6.564726
vt -4.567921 0.414647
vt -0.567921 6.558488
vt -4.567921 6.653618
vt -4.567921 6.558488
vt -0.567921 0.211680
vt 0.208757 6.653618
vt -4.567921 6.659868
vt -0.567921 6.659868
vt -4.567921 6.564726
vt -4.567921 0.411717
vt -4.567921 0.208757
vt -0.567921 0.411717
vt -0.567921 6.564726
vt -0.567921 0.208757
vt -0.567921 0.414647
vt -0.567921 6.653618
vt -4.995875 -0.820998
vt -4.995875 -1.249489
vt -4.864954 -0.845607
vt -4.995875 -1.667964
vt -4.864954 -1.282082
vt -4.995875 -2.074013
vt -4.718372 -0.865230
vt -4.718372 -1.404341
vt -4.718372 -1.308071
vt -0.417463 -0.865230
vt -0.567921 -1.061434
vt -4.567921 -1.256746
vt -4.567921 -1.061434
vt -4.567921 6.360857
vt -0.567921 6.452397
vt -0.567921 6.360857
vt -1.061434 6.360857
vt -1.087477 6.452397
vt -1.256746 6.305278
vt -0.417463 -1.308071
vt -0.567921 -1.256746
vt -0.567921 6.305278
vt -4.567921 6.396831
vt -4.567921 6.305278
vt -1.282790 6.396831
vt -0.567921 6.396831
vt -0.567921 -1.087477
vt -4.567921 -1.282790
vt -0.567921 -1.282790
vt -4.567921 -1.087477
vt -4.567921 6.452397
vt -0.139954 0.499846
vt 2.249174 6.101982
vt 2.620103 5.834099
vt 2.667650 5.953654
vt 3.017253 5.658476
vt 3.326811 5.328410
vt 3.399980 5.453325
vt 3.073698 5.774089
vt -0.270881 3.121654
vt -0.139954 3.073698
vt -0.139954 3.465013
vt -0.270881 2.708030
vt -0.139954 2.667650
vt 3.465013 5.564336
vt -0.270881 3.520250
vt -0.139954 3.839336
vt 3.766099 5.219817
vt 3.839336 5.325591
vt 3.683690 5.100798
vt 4.022331 4.846831
vt 4.113505 4.959282
vt 4.340795 4.567986
vt 4.440215 4.673223
vt 4.637260 4.265862
vt 4.744353 4.363274
vt 4.528569 4.766728
vt 4.839525 4.449834
vt 5.024180 4.031194
vt 5.125627 4.110332
vt 5.278093 3.678923
vt 5.385234 3.750151
vt 5.504631 3.308452
vt 5.571245 2.860869
vt 5.702507 2.921916
vt 5.616857 3.371379
vt -0.270881 3.810649
vt -0.139954 3.371379
vt -0.270881 3.424821
vt -0.139954 3.750151
vt -0.139954 2.976164
vt 5.819170 2.976164
vt -0.270881 3.022246
vt -0.139954 2.566789
vt 5.870580 2.521526
vt 5.991008 2.566789
vt 5.735075 2.470573
vt 5.868926 2.068999
vt 6.007903 2.109563
vt 5.972020 1.658452
vt 6.113658 1.688383
vt 6.043767 1.241301
vt 6.083757 0.819902
vt 6.187266 1.260417
vt 6.239537 1.714970
vt 6.314794 1.277422
vt 6.228294 0.828117
vt 6.356743 0.835417
vt 6.236516 0.393950
vt 6.091771 0.396684
vt 6.365148 0.391508
vt 6.211870 -0.039595
vt 6.339952 -0.051753
vt -0.270881 0.389445
vt -0.139954 -0.051753
vt -0.270881 -0.062080
vt -0.139954 0.391508
vt 6.281303 -0.491841
vt -0.139954 -0.491841
vt -0.270881 -0.510359
vt -0.417463 -0.302156
vt -0.417463 -0.070320
vt -0.417463 0.341130
vt -0.567921 -0.141646
vt -0.417463 0.387798
vt -0.567921 0.401006
vt -4.567921 -0.141646
vt -4.718372 0.341130
vt -4.567921 0.401006
vt 6.561803 0.604057
vt 6.656975 0.401006
vt 6.561803 0.401006
vt -4.567921 0.604057
vt -4.718372 0.387798
vt -4.567921 6.561803
vt -0.567921 6.656975
vt -0.567921 6.561803
vt -4.567921 6.656975
vt 6.656975 0.604057
vt -0.567921 0.604057
vt -0.417463 0.846574
vt -0.270881 0.841618
vt -0.417463 0.986259
vt -4.718372 0.846574
vt -4.864954 0.841618
vt -4.718372 0.986259
vt -4.567921 1.146721
vt -4.567921 1.348235
vt -4.718372 1.303374
vt -4.718372 1.625896
vt -4.864954 1.291850
vt -4.864954 1.737566
vt -4.995875 1.277422
vt -4.995875 1.714970
vt -4.995875 2.145586
vt 6.131401 2.145586
vt -4.995875 2.566789
vt -4.864954 2.176201
vt -4.995875 2.976164
vt -4.864954 2.605241
vt -4.864954 3.022246
vt -4.995875 3.371379
vt -4.718372 3.059001
vt -4.718372 2.859892
vt -4.718372 3.440263
vt -4.864954 3.424821
vt -4.864954 3.810649
vt -4.718372 3.467448
vt -4.995875 3.750151
vt -4.718372 3.858903
vt -4.718372 4.231145
vt -4.718372 3.987358
vt -4.864954 4.177544
vt 5.476243 3.810649
vt 5.211809 4.177544
vt -4.567921 4.087834
vt -4.567921 3.987358
vt 5.388927 4.087834
vt 5.466612 4.142827
vt 5.461052 3.987358
vt -4.567921 3.922099
vt 5.583940 3.977092
vt 5.506255 3.922099
vt -4.567921 5.583940
vt -0.567921 5.583940
vt -4.567921 5.506255
vt -4.567921 3.977092
vt -4.567921 4.142827
vt -0.567921 3.977092
vt -0.567921 5.506255
vt -0.567921 4.142827
vt -0.417463 4.231145
vt -0.567921 4.087834
vt -0.567921 3.987358
vt -0.567921 5.388927
vt -4.567921 5.466612
vt -4.567921 5.388927
vt -0.567921 5.466612
vt -0.417463 3.987358
vt -0.270881 4.177544
vt -0.270881 4.523381
vt -0.417463 4.494963
vt -0.417463 4.582024
vt -0.567921 4.511406
vt -4.718372 4.494963
vt -4.567921 4.511406
vt -4.718372 4.582024
vt 4.911284 4.661467
vt 5.118419 4.575530
vt 5.048082 4.511406
vt -4.567921 4.661467
vt -4.567921 5.048082
vt -0.567921 5.118419
vt -0.567921 5.048082
vt -4.567921 5.118419
vt -4.567921 4.575530
vt -4.567921 4.725591
vt -0.567921 4.575530
vt 4.981621 4.725591
vt -0.567921 4.725591
vt -0.567921 4.911284
vt -4.567921 4.981621
vt -4.567921 4.911284
vt -0.567921 4.981621
vt -0.417463 4.909538
vt -0.567921 4.661467
vt -0.270881 4.846171
vt -0.270881 4.603618
vt -0.417463 4.663481
vt -0.417463 4.612315
vt -4.718372 4.663481
vt -4.718372 4.909538
vt -4.718372 4.612315
vt -4.864954 4.603618
vt -4.864954 4.846171
vt -4.864954 4.263365
vt 4.263365 5.144096
vt 4.603618 4.846171
vt 4.194536 5.059209
vt -4.864954 4.523381
vt 4.920372 4.523381
vt -4.567921 1.821739
vt -5.317921 1.470909
vt -5.317921 1.932768
vt -4.567921 1.395665
vt -5.317921 0.990147
vt -4.567921 0.952159
vt -5.317921 0.499846
vt 0.499846 4.025517
vt -4.567921 0.499846
vt -5.317921 0.009538
vt -4.567921 0.047532
vt -4.567921 1.927238
vt -5.317921 2.472551
vt -5.317921 2.046904
vt -4.567921 2.319902
vt -4.567921 1.506840
vt -5.317921 1.591191
vt -4.995875 -0.491841
vt -4.995875 -0.051753
vt -4.864954 -0.510359
vt -4.864954 -0.062080
vt -4.995875 0.391508
vt -4.718372 -0.070320
vt -4.864954 0.389445
vt -4.995875 0.835417
vt -4.718372 -0.302156
vt -4.567921 -0.302156
vt -4.718372 -0.525142
vt -4.567921 -0.343172
vt -4.567921 -0.877596
vt -4.718372 -0.936336
vt -4.567921 -0.936336
vt -4.718372 -0.974092
vt -4.864954 -0.952852
vt -4.718372 -1.414583
vt -4.864954 -1.387019
vt -4.995875 -0.926241
vt -0.417463 -1.414583
vt -0.567921 -1.074519
vt -4.718372 -1.554207
vt -4.567921 -1.074519
vt -0.417463 -0.974092
vt -0.567921 -0.936336
vt -4.567921 6.353941
vt -0.567921 6.446245
vt -0.567921 6.353941
vt 6.353941 -1.074519
vt 6.446245 -1.097749
vt 6.389433 -0.936336
vt 6.495775 -0.900813
vt -0.567921 -1.097749
vt -4.567921 -0.900813
vt -0.567921 -0.900813
vt -4.567921 -1.097749
vt -4.567921 6.446245
vt 6.403471 -0.877596
vt -0.567921 6.403471
vt -4.567921 6.495775
vt -4.567921 6.403471
vt -0.567921 6.495775
vt -0.567921 -0.343172
vt -0.567921 -0.877596
vt -0.417463 -0.525142
vt -4.567921 6.503374
vt -0.567921 6.597832
vt -0.567921 6.503374
vt -0.567921 -0.302156
vt 6.597832 -0.354866
vt 6.509007 -0.302156
vt 6.503374 -0.343172
vt -4.567921 -0.354866
vt -4.567921 -0.153340
vt -0.567921 -0.354866
vt -4.567921 6.597832
vt 6.528325 -0.141646
vt 6.622783 -0.153340
vt -0.567921 -0.153340
vt -0.567921 6.528325
vt -4.567921 6.622783
vt -4.567921 6.528325
vt -0.567921 6.622783
vt -0.417463 -0.936336
vt -0.270881 -0.952852
vt -0.270881 -1.387019
vt -0.139954 -0.926241
vt -0.139954 -1.352461
vt -0.139954 -1.768050
vt -0.270881 -1.810347
vt -0.417463 -1.844075
vt -0.417463 -1.554207
vt 6.065190 -1.352461
vt 5.790337 -1.718257
vt 5.908965 -1.768050
vt 5.607231 -2.112007
vt 5.721751 -2.170625
vt -0.139954 -2.170625
vt 5.394872 -2.490779
vt 5.478368 -2.046028
vt 5.504625 -2.557893
vt 5.154466 -2.852412
vt 5.258836 -2.927632
vt 4.887407 -3.194832
vt 4.491887 -3.414668
vt 4.595213 -3.516060
vt 4.985789 -3.277730
vt 5.069365 -3.348152
vt 4.687047 -3.606172
vt 5.347496 -2.991536
vt 4.765056 -3.682710
vt 4.279570 -3.814290
vt 4.364317 -3.911067
vt 4.436315 -3.993306
vt -0.270881 4.436315
vt -0.417463 4.827269
vt -0.270881 4.765056
vt -0.270881 -3.682710
vt -0.417463 -3.743758
vt -0.417463 -3.727071
vt -0.270881 -3.348152
vt -0.417463 -3.404329
vt -0.567921 -3.656416
vt -4.718372 -3.743758
vt -4.718372 -3.727071
vt -4.567921 -3.656416
vt 5.048082 -3.506343
vt 4.981621 -3.720540
vt 4.911284 -3.656416
vt -4.567921 -3.506343
vt 5.118419 -3.570467
vt -0.567921 -3.720540
vt -4.567921 -3.570467
vt -0.567921 -3.570467
vt -4.567921 -3.720540
vt -0.417463 -3.241402
vt -0.567921 -3.506343
vt -0.270881 -2.991536
vt -0.417463 -3.042500
vt -0.567921 -3.082783
vt -4.718372 -3.241402
vt -4.567921 -3.082783
vt -4.718372 -3.042500
vt 5.506255 -2.917037
vt 5.466612 -3.137776
vt 5.388927 -3.082783
vt -4.567921 -2.917037
vt -4.567921 -3.137776
vt -4.567921 -2.972029
vt -0.567921 -3.137776
vt 5.583940 -2.972029
vt -0.567921 -2.972029
vt -0.417463 -2.713301
vt -0.567921 -2.917037
vt -4.718372 -2.713301
vt -0.270881 -2.614913
vt -0.417463 -2.660384
vt -0.567921 -2.454793
vt -0.417463 -2.260139
vt -4.718372 -2.660384
vt -4.567921 5.792467
vt -0.567921 5.876317
vt -0.567921 5.792467
vt -4.567921 -2.454793
vt -0.567921 -2.275887
vt 5.792467 -2.454793
vt 5.876317 -2.499812
vt 5.888530 -2.275887
vt -0.417463 -2.148775
vt -4.718372 -2.148775
vt -4.567921 -2.275887
vt -0.567921 5.888530
vt -4.567921 5.972386
vt -4.567921 5.888530
vt 5.972386 -2.320918
vt -0.567921 5.972386
vt -0.567921 -2.499812
vt -4.567921 -2.320918
vt -0.567921 -2.320918
vt -4.567921 -2.499812
vt -4.567921 5.876317
vt -0.270881 -2.220418
vt -0.567921 -1.781966
vt -4.567921 6.115770
vt -0.567921 6.204521
vt -0.567921 6.115770
vt -4.567921 -1.781966
vt 6.115770 -1.781966
vt 6.204521 -1.816353
vt 6.189122 -1.592635
vt -0.567921 -1.592635
vt -4.567921 -1.816353
vt -4.567921 -1.627010
vt -0.567921 -1.816353
vt -4.567921 6.204521
vt 6.277873 -1.627010
vt -0.567921 -1.627010
vt -0.567921 6.189122
vt -4.567921 6.277873
vt -4.567921 6.189122
vt -0.567921 6.277873
vt -4.718372 -1.844075
vt -4.567921 -1.592635
vt -4.864954 -1.810347
vt -4.864954 -2.220418
vt -4.864954 -2.614913
vt -4.995875 -2.170625
vt -4.995875 -1.768050
vt -4.718372 -2.260139
vt -4.864954 -2.991536
vt -4.995875 -2.557893
vt 5.597868 -2.614913
vt -4.864954 -3.348152
vt 6.189543 -0.926241
vt -4.995875 -1.352461
vt -4.567921 0.162810
vt -5.317921 0.625481
vt -5.317921 0.134282
vt -4.567921 0.615947
vt -5.317921 1.114287
vt -4.567921 1.066887
vt -4.567921 -0.283711
vt -5.317921 -0.349751
vt -4.567921 -0.714937
vt -5.317921 -0.817195
vt -4.567921 -1.122469
vt -5.317921 -1.258968
vt -4.567921 -1.498372
vt -5.317921 -1.666438
vt 4.184203 -3.705367
vt 3.942265 -4.087776
vt 3.855406 -3.971956
vt -4.567921 -1.835323
vt -5.317921 -2.031685
vt -4.567921 2.410142
vt -5.317921 2.947111
vt -5.317921 2.570598
vt -4.567921 2.757487
vt -4.567921 2.025621
vt -5.317921 2.153782
vt 2.416832 -4.905452
vt 2.820341 -4.744990
vt 3.142168 -4.426863
vt 3.210557 -4.554463
vt 3.507402 -4.212923
vt 2.872374 -4.862654
vt 3.585252 -4.334969
vt 3.271336 -4.667854
vt 3.654436 -4.443440
vt 4.019450 -4.190706
vt 3.713207 -4.535591
vt -4.864954 3.322972
vt -4.995875 3.654436
vt -4.864954 3.713207
vt -4.995875 3.271336
vt -4.864954 2.916569
vt -4.718372 3.295360
vt -4.718372 3.364152
vt -0.417463 3.364152
vt -0.567921 3.763615
vt -4.567921 3.763615
vt -4.718372 3.760069
vt -0.417463 3.295360
vt -0.270881 3.322972
vt -0.417463 3.760069
vt -0.270881 3.713207
vt -0.417463 3.851360
vt -0.567921 3.851360
vt -0.417463 4.137321
vt -0.567921 3.932890
vt 3.851360 -4.549690
vt 3.985460 -4.573982
vt 3.932890 -4.494649
vt 3.763615 -4.606819
vt 3.816191 -4.686152
vt -0.567921 3.816191
vt -4.567921 3.985460
vt -0.567921 3.985460
vt -0.567921 -4.573982
vt -4.567921 -4.573982
vt -0.567921 -4.494649
vt -4.567921 3.816191
vt -4.567921 -4.494649
vt -4.567921 3.932890
vt -4.718372 4.137321
vt -4.567921 3.851360
vt -4.718372 3.851360
vt -0.567921 4.366759
vt -4.567921 4.366759
vt -4.718372 4.369390
vt -4.864954 4.085027
vt -4.567921 4.369390
vt 4.369390 -4.164815
vt 4.428679 -4.239278
vt 4.366759 -4.167000
vt -4.567921 -4.167000
vt -0.567921 -4.239278
vt -0.567921 -4.167000
vt -4.567921 -4.239278
vt -4.567921 4.428679
vt -4.567921 4.582891
vt -0.567921 4.428679
vt 4.520964 -4.034895
vt 4.582891 -4.107173
vt -0.567921 4.582891
vt -0.567921 -4.034895
vt -4.567921 -4.107173
vt -4.567921 -4.034895
vt -0.567921 -4.107173
vt -0.567921 4.520964
vt -4.567921 4.520964
vt -4.718372 4.827269
vt -4.718372 4.493730
vt -4.864954 4.765056
vt -4.864954 4.436315
vt -4.864954 -3.682710
vt 4.085027 -4.278132
vt -0.417463 4.493730
vt -0.567921 4.369390
vt -0.417463 4.369390
vt -4.567921 -4.686152
vt -0.567921 -4.686152
vt -4.567921 -4.606819
vt -0.567921 -4.606819
vt -0.270881 4.085027
vt -0.139954 3.654436
vt -0.139954 3.271336
vt 2.459813 -5.026717
vt 2.002342 -5.034956
vt 1.552012 -4.990535
vt 1.579246 -5.132722
vt 2.036033 -5.159114
vt -0.270881 2.496330
vt -0.139954 2.459813
vt -0.139954 2.036033
vt -0.270881 2.064653
vt -0.139954 1.603453
vt 1.603453 -5.259078
vt -0.417463 2.094981
vt -0.417463 2.525450
vt -0.417463 2.707683
vt -0.270881 2.916569
vt -0.417463 2.951823
vt -0.139954 2.872374
vt -4.718372 2.707683
vt -0.567921 3.111003
vt -4.718372 2.951823
vt -4.567921 3.111003
vt -0.567921 3.292778
vt 3.111003 -4.969161
vt 3.153429 -5.054366
vt 3.292778 -4.878645
vt -4.567921 -4.969161
vt -0.567921 -5.054366
vt -0.567921 -4.969161
vt -4.567921 3.153429
vt -4.567921 3.335197
vt -0.567921 3.153429
vt -4.567921 -5.054366
vt 3.335197 -4.963862
vt -0.567921 3.335197
vt -0.567921 -4.878645
vt -4.567921 -4.963862
vt -4.567921 -4.878645
vt -0.567921 -4.963862
vt -4.567921 3.292778
vt -4.864954 2.496330
vt -4.995875 2.872374
vt -4.864954 2.064653
vt -4.995875 2.459813
vt -4.718372 2.094981
vt -4.718372 2.525450
vt -4.567921 2.610319
vt -0.567921 -5.181075
vt -4.567921 -5.270857
vt -4.567921 -5.181075
vt -0.567921 2.610319
vt -4.567921 2.418803
vt 2.610319 -5.181075
vt 2.450438 -5.338338
vt 2.418803 -5.248580
vt 2.641954 -5.270857
vt -4.567921 -5.338338
vt -0.567921 -5.338338
vt -4.567921 -5.248580
vt -4.567921 2.450438
vt -4.567921 2.641954
vt -0.567921 2.450438
vt -0.567921 -5.248580
vt -0.567921 2.641954
vt -0.567921 -5.270857
vt -0.567921 2.418803
vt -4.718372 2.087474
vt -4.567921 1.895878
vt -0.417463 2.087474
vt -4.718372 1.640404
vt -0.567921 1.895878
vt -4.567921 1.697520
vt 1.895878 -5.397359
vt 1.717882 -5.533772
vt 1.697520 -5.440804
vt -0.567921 -5.397359
vt -4.567921 -5.490327
vt -4.567921 -5.397359
vt 1.916240 -5.490327
vt -4.567921 -5.533772
vt -0.567921 -5.533772
vt -4.567921 -5.440804
vt -4.567921 1.717882
vt -4.567921 1.916240
vt -0.567921 1.717882
vt -0.567921 -5.440804
vt -0.567921 1.916240
vt -0.567921 -5.490327
vt -0.567921 1.697520
vt -0.417463 1.464213
vt -0.417463 1.640404
vt -0.270881 1.624009
vt -0.417463 1.186809
vt -0.139954 1.164543
vt -0.270881 1.176933
vt -0.417463 0.822520
vt -4.567921 -5.542928
vt -0.567921 -5.637703
vt -0.567921 -5.542928
vt 0.958073 -5.542928
vt 0.966856 -5.637703
vt 1.160264 -5.524202
vt 1.169053 -5.618978
vt -4.567921 -5.637703
vt -4.718372 1.186809
vt -4.718372 1.464213
vt -4.718372 0.822520
vt -0.567921 -5.524202
vt -4.567921 -5.618978
vt -4.567921 -5.524202
vt -4.864954 1.176933
vt -4.864954 0.725969
vt -4.864954 1.624009
vt -4.995875 1.164543
vt -4.995875 1.603453
vt 1.164543 -5.326033
vt -4.995875 2.036033
vt 1.149968 -5.198213
vt 1.133561 -5.054390
vt 0.716966 -5.231050
vt 0.711491 -5.086397
vt 0.277855 -5.359614
vt 0.721837 -5.359614
vt 0.282719 -5.231050
vt -4.995875 0.721837
vt -4.864954 0.273717
vt -4.995875 0.277855
vt -4.718372 0.270415
vt -4.718372 0.177171
vt -4.864954 -0.177242
vt -4.718372 -0.187123
vt -4.864954 -0.624324
vt -4.995875 -0.164858
vt -4.995875 -0.603761
vt -0.164858 -5.326033
vt -0.150283 -5.198213
vt -0.603761 -5.259078
vt -1.036342 -5.159114
vt -0.579561 -5.132722
vt -4.864954 -1.064968
vt -4.995875 -1.036342
vt -4.718372 -1.087789
vt -4.718372 -1.095296
vt -4.864954 -1.496639
vt -4.718372 -1.525765
vt -4.718372 -1.707991
vt -4.864954 -1.916884
vt -4.995875 -1.460127
vt -1.460127 -5.026717
vt -1.872689 -4.862654
vt -1.417146 -4.905452
vt -4.995875 -1.872689
vt -1.002657 -5.034956
vt -0.964748 -4.895223
vt -0.552327 -4.990535
vt -2.242647 -3.797322
vt -1.570906 -2.347615
vt -4.567921 -1.025936
vt -5.317921 -0.705086
vt -5.317921 -1.154091
vt -4.567921 -1.410457
vt -5.317921 -1.570906
vt -2.559981 -3.577596
vt -1.947426 -2.031685
vt -4.567921 -1.757796
vt -5.317921 -1.947426
vt -2.276302 -1.666438
vt -2.918483 -0.349751
vt -4.806111 -1.265999
vt -4.924672 -0.859651
vt -5.154823 -0.470039
vt -5.012154 -0.445503
vt -5.065077 -0.894905
vt -5.281618 -0.491841
vt -4.943452 -1.311775
vt -5.189857 -0.926241
vt -5.340266 -0.051753
vt -4.567921 0.774382
vt -4.567921 0.977043
vt -5.357057 0.835417
vt -5.315108 1.277422
vt -5.236824 0.393950
vt -5.365462 0.391508
vt -5.068062 -0.025923
vt -5.212184 -0.039595
vt -5.008204 2.109563
vt -4.870894 2.521526
vt -4.991323 2.566789
vt -5.131715 2.145586
vt -5.239851 1.714970
vt -4.718372 2.200615
vt -4.718372 2.252812
vt -4.567921 2.252812
vt -4.718372 2.635918
vt -4.567921 2.436980
vt -0.417463 2.635918
vt -0.567921 2.436980
vt -4.567921 3.128422
vt -4.567921 2.943950
vt -5.049666 2.943950
vt -5.051259 3.168205
vt -4.964797 3.128422
vt -0.567921 2.943950
vt -0.567921 -5.049666
vt -4.567921 -5.136128
vt -4.567921 -5.049666
vt -5.136128 2.983733
vt -4.567921 3.168205
vt -4.567921 2.983733
vt -0.567921 3.168205
vt -4.567921 -5.051259
vt -0.567921 -5.051259
vt -4.567921 -4.964797
vt -0.567921 -4.964797
vt -0.567921 2.983733
vt -0.567921 -5.136128
vt -0.567921 3.128422
vt -0.417463 3.440263
vt -0.417463 3.059001
vt -0.417463 2.859892
vt -0.270881 2.605241
vt -0.417463 2.252812
vt -0.270881 2.176201
vt -4.702821 2.921916
vt -4.819478 2.976164
vt -4.504945 3.308452
vt -4.617165 3.371379
vt -4.571553 2.860869
vt -4.735390 2.470573
vt -0.270881 1.737566
vt -0.139954 1.714970
vt -0.139954 2.145586
vt -0.417463 1.755583
vt -0.417463 1.625896
vt -0.270881 1.291850
vt -0.417463 1.303374
vt -0.139954 1.277422
vt -0.139954 0.835417
vt -5.065505 -1.352461
vt -4.909273 -1.768050
vt -4.790651 -1.718257
vt -4.657167 -1.662215
vt -4.607545 -2.112007
vt -4.478682 -2.046028
vt -4.395180 -2.490779
vt -4.271681 -2.415254
vt -4.154780 -2.852412
vt -4.259151 -2.927632
vt -3.887721 -3.194832
vt -3.986098 -3.277730
vt -3.687355 -3.606172
vt -3.595528 -3.516060
vt -3.364632 -3.911067
vt -3.279878 -3.814290
vt -3.019765 -4.190706
vt -2.942580 -4.087776
vt -3.184511 -3.705367
vt -2.654750 -4.443440
vt -2.713509 -4.535591
vt -2.271651 -4.667854
vt -0.270881 -2.323287
vt -0.139954 -2.654750
vt -0.270881 -2.713509
vt -0.139954 -2.271651
vt -0.270881 -1.916884
vt -0.139954 -1.872689
vt -0.270881 -1.496639
vt -0.139954 -1.460127
vt -0.270881 -1.064968
vt -0.139954 -1.036342
vt -0.133876 -5.054390
vt 0.288194 -5.086397
vt -0.270881 0.725969
vt -0.139954 0.721837
vt -0.139954 0.277855
vt -0.270881 0.273717
vt -0.417463 0.729271
vt -0.417463 0.270415
vt -4.718372 0.729271
vt -0.417463 0.177171
vt -4.567921 -5.553413
vt -0.567921 -5.648555
vt -0.567921 -5.553413
vt 0.211680 -5.553413
vt 0.208757 -5.648555
vt 0.414647 -5.559676
vt -4.567921 -5.648555
vt 0.411717 -5.654805
vt -0.567921 -5.559676
vt -4.567921 -5.654805
vt -4.567921 -5.559676
vt -0.567921 -5.654805
vt -0.270881 -0.177242
vt -0.417463 -0.187123
vt -0.417463 -0.464528
vt -0.567921 -0.464528
vt -0.544942 -5.566157
vt -0.464528 -5.483088
vt -0.530336 -5.472102
vt -0.329683 -5.503255
vt -4.567921 -5.472102
vt -0.567921 -5.566157
vt -0.567921 -5.472102
vt -0.344283 -5.597310
vt -4.567921 -5.566157
vt -4.718372 -0.640718
vt -4.567921 -0.464528
vt -4.718372 -0.464528
vt -4.567921 -1.095296
vt -1.087477 -5.447347
vt -1.095296 -5.346663
vt -1.061434 -5.355794
vt -0.567921 -5.355794
vt -4.567921 -5.447347
vt -4.567921 -5.355794
vt -1.256746 -5.300227
vt -1.282790 -5.391768
vt -0.567921 -5.447347
vt -4.567921 -5.391768
vt -0.567921 -5.391768
vt -4.567921 -5.300227
vt -0.567921 -5.300227
vt -0.417463 -1.095296
vt -0.567921 -1.095296
vt -0.417463 -1.525765
vt -0.417463 -1.707991
vt -0.417463 -1.952138
vt -0.567921 -5.119527
vt -4.567921 -5.207173
vt -4.567921 -5.119527
vt -1.956520 -5.040376
vt -1.993618 -5.128035
vt -1.769521 -5.119527
vt -1.806624 -5.207173
vt -0.567921 -5.207173
vt -4.567921 -5.040376
vt -0.567921 -5.128035
vt -0.567921 -5.040376
vt -4.567921 -5.128035
vt -4.718372 -1.952138
vt -4.718372 -2.295674
vt -0.417463 -2.295674
vt -4.718372 -2.364467
vt -4.864954 -2.323287
vt -4.864954 -2.713509
vt -4.718372 -2.760384
vt -4.995875 -2.271651
vt -4.567921 -2.619063
vt -0.567921 -2.619063
vt -0.417463 -2.760384
vt -4.718372 -2.851674
vt -0.417463 -2.364467
vt -0.417463 -2.851674
vt -0.417463 -3.137636
vt -0.567921 -3.072279
vt -0.567921 -3.234328
vt -4.567921 -3.072279
vt -0.567921 -4.396199
vt -4.567921 -4.472151
vt -4.567921 -4.396199
vt -3.234328 -4.273824
vt -3.291682 -4.349788
vt -3.072279 -4.396199
vt -3.129634 -4.472151
vt -0.567921 -4.472151
vt -0.567921 -3.291682
vt -4.567921 -3.129634
vt -0.567921 -3.129634
vt -4.567921 -3.291682
vt -4.567921 -4.349788
vt -0.567921 -4.349788
vt -4.567921 -4.273824
vt -0.567921 -4.273824
vt -0.417463 -3.369704
vt -4.567921 -3.234328
vt -4.718372 -3.369704
vt -4.718372 -3.494045
vt -4.864954 -3.436623
vt -4.718372 -3.137636
vt -4.864954 -3.085335
vt -3.436623 -3.993306
vt -3.085335 -4.278132
vt -3.765364 -3.682710
vt -4.718372 -3.827583
vt -4.864954 -3.765364
vt -4.069673 -3.348152
vt -0.567921 -3.376961
vt -4.567921 -3.376961
vt -4.718372 -3.404329
vt -4.567921 -3.778743
vt -3.647200 -3.920100
vt -3.859230 -3.847066
vt -3.792976 -3.778743
vt -4.567921 -3.647200
vt -4.567921 -3.792976
vt -0.567921 -3.847066
vt -0.567921 -3.778743
vt -4.567921 -3.847066
vt -4.567921 -3.859230
vt -4.567921 -3.713460
vt -0.567921 -3.859230
vt -3.713460 -3.988423
vt -0.567921 -3.713460
vt -0.567921 -3.920100
vt -4.567921 -3.988423
vt -4.567921 -3.920100
vt -0.567921 -3.988423
vt -0.417463 -3.494045
vt -0.567921 -3.647200
vt -0.567921 -3.792976
vt -0.270881 -3.436623
vt -0.270881 -3.765364
vt -0.417463 -3.827583
vt -4.347810 -2.991536
vt -0.567921 -3.241402
vt -4.360707 -3.278413
vt -4.159255 -3.376961
vt -4.268867 -3.241402
vt -4.286555 -3.218758
vt -0.567921 -3.218758
vt -0.567921 -2.774995
vt -4.567921 -4.286555
vt -0.567921 -4.360707
vt -0.567921 -4.286555
vt -4.567921 -3.218758
vt -4.567921 -2.774995
vt -0.567921 -2.713301
vt -0.567921 -4.600685
vt -4.567921 -4.681605
vt -4.567921 -4.600685
vt -4.639802 -2.713301
vt -4.681605 -2.825093
vt -4.600685 -2.774995
vt -0.567921 -4.681605
vt -4.707576 -2.602351
vt -0.567921 -2.652461
vt -4.567921 -2.825093
vt -0.567921 -2.825093
vt -4.788503 -2.652461
vt -4.567921 -2.652461
vt -4.567921 -2.713301
vt -4.567921 -2.602351
vt -0.567921 -2.602351
vt -4.567921 -4.707576
vt -0.567921 -4.788503
vt -0.567921 -4.707576
vt -4.567921 -4.788503
vt -4.504939 -2.557893
vt -4.598183 -2.614913
vt -0.139954 -2.557893
vt -4.722066 -2.170625
vt -0.567921 -1.938887
vt -0.567921 -2.123360
vt -4.567921 -1.938887
vt -5.049666 -1.938887
vt -5.136128 -1.978670
vt -4.964797 -2.123360
vt -0.567921 -1.431929
vt -4.567921 -1.431929
vt -0.567921 -5.246065
vt -4.567921 -5.336763
vt -4.567921 -5.246065
vt -5.307625 -1.238411
vt -5.398323 -1.267268
vt -5.246065 -1.431929
vt -0.567921 -1.238411
vt -5.336763 -1.460774
vt -0.567921 -5.336763
vt -4.567921 -1.267268
vt -4.567921 -1.460774
vt -0.567921 -1.267268
vt -4.567921 -5.398323
vt -0.567921 -5.398323
vt -4.567921 -5.307625
vt -0.567921 -5.307625
vt -0.567921 -1.460774
vt -4.567921 -1.238411
vt -0.567921 -0.711153
vt -4.567921 -0.711153
vt -5.477553 -0.511543
vt -5.571107 -0.529036
vt -5.440242 -0.711153
vt -0.567921 -0.511543
vt -5.533797 -0.728633
vt -0.567921 -5.533797
vt -4.567921 -5.533797
vt -0.567921 -5.440242
vt -4.567921 -5.440242
vt -4.567921 -5.477553
vt -0.567921 -5.571107
vt -0.567921 -5.477553
vt -0.567921 -0.529036
vt -4.567921 -0.728633
vt -0.567921 -0.728633
vt -4.567921 -0.529036
vt -4.567921 -5.571107
vt -4.567921 -0.511543
vt -4.567921 0.028008
vt -0.567921 0.028008
vt -0.567921 0.230693
vt -5.556862 0.230693
vt -5.651857 0.224834
vt -5.544362 0.028008
vt -4.567921 -5.556862
vt -0.567921 -5.651857
vt -0.567921 -5.556862
vt -4.567921 0.230693
vt -4.567921 0.224834
vt -4.567921 0.022160
vt -0.567921 0.224834
vt -4.567921 -5.651857
vt -5.639363 0.022160
vt -0.567921 0.022160
vt -0.567921 -5.544362
vt -4.567921 -5.639363
vt -4.567921 -5.544362
vt -0.567921 -5.639363
vt -0.567921 0.774382
vt -0.567921 0.977043
vt -5.544362 0.977043
vt -5.639363 0.982915
vt -5.556862 0.774382
vt -5.651857 0.780229
vt -0.567921 0.982915
vt -4.567921 0.780229
vt -0.567921 0.780229
vt -4.567921 0.982915
vt -4.567921 -3.241402
vt -4.233406 -3.436616
vt -4.567921 -3.278413
vt -4.567921 -3.436616
vt -0.567921 -3.278413
vt -4.567921 -4.360707
vt -0.567921 -3.436616
vt -0.567921 -4.233406
vt -4.567921 -4.233406
vt -0.567921 -4.159255
vt -4.567921 -4.159255
vt -4.995875 -2.654750
vt -4.567921 -2.123360
vt -5.051259 -2.163142
vt -4.567921 -1.978670
vt -4.567921 -2.163142
vt -0.567921 -1.978670
vt -0.567921 -2.163142
vt -0.270881 -3.085335
vt -4.567921 -4.696504
vt -0.567921 -4.778938
vt -0.567921 -4.696504
vt -2.619063 -4.696504
vt -2.666652 -4.778938
vt -2.443202 -4.798042
vt -4.567921 -2.666652
vt -4.567921 -2.490792
vt -0.567921 -2.666652
vt -4.567921 -4.778938
vt -2.490792 -4.880464
vt -0.567921 -2.490792
vt -0.567921 -4.798042
vt -4.567921 -4.880464
vt -4.567921 -4.798042
vt -0.567921 -4.880464
vt -0.417463 -1.087789
vt -0.417463 -0.640718
vt -0.270881 -0.624324
vt -0.139954 -0.603761
vt -0.567921 -5.597310
vt -4.567921 -5.597310
vt -0.567921 -5.503255
vt -4.567921 -5.503255
vt -0.139954 -0.164858
vt -0.567921 1.625896
vt -0.567921 1.516606
vt -4.567921 1.516606
vt -4.567921 1.625896
vt -5.477553 1.516606
vt -5.571107 1.534099
vt -5.457979 1.625896
vt -5.533797 1.733708
vt -0.567921 1.733708
vt -4.567921 1.534099
vt -0.567921 1.534099
vt -4.567921 1.733708
vt -5.440242 1.716215
vt -4.567921 2.243474
vt -0.567921 1.716215
vt -0.567921 2.243474
vt -4.567921 1.716215
vt -5.304817 2.252812
vt -5.398323 2.272331
vt -5.307625 2.243474
vt -0.417463 2.200615
vt -0.567921 2.252812
vt -0.567921 2.465837
vt -4.567921 2.272331
vt -0.567921 2.272331
vt -5.336763 2.465837
vt -5.246065 2.436980
vt -4.567921 2.465837
vt -4.718372 1.755583
vt -4.385549 3.750151
vt -4.476558 3.810649
vt -4.125941 4.110332
vt -4.212117 4.177544
vt -3.839839 4.449834
vt -3.920686 4.523381
vt -3.528877 4.766728
vt -3.603932 4.846171
vt -3.263680 5.144096
vt -0.270881 -3.263680
vt -0.417463 -3.612630
vt -0.270881 -3.603932
vt -0.417463 -3.663795
vt -0.567921 4.925163
vt -4.567921 4.783806
vt -0.567921 4.783806
vt -0.417463 -3.985164
vt -4.567921 4.925163
vt -0.567921 4.993498
vt -3.647200 4.925163
vt -3.713460 4.993498
vt -3.792976 4.783806
vt -3.859230 4.852129
vt -4.567921 4.993498
vt -0.567921 4.852129
vt -4.567921 4.852129
vt -4.718372 -3.663795
vt -4.718372 -3.612630
vt -4.864954 -3.603932
vt -4.490047 1.556584
vt -4.396040 1.930949
vt -2.969612 1.114287
vt -2.850709 1.591191
vt -4.864954 -3.263680
vt -4.718372 -3.318574
vt -4.718372 -3.115816
vt -4.718372 -2.951485
vt -4.567921 -3.115816
vt -3.234328 5.278886
vt -3.291682 5.354838
vt -3.115816 5.369218
vt -3.129634 5.477202
vt -3.072279 5.401262
vt -4.567921 5.477202
vt -0.567921 5.477202
vt -4.567921 5.401262
vt -0.567921 5.401262
vt -0.417463 -3.115816
vt -0.567921 -3.115816
vt -0.417463 -3.318574
vt -0.417463 -2.951485
vt -0.270881 -2.901863
vt -0.139954 -2.465322
vt -0.270881 -2.520565
vt -0.417463 -2.578035
vt -0.139954 -2.839644
vt -0.417463 -2.564620
vt -0.567921 -2.578035
vt -2.443202 5.803105
vt -2.490792 5.885527
vt -2.578035 5.725957
vt -2.666652 5.783989
vt -2.619063 5.701567
vt -0.567921 5.783989
vt -4.567921 5.783989
vt -0.567921 5.701567
vt -4.567921 5.701567
vt -4.567921 5.885527
vt -0.567921 5.885527
vt -4.567921 5.803105
vt -0.567921 5.803105
vt -0.567921 5.354838
vt -4.567921 5.354838
vt -0.567921 5.278886
vt -4.567921 5.278886
vt -4.567921 -1.589217
vt -5.317921 -2.118239
vt -5.317921 -1.764681
vt -4.567921 2.677214
vt -5.317921 2.859856
vt -4.567921 -1.915376
vt -4.567921 -1.222396
vt -5.317921 -1.367049
vt -4.567921 -0.822048
vt -5.317921 -0.933077
vt -4.567921 -0.395973
vt -5.317921 -0.471224
vt -4.864954 1.845299
vt -4.995875 1.820683
vt -4.864954 2.281767
vt -4.995875 2.249174
vt -4.718372 2.404033
vt -4.864954 2.708030
vt -4.718372 2.307756
vt -4.718372 2.740239
vt -4.864954 3.121654
vt -4.995875 2.667650
vt -4.718372 3.005064
vt -0.417463 3.005064
vt -4.718372 3.159892
vt -4.567921 6.186150
vt -0.567921 6.275908
vt -0.567921 6.186150
vt 2.610319 6.186150
vt 2.641954 6.275908
vt 2.418803 6.253630
vt -0.417463 2.404033
vt -0.417463 2.740239
vt -0.270881 2.281767
vt -0.417463 2.307756
vt -0.417463 1.864915
vt 1.895878 6.402410
vt 1.916240 6.495402
vt 1.781419 6.428337
vt -0.567921 1.781419
vt -4.567921 6.402410
vt -0.567921 6.495402
vt -0.567921 6.402410
vt 1.717882 6.538835
vt -4.567921 6.495402
vt -0.567921 6.538835
vt -4.567921 6.538835
vt -0.567921 6.445854
vt -4.567921 6.445854
vt 1.697520 6.445854
vt -4.718372 1.864915
vt -4.567921 1.781419
vt -4.718372 1.781419
vt -0.417463 1.781419
vt -0.270881 1.845299
vt -0.139954 2.249174
vt -4.567921 6.275908
vt 2.450438 6.343400
vt -0.567921 6.343400
vt -4.567921 6.343400
vt -0.567921 6.253630
vt -4.567921 6.253630
vt -4.718372 3.564305
vt -0.417463 3.564305
vt -4.864954 3.520250
vt -4.718372 3.577720
vt -0.417463 3.159892
vt -0.417463 3.577720
vt -0.270881 3.901549
vt -0.417463 3.951170
vt -0.567921 5.611870
vt -4.567921 5.691216
vt -4.567921 5.611870
vt 3.932890 5.499700
vt 3.985460 5.579045
vt 3.763615 5.611870
vt 3.816191 5.691216
vt -0.567921 5.691216
vt -4.567921 5.579045
vt -0.567921 5.579045
vt -4.567921 5.499700
vt -0.567921 5.499700
vt -4.718372 4.115501
vt -4.718372 3.951170
vt -0.417463 4.115501
vt -4.864954 3.901549
vt 3.901549 5.415434
vt -4.995875 3.465013
vt -4.995875 3.839336
vt -4.995875 3.073698
vt -0.417463 4.318260
vt -0.567921 5.172063
vt -4.567921 5.244340
vt -4.567921 5.172063
vt 4.520964 5.039946
vt 4.582891 5.112224
vt 4.366759 5.172063
vt 4.428679 5.244340
vt -0.567921 5.244340
vt -4.567921 5.039946
vt -0.567921 5.112224
vt -0.567921 5.039946
vt -4.567921 5.112224
vt -4.718372 4.318260
vt -0.270881 4.263365
vt -4.567921 5.883708
vt -0.567921 5.968913
vt -0.567921 5.883708
vt 3.292778 5.883708
vt 3.335197 5.968913
vt 3.111003 5.974223
vt -4.567921 5.968913
vt 3.153429 6.059428
vt -0.567921 6.059428
vt -4.567921 6.059428
vt -0.567921 5.974223
vt -4.567921 5.974223
vt -4.567921 3.780058
vt -4.567921 3.607414
vt -4.707576 3.607414
vt -4.681605 3.830168
vt -4.600685 3.780058
vt -0.567921 3.780058
vt -0.417463 3.858903
vt -0.417463 3.467448
vt -0.567921 3.607414
vt -4.788503 3.657512
vt -0.567921 3.830168
vt -4.567921 3.657512
vt -0.567921 3.657512
vt -4.567921 3.830168
vt -0.567921 4.223821
vt -0.567921 4.382011
vt -4.567921 4.223821
vt -4.159255 4.382011
vt -4.233406 4.441679
vt -4.286555 4.223821
vt -4.360707 4.283476
vt -4.567921 4.441679
vt -4.567921 4.283476
vt -0.567921 4.441679
vt -0.567921 4.283476
vt -4.567921 4.382011
vt -4.567921 -0.611720
vt -5.317921 -0.232625
vt -4.567921 -0.175868
vt -5.317921 0.254088
vt -4.567921 0.273137
vt -5.317921 0.745598
vt -4.567921 0.726555
vt -5.317921 1.232310
vt 1.704771 -2.807979
vt -4.567921 1.175554
vt -5.317921 1.704771
vt -4.567921 1.611406
vt -0.567921 -5.618978
vt -4.567921 2.915062
vt -5.317921 2.764372
vt -5.317921 3.117924
vt -4.567921 2.588908
vt -5.317921 2.366734
vt -4.567921 2.222081
vt -0.567921 3.922099
vt -0.567921 3.459856
vt 5.803361 3.440263
vt 5.876317 3.504875
vt 5.792467 3.459856
vt -0.567921 3.440263
vt -4.567921 3.459856
vt -4.567921 3.440263
vt 5.888530 3.280962
vt -4.567921 3.280962
vt -0.567921 3.280962
vt 5.972386 3.325981
vt -4.567921 3.325981
vt -4.567921 3.504875
vt -0.567921 3.325981
vt -0.567921 3.504875
vt -0.567921 2.787041
vt -0.567921 2.597685
vt -4.567921 2.787041
vt 6.189122 2.597685
vt 6.277873 2.632060
vt 6.115770 2.787041
vt 6.204521 2.821416
vt -0.567921 2.632060
vt -4.567921 2.821416
vt -0.567921 2.821416
vt -4.567921 2.632060
vt -4.567921 2.597685
vt -0.567921 2.079582
vt -4.567921 2.079582
vt 6.403471 1.882658
vt 6.495775 1.905876
vt 6.353941 2.079582
vt -0.567921 1.882658
vt 6.446245 2.102800
vt -4.567921 1.905876
vt -4.567921 2.102800
vt -0.567921 1.905876
vt -0.567921 2.102800
vt -4.567921 1.882658
vt -0.567921 1.348235
vt -0.567921 1.146721
vt 6.528325 1.146721
vt 6.622783 1.158415
vt 6.503374 1.348235
vt 6.597832 1.359929
vt -0.567921 1.158415
vt -4.567921 1.359929
vt -0.567921 1.359929
vt -4.567921 1.158415
vt -0.567921 6.642766
vt -4.567921 6.642766
vt -0.567921 6.547990
vt -4.567921 6.547990
vt -0.567921 1.066887
vt -0.567921 0.615947
vt 0.182079 0.625481
vt -0.567921 0.162810
vt 0.182079 0.134282
vt -0.567921 -0.283711
vt 0.182079 -0.349751
vt -0.567921 -1.410457
vt 0.182079 -1.947426
vt 0.182079 -1.570906
vt -0.567921 -1.757796
vt -0.567921 -1.025936
vt 0.182079 -1.154091
vt -0.567921 -0.611720
vt 0.182079 0.745598
vt -0.567921 1.175554
vt 0.182079 1.232310
vt -0.567921 1.611406
vt 0.182079 1.704771
vt -0.567921 2.025621
vt -0.567921 2.915062
vt -0.567921 0.952159
vt 0.182079 0.990147
vt -0.567921 0.499846
vt 0.182079 0.499846
vt -0.567921 0.047532
vt 0.182079 0.009538
vt -0.567921 -0.395973
vt 0.182079 -0.471224
vt -0.567921 -0.822048
vt 0.182079 -0.933077
vt -0.567921 -1.222396
s 0
usemtl Black_Mosaic_Studded_Rubber
f 8/1/1 1/2/1 2/3/1
f 1/4/2 3/5/2 2/6/2
f 1/4/2 6/7/2 3/5/2
f 7/8/3 4/9/3 1/2/3
f 4/10/2 5/11/2 1/4/2
f 1/4/2 5/11/2 6/7/2
f 7/8/1 1/2/1 8/1/1
f 8/1/4 2/3/4 9/12/4
f 10/13/2 7/14/2 8/15/2
f 8/15/2 9/16/2 10/13/2
f 10/13/2 11/17/2 15/18/2
f 10/13/2 49/19/2 11/17/2
f 10/13/2 50/20/2 12/21/2
f 12/21/2 16/22/2 10/13/2
f 10/13/2 9/16/2 17/23/2
f 10/13/2 13/24/2 18/25/2
f 10/13/2 51/26/2 13/24/2
f 10/13/2 52/27/2 14/28/2
f 14/28/2 19/29/2 10/13/2
f 15/18/2 21/30/2 10/13/2
f 10/13/2 16/22/2 22/31/2
f 10/13/2 17/23/2 23/32/2
f 18/25/2 24/33/2 10/13/2
f 10/13/2 19/29/2 25/34/2
f 20/35/2 31/36/2 10/13/2
f 10/13/2 44/37/2 20/35/2
f 10/13/2 21/30/2 26/38/2
f 10/13/2 22/31/2 27/39/2
f 23/32/2 28/40/2 10/13/2
f 10/13/2 24/33/2 29/41/2
f 10/13/2 25/34/2 30/42/2
f 10/13/2 26/38/2 32/43/2
f 27/39/2 33/44/2 10/13/2
f 10/13/2 28/40/2 34/45/2
f 10/13/2 29/41/2 35/46/2
f 30/42/2 36/47/2 10/13/2
f 10/13/2 31/36/2 37/48/2
f 32/43/2 38/49/2 10/13/2
f 10/13/2 33/44/2 39/50/2
f 10/13/2 34/45/2 40/51/2
f 35/46/2 41/52/2 10/13/2
f 10/13/2 36/47/2 42/53/2
f 10/13/2 37/48/2 43/54/2
f 10/13/2 38/49/2 44/37/2
f 10/13/2 39/50/2 45/55/2
f 40/51/2 46/56/2 10/13/2
f 10/13/2 41/52/2 7/14/2
f 10/13/2 42/53/2 47/57/2
f 43/54/2 48/58/2 10/13/2
f 45/55/2 49/19/2 10/13/2
f 10/13/2 46/56/2 50/20/2
f 47/57/2 51/26/2 10/13/2
f 10/13/2 48/58/2 52/27/2
f 52/59/5 53/60/5 14/61/5
f 52/62/6 54/63/6 53/64/6
f 48/65/7 54/63/7 52/62/7
f 55/66/2 57/67/2 54/68/2
f 54/68/2 56/69/2 55/66/2
f 48/65/8 56/70/8 54/63/8
f 54/68/2 57/67/2 58/71/2
f 54/68/2 58/71/2 53/72/2
f 61/73/9 58/71/9 57/67/9
f 58/71/2 59/74/2 53/72/2
f 60/75/10 59/74/10 58/71/10
f 60/75/10 58/71/10 61/73/10
f 62/76/11 61/73/11 63/77/11
f 62/76/11 60/75/11 61/73/11
f 61/73/9 57/67/9 64/78/9
f 63/77/12 61/73/12 64/78/12
f 64/78/13 57/67/13 55/66/13
f 63/77/12 64/78/12 65/79/12
f 65/79/14 64/78/14 66/80/14
f 64/78/13 55/66/13 66/80/13
f 65/79/14 66/80/14 67/81/14
f 67/81/15 66/80/15 68/82/15
f 66/80/16 69/83/16 68/82/16
f 66/80/16 55/66/16 69/83/16
f 56/69/2 69/83/2 55/66/2
f 56/69/2 70/84/2 69/83/2
f 68/82/17 69/83/17 70/84/17
f 73/85/18 70/84/18 71/86/18
f 72/87/2 71/86/2 70/84/2
f 72/87/2 70/84/2 56/69/2
f 68/82/17 70/84/17 73/85/17
f 73/85/18 71/86/18 74/88/18
f 76/89/19 73/85/19 74/88/19
f 75/90/20 73/85/20 76/89/20
f 75/90/21 68/82/21 73/85/21
f 77/91/22 76/89/22 78/92/22
f 77/91/22 75/90/22 76/89/22
f 78/92/23 76/89/23 79/93/23
f 76/89/19 74/88/19 79/93/19
f 78/92/23 79/93/23 80/94/23
f 80/94/24 79/93/24 81/95/24
f 79/93/25 82/96/25 81/95/25
f 79/93/25 74/88/25 82/96/25
f 82/96/26 83/97/26 85/98/26
f 74/88/27 83/97/27 82/96/27
f 82/96/26 85/98/26 84/99/26
f 81/95/28 82/96/28 84/99/28
f 86/100/2 85/98/2 83/97/2
f 87/101/2 85/98/2 86/100/2
f 87/101/2 88/102/2 85/98/2
f 84/99/29 85/98/29 88/102/29
f 90/103/30 88/102/30 89/104/30
f 87/101/2 89/104/2 88/102/2
f 84/99/29 88/102/29 90/103/29
f 91/105/31 90/103/31 92/106/31
f 91/105/31 84/99/31 90/103/31
f 92/106/32 90/103/32 93/107/32
f 90/103/30 89/104/30 93/107/30
f 92/106/32 93/107/32 94/108/32
f 94/108/33 93/107/33 96/109/33
f 93/107/34 89/104/34 95/110/34
f 93/107/35 95/110/35 96/109/35
f 94/108/36 96/109/36 97/111/36
f 97/111/37 96/109/37 99/112/37
f 96/109/38 95/110/38 98/113/38
f 96/109/39 98/113/39 99/112/39
f 100/114/40 99/112/40 101/115/40
f 97/111/41 99/112/41 100/114/41
f 99/112/42 98/113/42 102/116/42
f 99/112/42 102/116/42 101/115/42
f 103/117/2 102/116/2 98/113/2
f 103/117/2 104/118/2 102/116/2
f 101/115/43 102/116/43 104/118/43
f 105/119/2 104/118/2 103/117/2
f 105/119/2 106/120/2 104/118/2
f 107/121/44 104/118/44 106/120/44
f 101/115/43 104/118/43 107/121/43
f 108/122/45 107/121/45 109/123/45
f 108/122/45 101/115/45 107/121/45
f 109/123/46 107/121/46 110/124/46
f 107/121/44 106/120/44 110/124/44
f 110/124/47 111/125/47 113/126/47
f 110/124/47 106/120/47 111/125/47
f 109/123/46 110/124/46 112/127/46
f 112/127/48 110/124/48 113/126/48
f 113/126/49 115/128/49 114/129/49
f 116/130/50 113/126/50 114/129/50
f 113/126/49 111/125/49 115/128/49
f 112/127/51 113/126/51 116/130/51
f 117/131/52 116/130/52 118/132/52
f 117/131/52 112/127/52 116/130/52
f 118/132/53 116/130/53 119/133/53
f 116/130/50 114/129/50 119/133/50
f 118/132/53 119/133/53 120/134/53
f 120/134/54 119/133/54 121/135/54
f 119/133/55 122/136/55 121/135/55
f 119/133/55 114/129/55 122/136/55
f 122/136/56 123/137/56 124/138/56
f 122/136/56 125/139/56 123/137/56
f 114/129/57 125/139/57 122/136/57
f 121/135/58 122/136/58 124/138/58
f 126/140/2 123/137/2 125/139/2
f 126/140/2 125/139/2 127/141/2
f 125/139/2 115/128/2 127/141/2
f 114/129/57 115/128/57 125/139/57
f 26/142/59 126/143/59 127/144/59
f 127/141/2 115/128/2 111/125/2
f 127/141/2 111/125/2 105/119/2
f 32/145/60 127/144/60 105/146/60
f 26/142/60 127/144/60 32/145/60
f 128/147/2 123/137/2 126/140/2
f 21/148/59 126/143/59 26/142/59
f 21/148/61 128/149/61 126/143/61
f 129/150/2 131/151/2 128/147/2
f 129/150/2 128/147/2 130/152/2
f 15/153/62 130/154/62 128/149/62
f 128/147/2 131/151/2 123/137/2
f 15/153/63 128/149/63 21/148/63
f 132/155/64 131/151/64 129/150/64
f 124/138/65 123/137/65 131/151/65
f 124/138/65 131/151/65 132/155/65
f 133/156/66 132/155/66 134/157/66
f 133/156/66 124/138/66 132/155/66
f 134/157/67 132/155/67 135/158/67
f 132/155/64 129/150/64 135/158/64
f 134/157/67 135/158/67 136/159/67
f 136/159/68 135/158/68 137/160/68
f 135/158/69 138/161/69 137/160/69
f 135/158/69 129/150/69 138/161/69
f 137/160/70 138/161/70 139/162/70
f 130/152/2 139/162/2 138/161/2
f 130/152/2 138/161/2 129/150/2
f 140/163/2 141/164/2 139/162/2
f 140/163/2 139/162/2 130/152/2
f 142/165/71 139/162/71 141/164/71
f 137/160/70 139/162/70 142/165/70
f 142/165/71 141/164/71 145/166/71
f 143/167/72 142/165/72 144/168/72
f 143/167/72 137/160/72 142/165/72
f 144/168/73 142/165/73 145/166/73
f 145/166/74 147/169/74 146/170/74
f 148/171/75 145/166/75 146/170/75
f 145/166/74 141/164/74 147/169/74
f 144/168/73 145/166/73 148/171/73
f 149/172/76 148/171/76 150/173/76
f 149/172/77 144/168/77 148/171/77
f 150/173/78 148/171/78 151/174/78
f 148/171/75 146/170/75 151/174/75
f 150/173/78 151/174/78 152/175/78
f 152/175/79 151/174/79 153/176/79
f 151/174/80 154/177/80 153/176/80
f 151/174/80 146/170/80 154/177/80
f 146/170/81 157/178/81 154/177/81
f 154/177/82 156/179/82 155/180/82
f 153/176/83 154/177/83 155/180/83
f 154/177/82 157/178/82 156/179/82
f 146/170/81 147/169/81 157/178/81
f 158/181/2 157/178/2 147/169/2
f 158/181/2 156/179/2 157/178/2
f 49/61/84 158/182/84 140/183/84
f 158/181/2 147/169/2 140/163/2
f 45/184/85 159/185/85 158/182/85
f 159/186/2 156/179/2 158/181/2
f 45/184/84 158/182/84 49/61/84
f 159/186/2 162/187/2 156/179/2
f 39/188/86 160/189/86 159/185/86
f 160/190/2 161/191/2 159/186/2
f 159/186/2 161/191/2 162/187/2
f 39/188/85 159/185/85 45/184/85
f 163/192/87 162/187/87 161/191/87
f 155/180/88 162/187/88 163/192/88
f 155/180/88 156/179/88 162/187/88
f 164/193/89 163/192/89 165/194/89
f 164/193/89 155/180/89 163/192/89
f 163/192/87 161/191/87 166/195/87
f 165/194/90 163/192/90 166/195/90
f 166/195/91 161/191/91 169/196/91
f 165/194/90 166/195/90 167/197/90
f 167/197/92 166/195/92 168/198/92
f 166/195/91 169/196/91 168/198/91
f 170/199/2 171/200/2 169/196/2
f 170/199/2 169/196/2 160/190/2
f 160/190/2 169/196/2 161/191/2
f 168/198/93 169/196/93 171/200/93
f 173/201/94 171/200/94 172/202/94
f 170/199/2 172/202/2 171/200/2
f 168/198/93 171/200/93 173/201/93
f 174/203/95 173/201/95 175/204/95
f 174/203/95 168/198/95 173/201/95
f 173/201/94 172/202/94 176/205/94
f 175/204/96 173/201/96 176/205/96
f 176/205/97 179/206/97 177/207/97
f 178/208/98 176/205/98 177/207/98
f 176/205/97 172/202/97 179/206/97
f 175/204/96 176/205/96 178/208/96
f 180/209/2 179/206/2 172/202/2
f 180/209/2 181/210/2 179/206/2
f 177/207/99 179/206/99 181/210/99
f 182/211/2 181/210/2 180/209/2
f 182/211/2 183/212/2 181/210/2
f 184/213/100 181/210/100 183/212/100
f 177/207/99 181/210/99 184/213/99
f 186/214/101 177/207/101 184/213/101
f 184/213/100 183/212/100 185/215/100
f 187/216/102 184/213/102 185/215/102
f 186/214/103 184/213/103 187/216/103
f 188/217/104 187/216/104 189/218/104
f 188/217/104 186/214/104 187/216/104
f 189/218/105 187/216/105 190/219/105
f 187/216/102 185/215/102 190/219/102
f 190/219/106 192/220/106 191/221/106
f 193/222/107 190/219/107 191/221/107
f 190/219/106 185/215/106 192/220/106
f 189/218/105 190/219/105 193/222/105
f 194/223/108 193/222/108 195/224/108
f 194/223/108 189/218/108 193/222/108
f 195/224/109 193/222/109 196/225/109
f 193/222/107 191/221/107 196/225/107
f 195/224/109 196/225/109 197/226/109
f 197/226/110 196/225/110 198/227/110
f 196/225/111 199/228/111 198/227/111
f 196/225/111 191/221/111 199/228/111
f 191/221/112 201/229/112 199/228/112
f 199/228/113 202/230/113 200/231/113
f 198/227/114 199/228/114 200/231/114
f 199/228/113 201/229/113 202/230/113
f 200/231/115 202/230/115 203/232/115
f 201/229/116 205/233/116 202/230/116
f 202/230/117 204/234/117 203/232/117
f 202/230/117 205/233/117 204/234/117
f 206/235/2 205/233/2 208/236/2
f 207/237/2 205/233/2 206/235/2
f 207/237/2 204/234/2 205/233/2
f 201/229/116 208/236/116 205/233/116
f 192/220/118 208/236/118 201/229/118
f 192/220/118 209/238/118 208/236/118
f 206/235/2 208/236/2 209/238/2
f 206/235/2 209/238/2 182/211/2
f 185/215/119 183/212/119 209/238/119
f 182/211/2 209/238/2 183/212/2
f 185/215/119 209/238/119 192/220/119
f 50/239/120 210/240/120 207/241/120
f 210/242/2 211/243/2 207/237/2
f 211/243/2 204/234/2 207/237/2
f 12/244/121 207/241/121 206/245/121
f 50/239/121 207/241/121 12/244/121
f 210/242/2 212/246/2 211/243/2
f 213/247/122 211/243/122 212/246/122
f 203/232/123 204/234/123 211/243/123
f 203/232/123 211/243/123 213/247/123
f 213/247/122 212/246/122 214/248/122
f 216/249/124 213/247/124 214/248/124
f 215/250/125 213/247/125 216/249/125
f 215/250/126 203/232/126 213/247/126
f 217/251/127 216/249/127 218/252/127
f 217/251/127 215/250/127 216/249/127
f 218/252/128 216/249/128 219/253/128
f 216/249/124 214/248/124 219/253/124
f 218/252/129 219/253/129 220/254/129
f 220/254/130 219/253/130 221/255/130
f 219/253/131 222/256/131 221/255/131
f 219/253/131 214/248/131 222/256/131
f 214/248/132 225/257/132 222/256/132
f 222/256/133 223/258/133 224/259/133
f 222/256/133 225/257/133 223/258/133
f 221/255/134 222/256/134 224/259/134
f 226/260/2 223/258/2 225/257/2
f 226/260/2 225/257/2 210/242/2
f 225/257/2 212/246/2 210/242/2
f 214/248/132 212/246/132 225/257/132
f 40/261/135 227/262/135 226/263/135
f 227/264/2 223/258/2 226/260/2
f 46/265/136 226/266/136 210/240/136
f 40/267/136 226/266/136 46/265/136
f 227/264/2 230/268/2 223/258/2
f 34/269/137 228/270/137 227/262/137
f 228/271/2 229/272/2 227/264/2
f 227/264/2 229/272/2 230/268/2
f 34/269/135 227/262/135 40/261/135
f 224/259/138 223/258/138 230/268/138
f 231/273/139 230/268/139 229/272/139
f 224/259/138 230/268/138 231/273/138
f 232/274/140 231/273/140 233/275/140
f 232/274/140 224/259/140 231/273/140
f 233/275/141 231/273/141 234/276/141
f 231/273/139 229/272/139 234/276/139
f 233/275/141 234/276/141 235/277/141
f 235/277/142 234/276/142 237/278/142
f 234/276/143 236/279/143 237/278/143
f 234/276/143 229/272/143 236/279/143
f 237/278/144 238/280/144 240/281/144
f 237/278/144 236/279/144 238/280/144
f 235/277/142 237/278/142 239/282/142
f 239/282/145 237/278/145 240/281/145
f 240/281/146 238/280/146 242/283/146
f 239/282/145 240/281/145 241/284/145
f 241/284/147 240/281/147 243/285/147
f 240/281/146 242/283/146 243/285/146
f 243/285/148 245/286/148 244/287/148
f 246/288/149 243/285/149 244/287/149
f 241/284/147 243/285/147 246/288/147
f 243/285/148 242/283/148 245/286/148
f 247/289/150 246/288/150 248/290/150
f 247/289/150 241/284/150 246/288/150
f 248/290/151 246/288/151 249/291/151
f 246/288/149 244/287/149 249/291/149
f 248/290/151 249/291/151 250/292/151
f 250/292/152 249/291/152 251/293/152
f 249/291/153 252/294/153 251/293/153
f 249/291/153 244/287/153 252/294/153
f 252/294/154 253/295/154 255/296/154
f 244/287/155 253/295/155 252/294/155
f 252/294/154 255/296/154 254/297/154
f 251/293/156 252/294/156 254/297/156
f 256/298/2 255/296/2 253/295/2
f 257/299/2 255/296/2 256/298/2
f 257/299/2 258/300/2 255/296/2
f 254/297/157 255/296/157 258/300/157
f 260/301/158 258/300/158 259/302/158
f 259/302/2 258/300/2 257/299/2
f 254/297/157 258/300/157 260/301/157
f 261/303/159 260/301/159 262/304/159
f 261/303/159 254/297/159 260/301/159
f 262/304/160 260/301/160 263/305/160
f 260/301/158 259/302/158 263/305/158
f 262/304/160 263/305/160 264/306/160
f 263/305/161 3/5/161 265/307/161
f 263/305/161 259/302/161 3/5/161
f 264/306/162 263/305/162 265/307/162
f 265/307/163 3/5/163 6/7/163
f 264/306/162 265/307/162 266/308/162
f 265/307/163 6/7/163 267/309/163
f 266/308/164 265/307/164 267/309/164
f 267/309/165 5/11/165 269/310/165
f 267/309/165 6/7/165 5/11/165
f 266/308/164 267/309/164 268/311/164
f 268/311/166 267/309/166 269/310/166
f 269/310/167 272/312/167 270/313/167
f 271/314/168 269/310/168 270/313/168
f 269/310/167 5/11/167 272/312/167
f 268/311/166 269/310/166 271/314/166
f 4/10/2 272/312/2 5/11/2
f 4/10/2 273/315/2 272/312/2
f 270/313/169 272/312/169 273/315/169
f 274/316/2 273/315/2 4/10/2
f 274/316/2 275/317/2 273/315/2
f 276/318/170 273/315/170 275/317/170
f 270/313/169 273/315/169 276/318/169
f 278/319/171 270/313/171 276/318/171
f 276/318/170 275/317/170 277/320/170
f 279/321/172 276/318/172 277/320/172
f 278/319/171 276/318/171 279/321/171
f 280/322/173 279/321/173 281/323/173
f 280/322/173 278/319/173 279/321/173
f 281/323/174 279/321/174 282/324/174
f 279/321/172 277/320/172 282/324/172
f 282/324/175 284/325/175 283/326/175
f 285/327/176 282/324/176 283/326/176
f 282/324/175 277/320/175 284/325/175
f 281/323/174 282/324/174 285/327/174
f 286/328/177 285/327/177 287/329/177
f 286/328/178 281/323/178 285/327/178
f 287/329/179 285/327/179 288/330/179
f 285/327/176 283/326/176 288/330/176
f 287/329/180 288/330/180 289/331/180
f 289/331/181 288/330/181 290/332/181
f 288/330/182 291/333/182 290/332/182
f 288/330/182 283/326/182 291/333/182
f 283/326/183 293/334/183 291/333/183
f 291/333/184 294/335/184 292/336/184
f 290/332/185 291/333/185 292/336/185
f 291/333/184 293/334/184 294/335/184
f 292/336/186 294/335/186 297/337/186
f 294/335/187 295/338/187 297/337/187
f 294/335/187 296/339/187 295/338/187
f 293/334/188 296/339/188 294/335/188
f 292/336/186 297/337/186 298/340/186
f 298/340/189 297/337/189 300/341/189
f 297/337/190 295/338/190 299/342/190
f 297/337/190 299/342/190 300/341/190
f 300/341/191 302/343/191 301/344/191
f 303/345/192 300/341/192 301/344/192
f 298/340/193 300/341/193 303/345/193
f 300/341/191 299/342/191 302/343/191
f 304/346/194 303/345/194 305/347/194
f 304/346/195 298/340/195 303/345/195
f 305/347/196 303/345/196 306/348/196
f 303/345/192 301/344/192 306/348/192
f 305/347/197 306/348/197 307/349/197
f 307/349/198 306/348/198 308/350/198
f 306/348/199 309/351/199 308/350/199
f 306/348/199 301/344/199 309/351/199
f 301/344/200 311/352/200 309/351/200
f 309/351/201 312/353/201 310/354/201
f 308/350/202 309/351/202 310/354/202
f 309/351/201 311/352/201 312/353/201
f 313/355/2 315/356/2 312/353/2
f 312/353/2 314/357/2 313/355/2
f 312/353/2 311/352/2 314/357/2
f 310/354/203 312/353/203 315/356/203
f 313/355/2 316/358/2 315/356/2
f 317/359/204 315/356/204 316/358/204
f 310/354/203 315/356/203 317/359/203
f 318/360/205 317/359/205 319/361/205
f 318/360/205 310/354/205 317/359/205
f 319/361/206 317/359/206 320/362/206
f 317/359/204 316/358/204 320/362/204
f 319/361/206 320/362/206 321/363/206
f 321/363/207 320/362/207 323/364/207
f 320/362/208 316/358/208 322/365/208
f 320/362/208 322/365/208 323/364/208
f 323/364/209 324/366/209 326/367/209
f 323/364/209 322/365/209 324/366/209
f 321/363/210 323/364/210 325/368/210
f 325/368/211 323/364/211 326/367/211
f 326/367/212 324/366/212 328/369/212
f 325/368/211 326/367/211 327/370/211
f 327/370/213 326/367/213 329/371/213
f 326/367/212 328/369/212 329/371/212
f 329/371/214 332/372/214 330/373/214
f 331/374/215 329/371/215 330/373/215
f 327/370/216 329/371/216 331/374/216
f 329/371/214 328/369/214 332/372/214
f 333/375/2 332/372/2 328/369/2
f 334/376/2 332/372/2 333/375/2
f 334/376/2 335/377/2 332/372/2
f 330/373/217 332/372/217 335/377/217
f 337/378/218 335/377/218 336/379/218
f 334/376/2 336/379/2 335/377/2
f 330/373/217 335/377/217 337/378/217
f 337/378/218 336/379/218 338/380/218
f 339/381/219 330/373/219 337/378/219
f 340/382/220 337/378/220 338/380/220
f 339/381/219 337/378/219 340/382/219
f 341/383/221 340/382/221 342/384/221
f 341/383/221 339/381/221 340/382/221
f 342/384/222 340/382/222 343/385/222
f 340/382/220 338/380/220 343/385/220
f 343/385/223 345/386/223 344/387/223
f 346/388/224 343/385/224 344/387/224
f 343/385/223 338/380/223 345/386/223
f 342/384/222 343/385/222 346/388/222
f 347/389/225 346/388/225 348/390/225
f 347/389/225 342/384/225 346/388/225
f 348/390/226 346/388/226 349/391/226
f 346/388/224 344/387/224 349/391/224
f 348/390/226 349/391/226 350/392/226
f 350/392/227 349/391/227 351/393/227
f 349/391/228 352/394/228 351/393/228
f 349/391/229 344/387/229 352/394/229
f 344/387/230 354/395/230 352/394/230
f 352/394/231 355/396/231 353/397/231
f 351/393/232 352/394/232 353/397/232
f 352/394/231 354/395/231 355/396/231
f 355/396/233 356/398/233 358/399/233
f 355/396/233 357/400/233 356/398/233
f 354/395/234 357/400/234 355/396/234
f 353/397/235 355/396/235 358/399/235
f 358/399/236 356/398/236 361/401/236
f 353/397/235 358/399/235 359/402/235
f 359/402/237 358/399/237 360/403/237
f 358/399/236 361/401/236 360/403/236
f 362/404/2 364/405/2 361/401/2
f 361/401/2 363/406/2 362/404/2
f 361/401/2 356/398/2 363/406/2
f 360/403/238 361/401/238 364/405/238
f 362/404/2 365/407/2 364/405/2
f 366/408/239 364/405/239 365/407/239
f 360/403/238 364/405/238 366/408/238
f 368/409/240 360/403/240 366/408/240
f 366/408/239 365/407/239 367/410/239
f 369/411/241 366/408/241 367/410/241
f 368/409/240 366/408/240 369/411/240
f 370/412/242 369/411/242 371/413/242
f 370/412/242 368/409/242 369/411/242
f 371/413/243 369/411/243 372/414/243
f 369/411/244 367/410/244 372/414/244
f 371/413/245 372/414/245 373/415/245
f 373/415/246 372/414/246 62/76/246
f 372/414/247 60/75/247 62/76/247
f 372/414/247 367/410/247 60/75/247
f 374/416/248 373/415/248 375/417/248
f 374/416/249 371/413/249 373/415/249
f 375/417/250 373/415/250 376/418/250
f 373/415/246 62/76/246 376/418/246
f 375/417/250 376/418/250 377/419/250
f 377/419/251 376/418/251 378/420/251
f 376/418/252 63/77/252 378/420/252
f 376/418/252 62/76/252 63/77/252
f 377/419/251 378/420/251 379/421/251
f 379/421/253 378/420/253 380/422/253
f 378/420/254 65/79/254 380/422/254
f 378/420/254 63/77/254 65/79/254
f 379/421/253 380/422/253 381/423/253
f 381/423/255 380/422/255 382/424/255
f 380/422/256 67/81/256 382/424/256
f 380/422/256 65/79/256 67/81/256
f 382/424/257 75/90/257 77/91/257
f 383/425/258 382/424/258 77/91/258
f 382/424/257 67/81/257 75/90/257
f 381/423/255 382/424/255 383/425/255
f 384/426/259 383/425/259 385/427/259
f 384/426/259 381/423/259 383/425/259
f 385/427/260 383/425/260 386/428/260
f 383/425/258 77/91/258 386/428/258
f 385/427/260 386/428/260 387/429/260
f 387/429/261 386/428/261 388/430/261
f 386/428/262 78/92/262 388/430/262
f 386/428/263 77/91/263 78/92/263
f 387/429/261 388/430/261 389/431/261
f 389/431/264 388/430/264 390/432/264
f 388/430/265 80/94/265 390/432/265
f 388/430/265 78/92/265 80/94/265
f 390/432/266 392/433/266 391/434/266
f 393/435/267 390/432/267 391/434/267
f 390/432/266 80/94/266 392/433/266
f 389/431/264 390/432/264 393/435/264
f 394/436/268 393/437/268 396/438/268
f 394/436/269 389/439/269 393/437/269
f 393/435/270 391/434/270 395/440/270
f 396/438/271 393/437/271 395/441/271
f 396/438/272 395/441/272 397/442/272
f 397/442/273 398/443/273 396/438/273
f 396/438/274 398/443/274 399/444/274
f 396/438/275 399/444/275 394/436/275
f 394/436/276 399/444/276 400/445/276
f 401/446/277 400/445/277 399/444/277
f 401/446/278 399/444/278 402/447/278
f 402/447/279 399/444/279 398/443/279
f 403/448/280 404/449/280 402/450/280
f 402/447/281 398/443/281 403/451/281
f 402/452/2 404/453/2 401/454/2
f 405/455/282 407/456/282 404/457/282
f 405/458/280 404/449/280 403/448/280
f 401/454/2 404/453/2 406/459/2
f 404/457/283 407/456/283 406/460/283
f 407/459/284 405/453/284 408/454/284
f 401/461/285 407/462/285 408/463/285
f 406/464/285 407/462/285 401/461/285
f 408/454/284 405/453/284 403/452/284
f 403/451/286 409/465/286 408/466/286
f 408/466/287 409/465/287 410/467/287
f 408/466/288 410/467/288 401/446/288
f 410/467/288 400/445/288 401/446/288
f 410/467/289 411/468/289 400/445/289
f 410/467/290 409/465/290 412/469/290
f 414/470/289 411/468/289 410/467/289
f 413/471/291 410/467/291 412/469/291
f 414/470/292 410/467/292 413/471/292
f 414/470/293 418/472/293 411/468/293
f 417/473/294 415/474/294 414/470/294
f 415/474/295 416/475/295 414/470/295
f 416/475/293 418/472/293 414/470/293
f 414/470/296 419/476/296 417/473/296
f 413/471/296 419/476/296 414/470/296
f 422/477/297 420/478/297 419/476/297
f 420/478/298 417/473/298 419/476/298
f 413/471/299 421/479/299 419/476/299
f 423/480/300 419/476/300 421/479/300
f 422/477/301 419/476/301 423/480/301
f 423/427/302 424/423/302 425/426/302
f 426/425/302 424/423/302 423/427/302
f 423/427/303 425/426/303 422/481/303
f 423/427/304 421/429/304 426/425/304
f 426/425/305 429/428/305 427/424/305
f 427/424/306 428/422/306 426/425/306
f 426/425/306 428/422/306 424/423/306
f 426/425/304 421/429/304 429/428/304
f 430/431/307 429/428/307 421/429/307
f 431/430/307 429/428/307 430/431/307
f 427/424/305 429/428/305 432/91/305
f 431/430/308 432/91/308 429/428/308
f 433/81/309 432/91/309 434/90/309
f 427/424/310 432/91/310 433/81/310
f 435/92/311 434/90/311 432/91/311
f 435/92/308 432/91/308 431/430/308
f 435/92/312 436/94/312 438/89/312
f 435/92/313 437/432/313 436/94/313
f 431/430/313 437/432/313 435/92/313
f 438/89/314 434/90/314 435/92/314
f 438/89/315 436/94/315 441/93/315
f 439/85/316 440/82/316 438/89/316
f 438/89/317 441/93/317 439/85/317
f 438/89/316 440/82/316 434/90/316
f 436/94/318 444/433/318 441/93/318
f 439/85/317 441/93/317 442/88/317
f 441/93/319 443/95/319 442/88/319
f 441/93/318 444/433/318 443/95/318
f 447/482/320 443/95/320 444/433/320
f 445/483/321 444/433/321 446/434/321
f 447/482/321 444/433/321 445/483/321
f 436/94/322 446/434/322 444/433/322
f 447/482/323 448/484/323 450/105/323
f 447/482/324 449/485/324 448/484/324
f 445/483/325 449/485/325 447/482/325
f 450/105/320 443/95/320 447/482/320
f 450/105/323 448/484/323 453/106/323
f 451/99/326 452/96/326 450/105/326
f 450/105/327 453/106/327 451/99/327
f 450/105/326 452/96/326 443/95/326
f 451/99/328 453/106/328 454/103/328
f 455/108/329 454/103/329 453/106/329
f 455/108/330 453/106/330 456/486/330
f 456/486/331 453/106/331 448/484/331
f 456/486/332 448/484/332 457/487/332
f 459/488/333 456/486/333 457/487/333
f 458/489/333 456/486/333 459/488/333
f 458/489/334 455/108/334 456/486/334
f 459/488/335 457/487/335 460/490/335
f 461/491/336 458/489/336 459/488/336
f 462/492/337 459/488/337 460/490/337
f 461/491/338 459/488/338 462/492/338
f 462/493/339 463/494/339 464/495/339
f 465/496/340 463/494/340 462/493/340
f 462/492/341 464/497/341 461/491/341
f 462/493/342 460/498/342 465/496/342
f 465/496/343 467/499/343 463/494/343
f 465/496/344 466/500/344 468/501/344
f 465/496/345 460/498/345 466/500/345
f 468/501/346 467/499/346 465/496/346
f 471/502/347 467/499/347 468/501/347
f 469/503/348 468/501/348 470/504/348
f 471/502/349 468/501/349 469/503/349
f 468/501/350 466/500/350 470/504/350
f 472/505/351 467/499/351 471/502/351
f 471/502/352 473/506/352 472/505/352
f 471/507/284 475/508/284 473/509/284
f 469/510/284 474/511/284 471/507/284
f 471/507/284 474/511/284 475/508/284
f 475/512/353 474/513/353 476/514/353
f 475/515/354 476/516/354 473/517/354
f 476/508/2 477/510/2 480/507/2
f 478/511/2 477/510/2 476/508/2
f 473/517/354 476/516/354 479/518/354
f 476/514/353 474/513/353 478/519/353
f 476/508/2 480/507/2 479/509/2
f 481/520/347 480/521/347 482/522/347
f 481/520/355 479/523/355 480/521/355
f 482/522/349 480/521/349 477/524/349
f 481/520/356 482/522/356 484/525/356
f 477/524/357 483/526/357 482/522/357
f 484/525/358 482/522/358 483/526/358
f 484/525/359 489/527/359 485/528/359
f 485/528/360 486/529/360 484/525/360
f 484/525/361 486/529/361 481/520/361
f 484/525/362 483/526/362 487/530/362
f 487/530/363 488/531/363 484/525/363
f 484/525/364 488/531/364 489/527/364
f 488/492/365 491/532/365 489/497/365
f 489/497/366 492/533/366 490/534/366
f 485/528/367 489/527/367 490/535/367
f 489/497/366 491/532/366 492/533/366
f 490/534/368 492/533/368 493/536/368
f 491/532/369 494/537/369 492/533/369
f 492/533/370 117/131/370 493/536/370
f 492/533/370 494/537/370 117/131/370
f 494/537/371 112/127/371 117/131/371
f 494/537/371 109/123/371 112/127/371
f 495/538/372 109/123/372 494/537/372
f 491/532/373 495/538/373 494/537/373
f 496/491/374 495/538/374 491/532/374
f 496/491/374 497/539/374 495/538/374
f 497/539/375 108/122/375 495/538/375
f 495/538/372 108/122/372 109/123/372
f 498/488/376 497/539/376 496/491/376
f 498/488/376 499/489/376 497/539/376
f 499/489/377 100/114/377 497/539/377
f 497/539/375 100/114/375 108/122/375
f 499/489/378 97/111/378 100/114/378
f 501/486/379 97/111/379 499/489/379
f 500/487/380 499/489/380 498/488/380
f 500/487/380 501/486/380 499/489/380
f 502/485/381 501/486/381 500/487/381
f 502/485/382 503/484/382 501/486/382
f 503/484/383 94/108/383 501/486/383
f 501/486/384 94/108/384 97/111/384
f 504/483/385 503/484/385 502/485/385
f 504/483/386 505/482/386 503/484/386
f 505/482/387 92/106/387 503/484/387
f 503/484/383 92/106/383 94/108/383
f 391/434/388 505/482/388 504/483/388
f 391/434/388 392/433/388 505/482/388
f 392/433/389 91/105/389 505/482/389
f 505/482/387 91/105/387 92/106/387
f 395/440/390 391/434/390 504/483/390
f 506/540/391 504/483/391 502/485/391
f 395/440/392 504/483/392 506/540/392
f 507/541/393 506/542/393 508/543/393
f 397/442/394 506/542/394 507/541/394
f 397/442/395 395/441/395 506/542/395
f 506/540/391 502/485/391 508/544/391
f 508/544/396 500/487/396 509/545/396
f 510/546/397 508/543/397 509/547/397
f 508/544/398 502/485/398 500/487/398
f 507/541/399 508/543/399 510/546/399
f 510/546/400 514/548/400 511/549/400
f 511/549/401 507/541/401 510/546/401
f 510/546/402 509/547/402 512/550/402
f 512/550/403 513/551/403 510/546/403
f 510/546/404 513/551/404 514/548/404
f 511/549/405 514/548/405 515/552/405
f 515/552/406 514/548/406 513/551/406
f 515/552/407 516/553/407 511/549/407
f 515/554/2 517/555/2 516/556/2
f 518/557/408 517/558/408 515/559/408
f 515/552/409 513/551/409 518/560/409
f 518/560/410 519/561/410 521/562/410
f 518/560/409 513/551/409 519/561/409
f 520/556/284 522/555/284 518/554/284
f 518/560/411 521/562/411 520/563/411
f 522/564/408 517/558/408 518/557/408
f 522/565/412 523/566/412 517/567/412
f 523/568/284 522/555/284 520/556/284
f 516/569/413 523/570/413 520/571/413
f 524/572/413 523/570/413 516/569/413
f 517/567/412 523/566/412 524/573/412
f 516/556/2 517/555/2 524/568/2
f 527/574/414 521/562/414 519/561/414
f 520/563/415 521/562/415 525/575/415
f 525/575/416 521/562/416 526/576/416
f 526/576/417 521/562/417 527/574/417
f 527/574/418 519/561/418 530/577/418
f 527/574/419 529/578/419 526/576/419
f 466/500/420 528/579/420 527/574/420
f 528/579/421 529/578/421 527/574/421
f 470/504/422 527/574/422 530/577/422
f 466/500/423 527/574/423 470/504/423
f 530/577/424 531/580/424 532/581/424
f 513/551/425 531/580/425 530/577/425
f 530/577/426 532/581/426 470/504/426
f 530/577/425 519/561/425 513/551/425
f 532/582/284 536/583/284 533/584/284
f 470/504/427 532/581/427 533/585/427
f 534/586/428 535/587/428 532/588/428
f 531/580/424 534/589/424 532/581/424
f 535/590/284 536/583/284 532/582/284
f 536/591/429 537/592/429 533/593/429
f 536/594/430 535/595/430 537/596/430
f 533/593/429 537/592/429 539/597/429
f 534/582/2 537/583/2 538/590/2
f 537/596/430 535/595/430 538/598/430
f 539/584/2 537/583/2 534/582/2
f 483/526/431 539/599/431 531/580/431
f 483/526/432 533/585/432 539/599/432
f 531/580/433 539/599/433 534/589/433
f 538/600/428 535/587/428 534/586/428
f 470/504/432 533/585/432 483/526/432
f 487/530/434 483/526/434 531/580/434
f 487/530/435 531/580/435 512/550/435
f 512/550/436 531/580/436 513/551/436
f 540/601/437 526/576/437 529/578/437
f 445/483/438 529/544/438 449/485/438
f 528/545/439 449/485/439 529/544/439
f 540/540/440 529/544/440 445/483/440
f 540/601/441 542/602/441 541/603/441
f 541/603/437 526/576/437 540/601/437
f 445/483/442 446/434/442 540/540/442
f 540/540/443 446/434/443 542/440/443
f 544/604/444 543/605/444 542/602/444
f 541/603/441 542/602/441 543/605/441
f 437/432/445 542/440/445 446/434/445
f 544/435/446 542/440/446 437/432/446
f 412/469/447 543/605/447 544/604/447
f 431/430/448 544/435/448 437/432/448
f 430/431/449 544/435/449 431/430/449
f 430/606/450 412/469/450 544/604/450
f 541/603/451 543/605/451 547/607/451
f 412/469/452 545/608/452 543/605/452
f 545/608/453 546/609/453 543/605/453
f 547/607/451 543/605/451 546/609/451
f 547/607/454 525/575/454 541/603/454
f 525/575/455 547/607/455 548/610/455
f 548/610/456 547/607/456 551/611/456
f 547/607/457 549/612/457 550/613/457
f 546/609/458 549/612/458 547/607/458
f 547/607/456 550/613/456 551/611/456
f 550/614/459 552/615/459 551/616/459
f 551/617/2 552/618/2 553/619/2
f 548/610/460 551/611/460 554/620/460
f 554/620/461 551/611/461 553/621/461
f 507/541/462 554/620/462 397/442/462
f 507/541/462 548/610/462 554/620/462
f 397/442/463 554/620/463 398/443/463
f 554/620/464 553/621/464 398/443/464
f 398/443/465 553/621/465 545/608/465
f 553/621/465 549/612/465 545/608/465
f 553/622/466 556/623/466 549/624/466
f 553/619/2 552/618/2 555/625/2
f 555/626/466 556/623/466 553/622/466
f 552/627/467 556/628/467 555/629/467
f 556/625/284 557/618/284 549/619/284
f 557/630/467 556/628/467 552/627/467
f 549/619/284 557/618/284 550/617/284
f 557/631/459 552/615/459 550/614/459
f 545/608/468 549/612/468 546/609/468
f 511/549/455 525/575/455 548/610/455
f 511/549/469 548/610/469 507/541/469
f 403/451/470 545/608/470 409/465/470
f 403/451/281 398/443/281 545/608/281
f 409/465/471 545/608/471 412/469/471
f 541/603/472 525/575/472 526/576/472
f 460/490/473 457/487/473 528/545/473
f 457/487/439 449/485/439 528/545/439
f 460/498/474 528/579/474 466/500/474
f 511/549/475 516/553/475 525/575/475
f 520/563/475 525/575/475 516/553/475
f 512/550/476 558/632/476 487/530/476
f 512/550/477 509/547/477 558/632/477
f 558/490/478 496/491/478 488/492/478
f 487/530/479 558/632/479 488/531/479
f 509/545/480 498/488/480 558/490/480
f 558/490/478 498/488/478 496/491/478
f 509/545/480 500/487/480 498/488/480
f 488/492/481 496/491/481 491/532/481
f 490/534/482 493/536/482 559/633/482
f 559/633/483 493/536/483 560/634/483
f 493/536/484 118/132/484 560/634/484
f 493/536/484 117/131/484 118/132/484
f 559/633/485 560/634/485 561/635/485
f 561/635/486 560/634/486 562/636/486
f 560/634/487 120/134/487 562/636/487
f 560/634/487 118/132/487 120/134/487
f 562/636/488 564/637/488 563/638/488
f 565/639/489 562/636/489 563/638/489
f 562/636/490 120/134/490 564/637/490
f 561/635/486 562/636/486 565/639/486
f 566/640/491 565/641/491 568/642/491
f 567/643/492 565/641/492 566/640/492
f 567/643/493 561/644/493 565/641/493
f 565/639/489 563/638/489 568/645/489
f 569/646/494 568/642/494 570/647/494
f 566/640/495 568/642/495 569/646/495
f 568/645/496 571/648/496 570/649/496
f 568/645/496 563/638/496 571/648/496
f 563/638/497 573/650/497 571/648/497
f 571/648/498 574/651/498 572/652/498
f 570/649/499 571/648/499 572/652/499
f 571/648/498 573/650/498 574/651/498
f 572/652/500 574/651/500 575/653/500
f 573/650/501 134/157/501 574/651/501
f 574/651/502 136/159/502 575/653/502
f 574/651/503 134/157/503 136/159/503
f 572/652/500 575/653/500 576/654/500
f 576/654/504 575/653/504 577/655/504
f 575/653/505 143/167/505 577/655/505
f 575/653/505 136/159/505 143/167/505
f 577/655/506 144/168/506 149/172/506
f 578/656/507 577/655/507 149/172/507
f 577/655/506 143/167/506 144/168/506
f 576/654/504 577/655/504 578/656/504
f 579/657/508 578/656/508 580/658/508
f 579/657/509 576/654/509 578/656/509
f 580/658/510 578/656/510 581/659/510
f 578/656/511 149/172/511 581/659/511
f 580/658/512 581/659/512 582/660/512
f 582/660/513 581/659/513 583/661/513
f 581/659/514 150/173/514 583/661/514
f 581/659/514 149/172/514 150/173/514
f 582/660/513 583/661/513 584/662/513
f 584/662/515 583/661/515 585/663/515
f 583/661/516 152/175/516 585/663/516
f 583/661/516 150/173/516 152/175/516
f 585/663/517 587/664/517 586/665/517
f 588/666/518 585/663/518 586/665/518
f 585/663/517 152/175/517 587/664/517
f 584/662/515 585/663/515 588/666/515
f 589/667/519 588/668/519 590/669/519
f 589/667/519 584/670/519 588/668/519
f 590/669/520 588/668/520 591/671/520
f 588/666/518 586/665/518 591/672/518
f 592/673/521 591/671/521 593/674/521
f 590/669/520 591/671/520 592/673/520
f 591/672/522 594/675/522 593/676/522
f 591/672/522 586/665/522 594/675/522
f 586/665/523 596/677/523 594/675/523
f 594/675/524 597/678/524 595/679/524
f 593/676/525 594/675/525 595/679/525
f 594/675/524 596/677/524 597/678/524
f 595/679/526 597/678/526 598/680/526
f 596/677/527 165/194/527 597/678/527
f 597/678/528 167/197/528 598/680/528
f 597/678/529 165/194/529 167/197/529
f 595/679/530 598/680/530 599/681/530
f 599/681/531 598/680/531 600/682/531
f 598/680/532 174/203/532 600/682/532
f 598/680/532 167/197/532 174/203/532
f 600/682/533 175/204/533 601/683/533
f 602/684/534 600/682/534 601/683/534
f 600/682/533 174/203/533 175/204/533
f 599/681/531 600/682/531 602/684/531
f 603/685/535 602/684/535 604/686/535
f 603/685/535 599/681/535 602/684/535
f 604/686/536 602/684/536 605/687/536
f 602/684/534 601/683/534 605/687/534
f 604/686/536 605/687/536 606/688/536
f 606/688/537 605/687/537 607/689/537
f 605/687/538 608/690/538 607/689/538
f 605/687/538 601/683/538 608/690/538
f 601/683/539 178/208/539 608/690/539
f 608/690/540 186/214/540 188/217/540
f 607/689/541 608/690/541 188/217/541
f 608/690/540 178/208/540 186/214/540
f 606/688/537 607/689/537 609/691/537
f 609/691/542 607/689/542 610/692/542
f 607/689/541 188/217/541 610/692/541
f 610/692/543 189/218/543 194/223/543
f 611/693/544 610/692/544 194/223/544
f 610/692/545 188/217/545 189/218/545
f 609/691/542 610/692/542 611/693/542
f 612/694/546 611/695/546 614/696/546
f 612/694/546 609/697/546 611/695/546
f 611/693/544 194/223/544 613/698/544
f 614/696/547 611/695/547 613/699/547
f 614/696/548 613/699/548 615/700/548
f 615/700/549 616/701/549 614/696/549
f 616/701/550 617/702/550 614/696/550
f 614/696/551 617/702/551 618/703/551
f 614/696/552 618/703/552 612/694/552
f 622/704/553 618/703/553 617/702/553
f 618/703/554 619/705/554 612/694/554
f 623/706/555 619/705/555 618/703/555
f 620/707/556 618/703/556 622/704/556
f 620/707/556 621/708/556 618/703/556
f 624/709/557 618/703/557 621/708/557
f 623/706/557 618/703/557 624/709/557
f 625/710/284 627/711/284 624/712/284
f 625/713/558 624/709/558 626/714/558
f 624/709/559 621/708/559 626/714/559
f 624/715/560 628/716/560 623/717/560
f 627/718/560 628/716/560 624/715/560
f 627/709/561 631/713/561 628/706/561
f 629/710/2 628/711/2 630/719/2
f 623/712/2 628/711/2 629/710/2
f 628/706/561 631/713/561 630/720/561
f 631/719/284 627/711/284 625/710/284
f 629/717/562 631/718/562 625/715/562
f 630/716/562 631/718/562 629/717/562
f 625/713/563 632/721/563 629/720/563
f 629/720/564 632/721/564 623/706/564
f 612/694/565 632/721/565 633/722/565
f 612/694/565 619/705/565 632/721/565
f 632/721/566 619/705/566 623/706/566
f 633/722/567 632/721/567 634/723/567
f 635/724/568 634/723/568 632/721/568
f 625/713/563 635/724/563 632/721/563
f 626/714/569 636/725/569 635/724/569
f 626/714/570 635/724/570 625/713/570
f 636/725/571 637/726/571 635/724/571
f 637/726/568 634/723/568 635/724/568
f 638/727/572 634/723/572 637/726/572
f 638/727/573 637/726/573 639/728/573
f 639/728/574 637/726/574 640/729/574
f 636/725/575 640/729/575 637/726/575
f 641/730/576 640/729/576 642/731/576
f 639/728/577 640/729/577 641/730/577
f 642/731/578 640/729/578 636/725/578
f 644/732/579 641/730/579 642/731/579
f 636/725/580 643/733/580 642/731/580
f 645/734/581 642/731/581 643/733/581
f 644/732/582 642/731/582 645/734/582
f 645/734/583 648/735/583 644/732/583
f 646/681/584 647/679/584 645/685/584
f 645/685/585 643/686/585 646/681/585
f 645/685/586 647/679/586 648/736/586
f 650/737/587 649/738/587 648/735/587
f 644/732/583 648/735/583 649/738/583
f 651/675/588 648/736/588 647/679/588
f 650/676/588 648/736/588 651/675/588
f 653/665/589 650/676/589 651/675/589
f 654/664/590 651/675/590 652/677/590
f 651/675/591 647/679/591 652/677/591
f 653/665/590 651/675/590 654/664/590
f 657/174/592 654/664/592 655/176/592
f 654/664/593 652/677/593 655/176/593
f 656/175/592 654/664/592 657/174/592
f 656/175/594 653/665/594 654/664/594
f 658/170/595 659/166/595 657/174/595
f 657/174/596 655/176/596 658/170/596
f 657/174/595 659/166/595 660/171/595
f 657/174/597 660/171/597 656/175/597
f 659/166/598 661/165/598 660/171/598
f 660/171/598 661/165/598 662/168/598
f 660/171/599 662/168/599 663/173/599
f 656/175/597 660/171/597 663/173/597
f 663/173/599 662/168/599 664/172/599
f 663/173/600 664/172/600 665/661/600
f 666/663/601 663/173/601 665/661/601
f 656/175/601 663/173/601 666/663/601
f 666/663/602 665/661/602 667/666/602
f 667/666/603 668/672/603 666/663/603
f 666/663/604 668/672/604 653/665/604
f 666/663/594 653/665/594 656/175/594
f 668/739/605 669/740/605 650/737/605
f 670/741/606 669/740/606 668/739/606
f 668/672/607 650/676/607 653/665/607
f 667/742/608 670/741/608 668/739/608
f 671/743/609 673/744/609 670/741/609
f 672/745/610 671/743/610 670/741/610
f 674/746/611 672/745/611 670/741/611
f 670/741/612 673/744/612 669/740/612
f 674/746/613 670/741/613 667/742/613
f 674/746/614 677/747/614 675/748/614
f 675/748/615 672/745/615 674/746/615
f 674/746/616 676/749/616 677/747/616
f 667/742/616 676/749/616 674/746/616
f 675/748/617 677/747/617 681/750/617
f 677/747/618 678/751/618 682/752/618
f 680/753/619 678/751/619 677/747/619
f 676/662/620 679/660/620 677/754/620
f 677/754/621 679/660/621 680/755/621
f 677/747/622 682/752/622 681/750/622
f 678/751/623 683/756/623 682/752/623
f 682/752/624 683/756/624 684/757/624
f 682/752/625 684/757/625 681/750/625
f 683/758/284 686/759/284 684/760/284
f 681/750/626 684/757/626 685/761/626
f 684/760/284 687/762/284 685/763/284
f 684/760/284 686/759/284 687/762/284
f 687/764/627 688/765/627 685/766/627
f 687/767/628 686/768/628 688/769/628
f 685/766/627 688/765/627 689/770/627
f 688/762/2 691/760/2 689/763/2
f 690/759/2 692/758/2 688/762/2
f 688/769/628 686/768/628 690/771/628
f 688/762/2 692/758/2 691/760/2
f 693/772/629 692/773/629 683/756/629
f 693/772/630 691/774/630 692/773/630
f 692/775/631 686/776/631 683/777/631
f 690/778/631 686/776/631 692/775/631
f 694/779/632 691/774/632 693/772/632
f 695/780/633 694/779/633 693/772/633
f 695/780/634 693/772/634 696/781/634
f 696/781/635 693/772/635 697/782/635
f 697/782/636 693/772/636 678/751/636
f 678/751/629 693/772/629 683/756/629
f 697/782/637 698/783/637 696/781/637
f 700/784/638 698/783/638 697/782/638
f 678/751/636 699/785/636 697/782/636
f 701/786/639 697/782/639 699/785/639
f 700/784/639 697/782/639 701/786/639
f 701/786/640 699/785/640 703/787/640
f 702/788/284 704/789/284 701/790/284
f 702/791/641 701/786/641 703/787/641
f 701/792/642 705/793/642 700/794/642
f 704/795/642 705/793/642 701/792/642
f 704/796/643 708/797/643 705/798/643
f 707/788/2 705/789/2 706/799/2
f 705/798/643 708/797/643 706/800/643
f 700/790/2 705/789/2 707/788/2
f 708/799/284 704/789/284 702/788/284
f 707/801/644 708/802/644 702/803/644
f 706/804/644 708/802/644 707/801/644
f 702/791/645 709/805/645 707/806/645
f 707/806/646 709/805/646 700/784/646
f 696/781/647 709/805/647 710/807/647
f 696/781/648 698/783/648 709/805/648
f 709/805/649 698/783/649 700/784/649
f 710/808/650 709/809/650 711/810/650
f 712/811/651 711/810/651 709/809/651
f 702/791/645 712/812/645 709/805/645
f 713/813/652 712/811/652 714/814/652
f 713/813/651 711/810/651 712/811/651
f 703/787/653 714/815/653 712/812/653
f 703/787/654 712/812/654 702/791/654
f 715/816/655 713/813/655 714/814/655
f 715/817/656 714/818/656 718/819/656
f 716/820/657 714/815/657 703/787/657
f 716/821/658 717/657/658 714/818/658
f 718/819/656 714/818/656 717/657/656
f 721/648/659 718/819/659 719/652/659
f 718/819/660 717/657/660 719/652/660
f 720/649/659 718/819/659 721/648/659
f 720/649/661 715/817/661 718/819/661
f 721/648/662 719/652/662 722/650/662
f 723/638/663 720/649/663 721/648/663
f 724/637/664 721/648/664 722/650/664
f 723/638/664 721/648/664 724/637/664
f 724/637/665 722/650/665 727/135/665
f 724/637/666 725/133/666 726/134/666
f 727/135/666 725/133/666 724/637/666
f 724/637/667 726/134/667 723/638/667
f 727/135/665 722/650/665 729/156/665
f 728/136/668 730/129/668 727/135/668
f 727/135/669 729/156/669 728/136/669
f 727/135/668 730/129/668 725/133/668
f 728/136/670 731/128/670 730/129/670
f 731/128/671 732/125/671 730/129/671
f 730/129/671 732/125/671 733/126/671
f 730/129/672 733/126/672 725/133/672
f 725/133/672 733/126/672 734/130/672
f 735/124/673 734/130/673 733/126/673
f 735/124/674 733/126/674 736/120/674
f 736/120/674 733/126/674 732/125/674
f 736/120/675 737/118/675 735/124/675
f 737/118/284 736/120/284 738/119/284
f 738/119/284 736/120/284 732/125/284
f 741/822/676 738/823/676 739/824/676
f 738/119/284 732/125/284 739/141/284
f 740/825/676 738/823/676 741/822/676
f 740/825/677 742/826/677 738/823/677
f 742/117/284 737/118/284 738/119/284
f 742/117/284 745/116/284 737/118/284
f 743/827/678 746/828/678 742/826/678
f 743/827/677 742/826/677 740/825/677
f 744/113/284 745/116/284 742/117/284
f 746/829/284 744/113/284 742/117/284
f 747/104/284 748/110/284 746/829/284
f 746/829/284 749/101/284 747/104/284
f 746/829/284 748/110/284 744/113/284
f 750/830/679 749/831/679 746/828/679
f 750/830/678 746/828/678 743/827/678
f 752/13/284 750/37/284 743/49/284
f 752/13/284 751/35/284 750/37/284
f 751/832/679 749/831/679 750/830/679
f 743/49/284 740/43/284 752/13/284
f 752/13/284 753/54/284 758/48/284
f 788/58/284 753/54/284 752/13/284
f 752/13/284 754/53/284 759/47/284
f 752/13/284 789/57/284 754/53/284
f 752/13/284 790/14/284 755/52/284
f 755/52/284 760/46/284 752/13/284
f 752/13/284 756/51/284 761/45/284
f 791/56/284 756/51/284 752/13/284
f 752/13/284 757/50/284 762/44/284
f 752/13/284 792/55/284 757/50/284
f 752/13/284 758/48/284 763/36/284
f 759/47/284 764/42/284 752/13/284
f 752/13/284 760/46/284 765/41/284
f 752/13/284 761/45/284 766/40/284
f 762/44/284 767/39/284 752/13/284
f 752/13/284 740/43/284 741/38/284
f 763/36/284 751/35/284 752/13/284
f 752/13/284 764/42/284 768/34/284
f 752/13/284 765/41/284 769/33/284
f 766/40/284 770/32/284 752/13/284
f 752/13/284 767/39/284 771/31/284
f 752/13/284 741/38/284 772/30/284
f 752/13/284 768/34/284 773/29/284
f 769/33/284 774/25/284 752/13/284
f 752/13/284 770/32/284 775/23/284
f 752/13/284 771/31/284 776/22/284
f 772/30/284 777/18/284 752/13/284
f 773/29/284 778/28/284 752/13/284
f 752/13/284 774/25/284 779/24/284
f 752/13/284 775/23/284 780/16/284
f 776/22/284 781/21/284 752/13/284
f 752/13/284 777/18/284 782/17/284
f 752/13/284 778/28/284 783/27/284
f 752/13/284 779/24/284 784/26/284
f 780/16/284 785/15/284 752/13/284
f 752/13/284 781/21/284 786/20/284
f 752/13/284 782/17/284 787/19/284
f 752/13/284 783/27/284 788/58/284
f 784/26/284 789/57/284 752/13/284
f 752/13/284 785/15/284 790/14/284
f 752/13/284 786/20/284 791/56/284
f 787/19/284 792/55/284 752/13/284
f 792/833/680 793/834/680 794/835/680
f 787/836/680 793/834/680 792/833/680
f 792/833/681 794/835/681 757/837/681
f 794/181/284 795/169/284 796/178/284
f 793/163/284 795/169/284 794/181/284
f 794/181/284 796/178/284 798/179/284
f 757/837/681 794/835/681 797/838/681
f 794/181/284 798/179/284 797/186/284
f 797/186/284 798/179/284 799/187/284
f 798/179/682 800/192/682 799/187/682
f 801/180/682 800/192/682 798/179/682
f 796/178/683 801/180/683 798/179/683
f 804/177/684 802/193/684 801/180/684
f 802/193/685 803/194/685 801/180/685
f 801/180/685 803/194/685 800/192/685
f 804/177/683 801/180/683 796/178/683
f 658/170/596 655/176/596 804/177/596
f 655/176/684 802/193/684 804/177/684
f 795/169/686 804/177/686 796/178/686
f 658/170/686 804/177/686 795/169/686
f 807/197/687 800/192/687 803/194/687
f 802/193/688 805/678/688 803/194/688
f 806/680/689 803/194/689 805/678/689
f 807/197/689 803/194/689 806/680/689
f 807/197/690 808/203/690 810/195/690
f 807/197/691 809/682/691 808/203/691
f 806/680/692 809/682/692 807/197/692
f 810/195/687 800/192/687 807/197/687
f 810/195/690 808/203/690 812/198/690
f 811/191/693 799/187/693 810/195/693
f 810/195/694 812/198/694 811/191/694
f 810/195/693 799/187/693 800/192/693
f 811/191/694 812/198/694 813/196/694
f 814/201/695 813/196/695 812/198/695
f 814/201/696 812/198/696 815/204/696
f 815/204/696 812/198/696 808/203/696
f 817/208/697 814/201/697 815/204/697
f 815/204/698 808/203/698 816/683/698
f 818/690/699 815/204/699 816/683/699
f 817/208/699 815/204/699 818/690/699
f 818/690/700 816/683/700 820/689/700
f 818/690/701 819/217/701 817/208/701
f 818/690/702 821/692/702 819/217/702
f 820/689/702 821/692/702 818/690/702
f 822/223/703 819/217/703 821/692/703
f 822/223/704 821/692/704 823/698/704
f 823/698/705 821/692/705 824/693/705
f 820/689/706 824/693/706 821/692/706
f 823/839/707 824/840/707 825/841/707
f 825/841/708 824/840/708 827/842/708
f 826/691/709 824/693/709 820/689/709
f 826/843/710 827/842/710 824/840/710
f 827/842/711 828/844/711 825/841/711
f 621/708/712 828/844/712 827/842/712
f 829/845/713 621/708/713 827/842/713
f 829/845/714 827/842/714 826/843/714
f 626/714/715 621/708/715 829/845/715
f 829/845/569 636/725/569 626/714/569
f 826/843/716 830/846/716 829/845/716
f 829/845/716 830/846/716 636/725/716
f 826/691/717 831/687/717 830/688/717
f 831/687/718 832/684/718 830/688/718
f 830/688/719 832/684/719 643/686/719
f 830/846/580 643/733/580 636/725/580
f 806/680/720 832/684/720 809/682/720
f 831/687/721 809/682/721 832/684/721
f 646/681/585 643/686/585 832/684/585
f 646/681/720 832/684/720 806/680/720
f 820/689/700 816/683/700 831/687/700
f 816/683/721 809/682/721 831/687/721
f 820/689/722 831/687/722 826/691/722
f 825/841/723 828/844/723 833/847/723
f 828/844/724 620/707/724 833/847/724
f 828/844/725 621/708/725 620/707/725
f 833/847/726 620/707/726 834/848/726
f 833/847/727 834/848/727 835/849/727
f 825/841/728 833/847/728 835/849/728
f 834/848/729 836/850/729 835/849/729
f 835/849/730 836/850/730 837/851/730
f 835/849/731 837/851/731 838/852/731
f 835/849/732 838/852/732 825/841/732
f 838/852/733 837/851/733 839/853/733
f 838/852/734 839/853/734 840/854/734
f 838/852/735 840/854/735 841/855/735
f 825/841/736 838/852/736 841/855/736
f 844/856/737 841/855/737 840/854/737
f 842/857/738 841/855/738 844/856/738
f 842/857/739 843/858/739 841/855/739
f 823/839/740 841/855/740 843/858/740
f 825/841/741 841/855/741 823/839/741
f 845/859/742 844/856/742 848/860/742
f 846/861/743 844/856/743 845/859/743
f 844/856/744 839/853/744 847/862/744
f 840/854/745 839/853/745 844/856/745
f 844/856/746 846/861/746 842/857/746
f 844/856/742 847/862/742 848/860/742
f 845/859/747 848/860/747 849/863/747
f 849/863/748 848/860/748 850/864/748
f 847/865/749 851/866/749 848/867/749
f 848/868/2 851/869/2 850/870/2
f 850/870/2 851/869/2 852/871/2
f 851/872/750 853/873/750 852/874/750
f 854/875/750 853/873/750 851/872/750
f 854/876/749 851/866/749 847/865/749
f 854/869/284 847/868/284 853/871/284
f 853/871/284 839/870/284 837/877/284
f 855/878/751 853/879/751 837/880/751
f 852/881/751 853/879/751 855/878/751
f 853/871/284 847/868/284 839/870/284
f 837/851/752 857/882/752 855/883/752
f 850/870/2 852/871/2 855/877/2
f 855/883/753 856/884/753 850/864/753
f 857/882/754 856/884/754 855/883/754
f 857/882/755 616/701/755 856/884/755
f 836/885/756 859/886/756 857/887/756
f 836/850/752 857/882/752 837/851/752
f 858/888/757 616/701/757 857/882/757
f 859/889/2 858/890/2 857/891/2
f 860/892/758 862/893/758 859/894/758
f 860/895/756 859/886/756 836/885/756
f 859/889/2 622/896/2 858/890/2
f 861/897/2 622/896/2 859/889/2
f 859/894/758 862/893/758 861/898/758
f 620/896/284 862/897/284 834/890/284
f 622/899/759 862/900/759 620/901/759
f 861/902/759 862/900/759 622/899/759
f 834/890/284 862/897/284 860/889/284
f 834/890/284 860/889/284 836/891/284
f 858/888/760 617/702/760 616/701/760
f 622/704/761 617/702/761 858/888/761
f 863/903/762 850/864/762 856/884/762
f 863/903/763 856/884/763 615/700/763
f 615/700/764 856/884/764 616/701/764
f 849/863/734 850/864/734 863/903/734
f 864/904/765 849/863/765 863/903/765
f 864/904/766 863/903/766 615/700/766
f 867/905/767 849/863/767 864/904/767
f 615/700/768 865/906/768 864/904/768
f 864/904/769 865/906/769 866/907/769
f 864/904/770 866/907/770 867/905/770
f 867/905/771 871/908/771 868/909/771
f 868/909/772 869/910/772 867/905/772
f 867/905/773 869/910/773 870/911/773
f 870/911/774 845/859/774 867/905/774
f 867/905/775 845/859/775 849/863/775
f 867/905/776 866/907/776 871/908/776
f 866/912/777 873/913/777 871/914/777
f 871/914/778 874/915/778 872/916/778
f 868/909/779 871/908/779 872/917/779
f 871/914/780 873/913/780 874/915/780
f 872/916/781 874/915/781 875/918/781
f 873/913/782 876/919/782 874/915/782
f 874/915/783 217/251/783 875/918/783
f 874/915/783 876/919/783 217/251/783
f 876/919/784 215/250/784 217/251/784
f 876/919/784 200/231/784 215/250/784
f 198/227/114 200/231/114 876/919/114
f 873/913/785 198/227/785 876/919/785
f 872/916/786 875/918/786 877/920/786
f 877/920/787 875/918/787 878/921/787
f 875/918/788 218/252/788 878/921/788
f 875/918/788 217/251/788 218/252/788
f 877/920/789 878/921/789 879/922/789
f 879/922/790 878/921/790 880/923/790
f 878/921/791 220/254/791 880/923/791
f 878/921/792 218/252/792 220/254/792
f 880/923/793 882/924/793 881/925/793
f 883/926/794 880/923/794 881/925/794
f 880/923/793 220/254/793 882/924/793
f 879/922/790 880/923/790 883/926/790
f 884/927/795 883/926/795 886/928/795
f 885/929/796 883/926/796 884/927/796
f 885/929/796 879/922/796 883/926/796
f 883/926/797 881/925/797 886/928/797
f 884/927/798 886/928/798 889/930/798
f 886/928/799 888/931/799 887/932/799
f 889/930/800 886/928/800 887/932/800
f 886/928/801 881/925/801 888/931/801
f 889/930/802 887/932/802 890/933/802
f 890/934/803 891/935/803 889/936/803
f 889/937/804 891/938/804 892/939/804
f 889/937/805 892/939/805 884/940/805
f 892/939/806 893/941/806 884/940/806
f 896/942/807 893/941/807 892/939/807
f 892/939/808 891/938/808 894/943/808
f 894/943/808 895/944/808 892/939/808
f 897/945/809 892/939/809 895/944/809
f 896/942/809 892/939/809 897/945/809
f 898/946/284 899/947/284 897/948/284
f 897/945/810 895/944/810 898/949/810
f 897/803/811 900/804/811 896/801/811
f 899/802/811 900/804/811 897/803/811
f 902/946/2 900/947/2 901/950/2
f 900/951/812 903/952/812 901/953/812
f 896/948/2 900/947/2 902/946/2
f 899/954/812 903/952/812 900/951/812
f 903/950/284 899/947/284 898/946/284
f 902/794/813 903/795/813 898/792/813
f 901/793/813 903/795/813 902/794/813
f 898/949/814 904/955/814 902/956/814
f 902/956/815 893/941/815 896/942/815
f 902/956/816 904/955/816 893/941/816
f 884/940/817 904/955/817 885/957/817
f 884/940/818 893/941/818 904/955/818
f 904/955/819 905/958/819 885/957/819
f 907/959/820 905/958/820 904/955/820
f 898/949/821 906/960/821 904/955/821
f 908/961/822 904/955/822 906/960/822
f 907/959/822 904/955/822 908/961/822
f 908/961/823 906/960/823 910/962/823
f 909/963/284 911/964/284 908/965/284
f 908/961/824 910/962/824 909/966/824
f 908/777/825 912/778/825 907/775/825
f 911/776/825 912/778/825 908/777/825
f 911/967/826 915/968/826 912/969/826
f 913/963/2 912/964/2 914/970/2
f 907/965/2 912/964/2 913/963/2
f 912/969/826 915/968/826 914/971/826
f 913/770/827 915/764/827 909/766/827
f 914/765/827 915/764/827 913/770/827
f 915/970/284 911/964/284 909/963/284
f 917/972/828 913/973/828 916/974/828
f 909/966/828 916/974/828 913/973/828
f 907/959/829 913/973/829 917/972/829
f 885/957/830 917/972/830 918/975/830
f 885/957/831 905/958/831 917/972/831
f 917/972/832 905/958/832 907/959/832
f 917/972/833 919/976/833 918/975/833
f 917/972/834 916/974/834 919/976/834
f 919/976/835 922/977/835 920/978/835
f 918/975/836 919/976/836 920/978/836
f 916/974/834 921/979/834 919/976/834
f 919/976/837 921/979/837 922/977/837
f 923/980/838 924/981/838 922/982/838
f 921/979/837 923/983/837 922/977/837
f 920/978/839 922/977/839 925/984/839
f 922/985/2 924/986/2 925/987/2
f 920/978/840 925/984/840 928/988/840
f 928/988/841 925/984/841 926/989/841
f 925/984/841 927/990/841 926/989/841
f 925/991/842 930/992/842 927/993/842
f 925/987/2 924/986/2 929/994/2
f 929/995/842 930/992/842 925/991/842
f 924/996/843 930/997/843 929/998/843
f 930/994/284 931/986/284 927/987/284
f 931/999/843 930/997/843 924/996/843
f 927/987/284 931/986/284 923/985/284
f 931/1000/838 924/981/838 923/980/838
f 932/1001/844 920/978/844 928/988/844
f 932/1001/845 928/988/845 868/909/845
f 868/909/846 928/988/846 869/910/846
f 869/910/847 928/988/847 933/1002/847
f 933/1002/848 928/988/848 926/989/848
f 934/1003/849 936/1004/849 933/1005/849
f 933/1002/848 926/989/848 934/1006/848
f 933/1007/2 936/1008/2 935/1009/2
f 935/1010/850 870/911/850 933/1002/850
f 933/1002/851 870/911/851 869/910/851
f 937/1011/852 939/1012/852 936/1013/852
f 937/1014/849 936/1004/849 934/1003/849
f 935/1009/2 936/1008/2 938/1015/2
f 936/1013/852 939/1012/852 938/1016/852
f 939/1015/284 937/1008/284 940/1009/284
f 935/1017/853 939/1018/853 940/1019/853
f 938/1020/853 939/1018/853 935/1017/853
f 940/1009/284 937/1008/284 934/1007/284
f 934/1006/854 941/1021/854 940/1022/854
f 940/1022/855 846/861/855 935/1010/855
f 940/1022/856 941/1021/856 846/861/856
f 934/1006/857 926/989/857 941/1021/857
f 846/861/858 941/1021/858 942/1023/858
f 942/1023/859 941/1021/859 943/1024/859
f 943/1024/860 941/1021/860 926/989/860
f 946/1025/861 944/1026/861 943/1024/861
f 944/1026/862 945/1027/862 943/1024/862
f 943/1024/862 945/1027/862 942/1023/862
f 946/1025/863 943/1024/863 921/979/863
f 943/1024/864 926/989/864 947/1028/864
f 921/979/863 943/1024/863 947/1028/863
f 947/1028/865 927/990/865 921/979/865
f 926/989/866 927/990/866 947/1028/866
f 946/1025/867 916/974/867 949/1029/867
f 921/979/868 916/974/868 946/1025/868
f 948/1030/861 944/1026/861 946/1025/861
f 946/1031/869 949/929/869 948/920/869
f 916/974/870 910/962/870 949/1029/870
f 949/1029/871 910/962/871 950/1032/871
f 950/927/872 951/922/872 949/929/872
f 948/920/869 949/929/869 951/922/869
f 954/918/873 951/922/873 952/921/873
f 953/926/874 952/921/874 951/922/874
f 953/926/872 951/922/872 950/927/872
f 948/920/873 951/922/873 954/918/873
f 954/918/875 955/915/875 948/920/875
f 954/918/876 957/919/876 955/915/876
f 956/251/876 957/919/876 954/918/876
f 954/918/877 952/921/877 956/251/877
f 956/251/878 958/231/878 957/919/878
f 958/231/879 959/228/879 957/919/879
f 957/919/879 959/228/879 960/227/879
f 957/919/880 960/227/880 955/915/880
f 955/915/881 960/227/881 961/913/881
f 962/225/882 961/913/882 960/227/882
f 962/225/883 960/227/883 963/221/883
f 963/221/884 960/227/884 959/228/884
f 963/221/885 966/219/885 962/225/885
f 964/220/886 965/215/886 963/221/886
f 963/221/887 959/228/887 964/220/887
f 963/221/886 965/215/886 966/219/886
f 969/216/888 967/222/888 966/219/888
f 962/225/889 966/219/889 967/222/889
f 968/213/890 966/219/890 965/215/890
f 969/216/890 966/219/890 968/213/890
f 968/213/891 970/207/891 969/216/891
f 969/216/891 970/207/891 971/214/891
f 969/216/892 971/214/892 972/218/892
f 972/218/888 967/222/888 969/216/888
f 972/218/893 971/214/893 819/217/893
f 972/218/894 819/217/894 822/223/894
f 822/223/895 973/224/895 972/218/895
f 972/218/895 973/224/895 967/222/895
f 974/912/896 973/224/896 843/1033/896
f 975/226/897 973/224/897 974/912/897
f 975/226/898 967/222/898 973/224/898
f 822/223/899 843/1033/899 973/224/899
f 974/912/900 945/914/900 975/226/900
f 962/225/898 967/222/898 975/226/898
f 975/226/882 961/913/882 962/225/882
f 975/226/900 945/914/900 961/913/900
f 974/1034/901 843/858/901 842/857/901
f 974/1034/902 942/1023/902 945/1027/902
f 842/857/902 942/1023/902 974/1034/902
f 976/205/903 971/214/903 970/207/903
f 817/208/701 819/217/701 971/214/701
f 817/208/903 971/214/903 976/205/903
f 976/205/904 814/201/904 817/208/904
f 976/205/905 970/207/905 977/202/905
f 977/202/906 978/200/906 976/205/906
f 976/205/906 978/200/906 814/201/906
f 978/200/695 813/196/695 814/201/695
f 979/199/284 813/196/284 978/200/284
f 979/199/284 978/200/284 977/202/284
f 771/1035/907 979/1036/907 980/1037/907
f 979/199/284 977/202/284 980/209/284
f 767/1038/907 979/1036/907 771/1035/907
f 767/1038/908 981/1039/908 979/1036/908
f 981/190/284 813/196/284 979/199/284
f 981/190/284 811/191/284 813/196/284
f 799/187/284 811/191/284 981/190/284
f 797/186/284 799/187/284 981/190/284
f 762/1040/909 797/838/909 981/1039/909
f 762/1040/908 981/1039/908 767/1038/908
f 771/1035/910 980/1037/910 776/1041/910
f 776/1041/910 980/1037/910 982/1042/910
f 980/209/284 977/202/284 984/206/284
f 980/209/284 983/210/284 982/211/284
f 980/209/284 984/206/284 983/210/284
f 983/210/911 984/206/911 968/213/911
f 968/213/911 984/206/911 970/207/911
f 977/202/905 970/207/905 984/206/905
f 968/213/912 965/215/912 983/210/912
f 983/210/912 965/215/912 985/212/912
f 982/211/284 983/210/284 985/212/284
f 964/220/913 985/212/913 965/215/913
f 986/238/913 985/212/913 964/220/913
f 982/211/284 985/212/284 986/238/284
f 989/235/284 986/238/284 987/236/284
f 986/238/914 988/229/914 987/236/914
f 964/220/914 988/229/914 986/238/914
f 982/211/284 986/238/284 989/235/284
f 989/235/284 987/236/284 990/233/284
f 989/235/284 990/233/284 991/237/284
f 781/1043/915 982/1042/915 989/1044/915
f 781/1043/916 989/1044/916 786/1045/916
f 786/1045/917 989/1044/917 991/1046/917
f 991/237/284 990/233/284 994/234/284
f 791/1047/918 991/1046/918 992/1048/918
f 991/237/284 993/243/284 992/242/284
f 786/1045/918 991/1046/918 791/1047/918
f 991/237/284 994/234/284 993/243/284
f 994/234/919 990/233/919 995/232/919
f 995/232/920 996/247/920 994/234/920
f 994/234/920 996/247/920 993/243/920
f 997/248/921 993/243/921 996/247/921
f 997/248/922 996/247/922 998/253/922
f 998/253/922 996/247/922 999/249/922
f 995/232/923 999/249/923 996/247/923
f 998/253/924 999/249/924 1000/254/924
f 1000/254/924 999/249/924 1001/252/924
f 1002/250/925 1001/252/925 999/249/925
f 1002/250/923 999/249/923 995/232/923
f 1002/250/878 958/231/878 956/251/878
f 956/251/925 1001/252/925 1002/250/925
f 1002/250/926 1003/230/926 958/231/926
f 995/232/926 1003/230/926 1002/250/926
f 995/232/919 990/233/919 1003/230/919
f 990/233/927 987/236/927 1003/230/927
f 1003/230/927 987/236/927 988/229/927
f 1003/230/928 988/229/928 958/231/928
f 1000/254/929 1001/252/929 1004/923/929
f 1004/923/930 1001/252/930 952/921/930
f 956/251/877 952/921/877 1001/252/877
f 1004/923/931 1006/925/931 1000/254/931
f 1004/923/874 952/921/874 953/926/874
f 953/926/932 1005/928/932 1004/923/932
f 1004/923/933 1005/928/933 1006/925/933
f 1000/254/931 1006/925/931 1009/924/931
f 1007/932/934 1006/925/934 1005/928/934
f 1008/931/935 1006/925/935 1007/932/935
f 1008/931/936 1009/924/936 1006/925/936
f 998/253/937 1009/924/937 1010/255/937
f 1000/254/937 1009/924/937 998/253/937
f 1011/1049/938 1010/255/938 1009/924/938
f 1011/1049/936 1009/924/936 1008/931/936
f 1011/1049/939 1012/1050/939 1013/1051/939
f 1008/931/939 1012/1050/939 1011/1049/939
f 1011/1049/940 1013/1051/940 1014/274/940
f 1014/274/938 1010/255/938 1011/1049/938
f 1014/274/941 1015/275/941 1016/259/941
f 1014/274/942 1013/1051/942 1015/275/942
f 1016/259/943 1017/256/943 1014/274/943
f 1014/274/943 1017/256/943 1010/255/943
f 1016/259/944 1018/257/944 1017/256/944
f 1019/246/945 1017/256/945 1018/257/945
f 997/248/946 1010/255/946 1017/256/946
f 997/248/945 1017/256/945 1019/246/945
f 1019/246/921 993/243/921 997/248/921
f 992/242/284 993/243/284 1019/246/284
f 1019/246/284 1018/257/284 1020/260/284
f 992/242/284 1019/246/284 1020/260/284
f 1020/260/284 1021/258/284 1022/264/284
f 1020/260/284 1018/257/284 1021/258/284
f 756/1052/947 992/1048/947 1020/1053/947
f 761/1054/948 1020/1055/948 1022/1056/948
f 756/1057/948 1020/1055/948 761/1054/948
f 1022/264/284 1023/268/284 1025/272/284
f 1022/264/284 1021/258/284 1023/268/284
f 761/1054/949 1022/1056/949 766/1058/949
f 766/1058/949 1022/1056/949 1024/1059/949
f 1022/264/284 1025/272/284 1024/271/284
f 1028/278/950 1025/272/950 1026/276/950
f 1025/272/951 1023/268/951 1026/276/951
f 1024/271/284 1025/272/284 1027/279/284
f 1027/279/950 1025/272/950 1028/278/950
f 1028/278/952 1026/276/952 1029/282/952
f 1029/282/953 1031/284/953 1028/278/953
f 1028/278/954 1030/281/954 1027/279/954
f 1028/278/953 1031/284/953 1030/281/953
f 1032/288/955 1030/281/955 1031/284/955
f 1032/288/956 1031/284/956 1033/290/956
f 1033/290/957 1031/284/957 1034/289/957
f 1029/282/958 1034/289/958 1031/284/958
f 1033/290/959 1034/289/959 1035/1060/959
f 1035/1060/959 1034/289/959 1036/1061/959
f 1037/1062/960 1036/1061/960 1034/289/960
f 1037/1062/961 1034/289/961 1029/282/961
f 1040/1063/962 1036/1061/962 1037/1062/962
f 1037/1062/963 1038/277/963 1039/1064/963
f 1029/282/963 1038/277/963 1037/1062/963
f 1037/1062/964 1039/1064/964 1040/1063/964
f 1040/1063/965 1042/1065/965 1036/1061/965
f 1040/1063/966 1043/1066/966 1041/1067/966
f 1041/1067/967 1042/1065/967 1040/1063/967
f 1040/1063/968 1039/1064/968 1043/1066/968
f 1039/1064/969 1013/1051/969 1043/1066/969
f 1043/1066/969 1013/1051/969 1012/1050/969
f 1043/1066/970 1012/1050/970 1044/1068/970
f 1041/1067/971 1043/1066/971 1044/1068/971
f 1044/1068/972 1012/1050/972 1045/1069/972
f 1044/1068/973 1045/1069/973 1046/1070/973
f 1047/1071/974 1044/1072/974 1046/1073/974
f 1041/1074/974 1044/1072/974 1047/1071/974
f 1047/1071/975 1048/1075/975 1041/1074/975
f 1047/1071/976 1049/1076/976 1048/1075/976
f 1050/1077/977 1049/1076/977 1047/1071/977
f 1047/1071/978 1046/1073/978 1050/1077/978
f 1054/1078/979 1049/1076/979 1050/1077/979
f 1051/1079/980 1050/1077/980 1052/1080/980
f 1051/1079/980 1054/1078/980 1050/1077/980
f 1052/1080/981 1050/1077/981 1053/1081/981
f 1050/1077/978 1046/1073/978 1053/1081/978
f 1055/1082/979 1049/1076/979 1054/1078/979
f 1055/1082/982 1054/1078/982 1056/1083/982
f 1056/1083/983 1054/1078/983 1057/1084/983
f 1057/1084/984 1054/1078/984 1051/1079/984
f 1056/1083/983 1057/1084/983 1058/1085/983
f 1058/1085/985 1057/1084/985 1059/1086/985
f 1060/1087/986 1059/1086/986 1057/1084/986
f 1060/1087/987 1057/1084/987 1051/1079/987
f 1061/1088/988 1059/1086/988 1060/1087/988
f 1060/1087/989 1062/1089/989 1061/1088/989
f 1060/1090/2 1064/1091/2 1062/1092/2
f 1051/1093/2 1063/1094/2 1060/1090/2
f 1060/1090/2 1063/1094/2 1064/1091/2
f 1063/1095/990 1065/1096/990 1064/1097/990
f 1064/1098/991 1065/1099/991 1062/1100/991
f 1065/1091/284 1066/1090/284 1068/1092/284
f 1065/1091/284 1052/1093/284 1066/1090/284
f 1067/1094/284 1052/1093/284 1065/1091/284
f 1067/1101/990 1065/1096/990 1063/1095/990
f 1062/1100/991 1065/1099/991 1068/1102/991
f 1068/1103/992 1070/1104/992 1061/1088/992
f 1061/1088/992 1062/1089/992 1068/1103/992
f 1066/1105/993 1069/1106/993 1068/1103/993
f 1068/1103/994 1069/1106/994 1070/1104/994
f 1061/1088/995 1070/1104/995 1071/1107/995
f 1070/1104/995 1075/1108/995 1071/1107/995
f 1046/1073/996 1070/1104/996 1069/1106/996
f 1072/1109/997 1070/1104/997 1073/1110/997
f 1072/1109/998 1074/1111/998 1070/1104/998
f 1073/1110/999 1070/1104/999 1046/1073/999
f 1074/1111/1000 1075/1108/1000 1070/1104/1000
f 1074/1112/284 1076/1113/284 1075/1114/284
f 1075/1115/1001 1077/1116/1001 1071/1117/1001
f 1076/1118/1001 1077/1116/1001 1075/1115/1001
f 1076/1119/1002 1081/1120/1002 1077/1121/1002
f 1077/1113/2 1078/1112/2 1071/1114/2
f 1077/1113/2 1079/1122/2 1078/1112/2
f 1080/1123/2 1079/1122/2 1077/1113/2
f 1077/1121/1002 1081/1120/1002 1080/1124/1002
f 1079/1125/1003 1081/1126/1003 1082/1127/1003
f 1080/1128/1003 1081/1126/1003 1079/1125/1003
f 1082/1122/284 1081/1123/284 1074/1112/284
f 1074/1112/284 1081/1123/284 1076/1113/284
f 891/935/1004 1079/1129/1004 1082/1130/1004
f 894/1131/1005 1082/1130/1005 1083/1132/1005
f 894/1131/1004 891/935/1004 1082/1130/1004
f 1083/1132/1006 1082/1130/1006 1074/1111/1006
f 1083/1132/1007 1085/1133/1007 894/1131/1007
f 1083/1132/1008 1074/1111/1008 1072/1109/1008
f 1083/1132/1009 1072/1109/1009 1084/1134/1009
f 1084/1134/1007 1085/1133/1007 1083/1132/1007
f 895/944/1010 894/943/1010 1085/1135/1010
f 950/1032/1011 895/944/1011 1085/1135/1011
f 1084/933/1012 1005/928/1012 1085/930/1012
f 953/926/1013 1085/930/1013 1005/928/1013
f 950/927/1013 1085/930/1013 953/926/1013
f 1084/933/1014 1073/1136/1014 1007/932/1014
f 1084/1134/1015 1072/1109/1015 1073/1110/1015
f 1007/932/1016 1005/928/1016 1084/933/1016
f 1086/1137/1017 1078/1138/1017 1079/1129/1017
f 1086/1137/1018 1079/1129/1018 891/935/1018
f 890/934/803 1086/1137/803 891/935/803
f 1087/1139/1019 1086/1137/1019 890/934/1019
f 1087/1139/1008 1078/1138/1008 1086/1137/1008
f 1061/1088/1020 1071/1107/1020 1087/1139/1020
f 890/934/1021 1061/1088/1021 1087/1139/1021
f 1087/1139/1022 1071/1107/1022 1078/1138/1022
f 1046/1070/1023 1045/1069/1023 1073/1136/1023
f 1007/932/1024 1073/1136/1024 1045/1069/1024
f 1046/1073/1025 1069/1106/1025 1053/1081/1025
f 1066/1105/986 1053/1081/986 1069/1106/986
f 1067/1140/1026 1063/1141/1026 1052/1142/1026
f 1052/1080/1027 1053/1081/1027 1066/1105/1027
f 1052/1142/1026 1063/1141/1026 1051/1143/1026
f 1088/1144/1028 1059/1086/1028 1061/1088/1028
f 1088/1144/1029 1061/1088/1029 890/934/1029
f 1058/1085/1030 1059/1086/1030 1088/1144/1030
f 890/933/1031 1089/1069/1031 1088/1136/1031
f 1088/1136/1032 1089/1069/1032 1090/1068/1032
f 1088/1136/1033 1090/1068/1033 1058/1070/1033
f 1089/1069/1034 1092/1066/1034 1090/1068/1034
f 1090/1068/1035 1093/1063/1035 1091/1067/1035
f 1058/1085/1036 1090/1145/1036 1091/1146/1036
f 1090/1068/1035 1092/1066/1035 1093/1063/1035
f 1091/1067/1037 1093/1063/1037 1094/1061/1037
f 1092/1066/1038 1095/1062/1038 1093/1063/1038
f 1093/1063/1039 247/289/1039 1094/1061/1039
f 1093/1063/1040 1095/1062/1040 247/289/1040
f 1095/1062/1041 241/284/1041 247/289/1041
f 1095/1062/1041 239/282/1041 241/284/1041
f 1096/1064/1042 239/282/1042 1095/1062/1042
f 1092/1066/1043 1096/1064/1043 1095/1062/1043
f 1097/1050/1044 1096/1064/1044 1092/1066/1044
f 1097/1050/1044 1098/1051/1044 1096/1064/1044
f 1098/1051/1045 235/277/1045 1096/1064/1045
f 1096/1064/1042 235/277/1042 239/282/1042
f 888/931/1046 1098/1051/1046 1097/1050/1046
f 888/931/1046 1099/1049/1046 1098/1051/1046
f 1099/1049/1047 233/275/1047 1098/1051/1047
f 1098/1051/1045 233/275/1045 235/277/1045
f 881/925/1048 1099/1049/1048 888/931/1048
f 881/925/1048 882/924/1048 1099/1049/1048
f 882/924/1049 232/274/1049 1099/1049/1049
f 1099/1049/1047 232/274/1047 233/275/1047
f 1089/1069/1034 1097/1050/1034 1092/1066/1034
f 887/932/1050 1097/1050/1050 1089/1069/1050
f 887/932/1051 888/931/1051 1097/1050/1051
f 1091/1067/1037 1094/1061/1037 1100/1065/1037
f 1100/1065/1052 1094/1061/1052 1101/1060/1052
f 1094/1061/1053 248/290/1053 1101/1060/1053
f 1094/1061/1053 247/289/1053 248/290/1053
f 1100/1065/1052 1101/1060/1052 1102/1147/1052
f 1102/1147/1054 1101/1060/1054 1103/1148/1054
f 1101/1060/1055 250/292/1055 1103/1148/1055
f 1101/1060/1056 248/290/1056 250/292/1056
f 1103/1148/1057 1105/1149/1057 1104/1150/1057
f 1106/1151/1058 1103/1148/1058 1104/1150/1058
f 1103/1148/1059 250/292/1059 1105/1149/1059
f 1102/1147/1054 1103/1148/1054 1106/1151/1054
f 1109/1152/1060 1102/1153/1060 1106/1154/1060
f 1107/1155/1061 1106/1154/1061 1108/1156/1061
f 1109/1152/1060 1106/1154/1060 1107/1155/1060
f 1106/1151/1062 1104/1150/1062 1108/1157/1062
f 1107/1155/1063 1110/1158/1063 1109/1152/1063
f 1110/1158/1064 1111/1159/1064 1109/1152/1064
f 1109/1152/1065 1111/1159/1065 1112/1160/1065
f 1109/1152/1066 1112/1160/1066 1113/1161/1066
f 1113/1161/1067 1102/1153/1067 1109/1152/1067
f 1112/1160/1068 1114/1162/1068 1113/1161/1068
f 1113/1161/1069 1114/1162/1069 1055/1082/1069
f 1113/1161/1070 1055/1082/1070 1056/1083/1070
f 1056/1083/1071 1100/1163/1071 1113/1161/1071
f 1113/1161/1067 1100/1163/1067 1102/1153/1067
f 1112/1160/1072 1115/1164/1072 1114/1162/1072
f 1114/1162/1073 1117/1165/1073 1055/1082/1073
f 1115/1164/1072 1116/1166/1072 1114/1162/1072
f 1114/1162/1074 1116/1166/1074 1117/1165/1074
f 1116/1166/1074 1119/1167/1074 1117/1165/1074
f 1055/1082/1075 1117/1165/1075 1118/1168/1075
f 1117/1169/2 1120/1170/2 1118/1171/2
f 1119/1172/1076 1120/1173/1076 1117/1174/1076
f 1121/1175/1077 1123/1176/1077 1120/1177/1077
f 1121/1178/1076 1120/1173/1076 1119/1172/1076
f 1118/1171/2 1120/1170/2 1122/1179/2
f 1120/1177/1077 1123/1176/1077 1122/1180/1077
f 1118/1181/1078 1123/1182/1078 1124/1183/1078
f 1122/1184/1078 1123/1182/1078 1118/1181/1078
f 1123/1179/284 1121/1170/284 1124/1171/284
f 1049/1076/1079 1124/1185/1079 1116/1166/1079
f 1049/1076/1080 1118/1168/1080 1124/1185/1080
f 1116/1166/1081 1124/1185/1081 1119/1167/1081
f 1124/1171/284 1121/1170/284 1119/1169/284
f 1055/1082/1080 1118/1168/1080 1049/1076/1080
f 1049/1076/1082 1116/1166/1082 1048/1075/1082
f 1048/1075/1083 1116/1166/1083 1125/1186/1083
f 1125/1186/1084 1116/1166/1084 1115/1164/1084
f 1125/1186/1085 1042/1187/1085 1048/1075/1085
f 1125/1186/1086 1126/1188/1086 1127/1189/1086
f 1125/1186/1087 1128/1190/1087 1126/1188/1087
f 1127/1189/1088 1042/1187/1088 1125/1186/1088
f 1129/1191/1089 1128/1190/1089 1125/1186/1089
f 1125/1186/1090 1115/1164/1090 1129/1191/1090
f 1129/1191/1091 1130/1192/1091 1128/1190/1091
f 1115/1164/1092 1130/1192/1092 1129/1191/1092
f 1131/1193/1093 1133/1194/1093 1130/1195/1093
f 1131/1196/1094 1130/1192/1094 1115/1164/1094
f 1128/1190/1095 1130/1192/1095 1132/1197/1095
f 1130/1198/284 1134/1199/284 1132/1200/284
f 1133/1201/284 1134/1199/284 1130/1198/284
f 1134/1202/1096 1135/1203/1096 1132/1204/1096
f 1134/1205/1097 1133/1206/1097 1135/1207/1097
f 1132/1204/1096 1135/1203/1096 1136/1208/1096
f 1136/1200/2 1135/1199/2 1131/1198/2
f 1131/1198/2 1135/1199/2 1137/1201/2
f 1135/1207/1097 1133/1206/1097 1137/1209/1097
f 1137/1210/1093 1133/1194/1093 1131/1193/1093
f 1110/1158/1098 1132/1197/1098 1136/1211/1098
f 1111/1159/1099 1136/1211/1099 1131/1196/1099
f 1110/1158/1100 1136/1211/1100 1111/1159/1100
f 1128/1190/1098 1132/1197/1098 1110/1158/1098
f 1112/1160/1094 1131/1196/1094 1115/1164/1094
f 1111/1159/1101 1131/1196/1101 1112/1160/1101
f 1128/1190/1102 1138/1212/1102 1126/1188/1102
f 1128/1190/1103 1110/1158/1103 1138/1212/1103
f 1141/1213/1104 1138/1212/1104 1139/1214/1104
f 1138/1212/1103 1110/1158/1103 1139/1214/1103
f 1140/1215/1105 1126/1188/1105 1138/1212/1105
f 1140/1215/1106 1138/1212/1106 1141/1213/1106
f 1141/1213/1104 1139/1214/1104 1143/1216/1104
f 1141/1213/1107 1142/1217/1107 1140/1215/1107
f 1141/1218/284 1145/1219/284 1142/1220/284
f 1143/1221/1108 1144/1222/1108 1141/1223/1108
f 1144/1224/284 1145/1219/284 1141/1218/284
f 1145/1225/1109 1146/1226/1109 1142/1227/1109
f 1145/1228/1110 1144/1229/1110 1146/1230/1110
f 1142/1227/1109 1146/1226/1109 1147/1231/1109
f 1143/1218/2 1146/1219/2 1148/1224/2
f 1147/1220/2 1146/1219/2 1143/1218/2
f 1146/1230/1110 1144/1229/1110 1148/1232/1110
f 1148/1233/1108 1144/1222/1108 1143/1221/1108
f 1147/1234/1111 1149/1235/1111 1142/1217/1111
f 1147/1234/1112 1150/1236/1112 1149/1235/1112
f 1143/1216/1113 1139/1214/1113 1147/1234/1113
f 1139/1214/1114 1150/1236/1114 1147/1234/1114
f 1151/1237/1115 1150/1236/1115 1139/1214/1115
f 1149/1235/1116 1150/1236/1116 1151/1237/1116
f 1151/1237/1117 1154/1238/1117 1149/1235/1117
f 1151/1237/1118 1139/1214/1118 1107/1155/1118
f 1107/1155/1061 1108/1156/1061 1151/1237/1061
f 1151/1237/1119 1108/1156/1119 1152/1239/1119
f 1151/1237/1120 1152/1239/1120 1153/1240/1120
f 1153/1240/1121 1154/1238/1121 1151/1237/1121
f 1157/524/1122 1154/1238/1122 1155/1241/1122
f 1153/1240/1123 1155/1241/1123 1154/1238/1123
f 1156/523/1124 1149/1235/1124 1154/1238/1124
f 1156/523/1125 1154/1238/1125 1157/524/1125
f 1158/1242/1126 1159/1243/1126 1157/1244/1126
f 1157/524/1127 1155/1241/1127 1158/503/1127
f 1157/1245/2 1159/1246/2 1156/1247/2
f 1156/1247/2 1159/1246/2 1160/1248/2
f 1159/519/1128 1161/512/1128 1160/514/1128
f 1162/1249/1126 1159/1243/1126 1158/1242/1126
f 1162/513/1128 1161/512/1128 1159/519/1128
f 1163/1247/284 1162/1246/284 1158/1245/284
f 1161/1248/284 1162/1246/284 1163/1247/284
f 1163/506/1129 1166/1250/1129 1164/1251/1129
f 1156/523/1130 1163/506/1130 1164/1251/1130
f 1158/503/1131 1165/1252/1131 1163/506/1131
f 1163/506/1132 1165/1252/1132 1166/1250/1132
f 1156/1253/1133 1161/1254/1133 1163/1255/1133
f 1166/1250/1134 1165/1252/1134 1167/1256/1134
f 1164/1251/1135 1166/1250/1135 1167/1256/1135
f 1167/1256/1136 1165/1252/1136 1168/1257/1136
f 1170/1258/1137 1164/1251/1137 1167/1256/1137
f 1167/1256/1138 1168/1257/1138 1169/1259/1138
f 1171/1260/1139 1167/1256/1139 1169/1259/1139
f 1170/1258/1139 1167/1256/1139 1171/1260/1139
f 1172/1150/1140 1173/1148/1140 1171/1157/1140
f 1171/1157/1141 1169/1261/1141 1172/1150/1141
f 1171/1157/1142 1173/1148/1142 1174/1151/1142
f 1171/1260/1143 1174/1262/1143 1170/1258/1143
f 1035/1060/1144 1174/1151/1144 1173/1148/1144
f 1127/1189/1145 1126/1188/1145 1174/1262/1145
f 1170/1258/1146 1174/1262/1146 1126/1188/1146
f 1127/1147/1147 1174/1151/1147 1035/1060/1147
f 1033/290/1148 1173/1148/1148 1175/292/1148
f 1035/1060/1148 1173/1148/1148 1033/290/1148
f 1172/1150/1149 1175/292/1149 1173/1148/1149
f 1032/288/1150 1175/292/1150 1176/291/1150
f 1177/1149/1151 1176/291/1151 1175/292/1151
f 1033/290/1150 1175/292/1150 1032/288/1150
f 1177/1149/1152 1175/292/1152 1172/1150/1152
f 1172/1150/1153 1178/1263/1153 1177/1149/1153
f 1177/1149/1154 1178/1263/1154 1180/1264/1154
f 1179/293/1151 1176/291/1151 1177/1149/1151
f 1177/1149/1155 1180/1264/1155 1179/293/1155
f 1178/1263/1156 1183/1265/1156 1180/1264/1156
f 1179/293/1155 1180/1264/1155 1181/303/1155
f 1180/1264/1157 1182/1266/1157 1181/303/1157
f 1180/1264/1156 1183/1265/1156 1182/1266/1156
f 1184/1267/1158 1183/1265/1158 1186/1268/1158
f 1185/1269/1158 1183/1265/1158 1184/1267/1158
f 1185/1269/1159 1182/1266/1159 1183/1265/1159
f 1178/1263/1160 1186/1268/1160 1183/1265/1160
f 1169/1261/1160 1186/1268/1160 1178/1263/1160
f 1169/1259/1138 1168/1257/1138 1186/1270/1138
f 1187/1271/1161 1186/1270/1161 1168/1257/1161
f 1184/1272/1161 1186/1270/1161 1187/1271/1161
f 1187/1271/1162 1168/1257/1162 1188/1273/1162
f 1188/1273/1163 1189/1274/1163 1187/1271/1163
f 1187/1271/1164 1190/1275/1164 1184/1272/1164
f 1187/1271/1165 1189/1274/1165 1190/1275/1165
f 1190/1275/1166 1191/1276/1166 1192/1277/1166
f 1189/1274/1167 1191/1276/1167 1190/1275/1167
f 1192/1277/1168 1193/1278/1168 1190/1275/1168
f 1184/1272/1164 1190/1275/1164 1193/1278/1164
f 1195/1279/1168 1193/1278/1168 1192/1277/1168
f 1184/1267/1169 1193/1280/1169 1185/1269/1169
f 1185/1269/1169 1193/1280/1169 1194/1281/1169
f 1195/1282/1170 1194/1281/1170 1193/1280/1170
f 1197/1283/1171 1196/1284/1171 1195/1282/1171
f 1196/1284/1170 1194/1281/1170 1195/1282/1170
f 1198/1285/1172 1195/1279/1172 1192/1277/1172
f 1197/1286/1173 1195/1279/1173 1198/1285/1173
f 1198/1285/1174 1192/1277/1174 1199/1287/1174
f 1199/1287/1175 1200/1288/1175 1198/1285/1175
f 1198/1285/1176 1201/1289/1176 1197/1286/1176
f 1198/1285/1177 1200/1288/1177 1201/1289/1177
f 1202/1290/1178 1203/1291/1178 1201/1289/1178
f 1200/1288/1179 1202/1290/1179 1201/1289/1179
f 1201/1289/1180 1203/1291/1180 1204/1292/1180
f 1201/1289/1181 1204/1292/1181 1205/1293/1181
f 1197/1286/1176 1201/1289/1176 1205/1293/1176
f 1205/1294/1182 1206/1295/1182 1207/1296/1182
f 1205/1293/1183 1204/1292/1183 1206/1297/1183
f 1208/1298/1184 1205/1294/1184 1207/1296/1184
f 1197/1283/1185 1205/1294/1185 1208/1298/1185
f 1208/1298/1186 1207/1296/1186 1210/1299/1186
f 1208/1298/1187 1209/1300/1187 1196/1284/1187
f 1210/1299/1188 1209/1300/1188 1208/1298/1188
f 1208/1298/1171 1196/1284/1171 1197/1283/1171
f 1210/1299/1186 1207/1296/1186 1212/322/1186
f 1211/314/1189 1213/311/1189 1210/1299/1189
f 1210/1299/1190 1212/322/1190 1211/314/1190
f 1210/1299/1189 1213/311/1189 1209/1300/1189
f 1213/311/1191 1214/307/1191 1215/308/1191
f 1216/309/1191 1214/307/1191 1213/311/1191
f 1213/311/1192 1215/308/1192 1209/1300/1192
f 1211/314/1193 1216/309/1193 1213/311/1193
f 1219/310/1194 1217/7/1194 1216/309/1194
f 1217/7/1195 1218/5/1195 1216/309/1195
f 1216/309/1195 1218/5/1195 1214/307/1195
f 1219/310/1193 1216/309/1193 1211/314/1193
f 1211/314/1196 1220/319/1196 1219/310/1196
f 1219/310/1196 1220/319/1196 1222/313/1196
f 1221/11/1194 1217/7/1194 1219/310/1194
f 1219/310/1197 1222/313/1197 1221/11/1197
f 1220/319/1198 1224/321/1198 1222/313/1198
f 1221/11/1197 1222/313/1197 1223/312/1197
f 1222/313/1199 1225/318/1199 1223/312/1199
f 1222/313/1198 1224/321/1198 1225/318/1198
f 1224/321/1200 1227/324/1200 1225/318/1200
f 1225/318/1201 1226/320/1201 1228/315/1201
f 1225/318/1200 1227/324/1200 1226/320/1200
f 1223/312/1199 1225/318/1199 1228/315/1199
f 1231/316/284 1228/315/284 1229/317/284
f 1228/315/1201 1226/320/1201 1229/317/1201
f 1230/10/284 1223/312/284 1228/315/284
f 1230/10/284 1228/315/284 1231/316/284
f 1231/316/284 1229/317/284 1232/1301/284
f 1231/316/284 1232/1301/284 1233/1302/284
f 760/1303/1202 1230/1304/1202 1231/1305/1202
f 760/1303/1203 1231/1305/1203 765/1306/1203
f 765/1306/1203 1231/1305/1203 1233/1307/1203
f 1233/1302/284 1235/1308/284 1234/339/284
f 1233/1302/284 1234/339/284 1236/1309/284
f 1233/1302/284 1232/1301/284 1235/1308/284
f 769/1310/1204 1233/1307/1204 1236/1311/1204
f 765/1306/1204 1233/1307/1204 769/1310/1204
f 1236/1309/284 1234/339/284 1238/338/284
f 774/1047/1205 1236/1053/1205 1237/1048/1205
f 1236/1309/284 1238/338/284 1237/1312/284
f 769/1052/1205 1236/1053/1205 774/1047/1205
f 1238/338/1206 1234/339/1206 1239/337/1206
f 1239/337/1207 1240/341/1207 1238/338/1207
f 1238/338/1207 1240/341/1207 1241/342/1207
f 1238/338/284 1241/342/284 1237/1312/284
f 1240/341/1208 1242/344/1208 1241/342/1208
f 1237/1312/284 1241/342/284 1243/343/284
f 1241/342/1208 1242/344/1208 1243/343/1208
f 1246/357/284 1243/343/284 1244/352/284
f 1243/343/1209 1245/351/1209 1244/352/1209
f 1242/344/1209 1245/351/1209 1243/343/1209
f 1237/1312/284 1243/343/284 1246/357/284
f 779/1045/1210 1237/1048/1210 1246/1046/1210
f 1246/357/284 1244/352/284 1247/353/284
f 1246/357/284 1247/353/284 1248/355/284
f 784/1043/1211 1246/1046/1211 1248/1044/1211
f 779/1045/1211 1246/1046/1211 784/1043/1211
f 1248/355/284 1247/353/284 1250/356/284
f 1248/355/284 1250/356/284 1249/358/284
f 1248/355/284 1249/358/284 1251/1313/284
f 784/1043/1212 1248/1044/1212 789/1041/1212
f 789/1041/1212 1248/1044/1212 1251/1042/1212
f 1251/1313/284 1249/358/284 1252/365/284
f 1251/1313/284 1252/365/284 1253/366/284
f 1251/1313/284 1253/366/284 1254/375/284
f 754/1035/1213 1251/1042/1213 1254/1037/1213
f 789/1041/1213 1251/1042/1213 754/1035/1213
f 1254/375/284 1257/369/284 1255/372/284
f 1255/372/284 1256/376/284 1254/375/284
f 1254/375/284 1253/366/284 1257/369/284
f 759/1038/1214 1254/1037/1214 1256/1036/1214
f 754/1035/1214 1254/1037/1214 759/1038/1214
f 1257/369/1215 1258/373/1215 1255/372/1215
f 1259/371/1215 1258/373/1215 1257/369/1215
f 1253/366/1216 1259/371/1216 1257/369/1216
f 1262/367/1217 1260/374/1217 1259/371/1217
f 1260/374/1218 1261/381/1218 1259/371/1218
f 1259/371/1218 1261/381/1218 1258/373/1218
f 1262/367/1219 1259/371/1219 1253/366/1219
f 1264/364/1220 1263/370/1220 1262/367/1220
f 1263/370/1221 1260/374/1221 1262/367/1221
f 1252/365/1222 1262/367/1222 1253/366/1222
f 1264/364/1222 1262/367/1222 1252/365/1222
f 1264/364/1223 1266/362/1223 1265/368/1223
f 1265/368/1220 1263/370/1220 1264/364/1220
f 1252/365/1224 1249/358/1224 1264/364/1224
f 1264/364/1224 1249/358/1224 1266/362/1224
f 1249/358/1225 1250/356/1225 1266/362/1225
f 1266/362/1225 1250/356/1225 1267/359/1225
f 1266/362/1226 1267/359/1226 1268/363/1226
f 1265/368/1223 1266/362/1223 1268/363/1223
f 1268/363/1227 1267/359/1227 1269/361/1227
f 1268/363/1228 1269/361/1228 1270/1314/1228
f 1271/1315/1229 1268/363/1229 1270/1314/1229
f 1265/368/1230 1268/363/1230 1271/1315/1230
f 1271/1315/1231 1272/1316/1231 1273/1317/1231
f 1274/1318/1231 1272/1316/1231 1271/1315/1231
f 1271/1315/1232 1273/1317/1232 1265/368/1232
f 1271/1315/1233 1270/1314/1233 1274/1318/1233
f 1274/1318/1234 1277/1319/1234 1272/1316/1234
f 1274/1318/1233 1270/1314/1233 1275/1320/1233
f 1274/1318/1235 1275/1320/1235 1276/1321/1235
f 1276/1321/1234 1277/1319/1234 1274/1318/1234
f 1277/1319/1236 1278/1322/1236 1272/1316/1236
f 1277/839/1237 1280/842/1237 1278/840/1237
f 1276/858/1238 1279/841/1238 1277/839/1238
f 1279/841/1237 1280/842/1237 1277/839/1237
f 1281/844/1239 1283/708/1239 1280/842/1239
f 1282/847/1240 1281/844/1240 1280/842/1240
f 1279/841/1241 1282/847/1241 1280/842/1241
f 1280/842/1242 1283/708/1242 1284/845/1242
f 1280/842/1243 1284/845/1243 1278/840/1243
f 1288/724/1244 1284/845/1244 1285/714/1244
f 1283/708/1245 1285/714/1245 1284/845/1245
f 1286/725/1244 1284/845/1244 1288/724/1244
f 1286/725/1246 1287/843/1246 1284/845/1246
f 1278/840/1247 1284/845/1247 1287/843/1247
f 1288/724/1248 1285/714/1248 1290/1323/1248
f 1289/1324/1249 1291/726/1249 1288/724/1249
f 1288/724/1250 1290/1323/1250 1289/1324/1250
f 1288/724/1251 1291/726/1251 1286/725/1251
f 1289/1324/1252 1292/723/1252 1291/726/1252
f 1293/729/1253 1291/726/1253 1292/723/1253
f 1291/726/1254 1293/729/1254 1294/731/1254
f 1286/725/1255 1291/726/1255 1294/731/1255
f 1294/731/1256 1293/729/1256 1295/732/1256
f 1295/732/1257 1296/733/1257 1294/731/1257
f 1297/846/1258 1294/731/1258 1296/733/1258
f 1286/725/1258 1294/731/1258 1297/846/1258
f 1297/1325/1259 1296/1326/1259 1298/389/1259
f 1297/846/1246 1287/843/1246 1286/725/1246
f 1298/389/1260 1299/1327/1260 1297/1325/1260
f 1297/1325/1260 1299/1327/1260 1287/1328/1260
f 1298/389/1261 1300/383/1261 1299/1327/1261
f 1302/1329/1262 1299/1327/1262 1300/383/1262
f 1301/1330/1263 1287/1328/1263 1299/1327/1263
f 1301/1330/1262 1299/1327/1262 1302/1329/1262
f 1273/1317/1264 1301/1330/1264 1302/1329/1264
f 1263/370/1265 1302/1329/1265 1260/374/1265
f 1302/1329/1266 1300/383/1266 1260/374/1266
f 1273/1317/1265 1302/1329/1265 1263/370/1265
f 1278/1322/1263 1287/1328/1263 1301/1330/1263
f 1272/1316/1236 1278/1322/1236 1301/1330/1236
f 1272/1316/1264 1301/1330/1264 1273/1317/1264
f 1260/374/1266 1300/383/1266 1261/381/1266
f 1303/384/1267 1261/381/1267 1300/383/1267
f 1303/384/1261 1300/383/1261 1298/389/1261
f 1303/384/1268 1304/388/1268 1306/382/1268
f 1303/384/1269 1305/390/1269 1304/388/1269
f 1298/389/1269 1305/390/1269 1303/384/1269
f 1306/382/1267 1261/381/1267 1303/384/1267
f 1307/378/1270 1258/373/1270 1306/382/1270
f 1306/382/1271 1308/385/1271 1307/378/1271
f 1306/382/1270 1258/373/1270 1261/381/1270
f 1306/382/1268 1304/388/1268 1308/385/1268
f 1307/378/1271 1308/385/1271 1309/380/1271
f 1310/387/1272 1309/380/1272 1308/385/1272
f 1310/387/1273 1308/385/1273 1311/391/1273
f 1311/391/1274 1308/385/1274 1304/388/1274
f 1313/393/1275 1310/387/1275 1311/391/1275
f 1311/391/1276 1304/388/1276 1312/392/1276
f 1314/1331/1277 1311/391/1277 1312/392/1277
f 1313/393/1278 1311/391/1278 1314/1331/1278
f 1314/1331/1279 1315/1332/1279 1313/393/1279
f 1314/1331/1280 1316/1333/1280 1315/1332/1280
f 1317/1334/1281 1316/1333/1281 1314/1331/1281
f 1314/1331/1282 1312/392/1282 1317/1334/1282
f 1317/735/1283 1318/734/1283 1320/738/1283
f 1317/1334/1282 1312/392/1282 1318/1335/1282
f 1317/735/1284 1319/740/1284 1316/737/1284
f 1320/738/1284 1319/740/1284 1317/735/1284
f 1320/738/1285 1318/734/1285 1295/732/1285
f 1320/738/1286 1295/732/1286 1321/1336/1286
f 1321/1336/1287 1322/1337/1287 1320/738/1287
f 1320/738/1288 1322/1337/1288 1319/740/1288
f 1321/1336/1289 1323/1338/1289 1322/1337/1289
f 1322/1337/1290 1323/1338/1290 1324/1339/1290
f 1322/1337/1291 1324/1339/1291 1319/740/1291
f 1324/1339/1292 1323/1338/1292 1326/1340/1292
f 1329/741/1293 1324/1339/1293 1325/744/1293
f 1324/1339/1294 1328/1341/1294 1325/744/1294
f 1324/1339/1295 1326/1340/1295 1327/1342/1295
f 1327/1342/1295 1328/1341/1295 1324/1339/1295
f 1319/740/1296 1324/1339/1296 1329/741/1296
f 1329/741/1297 1316/737/1297 1319/740/1297
f 1329/741/1298 1332/746/1298 1330/739/1298
f 1330/739/1299 1316/737/1299 1329/741/1299
f 1329/741/1300 1331/745/1300 1332/746/1300
f 1333/743/1301 1331/745/1301 1329/741/1301
f 1329/741/1302 1325/744/1302 1333/743/1302
f 1334/1343/1303 1333/743/1303 1335/1344/1303
f 1334/1343/1304 1331/745/1304 1333/743/1304
f 1335/1344/1305 1333/743/1305 1325/744/1305
f 1335/1345/284 1338/1346/284 1334/1347/284
f 1335/1344/1306 1325/744/1306 1336/1348/1306
f 1336/1349/1307 1337/1350/1307 1335/1351/1307
f 1337/1352/284 1338/1346/284 1335/1345/284
f 1338/1353/1308 1337/1354/1308 1339/1355/1308
f 1338/1356/1309 1339/1357/1309 1334/1358/1309
f 1334/1358/1309 1339/1357/1309 1340/1359/1309
f 1340/1347/2 1339/1346/2 1336/1345/2
f 1336/1345/2 1339/1346/2 1341/1352/2
f 1339/1355/1308 1337/1354/1308 1341/1360/1308
f 1341/1361/1307 1337/1350/1307 1336/1349/1307
f 1334/1343/1310 1340/1362/1310 1342/1363/1310
f 1340/1362/1311 1343/1364/1311 1342/1363/1311
f 1336/1348/1312 1344/1365/1312 1340/1362/1312
f 1340/1362/1313 1344/1365/1313 1343/1364/1313
f 1345/673/1314 1344/1365/1314 1346/1366/1314
f 1345/673/1315 1343/1364/1315 1344/1365/1315
f 1344/1365/1316 1328/1341/1316 1346/1366/1316
f 1328/1341/1294 1344/1365/1294 1325/744/1294
f 1336/1348/1306 1325/744/1306 1344/1365/1306
f 1346/1366/1317 1350/671/1317 1345/673/1317
f 1346/1366/1318 1328/1341/1318 1347/1367/1318
f 1346/1366/1319 1347/1367/1319 1348/1368/1319
f 1348/1368/1320 1349/674/1320 1346/1366/1320
f 1346/1366/1321 1349/674/1321 1350/671/1321
f 1349/1333/1322 1352/1369/1322 1350/1370/1322
f 1345/673/1323 1350/671/1323 1351/668/1323
f 1350/1370/1324 1353/1371/1324 1351/1372/1324
f 1350/1370/1324 1352/1369/1324 1353/1371/1324
f 1351/1372/1325 1353/1371/1325 374/416/1325
f 1352/1369/1326 370/412/1326 1353/1371/1326
f 1353/1371/1327 371/413/1327 374/416/1327
f 1353/1371/1327 370/412/1327 371/413/1327
f 1349/1333/1322 1354/1332/1322 1352/1369/1322
f 1354/1332/1328 1355/1373/1328 1352/1369/1328
f 1352/1369/1326 1355/1373/1326 370/412/1326
f 1356/1374/1329 359/402/1329 1355/1373/1329
f 1354/1332/1328 1356/1374/1328 1355/1373/1328
f 1355/1373/1330 368/409/1330 370/412/1330
f 1355/1373/1331 359/402/1331 368/409/1331
f 1356/1374/1329 353/397/1329 359/402/1329
f 351/393/232 353/397/232 1356/1374/232
f 1357/1331/1332 1356/1374/1332 1354/1332/1332
f 1357/1331/1332 351/393/1332 1356/1374/1332
f 1358/1335/1333 1357/1331/1333 1359/1334/1333
f 1358/1335/1333 350/392/1333 1357/1331/1333
f 1359/1334/1334 1357/1331/1334 1354/1332/1334
f 350/392/1335 351/393/1335 1357/1331/1335
f 1360/1375/1336 1358/1376/1336 1359/1377/1336
f 1348/1368/1320 1359/1377/1320 1349/674/1320
f 1360/1375/1336 1359/1377/1336 1348/1368/1336
f 1359/1334/1334 1354/1332/1334 1349/1333/1334
f 1348/1368/1337 1361/1378/1337 1360/1375/1337
f 1360/1375/1338 1361/1378/1338 1362/1379/1338
f 1360/1375/1339 1362/1379/1339 1363/1380/1339
f 1363/1380/1340 1358/1376/1340 1360/1375/1340
f 1363/1380/1341 1362/1379/1341 1364/1381/1341
f 1363/1380/1342 1364/1381/1342 1365/722/1342
f 1365/722/1343 1366/1382/1343 1363/1380/1343
f 1363/1380/1340 1366/1382/1340 1358/1376/1340
f 1367/1325/1344 348/390/1344 1366/1326/1344
f 1365/722/1343 1367/1383/1343 1366/1382/1343
f 1366/1326/1345 350/392/1345 1358/1335/1345
f 1366/1326/1345 348/390/1345 350/392/1345
f 1368/694/1346 1367/1383/1346 1365/722/1346
f 1368/694/1346 1369/697/1346 1367/1383/1346
f 1369/1328/1347 347/389/1347 1367/1325/1347
f 1367/1325/1344 347/389/1344 348/390/1344
f 1371/696/1348 1369/697/1348 1368/694/1348
f 1370/1322/1349 1372/1327/1349 1369/1328/1349
f 1371/696/1348 1370/695/1348 1369/697/1348
f 1369/1328/1350 1372/1327/1350 347/389/1350
f 1372/1327/1351 342/384/1351 347/389/1351
f 1372/1327/1351 341/383/1351 342/384/1351
f 1373/1330/1352 341/383/1352 1372/1327/1352
f 1370/1322/1349 1373/1330/1349 1372/1327/1349
f 1374/1319/1353 1373/1330/1353 1370/1322/1353
f 1374/1319/1353 1375/1316/1353 1373/1330/1353
f 1375/1316/1354 1376/1329/1354 1373/1330/1354
f 1373/1330/1352 1376/1329/1352 341/383/1352
f 1377/1317/1355 331/374/1355 1376/1329/1355
f 1375/1316/1356 1377/1317/1356 1376/1329/1356
f 1376/1329/1357 339/381/1357 341/383/1357
f 1376/1329/1357 331/374/1357 339/381/1357
f 1378/1315/1358 327/370/1358 1377/1317/1358
f 1379/1318/1359 1378/1315/1359 1377/1317/1359
f 1377/1317/1355 327/370/1355 331/374/1355
f 1379/1318/1359 1377/1317/1359 1375/1316/1359
f 1380/1384/1360 1379/1318/1360 1381/1321/1360
f 1380/1384/1360 1382/1320/1360 1379/1318/1360
f 1381/1321/1361 1379/1318/1361 1375/1316/1361
f 1382/1320/1362 1378/1315/1362 1379/1318/1362
f 1383/1385/1363 1382/1320/1363 1380/1384/1363
f 1383/1385/1363 1384/1386/1363 1382/1320/1363
f 1384/1386/1364 1385/1314/1364 1382/1320/1364
f 1382/1320/1362 1385/1314/1362 1378/1315/1362
f 1384/1386/1364 1386/1387/1364 1385/1314/1364
f 1386/1387/1365 321/363/1365 1385/1314/1365
f 1385/1314/1366 325/368/1366 1378/1315/1366
f 1385/1314/1366 321/363/1366 325/368/1366
f 1387/1388/1367 1386/1387/1367 1384/1386/1367
f 1387/1388/1368 1388/1389/1368 1386/1387/1368
f 1388/1389/1369 319/361/1369 1386/1387/1369
f 1386/1387/1365 319/361/1365 321/363/1365
f 1389/1390/1370 1388/1389/1370 1387/1388/1370
f 1389/1390/1370 1390/1391/1370 1388/1389/1370
f 1390/1391/1371 318/360/1371 1388/1389/1371
f 1388/1389/1369 318/360/1369 319/361/1369
f 1391/1392/1372 1390/1391/1372 1389/1390/1372
f 1391/1392/1373 307/349/1373 1390/1391/1373
f 307/349/198 308/350/198 1390/1391/198
f 1390/1391/1371 308/350/1371 318/360/1371
f 1393/1393/1374 1391/1392/1374 1389/1390/1374
f 1394/1394/1375 307/349/1375 1391/1392/1375
f 1392/1395/1376 1391/1392/1376 1393/1393/1376
f 1392/1395/1377 1394/1394/1377 1391/1392/1377
f 1395/1396/1378 1394/1394/1378 1392/1395/1378
f 1395/1396/1379 1396/1397/1379 1394/1394/1379
f 1396/1397/1380 305/347/1380 1394/1394/1380
f 1394/1394/1375 305/347/1375 307/349/1375
f 1397/1398/1381 1396/1397/1381 1395/1396/1381
f 1397/1398/1382 1398/1399/1382 1396/1397/1382
f 1398/1399/1383 304/346/1383 1396/1397/1383
f 1396/1397/1380 304/346/1380 305/347/1380
f 1399/1400/1384 1398/1399/1384 1397/1398/1384
f 1399/1400/1385 1400/1401/1385 1398/1399/1385
f 1400/1401/1386 1401/1402/1386 1398/1399/1386
f 1398/1399/1383 1401/1402/1383 304/346/1383
f 1401/1402/1387 298/340/1387 304/346/1387
f 1401/1402/1387 292/336/1387 298/340/1387
f 290/332/185 292/336/185 1401/1402/185
f 1400/1401/1386 290/332/1386 1401/1402/1386
f 1402/1403/1388 1400/1401/1388 1399/1400/1388
f 1402/1403/1388 289/331/1388 1400/1401/1388
f 289/331/181 290/332/181 1400/1401/181
f 1404/1404/1389 1402/1403/1389 1399/1400/1389
f 1405/1405/1390 289/331/1390 1402/1403/1390
f 1403/1406/1391 1402/1407/1391 1404/1408/1391
f 1403/1406/1391 1405/1409/1391 1402/1407/1391
f 1406/1410/1392 1405/1409/1392 1403/1406/1392
f 1406/1410/1393 1407/1411/1393 1405/1409/1393
f 1407/1295/1394 287/329/1394 1405/1405/1394
f 1405/1405/1390 287/329/1390 289/331/1390
f 1408/1412/1395 1407/1411/1395 1406/1410/1395
f 1408/1412/1395 1409/1413/1395 1407/1411/1395
f 1409/1294/1396 286/328/1396 1407/1295/1396
f 1407/1295/1394 286/328/1394 287/329/1394
f 1410/1414/1397 1409/1413/1397 1408/1412/1397
f 1410/1414/1397 1411/1415/1397 1409/1413/1397
f 1411/1283/1398 1412/1296/1398 1409/1294/1398
f 1409/1294/1396 1412/1296/1396 286/328/1396
f 1412/1296/1399 281/323/1399 286/328/1399
f 1412/1296/1399 280/322/1399 281/323/1399
f 1413/1298/1400 280/322/1400 1412/1296/1400
f 1411/1283/1401 1413/1298/1401 1412/1296/1401
f 1414/1282/1402 1413/1298/1402 1411/1283/1402
f 1414/1282/1403 1415/1284/1403 1413/1298/1403
f 1415/1284/1404 1416/1299/1404 1413/1298/1404
f 1413/1298/1400 1416/1299/1400 280/322/1400
f 1417/1300/1405 271/314/1405 1416/1299/1405
f 1415/1284/1406 1417/1300/1406 1416/1299/1406
f 1416/1299/1407 278/319/1407 280/322/1407
f 1416/1299/1407 271/314/1407 278/319/1407
f 1418/1416/1408 268/311/1408 1417/1300/1408
f 1419/1281/1409 1418/1416/1409 1417/1300/1409
f 1417/1300/1405 268/311/1405 271/314/1405
f 1419/1281/1410 1417/1300/1410 1415/1284/1410
f 1420/1267/1411 1419/1281/1411 1421/1280/1411
f 1420/1267/1412 1422/1269/1412 1419/1281/1412
f 1421/1280/1413 1419/1281/1413 1415/1284/1413
f 1422/1269/1414 1418/1416/1414 1419/1281/1414
f 1423/1268/1415 1422/1269/1415 1420/1267/1415
f 1423/1268/1415 1424/1265/1415 1422/1269/1415
f 1424/1265/1416 1425/1417/1416 1422/1269/1416
f 1422/1269/1414 1425/1417/1414 1418/1416/1414
f 1424/1265/1416 1426/1266/1416 1425/1417/1416
f 1426/1266/1417 264/306/1417 1425/1417/1417
f 1425/1417/1418 266/308/1418 1418/1416/1418
f 1425/1417/1418 264/306/1418 266/308/1418
f 1427/1263/1419 1426/1266/1419 1424/1265/1419
f 1427/1263/1419 1428/1264/1419 1426/1266/1419
f 1428/1264/1420 262/304/1420 1426/1266/1420
f 1426/1266/1417 262/304/1417 264/306/1417
f 1104/1150/1421 1428/1264/1421 1427/1263/1421
f 1104/1150/1422 1105/1149/1422 1428/1264/1422
f 1105/1149/1423 261/303/1423 1428/1264/1423
f 1428/1264/1420 261/303/1420 262/304/1420
f 1108/1157/1424 1104/1150/1424 1427/1263/1424
f 1152/1261/1425 1427/1263/1425 1424/1265/1425
f 1108/1157/1426 1427/1263/1426 1152/1261/1426
f 1152/1261/1427 1424/1265/1427 1423/1268/1427
f 1429/1418/1428 1423/1419/1428 1420/1420/1428
f 1153/1240/1429 1423/1419/1429 1429/1418/1429
f 1153/1240/1429 1152/1239/1429 1423/1419/1429
f 1429/1418/1428 1420/1420/1428 1430/1421/1428
f 1430/1421/1430 1431/1422/1430 1429/1418/1430
f 1429/1418/1431 1431/1422/1431 1155/1241/1431
f 1429/1418/1432 1155/1241/1432 1153/1240/1432
f 1430/1421/1430 1432/1423/1430 1431/1422/1430
f 1431/1422/1433 1432/1423/1433 1436/589/1433
f 1433/1424/1434 1155/1241/1434 1431/1422/1434
f 1434/585/1435 1433/1424/1435 1431/1422/1435
f 1434/585/1435 1431/1422/1435 1435/599/1435
f 1435/599/1436 1431/1422/1436 1436/589/1436
f 1436/589/1437 1437/1425/1437 1438/581/1437
f 1436/589/1438 1432/1423/1438 1437/1425/1438
f 1438/1426/1439 1439/1427/1439 1436/1428/1439
f 1436/1429/2 1439/1430/2 1435/1431/2
f 1440/595/1440 1442/594/1440 1439/598/1440
f 1440/1432/1439 1439/1427/1439 1438/1426/1439
f 1435/1431/2 1439/1430/2 1441/1433/2
f 1439/598/1440 1442/594/1440 1441/596/1440
f 1442/1433/284 1440/1430/284 1434/1431/284
f 1435/1434/1441 1442/1435/1441 1434/1436/1441
f 1441/1437/1441 1442/1435/1441 1435/1434/1441
f 1434/1431/284 1440/1430/284 1438/1429/284
f 1438/581/1437 1437/1425/1437 1189/1274/1437
f 1434/585/1442 1438/581/1442 1188/1273/1442
f 1438/581/1443 1189/1274/1443 1188/1273/1443
f 1437/1425/1444 1432/1423/1444 1430/1421/1444
f 1445/1438/1445 1437/1425/1445 1430/1421/1445
f 1437/1425/1446 1443/552/1446 1444/560/1446
f 1446/1439/1447 1443/552/1447 1437/1425/1447
f 1437/1425/1446 1444/560/1446 1189/1274/1446
f 1445/1438/1448 1446/1439/1448 1437/1425/1448
f 1447/1440/1449 1448/1441/1449 1446/1439/1449
f 1447/1440/1450 1446/1439/1450 1445/1438/1450
f 1446/1439/1451 1448/1441/1451 1443/552/1451
f 1450/1442/2 1448/1443/2 1449/1444/2
f 1447/1440/1452 1449/553/1452 1448/1441/1452
f 1450/1442/2 1443/1445/2 1448/1443/2
f 1454/1446/1453 1450/1447/1453 1449/1448/1453
f 1451/1449/2 1443/1445/2 1450/1442/2
f 1450/573/1454 1452/565/1454 1451/567/1454
f 1453/566/1454 1452/565/1454 1450/573/1454
f 1453/1450/1453 1450/1447/1453 1454/1446/1453
f 1454/563/1455 1455/1451/1455 1457/1452/1455
f 1454/563/1456 1456/613/1456 1455/1451/1456
f 1449/553/1457 1456/613/1457 1454/563/1457
f 1457/1443/284 1453/1442/284 1454/1444/284
f 1457/1452/1458 1455/1451/1458 1458/1453/1458
f 1457/1452/1459 1458/1453/1459 1444/560/1459
f 1457/1443/284 1452/1449/284 1453/1442/284
f 1444/1445/284 1452/1449/284 1457/1443/284
f 1192/1277/1460 1458/1453/1460 1455/1451/1460
f 1192/1277/1461 1191/1276/1461 1458/1453/1461
f 1444/560/1462 1458/1453/1462 1191/1276/1462
f 1455/1451/1463 1456/613/1463 1199/1287/1463
f 1199/1287/1464 1456/613/1464 1459/1454/1464
f 1461/1455/284 1459/1456/284 1456/1457/284
f 1449/553/1457 1460/611/1457 1456/613/1457
f 1460/1458/1465 1461/1459/1465 1456/1460/1465
f 1461/1455/284 1462/1461/284 1459/1456/284
f 1464/1462/284 1462/1461/284 1461/1455/284
f 1465/629/1466 1461/630/1466 1463/627/1466
f 1463/1463/1465 1461/1459/1465 1460/1458/1465
f 1464/628/1466 1461/630/1466 1465/629/1466
f 1464/1464/1467 1465/1465/1467 1462/1466/1467
f 1466/1456/2 1465/1462/2 1463/1455/2
f 1467/1461/2 1465/1462/2 1466/1456/2
f 1462/1466/1467 1465/1465/1467 1467/1467/1467
f 1468/1468/1468 1467/621/1468 1466/1469/1468
f 1469/1470/1469 1467/621/1469 1468/1468/1469
f 1462/612/1470 1467/621/1470 1202/1290/1470
f 1202/1290/1470 1467/621/1470 1469/1470/1470
f 1408/1412/1471 1469/1470/1471 1468/1468/1471
f 1470/1471/1472 1469/1470/1472 1408/1412/1472
f 1203/1291/1473 1469/1470/1473 1470/1471/1473
f 1202/1290/1473 1469/1470/1473 1203/1291/1473
f 1472/447/1474 1470/1471/1474 1471/1472/1474
f 1408/1412/1475 1471/1472/1475 1470/1471/1475
f 1203/1291/1476 1470/1471/1476 1472/447/1476
f 1472/1473/1477 1476/1474/1477 1473/1475/1477
f 1473/451/1476 1203/1291/1476 1472/447/1476
f 1472/447/1478 1471/1472/1478 1474/446/1478
f 1474/1476/2 1477/1477/2 1472/1478/2
f 1472/1478/2 1477/1477/2 1475/1479/2
f 1475/1480/1477 1476/1474/1477 1472/1473/1477
f 1478/1481/1479 1477/1482/1479 1474/1483/1479
f 1479/1484/1479 1477/1482/1479 1478/1481/1479
f 1477/460/1480 1476/455/1480 1475/457/1480
f 1479/456/1480 1476/455/1480 1477/460/1480
f 1473/1478/284 1479/1477/284 1478/1476/284
f 1476/1479/284 1479/1477/284 1473/1478/284
f 1478/466/1481 1480/1485/1481 1473/451/1481
f 1478/466/1482 1482/1486/1482 1480/1485/1482
f 1474/446/1483 1481/1487/1483 1478/466/1483
f 1478/466/1483 1481/1487/1483 1482/1486/1483
f 1481/1487/1484 1483/472/1484 1482/1486/1484
f 1483/472/1484 1484/475/1484 1482/1486/1484
f 1482/1486/1485 1484/475/1485 1485/1488/1485
f 1482/1486/1486 1485/1488/1486 1486/1489/1486
f 1480/1485/1487 1482/1486/1487 1204/1292/1487
f 1204/1292/1488 1482/1486/1488 1486/1489/1488
f 1487/1490/1489 1486/1489/1489 1489/1491/1489
f 1487/1490/1490 1488/1492/1490 1486/1489/1490
f 1206/1297/1491 1486/1489/1491 1488/1492/1491
f 1204/1292/1492 1486/1489/1492 1206/1297/1492
f 1489/1491/1489 1486/1489/1489 1485/1488/1489
f 1489/1491/1493 1484/475/1493 1490/1493/1493
f 1485/1488/1494 1484/475/1494 1489/1491/1494
f 1489/1491/1495 1490/1493/1495 1491/1494/1495
f 1493/1495/1495 1489/1491/1495 1491/1494/1495
f 1489/1491/1496 1492/1496/1496 1487/1490/1496
f 1492/1496/1497 1489/1491/1497 1493/1495/1497
f 1404/1408/1498 1493/1495/1498 1495/1497/1498
f 1494/1498/1499 1493/1495/1499 1404/1408/1499
f 1494/1498/1497 1492/1496/1497 1493/1495/1497
f 1493/1495/1500 1491/1494/1500 1495/1497/1500
f 1403/1406/1501 1495/1497/1501 1481/1487/1501
f 1404/1408/1498 1495/1497/1498 1403/1406/1498
f 1495/1497/1502 1483/472/1502 1481/1487/1502
f 1495/1497/1503 1491/1494/1503 1483/472/1503
f 1496/1499/1504 1497/1500/1504 1494/1498/1504
f 1404/1408/1505 1496/1499/1505 1494/1498/1505
f 1494/1498/1506 1497/1500/1506 1492/1496/1506
f 1496/1499/1507 1499/1501/1507 1497/1500/1507
f 1497/1500/1506 1498/1502/1506 1492/1496/1506
f 1497/1503/1508 1501/1504/1508 1498/1505/1508
f 1499/1506/2 1502/1507/2 1497/1508/2
f 1497/1508/2 1502/1507/2 1500/1509/2
f 1500/1510/1508 1501/1504/1508 1497/1503/1508
f 1502/1511/1509 1501/1512/1509 1500/1513/1509
f 1503/1514/1509 1501/1512/1509 1502/1511/1509
f 1503/1515/1510 1502/1516/1510 1504/1517/1510
f 1504/1517/1510 1502/1516/1510 1499/1518/1510
f 1505/1519/1511 1504/1520/1511 1499/1501/1511
f 1506/1521/1511 1504/1520/1511 1505/1519/1511
f 1498/1508/284 1503/1507/284 1504/1506/284
f 1506/1521/1512 1498/1502/1512 1504/1520/1512
f 1506/1521/1513 1505/1519/1513 1507/1522/1513
f 1509/1523/1514 1506/1521/1514 1507/1522/1514
f 1509/1523/1515 1508/1524/1515 1506/1521/1515
f 1508/1524/1516 1498/1502/1516 1506/1521/1516
f 1510/1525/1517 1508/1524/1517 1509/1523/1517
f 1509/1526/1518 1513/1400/1518 1510/1527/1518
f 1514/1528/1519 1511/1398/1519 1509/1526/1519
f 1511/1398/1520 1513/1400/1520 1509/1526/1520
f 1512/1529/1521 1509/1523/1521 1507/1522/1521
f 1514/1530/1521 1509/1523/1521 1512/1529/1521
f 1512/943/1522 1517/944/1522 1514/1135/1522
f 1514/1528/1523 1515/1531/1523 1516/1396/1523
f 1514/1135/1524 1517/944/1524 1515/1032/1524
f 1516/1396/1525 1511/1398/1525 1514/1528/1525
f 1518/1532/1526 1517/944/1526 1520/939/1526
f 1521/1533/1526 1517/944/1526 1518/1532/1526
f 1517/944/1527 1519/1534/1527 1515/1032/1527
f 1521/1533/1528 1519/1534/1528 1517/944/1528
f 1522/1535/1529 1520/939/1529 1517/944/1529
f 1522/1535/1530 1517/944/1530 1512/943/1530
f 1523/1536/284 1525/1537/284 1522/1538/284
f 1523/1539/1531 1522/1540/1531 1512/1529/1531
f 1522/1535/1532 1526/1541/1532 1524/1542/1532
f 1524/1542/1529 1520/939/1529 1522/1535/1529
f 1525/1543/1532 1526/1541/1532 1522/1535/1532
f 1525/1544/1533 1529/1545/1533 1526/1546/1533
f 1527/1536/2 1526/1537/2 1528/1547/2
f 1524/1538/2 1526/1537/2 1527/1536/2
f 1526/1546/1533 1529/1545/1533 1528/1548/1533
f 1529/1547/284 1525/1537/284 1523/1536/284
f 1527/1549/1534 1529/1550/1534 1523/1551/1534
f 1528/1552/1534 1529/1550/1534 1527/1549/1534
f 1523/1539/1535 1530/1553/1535 1527/1554/1535
f 1527/1554/1536 1530/1553/1536 1524/1555/1536
f 1531/1556/1537 1530/1553/1537 1505/1519/1537
f 1532/1557/1538 1530/1553/1538 1531/1556/1538
f 1507/1522/1513 1505/1519/1513 1530/1553/1513
f 1523/1539/1535 1507/1522/1535 1530/1553/1535
f 1530/1553/1539 1533/1558/1539 1524/1555/1539
f 1532/1557/1538 1533/1558/1538 1530/1553/1538
f 1524/1542/1540 1533/938/1540 1520/939/1540
f 1520/939/1541 1533/938/1541 1532/937/1541
f 1532/1528/1542 1392/1395/1542 1534/1531/1542
f 1534/940/1543 1520/939/1543 1532/937/1543
f 1531/1526/1544 1395/1396/1544 1532/1528/1544
f 1532/1528/1542 1395/1396/1542 1392/1395/1542
f 1534/1531/1545 1393/1393/1545 1535/1559/1545
f 1535/957/1546 1536/958/1546 1534/940/1546
f 1534/940/1547 1536/958/1547 1537/955/1547
f 1537/955/1548 1538/941/1548 1534/940/1548
f 1534/940/1549 1538/941/1549 1520/939/1549
f 1534/1531/1550 1392/1395/1550 1393/1393/1550
f 1537/955/1551 1539/1560/1551 1538/941/1551
f 1518/1532/1552 1520/939/1552 1538/941/1552
f 1538/941/1553 1539/1560/1553 1518/1532/1553
f 1540/1561/2 1518/1562/2 1539/1563/2
f 1540/1561/2 1539/1563/2 1541/1564/2
f 1537/955/1554 1541/1565/1554 1539/1560/1554
f 1536/958/1555 1541/1565/1555 1537/955/1555
f 1536/958/1556 1544/1566/1556 1541/1565/1556
f 1542/1567/1557 1540/1568/1557 1541/1569/1557
f 1542/1570/1558 1541/1565/1558 1543/1571/1558
f 1543/1571/1558 1541/1565/1558 1544/1566/1558
f 1545/1572/1559 1544/1566/1559 1536/958/1559
f 1544/1573/1560 1547/1574/1560 1543/1575/1560
f 1545/1576/2 1546/1577/2 1544/1578/2
f 1546/1579/1561 1547/1574/1561 1544/1573/1561
f 1547/1577/284 1548/1576/284 1543/1578/284
f 1547/1577/284 1551/1580/284 1548/1576/284
f 1550/1581/1562 1547/1582/1562 1546/1583/1562
f 1549/1584/284 1551/1580/284 1547/1577/284
f 1549/1585/1562 1547/1582/1562 1550/1581/1562
f 1552/1028/1563 1548/1586/1563 1551/1587/1563
f 1552/1028/1564 1551/1587/1564 1553/1588/1564
f 1551/1589/1565 1550/1590/1565 1553/1591/1565
f 1549/1592/1565 1550/1590/1565 1551/1589/1565
f 1553/1580/2 1550/1584/2 1545/1576/2
f 1555/976/1566 1553/1588/1566 1545/1572/1566
f 1554/978/1567 1553/1588/1567 1555/976/1567
f 1554/978/1564 1552/1028/1564 1553/1588/1564
f 1556/1001/1568 1555/976/1568 1557/975/1568
f 1556/1001/1568 1554/978/1568 1555/976/1568
f 1557/975/1569 1555/976/1569 1558/972/1569
f 1555/976/1570 1545/1572/1570 1558/972/1570
f 1557/975/1571 1558/972/1571 1535/957/1571
f 1535/957/1572 1558/972/1572 1536/958/1572
f 1558/972/1573 1545/1572/1573 1536/958/1573
f 1557/975/1574 1560/917/1574 1556/1001/1574
f 1535/1559/1575 1559/1593/1575 1557/1594/1575
f 1557/975/1576 1559/1595/1576 1560/917/1576
f 1556/1001/1577 1560/917/1577 1383/908/1577
f 1559/1593/1578 1387/1388/1578 1560/1596/1578
f 1560/1596/1579 1384/1386/1579 1383/1385/1579
f 1560/1596/1579 1387/1388/1579 1384/1386/1579
f 1535/1559/1575 1393/1393/1575 1559/1593/1575
f 1393/1393/1374 1389/1390/1374 1559/1593/1374
f 1559/1593/1578 1389/1390/1578 1387/1388/1578
f 1556/1001/1580 1383/908/1580 1561/909/1580
f 1561/909/1581 1562/910/1581 1556/1001/1581
f 1556/1001/1582 1562/910/1582 1563/988/1582
f 1563/988/1583 1554/978/1583 1556/1001/1583
f 1566/1597/1584 1563/988/1584 1562/910/1584
f 1554/978/1585 1563/988/1585 1564/989/1585
f 1565/1598/1586 1564/989/1586 1563/988/1586
f 1565/1598/1587 1563/988/1587 1566/1597/1587
f 1562/910/1588 1570/911/1588 1566/1597/1588
f 1567/1351/1589 1568/1361/1589 1566/1349/1589
f 1566/1597/1590 1569/861/1590 1567/1599/1590
f 1566/1600/2 1568/1601/2 1565/1602/2
f 1566/1597/1590 1570/911/1590 1569/861/1590
f 1571/859/1591 1573/1603/1591 1570/911/1591
f 1572/905/1592 1571/859/1592 1570/911/1592
f 1572/905/1593 1570/911/1593 1561/909/1593
f 1561/909/1594 1570/911/1594 1562/910/1594
f 1570/911/1595 1573/1603/1595 1569/861/1595
f 1573/1603/1595 1574/1604/1595 1569/861/1595
f 1573/1605/1596 1577/1606/1596 1574/1607/1596
f 1575/1608/2 1578/1609/2 1573/1610/2
f 1571/859/1597 1575/1611/1597 1573/1603/1597
f 1573/1610/2 1578/1609/2 1576/1612/2
f 1576/1613/1596 1577/1606/1596 1573/1605/1596
f 1579/1614/1598 1577/1615/1598 1578/1616/1598
f 1579/1617/1599 1578/1618/1599 1580/1619/1599
f 1580/1619/1599 1578/1618/1599 1575/1620/1599
f 1578/1616/1598 1577/1615/1598 1576/1621/1598
f 1574/1610/284 1579/1609/284 1580/1608/284
f 1581/854/1600 1574/1604/1600 1580/1622/1600
f 1581/854/1601 1580/1622/1601 1575/1611/1601
f 1583/856/1602 1574/1604/1602 1581/854/1602
f 1582/863/1601 1581/854/1601 1575/1611/1601
f 1586/852/1603 1581/854/1603 1582/863/1603
f 1581/854/1604 1585/857/1604 1583/856/1604
f 1584/855/1604 1585/857/1604 1581/854/1604
f 1581/854/1605 1586/852/1605 1584/855/1605
f 1587/903/1603 1586/852/1603 1582/863/1603
f 1587/903/1606 1590/1623/1606 1586/852/1606
f 1586/852/1607 1588/849/1607 1279/841/1607
f 1589/1624/1608 1588/849/1608 1586/852/1608
f 1589/1624/1606 1586/852/1606 1590/1623/1606
f 1584/855/1609 1586/852/1609 1279/841/1609
f 1591/1625/2 1594/1626/2 1590/1627/2
f 1591/1628/1610 1590/1623/1610 1587/903/1610
f 1590/1627/2 1594/1626/2 1592/1629/2
f 1592/1630/1611 1593/1631/1611 1590/1632/1611
f 1590/1632/1611 1593/1631/1611 1589/1633/1611
f 1596/1634/1612 1594/1635/1612 1591/1636/1612
f 1594/1637/1613 1593/1638/1613 1592/1639/1613
f 1595/1640/1614 1593/1638/1614 1594/1637/1614
f 1595/1641/1612 1594/1635/1612 1596/1634/1612
f 1596/1642/1615 1597/701/1615 1282/847/1615
f 1591/1628/1615 1597/701/1615 1596/1642/1615
f 1589/1627/284 1595/1626/284 1596/1625/284
f 1596/1642/1616 1588/849/1616 1589/1624/1616
f 1596/1642/1617 1282/847/1617 1588/849/1617
f 1591/1628/1618 1598/884/1618 1597/701/1618
f 1597/701/1619 1598/884/1619 1602/700/1619
f 1599/1643/1620 1597/701/1620 1600/1644/1620
f 1599/1643/1620 1282/847/1620 1597/701/1620
f 1600/1644/1621 1597/701/1621 1601/702/1621
f 1602/700/1622 1601/702/1622 1597/701/1622
f 1602/700/1623 1370/695/1623 1371/696/1623
f 1371/696/1624 1601/702/1624 1602/700/1624
f 1602/700/1625 1598/884/1625 1587/903/1625
f 1602/700/1626 1587/903/1626 1603/904/1626
f 1603/904/1627 1374/699/1627 1602/700/1627
f 1602/700/1623 1374/699/1623 1370/695/1623
f 1587/903/1628 1582/863/1628 1603/904/1628
f 1603/904/1629 1582/863/1629 1571/859/1629
f 1603/904/1630 1571/859/1630 1572/905/1630
f 1572/905/1631 1381/906/1631 1603/904/1631
f 1603/904/1632 1381/906/1632 1374/699/1632
f 1605/1645/1633 1601/702/1633 1604/703/1633
f 1371/696/1634 1604/703/1634 1601/702/1634
f 1600/1644/1635 1601/702/1635 1605/1645/1635
f 1605/1646/2 1607/1647/2 1600/1648/2
f 1606/1649/1636 1607/1650/1636 1605/1651/1636
f 1605/1645/1637 1604/703/1637 1606/1652/1637
f 1608/1653/1638 1610/1654/1638 1607/1655/1638
f 1608/1656/1636 1607/1650/1636 1606/1649/1636
f 1600/1648/2 1607/1647/2 1609/1657/2
f 1607/1655/1638 1610/1654/1638 1609/1658/1638
f 1610/1657/284 1608/1647/284 1599/1648/284
f 1600/1659/1639 1610/1660/1639 1599/1661/1639
f 1609/1662/1639 1610/1660/1639 1600/1659/1639
f 1599/1648/284 1608/1647/284 1606/1646/284
f 1606/1652/1640 1283/708/1640 1599/1643/1640
f 1606/1652/1637 1604/703/1637 1283/708/1637
f 1285/714/1641 1604/703/1641 1611/705/1641
f 1368/694/1642 1611/705/1642 1604/703/1642
f 1368/694/1643 1604/703/1643 1371/696/1643
f 1283/708/1641 1604/703/1641 1285/714/1641
f 1613/1663/1644 1611/705/1644 1612/721/1644
f 1365/722/1645 1612/721/1645 1611/705/1645
f 1365/722/1645 1611/705/1645 1368/694/1645
f 1290/1323/1646 1285/714/1646 1611/705/1646
f 1290/1323/1646 1611/705/1646 1613/1663/1646
f 1613/1663/1647 1612/721/1647 1614/1664/1647
f 1613/1651/1648 1616/1656/1648 1290/1649/1648
f 1614/1665/2 1617/1666/2 1613/1667/2
f 1613/1667/2 1617/1666/2 1615/1668/2
f 1615/1650/1648 1616/1656/1648 1613/1651/1648
f 1617/1669/1649 1616/1670/1649 1615/1671/1649
f 1289/1661/1650 1617/1662/1650 1614/1659/1650
f 1618/1660/1650 1617/1662/1650 1289/1661/1650
f 1618/1672/1649 1616/1670/1649 1617/1669/1649
f 1290/1667/284 1618/1666/284 1289/1665/284
f 1616/1668/284 1618/1666/284 1290/1667/284
f 1614/1664/1252 1292/723/1252 1289/1324/1252
f 1614/1664/1651 1612/721/1651 1292/723/1651
f 1292/723/1652 1612/721/1652 1365/722/1652
f 1599/1643/1653 1283/708/1653 1281/844/1653
f 1281/844/1654 1282/847/1654 1599/1643/1654
f 1587/903/1655 1598/884/1655 1591/1628/1655
f 1593/1629/284 1595/1626/284 1589/1627/284
f 1588/849/1656 1282/847/1656 1279/841/1656
f 1585/857/1657 1619/1021/1657 1569/861/1657
f 1621/1023/1658 1619/1021/1658 1585/857/1658
f 1585/857/1659 1569/861/1659 1583/856/1659
f 1584/855/1660 1620/1034/1660 1585/857/1660
f 1620/1034/1661 1622/1027/1661 1585/857/1661
f 1585/857/1661 1622/1027/1661 1621/1023/1661
f 1625/1388/1662 1622/1385/1662 1623/1386/1662
f 1620/1384/1663 1623/1386/1663 1622/1385/1663
f 1624/1026/1664 1621/1023/1664 1622/1027/1664
f 1624/1596/1662 1622/1385/1662 1625/1388/1662
f 1625/1388/1665 1623/1386/1665 1626/1389/1665
f 1625/1388/1666 1628/1390/1666 1624/1596/1666
f 1626/1389/1667 1627/1391/1667 1625/1388/1667
f 1625/1388/1668 1627/1391/1668 1628/1390/1668
f 1624/1596/1666 1628/1390/1666 1629/1593/1666
f 1631/349/1669 1628/1390/1669 1627/1391/1669
f 1630/1392/1670 1629/1593/1670 1628/1390/1670
f 1630/1392/1669 1628/1390/1669 1631/349/1669
f 1633/347/1671 1630/1392/1671 1631/349/1671
f 1634/345/1672 1631/349/1672 1632/348/1672
f 1631/349/1673 1627/1391/1673 1632/348/1673
f 1633/347/1672 1631/349/1672 1634/345/1672
f 1635/340/1674 1633/347/1674 1634/345/1674
f 1239/337/1675 1634/345/1675 1240/341/1675
f 1634/345/1676 1632/348/1676 1240/341/1676
f 1635/340/1675 1634/345/1675 1239/337/1675
f 1635/340/1677 1638/336/1677 1636/346/1677
f 1636/346/1674 1633/347/1674 1635/340/1674
f 1239/337/1678 1637/335/1678 1635/340/1678
f 1635/340/1678 1637/335/1678 1638/336/1678
f 1637/335/1679 1639/334/1679 1638/336/1679
f 1638/336/1679 1639/334/1679 1640/333/1679
f 1638/336/1680 1640/333/1680 1641/1402/1680
f 1636/346/1677 1638/336/1677 1641/1402/1677
f 1641/1402/1680 1640/333/1680 1642/332/1680
f 1641/1402/1681 1642/332/1681 1643/1399/1681
f 1644/1397/1682 1641/1402/1682 1643/1399/1682
f 1636/346/1682 1641/1402/1682 1644/1397/1682
f 1644/1397/1683 1645/1394/1683 1636/346/1683
f 1644/1397/1684 1646/1395/1684 1645/1394/1684
f 1644/1397/1685 1643/1399/1685 1516/1396/1685
f 1516/1396/1686 1646/1395/1686 1644/1397/1686
f 1646/1395/1687 1647/1393/1687 1645/1394/1687
f 1646/1395/1688 1648/1559/1688 1647/1393/1688
f 1516/1396/1523 1515/1531/1523 1646/1395/1523
f 1515/1531/1688 1648/1559/1688 1646/1395/1688
f 1649/962/1689 1650/974/1689 1648/1029/1689
f 1652/960/1690 1649/962/1690 1648/1029/1690
f 1648/1029/1691 1650/974/1691 1651/1025/1691
f 1515/1032/1692 1652/960/1692 1648/1029/1692
f 1648/1559/1693 1651/1594/1693 1647/1393/1693
f 1653/1673/1694 1652/960/1694 1519/1534/1694
f 1649/962/1695 1652/960/1695 1653/1673/1695
f 1519/1534/1696 1652/960/1696 1515/1032/1696
f 1653/1673/1697 1542/1570/1697 1649/962/1697
f 1653/1673/1698 1519/1534/1698 1521/1533/1698
f 1521/1562/284 1654/1674/284 1653/1563/284
f 1653/1563/284 1654/1674/284 1655/1561/284
f 1653/1563/284 1655/1561/284 1542/1564/284
f 1655/1675/1699 1654/1676/1699 1540/1677/1699
f 1655/1678/1557 1540/1568/1557 1542/1567/1557
f 1540/1677/1699 1654/1676/1699 1656/1679/1699
f 1656/1680/1700 1654/1681/1700 1518/1682/1700
f 1518/1682/1701 1654/1681/1701 1521/1683/1701
f 1656/1674/2 1518/1562/2 1540/1561/2
f 1650/974/1702 1657/979/1702 1651/1025/1702
f 1552/1028/1703 1651/1025/1703 1657/979/1703
f 1658/1024/1703 1651/1025/1703 1552/1028/1703
f 1658/1024/1704 1629/1030/1704 1651/1025/1704
f 1647/1393/1693 1651/1594/1693 1629/1593/1693
f 1624/1026/1704 1629/1030/1704 1658/1024/1704
f 1658/1024/1664 1621/1023/1664 1624/1026/1664
f 1658/1024/1705 1564/989/1705 1621/1023/1705
f 1552/1028/1706 1564/989/1706 1658/1024/1706
f 1650/974/1570 1548/1586/1570 1657/979/1570
f 1657/979/1707 1548/1586/1707 1552/1028/1707
f 1649/962/1708 1543/1571/1708 1650/974/1708
f 1650/974/1709 1543/1571/1709 1548/1586/1709
f 1649/962/1710 1542/1570/1710 1543/1571/1710
f 1647/1393/1670 1629/1593/1670 1630/1392/1670
f 1645/1394/1687 1647/1393/1687 1630/1392/1687
f 1636/346/1683 1645/1394/1683 1633/347/1683
f 1645/1394/1711 1630/1392/1711 1633/347/1711
f 1643/1399/1712 1659/1401/1712 1511/1398/1712
f 1643/1399/1681 1642/332/1681 1659/1401/1681
f 1516/1396/1713 1643/1399/1713 1511/1398/1713
f 1511/1398/1714 1659/1401/1714 1513/1400/1714
f 1660/331/1715 1513/1400/1715 1659/1401/1715
f 1660/331/1716 1659/1401/1716 1661/330/1716
f 1661/330/1716 1659/1401/1716 1642/332/1716
f 1661/330/1717 1663/327/1717 1660/331/1717
f 1661/330/1718 1642/332/1718 1662/326/1718
f 1662/326/1719 1227/324/1719 1661/330/1719
f 1661/330/1719 1227/324/1719 1663/327/1719
f 1224/321/1720 1663/327/1720 1227/324/1720
f 1660/331/1721 1663/327/1721 1664/329/1721
f 1665/323/1722 1664/329/1722 1663/327/1722
f 1665/323/1723 1663/327/1723 1224/321/1723
f 1212/322/1724 1666/328/1724 1665/323/1724
f 1666/328/1725 1664/329/1725 1665/323/1725
f 1220/319/1726 1665/323/1726 1224/321/1726
f 1212/322/1726 1665/323/1726 1220/319/1726
f 1666/328/1727 1488/1405/1727 1664/329/1727
f 1206/1295/1728 1488/1405/1728 1666/328/1728
f 1207/1296/1182 1206/1295/1182 1666/328/1182
f 1207/1296/1724 1666/328/1724 1212/322/1724
f 1667/1403/1729 1664/329/1729 1488/1405/1729
f 1660/331/1730 1664/329/1730 1667/1403/1730
f 1667/1403/1731 1510/1527/1731 1513/1400/1731
f 1487/1404/1732 1510/1527/1732 1667/1403/1732
f 1667/1403/1715 1513/1400/1715 1660/331/1715
f 1667/1684/1490 1488/1492/1490 1487/1490/1490
f 1668/325/1733 1226/320/1733 1662/326/1733
f 1662/326/1734 1640/333/1734 1668/325/1734
f 1662/326/1733 1226/320/1733 1227/324/1733
f 1662/326/1718 1642/332/1718 1640/333/1718
f 1232/1301/1735 1229/317/1735 1668/325/1735
f 1668/325/1736 1639/334/1736 1232/1301/1736
f 1668/325/1735 1229/317/1735 1226/320/1735
f 1668/325/1734 1640/333/1734 1639/334/1734
f 1232/1301/1736 1639/334/1736 1235/1308/1736
f 1637/335/1737 1235/1308/1737 1639/334/1737
f 1239/337/1206 1234/339/1206 1637/335/1206
f 1234/339/1737 1235/1308/1737 1637/335/1737
f 1240/341/1676 1632/348/1676 1242/344/1676
f 1632/348/1738 1669/350/1738 1242/344/1738
f 1632/348/1673 1627/1391/1673 1669/350/1673
f 1670/360/1739 1669/350/1739 1626/1389/1739
f 1670/360/1740 1245/351/1740 1669/350/1740
f 1242/344/1738 1669/350/1738 1245/351/1738
f 1626/1389/1739 1669/350/1739 1627/1391/1739
f 1670/360/1741 1269/361/1741 1671/354/1741
f 1670/360/1742 1672/1387/1742 1269/361/1742
f 1671/354/1740 1245/351/1740 1670/360/1740
f 1626/1389/1742 1672/1387/1742 1670/360/1742
f 1270/1314/1743 1269/361/1743 1672/1387/1743
f 1270/1314/1744 1672/1387/1744 1275/1320/1744
f 1275/1320/1744 1672/1387/1744 1623/1386/1744
f 1626/1389/1745 1623/1386/1745 1672/1387/1745
f 1671/354/1741 1269/361/1741 1267/359/1741
f 1247/353/1746 1244/352/1746 1671/354/1746
f 1671/354/1747 1267/359/1747 1247/353/1747
f 1671/354/1746 1244/352/1746 1245/351/1746
f 1275/1320/1748 1623/1386/1748 1620/1384/1748
f 1564/989/1749 1619/1021/1749 1621/1023/1749
f 1276/1321/1235 1275/1320/1235 1620/1384/1235
f 1276/858/1750 1620/1034/1750 1584/855/1750
f 1567/1599/1751 1619/1021/1751 1673/1685/1751
f 1567/1599/1752 1569/861/1752 1619/1021/1752
f 1673/1685/1753 1619/1021/1753 1564/989/1753
f 1673/1602/284 1675/1601/284 1567/1600/284
f 1565/1359/1754 1674/1356/1754 1673/1358/1754
f 1673/1685/1586 1564/989/1586 1565/1598/1586
f 1674/1686/284 1675/1601/284 1673/1602/284
f 1675/1350/1589 1568/1361/1589 1567/1351/1589
f 1675/1687/1755 1674/1688/1755 1568/1689/1755
f 1568/1689/1755 1674/1688/1755 1676/1690/1755
f 1676/1357/1754 1674/1356/1754 1565/1359/1754
f 1565/1602/2 1568/1601/2 1676/1686/2
f 1584/855/1756 1279/841/1756 1276/858/1756
f 1569/861/1757 1574/1604/1757 1583/856/1757
f 1582/863/1758 1575/1611/1758 1571/859/1758
f 1577/1612/284 1579/1609/284 1574/1610/284
f 1561/909/1759 1380/907/1759 1572/905/1759
f 1572/905/1631 1380/907/1631 1381/906/1631
f 1564/989/1585 1552/1028/1585 1554/978/1585
f 1561/909/1760 1383/908/1760 1380/907/1760
f 1545/1576/2 1550/1584/2 1546/1577/2
f 1531/1556/1761 1505/1519/1761 1677/1691/1761
f 1677/1527/1762 1397/1398/1762 1531/1526/1762
f 1531/1526/1763 1397/1398/1763 1395/1396/1763
f 1677/1691/1764 1505/1519/1764 1496/1499/1764
f 1677/1691/1765 1496/1499/1765 1404/1408/1765
f 1404/1404/1766 1399/1400/1766 1677/1527/1766
f 1677/1527/1767 1399/1400/1767 1397/1398/1767
f 1512/1529/1768 1507/1522/1768 1523/1539/1768
f 1492/1496/1769 1508/1524/1769 1510/1525/1769
f 1487/1490/1770 1492/1496/1770 1510/1525/1770
f 1492/1496/1771 1498/1502/1771 1508/1524/1771
f 1505/1519/1772 1499/1501/1772 1496/1499/1772
f 1501/1509/284 1503/1507/284 1498/1508/284
f 1490/1692/1773 1678/1693/1773 1491/1694/1773
f 1491/1695/2 1678/1696/2 1483/1697/2
f 1679/1698/1774 1681/1699/1774 1678/1700/1774
f 1679/1701/1773 1678/1693/1773 1490/1692/1773
f 1483/1697/2 1678/1696/2 1680/1702/2
f 1678/1700/1774 1681/1699/1774 1680/1703/1774
f 1483/1704/1775 1681/1705/1775 1484/1706/1775
f 1680/1707/1775 1681/1705/1775 1483/1704/1775
f 1681/1702/284 1679/1696/284 1484/1697/284
f 1484/1697/284 1679/1696/284 1490/1695/284
f 1403/1406/1776 1481/1487/1776 1406/1410/1776
f 1406/1410/1777 1481/1487/1777 1471/1472/1777
f 1474/446/1778 1471/1472/1778 1481/1487/1778
f 1473/451/1779 1480/1485/1779 1203/1291/1779
f 1203/1291/1780 1480/1485/1780 1204/1292/1780
f 1406/1410/1781 1471/1472/1781 1408/1412/1781
f 1468/1468/1782 1682/1708/1782 1410/1414/1782
f 1408/1412/1783 1468/1468/1783 1410/1414/1783
f 1468/1468/1784 1466/1469/1784 1682/1708/1784
f 1410/1414/1785 1682/1708/1785 1683/1709/1785
f 1682/1708/1786 1466/1469/1786 1683/1709/1786
f 1410/1414/1787 1683/1709/1787 1684/1710/1787
f 1684/1710/1788 1683/1709/1788 1447/1440/1788
f 1683/1709/1789 1449/553/1789 1447/1440/1789
f 1683/1709/1790 1460/611/1790 1449/553/1790
f 1683/1709/1791 1466/1469/1791 1460/611/1791
f 1684/1710/1792 1411/1415/1792 1410/1414/1792
f 1684/1710/1793 1447/1440/1793 1445/1438/1793
f 1445/1438/1794 1414/1711/1794 1684/1710/1794
f 1684/1710/1792 1414/1711/1792 1411/1415/1792
f 1466/1456/2 1463/1455/2 1460/1457/2
f 1462/612/1795 1202/1290/1795 1459/1454/1795
f 1459/1454/1784 1200/1288/1784 1199/1287/1784
f 1459/1454/1796 1202/1290/1796 1200/1288/1796
f 1199/1287/1797 1192/1277/1797 1455/1451/1797
f 1451/1712/1798 1452/1713/1798 1443/1714/1798
f 1443/1714/1798 1452/1713/1798 1444/1715/1798
f 1430/1421/1799 1421/1716/1799 1445/1438/1799
f 1445/1438/1800 1421/1716/1800 1414/1711/1800
f 1444/560/1801 1191/1276/1801 1189/1274/1801
f 1188/1273/1802 1433/1424/1802 1434/585/1802
f 1165/1252/1803 1433/1424/1803 1168/1257/1803
f 1165/1252/1434 1155/1241/1434 1433/1424/1434
f 1188/1273/1162 1168/1257/1162 1433/1424/1162
f 1430/1421/1799 1420/1420/1799 1421/1716/1799
f 1421/1280/1413 1415/1284/1413 1414/1282/1413
f 1418/1416/1408 266/308/1408 268/311/1408
f 1381/1321/1361 1375/1316/1361 1374/1319/1361
f 1378/1315/1358 325/368/1358 327/370/1358
f 1365/722/1804 1364/1381/1804 1292/723/1804
f 1362/1379/1805 1685/1717/1805 1364/1381/1805
f 1292/723/1253 1364/1381/1253 1293/729/1253
f 1364/1381/1806 1685/1717/1806 1686/1718/1806
f 1364/1381/1807 1686/1718/1807 1687/1719/1807
f 1293/729/1807 1364/1381/1807 1687/1719/1807
f 1688/730/1808 1687/1719/1808 1689/1720/1808
f 1293/729/1809 1687/1719/1809 1688/730/1809
f 1687/1721/284 1690/1722/284 1689/1723/284
f 1686/1636/1810 1690/1641/1810 1687/1634/1810
f 1689/1723/284 1690/1722/284 1692/1724/284
f 1693/1725/1811 1690/1726/1811 1691/1727/1811
f 1691/1635/1810 1690/1641/1810 1686/1636/1810
f 1692/1728/1811 1690/1726/1811 1693/1725/1811
f 1692/1631/1812 1693/1630/1812 1694/1633/1812
f 1694/1633/1812 1693/1630/1812 1695/1632/1812
f 1693/1724/2 1685/1723/2 1695/1729/2
f 1691/1722/2 1686/1721/2 1693/1724/2
f 1693/1724/2 1686/1721/2 1685/1723/2
f 1696/1730/1813 1695/1731/1813 1697/1732/1813
f 1696/1730/1813 1694/1733/1813 1695/1731/1813
f 1697/1732/1814 1695/1731/1814 1361/1378/1814
f 1361/1378/1815 1695/1731/1815 1362/1379/1815
f 1362/1379/1816 1695/1731/1816 1685/1717/1816
f 1698/1734/2 1700/1735/2 1697/1736/2
f 1697/1732/1817 1699/1737/1817 1698/1738/1817
f 1697/1732/1818 1361/1378/1818 1699/1737/1818
f 1697/1620/1819 1701/1617/1819 1696/1619/1819
f 1700/1618/1819 1701/1617/1819 1697/1620/1819
f 1701/1735/284 1323/1734/284 1696/1736/284
f 1703/1739/1820 1701/1740/1820 1700/1741/1820
f 1702/1742/284 1326/1743/284 1701/1735/284
f 1702/1744/1820 1701/1740/1820 1703/1739/1820
f 1701/1735/284 1326/1743/284 1323/1734/284
f 1327/1743/2 1703/1742/2 1698/1734/2
f 1326/1607/1821 1703/1613/1821 1327/1605/1821
f 1698/1734/2 1703/1742/2 1700/1735/2
f 1702/1606/1821 1703/1613/1821 1326/1607/1821
f 1348/1368/1337 1699/1737/1337 1361/1378/1337
f 1347/1367/1822 1699/1737/1822 1348/1368/1822
f 1698/1738/1289 1699/1737/1289 1347/1367/1289
f 1698/1738/1823 1347/1367/1823 1327/1342/1823
f 1704/1745/1824 1694/1733/1824 1696/1730/1824
f 1704/1745/1825 1696/1730/1825 1321/1336/1825
f 1321/1336/1826 1696/1730/1826 1323/1338/1826
f 1321/1336/1286 1295/732/1286 1704/1745/1286
f 1295/732/1827 1688/730/1827 1704/1745/1827
f 1688/730/1828 1689/1720/1828 1704/1745/1828
f 1704/1745/1829 1689/1720/1829 1694/1733/1829
f 1689/1723/1830 1692/1724/1830 1694/1729/1830
f 1295/732/1831 1293/729/1831 1688/730/1831
f 1705/669/1832 1351/668/1832 1706/670/1832
f 1345/673/1833 1351/668/1833 1705/669/1833
f 1351/1372/1325 374/416/1325 1706/1746/1325
f 1705/669/1834 1706/670/1834 1707/667/1834
f 1707/1747/1835 1706/1746/1835 1708/1748/1835
f 1706/1746/1836 375/417/1836 1708/1748/1836
f 1706/1746/1836 374/416/1836 375/417/1836
f 1709/1749/1837 1708/1748/1837 1710/1750/1837
f 1707/1747/1835 1708/1748/1835 1709/1749/1835
f 1708/1748/1838 377/419/1838 1710/1750/1838
f 1708/1748/1839 375/417/1839 377/419/1839
f 1711/1751/1840 1710/1750/1840 1712/1752/1840
f 1709/1749/1841 1710/1750/1841 1711/1751/1841
f 1710/1750/1842 379/421/1842 1712/1752/1842
f 1710/1750/1843 377/419/1843 379/421/1843
f 1711/1751/1840 1712/1752/1840 1713/1753/1840
f 1712/1752/1844 381/423/1844 384/426/1844
f 1713/1753/1845 1712/1752/1845 384/426/1845
f 1712/1752/1846 379/421/1846 381/423/1846
f 1713/1753/1845 384/426/1845 1714/1754/1845
f 1714/1755/1847 1715/1756/1847 1713/1757/1847
f 1715/1756/1848 1716/1758/1848 1713/1757/1848
f 1713/807/1849 1716/805/1849 1717/783/1849
f 1713/807/1850 1717/783/1850 1711/781/1850
f 1717/783/1851 1716/805/1851 1722/1759/1851
f 1711/781/1852 1717/783/1852 1718/782/1852
f 1719/787/1853 1718/782/1853 1717/783/1853
f 1720/1760/1854 1719/787/1854 1717/783/1854
f 1720/1760/1854 1717/783/1854 1721/1761/1854
f 1721/1555/1855 1717/1762/1855 1722/1554/1855
f 1723/1763/1856 1724/1764/1856 1722/1759/1856
f 1722/1554/1857 1715/1756/1857 1723/1539/1857
f 1722/1554/1858 1716/1758/1858 1715/1756/1858
f 1722/1765/2 1724/1766/2 1721/1767/2
f 1721/1767/2 1724/1766/2 1725/1768/2
f 1724/1548/1859 1726/1544/1859 1725/1546/1859
f 1727/1769/1856 1724/1764/1856 1723/1763/1856
f 1727/1545/1859 1726/1544/1859 1724/1548/1859
f 1720/1767/284 1727/1766/284 1723/1765/284
f 1726/1768/284 1727/1766/284 1720/1767/284
f 1725/1770/1860 1726/1771/1860 1721/1761/1860
f 1721/1761/1860 1726/1771/1860 1720/1760/1860
f 1720/1540/1861 1723/1539/1861 1729/1772/1861
f 1723/1539/1862 1728/1773/1862 1729/1772/1862
f 1723/1539/1857 1715/1756/1857 1728/1773/1857
f 1729/812/1863 1731/820/1863 1719/787/1863
f 1729/812/1864 1719/787/1864 1720/1760/1864
f 1729/1772/1865 1728/1773/1865 1730/1774/1865
f 1730/815/1866 1731/820/1866 1729/812/1866
f 1730/1753/1867 1735/1750/1867 1731/1751/1867
f 1731/820/1868 1732/785/1868 1719/787/1868
f 1731/820/1869 1734/751/1869 1732/785/1869
f 1733/753/1870 1734/751/1870 1731/820/1870
f 1731/1751/1871 1736/1748/1871 1733/1749/1871
f 1735/1750/1871 1736/1748/1871 1731/1751/1871
f 1738/1746/1872 1733/1749/1872 1736/1748/1872
f 1739/416/1873 1736/1748/1873 1737/417/1873
f 1735/1750/1874 1737/417/1874 1736/1748/1874
f 1738/1746/1873 1736/1748/1873 1739/416/1873
f 1739/416/1875 1742/1371/1875 1738/1746/1875
f 1740/413/1876 1741/412/1876 1739/416/1876
f 1739/416/1877 1737/417/1877 1740/413/1877
f 1739/416/1876 1741/412/1876 1742/1371/1876
f 1738/1746/1878 1742/1371/1878 1744/1372/1878
f 1743/1369/1879 1742/1371/1879 1745/1373/1879
f 1743/1369/1880 1744/1372/1880 1742/1371/1880
f 1745/1373/1879 1742/1371/1879 1741/412/1879
f 1745/1373/1881 1741/412/1881 1746/402/1881
f 1746/402/1882 1747/397/1882 1745/1373/1882
f 1745/1373/1882 1747/397/1882 1748/1374/1882
f 1745/1373/1883 1748/1374/1883 1743/1369/1883
f 1743/1369/1884 1748/1374/1884 1315/1332/1884
f 1313/393/1279 1315/1332/1279 1748/1374/1279
f 1313/393/1885 1748/1374/1885 1749/394/1885
f 1749/394/1885 1748/1374/1885 1747/397/1885
f 1749/394/1275 1310/387/1275 1313/393/1275
f 1749/394/1886 1750/386/1886 1310/387/1886
f 1751/395/1886 1750/386/1886 1749/394/1886
f 1749/394/1887 1747/397/1887 1751/395/1887
f 1751/395/1888 1754/1775/1888 1750/386/1888
f 1752/1776/1889 1754/1775/1889 1751/395/1889
f 1751/395/1890 1753/396/1890 1752/1776/1890
f 1751/395/1887 1747/397/1887 1753/396/1887
f 1754/1775/1891 1755/379/1891 1750/386/1891
f 1756/1777/284 1755/379/284 1754/1775/284
f 1754/1775/284 1752/1776/284 1757/1778/284
f 1756/1777/284 1754/1775/284 1757/1778/284
f 1757/1778/284 1758/400/284 1759/406/284
f 1757/1778/284 1752/1776/284 1758/400/284
f 768/837/1892 1756/1039/1892 1757/838/1892
f 768/837/1893 1757/838/1893 773/833/1893
f 773/833/1893 1757/838/1893 1759/835/1893
f 1759/406/284 1760/398/284 1762/401/284
f 1759/406/284 1758/400/284 1760/398/284
f 778/836/1894 1759/835/1894 1761/834/1894
f 1761/404/284 1759/406/284 1762/401/284
f 773/833/1894 1759/835/1894 778/836/1894
f 1760/398/1895 1765/403/1895 1762/401/1895
f 1763/408/1896 1762/401/1896 1765/403/1896
f 1764/405/1896 1762/401/1896 1763/408/1896
f 1762/401/284 1764/405/284 1761/404/284
f 1767/399/1897 1766/409/1897 1765/403/1897
f 1768/411/1898 1765/403/1898 1766/409/1898
f 1767/399/1895 1765/403/1895 1760/398/1895
f 1763/408/1898 1765/403/1898 1768/411/1898
f 1768/411/1899 1769/414/1899 1763/408/1899
f 1768/411/1900 1770/415/1900 1769/414/1900
f 1768/411/1901 1766/409/1901 1740/413/1901
f 1740/413/1900 1770/415/1900 1768/411/1900
f 1771/418/1902 1769/414/1902 1770/415/1902
f 1771/418/1903 1770/415/1903 1772/419/1903
f 1772/419/1903 1770/415/1903 1737/417/1903
f 1740/413/1904 1737/417/1904 1770/415/1904
f 1773/421/1905 1771/418/1905 1772/419/1905
f 1772/419/1906 1737/417/1906 1735/1750/1906
f 1774/1752/1907 1772/419/1907 1735/1750/1907
f 1773/421/1908 1772/419/1908 1774/1752/1908
f 1774/1752/1867 1735/1750/1867 1730/1753/1867
f 1730/1753/1909 1775/1754/1909 1774/1752/1909
f 1774/1752/1910 425/426/1910 1773/421/1910
f 1774/1752/1909 1775/1754/1909 425/426/1909
f 1730/1774/1911 1728/1773/1911 1775/1779/1911
f 1728/1773/1912 1776/1780/1912 1775/1779/1912
f 1775/1779/1913 1776/1780/1913 422/477/1913
f 422/481/303 425/426/303 1775/1754/303
f 1777/1520/1914 1776/1780/1914 1728/1773/1914
f 1777/1520/1915 1778/1781/1915 1776/1780/1915
f 422/477/1916 1776/1780/1916 1778/1781/1916
f 422/477/1917 1778/1781/1917 1779/1782/1917
f 1780/1783/1918 1779/1782/1918 1778/1781/1918
f 1780/1783/1919 1778/1781/1919 1777/1520/1919
f 1781/1502/1920 1779/1782/1920 1780/1783/1920
f 1777/1784/284 1782/1785/284 1780/1786/284
f 1780/1786/284 1783/1787/284 1781/1788/284
f 1780/1786/284 1782/1785/284 1783/1787/284
f 1783/1512/1921 1782/1514/1921 1784/1513/1921
f 1783/1789/1922 1784/1790/1922 1781/1791/1922
f 1784/1787/2 1785/1784/2 1788/1786/2
f 1787/1785/2 1785/1784/2 1784/1787/2
f 1781/1791/1922 1784/1790/1922 1786/1792/1922
f 1784/1787/2 1788/1786/2 1786/1788/2
f 1784/1513/1921 1782/1514/1921 1787/1511/1921
f 1789/1793/1923 1788/1794/1923 1790/1795/1923
f 1789/1793/1924 1786/1500/1924 1788/1794/1924
f 1790/1795/1925 1788/1794/1925 1785/1501/1925
f 1789/1793/1926 1790/1795/1926 1714/1755/1926
f 1714/1755/1927 1790/1795/1927 1715/1756/1927
f 1790/1795/1928 1785/1501/1928 1715/1756/1928
f 1791/1796/1929 1786/1500/1929 1789/1793/1929
f 1792/1797/1930 1791/1796/1930 1789/1793/1930
f 1792/1797/1931 1789/1793/1931 1714/1755/1931
f 1792/1797/1932 387/1798/1932 1793/1799/1932
f 1793/1799/1933 1794/1800/1933 1792/1797/1933
f 1794/1800/1934 1791/1796/1934 1792/1797/1934
f 1714/1754/1935 385/427/1935 1792/481/1935
f 1792/1797/1936 385/1801/1936 387/1798/1936
f 1795/1802/1937 1796/1803/1937 1794/1800/1937
f 1793/1799/1938 1795/1802/1938 1794/1800/1938
f 1794/1800/1939 1796/1803/1939 1791/1796/1939
f 1791/1796/1940 1796/1803/1940 1797/1494/1940
f 1795/1802/1941 418/472/1941 1796/1803/1941
f 418/1804/2 1798/1805/2 1796/1806/2
f 1796/1806/2 1799/1807/2 1797/1808/2
f 1796/1806/2 1798/1805/2 1799/1807/2
f 1798/1703/1942 1800/1698/1942 1799/1700/1942
f 1799/1809/1943 1800/1810/1943 1797/1811/1943
f 1800/1807/284 415/1806/284 1801/1808/284
f 1797/1811/1943 1800/1810/1943 1801/1812/1943
f 1802/1805/284 416/1804/284 1800/1807/284
f 1802/1699/1942 1800/1698/1942 1798/1703/1942
f 1800/1807/284 416/1804/284 415/1806/284
f 1802/1813/1944 1798/1814/1944 416/1815/1944
f 1781/1502/1945 1801/1493/1945 1779/1782/1945
f 1779/1782/1946 1801/1493/1946 420/478/1946
f 420/478/1947 1801/1493/1947 415/474/1947
f 1786/1500/1948 1801/1493/1948 1781/1502/1948
f 1786/1500/1948 1797/1494/1948 1801/1493/1948
f 416/1815/1944 1798/1814/1944 418/1816/1944
f 1791/1796/1949 1797/1494/1949 1786/1500/1949
f 394/436/1950 1795/1802/1950 1793/1799/1950
f 394/436/1950 411/468/1950 1795/1802/1950
f 411/468/1951 418/472/1951 1795/1802/1951
f 1793/1799/1952 389/439/1952 394/436/1952
f 1793/1799/1953 387/1798/1953 389/439/1953
f 1787/1817/1954 1782/1818/1954 1785/1819/1954
f 1785/1819/1954 1782/1818/1954 1777/1820/1954
f 1715/1756/1955 1785/1501/1955 1777/1520/1955
f 1779/1782/1956 420/478/1956 422/477/1956
f 1715/1756/1955 1777/1520/1955 1728/1773/1955
f 1773/421/1957 424/423/1957 1803/420/1957
f 1773/421/1910 425/426/1910 424/423/1910
f 1803/420/1905 1771/418/1905 1773/421/1905
f 1803/420/1957 424/423/1957 428/422/1957
f 1803/420/1958 1804/76/1958 1771/418/1958
f 1805/77/1958 1804/76/1958 1803/420/1958
f 1803/420/1959 428/422/1959 1805/77/1959
f 1805/77/1960 1808/75/1960 1804/76/1960
f 1805/77/1961 1806/79/1961 1807/73/1961
f 1805/77/1962 428/422/1962 1806/79/1962
f 1807/73/1960 1808/75/1960 1805/77/1960
f 1807/73/1963 1809/74/1963 1808/75/1963
f 1809/74/1964 1810/407/1964 1808/75/1964
f 1808/75/1964 1810/407/1964 1811/410/1964
f 1808/75/1965 1811/410/1965 1804/76/1965
f 1764/405/1966 1811/410/1966 1810/407/1966
f 1804/76/1965 1811/410/1965 1769/414/1965
f 1763/408/1899 1769/414/1899 1811/410/1899
f 1763/408/1966 1811/410/1966 1764/405/1966
f 1812/72/284 1810/407/284 1809/74/284
f 1761/404/284 1764/405/284 1810/407/284
f 1761/404/284 1810/407/284 1812/72/284
f 788/1821/1967 1812/1822/1967 1813/1823/1967
f 1814/71/284 1813/68/284 1812/72/284
f 783/1824/1968 1761/834/1968 1812/1825/1968
f 1812/72/284 1809/74/284 1814/71/284
f 783/1826/1969 1812/1822/1969 788/1821/1969
f 1814/71/284 1815/67/284 1813/68/284
f 1814/71/1970 1816/78/1970 1815/67/1970
f 1807/73/1970 1816/78/1970 1814/71/1970
f 1814/71/1963 1809/74/1963 1807/73/1963
f 1817/80/1971 1815/67/1971 1816/78/1971
f 1817/80/1972 1816/78/1972 433/81/1972
f 433/81/1972 1816/78/1972 1806/79/1972
f 1807/73/1961 1806/79/1961 1816/78/1961
f 1818/66/1971 1815/67/1971 1817/80/1971
f 433/81/1973 434/90/1973 1817/80/1973
f 1817/80/1973 434/90/1973 440/82/1973
f 1817/80/1974 440/82/1974 1818/66/1974
f 1813/68/284 1815/67/284 1818/66/284
f 1818/66/1974 440/82/1974 1819/83/1974
f 1820/69/284 1818/66/284 1819/83/284
f 1813/68/284 1818/66/284 1820/69/284
f 753/1827/1975 1813/1823/1975 1820/1828/1975
f 1820/69/284 1819/83/284 1821/87/284
f 758/1829/1976 1820/1828/1976 1821/1830/1976
f 753/1827/1976 1820/1828/1976 758/1829/1976
f 763/1831/1977 1821/1830/1977 1822/1832/1977
f 1821/87/284 1824/86/284 1822/100/284
f 1821/87/284 1823/84/284 1824/86/284
f 1821/87/284 1819/83/284 1823/84/284
f 758/1829/1977 1821/1830/1977 763/1831/1977
f 1822/100/284 1824/86/284 1825/97/284
f 1824/86/1978 452/96/1978 1825/97/1978
f 442/88/1978 452/96/1978 1824/86/1978
f 1823/84/1979 442/88/1979 1824/86/1979
f 451/99/1980 1825/97/1980 452/96/1980
f 1822/100/284 1825/97/284 1826/98/284
f 1826/98/1980 1825/97/1980 451/99/1980
f 749/101/284 1826/98/284 1827/102/284
f 1826/98/1981 454/103/1981 1827/102/1981
f 451/99/1981 454/103/1981 1826/98/1981
f 1822/100/284 1826/98/284 749/101/284
f 749/101/284 1827/102/284 747/104/284
f 747/104/1982 1827/102/1982 1828/107/1982
f 1828/107/1982 1827/102/1982 454/103/1982
f 1829/109/1983 747/104/1983 1828/107/1983
f 1828/107/1984 454/103/1984 455/108/1984
f 1830/111/1985 1828/107/1985 455/108/1985
f 1829/109/1985 1828/107/1985 1830/111/1985
f 1831/114/1986 1829/109/1986 1830/111/1986
f 1832/539/1987 1830/111/1987 458/489/1987
f 1830/111/334 455/108/334 458/489/334
f 1831/114/1987 1830/111/1987 1832/539/1987
f 1832/539/336 458/489/336 461/491/336
f 461/491/1988 1833/532/1988 1832/539/1988
f 1832/539/1988 1833/532/1988 1834/538/1988
f 1832/539/1989 1834/538/1989 1831/114/1989
f 1833/532/1990 1837/533/1990 1834/538/1990
f 1831/114/1991 1834/538/1991 1835/122/1991
f 1834/538/1992 1836/537/1992 1835/122/1992
f 1834/538/1993 1837/533/1993 1836/537/1993
f 1838/633/1994 1837/533/1994 1840/534/1994
f 1839/536/1995 1837/533/1995 1838/633/1995
f 1839/536/1996 1836/537/1996 1837/533/1996
f 1833/532/1997 1840/534/1997 1837/533/1997
f 464/495/1998 1841/1833/1998 1840/1834/1998
f 1842/1835/1999 1840/1834/1999 1841/1833/1999
f 1838/1836/1999 1840/1834/1999 1842/1835/1999
f 464/497/1997 1840/534/1997 1833/532/1997
f 1842/1835/2000 1843/1837/2000 1845/1838/2000
f 1844/1839/2001 1843/1837/2001 1842/1835/2001
f 1842/1835/2002 1841/1833/2002 1844/1839/2002
f 1842/1835/2003 1845/1838/2003 1838/1836/2003
f 1843/1837/2004 1848/1840/2004 1845/1838/2004
f 1845/1838/2005 1848/1840/2005 1846/1841/2005
f 1846/1841/2006 1847/1842/2006 1845/1838/2006
f 1838/1836/2007 1845/1838/2007 1847/1842/2007
f 1850/1197/2008 1848/1840/2008 1843/1837/2008
f 1849/1192/2009 1848/1840/2009 1850/1197/2009
f 1849/1192/2010 1851/1843/2010 1848/1840/2010
f 1846/1841/2011 1848/1840/2011 1851/1843/2011
f 1853/1844/2012 1852/1165/2012 1851/1843/2012
f 1852/1165/2012 1854/1167/2012 1851/1843/2012
f 1856/1196/2013 1853/1844/2013 1851/1843/2013
f 1851/1843/2014 1854/1167/2014 1855/1845/2014
f 1846/1841/2015 1851/1843/2015 1855/1845/2015
f 1856/1196/2013 1851/1843/2013 1849/1192/2013
f 1849/1846/2016 1858/1847/2016 1856/1848/2016
f 1856/1849/2 1858/1850/2 1857/1851/2
f 1857/1211/2017 1860/1852/2017 1856/1196/2017
f 1859/1853/2018 1853/1844/2018 1856/1196/2018
f 1856/1196/2019 1860/1852/2019 1859/1853/2019
f 567/643/2020 1860/1852/2020 1861/1854/2020
f 567/643/2021 1859/1853/2021 1860/1852/2021
f 1860/1852/2022 1862/1855/2022 1861/1854/2022
f 1860/1852/2023 1843/1837/2023 1862/1855/2023
f 1857/1211/2024 1843/1837/2024 1860/1852/2024
f 1861/1854/2025 1862/1855/2025 1863/1856/2025
f 1863/1856/2026 1862/1855/2026 1864/1216/2026
f 1862/1855/2023 1843/1837/2023 1844/1839/2023
f 1864/1216/2027 1862/1855/2027 1844/1839/2027
f 1864/1857/2 1867/1858/2 1865/1859/2
f 1865/1860/2028 1863/1856/2028 1864/1216/2028
f 1864/1216/2027 1844/1839/2027 1866/1213/2027
f 1866/1861/2029 1867/1862/2029 1864/1863/2029
f 1865/1859/2 1867/1858/2 1868/1864/2
f 1867/1232/2030 1869/1228/2030 1868/1230/2030
f 1870/1865/2029 1867/1862/2029 1866/1861/2029
f 1870/1229/2030 1869/1228/2030 1867/1232/2030
f 1870/1858/284 1866/1857/284 1869/1864/284
f 1868/1866/2031 1869/1867/2031 1871/1868/2031
f 1871/1868/2031 1869/1867/2031 1872/1869/2031
f 1869/1864/284 1873/1859/284 1872/1870/284
f 1869/1864/284 1866/1857/284 1873/1859/284
f 1866/1213/2032 1874/1871/2032 1873/1872/2032
f 1873/1872/2033 1875/1873/2033 1872/1217/2033
f 1873/1872/2034 1874/1871/2034 1875/1873/2034
f 1872/1217/2035 1875/1873/2035 472/505/2035
f 1875/1873/2036 1874/1871/2036 1841/1833/2036
f 472/505/2037 1875/1873/2037 463/494/2037
f 463/494/2038 1875/1873/2038 1841/1833/2038
f 1844/1839/2002 1841/1833/2002 1874/1871/2002
f 1866/1213/2039 1844/1839/2039 1874/1871/2039
f 486/529/2040 1871/1234/2040 1872/1217/2040
f 1872/1217/2040 472/505/2040 486/529/2040
f 1865/1859/2 1868/1864/2 1871/1870/2
f 1865/1860/2041 1871/1234/2041 486/529/2041
f 1865/1860/2034 1876/1874/2034 1863/1856/2034
f 486/529/2042 1876/1874/2042 1865/1860/2042
f 1877/1875/2043 1863/1856/2043 1876/1874/2043
f 1877/1875/2044 1876/1874/2044 485/528/2044
f 485/528/2045 1876/1874/2045 486/529/2045
f 1877/1875/2046 559/1876/2046 1861/1854/2046
f 1861/1854/2025 1863/1856/2025 1877/1875/2025
f 485/528/367 490/535/367 1877/1875/367
f 1877/1875/2046 490/535/2046 559/1876/2046
f 1861/1854/2047 559/1876/2047 561/644/2047
f 1861/1854/2048 561/644/2048 567/643/2048
f 1853/1844/2049 1859/1853/2049 567/643/2049
f 1878/1206/2050 1880/1205/2050 1858/1209/2050
f 1878/1877/2016 1858/1847/2016 1849/1846/2016
f 1857/1851/2 1858/1850/2 1879/1878/2
f 1858/1209/2050 1880/1205/2050 1879/1207/2050
f 1879/1879/2051 1880/1880/2051 1857/1881/2051
f 1880/1878/284 1878/1850/284 1850/1851/284
f 1857/1881/2051 1880/1880/2051 1850/1882/2051
f 1850/1851/284 1878/1850/284 1849/1849/284
f 1850/1197/2024 1843/1837/2024 1857/1211/2024
f 1855/1845/2052 1854/1167/2052 1881/1883/2052
f 1881/1883/2053 1846/1841/2053 1855/1845/2053
f 1881/1883/2054 1882/1185/2054 1883/1168/2054
f 1881/1883/2055 1854/1167/2055 1882/1185/2055
f 1886/1884/2054 1881/1883/2054 1883/1168/2054
f 1884/1885/2053 1846/1841/2053 1881/1883/2053
f 1881/1883/2056 1885/1886/2056 1884/1885/2056
f 1885/1886/2057 1881/1883/2057 1886/1884/2057
f 569/646/2058 1886/1884/2058 1887/1887/2058
f 1888/1888/2059 1886/1884/2059 569/646/2059
f 1886/1884/2060 1883/1168/2060 1887/1887/2060
f 1888/1888/2057 1885/1886/2057 1886/1884/2057
f 1889/1889/2061 1888/1888/2061 569/646/2061
f 1889/1889/2062 1890/1890/2062 1888/1888/2062
f 1888/1888/2063 1890/1890/2063 1891/1089/2063
f 1891/1089/2064 1892/1079/2064 1888/1888/2064
f 1888/1888/2065 1892/1079/2065 1885/1886/2065
f 1892/1891/2066 1895/1892/2066 1893/1893/2066
f 1893/1080/2065 1885/1886/2065 1892/1079/2065
f 1891/1894/2 1896/1895/2 1892/1896/2
f 1892/1896/2 1896/1895/2 1894/1897/2
f 1894/1898/2066 1895/1892/2066 1892/1891/2066
f 1897/1096/2067 1895/1101/2067 1896/1097/2067
f 1897/1899/2068 1896/1900/2068 1898/1901/2068
f 1898/1901/2068 1896/1900/2068 1891/1902/2068
f 1896/1097/2067 1895/1101/2067 1894/1095/2067
f 1898/1103/2069 1899/1903/2069 1901/1904/2069
f 1898/1103/2070 1900/1905/2070 1899/1903/2070
f 1891/1089/2070 1900/1905/2070 1898/1103/2070
f 1893/1896/284 1897/1895/284 1898/1894/284
f 1898/1103/2071 1901/1904/2071 1893/1080/2071
f 1901/1904/2072 1899/1903/2072 1902/1906/2072
f 1893/1080/2073 1901/1904/2073 1885/1886/2073
f 1885/1886/2074 1901/1904/2074 1902/1906/2074
f 1884/1885/2075 1885/1886/2075 1902/1906/2075
f 1902/1906/2076 1899/1903/2076 715/816/2076
f 1902/1907/2077 715/817/2077 720/649/2077
f 1903/1908/2078 1902/1906/2078 720/1909/2078
f 1884/1885/2079 1902/1906/2079 1903/1908/2079
f 1903/1908/2080 1905/1910/2080 1884/1885/2080
f 723/638/2081 1904/636/2081 1903/645/2081
f 1903/645/663 720/649/663 723/638/663
f 1903/645/2082 1904/636/2082 1905/639/2082
f 1904/636/2083 1906/634/2083 1905/639/2083
f 1905/639/2084 1906/634/2084 1847/635/2084
f 1905/1910/2085 1847/1842/2085 1846/1841/2085
f 1884/1885/2080 1905/1910/2080 1846/1841/2080
f 1908/131/2086 1906/634/2086 1907/132/2086
f 1904/636/2087 1907/132/2087 1906/634/2087
f 1839/536/2088 1847/635/2088 1906/634/2088
f 1839/536/2086 1906/634/2086 1908/131/2086
f 1908/131/2089 1907/132/2089 1909/127/2089
f 1908/131/1996 1836/537/1996 1839/536/1996
f 1909/127/2090 1910/123/2090 1908/131/2090
f 1908/131/2090 1910/123/2090 1836/537/2090
f 1912/115/2091 1910/123/2091 1911/121/2091
f 1909/127/2092 1911/121/2092 1910/123/2092
f 1835/122/1992 1836/537/1992 1910/123/1992
f 1835/122/2093 1910/123/2093 1912/115/2093
f 1913/112/2094 1835/122/2094 1912/115/2094
f 1912/115/2095 1911/121/2095 745/116/2095
f 744/113/2096 1912/115/2096 745/116/2096
f 1913/112/2096 1912/115/2096 744/113/2096
f 1913/112/1986 1829/109/1986 1831/114/1986
f 1831/114/2097 1835/122/2097 1913/112/2097
f 1913/112/2098 748/110/2098 1829/109/2098
f 744/113/2098 748/110/2098 1913/112/2098
f 735/124/2092 1911/121/2092 1909/127/2092
f 735/124/675 737/118/675 1911/121/675
f 745/116/2095 1911/121/2095 737/118/2095
f 1909/127/673 734/130/673 735/124/673
f 1909/127/2089 1907/132/2089 734/130/2089
f 726/134/2099 734/130/2099 1907/132/2099
f 726/134/2087 1907/132/2087 1904/636/2087
f 723/638/2100 726/134/2100 1904/636/2100
f 1915/1107/2101 1900/1905/2101 1914/1911/2101
f 1889/1889/2102 1914/1911/2102 1900/1905/2102
f 1900/1905/2103 1890/1890/2103 1889/1889/2103
f 1891/1089/2104 1890/1890/2104 1900/1905/2104
f 1899/1903/2105 1900/1905/2105 1915/1107/2105
f 1915/1107/2105 1916/1108/2105 1899/1903/2105
f 1915/1912/2106 1919/1913/2106 1916/1914/2106
f 1917/1915/2 1920/1916/2 1915/1917/2
f 1915/1107/2107 1914/1911/2107 1917/1129/2107
f 1915/1917/2 1920/1916/2 1918/1918/2
f 1918/1919/2106 1919/1913/2106 1915/1912/2106
f 1920/1124/2108 1919/1119/2108 1918/1121/2108
f 1922/1920/2109 1920/1921/2109 1917/1922/2109
f 1921/1120/2108 1919/1119/2108 1920/1124/2108
f 1921/1923/2109 1920/1921/2109 1922/1920/2109
f 1922/1130/2110 711/810/2110 713/813/2110
f 1917/1129/2110 711/810/2110 1922/1130/2110
f 1922/1130/2111 713/813/2111 1916/1108/2111
f 1916/1917/284 1921/1916/284 1922/1915/284
f 1919/1918/284 1921/1916/284 1916/1917/284
f 1917/1129/2112 1914/1911/2112 711/810/2112
f 1916/1108/2113 1923/1924/2113 1899/1903/2113
f 1916/1108/2114 713/813/2114 1923/1924/2114
f 1923/1924/2115 713/813/2115 715/816/2115
f 1899/1903/2116 1923/1924/2116 715/816/2116
f 1924/1925/2117 711/810/2117 1914/1911/2117
f 1924/1925/2118 1914/1911/2118 1889/1889/2118
f 1924/817/2119 579/657/2119 710/818/2119
f 710/808/2120 711/810/2120 1924/1925/2120
f 1889/1907/2121 1925/819/2121 1924/817/2121
f 1924/817/2119 1925/819/2119 579/657/2119
f 1925/819/2122 576/654/2122 579/657/2122
f 1925/819/2123 572/652/2123 576/654/2123
f 570/649/499 572/652/499 1925/819/499
f 1889/1907/2121 570/649/2121 1925/819/2121
f 1895/1897/284 1897/1895/284 1893/1896/284
f 569/646/2124 570/647/2124 1889/1889/2124
f 569/646/2058 1887/1887/2058 566/640/2058
f 566/640/2125 1887/1887/2125 1853/1844/2125
f 1887/1887/2126 1852/1165/2126 1853/1844/2126
f 1887/1887/2127 1883/1168/2127 1852/1165/2127
f 1882/1926/2128 1926/1927/2128 1883/1928/2128
f 1883/1929/2 1926/1930/2 1852/1931/2
f 1929/1932/2128 1926/1927/2128 1882/1926/2128
f 1852/1931/2 1926/1930/2 1927/1933/2
f 1926/1180/2129 1928/1175/2129 1927/1177/2129
f 1929/1176/2129 1928/1175/2129 1926/1180/2129
f 1854/1931/284 1929/1930/284 1882/1929/284
f 1928/1933/284 1929/1930/284 1854/1931/284
f 1927/1934/2130 1928/1935/2130 1852/1936/2130
f 1852/1936/2130 1928/1935/2130 1854/1937/2130
f 566/640/2131 1853/1844/2131 567/643/2131
f 1838/633/2132 1847/635/2132 1839/536/2132
f 463/494/1998 1841/1833/1998 464/495/1998
f 461/491/341 464/497/341 1833/532/341
f 748/110/1983 747/104/1983 1829/109/1983
f 1823/84/2133 1819/83/2133 439/85/2133
f 439/85/1979 442/88/1979 1823/84/1979
f 763/1831/2134 1822/1832/2134 751/832/2134
f 751/832/2134 1822/1832/2134 749/831/2134
f 439/85/2133 1819/83/2133 440/82/2133
f 788/1821/1975 1813/1823/1975 753/1827/1975
f 433/81/2135 1806/79/2135 427/424/2135
f 427/424/2135 1806/79/2135 428/422/2135
f 1804/76/2136 1769/414/2136 1771/418/2136
f 1760/398/2137 1758/400/2137 1767/399/2137
f 1767/399/2137 1758/400/2137 1753/396/2137
f 1767/399/2138 1753/396/2138 1746/402/2138
f 1746/402/1897 1766/409/1897 1767/399/1897
f 1746/402/1881 1741/412/1881 1766/409/1881
f 1740/413/1901 1766/409/1901 1741/412/1901
f 778/836/1968 1761/834/1968 783/1824/1968
f 1752/1776/1890 1753/396/1890 1758/400/1890
f 764/1040/1892 1756/1039/1892 768/837/1892
f 764/1040/2139 1256/1036/2139 1756/1039/2139
f 1256/376/284 1755/379/284 1756/1777/284
f 1750/386/1891 1755/379/1891 1309/380/1891
f 1930/377/2140 1309/380/2140 1755/379/2140
f 1256/376/284 1930/377/284 1755/379/284
f 1930/377/2141 1255/372/2141 1307/378/2141
f 1307/378/2140 1309/380/2140 1930/377/2140
f 1255/372/284 1930/377/284 1256/376/284
f 1746/402/2138 1753/396/2138 1747/397/2138
f 1750/386/1272 1309/380/1272 1310/387/1272
f 1931/747/2142 1744/742/2142 1332/746/2142
f 1738/749/2143 1744/742/2143 1931/747/2143
f 1330/1370/2144 1744/1372/2144 1743/1369/2144
f 1330/739/1298 1332/746/1298 1744/742/1298
f 1931/1747/2145 1733/1749/2145 1738/1746/2145
f 1931/747/2146 1932/752/2146 1733/753/2146
f 1933/750/2147 1932/752/2147 1931/747/2147
f 1931/747/2148 1332/746/2148 1933/750/2148
f 1936/1938/2149 1932/752/2149 1933/750/2149
f 1933/750/2148 1332/746/2148 1934/748/2148
f 1934/748/2150 1935/1939/2150 1933/750/2150
f 1933/750/2151 1935/1939/2151 1936/1938/2151
f 1935/1940/284 1937/1941/284 1936/1942/284
f 1937/1574/2152 1938/1579/2152 1936/1575/2152
f 1936/1575/2152 1938/1579/2152 1940/1573/2152
f 1936/1938/2153 1939/779/2153 1932/752/2153
f 1940/1943/2153 1939/779/2153 1936/1938/2153
f 1940/1943/2154 1941/1944/2154 1939/779/2154
f 1942/1945/2155 1941/1944/2155 1940/1943/2155
f 1940/1943/2156 1943/1946/2156 1942/1945/2156
f 1940/1942/2 1938/1941/2 1943/1940/2
f 1943/1591/2157 1945/1592/2157 1935/1589/2157
f 1943/1946/2158 1935/1939/2158 1942/1945/2158
f 1943/1940/2 1938/1941/2 1944/1947/2
f 1944/1590/2157 1945/1592/2157 1943/1591/2157
f 1938/1948/2159 1945/1949/2159 1944/1950/2159
f 1945/1947/284 1937/1941/284 1935/1940/284
f 1937/1951/2159 1945/1949/2159 1938/1948/2159
f 1707/667/2160 1942/1945/2160 1705/669/2160
f 1707/667/2160 1941/1944/2160 1942/1945/2160
f 1705/669/2161 1942/1945/2161 1342/1363/2161
f 1942/1945/2162 1934/748/2162 1342/1363/2162
f 1942/1945/2158 1935/1939/2158 1934/748/2158
f 1939/779/2163 1941/1944/2163 1707/667/2163
f 1947/1952/2164 1939/779/2164 1946/772/2164
f 1707/667/2165 1946/772/2165 1939/779/2165
f 1932/752/2166 1939/779/2166 1947/1952/2166
f 1947/1952/2167 1946/772/2167 1949/1953/2167
f 1947/1952/2166 1948/1954/2166 1932/752/2166
f 1947/1569/2168 1951/1678/2168 1948/1567/2168
f 1949/1955/2 1952/1956/2 1947/1957/2
f 1947/1957/2 1952/1956/2 1950/1958/2
f 1950/1568/2168 1951/1678/2168 1947/1569/2168
f 1953/1959/2169 1951/1960/2169 1952/1961/2169
f 1953/1681/2170 1952/1680/2170 1954/1683/2170
f 1954/1683/2170 1952/1680/2170 1949/1682/2170
f 1952/1961/2169 1951/1960/2169 1950/1962/2169
f 1954/1963/2171 1732/785/2171 1948/1954/2171
f 1954/1963/2172 1718/782/2172 1732/785/2172
f 1948/1957/284 1953/1956/284 1954/1955/284
f 1949/1953/2172 1718/782/2172 1954/1963/2172
f 1951/1958/284 1953/1956/284 1948/1957/284
f 1949/1953/2173 1946/772/2173 1718/782/2173
f 1948/1954/2174 1734/751/2174 1932/752/2174
f 1948/1954/2175 1732/785/2175 1734/751/2175
f 1709/780/2176 1718/782/2176 1946/772/2176
f 1709/780/2177 1946/772/2177 1707/667/2177
f 1342/1363/2162 1934/748/2162 1331/745/2162
f 1331/745/2178 1934/748/2178 1332/746/2178
f 1932/752/2179 1734/751/2179 1733/753/2179
f 1743/1369/2180 1315/1332/2180 1330/1370/2180
f 1732/785/1853 1718/782/1853 1719/787/1853
f 1711/781/2181 1718/782/2181 1709/780/2181
f 1714/1754/2182 384/426/2182 385/427/2182
f 1705/669/2183 1342/1363/2183 1345/673/2183
f 1327/1342/2184 1347/1367/2184 1328/1341/2184
f 1342/1363/2185 1343/1364/2185 1345/673/2185
f 1342/1363/1310 1331/745/1310 1334/1343/1310
f 1330/1370/2180 1315/1332/2180 1316/1333/2180
f 1318/734/2186 1296/733/2186 1295/732/2186
f 1318/1335/2187 1305/390/2187 1296/1326/2187
f 1312/392/2187 1305/390/2187 1318/1335/2187
f 1312/392/1276 1304/388/1276 1305/390/1276
f 1307/378/2141 1255/372/2141 1258/373/2141
f 1298/389/1259 1296/1326/1259 1305/390/1259
f 1265/368/1232 1273/1317/1232 1263/370/1232
f 1247/353/1747 1267/359/1747 1250/356/1747
f 759/1038/2139 1256/1036/2139 764/1040/2139
f 774/1047/1210 1237/1048/1210 779/1045/1210
f 1230/10/284 1221/11/284 1223/312/284
f 1955/4/284 1221/11/284 1230/10/284
f 755/1964/1202 1230/1304/1202 760/1303/1202
f 755/1964/2188 1955/1965/2188 1230/1304/2188
f 1955/4/284 1217/7/284 1221/11/284
f 790/1966/2189 1956/1967/2189 1955/1965/2189
f 1955/4/284 1956/6/284 1218/5/284
f 1218/5/284 1217/7/284 1955/4/284
f 790/1966/2188 1955/1965/2188 755/1964/2188
f 1956/6/284 1957/302/284 1218/5/284
f 1956/6/284 1958/300/284 1957/302/284
f 1959/299/284 1958/300/284 1956/6/284
f 785/1968/2190 1959/1969/2190 1956/1967/2190
f 785/1968/2189 1956/1967/2189 790/1966/2189
f 780/1970/2190 1959/1969/2190 785/1968/2190
f 780/1970/2191 1961/1971/2191 1959/1969/2191
f 1959/299/284 1960/296/284 1958/300/284
f 1961/298/284 1960/296/284 1959/299/284
f 1961/298/284 1962/295/284 1960/296/284
f 1961/298/284 1963/286/284 1962/295/284
f 1964/1972/284 1963/286/284 1961/298/284
f 775/1973/2192 1964/1974/2192 1961/1971/2192
f 775/1973/2191 1961/1971/2191 780/1970/2191
f 770/1975/2193 1024/1059/2193 1964/1974/2193
f 1024/271/284 1966/280/284 1964/1972/284
f 770/1975/2192 1964/1974/2192 775/1973/2192
f 1964/1972/284 1965/283/284 1963/286/284
f 1964/1972/284 1966/280/284 1965/283/284
f 1965/283/2194 1966/280/2194 1967/285/2194
f 1967/285/2194 1966/280/2194 1030/281/2194
f 1027/279/954 1030/281/954 1966/280/954
f 1024/271/284 1027/279/284 1966/280/284
f 1967/285/2195 1968/287/2195 1965/283/2195
f 1967/285/955 1030/281/955 1032/288/955
f 1032/288/2196 1176/291/2196 1967/285/2196
f 1967/285/2196 1176/291/2196 1968/287/2196
f 1965/283/2195 1968/287/2195 1963/286/2195
f 1179/293/2197 1968/287/2197 1176/291/2197
f 1969/294/2197 1968/287/2197 1179/293/2197
f 1969/294/2198 1963/286/2198 1968/287/2198
f 1179/293/2199 1181/303/2199 1969/294/2199
f 1969/294/2199 1181/303/2199 1970/297/2199
f 1962/295/2198 1963/286/2198 1969/294/2198
f 1969/294/2200 1970/297/2200 1962/295/2200
f 1181/303/2201 1972/304/2201 1970/297/2201
f 1970/297/2202 1971/301/2202 1960/296/2202
f 1970/297/2201 1972/304/2201 1971/301/2201
f 1962/295/2200 1970/297/2200 1960/296/2200
f 1973/306/2203 1972/304/2203 1974/1417/2203
f 1973/306/2204 1971/301/2204 1972/304/2204
f 1181/303/2205 1182/1266/2205 1972/304/2205
f 1974/1417/2203 1972/304/2203 1182/1266/2203
f 1974/1417/2206 1975/1416/2206 1973/306/2206
f 1974/1417/2207 1194/1281/2207 1975/1416/2207
f 1974/1417/1159 1182/1266/1159 1185/1269/1159
f 1185/1269/2207 1194/1281/2207 1974/1417/2207
f 1973/306/2208 1975/1416/2208 1215/308/2208
f 1209/1300/1192 1215/308/1192 1975/1416/1192
f 1209/1300/2209 1975/1416/2209 1196/1284/2209
f 1196/1284/2210 1975/1416/2210 1194/1281/2210
f 1976/305/2204 1971/301/2204 1973/306/2204
f 1973/306/2211 1215/308/2211 1976/305/2211
f 1976/305/2212 1214/307/2212 1957/302/2212
f 1976/305/2211 1215/308/2211 1214/307/2211
f 1957/302/2213 1958/300/2213 1976/305/2213
f 1976/305/2213 1958/300/2213 1971/301/2213
f 1960/296/2202 1971/301/2202 1958/300/2202
f 1957/302/2212 1214/307/2212 1218/5/2212
f 1211/314/1190 1212/322/1190 1220/319/1190
f 1172/1150/1141 1169/1261/1141 1178/1263/1141
f 1170/1258/2214 1126/1188/2214 1140/1215/2214
f 1140/1215/2215 1164/1251/2215 1170/1258/2215
f 1158/503/1127 1155/1241/1127 1165/1252/1127
f 1142/1217/1111 1149/1235/1111 1164/1251/1111
f 1164/1251/1130 1149/1235/1130 1156/523/1130
f 1142/1217/2216 1164/1251/2216 1140/1215/2216
f 1160/1976/1133 1161/1254/1133 1156/1253/1133
f 1107/1155/2217 1139/1214/2217 1110/1158/2217
f 1035/1060/2218 1036/1061/2218 1127/1147/2218
f 1127/1147/2218 1036/1061/2218 1042/1065/2218
f 250/292/152 251/293/152 1105/1149/152
f 1105/1149/1423 251/293/1423 261/303/1423
f 1056/1083/2219 1091/1146/2219 1100/1163/2219
f 1058/1085/1036 1091/1146/1036 1056/1083/1036
f 890/933/2220 887/932/2220 1089/1069/2220
f 1041/1074/975 1048/1075/975 1042/1187/975
f 1008/931/2221 1045/1069/2221 1012/1050/2221
f 1007/932/2221 1045/1069/2221 1008/931/2221
f 1038/277/2222 1015/275/2222 1039/1064/2222
f 1039/1064/2222 1015/275/2222 1013/1051/2222
f 1029/282/952 1026/276/952 1038/277/952
f 1026/276/2223 1977/273/2223 1038/277/2223
f 1038/277/2223 1977/273/2223 1015/275/2223
f 1021/258/2224 1977/273/2224 1023/268/2224
f 1026/276/951 1023/268/951 1977/273/951
f 1016/259/941 1015/275/941 1977/273/941
f 1016/259/2224 1977/273/2224 1021/258/2224
f 766/1058/2193 1024/1059/2193 770/1975/2193
f 1021/258/944 1018/257/944 1016/259/944
f 998/253/946 1010/255/946 997/248/946
f 791/1047/947 992/1048/947 756/1052/947
f 958/231/928 988/229/928 959/228/928
f 964/220/887 959/228/887 988/229/887
f 776/1041/915 982/1042/915 781/1043/915
f 955/915/2225 961/913/2225 944/916/2225
f 944/916/2225 961/913/2225 945/914/2225
f 948/920/875 955/915/875 944/916/875
f 950/1032/2226 906/960/2226 1978/1534/2226
f 950/1032/2227 910/962/2227 906/960/2227
f 1978/1534/2228 895/944/2228 950/1032/2228
f 898/949/2229 895/944/2229 1978/1534/2229
f 1978/1534/2230 906/960/2230 898/949/2230
f 842/857/2231 846/861/2231 942/1023/2231
f 935/1010/2232 846/861/2232 870/911/2232
f 918/975/836 920/978/836 932/1001/836
f 868/909/779 872/917/779 932/1001/779
f 932/1001/2233 872/917/2233 877/1595/2233
f 932/1001/2234 877/1595/2234 918/975/2234
f 921/979/2235 927/990/2235 923/983/2235
f 918/1031/2236 879/922/2236 885/929/2236
f 918/1031/2236 877/920/2236 879/922/2236
f 909/966/2237 910/962/2237 916/974/2237
f 220/254/130 221/255/130 882/924/130
f 882/924/1049 221/255/1049 232/274/1049
f 866/912/777 197/226/777 873/913/777
f 197/226/110 198/227/110 873/913/110
f 845/859/743 870/911/743 846/861/743
f 865/1033/2238 197/226/2238 866/912/2238
f 615/700/2239 613/699/2239 865/906/2239
f 613/698/2240 195/224/2240 865/1033/2240
f 865/1033/2238 195/224/2238 197/226/2238
f 823/698/899 843/1033/899 822/223/899
f 816/683/698 808/203/698 809/682/698
f 806/680/2241 805/678/2241 646/681/2241
f 646/681/2242 805/678/2242 647/679/2242
f 652/677/591 647/679/591 805/678/591
f 652/677/688 805/678/688 802/193/688
f 655/176/593 652/677/593 802/193/593
f 757/837/909 797/838/909 762/1040/909
f 793/163/284 1979/164/284 795/169/284
f 795/169/2243 1979/164/2243 658/170/2243
f 658/170/2243 1979/164/2243 659/166/2243
f 1979/164/2244 1980/162/2244 659/166/2244
f 793/163/284 1980/162/284 1979/164/284
f 659/166/2244 1980/162/2244 661/165/2244
f 1981/161/2245 661/165/2245 1980/162/2245
f 1982/152/284 1981/161/284 1980/162/284
f 1982/152/284 1980/162/284 793/163/284
f 787/836/2246 1982/1825/2246 793/834/2246
f 782/1977/2247 1983/1978/2247 1982/1979/2247
f 1983/147/284 1984/150/284 1982/152/284
f 1982/152/284 1984/150/284 1981/161/284
f 782/1824/2246 1982/1825/2246 787/836/2246
f 1985/160/2248 1984/150/2248 1986/158/2248
f 1981/161/2248 1984/150/2248 1985/160/2248
f 1987/151/2249 1986/158/2249 1984/150/2249
f 1983/147/284 1987/151/284 1984/150/284
f 1988/155/2249 1986/158/2249 1987/151/2249
f 1989/137/2250 1988/155/2250 1987/151/2250
f 1983/147/284 1989/137/284 1987/151/284
f 1991/139/2251 1990/138/2251 1989/137/2251
f 1990/138/2250 1988/155/2250 1989/137/2250
f 1992/140/284 1991/139/284 1989/137/284
f 1992/140/284 1989/137/284 1983/147/284
f 777/1980/2252 1992/1981/2252 1983/1978/2252
f 1992/140/284 731/128/284 1991/139/284
f 739/141/284 731/128/284 1992/140/284
f 772/1982/2253 739/824/2253 1992/1981/2253
f 772/1982/2254 1992/1981/2254 777/1980/2254
f 1991/139/670 731/128/670 728/136/670
f 728/136/2251 1990/138/2251 1991/139/2251
f 728/136/669 729/156/669 1990/138/669
f 729/156/2255 1993/157/2255 1990/138/2255
f 1990/138/2255 1993/157/2255 1988/155/2255
f 729/156/2256 1994/651/2256 1993/157/2256
f 1994/651/2257 1996/653/2257 1993/157/2257
f 1993/157/2258 1995/159/2258 1988/155/2258
f 1993/157/2259 1996/653/2259 1995/159/2259
f 1999/655/2260 1995/159/2260 1996/653/2260
f 1997/656/2261 1996/653/2261 1998/654/2261
f 1999/655/2261 1996/653/2261 1997/656/2261
f 1994/651/2262 1998/654/2262 1996/653/2262
f 1999/655/2263 2000/659/2263 664/172/2263
f 1997/656/2263 2000/659/2263 1999/655/2263
f 2001/167/2260 1995/159/2260 1999/655/2260
f 1999/655/2264 664/172/2264 2001/167/2264
f 2001/167/2265 662/168/2265 1985/160/2265
f 2001/167/2264 664/172/2264 662/168/2264
f 1985/160/2266 1986/158/2266 2001/167/2266
f 2001/167/2266 1986/158/2266 1995/159/2266
f 665/661/2267 2000/659/2267 676/662/2267
f 665/661/600 664/172/600 2000/659/600
f 676/662/2267 2000/659/2267 679/660/2267
f 1997/656/2268 679/660/2268 2000/659/2268
f 2002/658/2269 1998/654/2269 717/657/2269
f 1997/656/2269 1998/654/2269 2002/658/2269
f 719/652/660 717/657/660 1998/654/660
f 719/652/2262 1998/654/2262 1994/651/2262
f 2002/658/658 717/657/658 716/821/658
f 716/821/2270 680/755/2270 2002/658/2270
f 2002/658/2271 679/660/2271 1997/656/2271
f 2002/658/2270 680/755/2270 679/660/2270
f 1988/155/2258 1995/159/2258 1986/158/2258
f 722/650/662 719/652/662 1994/651/662
f 722/650/2256 1994/651/2256 729/156/2256
f 1985/160/2245 661/165/2245 1981/161/2245
f 1985/160/2265 662/168/2265 661/165/2265
f 777/1980/2272 1983/1978/2272 782/1977/2272
f 741/822/2253 739/824/2253 772/1982/2253
f 739/141/284 732/125/284 731/128/284
f 725/133/2273 734/130/2273 726/134/2273
f 716/820/2274 699/785/2274 680/753/2274
f 703/787/2275 699/785/2275 716/820/2275
f 710/818/2276 579/657/2276 580/658/2276
f 710/818/2277 580/658/2277 696/821/2277
f 699/785/2278 678/751/2278 680/753/2278
f 696/821/2279 582/660/2279 695/755/2279
f 696/821/2279 580/658/2279 582/660/2279
f 695/755/2280 584/662/2280 589/754/2280
f 589/667/2281 694/779/2281 695/780/2281
f 695/755/2282 582/660/2282 584/662/2282
f 589/667/2283 2003/1944/2283 694/779/2283
f 694/779/2284 689/1983/2284 691/774/2284
f 2003/1944/2285 689/1983/2285 694/779/2285
f 590/669/2286 2003/1944/2286 589/667/2286
f 590/669/2287 2004/1945/2287 2003/1944/2287
f 2005/1984/2288 2003/1944/2288 2004/1945/2288
f 2005/1984/2289 689/1983/2289 2003/1944/2289
f 2006/1985/2 2007/1986/2 2005/1987/2
f 2005/1984/2290 2004/1945/2290 2006/1988/2290
f 2009/1989/2291 689/1983/2291 2005/1984/2291
f 2007/981/2292 2008/1000/2292 2005/982/2292
f 2005/982/2292 2008/1000/2292 2009/980/2292
f 681/750/2293 685/761/2293 2009/1989/2293
f 681/750/2294 2009/1989/2294 675/748/2294
f 675/748/2295 2009/1989/2295 2010/1990/2295
f 2008/1986/284 2010/1985/284 2009/1987/284
f 2009/1989/2291 685/761/2291 689/1983/2291
f 2010/1990/2296 672/745/2296 675/748/2296
f 2008/1986/284 2011/1991/284 2010/1985/284
f 2011/1992/2297 671/743/2297 2010/1990/2297
f 2010/1990/2298 671/743/2298 672/745/2298
f 2011/1992/2299 2012/1993/2299 671/743/2299
f 2011/993/2300 2014/995/2300 2012/991/2300
f 2013/1994/284 2011/1991/284 2008/1986/284
f 2013/992/2300 2014/995/2300 2011/993/2300
f 2013/1995/2301 2008/1996/2301 2014/1997/2301
f 2006/1985/2 2014/1994/2 2007/1986/2
f 2014/1997/2301 2008/1996/2301 2007/1998/2301
f 2012/1991/2 2014/1994/2 2006/1985/2
f 671/743/2299 2012/1993/2299 2015/1364/2299
f 2012/1993/2302 2016/1363/2302 2015/1364/2302
f 2006/1988/2303 2016/1363/2303 2012/1993/2303
f 592/673/2304 2016/1363/2304 590/669/2304
f 592/673/2305 2015/1364/2305 2016/1363/2305
f 2016/1363/2306 2004/1945/2306 590/669/2306
f 2006/1988/2296 2004/1945/2296 2016/1363/2296
f 2017/1365/2307 2015/1364/2307 592/673/2307
f 673/744/2308 2015/1364/2308 2017/1365/2308
f 671/743/2308 2015/1364/2308 673/744/2308
f 2019/1999/2309 2017/1365/2309 2018/1341/2309
f 592/673/2310 2018/1341/2310 2017/1365/2310
f 673/744/2311 2017/1365/2311 2019/1999/2311
f 2019/1999/2312 2018/1341/2312 2021/2000/2312
f 2019/1005/2313 2023/1014/2313 2020/1003/2313
f 2020/2001/2311 673/744/2311 2019/1999/2311
f 2021/2002/2 2024/2003/2 2019/2004/2
f 2019/2004/2 2024/2003/2 2022/2005/2
f 2022/1004/2313 2023/1014/2313 2019/1005/2313
f 2025/1019/2314 2024/1020/2314 2021/1017/2314
f 2024/2006/2315 2023/2007/2315 2022/2008/2315
f 2026/1018/2314 2024/1020/2314 2025/1019/2314
f 2026/2009/2315 2023/2007/2315 2024/2006/2315
f 2020/2004/284 2026/2003/284 2025/2002/284
f 2023/2005/284 2026/2003/284 2020/2004/284
f 2025/2010/2316 2027/1339/2316 2020/2001/2316
f 2025/2010/2317 2028/1337/2317 2027/1339/2317
f 2021/2000/2318 2029/1367/2318 2025/2010/2318
f 2025/2010/2318 2029/1367/2318 2028/1337/2318
f 2033/2011/2319 2029/1367/2319 2030/1737/2319
f 2031/1368/2320 2030/1737/2320 2029/1367/2320
f 2031/1368/2321 2029/1367/2321 2032/1366/2321
f 2032/1366/2322 2029/1367/2322 2018/1341/2322
f 2021/2000/2323 2018/1341/2323 2029/1367/2323
f 2028/1337/2324 2029/1367/2324 2033/2011/2324
f 2033/2011/2324 2034/2012/2324 2028/1337/2324
f 2033/867/2325 2037/876/2325 2034/865/2325
f 2035/2013/2 2038/2014/2 2033/2015/2
f 2033/2011/2326 2030/1737/2326 2035/2016/2326
f 2033/2015/2 2038/2014/2 2036/2017/2
f 2036/866/2325 2037/876/2325 2033/867/2325
f 2039/2018/2327 2037/2019/2327 2038/2020/2327
f 2039/879/2328 2038/881/2328 2040/880/2328
f 2040/880/2328 2038/881/2328 2035/878/2328
f 2038/2020/2327 2037/2019/2327 2036/2021/2327
f 2040/2022/2329 2035/2016/2329 641/730/2329
f 2041/1745/2330 2040/2022/2330 641/730/2330
f 2034/2015/284 2039/2014/284 2040/2013/284
f 2041/1745/2331 2034/2012/2331 2040/2022/2331
f 2041/1745/2332 641/730/2332 644/732/2332
f 2042/1336/2333 2034/2012/2333 2041/1745/2333
f 2041/1745/2334 649/738/2334 2042/1336/2334
f 644/732/2334 649/738/2334 2041/1745/2334
f 2028/1337/2335 2034/2012/2335 2042/1336/2335
f 2028/1337/2336 2042/1336/2336 649/738/2336
f 2037/2017/284 2039/2014/284 2034/2015/284
f 641/730/2329 2035/2016/2329 2043/1379/2329
f 2035/2016/2337 2044/1378/2337 2043/1379/2337
f 2035/2016/2338 2030/1737/2338 2044/1378/2338
f 2045/1375/2339 2044/1378/2339 2030/1737/2339
f 2043/1379/2340 2044/1378/2340 2045/1375/2340
f 2045/1375/2341 2046/1381/2341 2043/1379/2341
f 2047/1380/2342 2046/1381/2342 2045/1375/2342
f 2045/1375/2339 2030/1737/2339 2031/1368/2339
f 2031/1368/2343 603/1376/2343 2045/1375/2343
f 2045/1375/2344 603/1376/2344 604/1382/2344
f 2045/1375/2344 604/1382/2344 2047/1380/2344
f 2047/1380/2345 606/1383/2345 633/722/2345
f 633/722/2346 634/723/2346 2047/1380/2346
f 2047/1380/2347 634/723/2347 2046/1381/2347
f 2047/1380/2345 604/1382/2345 606/1383/2345
f 2048/2023/2348 2043/1379/2348 2046/1381/2348
f 2048/2023/2349 2046/1381/2349 2049/2024/2349
f 2049/2024/2350 2046/1381/2350 634/723/2350
f 638/901/2351 2050/902/2351 2049/899/2351
f 2049/2024/572 634/723/572 638/727/572
f 2049/2025/2 2050/2026/2 2048/2027/2
f 2053/900/2351 2050/902/2351 638/901/2351
f 2048/2027/2 2050/2026/2 2051/2028/2
f 2050/2029/2352 2052/2030/2352 2051/2031/2352
f 2053/2032/2352 2052/2030/2352 2050/2029/2352
f 639/2027/284 2053/2026/284 638/2025/284
f 2052/2028/284 2053/2026/284 639/2027/284
f 2051/886/2353 2052/895/2353 2048/887/2353
f 2048/887/2353 2052/895/2353 639/885/2353
f 641/730/2354 2043/1379/2354 2048/2023/2354
f 2048/2023/2354 639/728/2354 641/730/2354
f 2032/1366/2355 2054/1377/2355 2031/1368/2355
f 2032/1366/2356 2018/1341/2356 592/673/2356
f 592/673/2357 593/674/2357 2032/1366/2357
f 2032/1366/2358 593/674/2358 2054/1377/2358
f 2054/736/2359 599/681/2359 603/685/2359
f 2031/1368/2360 2054/1377/2360 603/1376/2360
f 2054/736/2361 595/679/2361 599/681/2361
f 593/676/2362 595/679/2362 2054/736/2362
f 2027/1339/2363 2028/1337/2363 669/740/2363
f 669/740/2364 2028/1337/2364 649/738/2364
f 2020/2001/2365 2027/1339/2365 673/744/2365
f 673/744/2366 2027/1339/2366 669/740/2366
f 667/666/2367 665/661/2367 676/662/2367
f 669/740/587 649/738/587 650/737/587
f 633/722/2368 609/697/2368 612/694/2368
f 633/722/2368 606/1383/2368 609/697/2368
f 613/698/2240 194/223/2240 195/224/2240
f 601/683/539 175/204/539 178/208/539
f 586/665/523 587/664/523 596/677/523
f 587/664/2369 164/193/2369 596/677/2369
f 596/677/527 164/193/527 165/194/527
f 152/175/79 153/176/79 587/664/79
f 587/664/2369 153/176/2369 164/193/2369
f 563/638/497 564/637/497 573/650/497
f 564/637/2370 133/156/2370 573/650/2370
f 573/650/501 133/156/501 134/157/501
f 120/134/54 121/135/54 564/637/54
f 564/637/2370 121/135/2370 133/156/2370
f 486/529/2371 479/523/2371 481/520/2371
f 486/529/2372 472/505/2372 479/523/2372
f 477/524/2373 470/504/2373 483/526/2373
f 472/505/2372 473/506/2372 479/523/2372
f 478/2033/2374 474/2034/2374 477/2035/2374
f 477/2035/2374 474/2034/2374 469/2036/2374
f 469/503/2373 470/504/2373 477/524/2373
f 467/499/2375 472/505/2375 463/494/2375
f 457/487/332 448/484/332 449/485/332
f 442/88/319 443/95/319 452/96/319
f 437/432/322 446/434/322 436/94/322
f 430/606/299 421/479/299 413/471/299
f 413/471/2376 412/469/2376 430/606/2376
f 420/478/1937 415/474/1937 417/473/1937
f 400/445/2377 411/468/2377 394/436/2377
f 80/94/24 81/95/24 392/433/24
f 392/433/389 81/95/389 91/105/389
f 359/402/237 360/403/237 368/409/237
f 367/410/2378 59/74/2378 60/75/2378
f 367/410/2378 365/407/2378 59/74/2378
f 53/72/2 365/407/2 362/404/2
f 53/72/2 59/74/2 365/407/2
f 19/184/2379 362/183/2379 363/182/2379
f 363/406/2 356/398/2 357/400/2
f 363/406/2 357/400/2 2055/1778/2
f 25/188/2380 363/182/2380 2055/185/2380
f 19/184/2380 363/182/2380 25/188/2380
f 2055/1778/2 357/400/2 2056/1776/2
f 2055/1778/2 2056/1776/2 2057/1777/2
f 30/2037/2381 2055/185/2381 2057/189/2381
f 25/188/2381 2055/185/2381 30/2037/2381
f 2056/1776/2 2058/1775/2 2057/1777/2
f 2057/1777/2 2058/1775/2 336/379/2
f 2057/1777/2 336/379/2 334/376/2
f 36/2038/2382 2057/189/2382 334/2039/2382
f 30/2037/2382 2057/189/2382 36/2038/2382
f 345/386/2383 2058/1775/2383 2056/1776/2383
f 338/380/2384 336/379/2384 2058/1775/2384
f 338/380/2384 2058/1775/2384 345/386/2384
f 354/395/234 2056/1776/234 357/400/234
f 345/386/2383 2056/1776/2383 354/395/2383
f 14/61/2379 362/183/2379 19/184/2379
f 14/61/5 53/60/5 362/183/5
f 344/387/230 345/386/230 354/395/230
f 331/374/215 330/373/215 339/381/215
f 42/2040/2385 334/2039/2385 333/2041/2385
f 36/2038/2385 334/2039/2385 42/2040/2385
f 333/375/2 328/369/2 324/366/2
f 333/375/2 324/366/2 2059/1313/2
f 42/2040/2386 333/2041/2386 47/2042/2386
f 47/2042/2386 333/2041/2386 2059/2043/2386
f 51/244/2387 2059/2043/2387 313/245/2387
f 2059/1313/2 316/358/2 313/355/2
f 2059/1313/2 322/365/2 316/358/2
f 2059/1313/2 324/366/2 322/365/2
f 47/2042/2387 2059/2043/2387 51/244/2387
f 308/350/202 310/354/202 318/360/202
f 13/239/2388 313/245/2388 314/241/2388
f 314/357/2 311/352/2 302/343/2
f 314/357/2 302/343/2 2060/1312/2
f 18/265/2389 314/241/2389 2060/240/2389
f 13/239/2389 314/241/2389 18/265/2389
f 2060/1312/2 302/343/2 299/342/2
f 2060/1312/2 299/342/2 2061/1309/2
f 24/267/2390 2060/240/2390 2061/266/2390
f 18/265/2390 2060/240/2390 24/267/2390
f 299/342/2 295/338/2 2061/1309/2
f 2061/1309/2 295/338/2 296/339/2
f 2061/1309/2 296/339/2 2062/1302/2
f 29/2044/2391 2061/2045/2391 2062/2046/2391
f 24/2047/2391 2061/2045/2391 29/2044/2391
f 2062/1302/2 2064/1308/2 2063/1301/2
f 2062/1302/2 2063/1301/2 274/316/2
f 2062/1302/2 296/339/2 2064/1308/2
f 29/2044/2392 2062/2046/2392 35/2048/2392
f 35/2048/2392 2062/2046/2392 274/2049/2392
f 284/325/2393 2063/1301/2393 2064/1308/2393
f 293/334/188 2064/1308/188 296/339/188
f 284/325/2393 2064/1308/2393 293/334/2393
f 277/320/2394 275/317/2394 2063/1301/2394
f 274/316/2 2063/1301/2 275/317/2
f 277/320/2394 2063/1301/2394 284/325/2394
f 51/244/2388 313/245/2388 13/239/2388
f 301/344/200 302/343/200 311/352/200
f 283/326/183 284/325/183 293/334/183
f 271/314/168 270/313/168 278/319/168
f 41/2050/2395 274/2049/2395 4/9/2395
f 35/2048/2395 274/2049/2395 41/2050/2395
f 251/293/156 254/297/156 261/303/156
f 2/6/2 3/5/2 259/302/2
f 2/6/2 259/302/2 257/299/2
f 9/12/4 2/3/4 257/2051/4
f 17/2052/2396 257/2051/2396 256/2053/2396
f 9/12/2396 257/2051/2396 17/2052/2396
f 23/2054/2397 256/2053/2397 2065/2055/2397
f 256/298/2 245/286/2 2065/1972/2
f 256/298/2 253/295/2 245/286/2
f 17/2052/2397 256/2053/2397 23/2054/2397
f 2065/1972/2 242/283/2 238/280/2
f 2065/1972/2 238/280/2 228/271/2
f 2065/1972/2 245/286/2 242/283/2
f 23/2054/2398 2065/2055/2398 28/2056/2398
f 28/2056/2398 2065/2055/2398 228/270/2398
f 244/287/155 245/286/155 253/295/155
f 228/271/2 238/280/2 236/279/2
f 228/271/2 236/279/2 229/272/2
f 221/255/134 224/259/134 232/274/134
f 28/2056/137 228/270/137 34/269/137
f 200/231/115 203/232/115 215/250/115
f 46/265/120 210/240/120 50/239/120
f 12/244/2399 206/245/2399 16/2042/2399
f 16/2042/2399 206/245/2399 182/2043/2399
f 191/221/112 192/220/112 201/229/112
f 178/208/98 177/207/98 186/214/98
f 22/2040/2400 182/2043/2400 180/2041/2400
f 16/2042/2400 182/2043/2400 22/2040/2400
f 180/209/2 172/202/2 170/199/2
f 22/2040/2401 180/2041/2401 27/2038/2401
f 27/2038/2401 180/2041/2401 170/2039/2401
f 167/197/92 168/198/92 174/203/92
f 33/2037/2402 170/2039/2402 160/189/2402
f 27/2038/2402 170/2039/2402 33/2037/2402
f 153/176/83 155/180/83 164/193/83
f 33/2037/86 160/189/86 39/188/86
f 140/163/2 147/169/2 141/164/2
f 136/159/68 137/160/68 143/167/68
f 49/61/2403 140/183/2403 11/59/2403
f 11/59/2403 140/183/2403 130/60/2403
f 121/135/58 124/138/58 133/156/58
f 11/2057/2404 130/154/2404 15/153/2404
f 111/125/2 106/120/2 105/119/2
f 100/114/40 101/115/40 108/122/40
f 38/2058/2405 105/146/2405 103/2059/2405
f 32/145/2405 105/146/2405 38/2058/2405
f 44/2060/2406 103/2059/2406 2066/2061/2406
f 103/117/2 98/113/2 2066/829/2
f 38/2058/2406 103/2059/2406 44/2060/2406
f 2066/829/2 95/110/2 89/104/2
f 2066/829/2 89/104/2 87/101/2
f 2066/829/2 98/113/2 95/110/2
f 44/2060/2407 2066/2061/2407 20/2062/2407
f 20/2062/2407 2066/2061/2407 87/2063/2407
f 81/95/28 84/99/28 91/105/28
f 31/2064/2408 87/2063/2408 86/2065/2408
f 20/2062/2408 87/2063/2408 31/2064/2408
f 37/2066/2409 86/2065/2409 72/2067/2409
f 86/100/2 71/86/2 72/87/2
f 86/100/2 83/97/2 71/86/2
f 31/2064/2409 86/2065/2409 37/2066/2409
f 74/88/27 71/86/27 83/97/27
f 67/81/15 68/82/15 75/90/15
f 43/2068/2410 72/2067/2410 56/70/2410
f 37/2066/2410 72/2067/2410 43/2068/2410
f 43/2068/8 56/70/8 48/65/8
f 41/2050/3 4/9/3 7/8/3
