# Blender 4.3.1
# www.blender.org
mtllib Motor_ML.mtl
o Motor_ML
v -0.050000 -0.005000 0.000000
v -0.050000 -0.004938 0.000782
v -0.020000 -0.004938 0.000782
v -0.050000 -0.004938 -0.000782
v -0.020000 -0.005000 0.000000
v -0.050000 -0.000500 0.000000
v -0.050000 -0.000493 0.000084
v -0.020000 -0.000471 0.000167
v -0.050000 -0.000471 0.000167
v -0.020000 -0.000493 0.000084
v -0.020000 -0.004755 0.001545
v -0.020000 -0.000500 0.000000
v -0.020000 -0.000493 -0.000085
v -0.050000 -0.000493 -0.000085
v -0.050000 -0.000471 -0.000167
v -0.050000 -0.004755 -0.001545
v -0.050000 -0.004455 -0.002270
v -0.020000 -0.004755 -0.001545
v -0.020000 -0.004938 -0.000782
v -0.020000 -0.000471 -0.000167
v -0.020000 -0.000437 -0.000244
v -0.050000 -0.000437 -0.000244
v -0.050000 -0.000389 -0.000314
v -0.050000 -0.004045 -0.002939
v -0.050000 -0.003536 -0.003536
v -0.020000 -0.004045 -0.002939
v -0.020000 -0.004455 -0.002270
v -0.020000 -0.000389 -0.000314
v -0.020000 -0.000330 -0.000375
v -0.050000 -0.000330 -0.000375
v -0.050000 -0.002939 -0.004045
v -0.050000 -0.000262 -0.000426
v -0.050000 -0.002270 -0.004455
v -0.020000 -0.000262 -0.000426
v -0.050000 -0.000186 -0.000464
v -0.050000 -0.000105 -0.000489
v -0.050000 -0.000782 -0.004938
v -0.020000 -0.000186 -0.000464
v -0.050000 -0.001545 -0.004755
v -0.020000 -0.001545 -0.004755
v -0.020000 -0.002270 -0.004455
v -0.020000 -0.002939 -0.004045
v -0.020000 -0.003536 -0.003536
v -0.020000 -0.000782 -0.004938
v -0.020000 -0.000105 -0.000489
v -0.020000 -0.000021 -0.000500
v -0.050000 -0.000021 -0.000500
v -0.050000 0.000782 -0.004938
v -0.050000 0.000000 -0.005000
v -0.050000 0.000064 -0.000496
v -0.020000 0.000064 -0.000496
v -0.050000 0.000146 -0.000478
v -0.050000 0.001545 -0.004755
v -0.050000 0.002270 -0.004455
v -0.020000 0.001545 -0.004755
v -0.020000 0.000782 -0.004938
v -0.020000 0.000000 -0.005000
v -0.020000 0.000146 -0.000478
v -0.020000 0.000225 -0.000446
v -0.050000 0.000225 -0.000446
v -0.050000 0.000297 -0.000402
v -0.050000 0.002939 -0.004045
v -0.050000 0.003536 -0.003536
v -0.020000 0.002939 -0.004045
v -0.020000 0.002270 -0.004455
v -0.020000 0.000297 -0.000402
v -0.020000 0.000361 -0.000346
v -0.050000 0.000361 -0.000346
v -0.050000 0.000414 -0.000280
v -0.050000 0.004045 -0.002939
v -0.050000 0.004455 -0.002270
v -0.020000 0.004045 -0.002939
v -0.020000 0.003536 -0.003536
v -0.020000 0.000414 -0.000280
v -0.020000 0.000456 -0.000206
v -0.050000 0.000456 -0.000206
v -0.050000 0.004755 -0.001545
v -0.050000 0.000484 -0.000126
v -0.050000 0.004938 -0.000782
v -0.050000 0.000498 -0.000042
v -0.020000 0.000484 -0.000126
v -0.020000 0.004755 -0.001545
v -0.020000 0.004455 -0.002270
v -0.020000 0.000498 -0.000042
v -0.020000 0.004938 -0.000782
v -0.020000 0.000500 0.000000
v -0.020000 0.000498 0.000042
v -0.050000 0.000498 0.000042
v -0.020000 0.005000 0.000000
v -0.020000 0.004938 0.000782
v -0.050000 0.004938 0.000782
v -0.050000 0.005000 0.000000
v -0.050000 0.004755 0.001545
v -0.050000 0.004455 0.002270
v -0.020000 0.004755 0.001545
v -0.050000 0.000484 0.000126
v -0.050000 0.000456 0.000206
v -0.020000 0.000484 0.000126
v -0.020000 0.000456 0.000206
v -0.020000 0.004455 0.002270
v -0.020000 0.000414 0.000280
v -0.050000 0.000414 0.000280
v -0.050000 0.003536 0.003536
v -0.050000 0.000361 0.000346
v -0.050000 0.004045 0.002939
v -0.020000 0.004045 0.002939
v -0.020000 0.003536 0.003536
v -0.020000 0.000361 0.000346
v -0.020000 0.000297 0.000402
v -0.050000 0.000297 0.000402
v -0.050000 0.002270 0.004455
v -0.050000 0.002939 0.004045
v -0.050000 0.000225 0.000446
v -0.020000 0.000225 0.000446
v -0.050000 0.000146 0.000478
v -0.050000 0.001545 0.004755
v -0.050000 0.000782 0.004938
v -0.020000 0.001545 0.004755
v -0.020000 0.002270 0.004455
v -0.020000 0.002939 0.004045
v -0.020000 0.000146 0.000478
v -0.020000 0.000064 0.000496
v -0.050000 0.000064 0.000496
v -0.050000 -0.000021 0.000500
v -0.050000 0.000000 0.005000
v -0.050000 -0.000782 0.004938
v -0.020000 0.000000 0.005000
v -0.020000 0.000782 0.004938
v -0.020000 -0.000021 0.000500
v -0.020000 -0.000105 0.000489
v -0.050000 -0.000105 0.000489
v -0.050000 -0.000186 0.000464
v -0.050000 -0.001545 0.004755
v -0.050000 -0.002270 0.004455
v -0.020000 -0.001545 0.004755
v -0.020000 -0.000782 0.004938
v -0.020000 -0.000186 0.000464
v -0.020000 -0.002270 0.004455
v -0.020000 -0.000262 0.000426
v -0.050000 -0.000262 0.000426
v -0.050000 -0.000330 0.000375
v -0.050000 -0.003536 0.003536
v -0.050000 -0.002939 0.004045
v -0.020000 -0.002939 0.004045
v -0.020000 -0.003536 0.003536
v -0.020000 -0.000330 0.000375
v -0.020000 -0.000389 0.000314
v -0.050000 -0.000389 0.000314
v -0.050000 -0.004455 0.002270
v -0.050000 -0.000437 0.000244
v -0.050000 -0.004045 0.002939
v -0.020000 -0.004045 0.002939
v -0.020000 -0.004455 0.002270
v -0.020000 -0.000437 0.000244
v -0.050000 -0.004755 0.001545
v -0.092500 0.027500 0.000000
v -0.092536 0.027500 -0.000423
v -0.092500 0.030000 0.000000
v -0.092536 0.027500 0.000422
v -0.092536 0.030000 0.000422
v -0.082671 0.027500 -0.002057
v -0.082500 0.027500 0.000000
v -0.082500 0.012500 0.000000
v -0.082671 0.027500 0.002057
v -0.082543 0.012457 -0.001032
v -0.050000 0.012330 -0.002057
v -0.082671 0.012330 -0.002057
v -0.082882 0.012118 -0.003069
v -0.050000 0.011823 -0.004059
v -0.050000 0.010994 -0.005949
v -0.050000 0.014334 -0.004421
v -0.050000 0.013515 -0.006508
v -0.083177 0.011823 -0.004059
v -0.083177 0.027500 -0.004059
v -0.083553 0.011447 -0.005021
v -0.084007 0.027500 -0.005949
v -0.084007 0.010994 -0.005949
v -0.084535 0.010465 -0.006837
v -0.050000 0.009864 -0.007678
v -0.085136 0.009864 -0.007678
v -0.050000 0.012394 -0.008450
v -0.050000 0.008466 -0.009197
v -0.050000 0.010996 -0.010203
v -0.084004 0.010996 -0.010203
v -0.083273 0.011727 -0.009352
v -0.084797 0.010203 -0.010996
v -0.050000 0.009352 -0.011727
v -0.050000 0.007500 -0.012990
v -0.085648 0.009352 -0.011727
v -0.086550 0.008450 -0.012394
v -0.087500 0.030000 -0.012990
v -0.087500 0.007500 -0.012990
v -0.089520 0.030000 -0.013963
v -0.088492 0.006508 -0.013515
v -0.089520 0.005480 -0.013963
v -0.050000 0.005480 -0.013963
v -0.050000 0.003338 -0.014624
v -0.050000 0.005021 -0.011447
v -0.050000 0.006837 -0.010465
v -0.090579 0.004421 -0.014334
v -0.091662 0.030000 -0.014624
v -0.091662 0.003338 -0.014624
v -0.093879 0.030000 -0.014958
v -0.092764 0.002236 -0.014833
v -0.093879 0.001121 -0.014958
v -0.050000 0.001121 -0.014958
v -0.050000 -0.001121 -0.014958
v -0.050000 0.001032 -0.012457
v -0.050000 0.003069 -0.012117
v -0.089979 0.005021 -0.011447
v -0.090941 0.004059 -0.011823
v -0.091931 0.003069 -0.012117
v -0.092943 0.002057 -0.012330
v -0.091931 0.027500 -0.012117
v -0.089979 0.027500 -0.011447
v -0.094068 0.027500 -0.002320
v -0.094473 0.027500 -0.002444
v -0.093968 0.027500 -0.012457
v -0.096032 0.027500 -0.012457
v -0.095000 -0.000000 -0.012500
v -0.093968 0.001032 -0.012457
v -0.094894 0.027500 -0.002498
v -0.094473 0.030000 -0.002444
v -0.094894 0.030000 -0.002498
v -0.095318 0.027500 -0.002480
v -0.095318 0.030000 -0.002480
v -0.095732 0.027500 -0.002390
v -0.098069 0.027500 -0.012117
v -0.098069 -0.027500 -0.012117
v -0.100021 -0.027500 -0.011447
v -0.100021 0.027500 -0.011447
v -0.101837 -0.027500 -0.010465
v -0.101837 0.027500 -0.010465
v -0.096126 0.027500 -0.002232
v -0.095732 0.030000 -0.002390
v -0.096126 0.030000 -0.002232
v -0.096487 0.027500 -0.002010
v -0.096487 0.030000 -0.002010
v -0.096805 0.027500 -0.001730
v -0.103466 0.027500 -0.009197
v -0.103466 -0.027500 -0.009197
v -0.104864 -0.027500 -0.007678
v -0.104864 0.027500 -0.007678
v -0.097071 0.027500 -0.001400
v -0.105993 -0.027500 -0.005949
v -0.105993 0.027500 -0.005949
v -0.106823 -0.027500 -0.004059
v -0.106823 0.027500 -0.004059
v -0.097278 0.027500 -0.001030
v -0.097071 0.030000 -0.001400
v -0.097278 0.030000 -0.001030
v -0.097419 0.027500 -0.000630
v -0.097419 0.030000 -0.000630
v -0.097491 0.027500 -0.000212
v -0.107330 0.027500 -0.002057
v -0.107330 -0.027500 -0.002057
v -0.107500 -0.027500 0.000000
v -0.107500 0.027500 0.000000
v -0.097491 0.027500 0.000212
v -0.107330 -0.027500 0.002057
v -0.107330 0.027500 0.002057
v -0.106823 -0.027500 0.004059
v -0.106823 0.027500 0.004059
v -0.105993 -0.027500 0.005949
v -0.105993 0.027500 0.005949
v -0.097419 0.027500 0.000630
v -0.097491 0.030000 0.000212
v -0.097419 0.030000 0.000630
v -0.097278 0.027500 0.001030
v -0.097278 0.030000 0.001030
v -0.097071 0.027500 0.001400
v -0.104864 0.027500 0.007678
v -0.104864 -0.027500 0.007678
v -0.103466 -0.027500 0.009197
v -0.103466 0.027500 0.009197
v -0.101837 -0.027500 0.010465
v -0.101837 0.027500 0.010465
v -0.096805 0.027500 0.001730
v -0.097071 0.030000 0.001400
v -0.096805 0.030000 0.001730
v -0.096487 0.027500 0.002010
v -0.096487 0.030000 0.002010
v -0.096126 0.027500 0.002232
v -0.100021 0.027500 0.011447
v -0.100021 -0.027500 0.011447
v -0.098069 -0.027500 0.012118
v -0.098069 0.027500 0.012117
v -0.096032 0.027500 0.012457
v -0.095732 0.027500 0.002390
v -0.096032 -0.027500 0.012457
v -0.093968 -0.027500 0.012457
v -0.095000 0.000000 0.012500
v -0.095318 -0.027500 0.002480
v -0.094894 -0.027500 0.002498
v -0.094473 -0.030000 0.002444
v -0.094894 -0.030000 0.002498
v -0.094473 -0.027500 0.002444
v -0.094068 -0.027500 0.002320
v -0.091931 -0.027500 0.012117
v -0.094068 -0.030000 0.002320
v -0.087500 -0.030000 0.012990
v -0.093689 -0.030000 0.002129
v -0.089520 -0.030000 0.013963
v -0.091662 -0.030000 0.014624
v -0.087500 -0.007500 0.012990
v -0.088492 -0.006508 0.013515
v -0.089520 -0.005480 0.013963
v -0.090579 -0.004421 0.014334
v -0.050000 -0.005480 0.013963
v -0.050000 -0.007500 0.012990
v -0.050000 -0.003338 0.014624
v -0.050000 -0.005021 0.011447
v -0.050000 -0.006837 0.010465
v -0.050000 -0.008466 0.009197
v -0.086534 -0.008466 0.009197
v -0.087322 -0.007678 0.009864
v -0.088163 -0.006837 0.010465
v -0.088163 -0.027500 0.010465
v -0.089051 -0.005949 0.010993
v -0.089979 -0.027500 0.011447
v -0.089979 -0.005021 0.011447
v -0.090941 -0.004059 0.011823
v -0.050000 -0.003069 0.012117
v -0.050000 -0.001121 0.014958
v -0.050000 -0.001032 0.012457
v -0.091931 -0.003069 0.012117
v -0.092943 -0.002057 0.012330
v -0.093968 -0.001032 0.012457
v -0.093968 0.001032 0.012457
v -0.093968 0.027500 0.012457
v -0.092943 0.002057 0.012330
v -0.050000 0.001032 0.012457
v -0.050000 0.003338 0.014624
v -0.050000 0.003069 0.012117
v -0.050000 0.001121 0.014958
v -0.093879 -0.001121 0.014958
v -0.093879 0.001121 0.014958
v -0.092764 0.002236 0.014832
v -0.091662 0.003338 0.014624
v -0.091662 0.030000 0.014624
v -0.090579 0.004421 0.014334
v -0.089520 0.005480 0.013963
v -0.089520 0.030000 0.013963
v -0.094068 0.030000 0.002320
v -0.093689 0.030000 0.002129
v -0.087500 0.030000 0.012990
v -0.088492 0.006508 0.013515
v -0.087500 0.007500 0.012990
v -0.050000 0.005480 0.013963
v -0.050000 0.007500 0.012990
v -0.050000 0.005021 0.011447
v -0.050000 0.006837 0.010465
v -0.089051 0.005949 0.010993
v -0.090941 0.004059 0.011823
v -0.089979 0.005021 0.011447
v -0.091931 0.027500 0.012117
v -0.089979 0.027500 0.011447
v -0.094068 0.027500 0.002320
v -0.094473 0.027500 0.002444
v -0.088163 0.027500 0.010465
v -0.088163 0.006837 0.010465
v -0.087322 0.007678 0.009864
v -0.050000 0.008466 0.009197
v -0.086534 0.008466 0.009197
v -0.086534 0.027500 0.009197
v -0.085803 0.009197 0.008466
v -0.050000 0.009864 0.007678
v -0.085136 0.009864 0.007678
v -0.085136 0.027500 0.007678
v -0.084535 0.010465 0.006837
v -0.050000 0.010994 0.005949
v -0.084007 0.010994 0.005949
v -0.084007 0.027500 0.005949
v -0.083553 0.011447 0.005021
v -0.050000 0.011823 0.004059
v -0.083177 0.011823 0.004059
v -0.083177 0.027500 0.004059
v -0.082882 0.012118 0.003069
v -0.050000 0.012330 0.002057
v -0.082671 0.012330 0.002057
v -0.082543 0.012457 0.001032
v -0.050000 0.012500 0.000000
v -0.050000 0.014833 -0.002236
v -0.050000 0.015000 0.000000
v -0.050000 0.014833 0.002236
v -0.080000 0.015000 0.000000
v -0.080042 0.014958 -0.001121
v -0.080168 0.030000 -0.002236
v -0.080168 0.014833 -0.002236
v -0.080666 0.030000 -0.004421
v -0.080376 0.014624 -0.003338
v -0.080666 0.014334 -0.004421
v -0.081486 0.030000 -0.006508
v -0.081037 0.013963 -0.005480
v -0.081486 0.013515 -0.006508
v -0.082606 0.030000 -0.008450
v -0.082010 0.012990 -0.007500
v -0.082606 0.012394 -0.008450
v -0.084004 0.030000 -0.010203
v -0.093055 0.030000 -0.001571
v -0.085648 0.030000 -0.011727
v -0.093348 0.030000 -0.001877
v -0.093348 0.027500 -0.001877
v -0.093689 0.027500 -0.002129
v -0.093689 0.030000 -0.002129
v -0.094068 0.030000 -0.002320
v -0.088163 0.027500 -0.010465
v -0.086534 0.027500 -0.009197
v -0.087322 0.007678 -0.009864
v -0.089051 0.005949 -0.010993
v -0.088163 0.006837 -0.010465
v -0.086534 0.008466 -0.009197
v -0.085803 0.009197 -0.008466
v -0.085136 0.027500 -0.007678
v -0.092817 0.027500 -0.001219
v -0.093055 0.027500 -0.001571
v -0.092817 0.030000 -0.001219
v -0.092643 0.030000 -0.000833
v -0.092643 0.027500 -0.000833
v -0.092536 0.030000 -0.000423
v -0.080000 0.030000 0.000000
v -0.080168 0.030000 0.002236
v -0.080042 0.014958 0.001121
v -0.080168 0.014833 0.002236
v -0.080376 0.014624 0.003338
v -0.050000 0.014334 0.004421
v -0.080666 0.014334 0.004421
v -0.050000 0.013515 0.006508
v -0.081037 0.013963 0.005480
v -0.081486 0.013515 0.006508
v -0.050000 0.012394 0.008450
v -0.082606 0.012394 0.008450
v -0.082010 0.012990 0.007500
v -0.050000 0.010996 0.010203
v -0.084004 0.010996 0.010203
v -0.050000 0.009352 0.011727
v -0.083273 0.011727 0.009352
v -0.082606 0.030000 0.008450
v -0.084004 0.030000 0.010203
v -0.085648 0.030000 0.011727
v -0.084797 0.010203 0.010996
v -0.093055 0.030000 0.001571
v -0.093348 0.030000 0.001877
v -0.093055 0.027500 0.001571
v -0.092817 0.027500 0.001219
v -0.092817 0.030000 0.001219
v -0.092643 0.027500 0.000833
v -0.092643 0.030000 0.000833
v -0.081486 0.030000 0.006508
v -0.080666 0.030000 0.004421
v -0.093348 0.027500 0.001877
v -0.093689 0.027500 0.002129
v -0.085648 0.009352 0.011727
v -0.086550 0.008450 0.012394
v -0.094894 0.027500 0.002498
v -0.094894 0.030000 0.002498
v -0.094473 0.030000 0.002444
v -0.093879 0.030000 0.014958
v -0.096121 0.030000 0.014958
v -0.095000 0.000000 0.015000
v -0.096121 -0.030000 0.014958
v -0.093879 -0.030000 0.014958
v -0.098338 0.030000 0.014624
v -0.098338 -0.030000 0.014624
v -0.095318 -0.030000 0.002480
v -0.095732 -0.030000 0.002390
v -0.100480 -0.030000 0.013963
v -0.096126 -0.030000 0.002232
v -0.096126 -0.027500 0.002232
v -0.095732 -0.027500 0.002390
v -0.096487 -0.027500 0.002010
v -0.096805 -0.027500 0.001730
v -0.096487 -0.030000 0.002010
v -0.104352 -0.030000 0.011727
v -0.102500 -0.030000 0.012990
v -0.096805 -0.030000 0.001730
v -0.105996 -0.030000 0.010203
v -0.097071 -0.030000 0.001400
v -0.097071 -0.027500 0.001400
v -0.097278 -0.027500 0.001030
v -0.097278 -0.030000 0.001030
v -0.097419 -0.027500 0.000630
v -0.097419 -0.030000 0.000630
v -0.097491 -0.027500 0.000212
v -0.097491 -0.030000 0.000212
v -0.097491 -0.027500 -0.000212
v -0.097491 -0.030000 -0.000212
v -0.097419 -0.027500 -0.000630
v -0.097419 -0.030000 -0.000630
v -0.097278 -0.027500 -0.001030
v -0.097071 -0.027500 -0.001400
v -0.097278 -0.030000 -0.001030
v -0.108515 -0.030000 -0.006508
v -0.097071 -0.030000 -0.001400
v -0.109334 -0.030000 -0.004421
v -0.108515 0.030000 -0.006508
v -0.109334 0.030000 -0.004421
v -0.109832 -0.030000 -0.002236
v -0.109832 0.030000 -0.002236
v -0.110000 -0.030000 0.000000
v -0.110000 0.030000 0.000000
v -0.109832 -0.030000 0.002236
v -0.109832 0.030000 0.002236
v -0.109334 -0.030000 0.004421
v -0.109334 0.030000 0.004421
v -0.108515 -0.030000 0.006508
v -0.108515 0.030000 0.006508
v -0.107394 -0.030000 0.008450
v -0.107394 0.030000 0.008450
v -0.105996 0.030000 0.010203
v -0.104352 0.030000 0.011727
v -0.102500 0.030000 0.012990
v -0.096126 0.030000 0.002232
v -0.095732 0.030000 0.002390
v -0.100480 0.030000 0.013963
v -0.095318 0.027500 0.002480
v -0.095318 0.030000 0.002480
v -0.097491 0.030000 -0.000212
v -0.107394 0.030000 -0.008450
v -0.107394 -0.030000 -0.008450
v -0.105996 0.030000 -0.010203
v -0.096805 0.030000 -0.001730
v -0.104352 0.030000 -0.011727
v -0.105996 -0.030000 -0.010203
v -0.104352 -0.030000 -0.011727
v -0.096805 -0.030000 -0.001730
v -0.096487 -0.030000 -0.002010
v -0.096126 -0.027500 -0.002232
v -0.096487 -0.027500 -0.002010
v -0.096126 -0.030000 -0.002232
v -0.100480 -0.030000 -0.013963
v -0.102500 -0.030000 -0.012990
v -0.095732 -0.030000 -0.002390
v -0.095732 -0.027500 -0.002390
v -0.095318 -0.027500 -0.002480
v -0.096032 -0.027500 -0.012457
v -0.093968 -0.001032 -0.012457
v -0.093968 -0.027500 -0.012457
v -0.091931 -0.027500 -0.012117
v -0.091931 -0.003069 -0.012117
v -0.092943 -0.002057 -0.012330
v -0.094894 -0.027500 -0.002498
v -0.095318 -0.030000 -0.002480
v -0.094894 -0.030000 -0.002498
v -0.094473 -0.027500 -0.002444
v -0.094068 -0.027500 -0.002320
v -0.094473 -0.030000 -0.002444
v -0.089979 -0.027500 -0.011447
v -0.089979 -0.005021 -0.011447
v -0.088163 -0.027500 -0.010465
v -0.088163 -0.006837 -0.010465
v -0.089051 -0.005949 -0.010993
v -0.050000 -0.005021 -0.011447
v -0.050000 -0.006837 -0.010465
v -0.050000 -0.008466 -0.009197
v -0.050000 -0.007500 -0.012990
v -0.050000 -0.009352 -0.011727
v -0.087322 -0.007678 -0.009864
v -0.086534 -0.008466 -0.009197
v -0.086534 -0.027500 -0.009197
v -0.085803 -0.009197 -0.008466
v -0.085136 -0.009864 -0.007678
v -0.050000 -0.009864 -0.007678
v -0.050000 -0.010996 -0.010203
v -0.050000 -0.012394 -0.008450
v -0.050000 -0.013515 -0.006508
v -0.050000 -0.010993 -0.005949
v -0.084535 -0.010465 -0.006837
v -0.085136 -0.027500 -0.007678
v -0.084007 -0.010993 -0.005949
v -0.084007 -0.027500 -0.005949
v -0.083553 -0.011447 -0.005021
v -0.050000 -0.011823 -0.004059
v -0.083177 -0.011823 -0.004059
v -0.083177 -0.027500 -0.004059
v -0.082882 -0.012118 -0.003069
v -0.050000 -0.012329 -0.002057
v -0.082671 -0.012329 -0.002057
v -0.082671 -0.027500 -0.002057
v -0.082543 -0.012457 -0.001032
v -0.082500 -0.012500 0.000000
v -0.050000 -0.012500 0.000000
v -0.050000 -0.014833 0.002236
v -0.050000 -0.012329 0.002057
v -0.050000 -0.015000 0.000000
v -0.050000 -0.014833 -0.002236
v -0.080000 -0.015000 0.000000
v -0.080042 -0.014958 0.001121
v -0.080168 -0.030000 0.002236
v -0.080168 -0.014833 0.002236
v -0.080666 -0.030000 0.004421
v -0.080376 -0.014624 0.003338
v -0.080666 -0.014334 0.004421
v -0.050000 -0.014334 0.004421
v -0.081037 -0.013963 0.005480
v -0.050000 -0.013515 0.006508
v -0.050000 -0.011823 0.004059
v -0.050000 -0.010993 0.005949
v -0.082671 -0.012329 0.002057
v -0.082882 -0.012118 0.003069
v -0.083177 -0.011823 0.004059
v -0.083553 -0.011447 0.005021
v -0.083177 -0.027500 0.004059
v -0.082671 -0.027500 0.002057
v -0.084007 -0.027500 0.005949
v -0.092643 -0.027500 0.000833
v -0.092536 -0.027500 0.000422
v -0.092500 -0.030000 0.000000
v -0.092536 -0.030000 0.000422
v -0.092500 -0.027500 0.000000
v -0.092536 -0.030000 -0.000423
v -0.092536 -0.027500 -0.000423
v -0.082500 -0.027500 0.000000
v -0.082543 -0.012457 0.001032
v -0.092643 -0.030000 -0.000833
v -0.092643 -0.027500 -0.000833
v -0.092817 -0.027500 -0.001219
v -0.092817 -0.030000 -0.001219
v -0.082606 -0.030000 -0.008450
v -0.081486 -0.030000 -0.006508
v -0.093055 -0.030000 -0.001571
v -0.084004 -0.030000 -0.010203
v -0.093348 -0.030000 -0.001877
v -0.085648 -0.030000 -0.011727
v -0.093055 -0.027500 -0.001571
v -0.093348 -0.027500 -0.001877
v -0.093689 -0.027500 -0.002129
v -0.093689 -0.030000 -0.002129
v -0.087500 -0.030000 -0.012990
v -0.094068 -0.030000 -0.002320
v -0.089520 -0.030000 -0.013963
v -0.088492 -0.006508 -0.013515
v -0.089520 -0.005480 -0.013963
v -0.090579 -0.004421 -0.014334
v -0.091662 -0.030000 -0.014624
v -0.091662 -0.003338 -0.014624
v -0.092764 -0.002236 -0.014833
v -0.093879 -0.030000 -0.014958
v -0.093879 -0.001121 -0.014958
v -0.096121 -0.030000 -0.014958
v -0.095000 -0.000000 -0.015000
v -0.096121 0.030000 -0.014958
v -0.098338 -0.030000 -0.014624
v -0.098338 0.030000 -0.014624
v -0.100480 0.030000 -0.013963
v -0.102500 0.030000 -0.012990
v -0.050000 -0.003338 -0.014624
v -0.050000 -0.005480 -0.013963
v -0.050000 -0.003069 -0.012117
v -0.050000 -0.001032 -0.012457
v -0.090941 -0.004059 -0.011823
v -0.087500 -0.007500 -0.012990
v -0.086550 -0.008450 -0.012394
v -0.085648 -0.009352 -0.011727
v -0.084797 -0.010203 -0.010996
v -0.084004 -0.010996 -0.010203
v -0.083273 -0.011727 -0.009352
v -0.082606 -0.012394 -0.008450
v -0.082010 -0.012990 -0.007500
v -0.081486 -0.013515 -0.006508
v -0.081037 -0.013963 -0.005480
v -0.080666 -0.030000 -0.004421
v -0.080666 -0.014334 -0.004421
v -0.080376 -0.014624 -0.003338
v -0.050000 -0.014334 -0.004421
v -0.080168 -0.014833 -0.002236
v -0.080168 -0.030000 -0.002236
v -0.080042 -0.014958 -0.001121
v -0.080000 -0.030000 0.000000
v -0.092643 -0.030000 0.000833
v -0.092817 -0.027500 0.001219
v -0.092817 -0.030000 0.001219
v -0.082606 -0.030000 0.008450
v -0.081486 -0.030000 0.006508
v -0.093055 -0.030000 0.001571
v -0.093055 -0.027500 0.001571
v -0.093348 -0.027500 0.001877
v -0.086534 -0.027500 0.009197
v -0.085136 -0.027500 0.007678
v -0.084535 -0.010465 0.006837
v -0.085803 -0.009197 0.008466
v -0.085136 -0.009864 0.007678
v -0.050000 -0.009864 0.007678
v -0.050000 -0.012394 0.008450
v -0.050000 -0.010996 0.010203
v -0.084007 -0.010993 0.005949
v -0.083273 -0.011727 0.009352
v -0.084797 -0.010203 0.010996
v -0.050000 -0.009352 0.011727
v -0.084004 -0.010996 0.010203
v -0.085648 -0.030000 0.011727
v -0.084004 -0.030000 0.010203
v -0.082606 -0.012394 0.008450
v -0.093348 -0.030000 0.001877
v -0.093689 -0.027500 0.002129
v -0.082010 -0.012990 0.007500
v -0.081486 -0.013515 0.006508
v -0.085648 -0.009352 0.011727
v -0.086550 -0.008450 0.012394
v -0.096805 -0.027500 -0.001730
v -0.091662 -0.003338 0.014624
v -0.092764 -0.002236 0.014832
v -0.091931 0.003069 0.012117
v -0.051000 -0.001547 -0.012404
v -0.051000 -0.000460 -0.012492
v -0.080000 -0.001547 -0.012404
v -0.051000 -0.001992 -0.012340
v -0.080000 -0.001992 -0.012340
v -0.050844 -0.001545 -0.012392
v -0.051000 -0.002622 -0.012222
v -0.050691 -0.001541 -0.012355
v -0.050691 -0.002612 -0.012174
v -0.050844 -0.002620 -0.012210
v -0.050844 -0.000460 -0.012479
v -0.051000 0.000630 -0.012484
v -0.050844 0.000630 -0.012472
v -0.050691 -0.000458 -0.012443
v -0.050546 -0.000456 -0.012383
v -0.050691 0.000628 -0.012435
v -0.050546 -0.001533 -0.012296
v -0.050412 -0.001523 -0.012214
v -0.050412 -0.002582 -0.012035
v -0.050546 -0.002599 -0.012115
v -0.050546 -0.003645 -0.011843
v -0.050412 -0.003621 -0.011764
v -0.050293 -0.003591 -0.011667
v -0.050293 -0.004594 -0.011310
v -0.050412 -0.004633 -0.011404
v -0.050293 -0.005563 -0.010866
v -0.050412 -0.005609 -0.010957
v -0.050546 -0.004664 -0.011480
v -0.050546 -0.005646 -0.011030
v -0.050691 -0.004686 -0.011536
v -0.050691 -0.003663 -0.011900
v -0.050844 -0.003674 -0.011935
v -0.051000 -0.003677 -0.011947
v -0.050844 -0.004700 -0.011570
v -0.051000 -0.003493 -0.012002
v -0.080000 -0.003677 -0.011947
v -0.080000 -0.003493 -0.012002
v -0.080000 -0.002622 -0.012222
v -0.080156 -0.003674 -0.011935
v -0.080156 -0.002620 -0.012210
v -0.080156 -0.004700 -0.011570
v -0.080309 -0.003663 -0.011900
v -0.080309 -0.002612 -0.012174
v -0.080000 -0.004705 -0.011581
v -0.080000 -0.004941 -0.011482
v -0.051000 -0.004705 -0.011581
v -0.051000 -0.004941 -0.011482
v -0.051000 -0.005696 -0.011127
v -0.080000 -0.005696 -0.011127
v -0.080000 -0.006315 -0.010788
v -0.080156 -0.005690 -0.011116
v -0.080156 -0.006638 -0.010578
v -0.080000 -0.007542 -0.009969
v -0.080000 -0.006644 -0.010588
v -0.080156 -0.007534 -0.009959
v -0.080309 -0.006618 -0.010547
v -0.080309 -0.005674 -0.011083
v -0.080309 -0.004686 -0.011536
v -0.080454 -0.005646 -0.011030
v -0.080454 -0.004664 -0.011480
v -0.080454 -0.003645 -0.011843
v -0.080588 -0.004633 -0.011404
v -0.080588 -0.003621 -0.011764
v -0.080588 -0.002582 -0.012035
v -0.080707 -0.003591 -0.011667
v -0.080707 -0.002561 -0.011936
v -0.080707 -0.001511 -0.012113
v -0.080809 -0.002536 -0.011819
v -0.080809 -0.001496 -0.011995
v -0.080809 -0.000445 -0.012080
v -0.080891 -0.001479 -0.011862
v -0.080891 -0.000440 -0.011946
v -0.080891 0.000603 -0.011939
v -0.080951 -0.000435 -0.011801
v -0.080951 0.000596 -0.011794
v -0.080951 0.001621 -0.011697
v -0.080988 0.000588 -0.011642
v -0.080988 0.001600 -0.011546
v -0.080988 0.002600 -0.011363
v -0.081000 0.001579 -0.011391
v -0.081000 0.002566 -0.011210
v -0.081000 0.000000 0.000000
v -0.081000 0.003533 -0.010944
v -0.081000 0.004473 -0.010594
v -0.080988 0.003581 -0.011093
v -0.080951 0.002635 -0.011511
v -0.080951 0.003628 -0.011238
v -0.080988 0.004534 -0.010738
v -0.081000 0.005380 -0.010164
v -0.080951 0.004594 -0.010879
v -0.080988 0.005453 -0.010302
v -0.080951 0.005524 -0.010437
v -0.080988 0.006330 -0.009788
v -0.081000 0.006245 -0.009657
v -0.081000 0.007063 -0.009076
v -0.081000 0.007827 -0.008426
v -0.080988 0.007159 -0.009199
v -0.080951 0.006413 -0.009916
v -0.080951 0.007253 -0.009319
v -0.080988 0.007933 -0.008540
v -0.081000 0.008531 -0.007711
v -0.080951 0.008037 -0.008652
v -0.080988 0.008648 -0.007816
v -0.080951 0.008761 -0.007919
v -0.080988 0.009296 -0.007033
v -0.081000 0.009171 -0.006938
v -0.081000 0.009741 -0.006113
v -0.081000 0.010237 -0.005240
v -0.080988 0.009873 -0.006196
v -0.080951 0.009417 -0.007125
v -0.080951 0.010003 -0.006277
v -0.080988 0.010376 -0.005312
v -0.080951 0.010512 -0.005381
v -0.080988 0.010799 -0.004387
v -0.081000 0.010654 -0.004328
v -0.081000 0.010991 -0.003383
v -0.081000 0.011244 -0.002412
v -0.080988 0.011141 -0.003429
v -0.080951 0.010941 -0.004445
v -0.080951 0.011286 -0.003474
v -0.080988 0.011397 -0.002445
v -0.080951 0.011546 -0.002477
v -0.080988 0.011567 -0.001443
v -0.081000 0.011412 -0.001423
v -0.081000 0.011492 -0.000423
v -0.081000 0.011485 0.000580
v -0.080988 0.011649 -0.000429
v -0.080951 0.011801 -0.000435
v -0.080988 0.011642 0.000588
v -0.080951 0.011718 -0.001461
v -0.080891 0.011688 -0.002508
v -0.080891 0.011862 -0.001479
v -0.080809 0.011819 -0.002536
v -0.080809 0.011995 -0.001496
v -0.080891 0.011946 -0.000440
v -0.080809 0.012080 -0.000445
v -0.080891 0.011939 0.000603
v -0.080951 0.011794 0.000596
v -0.080951 0.011697 0.001621
v -0.080988 0.011546 0.001600
v -0.080988 0.011363 0.002600
v -0.081000 0.011391 0.001579
v -0.081000 0.011210 0.002566
v -0.081000 0.010944 0.003533
v -0.081000 0.010594 0.004473
v -0.080988 0.011093 0.003581
v -0.080951 0.011511 0.002634
v -0.080951 0.011238 0.003628
v -0.080988 0.010739 0.004534
v -0.081000 0.010164 0.005380
v -0.080951 0.010879 0.004593
v -0.080988 0.010302 0.005453
v -0.081000 0.009657 0.006245
v -0.080951 0.010437 0.005524
v -0.080988 0.009788 0.006330
v -0.081000 0.009076 0.007063
v -0.080951 0.009916 0.006413
v -0.080988 0.009199 0.007159
v -0.080951 0.009319 0.007253
v -0.080988 0.008540 0.007933
v -0.081000 0.008425 0.007827
v -0.081000 0.007711 0.008531
v -0.081000 0.006938 0.009171
v -0.080988 0.007816 0.008648
v -0.080951 0.008652 0.008037
v -0.080951 0.007918 0.008761
v -0.080988 0.007033 0.009296
v -0.081000 0.006113 0.009741
v -0.080951 0.007125 0.009418
v -0.080988 0.006196 0.009873
v -0.080951 0.006277 0.010003
v -0.080988 0.005312 0.010376
v -0.081000 0.005240 0.010237
v -0.081000 0.004328 0.010654
v -0.081000 0.003383 0.010991
v -0.080988 0.004387 0.010799
v -0.080951 0.005381 0.010512
v -0.080951 0.004445 0.010941
v -0.080988 0.003429 0.011141
v -0.081000 0.002412 0.011244
v -0.080951 0.003474 0.011286
v -0.080988 0.002445 0.011397
v -0.080951 0.002477 0.011546
v -0.080988 0.001443 0.011567
v -0.081000 0.001423 0.011412
v -0.081000 0.000423 0.011492
v -0.081000 -0.000580 0.011485
v -0.080988 0.000429 0.011649
v -0.080951 0.001462 0.011718
v -0.080951 0.000435 0.011801
v -0.080988 -0.000588 0.011642
v -0.081000 -0.001579 0.011391
v -0.080951 -0.000596 0.011794
v -0.080988 -0.001600 0.011546
v -0.081000 -0.002566 0.011210
v -0.080951 -0.001621 0.011697
v -0.080988 -0.002600 0.011363
v -0.081000 -0.003533 0.010944
v -0.080951 -0.002635 0.011511
v -0.080988 -0.003581 0.011093
v -0.080951 -0.003628 0.011238
v -0.080988 -0.004534 0.010738
v -0.081000 -0.004473 0.010594
v -0.081000 -0.005380 0.010164
v -0.081000 -0.006245 0.009657
v -0.080988 -0.005453 0.010302
v -0.080951 -0.005524 0.010437
v -0.080988 -0.006330 0.009788
v -0.080951 -0.004593 0.010879
v -0.080891 -0.003672 0.011376
v -0.080891 -0.004650 0.011013
v -0.080809 -0.003713 0.011503
v -0.080809 -0.004702 0.011136
v -0.080891 -0.005592 0.010565
v -0.080809 -0.005654 0.010684
v -0.080891 -0.006492 0.010038
v -0.080951 -0.006413 0.009916
v -0.080951 -0.007253 0.009319
v -0.080988 -0.007159 0.009199
v -0.080988 -0.007933 0.008540
v -0.081000 -0.007063 0.009076
v -0.081000 -0.007827 0.008425
v -0.081000 -0.008531 0.007711
v -0.081000 -0.009171 0.006938
v -0.080988 -0.008648 0.007816
v -0.080951 -0.008037 0.008652
v -0.080951 -0.008761 0.007918
v -0.080988 -0.009296 0.007033
v -0.081000 -0.009741 0.006113
v -0.080951 -0.009417 0.007125
v -0.080988 -0.009873 0.006196
v -0.081000 -0.010237 0.005240
v -0.080951 -0.010003 0.006277
v -0.080988 -0.010376 0.005312
v -0.081000 -0.010654 0.004328
v -0.080951 -0.010512 0.005381
v -0.080988 -0.010799 0.004387
v -0.080951 -0.010941 0.004445
v -0.080988 -0.011141 0.003429
v -0.081000 -0.010991 0.003383
v -0.081000 -0.011244 0.002412
v -0.081000 -0.011411 0.001423
v -0.080988 -0.011397 0.002445
v -0.080951 -0.011286 0.003474
v -0.080951 -0.011546 0.002477
v -0.080988 -0.011567 0.001443
v -0.081000 -0.011492 0.000423
v -0.080951 -0.011718 0.001461
v -0.080988 -0.011649 0.000429
v -0.080951 -0.011801 0.000435
v -0.080988 -0.011642 -0.000588
v -0.081000 -0.011485 -0.000580
v -0.081000 -0.011391 -0.001579
v -0.081000 -0.011210 -0.002566
v -0.080988 -0.011546 -0.001600
v -0.080951 -0.011794 -0.000596
v -0.080951 -0.011697 -0.001621
v -0.080988 -0.011363 -0.002600
v -0.081000 -0.010944 -0.003533
v -0.080951 -0.011511 -0.002635
v -0.080988 -0.011093 -0.003581
v -0.080951 -0.011238 -0.003628
v -0.080988 -0.010739 -0.004534
v -0.081000 -0.010594 -0.004473
v -0.081000 -0.010164 -0.005380
v -0.081000 -0.009657 -0.006245
v -0.080988 -0.010302 -0.005453
v -0.080951 -0.010879 -0.004593
v -0.080951 -0.010437 -0.005524
v -0.080988 -0.009788 -0.006330
v -0.080951 -0.009916 -0.006413
v -0.080988 -0.009199 -0.007159
v -0.081000 -0.009076 -0.007063
v -0.081000 -0.008425 -0.007827
v -0.081000 -0.007711 -0.008531
v -0.080988 -0.008540 -0.007933
v -0.080951 -0.009319 -0.007253
v -0.080951 -0.008652 -0.008037
v -0.080988 -0.007816 -0.008648
v -0.080951 -0.007918 -0.008761
v -0.080988 -0.007033 -0.009296
v -0.081000 -0.006938 -0.009171
v -0.081000 -0.006113 -0.009741
v -0.081000 -0.005240 -0.010237
v -0.080988 -0.006196 -0.009873
v -0.080951 -0.006277 -0.010003
v -0.080988 -0.005312 -0.010376
v -0.080951 -0.007125 -0.009418
v -0.080891 -0.008016 -0.008868
v -0.080891 -0.007212 -0.009533
v -0.080809 -0.008105 -0.008968
v -0.080809 -0.007293 -0.009640
v -0.080891 -0.006354 -0.010125
v -0.080809 -0.006425 -0.010239
v -0.080891 -0.005447 -0.010641
v -0.080951 -0.005381 -0.010512
v -0.080951 -0.004445 -0.010941
v -0.080988 -0.004387 -0.010799
v -0.080988 -0.003429 -0.011141
v -0.081000 -0.004328 -0.010654
v -0.081000 -0.003383 -0.010991
v -0.081000 -0.002412 -0.011244
v -0.081000 -0.001423 -0.011412
v -0.080988 -0.002445 -0.011397
v -0.080951 -0.003474 -0.011286
v -0.080951 -0.002477 -0.011546
v -0.080988 -0.001443 -0.011567
v -0.081000 -0.000423 -0.011492
v -0.080951 -0.001462 -0.011718
v -0.080988 -0.000429 -0.011649
v -0.081000 0.000580 -0.011485
v -0.080891 -0.002508 -0.011688
v -0.080809 -0.003556 -0.011553
v -0.080891 -0.003517 -0.011425
v -0.080809 -0.004550 -0.011199
v -0.080891 -0.004499 -0.011075
v -0.080809 -0.005508 -0.010760
v -0.080707 -0.006488 -0.010340
v -0.080707 -0.005563 -0.010866
v -0.080588 -0.006543 -0.010426
v -0.080588 -0.005609 -0.010957
v -0.080707 -0.004594 -0.011310
v -0.080454 -0.006586 -0.010496
v -0.080309 -0.007512 -0.009930
v -0.080454 -0.007476 -0.009882
v -0.080309 -0.008349 -0.009237
v -0.080454 -0.008309 -0.009193
v -0.080588 -0.007427 -0.009816
v -0.080588 -0.008254 -0.009132
v -0.080707 -0.007365 -0.009735
v -0.080707 -0.008185 -0.009056
v -0.080588 -0.009018 -0.008378
v -0.080707 -0.008944 -0.008308
v -0.080588 -0.009714 -0.007560
v -0.080707 -0.009634 -0.007497
v -0.080809 -0.008856 -0.008227
v -0.080809 -0.009539 -0.007424
v -0.080891 -0.008758 -0.008136
v -0.080891 -0.009434 -0.007342
v -0.080809 -0.010150 -0.006564
v -0.080891 -0.010038 -0.006492
v -0.080809 -0.010684 -0.005655
v -0.080891 -0.010565 -0.005592
v -0.080809 -0.011136 -0.004702
v -0.080891 -0.011013 -0.004650
v -0.080809 -0.011503 -0.003713
v -0.080891 -0.011376 -0.003672
v -0.080809 -0.011783 -0.002697
v -0.080891 -0.011653 -0.002667
v -0.080809 -0.011973 -0.001659
v -0.080891 -0.011841 -0.001641
v -0.080809 -0.012072 -0.000610
v -0.080891 -0.011939 -0.000603
v -0.080809 -0.012080 0.000445
v -0.080891 -0.011946 0.000440
v -0.080809 -0.011995 0.001496
v -0.080891 -0.011862 0.001479
v -0.080809 -0.011819 0.002536
v -0.080891 -0.011688 0.002508
v -0.080809 -0.011553 0.003556
v -0.080891 -0.011425 0.003517
v -0.080809 -0.011199 0.004549
v -0.080891 -0.011075 0.004499
v -0.080809 -0.010760 0.005508
v -0.080891 -0.010641 0.005447
v -0.080809 -0.010239 0.006425
v -0.080891 -0.010125 0.006354
v -0.080809 -0.009640 0.007293
v -0.080891 -0.009533 0.007212
v -0.080809 -0.008968 0.008105
v -0.080891 -0.008868 0.008016
v -0.080809 -0.008227 0.008856
v -0.080891 -0.008136 0.008758
v -0.080809 -0.007424 0.009539
v -0.080891 -0.007342 0.009434
v -0.080809 -0.006564 0.010150
v -0.080707 -0.005710 0.010789
v -0.080707 -0.006629 0.010250
v -0.080588 -0.005758 0.010879
v -0.080588 -0.006684 0.010336
v -0.080707 -0.007497 0.009634
v -0.080588 -0.007560 0.009714
v -0.080707 -0.008308 0.008944
v -0.080588 -0.008378 0.009018
v -0.080707 -0.009056 0.008185
v -0.080588 -0.009132 0.008254
v -0.080707 -0.009735 0.007365
v -0.080588 -0.009816 0.007426
v -0.080707 -0.010340 0.006488
v -0.080588 -0.010426 0.006543
v -0.080707 -0.010866 0.005563
v -0.080588 -0.010957 0.005609
v -0.080707 -0.011309 0.004594
v -0.080588 -0.011404 0.004633
v -0.080707 -0.011667 0.003591
v -0.080588 -0.011764 0.003621
v -0.080707 -0.011935 0.002561
v -0.080588 -0.012035 0.002582
v -0.080707 -0.012113 0.001511
v -0.080588 -0.012214 0.001523
v -0.080707 -0.012199 0.000449
v -0.080588 -0.012301 0.000453
v -0.080707 -0.012192 -0.000616
v -0.080588 -0.012293 -0.000621
v -0.080707 -0.012092 -0.001676
v -0.080588 -0.012193 -0.001690
v -0.080707 -0.011899 -0.002723
v -0.080588 -0.011999 -0.002746
v -0.080707 -0.011617 -0.003750
v -0.080588 -0.011714 -0.003781
v -0.080707 -0.011246 -0.004748
v -0.080588 -0.011340 -0.004788
v -0.080707 -0.010789 -0.005710
v -0.080588 -0.010879 -0.005758
v -0.080707 -0.010250 -0.006629
v -0.080588 -0.010336 -0.006684
v -0.080454 -0.010952 -0.005796
v -0.080454 -0.010405 -0.006729
v -0.080309 -0.011005 -0.005825
v -0.080309 -0.010455 -0.006761
v -0.080454 -0.009779 -0.007610
v -0.080309 -0.009826 -0.007647
v -0.080454 -0.009078 -0.008433
v -0.080309 -0.009122 -0.008474
v -0.080156 -0.009855 -0.007669
v -0.080156 -0.009149 -0.008499
v -0.080000 -0.009158 -0.008508
v -0.080000 -0.008755 -0.008921
v -0.080156 -0.008374 -0.009264
v -0.080000 -0.008382 -0.009273
v -0.080000 -0.007593 -0.009930
v -0.051000 -0.007593 -0.009930
v -0.051000 -0.007542 -0.009969
v -0.051000 -0.006644 -0.010588
v -0.050844 -0.007534 -0.009959
v -0.050844 -0.006638 -0.010578
v -0.050691 -0.007512 -0.009930
v -0.050691 -0.008349 -0.009237
v -0.050844 -0.008374 -0.009264
v -0.051000 -0.008755 -0.008921
v -0.051000 -0.008382 -0.009273
v -0.050844 -0.009149 -0.008499
v -0.050691 -0.009122 -0.008474
v -0.050546 -0.009078 -0.008433
v -0.050691 -0.009826 -0.007647
v -0.050546 -0.009779 -0.007610
v -0.050546 -0.010405 -0.006729
v -0.050412 -0.009714 -0.007560
v -0.050412 -0.010336 -0.006684
v -0.050293 -0.010250 -0.006629
v -0.050293 -0.010789 -0.005710
v -0.050412 -0.010879 -0.005758
v -0.050546 -0.010952 -0.005796
v -0.050412 -0.011340 -0.004788
v -0.050293 -0.011246 -0.004748
v -0.050191 -0.011503 -0.003713
v -0.050293 -0.011617 -0.003750
v -0.050191 -0.011136 -0.004702
v -0.050109 -0.011013 -0.004650
v -0.050109 -0.011376 -0.003672
v -0.050191 -0.010684 -0.005655
v -0.050109 -0.010565 -0.005592
v -0.050191 -0.010150 -0.006564
v -0.050109 -0.010038 -0.006492
v -0.050191 -0.009539 -0.007424
v -0.050293 -0.009634 -0.007497
v -0.050293 -0.008944 -0.008308
v -0.050412 -0.009018 -0.008378
v -0.050546 -0.008309 -0.009193
v -0.050412 -0.008254 -0.009132
v -0.050546 -0.007476 -0.009882
v -0.050293 -0.008185 -0.009056
v -0.050412 -0.007427 -0.009816
v -0.050546 -0.006586 -0.010496
v -0.050412 -0.006543 -0.010426
v -0.050293 -0.007365 -0.009735
v -0.050293 -0.006488 -0.010340
v -0.050191 -0.007293 -0.009640
v -0.050191 -0.008105 -0.008968
v -0.050109 -0.008016 -0.008868
v -0.050109 -0.008758 -0.008136
v -0.050191 -0.008856 -0.008227
v -0.050109 -0.009434 -0.007342
v -0.050049 -0.009319 -0.007253
v -0.050049 -0.009916 -0.006413
v -0.050012 -0.009788 -0.006330
v -0.050012 -0.010302 -0.005453
v -0.050049 -0.010437 -0.005524
v -0.050049 -0.010879 -0.004593
v -0.050012 -0.010739 -0.004534
v -0.050000 -0.010594 -0.004473
v -0.050000 -0.010944 -0.003533
v -0.050012 -0.011093 -0.003581
v -0.050000 -0.011210 -0.002566
v -0.050012 -0.011363 -0.002600
v -0.050049 -0.011238 -0.003628
v -0.050049 -0.011511 -0.002635
v -0.050109 -0.011653 -0.002667
v -0.050049 -0.011697 -0.001621
v -0.050012 -0.011546 -0.001600
v -0.050012 -0.011642 -0.000588
v -0.050000 -0.011485 -0.000580
v -0.050000 -0.011391 -0.001579
v -0.050000 -0.002215 -0.000393
v -0.050000 -0.002250 -0.000013
v -0.049000 -0.002215 -0.000393
v -0.049000 -0.002250 -0.000013
v -0.050000 -0.002117 -0.000762
v -0.050000 -0.001958 -0.001108
v -0.049000 -0.002117 -0.000762
v -0.049000 -0.000706 -0.000254
v -0.049000 -0.000653 -0.000370
v -0.049000 -0.001958 -0.001108
v -0.050000 -0.001743 -0.001423
v -0.049000 -0.000581 -0.000474
v -0.049000 -0.001743 -0.001423
v -0.049000 -0.000492 -0.000566
v -0.049000 -0.001477 -0.001697
v -0.050000 -0.001477 -0.001697
v -0.050000 -0.008425 -0.007827
v -0.050000 -0.007711 -0.008531
v -0.050000 -0.006938 -0.009171
v -0.050000 -0.001169 -0.001923
v -0.050000 -0.006113 -0.009741
v -0.050000 -0.005240 -0.010237
v -0.050000 -0.000827 -0.002092
v -0.049000 -0.001169 -0.001923
v -0.049000 -0.000390 -0.000641
v -0.049000 -0.000276 -0.000698
v -0.049000 -0.000827 -0.002092
v -0.050000 -0.000462 -0.002202
v -0.049000 -0.000154 -0.000734
v -0.049000 -0.000462 -0.002202
v -0.049000 -0.000028 -0.000750
v -0.049000 -0.000083 -0.002249
v -0.050000 -0.000083 -0.002249
v -0.050000 0.000580 -0.011485
v -0.050000 0.000298 -0.002230
v -0.050000 -0.001423 -0.011412
v -0.050000 -0.000423 -0.011492
v -0.050012 0.000588 -0.011642
v -0.050012 -0.000429 -0.011649
v -0.050012 -0.001443 -0.011567
v -0.050049 0.000596 -0.011794
v -0.050049 -0.000435 -0.011801
v -0.050109 -0.000440 -0.011946
v -0.050109 0.000603 -0.011939
v -0.050049 -0.001462 -0.011718
v -0.050012 -0.002445 -0.011397
v -0.050049 -0.002477 -0.011546
v -0.050109 -0.001479 -0.011862
v -0.050109 -0.002508 -0.011688
v -0.050191 -0.001496 -0.011995
v -0.050191 -0.000445 -0.012080
v -0.050293 0.000616 -0.012192
v -0.050293 -0.000449 -0.012199
v -0.050191 0.000610 -0.012072
v -0.050191 0.001660 -0.011973
v -0.050293 0.001676 -0.012092
v -0.050293 0.002723 -0.011899
v -0.050412 0.002746 -0.011999
v -0.050412 0.001690 -0.012193
v -0.050546 0.002764 -0.012079
v -0.050546 0.001701 -0.012274
v -0.050412 0.000621 -0.012293
v -0.050546 0.000625 -0.012375
v -0.050412 -0.000453 -0.012301
v -0.050293 -0.001511 -0.012113
v -0.050191 -0.002536 -0.011819
v -0.050293 -0.002561 -0.011936
v -0.050191 -0.003556 -0.011553
v -0.050109 -0.004499 -0.011075
v -0.050191 -0.004550 -0.011199
v -0.050109 -0.003517 -0.011425
v -0.050049 -0.003474 -0.011286
v -0.050049 -0.004445 -0.010941
v -0.050012 -0.004387 -0.010799
v -0.050012 -0.005312 -0.010376
v -0.050049 -0.005381 -0.010512
v -0.050109 -0.005447 -0.010641
v -0.050049 -0.006277 -0.010003
v -0.050012 -0.006196 -0.009873
v -0.050012 -0.007033 -0.009296
v -0.050049 -0.007125 -0.009418
v -0.050012 -0.007816 -0.008648
v -0.050049 -0.007918 -0.008761
v -0.050012 -0.008540 -0.007933
v -0.050049 -0.008652 -0.008037
v -0.050012 -0.009199 -0.007159
v -0.050000 -0.009076 -0.007063
v -0.050000 -0.009657 -0.006245
v -0.050000 -0.010164 -0.005380
v -0.050109 -0.007212 -0.009533
v -0.050191 -0.006425 -0.010239
v -0.050109 -0.006354 -0.010125
v -0.050191 -0.005508 -0.010760
v -0.050000 -0.004328 -0.010654
v -0.050012 -0.003429 -0.011141
v -0.050000 -0.003383 -0.010991
v -0.050000 -0.002412 -0.011244
v -0.050691 0.001709 -0.012333
v -0.050691 0.002778 -0.012137
v -0.050844 0.002786 -0.012173
v -0.050844 0.001714 -0.012369
v -0.051000 0.001078 -0.012453
v -0.051000 0.001716 -0.012382
v -0.080000 0.001078 -0.012453
v -0.080000 0.001716 -0.012382
v -0.051000 0.002601 -0.012226
v -0.080000 0.002601 -0.012226
v -0.051000 0.002789 -0.012185
v -0.080000 0.002789 -0.012185
v -0.051000 0.003840 -0.011896
v -0.080000 0.003840 -0.011896
v -0.051000 0.004083 -0.011814
v -0.050844 0.003836 -0.011884
v -0.050844 0.004857 -0.011504
v -0.050691 0.003825 -0.011849
v -0.050691 0.004843 -0.011471
v -0.050546 0.003807 -0.011792
v -0.050546 0.004820 -0.011415
v -0.050412 0.003781 -0.011714
v -0.050293 0.003750 -0.011617
v -0.050412 0.004788 -0.011340
v -0.050293 0.004748 -0.011246
v -0.050412 0.005758 -0.010879
v -0.050546 0.005796 -0.010952
v -0.050691 0.005824 -0.011005
v -0.050546 0.006729 -0.010405
v -0.050691 0.006761 -0.010455
v -0.050844 0.006781 -0.010486
v -0.050691 0.007647 -0.009826
v -0.050844 0.007669 -0.009855
v -0.051000 0.007677 -0.009865
v -0.051000 0.008075 -0.009541
v -0.050844 0.008499 -0.009149
v -0.051000 0.006842 -0.010461
v -0.051000 0.006788 -0.010496
v -0.080000 0.006788 -0.010496
v -0.080000 0.006842 -0.010461
v -0.080000 0.007677 -0.009865
v -0.080156 0.007669 -0.009855
v -0.080156 0.006781 -0.010486
v -0.080000 0.005847 -0.011048
v -0.080156 0.005842 -0.011037
v -0.080309 0.006761 -0.010455
v -0.080309 0.007647 -0.009826
v -0.080309 0.008474 -0.009122
v -0.080454 0.007610 -0.009779
v -0.080454 0.008433 -0.009078
v -0.080454 0.009193 -0.008309
v -0.080588 0.008378 -0.009018
v -0.080588 0.009132 -0.008254
v -0.080588 0.009816 -0.007427
v -0.080707 0.009056 -0.008185
v -0.080707 0.009735 -0.007365
v -0.080707 0.010340 -0.006489
v -0.080809 0.009640 -0.007293
v -0.080809 0.010239 -0.006425
v -0.080809 0.010760 -0.005508
v -0.080891 0.010125 -0.006354
v -0.080891 0.010641 -0.005447
v -0.080891 0.011075 -0.004499
v -0.080809 0.011199 -0.004550
v -0.080891 0.011425 -0.003517
v -0.080809 0.011553 -0.003556
v -0.080707 0.011309 -0.004594
v -0.080707 0.011667 -0.003591
v -0.080588 0.011404 -0.004633
v -0.080588 0.011764 -0.003621
v -0.080707 0.011935 -0.002561
v -0.080588 0.012035 -0.002582
v -0.080707 0.012113 -0.001511
v -0.080588 0.012214 -0.001523
v -0.080707 0.012199 -0.000449
v -0.080588 0.012301 -0.000453
v -0.080707 0.012192 0.000616
v -0.080809 0.012072 0.000610
v -0.080809 0.011973 0.001659
v -0.080891 0.011841 0.001641
v -0.080891 0.011653 0.002667
v -0.080809 0.011783 0.002697
v -0.080891 0.011376 0.003672
v -0.080809 0.011503 0.003713
v -0.080891 0.011013 0.004650
v -0.080809 0.011136 0.004702
v -0.080891 0.010565 0.005592
v -0.080809 0.010684 0.005655
v -0.080891 0.010038 0.006492
v -0.080809 0.010150 0.006564
v -0.080891 0.009434 0.007342
v -0.080809 0.009539 0.007424
v -0.080891 0.008758 0.008136
v -0.080809 0.008856 0.008227
v -0.080891 0.008016 0.008868
v -0.080809 0.008105 0.008968
v -0.080891 0.007212 0.009533
v -0.080809 0.007293 0.009640
v -0.080891 0.006354 0.010125
v -0.080809 0.006425 0.010239
v -0.080891 0.005447 0.010641
v -0.080809 0.005508 0.010760
v -0.080891 0.004499 0.011075
v -0.080809 0.004550 0.011199
v -0.080891 0.003517 0.011425
v -0.080809 0.003556 0.011553
v -0.080891 0.002508 0.011688
v -0.080809 0.002536 0.011819
v -0.080891 0.001479 0.011862
v -0.080809 0.001496 0.011995
v -0.080891 0.000440 0.011946
v -0.080809 0.000445 0.012080
v -0.080891 -0.000603 0.011939
v -0.080809 -0.000610 0.012072
v -0.080891 -0.001641 0.011841
v -0.080809 -0.001660 0.011973
v -0.080891 -0.002667 0.011653
v -0.080809 -0.002697 0.011783
v -0.080707 -0.001676 0.012092
v -0.080707 -0.002723 0.011899
v -0.080588 -0.001690 0.012192
v -0.080588 -0.002746 0.011999
v -0.080707 -0.003750 0.011617
v -0.080588 -0.003781 0.011714
v -0.080707 -0.004748 0.011246
v -0.080588 -0.004788 0.011340
v -0.080454 -0.003807 0.011792
v -0.080454 -0.004820 0.011415
v -0.080309 -0.003825 0.011849
v -0.080309 -0.004843 0.011471
v -0.080454 -0.005796 0.010952
v -0.080309 -0.005824 0.011005
v -0.080454 -0.006729 0.010405
v -0.080309 -0.006761 0.010455
v -0.080454 -0.007610 0.009779
v -0.080309 -0.007647 0.009826
v -0.080454 -0.008433 0.009078
v -0.080309 -0.008474 0.009122
v -0.080454 -0.009193 0.008309
v -0.080309 -0.009237 0.008349
v -0.080454 -0.009882 0.007476
v -0.080309 -0.009930 0.007512
v -0.080454 -0.010496 0.006586
v -0.080309 -0.010546 0.006618
v -0.080454 -0.011030 0.005646
v -0.080309 -0.011083 0.005674
v -0.080454 -0.011480 0.004664
v -0.080309 -0.011536 0.004686
v -0.080454 -0.011843 0.003645
v -0.080309 -0.011900 0.003663
v -0.080454 -0.012115 0.002599
v -0.080309 -0.012174 0.002612
v -0.080454 -0.012296 0.001534
v -0.080309 -0.012355 0.001541
v -0.080454 -0.012383 0.000456
v -0.080309 -0.012443 0.000458
v -0.080454 -0.012375 -0.000625
v -0.080309 -0.012435 -0.000628
v -0.080454 -0.012274 -0.001701
v -0.080309 -0.012333 -0.001709
v -0.080454 -0.012079 -0.002764
v -0.080309 -0.012137 -0.002778
v -0.080454 -0.011792 -0.003807
v -0.080309 -0.011849 -0.003825
v -0.080454 -0.011415 -0.004820
v -0.080309 -0.011471 -0.004843
v -0.080156 -0.011504 -0.004857
v -0.080156 -0.011884 -0.003836
v -0.080000 -0.011896 -0.003840
v -0.080156 -0.012173 -0.002786
v -0.080000 -0.011934 -0.003718
v -0.080000 -0.012185 -0.002789
v -0.051000 -0.011934 -0.003718
v -0.051000 -0.011896 -0.003840
v -0.051000 -0.011516 -0.004862
v -0.050844 -0.011884 -0.003836
v -0.050691 -0.011849 -0.003825
v -0.050844 -0.012173 -0.002786
v -0.051000 -0.012185 -0.002789
v -0.050691 -0.012137 -0.002778
v -0.050844 -0.011504 -0.004857
v -0.050691 -0.011471 -0.004843
v -0.051000 -0.011387 -0.005156
v -0.050844 -0.011037 -0.005842
v -0.050844 -0.010486 -0.006781
v -0.050691 -0.011005 -0.005825
v -0.051000 -0.011048 -0.005847
v -0.080000 -0.011387 -0.005156
v -0.080000 -0.011048 -0.005847
v -0.051000 -0.010667 -0.006516
v -0.080000 -0.010667 -0.006516
v -0.051000 -0.010496 -0.006788
v -0.080000 -0.010496 -0.006788
v -0.051000 -0.009865 -0.007677
v -0.080000 -0.009865 -0.007677
v -0.051000 -0.009785 -0.007778
v -0.050844 -0.009855 -0.007669
v -0.050691 -0.010455 -0.006761
v -0.080000 -0.009785 -0.007778
v -0.051000 -0.009158 -0.008508
v -0.080156 -0.010486 -0.006781
v -0.080156 -0.011037 -0.005842
v -0.080000 -0.011516 -0.004862
v -0.050546 -0.011415 -0.004820
v -0.050412 -0.011714 -0.003781
v -0.050546 -0.011792 -0.003807
v -0.050412 -0.011999 -0.002746
v -0.050546 -0.012079 -0.002764
v -0.050546 -0.012274 -0.001701
v -0.050412 -0.012193 -0.001690
v -0.050293 -0.012092 -0.001676
v -0.050412 -0.012293 -0.000621
v -0.050293 -0.012192 -0.000616
v -0.050191 -0.012072 -0.000610
v -0.050191 -0.012080 0.000445
v -0.050293 -0.012199 0.000449
v -0.050191 -0.011995 0.001496
v -0.050293 -0.012113 0.001511
v -0.050412 -0.012301 0.000453
v -0.050412 -0.012214 0.001523
v -0.050546 -0.012383 0.000456
v -0.050546 -0.012375 -0.000625
v -0.050691 -0.012333 -0.001709
v -0.050691 -0.012435 -0.000628
v -0.050844 -0.012369 -0.001714
v -0.050844 -0.012472 -0.000630
v -0.050691 -0.012443 0.000458
v -0.050546 -0.012296 0.001534
v -0.050691 -0.012355 0.001541
v -0.050844 -0.012479 0.000460
v -0.051000 -0.012471 0.000844
v -0.050844 -0.012392 0.001545
v -0.051000 -0.012491 0.000460
v -0.051000 -0.012484 -0.000630
v -0.051000 -0.012404 0.001547
v -0.051000 -0.012273 0.002371
v -0.080000 -0.012273 0.002371
v -0.080000 -0.012404 0.001547
v -0.080000 -0.012471 0.000844
v -0.080156 -0.012392 0.001545
v -0.080156 -0.012210 0.002620
v -0.080000 -0.011947 0.003677
v -0.080156 -0.011935 0.003674
v -0.080000 -0.012222 0.002622
v -0.051000 -0.012222 0.002622
v -0.051000 -0.011947 0.003677
v -0.050844 -0.012210 0.002620
v -0.050844 -0.011935 0.003674
v -0.050844 -0.011569 0.004700
v -0.051000 -0.011581 0.004705
v -0.050691 -0.011900 0.003663
v -0.051000 -0.011889 0.003861
v -0.050691 -0.011536 0.004686
v -0.050546 -0.011480 0.004664
v -0.050691 -0.011083 0.005674
v -0.050546 -0.011030 0.005646
v -0.050412 -0.010957 0.005609
v -0.050412 -0.010426 0.006543
v -0.050546 -0.010496 0.006586
v -0.050412 -0.009816 0.007426
v -0.050691 -0.010546 0.006618
v -0.050546 -0.009882 0.007476
v -0.050412 -0.009132 0.008254
v -0.050546 -0.009193 0.008309
v -0.050691 -0.009930 0.007512
v -0.050691 -0.009237 0.008349
v -0.050844 -0.009959 0.007534
v -0.050844 -0.010578 0.006638
v -0.051000 -0.011127 0.005696
v -0.050844 -0.011116 0.005690
v -0.051000 -0.010588 0.006644
v -0.051000 -0.009969 0.007542
v -0.080000 -0.009969 0.007542
v -0.080000 -0.010588 0.006644
v -0.080000 -0.011127 0.005696
v -0.080156 -0.011116 0.005690
v -0.080156 -0.010578 0.006638
v -0.080156 -0.009959 0.007534
v -0.080000 -0.009691 0.007895
v -0.080156 -0.009264 0.008374
v -0.080156 -0.008499 0.009149
v -0.080000 -0.009273 0.008382
v -0.051000 -0.009273 0.008382
v -0.051000 -0.009691 0.007895
v -0.080000 -0.008648 0.009026
v -0.080000 -0.008507 0.009158
v -0.051000 -0.008648 0.009026
v -0.051000 -0.008507 0.009158
v -0.050844 -0.009264 0.008374
v -0.050844 -0.008499 0.009149
v -0.050691 -0.008474 0.009122
v -0.050691 -0.007647 0.009826
v -0.050844 -0.007669 0.009855
v -0.051000 -0.007473 0.010020
v -0.050691 -0.006761 0.010455
v -0.051000 -0.007677 0.009865
v -0.051000 -0.006788 0.010496
v -0.050844 -0.006781 0.010486
v -0.051000 -0.006185 0.010863
v -0.050844 -0.005842 0.011037
v -0.050691 -0.005824 0.011005
v -0.050546 -0.005796 0.010952
v -0.050546 -0.004820 0.011415
v -0.050691 -0.004843 0.011471
v -0.050691 -0.003825 0.011849
v -0.050546 -0.003807 0.011792
v -0.050844 -0.004857 0.011504
v -0.051000 -0.004862 0.011516
v -0.051000 -0.005847 0.011048
v -0.050844 -0.003836 0.011884
v -0.051000 -0.004803 0.011540
v -0.051000 -0.003840 0.011896
v -0.080000 -0.003840 0.011896
v -0.080000 -0.004803 0.011540
v -0.080000 -0.004862 0.011516
v -0.080156 -0.004857 0.011504
v -0.080156 -0.003836 0.011884
v -0.080000 -0.003349 0.012043
v -0.080156 -0.002786 0.012173
v -0.080000 -0.002789 0.012185
v -0.080156 -0.001714 0.012369
v -0.080309 -0.002778 0.012137
v -0.080309 -0.001709 0.012333
v -0.080454 -0.002764 0.012079
v -0.080454 -0.001701 0.012274
v -0.080309 -0.000628 0.012435
v -0.080454 -0.000625 0.012375
v -0.080309 0.000458 0.012443
v -0.080454 0.000456 0.012383
v -0.080588 -0.000621 0.012293
v -0.080588 0.000453 0.012301
v -0.080707 -0.000616 0.012192
v -0.080707 0.000449 0.012199
v -0.080588 0.001523 0.012214
v -0.080707 0.001511 0.012113
v -0.080588 0.002582 0.012035
v -0.080707 0.002561 0.011935
v -0.080588 0.003621 0.011764
v -0.080707 0.003591 0.011667
v -0.080588 0.004633 0.011404
v -0.080707 0.004594 0.011309
v -0.080588 0.005609 0.010957
v -0.080707 0.005563 0.010866
v -0.080588 0.006543 0.010426
v -0.080707 0.006489 0.010340
v -0.080588 0.007427 0.009816
v -0.080707 0.007365 0.009735
v -0.080588 0.008254 0.009132
v -0.080707 0.008185 0.009056
v -0.080588 0.009018 0.008378
v -0.080707 0.008944 0.008308
v -0.080588 0.009714 0.007560
v -0.080707 0.009634 0.007497
v -0.080588 0.010336 0.006684
v -0.080707 0.010250 0.006629
v -0.080588 0.010879 0.005758
v -0.080707 0.010789 0.005710
v -0.080588 0.011340 0.004788
v -0.080707 0.011246 0.004748
v -0.080588 0.011714 0.003781
v -0.080707 0.011617 0.003750
v -0.080588 0.011999 0.002746
v -0.080707 0.011899 0.002723
v -0.080588 0.012193 0.001690
v -0.080707 0.012092 0.001676
v -0.080588 0.012293 0.000621
v -0.080454 0.012383 -0.000456
v -0.080454 0.012375 0.000625
v -0.080309 0.012443 -0.000458
v -0.080309 0.012435 0.000628
v -0.080454 0.012274 0.001701
v -0.080309 0.012333 0.001709
v -0.080454 0.012079 0.002764
v -0.080309 0.012137 0.002778
v -0.080454 0.011792 0.003807
v -0.080309 0.011849 0.003825
v -0.080454 0.011415 0.004820
v -0.080309 0.011471 0.004843
v -0.080454 0.010952 0.005796
v -0.080309 0.011005 0.005824
v -0.080454 0.010405 0.006729
v -0.080309 0.010455 0.006761
v -0.080454 0.009779 0.007610
v -0.080309 0.009826 0.007647
v -0.080454 0.009078 0.008433
v -0.080309 0.009122 0.008474
v -0.080454 0.008309 0.009192
v -0.080309 0.008349 0.009237
v -0.080454 0.007476 0.009882
v -0.080309 0.007512 0.009930
v -0.080454 0.006586 0.010496
v -0.080309 0.006618 0.010546
v -0.080454 0.005646 0.011030
v -0.080309 0.005674 0.011083
v -0.080454 0.004664 0.011480
v -0.080309 0.004686 0.011535
v -0.080454 0.003645 0.011843
v -0.080309 0.003663 0.011900
v -0.080454 0.002599 0.012115
v -0.080309 0.002612 0.012174
v -0.080454 0.001534 0.012296
v -0.080309 0.001541 0.012355
v -0.080156 0.001546 0.012392
v -0.080156 0.002620 0.012210
v -0.080000 0.002622 0.012222
v -0.080156 0.003674 0.011935
v -0.080000 0.002748 0.012194
v -0.080000 0.003677 0.011947
v -0.051000 0.002748 0.012194
v -0.051000 0.002622 0.012222
v -0.051000 0.001547 0.012404
v -0.050844 0.002620 0.012210
v -0.050844 0.003674 0.011935
v -0.050691 0.003663 0.011900
v -0.050691 0.002612 0.012174
v -0.051000 0.003677 0.011947
v -0.050844 0.001546 0.012392
v -0.051000 0.001228 0.012440
v -0.050691 0.001541 0.012355
v -0.050844 0.000460 0.012479
v -0.050844 -0.000630 0.012472
v -0.050691 0.000458 0.012443
v -0.051000 0.000460 0.012492
v -0.080000 0.001228 0.012440
v -0.080000 0.000460 0.012492
v -0.051000 -0.000310 0.012496
v -0.080000 -0.000310 0.012496
v -0.051000 -0.000630 0.012484
v -0.080000 -0.000630 0.012484
v -0.051000 -0.001716 0.012382
v -0.080000 -0.001716 0.012382
v -0.051000 -0.001843 0.012363
v -0.050844 -0.001714 0.012369
v -0.050691 -0.001709 0.012333
v -0.050844 -0.002786 0.012173
v -0.050691 -0.000628 0.012435
v -0.050546 -0.000625 0.012375
v -0.050546 0.000456 0.012383
v -0.050412 0.000453 0.012301
v -0.050412 0.001523 0.012214
v -0.050546 0.001534 0.012296
v -0.050546 0.002599 0.012115
v -0.050412 0.002582 0.012035
v -0.050293 0.002561 0.011935
v -0.050412 0.003621 0.011764
v -0.050293 0.003591 0.011667
v -0.050191 0.004550 0.011199
v -0.050191 0.003556 0.011553
v -0.050293 0.004594 0.011309
v -0.050412 0.004633 0.011404
v -0.050293 0.005563 0.010866
v -0.050191 0.005508 0.010760
v -0.050191 0.006425 0.010239
v -0.050109 0.006354 0.010125
v -0.050109 0.005447 0.010641
v -0.050049 0.006277 0.010003
v -0.050049 0.005381 0.010512
v -0.050109 0.004499 0.011075
v -0.050049 0.004445 0.010941
v -0.050109 0.003517 0.011425
v -0.050049 0.003474 0.011286
v -0.050109 0.002508 0.011688
v -0.050191 0.002536 0.011819
v -0.050191 0.001496 0.011995
v -0.050293 0.001511 0.012113
v -0.050293 0.000449 0.012199
v -0.050191 0.000445 0.012080
v -0.050293 -0.000616 0.012192
v -0.050412 -0.000621 0.012293
v -0.050412 -0.001690 0.012192
v -0.050546 -0.001701 0.012274
v -0.050546 -0.002764 0.012079
v -0.050691 -0.002778 0.012137
v -0.050412 -0.002746 0.011999
v -0.050412 -0.003781 0.011714
v -0.050293 -0.002723 0.011899
v -0.050293 -0.001676 0.012092
v -0.050191 -0.000610 0.012072
v -0.050191 -0.001660 0.011973
v -0.050191 -0.002697 0.011783
v -0.050109 -0.001641 0.011841
v -0.050109 -0.000603 0.011939
v -0.050049 -0.000596 0.011794
v -0.050049 0.000435 0.011801
v -0.050109 0.000440 0.011946
v -0.050109 0.001479 0.011862
v -0.050049 0.001462 0.011718
v -0.050012 0.002445 0.011397
v -0.050049 0.002477 0.011546
v -0.050012 0.001443 0.011567
v -0.050000 0.002412 0.011244
v -0.050000 0.001423 0.011412
v -0.050012 0.000429 0.011649
v -0.050000 0.000423 0.011492
v -0.050012 -0.000588 0.011642
v -0.050000 -0.000580 0.011485
v -0.050012 -0.001600 0.011546
v -0.050049 -0.001621 0.011697
v -0.050049 -0.002635 0.011511
v -0.050109 -0.002667 0.011653
v -0.050191 -0.003713 0.011503
v -0.050109 -0.003672 0.011376
v -0.050109 -0.004650 0.011013
v -0.050191 -0.004702 0.011136
v -0.050049 -0.003628 0.011238
v -0.050012 -0.003581 0.011093
v -0.050012 -0.002600 0.011363
v -0.050049 -0.004593 0.010879
v -0.050049 -0.005524 0.010437
v -0.050012 -0.004534 0.010738
v -0.050109 -0.005592 0.010565
v -0.050191 -0.006564 0.010150
v -0.050191 -0.005654 0.010684
v -0.050109 -0.006492 0.010038
v -0.050049 -0.006413 0.009916
v -0.050109 -0.007342 0.009434
v -0.050191 -0.007424 0.009539
v -0.050293 -0.007497 0.009634
v -0.050191 -0.008227 0.008856
v -0.050293 -0.008308 0.008944
v -0.050293 -0.009056 0.008185
v -0.050412 -0.008378 0.009018
v -0.050546 -0.008433 0.009078
v -0.050412 -0.007560 0.009714
v -0.050293 -0.006629 0.010250
v -0.050412 -0.006684 0.010336
v -0.050546 -0.007610 0.009779
v -0.050546 -0.006729 0.010405
v -0.050412 -0.005758 0.010879
v -0.050293 -0.005710 0.010789
v -0.050293 -0.004748 0.011246
v -0.050412 -0.004788 0.011340
v -0.050293 -0.003750 0.011617
v -0.050191 -0.008968 0.008105
v -0.050293 -0.009735 0.007365
v -0.050293 -0.010340 0.006488
v -0.050191 -0.009640 0.007293
v -0.050109 -0.009533 0.007212
v -0.050109 -0.008868 0.008016
v -0.050191 -0.010239 0.006425
v -0.050109 -0.010125 0.006354
v -0.050293 -0.010866 0.005563
v -0.050191 -0.010760 0.005508
v -0.050293 -0.011309 0.004594
v -0.050109 -0.010641 0.005447
v -0.050191 -0.011199 0.004550
v -0.050109 -0.011075 0.004499
v -0.050191 -0.011553 0.003556
v -0.050293 -0.011667 0.003591
v -0.050412 -0.011764 0.003621
v -0.050293 -0.011935 0.002561
v -0.050412 -0.012035 0.002582
v -0.050546 -0.012115 0.002599
v -0.050546 -0.011843 0.003645
v -0.050691 -0.012174 0.002612
v -0.050412 -0.011404 0.004633
v -0.050191 -0.011819 0.002536
v -0.050109 -0.011688 0.002508
v -0.050109 -0.011425 0.003517
v -0.050049 -0.011286 0.003474
v -0.050049 -0.010941 0.004445
v -0.050012 -0.010799 0.004387
v -0.050049 -0.010512 0.005381
v -0.050012 -0.010376 0.005312
v -0.050000 -0.009741 0.006113
v -0.050000 -0.010237 0.005240
v -0.050012 -0.009873 0.006196
v -0.050012 -0.009296 0.007033
v -0.050000 -0.009171 0.006938
v -0.050049 -0.010003 0.006277
v -0.050049 -0.009417 0.007125
v -0.050012 -0.008648 0.007816
v -0.050049 -0.008761 0.007918
v -0.050049 -0.008037 0.008652
v -0.050012 -0.007933 0.008540
v -0.050000 -0.007827 0.008425
v -0.050012 -0.007159 0.009199
v -0.050000 -0.007063 0.009076
v -0.050000 -0.001496 0.001681
v -0.050000 -0.001190 0.001909
v -0.050000 -0.006245 0.009657
v -0.050000 -0.005380 0.010164
v -0.050012 -0.006330 0.009788
v -0.050049 -0.007253 0.009319
v -0.050012 -0.005453 0.010302
v -0.050000 -0.004473 0.010594
v -0.050000 -0.000851 0.002083
v -0.050000 -0.003533 0.010944
v -0.050000 -0.000486 0.002197
v -0.050000 -0.002566 0.011210
v -0.050000 -0.001579 0.011391
v -0.050000 -0.000108 0.002247
v -0.050000 0.000083 0.002248
v -0.049000 -0.000108 0.002247
v -0.049000 0.000083 0.002248
v -0.049000 -0.000036 0.000749
v -0.049000 -0.000162 0.000732
v -0.049000 -0.000486 0.002197
v -0.049000 -0.000284 0.000694
v -0.049000 -0.000851 0.002083
v -0.049000 -0.000397 0.000636
v -0.049000 -0.001190 0.001909
v -0.049000 -0.000499 0.000560
v -0.049000 -0.001496 0.001681
v -0.050000 -0.001759 0.001404
v -0.049000 -0.000586 0.000468
v -0.049000 -0.001759 0.001404
v -0.049000 -0.000657 0.000362
v -0.049000 -0.001970 0.001086
v -0.050000 -0.001970 0.001086
v -0.050000 -0.002126 0.000738
v -0.050000 -0.010654 0.004328
v -0.050000 -0.010991 0.003383
v -0.050012 -0.011141 0.003429
v -0.050012 -0.011397 0.002445
v -0.050049 -0.011546 0.002477
v -0.050049 -0.011718 0.001461
v -0.050109 -0.011862 0.001479
v -0.050109 -0.011946 0.000440
v -0.050049 -0.011801 0.000435
v -0.050109 -0.011939 -0.000603
v -0.050191 -0.011973 -0.001659
v -0.050109 -0.011841 -0.001641
v -0.050049 -0.011794 -0.000596
v -0.050012 -0.011649 0.000429
v -0.050000 -0.011411 0.001423
v -0.050000 -0.011492 0.000423
v -0.050012 -0.011567 0.001443
v -0.050000 -0.011244 0.002412
v -0.050000 -0.002220 0.000368
v -0.049000 -0.002220 0.000368
v -0.049000 -0.002126 0.000738
v -0.049000 -0.000709 0.000246
v -0.049000 -0.000740 0.000123
v -0.049000 -0.000750 -0.000004
v -0.050000 -0.000750 -0.000004
v -0.050000 -0.000740 0.000123
v -0.050000 -0.000709 0.000246
v -0.050000 -0.000493 0.000082
v -0.050000 -0.000500 -0.000003
v -0.050000 -0.000492 -0.000087
v -0.045000 -0.000500 -0.000003
v -0.045000 -0.000493 0.000082
v -0.045000 -0.000472 0.000164
v -0.045000 0.000000 0.000000
v -0.045000 0.000295 0.000404
v -0.045000 0.000457 -0.000203
v -0.045000 -0.000103 -0.000489
v -0.045000 -0.000108 0.000488
v -0.045000 0.000359 0.000348
v -0.045000 0.000416 -0.000278
v -0.045000 -0.000184 -0.000465
v -0.045000 0.000413 0.000282
v -0.045000 0.000363 -0.000344
v -0.045000 -0.000260 -0.000427
v -0.045000 -0.000024 0.000499
v -0.045000 0.000454 0.000208
v -0.045000 0.000300 -0.000400
v -0.045000 -0.000328 -0.000377
v -0.045000 -0.000438 0.000241
v -0.045000 0.000018 0.000500
v -0.045000 0.000483 0.000129
v -0.045000 0.000228 -0.000445
v -0.045000 -0.000387 -0.000316
v -0.045000 -0.000391 0.000312
v -0.045000 0.000061 0.000496
v -0.045000 0.000498 0.000045
v -0.045000 0.000149 -0.000477
v -0.045000 -0.000435 -0.000246
v -0.045000 -0.000333 0.000373
v -0.045000 0.000144 0.000479
v -0.045000 0.000498 -0.000040
v -0.045000 0.000066 -0.000496
v -0.045000 -0.000470 -0.000169
v -0.045000 -0.000265 0.000424
v -0.045000 0.000223 0.000448
v -0.045000 0.000485 -0.000123
v -0.045000 -0.000018 -0.000500
v -0.045000 -0.000492 -0.000087
v -0.045000 -0.000189 0.000463
v -0.050000 -0.000189 0.000463
v -0.050000 -0.000265 0.000424
v -0.050000 -0.000397 0.000636
v -0.050000 -0.000284 0.000694
v -0.050000 -0.000333 0.000373
v -0.050000 -0.000391 0.000312
v -0.050000 -0.000499 0.000560
v -0.050000 -0.000586 0.000468
v -0.050000 -0.000657 0.000362
v -0.050000 -0.000438 0.000241
v -0.050000 -0.000472 0.000164
v -0.050000 -0.000162 0.000732
v -0.050000 -0.000036 0.000749
v -0.050000 -0.000108 0.000488
v -0.050000 -0.000024 0.000499
v -0.050000 0.000028 0.000749
v -0.050000 0.000018 0.000500
v -0.050000 0.000061 0.000496
v -0.050000 0.000091 0.000744
v -0.049000 0.000216 0.000718
v -0.050000 0.000216 0.000718
v -0.049000 0.000091 0.000744
v -0.049000 0.000028 0.000749
v -0.049000 0.000647 0.002155
v -0.049000 0.000273 0.002233
v -0.050000 0.000273 0.002233
v -0.050000 0.000647 0.002155
v -0.050000 0.001002 0.002015
v -0.050000 0.004328 0.010654
v -0.050000 0.003383 0.010991
v -0.049000 0.001002 0.002015
v -0.049000 0.001328 0.001817
v -0.049000 0.000334 0.000672
v -0.050000 0.000334 0.000672
v -0.049000 0.000443 0.000605
v -0.049000 0.000539 0.000522
v -0.049000 0.001616 0.001566
v -0.050000 0.000443 0.000605
v -0.050000 0.000539 0.000522
v -0.050000 0.000295 0.000404
v -0.050000 0.000223 0.000448
v -0.050000 0.000144 0.000479
v -0.050000 0.000359 0.000348
v -0.050000 0.000619 0.000423
v -0.050000 0.000413 0.000282
v -0.050000 0.000682 0.000313
v -0.050000 0.000454 0.000208
v -0.050000 0.000725 0.000193
v -0.050000 0.000483 0.000129
v -0.050000 0.000498 0.000045
v -0.050000 0.000747 0.000068
v -0.049000 0.000748 -0.000059
v -0.050000 0.000748 -0.000059
v -0.049000 0.000747 0.000068
v -0.049000 0.002243 -0.000178
v -0.049000 0.002241 0.000203
v -0.049000 0.000725 0.000193
v -0.049000 0.002174 0.000579
v -0.049000 0.000682 0.000313
v -0.049000 0.002045 0.000938
v -0.049000 0.000619 0.000423
v -0.049000 0.001857 0.001270
v -0.050000 0.001616 0.001566
v -0.050000 0.001857 0.001270
v -0.050000 0.002045 0.000938
v -0.050000 0.009076 0.007063
v -0.050000 0.010164 0.005380
v -0.050000 0.009657 0.006245
v -0.050012 0.009788 0.006330
v -0.050012 0.009199 0.007159
v -0.050012 0.008540 0.007933
v -0.050049 0.008652 0.008037
v -0.050049 0.009319 0.007253
v -0.050109 0.008758 0.008136
v -0.050109 0.009434 0.007342
v -0.050049 0.009916 0.006413
v -0.050109 0.010038 0.006492
v -0.050012 0.010302 0.005453
v -0.050049 0.010437 0.005524
v -0.050109 0.010565 0.005592
v -0.050012 0.010739 0.004534
v -0.050049 0.010879 0.004593
v -0.050012 0.011093 0.003581
v -0.050049 0.011238 0.003628
v -0.050109 0.011013 0.004650
v -0.050109 0.011376 0.003672
v -0.050191 0.011136 0.004702
v -0.050191 0.010684 0.005655
v -0.050293 0.010250 0.006629
v -0.050293 0.010789 0.005710
v -0.050191 0.010150 0.006564
v -0.050191 0.009539 0.007424
v -0.050293 0.009634 0.007497
v -0.050293 0.008944 0.008308
v -0.050412 0.009018 0.008378
v -0.050412 0.009714 0.007560
v -0.050546 0.009078 0.008433
v -0.050546 0.009779 0.007610
v -0.050412 0.010336 0.006684
v -0.050546 0.010405 0.006729
v -0.050412 0.010879 0.005758
v -0.050546 0.010952 0.005796
v -0.050293 0.011246 0.004748
v -0.050412 0.011340 0.004788
v -0.050293 0.011617 0.003750
v -0.050412 0.011714 0.003781
v -0.050546 0.011415 0.004820
v -0.050546 0.011792 0.003807
v -0.050691 0.011471 0.004843
v -0.050691 0.011005 0.005824
v -0.050844 0.010486 0.006781
v -0.050844 0.011037 0.005842
v -0.050691 0.010455 0.006761
v -0.050691 0.009826 0.007647
v -0.050844 0.009855 0.007669
v -0.051000 0.010246 0.007161
v -0.051000 0.009865 0.007677
v -0.050844 0.009149 0.008499
v -0.051000 0.009158 0.008508
v -0.050691 0.009122 0.008474
v -0.051000 0.008382 0.009273
v -0.050844 0.008374 0.009264
v -0.051000 0.009288 0.008365
v -0.080000 0.009865 0.007677
v -0.080000 0.009288 0.008365
v -0.080000 0.009158 0.008508
v -0.080156 0.009149 0.008499
v -0.080156 0.009855 0.007669
v -0.080156 0.010486 0.006781
v -0.080000 0.010496 0.006788
v -0.080000 0.010246 0.007161
v -0.080156 0.011037 0.005842
v -0.080000 0.011048 0.005847
v -0.080000 0.011516 0.004862
v -0.051000 0.011048 0.005847
v -0.051000 0.010496 0.006788
v -0.051000 0.011516 0.004862
v -0.050844 0.011504 0.004857
v -0.051000 0.011896 0.003840
v -0.051000 0.011683 0.004445
v -0.050691 0.011849 0.003825
v -0.050844 0.011884 0.003836
v -0.050844 0.012173 0.002786
v -0.050691 0.012137 0.002778
v -0.051000 0.012141 0.002976
v -0.051000 0.012185 0.002789
v -0.080000 0.012185 0.002789
v -0.080000 0.012141 0.002976
v -0.080000 0.011896 0.003840
v -0.080156 0.012173 0.002786
v -0.080156 0.011884 0.003836
v -0.080156 0.012370 0.001714
v -0.080000 0.012382 0.001716
v -0.080000 0.012414 0.001461
v -0.051000 0.012382 0.001716
v -0.051000 0.012414 0.001461
v -0.050844 0.012370 0.001714
v -0.050844 0.012472 0.000630
v -0.050691 0.012333 0.001709
v -0.050691 0.012435 0.000628
v -0.051000 0.012484 0.000630
v -0.051000 0.012500 -0.000075
v -0.080000 0.012500 -0.000075
v -0.080000 0.012484 0.000630
v -0.080156 0.012472 0.000630
v -0.080156 0.012479 -0.000460
v -0.080000 0.012404 -0.001547
v -0.080000 0.012492 -0.000460
v -0.080156 0.012392 -0.001545
v -0.080156 0.012210 -0.002620
v -0.080309 0.012355 -0.001541
v -0.080000 0.012396 -0.001611
v -0.080000 0.012222 -0.002622
v -0.051000 0.012396 -0.001611
v -0.051000 0.012404 -0.001547
v -0.051000 0.012492 -0.000460
v -0.050844 0.012392 -0.001545
v -0.050844 0.012210 -0.002620
v -0.050844 0.012479 -0.000460
v -0.050691 0.012355 -0.001541
v -0.050691 0.012174 -0.002612
v -0.050546 0.012115 -0.002599
v -0.050546 0.011843 -0.003645
v -0.050691 0.011900 -0.003663
v -0.050844 0.011935 -0.003674
v -0.050691 0.011536 -0.004686
v -0.050546 0.011480 -0.004664
v -0.050412 0.010957 -0.005609
v -0.050546 0.011030 -0.005646
v -0.050412 0.011404 -0.004633
v -0.050293 0.011309 -0.004594
v -0.050412 0.011764 -0.003621
v -0.050293 0.010866 -0.005563
v -0.050191 0.010760 -0.005508
v -0.050191 0.010239 -0.006425
v -0.050293 0.010340 -0.006489
v -0.050412 0.010426 -0.006543
v -0.050293 0.009735 -0.007365
v -0.050191 0.009640 -0.007293
v -0.050109 0.009533 -0.007212
v -0.050109 0.008868 -0.008016
v -0.050191 0.008968 -0.008105
v -0.050109 0.008136 -0.008758
v -0.050191 0.008227 -0.008856
v -0.050293 0.009056 -0.008185
v -0.050293 0.008308 -0.008944
v -0.050412 0.009132 -0.008254
v -0.050412 0.009816 -0.007427
v -0.050546 0.010496 -0.006586
v -0.050546 0.009882 -0.007476
v -0.050691 0.009930 -0.007512
v -0.050546 0.009193 -0.008309
v -0.050691 0.010547 -0.006618
v -0.050691 0.011083 -0.005674
v -0.050844 0.011116 -0.005690
v -0.050844 0.010578 -0.006638
v -0.051000 0.010159 -0.007283
v -0.051000 0.010588 -0.006644
v -0.050844 0.009959 -0.007534
v -0.050844 0.009264 -0.008374
v -0.051000 0.009969 -0.007542
v -0.050691 0.009237 -0.008349
v -0.050546 0.008433 -0.009078
v -0.050691 0.008474 -0.009122
v -0.050546 0.007610 -0.009779
v -0.050412 0.007560 -0.009714
v -0.050412 0.006684 -0.010336
v -0.050293 0.005710 -0.010789
v -0.050293 0.006629 -0.010250
v -0.050191 0.006564 -0.010150
v -0.050293 0.007497 -0.009634
v -0.050191 0.005655 -0.010684
v -0.050109 0.005592 -0.010565
v -0.050109 0.004650 -0.011013
v -0.050191 0.004702 -0.011136
v -0.050191 0.003713 -0.011503
v -0.050109 0.003672 -0.011376
v -0.050049 0.003628 -0.011238
v -0.050049 0.002635 -0.011511
v -0.050109 0.002667 -0.011653
v -0.050049 0.001621 -0.011697
v -0.050109 0.001641 -0.011841
v -0.050191 0.002697 -0.011783
v -0.050012 0.001600 -0.011546
v -0.050000 0.001579 -0.011391
v -0.050012 0.002600 -0.011363
v -0.050000 0.002566 -0.011210
v -0.050012 0.003581 -0.011093
v -0.050012 0.004534 -0.010738
v -0.050000 0.003533 -0.010944
v -0.050049 0.004594 -0.010879
v -0.050049 0.005524 -0.010437
v -0.050012 0.005453 -0.010302
v -0.050049 0.006413 -0.009916
v -0.050109 0.006492 -0.010038
v -0.050191 0.007424 -0.009539
v -0.050109 0.007342 -0.009434
v -0.050049 0.007253 -0.009319
v -0.050012 0.007159 -0.009199
v -0.050012 0.006330 -0.009788
v -0.050049 0.008037 -0.008652
v -0.050012 0.007933 -0.008540
v -0.050049 0.008761 -0.007919
v -0.050012 0.008648 -0.007816
v -0.050049 0.009417 -0.007125
v -0.050049 0.010003 -0.006277
v -0.050012 0.009296 -0.007033
v -0.050109 0.010125 -0.006354
v -0.050109 0.010641 -0.005447
v -0.050049 0.010512 -0.005381
v -0.050109 0.011075 -0.004499
v -0.050191 0.011199 -0.004550
v -0.050191 0.011553 -0.003556
v -0.050293 0.011667 -0.003591
v -0.050412 0.012035 -0.002582
v -0.050293 0.011935 -0.002561
v -0.050191 0.011819 -0.002536
v -0.050293 0.012113 -0.001511
v -0.050412 0.012214 -0.001523
v -0.050546 0.012383 -0.000456
v -0.050412 0.012301 -0.000453
v -0.050546 0.012296 -0.001534
v -0.050691 0.012443 -0.000458
v -0.050412 0.012293 0.000621
v -0.050546 0.012375 0.000625
v -0.050293 0.012199 -0.000449
v -0.050191 0.012080 -0.000445
v -0.050191 0.011995 -0.001496
v -0.050293 0.012192 0.000616
v -0.050191 0.012072 0.000610
v -0.050293 0.012092 0.001676
v -0.050412 0.012193 0.001690
v -0.050546 0.012274 0.001701
v -0.050412 0.011999 0.002746
v -0.050546 0.012079 0.002764
v -0.050293 0.011899 0.002723
v -0.050191 0.011783 0.002697
v -0.050191 0.011973 0.001659
v -0.050109 0.011841 0.001641
v -0.050109 0.011939 0.000603
v -0.050049 0.011794 0.000596
v -0.050109 0.011946 -0.000440
v -0.050049 0.011801 -0.000435
v -0.050012 0.011649 -0.000429
v -0.050012 0.011567 -0.001443
v -0.050049 0.011718 -0.001461
v -0.050109 0.011862 -0.001479
v -0.050049 0.011546 -0.002477
v -0.050012 0.011397 -0.002445
v -0.050012 0.011141 -0.003429
v -0.050000 0.010991 -0.003383
v -0.050000 0.011244 -0.002412
v -0.050000 0.002181 -0.000555
v -0.050000 0.011412 -0.001423
v -0.050000 0.002243 -0.000178
v -0.050000 0.011492 -0.000423
v -0.050000 0.002241 0.000203
v -0.050000 0.011485 0.000580
v -0.050012 0.011642 0.000588
v -0.050012 0.011546 0.001600
v -0.050049 0.011697 0.001621
v -0.050049 0.011511 0.002634
v -0.050109 0.011653 0.002667
v -0.050191 0.011503 0.003713
v -0.050012 0.011363 0.002600
v -0.050000 0.011391 0.001579
v -0.050000 0.011210 0.002566
v -0.050000 0.002174 0.000579
v -0.050000 0.010944 0.003533
v -0.050000 0.010594 0.004473
v -0.049000 0.002181 -0.000555
v -0.049000 0.002056 -0.000915
v -0.049000 0.000727 -0.000185
v -0.050000 0.000727 -0.000185
v -0.049000 0.000685 -0.000305
v -0.049000 0.000624 -0.000417
v -0.049000 0.001871 -0.001249
v -0.050000 0.000685 -0.000305
v -0.050000 0.000624 -0.000417
v -0.050000 0.000457 -0.000203
v -0.050000 0.000485 -0.000123
v -0.050000 0.000498 -0.000040
v -0.050000 0.000416 -0.000278
v -0.050000 0.000544 -0.000516
v -0.050000 0.000363 -0.000344
v -0.050000 0.000449 -0.000601
v -0.050000 0.000300 -0.000400
v -0.050000 0.000341 -0.000668
v -0.050000 0.000228 -0.000445
v -0.050000 0.000149 -0.000477
v -0.050000 0.000224 -0.000716
v -0.049000 0.000099 -0.000743
v -0.050000 0.000099 -0.000743
v -0.049000 0.000224 -0.000716
v -0.049000 0.000298 -0.002230
v -0.049000 0.000671 -0.002148
v -0.049000 0.000341 -0.000668
v -0.049000 0.001024 -0.002003
v -0.049000 0.000449 -0.000601
v -0.049000 0.001348 -0.001801
v -0.049000 0.000544 -0.000516
v -0.049000 0.001633 -0.001548
v -0.050000 0.001871 -0.001249
v -0.050000 0.001633 -0.001548
v -0.050000 0.009171 -0.006938
v -0.050000 0.001348 -0.001801
v -0.050000 0.007827 -0.008426
v -0.050000 0.008531 -0.007711
v -0.050000 0.007063 -0.009076
v -0.050000 0.006245 -0.009657
v -0.050000 0.001024 -0.002003
v -0.050000 0.005380 -0.010164
v -0.050000 0.004473 -0.010594
v -0.050000 0.000671 -0.002148
v -0.050000 0.009741 -0.006113
v -0.050012 0.009873 -0.006196
v -0.050012 0.010376 -0.005312
v -0.050000 0.010237 -0.005240
v -0.050012 0.010799 -0.004387
v -0.050049 0.010941 -0.004445
v -0.050049 0.011286 -0.003474
v -0.050109 0.011425 -0.003517
v -0.050109 0.011688 -0.002508
v -0.050000 0.010654 -0.004328
v -0.050000 0.002056 -0.000915
v -0.050000 0.000066 -0.000496
v -0.050000 -0.000028 -0.000750
v -0.050000 -0.000154 -0.000734
v -0.050000 -0.000018 -0.000500
v -0.050000 -0.000103 -0.000489
v -0.050000 -0.000276 -0.000698
v -0.050000 -0.000184 -0.000465
v -0.050000 -0.000390 -0.000641
v -0.050000 -0.000260 -0.000427
v -0.050000 -0.000492 -0.000566
v -0.050000 -0.000328 -0.000377
v -0.050000 -0.000387 -0.000316
v -0.050000 -0.000581 -0.000474
v -0.050000 -0.000653 -0.000370
v -0.050000 -0.000706 -0.000254
v -0.050000 -0.000435 -0.000246
v -0.050000 -0.000470 -0.000169
v -0.050000 -0.000739 -0.000131
v -0.049000 -0.000739 -0.000131
v -0.050412 0.008378 -0.009018
v -0.051000 0.009273 -0.008382
v -0.080000 0.009273 -0.008382
v -0.080000 0.009969 -0.007542
v -0.080000 0.010159 -0.007283
v -0.080156 0.009959 -0.007534
v -0.080156 0.010578 -0.006638
v -0.080156 0.009264 -0.008374
v -0.080309 0.009930 -0.007512
v -0.080309 0.010547 -0.006618
v -0.080000 0.010588 -0.006644
v -0.051000 0.010977 -0.005980
v -0.080000 0.010977 -0.005980
v -0.051000 0.011127 -0.005696
v -0.080000 0.011127 -0.005696
v -0.080156 0.011116 -0.005690
v -0.080156 0.011569 -0.004700
v -0.080309 0.011083 -0.005674
v -0.080309 0.011536 -0.004686
v -0.080309 0.011900 -0.003663
v -0.080454 0.011480 -0.004664
v -0.080454 0.011843 -0.003645
v -0.080454 0.012115 -0.002599
v -0.080309 0.012174 -0.002612
v -0.080454 0.012296 -0.001534
v -0.080156 0.011935 -0.003674
v -0.080000 0.011947 -0.003677
v -0.080000 0.012104 -0.003122
v -0.051000 0.012104 -0.003122
v -0.051000 0.012222 -0.002622
v -0.051000 0.011947 -0.003677
v -0.051000 0.011629 -0.004586
v -0.080000 0.011629 -0.004586
v -0.080000 0.011581 -0.004705
v -0.051000 0.011581 -0.004705
v -0.050844 0.011569 -0.004700
v -0.080454 0.011030 -0.005646
v -0.080454 0.010496 -0.006586
v -0.080588 0.010957 -0.005609
v -0.080588 0.010426 -0.006543
v -0.080707 0.010866 -0.005563
v -0.080454 0.009882 -0.007476
v -0.080309 0.009237 -0.008349
v -0.080156 0.008499 -0.009149
v -0.080000 0.008075 -0.009541
v -0.080000 0.008508 -0.009158
v -0.080000 0.009187 -0.008477
v -0.051000 0.009187 -0.008477
v -0.051000 0.008508 -0.009158
v -0.080000 0.011683 0.004445
v -0.080156 0.011504 0.004857
v -0.080156 0.008374 0.009264
v -0.080156 0.007534 0.009959
v -0.080000 0.008382 0.009273
v -0.080000 0.008190 0.009443
v -0.080000 0.007542 0.009969
v -0.051000 0.007542 0.009969
v -0.051000 0.006967 0.010378
v -0.080000 0.006967 0.010378
v -0.051000 0.006644 0.010588
v -0.080000 0.006644 0.010588
v -0.080156 0.006638 0.010578
v -0.080156 0.005690 0.011116
v -0.080156 0.004700 0.011569
v -0.080000 0.005696 0.011127
v -0.080000 0.005639 0.011156
v -0.051000 0.005639 0.011156
v -0.051000 0.004705 0.011581
v -0.080000 0.004705 0.011581
v -0.051000 0.004225 0.011764
v -0.080000 0.004225 0.011764
v -0.050844 0.004700 0.011569
v -0.050691 0.004686 0.011535
v -0.050844 0.005690 0.011116
v -0.050691 0.005674 0.011083
v -0.050546 0.005646 0.011030
v -0.050691 0.006618 0.010546
v -0.050546 0.006586 0.010496
v -0.050546 0.007476 0.009882
v -0.050412 0.007427 0.009816
v -0.050412 0.006543 0.010426
v -0.050293 0.007365 0.009735
v -0.050293 0.006489 0.010340
v -0.050412 0.005609 0.010957
v -0.050546 0.004664 0.011480
v -0.050546 0.003645 0.011843
v -0.050191 0.007293 0.009640
v -0.050109 0.007212 0.009533
v -0.050191 0.008105 0.008968
v -0.050109 0.008016 0.008868
v -0.050049 0.007918 0.008761
v -0.050049 0.007125 0.009418
v -0.050012 0.007816 0.008648
v -0.050000 0.008425 0.007827
v -0.050012 0.007033 0.009296
v -0.050000 0.007711 0.008531
v -0.050000 0.001328 0.001817
v -0.050000 0.006938 0.009171
v -0.050000 0.006113 0.009741
v -0.050012 0.006196 0.009873
v -0.050012 0.005312 0.010376
v -0.050000 0.005240 0.010237
v -0.050012 0.004387 0.010799
v -0.050012 0.003429 0.011141
v -0.050293 0.008185 0.009056
v -0.050191 0.008856 0.008227
v -0.050412 0.008254 0.009132
v -0.050546 0.008309 0.009192
v -0.050691 0.008349 0.009237
v -0.050691 0.007512 0.009930
v -0.050844 0.007534 0.009959
v -0.050844 0.006638 0.010578
v -0.051000 0.005696 0.011127
v -0.051000 0.008190 0.009443
v -0.050191 -0.011783 -0.002697
v -0.050293 -0.011899 -0.002723
v -0.050000 -0.008531 0.007711
v -0.050109 -0.008136 0.008758
v -0.051000 -0.002789 0.012185
v -0.051000 -0.003349 0.012043
v -0.080000 -0.001843 0.012363
v -0.080156 -0.000630 0.012472
v -0.080156 0.000460 0.012479
v -0.080000 0.001547 0.012404
v -0.080156 -0.005842 0.011037
v -0.080156 -0.006781 0.010486
v -0.080000 -0.005847 0.011048
v -0.080000 -0.006185 0.010863
v -0.080000 -0.006788 0.010496
v -0.080000 -0.007473 0.010020
v -0.080000 -0.007677 0.009865
v -0.080156 -0.007669 0.009855
v -0.080000 -0.011324 0.005293
v -0.080156 -0.011569 0.004700
v -0.080000 -0.011581 0.004705
v -0.080000 -0.011889 0.003861
v -0.051000 -0.011324 0.005293
v -0.080156 -0.012479 0.000460
v -0.080000 -0.012491 0.000460
v -0.080156 -0.012472 -0.000630
v -0.080156 -0.012369 -0.001714
v -0.080000 -0.012484 -0.000630
v -0.080000 -0.012481 -0.000695
v -0.051000 -0.012481 -0.000695
v -0.051000 -0.012382 -0.001716
v -0.080000 -0.012382 -0.001716
v -0.051000 -0.012301 -0.002223
v -0.080000 -0.012301 -0.002223
v -0.080891 0.009533 -0.007212
v -0.080809 0.008968 -0.008105
v -0.080891 0.008868 -0.008016
v -0.080809 0.008227 -0.008856
v -0.080891 0.008136 -0.008758
v -0.080809 0.007424 -0.009539
v -0.080891 0.007342 -0.009434
v -0.080809 0.006564 -0.010150
v -0.080891 0.006492 -0.010038
v -0.080809 0.005655 -0.010684
v -0.080891 0.005592 -0.010565
v -0.080809 0.004702 -0.011136
v -0.080891 0.004650 -0.011013
v -0.080809 0.003713 -0.011503
v -0.080891 0.003672 -0.011376
v -0.080809 0.002697 -0.011783
v -0.080891 0.002667 -0.011653
v -0.080809 0.001660 -0.011973
v -0.080891 0.001641 -0.011841
v -0.080809 0.000610 -0.012072
v -0.080707 -0.000449 -0.012199
v -0.080707 0.000616 -0.012192
v -0.080588 -0.000453 -0.012301
v -0.080588 0.000621 -0.012293
v -0.080707 0.001676 -0.012092
v -0.080588 0.001690 -0.012193
v -0.080707 0.002723 -0.011899
v -0.080588 0.002746 -0.011999
v -0.080707 0.003750 -0.011617
v -0.080588 0.003781 -0.011714
v -0.080707 0.004748 -0.011246
v -0.080588 0.004788 -0.011340
v -0.080707 0.005710 -0.010789
v -0.080588 0.005758 -0.010879
v -0.080707 0.006629 -0.010250
v -0.080588 0.006684 -0.010336
v -0.080707 0.007497 -0.009634
v -0.080588 0.007560 -0.009714
v -0.080707 0.008308 -0.008944
v -0.080454 0.006729 -0.010405
v -0.080309 0.005824 -0.011005
v -0.080454 0.005796 -0.010952
v -0.080309 0.004843 -0.011471
v -0.080454 0.004820 -0.011415
v -0.080309 0.003825 -0.011849
v -0.080454 0.003807 -0.011792
v -0.080309 0.002778 -0.012137
v -0.080454 0.002764 -0.012079
v -0.080309 0.001709 -0.012333
v -0.080454 0.001701 -0.012274
v -0.080309 0.000628 -0.012435
v -0.080454 0.000625 -0.012375
v -0.080309 -0.000458 -0.012443
v -0.080454 -0.000456 -0.012383
v -0.080309 -0.001541 -0.012355
v -0.080454 -0.001533 -0.012296
v -0.080454 -0.002599 -0.012115
v -0.080588 -0.001523 -0.012214
v -0.080156 -0.001545 -0.012392
v -0.080156 -0.000460 -0.012479
v -0.080156 0.000630 -0.012472
v -0.080000 -0.000460 -0.012492
v -0.080000 0.000630 -0.012484
v -0.080156 0.001714 -0.012369
v -0.080156 0.002786 -0.012173
v -0.080156 0.003836 -0.011884
v -0.080156 0.004857 -0.011504
v -0.080000 0.004083 -0.011814
v -0.080000 0.004862 -0.011516
v -0.051000 0.004862 -0.011516
v -0.051000 0.005504 -0.011223
v -0.080000 0.005504 -0.011223
v -0.051000 0.005847 -0.011048
v -0.050844 0.005842 -0.011037
v -0.050691 -0.006618 -0.010547
v -0.050691 -0.005674 -0.011083
v -0.050844 -0.005690 -0.011116
v -0.051000 -0.006315 -0.010788
vn -1.0000 -0.0000 -0.0000
vn -0.0000 -0.9969 0.0784
vn -0.0000 -0.9969 -0.0784
vn -0.0000 0.9964 -0.0849
vn -0.0000 0.9678 -0.2519
vn -0.0000 0.9678 -0.2518
vn 1.0000 -0.0000 -0.0000
vn -0.0000 0.9964 0.0849
vn -0.0000 0.9677 0.2520
vn -0.0000 -0.9239 -0.3827
vn -0.0000 -0.9724 -0.2335
vn -0.0000 0.9114 0.4115
vn -0.0000 0.8283 0.5603
vn -1.0000 -0.0000 -0.0001
vn -0.0000 -0.7604 -0.6495
vn -0.0000 -0.8527 -0.5224
vn -0.0000 0.7221 0.6918
vn -0.0000 0.7220 0.6919
vn -0.0000 0.5942 0.8043
vn -0.0000 0.5943 0.8043
vn -0.0000 0.4501 0.8930
vn -0.0000 0.2938 0.9559
vn -0.0000 -0.2335 -0.9724
vn -0.0000 -0.3827 -0.9239
vn -0.0000 -0.5225 -0.8526
vn -0.0000 -0.5226 -0.8526
vn -0.0000 -0.6494 -0.7605
vn -0.0000 0.2936 0.9559
vn -0.0000 0.1260 0.9920
vn -0.0000 -0.0416 0.9991
vn -0.0000 -0.2111 0.9775
vn -0.0000 -0.0418 0.9991
vn -0.0000 0.3827 -0.9239
vn -0.0000 0.2334 -0.9724
vn -0.0000 0.2335 -0.9724
vn -0.0000 0.0785 -0.9969
vn -0.0000 -0.2113 0.9774
vn -0.0000 -0.3726 0.9280
vn -0.0000 -0.5238 0.8518
vn -0.0000 0.6495 -0.7604
vn -0.0000 0.5225 -0.8526
vn 1.0000 -0.0000 -0.0001
vn -0.0000 -0.5237 0.8519
vn -0.0000 -0.6610 0.7504
vn -0.0000 -0.6611 0.7503
vn -0.0000 -0.7776 0.6287
vn -0.0000 0.8527 -0.5225
vn -0.0000 0.7604 -0.6495
vn -0.0000 -0.8735 0.4868
vn -0.0000 -0.9427 0.3336
vn -0.0000 -0.9857 0.1685
vn 1.0000 -0.0000 -0.0005
vn -0.0000 -0.9991 0.0431
vn -0.0000 -0.9991 -0.0432
vn 1.0000 -0.0000 0.0005
vn 0.0001 -1.0000 -0.0000
vn -0.0000 0.9969 0.0784
vn -0.0000 0.9969 -0.0784
vn -0.0000 0.9724 0.2335
vn -0.0000 0.9239 0.3826
vn -0.0000 -0.9426 -0.3339
vn -0.0000 -0.9857 -0.1684
vn 1.0000 -0.0000 -0.0002
vn 1.0000 -0.0000 0.0001
vn -0.0000 -0.8735 -0.4868
vn -0.0000 -0.7776 -0.6288
vn -0.0000 0.7604 0.6495
vn -0.0000 0.8527 0.5225
vn -0.0000 -0.7776 -0.6287
vn -0.0000 -0.6610 -0.7504
vn -0.0000 -0.6611 -0.7503
vn -1.0000 -0.0000 0.0001
vn -0.0000 -0.5243 -0.8515
vn -0.0000 -0.3719 -0.9283
vn -0.0000 0.2334 0.9724
vn -0.0000 0.3826 0.9239
vn -0.0000 0.5225 0.8526
vn -0.0000 -0.3722 -0.9282
vn -0.0000 -0.2111 -0.9775
vn -0.0000 -0.0431 -0.9991
vn -0.0000 -0.0785 0.9969
vn -0.0000 0.0785 0.9969
vn -0.0000 0.2335 0.9724
vn -0.0000 0.1273 -0.9919
vn -0.0000 0.1275 -0.9918
vn -0.0000 0.2929 -0.9561
vn -0.0000 -0.3826 0.9239
vn -0.0000 -0.2334 0.9724
vn -0.0000 -0.2335 0.9724
vn -0.0000 0.4501 -0.8930
vn -0.0000 0.2931 -0.9561
vn -0.0000 0.5947 -0.8039
vn -0.0000 -0.6494 0.7605
vn -0.0000 -0.5226 0.8526
vn -0.0000 0.7217 -0.6922
vn -0.0000 0.8285 -0.5600
vn -0.0000 -0.8527 0.5224
vn -0.0000 -0.7604 0.6495
vn -0.0000 0.9113 -0.4117
vn -0.0000 0.9113 -0.4118
vn -0.0000 -0.9239 0.3827
vn -0.0000 -0.9724 0.2335
vn -0.0000 0.6495 0.7604
vn -0.0000 0.9724 -0.2335
vn -0.0000 0.9239 -0.3826
vn -0.0000 -0.0785 -0.9969
vn -0.0000 -1.0000 -0.0000
vn -0.9964 -0.0000 0.0846
vn -0.9964 -0.0000 -0.0846
vn -0.9966 -0.0000 -0.0826
vn -0.9991 -0.0000 0.0413
vn -0.9966 -0.0028 0.0826
vn -0.9923 -0.0000 0.1237
vn -0.0000 -0.9923 0.1237
vn -0.0026 -0.9991 0.0413
vn -0.0026 -0.9786 0.2058
vn -0.9787 -0.0000 0.2052
vn -0.0000 -0.9694 0.2455
vn -0.0000 -0.9158 0.4017
vn -0.0000 -0.9584 0.2853
vn -0.9584 -0.0000 0.2853
vn -0.9316 -0.0000 0.3635
vn -0.0025 -0.9312 0.3644
vn -0.9158 -0.0027 0.4017
vn -0.0000 -0.8984 0.4391
vn -0.8984 -0.0000 0.4392
vn -0.0024 -0.8584 0.5130
vn -0.8591 -0.0000 0.5119
vn -0.0000 -0.8371 0.5470
vn -0.0000 -0.8138 0.5811
vn -0.0000 -0.7357 0.6773
vn -0.0000 0.7580 -0.6523
vn -0.0000 0.7071 -0.7071
vn 0.0013 0.7818 -0.6235
vn 0.0012 0.6802 -0.7331
vn 0.0011 0.5633 -0.8262
vn -0.0000 0.6522 -0.7580
vn -0.0000 0.5939 -0.8046
vn 0.5320 -0.0000 -0.8467
vn 0.5914 0.0037 -0.8064
vn -0.0000 0.5320 -0.8467
vn 0.4646 0.0034 -0.8855
vn 0.4339 -0.0000 -0.9010
vn -0.0000 0.4673 -0.8841
vn 0.3998 -0.0000 -0.9166
vn -0.0000 0.3999 -0.9166
vn 0.0011 0.4339 -0.9010
vn 0.0010 0.2948 -0.9556
vn -0.0000 0.3303 -0.9439
vn 0.2588 -0.0000 -0.9659
vn 0.3275 0.0032 -0.9448
vn -0.0000 0.2588 -0.9659
vn 0.1831 0.0029 -0.9831
vn 0.1490 -0.0000 -0.9888
vn -0.0000 0.1859 -0.9826
vn 0.1119 -0.0000 -0.9937
vn -0.0000 0.1119 -0.9937
vn 0.0010 0.1490 -0.9888
vn -0.0000 -0.0000 -1.0000
vn -0.0000 -0.1646 0.9864
vn -0.0000 -0.3247 0.9458
vn -0.0020 -0.3617 0.9323
vn -0.0000 -0.2853 0.9584
vn -0.0019 -0.2034 0.9791
vn -0.2052 -0.0000 0.9787
vn -0.2853 -0.0000 0.9584
vn -0.3247 -0.0018 0.9458
vn -0.1646 -0.0017 0.9864
vn -0.1237 -0.0000 0.9923
vn -0.0000 -0.0016 1.0000
vn -0.0414 -0.0000 0.9991
vn -0.1271 -0.0000 0.9919
vn 0.0425 -0.0000 0.9991
vn 0.2107 -0.0000 0.9775
vn 0.3247 -0.0000 0.9458
vn 0.1646 -0.0000 0.9864
vn 0.4760 -0.0000 0.8795
vn 0.3730 -0.0000 0.9279
vn 0.5241 -0.0000 0.8516
vn 0.6608 -0.0000 0.7506
vn 0.6142 -0.0000 0.7892
vn 0.7357 -0.0000 0.6773
vn 0.8372 -0.0000 0.5470
vn 0.9158 -0.0000 0.4017
vn 0.8729 -0.0000 0.4879
vn 0.9429 -0.0000 0.3330
vn 0.9429 -0.0000 0.3331
vn 0.9856 -0.0000 0.1690
vn 0.9694 -0.0000 0.2455
vn 0.9966 -0.0000 0.0826
vn 0.9966 -0.0000 -0.0826
vn 0.9694 -0.0000 -0.2455
vn 0.9158 -0.0000 -0.4017
vn 0.9856 -0.0000 -0.1690
vn 0.9429 -0.0000 -0.3330
vn 0.8730 -0.0000 -0.4877
vn 0.8372 -0.0000 -0.5470
vn 0.7357 -0.0000 -0.6773
vn 0.6142 -0.0000 -0.7892
vn 0.7781 -0.0000 -0.6282
vn 0.6607 -0.0000 -0.7507
vn 0.5242 -0.0000 -0.8516
vn 0.4760 -0.0000 -0.8795
vn 0.3247 -0.0000 -0.9458
vn 0.1646 -0.0000 -0.9864
vn 0.0414 -0.0000 -0.9991
vn -0.0000 1.0000 -0.0000
vn -0.0000 0.0016 -1.0000
vn -0.1271 -0.0000 -0.9919
vn 0.0425 -0.0000 -0.9991
vn -0.2928 -0.0000 -0.9562
vn -0.4503 -0.0000 -0.8929
vn 0.2947 -0.0000 0.9556
vn 0.4646 -0.0034 0.8855
vn 0.4339 -0.0000 0.9010
vn 0.3999 -0.0000 0.9165
vn 0.3274 -0.0031 0.9449
vn -0.0000 -0.3999 0.9165
vn -0.0000 -0.3303 0.9439
vn 0.0011 -0.4339 0.9009
vn 0.0010 -0.2947 0.9556
vn -0.0000 0.4760 -0.8795
vn -0.0000 0.6142 -0.7891
vn -0.0022 0.6449 -0.7642
vn -0.0000 0.5811 -0.8138
vn -0.0021 0.5103 -0.8600
vn -0.5811 -0.0000 -0.8139
vn -0.5119 -0.0000 -0.8590
vn -0.0000 0.4392 -0.8984
vn -0.4760 0.0020 -0.8795
vn -0.4392 -0.0000 -0.8984
vn -0.0000 0.3247 -0.9458
vn -0.0020 0.3617 -0.9323
vn -0.3635 -0.0000 -0.9316
vn -0.0000 0.1646 -0.9864
vn -0.0000 0.2854 -0.9584
vn -0.2853 -0.0000 -0.9584
vn -0.2052 -0.0000 -0.9787
vn -0.0019 0.2034 -0.9791
vn -0.1646 0.0017 -0.9864
vn -0.1237 -0.0000 -0.9923
vn -0.0000 0.1236 -0.9923
vn -0.0414 -0.0000 -0.9991
vn -0.0384 -0.0030 -0.9993
vn -0.0000 -0.1236 -0.9923
vn -0.0010 -0.1646 -0.9864
vn -0.0000 -0.0000 1.0000
vn -0.0000 0.1119 0.9937
vn 0.0019 0.1841 0.9829
vn -0.0000 0.1490 0.9888
vn 0.2588 -0.0000 0.9659
vn 0.1859 -0.0000 0.9826
vn -0.0000 0.2588 0.9659
vn 0.2947 0.0016 0.9556
vn 0.0020 0.3284 0.9445
vn 0.3302 -0.0000 0.9439
vn 0.4339 0.0018 0.9010
vn 0.0021 0.4656 0.8850
vn 0.4673 -0.0000 0.8841
vn -0.0000 0.4000 0.9165
vn -0.0000 0.4339 0.9010
vn -0.0000 0.2947 0.9556
vn -0.0011 -0.4759 -0.8795
vn -0.0010 -0.3247 -0.9458
vn -0.0000 -0.4392 -0.8984
vn -0.0000 -0.3635 -0.9316
vn -0.3605 -0.0035 -0.9328
vn -0.3247 -0.0000 -0.9458
vn -0.4760 -0.0000 -0.8795
vn -0.5091 -0.0038 -0.8607
vn -0.0000 -0.5119 -0.8591
vn -0.0000 -0.5811 -0.8138
vn -0.0000 -0.6463 -0.7631
vn -0.0011 -0.6142 -0.7891
vn -0.6439 -0.0041 -0.7651
vn -0.0000 -0.7071 -0.7071
vn -0.6142 -0.0000 -0.7892
vn -0.7071 -0.0000 -0.7071
vn -0.0000 -0.7631 -0.6463
vn -0.0012 -0.7357 -0.6773
vn -0.7612 -0.0045 -0.6485
vn -0.0000 -0.8138 -0.5811
vn -0.7357 -0.0000 -0.6773
vn -0.8138 -0.0000 -0.5811
vn -0.0012 -0.8371 -0.5470
vn -0.8578 -0.0049 -0.5140
vn -0.0000 -0.8590 -0.5120
vn -0.8372 -0.0000 -0.5470
vn -0.0000 -0.8984 -0.4391
vn -0.8984 -0.0000 -0.4392
vn -0.0000 -0.9316 -0.3636
vn -0.0013 -0.9158 -0.4017
vn -0.9309 -0.0052 -0.3653
vn -0.9158 -0.0000 -0.4017
vn -0.9584 -0.0000 -0.2853
vn -0.0000 -0.9584 -0.2853
vn -0.9785 -0.0055 -0.2063
vn -0.0000 -0.9787 -0.2052
vn -0.0013 -0.9694 -0.2455
vn -0.9694 -0.0000 -0.2455
vn -0.0000 -0.9923 -0.1237
vn -0.9923 -0.0000 -0.1237
vn -0.0013 -0.9966 -0.0825
vn -0.9991 -0.0057 -0.0415
vn -0.0000 -0.9991 -0.0412
vn -0.0000 -0.9966 0.0825
vn -0.0000 0.9972 0.0747
vn 0.0014 0.9972 -0.0747
vn -0.0000 0.9993 -0.0374
vn 0.9937 -0.0000 -0.1120
vn 0.9993 0.0056 -0.0375
vn -0.0000 0.9937 -0.1119
vn 0.9824 0.0054 -0.1869
vn 0.9749 -0.0000 -0.2225
vn -0.0000 0.9826 -0.1860
vn 0.9659 -0.0000 -0.2588
vn -0.0000 0.9659 -0.2588
vn 0.0014 0.9749 -0.2225
vn 0.9309 -0.0000 -0.3653
vn 0.9433 0.0051 -0.3319
vn -0.0000 0.9439 -0.3303
vn 0.9166 -0.0000 -0.3999
vn -0.0000 0.9166 -0.3999
vn 0.0014 0.9309 -0.3653
vn 0.8831 0.0048 -0.4692
vn 0.8660 -0.0000 -0.5000
vn -0.0000 0.8841 -0.4673
vn 0.8467 -0.0000 -0.5320
vn -0.0000 0.8467 -0.5321
vn 0.0013 0.8660 -0.5000
vn -0.0000 0.8046 -0.5939
vn 0.8030 0.0044 -0.5959
vn 0.7818 -0.0000 -0.6235
vn 0.6801 -0.0000 -0.7331
vn 0.7580 -0.0000 -0.6522
vn -0.7220 -0.0000 0.6919
vn -0.5946 -0.0000 0.8040
vn -0.4503 -0.0000 0.8929
vn -0.2928 -0.0000 0.9562
vn -0.6142 -0.0022 0.7892
vn -0.5811 -0.0000 0.8139
vn -0.4760 -0.0020 0.8795
vn -0.5119 -0.0000 0.8591
vn -0.0000 -0.5811 0.8138
vn -0.0021 -0.5103 0.8600
vn -0.0000 -0.4760 0.8795
vn -0.4393 -0.0000 0.8984
vn -0.0000 -0.4393 0.8984
vn -0.0022 -0.6450 0.7642
vn -0.6463 -0.0000 0.7631
vn -0.7071 -0.0000 0.7071
vn -0.0000 -0.7071 0.7071
vn -0.0000 -0.6142 0.7891
vn -0.7631 -0.0000 0.6463
vn -0.7357 -0.0023 0.6773
vn -0.0023 -0.7621 0.6474
vn -0.8138 -0.0000 0.5811
vn -0.8372 -0.0025 0.5470
vn -0.8285 -0.0000 0.5599
vn -0.9112 -0.0000 0.4119
vn -0.9677 -0.0000 0.2521
vn 0.9972 0.0028 0.0747
vn 0.9993 -0.0000 0.0373
vn 0.9972 -0.0000 -0.0747
vn 0.9937 -0.0000 0.1120
vn 0.0028 0.9993 0.0375
vn -0.0000 0.9937 0.1119
vn 0.9826 -0.0000 0.1859
vn 0.0027 0.9825 0.1865
vn -0.0000 0.9749 0.2225
vn -0.0000 0.9309 0.3654
vn -0.0000 0.9659 0.2588
vn -0.0000 0.9165 0.3999
vn 0.0027 0.9436 0.3311
vn -0.0000 0.8660 0.5000
vn -0.0000 0.7818 0.6235
vn -0.0000 0.8467 0.5320
vn 0.0026 0.8835 0.4683
vn 0.0025 0.8037 0.5950
vn -0.0000 0.7580 0.6523
vn -0.0000 0.6802 0.7330
vn 0.8046 -0.0000 0.5938
vn 0.7818 0.0023 0.6235
vn 0.7580 -0.0000 0.6523
vn 0.6802 0.0021 0.7331
vn 0.7071 -0.0000 0.7071
vn -0.7219 -0.0000 -0.6920
vn -0.8285 -0.0000 -0.5599
vn -0.9112 -0.0000 -0.4119
vn 0.9166 -0.0000 0.3999
vn 0.9309 0.0026 0.3654
vn 0.8660 0.0025 0.5000
vn 0.8841 -0.0000 0.4672
vn 0.9749 0.0027 0.2225
vn 0.9659 -0.0000 0.2588
vn 0.9439 -0.0000 0.3303
vn -0.9677 -0.0000 -0.2521
vn -0.5946 -0.0000 -0.8040
vn 0.6523 -0.0000 0.7580
vn 0.0024 0.7059 0.7083
vn -0.0000 0.6523 0.7580
vn 0.5938 -0.0000 0.8046
vn 0.0022 0.5924 0.8057
vn -0.0000 0.5633 0.8262
vn 0.5633 0.0019 0.8262
vn 0.5320 -0.0000 0.8467
vn -0.0000 0.5320 0.8467
vn 0.8467 -0.0000 0.5320
vn 0.5633 -0.0000 -0.8262
vn 0.7050 0.0041 -0.7092
vn 0.6523 -0.0000 -0.7580
vn 0.1490 0.0015 0.9888
vn 0.1119 -0.0000 0.9937
vn -0.0000 0.0014 1.0000
vn 0.0374 -0.0000 0.9993
vn 0.0347 -0.0027 0.9994
vn -0.0374 -0.0000 0.9993
vn -0.1490 -0.0000 0.9888
vn 0.2107 -0.0000 -0.9775
vn 0.3728 -0.0000 -0.9279
vn 0.9429 -0.0000 -0.3331
vn -0.9309 -0.0000 -0.3653
vn -0.9749 -0.0000 -0.2225
vn -0.9972 -0.0000 -0.0747
vn -0.9972 -0.0000 0.0747
vn -0.9749 -0.0000 0.2225
vn -0.9309 -0.0000 0.3654
vn -0.8660 -0.0000 0.5000
vn -0.7818 -0.0000 0.6235
vn -0.6802 -0.0000 0.7330
vn -0.5633 -0.0000 0.8262
vn -0.2947 -0.0000 0.9556
vn -0.4339 -0.0000 0.9010
vn -0.8660 -0.0000 -0.5000
vn -0.7818 -0.0000 -0.6235
vn -0.6802 -0.0000 -0.7331
vn 0.3730 -0.0000 0.9278
vn -0.0384 0.0030 0.9993
vn 0.0414 -0.0000 0.9991
vn -0.1646 -0.0000 0.9864
vn -0.2022 0.0032 0.9793
vn -0.3247 -0.0000 0.9458
vn -0.4760 -0.0000 0.8795
vn -0.5091 0.0038 0.8607
vn -0.0000 0.4393 0.8984
vn -0.0011 0.4759 0.8795
vn -0.0000 0.5118 0.8591
vn -0.0011 0.6142 0.7891
vn -0.0000 0.5811 0.8138
vn -0.0000 0.6462 0.7631
vn -0.6439 0.0041 0.7651
vn -0.6142 -0.0000 0.7892
vn -0.0000 0.7071 0.7071
vn -0.7612 0.0045 0.6485
vn -0.0000 0.7631 0.6463
vn -0.0012 0.7357 0.6773
vn -0.0012 0.8372 0.5470
vn -0.0000 0.8138 0.5811
vn -0.0000 0.8591 0.5119
vn -0.8578 0.0049 0.5140
vn -0.0000 0.8984 0.4392
vn -0.8372 -0.0000 0.5470
vn -0.0013 0.9158 0.4017
vn -0.0000 0.9316 0.3636
vn -0.9309 0.0052 0.3653
vn -0.0000 0.9584 0.2853
vn -0.9158 -0.0000 0.4017
vn -0.0013 0.9694 0.2454
vn -0.0000 0.9787 0.2051
vn -0.9785 0.0055 0.2063
vn -0.0000 0.9923 0.1237
vn -0.9694 -0.0000 0.2455
vn -0.0013 0.9966 0.0826
vn -0.9991 0.0057 0.0415
vn -0.0000 0.9991 0.0414
vn -0.0000 0.9966 -0.0826
vn -0.0000 -0.9972 -0.0747
vn 0.0014 -0.9972 0.0747
vn -0.0000 -0.9993 0.0374
vn 0.9993 -0.0056 0.0375
vn -0.0000 -0.9937 0.1119
vn 0.9749 -0.0000 0.2225
vn 0.9824 -0.0054 0.1869
vn -0.0000 -0.9826 0.1860
vn -0.0000 -0.9659 0.2588
vn 0.0014 -0.9749 0.2225
vn -0.0000 -0.9439 0.3303
vn 0.0014 -0.9309 0.3654
vn -0.0000 0.9158 -0.4017
vn -0.0000 0.9694 -0.2454
vn -0.0026 0.9786 -0.2056
vn -0.0000 0.9584 -0.2853
vn -0.0025 0.9312 -0.3644
vn -0.9316 -0.0000 -0.3635
vn -0.9694 0.0028 -0.2455
vn -0.9158 0.0027 -0.4017
vn -0.9964 -0.0000 -0.0847
vn -0.9677 -0.0000 -0.2520
vn -0.9966 0.0028 -0.0826
vn -0.9991 -0.0000 -0.0413
vn -0.9966 -0.0000 0.0826
vn -0.0026 0.9991 -0.0415
vn -0.0000 0.9923 -0.1237
vn 0.4339 -0.0018 -0.9010
vn 0.3303 -0.0000 -0.9439
vn 0.2948 -0.0016 -0.9556
vn 0.1859 -0.0000 -0.9826
vn 0.1490 -0.0015 -0.9888
vn 0.0374 -0.0000 -0.9993
vn -0.0000 -0.0014 -1.0000
vn 0.0347 0.0027 -0.9994
vn -0.0374 -0.0000 -0.9993
vn -0.1490 -0.0000 -0.9888
vn -0.2948 -0.0000 -0.9556
vn -0.4339 -0.0000 -0.9010
vn -0.5633 -0.0000 -0.8262
vn -0.0000 -0.1119 -0.9937
vn 0.0019 -0.1841 -0.9829
vn -0.0000 -0.2588 -0.9659
vn -0.0000 -0.1490 -0.9888
vn -0.0000 -0.2948 -0.9556
vn 0.0020 -0.3285 -0.9445
vn -0.0010 0.1646 0.9864
vn -0.0000 0.1237 0.9923
vn -0.0010 0.3247 0.9458
vn -0.0000 0.2853 0.9584
vn -0.0000 0.2052 0.9787
vn -0.0000 0.3635 0.9316
vn -0.3605 0.0035 0.9328
vn 0.0021 -0.4656 -0.8850
vn -0.0000 -0.4339 -0.9010
vn -0.0000 -0.3998 -0.9166
vn -0.0000 -0.5320 -0.8468
vn 0.4673 -0.0000 -0.8841
vn 0.0022 -0.5924 -0.8056
vn 0.5938 -0.0000 -0.8046
vn 0.5633 -0.0019 -0.8262
vn -0.0000 -0.5633 -0.8262
vn -0.0000 -0.6523 -0.7580
vn 0.6801 -0.0021 -0.7331
vn 0.7071 -0.0000 -0.7071
vn 0.0024 -0.7059 -0.7083
vn -0.0000 -0.7580 -0.6523
vn -0.0000 -0.6802 -0.7331
vn 0.7818 -0.0023 -0.6235
vn 0.8046 -0.0000 -0.5938
vn 0.0025 -0.8037 -0.5950
vn -0.0000 -0.8467 -0.5320
vn 0.8467 -0.0000 -0.5321
vn -0.0000 -0.7818 -0.6235
vn 0.8660 -0.0025 -0.5000
vn 0.0026 -0.8835 -0.4683
vn 0.8841 -0.0000 -0.4672
vn -0.0000 -0.9166 -0.3999
vn 0.9165 -0.0000 -0.3999
vn -0.0000 -0.8660 -0.5000
vn 0.9309 -0.0026 -0.3653
vn 0.9439 -0.0000 -0.3303
vn 0.0027 -0.9436 -0.3311
vn -0.0000 -0.9659 -0.2588
vn -0.0000 -0.9309 -0.3653
vn 0.0027 -0.9825 -0.1865
vn -0.0000 -0.9749 -0.2225
vn 0.9826 -0.0000 -0.1859
vn -0.0000 -0.9937 -0.1119
vn 0.0028 -0.9993 -0.0375
vn 0.9993 -0.0000 -0.0373
vn 0.9972 -0.0028 -0.0747
vn 0.9972 -0.0000 0.0747
vn 0.9749 -0.0027 -0.2225
vn -0.8372 0.0025 -0.5470
vn -0.7357 0.0023 -0.6773
vn -0.7631 -0.0000 -0.6463
vn -0.0023 0.7621 -0.6474
vn -0.0000 0.7357 -0.6773
vn -0.0000 0.8138 -0.5811
vn -0.0000 0.8372 -0.5470
vn -0.0024 0.8584 -0.5129
vn -0.8591 -0.0000 -0.5119
vn -0.0000 0.8984 -0.4392
vn -0.0000 -0.7580 0.6523
vn 0.0013 -0.7818 0.6235
vn 0.0012 -0.6802 0.7330
vn 0.7050 -0.0041 0.7092
vn 0.6802 -0.0000 0.7331
vn 0.7818 -0.0000 0.6235
vn 0.8030 -0.0044 0.5959
vn 0.8467 -0.0000 0.5321
vn -0.0000 -0.8467 0.5321
vn -0.0000 -0.8046 0.5938
vn 0.8831 -0.0048 0.4692
vn -0.0000 -0.8841 0.4673
vn 0.0013 -0.8660 0.5000
vn 0.8660 -0.0000 0.5000
vn 0.9165 -0.0000 0.3999
vn -0.0000 -0.9165 0.3999
vn 0.5633 -0.0000 0.8262
vn -0.0000 -0.6523 0.7579
vn 0.5914 -0.0037 0.8064
vn -0.0000 -0.5938 0.8046
vn -0.0000 -0.5320 0.8468
vn 0.0011 -0.5633 0.8263
vn -0.6142 0.0022 -0.7892
vn -0.6463 -0.0000 -0.7631
vn 0.9309 -0.0000 0.3654
vn 0.9433 -0.0051 0.3319
vn -0.9787 -0.0000 -0.2052
vn -0.7357 -0.0000 0.6773
vn 0.7781 -0.0000 0.6281
vn 0.1831 -0.0029 0.9831
vn 0.1490 -0.0000 0.9888
vn -0.0000 -0.1859 0.9826
vn -0.0000 -0.1119 0.9937
vn 0.0010 -0.1490 0.9888
vn -0.0000 -0.2588 0.9659
vn -0.1646 -0.0000 -0.9864
vn -0.0000 -0.2854 -0.9584
vn -0.2021 -0.0032 -0.9793
vn -0.0000 -0.2052 -0.9787
vn -0.3247 0.0018 -0.9458
vn -0.0000 -0.4673 0.8841
vn -0.0000 -0.1237 0.9923
vn -0.3635 -0.0000 0.9316
vn 0.2948 -0.0000 -0.9556
vn -0.9694 -0.0028 0.2455
vn -0.0000 -0.0804 -0.9968
vn 0.0787 -0.0801 -0.9937
vn -0.0000 -0.1416 -0.9899
vn 0.0788 -0.1412 -0.9868
vn 0.0781 -0.1664 -0.9830
vn 0.2001 -0.1809 -0.9629
vn 0.2326 -0.1624 -0.9589
vn 0.2326 -0.0782 -0.9694
vn 0.2331 -0.1623 -0.9588
vn 0.0786 -0.0802 -0.9937
vn 0.0786 0.0068 -0.9969
vn 0.2333 -0.0781 -0.9693
vn 0.2333 0.0067 -0.9724
vn 0.3826 -0.0742 -0.9209
vn 0.3823 0.0063 -0.9240
vn 0.3824 -0.0742 -0.9210
vn 0.2330 0.0066 -0.9724
vn 0.5222 -0.1424 -0.8409
vn 0.5222 -0.0685 -0.8501
vn 0.5221 -0.1424 -0.8409
vn 0.3826 -0.1542 -0.9109
vn 0.3826 -0.1543 -0.9109
vn 0.3825 -0.2331 -0.8941
vn 0.5218 -0.2152 -0.8255
vn 0.5222 -0.2151 -0.8253
vn 0.5218 -0.2863 -0.8036
vn 0.6493 -0.1918 -0.7360
vn 0.6493 -0.2552 -0.7165
vn 0.6489 -0.2554 -0.7167
vn 0.6489 -0.3169 -0.6918
vn 0.6491 -0.3167 -0.6916
vn 0.5223 -0.3551 -0.7753
vn 0.5223 -0.2861 -0.8033
vn 0.5225 -0.3550 -0.7752
vn 0.3824 -0.3847 -0.8401
vn 0.3824 -0.3101 -0.8704
vn 0.3829 -0.3100 -0.8702
vn 0.2330 -0.2453 -0.9410
vn 0.2329 -0.3264 -0.9161
vn 0.3828 -0.2330 -0.8940
vn 0.2332 -0.2452 -0.9410
vn 0.1219 -0.2503 -0.9604
vn 0.2336 -0.3263 -0.9160
vn 0.0784 -0.2860 -0.9550
vn 0.0783 -0.3345 -0.9391
vn -0.0000 -0.2869 -0.9580
vn -0.0000 -0.2447 -0.9696
vn 0.0781 -0.2440 -0.9666
vn -0.0784 -0.2860 -0.9550
vn -0.1313 -0.2426 -0.9612
vn -0.0781 -0.2515 -0.9647
vn -0.2331 -0.2453 -0.9410
vn -0.0778 -0.3345 -0.9392
vn -0.2330 -0.3263 -0.9161
vn -0.2330 -0.2453 -0.9410
vn -0.0783 -0.3346 -0.9391
vn -0.0000 -0.3859 -0.9226
vn -0.0778 -0.3847 -0.9197
vn -0.0000 -0.3356 -0.9420
vn -0.0000 -0.3859 -0.9225
vn 0.0779 -0.3847 -0.9197
vn 0.0778 -0.3346 -0.9391
vn -0.0000 -0.4257 -0.9049
vn 0.1478 -0.4210 -0.8949
vn -0.0000 -0.4806 -0.8769
vn -0.1826 -0.4726 -0.8622
vn -0.0786 -0.4244 -0.9021
vn -0.0785 -0.4925 -0.8667
vn -0.0787 -0.5662 -0.8205
vn -0.0780 -0.5662 -0.8206
vn -0.2332 -0.4804 -0.8455
vn -0.0787 -0.5167 -0.8525
vn -0.2332 -0.5523 -0.8004
vn -0.3818 -0.4566 -0.8036
vn -0.2332 -0.4050 -0.8841
vn -0.3825 -0.3848 -0.8400
vn -0.3818 -0.3848 -0.8403
vn -0.5222 -0.3551 -0.7754
vn -0.3824 -0.3101 -0.8704
vn -0.5217 -0.2863 -0.8037
vn -0.5222 -0.2863 -0.8034
vn -0.6492 -0.2553 -0.7165
vn -0.5217 -0.2152 -0.8255
vn -0.6488 -0.1919 -0.7363
vn -0.6493 -0.1919 -0.7360
vn -0.7602 -0.1639 -0.6287
vn -0.6489 -0.1270 -0.7502
vn -0.7601 -0.1085 -0.6407
vn -0.7602 -0.1085 -0.6406
vn -0.8526 -0.0872 -0.5152
vn -0.7601 -0.0522 -0.6478
vn -0.8526 -0.0420 -0.5209
vn -0.8526 -0.0420 -0.5208
vn -0.9235 -0.0308 -0.3822
vn -0.8526 0.0036 -0.5226
vn -0.9236 0.0026 -0.3834
vn -0.9236 0.0026 -0.3835
vn -0.9724 0.0016 -0.2332
vn -0.9236 0.0360 -0.3817
vn -0.9724 0.0219 -0.2322
vn -0.9724 0.0421 -0.2294
vn -0.9969 0.0142 -0.0773
vn -0.9969 0.0074 -0.0783
vn -0.9969 0.0142 -0.0774
vn -0.9969 0.0209 -0.0758
vn -0.9969 0.0274 -0.0737
vn -0.9724 0.0619 -0.2249
vn -0.9724 0.0813 -0.2186
vn -0.9969 0.0337 -0.0710
vn -0.9724 0.0813 -0.2187
vn -0.9724 0.1000 -0.2107
vn -0.9969 0.0397 -0.0678
vn -0.9724 0.1180 -0.2012
vn -0.9969 0.0398 -0.0678
vn -0.9969 0.0455 -0.0641
vn -0.9969 0.0509 -0.0598
vn -0.9969 0.0455 -0.0640
vn -0.9969 0.0509 -0.0599
vn -0.9724 0.1351 -0.1902
vn -0.9724 0.1352 -0.1902
vn -0.9724 0.1512 -0.1777
vn -0.9969 0.0560 -0.0552
vn -0.9724 0.1511 -0.1777
vn -0.9724 0.1661 -0.1638
vn -0.9724 0.1660 -0.1638
vn -0.9724 0.1797 -0.1487
vn -0.9969 0.0606 -0.0501
vn -0.9969 0.0605 -0.0501
vn -0.9969 0.0647 -0.0447
vn -0.9969 0.0683 -0.0389
vn -0.9724 0.1920 -0.1325
vn -0.9724 0.2028 -0.1152
vn -0.9969 0.0683 -0.0388
vn -0.9724 0.2029 -0.1153
vn -0.9724 0.2121 -0.0972
vn -0.9969 0.0715 -0.0327
vn -0.9969 0.0714 -0.0327
vn -0.9969 0.0740 -0.0264
vn -0.9969 0.0761 -0.0198
vn -0.9724 0.2198 -0.0783
vn -0.9724 0.2258 -0.0589
vn -0.9969 0.0775 -0.0131
vn -0.9724 0.2257 -0.0588
vn -0.9724 0.2300 -0.0389
vn -0.9969 0.0774 -0.0131
vn -0.9969 0.0783 -0.0063
vn -0.9969 0.0786 0.0005
vn -0.9969 0.0784 -0.0063
vn -0.9724 0.2325 -0.0187
vn -0.9724 0.2333 0.0016
vn -0.9236 0.3781 -0.0640
vn -0.9235 0.3781 -0.0640
vn -0.9724 0.2300 -0.0390
vn -0.9235 0.3823 -0.0308
vn -0.8527 0.5151 -0.0872
vn -0.8527 0.5150 -0.0872
vn -0.8527 0.5207 -0.0419
vn -0.8528 0.5206 -0.0420
vn -0.8528 0.5222 0.0035
vn -0.9237 0.3831 0.0026
vn -0.9235 0.3836 0.0026
vn -0.9237 0.3814 0.0360
vn -0.9724 0.2322 0.0219
vn -0.9724 0.2323 0.0219
vn -0.9969 0.0783 0.0074
vn -0.9724 0.2294 0.0420
vn -0.9969 0.0773 0.0142
vn -0.9969 0.0758 0.0209
vn -0.9969 0.0737 0.0274
vn -0.9724 0.2248 0.0619
vn -0.9724 0.2185 0.0812
vn -0.9969 0.0710 0.0337
vn -0.9724 0.2187 0.0813
vn -0.9724 0.2108 0.1001
vn -0.9969 0.0678 0.0398
vn -0.9969 0.0678 0.0397
vn -0.9724 0.2107 0.1000
vn -0.9724 0.2012 0.1179
vn -0.9969 0.0640 0.0455
vn -0.9969 0.0641 0.0456
vn -0.9724 0.2014 0.1181
vn -0.9724 0.1903 0.1353
vn -0.9724 0.1901 0.1350
vn -0.9724 0.1776 0.1511
vn -0.9969 0.0598 0.0509
vn -0.9969 0.0599 0.0510
vn -0.9969 0.0552 0.0559
vn -0.9969 0.0501 0.0605
vn -0.9969 0.0552 0.0560
vn -0.9724 0.1639 0.1662
vn -0.9724 0.1638 0.1661
vn -0.9724 0.1487 0.1798
vn -0.9969 0.0501 0.0606
vn -0.9969 0.0446 0.0647
vn -0.9724 0.1487 0.1797
vn -0.9724 0.1325 0.1920
vn -0.9969 0.0388 0.0683
vn -0.9724 0.1324 0.1919
vn -0.9724 0.1152 0.2027
vn -0.9969 0.0327 0.0714
vn -0.9969 0.0264 0.0741
vn -0.9969 0.0327 0.0715
vn -0.9969 0.0264 0.0740
vn -0.9724 0.0971 0.2121
vn -0.9724 0.0783 0.2197
vn -0.9969 0.0198 0.0760
vn -0.9969 0.0198 0.0761
vn -0.9724 0.0783 0.2198
vn -0.9724 0.0589 0.2258
vn -0.9724 0.0588 0.2257
vn -0.9724 0.0389 0.2300
vn -0.9969 0.0131 0.0774
vn -0.9969 0.0131 0.0775
vn -0.9969 0.0063 0.0783
vn -0.9969 -0.0005 0.0786
vn -0.9724 0.0188 0.2326
vn -0.9724 0.0188 0.2325
vn -0.9724 -0.0016 0.2333
vn -0.9724 -0.0016 0.2332
vn -0.9969 -0.0074 0.0783
vn -0.9724 -0.0219 0.2322
vn -0.9969 -0.0142 0.0774
vn -0.9969 -0.0142 0.0773
vn -0.9724 -0.0219 0.2321
vn -0.9724 -0.0421 0.2294
vn -0.9969 -0.0209 0.0758
vn -0.9724 -0.0420 0.2293
vn -0.9724 -0.0619 0.2248
vn -0.9969 -0.0274 0.0737
vn -0.9724 -0.0812 0.2185
vn -0.9969 -0.0337 0.0710
vn -0.9969 -0.0398 0.0678
vn -0.9724 -0.1000 0.2107
vn -0.9724 -0.1180 0.2012
vn -0.9724 -0.1001 0.2109
vn -0.9236 -0.1336 0.3594
vn -0.9236 -0.1335 0.3592
vn -0.9724 -0.0813 0.2188
vn -0.9236 -0.1643 0.3462
vn -0.8526 -0.1821 0.4899
vn -0.8527 -0.1820 0.4897
vn -0.8527 -0.2240 0.4720
vn -0.9236 -0.1644 0.3463
vn -0.8525 -0.2241 0.4722
vn -0.8525 -0.2644 0.4509
vn -0.9237 -0.1938 0.3305
vn -0.9236 -0.1940 0.3307
vn -0.9237 -0.2219 0.3124
vn -0.9724 -0.1350 0.1900
vn -0.9724 -0.1350 0.1901
vn -0.9969 -0.0455 0.0641
vn -0.9724 -0.1511 0.1776
vn -0.9969 -0.0510 0.0599
vn -0.9969 -0.0560 0.0553
vn -0.9969 -0.0606 0.0501
vn -0.9969 -0.0560 0.0552
vn -0.9724 -0.1660 0.1638
vn -0.9724 -0.1797 0.1487
vn -0.9969 -0.0606 0.0502
vn -0.9969 -0.0648 0.0447
vn -0.9969 -0.0647 0.0447
vn -0.9724 -0.1797 0.1486
vn -0.9724 -0.1919 0.1325
vn -0.9969 -0.0684 0.0389
vn -0.9724 -0.1921 0.1325
vn -0.9724 -0.2029 0.1153
vn -0.9969 -0.0715 0.0327
vn -0.9724 -0.2028 0.1153
vn -0.9724 -0.2121 0.0972
vn -0.9724 -0.2120 0.0971
vn -0.9724 -0.2197 0.0783
vn -0.9969 -0.0741 0.0264
vn -0.9969 -0.0761 0.0198
vn -0.9969 -0.0775 0.0131
vn -0.9969 -0.0760 0.0198
vn -0.9724 -0.2258 0.0588
vn -0.9724 -0.2257 0.0588
vn -0.9724 -0.2299 0.0389
vn -0.9969 -0.0784 0.0063
vn -0.9725 -0.2298 0.0389
vn -0.9725 -0.2323 0.0187
vn -0.9969 -0.0787 -0.0005
vn -0.9724 -0.2325 0.0187
vn -0.9724 -0.2332 -0.0016
vn -0.9969 -0.0786 -0.0005
vn -0.9969 -0.0783 -0.0074
vn -0.9969 -0.0773 -0.0142
vn -0.9969 -0.0774 -0.0142
vn -0.9724 -0.2322 -0.0219
vn -0.9724 -0.2294 -0.0421
vn -0.9969 -0.0759 -0.0209
vn -0.9969 -0.0758 -0.0209
vn -0.9724 -0.2249 -0.0619
vn -0.9724 -0.2248 -0.0618
vn -0.9724 -0.2185 -0.0812
vn -0.9969 -0.0737 -0.0274
vn -0.9969 -0.0710 -0.0337
vn -0.9969 -0.0679 -0.0398
vn -0.9969 -0.0711 -0.0338
vn -0.9724 -0.2107 -0.1001
vn -0.9724 -0.2106 -0.1000
vn -0.9724 -0.2011 -0.1179
vn -0.9969 -0.0678 -0.0397
vn -0.9724 -0.2014 -0.1181
vn -0.9724 -0.1903 -0.1352
vn -0.9969 -0.0642 -0.0456
vn -0.9969 -0.0641 -0.0455
vn -0.9969 -0.0600 -0.0510
vn -0.9969 -0.0552 -0.0560
vn -0.9969 -0.0599 -0.0510
vn -0.9724 -0.1776 -0.1511
vn -0.9724 -0.1777 -0.1512
vn -0.9724 -0.1638 -0.1661
vn -0.9969 -0.0501 -0.0606
vn -0.9724 -0.1638 -0.1660
vn -0.9724 -0.1487 -0.1797
vn -0.9969 -0.0502 -0.0606
vn -0.9969 -0.0447 -0.0647
vn -0.9969 -0.0389 -0.0684
vn -0.9724 -0.1325 -0.1920
vn -0.9724 -0.1153 -0.2028
vn -0.9724 -0.1324 -0.1919
vn -0.9236 -0.2444 -0.2953
vn -0.9236 -0.2445 -0.2954
vn -0.9724 -0.1487 -0.1796
vn -0.9236 -0.2178 -0.3156
vn -0.8526 -0.3331 -0.4026
vn -0.8526 -0.3332 -0.4026
vn -0.8526 -0.2969 -0.4301
vn -0.9236 -0.2177 -0.3154
vn -0.8526 -0.2968 -0.4302
vn -0.8526 -0.2582 -0.4543
vn -0.9236 -0.1894 -0.3334
vn -0.9236 -0.1894 -0.3332
vn -0.9724 -0.1152 -0.2027
vn -0.9236 -0.1597 -0.3486
vn -0.9725 -0.0971 -0.2119
vn -0.9724 -0.0971 -0.2120
vn -0.9969 -0.0327 -0.0715
vn -0.9724 -0.0782 -0.2196
vn -0.9969 -0.0264 -0.0740
vn -0.9969 -0.0264 -0.0741
vn -0.9969 -0.0198 -0.0761
vn -0.9969 -0.0131 -0.0775
vn -0.9724 -0.0588 -0.2257
vn -0.9724 -0.0588 -0.2256
vn -0.9724 -0.0389 -0.2299
vn -0.9969 -0.0063 -0.0783
vn -0.9969 -0.0063 -0.0784
vn -0.9724 -0.0389 -0.2300
vn -0.9724 -0.0187 -0.2325
vn -0.9969 0.0005 -0.0786
vn -0.9724 -0.0187 -0.2324
vn -0.9236 -0.0640 -0.3781
vn -0.9236 -0.0640 -0.3780
vn -0.9236 -0.0308 -0.3821
vn -0.8526 -0.1318 -0.5057
vn -0.9236 -0.0967 -0.3710
vn -0.8526 -0.0872 -0.5153
vn -0.8527 -0.1753 -0.4922
vn -0.8526 -0.1754 -0.4923
vn -0.9236 -0.1287 -0.3611
vn -0.8526 -0.2176 -0.4750
vn -0.8527 -0.2176 -0.4750
vn -0.9236 -0.1287 -0.3612
vn -0.7600 -0.3211 -0.5651
vn -0.7599 -0.3211 -0.5651
vn -0.7600 -0.2707 -0.5909
vn -0.6493 -0.3758 -0.6612
vn -0.6491 -0.3758 -0.6614
vn -0.6491 -0.3168 -0.6916
vn -0.7600 -0.2707 -0.5908
vn -0.6489 -0.3168 -0.6918
vn -0.6489 -0.2553 -0.7167
vn -0.7600 -0.2181 -0.6122
vn -0.5218 -0.4215 -0.7417
vn -0.5223 -0.4214 -0.7414
vn -0.5223 -0.3551 -0.7753
vn -0.3825 -0.5248 -0.7604
vn -0.3825 -0.4566 -0.8033
vn -0.5217 -0.4845 -0.7022
vn -0.3826 -0.5248 -0.7604
vn -0.3825 -0.5891 -0.7118
vn -0.3826 -0.5891 -0.7118
vn -0.5219 -0.5439 -0.6572
vn -0.5219 -0.4845 -0.7021
vn -0.5224 -0.5437 -0.6569
vn -0.6491 -0.4851 -0.5860
vn -0.6493 -0.4320 -0.6259
vn -0.6491 -0.4321 -0.6261
vn -0.6487 -0.4852 -0.5863
vn -0.7602 -0.4142 -0.5005
vn -0.7600 -0.3691 -0.5350
vn -0.7602 -0.3690 -0.5347
vn -0.6490 -0.5343 -0.5417
vn -0.6487 -0.5344 -0.5418
vn -0.7601 -0.4563 -0.4626
vn -0.7601 -0.4143 -0.5007
vn -0.6487 -0.5796 -0.4931
vn -0.6490 -0.5795 -0.4930
vn -0.7600 -0.4950 -0.4211
vn -0.7601 -0.4563 -0.4627
vn -0.7602 -0.4948 -0.4209
vn -0.8527 -0.3979 -0.3385
vn -0.8526 -0.3670 -0.3720
vn -0.8527 -0.3669 -0.3719
vn -0.8526 -0.3980 -0.3386
vn -0.9236 -0.2920 -0.2484
vn -0.9236 -0.2692 -0.2729
vn -0.8526 -0.4260 -0.3027
vn -0.8526 -0.4260 -0.3026
vn -0.9236 -0.3126 -0.2221
vn -0.8526 -0.4507 -0.2644
vn -0.8526 -0.4508 -0.2644
vn -0.9237 -0.3305 -0.1938
vn -0.9237 -0.3124 -0.2219
vn -0.8527 -0.4720 -0.2240
vn -0.8526 -0.4720 -0.2240
vn -0.9236 -0.3463 -0.1644
vn -0.9236 -0.3306 -0.1939
vn -0.8526 -0.4898 -0.1820
vn -0.8527 -0.4897 -0.1820
vn -0.9236 -0.3594 -0.1336
vn -0.8526 -0.5038 -0.1387
vn -0.9235 -0.3699 -0.1018
vn -0.9235 -0.3596 -0.1337
vn -0.8526 -0.5039 -0.1387
vn -0.8526 -0.5139 -0.0943
vn -0.8526 -0.5141 -0.0943
vn -0.9236 -0.3770 -0.0691
vn -0.9236 -0.3695 -0.1017
vn -0.8525 -0.5205 -0.0491
vn -0.8527 -0.5201 -0.0490
vn -0.9237 -0.3815 -0.0360
vn -0.9237 -0.3769 -0.0691
vn -0.8528 -0.5223 -0.0035
vn -0.8525 -0.5228 -0.0036
vn -0.9237 -0.3831 -0.0026
vn -0.9237 -0.3814 -0.0360
vn -0.8527 -0.5207 0.0420
vn -0.8528 -0.5206 0.0420
vn -0.9235 -0.3824 0.0308
vn -0.9235 -0.3836 -0.0026
vn -0.8525 -0.5154 0.0873
vn -0.8527 -0.5151 0.0873
vn -0.9235 -0.3781 0.0640
vn -0.9235 -0.3823 0.0308
vn -0.8525 -0.5058 0.1318
vn -0.8525 -0.5059 0.1318
vn -0.9236 -0.3710 0.0967
vn -0.9236 -0.3780 0.0640
vn -0.8525 -0.4924 0.1754
vn -0.8525 -0.4923 0.1754
vn -0.9237 -0.3610 0.1286
vn -0.9237 -0.3708 0.0967
vn -0.8525 -0.4752 0.2176
vn -0.9237 -0.3483 0.1596
vn -0.9237 -0.3609 0.1286
vn -0.8527 -0.4750 0.2176
vn -0.8525 -0.4544 0.2583
vn -0.8527 -0.4542 0.2582
vn -0.9237 -0.3331 0.1893
vn -0.8526 -0.4301 0.2968
vn -0.8525 -0.4302 0.2969
vn -0.9237 -0.3153 0.2176
vn -0.8526 -0.4026 0.3332
vn -0.8526 -0.4026 0.3331
vn -0.9237 -0.2952 0.2443
vn -0.9237 -0.3154 0.2176
vn -0.8527 -0.3719 0.3669
vn -0.8526 -0.3720 0.3670
vn -0.9236 -0.2729 0.2692
vn -0.9236 -0.2954 0.2444
vn -0.8524 -0.3389 0.3983
vn -0.8527 -0.3385 0.3979
vn -0.9236 -0.2485 0.2920
vn -0.9236 -0.2730 0.2693
vn -0.8525 -0.3028 0.4262
vn -0.8524 -0.3029 0.4263
vn -0.9237 -0.2483 0.2918
vn -0.7602 -0.3287 0.5604
vn -0.7602 -0.3287 0.5605
vn -0.7602 -0.3763 0.5296
vn -0.6490 -0.3848 0.6562
vn -0.6490 -0.3849 0.6563
vn -0.6490 -0.4407 0.6202
vn -0.6491 -0.4406 0.6201
vn -0.6491 -0.4929 0.5794
vn -0.7602 -0.4210 0.4949
vn -0.7602 -0.4210 0.4948
vn -0.6490 -0.4930 0.5795
vn -0.6490 -0.5417 0.5343
vn -0.7599 -0.4628 0.4565
vn -0.7602 -0.4625 0.4563
vn -0.6495 -0.5413 0.5340
vn -0.6495 -0.5858 0.4848
vn -0.7600 -0.5007 0.4144
vn -0.7599 -0.5008 0.4144
vn -0.6491 -0.5861 0.4849
vn -0.6491 -0.6261 0.4320
vn -0.7601 -0.5349 0.3691
vn -0.7599 -0.5350 0.3691
vn -0.6489 -0.6262 0.4321
vn -0.6490 -0.6614 0.3760
vn -0.7600 -0.5650 0.3211
vn -0.7600 -0.5650 0.3212
vn -0.6490 -0.6614 0.3759
vn -0.6491 -0.6917 0.3167
vn -0.7598 -0.5911 0.2707
vn -0.7600 -0.5909 0.2706
vn -0.6494 -0.6914 0.3167
vn -0.6494 -0.7164 0.2553
vn -0.7600 -0.6123 0.2182
vn -0.7598 -0.6125 0.2182
vn -0.6491 -0.7166 0.2553
vn -0.6491 -0.7361 0.1918
vn -0.7601 -0.6288 0.1639
vn -0.7600 -0.6289 0.1639
vn -0.6494 -0.7359 0.1918
vn -0.6494 -0.7498 0.1269
vn -0.7597 -0.6411 0.1085
vn -0.7601 -0.6406 0.1085
vn -0.6498 -0.7495 0.1269
vn -0.6498 -0.7577 0.0612
vn -0.7601 -0.6477 0.0523
vn -0.7597 -0.6481 0.0522
vn -0.6490 -0.7584 0.0611
vn -0.6490 -0.7608 -0.0052
vn -0.7600 -0.6500 -0.0045
vn -0.7601 -0.6498 -0.0044
vn -0.6492 -0.7606 -0.0052
vn -0.6492 -0.7573 -0.0714
vn -0.7600 -0.6471 -0.0610
vn -0.6491 -0.7574 -0.0714
vn -0.6491 -0.7483 -0.1373
vn -0.7601 -0.6392 -0.1173
vn -0.7600 -0.6393 -0.1173
vn -0.6492 -0.7481 -0.1372
vn -0.6492 -0.7334 -0.2018
vn -0.7603 -0.6263 -0.1724
vn -0.7600 -0.6266 -0.1725
vn -0.6489 -0.7336 -0.2020
vn -0.6489 -0.7132 -0.2651
vn -0.7599 -0.6093 -0.2265
vn -0.7603 -0.6089 -0.2263
vn -0.6494 -0.7128 -0.2649
vn -0.6494 -0.6870 -0.3260
vn -0.7601 -0.5871 -0.2786
vn -0.7599 -0.5873 -0.2788
vn -0.6487 -0.6875 -0.3264
vn -0.6487 -0.6564 -0.3850
vn -0.7600 -0.5606 -0.3288
vn -0.7601 -0.5605 -0.3288
vn -0.6491 -0.6562 -0.3848
vn -0.6491 -0.6202 -0.4405
vn -0.7602 -0.5296 -0.3762
vn -0.7600 -0.5298 -0.3764
vn -0.5221 -0.7357 -0.4314
vn -0.5220 -0.7358 -0.4315
vn -0.5219 -0.6953 -0.4940
vn -0.6487 -0.6204 -0.4408
vn -0.3821 -0.7971 -0.4675
vn -0.3823 -0.7971 -0.4674
vn -0.3823 -0.7533 -0.5352
vn -0.5221 -0.6953 -0.4939
vn -0.3827 -0.7532 -0.5350
vn -0.3827 -0.7037 -0.5987
vn -0.5219 -0.6497 -0.5527
vn -0.5222 -0.6496 -0.5526
vn -0.3820 -0.7038 -0.5989
vn -0.3821 -0.6490 -0.6579
vn -0.5224 -0.5988 -0.6071
vn -0.5219 -0.5990 -0.6073
vn -0.2326 -0.7407 -0.6303
vn -0.2334 -0.7406 -0.6301
vn -0.2334 -0.6829 -0.6922
vn -0.3825 -0.6489 -0.6577
vn -0.0785 -0.7146 -0.6951
vn -0.0784 -0.7593 -0.6460
vn -0.1530 -0.6940 -0.7035
vn -0.2330 -0.6829 -0.6923
vn -0.0788 -0.6835 -0.7257
vn -0.0948 -0.6347 -0.7669
vn -0.2333 -0.6200 -0.7491
vn -0.0787 -0.6375 -0.7664
vn -0.2331 -0.6200 -0.7492
vn -0.0000 -0.6395 -0.7688
vn -0.0000 -0.6052 -0.7961
vn -0.0000 -0.6051 -0.7962
vn -0.0781 -0.6033 -0.7937
vn -0.0000 -0.5680 -0.8230
vn 0.0781 -0.5663 -0.8205
vn 0.0781 -0.6032 -0.7938
vn 0.2333 -0.5523 -0.8003
vn 0.0787 -0.5662 -0.8205
vn 0.2333 -0.6200 -0.7491
vn 0.2330 -0.6200 -0.7492
vn 0.0948 -0.6347 -0.7669
vn 0.0788 -0.6835 -0.7257
vn 0.1530 -0.6940 -0.7035
vn 0.0787 -0.6375 -0.7664
vn 0.2334 -0.6829 -0.6922
vn 0.2330 -0.6830 -0.6923
vn 0.3821 -0.6490 -0.6579
vn 0.3821 -0.7039 -0.5988
vn 0.2334 -0.7405 -0.6302
vn 0.3828 -0.7036 -0.5987
vn 0.5223 -0.6495 -0.5526
vn 0.5221 -0.6953 -0.4940
vn 0.3828 -0.7531 -0.5351
vn 0.5223 -0.6952 -0.4939
vn 0.6491 -0.6561 -0.3848
vn 0.6491 -0.6201 -0.4406
vn 0.6487 -0.6564 -0.3850
vn 0.5221 -0.7357 -0.4315
vn 0.5223 -0.7356 -0.4314
vn 0.5223 -0.7704 -0.3657
vn 0.6494 -0.6870 -0.3261
vn 0.6487 -0.6876 -0.3262
vn 0.7599 -0.6094 -0.2265
vn 0.7603 -0.6089 -0.2263
vn 0.6494 -0.7128 -0.2650
vn 0.7599 -0.5873 -0.2787
vn 0.8526 -0.4722 -0.2241
vn 0.8525 -0.4899 -0.1821
vn 0.8525 -0.4901 -0.1821
vn 0.7601 -0.5870 -0.2786
vn 0.8525 -0.4509 -0.2645
vn 0.8525 -0.4722 -0.2241
vn 0.7600 -0.5606 -0.3288
vn 0.7601 -0.5605 -0.3288
vn 0.8525 -0.4510 -0.2645
vn 0.8525 -0.4262 -0.3028
vn 0.7600 -0.5298 -0.3763
vn 0.7602 -0.5296 -0.3763
vn 0.6487 -0.5797 -0.4931
vn 0.6487 -0.6204 -0.4407
vn 0.6489 -0.5795 -0.4930
vn 0.7603 -0.4948 -0.4210
vn 0.5225 -0.5987 -0.6070
vn 0.5221 -0.5990 -0.6072
vn 0.6489 -0.5343 -0.5417
vn 0.5221 -0.6497 -0.5526
vn 0.5225 -0.5436 -0.6569
vn 0.5220 -0.5438 -0.6571
vn 0.6487 -0.4852 -0.5862
vn 0.6487 -0.5344 -0.5418
vn 0.5219 -0.4845 -0.7020
vn 0.5220 -0.4844 -0.7020
vn 0.6491 -0.4321 -0.6261
vn 0.6491 -0.4850 -0.5861
vn 0.6493 -0.4319 -0.6260
vn 0.7602 -0.3690 -0.5347
vn 0.7602 -0.4142 -0.5005
vn 0.7601 -0.4143 -0.5006
vn 0.7601 -0.4563 -0.4626
vn 0.8525 -0.3333 -0.4028
vn 0.8525 -0.3671 -0.3722
vn 0.8525 -0.3670 -0.3721
vn 0.8526 -0.3980 -0.3386
vn 0.7601 -0.4564 -0.4627
vn 0.7601 -0.4950 -0.4211
vn 0.8525 -0.3982 -0.3387
vn 0.9237 -0.2918 -0.2483
vn 0.9237 -0.3123 -0.2218
vn 0.9238 -0.3121 -0.2218
vn 0.9723 -0.2017 -0.1183
vn 0.9723 -0.1907 -0.1354
vn 0.9724 -0.2014 -0.1181
vn 0.9238 -0.3303 -0.1937
vn 0.9237 -0.3304 -0.1938
vn 0.9237 -0.3460 -0.1643
vn 0.9723 -0.2111 -0.1002
vn 0.9723 -0.2110 -0.1002
vn 0.9969 -0.0710 -0.0337
vn 0.9969 -0.0737 -0.0274
vn 0.9723 -0.2190 -0.0814
vn 0.9969 -0.0758 -0.0209
vn 0.9723 -0.2252 -0.0620
vn 0.9723 -0.2189 -0.0814
vn 0.9723 -0.2253 -0.0620
vn 0.9236 -0.3696 -0.1017
vn 0.9236 -0.3593 -0.1335
vn 0.9237 -0.3591 -0.1335
vn 0.9238 -0.3692 -0.1017
vn 0.9237 -0.3767 -0.0691
vn 0.9723 -0.2298 -0.0421
vn 0.9723 -0.2326 -0.0220
vn 0.9969 -0.0783 -0.0074
vn 0.9969 -0.0782 -0.0074
vn 0.9969 -0.0773 -0.0142
vn 0.9969 -0.0774 -0.0142
vn -0.0000 -0.9959 -0.0905
vn -0.0000 -0.9663 -0.2575
vn -0.0000 -0.9089 -0.4171
vn -0.0000 -0.8253 -0.5646
vn -0.0000 -0.7182 -0.6958
vn -0.0000 -0.5900 -0.8074
vn -0.0000 -0.4450 -0.8955
vn -0.0000 -0.2874 -0.9578
vn -0.0000 -0.1216 -0.9926
vn -0.0000 0.0481 -0.9988
vn 0.9969 0.0005 -0.0787
vn 0.9969 -0.0063 -0.0784
vn 0.9723 -0.0188 -0.2328
vn 0.9723 0.0016 -0.2336
vn 0.9724 0.0016 -0.2335
vn 0.9237 0.0026 -0.3831
vn 0.9237 -0.0308 -0.3819
vn 0.9723 -0.0188 -0.2329
vn 0.9723 -0.0390 -0.2303
vn 0.9724 -0.0390 -0.2302
vn 0.9237 -0.0639 -0.3777
vn 0.9237 -0.0308 -0.3818
vn 0.9237 -0.0639 -0.3778
vn 0.8525 -0.0872 -0.5155
vn 0.8525 -0.0420 -0.5211
vn 0.8524 -0.0420 -0.5212
vn 0.8524 0.0035 -0.5229
vn 0.7601 -0.0522 -0.6477
vn 0.7600 0.0044 -0.6499
vn 0.7601 0.0044 -0.6498
vn 0.7599 0.0611 -0.6471
vn 0.8526 0.0491 -0.5203
vn 0.7600 0.0611 -0.6471
vn 0.8525 0.0036 -0.5226
vn 0.7600 0.1172 -0.6393
vn 0.6492 0.1372 -0.7482
vn 0.6491 0.1372 -0.7482
vn 0.6492 0.0715 -0.7573
vn 0.5220 0.1538 -0.8389
vn 0.5222 0.1538 -0.8388
vn 0.5223 0.0801 -0.8490
vn 0.5219 0.0801 -0.8492
vn 0.5220 0.0058 -0.8529
vn 0.6492 0.0052 -0.7606
vn 0.6492 -0.0611 -0.7582
vn 0.6491 -0.0611 -0.7582
vn 0.5220 -0.0686 -0.8502
vn 0.7600 -0.1085 -0.6408
vn 0.7600 -0.0522 -0.6478
vn 0.7602 -0.1084 -0.6406
vn 0.6491 -0.1269 -0.7501
vn 0.7602 -0.1639 -0.6287
vn 0.6489 -0.1270 -0.7502
vn 0.6488 -0.1920 -0.7363
vn 0.7600 -0.1640 -0.6289
vn 0.8524 -0.1755 -0.4925
vn 0.8525 -0.1754 -0.4924
vn 0.8524 -0.1319 -0.5059
vn 0.7600 -0.2181 -0.6122
vn 0.8524 -0.1319 -0.5060
vn 0.9237 -0.0966 -0.3706
vn 0.9237 -0.1286 -0.3609
vn 0.9238 -0.1285 -0.3608
vn 0.9724 -0.0972 -0.2123
vn 0.9724 -0.0784 -0.2200
vn 0.9723 -0.0973 -0.2124
vn 0.9237 -0.1595 -0.3483
vn 0.9723 -0.1154 -0.2031
vn 0.9237 -0.1893 -0.3331
vn 0.9723 -0.1155 -0.2031
vn 0.9723 -0.1327 -0.1923
vn 0.9969 -0.0389 -0.0684
vn 0.9969 -0.0447 -0.0648
vn 0.9969 -0.0447 -0.0647
vn 0.9969 -0.0502 -0.0606
vn 0.9723 -0.1327 -0.1922
vn 0.9723 -0.1489 -0.1800
vn 0.9969 -0.0501 -0.0606
vn 0.9723 -0.1490 -0.1800
vn 0.9723 -0.1641 -0.1664
vn 0.9969 -0.0552 -0.0560
vn 0.9723 -0.1641 -0.1663
vn 0.9723 -0.1780 -0.1514
vn 0.9969 -0.0599 -0.0510
vn 0.9969 -0.0599 -0.0509
vn 0.9969 -0.0642 -0.0456
vn 0.9969 -0.0678 -0.0398
vn 0.9969 -0.0640 -0.0455
vn 0.9969 -0.0711 -0.0337
vn 0.9969 -0.0679 -0.0398
vn 0.9723 -0.1779 -0.1514
vn 0.9723 -0.1904 -0.1353
vn 0.9238 -0.2690 -0.2726
vn 0.9237 -0.2690 -0.2727
vn 0.9237 -0.2917 -0.2482
vn 0.9237 -0.2442 -0.2951
vn 0.9237 -0.2176 -0.3153
vn 0.8524 -0.2970 -0.4303
vn 0.8524 -0.3333 -0.4028
vn 0.8525 -0.2582 -0.4544
vn 0.9238 -0.1892 -0.3329
vn 0.8525 -0.2583 -0.4545
vn 0.9238 -0.2175 -0.3151
vn 0.8525 -0.2177 -0.4752
vn 0.7600 -0.2706 -0.5909
vn 0.7600 -0.2707 -0.5909
vn 0.7599 -0.3212 -0.5651
vn 0.7600 -0.3211 -0.5651
vn 0.7600 -0.3692 -0.5349
vn 0.9969 -0.0328 -0.0715
vn 0.9969 -0.0327 -0.0715
vn 0.9969 -0.0264 -0.0741
vn 0.9723 -0.0784 -0.2201
vn 0.9724 -0.0589 -0.2260
vn 0.9969 -0.0198 -0.0761
vn 0.9723 -0.0589 -0.2261
vn 0.9969 -0.0131 -0.0775
vn 0.9969 -0.0131 -0.0776
vn 0.9237 -0.0966 -0.3707
vn 0.8524 -0.0873 -0.5155
vn 0.3825 0.0063 -0.9239
vn 0.3826 0.0868 -0.9198
vn 0.3822 0.0868 -0.9200
vn 0.3822 0.1667 -0.9089
vn 0.2331 0.1754 -0.9565
vn 0.2330 0.1754 -0.9565
vn 0.2330 0.0914 -0.9682
vn 0.0786 0.1115 -0.9906
vn 0.1509 0.0929 -0.9842
vn 0.0786 0.1798 -0.9806
vn 0.2329 0.0914 -0.9682
vn -0.0000 0.1728 -0.9850
vn 0.1309 0.1714 -0.9765
vn -0.0000 0.2152 -0.9766
vn 0.0787 0.2146 -0.9735
vn -0.0000 0.2654 -0.9641
vn 0.0786 0.2646 -0.9611
vn -0.0000 0.3170 -0.9484
vn 0.0785 0.3160 -0.9455
vn 0.0784 0.2646 -0.9612
vn 0.2331 0.2581 -0.9376
vn 0.2330 0.2581 -0.9376
vn 0.1322 0.3454 -0.9291
vn 0.2331 0.3388 -0.9115
vn 0.2330 0.3388 -0.9116
vn 0.3826 0.3219 -0.8660
vn 0.3825 0.2452 -0.8908
vn 0.3826 0.2452 -0.8908
vn 0.3825 0.3219 -0.8661
vn 0.5220 0.2264 -0.8224
vn 0.5220 0.2264 -0.8223
vn 0.5220 0.2972 -0.7995
vn 0.6492 0.2650 -0.7130
vn 0.6492 0.2019 -0.7334
vn 0.5222 0.2971 -0.7994
vn 0.6493 0.3261 -0.6871
vn 0.6492 0.2650 -0.7129
vn 0.5223 0.3657 -0.7704
vn 0.5222 0.3657 -0.7704
vn 0.5223 0.4315 -0.7356
vn 0.3825 0.3962 -0.8347
vn 0.3825 0.4674 -0.7970
vn 0.3827 0.4674 -0.7969
vn 0.2332 0.5632 -0.7927
vn 0.2332 0.4920 -0.8388
vn 0.3827 0.5351 -0.7532
vn 0.0783 0.5794 -0.8113
vn 0.0784 0.6284 -0.7740
vn 0.1525 0.6404 -0.7527
vn 0.2331 0.6302 -0.7406
vn 0.0948 0.5766 -0.8115
vn -0.0000 0.5454 -0.8382
vn 0.0783 0.5437 -0.8356
vn -0.0000 0.5812 -0.8137
vn -0.0784 0.5438 -0.8355
vn -0.0784 0.5794 -0.8112
vn -0.0948 0.5766 -0.8115
vn -0.0783 0.5043 -0.8600
vn -0.0779 0.5044 -0.8600
vn -0.2332 0.5632 -0.7927
vn -0.2333 0.4920 -0.8388
vn -0.2332 0.6301 -0.7406
vn -0.3823 0.5352 -0.7533
vn -0.3825 0.5987 -0.7037
vn -0.3822 0.5988 -0.7038
vn -0.5219 0.5528 -0.6497
vn -0.3826 0.6577 -0.6489
vn -0.5219 0.6072 -0.5991
vn -0.5219 0.6073 -0.5991
vn -0.5218 0.6572 -0.5438
vn -0.6492 0.5860 -0.4849
vn -0.6490 0.5416 -0.5343
vn -0.6490 0.5861 -0.4850
vn -0.7599 0.5009 -0.4144
vn -0.6492 0.6260 -0.4320
vn -0.7602 0.5348 -0.3690
vn -0.7599 0.5351 -0.3692
vn -0.8526 0.4302 -0.2968
vn -0.7601 0.5649 -0.3211
vn -0.8527 0.4541 -0.2581
vn -0.8526 0.4544 -0.2582
vn -0.9237 0.3331 -0.1893
vn -0.8527 0.4749 -0.2176
vn -0.9237 0.3483 -0.1596
vn -0.8526 0.4752 -0.2176
vn -0.8525 0.4923 -0.1754
vn -0.9237 0.3609 -0.1286
vn -0.9237 0.3610 -0.1286
vn -0.8526 0.4923 -0.1754
vn -0.8526 0.5057 -0.1318
vn -0.9236 0.3711 -0.0967
vn -0.9237 0.3707 -0.0967
vn -0.7598 0.6125 -0.2182
vn -0.7600 0.6123 -0.2182
vn -0.7600 0.6289 -0.1639
vn -0.8527 0.5055 -0.1318
vn -0.6494 0.7164 -0.2552
vn -0.6491 0.7166 -0.2553
vn -0.6491 0.7361 -0.1918
vn -0.7598 0.6291 -0.1640
vn -0.6494 0.7358 -0.1918
vn -0.6494 0.7498 -0.1269
vn -0.7597 0.6411 -0.1085
vn -0.7598 0.6411 -0.1085
vn -0.6498 0.7495 -0.1269
vn -0.6498 0.7576 -0.0612
vn -0.7601 0.6477 -0.0523
vn -0.7597 0.6481 -0.0522
vn -0.6494 0.7580 -0.0611
vn -0.6494 0.7605 0.0052
vn -0.7600 0.6499 0.0045
vn -0.7601 0.6498 0.0044
vn -0.8525 0.5227 0.0036
vn -0.7600 0.6471 0.0610
vn -0.8527 0.5200 0.0490
vn -0.8525 0.5204 0.0491
vn -0.9237 0.3815 0.0360
vn -0.8527 0.5138 0.0942
vn -0.9235 0.3773 0.0692
vn -0.9237 0.3769 0.0691
vn -0.8526 0.5140 0.0943
vn -0.8526 0.5038 0.1387
vn -0.9234 0.3700 0.1019
vn -0.9235 0.3698 0.1018
vn -0.8526 0.4898 0.1820
vn -0.9236 0.3593 0.1335
vn -0.9234 0.3597 0.1337
vn -0.8527 0.4897 0.1820
vn -0.8527 0.4720 0.2240
vn -0.9236 0.3463 0.1644
vn -0.8527 0.4719 0.2240
vn -0.8527 0.4506 0.2643
vn -0.9237 0.3305 0.1938
vn -0.9236 0.3306 0.1939
vn -0.8526 0.4508 0.2644
vn -0.8526 0.4261 0.3027
vn -0.9236 0.3125 0.2221
vn -0.9237 0.3123 0.2219
vn -0.8527 0.4259 0.3026
vn -0.8527 0.3979 0.3385
vn -0.9236 0.2920 0.2484
vn -0.8527 0.3669 0.3719
vn -0.9237 0.2691 0.2728
vn -0.9236 0.2692 0.2729
vn -0.8525 0.3671 0.3722
vn -0.8525 0.3333 0.4027
vn -0.9236 0.2444 0.2953
vn -0.9237 0.2443 0.2952
vn -0.8526 0.3332 0.4026
vn -0.8526 0.2968 0.4300
vn -0.9236 0.2178 0.3156
vn -0.9236 0.2177 0.3155
vn -0.8526 0.2968 0.4301
vn -0.8526 0.2581 0.4543
vn -0.9236 0.1894 0.3334
vn -0.9236 0.1894 0.3333
vn -0.8527 0.2581 0.4542
vn -0.8527 0.2175 0.4749
vn -0.9236 0.1597 0.3486
vn -0.8527 0.1754 0.4921
vn -0.9237 0.1286 0.3610
vn -0.9236 0.1287 0.3612
vn -0.8525 0.1754 0.4924
vn -0.8525 0.1318 0.5058
vn -0.9236 0.0967 0.3710
vn -0.9237 0.0967 0.3708
vn -0.8527 0.1318 0.5055
vn -0.8527 0.0872 0.5151
vn -0.9236 0.0640 0.3780
vn -0.9236 0.0640 0.3781
vn -0.8528 0.0872 0.5150
vn -0.8528 0.0420 0.5206
vn -0.9236 0.0308 0.3822
vn -0.9236 0.0308 0.3821
vn -0.8527 0.0420 0.5207
vn -0.8527 -0.0035 0.5224
vn -0.9236 -0.0026 0.3833
vn -0.9236 -0.0026 0.3834
vn -0.8526 -0.0036 0.5225
vn -0.8526 -0.0491 0.5202
vn -0.9236 -0.0360 0.3818
vn -0.9236 -0.0360 0.3816
vn -0.8528 -0.0491 0.5200
vn -0.8527 -0.0942 0.5138
vn -0.9236 -0.0691 0.3771
vn -0.9236 -0.0692 0.3772
vn -0.8527 -0.1386 0.5036
vn -0.9236 -0.1018 0.3697
vn -0.7601 -0.1172 0.6391
vn -0.7599 -0.1173 0.6393
vn -0.7599 -0.1726 0.6267
vn -0.8526 -0.1387 0.5038
vn -0.6488 -0.1373 0.7484
vn -0.6491 -0.1372 0.7482
vn -0.6491 -0.2019 0.7334
vn -0.7600 -0.1725 0.6266
vn -0.6490 -0.2019 0.7335
vn -0.6490 -0.2651 0.7131
vn -0.7599 -0.2265 0.6093
vn -0.7600 -0.2264 0.6092
vn -0.6492 -0.2650 0.7129
vn -0.6493 -0.3261 0.6871
vn -0.7602 -0.2785 0.5870
vn -0.7599 -0.2788 0.5873
vn -0.5223 -0.2971 0.7993
vn -0.5219 -0.2973 0.7996
vn -0.5218 -0.3658 0.7707
vn -0.6490 -0.3262 0.6873
vn -0.3820 -0.3221 0.8662
vn -0.3828 -0.3218 0.8660
vn -0.3828 -0.3961 0.8346
vn -0.5219 -0.3658 0.7706
vn -0.3828 -0.4674 0.7969
vn -0.5218 -0.4315 0.7358
vn -0.5218 -0.4316 0.7359
vn -0.3827 -0.4674 0.7969
vn -0.3827 -0.5350 0.7532
vn -0.5224 -0.4938 0.6952
vn -0.5217 -0.4941 0.6954
vn -0.3822 -0.5352 0.7533
vn -0.3822 -0.5988 0.7038
vn -0.5219 -0.5528 0.6496
vn -0.5224 -0.5525 0.6495
vn -0.3825 -0.5987 0.7037
vn -0.3826 -0.6577 0.6489
vn -0.5217 -0.6073 0.5991
vn -0.5219 -0.6072 0.5991
vn -0.3825 -0.6578 0.6489
vn -0.3825 -0.7119 0.5890
vn -0.5216 -0.6573 0.5439
vn -0.5218 -0.6573 0.5438
vn -0.3828 -0.7117 0.5890
vn -0.3828 -0.7603 0.5247
vn -0.5221 -0.7020 0.4844
vn -0.5217 -0.7022 0.4845
vn -0.3823 -0.7606 0.5248
vn -0.3822 -0.8034 0.4566
vn -0.5216 -0.7418 0.4216
vn -0.5220 -0.7415 0.4215
vn -0.3824 -0.8033 0.4566
vn -0.3824 -0.8400 0.3848
vn -0.5218 -0.7756 0.3552
vn -0.5215 -0.7757 0.3553
vn -0.3826 -0.8400 0.3848
vn -0.3827 -0.8703 0.3101
vn -0.5220 -0.8035 0.2863
vn -0.5218 -0.8036 0.2863
vn -0.3824 -0.8704 0.3101
vn -0.3824 -0.8941 0.2330
vn -0.5216 -0.8256 0.2151
vn -0.5221 -0.8253 0.2151
vn -0.3824 -0.9110 0.1543
vn -0.5218 -0.8411 0.1425
vn -0.5216 -0.8412 0.1425
vn -0.3823 -0.9111 0.1543
vn -0.3823 -0.9211 0.0742
vn -0.5219 -0.8502 0.0685
vn -0.5218 -0.8503 0.0685
vn -0.3827 -0.9209 0.0742
vn -0.3827 -0.9239 -0.0063
vn -0.5221 -0.8529 -0.0058
vn -0.5219 -0.8530 -0.0058
vn -0.3822 -0.9241 -0.0063
vn -0.3822 -0.9200 -0.0868
vn -0.5218 -0.8493 -0.0802
vn -0.5222 -0.8491 -0.0801
vn -0.3823 -0.9200 -0.0868
vn -0.3823 -0.9089 -0.1666
vn -0.5222 -0.8389 -0.1538
vn -0.5219 -0.8390 -0.1539
vn -0.3827 -0.9087 -0.1665
vn -0.3827 -0.8908 -0.2452
vn -0.5225 -0.8221 -0.2263
vn -0.5222 -0.8222 -0.2264
vn -0.3818 -0.8911 -0.2454
vn -0.3818 -0.8663 -0.3221
vn -0.5216 -0.7997 -0.2973
vn -0.5225 -0.7992 -0.2970
vn -0.3829 -0.8659 -0.3217
vn -0.3829 -0.8346 -0.3961
vn -0.5221 -0.7705 -0.3657
vn -0.5217 -0.7707 -0.3659
vn -0.2341 -0.9113 -0.3386
vn -0.2328 -0.8785 -0.4171
vn -0.3821 -0.8348 -0.3964
vn -0.2329 -0.9116 -0.3389
vn -0.0778 -0.9345 -0.3474
vn -0.0779 -0.9503 -0.3014
vn -0.1090 -0.9584 -0.2638
vn -0.2341 -0.9374 -0.2580
vn -0.0000 -0.9655 -0.2605
vn -0.0782 -0.9625 -0.2597
vn -0.0000 -0.9532 -0.3024
vn -0.0000 -0.9374 -0.3484
vn 0.0778 -0.9345 -0.3473
vn 0.0779 -0.9503 -0.3014
vn 0.0785 -0.9344 -0.3474
vn 0.2341 -0.9373 -0.2582
vn 0.2340 -0.9113 -0.3388
vn 0.2329 -0.9376 -0.2581
vn 0.0781 -0.9612 -0.2645
vn 0.1131 -0.9593 -0.2588
vn 0.0786 -0.9132 -0.3998
vn 0.2329 -0.8786 -0.4170
vn 0.2329 -0.9116 -0.3387
vn 0.1399 -0.8945 -0.4246
vn 0.0784 -0.8951 -0.4389
vn 0.2336 -0.8387 -0.4919
vn 0.0784 -0.8599 -0.5043
vn 0.2336 -0.8784 -0.4171
vn -0.0000 -0.8979 -0.4403
vn -0.0000 -0.8690 -0.4947
vn 0.1663 -0.8569 -0.4879
vn -0.0000 -0.8466 -0.5323
vn 0.0788 -0.8439 -0.5307
vn -0.0000 -0.8152 -0.5792
vn 0.0787 -0.8127 -0.5774
vn -0.0000 -0.7860 -0.6182
vn 0.0787 -0.7836 -0.6162
vn 0.2326 -0.7407 -0.6302
vn 0.2327 -0.7929 -0.5632
vn 0.2332 -0.7927 -0.5632
vn 0.1098 -0.7571 -0.6441
vn 0.3823 -0.7971 -0.4675
vn 0.3823 -0.7533 -0.5351
vn 0.3821 -0.7972 -0.4675
vn 0.2332 -0.8388 -0.4919
vn -0.0000 -0.7583 -0.6519
vn 0.0784 -0.7559 -0.6499
vn -0.0000 -0.7168 -0.6973
vn 0.0784 -0.7146 -0.6951
vn -0.0788 -0.7836 -0.6163
vn -0.1140 -0.7533 -0.6477
vn -0.0787 -0.8127 -0.5774
vn -0.0788 -0.8439 -0.5306
vn -0.2326 -0.7928 -0.5633
vn -0.1409 -0.8540 -0.5009
vn -0.2332 -0.8388 -0.4920
vn -0.2333 -0.7928 -0.5631
vn -0.0785 -0.8664 -0.4932
vn -0.0784 -0.9006 -0.4275
vn -0.2337 -0.8784 -0.4169
vn -0.2336 -0.8387 -0.4919
vn -0.1652 -0.8855 -0.4342
vn -0.0000 -0.9161 -0.4011
vn -0.0786 -0.9132 -0.3998
vn -0.0785 -0.9345 -0.3473
vn -0.0000 -0.9161 -0.4010
vn 0.3820 -0.8349 -0.3963
vn 0.3829 -0.8345 -0.3962
vn 0.5218 -0.7997 -0.2971
vn 0.5226 -0.7991 -0.2971
vn 0.5218 -0.7707 -0.3658
vn 0.3830 -0.8659 -0.3219
vn 0.5226 -0.8220 -0.2263
vn 0.5223 -0.8222 -0.2263
vn 0.3817 -0.8911 -0.2453
vn 0.3818 -0.8664 -0.3219
vn 0.5223 -0.8388 -0.1538
vn 0.3826 -0.8907 -0.2453
vn 0.3827 -0.9087 -0.1666
vn 0.5220 -0.8389 -0.1538
vn 0.6491 -0.7482 -0.1372
vn 0.5220 -0.8492 -0.0801
vn 0.6491 -0.7574 -0.0714
vn 0.6492 -0.7573 -0.0714
vn 0.7600 -0.6471 -0.0610
vn 0.7600 -0.6499 -0.0044
vn 0.7601 -0.6498 -0.0045
vn 0.6492 -0.7606 -0.0052
vn 0.7601 -0.6477 0.0522
vn 0.7597 -0.6481 0.0523
vn 0.6490 -0.7584 0.0612
vn 0.6490 -0.7608 -0.0052
vn 0.6498 -0.7577 0.0610
vn 0.5220 -0.8502 0.0685
vn 0.5220 -0.8529 -0.0058
vn 0.5222 -0.8528 -0.0058
vn 0.3822 -0.9241 -0.0063
vn 0.3822 -0.9200 -0.0868
vn 0.3823 -0.9200 -0.0868
vn 0.5223 -0.8490 -0.0801
vn 0.2334 -0.9681 -0.0914
vn 0.2330 -0.9682 -0.0914
vn 0.3827 -0.9239 -0.0063
vn 0.2334 -0.9723 -0.0067
vn 0.3827 -0.9209 0.0742
vn 0.3823 -0.9210 0.0743
vn 0.2325 -0.9695 0.0782
vn 0.2326 -0.9726 -0.0065
vn 0.1837 -0.9785 0.0942
vn 0.0786 -0.9956 0.0519
vn 0.2334 -0.9693 0.0780
vn 0.0776 -0.9938 0.0800
vn 0.0786 -0.9969 -0.0067
vn -0.0000 -0.9876 0.1568
vn 0.0777 -0.9847 0.1563
vn -0.0000 -0.9954 0.0958
vn -0.1490 -0.9766 0.1550
vn -0.0776 -0.9924 0.0955
vn -0.0776 -0.9830 0.1665
vn -0.2334 -0.9587 0.1624
vn -0.0787 -0.9647 0.2514
vn -0.0789 -0.9647 0.2514
vn -0.2329 -0.9411 0.2453
vn -0.2329 -0.9588 0.1624
vn -0.0788 -0.9768 0.1991
vn -0.0000 -0.9677 0.2522
vn -0.0000 -0.9799 0.1997
vn 0.0788 -0.9647 0.2514
vn 0.0788 -0.9768 0.1991
vn 0.0787 -0.9647 0.2514
vn 0.2326 -0.9411 0.2453
vn 0.0789 -0.9506 0.3002
vn 0.2325 -0.9162 0.3264
vn 0.0788 -0.9391 0.3346
vn 0.1321 -0.9311 0.3399
vn 0.2326 -0.9162 0.3264
vn 0.2326 -0.8842 0.4050
vn 0.3826 -0.8703 0.3100
vn 0.3827 -0.8400 0.3848
vn 0.3824 -0.8401 0.3848
vn 0.5217 -0.7756 0.3553
vn 0.5217 -0.7417 0.4216
vn 0.5222 -0.7414 0.4214
vn 0.3824 -0.8033 0.4565
vn 0.5222 -0.7019 0.4843
vn 0.5218 -0.7021 0.4846
vn 0.3822 -0.8034 0.4566
vn 0.3822 -0.7606 0.5249
vn 0.5218 -0.6572 0.5438
vn 0.5219 -0.6572 0.5438
vn 0.3829 -0.7117 0.5889
vn 0.3829 -0.7604 0.5246
vn 0.3825 -0.7118 0.5891
vn 0.2330 -0.7492 0.6200
vn 0.2330 -0.8004 0.5523
vn 0.2337 -0.8003 0.5522
vn 0.0779 -0.8668 0.4926
vn 0.0781 -0.8668 0.4926
vn 0.0780 -0.8205 0.5663
vn 0.2338 -0.8453 0.4804
vn -0.0000 -0.8231 0.5679
vn 0.0789 -0.8205 0.5661
vn -0.0000 -0.8694 0.4941
vn -0.0781 -0.8206 0.5662
vn -0.0779 -0.8668 0.4926
vn -0.0780 -0.8667 0.4926
vn -0.2337 -0.8453 0.4804
vn -0.0788 -0.8205 0.5662
vn -0.2337 -0.8002 0.5523
vn -0.2338 -0.8453 0.4804
vn -0.0788 -0.7841 0.6156
vn -0.1510 -0.7616 0.6302
vn -0.2330 -0.7492 0.6199
vn -0.2330 -0.8004 0.5523
vn -0.0779 -0.7097 0.7002
vn -0.2333 -0.6922 0.6829
vn -0.2333 -0.7492 0.6199
vn -0.0779 -0.7564 0.6495
vn -0.0000 -0.7174 0.6967
vn -0.0000 -0.7587 0.6514
vn -0.1315 -0.7111 0.6907
vn -0.0000 -0.6859 0.7277
vn -0.0782 -0.6838 0.7255
vn 0.0782 -0.6837 0.7255
vn 0.0779 -0.7152 0.6946
vn 0.1221 -0.7066 0.6970
vn 0.2332 -0.6923 0.6829
vn 0.2332 -0.6302 0.7406
vn 0.0781 -0.6460 0.7593
vn 0.2332 -0.5632 0.7927
vn 0.1490 -0.5643 0.8120
vn 0.0784 -0.6043 0.7929
vn 0.2333 -0.5632 0.7927
vn 0.0784 -0.6460 0.7593
vn 0.0782 -0.5774 0.8127
vn 0.0783 -0.5175 0.8521
vn 0.1465 -0.5004 0.8533
vn 0.2332 -0.4920 0.8388
vn 0.2329 -0.4919 0.8389
vn 0.2329 -0.4170 0.8786
vn 0.3828 -0.4674 0.7969
vn 0.3828 -0.3961 0.8346
vn 0.3827 -0.3219 0.8659
vn 0.2330 -0.4170 0.8785
vn 0.2330 -0.3388 0.9116
vn 0.3820 -0.3220 0.8663
vn 0.0784 -0.3858 0.9192
vn 0.0784 -0.4275 0.9006
vn 0.0782 -0.4275 0.9006
vn 0.0951 -0.3469 0.9331
vn 0.2334 -0.3388 0.9115
vn -0.0000 -0.3461 0.9382
vn 0.0788 -0.3450 0.9353
vn -0.0000 -0.3868 0.9222
vn -0.0788 -0.3450 0.9353
vn -0.0785 -0.3855 0.9193
vn -0.0951 -0.3469 0.9331
vn -0.0788 -0.2867 0.9548
vn -0.1529 -0.2622 0.9528
vn -0.2330 -0.3388 0.9115
vn -0.2334 -0.2581 0.9375
vn -0.2334 -0.3388 0.9115
vn -0.0787 -0.2447 0.9664
vn -0.0786 -0.1798 0.9806
vn -0.2329 -0.1754 0.9566
vn -0.2328 -0.2581 0.9376
vn -0.2330 -0.1754 0.9565
vn -0.3824 -0.1666 0.9088
vn -0.3821 -0.2453 0.8910
vn -0.3824 -0.2452 0.8909
vn -0.3822 -0.1667 0.9089
vn -0.5220 -0.1538 0.8390
vn -0.5222 -0.2263 0.8222
vn -0.5220 -0.2264 0.8223
vn -0.3822 -0.0868 0.9200
vn -0.5221 -0.0801 0.8491
vn -0.5222 -0.1538 0.8389
vn -0.3822 -0.0063 0.9241
vn -0.3824 -0.0063 0.9240
vn -0.5221 -0.0058 0.8529
vn -0.5218 -0.0058 0.8530
vn -0.6489 -0.0715 0.7575
vn -0.6492 -0.0052 0.7606
vn -0.6492 -0.0714 0.7573
vn -0.7601 -0.0610 0.6469
vn -0.7600 -0.0044 0.6500
vn -0.7599 -0.0611 0.6471
vn -0.6491 0.0611 0.7582
vn -0.6492 0.0611 0.7582
vn -0.7599 0.0522 0.6479
vn -0.7599 -0.0044 0.6500
vn -0.6492 0.1269 0.7500
vn -0.6491 0.1269 0.7500
vn -0.7599 0.1085 0.6409
vn -0.6492 0.1919 0.7360
vn -0.7600 0.1639 0.6289
vn -0.7600 0.1085 0.6408
vn -0.6490 0.1919 0.7362
vn -0.6491 0.2553 0.7166
vn -0.6490 0.2553 0.7166
vn -0.7602 0.2181 0.6120
vn -0.7602 0.1639 0.6287
vn -0.6492 0.3168 0.6916
vn -0.6491 0.3168 0.6916
vn -0.7600 0.2707 0.5908
vn -0.7600 0.2181 0.6122
vn -0.6491 0.3758 0.6614
vn -0.7599 0.3211 0.5651
vn -0.7600 0.2707 0.5909
vn -0.6491 0.4321 0.6261
vn -0.7599 0.3692 0.5350
vn -0.7600 0.3211 0.5651
vn -0.6492 0.4849 0.5860
vn -0.6490 0.4850 0.5861
vn -0.7601 0.4143 0.5006
vn -0.7601 0.3691 0.5348
vn -0.6490 0.5343 0.5417
vn -0.6492 0.5342 0.5415
vn -0.7601 0.4563 0.4626
vn -0.6492 0.5793 0.4929
vn -0.6489 0.5795 0.4931
vn -0.7600 0.4950 0.4211
vn -0.7600 0.4564 0.4627
vn -0.6492 0.6201 0.4405
vn -0.7601 0.5297 0.3763
vn -0.7601 0.4949 0.4211
vn -0.6488 0.6204 0.4408
vn -0.6491 0.6562 0.3848
vn -0.6487 0.6564 0.3851
vn -0.7603 0.5603 0.3286
vn -0.7603 0.5295 0.3762
vn -0.6494 0.6870 0.3260
vn -0.6491 0.6872 0.3262
vn -0.7600 0.5872 0.2786
vn -0.7600 0.5606 0.3288
vn -0.6493 0.7128 0.2650
vn -0.6494 0.7128 0.2650
vn -0.7599 0.6093 0.2265
vn -0.7598 0.5873 0.2787
vn -0.6492 0.7333 0.2018
vn -0.6493 0.7333 0.2018
vn -0.7603 0.6263 0.1724
vn -0.7603 0.6089 0.2263
vn -0.6491 0.7482 0.1373
vn -0.6492 0.7481 0.1372
vn -0.7601 0.6392 0.1172
vn -0.7600 0.6266 0.1725
vn -0.6492 0.7573 0.0714
vn -0.6491 0.7573 0.0714
vn -0.7599 0.6471 0.0610
vn -0.7600 0.6393 0.1173
vn -0.5213 0.8534 0.0059
vn -0.5221 0.8529 0.0058
vn -0.6492 0.7606 0.0053
vn -0.5221 0.8491 0.0801
vn -0.3827 0.9239 0.0063
vn -0.3822 0.9240 0.0063
vn -0.3821 0.9200 0.0868
vn -0.5218 0.8493 0.0802
vn -0.3823 0.9200 0.0868
vn -0.3823 0.9089 0.1666
vn -0.5222 0.8389 0.1538
vn -0.5217 0.8391 0.1539
vn -0.3827 0.9087 0.1665
vn -0.3828 0.8907 0.2452
vn -0.5218 0.8225 0.2264
vn -0.5222 0.8223 0.2263
vn -0.3817 0.8911 0.2454
vn -0.3817 0.8664 0.3220
vn -0.5222 0.7994 0.2971
vn -0.5218 0.7996 0.2972
vn -0.3823 0.8662 0.3218
vn -0.3823 0.8347 0.3963
vn -0.5216 0.7707 0.3659
vn -0.5222 0.7705 0.3657
vn -0.3826 0.8346 0.3962
vn -0.3827 0.7969 0.4674
vn -0.5219 0.7358 0.4315
vn -0.5216 0.7359 0.4317
vn -0.3823 0.7970 0.4675
vn -0.3823 0.7533 0.5352
vn -0.5215 0.6956 0.4942
vn -0.5220 0.6954 0.4940
vn -0.3827 0.7532 0.5350
vn -0.3827 0.7037 0.5987
vn -0.5219 0.6497 0.5527
vn -0.5216 0.6498 0.5529
vn -0.3823 0.7038 0.5988
vn -0.3823 0.6489 0.6578
vn -0.5217 0.5991 0.6073
vn -0.5219 0.5990 0.6073
vn -0.3829 0.6488 0.6576
vn -0.3830 0.5889 0.7117
vn -0.5218 0.5439 0.6572
vn -0.5217 0.5439 0.6572
vn -0.3828 0.5890 0.7117
vn -0.3829 0.5247 0.7603
vn -0.5220 0.4845 0.7020
vn -0.5218 0.4845 0.7021
vn -0.3821 0.5248 0.7606
vn -0.3821 0.4566 0.8034
vn -0.5223 0.4214 0.7414
vn -0.5221 0.4214 0.7415
vn -0.3818 0.4566 0.8036
vn -0.3819 0.3849 0.8403
vn -0.5221 0.3551 0.7754
vn -0.5222 0.3552 0.7753
vn -0.3822 0.3848 0.8401
vn -0.3822 0.3101 0.8705
vn -0.5218 0.2863 0.8036
vn -0.5221 0.2862 0.8034
vn -0.3827 0.3101 0.8703
vn -0.3827 0.2331 0.8940
vn -0.5219 0.2152 0.8254
vn -0.5218 0.2152 0.8255
vn -0.3822 0.2330 0.8942
vn -0.3823 0.1542 0.9111
vn -0.5220 0.1424 0.8410
vn -0.5218 0.1423 0.8411
vn -0.3827 0.1543 0.9109
vn -0.3826 0.0742 0.9209
vn -0.5219 0.0685 0.8503
vn -0.5220 0.0685 0.8502
vn -0.2334 0.1624 0.9587
vn -0.2330 0.0781 0.9693
vn -0.3824 0.0742 0.9210
vn -0.2330 0.1623 0.9588
vn -0.0783 0.1664 0.9829
vn -0.0784 0.2143 0.9736
vn -0.1094 0.2507 0.9619
vn -0.2335 0.2453 0.9409
vn -0.0000 0.2572 0.9664
vn -0.0782 0.2564 0.9634
vn -0.0000 0.2149 0.9766
vn -0.0000 0.1669 0.9860
vn 0.0783 0.1664 0.9829
vn 0.0783 0.2142 0.9736
vn 0.2333 0.2453 0.9410
vn 0.0781 0.2514 0.9647
vn 0.2335 0.2452 0.9409
vn 0.2334 0.1623 0.9587
vn 0.0782 0.1664 0.9830
vn 0.1135 0.2555 0.9601
vn 0.0783 0.1108 0.9908
vn 0.1406 0.0795 0.9869
vn 0.2330 0.0781 0.9693
vn 0.2330 0.1624 0.9588
vn 0.2333 -0.0066 0.9724
vn 0.0786 -0.0068 0.9969
vn 0.0786 0.0673 0.9946
vn 0.2333 0.0781 0.9693
vn -0.0000 0.0676 0.9977
vn -0.0000 0.0675 0.9977
vn -0.0000 0.0059 1.0000
vn 0.1652 0.0059 0.9862
vn -0.0000 -0.0374 0.9993
vn 0.0783 -0.0374 0.9962
vn -0.0000 -0.0375 0.9993
vn -0.0000 -0.0940 0.9956
vn 0.0782 -0.0937 0.9925
vn -0.0000 -0.1417 0.9899
vn 0.0785 -0.1412 0.9869
vn 0.0785 -0.0937 0.9925
vn 0.2330 -0.1754 0.9565
vn 0.2330 -0.0914 0.9682
vn 0.2334 -0.0914 0.9681
vn 0.1102 -0.1792 0.9776
vn 0.3822 -0.0063 0.9241
vn 0.3822 -0.0868 0.9200
vn 0.3823 -0.0063 0.9240
vn 0.2334 -0.0066 0.9723
vn 0.5220 0.0686 0.8502
vn 0.5220 -0.0058 0.8529
vn 0.5222 0.0685 0.8501
vn 0.3823 0.0742 0.9210
vn 0.5222 0.1423 0.8408
vn 0.3827 0.0742 0.9209
vn 0.5220 0.1424 0.8410
vn 0.3827 0.1542 0.9109
vn 0.6492 0.1919 0.7360
vn 0.6492 0.1269 0.7500
vn 0.6491 0.1919 0.7361
vn 0.5221 0.2151 0.8253
vn 0.7602 0.2180 0.6120
vn 0.7600 0.2181 0.6122
vn 0.7601 0.1639 0.6288
vn 0.6490 0.2553 0.7166
vn 0.7600 0.2706 0.5909
vn 0.6491 0.2553 0.7166
vn 0.6491 0.3168 0.6916
vn 0.7600 0.2707 0.5909
vn 0.7599 0.3211 0.5651
vn 0.8525 0.2583 0.4545
vn 0.8525 0.2582 0.4545
vn 0.8525 0.2177 0.4752
vn 0.9237 0.1893 0.3331
vn 0.9237 0.1893 0.3330
vn 0.9237 0.1595 0.3483
vn 0.9237 0.1596 0.3483
vn 0.9237 0.1286 0.3609
vn 0.8525 0.1754 0.4924
vn 0.8524 0.1756 0.4926
vn 0.9238 0.1285 0.3607
vn 0.9238 0.0966 0.3705
vn 0.8524 0.1319 0.5060
vn 0.8525 0.1318 0.5058
vn 0.8525 0.0873 0.5154
vn 0.7600 0.1639 0.6289
vn 0.7600 0.1085 0.6408
vn 0.7599 0.1085 0.6409
vn 0.7599 0.0522 0.6480
vn 0.6491 0.1269 0.7501
vn 0.6491 0.0611 0.7582
vn 0.6492 0.0611 0.7582
vn 0.7599 0.0522 0.6479
vn 0.7600 -0.0044 0.6500
vn 0.6492 -0.0052 0.7606
vn 0.6492 -0.0715 0.7573
vn 0.5223 -0.0058 0.8528
vn 0.5223 -0.0801 0.8490
vn 0.3824 -0.1667 0.9088
vn 0.5223 -0.1538 0.8388
vn 0.3822 -0.1666 0.9089
vn 0.3825 -0.2453 0.8908
vn 0.2328 -0.1754 0.9566
vn 0.2333 -0.2581 0.9375
vn 0.2329 -0.2581 0.9376
vn 0.5222 -0.1538 0.8388
vn 0.3821 -0.2453 0.8910
vn 0.5222 -0.2263 0.8223
vn 0.5224 -0.2263 0.8221
vn 0.6491 -0.2019 0.7334
vn 0.6491 -0.1372 0.7482
vn 0.6488 -0.1372 0.7485
vn 0.7601 -0.0610 0.6469
vn 0.7600 -0.0610 0.6471
vn 0.6489 -0.0714 0.7575
vn 0.7601 -0.1172 0.6391
vn 0.8525 -0.0491 0.5205
vn 0.7599 -0.1172 0.6394
vn 0.8526 -0.0943 0.5140
vn 0.8525 -0.0491 0.5203
vn 0.9238 -0.0026 0.3830
vn 0.9238 -0.0360 0.3813
vn 0.9237 -0.0026 0.3831
vn 0.8524 -0.0035 0.5228
vn 0.9237 0.0308 0.3819
vn 0.8525 0.0420 0.5210
vn 0.8525 -0.0036 0.5227
vn 0.9723 0.0390 0.2304
vn 0.9723 0.0390 0.2303
vn 0.9237 0.0639 0.3777
vn 0.9723 0.0188 0.2329
vn 0.9969 0.0131 0.0775
vn 0.9969 0.0063 0.0783
vn 0.9969 0.0063 0.0784
vn 0.9969 -0.0005 0.0786
vn 0.9723 -0.0016 0.2336
vn 0.9969 -0.0005 0.0787
vn 0.9969 -0.0074 0.0784
vn 0.9723 -0.0219 0.2325
vn 0.9724 -0.0219 0.2325
vn 0.9237 -0.0691 0.3769
vn 0.9237 -0.0360 0.3814
vn 0.9724 -0.0421 0.2297
vn 0.9237 -0.0691 0.3768
vn 0.9237 -0.1017 0.3694
vn 0.8525 -0.1388 0.5040
vn 0.8525 -0.0943 0.5141
vn 0.8525 -0.1821 0.4900
vn 0.9237 -0.1335 0.3591
vn 0.8524 -0.1822 0.4901
vn 0.9237 -0.1017 0.3693
vn 0.9723 -0.0814 0.2189
vn 0.9724 -0.0620 0.2251
vn 0.9238 -0.1335 0.3589
vn 0.9723 -0.1002 0.2112
vn 0.9237 -0.1642 0.3460
vn 0.9723 -0.0814 0.2191
vn 0.9238 -0.1642 0.3460
vn 0.8524 -0.2645 0.4511
vn 0.8523 -0.2242 0.4725
vn 0.9237 -0.1938 0.3304
vn 0.9238 -0.2217 0.3121
vn 0.9238 -0.1937 0.3302
vn 0.8523 -0.3030 0.4264
vn 0.8523 -0.3029 0.4263
vn 0.7602 -0.3763 0.5296
vn 0.7602 -0.4210 0.4948
vn 0.8522 -0.3390 0.3985
vn 0.7602 -0.4210 0.4949
vn 0.6495 -0.5413 0.5340
vn 0.7602 -0.4626 0.4562
vn 0.6490 -0.4930 0.5795
vn 0.6490 -0.5416 0.5343
vn 0.5221 -0.6072 0.5990
vn 0.5221 -0.5527 0.6496
vn 0.6490 -0.4929 0.5795
vn 0.5219 -0.6072 0.5991
vn 0.6490 -0.4406 0.6202
vn 0.6490 -0.4407 0.6202
vn 0.5225 -0.4938 0.6951
vn 0.5225 -0.5526 0.6493
vn 0.5219 -0.4940 0.6954
vn 0.3822 -0.5352 0.7533
vn 0.3823 -0.5988 0.7038
vn 0.3825 -0.5988 0.7037
vn 0.5220 -0.4315 0.7357
vn 0.3827 -0.5351 0.7532
vn 0.3826 -0.4674 0.7970
vn 0.5220 -0.4315 0.7358
vn 0.5221 -0.3657 0.7705
vn 0.6490 -0.3848 0.6562
vn 0.6491 -0.3262 0.6873
vn 0.6493 -0.3261 0.6871
vn 0.5220 -0.3657 0.7706
vn 0.6492 -0.2650 0.7129
vn 0.5220 -0.2972 0.7995
vn 0.6491 -0.2651 0.7131
vn 0.6490 -0.2019 0.7335
vn 0.7600 -0.2264 0.6092
vn 0.7600 -0.1725 0.6266
vn 0.7599 -0.1725 0.6267
vn 0.7598 -0.2787 0.5873
vn 0.7599 -0.2265 0.6093
vn 0.6489 -0.3849 0.6563
vn 0.7602 -0.3287 0.5604
vn 0.7602 -0.2786 0.5869
vn 0.7602 -0.3287 0.5605
vn 0.3825 -0.6577 0.6489
vn 0.3825 -0.6578 0.6489
vn 0.7599 -0.5008 0.4144
vn 0.7599 -0.4627 0.4565
vn 0.6491 -0.5860 0.4850
vn 0.6495 -0.5858 0.4847
vn 0.7600 -0.5007 0.4144
vn 0.6491 -0.6261 0.4320
vn 0.7600 -0.5350 0.3691
vn 0.6490 -0.6262 0.4321
vn 0.8525 -0.4027 0.3333
vn 0.8525 -0.4303 0.2969
vn 0.8525 -0.4028 0.3333
vn 0.7601 -0.5349 0.3691
vn 0.8524 -0.4546 0.2584
vn 0.8524 -0.4304 0.2970
vn 0.7600 -0.5650 0.3211
vn 0.7601 -0.5650 0.3211
vn 0.7601 -0.5909 0.2705
vn 0.7598 -0.5911 0.2707
vn 0.8526 -0.4752 0.2176
vn 0.8525 -0.4544 0.2582
vn 0.8524 -0.4926 0.1755
vn 0.8524 -0.4754 0.2178
vn 0.7600 -0.6122 0.2181
vn 0.7598 -0.6124 0.2182
vn 0.6491 -0.7166 0.2553
vn 0.6491 -0.7361 0.1919
vn 0.7600 -0.6289 0.1639
vn 0.6494 -0.7359 0.1918
vn 0.6494 -0.7498 0.1270
vn 0.5219 -0.8410 0.1424
vn 0.5218 -0.8255 0.2152
vn 0.5218 -0.8411 0.1425
vn 0.5221 -0.8253 0.2151
vn 0.3822 -0.9111 0.1543
vn 0.3824 -0.8941 0.2330
vn 0.3824 -0.9110 0.1543
vn 0.2330 -0.9588 0.1625
vn 0.2333 -0.9587 0.1624
vn 0.3824 -0.8942 0.2330
vn 0.2329 -0.9411 0.2452
vn 0.5221 -0.8034 0.2862
vn 0.5220 -0.8035 0.2863
vn 0.3823 -0.8704 0.3101
vn 0.6493 -0.7164 0.2552
vn 0.6494 -0.6914 0.3166
vn 0.5219 -0.7755 0.3552
vn 0.6490 -0.6917 0.3168
vn 0.6498 -0.7495 0.1269
vn 0.7601 -0.6406 0.1084
vn 0.7601 -0.6288 0.1638
vn 0.7597 -0.6411 0.1086
vn 0.8523 -0.5156 0.0874
vn 0.8524 -0.5061 0.1318
vn 0.8524 -0.5060 0.1318
vn 0.9238 -0.3607 0.1285
vn 0.9238 -0.3705 0.0966
vn 0.9238 -0.3606 0.1285
vn 0.9723 -0.2201 0.0784
vn 0.9723 -0.2124 0.0973
vn 0.9238 -0.3480 0.1594
vn 0.9723 -0.2125 0.0973
vn 0.9969 -0.0715 0.0327
vn 0.9969 -0.0683 0.0389
vn 0.9969 -0.0684 0.0389
vn 0.9723 -0.2032 0.1155
vn 0.9969 -0.0647 0.0447
vn 0.9969 -0.0648 0.0447
vn 0.9723 -0.1924 0.1328
vn 0.9238 -0.3328 0.1891
vn 0.9238 -0.3151 0.2174
vn 0.9723 -0.1922 0.1327
vn 0.9238 -0.3328 0.1892
vn 0.9723 -0.1800 0.1489
vn 0.9723 -0.1800 0.1490
vn 0.9238 -0.2950 0.2441
vn 0.9723 -0.1663 0.1641
vn 0.9237 -0.2951 0.2442
vn 0.9237 -0.2727 0.2690
vn 0.9969 -0.0560 0.0553
vn 0.9969 -0.0510 0.0599
vn 0.9723 -0.1514 0.1780
vn 0.9969 -0.0456 0.0641
vn 0.9969 -0.0398 0.0678
vn 0.9969 -0.0456 0.0642
vn 0.9724 -0.1353 0.1904
vn 0.9723 -0.1353 0.1905
vn 0.9723 -0.1182 0.2015
vn 0.9969 -0.0398 0.0679
vn 0.9723 -0.1002 0.2111
vn 0.9969 -0.0337 0.0710
vn 0.9969 -0.0274 0.0737
vn 0.9969 -0.0209 0.0758
vn 0.9969 -0.0274 0.0738
vn 0.9969 -0.0142 0.0774
vn 0.9969 -0.0074 0.0783
vn -0.0000 -0.0057 1.0000
vn -0.0000 -0.1326 0.9912
vn -0.0000 -0.2982 0.9545
vn -0.0000 -0.4553 0.8904
vn -0.0000 -0.4552 0.8904
vn -0.0000 -0.5992 0.8006
vn -0.0000 -0.7257 0.6880
vn -0.0000 -0.8317 0.5553
vn -0.0000 -0.9136 0.4066
vn 0.9969 -0.0741 0.0264
vn 0.9969 -0.0714 0.0327
vn 0.9969 -0.0740 0.0264
vn 0.9723 -0.2261 0.0589
vn 0.9969 -0.0761 0.0198
vn 0.9237 -0.3778 0.0640
vn 0.9723 -0.2303 0.0390
vn 0.9237 -0.3707 0.0966
vn 0.9237 -0.3778 0.0639
vn 0.9237 -0.3820 0.0308
vn 0.8526 -0.5208 0.0420
vn 0.8526 -0.5209 0.0420
vn 0.8526 -0.5153 0.0872
vn 0.9236 -0.3820 0.0308
vn 0.9236 -0.3833 -0.0026
vn 0.8526 -0.5225 -0.0036
vn 0.8524 -0.5230 -0.0035
vn 0.8523 -0.5207 -0.0491
vn 0.8525 -0.5203 -0.0491
vn 0.9238 -0.3811 -0.0360
vn 0.9238 -0.3828 -0.0026
vn 0.9238 -0.3812 -0.0360
vn 0.9723 -0.2336 -0.0016
vn 0.9969 -0.0784 0.0063
vn 0.9969 -0.0783 0.0063
vn 0.9969 -0.0787 -0.0005
vn 0.9723 -0.2329 0.0188
vn 0.9724 -0.2327 0.0187
vn 0.9724 -0.2302 0.0390
vn 0.9969 -0.0775 0.0131
vn 0.9969 -0.0760 0.0198
vn -0.0000 -0.9691 0.2466
vn -0.0000 -0.9968 0.0793
vn -0.0000 0.9691 -0.2467
vn -0.0000 0.9969 -0.0787
vn -0.0000 -0.9969 0.0791
vn -0.0000 -0.9959 -0.0907
vn -0.0000 -0.9689 0.2476
vn -0.0000 -0.4553 0.8903
vn -0.0000 -0.2987 0.9544
vn -0.0000 -0.5988 0.8009
vn -0.0000 -0.7263 0.6874
vn -0.0000 -0.5989 0.8008
vn -0.0000 0.5994 -0.8005
vn -0.0000 0.7258 -0.6879
vn -0.0000 0.8315 -0.5555
vn -0.0000 -0.8316 0.5554
vn -0.0000 -0.9138 0.4062
vn -0.0000 -0.8316 0.5553
vn -0.0000 -0.9138 0.4061
vn -0.0000 0.9136 -0.4067
vn -0.0000 0.8314 -0.5556
vn -0.0000 0.4548 -0.8906
vn -0.0000 0.2983 -0.9545
vn -0.0000 0.2984 -0.9544
vn -0.0000 0.1330 -0.9911
vn -0.0000 0.1328 -0.9911
vn -0.0000 -0.1323 0.9912
vn -0.0000 -0.1324 0.9912
vn -0.0000 -0.0059 1.0000
vn -0.0000 0.0790 0.9969
vn -0.0000 -0.0797 -0.9968
vn -0.0000 -0.2044 -0.9789
vn -0.0000 0.0793 0.9969
vn -0.0000 0.0792 0.9969
vn -0.0000 0.3676 0.9300
vn -0.0000 0.5194 0.8545
vn -0.0000 -0.3680 -0.9298
vn -0.0000 -0.5193 -0.8546
vn -0.0000 -0.6565 -0.7543
vn -0.0000 -0.6565 -0.7544
vn -0.0000 0.3682 0.9297
vn -0.0000 0.5194 0.8546
vn -0.0000 0.2048 0.9788
vn -0.0000 0.3683 0.9297
vn -0.0000 0.6565 0.7543
vn -0.0000 0.6564 0.7544
vn -0.0000 0.7741 0.6331
vn -0.0000 0.7741 0.6330
vn -0.0000 0.8704 0.4924
vn -0.0000 0.9411 0.3381
vn -0.0000 0.9411 0.3382
vn -0.0000 0.9847 0.1742
vn -0.0000 -0.9846 -0.1746
vn -0.0000 -1.0000 -0.0057
vn -0.0000 -0.9409 -0.3387
vn -0.0000 -0.9409 -0.3388
vn -0.0000 -0.8704 -0.4923
vn -0.0000 -0.7745 -0.6325
vn -0.0000 -0.7746 -0.6325
vn -0.0000 0.8703 0.4926
vn -0.0000 0.7744 0.6327
vn -0.0000 0.8703 0.4925
vn 0.9969 0.0642 0.0456
vn 0.9969 0.0678 0.0398
vn 0.9969 0.0640 0.0455
vn 0.9969 0.0599 0.0510
vn 0.9723 0.1780 0.1514
vn 0.9723 0.1779 0.1513
vn 0.9723 0.1904 0.1353
vn 0.9237 0.2918 0.2482
vn 0.9237 0.2918 0.2483
vn 0.9237 0.3123 0.2218
vn 0.9723 0.1906 0.1354
vn 0.9238 0.3121 0.2217
vn 0.9238 0.3302 0.1937
vn 0.9723 0.2018 0.1183
vn 0.9724 0.2014 0.1181
vn 0.9237 0.3304 0.1938
vn 0.9237 0.3460 0.1643
vn 0.9724 0.2109 0.1001
vn 0.9723 0.2111 0.1002
vn 0.9723 0.2191 0.0814
vn 0.9724 0.2188 0.0814
vn 0.9237 0.3590 0.1335
vn 0.9237 0.3460 0.1642
vn 0.9236 0.3594 0.1336
vn 0.8525 0.4900 0.1821
vn 0.8525 0.4722 0.2241
vn 0.8526 0.4721 0.2241
vn 0.8525 0.4508 0.2644
vn 0.7603 0.5603 0.3286
vn 0.7600 0.5606 0.3288
vn 0.7600 0.5872 0.2786
vn 0.7603 0.5295 0.3762
vn 0.7602 0.5297 0.3763
vn 0.8524 0.4263 0.3028
vn 0.8524 0.4511 0.2645
vn 0.7601 0.4949 0.4211
vn 0.6490 0.5795 0.4930
vn 0.6492 0.5793 0.4929
vn 0.6492 0.6201 0.4405
vn 0.5221 0.6496 0.5527
vn 0.5217 0.6498 0.5528
vn 0.5217 0.6955 0.4940
vn 0.6488 0.6204 0.4407
vn 0.5221 0.6953 0.4940
vn 0.5221 0.7357 0.4315
vn 0.6487 0.6565 0.3850
vn 0.6491 0.6561 0.3849
vn 0.5218 0.7359 0.4316
vn 0.6492 0.6872 0.3261
vn 0.5218 0.7707 0.3658
vn 0.6494 0.6870 0.3261
vn 0.6494 0.7128 0.2650
vn 0.6493 0.7129 0.2650
vn 0.5223 0.7993 0.2971
vn 0.5223 0.7703 0.3657
vn 0.5220 0.7995 0.2972
vn 0.3823 0.8661 0.3219
vn 0.3824 0.8347 0.3962
vn 0.3826 0.8346 0.3962
vn 0.2330 0.8785 0.4171
vn 0.3826 0.7969 0.4674
vn 0.2335 0.8387 0.4920
vn 0.2329 0.8389 0.4920
vn 0.2326 0.7929 0.5632
vn 0.3823 0.7533 0.5351
vn 0.2335 0.7927 0.5632
vn 0.3823 0.7970 0.4675
vn 0.0793 0.8022 0.5918
vn 0.1509 0.8058 0.5726
vn 0.0792 0.7593 0.6459
vn 0.2326 0.7408 0.6302
vn 0.0778 0.7002 0.7097
vn 0.0779 0.7354 0.6731
vn 0.2338 0.7405 0.6301
vn 0.2336 0.6828 0.6922
vn 0.0784 0.7001 0.7097
vn 0.1309 0.7600 0.6366
vn -0.0000 0.7666 0.6421
vn -0.0000 0.7666 0.6422
vn -0.0000 0.7377 0.6752
vn -0.0793 0.7641 0.6401
vn -0.0000 0.7376 0.6752
vn -0.0779 0.7354 0.6731
vn -0.1219 0.7560 0.6431
vn -0.2337 0.7406 0.6300
vn -0.0793 0.8126 0.5774
vn -0.2326 0.7928 0.5633
vn -0.2327 0.7407 0.6303
vn -0.0786 0.8273 0.5563
vn -0.0785 0.8599 0.5043
vn -0.1996 0.7885 0.5817
vn -0.0784 0.8599 0.5043
vn -0.2334 0.8388 0.4919
vn -0.2335 0.7927 0.5631
vn -0.0000 0.9034 0.4288
vn -0.0785 0.9006 0.4275
vn -0.0000 0.8626 0.5059
vn -0.0000 0.8298 0.5580
vn 0.0785 0.8273 0.5563
vn 0.0784 0.8599 0.5043
vn 0.0786 0.9006 0.4275
vn 0.0784 0.9006 0.4275
vn 0.0777 0.9345 0.3474
vn 0.2000 0.9244 0.3247
vn 0.0786 0.9252 0.3712
vn 0.2329 0.9116 0.3387
vn 0.2328 0.8786 0.4170
vn 0.2341 0.9113 0.3388
vn 0.0776 0.9591 0.2721
vn 0.2342 0.9373 0.2582
vn 0.1220 0.9569 0.2634
vn 0.2329 0.9376 0.2581
vn -0.0000 0.9731 0.2303
vn 0.0782 0.9701 0.2296
vn -0.0000 0.9620 0.2729
vn -0.0782 0.9701 0.2296
vn -0.1314 0.9537 0.2705
vn -0.0777 0.9612 0.2646
vn -0.2342 0.9373 0.2580
vn -0.0785 0.9806 0.1798
vn -0.2329 0.9566 0.1754
vn -0.2329 0.9376 0.2583
vn -0.0782 0.9806 0.1799
vn -0.0000 0.9919 0.1270
vn -0.0785 0.9888 0.1266
vn -0.0000 0.9836 0.1804
vn 0.0785 0.9888 0.1266
vn 0.0785 0.9806 0.1799
vn 0.1483 0.9855 0.0828
vn 0.2335 0.9681 0.0913
vn 0.0786 0.9925 0.0936
vn 0.2337 0.9680 0.0913
vn 0.2337 0.9564 0.1754
vn 0.0781 0.9806 0.1799
vn -0.0000 0.9998 0.0221
vn 0.0786 0.9967 0.0221
vn -0.0000 0.9965 0.0837
vn -0.1831 0.9829 0.0218
vn -0.0786 0.9934 0.0835
vn -0.0786 0.9969 0.0067
vn -0.0794 0.9936 -0.0801
vn -0.0783 0.9937 -0.0800
vn -0.2335 0.9723 0.0065
vn -0.0794 0.9966 -0.0212
vn -0.2326 0.9694 -0.0780
vn -0.2326 0.9726 0.0067
vn -0.0784 0.9890 -0.1251
vn -0.0954 0.9815 -0.1662
vn -0.2334 0.9587 -0.1623
vn -0.2333 0.9693 -0.0781
vn -0.0000 0.9855 -0.1695
vn -0.0788 0.9825 -0.1690
vn -0.0000 0.9921 -0.1255
vn -0.0000 0.9968 -0.0804
vn 0.0784 0.9937 -0.0801
vn 0.0784 0.9890 -0.1251
vn 0.0954 0.9815 -0.1662
vn 0.2337 0.9587 -0.1623
vn 0.2334 0.9692 -0.0780
vn 0.0794 0.9936 -0.0800
vn 0.2334 0.9587 -0.1624
vn 0.2336 0.9409 -0.2452
vn 0.3818 0.9113 -0.1543
vn 0.3817 0.8944 -0.2332
vn 0.3824 0.8942 -0.2330
vn 0.3824 0.8704 -0.3101
vn 0.2333 0.9410 -0.2453
vn 0.2333 0.9160 -0.3263
vn 0.3827 0.8703 -0.3100
vn 0.5219 0.8035 -0.2863
vn 0.5219 0.7755 -0.3552
vn 0.5218 0.7756 -0.3552
vn 0.3827 0.8399 -0.3847
vn 0.5221 0.8034 -0.2862
vn 0.6490 0.6917 -0.3168
vn 0.6494 0.7163 -0.2552
vn 0.6493 0.6915 -0.3166
vn 0.7600 0.5650 -0.3212
vn 0.7600 0.5909 -0.2706
vn 0.7602 0.5649 -0.3210
vn 0.6489 0.6615 -0.3760
vn 0.6490 0.6614 -0.3759
vn 0.6489 0.6262 -0.4322
vn 0.7599 0.5350 -0.3693
vn 0.7602 0.5348 -0.3690
vn 0.8525 0.4303 -0.2969
vn 0.8525 0.4027 -0.3333
vn 0.8525 0.4028 -0.3333
vn 0.7599 0.5008 -0.4144
vn 0.8525 0.3721 -0.3671
vn 0.8527 0.3719 -0.3669
vn 0.7601 0.4626 -0.4563
vn 0.7601 0.5006 -0.4142
vn 0.7600 0.4627 -0.4565
vn 0.6490 0.5416 -0.5342
vn 0.6490 0.5861 -0.4850
vn 0.6492 0.5860 -0.4849
vn 0.5222 0.7019 -0.4843
vn 0.6492 0.6260 -0.4320
vn 0.5222 0.6570 -0.5437
vn 0.5223 0.7019 -0.4843
vn 0.5220 0.6571 -0.5438
vn 0.3823 0.7605 -0.5249
vn 0.3823 0.7119 -0.5891
vn 0.3828 0.7604 -0.5246
vn 0.3828 0.8032 -0.4565
vn 0.2330 0.8455 -0.4805
vn 0.2331 0.8455 -0.4805
vn 0.2332 0.8004 -0.5523
vn 0.0779 0.8279 -0.5555
vn 0.1408 0.8148 -0.5623
vn 0.0779 0.8667 -0.4926
vn 0.2331 0.8004 -0.5523
vn 0.2335 0.7491 -0.6199
vn 0.0786 0.7681 -0.6355
vn 0.0786 0.8026 -0.5914
vn 0.2331 0.7492 -0.6200
vn 0.3823 0.6578 -0.6489
vn 0.3823 0.7119 -0.5892
vn 0.3825 0.6578 -0.6489
vn 0.2336 0.6922 -0.6828
vn 0.3825 0.5988 -0.7037
vn 0.2329 0.6923 -0.6830
vn 0.2330 0.6302 -0.7407
vn 0.3822 0.5988 -0.7038
vn 0.3823 0.5351 -0.7533
vn 0.5225 0.5526 -0.6494
vn 0.5225 0.4938 -0.6951
vn 0.5219 0.4940 -0.6954
vn 0.6492 0.3848 -0.6562
vn 0.6492 0.3848 -0.6561
vn 0.5219 0.4315 -0.7358
vn 0.6491 0.4406 -0.6201
vn 0.7600 0.3764 -0.5298
vn 0.7600 0.3288 -0.5606
vn 0.7599 0.3288 -0.5607
vn 0.6490 0.4406 -0.6202
vn 0.8524 0.2242 -0.4723
vn 0.8524 0.2645 -0.4510
vn 0.8524 0.2242 -0.4724
vn 0.7599 0.2787 -0.5872
vn 0.7599 0.2787 -0.5873
vn 0.7599 0.2265 -0.6093
vn 0.8524 0.1822 -0.4901
vn 0.8524 0.1822 -0.4902
vn 0.8524 0.1388 -0.5041
vn 0.9238 0.1334 -0.3589
vn 0.9238 0.1016 -0.3691
vn 0.9238 0.1016 -0.3693
vn 0.9238 0.0691 -0.3767
vn 0.9237 0.0691 -0.3767
vn 0.8525 0.0943 -0.5141
vn 0.8525 0.1388 -0.5040
vn 0.8526 0.0943 -0.5140
vn 0.7599 0.1172 -0.6394
vn 0.7599 0.1725 -0.6267
vn 0.7600 0.1725 -0.6265
vn 0.9238 0.0360 -0.3813
vn 0.9237 0.0360 -0.3814
vn 0.9723 0.0421 -0.2298
vn 0.9723 0.0219 -0.2326
vn 0.9723 0.0219 -0.2325
vn 0.9969 0.0142 -0.0774
vn 0.9969 0.0074 -0.0783
vn 0.9969 0.0074 -0.0784
vn 0.9969 0.0209 -0.0758
vn 0.9723 0.0620 -0.2252
vn 0.9723 0.0814 -0.2190
vn 0.9969 0.0274 -0.0737
vn 0.9969 0.0209 -0.0759
vn 0.9723 0.1002 -0.2111
vn 0.9238 0.1642 -0.3460
vn 0.9723 0.1002 -0.2110
vn 0.9723 0.1182 -0.2015
vn 0.9237 0.1937 -0.3304
vn 0.9239 0.1937 -0.3301
vn 0.8524 0.3029 -0.4263
vn 0.8525 0.3028 -0.4262
vn 0.8524 0.2645 -0.4511
vn 0.9238 0.2217 -0.3121
vn 0.8525 0.3387 -0.3982
vn 0.9238 0.2481 -0.2917
vn 0.9238 0.2218 -0.3121
vn 0.8527 0.3385 -0.3978
vn 0.9723 0.1514 -0.1780
vn 0.9723 0.1354 -0.1905
vn 0.9723 0.1353 -0.1906
vn 0.9237 0.2483 -0.2918
vn 0.9723 0.1663 -0.1640
vn 0.9723 0.1514 -0.1779
vn 0.9238 0.2727 -0.2689
vn 0.9237 0.2727 -0.2691
vn 0.9723 0.1663 -0.1641
vn 0.9723 0.1800 -0.1489
vn 0.9237 0.2951 -0.2442
vn 0.9238 0.2950 -0.2441
vn 0.9238 0.3151 -0.2174
vn 0.9237 0.3153 -0.2176
vn 0.9723 0.1922 -0.1327
vn 0.9237 0.3331 -0.1893
vn 0.8525 0.4544 -0.2583
vn 0.8524 0.4546 -0.2584
vn 0.8524 0.4304 -0.2970
vn 0.9238 0.3328 -0.1891
vn 0.9238 0.3480 -0.1595
vn 0.8525 0.4752 -0.2176
vn 0.8524 0.4754 -0.2178
vn 0.7600 0.6123 -0.2181
vn 0.8524 0.4926 -0.1755
vn 0.7598 0.5911 -0.2707
vn 0.7598 0.6124 -0.2182
vn 0.6494 0.7358 -0.1918
vn 0.6491 0.7361 -0.1919
vn 0.7600 0.6290 -0.1639
vn 0.6491 0.7166 -0.2553
vn 0.6494 0.7498 -0.1270
vn 0.7598 0.6410 -0.1085
vn 0.7598 0.6291 -0.1640
vn 0.6497 0.7495 -0.1269
vn 0.5215 0.8505 -0.0686
vn 0.5218 0.8503 -0.0685
vn 0.6498 0.7577 -0.0611
vn 0.5219 0.8410 -0.1424
vn 0.3823 0.9211 -0.0743
vn 0.3822 0.9111 -0.1542
vn 0.5223 0.8408 -0.1423
vn 0.3827 0.9209 -0.0742
vn 0.2326 0.9725 0.0065
vn 0.2325 0.9694 -0.0782
vn 0.3827 0.9238 0.0063
vn 0.2334 0.9724 0.0067
vn 0.5223 0.8528 0.0059
vn 0.6494 0.7604 0.0053
vn 0.5214 0.8533 0.0058
vn 0.6494 0.7580 -0.0612
vn 0.6492 0.7606 0.0052
vn 0.7601 0.6498 0.0045
vn 0.7601 0.6477 -0.0522
vn 0.7597 0.6481 -0.0523
vn 0.7599 0.6471 0.0610
vn 0.7600 0.6500 0.0044
vn 0.6491 0.7573 0.0714
vn 0.5219 0.8492 0.0801
vn 0.5219 0.8390 0.1538
vn 0.6491 0.7482 0.1372
vn 0.5224 0.8387 0.1539
vn 0.3827 0.8907 0.2453
vn 0.3827 0.9087 0.1666
vn 0.3817 0.8911 0.2453
vn 0.5223 0.8222 0.2263
vn 0.5220 0.8224 0.2263
vn 0.6492 0.7333 0.2018
vn 0.6492 0.7482 0.1372
vn 0.6493 0.7333 0.2018
vn 0.7601 0.6266 0.1724
vn 0.7601 0.6392 0.1173
vn 0.7600 0.6393 0.1173
vn 0.8525 0.5203 0.0491
vn 0.8525 0.5141 0.0943
vn 0.8523 0.5207 0.0491
vn 0.7600 0.6471 0.0610
vn 0.9238 0.3811 0.0360
vn 0.9238 0.3828 0.0026
vn 0.8524 0.5230 0.0035
vn 0.9236 0.3833 0.0026
vn 0.9723 0.2336 0.0016
vn 0.9723 0.2329 -0.0188
vn 0.9236 0.3820 -0.0308
vn 0.9723 0.2304 -0.0390
vn 0.9237 0.3819 -0.0308
vn 0.9237 0.3778 -0.0640
vn 0.9723 0.2303 -0.0390
vn 0.9723 0.2260 -0.0589
vn 0.9969 0.0761 -0.0198
vn 0.9969 0.0775 -0.0131
vn 0.9969 0.0761 -0.0199
vn 0.9969 0.0774 -0.0131
vn 0.9969 0.0784 -0.0063
vn 0.9969 0.0783 -0.0063
vn 0.9969 0.0786 0.0005
vn 0.9969 0.0787 0.0005
vn 0.9969 0.0783 0.0074
vn 0.9723 0.2326 0.0220
vn 0.9723 0.2326 0.0219
vn 0.9238 0.3812 0.0360
vn 0.9238 0.3766 0.0691
vn 0.9723 0.2298 0.0421
vn 0.9236 0.3770 0.0691
vn 0.8525 0.5040 0.1388
vn 0.9236 0.3695 0.1017
vn 0.8524 0.5143 0.0943
vn 0.8524 0.5041 0.1388
vn 0.8525 0.4901 0.1821
vn 0.7599 0.6094 0.2264
vn 0.7603 0.6089 0.2264
vn 0.7603 0.6263 0.1724
vn 0.9236 0.3697 0.1018
vn 0.9724 0.2251 0.0620
vn 0.9724 0.2297 0.0421
vn 0.9969 0.0773 0.0142
vn 0.9969 0.0774 0.0142
vn 0.9969 0.0758 0.0209
vn 0.9969 0.0737 0.0274
vn 0.9969 0.0711 0.0337
vn 0.9969 0.0710 0.0337
vn -0.0000 0.9847 0.1744
vn -0.0000 0.9410 0.3384
vn -0.0000 0.9847 0.1743
vn -0.0000 1.0000 0.0058
vn -0.0000 0.9865 -0.1635
vn -0.0000 0.9448 -0.3276
vn -0.0000 -0.9864 0.1641
vn -0.0000 -0.9864 0.1642
vn -0.0000 -0.9450 0.3271
vn -0.0000 -0.8754 0.4835
vn -0.0000 -0.9450 0.3272
vn -0.0000 0.9867 -0.1628
vn -0.0000 0.9447 -0.3278
vn -0.0000 1.0000 0.0057
vn -0.0000 0.8754 -0.4834
vn -0.0000 0.7826 -0.6225
vn -0.0000 0.7825 -0.6226
vn -0.0000 0.6638 -0.7479
vn -0.0000 0.5287 -0.8488
vn -0.0000 0.3785 -0.9256
vn -0.0000 -0.3780 0.9258
vn -0.0000 -0.2163 0.9763
vn -0.0000 -0.5285 0.8489
vn -0.0000 -0.6651 0.7467
vn -0.0000 -0.7821 0.6232
vn -0.0000 0.6650 -0.7469
vn -0.0000 0.7816 -0.6238
vn 0.9969 0.0560 -0.0553
vn 0.9969 0.0606 -0.0502
vn 0.9969 0.0606 -0.0501
vn 0.9969 0.0510 -0.0599
vn 0.9969 0.0560 -0.0552
vn 0.9969 0.0455 -0.0641
vn 0.9969 0.0509 -0.0599
vn 0.9969 0.0398 -0.0679
vn 0.9969 0.0456 -0.0641
vn 0.9969 0.0337 -0.0710
vn 0.9969 0.0398 -0.0678
vn 0.9969 0.0274 -0.0738
vn 0.9969 0.0337 -0.0711
vn -0.0000 0.3781 -0.9258
vn -0.0000 0.2162 -0.9764
vn -0.0000 0.5290 -0.8486
vn -0.0000 0.5291 -0.8486
vn 0.9969 0.0647 -0.0447
vn 0.9969 0.0648 -0.0447
vn 0.9723 0.2032 -0.1155
vn 0.9723 0.2031 -0.1154
vn 0.9969 0.0684 -0.0389
vn 0.9969 0.0683 -0.0389
vn 0.9969 0.0715 -0.0327
vn 0.9723 0.2125 -0.0973
vn 0.9723 0.2124 -0.0973
vn 0.9238 0.3606 -0.1284
vn 0.9238 0.3480 -0.1594
vn 0.9723 0.2201 -0.0784
vn 0.9238 0.3607 -0.1285
vn 0.9238 0.3705 -0.0965
vn 0.8524 0.5060 -0.1319
vn 0.8526 0.5057 -0.1318
vn 0.8526 0.5153 -0.0872
vn 0.9237 0.3778 -0.0639
vn 0.9237 0.3707 -0.0966
vn 0.9723 0.2261 -0.0589
vn 0.9969 0.0741 -0.0264
vn 0.9969 0.0715 -0.0328
vn -0.0000 0.8757 -0.4829
vn -0.0000 0.0482 -0.9988
vn -0.0000 -0.0480 0.9988
vn -0.0000 0.1214 0.9926
vn -0.0000 0.1213 0.9926
vn -0.0000 0.0476 -0.9989
vn -0.0000 -0.1208 -0.9927
vn -0.0000 -0.2870 -0.9579
vn -0.0000 -0.4455 -0.8953
vn -0.0000 -0.4454 -0.8953
vn -0.0000 -0.5902 -0.8072
vn -0.0000 -0.5903 -0.8072
vn -0.0000 -0.7178 -0.6963
vn -0.0000 0.7178 0.6963
vn -0.0000 0.8254 0.5646
vn -0.0000 0.9092 0.4164
vn -0.0000 -0.9088 -0.4173
vn -0.0000 -0.8256 -0.5643
vn -0.0000 -0.9662 -0.2577
vn -0.0000 0.9661 0.2581
vn -0.0000 0.9959 0.0902
vn -0.0000 0.5899 0.8075
vn -0.0000 0.4457 0.8952
vn -0.0000 0.5898 0.8076
vn -0.0000 0.2874 0.9578
vn -0.0000 0.2163 -0.9763
vn -0.0000 0.0475 -0.9989
vn -0.0000 0.2165 -0.9763
vn 0.8526 0.5209 -0.0420
vn 0.8526 0.5225 0.0036
vn 0.5223 0.8490 0.0801
vn 0.3822 0.9200 0.0868
vn 0.3823 0.9089 0.1666
vn 0.7597 0.6411 -0.1085
vn 0.3822 0.9240 0.0063
vn 0.5223 0.8252 -0.2151
vn 0.9723 0.1182 -0.2016
vn 0.7600 0.4211 -0.4950
vn 0.7599 0.4212 -0.4951
vn 0.7601 0.2264 -0.6091
vn 0.6490 0.4930 -0.5795
vn 0.6490 0.4929 -0.5795
vn 0.6490 0.5416 -0.5343
vn 0.5221 0.6072 -0.5990
vn 0.5220 0.6072 -0.5990
vn 0.5221 0.5527 -0.6496
vn 0.6492 0.3261 -0.6872
vn -0.0000 0.7704 -0.6375
vn 0.0784 0.7681 -0.6355
vn -0.0000 0.8051 -0.5932
vn -0.0786 0.7681 -0.6355
vn -0.0786 0.8026 -0.5913
vn -0.0785 0.7681 -0.6355
vn -0.0779 0.8205 -0.5663
vn -0.2331 0.8004 -0.5523
vn -0.2330 0.7492 -0.6199
vn -0.2331 0.8004 -0.5524
vn -0.1666 0.8187 -0.5494
vn -0.0000 0.8304 -0.5572
vn -0.0000 0.8629 -0.5053
vn -0.0779 0.8603 -0.5038
vn -0.0000 0.8843 -0.4669
vn -0.0779 0.8816 -0.4655
vn -0.1404 0.8608 -0.4892
vn -0.0779 0.9064 -0.4151
vn -0.2333 0.8841 -0.4049
vn -0.2331 0.8454 -0.4805
vn -0.2330 0.8842 -0.4049
vn -0.2332 0.9160 -0.3263
vn -0.3827 0.8400 -0.3847
vn -0.3823 0.8704 -0.3101
vn -0.3827 0.8703 -0.3101
vn -0.5220 0.8035 -0.2863
vn -0.3824 0.8941 -0.2331
vn -0.5222 0.8253 -0.2152
vn -0.5220 0.8254 -0.2152
vn -0.3817 0.8944 -0.2331
vn -0.3817 0.9113 -0.1543
vn -0.5218 0.8411 -0.1424
vn -0.5222 0.8409 -0.1424
vn -0.3823 0.9111 -0.1543
vn -0.3822 0.9211 -0.0742
vn -0.5213 0.8506 -0.0685
vn -0.5217 0.8504 -0.0686
vn -0.2333 0.9410 -0.2452
vn -0.2336 0.9409 -0.2452
vn -0.2336 0.9587 -0.1624
vn -0.0781 0.9593 -0.2712
vn -0.0780 0.9391 -0.3346
vn -0.1524 0.9564 -0.2493
vn -0.2333 0.9160 -0.3263
vn -0.0000 0.9623 -0.2721
vn -0.0000 0.9732 -0.2300
vn -0.0789 0.9702 -0.2293
vn 0.0789 0.9702 -0.2293
vn 0.0788 0.9825 -0.1690
vn 0.0781 0.9593 -0.2712
vn 0.1524 0.9564 -0.2493
vn -0.0000 0.9437 -0.3307
vn 0.0781 0.9409 -0.3297
vn -0.0000 0.9283 -0.3719
vn -0.0782 0.9254 -0.3708
vn -0.1138 0.9376 -0.3286
vn -0.0000 0.9092 -0.4164
vn -0.0781 0.9064 -0.4152
vn 0.0779 0.9064 -0.4152
vn 0.0782 0.9254 -0.3708
vn 0.0780 0.9064 -0.4151
vn 0.1094 0.9364 -0.3336
vn 0.2332 0.9160 -0.3263
vn 0.2333 0.8841 -0.4049
vn 0.2330 0.8842 -0.4049
vn -0.3830 0.8398 -0.3847
vn -0.5218 0.7756 -0.3553
vn -0.5218 0.8036 -0.2863
vn -0.3827 0.8032 -0.4565
vn -0.3831 0.8031 -0.4564
vn -0.5217 0.7417 -0.4215
vn -0.5216 0.7757 -0.3553
vn -0.5220 0.7415 -0.4215
vn -0.6489 0.6615 -0.3760
vn -0.6494 0.6914 -0.3167
vn -0.6489 0.6918 -0.3167
vn -0.6490 0.6614 -0.3760
vn -0.7600 0.5650 -0.3212
vn -0.7598 0.5911 -0.2707
vn -0.7600 0.5909 -0.2706
vn -0.5221 0.7020 -0.4844
vn -0.5220 0.7020 -0.4844
vn -0.6489 0.6262 -0.4321
vn -0.3823 0.7119 -0.5891
vn -0.5221 0.6571 -0.5438
vn -0.3823 0.7606 -0.5248
vn -0.2336 0.7491 -0.6199
vn -0.3823 0.6578 -0.6489
vn -0.2329 0.6923 -0.6829
vn -0.2335 0.6922 -0.6829
vn -0.1526 0.6404 -0.7527
vn -0.0790 0.6613 -0.7459
vn -0.2329 0.6302 -0.7407
vn -0.1098 0.7076 -0.6981
vn -0.0790 0.7061 -0.7037
vn -0.0000 0.7083 -0.7059
vn -0.0000 0.7385 -0.6743
vn -0.0000 0.7384 -0.6743
vn -0.0785 0.7362 -0.6722
vn 0.1138 0.7037 -0.7014
vn 0.0785 0.7363 -0.6721
vn -0.0000 0.6634 -0.7483
vn 0.0790 0.6613 -0.7459
vn 0.0789 0.7096 -0.7001
vn -0.0000 0.6303 -0.7763
vn -0.0785 0.6284 -0.7739
vn -0.3828 0.7604 -0.5247
vn -0.2330 0.8455 -0.4805
vn 0.0779 0.8816 -0.4654
vn 0.1659 0.8510 -0.4983
vn 0.3831 0.8031 -0.4564
vn 0.3831 0.8398 -0.3846
vn 0.5222 0.7415 -0.4213
vn 0.5218 0.7416 -0.4215
vn 0.5222 0.8252 -0.2151
vn 0.0794 0.9966 -0.0212
vn 0.1468 0.9891 0.0066
vn -0.0000 0.9998 -0.0212
vn -0.3827 0.9209 -0.0742
vn -0.1321 0.9869 0.0931
vn -0.2338 0.9680 0.0913
vn -0.2334 0.9681 0.0914
vn 0.2329 0.9566 0.1753
vn -0.2338 0.9564 0.1753
vn -0.2341 0.9113 0.3386
vn -0.2328 0.9116 0.3389
vn -0.0777 0.9406 0.3305
vn -0.1505 0.9266 0.3445
vn -0.0786 0.9252 0.3712
vn -0.2329 0.8785 0.4170
vn -0.2328 0.8786 0.4170
vn -0.0000 0.9435 0.3315
vn -0.0000 0.9281 0.3723
vn 0.3818 0.8664 0.3219
vn -0.2330 0.8388 0.4920
vn -0.0000 0.8047 0.5936
vn -0.0778 0.7001 0.7098
vn -0.2330 0.6829 0.6923
vn -0.2337 0.6829 0.6921
vn -0.0780 0.6356 0.7681
vn -0.2330 0.6200 0.7492
vn -0.0784 0.7002 0.7097
vn -0.2331 0.6200 0.7492
vn -0.0786 0.6608 0.7464
vn -0.1487 0.6225 0.7683
vn -0.0000 0.6295 0.7770
vn -0.0000 0.5806 0.8142
vn -0.0781 0.5788 0.8117
vn -0.0000 0.5447 0.8386
vn -0.0787 0.5431 0.8360
vn -0.1461 0.5619 0.8142
vn -0.2336 0.5523 0.8002
vn -0.2336 0.4804 0.8454
vn -0.0786 0.4925 0.8667
vn -0.0783 0.4925 0.8668
vn -0.0948 0.4146 0.9051
vn -0.2336 0.4050 0.8840
vn -0.0784 0.4518 0.8887
vn -0.2335 0.4050 0.8840
vn -0.0000 0.4532 0.8914
vn -0.0000 0.4141 0.9102
vn -0.0781 0.4129 0.9074
vn -0.0000 0.3573 0.9340
vn -0.0782 0.3562 0.9311
vn -0.0000 0.3162 0.9487
vn -0.0783 0.3152 0.9458
vn -0.1524 0.3317 0.9310
vn 0.0782 0.3562 0.9311
vn 0.0782 0.3152 0.9458
vn 0.1523 0.3317 0.9310
vn 0.0781 0.4129 0.9074
vn 0.0948 0.4146 0.9051
vn 0.2336 0.3263 0.9160
vn 0.2335 0.4050 0.8840
vn 0.2336 0.4050 0.8840
vn 0.3818 0.3849 0.8403
vn 0.3818 0.4567 0.8035
vn 0.2336 0.4804 0.8454
vn 0.3821 0.4566 0.8035
vn 0.3821 0.5249 0.7605
vn 0.5220 0.4845 0.7020
vn 0.5222 0.4844 0.7019
vn 0.5222 0.4214 0.7415
vn 0.6491 0.4321 0.6261
vn 0.6490 0.3758 0.6614
vn 0.5225 0.4212 0.7413
vn 0.5224 0.3551 0.7752
vn 0.6492 0.3758 0.6613
vn 0.5223 0.3551 0.7753
vn 0.3822 0.3102 0.8705
vn 0.3827 0.3100 0.8703
vn 0.3822 0.3848 0.8401
vn 0.5223 0.2861 0.8033
vn 0.3827 0.2330 0.8940
vn 0.3822 0.2331 0.8942
vn 0.5219 0.2152 0.8254
vn 0.5220 0.2863 0.8035
vn 0.7601 0.3691 0.5348
vn 0.7599 0.3692 0.5350
vn 0.7600 0.3211 0.5651
vn 0.7601 0.4143 0.5006
vn 0.8524 0.2970 0.4303
vn 0.8524 0.3333 0.4028
vn 0.8523 0.3334 0.4029
vn 0.9237 0.2690 0.2727
vn 0.8523 0.3673 0.3723
vn 0.9238 0.2441 0.2950
vn 0.9238 0.2689 0.2726
vn 0.9237 0.2442 0.2951
vn 0.9723 0.1490 0.1801
vn 0.9723 0.1641 0.1663
vn 0.9723 0.1641 0.1664
vn 0.9969 0.0552 0.0561
vn 0.9969 0.0552 0.0559
vn 0.9969 0.0501 0.0606
vn 0.9723 0.1489 0.1799
vn 0.9969 0.0502 0.0606
vn 0.9969 0.0447 0.0648
vn 0.9969 0.0447 0.0647
vn 0.9723 0.1326 0.1922
vn 0.9724 0.1154 0.2030
vn 0.9969 0.0389 0.0684
vn 0.9723 0.1155 0.2032
vn 0.9969 0.0327 0.0715
vn 0.9723 0.0973 0.2124
vn 0.9723 0.0972 0.2124
vn 0.9969 0.0264 0.0741
vn 0.9724 0.0784 0.2200
vn 0.9723 0.0784 0.2202
vn 0.9969 0.0198 0.0761
vn 0.9723 0.0589 0.2261
vn 0.9723 0.0589 0.2260
vn -0.0000 0.6566 0.7543
vn 0.9723 0.1327 0.1922
vn 0.9969 0.0598 0.0509
vn 0.9237 0.2176 0.3152
vn 0.9237 0.2176 0.3153
vn 0.8526 0.3670 0.3721
vn 0.7601 0.4563 0.4626
vn 0.8526 0.3980 0.3386
vn 0.8525 0.3981 0.3387
vn 0.7600 0.4950 0.4211
vn 0.7601 0.4564 0.4626
vn 0.6492 0.4849 0.5860
vn 0.6492 0.5341 0.5415
vn 0.6490 0.4850 0.5861
vn 0.5219 0.5438 0.6572
vn 0.5220 0.5438 0.6571
vn 0.6490 0.5343 0.5416
vn 0.5219 0.5990 0.6072
vn 0.5221 0.5990 0.6072
vn 0.3829 0.6487 0.6577
vn 0.3829 0.5890 0.7117
vn 0.3829 0.5889 0.7117
vn 0.2330 0.5524 0.8004
vn 0.2330 0.6200 0.7492
vn 0.2336 0.5522 0.8003
vn 0.3829 0.5247 0.7604
vn 0.1823 0.5708 0.8006
vn 0.0787 0.5430 0.8360
vn 0.0786 0.4925 0.8668
vn 0.0782 0.4925 0.8668
vn 0.0781 0.5663 0.8205
vn 0.2337 0.4804 0.8454
vn -0.0000 0.4940 0.8695
vn -0.0000 0.4533 0.8913
vn 0.0783 0.4521 0.8885
vn 0.0781 0.6276 0.7746
vn 0.1323 0.6319 0.7637
vn 0.2331 0.6200 0.7492
vn -0.0000 0.6628 0.7488
vn 0.0786 0.6608 0.7465
vn -0.0000 0.6629 0.7487
vn 0.3823 0.6490 0.6578
vn 0.2331 0.6830 0.6922
vn 0.2333 0.3264 0.9160
vn -0.2333 0.3263 0.9160
vn -0.2336 0.3263 0.9159
vn -0.0000 0.7023 0.7118
vn -0.2330 0.5523 0.8004
vn -0.0000 0.7023 0.7119
vn 0.3823 0.7038 0.5988
vn 0.3827 0.7036 0.5987
vn 0.3828 0.7531 0.5351
vn 0.7599 0.5873 0.2787
vn 0.8525 0.4261 0.3027
vn 0.9969 0.0679 0.0398
vn -0.0000 0.0047 -1.0000
vn -0.0000 0.0049 -1.0000
vn -0.0000 0.4549 -0.8905
vn 0.9969 -0.0786 -0.0005
vn 0.8525 -0.5141 -0.0943
vn 0.9238 -0.3766 -0.0691
vn 0.8524 -0.5143 -0.0943
vn 0.8524 -0.5041 -0.1388
vn 0.7603 -0.6263 -0.1724
vn 0.7600 -0.6266 -0.1725
vn 0.7601 -0.6392 -0.1173
vn 0.6489 -0.7336 -0.2019
vn 0.6492 -0.7333 -0.2019
vn 0.6492 -0.7482 -0.1372
vn 0.7600 -0.6392 -0.1173
vn 0.9969 -0.0606 0.0502
vn 0.9969 -0.0560 0.0552
vn 0.9969 -0.0606 0.0501
vn 0.9723 -0.1513 0.1779
vn 0.9238 -0.2218 0.3121
vn 0.9238 -0.2481 0.2916
vn 0.9237 -0.2483 0.2918
vn 0.8525 -0.3721 0.3671
vn 0.8526 -0.3387 0.3980
vn 0.9237 -0.2728 0.2691
vn 0.6490 -0.6614 0.3759
vn 0.6490 -0.6614 0.3760
vn 0.8525 -0.2242 0.4722
vn 0.9237 0.0967 0.3708
vn 0.9237 0.0639 0.3778
vn 0.8526 0.0872 0.5152
vn 0.8526 0.0420 0.5209
vn 0.7600 -0.0044 0.6499
vn 0.5225 -0.2971 0.7992
vn 0.3823 0.1543 0.9111
vn 0.0786 -0.1849 0.9796
vn 0.0787 -0.2448 0.9664
vn 0.1529 -0.2623 0.9528
vn -0.0000 -0.2455 0.9694
vn -0.0000 -0.2875 0.9578
vn 0.0789 -0.2867 0.9548
vn -0.0000 -0.1855 0.9826
vn -0.0000 -0.1855 0.9827
vn -0.0786 -0.1413 0.9868
vn -0.1144 -0.1842 0.9762
vn -0.0785 -0.0937 0.9925
vn -0.0783 -0.0374 0.9962
vn -0.0782 -0.0937 0.9925
vn -0.2331 -0.0914 0.9682
vn -0.1401 -0.0067 0.9901
vn -0.2334 -0.0066 0.9723
vn -0.2334 -0.0914 0.9681
vn -0.0786 0.0059 0.9969
vn -0.2333 -0.0066 0.9724
vn -0.2333 0.0781 0.9693
vn -0.0786 0.0801 0.9937
vn -0.1660 0.0666 0.9839
vn -0.0000 0.1111 0.9938
vn -0.0784 0.1108 0.9907
vn -0.0000 0.1112 0.9938
vn -0.2333 0.2452 0.9410
vn -0.0000 -0.2876 0.9578
vn -0.0784 -0.4275 0.9006
vn -0.2330 -0.4170 0.8786
vn -0.2330 -0.4170 0.8785
vn -0.0782 -0.4275 0.9006
vn -0.0783 -0.5043 0.8600
vn -0.2332 -0.4919 0.8388
vn -0.0783 -0.4798 0.8739
vn -0.2329 -0.4920 0.8389
vn -0.1830 -0.5104 0.8403
vn -0.0000 -0.5191 0.8547
vn -0.0000 -0.5707 0.8212
vn -0.0783 -0.5689 0.8186
vn -0.0000 -0.6062 0.7953
vn -0.0784 -0.6043 0.7929
vn -0.1326 -0.5740 0.8080
vn -0.0784 -0.6460 0.7593
vn -0.2332 -0.6301 0.7406
vn -0.2332 -0.5632 0.7927
vn -0.0000 -0.6480 0.7616
vn -0.0781 -0.6461 0.7593
vn -0.0000 -0.4812 0.8766
vn -0.0000 -0.4288 0.9034
vn -0.2333 -0.5632 0.7927
vn 0.0783 -0.4798 0.8739
vn 0.2334 -0.6922 0.6829
vn 0.0778 -0.7681 0.6356
vn 0.2334 -0.7492 0.6199
vn 0.2007 -0.7433 0.6382
vn -0.0000 -0.7866 0.6175
vn 0.0789 -0.7841 0.6156
vn -0.2332 -0.6923 0.6829
vn -0.0779 -0.8954 0.4384
vn -0.1998 -0.8980 0.3919
vn -0.0788 -0.9064 0.4150
vn -0.2326 -0.8843 0.4049
vn -0.2338 -0.8840 0.4049
vn -0.0000 -0.9165 0.4000
vn -0.0000 -0.9394 0.3429
vn -0.0789 -0.9364 0.3418
vn -0.0000 -0.9536 0.3012
vn -0.0789 -0.9506 0.3002
vn -0.1228 -0.9349 0.3331
vn -0.2326 -0.9162 0.3264
vn -0.0000 -0.8981 0.4397
vn 0.0779 -0.8954 0.4384
vn 0.0788 -0.9137 0.3987
vn 0.1508 -0.8988 0.4115
vn 0.2337 -0.8840 0.4048
vn 0.2337 -0.8453 0.4804
vn 0.1323 -0.9773 0.1656
vn -0.2326 -0.9411 0.2453
vn -0.1469 -0.9860 0.0794
vn -0.2325 -0.9695 0.0780
vn -0.2334 -0.9692 0.0781
vn -0.2326 -0.9726 -0.0067
vn -0.2335 -0.9723 -0.0065
vn -0.0787 -0.9956 0.0518
vn -0.0786 -0.9969 -0.0067
vn -0.0952 -0.9911 -0.0936
vn -0.2331 -0.9682 -0.0914
vn -0.0787 -0.9955 -0.0531
vn -0.2334 -0.9681 -0.0914
vn -0.0000 -0.9986 -0.0533
vn -0.0000 -0.9953 -0.0965
vn -0.0793 -0.9922 -0.0962
vn -0.0000 -0.9875 -0.1577
vn -0.0793 -0.9844 -0.1572
vn -0.0000 -0.9797 -0.2006
vn -0.0782 -0.9767 -0.2000
vn -0.1530 -0.9720 -0.1782
vn 0.0792 -0.9844 -0.1572
vn 0.0782 -0.9767 -0.2000
vn 0.1529 -0.9720 -0.1782
vn 0.0792 -0.9922 -0.0962
vn 0.0787 -0.9955 -0.0531
vn 0.0952 -0.9911 -0.0936
vn -0.0000 -1.0000 -0.0067
vn -0.2329 -0.9566 -0.1753
vn -0.2330 -0.9565 -0.1753
vn -0.0000 -0.9986 0.0520
vn 0.5219 -0.8503 0.0685
vn 0.2330 -0.9565 -0.1753
vn 0.2329 -0.9566 -0.1753
vn 0.3823 -0.9089 -0.1666
vn 0.6489 -0.7132 -0.2650
vn -0.0000 -0.9655 -0.2604
vn -0.2329 -0.9376 -0.2582
vn -0.8526 0.4301 -0.2968
vn -0.9236 0.3156 -0.2178
vn -0.9236 0.3333 -0.1894
vn -0.8526 0.4026 -0.3331
vn -0.8527 0.4025 -0.3331
vn -0.9237 0.2952 -0.2443
vn -0.9237 0.3154 -0.2176
vn -0.8526 0.3720 -0.3669
vn -0.9236 0.2729 -0.2692
vn -0.9236 0.2954 -0.2444
vn -0.8529 0.3717 -0.3667
vn -0.8526 0.3386 -0.3980
vn -0.8529 0.3383 -0.3977
vn -0.9236 0.2485 -0.2920
vn -0.9236 0.2730 -0.2693
vn -0.8525 0.3027 -0.4261
vn -0.8526 0.3026 -0.4260
vn -0.9237 0.2220 -0.3124
vn -0.9237 0.2483 -0.2919
vn -0.8526 0.2643 -0.4508
vn -0.8525 0.2644 -0.4509
vn -0.9237 0.1938 -0.3305
vn -0.9237 0.2219 -0.3123
vn -0.8526 0.2241 -0.4721
vn -0.9236 0.1644 -0.3464
vn -0.9236 0.1940 -0.3307
vn -0.8526 0.1821 -0.4899
vn -0.9236 0.1335 -0.3592
vn -0.9236 0.1643 -0.3462
vn -0.8527 0.1387 -0.5037
vn -0.8526 0.1387 -0.5038
vn -0.9236 0.1017 -0.3696
vn -0.9236 0.1335 -0.3593
vn -0.8527 0.0942 -0.5138
vn -0.8527 0.0942 -0.5139
vn -0.9236 0.0691 -0.3770
vn -0.8527 0.0491 -0.5200
vn -0.9236 0.0360 -0.3816
vn -0.8527 0.0491 -0.5201
vn -0.7601 0.0044 -0.6498
vn -0.7599 0.0044 -0.6500
vn -0.8527 0.0035 -0.5223
vn -0.7599 0.0611 -0.6471
vn -0.6492 0.0052 -0.7606
vn -0.6492 0.0714 -0.7572
vn -0.7600 0.0610 -0.6471
vn -0.6491 0.0715 -0.7573
vn -0.6492 0.1372 -0.7482
vn -0.7599 0.1172 -0.6394
vn -0.7600 0.1172 -0.6393
vn -0.6491 0.2019 -0.7334
vn -0.7600 0.1725 -0.6266
vn -0.7599 0.1725 -0.6267
vn -0.6492 0.2019 -0.7334
vn -0.6492 0.2651 -0.7130
vn -0.7599 0.2265 -0.6093
vn -0.7601 0.2264 -0.6091
vn -0.6492 0.2650 -0.7129
vn -0.6493 0.3261 -0.6871
vn -0.7599 0.2787 -0.5873
vn -0.6492 0.3261 -0.6871
vn -0.6492 0.3848 -0.6561
vn -0.7600 0.3288 -0.5606
vn -0.7599 0.3289 -0.5607
vn -0.6492 0.4405 -0.6201
vn -0.7600 0.3764 -0.5298
vn -0.7601 0.3764 -0.5298
vn -0.6490 0.4406 -0.6202
vn -0.6490 0.4929 -0.5795
vn -0.7599 0.4212 -0.4951
vn -0.7600 0.4211 -0.4951
vn -0.6490 0.4930 -0.5795
vn -0.7601 0.4626 -0.4563
vn -0.7599 0.4628 -0.4564
vn -0.5218 0.4941 -0.6954
vn -0.5223 0.4938 -0.6952
vn -0.5224 0.5525 -0.6495
vn -0.3825 0.4675 -0.7970
vn -0.3827 0.4674 -0.7969
vn -0.5218 0.4316 -0.7358
vn -0.3827 0.5350 -0.7532
vn -0.3825 0.3962 -0.8347
vn -0.5221 0.3657 -0.7705
vn -0.5221 0.4314 -0.7357
vn -0.3826 0.3219 -0.8660
vn -0.3825 0.3219 -0.8661
vn -0.5221 0.2972 -0.7995
vn -0.3824 0.2453 -0.8908
vn -0.3826 0.2452 -0.8908
vn -0.5218 0.2264 -0.8225
vn -0.5218 0.2972 -0.7996
vn -0.3822 0.1667 -0.9089
vn -0.3824 0.1666 -0.9088
vn -0.5219 0.1539 -0.8390
vn -0.5219 0.2264 -0.8224
vn -0.3822 0.0868 -0.9200
vn -0.5221 0.0801 -0.8491
vn -0.5221 0.1538 -0.8389
vn -0.3826 0.0868 -0.9198
vn -0.3823 0.0063 -0.9240
vn -0.3826 0.0063 -0.9239
vn -0.5218 0.0058 -0.8531
vn -0.5218 0.0802 -0.8493
vn -0.3826 -0.0742 -0.9209
vn -0.3824 -0.0742 -0.9210
vn -0.5218 -0.0685 -0.8503
vn -0.5218 0.0058 -0.8530
vn -0.3826 -0.1542 -0.9109
vn -0.5220 -0.1424 -0.8410
vn -0.5220 -0.0686 -0.8502
vn -0.6491 -0.1270 -0.7501
vn -0.6492 -0.0611 -0.7582
vn -0.6491 -0.0611 -0.7582
vn -0.3828 -0.2330 -0.8939
vn -0.3825 -0.2330 -0.8941
vn -0.5220 -0.2151 -0.8254
vn -0.2330 -0.1623 -0.9588
vn -0.2327 -0.1623 -0.9589
vn -0.2327 -0.0781 -0.9694
vn -0.0788 -0.1411 -0.9868
vn -0.1508 -0.1650 -0.9747
vn -0.0787 -0.0801 -0.9937
vn -0.2333 -0.0782 -0.9693
vn -0.0786 0.0068 -0.9969
vn -0.2331 0.0067 -0.9724
vn -0.0786 -0.0801 -0.9937
vn -0.2333 0.0066 -0.9724
vn -0.0000 0.0068 -1.0000
vn -0.0000 0.0683 -0.9977
vn -0.0000 0.0684 -0.9977
vn -0.0787 0.0681 -0.9946
vn -0.2001 0.1096 -0.9736
vn -0.0786 0.0937 -0.9925
vn -0.2330 0.0914 -0.9682
vn -0.1218 0.1790 -0.9763
vn -0.2331 0.1754 -0.9565
vn -0.2330 0.1754 -0.9565
vn -0.0787 0.1723 -0.9819
vn -0.0786 0.2645 -0.9612
vn -0.0787 0.2146 -0.9735
vn -0.2331 0.2581 -0.9376
vn -0.2330 0.2581 -0.9376
vn -0.0784 0.3474 -0.9344
vn -0.2330 0.3389 -0.9115
vn -0.0784 0.2646 -0.9612
vn -0.2331 0.3388 -0.9115
vn -0.0785 0.3160 -0.9455
vn -0.1485 0.3541 -0.9234
vn -0.0000 0.3580 -0.9337
vn -0.0000 0.4148 -0.9099
vn -0.0784 0.4135 -0.9071
vn -0.0000 0.4542 -0.8909
vn -0.0780 0.4528 -0.8882
vn -0.1463 0.4241 -0.8937
vn 0.0780 0.4528 -0.8882
vn -0.0000 0.5059 -0.8626
vn 0.0779 0.5043 -0.8600
vn 0.2332 0.4170 -0.8785
vn 0.2330 0.4169 -0.8786
vn 0.1825 0.4079 -0.8946
vn 0.2333 0.4920 -0.8388
vn 0.0783 0.5044 -0.8599
vn 0.0784 0.4274 -0.9006
vn 0.0784 0.3569 -0.9308
vn -0.2332 0.4169 -0.8785
vn -0.2330 0.4170 -0.8785
vn -0.7601 -0.0522 -0.6477
vn -0.7601 0.5006 -0.4143
vn 0.0787 0.0681 -0.9946
vn 0.3824 0.1667 -0.9088
vn 0.8525 -0.5040 -0.1388
vn 0.9237 -0.3461 -0.1643
vn 0.6493 -0.3758 -0.6612
vn 0.6491 -0.3758 -0.6613
vn 0.5219 -0.4215 -0.7416
vn 0.5225 -0.4213 -0.7413
vn 0.3818 -0.4567 -0.8035
vn 0.3825 -0.4565 -0.8033
vn 0.3825 -0.5248 -0.7605
vn 0.3819 -0.3849 -0.8403
vn 0.2332 -0.4050 -0.8841
vn 0.2332 -0.4804 -0.8454
vn 0.2336 -0.4049 -0.8840
vn 0.0786 -0.4152 -0.9063
vn 0.1464 -0.4887 -0.8601
vn 0.2332 -0.4804 -0.8455
vn 0.0786 -0.4792 -0.8742
vn -0.0000 -0.5183 -0.8552
vn 0.0786 -0.5167 -0.8526
vn -0.0000 -0.4807 -0.8769
vn 0.2332 -0.5523 -0.8004
vn 0.3826 -0.5247 -0.7604
vn 0.3826 -0.5890 -0.7118
vn 0.3825 -0.5891 -0.7118
vn 0.3825 -0.6489 -0.6578
vn -0.0000 -0.6856 -0.7279
vn -0.0000 -0.6856 -0.7280
vn -0.2333 -0.5523 -0.8003
vn -0.7600 -0.1639 -0.6289
vn -0.9724 -0.0783 -0.2197
vn -0.9969 -0.0328 -0.0716
vn -0.9724 -0.1901 -0.1350
vn -0.9724 -0.2187 -0.0813
vn -0.9724 -0.2198 0.0783
vn -0.9969 -0.0456 0.0641
vn -0.9724 0.1153 0.2029
vn -0.9724 0.1777 0.1512
vn -0.9969 0.0782 0.0074
vn -0.9724 0.1181 -0.2013
vn -0.3829 -0.3100 -0.8702
vn -0.2336 -0.4050 -0.8840
vn -0.2336 -0.3263 -0.9159
vn -0.1317 -0.4129 -0.9012
vn -0.0782 -0.1841 -0.9798
vn -0.0000 -0.1847 -0.9828
vt 0.508077 0.552003
vt 0.499629 1.002723
vt 0.577846 0.996571
vt -1.432726 0.499629
vt 1.567268 0.577846
vt -1.432726 0.577846
vt 1.567268 0.499629
vt 0.499629 0.552723
vt 0.421413 0.996571
vt -1.432726 0.421413
vt 0.516286 0.549867
vt -1.432726 0.508077
vt 1.567268 0.508077
vt 1.567268 0.516286
vt -1.432726 0.516286
vt 0.654140 0.978248
vt 0.491176 0.552003
vt -1.432726 0.491176
vt 1.567268 0.491176
vt -1.432726 0.482973
vt 0.482973 0.549867
vt 0.345119 0.978248
vt 0.272634 0.948219
vt -1.432726 0.272634
vt 1.567268 0.345119
vt -1.432726 0.345119
vt 1.567268 0.421413
vt -1.432726 0.475240
vt 1.567268 0.482973
vt 1.567268 0.475240
vt 0.475240 0.546376
vt -1.432726 0.468221
vt 0.468221 0.541627
vt 0.205739 0.907240
vt 0.146071 0.856276
vt -1.432726 0.146071
vt 1.567268 0.205739
vt -1.432726 0.205739
vt 1.567268 0.272634
vt 1.567268 0.468221
vt -1.432726 0.462093
vt 1.567268 0.462093
vt 0.462093 0.535756
vt 0.095119 0.796608
vt 0.457051 0.528932
vt -1.432726 0.535756
vt 1.567268 0.535756
vt -1.432726 0.528932
vt 0.054128 0.729725
vt 0.453237 0.521363
vt 1.567268 0.528932
vt -1.432726 0.521363
vt 0.024098 0.657228
vt 1.567268 0.521363
vt -1.432726 0.513258
vt 0.450746 0.513258
vt 0.005782 0.580934
vt -1.432726 0.580934
vt 1.567268 0.657228
vt -1.432726 0.657228
vt 1.567268 0.729725
vt -1.432726 0.729725
vt 1.567268 0.796608
vt -1.432726 0.796608
vt 1.567268 0.856276
vt -1.432726 0.856276
vt 1.567268 0.146071
vt 1.567268 0.580934
vt 0.449678 0.504847
vt 1.567268 0.513258
vt -1.432726 0.504847
vt 1.567268 0.504847
vt 0.005782 0.424513
vt -0.000377 0.502723
vt 0.450032 0.496363
vt -1.432726 0.496363
vt 1.567268 0.496363
vt -1.432726 0.488087
vt 0.024098 0.348219
vt 0.451821 0.488087
vt 0.054128 0.275721
vt -1.432726 0.275721
vt 1.567268 0.348219
vt -1.432726 0.348219
vt 1.567268 0.424513
vt -1.432726 0.424513
vt 1.567268 0.502723
vt 1.567268 0.488087
vt -1.432726 0.480214
vt 1.567268 0.480214
vt 0.454982 0.480214
vt -1.432726 0.472987
vt 0.459426 0.472987
vt 0.095119 0.208827
vt 0.146071 0.149171
vt -1.432726 0.149171
vt 1.567268 0.208827
vt -1.432726 0.208827
vt 1.567268 0.275721
vt 1.567268 0.472987
vt 0.465029 0.466627
vt -1.432726 0.466627
vt 1.567268 0.466627
vt 0.205739 0.098207
vt -1.432726 0.465029
vt 1.567268 0.465029
vt -1.432726 0.471626
vt 0.471626 0.461293
vt 0.272634 0.057216
vt 1.567268 0.149171
vt 1.567268 0.471626
vt -1.432726 0.479030
vt 1.567268 0.479030
vt 0.479030 0.457167
vt 0.345119 0.027198
vt 0.487032 0.454335
vt -1.432726 0.487032
vt 0.421413 0.008876
vt 0.495387 0.452906
vt 1.567268 0.487032
vt -1.432726 0.495387
vt 1.567268 0.495387
vt 0.499629 0.452723
vt 0.499629 0.002723
vt -1.432726 0.503865
vt 1.567268 0.503865
vt 0.503865 0.452906
vt 0.577846 0.008876
vt 0.654140 0.027198
vt -1.432726 0.654140
vt 0.512227 0.454335
vt 0.726625 0.057216
vt -1.432726 0.726625
vt 1.567268 0.654140
vt -1.432726 0.512227
vt 1.567268 0.512227
vt -1.432726 0.520223
vt 0.520223 0.457167
vt 1.567268 0.520223
vt 0.527626 0.461293
vt -1.432726 0.527626
vt 1.567268 0.527626
vt 0.853182 0.149171
vt 0.793520 0.098207
vt 0.534224 0.466627
vt -1.432726 0.534224
vt -1.432726 0.853182
vt 1.567268 0.793520
vt -1.432726 0.793520
vt 1.567268 0.726625
vt 1.567268 0.853182
vt 0.539827 0.472987
vt 1.567268 0.534224
vt 0.945131 0.275721
vt 0.904134 0.208827
vt 0.544277 0.480214
vt 0.975154 0.348219
vt 0.547432 0.488087
vt 0.993471 0.424513
vt 0.549220 0.496363
vt 0.549587 0.504847
vt 0.999629 0.502723
vt 0.993471 0.580934
vt -1.432726 0.502723
vt 0.548506 0.513258
vt 0.975154 0.657228
vt 0.546022 0.521363
vt 0.945131 0.729725
vt 0.542208 0.528932
vt 0.537160 0.535756
vt 0.853182 0.856276
vt 0.904134 0.796608
vt 0.531038 0.541627
vt -1.432726 0.531038
vt 1.567268 0.537160
vt 1.567268 0.531038
vt -1.432726 0.537160
vt 0.793520 0.907240
vt -1.432726 0.524013
vt 0.726625 0.948219
vt 0.524013 0.546376
vt 1.567268 0.524013
vt -0.246827 0.457748
vt 0.739715 0.294259
vt -0.243238 0.500003
vt 0.500003 -2.250003
vt 0.500003 -2.500003
vt 0.457748 -2.250003
vt 0.542251 -2.500003
vt 0.756762 0.500003
vt -0.246827 0.542251
vt 0.542251 -2.250003
vt 0.500003 -0.750003
vt 0.705746 -2.250003
vt 0.396774 -0.745743
vt 0.739715 0.705746
vt 0.294259 -2.250003
vt 0.294259 -0.732962
vt 4.006768 0.294259
vt 0.752496 0.396774
vt 0.718517 0.193149
vt 4.006768 0.094125
vt 0.193149 -0.711759
vt 0.689037 0.094125
vt 4.006768 -0.094937
vt -0.094937 -0.599356
vt -0.150827 -0.851456
vt 0.094125 -0.682279
vt 0.057870 -0.933365
vt 0.094125 -2.250003
vt -0.002121 -0.644718
vt 0.651482 -0.002121
vt -0.094937 -2.250003
vt 0.606109 -0.094937
vt 0.553228 -0.183689
vt 4.006768 -0.267764
vt -0.183689 -0.546463
vt -0.267764 -0.486429
vt -0.344980 -0.739359
vt 0.493194 -0.267764
vt 4.006768 -0.419657
vt -0.520261 -0.599576
vt -0.419657 -0.346610
vt 4.006768 -0.520261
vt 0.606347 -0.520261
vt 0.679510 -0.435233
vt 0.527026 -0.599576
vt 4.006768 -0.344980
vt 4.006768 -0.435233
vt 0.527026 -0.520267
vt 4.006768 -0.599576
vt -0.672745 -0.435233
vt -0.799039 -0.250003
vt 4.006768 -0.250003
vt 0.351745 -0.344986
vt 0.441998 -0.435233
vt 0.256762 -2.500003
vt 0.256762 -0.250003
vt 0.157586 -0.150821
vt 0.054778 -2.500003
vt 0.054778 -0.048026
vt 4.006768 -0.048026
vt -0.546457 -0.183695
vt -0.896304 -0.048026
vt -0.644718 -0.002127
vt -0.962393 0.166207
vt 4.006768 0.166207
vt -0.051099 0.057858
vt -0.159455 -2.500003
vt -0.159455 0.166207
vt -0.269672 0.276437
vt -0.381135 -2.500003
vt -0.381135 0.387899
vt 4.006768 0.387899
vt -0.711746 0.193136
vt -0.995804 0.387899
vt -0.745731 0.396774
vt -0.995804 0.612094
vt 4.006768 0.612094
vt 4.006768 0.193136
vt -0.186378 0.193136
vt 4.006768 0.396774
vt 4.006768 -0.002127
vt 0.008886 -0.002127
vt -0.087360 0.094125
vt -0.287489 0.294247
vt -0.186378 -2.250003
vt -0.400019 0.268027
vt -0.186378 -0.711746
vt 0.008886 -0.644718
vt 0.008886 -2.250003
vt -0.440565 0.255612
vt -0.390009 -0.745731
vt -0.390009 -2.250003
vt -0.390009 0.396774
vt -0.482624 0.250223
vt -0.596461 -0.745731
vt -0.596461 -2.250003
vt -0.493232 0.499997
vt -0.440565 -2.250003
vt -0.440565 -2.500003
vt -0.482624 -2.250003
vt -0.482624 -2.500003
vt -0.524989 -2.250003
vt -0.524989 0.252023
vt -0.524989 -2.500003
vt -0.566444 -2.250003
vt -0.566444 0.260959
vt -0.800092 -0.711746
vt -0.995356 -0.644718
vt -0.800092 3.249997
vt -0.800092 -2.250003
vt -0.995356 3.249997
vt -0.995356 -2.250003
vt -1.176917 3.249997
vt -1.176917 -2.250003
vt -0.605787 0.276773
vt -1.176917 -0.546457
vt -0.566444 -2.500003
vt -0.605787 -2.250003
vt -0.605787 -2.500003
vt -0.641895 -2.250003
vt -0.641895 0.298996
vt -0.641895 -2.500003
vt -0.673725 -2.250003
vt -0.673725 0.327017
vt -1.339838 -0.419657
vt -1.479664 -0.267764
vt -1.339838 3.249997
vt -1.339838 -2.250003
vt -0.419657 3.249997
vt -0.419657 -2.250003
vt -0.267764 3.249997
vt -0.267764 -2.250003
vt -0.700361 0.360013
vt -1.592579 -0.094937
vt -0.094937 3.249997
vt 0.094125 3.249997
vt -0.721046 0.397024
vt -1.675507 0.094125
vt 0.360013 -2.250003
vt 0.360013 -2.500003
vt 0.397024 -2.250003
vt 0.397024 -2.500003
vt 0.437008 -2.250003
vt -0.735169 0.437008
vt 0.437008 -2.500003
vt 0.478799 -2.250003
vt -0.742335 0.478799
vt -1.726185 0.294259
vt -1.743232 0.500003
vt 0.294259 3.249997
vt 0.500003 3.249997
vt -0.742335 0.521206
vt -1.726185 0.705746
vt 0.705746 3.249997
vt 0.905874 3.249997
vt 0.905874 -2.250003
vt -1.675507 0.905874
vt 1.094937 3.249997
vt -0.735169 0.562991
vt 1.094937 -2.250003
vt -1.592579 1.094937
vt 0.521206 -2.250003
vt 0.521206 -2.500003
vt 0.562991 -2.250003
vt 0.562991 -2.500003
vt 0.602975 -2.250003
vt -0.721046 0.602975
vt 0.602975 -2.500003
vt 0.639999 -2.250003
vt -0.700361 0.639999
vt -1.479664 1.267764
vt -1.339838 1.419656
vt 1.267764 3.249997
vt 1.267764 -2.250003
vt 1.419656 3.249997
vt 1.419656 -2.250003
vt -0.673725 0.672989
vt -1.176917 1.546457
vt 0.639999 -2.500003
vt 0.672989 -2.250003
vt 0.672989 -2.500003
vt -0.673725 -2.500003
vt -0.641895 0.701004
vt -0.605787 0.723233
vt -0.995356 1.644717
vt -0.800092 1.711752
vt -0.566444 0.739041
vt -0.596461 1.745730
vt -0.596461 3.249997
vt -0.482624 0.749777
vt -0.390009 1.745730
vt -0.390009 3.249997
vt -0.524989 0.747976
vt -0.440565 3.499997
vt -0.482624 3.249997
vt -0.440565 3.249997
vt -0.482624 3.499997
vt -0.524989 3.249997
vt -0.440565 0.744388
vt -0.186378 1.711752
vt -0.400019 0.731973
vt -0.400019 3.499997
vt -0.400019 3.249997
vt 0.256762 1.799039
vt 0.054778 1.896316
vt -0.362159 0.712881
vt -0.362159 3.499997
vt -0.159455 1.962393
vt 0.054778 3.499997
vt 0.054778 1.048007
vt -0.159455 3.499997
vt 0.256762 1.249984
vt 0.157586 1.150814
vt 0.256762 3.499997
vt -0.051099 0.942135
vt 4.006768 1.048007
vt 4.006768 1.249984
vt 1.546457 1.183688
vt 1.896316 1.048007
vt 1.799039 1.249984
vt 4.006768 0.833786
vt 1.644717 1.002121
vt 1.962393 0.833786
vt 4.006768 1.183688
vt 0.190447 1.183688
vt 4.006768 1.002121
vt 4.006768 1.346603
vt 0.353368 1.346603
vt 1.419656 1.346603
vt 0.274535 1.267758
vt 0.101696 1.094931
vt 0.190447 3.249997
vt 0.008886 1.002121
vt 0.008886 3.249997
vt 4.006768 0.806857
vt -0.087360 0.905868
vt 1.711752 0.806857
vt 1.995804 0.612094
vt 1.745730 0.603219
vt -0.186378 0.806857
vt 4.006768 0.603219
vt -0.186378 3.249997
vt -0.287489 0.705734
vt -0.390009 0.603219
vt 1.745730 0.396774
vt 1.962393 0.166207
vt 1.995804 0.387899
vt 1.711752 0.193136
vt -0.381135 0.612094
vt 1.896316 -0.048026
vt 1.644717 -0.002127
vt 1.799039 -0.250003
vt 0.101696 -0.094938
vt 4.006768 -0.183695
vt 1.546457 -0.183695
vt 0.008886 1.644717
vt 0.190447 1.546457
vt 0.190447 -2.250003
vt 0.190447 -0.183695
vt 0.274535 -0.267777
vt 4.006768 -0.346610
vt 0.353368 -0.346610
vt 4.006768 1.419656
vt 0.353368 1.419656
vt 0.426421 1.346603
vt 0.353368 -2.250003
vt 0.426421 -0.419657
vt 4.006768 1.267764
vt 0.493194 1.267764
vt 1.267764 -0.486429
vt 1.346603 -0.419657
vt 0.553228 1.183688
vt 1.183688 -0.546463
vt 4.006768 1.094937
vt 1.094937 -0.599356
vt 0.606109 1.094937
vt 0.651482 1.002121
vt 1.002121 -0.644718
vt 4.006768 0.905874
vt 0.689037 0.905874
vt 0.905874 -0.682279
vt 0.806857 -0.711759
vt 0.718517 0.806857
vt 0.705746 -0.732962
vt 4.006768 0.705746
vt 0.752496 0.603226
vt 0.603226 -0.745743
vt 4.006768 0.500003
vt 0.276437 -0.983255
vt 0.500003 -1.000003
vt 0.723562 -0.983255
vt 1.006762 0.500003
vt 4.006768 0.723562
vt 4.006768 0.276437
vt 1.002575 0.387906
vt 0.276437 -2.500003
vt 0.387906 -0.995804
vt 0.990014 0.276437
vt 0.166220 -0.962394
vt 0.057870 -2.500003
vt 0.969158 0.166220
vt 4.006768 0.057870
vt 0.940124 0.057870
vt -0.150827 -2.500003
vt -0.048014 -0.896317
vt 0.903075 -0.048014
vt 4.006768 -0.150827
vt 0.858215 -0.150827
vt -0.250003 -0.799039
vt -0.344980 -2.500003
vt 0.805804 -0.250003
vt 0.746123 -0.344980
vt -0.520261 -2.500003
vt -0.435233 -0.672745
vt -0.298725 0.342947
vt -0.328065 0.312332
vt 0.441998 -0.672745
vt 0.441998 -2.500003
vt 0.606347 -2.500003
vt 0.606347 -0.599576
vt 0.312332 -2.250003
vt 0.342947 -2.500003
vt 0.312332 -2.500003
vt -0.328065 -2.250003
vt -0.328065 -2.500003
vt -0.362159 -2.250003
vt -0.362159 -2.500003
vt -0.362159 0.287118
vt -0.400019 -2.250003
vt -0.400019 -2.500003
vt 0.256762 -0.799039
vt 0.054778 -0.896304
vt 0.190447 -0.546457
vt 0.353368 -0.419657
vt 0.426421 -0.346604
vt -0.346604 -0.419657
vt -0.274982 0.378079
vt 0.378079 -2.250003
vt 0.378079 -2.500003
vt 0.342947 -2.250003
vt -0.257514 0.416720
vt 0.416720 -2.500003
vt 0.416720 -2.250003
vt 0.457748 -2.500003
vt 0.990014 0.723562
vt 0.723562 -2.500003
vt 0.612094 -0.995804
vt 1.002575 0.612094
vt 0.833786 -0.962394
vt 0.969158 0.833786
vt 4.006768 0.942135
vt 0.942135 -0.933365
vt 1.150827 -0.851456
vt 0.940124 0.942135
vt 4.006768 1.150827
vt 0.903075 1.048013
vt 0.858215 1.150827
vt 4.006768 1.344980
vt 1.344980 -0.739359
vt 0.746123 1.344980
vt 4.006768 1.520260
vt 0.805804 1.250003
vt 1.520260 -0.599576
vt 0.679510 1.435238
vt 0.606347 1.520260
vt 1.419656 -0.346610
vt 1.672751 -0.435233
vt 1.344980 -2.500003
vt 1.435238 -0.672745
vt 1.520260 -2.500003
vt -0.298725 0.657059
vt 0.441998 1.672751
vt -0.328065 0.687668
vt 0.657059 -2.250003
vt 0.687668 -2.500003
vt 0.657059 -2.500003
vt 0.621927 -2.250003
vt 0.621927 -2.500003
vt -0.274982 0.621927
vt 0.583285 -2.250003
vt 0.583285 -2.500003
vt -0.257514 0.583285
vt 1.150827 -2.500003
vt 1.048013 -0.896317
vt 0.942135 -2.500003
vt 1.250003 -0.799039
vt 0.687668 -2.250003
vt -0.381135 1.995804
vt -0.605329 1.995804
vt -0.605329 -2.500003
vt -0.605329 3.499997
vt -0.381135 3.499997
vt -0.827015 -2.500003
vt -0.827015 3.499997
vt -0.827015 1.962393
vt -1.041248 1.896316
vt -0.566444 3.499997
vt -0.566444 3.249997
vt -0.524989 3.499997
vt -0.605787 3.499997
vt -0.605787 3.249997
vt -0.641895 3.249997
vt -0.641895 3.499997
vt -0.673725 3.249997
vt -1.428468 1.672751
vt -1.243232 1.799039
vt -0.673725 3.499997
vt -1.592811 1.520260
vt 0.639999 3.499997
vt 0.639999 3.249997
vt 0.672989 3.499997
vt 0.672989 3.249997
vt 0.602975 3.249997
vt 0.602975 3.499997
vt 0.562991 3.249997
vt 0.562991 3.499997
vt 0.521206 3.249997
vt 0.521206 3.499997
vt 0.478799 3.249997
vt 0.478799 3.499997
vt 0.437008 3.249997
vt 0.437008 3.499997
vt 0.397024 3.249997
vt 0.397024 3.499997
vt 0.360013 3.249997
vt -1.926594 0.057870
vt -1.844685 -0.150827
vt 0.360013 3.499997
vt -0.150827 3.499997
vt 0.057870 3.499997
vt 0.276437 3.499997
vt -1.976478 0.276437
vt 0.500003 3.499997
vt -1.993232 0.500003
vt 0.723562 3.499997
vt -1.976478 0.723562
vt 0.942135 3.499997
vt -1.926594 0.942135
vt 1.150827 3.499997
vt -1.844685 1.150827
vt 1.344980 3.499997
vt -1.732594 1.344980
vt 1.520260 3.499997
vt -1.592811 -2.500003
vt -1.592811 3.499997
vt -1.428468 3.499997
vt -1.428468 -2.500003
vt -1.243232 3.499997
vt -1.243232 -2.500003
vt -1.041248 -2.500003
vt -1.041248 3.499997
vt 0.478799 -2.500003
vt -1.732594 -0.344980
vt -0.344980 3.499997
vt -1.592811 -0.520261
vt -1.428468 -0.672745
vt -0.520261 3.499997
vt -1.243232 -0.799039
vt -1.041248 -0.896304
vt -0.419657 1.346603
vt -0.672745 1.435226
vt -0.546457 1.183688
vt -0.799039 1.249984
vt -0.644718 1.002121
vt 0.353368 3.249997
vt 0.426421 1.419650
vt -0.267764 1.486422
vt -0.346604 1.419650
vt -0.344980 1.739352
vt -0.520261 1.599569
vt -0.150827 1.851449
vt -0.094937 1.599337
vt -0.183689 1.546457
vt -0.002121 1.644711
vt 0.094125 1.682272
vt 0.193149 1.711752
vt 0.294259 1.732943
vt 0.396774 1.745724
vt 0.500003 1.749997
vt 0.723562 1.983248
vt 0.500003 1.999997
vt 0.705746 1.732943
vt 0.276437 1.983248
vt 0.612094 1.995797
vt 0.833786 1.962387
vt 0.942135 1.933358
vt 0.905874 1.682272
vt 1.150827 1.851449
vt 1.094937 1.599337
vt 1.002121 1.644711
vt 0.806857 1.711752
vt 0.542251 3.249997
vt 0.542251 3.499997
vt 0.583285 3.249997
vt 0.457748 3.499997
vt 0.457748 3.249997
vt 0.603226 1.745724
vt 0.416720 3.499997
vt 0.416720 3.249997
vt 0.378079 3.499997
vt 0.378079 3.249997
vt 0.342947 3.499997
vt 0.342947 3.249997
vt 0.312332 3.499997
vt 0.312332 3.249997
vt -0.328065 3.249997
vt -0.362159 3.249997
vt -0.328065 3.499997
vt -0.159455 -0.962393
vt -0.159455 0.833786
vt -0.269672 0.723556
vt -0.381135 -0.995804
vt -0.605329 -0.995804
vt -0.827015 -0.962393
vt -0.745731 0.603219
vt -0.962393 0.833786
vt -0.711746 0.806857
vt -0.896304 1.048007
vt 0.351745 1.344980
vt 0.441998 1.435226
vt 0.441998 3.499997
vt 4.006768 1.435226
vt 0.527026 1.520248
vt 0.606347 3.499997
vt 0.606347 1.599569
vt -0.435233 1.672738
vt 4.006768 1.599569
vt -0.250003 1.799032
vt -0.048014 1.896310
vt 0.057870 1.933358
vt 0.166220 1.962387
vt 0.387906 1.995797
vt 0.583285 3.499997
vt 0.621927 3.249997
vt 0.621927 3.499997
vt 0.657059 3.499997
vt 0.657059 3.249997
vt 0.687668 3.249997
vt 1.183688 1.546457
vt 1.267764 1.486422
vt 1.346603 1.419650
vt 1.344980 1.739352
vt 1.520260 1.599569
vt 1.672751 1.435226
vt 1.435238 1.672738
vt 0.687668 3.499997
vt 1.250003 1.799032
vt 1.048013 1.896310
vt 0.327017 3.249997
vt 0.327017 3.499997
vt 0.327017 -2.250003
vt 0.327017 -2.500003
vt -1.532726 0.657423
vt -4.432733 0.657423
vt -1.532726 0.548732
vt -1.517083 0.657264
vt -4.432733 0.701881
vt -1.532726 0.701881
vt -1.517083 0.764686
vt -1.532726 0.764930
vt -1.501824 0.656813
vt -1.501824 0.763905
vt -1.517083 0.548683
vt -1.517083 0.439747
vt -1.532726 0.439686
vt -1.501824 0.548549
vt -1.487328 0.656068
vt -1.501824 0.439918
vt -1.487328 0.548317
vt -1.473949 0.655055
vt -1.473949 0.760926
vt -1.487328 0.762660
vt -1.487328 0.867250
vt -1.473949 0.864845
vt -1.473949 0.965992
vt -1.462017 0.861854
vt -1.462017 0.962172
vt -1.462017 1.058985
vt -1.473949 1.063624
vt -1.487328 0.969081
vt -1.487328 1.067372
vt -1.501824 0.971351
vt -1.501824 0.869032
vt -1.517083 0.870106
vt -1.532726 0.852015
vt -1.517083 0.972731
vt -1.532726 0.870460
vt -4.432733 0.870460
vt -4.432733 0.852015
vt -4.448370 0.870106
vt -4.432733 0.764930
vt -4.448370 0.764686
vt -4.463628 0.763905
vt -4.432733 0.973182
vt -4.448370 0.972731
vt -4.463628 0.869032
vt -1.532726 0.973182
vt -4.432733 0.996864
vt -1.532726 0.996864
vt -4.432733 1.072328
vt -1.532726 1.072328
vt -4.432733 1.134218
vt -4.448370 1.166481
vt -4.448370 1.071766
vt -4.432733 1.167140
vt -4.432733 1.256886
vt -4.448370 1.256153
vt -4.463628 1.070094
vt -4.463628 1.164540
vt -4.478124 1.067372
vt -4.463628 0.971351
vt -4.478124 0.969081
vt -4.491509 0.965992
vt -4.478124 0.867250
vt -4.491509 0.864845
vt -4.503442 0.861854
vt -4.491509 0.760926
vt -4.503442 0.758802
vt -0.667058 0.861854
vt -0.682255 0.756288
vt -0.693925 0.758802
vt -4.503442 0.653798
vt -0.699858 0.652321
vt -0.711699 0.653798
vt -0.686583 0.650660
vt -0.708330 0.547218
vt -0.694963 0.546717
vt -0.680479 0.546193
vt -0.694249 0.442445
vt -0.679771 0.443165
vt -0.664531 0.443946
vt -0.670091 0.340602
vt -0.654979 0.342701
vt -0.636638 0.242677
vt -0.621391 0.246156
vt -0.639488 0.344838
vt 0.499629 0.502723
vt -0.594768 0.149440
vt -0.559807 0.055397
vt -0.609648 0.144630
vt -0.651512 0.239271
vt -0.624168 0.139943
vt -0.574217 0.049305
vt -0.516789 -0.035228
vt -0.530620 -0.042553
vt -0.588273 0.043373
vt -0.466038 -0.121776
vt -0.544102 -0.049694
vt -0.479173 -0.130272
vt -0.407933 -0.203551
vt -0.342924 -0.279967
vt -0.420280 -0.213170
vt -0.354387 -0.290612
vt -0.491984 -0.138549
vt -0.432316 -0.222533
vt -0.271501 -0.350426
vt -0.281987 -0.362035
vt -0.365562 -0.301000
vt -0.292222 -0.373351
vt -0.203648 -0.426854
vt -0.194212 -0.414391
vt -0.111638 -0.471373
vt -0.024412 -0.520934
vt -0.119957 -0.484618
vt -0.212852 -0.439025
vt -0.128062 -0.497545
vt -0.031541 -0.534862
vt -0.038493 -0.548436
vt 0.060909 -0.577208
vt 0.066799 -0.562719
vt 0.161299 -0.596386
vt 0.258388 -0.621691
vt 0.156703 -0.611339
vt 0.255104 -0.636986
vt 0.055171 -0.591344
vt 0.152211 -0.625914
vt 0.357302 -0.638427
vt 0.251900 -0.651903
vt 0.355367 -0.653966
vt 0.457308 -0.646508
vt 0.557625 -0.645812
vt 0.456728 -0.662133
vt 0.353481 -0.669103
vt 0.456166 -0.677379
vt 0.558412 -0.661437
vt 0.248860 -0.666075
vt 0.351686 -0.683483
vt 0.246053 -0.679161
vt 0.350026 -0.696764
vt 0.455629 -0.691857
vt 0.455141 -0.705236
vt 0.559914 -0.691161
vt 0.559181 -0.676671
vt 0.661751 -0.666991
vt 0.659651 -0.651879
vt 0.657503 -0.636388
vt 0.759676 -0.633544
vt 0.756185 -0.618297
vt 0.852913 -0.591661
vt 0.946950 -0.556713
vt 0.857717 -0.606554
vt 0.763075 -0.648424
vt 0.862410 -0.621080
vt 0.953035 -0.571129
vt 1.037587 -0.513695
vt 1.044899 -0.527514
vt 0.958968 -0.585180
vt 1.124123 -0.462938
vt 1.132619 -0.476085
vt 1.052040 -0.541002
vt 1.205910 -0.404845
vt 1.215517 -0.417174
vt 1.140901 -0.488878
vt 1.224886 -0.429222
vt 1.292970 -0.351293
vt 1.282320 -0.339818
vt 1.352773 -0.268407
vt 1.416738 -0.191112
vt 1.364382 -0.278893
vt 1.303353 -0.362462
vt 1.375697 -0.289122
vt 1.429213 -0.200548
vt 1.473720 -0.108544
vt 1.486971 -0.116857
vt 1.441384 -0.209752
vt 1.523287 -0.021325
vt 1.499898 -0.124974
vt 1.537215 -0.028453
vt 1.565065 0.069899
vt 1.598732 0.164393
vt 1.579561 0.064015
vt 1.613686 0.159791
vt 1.550795 -0.035399
vt 1.593697 0.058265
vt 1.624043 0.261476
vt 1.639339 0.258204
vt 1.628267 0.155311
vt 1.654256 0.254994
vt 1.656313 0.358461
vt 1.640785 0.360402
vt 1.648848 0.460389
vt 1.648165 0.560719
vt 1.664485 0.459816
vt 1.671449 0.356569
vt 1.679732 0.459254
vt 1.663783 0.561500
vt 1.679024 0.562281
vt 1.638741 0.660609
vt 1.654231 0.662745
vt 1.620644 0.759291
vt 1.635890 0.762770
vt 1.669350 0.664845
vt 1.594020 0.856007
vt 1.608901 0.860817
vt 1.650771 0.766175
vt 1.559059 0.950050
vt 1.623427 0.865504
vt 1.573476 0.956141
vt 1.516042 1.040675
vt 1.465291 1.127211
vt 1.529872 1.047999
vt 1.587526 0.962062
vt 1.543355 1.055140
vt 1.478426 1.135707
vt 1.637221 0.869960
vt 1.600887 0.967701
vt 1.649953 0.874061
vt 1.613210 0.972914
vt 1.556172 1.061915
vt 1.567995 1.068165
vt 1.503414 1.151881
vt 1.491237 1.143995
vt 1.431575 1.227980
vt 1.419533 1.218605
vt 1.407186 1.208998
vt 1.353639 1.296058
vt 1.342177 1.285414
vt 1.270754 1.355873
vt 1.193465 1.419838
vt 1.281246 1.367482
vt 1.364815 1.306446
vt 1.291475 1.378798
vt 1.202901 1.432301
vt 1.110890 1.476820
vt 1.119210 1.490065
vt 1.212105 1.444471
vt 1.023665 1.526381
vt 1.030794 1.540309
vt 1.127315 1.502980
vt 0.932454 1.568153
vt 0.938344 1.582655
vt 1.037746 1.553883
vt 0.944081 1.596791
vt 0.842555 1.616786
vt 0.837953 1.601832
vt 0.740865 1.627125
vt 0.641951 1.643873
vt 0.744155 1.642433
vt 0.847041 1.631361
vt 0.747353 1.657350
vt 0.643886 1.659401
vt 0.541951 1.651954
vt 0.542525 1.667579
vt 0.645772 1.674549
vt 0.441628 1.651258
vt 0.543086 1.682826
vt 0.440840 1.666883
vt 0.341750 1.641822
vt 0.243068 1.623744
vt 0.339601 1.657325
vt 0.239583 1.638990
vt 0.440071 1.682118
vt 0.337508 1.672438
vt 0.146340 1.597108
vt 0.141536 1.612001
vt 0.236177 1.653859
vt 0.136855 1.626527
vt 0.046218 1.576576
vt 0.052303 1.562159
vt -0.038334 1.519142
vt -0.124864 1.468385
vt -0.045646 1.532960
vt 0.040285 1.590626
vt -0.052788 1.546449
vt -0.133366 1.481532
vt -0.141649 1.494325
vt -0.216264 1.422621
vt -0.206657 1.410292
vt -0.283067 1.345265
vt -0.353520 1.273854
vt -0.293712 1.356739
vt -0.365129 1.284340
vt -0.225633 1.434669
vt -0.304100 1.367909
vt -0.417485 1.196559
vt -0.376445 1.294569
vt -0.429960 1.205995
vt -0.474467 1.113990
vt -0.524034 1.026771
vt -0.487718 1.122303
vt -0.442131 1.215199
vt -0.500639 1.130409
vt -0.537956 1.033900
vt -0.387205 1.304286
vt -0.453685 1.223951
vt -0.397130 1.313258
vt -0.464354 1.232020
vt -0.512919 1.138124
vt -0.524254 1.145228
vt -0.564445 1.047450
vt -0.551543 1.040846
vt -0.594444 0.947181
vt -0.580302 0.941432
vt -0.565806 0.935548
vt -0.614433 0.845655
vt -0.599479 0.841041
vt -0.624785 0.743971
vt -0.641533 0.645045
vt -0.640080 0.747242
vt -0.629014 0.850135
vt -0.655003 0.750453
vt -0.657060 0.646974
vt -0.649595 0.545045
vt -0.665227 0.545631
vt -0.672197 0.648878
vt -0.648912 0.444728
vt -0.669176 0.753492
vt -0.655656 0.858339
vt -0.642869 0.854408
vt -0.620268 0.957679
vt -0.607872 0.952638
vt -0.576353 1.053553
vt -0.534361 1.151564
vt -0.586973 1.058985
vt -4.491509 1.156996
vt -4.503442 1.151564
vt -4.503442 1.058985
vt -4.491509 1.063624
vt -4.503442 0.962172
vt -0.631322 0.962172
vt -4.478124 1.161341
vt -4.463628 1.253944
vt -4.478124 1.250319
vt -4.463628 1.337623
vt -4.478124 1.333595
vt -4.491509 1.245375
vt -4.491509 1.328089
vt -0.413536 1.328089
vt -0.473875 1.239222
vt -0.481999 1.245375
vt -0.542991 1.156996
vt -0.405980 1.321266
vt -0.338133 1.404542
vt -0.331193 1.397084
vt -0.256340 1.474122
vt -0.250084 1.466090
vt -0.323070 1.388343
vt -0.242753 1.456666
vt -0.313969 1.378529
vt -0.234538 1.446107
vt -0.156792 1.517738
vt -0.149522 1.506508
vt -0.065825 1.571095
vt -0.059569 1.559266
vt 0.029439 1.616310
vt 0.034645 1.603981
vt 0.128285 1.653041
vt 0.132393 1.640309
vt 0.229952 1.681031
vt 0.232942 1.667994
vt 0.333681 1.700062
vt 0.335512 1.686805
vt 0.438667 1.709962
vt 0.439339 1.696608
vt 0.544112 1.710682
vt 0.543624 1.697303
vt 0.649227 1.702211
vt 0.647566 1.688929
vt 0.753200 1.684596
vt 0.750392 1.671522
vt 0.855245 1.658009
vt 0.851302 1.645228
vt 0.954579 1.622621
vt 0.949544 1.610231
vt 1.050453 1.578712
vt 1.044356 1.566798
vt 1.142134 1.526600
vt 1.135024 1.515272
vt 1.228926 1.466713
vt 1.220851 1.456044
vt 1.310170 1.399476
vt 1.301198 1.389552
vt 1.385243 1.325416
vt 1.375435 1.316310
vt 1.453572 1.245094
vt 1.443019 1.236891
vt 1.514650 1.159132
vt 1.578542 1.073756
vt 1.524666 1.165626
vt -4.491509 1.078529
vt -4.503442 1.073756
vt -4.503442 1.165626
vt -4.491509 1.171156
vt 1.533223 1.171156
vt 1.462990 1.252430
vt 1.471028 1.258693
vt 1.393984 1.333546
vt 1.401448 1.340480
vt 1.318166 1.408326
vt 1.325008 1.415895
vt 1.236128 1.476222
vt 1.242275 1.484352
vt 1.148476 1.536708
vt 1.153890 1.545338
vt -4.491509 1.153890
vt -4.503442 1.148476
vt -4.503442 1.055892
vt 1.055892 1.589332
vt -4.491509 1.060536
vt -4.503442 0.959065
vt 0.959065 1.633668
vt -4.491509 0.962905
vt -4.503442 0.858754
vt 0.858754 1.669410
vt -4.491509 0.861751
vt -4.503442 0.755702
vt 0.755702 1.696266
vt -4.491509 0.757839
vt -4.503442 0.650704
vt 0.650704 1.714039
vt -4.491509 0.651961
vt -4.503442 0.544551
vt 0.544551 1.722609
vt -4.491509 0.544930
vt -4.503442 0.438063
vt 0.438063 1.721876
vt -4.491509 0.437551
vt -4.503442 0.332039
vt 0.332039 1.711879
vt -4.491509 0.330647
vt -4.503442 0.227297
vt 0.227297 1.692665
vt -4.491509 0.225020
vt -4.503442 0.124623
vt 0.124623 1.664405
vt -4.491509 0.121492
vt -4.503442 0.024800
vt 0.024800 1.627296
vt -4.491509 0.020839
vt -4.503442 -0.071409
vt -0.071409 1.581642
vt -4.491509 -0.076176
vt -4.503442 -0.163267
vt -0.163267 1.527760
vt -4.491509 -0.168803
vt -0.168803 1.536317
vt -4.478124 -0.080009
vt -4.478124 -0.173253
vt -4.491509 -0.256340
vt -4.463628 -0.082823
vt -4.463628 -0.176512
vt -4.478124 -0.261381
vt -4.463628 -0.265068
vt -4.478124 -0.343712
vt -4.491509 -0.338133
vt -4.463628 -0.347795
vt -4.463628 1.414943
vt -4.478124 1.410548
vt -4.491509 1.404542
vt -4.448370 -0.267314
vt -4.448370 -0.350291
vt -4.448370 1.417628
vt -4.432733 -0.392515
vt -4.432733 -0.351127
vt -4.448370 1.340077
vt -4.432733 1.378273
vt -4.432733 1.340907
vt -4.432733 1.262001
vt -1.532726 1.262001
vt -1.532726 1.256886
vt -1.532726 1.167140
vt -1.517083 1.256153
vt -1.517083 1.166481
vt -1.501824 1.253944
vt -1.501824 1.337623
vt -1.517083 1.340077
vt -1.532726 1.378273
vt -1.532726 1.340907
vt -1.517083 1.417628
vt -1.501824 1.414943
vt -1.487328 1.410548
vt -1.487328 -0.261381
vt -1.501824 -0.347795
vt -1.487328 -0.343712
vt -1.501824 -0.265068
vt -1.517083 -0.350291
vt -1.473949 -0.256340
vt -1.473949 -0.168803
vt -1.487328 -0.173253
vt -1.462017 -0.163267
vt -1.462017 -0.071409
vt -1.473949 -0.076176
vt -1.487328 -0.080009
vt -1.473949 0.020839
vt -1.462017 0.024800
vt -1.462017 0.124623
vt -1.473949 1.328089
vt -1.473949 1.404542
vt -1.487328 1.333595
vt -1.473949 -0.338133
vt -1.487328 1.250319
vt -1.473949 1.245375
vt -1.473949 1.156996
vt -1.487328 1.161341
vt 0.460353 0.724269
vt 0.423476 0.714442
vt 0.498360 0.727723
vt -1.432726 0.460353
vt -1.332726 0.498360
vt -1.432726 0.498360
vt -1.432726 0.423476
vt -1.332726 0.460353
vt 0.388790 0.698524
vt -1.432726 0.388790
vt -1.332726 0.423476
vt 0.474245 0.573292
vt 0.462679 0.567994
vt -1.332726 0.388790
vt -1.432726 0.357295
vt -1.332726 0.357295
vt 0.452187 0.560817
vt 0.357295 0.676979
vt 0.443050 0.551954
vt 0.329891 0.650428
vt -1.432726 0.329891
vt -1.332726 0.329891
vt 0.307369 0.619606
vt -1.432726 0.619606
vt -1.332726 0.650428
vt -1.432726 0.650428
vt 0.290383 0.585426
vt -1.432726 0.585426
vt -1.332726 0.619606
vt 0.435542 0.541676
vt 0.429878 0.530299
vt -1.332726 0.585426
vt -1.432726 0.548878
vt -1.332726 0.548878
vt 0.426222 0.518116
vt 0.279415 0.548878
vt 0.424678 0.505482
vt 0.274776 0.511012
vt -1.432726 0.511012
vt -1.332726 0.511012
vt 0.276613 0.472889
vt -1.432726 0.472889
vt -0.707615 0.441761
vt -0.720256 0.547657
vt -0.719530 0.441163
vt -0.709526 0.335133
vt -0.697709 0.336769
vt -0.690318 0.230384
vt -1.462017 0.230384
vt -1.462017 0.335133
vt -1.473949 0.228114
vt -1.473949 0.333729
vt -1.462017 0.441163
vt -1.487328 0.226283
vt -1.487328 0.332606
vt -1.473949 0.440638
vt -1.487328 0.440236
vt -1.473949 0.548024
vt -1.462017 0.547657
vt -1.462017 0.653798
vt -1.462017 0.758802
vt -1.501824 0.331788
vt -1.501824 0.224940
vt -1.517083 0.224134
vt -1.517083 0.331288
vt -1.532726 0.394874
vt -1.532726 0.331105
vt -4.432733 0.394874
vt -4.432733 0.331105
vt -1.532726 0.242653
vt -4.432733 0.242653
vt -1.532726 0.223854
vt -4.432733 0.223854
vt -1.532726 0.118715
vt -4.432733 0.118715
vt -1.532726 0.094374
vt -1.517083 0.119093
vt -1.501824 0.120216
vt -1.517083 0.016981
vt -1.501824 0.018409
vt -1.487328 0.122059
vt -1.487328 0.020741
vt -1.473949 0.124574
vt -1.473949 0.023927
vt -1.462017 0.127711
vt -1.473949 -0.073082
vt -1.462017 0.027906
vt -1.487328 -0.076915
vt -1.487328 -0.170153
vt -1.501824 -0.079723
vt -1.501824 -0.173424
vt -1.517083 -0.175414
vt -1.517083 -0.264220
vt -1.501824 -0.261974
vt -1.532726 -0.181456
vt -1.532726 -0.264977
vt -1.532726 -0.304821
vt -1.517083 -0.347191
vt -1.532726 -0.176073
vt -4.432733 -0.176073
vt -4.432733 -0.181456
vt -4.448370 -0.175414
vt -4.432733 -0.264977
vt -4.448370 -0.264220
vt -4.432733 -0.082006
vt -4.448370 -0.081444
vt -4.463628 -0.261974
vt -4.463628 -0.173424
vt -4.463628 -0.344701
vt -4.478124 -0.258287
vt -4.478124 -0.340612
vt -4.491509 -0.335033
vt -4.463628 -0.412602
vt -4.478124 -0.408201
vt -4.478124 -0.331248
vt -4.491509 -0.325749
vt -4.491509 -0.402196
vt -4.491509 -0.243022
vt -0.325749 -0.410448
vt -0.236870 -0.470775
vt -0.243022 -0.478905
vt -0.402196 -0.335033
vt -0.318913 -0.402892
vt -0.229674 -0.461266
vt -0.149223 -0.531261
vt -0.142875 -0.521154
vt -0.135765 -0.509825
vt -0.051201 -0.573265
vt -0.045103 -0.561351
vt 0.049709 -0.604784
vt 0.044673 -0.617174
vt 0.147951 -0.639782
vt 0.144008 -0.652562
vt 0.040187 -0.628222
vt 0.140499 -0.663964
vt -4.491509 0.036348
vt -4.503442 0.040187
vt -4.503442 0.140499
vt -4.491509 0.137502
vt -4.503442 0.243550
vt 0.243550 -0.690819
vt -4.491509 0.241414
vt -4.503442 0.348549
vt 0.348549 -0.708593
vt -4.491509 0.347292
vt -4.503442 0.454701
vt 0.454701 -0.717162
vt -4.491509 0.454323
vt -4.503442 0.561189
vt 0.560585 -0.704515
vt 0.561189 -0.716429
vt 0.665578 -0.694616
vt 0.663741 -0.681359
vt 0.766310 -0.662548
vt 0.769301 -0.675585
vt 0.866860 -0.634862
vt 0.870967 -0.647594
vt 0.964614 -0.598534
vt 0.969814 -0.610863
vt 1.058821 -0.553820
vt 1.065084 -0.565648
vt 1.148781 -0.501061
vt 1.156044 -0.512291
vt 1.233791 -0.440660
vt 1.242012 -0.451220
vt 1.313222 -0.373082
vt 1.322322 -0.382897
vt 1.386458 -0.298851
vt 1.396382 -0.307811
vt 1.452944 -0.218505
vt 1.463613 -0.226574
vt 1.512178 -0.132677
vt 1.523506 -0.139794
vt 1.563698 -0.042003
vt 1.575606 -0.048107
vt 1.607125 0.052809
vt 1.619521 0.047767
vt 1.642128 0.151039
vt 1.654909 0.147108
vt 1.668428 0.251954
vt 1.681514 0.249159
vt 1.685835 0.354786
vt 1.699117 0.353126
vt 1.694216 0.458717
vt 1.707588 0.458229
vt 1.693508 0.563002
vt 1.706868 0.563685
vt 1.683705 0.666835
vt 1.696962 0.668678
vt 1.664900 0.769410
vt 1.677944 0.772401
vt 1.708785 0.670314
vt 1.689571 0.775062
vt -4.491509 0.671705
vt -4.503442 0.670314
vt -4.503442 0.775062
vt -4.491509 0.777333
vt -4.503442 0.877735
vt 1.661305 0.877735
vt -4.491509 0.880861
vt -4.503442 0.977540
vt 1.624202 0.977540
vt -4.491509 0.981520
vt -4.478124 0.883387
vt -4.478124 0.984694
vt -4.463628 0.885218
vt -4.463628 0.987037
vt -4.478124 1.082350
vt -4.463628 1.085170
vt -4.478124 1.175599
vt -4.463628 1.178871
vt -4.478124 1.263734
vt -4.491509 1.258693
vt -4.463628 1.267421
vt -4.478124 1.346058
vt -4.491509 1.340480
vt -4.463628 1.350148
vt -4.463628 1.411855
vt -4.478124 1.407454
vt -4.478124 1.330501
vt -4.491509 1.325008
vt -4.491509 1.401448
vt -4.463628 1.334529
vt -4.478124 1.247218
vt -4.491509 1.242275
vt -4.463628 1.250844
vt -4.478124 1.158248
vt -4.463628 1.161446
vt -4.478124 1.064272
vt -4.463628 1.067006
vt -4.478124 0.965987
vt -4.463628 0.968251
vt -4.478124 0.864162
vt -4.463628 0.865932
vt -4.478124 0.759560
vt -4.463628 0.760817
vt -4.478124 0.652980
vt -4.463628 0.653719
vt -4.478124 0.545235
vt -4.463628 0.545455
vt -4.478124 0.437136
vt -4.463628 0.436830
vt -4.478124 0.329518
vt -4.463628 0.328688
vt -4.478124 0.223189
vt -4.463628 0.221852
vt -4.478124 0.118971
vt -4.463628 0.117122
vt -4.478124 0.017647
vt -4.463628 0.015309
vt -4.448370 0.116005
vt -4.448370 0.013887
vt -4.432733 0.115621
vt -4.432733 0.127858
vt -4.448370 0.221034
vt -1.532726 0.127858
vt -4.432733 0.220760
vt -1.532726 0.115621
vt -1.532726 0.013405
vt -1.517083 0.116005
vt -1.517083 0.013887
vt -1.501824 0.117122
vt -1.501824 0.221852
vt -1.517083 0.221034
vt -1.532726 0.220760
vt -1.532726 -0.015983
vt -1.517083 -0.084532
vt -1.501824 0.015309
vt -1.532726 -0.085112
vt -1.517083 -0.178502
vt -1.501824 -0.082823
vt -4.432733 -0.015983
vt -4.432733 -0.085112
vt -1.532726 -0.152012
vt -4.432733 -0.152012
vt -1.532726 -0.179173
vt -4.432733 -0.179173
vt -1.532726 -0.268071
vt -4.432733 -0.268071
vt -1.532726 -0.278160
vt -1.517083 -0.267314
vt -1.501824 -0.176512
vt -4.432733 -0.278160
vt -1.532726 -0.351127
vt -1.532726 -0.392515
vt -4.448370 -0.178502
vt -4.448370 -0.084532
vt -4.432733 0.013405
vt -1.487328 0.017647
vt -1.473949 0.121492
vt -1.487328 0.118971
vt -1.473949 0.225020
vt -1.487328 0.223189
vt -1.473949 0.330647
vt -1.487328 0.329518
vt -1.462017 0.332039
vt -1.473949 0.437551
vt -1.462017 0.438063
vt -1.462017 0.544551
vt -1.462017 0.650704
vt -1.473949 0.544930
vt -1.473949 0.651961
vt -1.487328 0.545235
vt -1.487328 0.437136
vt -1.501824 0.436830
vt -1.501824 0.328688
vt -1.517083 0.436647
vt -1.517083 0.328188
vt -1.501824 0.545455
vt -1.487328 0.652980
vt -1.501824 0.653719
vt -1.517083 0.545583
vt -1.532726 0.654329
vt -1.532726 0.584078
vt -1.532726 0.545632
vt -1.517083 0.654170
vt -1.532726 0.436586
vt -1.532726 0.736696
vt -4.432733 0.736696
vt -4.432733 0.654329
vt -4.448370 0.761586
vt -4.432733 0.584078
vt -4.448370 0.654170
vt -4.432733 0.761849
vt -4.432733 0.867366
vt -4.448370 0.867006
vt -1.532726 0.761849
vt -1.532726 0.867366
vt -1.517083 0.867006
vt -1.517083 0.761586
vt -1.501824 0.865932
vt -1.532726 0.885726
vt -1.501824 0.968251
vt -1.517083 0.969631
vt -1.532726 0.970095
vt -1.501824 1.067006
vt -1.487328 0.965987
vt -1.487328 1.064272
vt -1.473949 1.060536
vt -1.473949 1.153890
vt -1.487328 1.158248
vt -1.473949 1.242275
vt -1.487328 1.247218
vt -1.501824 1.161446
vt -1.473949 1.325008
vt -1.487328 1.330501
vt -1.501824 1.250844
vt -1.501824 1.334529
vt -1.517083 1.253053
vt -1.517083 1.163393
vt -1.517083 1.068672
vt -1.532726 1.069234
vt -1.532726 1.164046
vt -1.532726 1.253798
vt -4.432733 1.253798
vt -4.432733 1.164046
vt -4.448370 1.163393
vt -4.432733 1.069234
vt -4.448370 1.068672
vt -4.448370 1.253053
vt -4.432733 1.289125
vt -4.448370 1.336983
vt -4.432733 1.337807
vt -4.448370 1.414540
vt -1.532726 1.337807
vt -4.432733 1.402236
vt -1.532726 1.289125
vt -1.532726 1.367482
vt -4.432733 1.353468
vt -4.432733 1.367482
vt -4.448370 1.352638
vt -1.532726 1.402236
vt -1.532726 1.353468
vt -1.517083 1.352638
vt -1.517083 1.336983
vt -1.517083 1.414540
vt -1.501824 1.411855
vt -1.501824 1.350148
vt -1.501824 1.267421
vt -1.517083 1.269667
vt -1.501824 1.178871
vt -1.532726 1.181520
vt -1.532726 1.250013
vt -1.532726 1.270424
vt -1.517083 1.180861
vt -1.532726 1.121205
vt -1.517083 1.086879
vt -1.501824 1.085170
vt -1.501824 0.987037
vt -1.487328 1.082350
vt -1.487328 0.984694
vt -1.487328 0.883387
vt -1.517083 0.988465
vt -1.501824 0.885218
vt -1.532726 0.983033
vt -1.532726 0.988942
vt -1.532726 1.087452
vt -1.517083 0.886354
vt -1.532726 0.886732
vt -4.432733 0.886732
vt -4.432733 0.983033
vt -4.448370 0.886354
vt -4.432733 0.988942
vt -4.448370 0.988465
vt -4.432733 0.837574
vt -4.448370 0.781312
vt -4.432733 0.781593
vt -4.448370 0.674159
vt -4.463628 0.780494
vt -4.463628 0.673658
vt -4.478124 0.779152
vt -4.478124 0.672840
vt -4.463628 0.565516
vt -4.478124 0.565211
vt -4.463628 0.456898
vt -4.478124 0.457118
vt -4.491509 0.564796
vt -4.491509 0.457423
vt -4.503442 0.564283
vt -4.503442 0.457789
vt 1.718782 0.564283
vt 1.719509 0.457789
vt -4.491509 0.350392
vt -4.503442 0.351649
vt 1.710951 0.351649
vt -4.491509 0.244508
vt -4.503442 0.246644
vt 1.693178 0.246644
vt -4.491509 0.140602
vt 1.666316 0.143592
vt -4.503442 0.143592
vt -4.491509 0.039442
vt -4.503442 0.043275
vt 1.630574 0.043275
vt -4.491509 -0.058178
vt -4.503442 -0.053539
vt 1.586226 -0.053539
vt -4.491509 -0.151549
vt -4.503442 -0.146129
vt 1.533614 -0.146129
vt 1.481252 -0.239928
vt 1.473128 -0.233776
vt 1.542244 -0.151549
vt 1.412795 -0.322655
vt 1.405232 -0.315819
vt 1.337386 -0.399096
vt 1.330446 -0.391637
vt 1.255599 -0.468688
vt 1.249336 -0.460643
vt 1.168056 -0.530870
vt 1.162520 -0.522326
vt -4.491509 1.075429
vt -4.503442 1.070662
vt -4.503442 1.162520
vt -4.491509 1.168056
vt 1.070662 -0.576195
vt -4.491509 0.978414
vt -4.503442 0.974452
vt 0.974452 -0.621849
vt -4.491509 0.877767
vt -4.503442 0.874636
vt 0.874636 -0.658959
vt -4.491509 0.774233
vt -4.503442 0.771956
vt 0.771956 -0.687218
vt -4.491509 0.668617
vt -4.503442 0.667214
vt 0.667214 -0.706432
vt -4.491509 0.561702
vt -4.478124 0.454018
vt -4.478124 0.562117
vt -4.463628 0.453798
vt -4.463628 0.562422
vt -4.478124 0.669734
vt -4.463628 0.670564
vt -4.478124 0.776064
vt -4.463628 0.777407
vt -4.478124 0.880281
vt -4.463628 0.882131
vt -4.478124 0.981606
vt -4.463628 0.983943
vt -4.478124 1.079262
vt -4.463628 1.082076
vt -4.478124 1.172505
vt -4.463628 1.175765
vt -4.478124 1.260634
vt -4.491509 1.255599
vt -4.463628 1.264321
vt -4.478124 1.342964
vt -4.491509 1.337386
vt -4.463628 1.347054
vt -4.463628 -0.409496
vt -4.478124 -0.405101
vt -4.478124 -0.328148
vt -4.491509 -0.322655
vt -4.491509 -0.399096
vt -4.463628 -0.332189
vt -4.478124 -0.244872
vt -4.491509 -0.239928
vt -4.463628 -0.248497
vt -4.478124 -0.155907
vt -4.463628 -0.159093
vt -4.478124 -0.061925
vt -4.463628 -0.064647
vt -4.478124 0.036354
vt -4.463628 0.034095
vt -4.478124 0.138185
vt -4.463628 0.136415
vt -4.478124 0.242787
vt -4.463628 0.241542
vt -4.478124 0.349366
vt -4.463628 0.348622
vt -4.448370 0.240760
vt -4.448370 0.348170
vt -4.432733 0.240504
vt -4.432733 0.227967
vt -4.448370 0.135341
vt -1.532726 0.227967
vt -4.432733 0.134974
vt -1.532726 0.240504
vt -1.532726 0.348024
vt -1.517083 0.240760
vt -1.517083 0.135341
vt -1.501824 0.136415
vt -1.532726 0.134974
vt -1.501824 0.241542
vt -1.517083 0.348170
vt -1.532726 0.379896
vt -1.517083 0.456764
vt -1.501824 0.348622
vt -1.501824 0.456898
vt -1.517083 0.565699
vt -1.532726 0.456715
vt -4.432733 0.379896
vt -4.432733 0.456715
vt -1.532726 0.533705
vt -4.432733 0.533705
vt -1.532726 0.565760
vt -4.432733 0.565760
vt -1.532726 0.674330
vt -4.432733 0.674330
vt -1.532726 0.687037
vt -1.517083 0.674159
vt -1.517083 0.781312
vt -1.501824 0.673658
vt -1.501824 0.565516
vt -1.487328 0.565211
vt -1.487328 0.457118
vt -1.473949 0.457423
vt -1.473949 0.350392
vt -1.487328 0.349366
vt -1.473949 0.244508
vt -1.487328 0.242787
vt -1.462017 0.246644
vt -1.462017 0.143592
vt -1.473949 0.140602
vt -1.462017 0.043275
vt -1.473949 0.039442
vt -1.462017 -0.053539
vt -1.462017 0.351649
vt -1.462017 0.457789
vt -1.473949 0.564796
vt -1.462017 0.564283
vt -1.473949 0.671705
vt -1.487328 0.672840
vt -1.501824 0.780494
vt -1.487328 0.779152
vt -1.473949 0.777333
vt -1.473949 0.880861
vt -1.462017 0.775062
vt -1.462017 0.670314
vt -1.487328 1.407454
vt -1.473949 1.401448
vt -1.473949 1.340480
vt -1.473949 1.258693
vt -1.487328 1.346058
vt -1.473949 1.171156
vt -1.487328 1.263734
vt -1.487328 1.175599
vt -1.473949 1.078529
vt -1.473949 0.981520
vt -1.462017 1.073756
vt -1.462017 0.977540
vt -1.462017 0.877735
vt -1.462017 1.165626
vt -1.462017 0.858754
vt -1.462017 0.959065
vt -1.473949 0.861751
vt -1.473949 0.757839
vt -1.462017 0.755702
vt -1.487328 0.759560
vt -1.487328 0.864162
vt -1.501824 0.760817
vt -1.473949 0.962905
vt -1.462017 1.055892
vt 0.690553 0.621766
vt 0.667684 0.652321
vt 0.707924 0.587794
vt 0.719307 0.551356
vt 0.724367 0.513539
vt 0.724477 0.494435
vt -1.432726 0.513539
vt -1.332726 0.513539
vt -1.432726 0.494435
vt -1.432726 0.551356
vt 0.574544 0.506324
vt -1.332726 0.494435
vt 0.572853 0.518934
vt -1.332726 0.551356
vt 0.569057 0.531080
vt -1.432726 0.587794
vt -1.332726 0.587794
vt 0.563271 0.542408
vt -1.432726 0.621766
vt -1.332726 0.621766
vt 0.555647 0.552589
vt -1.432726 0.652321
vt -1.332726 0.652321
vt -1.432726 0.639986
vt -1.332726 0.639986
vt -1.332726 0.667684
vt -1.432726 0.667684
vt 0.546413 0.561341
vt 0.639986 0.678578
vt 0.535835 0.568409
vt 0.608248 0.699769
vt -1.432726 0.608248
vt -1.332726 0.608248
vt 0.573384 0.715284
vt -1.432726 0.573384
vt 0.536397 0.724696
vt -1.432726 0.536397
vt -1.332726 0.573384
vt -1.332726 0.536397
vt 0.524208 0.573585
vt 0.511885 0.576722
vt -1.332726 0.511885
vt -1.432726 0.511885
vt -1.332726 0.524208
vt 0.499208 0.577723
vt -1.332726 0.499208
vt -1.432726 0.499208
vt 0.499343 0.552723
vt -1.432726 0.524208
vt 0.507802 0.552052
vt 0.490895 0.551954
vt -1.432726 0.499343
vt -0.932726 0.507802
vt -1.432726 0.507802
vt -1.432726 0.490895
vt -0.932726 0.499343
vt -0.932726 0.516017
vt 0.516017 0.549952
vt 0.539992 0.473219
vt 0.544399 0.480470
vt 0.534426 0.466822
vt 0.471858 0.461146
vt 0.479286 0.457045
vt 0.487306 0.454261
vt 0.453127 0.521107
vt 0.450691 0.512977
vt 0.449666 0.504554
vt 0.549568 0.505128
vt 0.548445 0.513539
vt 0.545912 0.521632
vt 0.527858 0.461451
vt 0.465230 0.466420
vt 0.456905 0.528700
vt 0.520479 0.457277
vt 0.459596 0.472767
vt 0.461904 0.535536
vt 0.523763 0.546510
vt 0.549593 0.500892
vt 0.512496 0.454408
vt 0.455110 0.479969
vt 0.467995 0.541444
vt 0.530818 0.541798
vt 0.549257 0.496656
vt 0.504146 0.452931
vt 0.451906 0.487806
vt 0.474996 0.546229
vt 0.536971 0.535975
vt 0.547518 0.488343
vt 0.495668 0.452882
vt 0.450069 0.496095
vt 0.482704 0.549769
vt 0.542055 0.529176
vt -1.432726 0.529176
vt -0.932726 0.529176
vt -0.932726 0.521632
vt -1.432726 0.521632
vt -0.932726 0.513539
vt -1.432726 0.535975
vt -1.432726 0.530818
vt -0.932726 0.536971
vt -1.432726 0.536971
vt -0.932726 0.535975
vt -1.332726 0.552589
vt -1.432726 0.552589
vt -1.332726 0.542408
vt -1.432726 0.542408
vt -1.332726 0.555647
vt -1.432726 0.546413
vt -1.432726 0.555647
vt -1.332726 0.546413
vt -1.432726 0.535835
vt -1.432726 0.523763
vt -0.932726 0.530818
vt -1.432726 0.516017
vt -0.932726 0.523763
vt -1.332726 0.535835
vt -1.332726 0.531080
vt -1.432726 0.531080
vt -1.332726 0.518934
vt -1.432726 0.518934
vt -1.332726 0.506324
vt -1.432726 0.506324
vt -0.932726 0.505128
vt -1.432726 0.505128
vt 0.574574 0.499952
vt -1.432726 0.500892
vt 0.574068 0.493617
vt -0.932726 0.500892
vt -1.432726 0.496656
vt -1.332726 0.493617
vt -1.432726 0.499952
vt -1.432726 0.493617
vt -1.332726 0.481166
vt -1.432726 0.481166
vt 0.571468 0.481166
vt 0.715132 0.438050
vt 0.722963 0.475404
vt -1.332726 0.499952
vt -1.432726 0.475404
vt -1.332726 0.475404
vt -1.332726 0.438050
vt -1.432726 0.438050
vt 0.701106 0.402565
vt -1.332726 0.402565
vt -1.432726 0.402565
vt 0.566786 0.469337
vt 0.681282 0.369947
vt -1.332726 0.369947
vt 0.560176 0.458461
vt -1.332726 0.469337
vt -1.432726 0.469337
vt -1.332726 0.458461
vt 0.551827 0.448866
vt 0.656227 0.341163
vt -1.432726 0.458461
vt -1.332726 0.448866
vt -1.432726 0.448866
vt -1.432726 0.488343
vt -0.932726 0.480470
vt -1.432726 0.480470
vt -0.932726 0.473219
vt -1.432726 0.473219
vt -0.932726 0.488343
vt -0.932726 0.466822
vt -1.432726 0.466822
vt 0.541976 0.440821
vt -1.432726 0.534426
vt -0.932726 0.527858
vt -1.432726 0.527858
vt -0.932726 0.534426
vt 0.530904 0.434559
vt -0.932726 0.520479
vt -1.432726 0.520479
vt 0.518935 0.430250
vt -0.932726 0.512496
vt -1.432726 0.512496
vt 0.506404 0.428028
vt -0.932726 0.504146
vt -1.432726 0.504146
vt -1.332726 0.506404
vt -1.432726 0.518935
vt -1.432726 0.506404
vt -1.332726 0.493685
vt -1.432726 0.493685
vt 0.493685 0.427955
vt 0.481807 0.278431
vt 0.519972 0.278651
vt -1.332726 0.518935
vt 0.557546 0.285304
vt -1.332726 0.530904
vt -1.432726 0.530904
vt 0.593459 0.298219
vt -1.332726 0.541976
vt -1.432726 0.541976
vt 0.626674 0.317018
vt -1.332726 0.551827
vt -1.432726 0.551827
vt -1.432726 0.626674
vt -1.332726 0.626674
vt -1.332726 0.593459
vt -1.432726 0.656227
vt -1.332726 0.656227
vt -1.432726 0.593459
vt -1.473949 1.337386
vt -1.473949 1.255599
vt -1.487328 1.342964
vt -1.487328 1.260634
vt -1.473949 1.168056
vt -1.487328 1.172505
vt -1.473949 1.075429
vt -1.462017 1.162520
vt -1.462017 1.070662
vt -1.487328 1.079262
vt -1.462017 0.974452
vt -1.473949 0.978414
vt -1.462017 0.874636
vt -1.473949 0.877767
vt -1.487328 0.981606
vt -1.487328 0.880281
vt -1.501824 0.983943
vt -1.501824 1.082076
vt -1.517083 1.083785
vt -1.501824 1.175765
vt -1.517083 1.177760
vt -1.517083 1.266567
vt -1.501824 1.264321
vt -1.532726 1.215694
vt -1.532726 1.267323
vt -1.517083 1.349544
vt -1.532726 -0.335460
vt -1.517083 -0.412194
vt -1.532726 -0.413085
vt -1.532726 1.336177
vt -1.532726 1.350380
vt -1.501824 1.347054
vt -1.517083 -0.334642
vt -1.501824 -0.409496
vt -4.432733 1.267323
vt -4.432733 1.336177
vt -4.448370 1.266567
vt -4.432733 1.350380
vt -4.448370 1.349544
vt -4.448370 1.177760
vt -4.432733 1.215694
vt -4.432733 1.178426
vt -4.432733 1.084365
vt -4.448370 1.083785
vt -1.532726 1.084365
vt -4.432733 0.985848
vt -1.532726 1.178426
vt -1.532726 0.985848
vt -1.517083 0.985366
vt -1.517083 0.883254
vt -1.532726 0.883632
vt -1.532726 0.944161
vt -1.501824 0.882131
vt -1.532726 0.797225
vt -1.501824 0.777407
vt -1.517083 0.778224
vt -1.532726 0.778499
vt -4.432733 0.778499
vt -4.432733 0.797225
vt -4.448370 0.778224
vt -4.432733 0.883632
vt -4.448370 0.883254
vt -4.432733 0.671230
vt -4.448370 0.671065
vt -1.532726 0.671230
vt -4.432733 0.645772
vt -1.532726 0.645772
vt -1.517083 0.671065
vt -1.532726 0.562667
vt -1.501824 0.562422
vt -1.517083 0.562606
vt -1.501824 0.670564
vt -1.532726 0.492116
vt -4.432733 0.492116
vt -4.432733 0.562667
vt -4.448370 0.453670
vt -4.448370 0.562606
vt -4.432733 0.453621
vt -4.432733 0.344924
vt -4.448370 0.345082
vt -4.432733 0.338558
vt -4.448370 0.237667
vt -4.463628 0.345534
vt -1.532726 0.338558
vt -4.432733 0.237404
vt -1.532726 0.344924
vt -1.532726 0.453621
vt -1.517083 0.345082
vt -1.517083 0.237667
vt -1.501824 0.238436
vt -1.517083 0.453670
vt -1.501824 0.345534
vt -1.501824 0.133321
vt -1.487328 0.239693
vt -1.487328 0.135091
vt -1.487328 0.033266
vt -1.517083 0.132247
vt -1.501824 0.031001
vt -1.473949 0.036348
vt -1.473949 -0.061278
vt -1.487328 -0.065019
vt -1.473949 0.137502
vt -1.462017 -0.056639
vt -1.462017 0.040187
vt -0.056639 -0.583886
vt -1.462017 -0.149223
vt -1.473949 -0.154637
vt -0.154637 -0.539891
vt -0.221599 -0.450597
vt -0.301945 -0.384105
vt -0.310917 -0.394030
vt -0.376182 -0.310863
vt -0.385991 -0.319982
vt -0.394731 -0.328099
vt -1.473949 -0.243022
vt -1.487328 -0.158995
vt -1.473949 -0.325749
vt -1.487328 -0.247966
vt -1.487328 -0.331248
vt -1.501824 -0.251591
vt -1.501824 -0.162193
vt -1.501824 -0.067753
vt -1.517083 -0.069420
vt -1.517083 -0.164140
vt -1.532726 -0.228709
vt -1.532726 -0.164787
vt -1.517083 -0.253801
vt -1.501824 -0.335271
vt -1.517083 -0.337730
vt -1.532726 -0.254539
vt -1.487328 -0.408201
vt -1.501824 -0.412602
vt -1.487328 -0.258287
vt -1.501824 -0.344701
vt -1.487328 -0.340612
vt -1.517083 -0.415281
vt -1.473949 -0.253246
vt -1.473949 -0.165709
vt -1.462017 -0.160179
vt -1.462017 -0.068309
vt -0.533970 -0.165709
vt -0.471776 -0.253246
vt -0.525407 -0.160179
vt -0.463737 -0.246984
vt -0.515397 -0.153685
vt -0.568742 -0.062731
vt -0.579283 -0.068309
vt -0.556914 -0.056481
vt -0.601634 0.037733
vt -0.613957 0.032533
vt -0.624949 0.027906
vt -0.650700 0.131385
vt -0.637968 0.135487
vt -0.665648 0.236036
vt -0.684453 0.338612
vt -0.678691 0.233046
vt -0.662053 0.127711
vt -0.504161 -0.146434
vt -0.454320 -0.239659
vt -0.443761 -0.231444
vt -1.462017 0.243550
vt -1.462017 0.140499
vt -1.473949 0.241414
vt -1.473949 0.347292
vt -1.462017 0.348549
vt -1.473949 0.454323
vt -1.487328 0.454018
vt -1.487328 0.346272
vt -1.501824 0.453798
vt -1.487328 0.562117
vt -1.473949 0.561702
vt -1.462017 0.454701
vt -1.462017 0.561189
vt -1.462017 0.667214
vt -1.473949 0.668617
vt -1.487328 0.669734
vt -1.487328 0.776064
vt -1.473949 0.774233
vt -1.462017 0.771956
vt 0.444161 0.284669
vt -1.432726 0.557546
vt -1.332726 0.519972
vt -1.432726 0.519972
vt -1.332726 0.557546
vt -1.332726 0.481807
vt -1.432726 0.481807
vt -1.332726 0.444161
vt -1.432726 0.444161
vt 0.481142 0.430043
vt 0.408107 0.297169
vt -1.332726 0.408107
vt 0.469118 0.434205
vt -1.332726 0.481142
vt -1.432726 0.481142
vt -1.332726 0.469118
vt 0.457979 0.440358
vt 0.374684 0.315602
vt -1.432726 0.469118
vt -1.332726 0.457979
vt -1.432726 0.457979
vt -1.432726 0.495668
vt -0.932726 0.487306
vt -1.432726 0.487306
vt -0.932726 0.479286
vt -1.432726 0.479286
vt -0.932726 0.495668
vt -0.932726 0.471858
vt -1.432726 0.471858
vt 0.448036 0.448280
vt -0.932726 0.465230
vt -1.432726 0.465230
vt 0.439577 0.457777
vt -1.432726 0.466420
vt -0.932726 0.472767
vt -1.432726 0.472767
vt -0.932726 0.466420
vt 0.432851 0.468580
vt -0.932726 0.479969
vt -1.432726 0.479969
vt 0.428041 0.480360
vt -0.932726 0.487806
vt -1.432726 0.487806
vt -1.332726 0.480360
vt -1.432726 0.468580
vt -1.432726 0.480360
vt -1.332726 0.492787
vt -1.432726 0.492787
vt 0.425289 0.492787
vt 0.284865 0.435621
vt -1.332726 0.468580
vt 0.299294 0.400294
vt -1.332726 0.457777
vt -1.432726 0.457777
vt 0.319484 0.367909
vt -1.332726 0.448280
vt -1.432726 0.448280
vt 0.344863 0.339405
vt -1.332726 0.448036
vt -1.432726 0.448036
vt -1.432726 0.339405
vt -1.332726 0.339405
vt -1.332726 0.367909
vt -1.432726 0.374684
vt -1.332726 0.374684
vt -1.332726 0.344863
vt -1.432726 0.344863
vt -1.432726 0.367909
vt -1.432726 0.400294
vt -1.332726 0.435621
vt -1.432726 0.435621
vt -1.332726 0.472889
vt -1.332726 0.400294
vt -1.432726 0.408107
vt -1.332726 0.505482
vt -1.432726 0.505482
vt -1.332726 0.518116
vt -1.432726 0.518116
vt -1.432726 0.496095
vt -0.932726 0.504554
vt -1.432726 0.504554
vt -0.932726 0.512977
vt -1.432726 0.512977
vt -0.932726 0.521107
vt -1.432726 0.521107
vt -0.932726 0.528700
vt -1.432726 0.528700
vt -0.932726 0.535536
vt -1.432726 0.535536
vt -1.432726 0.461904
vt -0.932726 0.467995
vt -1.432726 0.467995
vt -0.932726 0.461904
vt -1.332726 0.452187
vt -1.432726 0.443050
vt -1.432726 0.452187
vt -1.332726 0.462679
vt -1.432726 0.462679
vt -1.332726 0.474245
vt -1.432726 0.474245
vt -1.432726 0.474996
vt -0.932726 0.482704
vt -1.432726 0.482704
vt -0.932726 0.474996
vt 0.486537 0.576576
vt -0.932726 0.490895
vt -1.332726 0.486537
vt -1.432726 0.486537
vt -1.332726 0.551954
vt -1.432726 0.541676
vt -1.432726 0.551954
vt -1.332726 0.443050
vt -1.332726 0.541676
vt -1.432726 0.530299
vt -1.332726 0.530299
vt -0.932726 0.496095
vt -1.473949 -0.402196
vt -1.473949 -0.335033
vt -1.532726 -0.338554
vt -4.432733 -0.338554
vt -4.432733 -0.254539
vt -4.448370 -0.253801
vt -4.432733 -0.228709
vt -4.448370 -0.337730
vt -4.448370 -0.164140
vt -4.432733 -0.164787
vt -4.463628 -0.162193
vt -4.463628 -0.251591
vt -1.532726 -0.098350
vt -4.432733 -0.098350
vt -1.532726 -0.069981
vt -4.432733 -0.069981
vt -4.448370 -0.069420
vt -4.448370 0.029622
vt -4.463628 0.031001
vt -4.463628 -0.067753
vt -4.463628 0.133321
vt -4.478124 0.033266
vt -4.478124 0.135091
vt -4.478124 0.239693
vt -4.463628 0.238436
vt -4.478124 0.346272
vt -4.448370 0.132247
vt -4.432733 0.187453
vt -4.432733 0.131886
vt -1.532726 0.187453
vt -1.532726 0.237404
vt -1.532726 0.131886
vt -4.432733 0.041072
vt -1.532726 0.041072
vt -4.432733 0.029158
vt -1.532726 0.029158
vt -1.517083 0.029622
vt -4.478124 -0.065019
vt -4.478124 -0.158995
vt -4.491509 -0.061278
vt -4.491509 -0.154637
vt -4.503442 -0.056639
vt -4.503442 -0.149223
vt -4.478124 -0.247966
vt -4.463628 -0.335271
vt -4.448370 -0.415281
vt -4.432733 -0.304821
vt -4.448370 -0.347191
vt -4.432733 -0.348034
vt -4.432733 -0.348033
vt -4.432733 -0.416191
vt -1.532726 -0.348033
vt -1.532726 -0.416191
vt -1.532726 -0.348034
vt -4.448370 0.985366
vt -4.432733 0.944161
vt -4.448370 -0.334642
vt -4.432733 -0.413085
vt -4.448370 -0.412194
vt -4.448370 -0.250707
vt -4.432733 -0.251439
vt -4.432733 -0.335460
vt -4.432733 -0.316246
vt -1.532726 -0.251439
vt -1.532726 -0.193981
vt -4.432733 -0.193981
vt -1.532726 -0.161705
vt -4.432733 -0.161705
vt -4.448370 -0.161046
vt -4.448370 -0.066320
vt -4.432733 -0.066881
vt -4.448370 0.032716
vt -4.432733 -0.061168
vt -1.532726 -0.061168
vt -1.532726 0.032252
vt -4.432733 0.032252
vt -1.532726 0.080201
vt -4.432733 0.080201
vt -1.517083 0.032716
vt -1.517083 -0.066320
vt -1.501824 0.034095
vt -1.501824 -0.064647
vt -1.487328 -0.061925
vt -1.487328 -0.155907
vt -1.501824 -0.159093
vt -1.487328 -0.244872
vt -1.473949 -0.239928
vt -1.473949 -0.151549
vt -1.473949 -0.058178
vt -1.462017 -0.146129
vt -1.487328 0.036354
vt -1.487328 0.138185
vt -1.432726 0.369947
vt -1.332726 0.341163
vt -1.432726 0.341163
vt -1.487328 -0.328148
vt -1.473949 -0.322655
vt -1.473949 -0.399096
vt -1.487328 -0.405101
vt -1.501824 -0.332189
vt -1.501824 -0.248497
vt -1.517083 -0.250707
vt -1.517083 -0.161046
vt -1.532726 -0.066881
vt -1.532726 -0.316246
vt -0.932726 0.496656
vt -1.462017 0.227297
vt -1.462017 1.148476
vt -1.532726 0.781593
vt -1.532726 0.837574
vt -4.432733 0.687037
vt -4.448370 0.565699
vt -4.448370 0.456764
vt -4.432733 0.348024
vt -4.448370 1.086879
vt -4.432733 1.087452
vt -4.448370 1.180861
vt -4.432733 1.181520
vt -4.432733 1.121205
vt -4.432733 1.250013
vt -4.432733 1.270424
vt -4.448370 1.269667
vt -4.432733 1.028896
vt -4.432733 0.970095
vt -4.448370 0.969631
vt -4.432733 0.885726
vt -1.532726 1.028896
vt -4.448370 0.545583
vt -4.448370 0.436647
vt -4.432733 0.545632
vt -4.432733 0.436586
vt -4.448370 0.328188
vt -4.432733 0.430178
vt -1.532726 0.430178
vt -1.532726 0.328023
vt -4.432733 0.328023
vt -1.532726 0.277333
vt -4.432733 0.277333
vt -4.491509 0.548024
vt -4.503442 0.547657
vt -4.503442 0.441163
vt -4.491509 0.440638
vt -4.503442 0.335133
vt -4.491509 0.333729
vt -4.503442 0.230384
vt -4.491509 0.228114
vt -4.503442 0.127711
vt -4.491509 0.124574
vt -4.503442 0.027906
vt -4.491509 0.023927
vt -4.503442 -0.068309
vt -4.491509 -0.073082
vt -4.503442 -0.160179
vt -4.491509 -0.165709
vt -4.478124 -0.170153
vt -4.491509 -0.253246
vt -4.463628 -0.079723
vt -4.478124 -0.076915
vt -4.463628 0.018409
vt -4.478124 0.020741
vt -4.463628 0.120216
vt -4.478124 0.122059
vt -4.463628 0.224940
vt -4.478124 0.226283
vt -4.463628 0.331788
vt -4.478124 0.332606
vt -4.463628 0.439918
vt -4.478124 0.440236
vt -4.463628 0.548549
vt -4.478124 0.548317
vt -4.463628 0.656813
vt -4.478124 0.656068
vt -4.478124 0.762660
vt -4.491509 0.655055
vt -4.448370 0.657264
vt -4.448370 0.548683
vt -4.448370 0.439747
vt -4.432733 0.548732
vt -4.432733 0.439686
vt -4.448370 0.331288
vt -4.448370 0.224134
vt -4.448370 0.119093
vt -4.448370 0.016981
vt -4.432733 0.016505
vt -4.432733 0.094374
vt -1.532726 0.016505
vt -1.532726 -0.047716
vt -4.432733 -0.047716
vt -1.532726 -0.082006
vt -1.517083 -0.081444
vt -1.462017 1.151564
vt -1.501824 1.070094
vt -1.501824 1.164540
vt -1.517083 1.071766
vt -1.532726 1.134218
s 0
usemtl Black_Mosaic_Studded_Rubber.003
f 7/1/1 1/2/1 2/3/1
f 1/4/2 3/5/2 2/6/2
f 1/4/2 5/7/2 3/5/2
f 6/8/1 4/9/1 1/2/1
f 4/10/3 5/7/3 1/4/3
f 6/8/1 1/2/1 7/1/1
f 7/1/1 2/3/1 9/11/1
f 7/12/4 10/13/4 6/4/4
f 7/12/5 8/14/5 10/13/5
f 9/15/6 8/14/6 7/12/6
f 10/1/7 3/3/7 12/8/7
f 10/1/7 11/16/7 3/3/7
f 8/11/7 11/16/7 10/1/7
f 6/4/4 10/13/4 12/7/4
f 12/8/7 3/3/7 5/2/7
f 12/8/7 5/2/7 13/17/7
f 14/18/8 12/7/8 13/19/8
f 6/4/8 12/7/8 14/18/8
f 14/18/9 13/19/9 15/20/9
f 15/21/1 16/22/1 14/17/1
f 14/17/1 16/22/1 4/9/1
f 14/17/1 4/9/1 6/8/1
f 15/21/1 17/23/1 16/22/1
f 17/24/10 18/25/10 16/26/10
f 16/26/11 18/25/11 19/27/11
f 16/26/11 19/27/11 4/10/11
f 20/21/7 19/9/7 18/22/7
f 4/10/3 19/27/3 5/7/3
f 13/17/7 5/2/7 19/9/7
f 13/17/7 19/9/7 20/21/7
f 22/28/12 20/29/12 21/30/12
f 20/21/7 18/22/7 21/31/7
f 15/20/12 20/29/12 22/28/12
f 15/20/9 13/19/9 20/29/9
f 22/28/13 21/30/13 23/32/13
f 23/33/14 24/34/14 22/31/14
f 22/31/1 17/23/1 15/21/1
f 22/31/1 24/34/1 17/23/1
f 23/33/1 25/35/1 24/34/1
f 25/36/15 26/37/15 24/38/15
f 24/38/16 26/37/16 27/39/16
f 24/38/16 27/39/16 17/24/16
f 17/24/10 27/39/10 18/25/10
f 21/31/7 18/22/7 27/23/7
f 21/31/7 27/23/7 28/33/7
f 28/33/7 27/23/7 26/34/7
f 23/32/13 21/30/13 28/40/13
f 30/41/17 28/40/17 29/42/17
f 28/33/7 26/34/7 29/43/7
f 23/32/18 28/40/18 30/41/18
f 30/43/1 31/44/1 25/35/1
f 32/45/1 31/44/1 30/43/1
f 30/46/19 29/47/19 32/48/19
f 30/43/1 25/35/1 23/33/1
f 32/45/1 33/49/1 31/44/1
f 35/50/1 33/49/1 32/45/1
f 32/48/20 29/47/20 34/51/20
f 32/48/21 34/51/21 35/52/21
f 35/50/1 39/53/1 33/49/1
f 35/52/21 34/51/21 38/54/21
f 35/52/22 38/54/22 36/55/22
f 36/56/1 37/57/1 35/50/1
f 35/50/1 37/57/1 39/53/1
f 37/58/23 40/59/23 39/60/23
f 39/60/24 40/59/24 41/61/24
f 39/60/24 41/61/24 33/62/24
f 33/62/25 41/61/25 42/63/25
f 34/45/7 42/44/7 41/49/7
f 34/45/7 41/49/7 38/50/7
f 38/50/7 41/49/7 40/53/7
f 33/62/26 42/63/26 31/64/26
f 31/64/27 42/63/27 43/65/27
f 43/35/7 42/44/7 34/45/7
f 31/64/27 43/65/27 25/66/27
f 25/36/15 43/67/15 26/37/15
f 29/43/7 26/34/7 43/35/7
f 29/43/7 43/35/7 34/45/7
f 45/56/7 40/53/7 44/57/7
f 37/58/23 44/68/23 40/59/23
f 38/50/7 40/53/7 45/56/7
f 45/56/7 44/57/7 46/69/7
f 36/55/28 38/54/28 45/70/28
f 47/71/29 45/70/29 46/72/29
f 36/55/29 45/70/29 47/71/29
f 47/69/1 48/73/1 49/74/1
f 50/75/1 48/73/1 47/69/1
f 47/69/1 49/74/1 36/56/1
f 47/71/30 46/72/30 50/76/30
f 50/76/31 51/77/31 52/78/31
f 50/76/32 46/72/32 51/77/32
f 50/75/1 53/79/1 48/73/1
f 52/80/1 53/79/1 50/75/1
f 52/80/1 54/81/1 53/79/1
f 54/82/33 55/83/33 53/84/33
f 53/84/34 55/83/34 56/85/34
f 53/84/35 56/85/35 48/86/35
f 48/86/36 56/85/36 57/87/36
f 51/75/7 57/74/7 56/73/7
f 51/75/7 56/73/7 58/80/7
f 58/80/7 56/73/7 55/79/7
f 52/78/37 51/77/37 58/88/37
f 60/89/38 58/88/38 59/90/38
f 58/80/7 55/79/7 59/91/7
f 52/78/38 58/88/38 60/89/38
f 60/89/39 59/90/39 61/92/39
f 61/93/1 62/94/1 60/91/1
f 60/91/1 54/81/1 52/80/1
f 60/91/1 62/94/1 54/81/1
f 61/93/1 63/95/1 62/94/1
f 63/96/40 64/97/40 62/98/40
f 62/98/41 64/97/41 65/99/41
f 62/98/41 65/99/41 54/82/41
f 66/93/7 65/81/7 64/94/7
f 54/82/33 65/99/33 55/83/33
f 59/91/7 55/79/7 65/81/7
f 59/91/42 65/81/42 66/93/42
f 61/92/43 59/90/43 66/100/43
f 66/93/7 64/94/7 67/101/7
f 68/102/44 66/100/44 67/103/44
f 61/92/45 66/100/45 68/102/45
f 68/101/1 63/95/1 61/93/1
f 68/101/1 70/104/1 63/95/1
f 68/105/46 67/106/46 69/107/46
f 69/108/1 70/104/1 68/101/1
f 69/108/1 71/109/1 70/104/1
f 71/24/47 72/37/47 70/38/47
f 70/38/48 72/37/48 73/67/48
f 70/38/48 73/67/48 63/36/48
f 63/96/40 73/110/40 64/97/40
f 67/101/7 64/94/7 73/95/7
f 67/101/42 73/95/42 74/108/42
f 74/108/7 73/95/7 72/104/7
f 69/107/46 67/106/46 74/111/46
f 76/112/49 74/111/49 75/113/49
f 74/108/7 72/104/7 75/114/7
f 69/107/49 74/111/49 76/112/49
f 76/114/1 77/115/1 71/109/1
f 78/116/1 77/115/1 76/114/1
f 76/112/50 75/113/50 78/117/50
f 76/114/1 71/109/1 69/108/1
f 78/116/1 79/118/1 77/115/1
f 80/119/1 79/118/1 78/116/1
f 78/117/51 81/120/51 80/121/51
f 78/117/50 75/113/50 81/120/50
f 81/116/7 82/115/7 84/119/7
f 81/116/7 83/109/7 82/115/7
f 75/114/7 83/109/7 81/116/7
f 81/120/51 84/122/51 80/121/51
f 84/119/52 85/118/52 86/123/52
f 84/119/7 82/115/7 85/118/7
f 80/121/53 84/122/53 86/7/53
f 86/123/7 85/118/7 89/124/7
f 88/125/54 86/7/54 87/126/54
f 86/123/55 89/124/55 87/127/55
f 80/121/56 86/7/56 88/125/56
f 87/127/7 89/124/7 90/128/7
f 91/6/57 90/5/57 89/7/57
f 91/6/57 89/7/57 92/4/57
f 92/4/58 89/7/58 85/27/58
f 88/127/1 91/128/1 92/124/1
f 92/4/58 85/27/58 79/10/58
f 80/119/1 92/124/1 79/118/1
f 88/127/1 92/124/1 80/119/1
f 88/127/1 93/129/1 91/128/1
f 93/130/59 90/5/59 91/6/59
f 96/131/1 94/132/1 93/129/1
f 94/133/60 95/134/60 93/130/60
f 93/130/59 95/134/59 90/5/59
f 96/131/1 93/129/1 88/127/1
f 96/135/61 98/136/61 97/137/61
f 97/138/1 94/132/1 96/131/1
f 96/135/62 87/126/62 98/136/62
f 88/125/62 87/126/62 96/135/62
f 87/127/63 90/128/63 98/131/63
f 98/131/64 95/129/64 99/138/64
f 98/131/7 90/128/7 95/129/7
f 97/137/61 98/136/61 99/139/61
f 99/138/64 100/132/64 101/140/64
f 99/138/7 95/129/7 100/132/7
f 102/141/65 99/139/65 101/142/65
f 97/137/65 99/139/65 102/141/65
f 102/140/1 103/143/1 105/144/1
f 104/145/1 103/143/1 102/140/1
f 102/141/66 101/142/66 104/146/66
f 102/140/1 105/144/1 97/138/1
f 103/147/67 106/148/67 105/149/67
f 105/149/68 106/148/68 100/150/68
f 105/149/68 100/150/68 94/133/68
f 97/138/1 105/144/1 94/132/1
f 108/145/7 106/144/7 107/143/7
f 103/147/67 107/151/67 106/148/67
f 101/140/7 100/132/7 106/144/7
f 101/140/7 106/144/7 108/145/7
f 108/145/42 107/143/42 109/152/42
f 104/146/69 101/142/69 108/153/69
f 110/92/70 108/103/70 109/100/70
f 104/102/71 108/103/71 110/92/71
f 110/152/1 111/154/1 112/155/1
f 113/156/1 111/154/1 110/152/1
f 110/152/72 112/155/72 104/145/72
f 110/92/73 109/100/73 113/89/73
f 113/89/74 114/90/74 115/78/74
f 113/89/73 109/100/73 114/90/73
f 113/156/1 116/157/1 111/154/1
f 115/158/1 116/157/1 113/156/1
f 115/158/1 117/159/1 116/157/1
f 117/86/75 118/83/75 116/84/75
f 116/84/76 118/83/76 119/99/76
f 116/84/76 119/99/76 111/82/76
f 111/82/77 119/99/77 120/97/77
f 114/156/7 120/155/7 119/154/7
f 114/156/42 119/154/42 121/158/42
f 121/158/7 119/154/7 118/157/7
f 115/78/78 114/90/78 121/88/78
f 123/76/79 121/88/79 122/77/79
f 121/158/42 118/157/42 122/160/42
f 115/78/79 121/88/79 123/76/79
f 123/76/80 122/77/80 124/71/80
f 124/161/1 125/162/1 123/160/1
f 123/160/1 117/159/1 115/158/1
f 123/160/1 125/162/1 117/159/1
f 124/161/1 126/163/1 125/162/1
f 126/58/81 127/87/81 125/164/81
f 125/164/82 127/87/82 128/85/82
f 125/164/82 128/85/82 117/86/82
f 129/161/7 128/159/7 127/162/7
f 117/86/83 128/85/83 118/83/83
f 122/160/7 118/157/7 128/159/7
f 122/160/7 128/159/7 129/161/7
f 124/71/80 122/77/80 129/72/80
f 129/161/7 127/162/7 130/165/7
f 131/55/84 129/72/84 130/70/84
f 124/71/85 129/72/85 131/55/85
f 131/165/1 126/163/1 124/161/1
f 131/165/1 133/166/1 126/163/1
f 131/55/86 130/70/86 132/52/86
f 132/167/1 133/166/1 131/165/1
f 132/167/1 134/168/1 133/166/1
f 134/62/87 135/59/87 133/60/87
f 133/60/88 135/59/88 136/68/88
f 133/60/89 136/68/89 126/58/89
f 126/58/81 136/68/81 127/87/81
f 130/165/7 127/162/7 136/163/7
f 130/165/7 136/163/7 137/167/7
f 137/167/7 136/163/7 135/166/7
f 137/167/7 135/166/7 138/168/7
f 137/167/7 138/168/7 139/169/7
f 140/48/90 137/54/90 139/51/90
f 132/52/91 130/70/91 137/54/91
f 132/52/90 137/54/90 140/48/90
f 140/48/92 139/51/92 141/46/92
f 141/170/1 142/171/1 140/169/1
f 142/171/1 143/172/1 140/169/1
f 140/169/1 134/168/1 132/167/1
f 140/169/1 143/172/1 134/168/1
f 142/66/93 144/63/93 143/64/93
f 143/64/94 144/63/94 138/61/94
f 143/64/94 138/61/94 134/62/94
f 146/170/7 144/172/7 145/171/7
f 142/66/93 145/65/93 144/63/93
f 139/169/7 138/168/7 144/172/7
f 139/169/7 144/172/7 146/170/7
f 141/46/92 139/51/92 146/47/92
f 146/170/7 145/171/7 147/173/7
f 148/174/95 146/175/95 147/176/95
f 141/177/95 146/175/95 148/174/95
f 148/173/1 151/178/1 141/170/1
f 148/174/96 147/176/96 150/179/96
f 148/173/1 149/180/1 151/178/1
f 150/181/72 149/180/72 148/173/72
f 149/133/97 152/148/97 151/149/97
f 151/149/98 152/148/98 145/151/98
f 151/149/98 145/151/98 142/147/98
f 141/170/1 151/178/1 142/171/1
f 154/181/7 152/178/7 153/180/7
f 149/133/97 153/150/97 152/148/97
f 147/173/7 145/171/7 152/178/7
f 147/173/7 152/178/7 154/181/7
f 150/179/96 147/176/96 154/182/96
f 9/15/99 154/182/99 8/14/99
f 154/181/42 153/180/42 8/11/42
f 150/179/100 154/182/100 9/15/100
f 8/11/7 153/180/7 11/16/7
f 155/130/101 11/134/101 153/150/101
f 155/130/101 153/150/101 149/133/101
f 9/11/1 2/3/1 155/16/1
f 2/6/102 11/134/102 155/130/102
f 150/181/1 155/16/1 149/180/1
f 9/11/1 155/16/1 150/181/1
f 134/62/87 138/61/87 135/59/87
f 111/82/77 120/97/77 112/98/77
f 112/98/103 120/97/103 107/110/103
f 109/152/7 107/143/7 120/155/7
f 109/152/7 120/155/7 114/156/7
f 112/98/103 107/110/103 103/96/103
f 104/145/1 112/155/1 103/143/1
f 94/133/60 100/150/60 95/134/60
f 79/10/104 85/27/104 82/25/104
f 77/26/105 82/25/105 83/39/105
f 77/26/105 83/39/105 71/24/105
f 71/24/47 83/39/47 72/37/47
f 75/114/7 72/104/7 83/109/7
f 79/10/104 82/25/104 77/26/104
f 48/86/36 57/87/36 49/164/36
f 49/164/106 57/87/106 44/68/106
f 46/69/7 44/57/7 57/74/7
f 46/69/7 57/74/7 51/75/7
f 49/164/106 44/68/106 37/58/106
f 36/56/1 49/74/1 37/57/1
f 2/6/102 3/5/102 11/134/102
f 704/735/626 706/736/626 705/737/626
f 705/737/627 709/738/627 704/735/627
f 704/735/628 708/739/628 706/736/628
f 707/740/628 708/739/628 704/735/628
f 709/738/629 707/740/629 704/735/629
f 713/741/630 710/742/630 709/738/630
f 709/738/631 710/742/631 707/740/631
f 711/743/632 712/744/632 709/738/632
f 714/745/633 711/743/633 709/738/633
f 709/738/634 712/744/634 713/741/634
f 714/745/635 709/738/635 705/737/635
f 716/746/636 714/745/636 715/747/636
f 715/747/636 714/745/636 705/737/636
f 717/748/637 711/743/637 714/745/637
f 716/746/638 717/748/638 714/745/638
f 717/748/639 720/749/639 711/743/639
f 719/750/640 718/751/640 717/748/640
f 718/751/641 720/749/641 717/748/641
f 719/750/642 717/748/642 716/746/642
f 721/752/643 722/753/643 720/749/643
f 718/751/644 721/752/644 720/749/644
f 720/749/645 722/753/645 723/754/645
f 720/749/646 723/754/646 711/743/646
f 711/743/647 723/754/647 712/744/647
f 724/755/648 712/744/648 723/754/648
f 724/755/649 723/754/649 725/756/649
f 725/756/650 723/754/650 722/753/650
f 725/756/651 728/757/651 724/755/651
f 725/756/652 722/753/652 726/758/652
f 726/758/653 727/759/653 725/756/653
f 725/756/654 727/759/654 728/757/654
f 727/759/655 729/760/655 728/757/655
f 728/757/656 729/760/656 730/761/656
f 728/757/657 730/761/657 731/762/657
f 724/755/658 728/757/658 731/762/658
f 731/762/659 730/761/659 732/763/659
f 731/762/660 732/763/660 733/764/660
f 734/765/661 731/762/661 733/764/661
f 724/755/662 731/762/662 734/765/662
f 735/766/663 713/741/663 734/765/663
f 734/765/664 733/764/664 735/766/664
f 734/765/665 712/744/665 724/755/665
f 734/765/666 713/741/666 712/744/666
f 735/766/667 738/767/667 713/741/667
f 735/766/668 733/764/668 737/768/668
f 736/769/669 738/767/669 735/766/669
f 735/766/670 737/768/670 736/769/670
f 736/769/671 739/770/671 738/767/671
f 738/767/671 739/770/671 740/771/671
f 738/767/672 740/771/672 710/742/672
f 738/767/673 710/742/673 713/741/673
f 740/771/674 739/770/674 742/772/674
f 710/742/672 740/771/672 741/773/672
f 742/772/675 741/773/675 740/771/675
f 743/774/676 741/773/676 742/772/676
f 742/772/677 746/775/677 743/774/677
f 742/772/678 747/776/678 744/777/678
f 744/777/679 745/778/679 742/772/679
f 742/772/680 745/778/680 746/775/680
f 742/772/681 739/770/681 747/776/681
f 749/779/682 748/780/682 747/776/682
f 744/777/683 747/776/683 748/780/683
f 749/779/684 747/776/684 736/769/684
f 736/769/684 747/776/684 739/770/684
f 750/781/685 748/780/685 749/779/685
f 737/768/686 750/781/686 749/779/686
f 736/769/687 737/768/687 749/779/687
f 750/781/688 752/782/688 748/780/688
f 737/768/689 751/783/689 750/781/689
f 751/783/688 752/782/688 750/781/688
f 751/783/690 753/784/690 752/782/690
f 755/785/691 752/782/691 753/784/691
f 754/786/692 748/780/692 752/782/692
f 754/786/693 752/782/693 755/785/693
f 755/785/694 757/787/694 756/788/694
f 755/785/695 756/788/695 758/789/695
f 755/785/696 760/790/696 754/786/696
f 753/784/697 757/787/697 755/785/697
f 758/789/698 759/791/698 755/785/698
f 755/785/696 759/791/696 760/790/696
f 759/791/699 762/792/699 760/790/699
f 754/786/700 760/790/700 761/793/700
f 760/790/701 763/794/701 761/793/701
f 760/790/702 762/792/702 763/794/702
f 762/792/703 765/795/703 763/794/703
f 761/793/704 763/794/704 764/796/704
f 763/794/705 766/797/705 764/796/705
f 763/794/706 765/795/706 766/797/706
f 765/795/707 768/798/707 766/797/707
f 764/796/708 766/797/708 767/799/708
f 766/797/709 769/800/709 767/799/709
f 766/797/710 768/798/710 769/800/710
f 768/801/711 771/802/711 769/803/711
f 767/799/712 769/800/712 770/804/712
f 769/803/713 772/805/713 770/806/713
f 769/803/714 771/802/714 772/805/714
f 771/802/715 774/807/715 772/805/715
f 770/806/716 772/805/716 773/808/716
f 772/805/717 775/809/717 773/808/717
f 772/805/718 774/807/718 775/809/718
f 774/807/719 777/810/719 775/809/719
f 773/808/720 775/809/720 776/811/720
f 775/809/721 778/812/721 776/811/721
f 775/809/722 777/810/722 778/812/722
f 777/810/723 780/813/723 778/812/723
f 776/811/724 778/812/724 779/814/724
f 778/812/725 781/815/725 779/814/725
f 778/812/725 780/813/725 781/815/725
f 779/814/726 781/815/726 782/816/726
f 781/815/727 784/817/727 782/816/727
f 780/813/728 783/818/728 781/815/728
f 781/815/729 783/818/729 784/817/729
f 785/819/1 784/817/1 783/818/1
f 785/819/1 786/820/1 784/817/1
f 782/816/730 784/817/730 786/820/730
f 787/821/1 786/820/1 785/819/1
f 788/822/731 786/820/731 787/821/731
f 782/816/730 786/820/730 788/822/730
f 789/823/732 782/816/732 788/822/732
f 789/823/732 788/822/732 790/824/732
f 790/824/733 788/822/733 791/825/733
f 788/822/731 787/821/731 791/825/731
f 791/825/734 787/821/734 792/826/734
f 791/825/734 792/826/734 794/827/734
f 790/824/735 791/825/735 793/828/735
f 793/828/736 791/825/736 794/827/736
f 794/827/737 792/826/737 797/829/737
f 793/828/736 794/827/736 795/830/736
f 795/830/738 794/827/738 796/831/738
f 794/827/739 797/829/739 796/831/739
f 798/832/1 797/829/1 785/819/1
f 785/819/1 797/829/1 792/826/1
f 796/831/740 797/829/740 798/832/740
f 785/819/1 799/833/1 798/832/1
f 800/834/741 798/832/741 799/833/741
f 796/831/742 798/832/742 800/834/742
f 800/834/743 799/833/743 803/835/743
f 801/836/744 796/831/744 800/834/744
f 801/836/745 800/834/745 802/837/745
f 802/837/746 800/834/746 803/835/746
f 803/835/747 799/833/747 804/838/747
f 803/835/747 804/838/747 806/839/747
f 802/837/748 803/835/748 805/840/748
f 805/840/749 803/835/749 806/839/749
f 805/840/750 806/839/750 807/841/750
f 807/841/751 806/839/751 808/842/751
f 806/839/752 809/843/752 808/842/752
f 806/839/753 804/838/753 809/843/753
f 809/843/1 804/838/1 785/819/1
f 785/819/1 810/844/1 809/843/1
f 808/842/754 809/843/754 810/844/754
f 785/819/1 811/845/1 810/844/1
f 812/846/755 810/844/755 811/845/755
f 808/842/754 810/844/754 812/846/754
f 813/847/756 808/842/756 812/846/756
f 813/847/756 812/846/756 814/848/756
f 814/848/757 812/846/757 815/849/757
f 812/846/758 811/845/758 815/849/758
f 814/848/759 815/849/759 816/850/759
f 816/850/760 815/849/760 817/851/760
f 815/849/761 818/852/761 817/851/761
f 815/849/762 811/845/762 818/852/762
f 818/852/1 811/845/1 785/819/1
f 785/819/1 819/853/1 818/852/1
f 817/851/763 818/852/763 819/853/763
f 785/819/1 820/854/1 819/853/1
f 821/855/764 819/853/764 820/854/764
f 817/851/763 819/853/763 821/855/763
f 821/855/764 820/854/764 824/856/764
f 822/857/765 817/851/765 821/855/765
f 822/857/765 821/855/765 823/858/765
f 823/858/766 821/855/766 824/856/766
f 824/856/767 820/854/767 827/859/767
f 823/858/768 824/856/768 825/860/768
f 825/860/769 824/856/769 826/861/769
f 824/856/770 827/859/770 826/861/770
f 827/859/1 820/854/1 785/819/1
f 785/819/1 828/862/1 827/859/1
f 826/861/771 827/859/771 828/862/771
f 785/819/1 829/863/1 828/862/1
f 830/864/772 828/862/772 829/863/772
f 826/861/773 828/862/773 830/864/773
f 833/865/774 830/864/774 831/866/774
f 831/866/775 830/864/775 832/867/775
f 830/864/772 829/863/772 832/867/772
f 833/865/774 826/861/774 830/864/774
f 834/868/776 825/860/776 833/865/776
f 834/868/777 833/865/777 835/869/777
f 825/860/778 826/861/778 833/865/778
f 835/869/779 833/865/779 831/866/779
f 836/870/780 834/868/780 835/869/780
f 836/870/781 835/869/781 837/871/781
f 837/871/782 835/869/782 838/872/782
f 835/869/779 831/866/779 838/872/779
f 837/871/783 838/872/783 839/873/783
f 839/873/784 838/872/784 840/874/784
f 838/872/785 841/875/785 840/874/785
f 838/872/786 831/866/786 841/875/786
f 831/866/775 832/867/775 841/875/775
f 840/874/787 841/875/787 842/876/787
f 841/875/788 843/877/788 842/876/788
f 841/875/789 832/867/789 843/877/789
f 832/867/790 845/878/790 843/877/790
f 842/876/791 843/877/791 844/879/791
f 843/877/792 846/880/792 844/879/792
f 843/877/792 845/878/792 846/880/792
f 785/819/1 846/880/1 845/878/1
f 785/819/1 847/881/1 846/880/1
f 844/879/793 846/880/793 847/881/793
f 848/882/1 847/881/1 785/819/1
f 849/883/794 847/881/794 848/882/794
f 844/879/793 847/881/793 849/883/793
f 850/884/795 844/879/795 849/883/795
f 850/884/795 849/883/795 851/885/795
f 851/885/796 849/883/796 852/886/796
f 849/883/794 848/882/794 852/886/794
f 852/886/797 848/882/797 853/887/797
f 852/886/797 853/887/797 855/888/797
f 851/885/798 852/886/798 854/889/798
f 854/889/799 852/886/799 855/888/799
f 855/888/800 853/887/800 856/890/800
f 855/888/801 856/890/801 858/891/801
f 854/889/802 855/888/802 857/892/802
f 857/892/803 855/888/803 858/891/803
f 858/891/804 856/890/804 859/893/804
f 858/891/805 859/893/805 861/894/805
f 857/892/806 858/891/806 860/895/806
f 860/895/807 858/891/807 861/894/807
f 860/895/808 861/894/808 862/896/808
f 862/896/809 861/894/809 863/897/809
f 861/894/810 864/898/810 863/897/810
f 861/894/811 859/893/811 864/898/811
f 785/819/1 864/898/1 859/893/1
f 785/819/1 865/899/1 864/898/1
f 863/897/812 864/898/812 865/899/812
f 866/900/1 865/899/1 785/819/1
f 867/901/813 865/899/813 866/900/813
f 863/897/814 865/899/814 867/901/814
f 868/902/815 863/897/815 867/901/815
f 868/902/816 867/901/816 869/903/816
f 869/903/817 867/901/817 870/904/817
f 867/901/818 866/900/818 870/904/818
f 870/904/819 866/900/819 871/905/819
f 870/904/819 871/905/819 873/906/819
f 869/903/820 870/904/820 872/907/820
f 872/907/821 870/904/821 873/906/821
f 873/906/822 871/905/822 876/908/822
f 872/907/823 873/906/823 874/909/823
f 874/909/824 873/906/824 875/910/824
f 873/906/822 876/908/822 875/910/822
f 877/911/1 876/908/1 785/819/1
f 785/819/1 876/908/1 871/905/1
f 875/910/825 876/908/825 877/911/825
f 785/819/1 878/912/1 877/911/1
f 879/913/826 877/911/826 878/912/826
f 875/910/827 877/911/827 879/913/827
f 879/913/828 878/912/828 882/914/828
f 880/915/829 875/910/829 879/913/829
f 880/915/829 879/913/829 881/916/829
f 881/916/830 879/913/830 882/914/830
f 882/914/831 878/912/831 883/917/831
f 882/914/832 883/917/832 885/918/832
f 881/916/833 882/914/833 884/919/833
f 884/919/834 882/914/834 885/918/834
f 884/919/835 885/918/835 886/920/835
f 886/920/836 885/918/836 887/921/836
f 885/918/837 888/922/837 887/921/837
f 885/918/838 883/917/838 888/922/838
f 785/819/1 889/923/1 888/922/1
f 888/922/1 883/917/1 785/819/1
f 887/921/839 888/922/839 889/923/839
f 785/819/1 890/924/1 889/923/1
f 891/925/840 889/923/840 890/924/840
f 887/921/839 889/923/839 891/925/839
f 892/926/841 887/921/841 891/925/841
f 892/926/842 891/925/842 893/927/842
f 893/927/843 891/925/843 894/928/843
f 891/925/840 890/924/840 894/928/840
f 893/927/844 894/928/844 896/929/844
f 894/928/845 890/924/845 895/930/845
f 894/928/845 895/930/845 897/931/845
f 896/929/846 894/928/846 897/931/846
f 897/931/847 895/930/847 898/932/847
f 897/931/848 898/932/848 900/933/848
f 896/929/849 897/931/849 899/934/849
f 899/934/850 897/931/850 900/933/850
f 900/933/851 898/932/851 901/935/851
f 900/933/851 901/935/851 903/936/851
f 899/934/852 900/933/852 902/937/852
f 902/937/853 900/933/853 903/936/853
f 903/936/854 901/935/854 906/938/854
f 902/937/853 903/936/853 904/939/853
f 904/939/855 903/936/855 905/940/855
f 903/936/854 906/938/854 905/940/854
f 906/938/1 901/935/1 785/819/1
f 785/819/1 907/941/1 906/938/1
f 905/940/856 906/938/856 907/941/856
f 785/819/1 908/942/1 907/941/1
f 909/943/857 907/941/857 908/942/857
f 905/940/856 907/941/856 909/943/856
f 912/944/858 909/943/858 910/945/858
f 910/945/859 909/943/859 911/946/859
f 909/943/857 908/942/857 911/946/857
f 912/944/860 905/940/860 909/943/860
f 913/947/861 904/939/861 912/944/861
f 913/947/862 912/944/862 914/948/862
f 904/939/863 905/940/863 912/944/863
f 914/948/864 912/944/864 910/945/864
f 915/949/865 913/947/865 914/948/865
f 915/949/866 914/948/866 916/950/866
f 916/950/867 914/948/867 917/951/867
f 914/948/868 910/945/868 917/951/868
f 916/950/869 917/951/869 918/952/869
f 918/952/870 917/951/870 919/953/870
f 917/951/871 920/954/871 919/953/871
f 917/951/872 910/945/872 920/954/872
f 910/945/859 911/946/859 920/954/859
f 919/953/873 920/954/873 921/955/873
f 920/954/874 922/956/874 921/955/874
f 920/954/875 911/946/875 922/956/875
f 911/946/876 924/957/876 922/956/876
f 921/955/877 922/956/877 923/958/877
f 922/956/878 925/959/878 923/958/878
f 922/956/878 924/957/878 925/959/878
f 785/819/1 925/959/1 924/957/1
f 785/819/1 926/960/1 925/959/1
f 923/958/879 925/959/879 926/960/879
f 927/961/1 926/960/1 785/819/1
f 928/962/880 926/960/880 927/961/880
f 923/958/881 926/960/881 928/962/881
f 929/963/882 923/958/882 928/962/882
f 929/963/882 928/962/882 930/964/882
f 930/964/883 928/962/883 931/965/883
f 928/962/884 927/961/884 931/965/884
f 931/965/885 927/961/885 932/966/885
f 931/965/886 932/966/886 934/967/886
f 930/964/887 931/965/887 933/968/887
f 933/968/888 931/965/888 934/967/888
f 934/967/889 932/966/889 935/969/889
f 934/967/889 935/969/889 937/970/889
f 933/968/890 934/967/890 936/971/890
f 936/971/891 934/967/891 937/970/891
f 937/970/892 935/969/892 938/972/892
f 937/970/892 938/972/892 940/973/892
f 936/971/893 937/970/893 939/974/893
f 939/974/894 937/970/894 940/973/894
f 939/974/895 940/973/895 941/975/895
f 941/975/896 940/973/896 942/976/896
f 940/973/897 943/977/897 942/976/897
f 940/973/897 938/972/897 943/977/897
f 785/819/1 943/977/1 938/972/1
f 785/819/1 944/978/1 943/977/1
f 942/976/898 943/977/898 944/978/898
f 945/979/1 944/978/1 785/819/1
f 946/980/899 944/978/899 945/979/899
f 942/976/900 944/978/900 946/980/900
f 947/981/901 942/976/901 946/980/901
f 947/981/902 946/980/902 948/982/902
f 948/982/903 946/980/903 949/983/903
f 946/980/899 945/979/899 949/983/899
f 949/983/904 945/979/904 950/984/904
f 949/983/904 950/984/904 952/985/904
f 948/982/905 949/983/905 951/986/905
f 951/986/906 949/983/906 952/985/906
f 952/985/907 950/984/907 955/987/907
f 951/986/908 952/985/908 953/988/908
f 953/988/909 952/985/909 954/989/909
f 952/985/910 955/987/910 954/989/910
f 956/990/1 955/987/1 785/819/1
f 785/819/1 955/987/1 950/984/1
f 954/989/911 955/987/911 956/990/911
f 785/819/1 957/991/1 956/990/1
f 958/992/912 956/990/912 957/991/912
f 954/989/911 956/990/911 958/992/911
f 958/992/913 957/991/913 961/993/913
f 959/994/914 954/989/914 958/992/914
f 959/994/914 958/992/914 960/995/914
f 960/995/915 958/992/915 961/993/915
f 961/993/916 957/991/916 962/996/916
f 961/993/917 962/996/917 964/997/917
f 960/995/915 961/993/915 963/998/915
f 963/998/918 961/993/918 964/997/918
f 963/998/919 964/997/919 965/999/919
f 965/999/920 964/997/920 966/1000/920
f 964/997/921 967/1001/921 966/1000/921
f 964/997/921 962/996/921 967/1001/921
f 967/1001/1 962/996/1 785/819/1
f 785/819/1 968/1002/1 967/1001/1
f 966/1000/922 967/1001/922 968/1002/922
f 785/819/1 969/1003/1 968/1002/1
f 970/1004/923 968/1002/923 969/1003/923
f 966/1000/924 968/1002/924 970/1004/924
f 971/1005/925 966/1000/925 970/1004/925
f 971/1005/926 970/1004/926 972/1006/926
f 972/1006/927 970/1004/927 973/1007/927
f 970/1004/928 969/1003/928 973/1007/928
f 972/1006/929 973/1007/929 974/1008/929
f 974/1008/930 973/1007/930 975/1009/930
f 973/1007/931 976/1010/931 975/1009/931
f 973/1007/932 969/1003/932 976/1010/932
f 976/1010/1 969/1003/1 785/819/1
f 785/819/1 977/1011/1 976/1010/1
f 975/1009/933 976/1010/933 977/1011/933
f 785/819/1 978/1012/1 977/1011/1
f 979/1013/934 977/1011/934 978/1012/934
f 975/1009/935 977/1011/935 979/1013/935
f 979/1013/934 978/1012/934 982/1014/934
f 980/1015/936 975/1009/936 979/1013/936
f 980/1015/937 979/1013/937 981/1016/937
f 981/1016/938 979/1013/938 982/1014/938
f 982/1014/939 978/1012/939 985/1017/939
f 981/1016/940 982/1014/940 983/1018/940
f 983/1018/941 982/1014/941 984/1019/941
f 982/1014/942 985/1017/942 984/1019/942
f 985/1017/1 978/1012/1 785/819/1
f 785/819/1 986/1020/1 985/1017/1
f 984/1019/943 985/1017/943 986/1020/943
f 785/819/1 987/1021/1 986/1020/1
f 988/1022/944 986/1020/944 987/1021/944
f 984/1019/943 986/1020/943 988/1022/943
f 991/1023/945 988/1022/945 989/1024/945
f 989/1024/946 988/1022/946 990/1025/946
f 988/1022/944 987/1021/944 990/1025/944
f 991/1023/947 984/1019/947 988/1022/947
f 992/1026/948 983/1018/948 991/1023/948
f 992/1026/949 991/1023/949 993/1027/949
f 983/1018/950 984/1019/950 991/1023/950
f 993/1027/951 991/1023/951 989/1024/951
f 994/1028/952 992/1026/952 993/1027/952
f 994/1028/953 993/1027/953 995/1029/953
f 995/1029/954 993/1027/954 996/1030/954
f 993/1027/955 989/1024/955 996/1030/955
f 995/1029/956 996/1030/956 997/1031/956
f 997/1031/957 996/1030/957 998/1032/957
f 996/1030/958 999/1033/958 998/1032/958
f 996/1030/959 989/1024/959 999/1033/959
f 989/1024/960 990/1025/960 999/1033/960
f 998/1032/961 999/1033/961 1000/1034/961
f 999/1033/962 1001/1035/962 1000/1034/962
f 999/1033/963 990/1025/963 1001/1035/963
f 990/1025/964 1003/1036/964 1001/1035/964
f 1000/1034/965 1001/1035/965 1002/1037/965
f 1001/1035/966 1004/1038/966 1002/1037/966
f 1001/1035/967 1003/1036/967 1004/1038/967
f 785/819/1 1004/1038/1 1003/1036/1
f 785/819/1 1005/1039/1 1004/1038/1
f 1002/1037/968 1004/1038/968 1005/1039/968
f 1006/1040/1 1005/1039/1 785/819/1
f 1007/1041/969 1005/1039/969 1006/1040/969
f 1002/1037/968 1005/1039/968 1007/1041/968
f 1008/1042/970 1002/1037/970 1007/1041/970
f 1008/1042/971 1007/1041/971 1009/1043/971
f 1009/1043/972 1007/1041/972 1010/1044/972
f 1007/1041/969 1006/1040/969 1010/1044/969
f 1010/1044/973 1006/1040/973 1011/1045/973
f 1010/1044/974 1011/1045/974 1013/1046/974
f 1009/1043/975 1010/1044/975 1012/1047/975
f 1012/1047/976 1010/1044/976 1013/1046/976
f 1013/1046/977 1011/1045/977 1014/1048/977
f 1013/1046/977 1014/1048/977 780/813/977
f 1012/1047/978 1013/1046/978 777/810/978
f 777/810/723 1013/1046/723 780/813/723
f 783/818/1 1014/1048/1 785/819/1
f 780/813/728 1014/1048/728 783/818/728
f 785/819/1 1014/1048/1 1011/1045/1
f 1015/1049/979 1009/1043/979 1012/1047/979
f 1015/1049/980 1012/1047/980 774/807/980
f 774/807/981 1012/1047/981 777/810/981
f 1016/1050/982 1017/1051/982 1015/1049/982
f 1016/1050/982 1015/1049/982 771/802/982
f 1017/1051/983 1009/1043/983 1015/1049/983
f 771/802/984 1015/1049/984 774/807/984
f 1018/1052/985 1019/1053/985 1017/1051/985
f 1018/1052/986 1017/1051/986 1016/1050/986
f 1019/1053/987 1008/1042/987 1017/1051/987
f 1017/1051/983 1008/1042/983 1009/1043/983
f 1020/1054/988 998/1032/988 1019/1053/988
f 1020/1054/989 1019/1053/989 1018/1052/989
f 998/1032/961 1000/1034/961 1019/1053/961
f 1019/1053/990 1000/1034/990 1008/1042/990
f 1021/1055/991 997/1031/991 1020/1054/991
f 1021/1055/992 1020/1054/992 1022/1056/992
f 997/1031/957 998/1032/957 1020/1054/957
f 1022/1056/993 1020/1054/993 1018/1052/993
f 1023/1057/994 1021/1058/994 1022/1059/994
f 1023/1057/995 1022/1059/995 1024/1060/995
f 1024/1060/996 1022/1059/996 1025/1061/996
f 1022/1056/997 1018/1052/997 1025/1062/997
f 1024/1060/998 1025/1061/998 765/795/998
f 765/795/999 1025/1061/999 768/798/999
f 1025/1062/1000 1016/1050/1000 768/801/1000
f 1025/1062/1000 1018/1052/1000 1016/1050/1000
f 1026/1063/1001 1023/1057/1001 1024/1060/1001
f 1026/1063/1002 1024/1060/1002 762/792/1002
f 762/792/1003 1024/1060/1003 765/795/1003
f 1027/1064/1004 1026/1063/1004 759/791/1004
f 759/791/1005 1026/1063/1005 762/792/1005
f 1028/1065/1006 1023/1057/1006 1026/1063/1006
f 1027/1064/1007 1028/1065/1007 1026/1063/1007
f 1029/1066/1008 1030/1067/1008 1028/1065/1008
f 1029/1066/1009 1028/1065/1009 1027/1064/1009
f 1030/1067/1010 1031/1068/1010 1028/1065/1010
f 1028/1065/1011 1031/1068/1011 1023/1057/1011
f 1030/1067/1012 1032/1069/1012 1031/1068/1012
f 1032/1070/1013 1033/1071/1013 1031/1072/1013
f 1031/1072/1014 1021/1055/1014 1023/1073/1014
f 1031/1072/1015 1033/1071/1015 1021/1055/1015
f 1032/1070/1016 1034/1074/1016 1033/1071/1016
f 1034/1074/1017 995/1029/1017 1033/1071/1017
f 1033/1071/1018 997/1031/1018 1021/1055/1018
f 1033/1071/1019 995/1029/1019 997/1031/1019
f 1035/1075/1020 1036/1076/1020 1034/1074/1020
f 1035/1075/1021 1034/1074/1021 1032/1070/1021
f 1036/1076/1022 994/1028/1022 1034/1074/1022
f 1034/1074/1023 994/1028/1023 995/1029/1023
f 1037/1077/1024 1038/1078/1024 1036/1076/1024
f 1037/1077/1025 1036/1076/1025 1035/1075/1025
f 1038/1078/1026 1039/1079/1026 1036/1076/1026
f 1036/1076/1027 1039/1079/1027 994/1028/1027
f 1038/1078/1028 1040/1080/1028 1039/1079/1028
f 1040/1080/1029 1041/1081/1029 1039/1079/1029
f 1039/1079/1030 992/1026/1030 994/1028/1030
f 1039/1079/1031 1041/1081/1031 992/1026/1031
f 1040/1080/1032 1042/1082/1032 1041/1081/1032
f 1042/1082/1033 981/1016/1033 1041/1081/1033
f 1041/1081/1034 983/1018/1034 992/1026/1034
f 1041/1081/1034 981/1016/1034 983/1018/1034
f 1043/1083/1035 1044/1084/1035 1042/1082/1035
f 1043/1083/1036 1042/1082/1036 1040/1080/1036
f 1044/1084/1037 980/1015/1037 1042/1082/1037
f 1042/1082/1033 980/1015/1033 981/1016/1033
f 1045/1085/1038 1046/1086/1038 1044/1084/1038
f 1045/1085/1039 1044/1084/1039 1043/1083/1039
f 1046/1086/1040 974/1008/1040 1044/1084/1040
f 1044/1084/1041 974/1008/1041 980/1015/1041
f 1047/1087/1042 1048/1088/1042 1046/1086/1042
f 1047/1087/1043 1046/1086/1043 1045/1085/1043
f 1048/1088/1044 972/1006/1044 1046/1086/1044
f 1046/1086/1045 972/1006/1045 974/1008/1045
f 1049/1089/1046 1050/1090/1046 1048/1088/1046
f 1049/1089/1047 1048/1088/1047 1047/1087/1047
f 1050/1090/1048 971/1005/1048 1048/1088/1048
f 1048/1088/1044 971/1005/1044 972/1006/1044
f 1051/1091/1049 1050/1090/1049 1049/1089/1049
f 1052/1092/1050 965/999/1050 1050/1090/1050
f 1050/1090/1051 965/999/1051 971/1005/1051
f 1051/1091/1052 1052/1092/1052 1050/1090/1052
f 1053/1093/1053 1054/1094/1053 1052/1092/1053
f 1053/1093/1054 1052/1092/1054 1051/1091/1054
f 1054/1094/1055 963/998/1055 1052/1092/1055
f 1052/1092/1056 963/998/1056 965/999/1056
f 1055/1095/1057 1056/1096/1057 1054/1094/1057
f 1055/1095/1058 1054/1094/1058 1053/1093/1058
f 1056/1096/1059 960/995/1059 1054/1094/1059
f 1054/1094/1060 960/995/1060 963/998/1060
f 1057/1097/1061 1058/1098/1061 1056/1096/1061
f 1057/1097/1062 1056/1096/1062 1055/1095/1062
f 1058/1098/1063 959/994/1063 1056/1096/1063
f 1056/1096/1064 959/994/1064 960/995/1064
f 1059/1099/1065 1060/1100/1065 1058/1098/1065
f 1059/1099/1066 1058/1098/1066 1057/1097/1066
f 1060/1100/1067 953/988/1067 1058/1098/1067
f 1058/1098/1068 953/988/1068 959/994/1068
f 1061/1101/1069 1062/1102/1069 1060/1100/1069
f 1061/1101/1070 1060/1100/1070 1059/1099/1070
f 1062/1102/1071 951/986/1071 1060/1100/1071
f 1060/1100/1072 951/986/1072 953/988/1072
f 1063/1103/1073 1064/1104/1073 1062/1102/1073
f 1063/1103/1074 1062/1102/1074 1061/1101/1074
f 1064/1104/1075 948/982/1075 1062/1102/1075
f 1062/1102/1076 948/982/1076 951/986/1076
f 1065/1105/1077 1066/1106/1077 1064/1104/1077
f 1065/1105/1078 1064/1104/1078 1063/1103/1078
f 1066/1106/1079 947/981/1079 1064/1104/1079
f 1064/1104/1080 947/981/1080 948/982/1080
f 1067/1107/1081 1066/1106/1081 1065/1105/1081
f 1068/1108/1082 941/975/1082 1066/1106/1082
f 1066/1106/1083 941/975/1083 947/981/1083
f 1067/1107/1084 1068/1108/1084 1066/1106/1084
f 1069/1109/1085 1070/1110/1085 1068/1108/1085
f 1069/1109/1086 1068/1108/1086 1067/1107/1086
f 1070/1110/1087 939/974/1087 1068/1108/1087
f 1068/1108/1082 939/974/1082 941/975/1082
f 1071/1111/1088 1072/1112/1088 1070/1110/1088
f 1071/1111/1089 1070/1110/1089 1069/1109/1089
f 1072/1112/1090 936/971/1090 1070/1110/1090
f 1070/1110/1087 936/971/1087 939/974/1087
f 1073/1113/1091 1074/1114/1091 1072/1112/1091
f 1073/1113/1092 1072/1112/1092 1071/1111/1092
f 1074/1114/1093 933/968/1093 1072/1112/1093
f 1072/1112/1094 933/968/1094 936/971/1094
f 1075/1115/1095 1076/1116/1095 1074/1114/1095
f 1075/1115/1096 1074/1114/1096 1073/1113/1096
f 1076/1116/1097 930/964/1097 1074/1114/1097
f 1074/1114/1098 930/964/1098 933/968/1098
f 1077/1117/1099 1078/1118/1099 1076/1116/1099
f 1077/1117/1100 1076/1116/1100 1075/1115/1100
f 1078/1118/1101 929/963/1101 1076/1116/1101
f 1076/1116/1102 929/963/1102 930/964/1102
f 1079/1119/1103 919/953/1103 1078/1118/1103
f 1079/1119/1104 1078/1118/1104 1077/1117/1104
f 919/953/873 921/955/873 1078/1118/873
f 1078/1118/1105 921/955/1105 929/963/1105
f 1080/1120/1106 918/952/1106 1079/1119/1106
f 1080/1120/1107 1079/1119/1107 1081/1121/1107
f 918/952/870 919/953/870 1079/1119/870
f 1081/1121/1108 1079/1119/1108 1077/1117/1108
f 1082/1122/1109 1080/1123/1109 1081/1124/1109
f 1082/1122/1110 1081/1124/1110 1083/1125/1110
f 1083/1126/1111 1081/1121/1111 1084/1127/1111
f 1081/1121/1108 1077/1117/1108 1084/1127/1108
f 1083/1126/1112 1084/1127/1112 1085/1128/1112
f 1085/1128/1113 1084/1127/1113 1086/1129/1113
f 1084/1127/1114 1075/1115/1114 1086/1129/1114
f 1084/1127/1115 1077/1117/1115 1075/1115/1115
f 1085/1128/1116 1086/1129/1116 1087/1130/1116
f 1087/1130/1117 1086/1129/1117 1088/1131/1117
f 1086/1129/1118 1073/1113/1118 1088/1131/1118
f 1086/1129/1119 1075/1115/1119 1073/1113/1119
f 1087/1130/1120 1088/1131/1120 1089/1132/1120
f 1089/1132/1121 1088/1131/1121 1090/1133/1121
f 1088/1131/1122 1071/1111/1122 1090/1133/1122
f 1088/1131/1123 1073/1113/1123 1071/1111/1123
f 1089/1132/1124 1090/1133/1124 1091/1134/1124
f 1091/1134/1125 1090/1133/1125 1092/1135/1125
f 1090/1133/1126 1069/1109/1126 1092/1135/1126
f 1090/1133/1127 1071/1111/1127 1069/1109/1127
f 1091/1134/1128 1092/1135/1128 1093/1136/1128
f 1093/1137/1129 1092/1138/1129 1094/1139/1129
f 1092/1135/1130 1067/1107/1130 1094/1140/1130
f 1092/1135/1131 1069/1109/1131 1067/1107/1131
f 1093/1137/1132 1094/1139/1132 1095/1141/1132
f 1095/1141/1133 1094/1139/1133 1096/1142/1133
f 1094/1140/1134 1065/1105/1134 1096/1143/1134
f 1094/1140/1135 1067/1107/1135 1065/1105/1135
f 1095/1141/1136 1096/1142/1136 1097/1144/1136
f 1097/1144/1137 1096/1142/1137 1098/1145/1137
f 1096/1143/1138 1063/1103/1138 1098/1146/1138
f 1096/1143/1139 1065/1105/1139 1063/1103/1139
f 1097/1144/1140 1098/1145/1140 1099/1147/1140
f 1099/1147/1141 1098/1145/1141 1100/1148/1141
f 1098/1146/1142 1061/1101/1142 1100/1149/1142
f 1098/1146/1143 1063/1103/1143 1061/1101/1143
f 1099/1147/1144 1100/1148/1144 1101/1150/1144
f 1101/1150/1145 1100/1148/1145 1102/1151/1145
f 1100/1149/1146 1059/1099/1146 1102/1152/1146
f 1100/1149/1147 1061/1101/1147 1059/1099/1147
f 1101/1150/1148 1102/1151/1148 1103/1153/1148
f 1103/1153/1149 1102/1151/1149 1104/1154/1149
f 1102/1152/1150 1057/1097/1150 1104/1155/1150
f 1102/1152/1151 1059/1099/1151 1057/1097/1151
f 1103/1153/1152 1104/1154/1152 1105/1156/1152
f 1105/1156/1153 1104/1154/1153 1106/1157/1153
f 1104/1155/1154 1055/1095/1154 1106/1158/1154
f 1104/1155/1155 1057/1097/1155 1055/1095/1155
f 1105/1156/1156 1106/1157/1156 1107/1159/1156
f 1107/1159/1157 1106/1157/1157 1108/1160/1157
f 1106/1158/1158 1053/1093/1158 1108/1161/1158
f 1106/1158/1158 1055/1095/1158 1053/1093/1158
f 1107/1159/1159 1108/1160/1159 1109/1162/1159
f 1109/1162/1160 1108/1160/1160 1110/1163/1160
f 1108/1161/1161 1051/1091/1161 1110/1164/1161
f 1108/1161/1162 1053/1093/1162 1051/1091/1162
f 1109/1162/1163 1110/1163/1163 1111/1165/1163
f 1111/1165/1164 1110/1163/1164 1112/1166/1164
f 1110/1164/1165 1049/1089/1165 1112/1167/1165
f 1110/1164/1166 1051/1091/1166 1049/1089/1166
f 1111/1165/1167 1112/1166/1167 1113/1168/1167
f 1113/1168/1168 1112/1166/1168 1114/1169/1168
f 1112/1167/1169 1047/1087/1169 1114/1170/1169
f 1112/1167/1170 1049/1089/1170 1047/1087/1170
f 1113/1168/1171 1114/1169/1171 1115/1171/1171
f 1115/1171/1172 1114/1169/1172 1116/1172/1172
f 1114/1170/1173 1045/1085/1173 1116/1173/1173
f 1114/1170/1174 1047/1087/1174 1045/1085/1174
f 1115/1171/1175 1116/1172/1175 1117/1174/1175
f 1117/1174/1176 1116/1172/1176 1118/1175/1176
f 1116/1173/1177 1043/1083/1177 1118/1176/1177
f 1116/1173/1178 1045/1085/1178 1043/1083/1178
f 1117/1174/1179 1118/1175/1179 1119/1177/1179
f 1119/1178/1180 1118/1176/1180 1038/1078/1180
f 1118/1176/1181 1040/1080/1181 1038/1078/1181
f 1118/1176/1182 1043/1083/1182 1040/1080/1182
f 1120/1179/1183 1117/1174/1183 1119/1177/1183
f 1120/1179/1184 1119/1177/1184 1121/1180/1184
f 1121/1180/1185 1119/1177/1185 1037/1181/1185
f 1119/1178/1186 1038/1078/1186 1037/1077/1186
f 1122/1182/1187 1120/1179/1187 1121/1180/1187
f 1122/1182/1188 1121/1180/1188 1123/1183/1188
f 1123/1183/1189 1121/1180/1189 1124/1184/1189
f 1121/1180/1190 1037/1181/1190 1124/1184/1190
f 1123/1183/1191 1124/1184/1191 1125/1185/1191
f 1125/1185/1192 1124/1184/1192 1126/1186/1192
f 1124/1184/1193 1035/1187/1193 1126/1186/1193
f 1124/1184/1194 1037/1181/1194 1035/1187/1194
f 1125/1185/1195 1126/1186/1195 1127/1188/1195
f 1127/1189/1196 1126/1190/1196 1030/1067/1196
f 1126/1190/1197 1032/1069/1197 1030/1067/1197
f 1126/1190/1198 1035/1191/1198 1032/1069/1198
f 1128/1192/1199 1125/1185/1199 1127/1188/1199
f 1128/1192/1200 1127/1188/1200 1129/1193/1200
f 1129/1194/1201 1127/1189/1201 1029/1066/1201
f 1127/1189/1202 1030/1067/1202 1029/1066/1202
f 1129/1193/1203 1131/1195/1203 1130/1196/1203
f 1129/1193/1204 1130/1196/1204 1128/1192/1204
f 1132/1197/1205 1131/1198/1205 1129/1194/1205
f 1129/1194/1206 1029/1066/1206 1132/1197/1206
f 1132/1197/1207 1133/1199/1207 1131/1198/1207
f 758/789/1208 1134/1200/1208 1132/1197/1208
f 1132/1197/1209 1027/1064/1209 758/789/1209
f 1134/1200/1210 1133/1199/1210 1132/1197/1210
f 1132/1197/1211 1029/1066/1211 1027/1064/1211
f 1135/1201/1212 1133/1199/1212 1134/1200/1212
f 1135/1201/1213 1134/1200/1213 1136/1202/1213
f 1136/1202/1214 1134/1200/1214 756/788/1214
f 758/789/1215 756/788/1215 1134/1200/1215
f 1136/1202/1216 756/788/1216 1137/1203/1216
f 1137/1203/1217 1138/1204/1217 1136/1202/1217
f 1135/1201/1218 1136/1202/1218 1138/1204/1218
f 1139/1205/1219 1140/1206/1219 1138/1204/1219
f 1139/1205/1220 1138/1204/1220 1137/1203/1220
f 1141/1207/1221 1138/1204/1221 1140/1206/1221
f 1142/1208/1222 1138/1204/1222 1141/1207/1222
f 1142/1208/1223 1135/1201/1223 1138/1204/1223
f 1143/1209/1224 1144/1210/1224 1142/1208/1224
f 1142/1208/1225 1145/1211/1225 1143/1209/1225
f 1144/1210/1226 1135/1201/1226 1142/1208/1226
f 1142/1208/1227 1146/1212/1227 1145/1211/1227
f 1141/1207/1228 1146/1212/1228 1142/1208/1228
f 1141/1207/1229 1147/1213/1229 1146/1212/1229
f 1149/1214/1230 1146/1215/1230 1147/1216/1230
f 1148/1217/1231 1145/1218/1231 1146/1215/1231
f 1148/1217/1232 1146/1215/1232 1149/1214/1232
f 1149/1214/1233 1147/1216/1233 1151/1219/1233
f 1149/1214/1234 1152/1220/1234 1150/1221/1234
f 1149/1214/1235 1150/1221/1235 1148/1217/1235
f 1151/1219/1236 1152/1220/1236 1149/1214/1236
f 1153/1222/1237 1154/1223/1237 1152/1220/1237
f 1151/1077/1238 1153/1176/1238 1152/1178/1238
f 1152/1220/1239 1154/1223/1239 1155/1224/1239
f 1152/1220/1240 1155/1224/1240 1150/1221/1240
f 1150/1221/1241 1155/1224/1241 1156/1225/1241
f 1157/1226/1242 1156/1225/1242 1155/1224/1242
f 1157/1226/1243 1155/1224/1243 1158/1227/1243
f 1158/1227/1244 1155/1224/1244 1154/1223/1244
f 1161/1087/1245 1159/1089/1245 1158/1170/1245
f 1158/1170/1246 1159/1089/1246 1160/1167/1246
f 1158/1227/1247 1160/1228/1247 1157/1226/1247
f 1158/1170/1248 1154/1173/1248 1161/1087/1248
f 1161/1087/1249 1164/1085/1249 1162/1088/1249
f 1162/1088/1250 1163/1090/1250 1161/1087/1250
f 1161/1087/1251 1163/1090/1251 1159/1089/1251
f 1161/1087/1252 1154/1173/1252 1164/1085/1252
f 1166/1083/1253 1165/1086/1253 1164/1085/1253
f 1162/1088/1254 1164/1085/1254 1165/1086/1254
f 1166/1083/1255 1164/1085/1255 1153/1176/1255
f 1153/1176/1256 1164/1085/1256 1154/1173/1256
f 1167/1084/1257 1165/1086/1257 1166/1083/1257
f 1168/1080/1258 1167/1084/1258 1166/1083/1258
f 1169/1078/1259 1166/1083/1259 1153/1176/1259
f 1168/1080/1260 1166/1083/1260 1169/1078/1260
f 1151/1077/1261 1171/1075/1261 1169/1078/1261
f 1169/1078/1262 1153/1176/1262 1151/1077/1262
f 1169/1078/1263 1171/1075/1263 1170/1076/1263
f 1169/1078/1264 1170/1076/1264 1168/1080/1264
f 1173/1229/1265 1171/1230/1265 1172/1231/1265
f 1172/1231/1266 1171/1230/1266 1147/1213/1266
f 1173/1070/1267 1170/1076/1267 1171/1075/1267
f 1151/1219/1268 1147/1216/1268 1171/1232/1268
f 1172/1231/1269 1174/1233/1269 1173/1229/1269
f 1173/1229/1270 1174/1233/1270 1176/1234/1270
f 1173/1070/1271 1176/1072/1271 1175/1074/1271
f 1175/1074/1272 1170/1076/1272 1173/1070/1272
f 1178/1235/1273 1176/1234/1273 1177/1236/1273
f 1177/1236/1274 1176/1234/1274 1174/1233/1274
f 1178/1073/1275 1179/1071/1275 1176/1072/1275
f 1175/1074/1276 1176/1072/1276 1179/1071/1276
f 1180/1055/1277 1179/1071/1277 1178/1073/1277
f 1180/1055/1278 1181/1029/1278 1179/1071/1278
f 1182/1028/1279 1179/1071/1279 1181/1029/1279
f 1175/1074/1280 1179/1071/1280 1182/1028/1280
f 1182/1028/1281 1185/1079/1281 1175/1074/1281
f 1182/1028/1282 1181/1029/1282 1183/1026/1282
f 1183/1026/1283 1184/1081/1283 1182/1028/1283
f 1182/1028/1284 1184/1081/1284 1185/1079/1284
f 1186/1082/1285 1185/1079/1285 1184/1081/1285
f 1175/1074/1286 1185/1079/1286 1170/1076/1286
f 1168/1080/1287 1170/1076/1287 1185/1079/1287
f 1168/1080/1288 1185/1079/1288 1186/1082/1288
f 1186/1082/1289 1184/1081/1289 1187/1015/1289
f 1187/1015/1290 1188/1008/1290 1186/1082/1290
f 1186/1082/1291 1188/1008/1291 1167/1084/1291
f 1186/1082/1258 1167/1084/1258 1168/1080/1258
f 1189/1007/1292 1190/1004/1292 1188/1008/1292
f 1187/1015/1293 1189/1007/1293 1188/1008/1293
f 1188/1008/1294 1190/1004/1294 1191/1006/1294
f 1188/1008/1295 1191/1006/1295 1167/1084/1295
f 1167/1084/1296 1191/1006/1296 1165/1086/1296
f 1192/1005/1297 1165/1086/1297 1191/1006/1297
f 1192/1005/1298 1191/1006/1298 1193/1000/1298
f 1193/1000/1299 1191/1006/1299 1190/1004/1299
f 1193/1000/1300 1190/1004/1300 1194/1001/1300
f 1194/1001/1301 1195/996/1301 1193/1000/1301
f 1193/1000/1302 1196/997/1302 1192/1005/1302
f 1193/1000/1301 1195/996/1301 1196/997/1301
f 1195/996/1303 1197/991/1303 1196/997/1303
f 1196/997/1303 1197/991/1303 1198/993/1303
f 1196/997/1304 1198/993/1304 1199/999/1304
f 1192/1005/1305 1196/997/1305 1199/999/1305
f 1199/999/1306 1198/993/1306 1200/998/1306
f 1199/999/1307 1200/998/1307 1163/1090/1307
f 1162/1088/1308 1199/999/1308 1163/1090/1308
f 1192/1005/1309 1199/999/1309 1162/1088/1309
f 1163/1090/1310 1200/998/1310 1201/1092/1310
f 1202/995/1311 1201/1092/1311 1200/998/1311
f 1202/995/1312 1200/998/1312 1203/992/1312
f 1203/992/1312 1200/998/1312 1198/993/1312
f 1204/989/1313 1202/995/1313 1203/992/1313
f 1204/989/1314 1203/992/1314 1205/987/1314
f 1205/987/1315 1203/992/1315 1206/990/1315
f 1203/992/1316 1198/993/1316 1206/990/1316
f 1207/1237/7 1205/987/7 1206/990/7
f 1207/1237/7 1206/990/7 1197/991/7
f 1206/990/1317 1198/993/1317 1197/991/1317
f 1207/1237/7 1197/991/7 1211/1238/7
f 1208/1239/7 1205/987/7 1207/1237/7
f 1207/1240/1318 1210/1241/1318 1208/1242/1318
f 1211/1243/1319 1209/1244/1319 1207/1240/1319
f 1207/1240/1318 1209/1244/1318 1210/1241/1318
f 1211/1238/7 1194/1001/7 1212/1245/7
f 1212/1246/1320 1213/1247/1320 1211/1243/1320
f 1211/1238/7 1195/996/7 1194/1001/7
f 1211/1238/7 1197/991/7 1195/996/7
f 1211/1243/1319 1213/1247/1319 1209/1244/1319
f 1214/1248/7 1209/1237/7 1213/1238/7
f 1214/1248/42 1213/1238/42 1215/1249/42
f 1215/1249/7 1213/1238/7 1216/1245/7
f 1212/1246/1320 1216/1250/1320 1213/1247/1320
f 1217/1251/1321 1219/1252/1321 1216/1250/1321
f 1217/1251/1321 1216/1250/1321 1212/1246/1321
f 1215/1249/7 1216/1245/7 1218/1253/7
f 1218/1253/7 1216/1245/7 1219/1254/7
f 1218/1253/7 1219/1254/7 1220/1255/7
f 1220/1255/7 1219/1254/7 1221/1256/7
f 1222/1257/1322 1221/1258/1322 1219/1252/1322
f 1222/1257/1322 1219/1252/1322 1217/1251/1322
f 1217/1254/7 1223/1011/7 1222/1256/7
f 1223/1011/7 1224/1012/7 1222/1256/7
f 1222/1256/7 1224/1012/7 1225/1017/7
f 1222/1256/7 1225/1017/7 1226/1259/7
f 1226/1260/1323 1221/1261/1323 1222/1262/1323
f 1225/1017/7 1227/1020/7 1226/1259/7
f 1226/1259/7 1227/1020/7 1228/1021/7
f 1226/1259/7 1228/1021/7 1229/1263/7
f 1229/1264/1324 1230/1265/1324 1226/1260/1324
f 1226/1260/1323 1230/1265/1323 1221/1261/1323
f 1231/1266/7 1221/1256/7 1230/1259/7
f 1231/1266/7 1230/1259/7 1232/1267/7
f 1232/1267/7 1230/1259/7 1233/1263/7
f 1229/1264/1324 1233/1268/1324 1230/1265/1324
f 1234/1269/1325 1236/1270/1325 1233/1268/1325
f 1234/1269/1325 1233/1268/1325 1229/1264/1325
f 1232/1267/7 1233/1263/7 1235/1271/7
f 1235/1271/7 1233/1263/7 1236/1272/7
f 1235/1271/7 1236/1272/7 1237/1273/7
f 1237/1273/7 1236/1272/7 1238/1274/7
f 1239/1275/1326 1238/1276/1326 1236/1270/1326
f 1239/1275/1326 1236/1270/1326 1234/1269/1326
f 1240/1048/7 1241/1277/7 1239/1274/7
f 1239/1274/7 1243/1045/7 1240/1048/7
f 1241/1278/1327 1238/1276/1327 1239/1275/1327
f 1234/1272/7 1242/1040/7 1239/1274/7
f 1239/1274/7 1242/1040/7 1243/1045/7
f 1240/1048/1328 1243/1045/1328 1244/813/1328
f 1243/1045/1329 1242/1040/1329 1245/1046/1329
f 1244/813/1328 1243/1045/1328 1245/1046/1328
f 1245/1046/1329 1242/1040/1329 1246/1044/1329
f 1245/1046/1330 1246/1044/1330 1248/810/1330
f 1244/813/1331 1245/1046/1331 1247/812/1331
f 1247/812/1332 1245/1046/1332 1248/810/1332
f 1250/811/1333 1248/810/1333 1249/809/1333
f 1248/810/1334 1251/1047/1334 1249/809/1334
f 1248/810/1335 1246/1044/1335 1251/1047/1335
f 1247/812/1333 1248/810/1333 1250/811/1333
f 1246/1044/1336 1252/1041/1336 1251/1047/1336
f 1251/1047/1337 1252/1041/1337 1253/1043/1337
f 1251/1047/1338 1253/1043/1338 1254/807/1338
f 1249/809/1339 1251/1047/1339 1254/807/1339
f 1254/807/1340 1253/1043/1340 1255/1049/1340
f 1254/807/1341 1255/1049/1341 1256/805/1341
f 1257/808/1342 1254/807/1342 1256/805/1342
f 1249/809/1343 1254/807/1343 1257/808/1343
f 1260/1279/1344 1249/809/1344 1257/808/1344
f 1257/808/1345 1256/805/1345 1259/1280/1345
f 1260/1279/1346 1257/808/1346 1258/1281/1346
f 1258/1281/1347 1257/808/1347 1259/1280/1347
f 1260/1279/1348 1262/1282/1348 1261/1283/1348
f 1260/1279/1349 1261/1283/1349 1250/811/1349
f 1258/1281/1350 1262/1282/1350 1260/1279/1350
f 1250/811/1351 1249/809/1351 1260/1279/1351
f 1263/1284/1352 1261/1283/1352 1262/1282/1352
f 1263/1285/1353 1262/1286/1353 1264/1287/1353
f 1264/1287/1354 1262/1286/1354 1265/1288/1354
f 1258/1289/1355 1265/1288/1355 1262/1286/1355
f 1264/1287/1356 1265/1288/1356 1266/1290/1356
f 1266/1290/1357 1265/1288/1357 1267/1291/1357
f 1268/1292/1358 1267/1291/1358 1265/1288/1358
f 1268/1292/1355 1265/1288/1355 1258/1289/1355
f 1269/1293/1359 1267/1291/1359 1268/1292/1359
f 1268/1292/1360 1270/1294/1360 1269/1293/1360
f 1258/1289/1361 1259/1295/1361 1268/1292/1361
f 1268/1292/1361 1259/1295/1361 1270/1294/1361
f 1269/1293/1360 1270/1294/1360 718/751/1360
f 1259/1295/1362 1271/1296/1362 1270/1294/1362
f 1270/1294/1363 1271/1296/1363 721/752/1363
f 1270/1294/1364 721/752/1364 718/751/1364
f 1256/805/1365 1272/802/1365 1271/806/1365
f 1259/1280/1366 1256/805/1366 1271/806/1366
f 1271/806/1367 1272/802/1367 1273/803/1367
f 1271/1296/1368 1273/1297/1368 721/752/1368
f 1274/1050/1369 1273/803/1369 1272/802/1369
f 721/752/1370 1273/1297/1370 722/753/1370
f 726/758/1371 722/753/1371 1273/1297/1371
f 726/801/1372 1273/803/1372 1274/1050/1372
f 1277/1051/1373 1275/1053/1373 1274/1050/1373
f 1274/1050/1374 1275/1053/1374 1276/1052/1374
f 1274/1050/1375 1272/802/1375 1277/1051/1375
f 1274/1050/1376 1276/1052/1376 726/801/1376
f 1277/1051/1377 1272/802/1377 1255/1049/1377
f 1277/1051/1378 1255/1049/1378 1278/1042/1378
f 1277/1051/1379 1279/1034/1379 1275/1053/1379
f 1278/1042/1380 1279/1034/1380 1277/1051/1380
f 1280/1035/1381 1281/1025/1381 1279/1034/1381
f 1278/1042/1382 1280/1035/1382 1279/1034/1382
f 1279/1034/1383 1281/1025/1383 1282/1033/1383
f 1279/1034/1384 1282/1033/1384 1275/1053/1384
f 1285/1022/1385 1282/1033/1385 1281/1025/1385
f 1275/1053/1384 1282/1033/1384 1283/1032/1384
f 1284/1024/1386 1283/1032/1386 1282/1033/1386
f 1284/1024/1387 1282/1033/1387 1285/1022/1387
f 1285/1022/1388 1286/1019/1388 1284/1024/1388
f 1285/1022/1389 1281/1025/1389 1227/1020/1389
f 1227/1020/1390 1225/1017/1390 1285/1022/1390
f 1285/1022/1391 1225/1017/1391 1286/1019/1391
f 1224/1012/1392 1286/1019/1392 1225/1017/1392
f 1284/1024/1393 1286/1019/1393 1287/1023/1393
f 1288/1014/1394 1287/1023/1394 1286/1019/1394
f 1288/1014/1395 1286/1019/1395 1224/1012/1395
f 1289/1018/1396 1287/1023/1396 1288/1014/1396
f 1288/1014/1397 1290/1013/1397 1289/1018/1397
f 1288/1014/1398 1223/1011/1398 1290/1013/1398
f 1224/1012/1398 1223/1011/1398 1288/1014/1398
f 1289/1018/1399 1290/1013/1399 1291/1016/1399
f 1292/1009/1400 1291/1016/1400 1290/1013/1400
f 1292/1009/1401 1290/1013/1401 1293/1010/1401
f 1293/1010/1402 1290/1013/1402 1223/1011/1402
f 1294/1003/7 1293/1010/7 1217/1254/7
f 1217/1254/7 1293/1010/7 1223/1011/7
f 1293/1010/1403 1294/1003/1403 1292/1009/1403
f 1217/1254/7 1212/1245/7 1294/1003/7
f 1212/1245/7 1295/1002/7 1294/1003/7
f 1294/1003/1404 1295/1002/1404 1189/1007/1404
f 1292/1009/1405 1294/1003/1405 1189/1007/1405
f 1212/1245/7 1194/1001/7 1295/1002/7
f 1194/1001/1406 1190/1004/1406 1295/1002/1406
f 1189/1007/1407 1295/1002/1407 1190/1004/1407
f 1187/1015/1408 1291/1016/1408 1292/1009/1408
f 1292/1009/1409 1189/1007/1409 1187/1015/1409
f 1289/1018/1410 1291/1016/1410 1183/1026/1410
f 1183/1026/1411 1291/1016/1411 1184/1081/1411
f 1187/1015/1412 1184/1081/1412 1291/1016/1412
f 1289/1018/1413 1296/1027/1413 1287/1023/1413
f 1183/1026/1413 1296/1027/1413 1289/1018/1413
f 1298/1030/1414 1287/1023/1414 1296/1027/1414
f 1297/1031/1415 1296/1027/1415 1181/1029/1415
f 1183/1026/1416 1181/1029/1416 1296/1027/1416
f 1298/1030/1415 1296/1027/1415 1297/1031/1415
f 1298/1030/1417 1299/1054/1417 1283/1032/1417
f 1298/1030/1418 1283/1032/1418 1284/1024/1418
f 1297/1031/1419 1299/1054/1419 1298/1030/1419
f 1284/1024/1420 1287/1023/1420 1298/1030/1420
f 1276/1052/1421 1283/1032/1421 1299/1054/1421
f 1276/1052/1422 1299/1054/1422 727/1062/1422
f 727/1062/1423 1299/1054/1423 729/1056/1423
f 1297/1031/1424 729/1056/1424 1299/1054/1424
f 1180/1055/1425 729/1056/1425 1297/1031/1425
f 1297/1031/1426 1181/1029/1426 1180/1055/1426
f 1275/1053/1421 1283/1032/1421 1276/1052/1421
f 1227/1020/1389 1281/1025/1389 1228/1021/1389
f 1280/1035/1427 1228/1021/1427 1281/1025/1427
f 1300/1036/1428 1228/1021/1428 1280/1035/1428
f 1301/1037/1429 1300/1036/1429 1280/1035/1429
f 1301/1037/1430 1280/1035/1430 1278/1042/1430
f 1302/1038/1429 1300/1036/1429 1301/1037/1429
f 1301/1037/1431 1253/1043/1431 1252/1041/1431
f 1301/1037/1432 1252/1041/1432 1302/1038/1432
f 1278/1042/1433 1253/1043/1433 1301/1037/1433
f 1229/1263/7 1302/1038/7 1234/1272/7
f 1234/1272/7 1302/1038/7 1303/1039/7
f 1229/1263/7 1300/1036/7 1302/1038/7
f 1302/1038/1432 1252/1041/1432 1303/1039/1432
f 1234/1272/7 1303/1039/7 1242/1040/7
f 1242/1040/1434 1303/1039/1434 1246/1044/1434
f 1246/1044/1435 1303/1039/1435 1252/1041/1435
f 1229/1263/7 1228/1021/7 1300/1036/7
f 1278/1042/1436 1255/1049/1436 1253/1043/1436
f 726/801/1376 1276/1052/1376 727/1062/1376
f 1256/805/1437 1255/1049/1437 1272/802/1437
f 1269/1293/1438 718/751/1438 719/750/1438
f 719/750/1439 1304/1298/1439 1269/1293/1439
f 1269/1293/1440 1304/1298/1440 1267/1291/1440
f 1305/1299/1441 1267/1291/1441 1304/1298/1441
f 1305/1299/1442 1304/1298/1442 1306/1300/1442
f 1306/1300/1443 1304/1298/1443 1307/1301/1443
f 719/750/1444 1307/1301/1444 1304/1298/1444
f 1308/1302/1445 1309/1303/1445 1307/1301/1445
f 716/746/1446 1308/1302/1446 1307/1301/1446
f 1307/1301/1447 1309/1303/1447 1306/1300/1447
f 716/746/1448 1307/1301/1448 719/750/1448
f 1308/1302/157 1310/1304/157 1309/1303/157
f 1309/1303/157 1310/1304/157 1311/1305/157
f 1309/1303/1449 1311/1305/1449 1312/1306/1449
f 1306/1300/1450 1309/1303/1450 1312/1306/1450
f 1312/1306/1449 1311/1305/1449 1313/1307/1449
f 1312/1306/1451 1313/1307/1451 1314/1308/1451
f 1306/1300/1452 1312/1306/1452 1314/1308/1452
f 1314/1308/1451 1313/1307/1451 1315/1309/1451
f 1314/1308/1453 1315/1309/1453 1316/1310/1453
f 1316/1310/1454 1306/1300/1454 1314/1308/1454
f 1316/1310/1453 1315/1309/1453 1317/1311/1453
f 1316/1310/1455 1317/1311/1455 1318/1312/1455
f 1316/1310/1456 1318/1312/1456 1319/1313/1456
f 1319/1313/1457 1306/1300/1457 1316/1310/1457
f 1321/1314/1458 1305/1299/1458 1319/1313/1458
f 1319/1313/1459 1305/1299/1459 1306/1300/1459
f 1319/1313/1460 1318/1312/1460 1320/1315/1460
f 1319/1313/1461 1320/1315/1461 1321/1314/1461
f 1321/1314/1462 1320/1315/1462 1322/1316/1462
f 1321/1314/1463 1322/1316/1463 1323/1317/1463
f 1321/1314/1464 1266/1290/1464 1305/1299/1464
f 1323/1317/1465 1266/1290/1465 1321/1314/1465
f 1323/1317/1466 1322/1316/1466 1324/1318/1466
f 1325/1319/1467 1264/1287/1467 1323/1317/1467
f 1323/1317/1468 1264/1287/1468 1266/1290/1468
f 1323/1317/1469 1324/1318/1469 1325/1319/1469
f 1325/1319/1470 1327/1320/1470 1326/1321/1470
f 1326/1321/1471 1263/1285/1471 1325/1319/1471
f 1325/1319/1471 1263/1285/1471 1264/1287/1471
f 1325/1319/1472 1324/1318/1472 1327/1320/1472
f 1329/1322/1473 1328/1323/1473 1327/1320/1473
f 1326/1321/1474 1327/1320/1474 1328/1323/1474
f 1329/1322/1475 1327/1320/1475 1330/1324/1475
f 1330/1324/1476 1327/1320/1476 1324/1318/1476
f 1332/1325/1477 1329/1322/1477 1330/1324/1477
f 1330/1324/1478 1324/1318/1478 1331/1326/1478
f 1333/1327/1479 1330/1324/1479 1331/1326/1479
f 1332/1325/1480 1330/1324/1480 1333/1327/1480
f 1334/1328/1481 1336/1329/1481 1333/1327/1481
f 1333/1327/1482 1331/1326/1482 1334/1328/1482
f 1333/1327/1481 1336/1329/1481 1335/1330/1481
f 1333/1327/1483 1335/1330/1483 1332/1325/1483
f 1340/1331/1484 1337/1332/1484 1336/1329/1484
f 1337/1332/1485 1338/1333/1485 1336/1329/1485
f 1336/1329/1486 1338/1333/1486 1339/1334/1486
f 1336/1329/1487 1339/1334/1487 1335/1330/1487
f 1334/1328/1488 1340/1331/1488 1336/1329/1488
f 1341/1335/1489 1342/1336/1489 1340/1331/1489
f 1341/1335/1490 1340/1331/1490 1334/1328/1490
f 1340/1331/1489 1342/1336/1489 1343/1337/1489
f 1340/1331/1491 1343/1337/1491 1337/1332/1491
f 1343/1337/1492 1342/1336/1492 1346/1338/1492
f 1337/1332/1491 1343/1337/1491 1344/1339/1491
f 1345/1340/1493 1344/1339/1493 1343/1337/1493
f 1345/1340/1494 1343/1337/1494 1346/1338/1494
f 1346/1338/1495 1342/1336/1495 1347/1341/1495
f 1346/1338/1496 1347/1341/1496 1348/1342/1496
f 1346/1338/1497 1350/1343/1497 1345/1340/1497
f 1348/1342/1498 1349/1344/1498 1346/1338/1498
f 1346/1338/1497 1349/1344/1497 1350/1343/1497
f 1345/1340/1499 1350/1343/1499 1351/1345/1499
f 1349/1344/1500 1352/1346/1500 1350/1343/1500
f 1350/1343/1501 1353/1347/1501 1351/1345/1501
f 1350/1343/1502 1352/1346/1502 1353/1347/1502
f 1352/1346/1503 1355/1348/1503 1353/1347/1503
f 1351/1349/1504 1353/1350/1504 1354/1351/1504
f 1353/1350/1505 1356/1352/1505 1354/1351/1505
f 1353/1350/1506 1355/1353/1506 1356/1352/1506
f 1354/1351/1507 1356/1352/1507 1357/1354/1507
f 1356/1355/1508 1359/1356/1508 1357/1357/1508
f 1355/1358/1509 1358/1359/1509 1356/1355/1509
f 1356/1355/1510 1358/1359/1510 1359/1356/1510
f 1358/1359/1511 1361/1360/1511 1359/1356/1511
f 1357/1357/1512 1359/1356/1512 1360/1361/1512
f 1359/1356/1513 1362/1362/1513 1360/1361/1513
f 1359/1356/1514 1361/1360/1514 1362/1362/1514
f 1361/1360/1515 1364/1363/1515 1362/1362/1515
f 1360/1361/1516 1362/1362/1516 1363/1364/1516
f 1362/1362/1517 1365/1365/1517 1363/1364/1517
f 1362/1362/1518 1364/1363/1518 1365/1365/1518
f 1364/1363/1519 816/850/1519 1365/1365/1519
f 1363/1364/1520 1365/1365/1520 1366/1366/1520
f 1365/1365/1521 822/857/1521 1366/1366/1521
f 1365/1365/1521 816/850/1521 822/857/1521
f 1363/1364/1522 1366/1366/1522 1367/1367/1522
f 1367/1367/1523 1366/1366/1523 1368/1368/1523
f 1366/1366/1524 823/858/1524 1368/1368/1524
f 1366/1366/1525 822/857/1525 823/858/1525
f 1367/1367/1526 1368/1368/1526 1369/1369/1526
f 1369/1369/1527 1368/1368/1527 834/868/1527
f 1368/1368/1528 825/860/1528 834/868/1528
f 1368/1368/1529 823/858/1529 825/860/1529
f 1370/1370/1530 1367/1367/1530 1369/1369/1530
f 1370/1370/1531 1369/1369/1531 1371/1371/1531
f 1371/1371/1532 1369/1369/1532 836/870/1532
f 1369/1369/1533 834/868/1533 836/870/1533
f 1372/1372/1534 1370/1373/1534 1371/1374/1534
f 1372/1372/1535 1371/1374/1535 1373/1375/1535
f 1373/1375/1536 1371/1374/1536 1374/1376/1536
f 1371/1371/1537 836/870/1537 1374/1377/1537
f 1373/1375/1538 1374/1376/1538 1375/1378/1538
f 1375/1378/1539 1374/1376/1539 1376/1379/1539
f 1374/1377/1540 837/871/1540 1376/1380/1540
f 1374/1377/1541 836/870/1541 837/871/1541
f 1375/1378/1542 1376/1379/1542 1377/1381/1542
f 1377/1381/1543 1376/1379/1543 1378/1382/1543
f 1376/1380/1544 839/873/1544 1378/1383/1544
f 1376/1380/1545 837/871/1545 839/873/1545
f 1377/1381/1546 1378/1382/1546 1379/1384/1546
f 1379/1384/1547 1378/1382/1547 1380/1385/1547
f 1378/1383/1548 1381/1386/1548 1380/1387/1548
f 1378/1383/1549 839/873/1549 1381/1386/1549
f 839/873/1550 840/874/1550 1381/1386/1550
f 1380/1387/1551 1381/1386/1551 1382/1388/1551
f 1381/1386/1552 1383/1389/1552 1382/1388/1552
f 1381/1386/1553 840/874/1553 1383/1389/1553
f 840/874/1554 842/876/1554 1383/1389/1554
f 1382/1388/1555 1383/1389/1555 1384/1390/1555
f 1383/1389/1556 850/884/1556 1384/1390/1556
f 1383/1389/1557 842/876/1557 850/884/1557
f 1382/1388/1558 1384/1390/1558 1385/1391/1558
f 1385/1391/1559 1384/1390/1559 1386/1392/1559
f 1384/1390/1560 851/885/1560 1386/1392/1560
f 1384/1390/1561 850/884/1561 851/885/1561
f 1385/1391/1559 1386/1392/1559 1387/1393/1559
f 1387/1393/1562 1386/1392/1562 1388/1394/1562
f 1386/1392/1563 854/889/1563 1388/1394/1563
f 1386/1392/1564 851/885/1564 854/889/1564
f 1387/1393/1565 1388/1394/1565 1389/1395/1565
f 1389/1395/1566 1388/1394/1566 1390/1396/1566
f 1388/1394/1567 857/892/1567 1390/1396/1567
f 1388/1394/1567 854/889/1567 857/892/1567
f 1389/1395/1568 1390/1396/1568 1391/1397/1568
f 1391/1397/1569 1390/1396/1569 1392/1398/1569
f 1390/1396/1570 860/895/1570 1392/1398/1570
f 1390/1396/1571 857/892/1571 860/895/1571
f 1391/1397/1572 1392/1398/1572 1393/1399/1572
f 1393/1399/1573 1392/1398/1573 1394/1400/1573
f 1392/1398/1574 862/896/1574 1394/1400/1574
f 1392/1398/1575 860/895/1575 862/896/1575
f 1393/1399/1576 1394/1400/1576 1395/1401/1576
f 1395/1401/1577 1394/1400/1577 1396/1402/1577
f 1394/1400/1578 868/902/1578 1396/1402/1578
f 1394/1400/1578 862/896/1578 868/902/1578
f 1395/1401/1577 1396/1402/1577 1397/1403/1577
f 1397/1403/1579 1396/1402/1579 1398/1404/1579
f 1396/1402/1580 869/903/1580 1398/1404/1580
f 1396/1402/1581 868/902/1581 869/903/1581
f 1397/1403/1582 1398/1404/1582 1399/1405/1582
f 1399/1405/1583 1398/1404/1583 1400/1406/1583
f 1398/1404/1584 872/907/1584 1400/1406/1584
f 1398/1404/1585 869/903/1585 872/907/1585
f 1399/1405/1586 1400/1406/1586 1401/1407/1586
f 1401/1407/1587 1400/1406/1587 1402/1408/1587
f 1400/1406/1588 874/909/1588 1402/1408/1588
f 1400/1406/1589 872/907/1589 874/909/1589
f 1401/1407/1590 1402/1408/1590 1403/1409/1590
f 1403/1409/1591 1402/1408/1591 1404/1410/1591
f 1402/1408/1592 880/915/1592 1404/1410/1592
f 1402/1408/1593 874/909/1593 880/915/1593
f 1403/1409/1594 1404/1410/1594 1405/1411/1594
f 1405/1411/1595 1404/1410/1595 1406/1412/1595
f 1404/1410/1596 881/916/1596 1406/1412/1596
f 1404/1410/1596 880/915/1596 881/916/1596
f 1405/1411/1595 1406/1412/1595 1407/1413/1595
f 1407/1413/1597 1406/1412/1597 1408/1414/1597
f 1406/1412/1598 884/919/1598 1408/1414/1598
f 1406/1412/1599 881/916/1599 884/919/1599
f 1407/1413/1600 1408/1414/1600 1409/1415/1600
f 1409/1415/1601 1408/1414/1601 1410/1416/1601
f 1408/1414/1602 886/920/1602 1410/1416/1602
f 1408/1414/1603 884/919/1603 886/920/1603
f 1409/1415/1604 1410/1416/1604 1411/1417/1604
f 1411/1417/1605 1410/1416/1605 1412/1418/1605
f 1410/1416/1606 892/926/1606 1412/1418/1606
f 1410/1416/1607 886/920/1607 892/926/1607
f 1411/1417/1608 1412/1418/1608 1413/1419/1608
f 1413/1419/1609 1412/1418/1609 1414/1420/1609
f 1412/1418/1610 893/927/1610 1414/1420/1610
f 1412/1418/1611 892/926/1611 893/927/1611
f 1413/1419/1612 1414/1420/1612 1415/1421/1612
f 1415/1421/1613 1414/1420/1613 1416/1422/1613
f 1414/1420/1614 896/929/1614 1416/1422/1614
f 1414/1420/1615 893/927/1615 896/929/1615
f 1415/1421/1616 1416/1422/1616 1417/1423/1616
f 1417/1423/1617 1416/1422/1617 1418/1424/1617
f 1416/1422/1618 899/934/1618 1418/1424/1618
f 1416/1422/1619 896/929/1619 899/934/1619
f 1417/1423/1620 1418/1424/1620 1419/1425/1620
f 1419/1425/1621 1418/1424/1621 1420/1426/1621
f 1418/1424/1622 902/937/1622 1420/1426/1622
f 1418/1424/1623 899/934/1623 902/937/1623
f 1419/1425/1621 1420/1426/1621 1421/1427/1621
f 1421/1427/1624 1420/1426/1624 913/947/1624
f 1420/1426/1625 904/939/1625 913/947/1625
f 1420/1426/1625 902/937/1625 904/939/1625
f 1422/1428/1626 1419/1425/1626 1421/1427/1626
f 1422/1428/1627 1421/1427/1627 1423/1429/1627
f 1423/1429/1628 1421/1427/1628 915/949/1628
f 1421/1427/1629 913/947/1629 915/949/1629
f 1424/1430/1630 1422/1431/1630 1423/1432/1630
f 1424/1430/1631 1423/1432/1631 1425/1433/1631
f 1425/1433/1632 1423/1432/1632 1426/1434/1632
f 1423/1429/1633 915/949/1633 1426/1435/1633
f 1425/1433/1634 1426/1434/1634 1427/1436/1634
f 1427/1436/1635 1426/1434/1635 1428/1437/1635
f 1426/1435/1636 916/950/1636 1428/1438/1636
f 1426/1435/1637 915/949/1637 916/950/1637
f 1427/1436/1638 1428/1437/1638 1429/1439/1638
f 1429/1439/1639 1428/1437/1639 1080/1123/1639
f 1428/1438/1640 918/952/1640 1080/1120/1640
f 1428/1438/1641 916/950/1641 918/952/1641
f 1430/1440/1642 1427/1436/1642 1429/1439/1642
f 1430/1440/1643 1429/1439/1643 1431/1441/1643
f 1431/1441/1644 1429/1439/1644 1082/1122/1644
f 1429/1439/1645 1080/1123/1645 1082/1122/1645
f 1432/1442/1646 1430/1440/1646 1431/1441/1646
f 1432/1442/1647 1431/1441/1647 1433/1443/1647
f 1433/1443/1648 1431/1441/1648 1434/1444/1648
f 1431/1441/1649 1082/1122/1649 1434/1444/1649
f 1433/1443/1648 1434/1444/1648 1435/1445/1648
f 1435/1445/1650 1434/1444/1650 1436/1446/1650
f 1434/1444/1651 1083/1125/1651 1436/1446/1651
f 1434/1444/1652 1082/1122/1652 1083/1125/1652
f 1435/1445/1653 1436/1446/1653 1437/1447/1653
f 1437/1447/1654 1436/1446/1654 1438/1448/1654
f 1436/1446/1655 1085/1449/1655 1438/1448/1655
f 1436/1446/1656 1083/1125/1656 1085/1449/1656
f 1437/1447/1657 1438/1448/1657 1439/1450/1657
f 1439/1450/1658 1438/1448/1658 1440/1451/1658
f 1438/1448/1659 1087/1452/1659 1440/1451/1659
f 1438/1448/1660 1085/1449/1660 1087/1452/1660
f 1439/1450/1661 1440/1451/1661 1441/1453/1661
f 1441/1454/1662 1440/1455/1662 1442/1456/1662
f 1440/1455/1663 1089/1457/1663 1442/1456/1663
f 1440/1455/1664 1087/1458/1664 1089/1457/1664
f 1441/1454/1665 1442/1456/1665 1443/1459/1665
f 1443/1459/1666 1442/1456/1666 1444/1460/1666
f 1442/1456/1667 1091/1461/1667 1444/1460/1667
f 1442/1456/1668 1089/1457/1668 1091/1461/1668
f 1443/1459/1669 1444/1460/1669 1445/1462/1669
f 1445/1462/1670 1444/1460/1670 1446/1463/1670
f 1444/1460/1671 1093/1137/1671 1446/1463/1671
f 1444/1460/1672 1091/1461/1672 1093/1137/1672
f 1445/1462/1673 1446/1463/1673 1447/1464/1673
f 1447/1464/1674 1446/1463/1674 1448/1465/1674
f 1446/1463/1675 1095/1141/1675 1448/1465/1675
f 1446/1463/1676 1093/1137/1676 1095/1141/1676
f 1447/1464/1677 1448/1465/1677 1449/1466/1677
f 1449/1466/1678 1448/1465/1678 1450/1467/1678
f 1448/1465/1679 1097/1144/1679 1450/1467/1679
f 1448/1465/1680 1095/1141/1680 1097/1144/1680
f 1449/1466/1681 1450/1467/1681 1451/1468/1681
f 1451/1468/1682 1450/1467/1682 1452/1469/1682
f 1450/1467/1683 1099/1147/1683 1452/1469/1683
f 1450/1467/1684 1097/1144/1684 1099/1147/1684
f 1451/1468/1685 1452/1469/1685 1453/1470/1685
f 1453/1470/1686 1452/1469/1686 1454/1471/1686
f 1452/1469/1687 1101/1150/1687 1454/1471/1687
f 1452/1469/1688 1099/1147/1688 1101/1150/1688
f 1453/1470/1686 1454/1471/1686 1455/1472/1686
f 1455/1472/1689 1454/1471/1689 1456/1473/1689
f 1454/1471/1690 1103/1153/1690 1456/1473/1690
f 1454/1471/1691 1101/1150/1691 1103/1153/1691
f 1455/1472/1692 1456/1473/1692 1457/1474/1692
f 1457/1474/1693 1456/1473/1693 1458/1475/1693
f 1456/1473/1694 1105/1156/1694 1458/1475/1694
f 1456/1473/1695 1103/1153/1695 1105/1156/1695
f 1457/1474/1696 1458/1475/1696 1459/1476/1696
f 1459/1476/1697 1458/1475/1697 1460/1477/1697
f 1458/1475/1698 1107/1159/1698 1460/1477/1698
f 1458/1475/1699 1105/1156/1699 1107/1159/1699
f 1459/1476/1700 1460/1477/1700 1461/1478/1700
f 1461/1478/1701 1460/1477/1701 1462/1479/1701
f 1460/1477/1702 1109/1162/1702 1462/1479/1702
f 1460/1477/1703 1107/1159/1703 1109/1162/1703
f 1461/1478/1704 1462/1479/1704 1463/1480/1704
f 1463/1480/1705 1462/1479/1705 1464/1481/1705
f 1462/1479/1706 1111/1165/1706 1464/1481/1706
f 1462/1479/1707 1109/1162/1707 1111/1165/1707
f 1463/1480/1708 1464/1481/1708 1465/1482/1708
f 1465/1482/1709 1464/1481/1709 1466/1483/1709
f 1464/1481/1710 1113/1168/1710 1466/1483/1710
f 1464/1481/1711 1111/1165/1711 1113/1168/1711
f 1465/1482/1712 1466/1483/1712 1467/1484/1712
f 1467/1484/1713 1466/1483/1713 1468/1485/1713
f 1466/1483/1714 1115/1171/1714 1468/1485/1714
f 1466/1483/1715 1113/1168/1715 1115/1171/1715
f 1467/1484/1716 1468/1485/1716 1469/1486/1716
f 1469/1486/1717 1468/1485/1717 1120/1179/1717
f 1468/1485/1718 1117/1174/1718 1120/1179/1718
f 1468/1485/1719 1115/1171/1719 1117/1174/1719
f 1471/1487/1720 1467/1484/1720 1469/1486/1720
f 1470/1488/1721 1469/1486/1721 1122/1182/1721
f 1469/1486/1722 1120/1179/1722 1122/1182/1722
f 1471/1487/1723 1469/1486/1723 1470/1488/1723
f 1470/1488/1724 1472/1489/1724 1471/1487/1724
f 1471/1487/1725 1472/1489/1725 1474/1490/1725
f 1471/1487/1726 1474/1490/1726 1473/1491/1726
f 1473/1491/1727 1467/1484/1727 1471/1487/1727
f 1476/1492/1728 1475/1493/1728 1474/1490/1728
f 1473/1491/1729 1474/1490/1729 1475/1493/1729
f 1476/1492/1730 1474/1490/1730 1477/1494/1730
f 1477/1494/1730 1474/1490/1730 1472/1489/1730
f 1477/1494/1731 1472/1489/1731 1478/1495/1731
f 1478/1495/1732 1479/1496/1732 1477/1494/1732
f 1479/1496/1733 1476/1492/1733 1477/1494/1733
f 1484/1497/1734 1479/1496/1734 1478/1495/1734
f 1480/1498/1735 1483/1499/1735 1479/1496/1735
f 1484/1497/1736 1480/1498/1736 1479/1496/1736
f 1479/1496/1737 1483/1499/1737 1481/1500/1737
f 1481/1500/1738 1482/1501/1738 1479/1496/1738
f 1479/1496/1739 1482/1501/1739 1476/1492/1739
f 1478/1495/1740 1486/1502/1740 1484/1497/1740
f 1484/1497/1741 1487/1503/1741 1485/1504/1741
f 1485/1504/1742 1480/1498/1742 1484/1497/1742
f 1484/1497/1743 1486/1502/1743 1487/1503/1743
f 1486/1502/1744 1490/1505/1744 1487/1503/1744
f 1488/1506/1745 1489/1507/1745 1487/1503/1745
f 1487/1503/1746 1490/1505/1746 1488/1506/1746
f 1485/1504/1747 1487/1503/1747 1489/1507/1747
f 1486/1502/1748 1491/1508/1748 1490/1505/1748
f 1490/1505/1748 1491/1508/1748 1492/1509/1748
f 1490/1505/1749 1492/1509/1749 1493/1510/1749
f 1488/1506/1750 1490/1505/1750 1493/1510/1750
f 1493/1510/1749 1492/1509/1749 1494/1511/1749
f 1493/1510/1751 1494/1511/1751 1495/1512/1751
f 1488/1506/1752 1493/1510/1752 1495/1512/1752
f 1495/1512/1751 1494/1511/1751 1496/1513/1751
f 1495/1512/1753 1496/1513/1753 1497/1514/1753
f 1497/1514/1754 1488/1506/1754 1495/1512/1754
f 1497/1514/1753 1496/1513/1753 1498/1515/1753
f 1497/1514/1755 1498/1515/1755 1499/1516/1755
f 1497/1514/1756 1499/1516/1756 1500/1517/1756
f 1500/1517/1754 1488/1506/1754 1497/1514/1754
f 1500/1517/1757 1145/1218/1757 1148/1217/1757
f 1148/1217/1758 1501/1518/1758 1500/1517/1758
f 1500/1517/1759 1501/1518/1759 1488/1506/1759
f 1500/1517/1760 1499/1516/1760 1145/1218/1760
f 1150/1221/1761 1156/1225/1761 1501/1518/1761
f 1148/1217/1762 1150/1221/1762 1501/1518/1762
f 1501/1518/1763 1156/1225/1763 1489/1507/1763
f 1501/1518/1764 1489/1507/1764 1488/1506/1764
f 1499/1516/1755 1498/1515/1755 1502/1519/1755
f 1499/1516/1765 1502/1519/1765 1503/1520/1765
f 1499/1516/1766 1503/1520/1766 1145/1218/1766
f 1503/1520/1765 1502/1519/1765 1130/1196/1765
f 1503/1520/1767 1130/1196/1767 1143/1521/1767
f 1143/1521/1768 1145/1218/1768 1503/1520/1768
f 1502/1519/1769 1498/1515/1769 1128/1192/1769
f 1128/1192/1770 1130/1196/1770 1502/1519/1770
f 1128/1192/1771 1498/1515/1771 1496/1513/1771
f 1504/1522/1772 1496/1513/1772 1494/1511/1772
f 1128/1192/1771 1496/1513/1771 1504/1522/1771
f 1504/1522/1773 1125/1185/1773 1128/1192/1773
f 1504/1522/1774 1494/1511/1774 1505/1523/1774
f 1505/1523/1775 1123/1183/1775 1504/1522/1775
f 1504/1522/1776 1123/1183/1776 1125/1185/1776
f 1505/1523/1777 1494/1511/1777 1492/1509/1777
f 1505/1523/1778 1492/1509/1778 1470/1488/1778
f 1470/1488/1779 1122/1182/1779 1505/1523/1779
f 1505/1523/1780 1122/1182/1780 1123/1183/1780
f 1470/1488/1781 1492/1509/1781 1491/1508/1781
f 1486/1502/1782 1506/1524/1782 1491/1508/1782
f 1491/1508/1783 1506/1524/1783 1470/1488/1783
f 1478/1495/1731 1472/1489/1731 1506/1524/1731
f 1470/1488/1784 1506/1524/1784 1472/1489/1784
f 1478/1495/1785 1506/1524/1785 1486/1502/1785
f 1507/1525/1786 1489/1507/1786 1156/1225/1786
f 1485/1504/1787 1489/1507/1787 1507/1525/1787
f 1157/1226/1788 1508/1526/1788 1507/1525/1788
f 1507/1525/1789 1508/1526/1789 1509/1527/1789
f 1507/1525/1790 1156/1225/1790 1157/1226/1790
f 1507/1525/1791 1509/1527/1791 1485/1504/1791
f 1508/1526/1792 1510/1528/1792 1509/1527/1792
f 1509/1527/1793 1510/1528/1793 1511/1529/1793
f 1509/1527/1794 1511/1529/1794 1480/1498/1794
f 1485/1504/1795 1509/1527/1795 1480/1498/1795
f 1513/1530/1796 1511/1529/1796 1510/1528/1796
f 1480/1498/1797 1511/1529/1797 1483/1499/1797
f 1512/1531/1798 1483/1499/1798 1511/1529/1798
f 1512/1531/1799 1511/1529/1799 1513/1530/1799
f 1513/1530/1800 1510/1528/1800 1514/1532/1800
f 1515/1533/1801 1512/1531/1801 1513/1530/1801
f 1516/1534/1802 1513/1530/1802 1514/1532/1802
f 1515/1533/1803 1513/1530/1803 1516/1534/1803
f 1516/1158/1804 1514/1161/1804 1517/1095/1804
f 1517/1095/1805 1518/1097/1805 1516/1158/1805
f 1516/1158/1806 1518/1097/1806 1519/1155/1806
f 1516/1534/1807 1519/1535/1807 1515/1533/1807
f 1518/1097/1808 1520/1099/1808 1519/1155/1808
f 1519/1155/1809 1520/1099/1809 1521/1152/1809
f 1519/1535/1810 1521/1536/1810 1522/1537/1810
f 1515/1533/1811 1519/1535/1811 1522/1537/1811
f 1522/1537/1812 1521/1536/1812 1523/1538/1812
f 1522/1537/1813 1523/1538/1813 1524/1539/1813
f 1525/1540/1814 1522/1537/1814 1524/1539/1814
f 1515/1533/1815 1522/1537/1815 1525/1540/1815
f 1525/1540/1816 1524/1539/1816 1527/1541/1816
f 1527/1541/1817 1526/1542/1817 1525/1540/1817
f 1525/1540/1818 1526/1542/1818 1512/1531/1818
f 1525/1540/1819 1512/1531/1819 1515/1533/1819
f 1529/1543/1820 1528/1544/1820 1527/1541/1820
f 1527/1541/1821 1528/1544/1821 1526/1542/1821
f 1527/1541/1822 1524/1539/1822 1530/1545/1822
f 1527/1541/1823 1530/1545/1823 1529/1543/1823
f 1524/1539/1824 1531/1546/1824 1530/1545/1824
f 1530/1545/1825 1531/1546/1825 1532/1547/1825
f 1530/1545/1826 1532/1547/1826 1533/1548/1826
f 1529/1543/1827 1530/1545/1827 1533/1548/1827
f 1533/1548/1828 1538/1549/1828 1534/1550/1828
f 1533/1548/1829 1534/1550/1829 1536/1551/1829
f 1533/1548/1830 1532/1547/1830 1535/1552/1830
f 1535/1552/1831 1538/1549/1831 1533/1548/1831
f 1537/1553/1832 1533/1548/1832 1536/1551/1832
f 1529/1543/1832 1533/1548/1832 1537/1553/1832
f 1539/1554/1833 1540/1555/1833 1538/1549/1833
f 1539/1554/1834 1538/1549/1834 1535/1552/1834
f 1538/1549/1833 1540/1555/1833 1541/1556/1833
f 1538/1549/1835 1541/1556/1835 1534/1550/1835
f 1544/1557/1836 1541/1556/1836 1540/1555/1836
f 1534/1550/1835 1541/1556/1835 1542/1558/1835
f 1543/1559/1837 1542/1558/1837 1541/1556/1837
f 1543/1559/1838 1541/1556/1838 1544/1557/1838
f 1544/1557/1839 1457/1474/1839 1543/1559/1839
f 1544/1557/1840 1547/1560/1840 1545/1561/1840
f 1544/1557/1841 1545/1561/1841 1546/1562/1841
f 1546/1562/1842 1455/1472/1842 1544/1557/1842
f 1544/1557/1843 1455/1472/1843 1457/1474/1843
f 1540/1555/1844 1547/1560/1844 1544/1557/1844
f 1548/1563/1845 1545/1561/1845 1547/1560/1845
f 1548/1563/1846 1547/1560/1846 1539/1554/1846
f 1539/1554/1846 1547/1560/1846 1540/1555/1846
f 1549/1564/1845 1545/1561/1845 1548/1563/1845
f 1548/1563/1847 1551/1565/1847 1549/1564/1847
f 1548/1563/1848 1539/1554/1848 1550/1566/1848
f 1550/1566/1849 1551/1565/1849 1548/1563/1849
f 1550/1566/1850 1554/1567/1850 1551/1565/1850
f 1551/1565/1851 1555/1568/1851 1549/1564/1851
f 1551/1565/1852 1556/1569/1852 1552/1570/1852
f 1552/1570/1853 1553/1571/1853 1551/1565/1853
f 1551/1565/1854 1553/1571/1854 1555/1568/1854
f 1554/1567/1855 1556/1569/1855 1551/1565/1855
f 1558/1572/1856 1552/1570/1856 1556/1569/1856
f 1554/1567/1857 1557/1573/1857 1556/1569/1857
f 1559/1574/1858 1556/1569/1858 1557/1573/1858
f 1558/1572/1859 1556/1569/1859 1559/1574/1859
f 1559/1574/1860 1557/1573/1860 1560/1575/1860
f 1560/1575/1861 1561/1576/1861 1559/1574/1861
f 1559/1574/1862 1561/1576/1862 1562/1577/1862
f 1559/1574/1863 1562/1577/1863 1558/1572/1863
f 1561/1576/1864 1563/1578/1864 1562/1577/1864
f 1562/1577/1865 1563/1578/1865 1565/1579/1865
f 1558/1572/1866 1562/1577/1866 1564/1580/1866
f 1562/1577/1867 1565/1579/1867 1564/1580/1867
f 1563/1578/1868 1566/1581/1868 1565/1579/1868
f 1565/1579/1869 1566/1581/1869 1567/1582/1869
f 1565/1579/1870 1567/1582/1870 1568/1583/1870
f 1564/1580/1871 1565/1579/1871 1568/1583/1871
f 1568/1583/1872 1567/1582/1872 1569/1584/1872
f 1568/1583/1873 1569/1584/1873 1570/1585/1873
f 1571/1586/1874 1568/1583/1874 1570/1585/1874
f 1564/1580/1875 1568/1583/1875 1571/1586/1875
f 1573/1587/1876 1571/1586/1876 1572/1588/1876
f 1572/1588/1877 1571/1586/1877 1574/1589/1877
f 1571/1586/1878 1570/1585/1878 1574/1589/1878
f 1573/1587/1879 1564/1580/1879 1571/1586/1879
f 1575/1590/1880 1576/1591/1880 1574/1589/1880
f 1574/1589/1881 1570/1585/1881 1575/1590/1881
f 1574/1589/1880 1576/1591/1880 1577/1592/1880
f 1574/1589/1882 1577/1592/1882 1572/1588/1882
f 1580/1593/1883 1577/1592/1883 1576/1591/1883
f 1572/1588/1882 1577/1592/1882 1578/1594/1882
f 1579/1595/1884 1578/1594/1884 1577/1592/1884
f 1579/1595/1885 1577/1592/1885 1580/1593/1885
f 1580/1593/1886 1449/1466/1886 1579/1595/1886
f 1580/1593/1887 1576/1591/1887 1581/1596/1887
f 1581/1596/1888 1447/1464/1888 1580/1593/1888
f 1580/1593/1889 1447/1464/1889 1449/1466/1889
f 1581/1596/1890 1576/1591/1890 1582/1597/1890
f 1581/1596/1891 1582/1597/1891 1583/1598/1891
f 1583/1598/1892 1445/1462/1892 1581/1596/1892
f 1581/1596/1893 1445/1462/1893 1447/1464/1893
f 1583/1598/1894 1585/1599/1894 1584/1600/1894
f 1584/1600/1895 1443/1459/1895 1583/1598/1895
f 1583/1598/1896 1443/1459/1896 1445/1462/1896
f 1583/1598/1897 1582/1597/1897 1585/1599/1897
f 1586/1601/1898 1588/1602/1898 1585/1599/1898
f 1586/1601/1899 1585/1599/1899 1587/1603/1899
f 1587/1603/1899 1585/1599/1899 1582/1597/1899
f 1584/1600/1900 1585/1599/1900 1588/1602/1900
f 1590/1604/1901 1589/1605/1901 1588/1606/1901
f 1588/1606/1902 1589/1605/1902 1584/1607/1902
f 1590/1608/1898 1588/1602/1898 1586/1601/1898
f 1591/1609/1901 1589/1605/1901 1590/1604/1901
f 1591/1609/1903 1590/1604/1903 1593/1610/1903
f 1590/1608/1904 1586/1601/1904 1592/1611/1904
f 1593/1612/1905 1590/1608/1905 1592/1611/1905
f 1593/1612/1906 1592/1611/1906 1594/1613/1906
f 1594/1614/1907 1595/1615/1907 1593/1610/1907
f 1593/1610/1907 1595/1615/1907 1596/1616/1907
f 1593/1610/1908 1596/1616/1908 1591/1609/1908
f 1595/1615/1909 1598/1617/1909 1596/1616/1909
f 1596/1616/1910 1600/1618/1910 1597/1619/1910
f 1596/1616/1911 1597/1619/1911 1599/1620/1911
f 1596/1616/1912 1598/1617/1912 1601/1621/1912
f 1591/1609/1913 1596/1616/1913 1599/1620/1913
f 1601/1621/1914 1600/1618/1914 1596/1616/1914
f 1602/1622/1915 1600/1618/1915 1601/1621/1915
f 1603/1623/1916 1602/1622/1916 1601/1621/1916
f 1604/1624/1917 1601/1621/1917 1598/1617/1917
f 1603/1623/1918 1601/1621/1918 1604/1624/1918
f 1604/1624/1919 1607/1625/1919 1603/1623/1919
f 1604/1624/1920 1598/1617/1920 1605/1626/1920
f 1605/1626/1921 1606/1627/1921 1604/1624/1921
f 1604/1624/1921 1606/1627/1921 1607/1625/1921
f 1609/1628/1922 1607/1625/1922 1606/1627/1922
f 1603/1623/1923 1607/1625/1923 1610/1629/1923
f 1608/1630/1924 1610/1629/1924 1607/1625/1924
f 1608/1630/1925 1607/1625/1925 1609/1628/1925
f 1614/1631/1926 1611/1632/1926 1610/1629/1926
f 1612/1633/1927 1610/1629/1927 1611/1632/1927
f 1603/1623/1928 1610/1629/1928 1612/1633/1928
f 1613/1634/1929 1614/1631/1929 1610/1629/1929
f 1613/1634/1930 1610/1629/1930 1608/1630/1930
f 1615/1635/1931 1616/1636/1931 1614/1631/1931
f 1615/1635/1932 1614/1631/1932 1613/1634/1932
f 1614/1631/1931 1616/1636/1931 1617/1637/1931
f 1614/1631/1933 1617/1637/1933 1611/1632/1933
f 1617/1637/1934 1616/1636/1934 1620/1638/1934
f 1611/1632/1933 1617/1637/1933 1618/1639/1933
f 1619/1640/1935 1618/1639/1935 1617/1637/1935
f 1619/1640/1936 1617/1637/1936 1620/1638/1936
f 1620/1638/1937 1616/1636/1937 1621/1641/1937
f 1620/1638/1938 1621/1641/1938 1622/1642/1938
f 1620/1638/1939 1433/1443/1939 1619/1640/1939
f 1622/1642/1940 1432/1442/1940 1620/1638/1940
f 1620/1638/1941 1432/1442/1941 1433/1443/1941
f 1622/1642/1942 1621/1641/1942 1623/1643/1942
f 1622/1642/1943 1623/1643/1943 1624/1644/1943
f 1624/1644/1944 1625/1645/1944 1622/1642/1944
f 1622/1642/1945 1625/1645/1945 1432/1442/1945
f 1624/1644/1946 1626/1646/1946 1625/1645/1946
f 1626/1646/1947 1627/1647/1947 1625/1645/1947
f 1625/1645/1948 1430/1440/1948 1432/1442/1948
f 1625/1645/1949 1627/1647/1949 1430/1440/1949
f 1626/1646/1950 1628/1648/1950 1627/1647/1950
f 1628/1648/1951 1425/1433/1951 1627/1647/1951
f 1627/1647/1952 1427/1436/1952 1430/1440/1952
f 1627/1647/1953 1425/1433/1953 1427/1436/1953
f 1629/1649/1954 1630/1650/1954 1628/1648/1954
f 1629/1649/1954 1628/1648/1954 1626/1646/1954
f 1630/1650/1955 1424/1430/1955 1628/1648/1955
f 1628/1648/1956 1424/1430/1956 1425/1433/1956
f 1631/1651/1957 1630/1650/1957 1629/1649/1957
f 1631/1651/1958 1632/1652/1958 1630/1650/1958
f 1632/1652/1959 1633/1653/1959 1630/1650/1959
f 1630/1650/1955 1633/1653/1955 1424/1430/1955
f 1632/1652/1960 1634/1654/1960 1633/1653/1960
f 1633/1653/1961 1422/1431/1961 1424/1430/1961
f 1634/1654/1962 1635/1655/1962 1633/1653/1962
f 1633/1653/1963 1635/1655/1963 1422/1431/1963
f 1634/1654/1962 1636/1656/1962 1635/1655/1962
f 1635/1657/1964 1419/1425/1964 1422/1428/1964
f 1636/1658/1965 1417/1423/1965 1635/1657/1965
f 1635/1657/1966 1417/1423/1966 1419/1425/1966
f 1637/1659/1967 1638/1660/1967 1636/1656/1967
f 1637/1659/1968 1636/1656/1968 1634/1654/1968
f 1638/1661/1969 1415/1421/1969 1636/1658/1969
f 1636/1658/1970 1415/1421/1970 1417/1423/1970
f 1639/1662/1971 1640/1663/1971 1638/1660/1971
f 1639/1662/1972 1638/1660/1972 1637/1659/1972
f 1640/1664/1973 1413/1419/1973 1638/1661/1973
f 1638/1661/1969 1413/1419/1969 1415/1421/1969
f 1641/1665/1974 1640/1663/1974 1639/1662/1974
f 1642/1666/1975 1411/1417/1975 1640/1664/1975
f 1640/1664/1976 1411/1417/1976 1413/1419/1976
f 1641/1665/1977 1642/1667/1977 1640/1663/1977
f 1643/1668/1978 1644/1669/1978 1642/1667/1978
f 1643/1668/1979 1642/1667/1979 1641/1665/1979
f 1644/1670/1980 1409/1415/1980 1642/1666/1980
f 1642/1666/1981 1409/1415/1981 1411/1417/1981
f 1645/1671/1982 1646/1672/1982 1644/1669/1982
f 1645/1671/1983 1644/1669/1983 1643/1668/1983
f 1646/1673/1984 1407/1413/1984 1644/1670/1984
f 1644/1670/1985 1407/1413/1985 1409/1415/1985
f 1647/1674/1986 1648/1675/1986 1646/1672/1986
f 1647/1674/1986 1646/1672/1986 1645/1671/1986
f 1648/1676/1987 1405/1411/1987 1646/1673/1987
f 1646/1673/1988 1405/1411/1988 1407/1413/1988
f 1649/1677/1989 1650/1678/1989 1648/1676/1989
f 1649/1677/1989 1648/1676/1989 1647/1679/1989
f 1650/1678/1990 1403/1409/1990 1648/1676/1990
f 1648/1676/1991 1403/1409/1991 1405/1411/1991
f 1651/1680/1992 1652/1681/1992 1650/1678/1992
f 1651/1680/1993 1650/1678/1993 1649/1677/1993
f 1652/1681/1994 1401/1407/1994 1650/1678/1994
f 1650/1678/1995 1401/1407/1995 1403/1409/1995
f 1653/1682/1996 1654/1683/1996 1652/1681/1996
f 1653/1682/1997 1652/1681/1997 1651/1680/1997
f 1654/1683/1998 1399/1405/1998 1652/1681/1998
f 1652/1681/1994 1399/1405/1994 1401/1407/1994
f 1655/1684/1999 1656/1685/1999 1654/1683/1999
f 1655/1684/2000 1654/1683/2000 1653/1682/2000
f 1656/1685/2001 1397/1403/2001 1654/1683/2001
f 1654/1683/2002 1397/1403/2002 1399/1405/2002
f 1657/1686/2003 1656/1685/2003 1655/1684/2003
f 1658/1687/2004 1395/1401/2004 1656/1685/2004
f 1656/1685/2005 1395/1401/2005 1397/1403/2005
f 1657/1686/2006 1658/1687/2006 1656/1685/2006
f 1659/1688/2007 1660/1689/2007 1658/1690/2007
f 1659/1688/2008 1658/1690/2008 1657/1691/2008
f 1660/1692/2009 1393/1399/2009 1658/1687/2009
f 1658/1687/2010 1393/1399/2010 1395/1401/2010
f 1661/1693/2011 1662/1694/2011 1660/1689/2011
f 1661/1693/2012 1660/1689/2012 1659/1688/2012
f 1662/1695/2013 1391/1397/2013 1660/1692/2013
f 1660/1692/2014 1391/1397/2014 1393/1399/2014
f 1663/1696/2015 1664/1697/2015 1662/1694/2015
f 1663/1696/2016 1662/1694/2016 1661/1693/2016
f 1664/1698/2017 1389/1395/2017 1662/1695/2017
f 1662/1695/2018 1389/1395/2018 1391/1397/2018
f 1665/1699/2019 1666/1700/2019 1664/1697/2019
f 1665/1699/2020 1664/1697/2020 1663/1696/2020
f 1666/1701/2021 1387/1393/2021 1664/1698/2021
f 1664/1698/2022 1387/1393/2022 1389/1395/2022
f 1667/1702/2023 1668/1703/2023 1666/1700/2023
f 1667/1702/2024 1666/1700/2024 1665/1699/2024
f 1668/1704/2025 1385/1391/2025 1666/1701/2025
f 1666/1701/2026 1385/1391/2026 1387/1393/2026
f 1669/1705/2027 1380/1385/2027 1668/1703/2027
f 1669/1705/2028 1668/1703/2028 1667/1702/2028
f 1380/1387/2029 1382/1388/2029 1668/1704/2029
f 1668/1704/2030 1382/1388/2030 1385/1391/2030
f 1670/1706/2031 1379/1384/2031 1669/1705/2031
f 1670/1706/2032 1669/1705/2032 1671/1707/2032
f 1379/1384/2033 1380/1385/2033 1669/1705/2033
f 1671/1707/2034 1669/1705/2034 1667/1702/2034
f 1672/1708/2035 1670/1706/2035 1671/1707/2035
f 1672/1708/2036 1671/1707/2036 1673/1709/2036
f 1673/1709/2037 1671/1707/2037 1674/1710/2037
f 1671/1707/2038 1667/1702/2038 1674/1710/2038
f 1673/1709/2039 1674/1710/2039 1675/1711/2039
f 1675/1711/2040 1674/1710/2040 1676/1712/2040
f 1674/1710/2041 1665/1699/2041 1676/1712/2041
f 1674/1710/2042 1667/1702/2042 1665/1699/2042
f 1675/1711/2043 1676/1712/2043 1677/1713/2043
f 1677/1713/2044 1676/1712/2044 1678/1714/2044
f 1676/1712/2045 1663/1696/2045 1678/1714/2045
f 1676/1712/2046 1665/1699/2046 1663/1696/2046
f 1677/1713/2047 1678/1714/2047 1679/1715/2047
f 1679/1715/2048 1678/1714/2048 1680/1716/2048
f 1678/1714/2049 1661/1693/2049 1680/1716/2049
f 1678/1714/2050 1663/1696/2050 1661/1693/2050
f 1679/1715/2051 1680/1716/2051 1681/1717/2051
f 1681/1717/2052 1680/1716/2052 1682/1718/2052
f 1680/1716/2053 1659/1688/2053 1682/1718/2053
f 1680/1716/2054 1661/1693/2054 1659/1688/2054
f 1681/1717/2055 1682/1718/2055 1683/1719/2055
f 1683/1719/2056 1682/1718/2056 1684/1720/2056
f 1682/1718/2057 1657/1691/2057 1684/1720/2057
f 1682/1718/2058 1659/1688/2058 1657/1691/2058
f 1683/1719/2059 1684/1720/2059 1685/1721/2059
f 1685/1721/2060 1684/1720/2060 1686/1722/2060
f 1684/1720/2061 1655/1723/2061 1686/1722/2061
f 1684/1720/2062 1657/1691/2062 1655/1723/2062
f 1685/1721/2063 1686/1722/2063 1687/1724/2063
f 1687/1724/2064 1686/1722/2064 1688/1725/2064
f 1686/1722/2065 1653/1726/2065 1688/1725/2065
f 1686/1722/2066 1655/1723/2066 1653/1726/2066
f 1687/1724/2067 1688/1725/2067 1689/1727/2067
f 1689/1728/2068 1688/1729/2068 1690/1730/2068
f 1688/1729/2069 1651/1731/2069 1690/1730/2069
f 1688/1729/2070 1653/1732/2070 1651/1731/2070
f 1689/1728/2071 1690/1730/2071 1691/1733/2071
f 1691/1733/2072 1690/1730/2072 1692/1734/2072
f 1690/1730/2073 1649/1735/2073 1692/1734/2073
f 1690/1730/2074 1651/1731/2074 1649/1735/2074
f 1691/1733/2075 1692/1734/2075 1693/1736/2075
f 1693/1736/2076 1692/1734/2076 1694/1737/2076
f 1692/1734/2077 1647/1674/2077 1694/1737/2077
f 1692/1734/2078 1649/1735/2078 1647/1674/2078
f 1693/1736/2079 1694/1737/2079 1695/1738/2079
f 1695/1738/2080 1694/1737/2080 1696/1739/2080
f 1694/1737/2081 1645/1671/2081 1696/1739/2081
f 1694/1737/2082 1647/1674/2082 1645/1671/2082
f 1695/1738/2083 1696/1739/2083 1697/1740/2083
f 1697/1740/2084 1696/1739/2084 1698/1741/2084
f 1696/1739/2085 1643/1668/2085 1698/1741/2085
f 1696/1739/2086 1645/1671/2086 1643/1668/2086
f 1697/1740/2087 1698/1741/2087 1699/1742/2087
f 1699/1742/2088 1698/1741/2088 1700/1743/2088
f 1698/1741/2089 1641/1665/2089 1700/1743/2089
f 1698/1741/2090 1643/1668/2090 1641/1665/2090
f 1699/1742/2091 1700/1743/2091 1701/1744/2091
f 1701/1744/2092 1700/1743/2092 1702/1745/2092
f 1700/1743/2093 1639/1662/2093 1702/1745/2093
f 1700/1743/2094 1641/1665/2094 1639/1662/2094
f 1701/1744/2095 1702/1745/2095 1703/1746/2095
f 1703/1746/2096 1702/1745/2096 1704/1747/2096
f 1702/1745/2097 1637/1659/2097 1704/1747/2097
f 1702/1745/2098 1639/1662/2098 1637/1659/2098
f 1703/1746/2099 1704/1747/2099 1705/1748/2099
f 1705/1748/2100 1704/1747/2100 1632/1652/2100
f 1704/1747/2101 1634/1654/2101 1632/1652/2101
f 1704/1747/2102 1637/1659/2102 1634/1654/2102
f 1707/1749/2103 1703/1746/2103 1705/1748/2103
f 1706/1750/2104 1705/1748/2104 1631/1651/2104
f 1705/1748/2105 1632/1652/2105 1631/1651/2105
f 1707/1749/2106 1705/1748/2106 1706/1750/2106
f 1706/1750/2107 1708/1751/2107 1707/1749/2107
f 1707/1749/2108 1708/1751/2108 1710/1752/2108
f 1707/1749/2109 1710/1752/2109 1709/1753/2109
f 1709/1753/2110 1703/1746/2110 1707/1749/2110
f 1712/1754/2111 1711/1755/2111 1710/1752/2111
f 1709/1753/2112 1710/1752/2112 1711/1755/2112
f 1712/1754/2113 1710/1752/2113 1713/1756/2113
f 1713/1756/2113 1710/1752/2113 1708/1751/2113
f 1713/1756/2114 1708/1751/2114 1714/1757/2114
f 1713/1756/2115 1714/1757/2115 1715/1758/2115
f 1715/1758/2116 1712/1754/2116 1713/1756/2116
f 1716/1759/2117 1715/1758/2117 1717/1760/2117
f 1716/1759/2118 1719/1761/2118 1715/1758/2118
f 1717/1760/2119 1715/1758/2119 1718/1762/2119
f 1715/1758/2120 1720/1763/2120 1718/1762/2120
f 1715/1758/2121 1714/1757/2121 1720/1763/2121
f 1715/1758/2122 1719/1761/2122 1712/1754/2122
f 1721/1764/2123 1720/1763/2123 1714/1757/2123
f 1721/1764/2124 1723/1765/2124 1720/1763/2124
f 1722/1766/2125 1720/1763/2125 1723/1765/2125
f 1718/1762/2126 1720/1763/2126 1722/1766/2126
f 1725/1767/2127 1723/1765/2127 1724/1768/2127
f 1724/1768/2128 1723/1765/2128 1726/1769/2128
f 1726/1769/2129 1723/1765/2129 1721/1764/2129
f 1725/1767/2130 1722/1766/2130 1723/1765/2130
f 1721/1764/2131 1727/1770/2131 1726/1769/2131
f 1726/1769/2132 1727/1770/2132 1728/1771/2132
f 1726/1769/2133 1728/1771/2133 1729/1772/2133
f 1724/1768/2134 1726/1769/2134 1729/1772/2134
f 1729/1772/2133 1728/1771/2133 1730/1773/2133
f 1729/1772/2135 1730/1773/2135 1731/1774/2135
f 1729/1772/2136 1731/1774/2136 1724/1768/2136
f 1731/1774/2137 1730/1773/2137 1732/1775/2137
f 1731/1774/2138 1732/1775/2138 1733/1776/2138
f 1733/1776/2139 1724/1768/2139 1731/1774/2139
f 1733/1776/2138 1732/1775/2138 1734/1777/2138
f 1733/1776/2140 1734/1777/2140 1735/1778/2140
f 1733/1776/2141 1735/1778/2141 1736/1779/2141
f 1736/1779/2142 1724/1768/2142 1733/1776/2142
f 1736/1779/2143 1738/1780/2143 1737/1781/2143
f 1737/1781/2144 1739/1782/2144 1736/1779/2144
f 1736/1779/2145 1739/1782/2145 1724/1768/2145
f 1736/1779/2146 1735/1778/2146 1738/1780/2146
f 1740/1783/2147 1741/1784/2147 1739/1782/2147
f 1737/1781/2148 1740/1783/2148 1739/1782/2148
f 1739/1782/2149 1741/1784/2149 1725/1767/2149
f 1739/1782/2150 1725/1767/2150 1724/1768/2150
f 1742/1785/2151 1743/1786/2151 1741/1784/2151
f 1740/1783/2152 1742/1785/2152 1741/1784/2152
f 1741/1784/2153 1743/1786/2153 1744/1787/2153
f 1741/1784/2154 1744/1787/2154 1725/1767/2154
f 1743/1786/2155 1746/1788/2155 1744/1787/2155
f 1744/1787/2156 1722/1766/2156 1725/1767/2156
f 1746/1788/2157 1745/1789/2157 1744/1787/2157
f 1744/1787/2158 1745/1789/2158 1722/1766/2158
f 1747/1790/2159 1749/1791/2159 1746/1788/2159
f 1743/1786/2160 1747/1790/2160 1746/1788/2160
f 1749/1791/2161 1748/1792/2161 1746/1788/2161
f 1746/1788/2162 1748/1792/2162 1745/1789/2162
f 1751/1415/2163 1750/1413/2163 1749/1666/2163
f 1750/1413/2164 1752/1670/2164 1749/1666/2164
f 1747/1664/2165 1751/1415/2165 1749/1666/2165
f 1749/1791/2166 1752/1793/2166 1748/1792/2166
f 1750/1413/2167 1755/1411/2167 1752/1670/2167
f 1753/1794/2168 1748/1792/2168 1752/1793/2168
f 1754/1795/2169 1753/1794/2169 1752/1793/2169
f 1754/1673/2170 1752/1670/2170 1755/1411/2170
f 1756/1409/2171 1754/1673/2171 1755/1411/2171
f 1756/1409/2172 1755/1411/2172 1757/1408/2172
f 1758/1410/2173 1757/1408/2173 1755/1411/2173
f 1758/1410/2174 1755/1411/2174 1750/1413/2174
f 1760/915/2175 1759/909/2175 1758/1410/2175
f 1759/909/2176 1757/1408/2176 1758/1410/2176
f 1761/1412/2177 1760/915/2177 1758/1410/2177
f 1761/1412/2174 1758/1410/2174 1750/1413/2174
f 1762/916/2178 1760/915/2178 1761/1412/2178
f 1763/1414/2179 1762/916/2179 1761/1412/2179
f 1751/1415/2180 1761/1412/2180 1750/1413/2180
f 1763/1414/2181 1761/1412/2181 1751/1415/2181
f 1764/919/2182 1762/916/2182 1763/1414/2182
f 1765/1416/2183 1764/919/2183 1763/1414/2183
f 1766/1417/2184 1763/1414/2184 1751/1415/2184
f 1765/1416/2185 1763/1414/2185 1766/1417/2185
f 1767/1419/2186 1765/1416/2186 1766/1417/2186
f 1766/1417/2187 1751/1415/2187 1747/1664/2187
f 1768/1661/2188 1766/1417/2188 1747/1664/2188
f 1767/1419/2189 1766/1417/2189 1768/1661/2189
f 1769/1658/2190 1767/1419/2190 1768/1661/2190
f 1768/1796/2191 1747/1790/2191 1743/1786/2191
f 1742/1785/2192 1768/1796/2192 1743/1786/2192
f 1769/1797/2193 1768/1796/2193 1742/1785/2193
f 1770/1421/2194 1767/1419/2194 1769/1658/2194
f 1771/1657/2195 1770/1421/2195 1769/1658/2195
f 1772/1798/2196 1769/1797/2196 1742/1785/2196
f 1771/1799/2196 1769/1797/2196 1772/1798/2196
f 1773/1800/2197 1771/1799/2197 1772/1798/2197
f 1772/1798/2198 1742/1785/2198 1740/1783/2198
f 1774/1801/2199 1772/1798/2199 1740/1783/2199
f 1773/1800/2199 1772/1798/2199 1774/1801/2199
f 1774/1801/2200 1776/1802/2200 1775/1803/2200
f 1774/1801/2201 1775/1803/2201 1773/1800/2201
f 1737/1781/2202 1776/1802/2202 1774/1801/2202
f 1774/1801/2148 1740/1783/2148 1737/1781/2148
f 1608/1630/2203 1775/1803/2203 1776/1802/2203
f 1737/1781/2204 1738/1780/2204 1776/1802/2204
f 1608/1630/2205 1776/1802/2205 1613/1634/2205
f 1613/1634/2206 1776/1802/2206 1738/1780/2206
f 1773/1800/2207 1775/1803/2207 1777/1804/2207
f 1609/1628/2208 1775/1803/2208 1608/1630/2208
f 1609/1628/2209 1777/1804/2209 1775/1803/2209
f 1778/1805/2210 1777/1804/2210 1609/1628/2210
f 1778/1805/2211 1779/1806/2211 1777/1804/2211
f 1780/1807/2212 1777/1804/2212 1779/1806/2212
f 1773/1800/2213 1777/1804/2213 1780/1807/2213
f 1782/1425/2214 1781/1423/2214 1780/1428/2214
f 1780/1428/2215 1781/1423/2215 1771/1657/2215
f 1780/1807/2216 1771/1799/2216 1773/1800/2216
f 1780/1428/2217 1779/1429/2217 1782/1425/2217
f 1782/1425/2218 1785/1422/2218 1781/1423/2218
f 1782/1425/2219 1779/1429/2219 1783/1427/2219
f 1782/1425/2220 1783/1427/2220 1784/1424/2220
f 1784/1424/2221 1785/1422/2221 1782/1425/2221
f 1786/929/2222 1787/927/2222 1785/1422/2222
f 1784/1424/2223 1786/929/2223 1785/1422/2223
f 1785/1422/2224 1787/927/2224 1788/1420/2224
f 1785/1422/2225 1788/1420/2225 1781/1423/2225
f 1788/1420/2226 1790/926/2226 1789/1418/2226
f 1788/1420/2227 1789/1418/2227 1770/1421/2227
f 1787/927/2226 1790/926/2226 1788/1420/2226
f 1781/1423/2228 1788/1420/2228 1770/1421/2228
f 1793/921/2229 1791/918/2229 1790/926/2229
f 1790/926/2230 1791/918/2230 1792/920/2230
f 1790/926/2231 1792/920/2231 1789/1418/2231
f 1787/927/2232 1793/921/2232 1790/926/2232
f 1793/921/2233 1794/917/2233 1791/918/2233
f 1795/922/2233 1794/917/2233 1793/921/2233
f 1796/925/2234 1795/922/2234 1793/921/2234
f 1796/925/2232 1793/921/2232 1787/927/2232
f 1797/923/2235 1795/922/2235 1796/925/2235
f 1798/928/2236 1797/923/2236 1796/925/2236
f 1786/929/2237 1796/925/2237 1787/927/2237
f 1798/928/2237 1796/925/2237 1786/929/2237
f 1799/924/2238 1797/923/2238 1798/928/2238
f 1800/931/2239 1799/924/2239 1798/928/2239
f 1801/934/2240 1798/928/2240 1786/929/2240
f 1800/931/2241 1798/928/2241 1801/934/2241
f 1784/1424/2242 1803/1426/2242 1801/934/2242
f 1801/934/2243 1786/929/2243 1784/1424/2243
f 1801/934/2244 1802/937/2244 1800/931/2244
f 1801/934/2245 1803/1426/2245 1802/937/2245
f 1805/947/2246 1802/937/2246 1803/1426/2246
f 1804/949/2247 1803/1426/2247 1783/1427/2247
f 1784/1424/2248 1783/1427/2248 1803/1426/2248
f 1805/947/2247 1803/1426/2247 1804/949/2247
f 1805/947/2249 1807/950/2249 1806/948/2249
f 1805/947/2250 1806/948/2250 1808/939/2250
f 1804/949/2251 1807/950/2251 1805/947/2251
f 1808/939/2252 1802/937/2252 1805/947/2252
f 1808/939/2253 1811/944/2253 1809/936/2253
f 1809/936/2254 1810/933/2254 1808/939/2254
f 1808/939/2254 1810/933/2254 1802/937/2254
f 1808/939/2255 1806/948/2255 1811/944/2255
f 1812/945/2256 1813/940/2256 1811/944/2256
f 1812/945/2257 1811/944/2257 1814/951/2257
f 1809/936/2258 1811/944/2258 1813/940/2258
f 1814/951/2259 1811/944/2259 1806/948/2259
f 1816/952/2260 1815/1119/2260 1814/951/2260
f 1814/951/2260 1815/1119/2260 1817/953/2260
f 1814/951/2261 1806/948/2261 1816/952/2261
f 1814/951/2262 1817/953/2262 1812/945/2262
f 1819/1118/2263 1818/954/2263 1817/953/2263
f 1812/945/2264 1817/953/2264 1818/954/2264
f 1819/1118/2265 1817/953/2265 1820/1117/2265
f 1820/1117/2266 1817/953/2266 1815/1119/2266
f 1820/1117/2267 1815/1119/2267 1821/1127/2267
f 1823/1129/2268 1820/1117/2268 1821/1127/2268
f 1822/1115/2269 1819/1118/2269 1820/1117/2269
f 1822/1115/2270 1820/1117/2270 1823/1129/2270
f 1823/1129/2271 1566/1132/2271 1824/1131/2271
f 1823/1129/2272 1824/1131/2272 1822/1115/2272
f 1823/1129/2273 1821/1127/2273 1825/1130/2273
f 1825/1130/2274 1566/1132/2274 1823/1129/2274
f 1826/1808/2275 1567/1582/2275 1825/1809/2275
f 1825/1810/2276 1827/1811/2276 1826/1812/2276
f 1825/1130/2277 1821/1127/2277 1827/1128/2277
f 1825/1809/2278 1567/1582/2278 1566/1581/2278
f 1821/1127/2279 1828/1121/2279 1827/1128/2279
f 1827/1128/2280 1828/1121/2280 1829/1126/2280
f 1827/1811/2281 1829/1813/2281 1830/1814/2281
f 1826/1812/2282 1827/1811/2282 1830/1814/2282
f 1830/1814/2283 1829/1813/2283 1831/1815/2283
f 1830/1814/2284 1831/1815/2284 1595/1615/2284
f 1594/1614/2285 1830/1814/2285 1595/1615/2285
f 1826/1812/2286 1830/1814/2286 1594/1614/2286
f 1832/1816/2287 1831/1815/2287 1829/1813/2287
f 1595/1615/2288 1831/1815/2288 1598/1617/2288
f 1605/1626/2289 1598/1617/2289 1831/1815/2289
f 1605/1626/2290 1831/1815/2290 1832/1816/2290
f 1832/1816/2291 1835/1817/2291 1605/1626/2291
f 1832/1816/2292 1829/1813/2292 1833/1818/2292
f 1833/1818/2293 1834/1819/2293 1832/1816/2293
f 1832/1816/2294 1834/1819/2294 1835/1817/2294
f 1605/1626/2295 1835/1817/2295 1606/1627/2295
f 1836/1820/2296 1835/1817/2296 1834/1819/2296
f 1778/1805/2297 1606/1627/2297 1835/1817/2297
f 1778/1805/2298 1835/1817/2298 1836/1820/2298
f 1836/1820/2299 1779/1806/2299 1778/1805/2299
f 1836/1435/2300 1834/1438/2300 1804/949/2300
f 1804/949/2301 1783/1427/2301 1836/1435/2301
f 1836/1435/2302 1783/1427/2302 1779/1429/2302
f 1833/1120/2303 1807/950/2303 1834/1438/2303
f 1804/949/2304 1834/1438/2304 1807/950/2304
f 1833/1818/2305 1829/1813/2305 1828/1821/2305
f 1833/1120/2306 1828/1121/2306 1816/952/2306
f 1816/952/2307 1807/950/2307 1833/1120/2307
f 1821/1127/2267 1815/1119/2267 1828/1121/2267
f 1816/952/2308 1828/1121/2308 1815/1119/2308
f 1594/1613/2309 1569/1584/2309 1826/1808/2309
f 1826/1808/2310 1569/1584/2310 1567/1582/2310
f 1838/1133/2311 1837/1113/2311 1824/1131/2311
f 1822/1115/2312 1824/1131/2312 1837/1113/2312
f 1838/1133/2313 1824/1131/2313 1563/1134/2313
f 1563/1134/2314 1824/1131/2314 1566/1132/2314
f 1840/1111/2315 1837/1113/2315 1838/1133/2315
f 1561/1136/2316 1838/1133/2316 1563/1134/2316
f 1839/1135/2317 1840/1111/2317 1838/1133/2317
f 1839/1135/2318 1838/1133/2318 1561/1136/2318
f 1841/1112/2319 1842/1114/2319 1840/1111/2319
f 1843/1109/2320 1841/1112/2320 1840/1111/2320
f 1840/1111/2321 1842/1114/2321 1837/1113/2321
f 1843/1109/2322 1840/1111/2322 1839/1135/2322
f 1846/1107/2323 1844/1110/2323 1843/1109/2323
f 1844/1110/2324 1841/1112/2324 1843/1109/2324
f 1846/1107/2325 1843/1109/2325 1845/1140/2325
f 1845/1140/2326 1843/1109/2326 1839/1135/2326
f 1845/1140/2327 1847/1143/2327 1846/1107/2327
f 1846/1107/2328 1847/1143/2328 1849/1105/2328
f 1846/1107/2329 1849/1105/2329 1848/1108/2329
f 1848/1108/2330 1844/1110/2330 1846/1107/2330
f 1851/1103/2331 1850/1106/2331 1849/1105/2331
f 1848/1108/2332 1849/1105/2332 1850/1106/2332
f 1851/1103/2333 1849/1105/2333 1852/1146/2333
f 1852/1146/2334 1849/1105/2334 1847/1143/2334
f 1852/1822/2335 1847/1823/2335 1853/1824/2335
f 1855/1825/2336 1852/1822/2336 1853/1824/2336
f 1854/1149/2337 1851/1103/2337 1852/1146/2337
f 1854/1826/2338 1852/1822/2338 1855/1825/2338
f 1855/1825/2339 1523/1538/2339 1854/1826/2339
f 1855/1825/2340 1531/1546/2340 1523/1538/2340
f 1855/1825/2341 1853/1824/2341 1856/1827/2341
f 1856/1827/2342 1531/1546/2342 1855/1825/2342
f 1856/1827/2343 1853/1824/2343 1857/1828/2343
f 1856/1827/2344 1532/1547/2344 1531/1546/2344
f 1856/1827/2345 1857/1828/2345 1858/1829/2345
f 1858/1829/2346 1532/1547/2346 1856/1827/2346
f 1550/1566/2347 1535/1552/2347 1858/1829/2347
f 1858/1829/2348 1535/1552/2348 1532/1547/2348
f 1858/1829/2349 1857/1828/2349 1554/1567/2349
f 1858/1829/2350 1554/1567/2350 1550/1566/2350
f 1853/1824/2351 1859/1830/2351 1857/1828/2351
f 1857/1828/2352 1859/1830/2352 1557/1573/2352
f 1857/1828/2353 1557/1573/2353 1554/1567/2353
f 1853/1824/2354 1847/1823/2354 1859/1830/2354
f 1845/1831/2355 1859/1830/2355 1847/1823/2355
f 1560/1575/2356 1557/1573/2356 1859/1830/2356
f 1560/1575/2357 1859/1830/2357 1845/1831/2357
f 1854/1826/2358 1523/1538/2358 1521/1536/2358
f 1854/1149/2359 1521/1152/2359 1860/1101/2359
f 1860/1101/2360 1851/1103/2360 1854/1149/2360
f 1860/1101/2361 1521/1152/2361 1520/1099/2361
f 1860/1101/2362 1520/1099/2362 1861/1102/2362
f 1861/1102/2363 1862/1104/2363 1860/1101/2363
f 1860/1101/2364 1862/1104/2364 1851/1103/2364
f 1863/981/2365 1864/975/2365 1862/1104/2365
f 1861/1102/2366 1863/981/2366 1862/1104/2366
f 1862/1104/2367 1864/975/2367 1850/1106/2367
f 1862/1104/2331 1850/1106/2331 1851/1103/2331
f 1863/981/2368 1865/973/2368 1864/975/2368
f 1867/970/2369 1864/975/2369 1865/973/2369
f 1866/974/2370 1850/1106/2370 1864/975/2370
f 1866/974/2371 1864/975/2371 1867/970/2371
f 1867/970/2372 1865/973/2372 1869/969/2372
f 1869/969/2373 1868/966/2373 1867/970/2373
f 1867/970/2374 1868/966/2374 1870/967/2374
f 1867/970/2375 1870/967/2375 1866/974/2375
f 1868/966/2376 1872/961/2376 1870/967/2376
f 1870/967/2377 1872/961/2377 1871/965/2377
f 1870/967/2378 1871/965/2378 1873/971/2378
f 1866/974/2375 1870/967/2375 1873/971/2375
f 1848/1108/2379 1873/971/2379 1844/1110/2379
f 1873/971/2380 1874/968/2380 1844/1110/2380
f 1873/971/2381 1871/965/2381 1874/968/2381
f 1866/974/2382 1873/971/2382 1848/1108/2382
f 1871/965/2383 1875/962/2383 1874/968/2383
f 1874/968/2384 1875/962/2384 1876/964/2384
f 1874/968/2385 1876/964/2385 1841/1112/2385
f 1844/1110/2380 1874/968/2380 1841/1112/2380
f 1878/958/2386 1876/964/2386 1875/962/2386
f 1841/1112/2387 1876/964/2387 1842/1114/2387
f 1877/963/2388 1842/1114/2388 1876/964/2388
f 1877/963/2386 1876/964/2386 1878/958/2386
f 1878/958/2389 1875/962/2389 1879/959/2389
f 1879/959/2390 1881/957/2390 1878/958/2390
f 1878/958/2390 1881/957/2390 1880/956/2390
f 1878/958/2391 1880/956/2391 1877/963/2391
f 1883/1832/7 1881/957/7 1882/1833/7
f 1882/1833/7 1881/957/7 1879/959/7
f 1883/1832/7 1884/942/7 1881/957/7
f 1881/957/2392 1884/942/2392 1880/956/2392
f 1883/1832/7 1885/941/7 1884/942/7
f 1885/941/2393 1886/946/2393 1884/942/2393
f 1880/956/2394 1884/942/2394 1886/946/2394
f 1880/956/2395 1886/946/2395 1887/955/2395
f 1887/955/2396 1886/946/2396 1818/954/2396
f 1888/943/2397 1818/954/2397 1886/946/2397
f 1888/943/2398 1886/946/2398 1885/941/2398
f 1812/945/2397 1818/954/2397 1888/943/2397
f 1888/943/2399 1813/940/2399 1812/945/2399
f 1885/941/2400 1889/938/2400 1888/943/2400
f 1888/943/2400 1889/938/2400 1813/940/2400
f 1891/935/2401 1813/940/2401 1889/938/2401
f 1890/1834/7 1891/935/7 1889/938/7
f 1890/1834/7 1889/938/7 1885/941/7
f 1892/1835/7 1891/935/7 1890/1834/7
f 1892/1835/7 1893/932/7 1891/935/7
f 1891/935/2402 1893/932/2402 1809/936/2402
f 1809/936/2403 1813/940/2403 1891/935/2403
f 1892/1835/7 1894/930/7 1893/932/7
f 1894/930/2404 1810/933/2404 1893/932/2404
f 1809/936/2402 1893/932/2402 1810/933/2402
f 1895/1836/7 1894/930/7 1892/1835/7
f 1895/1836/7 1799/924/7 1894/930/7
f 1894/930/2405 1799/924/2405 1800/931/2405
f 1800/931/2404 1810/933/2404 1894/930/2404
f 1896/1837/7 1797/923/7 1895/1836/7
f 1895/1838/2406 1897/1839/2406 1896/1840/2406
f 1895/1836/7 1797/923/7 1799/924/7
f 1892/1841/2407 1897/1839/2407 1895/1838/2407
f 1899/1842/7 1898/1837/7 1897/1836/7
f 1897/1839/2406 1898/1843/2406 1896/1840/2406
f 1899/1842/7 1897/1836/7 1900/1844/7
f 1900/1844/7 1897/1836/7 1901/1835/7
f 1892/1841/2407 1901/1845/2407 1897/1839/2407
f 1900/1844/7 1901/1835/7 1902/1846/7
f 1902/1846/7 1901/1835/7 1903/1834/7
f 1890/1847/2408 1903/1848/2408 1901/1845/2408
f 1890/1847/2408 1901/1845/2408 1892/1841/2408
f 1902/1846/7 1903/1834/7 1904/1849/7
f 1904/1849/7 1903/1834/7 1905/1832/7
f 1883/1850/2409 1905/1851/2409 1903/1848/2409
f 1883/1850/2410 1903/1848/2410 1890/1847/2410
f 1904/1849/7 1905/1832/7 1906/1852/7
f 1882/1853/2411 1907/1854/2411 1905/1851/2411
f 1882/1853/2411 1905/1851/2411 1883/1850/2411
f 1906/1852/7 1905/1832/7 1907/1833/7
f 1908/1855/2412 1910/1856/2412 1907/1857/2412
f 1908/1855/2412 1907/1857/2412 1882/1858/2412
f 1906/1852/64 1907/1833/64 1909/1859/64
f 1909/1859/7 1907/1833/7 1910/1860/7
f 1909/1859/7 1910/1860/7 1911/1861/7
f 1911/1861/7 1910/1860/7 1912/1862/7
f 1913/1863/2413 1912/1864/2413 1910/1856/2413
f 1913/1863/2413 1910/1856/2413 1908/1855/2413
f 1913/1862/7 1915/972/7 1914/1865/7
f 1914/1866/2414 1912/1864/2414 1913/1863/2414
f 1913/1862/7 1869/969/7 1915/972/7
f 1908/1860/7 1868/966/7 1913/1862/7
f 1913/1862/7 1868/966/7 1869/969/7
f 1914/1865/7 1915/972/7 1916/977/7
f 1916/977/2415 1915/972/2415 1917/976/2415
f 1869/969/2416 1865/973/2416 1915/972/2416
f 1917/976/2417 1915/972/2417 1865/973/2417
f 1917/976/2368 1865/973/2368 1863/981/2368
f 1919/982/2418 1917/976/2418 1863/981/2418
f 1918/980/2419 1916/977/2419 1917/976/2419
f 1918/980/2418 1917/976/2418 1919/982/2418
f 1919/982/2420 1921/1100/2420 1920/986/2420
f 1919/982/2421 1920/986/2421 1918/980/2421
f 1919/982/2422 1863/981/2422 1861/1102/2422
f 1861/1102/2423 1921/1100/2423 1919/982/2423
f 1922/1098/2424 1920/986/2424 1921/1100/2424
f 1922/1098/2425 1921/1100/2425 1518/1097/2425
f 1518/1097/2426 1921/1100/2426 1520/1099/2426
f 1861/1102/2427 1520/1099/2427 1921/1100/2427
f 1923/988/2428 1920/986/2428 1922/1098/2428
f 1924/1096/2429 1923/988/2429 1922/1098/2429
f 1517/1095/2430 1922/1098/2430 1518/1097/2430
f 1924/1096/2431 1922/1098/2431 1517/1095/2431
f 1517/1095/2432 1925/1093/2432 1924/1096/2432
f 1924/1096/2433 1925/1093/2433 1926/1094/2433
f 1924/1096/2434 1926/1094/2434 1927/994/2434
f 1927/994/2435 1923/988/2435 1924/1096/2435
f 1927/994/2436 1926/1094/2436 1202/995/2436
f 1927/994/2437 1928/985/2437 1923/988/2437
f 1927/994/1313 1202/995/1313 1204/989/1313
f 1204/989/2437 1928/985/2437 1927/994/2437
f 1930/984/2438 1929/979/2438 1928/985/2438
f 1928/985/2439 1929/979/2439 1931/983/2439
f 1204/989/2440 1930/984/2440 1928/985/2440
f 1928/985/2441 1931/983/2441 1923/988/2441
f 1923/988/2442 1931/983/2442 1920/986/2442
f 1918/980/2443 1920/986/2443 1931/983/2443
f 1918/980/2444 1931/983/2444 1932/978/2444
f 1932/978/2444 1931/983/2444 1929/979/2444
f 1914/1865/7 1932/978/7 1933/1867/7
f 1914/1865/7 1916/977/7 1932/978/7
f 1933/1867/7 1932/978/7 1929/979/7
f 1932/978/2445 1916/977/2445 1918/980/2445
f 1933/1868/2446 1935/1869/2446 1914/1866/2446
f 1933/1867/7 1929/979/7 1208/1239/7
f 1208/1242/2447 1934/1870/2447 1933/1868/2447
f 1933/1868/2446 1934/1870/2446 1935/1869/2446
f 1914/1866/2414 1935/1869/2414 1912/1864/2414
f 1936/1871/7 1912/1862/7 1935/1865/7
f 1936/1871/7 1935/1865/7 1937/1872/7
f 1937/1872/7 1935/1865/7 1934/1867/7
f 1937/1873/2448 1940/1874/2448 1936/1875/2448
f 1937/1872/7 1934/1867/7 1938/1876/7
f 1938/1877/2449 1939/1878/2449 1937/1873/2449
f 1937/1873/2449 1939/1878/2449 1940/1874/2449
f 1943/1879/7 1940/1872/7 1939/1876/7
f 1936/1875/2448 1940/1874/2448 1941/1880/2448
f 1942/1881/7 1941/1871/7 1940/1872/7
f 1942/1881/7 1940/1872/7 1943/1879/7
f 1943/1879/7 1939/1876/7 1944/1882/7
f 1943/1883/2450 1946/1884/2450 1942/1885/2450
f 1944/1886/2451 1945/1887/2451 1943/1883/2451
f 1943/1883/2450 1945/1887/2450 1946/1884/2450
f 1948/819/64 1946/1881/64 1945/1879/64
f 1942/1885/2452 1946/1884/2452 1947/1888/2452
f 1948/819/42 1947/1889/42 1946/1881/42
f 1949/1890/42 1979/1891/42 1948/819/42
f 1948/819/7 1953/1892/7 1949/1890/7
f 1954/1893/7 1950/1894/7 1948/819/7
f 1948/819/42 1950/1894/42 1980/1895/42
f 1948/819/7 1955/1896/7 1951/1897/7
f 1948/819/7 1951/1897/7 1981/1898/7
f 1945/1879/7 1982/1882/7 1948/819/7
f 1959/1899/7 1952/1900/7 1948/819/7
f 1948/819/7 1952/1900/7 1983/1901/7
f 1948/819/7 1956/1902/7 1953/1892/7
f 1948/819/7 1957/1903/7 1954/1893/7
f 1958/1904/7 1955/1896/7 1948/819/7
f 1960/1905/64 1956/1902/64 1948/819/64
f 1948/819/7 1961/1906/7 1957/1903/7
f 1948/819/7 1962/1907/7 1958/1904/7
f 1963/1908/64 1947/1889/64 1948/819/64
f 1964/1909/7 1959/1899/7 1948/819/7
f 1948/819/42 1965/1910/42 1960/1905/42
f 1966/1911/7 1961/1906/7 1948/819/7
f 1948/819/7 1967/1912/7 1962/1907/7
f 1948/819/7 1968/1913/7 1963/1908/7
f 1964/1909/7 1948/819/7 1969/1914/7
f 1948/819/64 1970/1915/64 1965/1910/64
f 1948/819/7 1971/1916/7 1966/1911/7
f 1972/1917/7 1967/1912/7 1948/819/7
f 1948/819/42 1973/1918/42 1968/1913/42
f 1948/819/7 1974/1919/7 1969/1914/7
f 1975/1920/7 1970/1915/7 1948/819/7
f 1948/819/7 1976/1921/7 1971/1916/7
f 1948/819/7 1977/1922/7 1972/1917/7
f 1978/1923/7 1973/1918/7 1948/819/7
f 1948/819/7 1979/1891/7 1974/1919/7
f 1948/819/7 1980/1895/7 1975/1920/7
f 1981/1898/7 1976/1921/7 1948/819/7
f 1948/819/64 1982/1882/64 1977/1922/64
f 1948/819/64 1983/1901/64 1978/1923/64
f 1985/1924/2453 1978/1925/2453 1983/1926/2453
f 1985/1924/2410 1983/1926/2410 1984/1927/2410
f 1984/1927/2454 1983/1926/2454 1952/1928/2454
f 1984/1901/7 1987/1846/7 1985/1923/7
f 1985/1923/7 1987/1846/7 1986/1849/7
f 1985/1923/7 1986/1849/7 1988/1918/7
f 1988/1929/2455 1978/1925/2455 1985/1924/2455
f 1988/1918/7 1990/1852/7 1989/1913/7
f 1989/1930/2456 1973/1931/2456 1988/1932/2456
f 1988/1929/2457 1973/1933/2457 1978/1925/2457
f 1988/1918/7 1986/1849/7 1990/1852/7
f 1906/1934/2458 1990/1935/2458 1904/1936/2458
f 1904/1936/2458 1990/1935/2458 1986/1937/2458
f 1906/1938/2459 1991/1939/2459 1990/1940/2459
f 1989/1913/7 1990/1852/7 1991/1859/7
f 1909/1941/2460 1992/1942/2460 1991/1939/2460
f 1993/1908/7 1991/1859/7 1992/1861/7
f 1989/1913/7 1991/1859/7 1993/1908/7
f 1909/1941/2459 1991/1939/2459 1906/1938/2459
f 1993/1943/2461 1968/1944/2461 1989/1930/2461
f 1994/1945/2462 1963/1946/2462 1993/1943/2462
f 1993/1943/2463 1963/1946/2463 1968/1944/2463
f 1993/1908/7 1992/1861/7 1994/1889/7
f 1994/1889/7 1941/1871/7 1942/1881/7
f 1994/1889/7 1992/1861/7 1941/1871/7
f 1942/1885/2452 1947/1888/2452 1994/1945/2452
f 1994/1945/2464 1947/1888/2464 1963/1946/2464
f 1911/1947/2465 1941/1880/2465 1992/1942/2465
f 1911/1947/2466 1992/1942/2466 1909/1941/2466
f 1989/1930/2456 1968/1944/2456 1973/1931/2456
f 1902/1948/2467 1986/1937/2467 1987/1949/2467
f 1902/1948/2468 1987/1949/2468 1900/1950/2468
f 1900/1950/2469 1987/1949/2469 1995/1951/2469
f 1984/1901/7 1995/1844/7 1987/1846/7
f 1899/1952/2470 1995/1951/2470 1996/1953/2470
f 1997/1900/7 1996/1842/7 1995/1844/7
f 1997/1900/7 1995/1844/7 1984/1901/7
f 1900/1950/2471 1995/1951/2471 1899/1952/2471
f 1998/1899/7 1996/1842/7 1997/1900/7
f 1997/1838/2472 1959/1954/2472 1998/1955/2472
f 1984/1927/2454 1952/1928/2454 1997/1838/2454
f 1997/1838/2473 1952/1928/2473 1959/1954/2473
f 1998/1899/7 1999/1956/7 1996/1842/7
f 2000/1909/7 1999/1956/7 1998/1899/7
f 1998/1955/2474 1959/1954/2474 2000/1957/2474
f 2001/1914/7 2002/1958/7 2000/1909/7
f 2000/1957/2475 1964/1959/2475 2001/1960/2475
f 2000/1909/7 2002/1958/7 1999/1956/7
f 1959/1954/2474 1964/1959/2474 2000/1957/2474
f 2005/1961/2476 1999/1962/2476 2002/1963/2476
f 2005/1961/2477 2002/1963/2477 2003/1964/2477
f 2003/1964/2477 2002/1963/2477 2004/1965/2477
f 2001/1914/7 2004/1966/7 2002/1958/7
f 2003/1966/7 2007/1967/7 2005/1958/7
f 2005/1958/7 2008/1968/7 2006/1956/7
f 2006/1969/2476 1999/1962/2476 2005/1961/2476
f 2005/1958/7 2007/1967/7 2008/1968/7
f 2006/1956/7 2008/1968/7 1898/1837/7
f 2009/1970/527 2008/1971/527 2007/1972/527
f 1898/1843/2478 2008/1971/2478 2009/1970/2478
f 2010/1967/7 1794/917/7 2009/1968/7
f 2009/1970/527 2007/1972/527 2010/1973/527
f 2009/1968/7 1794/917/7 1795/922/7
f 2009/1968/7 1795/922/7 1896/1837/7
f 1896/1840/2479 1898/1843/2479 2009/1970/2479
f 2011/1974/7 2012/911/7 2010/1967/7
f 2010/1973/2480 2014/1975/2480 2011/1976/2480
f 2012/911/7 2013/912/7 2010/1967/7
f 2010/1967/7 2013/912/7 1794/917/7
f 2010/1973/2480 2007/1972/2480 2014/1975/2480
f 2016/1977/7 2015/1978/7 2014/1974/7
f 2011/1976/2481 2014/1975/2481 2015/1979/2481
f 2016/1977/7 2014/1974/7 2003/1966/7
f 2003/1966/7 2014/1974/7 2007/1967/7
f 2018/1980/7 2015/1978/7 2016/1977/7
f 2003/1964/2482 2004/1965/2482 2016/1981/2482
f 2016/1981/2482 2004/1965/2482 2017/1982/2482
f 2016/1981/2483 2017/1982/2483 2018/1983/2483
f 2019/1984/7 2020/1985/7 2018/1980/7
f 2018/1983/2484 2021/1986/2484 2019/1987/2484
f 2018/1980/7 2020/1985/7 2015/1978/7
f 2018/1983/2483 2017/1982/2483 2021/1986/2483
f 2024/1891/7 2021/1980/7 2017/1977/7
f 2019/1987/2485 2021/1986/2485 2022/1988/2485
f 2023/1890/7 2022/1984/7 2021/1980/7
f 2023/1890/64 2021/1980/64 2024/1891/64
f 2024/1891/7 2017/1977/7 2025/1919/7
f 2025/1989/2486 1979/1990/2486 2024/1991/2486
f 2024/1991/2487 1979/1990/2487 1949/1992/2487
f 2024/1991/2487 1949/1992/2487 2023/1993/2487
f 2025/1919/7 2004/1966/7 2001/1914/7
f 2001/1960/2488 1974/1994/2488 2025/1989/2488
f 2025/1989/2489 1974/1994/2489 1979/1990/2489
f 2025/1919/7 2017/1977/7 2004/1966/7
f 2026/1892/7 2022/1984/7 2023/1890/7
f 2023/1993/2490 1953/1995/2490 2026/1996/2490
f 2023/1993/2491 1949/1992/2491 1953/1995/2491
f 2028/1902/7 2027/1997/7 2026/1892/7
f 2026/1892/7 2027/1997/7 2022/1984/7
f 2026/1998/2492 1956/1999/2492 2028/2000/2492
f 2026/1998/2493 1953/2001/2493 1956/1999/2493
f 2028/1902/7 2029/2002/7 2027/1997/7
f 2030/1905/7 2029/2002/7 2028/1902/7
f 2028/2000/2494 1960/2003/2494 2030/2004/2494
f 2028/2000/2494 1956/1999/2494 1960/2003/2494
f 2030/1905/7 2031/2005/7 2029/2002/7
f 2032/1910/7 2031/2005/7 2030/1905/7
f 2030/2004/2495 1965/2006/2495 2032/2007/2495
f 2030/2004/2496 1960/2003/2496 1965/2006/2496
f 2033/1915/7 2034/2008/7 2032/1910/7
f 2032/2007/2497 1970/2009/2497 2033/2010/2497
f 2032/1910/7 2034/2008/7 2031/2005/7
f 2032/2007/2497 1965/2006/2497 1970/2009/2497
f 2037/2011/2498 2031/2012/2498 2034/2013/2498
f 2037/2011/2499 2034/2013/2499 2035/2014/2499
f 2035/2014/2499 2034/2013/2499 2036/2015/2499
f 2033/1915/64 2036/2016/64 2034/2008/64
f 2035/2016/7 2038/2017/7 2037/2008/7
f 2037/2008/7 2038/2017/7 2039/2018/7
f 2037/2008/7 2039/2018/7 2040/2005/7
f 2040/2019/2498 2031/2012/2498 2037/2011/2498
f 2040/2005/7 2039/2018/7 2041/2020/7
f 2040/2005/7 2041/2020/7 2042/2002/7
f 2042/2021/2500 2029/2022/2500 2040/2019/2500
f 2040/2019/2501 2029/2022/2501 2031/2012/2501
f 2042/2002/7 2041/2020/7 2043/2023/7
f 2042/2002/7 2043/2023/7 2044/1997/7
f 2044/2024/2502 2027/2025/2502 2042/2021/2502
f 2042/2021/2502 2027/2025/2502 2029/2022/2502
f 2044/1997/7 2043/2023/7 2045/2026/7
f 2044/1997/7 2045/2026/7 2019/1984/7
f 2019/2027/2503 2022/2028/2503 2044/2024/2503
f 2044/2024/2504 2022/2028/2504 2027/2025/2504
f 2047/2029/2505 2045/2030/2505 2043/2031/2505
f 2019/1984/7 2045/2026/7 2020/1985/7
f 2046/2032/2506 2020/2033/2506 2045/2030/2506
f 2046/2032/2506 2045/2030/2506 2047/2029/2506
f 2047/2026/7 2049/893/7 2046/1985/7
f 2048/2023/7 2050/887/7 2047/2026/7
f 2047/2029/2507 2043/2031/2507 2048/2034/2507
f 2047/2026/7 2051/890/7 2049/893/7
f 2047/2026/7 2050/887/7 2051/890/7
f 2051/890/2508 2053/894/2508 2049/893/2508
f 2051/890/2509 2050/887/2509 2052/891/2509
f 2052/891/2510 2053/894/2510 2051/890/2510
f 2054/897/2511 2049/893/2511 2053/894/2511
f 2054/897/2512 2053/894/2512 2055/902/2512
f 2055/902/2513 2053/894/2513 2056/896/2513
f 2052/891/2514 2056/896/2514 2053/894/2514
f 2055/902/2515 2056/896/2515 2057/1402/2515
f 2057/1402/2516 2056/896/2516 2058/1400/2516
f 2059/895/2517 2058/1400/2517 2056/896/2517
f 2059/895/2518 2056/896/2518 2052/891/2518
f 2060/1398/2519 2058/1400/2519 2059/895/2519
f 2059/895/2520 2062/892/2520 2060/1398/2520
f 2052/891/2521 2061/888/2521 2059/895/2521
f 2059/895/2522 2061/888/2522 2062/892/2522
f 2060/1398/2523 2062/892/2523 2063/1396/2523
f 2062/892/2524 2065/889/2524 2063/1396/2524
f 2061/888/2525 2064/886/2525 2062/892/2525
f 2062/892/2526 2064/886/2526 2065/889/2526
f 2064/886/2527 2066/883/2527 2065/889/2527
f 2065/889/2528 2066/883/2528 2067/885/2528
f 2065/889/2529 2067/885/2529 2068/1394/2529
f 2063/1396/2530 2065/889/2530 2068/1394/2530
f 2068/1394/2531 2067/885/2531 2069/1392/2531
f 2068/1394/2532 2069/1392/2532 2070/1395/2532
f 2071/1397/2533 2068/1394/2533 2070/1395/2533
f 2063/1396/2534 2068/1394/2534 2071/1397/2534
f 2074/1399/2535 2063/1396/2535 2071/1397/2535
f 2074/1399/2536 2071/1397/2536 2072/1687/2536
f 2072/1687/2537 2071/1397/2537 2073/1692/2537
f 2071/1397/2538 2070/1395/2538 2073/1692/2538
f 2072/1687/2539 2076/1685/2539 2074/1399/2539
f 2074/1399/2540 2076/1685/2540 2075/1401/2540
f 2074/1399/2541 2075/1401/2541 2060/1398/2541
f 2060/1398/2542 2063/1396/2542 2074/1399/2542
f 2077/1683/2543 2075/1401/2543 2076/1685/2543
f 2077/1683/2544 2076/1685/2544 2078/1682/2544
f 2078/1682/2545 2076/1685/2545 2079/1684/2545
f 2072/1687/2546 2079/1684/2546 2076/1685/2546
f 2078/2035/2547 2079/2036/2547 2080/2037/2547
f 2080/2037/2548 2079/2036/2548 2081/2038/2548
f 2082/2039/2549 2081/2038/2549 2079/2036/2549
f 2082/1686/2550 2079/1684/2550 2072/1687/2550
f 2083/2040/2551 2081/2038/2551 2082/2039/2551
f 2082/2039/2552 2084/2041/2552 2083/2040/2552
f 2072/2042/2553 2073/2043/2553 2082/2039/2553
f 2082/2039/2554 2073/2043/2554 2084/2041/2554
f 2083/2040/2555 2084/2041/2555 2085/2044/2555
f 2073/2043/2556 2086/2045/2556 2084/2041/2556
f 2084/2041/2557 2087/2046/2557 2085/2044/2557
f 2084/2041/2558 2086/2045/2558 2087/2046/2558
f 2086/2045/2559 2088/2047/2559 2087/2046/2559
f 2087/2046/2560 2088/2047/2560 2089/2048/2560
f 2087/2046/2561 2089/2048/2561 2090/2049/2561
f 2085/2044/2562 2087/2046/2562 2090/2049/2562
f 2090/2049/2563 2089/2048/2563 2091/2050/2563
f 2090/2049/2564 2091/2050/2564 2092/2051/2564
f 2093/2052/2565 2090/2049/2565 2092/2051/2565
f 2085/2044/2566 2090/2049/2566 2093/2052/2566
f 2093/2052/2567 2092/2051/2567 2095/2053/2567
f 2096/2054/2568 2085/2044/2568 2093/2052/2568
f 2096/2054/2569 2093/2052/2569 2094/2055/2569
f 2094/2055/2570 2093/2052/2570 2095/2053/2570
f 2096/2054/2571 2098/2056/2571 2097/2057/2571
f 2096/2054/2572 2097/2057/2572 2083/2040/2572
f 2094/2055/2573 2098/2056/2573 2096/2054/2573
f 2083/2040/2574 2085/2044/2574 2096/2054/2574
f 2099/2058/2575 2100/2059/2575 2098/2056/2575
f 2094/2055/2576 2099/2058/2576 2098/2056/2576
f 2098/2056/2577 2100/2059/2577 2101/2060/2577
f 2101/2060/2578 2097/2057/2578 2098/2056/2578
f 2104/2061/2579 2101/2062/2579 2102/2063/2579
f 2101/2060/2580 2106/2064/2580 2102/2065/2580
f 2103/2066/2581 2097/2057/2581 2101/2060/2581
f 2105/2067/2582 2103/2068/2582 2101/2062/2582
f 2105/2067/2583 2101/2062/2583 2104/2061/2583
f 2101/2060/2584 2100/2059/2584 2106/2064/2584
f 2100/2059/2585 2107/2069/2585 2106/2064/2585
f 2106/2064/2586 2107/2069/2586 2108/2070/2586
f 2106/2064/2587 2108/2070/2587 2102/2065/2587
f 2111/2071/2588 2108/2070/2588 2107/2069/2588
f 2102/2065/2589 2108/2070/2589 2109/2072/2589
f 2110/2073/2590 2109/2072/2590 2108/2070/2590
f 2110/2073/2591 2108/2070/2591 2111/2071/2591
f 2111/2071/2592 1689/1727/2592 2110/2073/2592
f 2111/2071/2593 2107/2069/2593 2112/2074/2593
f 2112/2074/2594 1687/1724/2594 2111/2071/2594
f 2111/2071/2595 1687/1724/2595 1689/1727/2595
f 2114/2075/2596 2113/2076/2596 2112/2074/2596
f 2112/2074/2597 2113/2076/2597 2116/2077/2597
f 2112/2074/2598 2107/2069/2598 2114/2075/2598
f 2112/2074/2599 2116/2077/2599 2115/2078/2599
f 2115/2078/2600 1685/1721/2600 2112/2074/2600
f 2112/2074/2601 1685/1721/2601 1687/1724/2601
f 2118/2079/2602 2117/2080/2602 2116/2077/2602
f 2115/2078/2603 2116/2077/2603 2117/2080/2603
f 2118/2079/2604 2116/2077/2604 2119/2081/2604
f 2119/2081/2604 2116/2077/2604 2113/2076/2604
f 2119/2081/2605 2113/2076/2605 2099/2058/2605
f 2119/2081/2606 2099/2058/2606 2094/2055/2606
f 2094/2055/2607 2095/2053/2607 2119/2081/2607
f 2119/2081/2607 2095/2053/2607 2118/2079/2607
f 2120/2082/2602 2117/2080/2602 2118/2079/2602
f 2118/2079/2608 2121/2083/2608 2120/2082/2608
f 2095/2053/2609 2121/2083/2609 2118/2079/2609
f 2125/2084/2610 2122/2085/2610 2121/2083/2610
f 2121/2083/2611 2122/2085/2611 2123/2086/2611
f 2121/2083/2612 2123/2086/2612 2120/2082/2612
f 2092/2051/2613 2124/2087/2613 2121/2083/2613
f 2095/2053/2614 2092/2051/2614 2121/2083/2614
f 2121/2083/2615 2124/2087/2615 2125/2084/2615
f 2128/2088/2616 2122/2085/2616 2125/2084/2616
f 2127/2089/2617 2125/2084/2617 2124/2087/2617
f 2126/2090/2618 2128/2088/2618 2125/2084/2618
f 2126/2090/2619 2125/2084/2619 2127/2089/2619
f 2129/2091/2620 2130/2092/2620 2128/2088/2620
f 2129/2091/2621 2128/2088/2621 2126/2090/2621
f 2128/2088/2620 2130/2092/2620 2131/2093/2620
f 2128/2088/2622 2131/2093/2622 2122/2085/2622
f 2131/2093/2623 2130/2092/2623 2133/2094/2623
f 2122/2085/2622 2131/2093/2622 2132/2095/2622
f 2133/2094/2624 2132/2095/2624 2131/2093/2624
f 2134/2096/2625 2132/2095/2625 2133/2094/2625
f 2133/2094/2626 1679/1715/2626 2134/2096/2626
f 2133/2094/2627 2136/2097/2627 2135/2098/2627
f 2135/2098/2628 1677/1713/2628 2133/2094/2628
f 2133/2094/2629 1677/1713/2629 1679/1715/2629
f 2133/2094/2630 2130/2092/2630 2136/2097/2630
f 2138/2099/2631 2137/2100/2631 2136/2097/2631
f 2135/2098/2632 2136/2097/2632 2137/2100/2632
f 2138/2099/2633 2136/2097/2633 2129/2091/2633
f 2129/2091/2633 2136/2097/2633 2130/2092/2633
f 2139/2101/2631 2137/2100/2631 2138/2099/2631
f 2140/2102/2634 2139/2101/2634 2138/2099/2634
f 2129/2091/2635 2140/2102/2635 2138/2099/2635
f 2140/2102/2636 2144/2103/2636 2139/2101/2636
f 2140/2102/2637 2143/2104/2637 2141/2105/2637
f 2141/2105/2638 2144/2103/2638 2140/2102/2638
f 2142/2106/2639 2143/2104/2639 2140/2102/2639
f 2126/2090/2640 2142/2106/2640 2140/2102/2640
f 2126/2090/2641 2140/2102/2641 2129/2091/2641
f 2145/2107/2642 2146/2108/2642 2144/2103/2642
f 2145/2107/2643 2144/2103/2643 2141/2105/2643
f 2144/2103/2642 2146/2108/2642 2147/2109/2642
f 2144/2103/2644 2147/2109/2644 2139/2101/2644
f 2149/2110/2645 2147/2109/2645 2146/2108/2645
f 2139/2101/2644 2147/2109/2644 2137/2100/2644
f 2148/2111/2646 2137/2100/2646 2147/2109/2646
f 2148/2111/2647 2147/2109/2647 2149/2110/2647
f 2149/2110/2648 2151/2112/2648 2150/2113/2648
f 2149/2110/2649 2150/2113/2649 2152/2114/2649
f 2149/2110/2650 1673/1709/2650 2148/2111/2650
f 2146/2108/2651 2151/2112/2651 2149/2110/2651
f 2152/2114/2652 1672/1708/2652 2149/2110/2652
f 2149/2110/2653 1672/1708/2653 1673/1709/2653
f 2152/2114/2654 2150/2113/2654 2155/2115/2654
f 2152/2114/2655 2155/2115/2655 2153/2116/2655
f 2153/2116/2656 2154/2117/2656 2152/2114/2656
f 2152/2114/2657 2154/2117/2657 1672/1708/2657
f 2157/2118/2658 2156/2119/2658 2155/2115/2658
f 2155/2115/2659 2156/2119/2659 2153/2116/2659
f 2157/2118/2660 2155/2115/2660 2158/2120/2660
f 2158/2120/2660 2155/2115/2660 2150/2113/2660
f 2158/2120/2661 2150/2113/2661 2159/2121/2661
f 2159/2121/2662 2160/2122/2662 2158/2120/2662
f 2157/2118/2663 2158/2120/2663 2160/2122/2663
f 2161/2123/2664 2157/2118/2664 2160/2122/2664
f 2161/2123/2665 2160/2122/2665 2164/2124/2665
f 2162/2125/2666 2163/2126/2666 2160/2122/2666
f 2162/2125/2667 2160/2122/2667 2159/2121/2667
f 2164/2124/2668 2160/2122/2668 2163/2126/2668
f 2164/2124/2669 2167/2127/2669 2161/2123/2669
f 2164/2124/2670 2163/2126/2670 2165/2128/2670
f 2165/2128/2671 2166/2129/2671 2164/2124/2671
f 2164/2124/2672 2166/2129/2672 2167/2127/2672
f 2170/2130/2673 2167/2127/2673 2166/2129/2673
f 2161/2123/2674 2167/2127/2674 2168/2131/2674
f 2169/2132/2675 2168/2131/2675 2167/2127/2675
f 2169/2132/2676 2167/2127/2676 2170/2130/2676
f 2170/2130/2677 2166/2129/2677 2173/2133/2677
f 2173/2133/2678 2171/2134/2678 2170/2130/2678
f 2170/2130/2679 2171/2134/2679 2172/2135/2679
f 2170/2130/2680 2172/2135/2680 2169/2132/2680
f 2173/2133/2681 2166/2129/2681 2175/2136/2681
f 2173/2133/2682 2176/2137/2682 2171/2134/2682
f 2173/2133/2683 2175/2136/2683 2174/2138/2683
f 2174/2138/2684 2176/2137/2684 2173/2133/2684
f 2177/1364/2685 2178/1362/2685 2176/2139/2685
f 2174/1370/2686 2177/1364/2686 2176/2139/2686
f 2176/2139/2687 2178/1362/2687 2179/1361/2687
f 2176/2137/2688 2179/2140/2688 2171/2134/2688
f 2171/2134/2689 2179/2140/2689 2180/2141/2689
f 2181/1356/2690 2180/2142/2690 2179/1361/2690
f 2181/1356/2691 2179/1361/2691 2182/1360/2691
f 2182/1360/2692 2179/1361/2692 2178/1362/2692
f 2182/1360/2693 2178/1362/2693 2183/2143/2693
f 2183/2143/2694 2184/2144/2694 2182/1360/2694
f 2182/1360/2695 2184/2144/2695 2185/2145/2695
f 2182/1360/2696 2185/2145/2696 2181/1356/2696
f 2184/2144/2697 2186/2146/2697 2185/2145/2697
f 2185/2145/2698 2186/2146/2698 2187/2147/2698
f 2185/2145/2699 2187/2147/2699 2188/1359/2699
f 2181/1356/2700 2185/2145/2700 2188/1359/2700
f 2188/1359/2701 2187/2147/2701 2189/2148/2701
f 2188/1359/2702 2189/2148/2702 2190/1355/2702
f 2191/1357/2703 2188/1359/2703 2190/1355/2703
f 2181/1356/2704 2188/1359/2704 2191/1357/2704
f 2191/2149/2705 2192/2150/2705 2180/2141/2705
f 2191/1357/2706 2180/2142/2706 2181/1356/2706
f 2191/2149/2707 2190/2151/2707 2193/2152/2707
f 2193/2152/2708 2192/2150/2708 2191/2149/2708
f 2193/2152/2709 2190/2151/2709 2195/2153/2709
f 2194/2154/2710 2196/2155/2710 2193/2152/2710
f 2193/2152/2711 2195/2153/2711 2194/2154/2711
f 2193/2152/2712 2196/2155/2712 2192/2150/2712
f 2197/2156/2713 2192/2150/2713 2196/2155/2713
f 2197/2156/2714 2196/2155/2714 2198/2157/2714
f 2198/2157/2715 2196/2155/2715 2199/2158/2715
f 2194/2154/2716 2199/2158/2716 2196/2155/2716
f 2200/2159/2717 2201/2160/2717 2199/2158/2717
f 2202/2161/2718 2200/2159/2718 2199/2158/2718
f 2199/2158/2719 2201/2160/2719 2198/2157/2719
f 2202/2161/2720 2199/2158/2720 2194/2154/2720
f 2202/2161/2721 2205/2162/2721 2203/2163/2721
f 2202/2161/2722 2203/2163/2722 2204/2164/2722
f 2204/2164/2723 2200/2159/2723 2202/2161/2723
f 2194/2154/2724 2205/2162/2724 2202/2161/2724
f 2195/2153/2725 2206/2165/2725 2205/2162/2725
f 2194/2154/2726 2195/2153/2726 2205/2162/2726
f 2205/2162/2727 2206/2165/2727 2207/2166/2727
f 2205/2162/2728 2207/2166/2728 2203/2163/2728
f 2208/2167/2729 2207/2168/2729 2206/2169/2729
f 2203/2163/2730 2207/2166/2730 1339/2170/2730
f 1335/1330/2731 1339/1334/2731 2207/2168/2731
f 1335/1330/2732 2207/2168/2732 2208/2167/2732
f 1332/1325/2733 1335/1330/2733 2208/2167/2733
f 2208/2167/2734 2206/2169/2734 2209/2171/2734
f 2210/2172/2735 2208/2167/2735 2209/2171/2735
f 1332/1325/2736 2208/2167/2736 2210/2172/2736
f 2212/2173/2737 2211/2174/2737 2210/2172/2737
f 2210/2172/2738 2211/2174/2738 1329/1322/2738
f 2210/2172/2739 1329/1322/2739 1332/1325/2739
f 2210/2175/2740 2209/2176/2740 2212/2177/2740
f 2212/2177/2741 2214/2178/2741 2213/2179/2741
f 2213/2179/2742 2215/2180/2742 2212/2177/2742
f 2212/2177/2743 2215/2180/2743 2211/2181/2743
f 2212/2177/2744 2209/2176/2744 2214/2178/2744
f 2216/2182/2745 2217/2183/2745 2215/2180/2745
f 2213/2179/2746 2216/2182/2746 2215/2180/2746
f 2215/2180/2747 2217/2183/2747 2218/2184/2747
f 2215/2180/2748 2218/2184/2748 2211/2181/2748
f 2211/2181/2749 2218/2184/2749 1328/2185/2749
f 2219/2186/2750 1328/2185/2750 2218/2184/2750
f 2219/2186/2751 2218/2184/2751 2220/2187/2751
f 2220/2187/2752 2218/2184/2752 2217/2183/2752
f 2220/2187/2753 2223/2188/2753 2219/2186/2753
f 2220/2187/2754 2217/2183/2754 2221/824/2754
f 2221/824/2755 2222/823/2755 2220/2187/2755
f 2220/2187/2756 2222/823/2756 2223/2188/2756
f 2222/823/2757 2224/814/2757 2223/2188/2757
f 2223/2188/2758 2224/814/2758 2225/2189/2758
f 2223/2188/2759 2225/2189/2759 2226/2190/2759
f 2219/2186/2760 2223/2188/2760 2226/2190/2760
f 2226/2190/2761 2225/2189/2761 1261/1283/2761
f 2226/2190/2762 1261/1283/2762 1263/1284/2762
f 1326/2191/2763 2226/2190/2763 1263/1284/2763
f 2219/2186/2764 2226/2190/2764 1326/2191/2764
f 1247/812/2765 2225/2189/2765 2224/814/2765
f 1250/811/1349 1261/1283/1349 2225/2189/1349
f 1250/811/2766 2225/2189/2766 1247/812/2766
f 2222/823/2767 2227/815/2767 2224/814/2767
f 1244/813/2768 2224/814/2768 2227/815/2768
f 1247/812/2769 2224/814/2769 1244/813/2769
f 2229/816/2770 2228/818/2770 2227/815/2770
f 1240/1048/2771 2227/815/2771 2228/818/2771
f 2229/816/2767 2227/815/2767 2222/823/2767
f 1244/813/2772 2227/815/2772 1240/1048/2772
f 2230/817/2770 2228/818/2770 2229/816/2770
f 2231/822/2773 2230/817/2773 2229/816/2773
f 2221/824/2774 2229/816/2774 2222/823/2774
f 2231/822/2774 2229/816/2774 2221/824/2774
f 2231/822/2775 2234/828/2775 2232/825/2775
f 2231/822/2776 2232/825/2776 2233/820/2776
f 2233/820/2777 2230/817/2777 2231/822/2777
f 2221/824/2775 2234/828/2775 2231/822/2775
f 2235/830/2778 2232/825/2778 2234/828/2778
f 2235/830/2779 2234/828/2779 2216/2182/2779
f 2216/2182/2779 2234/828/2779 2217/2183/2779
f 2221/824/2754 2217/2183/2754 2234/828/2754
f 2236/827/2780 2232/825/2780 2235/830/2780
f 2237/836/2781 2236/827/2781 2235/830/2781
f 2238/2192/2782 2235/830/2782 2216/2182/2782
f 2237/836/2783 2235/830/2783 2238/2192/2783
f 2213/2179/2784 2239/2193/2784 2238/2192/2784
f 2238/2192/2785 2239/2193/2785 2240/2194/2785
f 2238/2192/2786 2216/2182/2786 2213/2179/2786
f 2238/2192/2787 2240/2194/2787 2237/836/2787
f 2239/2193/2788 2187/2147/2788 2240/2194/2788
f 2240/2194/2789 2186/2146/2789 2241/837/2789
f 2237/836/2790 2240/2194/2790 2241/837/2790
f 2240/2194/2791 2187/2147/2791 2186/2146/2791
f 2241/837/2792 2244/840/2792 2242/834/2792
f 2243/831/2793 2241/837/2793 2242/834/2793
f 2237/836/2794 2241/837/2794 2243/831/2794
f 2241/837/2795 2186/2146/2795 2244/840/2795
f 2246/841/2796 2245/835/2796 2244/840/2796
f 2242/834/2797 2244/840/2797 2245/835/2797
f 2246/841/2798 2244/840/2798 2184/2144/2798
f 2184/2144/2799 2244/840/2799 2186/2146/2799
f 2247/839/2800 2245/835/2800 2246/841/2800
f 2248/847/2801 2247/839/2801 2246/841/2801
f 2183/2143/2802 2246/841/2802 2184/2144/2802
f 2248/847/2803 2246/841/2803 2183/2143/2803
f 2250/842/2801 2247/839/2801 2248/847/2801
f 2183/2143/2804 2251/1363/2804 2248/847/2804
f 2248/847/2805 2251/1363/2805 2249/848/2805
f 2248/847/2806 2249/848/2806 2250/842/2806
f 2252/1365/2807 2249/848/2807 2251/1363/2807
f 2252/1365/2808 2251/1363/2808 2177/1364/2808
f 2177/1364/2809 2251/1363/2809 2178/1362/2809
f 2183/2143/2810 2178/1362/2810 2251/1363/2810
f 2253/850/2811 2249/848/2811 2252/1365/2811
f 2254/1366/2812 2253/850/2812 2252/1365/2812
f 2255/1367/2813 2252/1365/2813 2177/1364/2813
f 2254/1366/2814 2252/1365/2814 2255/1367/2814
f 2255/1367/2815 2257/1371/2815 2256/1369/2815
f 2255/1367/2816 2256/1369/2816 2254/1366/2816
f 2255/1367/2817 2177/1364/2817 2174/1370/2817
f 2174/1370/2818 2257/1371/2818 2255/1367/2818
f 2259/2195/2819 2257/2196/2819 2258/2197/2819
f 2258/2197/2820 2257/2196/2820 2175/2136/2820
f 2259/1377/2821 2256/1369/2821 2257/1371/2821
f 2174/2138/2822 2175/2136/2822 2257/2196/2822
f 2258/2197/2823 2262/2198/2823 2259/2195/2823
f 2259/1377/2824 2261/1380/2824 2260/870/2824
f 2260/870/2825 2256/1369/2825 2259/1377/2825
f 2259/2195/2826 2262/2198/2826 2261/2199/2826
f 2264/2200/2827 2262/2198/2827 2263/2201/2827
f 2263/2201/2828 2262/2198/2828 2265/2202/2828
f 2264/2200/2829 2261/2199/2829 2262/2198/2829
f 2258/2197/2830 2265/2202/2830 2262/2198/2830
f 2266/2203/2831 2265/2202/2831 2163/2126/2831
f 2165/2128/2832 2163/2126/2832 2265/2202/2832
f 2165/2128/2833 2265/2202/2833 2258/2197/2833
f 2263/2201/2834 2265/2202/2834 2266/2203/2834
f 2162/2125/2835 2141/2105/2835 2266/2203/2835
f 2266/2203/2836 2163/2126/2836 2162/2125/2836
f 2266/2203/2837 2143/2104/2837 2263/2201/2837
f 2266/2203/2838 2141/2105/2838 2143/2104/2838
f 2264/2200/2839 2268/2204/2839 2267/2205/2839
f 2264/2200/2840 2267/2205/2840 2269/2206/2840
f 2263/2201/2841 2268/2204/2841 2264/2200/2841
f 2269/2206/2842 2261/2199/2842 2264/2200/2842
f 2269/2206/2843 2267/2205/2843 2272/2207/2843
f 2269/1383/2844 2272/1387/2844 2270/873/2844
f 2270/873/2845 2271/871/2845 2269/1383/2845
f 2269/1383/2846 2271/871/2846 2261/1380/2846
f 2274/1704/2847 2273/1386/2847 2272/1387/2847
f 2270/873/2848 2272/1387/2848 2273/1386/2848
f 2274/2208/2849 2272/2207/2849 2275/2209/2849
f 2275/2209/2849 2272/2207/2849 2267/2205/2849
f 2275/2209/2850 2267/2205/2850 2276/2210/2850
f 2278/2211/2851 2275/2209/2851 2276/2210/2851
f 2277/2212/2852 2274/2208/2852 2275/2209/2852
f 2277/2212/2853 2275/2209/2853 2278/2211/2853
f 2127/2089/2854 2124/2087/2854 2278/2211/2854
f 2278/2211/2855 2276/2210/2855 2127/2089/2855
f 2278/2211/2856 2124/2087/2856 2091/2050/2856
f 2278/2211/2857 2091/2050/2857 2277/2212/2857
f 2277/2212/2858 2091/2050/2858 2089/2048/2858
f 2277/2212/2859 2089/2048/2859 2279/2213/2859
f 2279/2213/2860 2274/2208/2860 2277/2212/2860
f 2279/2213/2861 2089/2048/2861 2088/2047/2861
f 2279/1701/2862 2088/1698/2862 2280/1391/2862
f 2280/1391/2863 2281/1388/2863 2279/1701/2863
f 2279/1701/2864 2281/1388/2864 2274/1704/2864
f 2282/1389/2865 2283/874/2865 2281/1388/2865
f 2280/1391/2866 2282/1389/2866 2281/1388/2866
f 2281/1388/2867 2283/874/2867 2273/1386/2867
f 2281/1388/2868 2273/1386/2868 2274/1704/2868
f 2282/1389/2869 2284/875/2869 2283/874/2869
f 2286/866/2870 2283/874/2870 2284/875/2870
f 2285/872/2871 2273/1386/2871 2283/874/2871
f 2285/872/2872 2283/874/2872 2286/866/2872
f 2286/866/2873 2284/875/2873 2287/864/2873
f 2287/864/2874 2288/861/2874 2286/866/2874
f 2286/866/2874 2288/861/2874 2289/865/2874
f 2286/866/2875 2289/865/2875 2285/872/2875
f 2292/856/2876 2289/865/2876 2288/861/2876
f 2285/872/2877 2289/865/2877 2290/869/2877
f 2291/860/2878 2290/869/2878 2289/865/2878
f 2291/860/2879 2289/865/2879 2292/856/2879
f 2292/856/2880 2293/855/2880 2291/860/2880
f 2292/856/2881 2294/853/2881 2293/855/2881
f 2292/856/2882 2288/861/2882 2295/854/2882
f 2295/854/2883 2294/853/2883 2292/856/2883
f 2296/2214/7 2294/853/7 2295/854/7
f 2295/854/2884 2288/861/2884 2297/859/2884
f 2296/2214/7 2295/854/7 2297/859/7
f 2296/2214/7 2297/859/7 2298/2017/7
f 2298/2017/7 2297/859/7 2299/862/7
f 2299/862/2885 2297/859/2885 2287/864/2885
f 2287/864/2886 2297/859/2886 2288/861/2886
f 2298/2017/7 2299/862/7 2300/2018/7
f 2299/862/7 2301/863/7 2300/2018/7
f 2299/862/2887 2302/867/2887 2301/863/2887
f 2287/864/2888 2302/867/2888 2299/862/2888
f 2303/877/2889 2301/863/2889 2302/867/2889
f 2303/877/2890 2302/867/2890 2304/876/2890
f 2304/876/2891 2302/867/2891 2284/875/2891
f 2287/864/2873 2284/875/2873 2302/867/2873
f 2304/876/2892 2284/875/2892 2282/1389/2892
f 2306/1390/2893 2304/876/2893 2282/1389/2893
f 2305/884/2894 2303/877/2894 2304/876/2894
f 2305/884/2895 2304/876/2895 2306/1390/2895
f 2306/1390/2896 2307/1393/2896 2069/1392/2896
f 2306/1390/2897 2069/1392/2897 2305/884/2897
f 2306/1390/2898 2282/1389/2898 2280/1391/2898
f 2280/1391/2899 2307/1393/2899 2306/1390/2899
f 2070/1395/2900 2069/1392/2900 2307/1393/2900
f 2070/1395/2901 2307/1393/2901 2086/1695/2901
f 2086/1695/2902 2307/1393/2902 2088/1698/2902
f 2280/1391/2903 2088/1698/2903 2307/1393/2903
f 2305/884/2904 2069/1392/2904 2067/885/2904
f 2305/884/2905 2067/885/2905 2308/879/2905
f 2308/879/2906 2303/877/2906 2305/884/2906
f 2308/879/2905 2067/885/2905 2066/883/2905
f 2310/880/2907 2309/878/2907 2308/879/2907
f 2308/879/2908 2309/878/2908 2303/877/2908
f 2308/879/2909 2066/883/2909 2310/880/2909
f 2309/878/7 2310/880/7 2311/2020/7
f 2311/2020/7 2310/880/7 2312/881/7
f 2310/880/2909 2066/883/2909 2312/881/2909
f 2311/2020/7 2312/881/7 2048/2023/7
f 2312/881/7 2313/882/7 2048/2023/7
f 2313/882/2910 2312/881/2910 2064/886/2910
f 2064/886/2910 2312/881/2910 2066/883/2910
f 2048/2023/7 2313/882/7 2050/887/7
f 2050/887/2911 2313/882/2911 2061/888/2911
f 2061/888/2912 2313/882/2912 2064/886/2912
f 2300/2018/7 2309/878/7 2311/2020/7
f 2311/2215/2913 2039/2216/2913 2300/2217/2913
f 2048/2034/2914 2041/2218/2914 2311/2215/2914
f 2311/2215/2915 2041/2218/2915 2039/2216/2915
f 2300/2018/7 2301/863/7 2309/878/7
f 2309/878/2889 2301/863/2889 2303/877/2889
f 2300/2217/2916 2039/2216/2916 2038/2219/2916
f 2300/2217/2916 2038/2219/2916 2298/2220/2916
f 2298/2220/2917 2314/2221/2917 2296/2222/2917
f 2298/2220/2917 2038/2219/2917 2314/2221/2917
f 2316/2223/7 2315/2224/7 2314/2214/7
f 2296/2222/2918 2314/2221/2918 2315/2225/2918
f 2316/2223/42 2314/2214/42 2035/2016/42
f 2035/2016/7 2314/2214/7 2038/2017/7
f 2318/2226/64 2315/2224/64 2316/2223/64
f 2035/2014/2919 2036/2015/2919 2316/2227/2919
f 2316/2227/2920 2036/2015/2920 2317/2228/2920
f 2316/2227/2921 2317/2228/2921 2318/2229/2921
f 2319/2230/7 2320/2231/7 2318/2226/7
f 2318/2229/2922 2321/2232/2922 2319/2233/2922
f 2318/2226/7 2320/2231/7 2315/2224/7
f 2318/2229/2923 2317/2228/2923 2321/2232/2923
f 2324/1895/7 2321/2226/7 2317/2223/7
f 2319/2233/2922 2321/2232/2922 2322/2234/2922
f 2323/1894/7 2322/2230/7 2321/2226/7
f 2323/1894/7 2321/2226/7 2324/1895/7
f 2324/1895/7 2317/2223/7 2325/1920/7
f 2325/2235/2924 1980/2236/2924 2324/2237/2924
f 2324/2237/2925 1980/2236/2925 1950/2238/2925
f 2324/2237/2925 1950/2238/2925 2323/2239/2925
f 2325/1920/42 2036/2016/42 2033/1915/42
f 2033/2010/2926 1975/2240/2926 2325/2235/2926
f 2325/2235/2924 1975/2240/2924 1980/2236/2924
f 2325/1920/7 2317/2223/7 2036/2016/7
f 2326/1893/7 2322/2230/7 2323/1894/7
f 2323/2239/2927 1954/2241/2927 2326/2242/2927
f 2323/2239/2927 1950/2238/2927 1954/2241/2927
f 2328/1903/64 2327/2243/64 2326/1893/64
f 2326/1893/7 2327/2243/7 2322/2230/7
f 2326/2242/2928 1957/2244/2928 2328/2245/2928
f 2326/2242/2929 1954/2241/2929 1957/2244/2929
f 2328/1903/7 2329/2246/7 2327/2243/7
f 2330/1906/7 2329/2246/7 2328/1903/7
f 2328/2247/2930 1961/2248/2930 2330/2249/2930
f 2328/2247/2930 1957/2250/2930 1961/2248/2930
f 2330/1906/7 2331/2251/7 2329/2246/7
f 2332/1911/7 2331/2251/7 2330/1906/7
f 2330/2249/2931 1966/2252/2931 2332/2253/2931
f 2330/2249/2931 1961/2248/2931 1966/2252/2931
f 2333/1916/7 2334/2254/7 2332/1911/7
f 2332/2253/2932 1971/2255/2932 2333/2256/2932
f 2332/1911/7 2334/2254/7 2331/2251/7
f 2332/2253/2932 1966/2252/2932 1971/2255/2932
f 2337/2257/2933 2331/2258/2933 2334/2259/2933
f 2337/2257/2934 2334/2259/2934 2335/2260/2934
f 2335/2260/2934 2334/2259/2934 2336/2261/2934
f 2333/1916/7 2336/2262/7 2334/2254/7
f 2335/2262/7 2338/1277/7 2337/2254/7
f 2337/2254/7 2338/1277/7 2339/2263/7
f 2337/2254/7 2339/2263/7 2340/2251/7
f 2340/2264/2933 2331/2258/2933 2337/2257/2933
f 2340/2251/7 2339/2263/7 2341/2265/7
f 2340/2251/7 2341/2265/7 2342/2246/7
f 2342/2266/2935 2329/2267/2935 2340/2264/2935
f 2340/2264/2935 2329/2267/2935 2331/2258/2935
f 2342/2246/7 2341/2265/7 2343/2268/7
f 2342/2246/7 2343/2268/7 2344/2243/7
f 2344/2269/2936 2327/2270/2936 2342/2266/2936
f 2342/2266/2936 2327/2270/2936 2329/2267/2936
f 2344/2243/7 2343/2268/7 2345/2271/7
f 2344/2243/7 2345/2271/7 2319/2230/7
f 2319/2233/2937 2322/2234/2937 2344/2272/2937
f 2344/2272/2937 2322/2234/2937 2327/2273/2937
f 2347/2274/2938 2345/2275/2938 2343/2276/2938
f 2346/2277/2939 2320/2278/2939 2345/2279/2939
f 2346/2277/2939 2345/2279/2939 2347/2280/2939
f 2319/2230/7 2345/2271/7 2320/2231/7
f 2348/843/7 2346/2231/7 2347/2271/7
f 2347/2271/7 2351/838/7 2348/843/7
f 2349/2268/7 2350/833/7 2347/2271/7
f 2347/2274/2938 2343/2276/2938 2349/2281/2938
f 2347/2271/7 2350/833/7 2351/838/7
f 2351/838/2940 2350/833/2940 2247/839/2940
f 2348/843/2941 2351/838/2941 2250/842/2941
f 2250/842/2942 2351/838/2942 2247/839/2942
f 2349/2268/7 2352/832/7 2350/833/7
f 2352/832/2943 2245/835/2943 2350/833/2943
f 2247/839/2944 2350/833/2944 2245/835/2944
f 2349/2268/7 2353/829/7 2352/832/7
f 2353/829/2945 2242/834/2945 2352/832/2945
f 2242/834/2946 2245/835/2946 2352/832/2946
f 2354/2265/7 2353/829/7 2349/2268/7
f 2354/2265/7 2355/826/7 2353/829/7
f 2353/829/2947 2355/826/2947 2243/831/2947
f 2243/831/2948 2242/834/2948 2353/829/2948
f 2355/826/2949 2356/821/2949 2236/827/2949
f 2243/831/2950 2355/826/2950 2236/827/2950
f 2354/2265/7 2356/821/7 2355/826/7
f 2357/2263/7 2356/821/7 2354/2265/7
f 2357/2263/7 2233/820/7 2356/821/7
f 2233/820/2951 2232/825/2951 2356/821/2951
f 2236/827/2952 2356/821/2952 2232/825/2952
f 2354/2282/2953 2339/2283/2953 2357/2284/2953
f 1241/1277/7 2230/817/7 2357/2263/7
f 2357/2284/2954 2338/2285/2954 1241/1278/2954
f 2357/2263/7 2230/817/7 2233/820/7
f 2357/2284/2954 2339/2283/2954 2338/2285/2954
f 2349/2281/2955 2341/2286/2955 2354/2282/2955
f 2354/2282/2953 2341/2286/2953 2339/2283/2953
f 2349/2281/2956 2343/2276/2956 2341/2286/2956
f 2348/843/7 2358/844/7 2346/2231/7
f 2348/843/2957 2359/846/2957 2358/844/2957
f 2250/842/2958 2359/846/2958 2348/843/2958
f 2360/849/2959 2359/846/2959 2253/850/2959
f 2253/850/2960 2359/846/2960 2249/848/2960
f 2250/842/2806 2249/848/2806 2359/846/2806
f 2360/849/2961 2358/844/2961 2359/846/2961
f 2361/845/2962 2358/844/2962 2360/849/2962
f 2362/851/2963 2361/845/2963 2360/849/2963
f 2363/857/2964 2360/849/2964 2253/850/2964
f 2362/851/2965 2360/849/2965 2363/857/2965
f 2254/1366/2966 2365/1368/2966 2363/857/2966
f 2363/857/2967 2253/850/2967 2254/1366/2967
f 2363/857/2968 2364/858/2968 2362/851/2968
f 2363/857/2969 2365/1368/2969 2364/858/2969
f 2366/868/2970 2364/858/2970 2365/1368/2970
f 2260/870/2971 2365/1368/2971 2256/1369/2971
f 2254/1366/2816 2256/1369/2816 2365/1368/2816
f 2366/868/2972 2365/1368/2972 2260/870/2972
f 2366/868/2973 2271/871/2973 2290/869/2973
f 2366/868/2974 2290/869/2974 2291/860/2974
f 2260/870/2973 2271/871/2973 2366/868/2973
f 2291/860/2975 2364/858/2975 2366/868/2975
f 2291/860/2976 2293/855/2976 2364/858/2976
f 2362/851/2968 2364/858/2968 2293/855/2968
f 2362/851/2977 2293/855/2977 2367/852/2977
f 2367/852/2978 2361/845/2978 2362/851/2978
f 2368/2224/7 2361/845/7 2367/852/7
f 2368/2224/7 2367/852/7 2294/853/7
f 2367/852/2977 2293/855/2977 2294/853/2977
f 2368/2224/7 2294/853/7 2296/2214/7
f 2346/2231/7 2361/845/7 2368/2224/7
f 2296/2222/2918 2315/2225/2918 2368/2287/2918
f 2368/2287/2979 2315/2225/2979 2320/2278/2979
f 2368/2287/2979 2320/2278/2979 2346/2277/2979
f 2346/2231/7 2358/844/7 2361/845/7
f 2335/2262/7 1238/1274/7 2338/1277/7
f 1241/1278/2980 2338/2285/2980 1238/1276/2980
f 2335/2260/2981 2336/2261/2981 1237/2288/2981
f 1237/2288/2981 2336/2261/2981 2370/2289/2981
f 2369/1921/7 2370/1273/7 2336/2262/7
f 2369/1921/7 2336/2262/7 2333/1916/7
f 1237/2288/2982 2370/2289/2982 1235/2290/2982
f 1235/2290/2983 2370/2289/2983 2371/2291/2983
f 2372/1898/7 2371/1271/7 2370/1273/7
f 2372/1898/7 2370/1273/7 2369/1921/7
f 2373/1897/7 2371/1271/7 2372/1898/7
f 2369/2292/2984 1981/2293/2984 2372/2294/2984
f 2372/2294/2985 1981/2293/2985 1951/2295/2985
f 2372/2294/2985 1951/2295/2985 2373/2296/2985
f 2373/1897/7 2374/1267/7 2371/1271/7
f 2375/1896/7 2374/1267/7 2373/1897/7
f 2373/2296/2986 1955/2297/2986 2375/2298/2986
f 2373/2296/2986 1951/2295/2986 1955/2297/2986
f 2375/1896/7 2376/1266/7 2374/1267/7
f 2377/1904/7 2376/1266/7 2375/1896/7
f 2375/2298/2987 1958/2299/2987 2377/2300/2987
f 2375/2298/2988 1955/2297/2988 1958/2299/2988
f 2377/1904/7 2378/1255/7 2376/1266/7
f 2379/1907/7 2378/1255/7 2377/1904/7
f 2377/2300/2989 1962/2301/2989 2379/2302/2989
f 2377/2300/2990 1958/2299/2990 1962/2301/2990
f 2380/1912/7 2381/1253/7 2379/1907/7
f 2379/2303/2991 1967/2304/2991 2380/2305/2991
f 2379/1907/7 2381/1253/7 2378/1255/7
f 2379/2303/2991 1962/2306/2991 1967/2304/2991
f 1218/2307/2992 2378/2308/2992 2381/2309/2992
f 1215/2310/2993 2381/2309/2993 2382/2311/2993
f 2380/1912/7 2382/1249/7 2381/1253/7
f 1218/2307/2993 2381/2309/2993 1215/2310/2993
f 1215/2310/2994 2382/2311/2994 1214/2312/2994
f 1214/2312/2994 2382/2311/2994 2383/2313/2994
f 2384/1917/7 2383/1248/7 2382/1249/7
f 2384/1917/7 2382/1249/7 2380/1912/7
f 2385/1922/7 2383/1248/7 2384/1917/7
f 2384/2314/2995 1977/2315/2995 2385/2316/2995
f 2380/2305/2996 1972/2317/2996 2384/2314/2996
f 2384/2314/2995 1972/2317/2995 1977/2315/2995
f 1944/1882/7 2386/2318/7 2385/1922/7
f 2385/2316/2997 1982/2319/2997 1944/1886/2997
f 2385/2316/2997 1977/2315/2997 1982/2319/2997
f 2385/1922/7 2386/2318/7 2383/1248/7
f 2387/2320/2998 2383/2313/2998 2386/2321/2998
f 2387/2320/2999 2386/2321/2999 1938/1877/2999
f 1938/1877/2999 2386/2321/2999 1939/1878/2999
f 1944/1882/7 1939/1876/7 2386/2318/7
f 1938/1876/7 1210/1239/7 2387/2318/7
f 2387/2318/7 1210/1239/7 1209/1237/7
f 2387/2318/7 1209/1237/7 1214/1248/7
f 1214/2312/2998 2383/2313/2998 2387/2320/2998
f 2380/2305/2996 1967/2304/2996 1972/2317/2996
f 1220/2322/3000 2376/2323/3000 2378/2324/3000
f 1220/2325/2992 2378/2308/2992 1218/2307/2992
f 1231/2326/3001 2374/2327/3001 2376/2323/3001
f 1231/2326/3002 2376/2323/3002 1220/2322/3002
f 1232/2328/3003 2371/2291/3003 2374/2327/3003
f 1232/2328/3001 2374/2327/3001 1231/2326/3001
f 1235/2290/3003 2371/2291/3003 1232/2328/3003
f 2333/2256/3004 1976/2329/3004 2369/2292/3004
f 2369/2292/3005 1976/2329/3005 1981/2293/3005
f 1237/1273/7 1238/1274/7 2335/2262/7
f 2333/2256/3006 1971/2255/3006 1976/2329/3006
f 2270/873/3007 2290/869/3007 2271/871/3007
f 2285/872/3007 2290/869/3007 2270/873/3007
f 2270/873/3008 2273/1386/3008 2285/872/3008
f 2276/2210/3009 2267/2205/3009 2268/2204/3009
f 2276/2210/3010 2268/2204/3010 2142/2106/3010
f 2127/2089/3011 2276/2210/3011 2142/2106/3011
f 2260/870/3012 2261/1380/3012 2271/871/3012
f 2142/2106/3010 2268/2204/3010 2143/2104/3010
f 2263/2201/3013 2143/2104/3013 2268/2204/3013
f 2258/2197/3014 2175/2136/3014 2165/2128/3014
f 2243/831/3015 2236/827/3015 2237/836/3015
f 2213/2179/2741 2214/2178/2741 2239/2193/2741
f 2214/2178/3016 2189/2148/3016 2239/2193/3016
f 2239/2193/3017 2189/2148/3017 2187/2147/3017
f 1241/1277/7 2228/818/7 2230/817/7
f 1240/1048/7 2228/818/7 1241/1277/7
f 1326/2191/3018 1328/2185/3018 2219/2186/3018
f 2214/2178/3019 2388/1358/3019 2189/2148/3019
f 2209/2176/3020 2388/1358/3020 2214/2178/3020
f 2190/1355/3021 2189/2148/3021 2388/1358/3021
f 2190/2151/3022 2388/2330/3022 2195/2153/3022
f 2195/2153/3023 2388/2330/3023 2206/2165/3023
f 2209/2171/3024 2206/2169/3024 2388/2331/3024
f 2211/2174/3025 1328/1323/3025 1329/1322/3025
f 2389/2332/3026 2390/2333/3026 2204/2164/3026
f 2204/2164/3027 2203/2163/3027 2389/2332/3027
f 2204/2164/3026 2390/2333/3026 2391/2334/3026
f 2204/2164/3028 2391/2334/3028 2200/2159/3028
f 2393/2335/3029 2391/2334/3029 2390/2333/3029
f 2200/2159/3028 2391/2334/3028 2392/2336/3028
f 2392/2336/3030 2391/2334/3030 2393/2335/3030
f 2393/2335/3031 2390/2333/3031 2395/2337/3031
f 2394/2338/3032 2398/2339/3032 2393/2335/3032
f 2393/2335/3033 2397/2340/3033 2394/2338/3033
f 2395/2337/3034 2396/2341/3034 2393/2335/3034
f 2393/2335/3035 2396/2341/3035 2397/2340/3035
f 2393/2335/3036 2398/2339/3036 2392/2336/3036
f 2201/2160/3037 2392/2336/3037 2398/2339/3037
f 2201/2160/3038 2398/2339/3038 2399/2342/3038
f 2399/2342/3038 2398/2339/3038 2400/2343/3038
f 2394/2338/3039 2400/2343/3039 2398/2339/3039
f 2399/2342/3040 2400/2343/3040 2401/2344/3040
f 2401/2344/3040 2400/2343/3040 2402/2345/3040
f 2403/2346/3041 2402/2345/3041 2400/2343/3041
f 2403/2346/3042 2400/2343/3042 2394/2338/3042
f 2404/2347/3043 2402/2345/3043 2403/2346/3043
f 2403/2346/3044 2406/2348/3044 2404/2347/3044
f 2394/2338/3045 2405/2349/3045 2403/2346/3045
f 2403/2346/3046 2405/2349/3046 2406/2348/3046
f 2404/2347/3047 2406/2348/3047 2407/2350/3047
f 2405/2349/3048 2408/2351/3048 2406/2348/3048
f 2406/2348/3049 2409/2352/3049 2407/2350/3049
f 2406/2348/3050 2408/2351/3050 2409/2352/3050
f 2408/2351/3051 1373/1375/3051 2409/2352/3051
f 2407/2350/3052 2409/2352/3052 2410/2353/3052
f 2409/2352/3053 1375/1378/3053 2410/2353/3053
f 2409/2352/3054 1373/1375/3054 1375/1378/3054
f 2407/2350/3055 2410/2353/3055 2411/2354/3055
f 2411/2354/3056 2410/2353/3056 2412/2355/3056
f 2410/2353/3057 1377/1381/3057 2412/2355/3057
f 2410/2353/3058 1375/1378/3058 1377/1381/3058
f 2411/2354/3059 2412/2355/3059 2154/2117/3059
f 2154/2117/3060 2412/2355/3060 1670/1706/3060
f 2412/2355/3061 1379/1384/3061 1670/1706/3061
f 2412/2355/3062 1377/1381/3062 1379/1384/3062
f 2413/2356/3063 2407/2350/3063 2411/2354/3063
f 2413/2356/3064 2411/2354/3064 2153/2116/3064
f 2153/2116/3065 2411/2354/3065 2154/2117/3065
f 2413/2356/3066 2415/2357/3066 2414/2358/3066
f 2413/2356/3067 2414/2358/3067 2404/2347/3067
f 2153/2116/3068 2415/2357/3068 2413/2356/3068
f 2404/2347/3069 2407/2350/3069 2413/2356/3069
f 2416/2359/3070 2414/2358/3070 2415/2357/3070
f 2416/2359/3071 2415/2357/3071 2417/2360/3071
f 2417/2360/3071 2415/2357/3071 2156/2119/3071
f 2153/2116/3072 2156/2119/3072 2415/2357/3072
f 2416/2359/3073 2417/2360/3073 2161/2123/3073
f 2417/2360/2658 2156/2119/2658 2157/2118/2658
f 2417/2360/3074 2157/2118/3074 2161/2123/3074
f 2418/2361/3070 2414/2358/3070 2416/2359/3070
f 2416/2359/3075 2168/2131/3075 2418/2361/3075
f 2161/2123/3076 2168/2131/3076 2416/2359/3076
f 2418/2361/3077 2420/2362/3077 2414/2358/3077
f 2419/2363/3078 2418/2361/3078 2168/2131/3078
f 2419/2363/3077 2420/2362/3077 2418/2361/3077
f 2419/2363/3079 2421/2364/3079 2420/2362/3079
f 2420/2362/3080 2421/2364/3080 2404/2347/3080
f 2404/2347/3081 2414/2358/3081 2420/2362/3081
f 2422/2365/3082 2402/2345/3082 2421/2364/3082
f 2404/2347/3083 2421/2364/3083 2402/2345/3083
f 2422/2365/3079 2421/2364/3079 2419/2363/3079
f 2401/2344/3082 2402/2345/3082 2422/2365/3082
f 2422/2365/3084 2198/2157/3084 2401/2344/3084
f 2422/2365/3085 2419/2363/3085 2423/2366/3085
f 2423/2366/3086 2198/2157/3086 2422/2365/3086
f 2423/2366/3087 2419/2363/3087 2168/2131/3087
f 2423/2366/3088 2168/2131/3088 2169/2132/3088
f 2169/2132/3089 2197/2156/3089 2423/2366/3089
f 2423/2366/3090 2197/2156/3090 2198/2157/3090
f 2405/2349/3091 2424/2367/3091 2408/2351/3091
f 2424/2367/3092 1372/1372/3092 2408/2351/3092
f 2408/2351/3093 1372/1372/3093 1373/1375/3093
f 2397/2340/3094 2425/2368/3094 2424/2367/3094
f 2397/2340/3095 2424/2367/3095 2405/2349/3095
f 2425/2368/3096 2426/2369/3096 2424/2367/3096
f 2424/2367/3097 2426/2369/3097 1372/1372/3097
f 2425/2368/3098 2427/2370/3098 2426/2369/3098
f 2427/2370/3099 2428/2371/3099 2426/2369/3099
f 2426/2369/3100 1370/1373/3100 1372/1372/3100
f 2426/2369/3101 2428/2371/3101 1370/1373/3101
f 2427/2370/3102 1360/2372/3102 2428/2371/3102
f 1360/1361/3103 1363/1364/3103 2428/2139/3103
f 2428/2139/3104 1367/1367/3104 1370/1370/3104
f 2428/2139/3105 1363/1364/3105 1367/1367/3105
f 2429/2373/3106 1357/1354/3106 2427/2370/3106
f 2429/2373/3107 2427/2370/3107 2425/2368/3107
f 1357/1357/3108 1360/1361/3108 2427/2142/3108
f 2430/2374/3109 1354/1351/3109 2429/2373/3109
f 2430/2374/3109 2429/2373/3109 2396/2341/3109
f 1354/1351/3110 1357/1354/3110 2429/2373/3110
f 2396/2341/3111 2429/2373/3111 2425/2368/3111
f 2395/2337/3112 2430/2374/3112 2396/2341/3112
f 1351/1349/3113 1354/1351/3113 2430/2374/3113
f 2431/2375/3114 1351/1349/3114 2430/2374/3114
f 2431/2375/3115 2430/2374/3115 2395/2337/3115
f 2432/2376/3116 1345/1340/3116 2431/2377/3116
f 2431/2377/3117 2433/2378/3117 2432/2376/3117
f 1345/1340/3118 1351/1345/3118 2431/2377/3118
f 2395/2337/3119 2434/2379/3119 2431/2375/3119
f 2431/2375/3120 2434/2379/3120 2433/2380/3120
f 2435/2381/3121 2433/2380/3121 2434/2379/3121
f 2435/2381/3122 2434/2379/3122 2389/2332/3122
f 2389/2332/3123 2434/2379/3123 2390/2333/3123
f 2395/2337/3124 2390/2333/3124 2434/2379/3124
f 2436/2382/3121 2433/2380/3121 2435/2381/3121
f 2203/2163/3125 2436/2382/3125 2435/2381/3125
f 2203/2163/3126 2435/2381/3126 2389/2332/3126
f 1338/1333/3127 2432/2376/3127 2436/2383/3127
f 1338/1333/3128 2436/2383/3128 1339/1334/3128
f 2436/2383/3127 2432/2376/3127 2433/2378/3127
f 1339/2170/3129 2436/2382/3129 2203/2163/3129
f 1338/1333/3130 1344/1339/3130 2432/2376/3130
f 2432/2376/3131 1344/1339/3131 1345/1340/3131
f 2396/2341/3132 2425/2368/3132 2397/2340/3132
f 2394/2338/3133 2397/2340/3133 2405/2349/3133
f 2198/2157/3134 2399/2342/3134 2401/2344/3134
f 2198/2157/3135 2201/2160/3135 2399/2342/3135
f 2200/2159/3037 2392/2336/3037 2201/2160/3037
f 2172/2135/3136 2192/2150/3136 2197/2156/3136
f 2169/2132/3137 2172/2135/3137 2197/2156/3137
f 2172/2135/3138 2180/2141/3138 2192/2150/3138
f 2171/2134/3139 2180/2141/3139 2172/2135/3139
f 2165/2128/3140 2175/2136/3140 2166/2129/3140
f 2159/2121/3141 2145/2107/3141 2162/2125/3141
f 2162/2125/3142 2145/2107/3142 2141/2105/3142
f 2159/2121/2661 2150/2113/2661 2151/2112/2661
f 2159/2121/3143 2151/2112/3143 2145/2107/3143
f 2154/2117/3144 1670/1706/3144 1672/1708/3144
f 2145/2107/3143 2151/2112/3143 2146/2108/3143
f 2135/2098/3145 2137/2100/3145 2148/2111/3145
f 2148/2111/3146 1675/1711/3146 2135/2098/3146
f 2148/2111/3147 1673/1709/3147 1675/1711/3147
f 2127/2089/3148 2142/2106/3148 2126/2090/3148
f 2135/2098/3149 1675/1711/3149 1677/1713/3149
f 2134/2096/3150 1679/1715/3150 1681/1717/3150
f 2134/2096/3151 1681/1717/3151 2438/2384/3151
f 2134/2096/3152 2437/2385/3152 2132/2095/3152
f 2438/2384/3153 2437/2385/3153 2134/2096/3153
f 2438/2384/3154 2117/2080/3154 2437/2385/3154
f 2115/2078/2603 2117/2080/2603 2438/2384/2603
f 2438/2384/3155 1683/1719/3155 2115/2078/3155
f 2438/2384/3156 1681/1717/3156 1683/1719/3156
f 2123/2086/3157 2132/2095/3157 2437/2385/3157
f 2123/2086/3158 2437/2385/3158 2120/2082/3158
f 2120/2082/3158 2437/2385/3158 2117/2080/3158
f 2122/2085/3157 2132/2095/3157 2123/2086/3157
f 2092/2051/3159 2091/2050/3159 2124/2087/3159
f 2115/2078/3160 1683/1719/3160 1685/1721/3160
f 2099/2058/2605 2113/2076/2605 2114/2075/2605
f 2099/2058/3161 2114/2075/3161 2100/2059/3161
f 2100/2059/3161 2114/2075/3161 2107/2069/3161
f 2439/2386/3162 2109/2387/3162 2110/2388/3162
f 2110/2388/3163 1691/1733/3163 2439/2386/3163
f 2110/2388/3164 1689/1728/3164 1691/1733/3164
f 2440/2389/3165 2443/2390/3165 2439/2386/3165
f 2439/2386/3166 1693/1736/3166 2440/2389/3166
f 2439/2386/3167 2441/2391/3167 2109/2387/3167
f 2439/2386/3168 1691/1733/3168 1693/1736/3168
f 2442/2392/3169 2441/2391/3169 2439/2386/3169
f 2439/2386/3170 2443/2390/3170 2442/2392/3170
f 2444/2393/3171 2442/2392/3171 2443/2390/3171
f 2444/2393/3172 2443/2390/3172 2445/2394/3172
f 2445/2394/3172 2443/2390/3172 2446/2395/3172
f 2440/2389/3173 2446/2395/3173 2443/2390/3173
f 2445/2394/3174 2446/2395/3174 2447/2396/3174
f 2447/2396/3174 2446/2395/3174 2448/2397/3174
f 2449/2398/3175 2448/2397/3175 2446/2395/3175
f 2449/2398/3176 2446/2395/3176 2440/2389/3176
f 2440/2389/3177 1695/1738/3177 2449/2398/3177
f 2449/2398/3178 1695/1738/3178 1697/1740/3178
f 2449/2398/3178 1697/1740/3178 2450/2399/3178
f 2450/2399/3179 2448/2397/3179 2449/2398/3179
f 2450/2399/3180 2452/2400/3180 2448/2397/3180
f 2451/2401/3181 2453/2402/3181 2450/2399/3181
f 2450/2399/3182 1699/1742/3182 2451/2401/3182
f 2453/2402/3183 2452/2400/3183 2450/2399/3183
f 2450/2399/3184 1697/1740/3184 1699/1742/3184
f 2454/2403/3185 2452/2400/3185 2453/2402/3185
f 2454/2403/3186 2453/2402/3186 2455/2404/3186
f 2455/2404/3186 2453/2402/3186 2456/2405/3186
f 2451/2401/3187 2456/2405/3187 2453/2402/3187
f 2455/2404/3188 2456/2405/3188 2457/2406/3188
f 2457/2406/3188 2456/2405/3188 2458/2407/3188
f 2458/2407/3189 2456/2405/3189 2451/2401/3189
f 2457/2406/3190 2458/2407/3190 1719/1761/3190
f 1719/1761/3190 2458/2407/3190 1711/1755/3190
f 1709/1753/3191 1711/1755/3191 2458/2407/3191
f 2458/2407/3192 2451/2401/3192 1709/1753/3192
f 2455/2404/3193 2457/2406/3193 2459/2408/3193
f 2457/2406/3194 1719/1761/3194 1716/1759/3194
f 2459/2408/3195 2457/2406/3195 1716/1759/3195
f 2454/2403/3196 2455/2404/3196 2459/2408/3196
f 2461/2409/3197 2454/2403/3197 2459/2408/3197
f 2459/2408/3198 1716/1759/3198 2460/2410/3198
f 2462/2411/3199 2459/2408/3199 2460/2410/3199
f 2461/2409/3200 2459/2408/3200 2462/2411/3200
f 2462/2411/3201 2460/2410/3201 2463/2412/3201
f 2465/2413/3202 2462/2411/3202 2463/2412/3202
f 2464/2414/3203 2461/2409/3203 2462/2411/3203
f 2464/2414/3204 2462/2411/3204 2465/2413/3204
f 2466/2415/3205 2464/2414/3205 2465/2413/3205
f 2466/2415/3206 2465/2413/3206 2467/2416/3206
f 2467/2416/3207 2465/2413/3207 2468/2417/3207
f 2465/2413/3208 2463/2412/3208 2468/2417/3208
f 2467/1677/3209 2468/1679/3209 2469/1678/3209
f 2469/1678/3209 2468/1679/3209 2470/1676/3209
f 2468/2417/3210 2471/2418/3210 2470/2419/3210
f 2468/2417/3211 2463/2412/3211 2471/2418/3211
f 2463/2412/3212 2472/2420/3212 2471/2418/3212
f 2471/2418/2169 1753/1794/2169 1754/1795/2169
f 2470/2419/3213 2471/2418/3213 1754/1795/3213
f 2471/2418/3214 2472/2420/3214 1753/1794/3214
f 2460/2410/3215 1717/1760/3215 2472/2420/3215
f 2472/2420/3216 1717/1760/3216 2473/2421/3216
f 2463/2412/3217 2460/2410/3217 2472/2420/3217
f 2472/2420/3218 2473/2421/3218 1753/1794/3218
f 1717/1760/3219 1718/1762/3219 2473/2421/3219
f 2473/2421/3220 1718/1762/3220 1745/1789/3220
f 2473/2421/3221 1745/1789/3221 1748/1792/3221
f 1753/1794/3222 2473/2421/3222 1748/1792/3222
f 2469/1678/3223 2470/1676/3223 2474/1407/3223
f 2474/1407/3224 2470/1676/3224 1756/1409/3224
f 2470/1676/3225 1754/1673/3225 1756/1409/3225
f 2476/1405/3226 2469/1678/3226 2474/1407/3226
f 2474/1407/3227 1756/1409/3227 2475/1406/3227
f 2477/1404/3228 2474/1407/3228 2475/1406/3228
f 2476/1405/3229 2474/1407/3229 2477/1404/3229
f 2477/1404/3230 2055/902/3230 2057/1402/3230
f 2477/1404/3231 2057/1402/3231 2476/1405/3231
f 2477/1404/3232 2475/1406/3232 2478/903/3232
f 2478/903/3233 2055/902/3233 2477/1404/3233
f 2478/903/3234 2475/1406/3234 2479/907/3234
f 2478/903/3235 2479/907/3235 2480/901/3235
f 2480/901/3236 2054/897/3236 2478/903/3236
f 2478/903/3237 2054/897/3237 2055/902/3237
f 2483/899/3238 2481/898/3238 2480/901/3238
f 2480/901/3239 2481/898/3239 2054/897/3239
f 2483/899/3240 2480/901/3240 2482/904/3240
f 2482/904/3241 2480/901/3241 2479/907/3241
f 2046/1985/7 2483/899/7 2484/1978/7
f 2484/1978/7 2483/899/7 2485/900/7
f 2046/1985/7 2481/898/7 2483/899/7
f 2482/904/3242 2485/900/3242 2483/899/3242
f 2484/1978/7 2485/900/7 2486/905/7
f 2486/905/3243 2485/900/3243 2487/906/3243
f 2487/906/3244 2485/900/3244 2482/904/3244
f 2487/906/3245 2482/904/3245 1759/909/3245
f 1760/915/3246 2487/906/3246 1759/909/3246
f 2488/910/3247 2486/905/3247 2487/906/3247
f 2488/910/3248 2487/906/3248 1760/915/3248
f 2489/908/3247 2486/905/3247 2488/910/3247
f 2490/913/3249 2489/908/3249 2488/910/3249
f 1762/916/3250 2488/910/3250 1760/915/3250
f 2490/913/3251 2488/910/3251 1762/916/3251
f 2012/911/3249 2489/908/3249 2490/913/3249
f 2491/914/3252 2012/911/3252 2490/913/3252
f 1764/919/3253 2490/913/3253 1762/916/3253
f 2491/914/3254 2490/913/3254 1764/919/3254
f 2013/912/3252 2012/911/3252 2491/914/3252
f 1791/918/3255 2013/912/3255 2491/914/3255
f 1792/920/3256 2491/914/3256 1764/919/3256
f 1791/918/3257 2491/914/3257 1792/920/3257
f 2011/1974/7 2489/908/7 2012/911/7
f 2486/905/7 2489/908/7 2011/1974/7
f 2011/1974/7 2484/1978/7 2486/905/7
f 2011/1976/2487 2015/1979/2487 2484/2422/2487
f 2484/2422/3258 2020/2423/3258 2046/2424/3258
f 2484/2422/2490 2015/1979/2490 2020/2423/2490
f 2482/904/3259 2479/907/3259 1759/909/3259
f 2046/1985/7 2049/893/7 2481/898/7
f 2481/898/3260 2049/893/3260 2054/897/3260
f 2475/1406/3261 1757/1408/3261 2479/907/3261
f 1759/909/3262 2479/907/3262 1757/1408/3262
f 2476/1405/3263 2057/1402/3263 2493/1403/3263
f 2492/1681/3226 2469/1678/3226 2476/1405/3226
f 2476/1405/3264 2493/1403/3264 2492/1681/3264
f 2057/1402/3265 2058/1400/3265 2493/1403/3265
f 2493/1403/3266 2058/1400/3266 2075/1401/3266
f 2493/1403/3267 2075/1401/3267 2077/1683/3267
f 2492/1681/3268 2493/1403/3268 2077/1683/3268
f 2494/1680/3269 2467/1677/3269 2492/1681/3269
f 2492/1681/3270 2077/1683/3270 2494/1680/3270
f 2492/1681/3271 2467/1677/3271 2469/1678/3271
f 2495/2425/3272 2466/2415/3272 2494/2426/3272
f 2494/2426/3273 2466/2415/3273 2467/2416/3273
f 2494/1680/3274 2077/1683/3274 2078/1682/3274
f 2494/2426/3275 2078/2427/3275 2495/2425/3275
f 2495/2425/3276 2078/2427/3276 2080/2428/3276
f 2495/2425/3277 2080/2428/3277 2496/2429/3277
f 2495/2425/3278 2497/2430/3278 2466/2415/3278
f 2496/2429/3279 2497/2430/3279 2495/2425/3279
f 2498/2431/3280 2499/2432/3280 2497/2430/3280
f 2496/2429/3281 2498/2431/3281 2497/2430/3281
f 2497/2430/3282 2499/2432/3282 2464/2414/3282
f 2497/2430/3283 2464/2414/3283 2466/2415/3283
f 2499/2432/3284 2444/2393/3284 2445/2394/3284
f 2499/2432/3285 2445/2394/3285 2447/2396/3285
f 2447/2396/3286 2500/2433/3286 2499/2432/3286
f 2499/2432/3287 2500/2433/3287 2461/2409/3287
f 2498/2431/3288 2444/2393/3288 2499/2432/3288
f 2499/2432/3289 2461/2409/3289 2464/2414/3289
f 2447/2396/3290 2448/2397/3290 2500/2433/3290
f 2500/2433/3290 2448/2397/3290 2452/2400/3290
f 2500/2433/3291 2452/2400/3291 2454/2403/3291
f 2500/2433/3292 2454/2403/3292 2461/2409/3292
f 2501/2434/3293 2444/2393/3293 2498/2431/3293
f 2105/2067/3294 2501/2434/3294 2498/2431/3294
f 2105/2067/3295 2498/2431/3295 2496/2429/3295
f 2104/2061/3296 2441/2391/3296 2501/2434/3296
f 2104/2061/3297 2501/2434/3297 2105/2067/3297
f 2501/2434/3298 2441/2391/3298 2442/2392/3298
f 2501/2434/3171 2442/2392/3171 2444/2393/3171
f 2496/2429/3299 2080/2428/3299 2103/2068/3299
f 2496/2429/3300 2103/2068/3300 2105/2067/3300
f 2475/1406/3227 1756/1409/3227 1757/1408/3227
f 2460/2410/3301 1716/1759/3301 1717/1760/3301
f 2451/2401/3302 1701/1744/3302 1709/1753/3302
f 2451/2401/3303 1699/1742/3303 1701/1744/3303
f 2104/2061/3304 2109/2387/3304 2441/2391/3304
f 2440/2389/3305 1693/1736/3305 1695/1738/3305
f 2102/2063/3306 2109/2387/3306 2104/2061/3306
f 2080/2037/3307 2081/2038/3307 2103/2066/3307
f 2103/2066/3308 2081/2038/3308 2097/2057/3308
f 2083/2040/3309 2097/2057/3309 2081/2038/3309
f 2073/1692/3310 2070/1395/3310 2086/1695/3310
f 2060/1398/3311 2075/1401/3311 2058/1400/3311
f 2052/891/3312 2050/887/3312 2061/888/3312
f 2048/2034/2914 2043/2031/2914 2041/2218/2914
f 2033/2010/2926 1970/2009/2926 1975/2240/2926
f 1794/917/3255 2013/912/3255 1791/918/3255
f 2006/1956/7 1898/1837/7 1899/1842/7
f 1899/1952/3313 1996/1953/3313 2006/1969/3313
f 2006/1969/3314 1996/1953/3314 1999/1962/3314
f 1964/1959/2475 1969/2435/2475 2001/1960/2475
f 2001/1960/2488 1969/2435/2488 1974/1994/2488
f 1904/1936/3315 1986/1937/3315 1902/1948/3315
f 1944/1886/2451 1982/2319/2451 1945/1887/2451
f 1936/1875/2465 1941/1880/2465 1911/1947/2465
f 1938/1876/7 1934/1867/7 1210/1239/7
f 1911/1861/7 1912/1862/7 1936/1871/7
f 1208/1242/2447 1210/1241/2447 1934/1870/2447
f 1208/1239/7 1929/979/7 1930/984/7
f 1205/987/3316 1930/984/3316 1204/989/3316
f 1208/1239/7 1930/984/7 1205/987/7
f 1925/1093/3317 2502/1091/3317 1926/1094/3317
f 1926/1094/3318 1201/1092/3318 1202/995/3318
f 1926/1094/3319 2502/1091/3319 1201/1092/3319
f 1159/1089/3320 1201/1092/3320 2502/1091/3320
f 1159/1089/3321 2502/1091/3321 1160/1167/3321
f 1160/1167/3322 2502/1091/3322 2503/1164/3322
f 1925/1093/3323 2503/1164/3323 2502/1091/3323
f 1160/1228/3324 2503/2436/3324 1508/1526/3324
f 1508/1526/3325 2503/2436/3325 1510/1528/3325
f 1514/1532/3326 1510/1528/3326 2503/2436/3326
f 1514/1161/3327 2503/1164/3327 1925/1093/3327
f 1517/1095/1804 1514/1161/1804 1925/1093/1804
f 1908/1860/7 1872/961/7 1868/966/7
f 1882/1833/7 2504/960/7 1908/1860/7
f 1908/1860/7 2504/960/7 1872/961/7
f 1882/1833/7 1879/959/7 2504/960/7
f 1872/961/3328 2504/960/3328 1871/965/3328
f 1879/959/3329 1875/962/3329 2504/960/3329
f 1871/965/3330 2504/960/3330 1875/962/3330
f 1896/1837/7 1795/922/7 1797/923/7
f 1890/1834/7 1885/941/7 1883/1832/7
f 1877/963/3331 1880/956/3331 1887/955/3331
f 1887/955/3332 1818/954/3332 1819/1118/3332
f 2505/1116/3333 1887/955/3333 1819/1118/3333
f 1877/963/3334 1887/955/3334 2505/1116/3334
f 1822/1115/3335 1837/1113/3335 2505/1116/3335
f 2505/1116/3335 1837/1113/3335 1842/1114/3335
f 2505/1116/3336 1819/1118/3336 1822/1115/3336
f 2505/1116/3337 1842/1114/3337 1877/963/3337
f 1848/1108/2370 1850/1106/2370 1866/974/2370
f 1845/1831/3338 1839/2437/3338 1560/1575/3338
f 1560/1575/3339 1839/2437/3339 1561/1576/3339
f 1816/952/3340 1806/948/3340 1807/950/3340
f 1800/931/2244 1802/937/2244 1810/933/2244
f 1792/920/3341 1764/919/3341 1765/1416/3341
f 1789/1418/3342 1792/920/3342 1765/1416/3342
f 1789/1418/3343 1765/1416/3343 1767/1419/3343
f 1770/1421/3344 1789/1418/3344 1767/1419/3344
f 1781/1423/3345 1770/1421/3345 1771/1657/3345
f 1609/1628/3346 1606/1627/3346 1778/1805/3346
f 1718/1762/3347 1722/1766/3347 1745/1789/3347
f 1735/1778/3348 2506/2438/3348 1738/1780/3348
f 2507/2439/3349 1738/1780/3349 2506/2438/3349
f 1613/1634/3350 1738/1780/3350 2507/2439/3350
f 2506/2438/3351 1623/1643/3351 2507/2439/3351
f 2507/2439/3351 1623/1643/3351 1621/1641/3351
f 2507/2439/3352 1621/1641/3352 1615/1635/3352
f 2507/2439/3353 1615/1635/3353 1613/1634/3353
f 2506/2438/3354 2508/2440/3354 1623/1643/3354
f 1735/1778/3355 2508/2440/3355 2506/2438/3355
f 1735/1778/2140 1734/1777/2140 2508/2440/2140
f 2508/2440/3356 1734/1777/3356 1624/1644/3356
f 1624/1644/3357 1623/1643/3357 2508/2440/3357
f 1624/1644/3358 1734/1777/3358 1732/1775/3358
f 2509/2441/3359 1732/1775/3359 1730/1773/3359
f 1624/1644/3360 1732/1775/3360 2509/2441/3360
f 2509/2441/3361 1626/1646/3361 1624/1644/3361
f 2509/2441/3362 1730/1773/3362 2510/2442/3362
f 2510/2442/3363 1629/1649/3363 2509/2441/3363
f 2509/2441/3364 1629/1649/3364 1626/1646/3364
f 2510/2442/3365 1730/1773/3365 1728/1771/3365
f 2510/2442/3366 1631/1651/3366 1629/1649/3366
f 1706/1750/3367 1631/1651/3367 2510/2442/3367
f 2510/2442/3368 1728/1771/3368 1706/1750/3368
f 1706/1750/3369 1728/1771/3369 1727/1770/3369
f 1721/1764/3370 2511/2443/3370 1727/1770/3370
f 1706/1750/3371 1727/1770/3371 2511/2443/3371
f 1714/1757/2114 1708/1751/2114 2511/2443/2114
f 1706/1750/2107 2511/2443/2107 1708/1751/2107
f 1714/1757/3372 2511/2443/3372 1721/1764/3372
f 1719/1761/2111 1711/1755/2111 1712/1754/2111
f 1709/1753/3373 1701/1744/3373 1703/1746/3373
f 1615/1635/3374 1621/1641/3374 1616/1636/3374
f 2512/2444/3375 1618/1639/3375 1619/1640/3375
f 1619/1640/3376 1435/1445/3376 2512/2444/3376
f 1619/1640/3377 1433/1443/3377 1435/1445/3377
f 2512/2444/3378 2514/2445/3378 1618/1639/3378
f 2513/2446/3379 2516/2447/3379 2512/2444/3379
f 2512/2444/3380 1437/1447/3380 2513/2446/3380
f 2515/2448/3381 2514/2445/3381 2512/2444/3381
f 2512/2444/3382 1435/1445/3382 1437/1447/3382
f 2512/2444/3383 2516/2447/3383 2515/2448/3383
f 1600/1618/3384 2515/2448/3384 2516/2447/3384
f 1600/1618/3385 2516/2447/3385 1597/1619/3385
f 1597/1619/3385 2516/2447/3385 2517/2449/3385
f 2513/2446/3386 2517/2449/3386 2516/2447/3386
f 1597/1619/3387 2517/2449/3387 1599/1620/3387
f 1599/1620/3387 2517/2449/3387 2518/2450/3387
f 2519/2451/3388 2518/2450/3388 2517/2449/3388
f 2519/2451/3389 2517/2449/3389 2513/2446/3389
f 1584/1607/3390 2518/2450/3390 2519/2451/3390
f 2519/2451/3391 1441/1453/3391 1584/1607/3391
f 2513/2446/3392 1439/1450/3392 2519/2451/3392
f 2519/2451/3391 1439/1450/3391 1441/1453/3391
f 1599/1620/3393 2518/2450/3393 1591/1609/3393
f 1591/1609/3393 2518/2450/3393 1589/1605/3393
f 1584/1607/3394 1589/1605/3394 2518/2450/3394
f 1602/1622/3395 2514/2445/3395 2515/2448/3395
f 1602/1622/3384 2515/2448/3384 1600/1618/3384
f 1612/1633/3396 1618/1639/3396 2514/2445/3396
f 1612/1633/3395 2514/2445/3395 1602/1622/3395
f 2513/2446/3397 1437/1447/3397 1439/1450/3397
f 1611/1632/3396 1618/1639/3396 1612/1633/3396
f 1612/1633/3398 1602/1622/3398 1603/1623/3398
f 1594/1613/3399 1592/1611/3399 1569/1584/3399
f 1592/1611/3400 1586/1601/3400 1570/1585/3400
f 1570/1585/3401 1569/1584/3401 1592/1611/3401
f 1570/1585/3402 1586/1601/3402 1587/1603/3402
f 1587/1603/3403 1582/1597/3403 1575/1590/3403
f 1570/1585/3404 1587/1603/3404 1575/1590/3404
f 1584/1600/3405 1441/1454/3405 1443/1459/3405
f 1575/1590/3403 1582/1597/3403 1576/1591/3403
f 2520/2452/3406 1578/1594/3406 1579/1595/3406
f 1579/1595/3407 2522/2453/3407 2520/2452/3407
f 2521/2454/3408 2522/2453/3408 1579/1595/3408
f 1579/1595/3409 1451/1468/3409 2521/2454/3409
f 1579/1595/3410 1449/1466/3410 1451/1468/3410
f 1553/1571/3411 2520/2452/3411 2522/2453/3411
f 1553/1571/3412 2522/2453/3412 1555/1568/3412
f 1555/1568/3412 2522/2453/3412 2523/2455/3412
f 2521/2454/3413 2523/2455/3413 2522/2453/3413
f 1555/1568/3414 2523/2455/3414 1549/1564/3414
f 1549/1564/3414 2523/2455/3414 1545/1561/3414
f 1546/1562/3415 1545/1561/3415 2523/2455/3415
f 1546/1562/3416 2523/2455/3416 2521/2454/3416
f 2521/2454/3417 1453/1470/3417 1546/1562/3417
f 2521/2454/3417 1451/1468/3417 1453/1470/3417
f 2524/2456/3418 1578/1594/3418 2520/2452/3418
f 2524/2456/3411 2520/2452/3411 1553/1571/3411
f 1572/1588/3418 1578/1594/3418 2524/2456/3418
f 1572/1588/3419 2524/2456/3419 1573/1587/3419
f 2524/2456/3420 1553/1571/3420 1552/1570/3420
f 1573/1587/3421 2524/2456/3421 1552/1570/3421
f 1573/1587/3422 1552/1570/3422 1558/1572/3422
f 1558/1572/3423 1564/1580/3423 1573/1587/3423
f 1550/1566/3424 1539/1554/3424 1535/1552/3424
f 1546/1562/3425 1453/1470/3425 1455/1472/3425
f 2525/2457/3426 1542/1558/3426 1543/1559/3426
f 1543/1559/3427 1459/1476/3427 2525/2457/3427
f 1543/1559/3428 1457/1474/3428 1459/1476/3428
f 2525/2457/3429 1459/1476/3429 1461/1478/3429
f 2525/2457/3430 1461/1478/3430 2527/2458/3430
f 2525/2457/3431 2526/2459/3431 1542/1558/3431
f 2527/2458/3432 2526/2459/3432 2525/2457/3432
f 2527/2458/3432 2529/2460/3432 2526/2459/3432
f 2528/2461/3433 2530/2462/3433 2527/2458/3433
f 2527/2458/3434 1463/1480/3434 2528/2461/3434
f 2530/2462/3435 2529/2460/3435 2527/2458/3435
f 2527/2458/3436 1461/1478/3436 1463/1480/3436
f 2531/2463/3437 2529/2460/3437 2530/2462/3437
f 2531/2463/3438 2530/2462/3438 2532/2464/3438
f 2532/2464/3438 2530/2462/3438 2533/2465/3438
f 2528/2461/3439 2533/2465/3439 2530/2462/3439
f 2532/2464/3440 2533/2465/3440 2534/2466/3440
f 2534/2466/3440 2533/2465/3440 2535/2467/3440
f 2535/2467/3441 2533/2465/3441 2528/2461/3441
f 2534/2466/3442 2535/2467/3442 1482/1501/3442
f 1482/1501/3442 2535/2467/3442 1475/1493/3442
f 1473/1491/3443 1475/1493/3443 2535/2467/3443
f 2535/2467/3444 2528/2461/3444 1473/1491/3444
f 2532/2464/3445 2534/2466/3445 1528/1544/3445
f 2534/2466/3446 1482/1501/3446 1481/1500/3446
f 1528/1544/3447 2534/2466/3447 1481/1500/3447
f 2531/2463/3448 2532/2464/3448 1528/1544/3448
f 1537/1553/3437 2529/2460/3437 2531/2463/3437
f 1537/1553/3449 2531/2463/3449 1529/1543/3449
f 1529/1543/3450 2531/2463/3450 1528/1544/3450
f 1537/1553/3451 2526/2459/3451 2529/2460/3451
f 2528/2461/3452 1465/1482/3452 1473/1491/3452
f 2528/2461/3453 1463/1480/3453 1465/1482/3453
f 1536/1551/3454 1542/1558/3454 2526/2459/3454
f 1536/1551/3451 2526/2459/3451 1537/1553/3451
f 1534/1550/3454 1542/1558/3454 1536/1551/3454
f 1524/1539/3455 1523/1538/3455 1531/1546/3455
f 1528/1544/3456 1481/1500/3456 1526/1542/3456
f 1526/1542/3457 1481/1500/3457 1483/1499/3457
f 1526/1542/3458 1483/1499/3458 1512/1531/3458
f 1157/1226/3459 1160/1228/3459 1508/1526/3459
f 1482/1501/3460 1475/1493/3460 1476/1492/3460
f 1473/1491/3461 1465/1482/3461 1467/1484/3461
f 1361/1360/3462 2536/2143/3462 1364/1363/3462
f 2536/2143/3463 814/848/3463 1364/1363/3463
f 1364/1363/3464 814/848/3464 816/850/3464
f 2537/2145/3465 2538/2144/3465 2536/2143/3465
f 2537/2145/3466 2536/2143/3466 1361/1360/3466
f 2538/2144/3467 813/847/3467 2536/2143/3467
f 2536/2143/3468 813/847/3468 814/848/3468
f 2539/2147/3469 2538/2144/3469 2537/2145/3469
f 2540/2146/3470 807/841/3470 2538/2144/3470
f 2538/2144/3471 807/841/3471 813/847/3471
f 2539/2147/3472 2540/2146/3472 2538/2144/3472
f 2541/2193/3473 2542/2194/3473 2540/2146/3473
f 2541/2193/3474 2540/2146/3474 2539/2147/3474
f 2542/2194/3475 805/840/3475 2540/2146/3475
f 2540/2146/3476 805/840/3476 807/841/3476
f 2543/2179/3477 2544/2192/3477 2542/2194/3477
f 2543/2179/3478 2542/2194/3478 2541/2193/3478
f 2544/2192/3479 802/837/3479 2542/2194/3479
f 2542/2194/3480 802/837/3480 805/840/3480
f 2545/2180/3481 2546/2182/3481 2544/2192/3481
f 2545/2180/3482 2544/2192/3482 2543/2179/3482
f 2546/2182/3483 801/836/3483 2544/2192/3483
f 2544/2192/3484 801/836/3484 802/837/3484
f 2547/2184/3485 2548/2183/3485 2546/2182/3485
f 2547/2184/3485 2546/2182/3485 2545/2180/3485
f 2548/2183/3486 795/830/3486 2546/2182/3486
f 2546/2182/3487 795/830/3487 801/836/3487
f 2549/2186/3488 2550/2187/3488 2548/2183/3488
f 2549/2186/3488 2548/2183/3488 2547/2184/3488
f 2550/2187/3489 793/828/3489 2548/2183/3489
f 2548/2183/3490 793/828/3490 795/830/3490
f 2551/2190/3491 2552/2188/3491 2550/2187/3491
f 2551/2190/3492 2550/2187/3492 2549/2186/3492
f 2552/2188/3493 790/824/3493 2550/2187/3493
f 2550/2187/3494 790/824/3494 793/828/3494
f 2553/1283/3495 2554/2189/3495 2552/2188/3495
f 2553/1283/3496 2552/2188/3496 2551/2190/3496
f 2554/2189/3497 789/823/3497 2552/2188/3497
f 2552/2188/3493 789/823/3493 790/824/3493
f 2555/1279/3498 2554/2189/3498 2553/1283/3498
f 776/811/3499 779/814/3499 2554/2189/3499
f 2554/2189/3497 779/814/3497 789/823/3497
f 2555/1279/3500 776/811/3500 2554/2189/3500
f 2556/1280/3501 773/808/3501 2555/1279/3501
f 2556/1280/3502 2555/1279/3502 2557/1281/3502
f 773/808/3503 776/811/3503 2555/1279/3503
f 2557/1281/3504 2555/1279/3504 2553/1283/3504
f 2558/2468/3505 2556/2469/3505 2557/2470/3505
f 2558/2468/3505 2557/2470/3505 2559/2471/3505
f 2559/2471/3506 2557/2470/3506 2560/2472/3506
f 2557/1281/3507 2553/1283/3507 2560/1282/3507
f 2559/2471/3508 2560/2472/3508 2561/2473/3508
f 2561/2473/3509 2560/2472/3509 2562/2474/3509
f 2560/1282/3510 2551/2190/3510 2562/1284/3510
f 2560/1282/3511 2553/1283/3511 2551/2190/3511
f 2561/2473/3509 2562/2474/3509 2563/2475/3509
f 2563/2475/3512 2562/2474/3512 2564/2476/3512
f 2562/1284/3513 2549/2186/3513 2564/2191/3513
f 2562/1284/3514 2551/2190/3514 2549/2186/3514
f 2563/2475/3515 2564/2476/3515 2565/2477/3515
f 2565/2477/3516 2564/2476/3516 2566/2478/3516
f 2564/2191/3517 2547/2184/3517 2566/2185/3517
f 2564/2191/3518 2549/2186/3518 2547/2184/3518
f 2565/2477/3519 2566/2478/3519 2567/2479/3519
f 2567/2479/3520 2566/2478/3520 2568/2480/3520
f 2566/2185/3521 2545/2180/3521 2568/2181/3521
f 2566/2185/3521 2547/2184/3521 2545/2180/3521
f 2567/2479/3522 2568/2480/3522 2569/2481/3522
f 2569/2481/3523 2568/2480/3523 2570/2482/3523
f 2568/2181/3524 2543/2179/3524 2570/2177/3524
f 2568/2181/3525 2545/2180/3525 2543/2179/3525
f 2569/2481/3523 2570/2482/3523 2571/2483/3523
f 2571/2175/3526 2570/2177/3526 2572/2178/3526
f 2570/2177/3527 2541/2193/3527 2572/2178/3527
f 2570/2177/3528 2543/2179/3528 2541/2193/3528
f 2571/2175/3529 2572/2178/3529 2573/2176/3529
f 2573/2176/3530 2572/2178/3530 2574/2148/3530
f 2572/2178/3531 2539/2147/3531 2574/2148/3531
f 2572/2178/3532 2541/2193/3532 2539/2147/3532
f 2573/2176/3533 2574/2148/3533 1355/1358/3533
f 1355/1358/1509 2574/2148/1509 1358/1359/1509
f 2574/2148/3534 2537/2145/3534 1358/1359/3534
f 2574/2148/3535 2539/2147/3535 2537/2145/3535
f 2575/2484/3536 2571/2483/3536 2573/2485/3536
f 2575/2484/3537 2573/2485/3537 1352/1346/3537
f 1352/1346/3538 2573/2485/3538 1355/1348/3538
f 2576/2486/3539 2577/2487/3539 2575/2484/3539
f 2576/2486/3540 2575/2484/3540 1349/1344/3540
f 2577/2487/3541 2571/2483/3541 2575/2484/3541
f 1349/1344/3542 2575/2484/3542 1352/1346/3542
f 2578/2488/3543 2579/2489/3543 2577/2487/3543
f 2578/2488/3543 2577/2487/3543 2576/2486/3543
f 2579/2489/3544 2569/2481/3544 2577/2487/3544
f 2577/2487/3545 2569/2481/3545 2571/2483/3545
f 2580/2490/3546 2581/2491/3546 2579/2489/3546
f 2580/2490/3547 2579/2489/3547 2578/2488/3547
f 2581/2491/3548 2567/2479/3548 2579/2489/3548
f 2579/2489/3544 2567/2479/3544 2569/2481/3544
f 2582/2492/3549 2583/2493/3549 2581/2491/3549
f 2582/2492/3550 2581/2491/3550 2580/2490/3550
f 2583/2493/3551 2565/2477/3551 2581/2491/3551
f 2581/2491/3552 2565/2477/3552 2567/2479/3552
f 2584/2494/3553 2585/2495/3553 2583/2493/3553
f 2584/2494/3554 2583/2493/3554 2582/2492/3554
f 2585/2495/3555 2563/2475/3555 2583/2493/3555
f 2583/2493/3556 2563/2475/3556 2565/2477/3556
f 2586/2496/3557 2585/2495/3557 2584/2494/3557
f 2587/2497/3558 2561/2473/3558 2585/2495/3558
f 2585/2495/3559 2561/2473/3559 2563/2475/3559
f 2586/2496/3560 2587/2497/3560 2585/2495/3560
f 2588/2498/3561 2589/2499/3561 2587/2497/3561
f 2588/2498/3562 2587/2497/3562 2586/2496/3562
f 2589/2499/3563 2559/2471/3563 2587/2497/3563
f 2587/2497/3564 2559/2471/3564 2561/2473/3564
f 2590/2500/3565 2591/2501/3565 2589/2499/3565
f 2590/2500/3566 2589/2499/3566 2588/2498/3566
f 2591/2501/3567 2558/2468/3567 2589/2499/3567
f 2589/2499/3568 2558/2468/3568 2559/2471/3568
f 746/775/3569 2592/2502/3569 2591/2501/3569
f 746/775/3569 2591/2501/3569 2590/2500/3569
f 2592/2502/3570 2593/2503/3570 2591/2501/3570
f 2591/2501/3571 2593/2503/3571 2558/2468/3571
f 2592/2502/3570 767/799/3570 2593/2503/3570
f 767/799/3572 770/804/3572 2593/2503/3572
f 2593/2503/3573 2556/2469/3573 2558/2468/3573
f 2593/2503/3574 770/804/3574 2556/2469/3574
f 745/778/3575 764/796/3575 2592/2502/3575
f 745/778/3576 2592/2502/3576 746/775/3576
f 764/796/3577 767/799/3577 2592/2502/3577
f 743/774/3578 746/775/3578 2590/2500/3578
f 743/774/3579 2590/2500/3579 2594/2504/3579
f 2594/2504/3580 2590/2500/3580 2588/2498/3580
f 2594/2504/3581 706/736/3581 708/739/3581
f 2594/2504/3582 708/739/3582 743/774/3582
f 2595/2505/3583 706/736/3583 2594/2504/3583
f 2594/2504/3584 2588/2498/3584 2595/2505/3584
f 2596/2506/3585 2597/2507/3585 2595/2505/3585
f 2595/2505/3586 2586/2496/3586 2596/2506/3586
f 2595/2505/3587 2597/2507/3587 706/736/3587
f 2595/2505/3588 2588/2498/3588 2586/2496/3588
f 705/737/626 706/736/626 2597/2507/626
f 705/737/3589 2597/2507/3589 715/747/3589
f 715/747/3589 2597/2507/3589 2598/2508/3589
f 2596/2506/3585 2598/2508/3585 2597/2507/3585
f 715/747/3590 2598/2508/3590 1308/1302/3590
f 1308/1302/3591 2598/2508/3591 1310/1304/3591
f 1310/1304/3592 2598/2508/3592 2596/2506/3592
f 2596/2506/3593 1311/1305/3593 1310/1304/3593
f 2599/2509/3594 1311/1305/3594 2596/2506/3594
f 2596/2506/3595 2584/2494/3595 2599/2509/3595
f 2596/2506/3595 2586/2496/3595 2584/2494/3595
f 2600/2510/3596 1313/1307/3596 2599/2509/3596
f 2599/2509/3597 2582/2492/3597 2600/2510/3597
f 2599/2509/3598 2584/2494/3598 2582/2492/3598
f 2599/2509/3599 1313/1307/3599 1311/1305/3599
f 2601/2511/3600 1315/1309/3600 2600/2510/3600
f 2600/2510/3601 1315/1309/3601 1313/1307/3601
f 2600/2510/3602 2580/2490/3602 2601/2511/3602
f 2600/2510/3603 2582/2492/3603 2580/2490/3603
f 2602/2512/3604 2604/2513/3604 2601/2511/3604
f 2601/2511/3605 2578/2488/3605 2602/2512/3605
f 2601/2511/3606 1317/1311/3606 1315/1309/3606
f 2601/2511/3607 2580/2490/3607 2578/2488/3607
f 2603/2514/3608 1317/1311/3608 2601/2511/3608
f 2601/2511/3609 2604/2513/3609 2603/2514/3609
f 2605/2515/3610 2603/2514/3610 2604/2513/3610
f 2605/2515/3611 2604/2513/3611 2606/2516/3611
f 2606/2516/3611 2604/2513/3611 2607/2517/3611
f 2602/2512/3612 2607/2517/3612 2604/2513/3612
f 2606/2516/3613 2607/2517/3613 2608/2518/3613
f 2608/2518/3613 2607/2517/3613 1347/1341/3613
f 1348/1342/3614 1347/1341/3614 2607/2517/3614
f 1348/1342/3615 2607/2517/3615 2602/2512/3615
f 2609/2519/3616 2606/2516/3616 2608/2518/3616
f 2608/2518/3617 1347/1341/3617 1341/1335/3617
f 1341/1335/3618 2609/2519/3618 2608/2518/3618
f 1331/1326/3619 1322/1316/3619 2609/2519/3619
f 2609/2519/3620 1322/1316/3620 1320/1315/3620
f 2609/2519/3621 2605/2515/3621 2606/2516/3621
f 1334/1328/3622 1331/1326/3622 2609/2519/3622
f 1334/1328/3623 2609/2519/3623 1341/1335/3623
f 1320/1315/3624 2605/2515/3624 2609/2519/3624
f 1318/1312/3610 2603/2514/3610 2605/2515/3610
f 1318/1312/3625 2605/2515/3625 1320/1315/3625
f 1318/1312/1455 1317/1311/1455 2603/2514/1455
f 2602/2512/3626 2576/2486/3626 1348/1342/3626
f 2602/2512/3627 2578/2488/3627 2576/2486/3627
f 1348/1342/1498 2576/2486/1498 1349/1344/1498
f 770/806/3628 773/808/3628 2556/1280/3628
f 1358/1359/3629 2537/2145/3629 1361/1360/3629
f 1341/1335/3617 1347/1341/3617 1342/1336/3617
f 1337/1332/3130 1344/1339/3130 1338/1333/3130
f 1331/1326/1478 1324/1318/1478 1322/1316/1478
f 715/747/3630 1308/1302/3630 716/746/3630
f 1266/1290/3631 1267/1291/3631 1305/1299/3631
f 1220/1255/7 1221/1256/7 1231/1266/7
f 1163/1090/3632 1201/1092/3632 1159/1089/3632
f 1162/1088/3633 1165/1086/3633 1192/1005/3633
f 1178/1235/3634 730/761/3634 1180/2520/3634
f 1180/2520/3635 730/761/3635 729/760/3635
f 1177/1236/3636 732/763/3636 1178/1235/3636
f 1178/1235/3637 732/763/3637 730/761/3637
f 1177/1236/3638 2611/2521/3638 732/763/3638
f 2610/2522/3639 2611/2521/3639 1177/1236/3639
f 1177/1236/3640 1174/1233/3640 2610/2522/3640
f 733/764/3641 732/763/3641 2611/2521/3641
f 737/768/3642 2611/2521/3642 2612/2523/3642
f 2610/2522/3643 2612/2523/3643 2611/2521/3643
f 733/764/3644 2611/2521/3644 737/768/3644
f 2612/2523/3645 751/783/3645 737/768/3645
f 1139/1205/3646 2613/2524/3646 2612/2523/3646
f 1139/1205/3647 2612/2523/3647 2610/2522/3647
f 2613/2524/3648 751/783/3648 2612/2523/3648
f 1137/1203/3649 757/787/3649 2613/2524/3649
f 1137/1203/3650 2613/2524/3650 1139/1205/3650
f 2613/2524/3649 757/787/3649 753/784/3649
f 2613/2524/3651 753/784/3651 751/783/3651
f 2610/2522/3652 1140/1206/3652 1139/1205/3652
f 2610/2522/3653 1174/1233/3653 1140/1206/3653
f 1172/1231/3654 1140/1206/3654 1174/1233/3654
f 1141/1207/3655 1140/1206/3655 1172/1231/3655
f 1172/1231/3656 1147/1213/3656 1141/1207/3656
f 1143/1209/3657 1131/1198/3657 1144/1210/3657
f 1144/1210/3658 1131/1198/3658 1133/1199/3658
f 1144/1210/1212 1133/1199/1212 1135/1201/1212
f 1143/1521/1767 1130/1196/1767 1131/1195/1767
f 1137/1203/1216 756/788/1216 757/787/1216
f 758/789/3659 1027/1064/3659 759/791/3659
f 768/801/3660 1016/1050/3660 771/802/3660
f 785/819/1 1011/1045/1 1006/1040/1
f 1000/1034/3661 1002/1037/3661 1008/1042/3661
f 1003/1036/1 987/1021/1 785/819/1
f 990/1025/3662 987/1021/3662 1003/1036/3662
f 974/1008/3663 975/1009/3663 980/1015/3663
f 965/999/3664 966/1000/3664 971/1005/3664
f 785/819/1 962/996/1 957/991/1
f 953/988/909 954/989/909 959/994/909
f 785/819/1 950/984/1 945/979/1
f 941/975/3665 942/976/3665 947/981/3665
f 938/972/1 935/969/1 785/819/1
f 785/819/1 935/969/1 932/966/1
f 785/819/1 932/966/1 927/961/1
f 921/955/877 923/958/877 929/963/877
f 924/957/1 908/942/1 785/819/1
f 911/946/3666 908/942/3666 924/957/3666
f 785/819/1 901/935/1 898/932/1
f 785/819/1 898/932/1 895/930/1
f 895/930/1 890/924/1 785/819/1
f 886/920/836 887/921/836 892/926/836
f 785/819/1 883/917/1 878/912/1
f 874/909/3667 875/910/3667 880/915/3667
f 785/819/1 871/905/1 866/900/1
f 862/896/3668 863/897/3668 868/902/3668
f 859/893/1 856/890/1 785/819/1
f 785/819/1 856/890/1 853/887/1
f 785/819/1 853/887/1 848/882/1
f 842/876/791 844/879/791 850/884/791
f 845/878/1 829/863/1 785/819/1
f 832/867/3669 829/863/3669 845/878/3669
f 816/850/760 817/851/760 822/857/760
f 807/841/751 808/842/751 813/847/751
f 785/819/1 804/838/1 799/833/1
f 795/830/3670 796/831/3670 801/836/3670
f 785/819/1 792/826/1 787/821/1
f 779/814/726 782/816/726 789/823/726
f 761/793/3671 764/796/3671 745/778/3671
f 754/786/3672 761/793/3672 744/777/3672
f 744/777/3673 761/793/3673 745/778/3673
f 744/777/3674 748/780/3674 754/786/3674
f 743/774/3675 708/739/3675 741/773/3675
f 710/742/3676 741/773/3676 707/740/3676
f 707/740/3676 741/773/3676 708/739/3676
usemtl Steel_Glossy.002
f 157/183/107 161/184/107 156/185/107
f 156/186/108 158/187/108 157/188/108
f 156/186/109 160/189/109 158/187/109
f 156/185/107 162/190/107 159/191/107
f 159/192/109 160/189/109 156/186/109
f 156/185/107 161/184/107 162/190/107
f 162/186/110 163/193/110 164/194/110
f 162/186/111 165/195/111 163/193/111
f 159/191/107 162/190/107 164/196/107
f 161/197/112 165/195/112 162/186/112
f 161/197/113 167/198/113 165/195/113
f 166/199/114 165/200/114 167/184/114
f 166/199/115 163/190/115 165/200/115
f 167/184/116 168/201/116 169/202/116
f 161/197/117 168/203/117 167/198/117
f 169/202/118 166/199/118 167/184/118
f 169/202/119 173/204/119 170/205/119
f 170/206/7 172/207/7 169/208/7
f 169/208/7 171/209/7 166/198/7
f 169/208/7 172/207/7 171/209/7
f 169/202/120 168/201/120 173/204/120
f 174/210/121 173/208/121 168/203/121
f 174/210/122 175/211/122 173/208/122
f 170/205/123 173/204/123 175/212/123
f 176/213/124 175/211/124 174/210/124
f 170/205/125 175/212/125 177/214/125
f 176/213/126 177/206/126 175/211/126
f 177/214/127 178/215/127 179/216/127
f 176/213/128 178/217/128 177/206/128
f 179/216/129 170/205/129 177/214/129
f 179/218/7 181/219/7 170/206/7
f 179/216/130 178/215/130 180/220/130
f 179/216/131 180/220/131 182/221/131
f 179/218/7 183/222/7 181/219/7
f 182/223/7 183/222/7 179/218/7
f 183/224/132 184/225/132 185/226/132
f 183/224/133 186/227/133 184/225/133
f 183/224/134 185/226/134 181/228/134
f 187/229/135 186/230/135 183/231/135
f 182/223/7 187/232/7 183/222/7
f 188/233/7 187/232/7 182/223/7
f 188/234/136 190/235/136 187/229/136
f 187/229/137 189/236/137 186/230/137
f 187/229/138 190/235/138 189/236/138
f 191/237/139 190/235/139 192/238/139
f 191/237/140 189/236/140 190/235/140
f 188/234/141 192/238/141 190/235/141
f 192/238/142 194/239/142 193/240/142
f 193/240/143 191/237/143 192/238/143
f 188/234/144 194/239/144 192/238/144
f 193/240/145 194/239/145 195/241/145
f 196/242/146 195/241/146 194/239/146
f 196/242/147 194/239/147 188/234/147
f 199/243/7 196/244/7 188/233/7
f 198/245/7 197/246/7 196/244/7
f 197/247/148 200/248/148 196/242/148
f 198/245/7 196/244/7 199/243/7
f 196/242/149 200/248/149 195/241/149
f 201/249/150 200/248/150 202/250/150
f 201/249/151 195/241/151 200/248/151
f 197/247/152 202/250/152 200/248/152
f 204/251/153 203/252/153 202/250/153
f 203/252/154 201/249/154 202/250/154
f 197/247/155 204/251/155 202/250/155
f 205/253/156 203/252/156 204/251/156
f 206/254/157 205/253/157 204/251/157
f 206/254/158 204/251/158 197/247/158
f 209/255/7 206/256/7 197/246/7
f 208/257/7 207/258/7 206/256/7
f 207/259/159 205/253/159 206/254/159
f 208/257/7 206/256/7 209/255/7
f 209/260/160 212/261/160 208/262/160
f 209/255/7 197/246/7 198/245/7
f 209/260/161 198/263/161 210/264/161
f 210/264/162 211/265/162 209/260/162
f 209/260/163 211/265/163 212/261/163
f 208/262/164 212/261/164 213/266/164
f 214/267/165 213/266/165 212/261/165
f 214/267/166 212/261/166 211/265/166
f 216/268/107 214/269/107 215/270/107
f 214/267/167 211/265/167 215/271/167
f 217/272/107 214/269/107 216/268/107
f 217/272/107 218/273/107 214/269/107
f 218/274/168 213/266/168 214/267/168
f 218/274/169 221/275/169 213/266/169
f 222/276/107 219/277/107 218/273/107
f 219/278/170 220/279/170 218/274/170
f 218/274/171 220/279/171 221/275/171
f 222/276/107 218/273/107 217/272/107
f 217/280/172 223/281/172 222/282/172
f 222/282/172 223/281/172 224/283/172
f 222/282/173 224/283/173 225/284/173
f 225/285/107 219/277/107 222/276/107
f 225/284/174 226/286/174 227/287/174
f 225/284/173 224/283/173 226/286/173
f 227/288/107 228/289/107 225/285/107
f 225/285/107 228/289/107 219/277/107
f 227/288/107 231/290/107 228/289/107
f 229/291/175 228/292/175 230/293/175
f 229/291/176 219/278/176 228/292/176
f 230/293/175 228/292/175 231/294/175
f 230/293/177 231/294/177 232/295/177
f 232/295/177 231/294/177 233/296/177
f 234/297/107 233/298/107 231/290/107
f 234/297/107 231/290/107 227/288/107
f 227/287/178 235/299/178 234/300/178
f 234/300/178 235/299/178 236/301/178
f 234/300/179 236/301/179 237/302/179
f 237/303/107 233/298/107 234/297/107
f 237/302/179 236/301/179 238/304/179
f 237/302/180 238/304/180 239/305/180
f 239/306/107 240/307/107 237/303/107
f 237/303/107 240/307/107 233/298/107
f 239/306/107 243/308/107 240/307/107
f 241/309/181 233/296/181 240/310/181
f 241/311/182 240/312/182 242/313/182
f 242/313/182 240/312/182 243/314/182
f 244/315/107 243/308/107 239/306/107
f 244/315/107 246/316/107 243/308/107
f 242/313/183 243/314/183 245/317/183
f 245/317/183 243/314/183 246/213/183
f 245/317/184 246/213/184 247/318/184
f 247/318/184 246/213/184 248/210/184
f 249/319/107 248/320/107 246/316/107
f 249/319/107 246/316/107 244/315/107
f 244/321/185 250/322/185 249/323/185
f 249/323/185 250/322/185 251/324/185
f 249/323/186 251/324/186 252/325/186
f 252/326/107 248/320/107 249/319/107
f 252/325/187 251/324/187 253/327/187
f 252/325/188 253/327/188 254/328/188
f 254/329/107 255/330/107 252/326/107
f 252/326/107 255/330/107 248/320/107
f 254/329/107 258/331/107 255/330/107
f 256/332/189 248/210/189 255/197/189
f 256/332/190 255/197/190 257/333/190
f 257/333/190 255/197/190 258/186/190
f 259/334/107 258/331/107 254/329/107
f 259/334/107 261/335/107 258/331/107
f 257/333/191 258/186/191 260/336/191
f 260/336/191 258/186/191 261/194/191
f 260/336/192 261/194/192 262/337/192
f 262/337/192 261/194/192 263/338/192
f 263/339/107 261/335/107 259/334/107
f 262/337/193 263/338/193 264/340/193
f 266/341/107 263/339/107 259/334/107
f 264/340/193 263/338/193 265/342/193
f 266/341/107 265/343/107 263/339/107
f 259/344/194 267/345/194 266/346/194
f 266/346/194 267/345/194 268/347/194
f 266/346/195 268/347/195 269/348/195
f 269/349/107 265/343/107 266/341/107
f 269/348/195 268/347/195 270/350/195
f 269/348/196 270/350/196 271/351/196
f 271/352/107 272/353/107 269/349/107
f 269/349/107 272/353/107 265/343/107
f 271/352/107 275/354/107 272/353/107
f 273/355/197 265/342/197 272/356/197
f 273/355/198 272/356/198 274/357/198
f 274/357/198 272/356/198 275/358/198
f 274/309/199 275/310/199 276/295/199
f 278/359/107 275/354/107 271/352/107
f 276/295/199 275/310/199 277/296/199
f 278/359/107 277/360/107 275/354/107
f 271/351/200 279/361/200 278/362/200
f 278/362/200 279/361/200 280/363/200
f 278/305/201 280/364/201 281/302/201
f 281/365/107 277/360/107 278/359/107
f 281/302/201 280/364/201 282/304/201
f 281/302/202 282/304/202 283/300/202
f 283/366/107 284/367/107 281/365/107
f 281/365/107 284/367/107 277/360/107
f 285/293/203 277/296/203 284/294/203
f 285/293/204 284/294/204 286/291/204
f 286/291/204 284/294/204 287/292/204
f 283/366/107 287/368/107 284/367/107
f 289/369/107 288/370/107 287/368/107
f 290/371/205 287/292/205 288/278/205
f 289/369/107 287/368/107 283/366/107
f 286/291/205 287/292/205 290/371/205
f 290/371/206 288/278/206 292/279/206
f 294/372/207 290/370/207 291/373/207
f 291/374/208 290/371/208 292/279/208
f 293/375/207 286/368/207 290/370/207
f 293/375/207 290/370/207 294/372/207
f 295/376/209 294/377/209 297/378/209
f 296/379/209 294/377/209 295/376/209
f 296/379/210 293/380/210 294/377/210
f 294/372/207 291/373/207 297/381/207
f 297/381/207 299/382/207 298/383/207
f 300/384/211 297/378/211 298/385/211
f 297/381/207 291/373/207 299/382/207
f 295/376/211 297/378/211 300/384/211
f 300/383/107 301/386/107 303/387/107
f 302/388/107 301/386/107 300/383/107
f 300/384/212 298/385/212 302/389/212
f 300/383/107 303/387/107 295/381/107
f 295/381/107 303/387/107 304/390/107
f 303/391/213 307/392/213 304/393/213
f 305/394/214 306/395/214 303/391/214
f 303/391/215 301/396/215 305/394/215
f 303/391/216 306/395/216 307/392/216
f 304/393/217 307/392/217 308/397/217
f 309/398/218 307/392/218 306/395/218
f 309/398/219 308/397/219 307/392/219
f 309/398/220 306/395/220 310/399/220
f 313/400/7 309/401/7 310/402/7
f 311/403/221 308/397/221 309/398/221
f 312/404/7 311/405/7 309/401/7
f 312/404/7 309/401/7 313/400/7
f 313/406/222 317/407/222 312/408/222
f 313/406/223 314/409/223 315/410/223
f 313/400/7 310/402/7 314/411/7
f 315/410/224 316/412/224 313/406/224
f 313/406/225 316/412/225 317/407/225
f 312/408/226 317/407/226 319/413/226
f 318/414/227 317/407/227 316/412/227
f 318/414/228 319/413/228 317/407/228
f 312/408/229 319/413/229 321/415/229
f 320/416/230 319/413/230 318/414/230
f 320/416/231 321/415/231 319/413/231
f 323/417/232 312/408/232 321/415/232
f 322/418/233 323/417/233 321/415/233
f 320/416/234 322/418/234 321/415/234
f 323/419/7 324/420/7 311/405/7
f 325/421/7 324/420/7 323/419/7
f 326/422/235 325/423/235 323/417/235
f 323/419/7 311/405/7 312/404/7
f 326/422/236 323/417/236 322/418/236
f 299/424/237 326/422/237 322/418/237
f 299/424/238 327/425/238 326/422/238
f 327/425/239 325/423/239 326/422/239
f 291/374/240 327/425/240 299/424/240
f 291/374/241 328/426/241 327/425/241
f 327/425/242 328/426/242 325/423/242
f 325/423/159 328/426/159 329/275/159
f 328/426/243 292/279/243 329/275/243
f 292/279/243 328/426/243 291/374/243
f 292/279/244 288/278/244 329/275/244
f 288/278/159 330/274/159 329/275/159
f 330/274/241 331/266/241 329/275/241
f 332/262/245 329/275/245 331/266/245
f 325/423/159 329/275/159 332/262/159
f 332/427/7 333/428/7 335/429/7
f 334/430/7 333/428/7 332/427/7
f 332/262/246 331/266/246 334/260/246
f 332/427/7 335/429/7 325/421/7
f 337/253/247 336/431/247 335/254/247
f 335/254/247 336/431/247 324/259/247
f 337/253/248 335/254/248 338/251/248
f 338/251/249 335/254/249 339/250/249
f 325/421/7 335/429/7 324/420/7
f 335/254/250 333/247/250 339/250/250
f 340/249/251 339/250/251 341/248/251
f 340/249/252 338/251/252 339/250/252
f 333/247/253 341/248/253 339/250/253
f 340/249/254 341/248/254 343/240/254
f 333/247/255 342/241/255 341/248/255
f 343/240/256 341/248/256 342/241/256
f 344/383/207 343/387/207 345/388/207
f 344/383/207 340/390/207 343/387/207
f 345/388/207 343/387/207 346/386/207
f 343/240/257 347/239/257 346/237/257
f 343/240/216 342/241/216 347/239/216
f 348/238/258 347/239/258 349/242/258
f 346/237/259 347/239/259 348/238/259
f 349/242/260 347/239/260 342/241/260
f 349/242/261 350/234/261 348/238/261
f 334/430/7 349/432/7 333/428/7
f 349/242/262 342/241/262 333/247/262
f 351/433/7 350/434/7 349/432/7
f 351/433/7 349/432/7 334/430/7
f 351/263/263 353/435/263 352/436/263
f 352/437/7 350/434/7 351/433/7
f 334/260/264 354/265/264 351/263/264
f 351/263/265 355/264/265 353/435/265
f 351/263/266 354/265/266 355/264/266
f 355/264/267 354/265/267 356/267/267
f 357/271/231 353/435/231 355/264/231
f 356/267/268 357/271/268 355/264/268
f 358/383/107 357/438/107 359/381/107
f 358/383/107 360/439/107 357/438/107
f 359/381/107 357/438/107 356/382/107
f 360/440/269 361/441/269 357/271/269
f 357/271/270 361/441/270 353/435/270
f 352/436/271 353/435/271 361/441/271
f 352/436/272 361/441/272 362/442/272
f 360/440/227 362/442/227 361/441/227
f 363/443/273 362/442/273 364/444/273
f 352/436/274 362/442/274 363/443/274
f 364/444/275 362/442/275 360/440/275
f 363/445/276 364/446/276 366/447/276
f 360/440/277 365/448/277 364/444/277
f 365/448/278 366/449/278 364/444/278
f 367/450/279 366/447/279 368/451/279
f 363/445/280 366/447/280 367/450/280
f 365/358/281 368/452/281 366/453/281
f 367/450/282 368/451/282 370/454/282
f 369/356/283 368/452/283 365/358/283
f 369/356/284 370/455/284 368/452/284
f 367/450/285 370/454/285 371/456/285
f 372/457/286 370/455/286 369/356/286
f 371/456/287 370/454/287 372/458/287
f 369/356/288 373/342/288 372/457/288
f 371/456/289 372/458/289 374/459/289
f 373/342/290 374/460/290 372/457/290
f 375/461/291 374/459/291 376/462/291
f 371/456/292 374/459/292 375/461/292
f 373/342/293 376/463/293 374/460/293
f 377/338/294 376/463/294 373/342/294
f 377/338/295 378/464/295 376/463/295
f 375/461/296 376/462/296 378/465/296
f 380/466/297 378/464/297 377/338/297
f 379/467/298 378/465/298 380/196/298
f 375/461/299 378/465/299 379/467/299
f 377/338/300 164/194/300 380/466/300
f 379/467/301 380/196/301 381/468/301
f 164/194/302 381/469/302 380/466/302
f 379/467/303 381/468/303 382/470/303
f 164/194/304 163/193/304 381/469/304
f 382/470/305 381/468/305 163/190/305
f 382/193/7 383/471/7 384/472/7
f 166/198/7 383/471/7 382/193/7
f 382/193/7 384/472/7 379/466/7
f 382/470/306 163/190/306 166/199/306
f 379/466/7 384/472/7 385/473/7
f 384/470/307 386/474/307 385/475/307
f 383/476/308 387/477/308 384/470/308
f 384/470/309 387/477/309 386/474/309
f 388/478/310 387/479/310 389/471/310
f 388/478/311 386/472/311 387/479/311
f 383/476/312 389/480/312 387/477/312
f 389/471/313 391/481/313 390/482/313
f 390/482/314 388/478/314 389/471/314
f 383/476/315 391/483/315 389/480/315
f 390/482/316 391/481/316 392/209/316
f 171/484/317 392/485/317 391/483/317
f 171/484/318 391/483/318 383/476/318
f 390/482/319 392/209/319 393/486/319
f 393/486/320 392/209/320 394/487/320
f 171/484/321 394/488/321 392/485/321
f 393/486/322 394/487/322 395/207/322
f 172/489/323 395/490/323 394/488/323
f 172/489/324 394/488/324 171/484/324
f 395/207/325 397/491/325 396/492/325
f 396/492/326 393/486/326 395/207/326
f 172/489/327 397/493/327 395/490/327
f 396/492/328 397/491/328 398/219/328
f 181/228/329 398/494/329 397/493/329
f 181/228/330 397/493/330 172/489/330
f 181/228/331 185/226/331 398/494/331
f 399/495/332 398/219/332 185/496/332
f 396/492/333 398/219/333 399/495/333
f 400/497/207 399/225/207 402/498/207
f 400/497/207 396/494/207 399/225/207
f 402/498/207 399/225/207 401/499/207
f 401/500/334 399/501/334 184/502/334
f 399/495/335 185/496/335 184/222/335
f 403/503/336 400/504/336 402/505/336
f 403/506/337 402/507/337 404/508/337
f 404/508/337 402/507/337 405/509/337
f 402/498/207 401/499/207 405/510/207
f 404/508/338 405/509/338 216/511/338
f 216/511/338 405/509/338 406/512/338
f 405/510/207 191/513/207 406/268/207
f 405/510/207 401/499/207 191/513/207
f 216/511/339 406/512/339 217/280/339
f 217/280/339 406/512/339 223/281/339
f 406/268/207 193/514/207 223/272/207
f 406/268/207 191/513/207 193/514/207
f 216/268/107 215/270/107 404/510/107
f 404/510/107 215/270/107 407/515/107
f 404/510/107 407/515/107 403/498/107
f 403/498/107 407/515/107 408/516/107
f 407/440/340 409/442/340 408/448/340
f 407/440/341 411/441/341 409/442/341
f 215/271/342 410/435/342 407/440/342
f 407/440/343 410/435/343 411/441/343
f 199/436/344 409/442/344 411/441/344
f 198/263/345 411/441/345 410/435/345
f 199/436/346 411/441/346 198/263/346
f 215/271/347 210/264/347 410/435/347
f 198/263/348 410/435/348 210/264/348
f 412/444/349 409/442/349 199/436/349
f 408/448/350 409/442/350 412/444/350
f 408/448/351 412/444/351 413/449/351
f 182/221/352 413/517/352 412/516/352
f 199/436/353 182/443/353 412/444/353
f 414/314/354 413/518/354 180/218/354
f 408/312/355 413/518/355 414/314/355
f 182/221/356 180/220/356 413/517/356
f 414/314/357 180/218/357 178/217/357
f 414/314/358 178/217/358 176/213/358
f 416/497/107 408/516/107 414/220/107
f 415/519/107 414/220/107 176/214/107
f 416/497/107 414/220/107 415/519/107
f 415/520/359 417/521/359 416/522/359
f 416/522/359 417/521/359 400/504/359
f 416/522/336 400/504/336 403/503/336
f 403/498/107 408/516/107 416/497/107
f 418/523/207 390/485/207 417/519/207
f 415/520/360 418/524/360 417/521/360
f 417/519/207 396/494/207 400/497/207
f 417/519/207 393/490/207 396/494/207
f 417/519/207 390/485/207 393/490/207
f 419/525/360 418/524/360 415/520/360
f 419/525/361 420/526/361 418/524/361
f 418/523/207 388/480/207 390/485/207
f 420/183/207 388/480/207 418/523/207
f 158/185/207 421/474/207 420/183/207
f 157/188/108 158/187/108 420/526/108
f 157/188/361 420/526/361 419/525/361
f 420/183/207 421/474/207 388/480/207
f 158/185/207 422/527/207 421/474/207
f 422/528/362 423/529/362 421/187/362
f 421/187/363 423/529/363 386/472/363
f 421/187/364 386/472/364 388/478/364
f 422/528/365 424/473/365 423/529/365
f 385/475/366 386/474/366 423/530/366
f 385/475/367 423/530/367 424/527/367
f 422/528/368 425/531/368 424/473/368
f 424/527/369 425/532/369 426/533/369
f 426/533/370 385/475/370 424/527/370
f 375/463/7 385/473/7 426/534/7
f 375/463/7 426/534/7 371/457/7
f 371/457/7 426/534/7 428/535/7
f 426/533/371 427/536/371 428/537/371
f 426/533/372 425/532/372 427/536/372
f 428/537/373 429/538/373 430/539/373
f 428/537/374 427/536/374 429/538/374
f 431/540/375 428/537/375 430/539/375
f 367/452/7 428/535/7 431/541/7
f 371/457/7 428/535/7 367/452/7
f 431/540/376 432/542/376 434/543/376
f 431/540/377 433/544/377 432/542/377
f 430/539/378 433/544/378 431/540/378
f 367/452/7 431/541/7 434/545/7
f 434/543/379 432/542/379 437/546/379
f 434/543/380 437/546/380 435/547/380
f 436/229/381 434/231/381 435/502/381
f 363/548/7 434/545/7 436/549/7
f 367/452/7 434/545/7 363/548/7
f 438/550/382 437/551/382 432/541/382
f 439/552/383 437/551/383 438/550/383
f 439/552/384 435/545/384 437/551/384
f 442/553/207 439/547/207 438/542/207
f 442/553/207 440/554/207 439/547/207
f 440/500/385 441/230/385 439/501/385
f 439/501/386 441/230/386 435/502/386
f 443/555/207 440/554/207 442/553/207
f 444/556/387 443/557/387 442/558/387
f 444/556/388 442/558/388 445/559/388
f 445/559/388 442/558/388 446/560/388
f 442/553/207 438/542/207 446/561/207
f 445/559/389 446/560/389 447/562/389
f 447/562/389 446/560/389 448/563/389
f 446/561/207 449/539/207 448/564/207
f 446/561/207 438/542/207 449/539/207
f 449/565/390 430/535/390 429/566/390
f 449/565/391 429/566/391 450/567/391
f 438/550/392 433/568/392 449/565/392
f 449/565/393 433/568/393 430/535/393
f 448/564/207 449/539/207 450/536/207
f 160/191/207 450/536/207 422/527/207
f 450/567/394 425/531/394 422/528/394
f 448/564/207 450/536/207 160/191/207
f 450/567/395 427/534/395 425/531/395
f 450/567/396 429/566/396 427/534/396
f 447/562/397 448/563/397 159/192/397
f 159/192/397 448/563/397 160/189/397
f 447/564/107 377/462/107 445/561/107
f 159/191/107 164/196/107 447/564/107
f 447/564/107 164/196/107 377/462/107
f 445/561/107 377/462/107 373/458/107
f 445/561/107 373/458/107 444/553/107
f 444/553/107 369/451/107 451/555/107
f 451/569/387 443/557/387 444/556/387
f 444/553/107 373/458/107 369/451/107
f 451/555/107 365/446/107 452/388/107
f 452/508/398 345/509/398 451/506/398
f 451/506/398 345/509/398 443/507/398
f 451/555/107 369/451/107 365/446/107
f 452/388/107 360/439/107 358/383/107
f 358/511/212 344/512/212 452/508/212
f 452/508/212 344/512/212 345/509/212
f 452/388/107 365/446/107 360/439/107
f 345/388/207 346/386/207 443/555/207
f 443/555/207 346/386/207 440/554/207
f 440/500/399 453/236/399 441/230/399
f 435/502/400 441/230/400 436/229/400
f 436/229/401 441/230/401 453/236/401
f 440/500/402 454/235/402 453/236/402
f 350/234/403 453/236/403 454/235/403
f 436/229/404 453/236/404 350/234/404
f 346/237/405 454/235/405 440/500/405
f 346/237/406 348/238/406 454/235/406
f 350/234/407 454/235/407 348/238/407
f 438/550/408 432/541/408 433/568/408
f 352/437/7 436/549/7 350/434/7
f 363/548/7 436/549/7 352/437/7
f 160/191/207 422/527/207 158/185/207
f 415/519/107 176/214/107 419/523/107
f 419/523/107 176/214/107 174/204/107
f 419/523/107 174/204/107 157/183/107
f 401/500/409 189/236/409 191/237/409
f 184/502/410 186/230/410 401/500/410
f 401/500/411 186/230/411 189/236/411
f 379/466/7 385/473/7 375/463/7
f 166/198/7 171/209/7 383/471/7
f 359/381/107 356/382/107 455/372/107
f 455/282/209 456/283/209 359/280/209
f 359/280/209 456/283/209 457/281/209
f 359/280/211 457/281/211 358/511/211
f 456/372/207 458/570/207 457/381/207
f 358/511/211 457/281/211 344/512/211
f 457/381/207 340/390/207 344/383/207
f 457/381/207 458/570/207 340/390/207
f 458/252/412 338/251/412 340/249/412
f 458/252/413 337/253/413 338/251/413
f 456/372/207 459/571/207 458/570/207
f 459/572/414 460/279/414 458/252/414
f 458/252/415 460/279/415 337/253/415
f 460/279/415 336/431/415 337/253/415
f 460/279/416 461/573/416 336/431/416
f 459/572/417 461/573/417 460/279/417
f 465/375/107 462/570/107 461/571/107
f 336/431/247 461/573/247 462/574/247
f 463/575/418 461/573/418 459/572/418
f 463/575/418 464/576/418 461/573/418
f 461/571/107 464/577/107 466/369/107
f 465/375/107 461/571/107 466/369/107
f 466/369/107 467/578/107 468/366/107
f 466/369/107 464/577/107 467/578/107
f 466/579/419 470/580/419 465/581/419
f 468/582/420 469/583/420 466/579/420
f 466/579/420 469/583/420 470/580/420
f 469/366/207 285/367/207 470/369/207
f 465/581/419 470/580/419 293/380/419
f 470/369/207 286/368/207 293/375/207
f 470/369/207 285/367/207 286/368/207
f 471/365/207 276/360/207 469/366/207
f 468/582/202 471/584/202 469/583/202
f 469/366/207 276/360/207 285/367/207
f 472/359/207 274/354/207 471/365/207
f 473/585/201 472/586/201 471/584/201
f 471/365/207 274/354/207 276/360/207
f 473/585/202 471/584/202 468/582/202
f 473/365/107 474/587/107 476/359/107
f 473/365/107 475/588/107 474/587/107
f 468/366/107 475/588/107 473/365/107
f 476/589/201 472/586/201 473/585/201
f 476/359/107 477/590/107 478/352/107
f 476/359/107 474/587/107 477/590/107
f 478/591/200 479/592/200 476/593/200
f 476/593/200 479/592/200 472/594/200
f 478/591/196 480/595/196 479/592/196
f 480/349/207 264/343/207 479/352/207
f 479/352/207 273/353/207 472/359/207
f 479/352/207 264/343/207 273/353/207
f 481/596/196 480/595/196 478/591/196
f 480/349/207 262/339/207 264/343/207
f 482/341/207 262/339/207 480/349/207
f 481/596/421 482/597/421 480/595/421
f 483/598/421 482/597/421 481/596/421
f 483/598/194 484/599/194 482/597/194
f 484/334/207 260/335/207 482/341/207
f 482/341/207 260/335/207 262/339/207
f 485/600/194 484/599/194 483/598/194
f 485/600/7 486/601/7 484/599/7
f 486/329/207 257/331/207 484/334/207
f 484/334/207 257/331/207 260/335/207
f 487/602/7 486/601/7 485/600/7
f 487/602/188 488/603/188 486/601/188
f 488/326/207 247/320/207 486/329/207
f 247/320/207 256/330/207 486/329/207
f 486/329/207 256/330/207 257/331/207
f 489/604/188 488/603/188 487/602/188
f 489/604/187 490/605/187 488/603/187
f 490/319/207 245/316/207 488/326/207
f 488/326/207 245/316/207 247/320/207
f 491/315/207 242/308/207 490/319/207
f 492/606/185 491/607/185 490/605/185
f 492/606/187 490/605/187 489/604/187
f 490/319/207 242/308/207 245/316/207
f 489/326/107 495/608/107 492/319/107
f 492/319/107 493/609/107 494/315/107
f 492/319/107 495/608/107 493/609/107
f 494/610/185 491/607/185 492/606/185
f 496/486/422 493/611/422 495/612/422
f 496/486/422 495/612/422 497/482/422
f 497/482/423 495/612/423 498/613/423
f 489/326/107 498/614/107 495/608/107
f 497/482/423 498/613/423 499/478/423
f 499/478/424 498/613/424 500/615/424
f 487/329/107 500/616/107 498/614/107
f 487/329/107 498/614/107 489/326/107
f 501/187/425 500/615/425 502/617/425
f 499/478/424 500/615/424 501/187/424
f 485/334/107 502/618/107 500/616/107
f 485/334/107 500/616/107 487/329/107
f 501/187/425 502/617/425 503/528/425
f 503/528/426 502/617/426 504/619/426
f 485/334/107 504/620/107 502/618/107
f 503/528/426 504/619/426 505/567/426
f 505/567/427 504/619/427 506/621/427
f 483/341/107 506/622/107 504/620/107
f 483/341/107 504/620/107 485/334/107
f 505/567/427 506/621/427 507/565/427
f 507/565/428 506/621/428 508/623/428
f 481/349/107 508/624/107 506/622/107
f 481/349/107 506/622/107 483/341/107
f 509/550/429 508/623/429 477/625/429
f 507/565/428 508/623/428 509/550/428
f 478/352/107 477/590/107 508/624/107
f 478/352/107 508/624/107 481/349/107
f 509/550/429 477/625/429 510/552/429
f 280/359/207 509/624/207 510/590/207
f 279/352/207 509/624/207 280/359/207
f 279/352/207 507/622/207 509/624/207
f 510/626/430 477/627/430 474/628/430
f 510/626/430 474/628/430 511/629/430
f 282/365/207 510/590/207 511/587/207
f 280/359/207 510/590/207 282/365/207
f 511/629/431 474/628/431 475/630/431
f 511/629/431 475/630/431 512/631/431
f 511/587/207 512/588/207 513/366/207
f 282/365/207 511/587/207 513/366/207
f 283/300/202 282/304/202 513/301/202
f 283/300/420 513/301/420 289/287/420
f 289/287/420 513/301/420 514/299/420
f 513/366/207 515/578/207 514/369/207
f 513/366/207 512/588/207 515/578/207
f 515/632/432 467/633/432 464/576/432
f 512/631/433 467/633/433 515/632/433
f 515/632/432 464/576/432 463/575/432
f 514/369/207 515/578/207 463/577/207
f 289/287/419 514/299/419 516/284/419
f 516/284/419 514/299/419 517/286/419
f 514/369/207 463/577/207 517/375/207
f 516/284/210 517/286/210 455/282/210
f 455/282/210 517/286/210 456/283/210
f 517/375/207 459/571/207 456/372/207
f 517/375/207 463/577/207 459/571/207
f 516/375/107 288/370/107 289/369/107
f 455/372/107 330/373/107 516/375/107
f 516/375/107 330/373/107 288/370/107
f 512/631/433 475/630/433 467/633/433
f 270/349/207 507/622/207 279/352/207
f 270/349/207 505/620/207 507/622/207
f 268/341/207 503/618/207 505/620/207
f 268/341/207 505/620/207 270/349/207
f 267/334/207 501/616/207 503/618/207
f 267/334/207 503/618/207 268/341/207
f 518/329/207 499/614/207 501/616/207
f 518/329/207 501/616/207 267/334/207
f 254/328/7 518/634/7 259/344/7
f 254/328/188 253/327/188 518/634/188
f 259/344/7 518/634/7 267/345/7
f 518/329/207 497/608/207 499/614/207
f 253/326/207 497/608/207 518/329/207
f 253/326/207 496/609/207 497/608/207
f 251/319/207 519/635/207 496/609/207
f 519/492/434 493/611/434 496/486/434
f 251/319/207 496/609/207 253/326/207
f 519/492/434 520/636/434 493/611/434
f 521/495/435 520/636/435 519/492/435
f 250/315/207 519/635/207 251/319/207
f 250/315/207 521/637/207 519/635/207
f 522/306/207 521/637/207 250/315/207
f 522/306/207 523/638/207 521/637/207
f 523/629/436 524/627/436 521/626/436
f 521/495/435 524/639/435 520/636/435
f 527/303/107 524/637/107 525/638/107
f 523/629/436 525/628/436 524/627/436
f 526/306/107 520/635/107 524/637/107
f 526/306/107 524/637/107 527/303/107
f 527/303/107 525/638/107 530/297/107
f 527/585/180 529/584/180 526/589/180
f 527/585/179 528/583/179 529/584/179
f 530/582/179 528/583/179 527/585/179
f 530/297/107 532/640/107 531/641/107
f 530/297/107 531/641/107 533/288/107
f 530/297/107 525/638/107 532/640/107
f 533/579/437 534/580/437 530/582/437
f 530/582/437 534/580/437 528/583/437
f 533/579/174 535/380/174 534/580/174
f 535/285/207 536/277/207 534/288/207
f 534/288/207 229/289/207 528/297/207
f 534/288/207 536/277/207 229/289/207
f 537/426/438 220/279/438 536/371/438
f 536/371/247 538/374/247 537/426/247
f 535/285/207 538/273/207 536/277/207
f 536/371/439 220/279/439 219/278/439
f 536/371/176 219/278/176 229/291/176
f 538/374/169 541/425/169 537/426/169
f 542/276/207 539/269/207 538/273/207
f 539/424/440 540/422/440 538/374/440
f 538/374/441 540/422/441 541/425/441
f 542/276/207 538/273/207 535/285/207
f 543/581/173 542/377/173 535/380/173
f 544/379/173 542/377/173 543/581/173
f 544/379/172 545/378/172 542/377/172
f 545/272/207 539/269/207 542/276/207
f 546/268/207 548/270/207 545/272/207
f 547/376/339 546/385/339 545/378/339
f 547/376/172 545/378/172 544/379/172
f 545/272/207 548/270/207 539/269/207
f 539/424/442 548/416/442 549/415/442
f 548/416/347 552/413/347 549/415/347
f 546/268/207 550/515/207 548/270/207
f 550/414/443 551/407/443 548/416/443
f 548/416/444 551/407/444 552/413/444
f 552/413/445 553/408/445 549/415/445
f 552/413/446 554/406/446 553/408/446
f 551/407/447 554/406/447 552/413/447
f 558/412/448 555/409/448 554/406/448
f 555/642/7 557/643/7 554/644/7
f 554/644/7 556/645/7 553/646/7
f 554/644/7 557/643/7 556/645/7
f 558/412/449 554/406/449 551/407/449
f 559/410/450 555/409/450 558/412/450
f 559/410/451 558/412/451 550/414/451
f 550/414/341 558/412/341 551/407/341
f 560/647/351 561/648/351 559/410/351
f 550/414/452 560/647/452 559/410/452
f 561/517/453 555/221/453 559/516/453
f 560/311/454 562/649/454 561/650/454
f 562/220/455 563/216/455 561/517/455
f 561/517/456 563/216/456 555/221/456
f 563/649/7 565/651/7 564/652/7
f 563/649/7 564/652/7 555/642/7
f 563/649/7 566/653/7 565/651/7
f 567/654/7 566/653/7 563/649/7
f 568/215/457 567/205/457 563/216/457
f 568/215/458 563/216/458 562/220/458
f 569/313/357 568/655/357 562/649/357
f 570/214/459 567/205/459 568/215/459
f 570/654/460 568/655/460 569/313/460
f 572/212/461 567/205/461 570/214/461
f 569/313/462 571/317/462 570/654/462
f 571/317/126 572/656/126 570/654/126
f 572/212/463 573/202/463 567/205/463
f 574/204/464 573/202/464 572/212/464
f 571/317/465 574/657/465 572/656/465
f 576/201/466 573/202/466 574/204/466
f 575/318/467 574/657/467 571/317/467
f 575/318/121 576/658/121 574/657/121
f 576/201/468 577/199/468 573/202/468
f 578/184/469 577/199/469 576/201/469
f 578/659/470 576/658/470 575/318/470
f 580/200/471 577/199/471 578/184/471
f 575/318/472 579/332/472 578/659/472
f 579/332/113 580/660/113 578/659/113
f 580/200/473 582/470/473 577/199/473
f 579/332/474 581/661/474 580/660/474
f 581/190/475 582/470/475 580/200/475
f 582/661/7 583/662/7 585/663/7
f 584/664/7 583/662/7 582/661/7
f 581/190/476 584/467/476 582/470/476
f 582/661/7 585/663/7 577/659/7
f 577/659/7 585/663/7 586/665/7
f 585/470/477 587/474/477 586/476/477
f 583/475/478 588/530/478 585/470/478
f 585/470/479 588/530/479 587/474/479
f 588/666/480 589/617/480 587/663/480
f 588/666/365 590/662/365 589/617/365
f 583/475/481 590/527/481 588/530/481
f 589/617/482 590/662/482 591/619/482
f 590/662/483 592/667/483 591/619/483
f 583/475/484 592/532/484 590/527/484
f 591/619/395 592/667/395 593/668/395
f 594/533/485 593/536/485 592/532/485
f 594/533/486 592/532/486 583/475/486
f 594/533/487 595/538/487 593/536/487
f 596/537/488 595/538/488 594/533/488
f 584/664/7 594/668/7 583/662/7
f 597/669/7 596/670/7 594/668/7
f 597/669/7 594/668/7 584/664/7
f 598/671/7 596/670/7 597/669/7
f 597/461/489 601/462/489 598/456/489
f 584/467/490 599/196/490 597/461/490
f 599/196/491 600/465/491 597/461/491
f 597/461/492 600/465/492 601/462/492
f 598/456/493 601/462/493 602/459/493
f 603/337/494 602/672/494 601/669/494
f 603/337/295 601/669/295 600/673/295
f 607/191/207 603/462/207 604/196/207
f 603/337/495 600/673/495 604/336/495
f 606/564/207 605/458/207 603/462/207
f 605/340/496 602/672/496 603/337/496
f 606/564/207 603/462/207 607/191/207
f 608/615/497 607/674/497 610/333/497
f 609/675/497 607/674/497 608/615/497
f 609/675/498 606/676/498 607/674/498
f 607/191/207 604/196/207 610/185/207
f 611/677/108 610/333/108 612/678/108
f 608/615/108 610/333/108 611/677/108
f 610/185/207 613/190/207 612/183/207
f 610/185/207 604/196/207 613/190/207
f 604/336/499 614/679/499 613/333/499
f 613/333/500 614/679/500 581/661/500
f 613/333/501 581/661/501 579/332/501
f 612/183/207 613/190/207 579/184/207
f 604/336/302 599/664/302 614/679/302
f 614/468/502 584/467/502 581/190/502
f 614/468/503 599/196/503 584/467/503
f 615/680/361 612/678/361 616/681/361
f 611/677/361 612/678/361 615/680/361
f 612/183/207 579/184/207 616/523/207
f 615/680/360 616/681/360 618/682/360
f 616/523/207 575/204/207 617/519/207
f 618/682/360 616/681/360 617/683/360
f 616/523/207 579/184/207 575/204/207
f 618/519/107 619/494/107 620/490/107
f 621/497/107 619/494/107 618/519/107
f 618/519/107 620/490/107 615/523/107
f 618/682/359 617/683/359 621/684/359
f 621/497/107 622/225/107 619/494/107
f 624/499/107 622/225/107 621/497/107
f 621/684/336 625/685/336 623/686/336
f 623/498/107 624/499/107 621/497/107
f 621/684/359 617/683/359 625/685/359
f 617/519/207 571/214/207 625/497/207
f 623/686/336 625/685/336 626/687/336
f 625/497/207 569/220/207 626/498/207
f 625/497/207 571/214/207 569/220/207
f 626/498/207 560/516/207 627/510/207
f 628/389/337 626/688/337 627/689/337
f 626/498/207 569/220/207 560/516/207
f 623/690/337 626/688/337 628/389/337
f 628/510/107 629/513/107 623/498/107
f 628/510/107 631/514/107 629/513/107
f 628/389/338 627/689/338 630/384/338
f 630/268/107 631/514/107 628/510/107
f 632/395/504 629/396/504 631/391/504
f 632/395/145 631/391/145 633/392/145
f 633/392/505 631/391/505 634/397/505
f 634/397/506 631/391/506 635/393/506
f 630/268/107 635/691/107 631/514/107
f 636/692/507 635/393/507 637/693/507
f 634/397/150 635/393/150 636/692/150
f 637/693/508 635/393/508 638/574/508
f 547/272/107 638/694/107 635/691/107
f 547/272/107 635/691/107 630/268/107
f 637/693/156 638/574/156 639/431/156
f 639/431/509 638/574/509 641/279/509
f 544/276/107 640/695/107 638/694/107
f 641/279/510 638/574/510 640/573/510
f 544/276/107 638/694/107 547/272/107
f 639/431/509 641/279/509 205/253/509
f 641/279/511 642/572/511 205/253/511
f 641/279/512 640/573/512 642/572/512
f 226/285/207 203/694/207 642/695/207
f 205/253/159 642/572/159 203/252/159
f 226/285/207 642/695/207 235/288/207
f 642/695/207 644/696/207 235/288/207
f 642/572/513 640/573/513 643/576/513
f 642/572/513 643/576/513 644/575/513
f 235/288/207 644/696/207 645/641/207
f 644/575/514 643/576/514 531/633/514
f 644/575/514 531/633/514 645/632/514
f 645/632/515 531/633/515 532/630/515
f 645/632/515 532/630/515 646/631/515
f 236/297/207 645/641/207 646/640/207
f 235/288/207 645/641/207 236/297/207
f 646/631/516 532/630/516 525/628/516
f 646/631/516 525/628/516 523/629/516
f 238/303/207 646/640/207 523/638/207
f 236/297/207 646/640/207 238/303/207
f 543/285/107 643/696/107 640/695/107
f 533/288/107 531/641/107 643/696/107
f 533/288/107 643/696/107 543/285/107
f 543/285/107 640/695/107 544/276/107
f 637/693/517 639/431/517 207/259/517
f 207/259/159 639/431/159 205/253/159
f 207/259/518 636/692/518 637/693/518
f 647/403/519 634/397/519 636/692/519
f 647/403/520 636/692/520 207/259/520
f 650/697/7 647/698/7 207/258/7
f 649/699/7 648/700/7 647/698/7
f 648/398/521 633/392/521 647/403/521
f 649/699/7 647/698/7 650/697/7
f 647/403/522 633/392/522 634/397/522
f 541/425/523 649/417/523 650/423/523
f 537/426/247 650/423/247 208/262/247
f 650/697/7 207/258/7 208/257/7
f 541/425/524 650/423/524 537/426/524
f 651/418/525 553/408/525 649/417/525
f 553/646/7 648/700/7 649/699/7
f 651/418/526 649/417/526 540/422/526
f 540/422/527 649/417/527 541/425/527
f 549/415/528 553/408/528 651/418/528
f 539/424/166 651/418/166 540/422/166
f 549/415/529 651/418/529 539/424/529
f 652/394/530 632/395/530 648/398/530
f 648/398/531 556/399/531 652/394/531
f 648/398/532 632/395/532 633/392/532
f 553/646/7 556/645/7 648/700/7
f 556/399/533 653/701/533 652/394/533
f 653/701/139 629/396/139 652/394/139
f 652/394/534 629/396/534 632/395/534
f 556/399/535 654/702/535 653/701/535
f 654/702/536 624/703/536 653/701/536
f 653/701/537 624/703/537 629/396/537
f 557/704/538 654/702/538 556/399/538
f 557/704/539 655/705/539 654/702/539
f 655/705/411 624/703/411 654/702/411
f 655/705/540 622/706/540 624/703/540
f 656/707/541 622/706/541 655/705/541
f 656/707/542 655/705/542 557/704/542
f 564/224/543 657/226/543 656/225/543
f 657/708/335 622/639/335 656/652/335
f 557/704/544 564/709/544 656/707/544
f 657/708/545 619/636/545 622/639/545
f 658/651/546 619/636/546 657/708/546
f 564/224/547 658/494/547 657/226/547
f 565/228/548 659/493/548 658/494/548
f 659/710/549 619/636/549 658/651/549
f 565/228/550 658/494/550 564/224/550
f 659/710/551 620/611/551 619/636/551
f 660/490/552 659/493/552 565/228/552
f 660/653/553 620/611/553 659/710/553
f 566/489/554 661/488/554 660/490/554
f 661/711/555 620/611/555 660/653/555
f 565/228/556 566/489/556 660/490/556
f 661/711/557 662/612/557 620/611/557
f 663/712/558 662/612/558 661/711/558
f 566/489/559 663/485/559 661/488/559
f 665/484/560 664/483/560 663/485/560
f 664/713/316 662/612/316 663/712/316
f 665/484/561 663/485/561 566/489/561
f 666/480/562 664/483/562 665/484/562
f 665/484/563 586/476/563 666/480/563
f 567/654/7 665/712/7 566/653/7
f 573/657/7 586/665/7 665/712/7
f 573/657/7 665/712/7 567/654/7
f 666/665/564 667/613/564 664/713/564
f 668/714/310 667/613/310 666/665/310
f 586/476/565 668/477/565 666/480/565
f 586/476/566 587/474/566 668/477/566
f 587/663/567 669/615/567 668/714/567
f 668/714/568 669/615/568 667/613/568
f 609/191/107 669/474/107 589/527/107
f 587/663/569 589/617/569 669/615/569
f 608/185/107 667/480/107 669/474/107
f 608/185/107 669/474/107 609/191/107
f 664/713/570 667/613/570 662/612/570
f 611/183/107 662/485/107 667/480/107
f 611/183/107 667/480/107 608/185/107
f 615/523/107 620/490/107 662/485/107
f 615/523/107 662/485/107 611/183/107
f 630/384/339 546/385/339 547/376/339
f 630/384/338 627/689/338 546/385/338
f 623/498/107 629/513/107 624/499/107
f 627/510/207 550/515/207 546/268/207
f 627/510/207 560/516/207 550/515/207
f 617/519/207 575/204/207 571/214/207
f 609/191/107 589/527/107 670/564/107
f 670/715/498 606/676/498 609/675/498
f 670/564/107 589/527/107 591/536/107
f 670/564/107 591/536/107 672/561/107
f 670/715/389 671/716/389 606/676/389
f 672/717/389 671/716/389 670/715/389
f 672/561/107 591/536/107 674/539/107
f 672/561/107 674/539/107 673/542/107
f 672/561/107 673/542/107 675/553/107
f 675/718/388 676/719/388 672/717/388
f 672/717/388 676/719/388 671/716/388
f 677/555/207 678/446/207 676/553/207
f 675/718/387 677/720/387 676/719/387
f 676/553/207 679/451/207 671/561/207
f 676/553/207 678/446/207 679/451/207
f 671/561/207 679/451/207 605/458/207
f 679/355/571 680/721/571 605/340/571
f 679/355/284 682/722/284 680/721/284
f 678/357/572 681/723/572 679/355/572
f 679/355/573 681/723/573 682/722/573
f 314/445/574 682/451/574 681/447/574
f 683/450/575 682/451/575 314/445/575
f 683/450/576 680/454/576 682/451/576
f 683/722/7 684/724/7 598/671/7
f 683/722/7 685/725/7 684/724/7
f 314/411/7 685/725/7 683/722/7
f 683/450/577 598/456/577 686/458/577
f 686/458/578 680/454/578 683/450/578
f 605/340/290 686/671/290 602/672/290
f 605/340/579 680/721/579 686/671/579
f 598/456/580 602/459/580 686/458/580
f 685/543/581 690/547/581 687/546/581
f 685/543/582 687/546/582 684/540/582
f 685/709/352 688/705/352 690/707/352
f 689/704/583 688/705/583 685/709/583
f 314/411/7 689/726/7 685/725/7
f 690/707/584 688/705/584 691/703/584
f 691/703/585 692/706/585 690/707/585
f 692/625/384 687/727/384 690/725/384
f 694/555/107 692/547/107 691/554/107
f 675/553/107 673/542/107 692/547/107
f 673/623/586 693/724/586 692/625/586
f 692/625/587 693/724/587 687/727/587
f 675/553/107 692/547/107 694/555/107
f 302/389/398 695/689/398 694/690/398
f 694/555/107 691/554/107 302/388/107
f 694/690/398 695/689/398 677/688/398
f 694/728/387 677/720/387 675/718/387
f 302/389/212 298/385/212 695/689/212
f 298/383/207 320/438/207 695/388/207
f 695/388/207 318/439/207 677/555/207
f 695/388/207 320/438/207 318/439/207
f 673/623/588 696/729/588 693/724/588
f 684/540/589 693/542/589 696/544/589
f 684/540/590 687/546/590 693/542/590
f 697/670/591 696/729/591 673/623/591
f 596/537/592 696/544/592 697/539/592
f 684/540/593 696/544/593 596/537/593
f 673/623/594 674/621/594 697/670/594
f 674/621/595 595/730/595 697/670/595
f 596/537/596 697/539/596 595/538/596
f 302/388/107 691/554/107 301/386/107
f 691/703/597 698/702/597 301/396/597
f 691/703/399 688/705/399 698/702/399
f 689/704/598 698/702/598 688/705/598
f 301/396/599 698/702/599 699/701/599
f 689/704/600 699/701/600 698/702/600
f 301/396/406 699/701/406 305/394/406
f 310/399/601 305/394/601 699/701/601
f 310/399/602 699/701/602 689/704/602
f 310/402/7 689/726/7 314/411/7
f 598/671/7 684/724/7 596/670/7
f 314/445/133 681/447/133 315/446/133
f 678/647/278 315/410/278 681/648/278
f 677/555/207 318/439/207 678/446/207
f 318/414/603 316/412/603 678/647/603
f 678/647/604 316/412/604 315/410/604
f 591/619/605 593/668/605 674/621/605
f 674/621/606 593/668/606 595/730/606
f 671/561/207 605/458/207 606/564/207
f 604/336/607 600/673/607 599/664/607
f 577/659/7 586/665/7 573/657/7
f 569/313/608 562/649/608 560/311/608
f 555/642/7 564/652/7 557/643/7
f 543/581/174 535/380/174 533/579/174
f 537/426/247 208/262/247 221/275/247
f 221/275/171 220/279/171 537/426/171
f 529/303/207 232/298/207 700/306/207
f 526/589/180 529/584/180 700/586/180
f 529/303/207 230/290/207 232/298/207
f 528/297/207 230/290/207 529/303/207
f 700/306/207 241/307/207 491/315/207
f 494/610/609 700/731/609 491/607/609
f 700/306/207 232/298/207 241/307/207
f 526/732/609 700/731/609 494/610/609
f 528/297/207 229/289/207 230/290/207
f 494/315/107 520/635/107 526/306/107
f 238/303/207 523/638/207 522/306/207
f 239/733/609 522/734/609 244/321/609
f 239/305/180 238/304/180 522/364/180
f 244/321/609 522/734/609 250/322/609
f 494/315/107 493/609/107 520/635/107
f 491/315/207 241/307/207 242/308/207
f 468/366/107 467/578/107 475/588/107
f 472/359/207 273/353/207 274/354/207
f 296/372/107 462/570/107 465/375/107
f 465/581/210 293/380/210 296/379/210
f 702/693/610 462/574/610 701/692/610
f 462/574/611 304/393/611 701/692/611
f 296/372/107 304/390/107 462/570/107
f 336/431/413 462/574/413 702/693/413
f 311/403/612 702/693/612 701/692/612
f 324/259/613 336/431/613 702/693/613
f 324/259/614 702/693/614 311/403/614
f 304/393/251 308/397/251 701/692/251
f 311/403/615 701/692/615 308/397/615
f 455/372/107 356/382/107 330/373/107
f 356/267/616 703/261/616 330/274/616
f 356/267/237 354/265/237 703/261/237
f 334/260/617 703/261/617 354/265/617
f 330/274/618 703/261/618 331/266/618
f 334/260/619 331/266/619 703/261/619
f 299/424/620 322/418/620 320/416/620
f 298/383/207 299/382/207 320/438/207
f 310/399/621 306/395/621 305/394/621
f 295/381/107 304/390/107 296/372/107
f 276/295/203 277/296/203 285/293/203
f 271/351/196 270/350/196 279/361/196
f 264/340/197 265/342/197 273/355/197
f 247/318/189 248/210/189 256/332/189
f 232/295/181 233/296/181 241/309/181
f 227/287/174 226/286/174 235/299/174
f 224/276/207 203/694/207 226/285/207
f 223/272/207 201/691/207 224/276/207
f 224/276/207 201/691/207 203/694/207
f 223/272/207 193/514/207 201/691/207
f 208/262/622 213/266/622 221/275/622
f 215/271/623 211/265/623 210/264/623
f 193/240/624 195/241/624 201/249/624
f 199/243/7 188/233/7 182/223/7
f 170/206/7 181/219/7 172/207/7
f 174/210/625 168/203/625 161/197/625
f 157/183/107 174/204/107 161/184/107
