# Blender 4.3.1
# www.blender.org
mtllib Motor_RL.mtl
o RL_Wheel_visual.003
v -0.051000 -0.001547 -0.012404
v -0.051000 -0.000460 -0.012492
v -0.080000 -0.001547 -0.012404
v -0.051000 -0.001992 -0.012340
v -0.080000 -0.001992 -0.012340
v -0.050844 -0.001545 -0.012392
v -0.051000 -0.002622 -0.012222
v -0.050691 -0.001541 -0.012355
v -0.050691 -0.002612 -0.012174
v -0.050844 -0.002620 -0.012210
v -0.050844 -0.000460 -0.012479
v -0.050844 0.000630 -0.012472
v -0.050691 -0.000458 -0.012443
v -0.051000 0.000630 -0.012484
v -0.080000 -0.000460 -0.012492
v -0.080000 0.000630 -0.012484
v -0.051000 0.001078 -0.012453
v -0.080000 0.001078 -0.012453
v -0.051000 0.001716 -0.012382
v -0.050844 0.001714 -0.012369
v -0.050844 0.002786 -0.012173
v -0.050691 0.001709 -0.012333
v -0.050691 0.000628 -0.012435
v -0.050546 0.000625 -0.012375
v -0.050546 -0.000456 -0.012383
v -0.050546 -0.001534 -0.012296
v -0.050412 -0.000453 -0.012301
v -0.050412 -0.001523 -0.012214
v -0.050293 -0.001511 -0.012113
v -0.050293 -0.002561 -0.011936
v -0.050412 -0.002582 -0.012035
v -0.050546 -0.002599 -0.012115
v -0.050412 -0.003621 -0.011764
v -0.050293 -0.003591 -0.011667
v -0.050191 -0.004550 -0.011199
v -0.050191 -0.003556 -0.011553
v -0.050293 -0.004594 -0.011310
v -0.050191 -0.005508 -0.010760
v -0.050293 -0.005563 -0.010866
v -0.050412 -0.004633 -0.011404
v -0.050412 -0.005609 -0.010957
v -0.050546 -0.004664 -0.011480
v -0.050546 -0.003645 -0.011843
v -0.050691 -0.003663 -0.011900
v -0.050844 -0.003674 -0.011935
v -0.050691 -0.004686 -0.011536
v -0.050546 -0.005646 -0.011030
v -0.050691 -0.005674 -0.011083
v -0.050844 -0.004700 -0.011570
v -0.051000 -0.005696 -0.011127
v -0.051000 -0.004942 -0.011482
v -0.050844 -0.005690 -0.011116
v -0.051000 -0.004705 -0.011581
v -0.051000 -0.003677 -0.011947
v -0.080000 -0.004705 -0.011581
v -0.080000 -0.003677 -0.011947
v -0.051000 -0.003493 -0.012002
v -0.080000 -0.003493 -0.012002
v -0.080000 -0.002622 -0.012222
v -0.080156 -0.003674 -0.011935
v -0.080156 -0.002620 -0.012210
v -0.080156 -0.004700 -0.011570
v -0.080309 -0.003663 -0.011900
v -0.080309 -0.002612 -0.012174
v -0.080309 -0.001541 -0.012355
v -0.080454 -0.002599 -0.012115
v -0.080454 -0.001534 -0.012296
v -0.080454 -0.000456 -0.012383
v -0.080588 -0.001523 -0.012214
v -0.080588 -0.000453 -0.012301
v -0.080588 0.000621 -0.012293
v -0.080707 -0.000449 -0.012199
v -0.080707 0.000616 -0.012192
v -0.080707 0.001676 -0.012092
v -0.080809 0.000610 -0.012072
v -0.080809 0.001660 -0.011973
v -0.080809 0.002697 -0.011783
v -0.080891 0.001641 -0.011841
v -0.080891 0.002667 -0.011653
v -0.080891 0.003672 -0.011376
v -0.080951 0.002635 -0.011511
v -0.080951 0.003628 -0.011238
v -0.080951 0.004594 -0.010879
v -0.080988 0.003581 -0.011093
v -0.080988 0.004534 -0.010738
v -0.081000 0.005380 -0.010164
v -0.080988 0.005453 -0.010302
v -0.081000 0.004473 -0.010594
v -0.081000 0.003533 -0.010944
v -0.081000 0.000000 0.000000
v -0.081000 -0.001579 0.011391
v -0.081000 -0.000580 0.011485
v -0.081000 0.000423 0.011492
v -0.081000 0.001423 0.011412
v -0.081000 -0.004473 0.010594
v -0.081000 -0.003533 0.010944
v -0.081000 -0.002566 0.011210
v -0.081000 -0.007063 0.009076
v -0.081000 -0.006245 0.009657
v -0.081000 -0.005380 0.010164
v -0.081000 -0.009171 0.006938
v -0.081000 -0.008531 0.007711
v -0.081000 -0.007827 0.008425
v -0.081000 -0.010654 0.004328
v -0.081000 -0.010237 0.005240
v -0.081000 -0.009741 0.006113
v -0.081000 -0.011412 0.001423
v -0.081000 -0.011244 0.002412
v -0.081000 -0.010991 0.003383
v -0.081000 -0.011391 -0.001579
v -0.081000 -0.011485 -0.000580
v -0.081000 -0.011492 0.000423
v -0.081000 -0.010594 -0.004473
v -0.081000 -0.010944 -0.003533
v -0.081000 -0.011210 -0.002566
v -0.081000 -0.009076 -0.007063
v -0.081000 -0.009657 -0.006245
v -0.081000 -0.010164 -0.005380
v -0.081000 -0.006938 -0.009171
v -0.081000 -0.007711 -0.008531
v -0.081000 -0.008426 -0.007827
v -0.081000 -0.004328 -0.010654
v -0.081000 -0.005240 -0.010237
v -0.081000 -0.006113 -0.009741
v -0.081000 -0.001423 -0.011412
v -0.081000 -0.002412 -0.011244
v -0.081000 -0.003383 -0.010991
v -0.081000 0.001579 -0.011391
v -0.081000 0.000580 -0.011485
v -0.081000 -0.000423 -0.011492
v -0.081000 0.002566 -0.011210
v -0.081000 0.007063 -0.009076
v -0.081000 0.006245 -0.009657
v -0.081000 0.009171 -0.006938
v -0.081000 0.008531 -0.007711
v -0.081000 0.007827 -0.008426
v -0.081000 0.010654 -0.004328
v -0.081000 0.010237 -0.005240
v -0.081000 0.009741 -0.006113
v -0.081000 0.011412 -0.001423
v -0.081000 0.011244 -0.002412
v -0.081000 0.010991 -0.003383
v -0.081000 0.011391 0.001579
v -0.081000 0.011485 0.000580
v -0.081000 0.011492 -0.000423
v -0.081000 0.010594 0.004473
v -0.081000 0.010944 0.003533
v -0.081000 0.011210 0.002566
v -0.081000 0.009076 0.007063
v -0.081000 0.009657 0.006245
v -0.081000 0.010164 0.005380
v -0.081000 0.006938 0.009171
v -0.081000 0.007711 0.008531
v -0.081000 0.008425 0.007827
v -0.081000 0.004328 0.010654
v -0.081000 0.005240 0.010237
v -0.081000 0.006113 0.009741
v -0.081000 0.002412 0.011244
v -0.081000 0.003383 0.010991
v -0.080988 0.004387 0.010799
v -0.080988 0.003429 0.011141
v -0.080951 0.004445 0.010941
v -0.080951 0.003474 0.011286
v -0.080988 0.002445 0.011397
v -0.080951 0.002477 0.011546
v -0.080988 0.001443 0.011567
v -0.080951 0.001462 0.011718
v -0.080988 0.000429 0.011649
v -0.080951 0.000435 0.011801
v -0.080988 -0.000588 0.011642
v -0.080951 -0.000596 0.011794
v -0.080988 -0.001600 0.011546
v -0.080951 -0.001621 0.011697
v -0.080988 -0.002600 0.011363
v -0.080951 -0.002635 0.011511
v -0.080988 -0.003581 0.011093
v -0.080951 -0.003628 0.011238
v -0.080988 -0.004534 0.010738
v -0.080951 -0.004593 0.010879
v -0.080988 -0.005453 0.010302
v -0.080951 -0.005524 0.010437
v -0.080988 -0.006330 0.009788
v -0.080951 -0.006413 0.009916
v -0.080988 -0.007159 0.009199
v -0.080951 -0.007253 0.009319
v -0.080988 -0.007933 0.008540
v -0.080951 -0.008037 0.008652
v -0.080988 -0.008648 0.007816
v -0.080951 -0.008761 0.007918
v -0.080988 -0.009296 0.007033
v -0.080951 -0.009418 0.007125
v -0.080988 -0.009873 0.006196
v -0.080951 -0.010003 0.006277
v -0.080988 -0.010376 0.005312
v -0.080951 -0.010512 0.005381
v -0.080988 -0.010799 0.004387
v -0.080951 -0.010941 0.004445
v -0.080988 -0.011141 0.003429
v -0.080951 -0.011286 0.003474
v -0.080988 -0.011397 0.002445
v -0.080951 -0.011546 0.002477
v -0.080988 -0.011567 0.001443
v -0.080951 -0.011718 0.001461
v -0.080988 -0.011649 0.000429
v -0.080951 -0.011801 0.000435
v -0.080988 -0.011642 -0.000588
v -0.080951 -0.011794 -0.000596
v -0.080988 -0.011546 -0.001600
v -0.080951 -0.011697 -0.001621
v -0.080988 -0.011363 -0.002600
v -0.080951 -0.011511 -0.002635
v -0.080988 -0.011093 -0.003581
v -0.080951 -0.011238 -0.003628
v -0.080988 -0.010739 -0.004534
v -0.080951 -0.010879 -0.004593
v -0.080988 -0.010303 -0.005453
v -0.080951 -0.010437 -0.005524
v -0.080988 -0.009788 -0.006330
v -0.080951 -0.009916 -0.006413
v -0.080988 -0.009199 -0.007159
v -0.080951 -0.009319 -0.007253
v -0.080988 -0.008540 -0.007933
v -0.080951 -0.008652 -0.008037
v -0.080988 -0.007816 -0.008648
v -0.080951 -0.007918 -0.008761
v -0.080988 -0.007033 -0.009296
v -0.080951 -0.007125 -0.009418
v -0.080988 -0.006196 -0.009873
v -0.080951 -0.006277 -0.010003
v -0.080988 -0.005312 -0.010376
v -0.080951 -0.005381 -0.010512
v -0.080988 -0.004387 -0.010799
v -0.080951 -0.004445 -0.010941
v -0.080988 -0.003429 -0.011141
v -0.080951 -0.003474 -0.011286
v -0.080988 -0.002445 -0.011397
v -0.080951 -0.002477 -0.011546
v -0.080988 -0.001443 -0.011567
v -0.080951 -0.001462 -0.011718
v -0.080988 -0.000429 -0.011649
v -0.080951 -0.000435 -0.011801
v -0.080988 0.000588 -0.011642
v -0.080951 0.000596 -0.011794
v -0.080988 0.001600 -0.011546
v -0.080951 0.001621 -0.011697
v -0.080988 0.002601 -0.011363
v -0.080891 0.000603 -0.011939
v -0.080809 -0.000445 -0.012080
v -0.080891 -0.000440 -0.011946
v -0.080809 -0.001496 -0.011995
v -0.080891 -0.001479 -0.011862
v -0.080809 -0.002536 -0.011819
v -0.080891 -0.002508 -0.011688
v -0.080809 -0.003556 -0.011553
v -0.080891 -0.003517 -0.011425
v -0.080809 -0.004550 -0.011199
v -0.080891 -0.004499 -0.011075
v -0.080809 -0.005508 -0.010760
v -0.080891 -0.005447 -0.010641
v -0.080809 -0.006425 -0.010239
v -0.080891 -0.006354 -0.010125
v -0.080809 -0.007293 -0.009640
v -0.080891 -0.007212 -0.009533
v -0.080809 -0.008105 -0.008968
v -0.080891 -0.008016 -0.008868
v -0.080809 -0.008856 -0.008227
v -0.080891 -0.008758 -0.008136
v -0.080809 -0.009540 -0.007424
v -0.080891 -0.009434 -0.007342
v -0.080809 -0.010150 -0.006564
v -0.080891 -0.010038 -0.006492
v -0.080809 -0.010684 -0.005655
v -0.080891 -0.010565 -0.005592
v -0.080809 -0.011136 -0.004702
v -0.080891 -0.011013 -0.004650
v -0.080809 -0.011503 -0.003713
v -0.080891 -0.011376 -0.003672
v -0.080809 -0.011783 -0.002697
v -0.080891 -0.011653 -0.002667
v -0.080809 -0.011973 -0.001659
v -0.080891 -0.011841 -0.001641
v -0.080809 -0.012072 -0.000610
v -0.080891 -0.011939 -0.000603
v -0.080809 -0.012080 0.000445
v -0.080891 -0.011946 0.000440
v -0.080809 -0.011995 0.001496
v -0.080891 -0.011862 0.001479
v -0.080809 -0.011819 0.002536
v -0.080891 -0.011688 0.002508
v -0.080809 -0.011553 0.003556
v -0.080891 -0.011425 0.003517
v -0.080809 -0.011199 0.004549
v -0.080891 -0.011075 0.004499
v -0.080809 -0.010760 0.005508
v -0.080891 -0.010641 0.005447
v -0.080809 -0.010239 0.006425
v -0.080891 -0.010125 0.006354
v -0.080809 -0.009640 0.007293
v -0.080891 -0.009533 0.007212
v -0.080809 -0.008968 0.008105
v -0.080891 -0.008868 0.008016
v -0.080809 -0.008227 0.008856
v -0.080891 -0.008136 0.008758
v -0.080809 -0.007424 0.009539
v -0.080891 -0.007342 0.009434
v -0.080809 -0.006564 0.010150
v -0.080891 -0.006491 0.010038
v -0.080809 -0.005654 0.010684
v -0.080891 -0.005592 0.010565
v -0.080809 -0.004702 0.011136
v -0.080891 -0.004650 0.011013
v -0.080809 -0.003713 0.011503
v -0.080891 -0.003672 0.011376
v -0.080809 -0.002697 0.011783
v -0.080891 -0.002667 0.011653
v -0.080809 -0.001660 0.011973
v -0.080891 -0.001641 0.011841
v -0.080809 -0.000610 0.012072
v -0.080891 -0.000603 0.011939
v -0.080809 0.000445 0.012080
v -0.080891 0.000440 0.011946
v -0.080809 0.001496 0.011995
v -0.080891 0.001479 0.011862
v -0.080809 0.002536 0.011819
v -0.080891 0.002508 0.011688
v -0.080809 0.003556 0.011553
v -0.080891 0.003517 0.011425
v -0.080809 0.004549 0.011199
v -0.080891 0.004499 0.011075
v -0.080809 0.005508 0.010760
v -0.080891 0.005447 0.010641
v -0.080809 0.006425 0.010239
v -0.080891 0.006354 0.010125
v -0.080951 0.005381 0.010512
v -0.080951 0.006277 0.010003
v -0.080988 0.005312 0.010376
v -0.080988 0.006196 0.009873
v -0.080951 0.007125 0.009418
v -0.080988 0.007033 0.009296
v -0.080951 0.007918 0.008761
v -0.080988 0.007816 0.008648
v -0.080951 0.008652 0.008037
v -0.080988 0.008540 0.007933
v -0.080951 0.009320 0.007253
v -0.080988 0.009199 0.007159
v -0.080951 0.009916 0.006413
v -0.080988 0.009788 0.006330
v -0.080951 0.010437 0.005524
v -0.080988 0.010302 0.005453
v -0.080951 0.010879 0.004593
v -0.080988 0.010739 0.004534
v -0.080951 0.011238 0.003628
v -0.080988 0.011093 0.003581
v -0.080951 0.011511 0.002634
v -0.080988 0.011363 0.002600
v -0.080951 0.011697 0.001621
v -0.080988 0.011546 0.001600
v -0.080951 0.011794 0.000596
v -0.080988 0.011642 0.000588
v -0.080951 0.011801 -0.000435
v -0.080988 0.011649 -0.000429
v -0.080951 0.011718 -0.001461
v -0.080988 0.011567 -0.001443
v -0.080951 0.011546 -0.002477
v -0.080988 0.011397 -0.002445
v -0.080951 0.011286 -0.003474
v -0.080988 0.011141 -0.003429
v -0.080951 0.010941 -0.004445
v -0.080988 0.010799 -0.004387
v -0.080951 0.010512 -0.005381
v -0.080988 0.010376 -0.005312
v -0.080951 0.010003 -0.006277
v -0.080988 0.009874 -0.006196
v -0.080951 0.009417 -0.007125
v -0.080988 0.009296 -0.007033
v -0.080951 0.008761 -0.007919
v -0.080988 0.008648 -0.007816
v -0.080951 0.008037 -0.008652
v -0.080988 0.007933 -0.008540
v -0.080951 0.007253 -0.009319
v -0.080988 0.007159 -0.009199
v -0.080951 0.006413 -0.009916
v -0.080988 0.006330 -0.009788
v -0.080951 0.005524 -0.010437
v -0.080891 0.004650 -0.011013
v -0.080891 0.005592 -0.010565
v -0.080809 0.004702 -0.011136
v -0.080809 0.005655 -0.010684
v -0.080891 0.006492 -0.010038
v -0.080809 0.006564 -0.010150
v -0.080891 0.007342 -0.009434
v -0.080809 0.007424 -0.009539
v -0.080891 0.008136 -0.008758
v -0.080809 0.008227 -0.008856
v -0.080891 0.008868 -0.008016
v -0.080809 0.008968 -0.008105
v -0.080891 0.009533 -0.007212
v -0.080809 0.009640 -0.007293
v -0.080891 0.010125 -0.006354
v -0.080809 0.010239 -0.006425
v -0.080891 0.010641 -0.005447
v -0.080809 0.010760 -0.005508
v -0.080891 0.011075 -0.004499
v -0.080809 0.011199 -0.004550
v -0.080891 0.011425 -0.003517
v -0.080809 0.011553 -0.003556
v -0.080891 0.011688 -0.002508
v -0.080809 0.011819 -0.002536
v -0.080891 0.011862 -0.001479
v -0.080809 0.011995 -0.001496
v -0.080891 0.011946 -0.000440
v -0.080809 0.012080 -0.000445
v -0.080891 0.011939 0.000603
v -0.080809 0.012072 0.000610
v -0.080891 0.011841 0.001641
v -0.080809 0.011973 0.001659
v -0.080891 0.011653 0.002667
v -0.080809 0.011783 0.002697
v -0.080891 0.011376 0.003672
v -0.080809 0.011503 0.003713
v -0.080891 0.011013 0.004650
v -0.080809 0.011136 0.004702
v -0.080891 0.010565 0.005592
v -0.080809 0.010684 0.005655
v -0.080891 0.010038 0.006492
v -0.080809 0.010150 0.006564
v -0.080891 0.009434 0.007342
v -0.080809 0.009539 0.007424
v -0.080891 0.008758 0.008136
v -0.080809 0.008856 0.008227
v -0.080891 0.008016 0.008868
v -0.080809 0.008105 0.008968
v -0.080891 0.007212 0.009533
v -0.080809 0.007293 0.009640
v -0.080707 0.008185 0.009056
v -0.080707 0.007365 0.009735
v -0.080588 0.008254 0.009132
v -0.080588 0.007427 0.009816
v -0.080707 0.006489 0.010340
v -0.080588 0.006543 0.010426
v -0.080707 0.005563 0.010866
v -0.080588 0.005609 0.010957
v -0.080707 0.004594 0.011309
v -0.080588 0.004633 0.011404
v -0.080707 0.003591 0.011667
v -0.080588 0.003621 0.011764
v -0.080707 0.002561 0.011935
v -0.080588 0.002582 0.012035
v -0.080707 0.001511 0.012113
v -0.080588 0.001523 0.012214
v -0.080707 0.000449 0.012199
v -0.080588 0.000453 0.012301
v -0.080707 -0.000616 0.012192
v -0.080588 -0.000621 0.012293
v -0.080707 -0.001676 0.012092
v -0.080588 -0.001690 0.012192
v -0.080707 -0.002723 0.011899
v -0.080588 -0.002746 0.011999
v -0.080707 -0.003750 0.011617
v -0.080588 -0.003781 0.011714
v -0.080707 -0.004748 0.011246
v -0.080588 -0.004788 0.011340
v -0.080707 -0.005710 0.010789
v -0.080588 -0.005758 0.010879
v -0.080707 -0.006629 0.010250
v -0.080588 -0.006684 0.010336
v -0.080707 -0.007497 0.009634
v -0.080588 -0.007560 0.009714
v -0.080707 -0.008308 0.008944
v -0.080588 -0.008378 0.009018
v -0.080707 -0.009056 0.008185
v -0.080588 -0.009132 0.008254
v -0.080707 -0.009735 0.007365
v -0.080588 -0.009816 0.007426
v -0.080707 -0.010340 0.006488
v -0.080588 -0.010426 0.006543
v -0.080707 -0.010866 0.005563
v -0.080588 -0.010957 0.005609
v -0.080707 -0.011310 0.004594
v -0.080588 -0.011404 0.004633
v -0.080707 -0.011667 0.003591
v -0.080588 -0.011764 0.003621
v -0.080707 -0.011935 0.002561
v -0.080588 -0.012035 0.002582
v -0.080707 -0.012113 0.001511
v -0.080588 -0.012214 0.001523
v -0.080707 -0.012199 0.000449
v -0.080588 -0.012301 0.000453
v -0.080707 -0.012192 -0.000616
v -0.080588 -0.012293 -0.000621
v -0.080707 -0.012092 -0.001676
v -0.080588 -0.012193 -0.001690
v -0.080707 -0.011900 -0.002723
v -0.080588 -0.011999 -0.002746
v -0.080707 -0.011617 -0.003750
v -0.080588 -0.011714 -0.003781
v -0.080707 -0.011246 -0.004748
v -0.080588 -0.011340 -0.004788
v -0.080707 -0.010789 -0.005710
v -0.080588 -0.010879 -0.005758
v -0.080707 -0.010250 -0.006629
v -0.080588 -0.010336 -0.006684
v -0.080707 -0.009634 -0.007497
v -0.080588 -0.009714 -0.007560
v -0.080707 -0.008944 -0.008308
v -0.080588 -0.009018 -0.008378
v -0.080707 -0.008185 -0.009056
v -0.080588 -0.008254 -0.009132
v -0.080707 -0.007365 -0.009735
v -0.080588 -0.007427 -0.009816
v -0.080707 -0.006488 -0.010340
v -0.080588 -0.006543 -0.010426
v -0.080707 -0.005563 -0.010866
v -0.080588 -0.005609 -0.010957
v -0.080707 -0.004594 -0.011310
v -0.080588 -0.004633 -0.011404
v -0.080707 -0.003591 -0.011667
v -0.080588 -0.003621 -0.011764
v -0.080707 -0.002561 -0.011936
v -0.080588 -0.002582 -0.012035
v -0.080707 -0.001511 -0.012113
v -0.080454 -0.003645 -0.011843
v -0.080309 -0.004686 -0.011536
v -0.080454 -0.004664 -0.011480
v -0.080309 -0.005674 -0.011083
v -0.080454 -0.005646 -0.011030
v -0.080309 -0.006618 -0.010547
v -0.080454 -0.006586 -0.010496
v -0.080309 -0.007512 -0.009930
v -0.080454 -0.007476 -0.009882
v -0.080309 -0.008349 -0.009237
v -0.080454 -0.008309 -0.009193
v -0.080309 -0.009122 -0.008474
v -0.080454 -0.009078 -0.008433
v -0.080309 -0.009826 -0.007647
v -0.080454 -0.009779 -0.007610
v -0.080309 -0.010455 -0.006761
v -0.080454 -0.010405 -0.006729
v -0.080309 -0.011005 -0.005825
v -0.080454 -0.010952 -0.005796
v -0.080309 -0.011470 -0.004843
v -0.080454 -0.011415 -0.004820
v -0.080309 -0.011849 -0.003825
v -0.080454 -0.011792 -0.003807
v -0.080309 -0.012137 -0.002778
v -0.080454 -0.012079 -0.002764
v -0.080309 -0.012333 -0.001709
v -0.080454 -0.012274 -0.001701
v -0.080309 -0.012435 -0.000628
v -0.080454 -0.012375 -0.000625
v -0.080309 -0.012443 0.000458
v -0.080454 -0.012383 0.000456
v -0.080309 -0.012355 0.001541
v -0.080454 -0.012296 0.001534
v -0.080309 -0.012174 0.002612
v -0.080454 -0.012115 0.002599
v -0.080309 -0.011900 0.003663
v -0.080454 -0.011843 0.003645
v -0.080309 -0.011536 0.004686
v -0.080454 -0.011480 0.004664
v -0.080309 -0.011083 0.005674
v -0.080454 -0.011030 0.005646
v -0.080309 -0.010547 0.006618
v -0.080454 -0.010496 0.006586
v -0.080309 -0.009930 0.007512
v -0.080454 -0.009882 0.007476
v -0.080309 -0.009237 0.008349
v -0.080454 -0.009193 0.008309
v -0.080309 -0.008474 0.009122
v -0.080454 -0.008433 0.009078
v -0.080309 -0.007647 0.009826
v -0.080454 -0.007610 0.009779
v -0.080309 -0.006761 0.010455
v -0.080454 -0.006729 0.010405
v -0.080309 -0.005824 0.011005
v -0.080454 -0.005796 0.010952
v -0.080309 -0.004843 0.011471
v -0.080454 -0.004820 0.011415
v -0.080309 -0.003825 0.011849
v -0.080454 -0.003807 0.011792
v -0.080309 -0.002778 0.012137
v -0.080454 -0.002764 0.012079
v -0.080309 -0.001709 0.012333
v -0.080454 -0.001701 0.012274
v -0.080309 -0.000628 0.012435
v -0.080454 -0.000625 0.012375
v -0.080309 0.000458 0.012443
v -0.080454 0.000456 0.012383
v -0.080309 0.001541 0.012355
v -0.080454 0.001533 0.012296
v -0.080309 0.002612 0.012174
v -0.080454 0.002599 0.012115
v -0.080309 0.003663 0.011900
v -0.080454 0.003645 0.011843
v -0.080309 0.004686 0.011535
v -0.080454 0.004664 0.011480
v -0.080309 0.005674 0.011083
v -0.080454 0.005646 0.011030
v -0.080309 0.006618 0.010546
v -0.080454 0.006586 0.010496
v -0.080309 0.007512 0.009930
v -0.080454 0.007476 0.009882
v -0.080309 0.008349 0.009237
v -0.080454 0.008309 0.009192
v -0.080309 0.009122 0.008474
v -0.080454 0.009078 0.008433
v -0.080309 0.009826 0.007647
v -0.080454 0.009779 0.007610
v -0.080588 0.009018 0.008378
v -0.080588 0.009714 0.007560
v -0.080707 0.008944 0.008308
v -0.080707 0.009634 0.007497
v -0.080588 0.010336 0.006684
v -0.080707 0.010250 0.006629
v -0.080588 0.010879 0.005758
v -0.080707 0.010789 0.005710
v -0.080588 0.011340 0.004788
v -0.080707 0.011246 0.004748
v -0.080588 0.011714 0.003781
v -0.080707 0.011617 0.003750
v -0.080588 0.011999 0.002746
v -0.080707 0.011899 0.002723
v -0.080588 0.012192 0.001690
v -0.080707 0.012092 0.001676
v -0.080588 0.012293 0.000621
v -0.080707 0.012192 0.000616
v -0.080588 0.012301 -0.000453
v -0.080707 0.012199 -0.000449
v -0.080588 0.012214 -0.001523
v -0.080707 0.012113 -0.001511
v -0.080588 0.012035 -0.002582
v -0.080707 0.011935 -0.002561
v -0.080588 0.011764 -0.003621
v -0.080707 0.011667 -0.003591
v -0.080588 0.011404 -0.004633
v -0.080707 0.011309 -0.004594
v -0.080588 0.010957 -0.005609
v -0.080707 0.010866 -0.005563
v -0.080588 0.010426 -0.006543
v -0.080707 0.010340 -0.006489
v -0.080588 0.009816 -0.007427
v -0.080707 0.009735 -0.007365
v -0.080588 0.009132 -0.008254
v -0.080707 0.009056 -0.008185
v -0.080588 0.008378 -0.009018
v -0.080707 0.008308 -0.008944
v -0.080588 0.007560 -0.009714
v -0.080707 0.007497 -0.009634
v -0.080588 0.006684 -0.010336
v -0.080707 0.006629 -0.010250
v -0.080588 0.005758 -0.010879
v -0.080707 0.005710 -0.010789
v -0.080588 0.004788 -0.011340
v -0.080707 0.004748 -0.011246
v -0.080588 0.003781 -0.011714
v -0.080707 0.003750 -0.011617
v -0.080588 0.002746 -0.011999
v -0.080707 0.002723 -0.011899
v -0.080809 0.003713 -0.011503
v -0.080588 0.001690 -0.012193
v -0.080454 0.000625 -0.012375
v -0.080454 0.001701 -0.012274
v -0.080309 0.000628 -0.012435
v -0.080309 0.001709 -0.012333
v -0.080454 0.002764 -0.012079
v -0.080309 0.002778 -0.012137
v -0.080454 0.003807 -0.011792
v -0.080309 0.003825 -0.011849
v -0.080454 0.004820 -0.011415
v -0.080309 0.004843 -0.011471
v -0.080454 0.005796 -0.010952
v -0.080309 0.005824 -0.011005
v -0.080454 0.006729 -0.010405
v -0.080309 0.006761 -0.010455
v -0.080454 0.007610 -0.009779
v -0.080309 0.007647 -0.009826
v -0.080454 0.008433 -0.009078
v -0.080309 0.008474 -0.009122
v -0.080454 0.009193 -0.008309
v -0.080309 0.009237 -0.008349
v -0.080454 0.009882 -0.007476
v -0.080309 0.009930 -0.007512
v -0.080454 0.010496 -0.006586
v -0.080309 0.010546 -0.006618
v -0.080454 0.011030 -0.005646
v -0.080309 0.011083 -0.005674
v -0.080454 0.011480 -0.004664
v -0.080309 0.011536 -0.004686
v -0.080454 0.011843 -0.003645
v -0.080309 0.011900 -0.003663
v -0.080454 0.012115 -0.002599
v -0.080309 0.012174 -0.002612
v -0.080454 0.012296 -0.001534
v -0.080309 0.012355 -0.001541
v -0.080454 0.012383 -0.000456
v -0.080309 0.012443 -0.000458
v -0.080454 0.012375 0.000625
v -0.080309 0.012435 0.000628
v -0.080454 0.012274 0.001701
v -0.080309 0.012333 0.001709
v -0.080454 0.012079 0.002764
v -0.080309 0.012137 0.002778
v -0.080454 0.011792 0.003807
v -0.080309 0.011849 0.003825
v -0.080454 0.011415 0.004820
v -0.080309 0.011471 0.004843
v -0.080454 0.010952 0.005796
v -0.080309 0.011005 0.005824
v -0.080454 0.010405 0.006729
v -0.080309 0.010455 0.006761
v -0.080156 0.011037 0.005842
v -0.080156 0.010486 0.006781
v -0.080000 0.011048 0.005847
v -0.080000 0.010496 0.006788
v -0.080000 0.010246 0.007161
v -0.080156 0.009855 0.007669
v -0.080000 0.009865 0.007677
v -0.051000 0.009865 0.007677
v -0.051000 0.009288 0.008365
v -0.080000 0.009288 0.008365
v -0.051000 0.009158 0.008508
v -0.080000 0.009158 0.008508
v -0.080156 0.009149 0.008499
v -0.080156 0.008374 0.009264
v -0.080000 0.007542 0.009969
v -0.080156 0.007534 0.009959
v -0.080000 0.008382 0.009273
v -0.080000 0.008190 0.009443
v -0.051000 0.008190 0.009443
v -0.051000 0.007542 0.009969
v -0.051000 0.006967 0.010378
v -0.050844 0.007534 0.009959
v -0.050844 0.006638 0.010578
v -0.050691 0.007512 0.009930
v -0.050691 0.006618 0.010546
v -0.050844 0.005690 0.011116
v -0.051000 0.006644 0.010588
v -0.051000 0.005696 0.011127
v -0.080000 0.006644 0.010588
v -0.080000 0.005696 0.011127
v -0.051000 0.005639 0.011156
v -0.080000 0.005639 0.011156
v -0.051000 0.004705 0.011581
v -0.050844 0.004700 0.011569
v -0.050844 0.003674 0.011935
v -0.050691 0.004686 0.011535
v -0.050691 0.005674 0.011083
v -0.051000 0.004225 0.011764
v -0.080000 0.004705 0.011581
v -0.080000 0.004225 0.011764
v -0.051000 0.003677 0.011947
v -0.080000 0.003677 0.011947
v -0.051000 0.002748 0.012194
v -0.050844 0.002620 0.012210
v -0.050844 0.001546 0.012392
v -0.050691 0.003663 0.011900
v -0.050691 0.002612 0.012174
v -0.051000 0.002622 0.012222
v -0.051000 0.001547 0.012404
v -0.080000 0.002622 0.012222
v -0.080000 0.001547 0.012404
v -0.051000 0.001228 0.012440
v -0.080000 0.001228 0.012440
v -0.051000 0.000460 0.012492
v -0.050844 0.000460 0.012479
v -0.050844 -0.000630 0.012472
v -0.050691 0.000458 0.012443
v -0.050691 0.001541 0.012355
v -0.050546 0.001533 0.012296
v -0.050546 0.002599 0.012115
v -0.050546 0.003645 0.011843
v -0.050412 0.003621 0.011764
v -0.050412 0.002582 0.012035
v -0.050293 0.003591 0.011667
v -0.050293 0.002561 0.011935
v -0.050412 0.001523 0.012214
v -0.050293 0.001511 0.012113
v -0.050412 0.000453 0.012301
v -0.050546 0.000456 0.012383
v -0.050546 -0.000625 0.012375
v -0.050691 -0.000628 0.012435
v -0.050691 -0.001709 0.012333
v -0.050844 -0.001714 0.012369
v -0.051000 -0.001843 0.012363
v -0.051000 -0.001716 0.012382
v -0.050844 -0.002786 0.012173
v -0.051000 -0.002789 0.012185
v -0.051000 -0.003349 0.012043
v -0.050844 -0.003836 0.011884
v -0.050691 -0.002778 0.012137
v -0.050546 -0.002764 0.012079
v -0.050546 -0.001701 0.012274
v -0.050691 -0.003825 0.011849
v -0.050844 -0.004857 0.011504
v -0.050691 -0.004843 0.011471
v -0.050546 -0.003807 0.011792
v -0.050546 -0.004820 0.011415
v -0.050412 -0.003781 0.011714
v -0.050412 -0.002746 0.011999
v -0.050293 -0.002723 0.011899
v -0.050412 -0.001690 0.012192
v -0.050293 -0.001676 0.012092
v -0.050191 -0.001660 0.011973
v -0.050191 -0.000610 0.012072
v -0.050293 -0.000616 0.012192
v -0.050191 0.000445 0.012080
v -0.050293 0.000449 0.012199
v -0.050412 -0.000621 0.012293
v -0.050191 0.001496 0.011995
v -0.050109 0.001479 0.011862
v -0.050109 0.002508 0.011688
v -0.050191 0.002536 0.011819
v -0.050191 0.003556 0.011553
v -0.050109 0.003517 0.011425
v -0.050049 0.004445 0.010941
v -0.050109 0.004499 0.011075
v -0.050049 0.003474 0.011286
v -0.050012 0.004387 0.010799
v -0.050012 0.003429 0.011141
v -0.050049 0.002477 0.011546
v -0.050012 0.002445 0.011397
v -0.050049 0.001462 0.011718
v -0.050012 0.001443 0.011567
v -0.050049 0.000435 0.011801
v -0.050109 0.000440 0.011946
v -0.050109 -0.000603 0.011939
v -0.050049 -0.000596 0.011794
v -0.050109 -0.001641 0.011841
v -0.050049 -0.001621 0.011697
v -0.050109 -0.002667 0.011653
v -0.050191 -0.002697 0.011783
v -0.050191 -0.003713 0.011503
v -0.050293 -0.003750 0.011617
v -0.050293 -0.004748 0.011246
v -0.050412 -0.004788 0.011340
v -0.050546 -0.005796 0.010952
v -0.050412 -0.005758 0.010879
v -0.050546 -0.006729 0.010405
v -0.050293 -0.005710 0.010789
v -0.050412 -0.006684 0.010336
v -0.050293 -0.006629 0.010250
v -0.050412 -0.007560 0.009714
v -0.050546 -0.007610 0.009779
v -0.050691 -0.007647 0.009826
v -0.050546 -0.008433 0.009078
v -0.050691 -0.008474 0.009122
v -0.050844 -0.008499 0.009149
v -0.050844 -0.009264 0.008374
v -0.050691 -0.009237 0.008349
v -0.050546 -0.009193 0.008309
v -0.050691 -0.009930 0.007512
v -0.050844 -0.009959 0.007534
v -0.051000 -0.010588 0.006644
v -0.051000 -0.009273 0.008382
v -0.050844 -0.010578 0.006638
v -0.051000 -0.009691 0.007895
v -0.051000 -0.009969 0.007542
v -0.080000 -0.009691 0.007895
v -0.080000 -0.009969 0.007542
v -0.080000 -0.010588 0.006644
v -0.080156 -0.010578 0.006638
v -0.080156 -0.009959 0.007534
v -0.080156 -0.009264 0.008374
v -0.080156 -0.008499 0.009149
v -0.080000 -0.009273 0.008382
v -0.080000 -0.008648 0.009026
v -0.051000 -0.008648 0.009026
v -0.080000 -0.008507 0.009158
v -0.080000 -0.007677 0.009865
v -0.051000 -0.008507 0.009158
v -0.051000 -0.007677 0.009865
v -0.050844 -0.007669 0.009855
v -0.051000 -0.006788 0.010496
v -0.050844 -0.006781 0.010486
v -0.051000 -0.007473 0.010020
v -0.050691 -0.006761 0.010455
v -0.050691 -0.005824 0.011005
v -0.050844 -0.005842 0.011037
v -0.051000 -0.005847 0.011048
v -0.051000 -0.006185 0.010863
v -0.080000 -0.005847 0.011048
v -0.080000 -0.006185 0.010863
v -0.080000 -0.006788 0.010496
v -0.080156 -0.005842 0.011037
v -0.080000 -0.004862 0.011516
v -0.080156 -0.006781 0.010486
v -0.080156 -0.004857 0.011504
v -0.080000 -0.004803 0.011540
v -0.080156 -0.003836 0.011884
v -0.080156 -0.002786 0.012173
v -0.080000 -0.003349 0.012043
v -0.080000 -0.003840 0.011896
v -0.051000 -0.003840 0.011896
v -0.051000 -0.004803 0.011540
v -0.051000 -0.004862 0.011516
v -0.080000 -0.002789 0.012185
v -0.080000 -0.001843 0.012363
v -0.080156 -0.001714 0.012369
v -0.080156 -0.000630 0.012472
v -0.080000 -0.000630 0.012484
v -0.080000 -0.001716 0.012382
v -0.080000 -0.000310 0.012496
v -0.051000 -0.000630 0.012484
v -0.051000 -0.000310 0.012496
v -0.080000 0.000460 0.012492
v -0.080156 0.000460 0.012479
v -0.080156 0.001546 0.012392
v -0.080156 0.002620 0.012210
v -0.080000 0.002748 0.012194
v -0.080156 0.003674 0.011935
v -0.080156 0.004700 0.011569
v -0.080156 0.005690 0.011116
v -0.080156 0.006638 0.010578
v -0.080000 0.006967 0.010378
v -0.080000 -0.007473 0.010020
v -0.080156 -0.007669 0.009855
v -0.080156 -0.011116 0.005690
v -0.080000 -0.011127 0.005696
v -0.080000 -0.011324 0.005293
v -0.080156 -0.011569 0.004700
v -0.080000 -0.011581 0.004705
v -0.051000 -0.011581 0.004705
v -0.051000 -0.011889 0.003861
v -0.080000 -0.011889 0.003861
v -0.051000 -0.011947 0.003677
v -0.080000 -0.011947 0.003677
v -0.080156 -0.011935 0.003674
v -0.080156 -0.012210 0.002620
v -0.080000 -0.012404 0.001547
v -0.080156 -0.012392 0.001545
v -0.080000 -0.012222 0.002622
v -0.080000 -0.012273 0.002371
v -0.051000 -0.012273 0.002371
v -0.051000 -0.012404 0.001547
v -0.051000 -0.012471 0.000844
v -0.050844 -0.012392 0.001545
v -0.050844 -0.012479 0.000460
v -0.050691 -0.012355 0.001541
v -0.050844 -0.012472 -0.000630
v -0.051000 -0.012491 0.000460
v -0.051000 -0.012484 -0.000630
v -0.050691 -0.012443 0.000458
v -0.050546 -0.012383 0.000456
v -0.050546 -0.012296 0.001534
v -0.050691 -0.012435 -0.000628
v -0.050844 -0.012369 -0.001714
v -0.050691 -0.012333 -0.001709
v -0.050546 -0.012375 -0.000625
v -0.050412 -0.012293 -0.000621
v -0.050412 -0.012301 0.000453
v -0.050546 -0.012274 -0.001701
v -0.050546 -0.012079 -0.002764
v -0.050691 -0.012137 -0.002778
v -0.050412 -0.012193 -0.001690
v -0.050293 -0.012092 -0.001676
v -0.050293 -0.012192 -0.000616
v -0.050412 -0.011999 -0.002746
v -0.050293 -0.011900 -0.002723
v -0.050412 -0.011714 -0.003781
v -0.050546 -0.011792 -0.003807
v -0.050691 -0.011849 -0.003825
v -0.050546 -0.011415 -0.004820
v -0.050691 -0.011470 -0.004843
v -0.050844 -0.011504 -0.004857
v -0.050691 -0.011005 -0.005825
v -0.050844 -0.011037 -0.005842
v -0.051000 -0.011048 -0.005847
v -0.051000 -0.011387 -0.005156
v -0.050844 -0.010486 -0.006781
v -0.051000 -0.010667 -0.006516
v -0.051000 -0.010496 -0.006788
v -0.050691 -0.010455 -0.006761
v -0.051000 -0.009865 -0.007677
v -0.050844 -0.009855 -0.007669
v -0.051000 -0.009785 -0.007778
v -0.050844 -0.009149 -0.008499
v -0.050691 -0.009826 -0.007647
v -0.050691 -0.009122 -0.008474
v -0.050546 -0.010405 -0.006729
v -0.050546 -0.009779 -0.007610
v -0.050412 -0.010336 -0.006684
v -0.050546 -0.009078 -0.008433
v -0.050412 -0.009714 -0.007560
v -0.050412 -0.009018 -0.008378
v -0.050293 -0.009634 -0.007497
v -0.050293 -0.010250 -0.006629
v -0.050191 -0.010150 -0.006564
v -0.050191 -0.010684 -0.005655
v -0.050293 -0.010789 -0.005710
v -0.050412 -0.010879 -0.005758
v -0.050293 -0.011246 -0.004748
v -0.050191 -0.011136 -0.004702
v -0.050109 -0.011013 -0.004650
v -0.050109 -0.011376 -0.003672
v -0.050191 -0.011503 -0.003713
v -0.050109 -0.011653 -0.002667
v -0.050191 -0.011783 -0.002697
v -0.050293 -0.011617 -0.003750
v -0.050412 -0.011340 -0.004788
v -0.050546 -0.010952 -0.005796
v -0.050191 -0.011973 -0.001659
v -0.050109 -0.011841 -0.001641
v -0.050049 -0.011697 -0.001621
v -0.050109 -0.011939 -0.000603
v -0.050049 -0.011794 -0.000596
v -0.050012 -0.011649 0.000429
v -0.050049 -0.011801 0.000435
v -0.050012 -0.011642 -0.000588
v -0.050000 -0.011485 -0.000580
v -0.050012 -0.011546 -0.001600
v -0.050000 -0.011492 0.000423
v -0.050000 -0.011412 0.001423
v -0.050000 -0.002250 -0.000013
v -0.050000 -0.002215 -0.000393
v -0.050000 -0.002220 0.000368
v -0.049000 -0.002250 -0.000013
v -0.049000 -0.002220 0.000368
v -0.049000 -0.000750 -0.000004
v -0.049000 -0.002126 0.000738
v -0.049000 -0.000740 0.000123
v -0.049000 -0.000709 0.000246
v -0.050000 -0.000750 -0.000004
v -0.050000 -0.000740 0.000123
v -0.050000 -0.000709 0.000246
v -0.050000 -0.000493 0.000082
v -0.050000 -0.000500 -0.000003
v -0.050000 -0.000492 -0.000087
v -0.045000 -0.000500 -0.000003
v -0.045000 -0.000493 0.000082
v -0.045000 -0.000472 0.000164
v -0.045000 0.000000 0.000000
v -0.045000 0.000144 0.000479
v -0.045000 0.000498 -0.000040
v -0.045000 0.000066 -0.000496
v -0.045000 -0.000471 -0.000169
v -0.045000 -0.000265 0.000424
v -0.045000 0.000223 0.000448
v -0.045000 0.000485 -0.000123
v -0.045000 -0.000018 -0.000500
v -0.045000 -0.000492 -0.000087
v -0.045000 -0.000189 0.000463
v -0.045000 0.000295 0.000404
v -0.045000 0.000457 -0.000203
v -0.045000 -0.000103 -0.000489
v -0.045000 -0.000108 0.000488
v -0.045000 0.000359 0.000348
v -0.045000 0.000416 -0.000278
v -0.045000 -0.000184 -0.000465
v -0.045000 0.000413 0.000282
v -0.045000 0.000363 -0.000344
v -0.045000 -0.000260 -0.000427
v -0.045000 -0.000024 0.000499
v -0.045000 0.000454 0.000208
v -0.045000 0.000300 -0.000400
v -0.045000 -0.000328 -0.000377
v -0.045000 -0.000438 0.000241
v -0.045000 0.000018 0.000500
v -0.045000 0.000483 0.000129
v -0.045000 0.000228 -0.000445
v -0.045000 -0.000387 -0.000316
v -0.045000 -0.000391 0.000312
v -0.045000 0.000061 0.000496
v -0.045000 0.000498 0.000045
v -0.045000 0.000149 -0.000477
v -0.045000 -0.000435 -0.000246
v -0.045000 -0.000333 0.000373
v -0.050000 -0.000333 0.000373
v -0.050000 -0.000391 0.000312
v -0.050000 -0.000438 0.000241
v -0.050000 -0.000586 0.000468
v -0.050000 -0.000499 0.000560
v -0.049000 -0.000397 0.000636
v -0.049000 -0.000499 0.000560
v -0.050000 -0.000397 0.000636
v -0.050000 -0.000284 0.000694
v -0.050000 -0.000265 0.000424
v -0.049000 -0.000284 0.000694
v -0.049000 -0.000162 0.000732
v -0.049000 -0.000486 0.002197
v -0.049000 -0.000851 0.002083
v -0.050000 -0.001190 0.001909
v -0.049000 -0.001190 0.001909
v -0.050000 -0.000851 0.002083
v -0.050000 -0.005380 0.010164
v -0.050000 -0.000486 0.002197
v -0.050000 -0.003533 0.010944
v -0.050000 -0.004473 0.010594
v -0.050012 -0.005453 0.010302
v -0.050012 -0.004534 0.010738
v -0.050049 -0.005524 0.010437
v -0.050049 -0.004593 0.010879
v -0.050012 -0.003581 0.011093
v -0.050000 -0.002566 0.011210
v -0.050049 -0.003628 0.011238
v -0.050012 -0.002600 0.011363
v -0.050000 -0.001579 0.011391
v -0.050049 -0.002635 0.011511
v -0.050012 -0.001600 0.011546
v -0.050000 -0.000580 0.011485
v -0.050012 -0.000588 0.011642
v -0.050000 0.000423 0.011492
v -0.050012 0.000429 0.011649
v -0.050000 0.001423 0.011412
v -0.050000 0.000083 0.002248
v -0.050000 0.002412 0.011244
v -0.050000 0.000273 0.002233
v -0.050000 0.000647 0.002155
v -0.049000 0.000083 0.002248
v -0.049000 0.000273 0.002233
v -0.049000 0.000647 0.002155
v -0.049000 0.001002 0.002015
v -0.049000 0.000216 0.000718
v -0.049000 0.000091 0.000744
v -0.049000 0.000028 0.000749
v -0.050000 0.000028 0.000749
v -0.050000 0.000091 0.000744
v -0.050000 0.000216 0.000718
v -0.050000 0.000061 0.000496
v -0.050000 0.000018 0.000500
v -0.050000 -0.000024 0.000499
v -0.050000 -0.000036 0.000749
v -0.050000 -0.000108 0.000488
v -0.050000 -0.000162 0.000732
v -0.050000 -0.000189 0.000463
v -0.049000 -0.000036 0.000749
v -0.049000 -0.000108 0.002247
v -0.050000 -0.000108 0.002247
v -0.050000 0.000144 0.000479
v -0.050000 0.000223 0.000448
v -0.050000 0.000334 0.000672
v -0.049000 0.000443 0.000605
v -0.049000 0.000334 0.000672
v -0.050000 0.000443 0.000605
v -0.050000 0.000539 0.000522
v -0.050000 0.000295 0.000404
v -0.049000 0.000539 0.000522
v -0.049000 0.000619 0.000423
v -0.049000 0.001857 0.001270
v -0.049000 0.001616 0.001566
v -0.049000 0.001328 0.001817
v -0.050000 0.001328 0.001817
v -0.050000 0.001616 0.001566
v -0.050000 0.007711 0.008531
v -0.050000 0.001857 0.001270
v -0.050000 0.009076 0.007063
v -0.050000 0.008425 0.007827
v -0.050012 0.008540 0.007933
v -0.050012 0.007816 0.008648
v -0.050012 0.007033 0.009296
v -0.050049 0.007125 0.009418
v -0.050049 0.007918 0.008761
v -0.050049 0.008652 0.008037
v -0.050109 0.007212 0.009533
v -0.050109 0.008016 0.008868
v -0.050191 0.007293 0.009640
v -0.050109 0.008758 0.008136
v -0.050191 0.008105 0.008968
v -0.050293 0.008185 0.009056
v -0.050191 0.008856 0.008227
v -0.050293 0.007365 0.009735
v -0.050412 0.007427 0.009816
v -0.050412 0.006543 0.010426
v -0.050293 0.006489 0.010340
v -0.050191 0.006425 0.010239
v -0.050412 0.005609 0.010957
v -0.050293 0.005563 0.010866
v -0.050293 0.004594 0.011309
v -0.050191 0.005508 0.010760
v -0.050412 0.004633 0.011404
v -0.050546 0.004664 0.011480
v -0.050546 0.005646 0.011030
v -0.050546 0.006586 0.010496
v -0.050546 0.007476 0.009882
v -0.050546 0.008309 0.009192
v -0.050412 0.008254 0.009132
v -0.050412 0.009018 0.008378
v -0.050293 0.008944 0.008308
v -0.050191 0.009539 0.007424
v -0.050293 0.009634 0.007497
v -0.050412 0.009714 0.007560
v -0.050293 0.010250 0.006629
v -0.050191 0.010150 0.006564
v -0.050109 0.010038 0.006492
v -0.050109 0.010565 0.005592
v -0.050191 0.010684 0.005655
v -0.050109 0.011013 0.004650
v -0.050293 0.010789 0.005710
v -0.050191 0.011136 0.004702
v -0.050109 0.011376 0.003672
v -0.050191 0.011503 0.003713
v -0.050293 0.011246 0.004748
v -0.050293 0.011617 0.003750
v -0.050412 0.011340 0.004788
v -0.050412 0.010879 0.005758
v -0.050546 0.010405 0.006729
v -0.050412 0.010336 0.006684
v -0.050546 0.010952 0.005796
v -0.050691 0.010455 0.006761
v -0.050546 0.011415 0.004820
v -0.050691 0.011005 0.005824
v -0.050844 0.010486 0.006781
v -0.050844 0.011037 0.005842
v -0.050691 0.011471 0.004843
v -0.050546 0.011792 0.003807
v -0.050691 0.011849 0.003825
v -0.050844 0.011504 0.004857
v -0.051000 0.011048 0.005847
v -0.051000 0.011896 0.003840
v -0.051000 0.011683 0.004445
v -0.050844 0.011884 0.003836
v -0.051000 0.011516 0.004862
v -0.080000 0.011683 0.004445
v -0.080000 0.011516 0.004862
v -0.080156 0.011504 0.004857
v -0.080156 0.011884 0.003836
v -0.080156 0.012173 0.002786
v -0.080000 0.011896 0.003840
v -0.080000 0.012141 0.002976
v -0.051000 0.012141 0.002976
v -0.080000 0.012185 0.002789
v -0.080000 0.012382 0.001716
v -0.051000 0.012185 0.002789
v -0.051000 0.012382 0.001716
v -0.050844 0.012173 0.002786
v -0.050844 0.012369 0.001714
v -0.051000 0.012484 0.000630
v -0.051000 0.012414 0.001461
v -0.050844 0.012472 0.000630
v -0.050691 0.012333 0.001709
v -0.050691 0.012435 0.000628
v -0.050546 0.012375 0.000625
v -0.050691 0.012443 -0.000458
v -0.050546 0.012383 -0.000456
v -0.050412 0.012301 -0.000453
v -0.050412 0.012214 -0.001523
v -0.050546 0.012296 -0.001534
v -0.050691 0.012355 -0.001541
v -0.050546 0.012115 -0.002599
v -0.050412 0.012035 -0.002582
v -0.050293 0.011935 -0.002561
v -0.050293 0.011667 -0.003591
v -0.050412 0.011764 -0.003621
v -0.050546 0.011843 -0.003645
v -0.050412 0.011404 -0.004633
v -0.050293 0.011309 -0.004594
v -0.050191 0.011199 -0.004550
v -0.050293 0.010866 -0.005563
v -0.050191 0.010760 -0.005508
v -0.050109 0.010641 -0.005447
v -0.050109 0.010125 -0.006354
v -0.050191 0.010239 -0.006425
v -0.050293 0.010340 -0.006489
v -0.050191 0.009640 -0.007293
v -0.050109 0.009533 -0.007212
v -0.050049 0.009417 -0.007125
v -0.050049 0.008761 -0.007919
v -0.050109 0.008868 -0.008016
v -0.050049 0.008037 -0.008652
v -0.050109 0.008136 -0.008758
v -0.050191 0.008968 -0.008105
v -0.050191 0.008227 -0.008856
v -0.050293 0.009056 -0.008185
v -0.050293 0.009735 -0.007365
v -0.050412 0.009816 -0.007427
v -0.050412 0.010426 -0.006543
v -0.050412 0.010957 -0.005609
v -0.050546 0.011030 -0.005646
v -0.050546 0.010496 -0.006586
v -0.050691 0.011083 -0.005674
v -0.050691 0.010546 -0.006618
v -0.050546 0.009882 -0.007476
v -0.050412 0.009132 -0.008254
v -0.050691 0.009930 -0.007512
v -0.050546 0.009193 -0.008309
v -0.050412 0.008378 -0.009018
v -0.050546 0.008433 -0.009078
v -0.050691 0.009237 -0.008349
v -0.050691 0.008474 -0.009122
v -0.050844 0.009264 -0.008374
v -0.050844 0.009959 -0.007534
v -0.050844 0.010578 -0.006638
v -0.051000 0.009969 -0.007542
v -0.051000 0.010159 -0.007283
v -0.080000 0.009969 -0.007542
v -0.080000 0.010159 -0.007283
v -0.051000 0.010588 -0.006644
v -0.080000 0.010588 -0.006644
v -0.051000 0.010977 -0.005980
v -0.050844 0.011116 -0.005690
v -0.050844 0.011569 -0.004700
v -0.051000 0.011127 -0.005696
v -0.051000 0.011581 -0.004705
v -0.080000 0.011127 -0.005696
v -0.080000 0.011581 -0.004705
v -0.051000 0.011629 -0.004586
v -0.080000 0.011629 -0.004586
v -0.051000 0.011947 -0.003677
v -0.050844 0.011935 -0.003674
v -0.050844 0.012210 -0.002620
v -0.050691 0.011900 -0.003663
v -0.050691 0.011536 -0.004686
v -0.051000 0.012104 -0.003122
v -0.080000 0.011947 -0.003677
v -0.080000 0.012104 -0.003122
v -0.051000 0.012222 -0.002622
v -0.080000 0.012222 -0.002622
v -0.051000 0.012396 -0.001611
v -0.080000 0.012396 -0.001611
v -0.051000 0.012404 -0.001547
v -0.050844 0.012392 -0.001545
v -0.050844 0.012479 -0.000460
v -0.051000 0.012492 -0.000460
v -0.050691 0.012174 -0.002612
v -0.080000 0.012404 -0.001547
v -0.080000 0.012492 -0.000460
v -0.051000 0.012500 -0.000075
v -0.080000 0.012500 -0.000075
v -0.080000 0.012484 0.000630
v -0.080156 0.012479 -0.000460
v -0.080156 0.012472 0.000630
v -0.080156 0.012392 -0.001545
v -0.080156 0.012210 -0.002620
v -0.080156 0.011935 -0.003674
v -0.080156 0.011569 -0.004700
v -0.080156 0.011116 -0.005690
v -0.080000 0.010977 -0.005980
v -0.080156 0.010578 -0.006638
v -0.080156 0.009959 -0.007534
v -0.080000 0.009273 -0.008382
v -0.080156 0.009264 -0.008374
v -0.080000 0.009187 -0.008477
v -0.080156 0.008499 -0.009149
v -0.080000 0.008075 -0.009541
v -0.080156 0.007669 -0.009855
v -0.080000 0.008508 -0.009158
v -0.051000 0.008508 -0.009158
v -0.051000 0.009187 -0.008477
v -0.051000 0.009273 -0.008382
v -0.051000 0.008075 -0.009541
v -0.050844 0.008499 -0.009149
v -0.050691 0.007647 -0.009826
v -0.050844 0.007669 -0.009855
v -0.051000 0.006842 -0.010461
v -0.051000 0.007677 -0.009865
v -0.050844 0.006781 -0.010486
v -0.050691 0.006761 -0.010455
v -0.050691 0.005824 -0.011005
v -0.050546 0.006729 -0.010405
v -0.050546 0.005796 -0.010952
v -0.050412 0.005758 -0.010879
v -0.050412 0.004788 -0.011340
v -0.050546 0.004820 -0.011415
v -0.050691 0.004843 -0.011471
v -0.050546 0.003807 -0.011792
v -0.050412 0.003781 -0.011714
v -0.050293 0.003750 -0.011617
v -0.050293 0.002723 -0.011899
v -0.050412 0.002746 -0.011999
v -0.050293 0.001676 -0.012092
v -0.050412 0.001690 -0.012193
v -0.050546 0.002764 -0.012079
v -0.050546 0.001701 -0.012274
v -0.050691 0.002778 -0.012137
v -0.050691 0.003825 -0.011849
v -0.050844 0.004857 -0.011504
v -0.050844 0.003836 -0.011884
v -0.051000 0.003840 -0.011896
v -0.051000 0.004083 -0.011814
v -0.080000 0.003840 -0.011896
v -0.080000 0.004083 -0.011814
v -0.051000 0.004862 -0.011516
v -0.080000 0.004862 -0.011516
v -0.051000 0.005504 -0.011223
v -0.050844 0.005842 -0.011037
v -0.051000 0.005847 -0.011048
v -0.051000 0.006788 -0.010496
v -0.080000 0.005847 -0.011048
v -0.080000 0.006788 -0.010496
v -0.080000 0.006842 -0.010461
v -0.080156 0.006781 -0.010486
v -0.080156 0.005842 -0.011037
v -0.080156 0.004857 -0.011504
v -0.080000 0.005504 -0.011223
v -0.080156 0.003836 -0.011884
v -0.080000 0.002789 -0.012185
v -0.080156 0.002786 -0.012173
v -0.080000 0.002601 -0.012226
v -0.080156 0.001714 -0.012369
v -0.080156 0.000630 -0.012472
v -0.080000 0.001716 -0.012382
v -0.051000 0.002601 -0.012226
v -0.051000 0.002789 -0.012185
v -0.080156 -0.000460 -0.012479
v -0.080156 -0.001545 -0.012392
v -0.080309 -0.000458 -0.012443
v -0.080000 0.007677 -0.009865
v -0.050412 0.000621 -0.012293
v -0.050293 0.000616 -0.012192
v -0.050293 -0.000449 -0.012199
v -0.050191 -0.001496 -0.011995
v -0.050191 -0.000445 -0.012080
v -0.050109 -0.001479 -0.011862
v -0.050109 -0.000440 -0.011946
v -0.050191 0.000610 -0.012072
v -0.050191 0.001660 -0.011973
v -0.050109 0.000603 -0.011939
v -0.050109 0.001641 -0.011841
v -0.050049 0.000596 -0.011794
v -0.050049 -0.000435 -0.011801
v -0.050012 -0.000429 -0.011649
v -0.050012 -0.001443 -0.011567
v -0.050049 -0.001462 -0.011718
v -0.050012 -0.002445 -0.011397
v -0.050049 -0.002477 -0.011546
v -0.050109 -0.002508 -0.011688
v -0.050049 -0.003474 -0.011286
v -0.050012 -0.003429 -0.011141
v -0.050000 -0.003383 -0.010991
v -0.050000 -0.004328 -0.010654
v -0.050012 -0.004387 -0.010799
v -0.050000 -0.005240 -0.010237
v -0.050012 -0.005312 -0.010376
v -0.050049 -0.004445 -0.010941
v -0.050049 -0.005381 -0.010512
v -0.050109 -0.004499 -0.011075
v -0.050109 -0.003517 -0.011425
v -0.050191 -0.002536 -0.011819
v -0.050109 -0.005447 -0.010641
v -0.050109 -0.006354 -0.010125
v -0.050049 -0.006277 -0.010003
v -0.050012 -0.006196 -0.009873
v -0.050012 -0.007033 -0.009296
v -0.050049 -0.007125 -0.009418
v -0.050109 -0.007212 -0.009533
v -0.050049 -0.007918 -0.008761
v -0.050012 -0.007816 -0.008648
v -0.050000 -0.008426 -0.007827
v -0.050000 -0.007711 -0.008531
v -0.050012 -0.008540 -0.007933
v -0.050049 -0.008652 -0.008037
v -0.050012 -0.009199 -0.007159
v -0.050000 -0.009076 -0.007063
v -0.050000 -0.009657 -0.006245
v -0.050000 -0.001743 -0.001423
v -0.050000 -0.001958 -0.001108
v -0.050000 -0.001477 -0.001697
v -0.049000 -0.001743 -0.001423
v -0.049000 -0.001958 -0.001108
v -0.049000 -0.000581 -0.000474
v -0.049000 -0.002117 -0.000762
v -0.049000 -0.000653 -0.000370
v -0.049000 -0.000706 -0.000254
v -0.050000 -0.000581 -0.000474
v -0.050000 -0.000653 -0.000370
v -0.050000 -0.000706 -0.000254
v -0.050000 -0.000435 -0.000246
v -0.050000 -0.000387 -0.000316
v -0.050000 -0.000328 -0.000377
v -0.050000 -0.000492 -0.000566
v -0.050000 -0.000260 -0.000427
v -0.050000 -0.000390 -0.000641
v -0.050000 -0.000184 -0.000465
v -0.050000 -0.000103 -0.000489
v -0.050000 -0.000276 -0.000698
v -0.050000 -0.000154 -0.000734
v -0.049000 -0.000390 -0.000641
v -0.049000 -0.000276 -0.000698
v -0.049000 -0.001169 -0.001923
v -0.049000 -0.000827 -0.002092
v -0.049000 -0.000154 -0.000734
v -0.049000 -0.000462 -0.002202
v -0.049000 -0.000028 -0.000750
v -0.050000 -0.000028 -0.000750
v -0.050000 0.000099 -0.000743
v -0.050000 -0.000018 -0.000500
v -0.050000 0.000066 -0.000496
v -0.050000 0.000149 -0.000477
v -0.050000 0.000228 -0.000445
v -0.050000 0.000224 -0.000716
v -0.050000 0.000341 -0.000668
v -0.049000 0.000099 -0.000743
v -0.049000 0.000224 -0.000716
v -0.049000 0.000298 -0.002230
v -0.049000 0.000671 -0.002148
v -0.049000 0.000341 -0.000668
v -0.049000 0.001024 -0.002003
v -0.049000 0.000449 -0.000601
v -0.050000 0.000449 -0.000601
v -0.050000 0.000544 -0.000516
v -0.050000 0.000300 -0.000400
v -0.050000 0.000363 -0.000344
v -0.050000 0.000416 -0.000278
v -0.050000 0.000457 -0.000203
v -0.050000 0.000624 -0.000417
v -0.050000 0.000685 -0.000305
v -0.049000 0.000544 -0.000516
v -0.049000 0.000624 -0.000417
v -0.049000 0.001633 -0.001548
v -0.049000 0.001871 -0.001249
v -0.049000 0.000685 -0.000305
v -0.049000 0.002056 -0.000915
v -0.049000 0.000727 -0.000185
v -0.050000 0.000727 -0.000185
v -0.050000 0.000748 -0.000059
v -0.050000 0.000485 -0.000123
v -0.050000 0.000498 -0.000040
v -0.050000 0.000498 0.000045
v -0.050000 0.000483 0.000129
v -0.050000 0.000747 0.000068
v -0.050000 0.000725 0.000193
v -0.049000 0.000748 -0.000059
v -0.049000 0.000747 0.000068
v -0.049000 0.002243 -0.000178
v -0.049000 0.002241 0.000203
v -0.049000 0.000725 0.000193
v -0.049000 0.002174 0.000579
v -0.049000 0.000682 0.000313
v -0.050000 0.000682 0.000313
v -0.050000 0.000619 0.000423
v -0.050000 0.000454 0.000208
v -0.050000 0.000413 0.000282
v -0.050000 0.000359 0.000348
v -0.049000 0.002045 0.000938
v -0.050000 0.002045 0.000938
v -0.050000 0.002174 0.000579
v -0.050000 0.010944 0.003533
v -0.050000 0.010594 0.004473
v -0.050000 0.010164 0.005380
v -0.050000 0.009657 0.006245
v -0.050012 0.009788 0.006330
v -0.050012 0.010302 0.005453
v -0.050049 0.010437 0.005524
v -0.050049 0.009916 0.006413
v -0.050012 0.010739 0.004534
v -0.050012 0.011093 0.003581
v -0.050049 0.010879 0.004593
v -0.050049 0.011238 0.003628
v -0.050049 0.011511 0.002634
v -0.050012 0.011363 0.002600
v -0.050012 0.011546 0.001600
v -0.050000 0.011391 0.001579
v -0.050000 0.011210 0.002566
v -0.050000 0.011485 0.000580
v -0.050000 0.002241 0.000203
v -0.050000 0.002243 -0.000178
v -0.050000 0.011492 -0.000423
v -0.050012 0.011649 -0.000429
v -0.050012 0.011642 0.000588
v -0.050000 0.011412 -0.001423
v -0.050000 0.002181 -0.000555
v -0.050000 0.011244 -0.002412
v -0.050012 0.011567 -0.001443
v -0.050049 0.011801 -0.000435
v -0.050049 0.011718 -0.001461
v -0.050012 0.011397 -0.002445
v -0.050049 0.011546 -0.002477
v -0.050012 0.011141 -0.003429
v -0.050000 0.010991 -0.003383
v -0.050000 0.002056 -0.000915
v -0.050000 0.010654 -0.004328
v -0.050012 0.010799 -0.004387
v -0.050000 0.010237 -0.005240
v -0.050000 0.001871 -0.001249
v -0.050000 0.009741 -0.006113
v -0.050012 0.010376 -0.005312
v -0.050012 0.009874 -0.006196
v -0.050049 0.010512 -0.005381
v -0.050049 0.010941 -0.004445
v -0.050109 0.011075 -0.004499
v -0.050049 0.011286 -0.003474
v -0.050109 0.011425 -0.003517
v -0.050191 0.011819 -0.002536
v -0.050109 0.011688 -0.002508
v -0.050191 0.011553 -0.003556
v -0.050109 0.011862 -0.001479
v -0.050191 0.011995 -0.001496
v -0.050191 0.012080 -0.000445
v -0.050293 0.012199 -0.000449
v -0.050293 0.012113 -0.001511
v -0.050293 0.012192 0.000616
v -0.050412 0.012293 0.000621
v -0.050412 0.012192 0.001690
v -0.050546 0.012274 0.001701
v -0.050546 0.012079 0.002764
v -0.050691 0.012137 0.002778
v -0.050412 0.011999 0.002746
v -0.050293 0.012092 0.001676
v -0.050412 0.011714 0.003781
v -0.050293 0.011899 0.002723
v -0.050191 0.011783 0.002697
v -0.050191 0.011973 0.001659
v -0.050109 0.011841 0.001641
v -0.050109 0.011939 0.000603
v -0.050191 0.012072 0.000610
v -0.050109 0.011946 -0.000440
v -0.050049 0.011794 0.000596
v -0.050049 0.011697 0.001621
v -0.050109 0.011653 0.002667
v -0.050049 0.010003 -0.006277
v -0.050012 0.009296 -0.007033
v -0.050012 0.008648 -0.007816
v -0.050000 0.009171 -0.006938
v -0.050000 0.008531 -0.007711
v -0.050000 0.007827 -0.008426
v -0.050000 0.001633 -0.001548
v -0.050000 0.001348 -0.001801
v -0.049000 0.001348 -0.001801
v -0.050000 0.001024 -0.002003
v -0.050000 0.006245 -0.009657
v -0.050000 0.007063 -0.009076
v -0.050012 0.007159 -0.009199
v -0.050012 0.007933 -0.008540
v -0.050049 0.007253 -0.009319
v -0.050012 0.006330 -0.009788
v -0.050000 0.005380 -0.010164
v -0.050012 0.005453 -0.010302
v -0.050049 0.006413 -0.009916
v -0.050109 0.007342 -0.009434
v -0.050109 0.006492 -0.010038
v -0.050049 0.005524 -0.010437
v -0.050012 0.004534 -0.010738
v -0.050049 0.004594 -0.010879
v -0.050109 0.005592 -0.010565
v -0.050109 0.004650 -0.011013
v -0.050191 0.005655 -0.010684
v -0.050191 0.006564 -0.010150
v -0.050293 0.007497 -0.009634
v -0.050293 0.006629 -0.010250
v -0.050191 0.007424 -0.009539
v -0.050293 0.008308 -0.008944
v -0.050412 0.007560 -0.009714
v -0.050412 0.006684 -0.010336
v -0.050293 0.005710 -0.010789
v -0.050191 0.004702 -0.011136
v -0.050293 0.004748 -0.011246
v -0.050191 0.003713 -0.011503
v -0.050109 0.002667 -0.011653
v -0.050191 0.002697 -0.011783
v -0.050109 0.003672 -0.011376
v -0.050049 0.003628 -0.011238
v -0.050049 0.002635 -0.011511
v -0.050012 0.002601 -0.011363
v -0.050012 0.001600 -0.011546
v -0.050049 0.001621 -0.011697
v -0.050012 0.000588 -0.011642
v -0.050000 -0.000423 -0.011492
v -0.050000 0.000580 -0.011485
v -0.050000 -0.000083 -0.002249
v -0.050000 0.000298 -0.002230
v -0.050000 0.001579 -0.011391
v -0.050000 0.002566 -0.011210
v -0.050000 0.000671 -0.002148
v -0.050000 0.003533 -0.010944
v -0.050012 0.003581 -0.011093
v -0.050000 0.004473 -0.010594
v -0.049000 -0.000083 -0.002249
v -0.050000 -0.000462 -0.002202
v -0.050000 -0.001423 -0.011412
v -0.050000 -0.002412 -0.011244
v -0.050000 -0.000827 -0.002092
v -0.050000 -0.001169 -0.001923
v -0.050000 -0.006938 -0.009171
v -0.050000 -0.006113 -0.009741
v -0.049000 -0.001477 -0.001697
v -0.049000 -0.000492 -0.000566
v -0.050546 0.007610 -0.009779
v -0.049000 0.002181 -0.000555
v -0.050049 0.009320 0.007253
v -0.050109 0.009434 0.007342
v -0.050012 0.009199 0.007159
v -0.050000 -0.000471 -0.000169
v -0.050000 -0.000739 -0.000131
v -0.049000 -0.000739 -0.000131
v -0.049000 -0.002215 -0.000393
v -0.050000 -0.002117 -0.000762
v -0.050000 -0.010594 -0.004473
v -0.050000 -0.011210 -0.002566
v -0.050000 -0.010944 -0.003533
v -0.050012 -0.011093 -0.003581
v -0.050012 -0.010739 -0.004534
v -0.050012 -0.010303 -0.005453
v -0.050049 -0.010437 -0.005524
v -0.050049 -0.010879 -0.004593
v -0.050049 -0.011238 -0.003628
v -0.050109 -0.010565 -0.005592
v -0.050109 -0.010038 -0.006492
v -0.050049 -0.009916 -0.006413
v -0.050109 -0.009434 -0.007342
v -0.050191 -0.009540 -0.007424
v -0.050293 -0.008944 -0.008308
v -0.050191 -0.008856 -0.008227
v -0.050191 -0.008105 -0.008968
v -0.050109 -0.008758 -0.008136
v -0.050293 -0.008185 -0.009056
v -0.050293 -0.007365 -0.009735
v -0.050412 -0.007427 -0.009816
v -0.050412 -0.008254 -0.009132
v -0.050546 -0.007476 -0.009882
v -0.050546 -0.008309 -0.009193
v -0.050691 -0.007512 -0.009930
v -0.050691 -0.008349 -0.009237
v -0.050844 -0.008374 -0.009264
v -0.050844 -0.007534 -0.009959
v -0.051000 -0.007593 -0.009930
v -0.051000 -0.007542 -0.009969
v -0.050844 -0.006638 -0.010578
v -0.051000 -0.006644 -0.010588
v -0.080000 -0.007542 -0.009969
v -0.080000 -0.006644 -0.010588
v -0.051000 -0.006315 -0.010788
v -0.080000 -0.006315 -0.010788
v -0.080000 -0.005696 -0.011127
v -0.080156 -0.006638 -0.010578
v -0.080156 -0.005690 -0.011116
v -0.080156 -0.007534 -0.009959
v -0.080000 -0.007593 -0.009930
v -0.080156 -0.008374 -0.009264
v -0.080156 -0.009149 -0.008499
v -0.080000 -0.008755 -0.008921
v -0.080000 -0.008382 -0.009273
v -0.051000 -0.008382 -0.009273
v -0.051000 -0.008755 -0.008921
v -0.051000 -0.009158 -0.008508
v -0.080000 -0.009158 -0.008508
v -0.080000 -0.009785 -0.007778
v -0.080156 -0.009855 -0.007669
v -0.080156 -0.010486 -0.006781
v -0.080000 -0.010496 -0.006788
v -0.080000 -0.009865 -0.007677
v -0.080000 -0.010667 -0.006516
v -0.080000 -0.011048 -0.005847
v -0.080156 -0.011037 -0.005842
v -0.080156 -0.011504 -0.004857
v -0.080000 -0.011896 -0.003840
v -0.080000 -0.011516 -0.004862
v -0.080156 -0.011884 -0.003836
v -0.080000 -0.011387 -0.005156
v -0.080000 -0.011934 -0.003718
v -0.080156 -0.012173 -0.002786
v -0.080000 -0.012301 -0.002223
v -0.080156 -0.012369 -0.001714
v -0.080000 -0.012185 -0.002789
v -0.051000 -0.012185 -0.002789
v -0.051000 -0.011934 -0.003718
v -0.051000 -0.011896 -0.003840
v -0.050844 -0.011884 -0.003836
v -0.051000 -0.011516 -0.004862
v -0.050844 -0.012173 -0.002786
v -0.051000 -0.012301 -0.002223
v -0.051000 -0.012382 -0.001716
v -0.080000 -0.012382 -0.001716
v -0.080000 -0.012481 -0.000695
v -0.051000 -0.012481 -0.000695
v -0.080156 -0.012472 -0.000630
v -0.080000 -0.012484 -0.000630
v -0.080000 -0.012491 0.000460
v -0.080000 -0.012471 0.000844
v -0.080156 -0.012479 0.000460
v -0.080000 -0.004942 -0.011482
v -0.050691 -0.006618 -0.010547
v -0.050546 -0.006586 -0.010496
v -0.050412 -0.006543 -0.010426
v -0.050293 -0.006488 -0.010340
v -0.050191 -0.006425 -0.010239
v -0.050191 -0.007293 -0.009640
v -0.050109 -0.008016 -0.008868
v -0.050049 -0.009319 -0.007253
v -0.050012 -0.009788 -0.006330
v -0.050000 -0.010164 -0.005380
v -0.050012 -0.011363 -0.002600
v -0.050049 -0.011511 -0.002635
v -0.050000 -0.011391 -0.001579
v -0.080000 0.012414 0.001461
v -0.080156 0.012369 0.001714
v -0.050546 0.011480 -0.004664
v -0.051000 0.010496 0.006788
v -0.051000 0.010246 0.007161
v -0.050844 0.009855 0.007669
v -0.050844 0.009149 0.008499
v -0.050691 0.009826 0.007647
v -0.050546 0.009779 0.007610
v -0.050691 0.009122 0.008474
v -0.050546 0.009078 0.008433
v -0.050691 0.008349 0.009237
v -0.050844 0.008374 0.009264
v -0.051000 0.008382 0.009273
v -0.050109 0.005447 0.010641
v -0.050109 0.006354 0.010125
v -0.050191 0.004549 0.011199
v -0.050049 0.006277 0.010003
v -0.050012 0.006196 0.009873
v -0.050049 0.005381 0.010512
v -0.050012 0.005312 0.010376
v -0.050000 0.005240 0.010237
v -0.050000 0.006113 0.009741
v -0.050000 0.001002 0.002015
v -0.050000 0.006938 0.009171
v -0.050000 0.004328 0.010654
v -0.050000 0.003383 0.010991
v -0.050109 -0.003672 0.011376
v -0.050109 -0.004650 0.011013
v -0.050191 -0.004702 0.011136
v -0.050191 -0.005654 0.010684
v -0.050109 -0.005592 0.010565
v -0.050191 -0.006564 0.010150
v -0.050109 -0.006491 0.010038
v -0.050191 -0.007424 0.009539
v -0.050293 -0.007497 0.009634
v -0.050293 -0.008308 0.008944
v -0.050412 -0.008378 0.009018
v -0.050412 -0.009132 0.008254
v -0.050293 -0.009056 0.008185
v -0.050412 -0.009816 0.007426
v -0.050546 -0.009882 0.007476
v -0.050546 -0.010496 0.006586
v -0.050691 -0.010547 0.006618
v -0.050844 -0.011116 0.005690
v -0.050691 -0.011083 0.005674
v -0.050691 -0.011536 0.004686
v -0.050546 -0.011030 0.005646
v -0.050844 -0.011569 0.004700
v -0.050844 -0.011935 0.003674
v -0.051000 -0.011324 0.005293
v -0.051000 -0.011127 0.005696
v -0.050691 -0.011900 0.003663
v -0.050844 -0.012210 0.002620
v -0.051000 -0.012222 0.002622
v -0.050691 -0.012174 0.002612
v -0.050546 -0.012115 0.002599
v -0.050546 -0.011843 0.003645
v -0.050412 -0.011764 0.003621
v -0.050412 -0.011404 0.004633
v -0.050546 -0.011480 0.004664
v -0.050412 -0.010957 0.005609
v -0.050293 -0.010866 0.005563
v -0.050293 -0.010340 0.006488
v -0.050412 -0.010426 0.006543
v -0.050293 -0.009735 0.007365
v -0.050191 -0.009640 0.007293
v -0.050191 -0.008968 0.008105
v -0.050109 -0.008868 0.008016
v -0.050191 -0.008227 0.008856
v -0.050109 -0.008136 0.008758
v -0.050049 -0.008037 0.008652
v -0.050109 -0.007342 0.009434
v -0.050049 -0.007253 0.009319
v -0.050012 -0.007159 0.009199
v -0.050012 -0.006330 0.009788
v -0.050049 -0.006413 0.009916
v -0.050000 -0.006245 0.009657
v -0.050000 -0.007063 0.009076
v -0.050000 -0.007827 0.008425
v -0.050012 -0.007933 0.008540
v -0.050000 -0.001496 0.001681
v -0.050000 -0.001758 0.001404
v -0.050000 -0.008531 0.007711
v -0.049000 -0.001496 0.001681
v -0.049000 -0.000586 0.000468
v -0.049000 -0.001758 0.001404
v -0.049000 -0.000657 0.000362
v -0.049000 -0.001970 0.001086
v -0.050000 -0.001970 0.001086
v -0.050000 -0.002126 0.000738
v -0.050000 -0.010654 0.004328
v -0.050000 -0.009741 0.006113
v -0.050000 -0.010237 0.005240
v -0.050012 -0.010376 0.005312
v -0.050012 -0.010799 0.004387
v -0.050012 -0.011141 0.003429
v -0.050049 -0.011286 0.003474
v -0.050049 -0.010941 0.004445
v -0.050109 -0.011425 0.003517
v -0.050109 -0.011075 0.004499
v -0.050049 -0.010512 0.005381
v -0.050109 -0.010641 0.005447
v -0.050012 -0.009873 0.006196
v -0.050049 -0.010003 0.006277
v -0.050109 -0.010125 0.006354
v -0.050012 -0.009296 0.007033
v -0.050049 -0.009418 0.007125
v -0.050012 -0.008648 0.007816
v -0.050049 -0.008761 0.007918
v -0.050109 -0.009533 0.007212
v -0.050191 -0.010239 0.006425
v -0.050191 -0.010760 0.005508
v -0.050191 -0.011199 0.004550
v -0.050293 -0.011310 0.004594
v -0.050293 -0.011667 0.003591
v -0.050191 -0.011553 0.003556
v -0.050293 -0.011935 0.002561
v -0.050412 -0.012035 0.002582
v -0.050412 -0.012214 0.001523
v -0.050293 -0.012113 0.001511
v -0.050191 -0.011995 0.001496
v -0.050293 -0.012199 0.000449
v -0.050191 -0.011819 0.002536
v -0.050109 -0.011688 0.002508
v -0.050049 -0.011546 0.002477
v -0.050109 -0.011862 0.001479
v -0.050049 -0.011718 0.001461
v -0.050109 -0.011946 0.000440
v -0.050191 -0.012080 0.000445
v -0.050191 -0.012072 -0.000610
v -0.050012 -0.011567 0.001443
v -0.050012 -0.011397 0.002445
v -0.050000 -0.010991 0.003383
v -0.050000 -0.011244 0.002412
v -0.050000 -0.009171 0.006938
v -0.050000 -0.000657 0.000362
v -0.050000 -0.000472 0.000164
v -0.050000 -0.005000 0.000000
v -0.050000 -0.004938 0.000782
v -0.020000 -0.004938 0.000782
v -0.050000 -0.004938 -0.000782
v -0.020000 -0.005000 0.000000
v -0.050000 -0.000500 0.000000
v -0.050000 -0.000493 0.000084
v -0.020000 -0.000471 0.000167
v -0.050000 -0.000471 0.000167
v -0.020000 -0.000493 0.000084
v -0.020000 -0.000500 0.000000
v -0.020000 -0.004755 0.001545
v -0.050000 -0.004755 0.001545
v -0.020000 -0.004455 0.002270
v -0.050000 -0.004455 0.002270
v -0.020000 -0.004045 0.002939
v -0.020000 -0.000436 0.000244
v -0.050000 -0.000436 0.000244
v -0.020000 -0.000389 0.000314
v -0.020000 -0.003536 0.003536
v -0.020000 -0.000330 0.000375
v -0.050000 -0.000389 0.000314
v -0.050000 -0.004045 0.002939
v -0.050000 -0.000330 0.000375
v -0.020000 -0.000262 0.000426
v -0.050000 -0.003536 0.003536
v -0.050000 -0.000262 0.000426
v -0.050000 -0.002939 0.004045
v -0.050000 -0.002270 0.004455
v -0.020000 -0.000186 0.000464
v -0.050000 -0.000186 0.000464
v -0.020000 -0.000105 0.000489
v -0.050000 -0.001545 0.004755
v -0.050000 -0.000105 0.000489
v -0.020000 -0.000021 0.000500
v -0.050000 -0.000021 0.000500
v -0.050000 -0.000782 0.004938
v -0.020000 -0.000782 0.004938
v -0.020000 0.000000 0.005000
v -0.050000 0.000000 0.005000
v -0.020000 0.000782 0.004938
v -0.050000 0.000782 0.004938
v -0.050000 0.000063 0.000496
v -0.020000 0.000146 0.000478
v -0.050000 0.000146 0.000478
v -0.020000 0.000063 0.000496
v -0.020000 0.001545 0.004755
v -0.050000 0.001545 0.004755
v -0.020000 0.002270 0.004455
v -0.050000 0.002270 0.004455
v -0.020000 0.002939 0.004045
v -0.020000 0.000225 0.000446
v -0.020000 0.000297 0.000402
v -0.050000 0.000225 0.000446
v -0.050000 0.000297 0.000402
v -0.050000 0.002939 0.004045
v -0.050000 0.000361 0.000346
v -0.020000 0.000361 0.000346
v -0.020000 0.003536 0.003536
v -0.020000 0.000414 0.000280
v -0.020000 0.004045 0.002939
v -0.050000 0.003536 0.003536
v -0.050000 0.004045 0.002939
v -0.020000 0.004455 0.002270
v -0.050000 0.004455 0.002270
v -0.020000 0.004755 0.001545
v -0.020000 0.000456 0.000206
v -0.020000 0.000484 0.000126
v -0.050000 0.000456 0.000206
v -0.050000 0.000414 0.000280
v -0.050000 0.000484 0.000126
v -0.050000 0.004755 0.001545
v -0.050000 0.000498 0.000042
v -0.020000 0.000498 0.000042
v -0.020000 0.004938 0.000782
v -0.020000 0.005000 0.000000
v -0.020000 0.000500 0.000000
v -0.020000 0.000498 -0.000042
v -0.020000 0.004938 -0.000782
v -0.050000 0.000498 -0.000042
v -0.050000 0.000484 -0.000126
v -0.050000 0.005000 0.000000
v -0.020000 0.000484 -0.000126
v -0.050000 0.004938 -0.000782
v -0.020000 0.004755 -0.001545
v -0.050000 0.004755 -0.001545
v -0.020000 0.004455 -0.002270
v -0.050000 0.004455 -0.002270
v -0.050000 0.000456 -0.000206
v -0.020000 0.000414 -0.000280
v -0.050000 0.000414 -0.000280
v -0.020000 0.000456 -0.000206
v -0.020000 0.004045 -0.002939
v -0.050000 0.004045 -0.002939
v -0.020000 0.003536 -0.003536
v -0.050000 0.003536 -0.003536
v -0.020000 0.002939 -0.004045
v -0.020000 0.000361 -0.000346
v -0.020000 0.000297 -0.000402
v -0.050000 0.000361 -0.000346
v -0.050000 0.000297 -0.000402
v -0.050000 0.002939 -0.004045
v -0.050000 0.000225 -0.000446
v -0.020000 0.000225 -0.000446
v -0.020000 0.002270 -0.004455
v -0.020000 0.001545 -0.004755
v -0.020000 0.000146 -0.000478
v -0.020000 0.000063 -0.000496
v -0.020000 0.000782 -0.004938
v -0.050000 0.000146 -0.000478
v -0.050000 0.000063 -0.000496
v -0.050000 0.002270 -0.004455
v -0.050000 0.001545 -0.004755
v -0.050000 0.000782 -0.004938
v -0.020000 0.000000 -0.005000
v -0.050000 0.000000 -0.005000
v -0.050000 -0.000021 -0.000500
v -0.050000 -0.000105 -0.000489
v -0.020000 -0.000105 -0.000489
v -0.020000 -0.000021 -0.000500
v -0.020000 -0.000782 -0.004938
v -0.050000 -0.000782 -0.004938
v -0.020000 -0.001545 -0.004755
v -0.050000 -0.001545 -0.004755
v -0.020000 -0.002270 -0.004455
v -0.020000 -0.000186 -0.000464
v -0.020000 -0.000262 -0.000426
v -0.050000 -0.000186 -0.000464
v -0.050000 -0.000262 -0.000426
v -0.050000 -0.002270 -0.004455
v -0.020000 -0.002939 -0.004045
v -0.050000 -0.002939 -0.004045
v -0.020000 -0.003536 -0.003536
v -0.050000 -0.003536 -0.003536
v -0.050000 -0.000330 -0.000375
v -0.020000 -0.000330 -0.000375
v -0.050000 -0.000389 -0.000314
v -0.020000 -0.000389 -0.000314
v -0.020000 -0.004045 -0.002939
v -0.020000 -0.004455 -0.002270
v -0.020000 -0.000436 -0.000244
v -0.020000 -0.000471 -0.000167
v -0.050000 -0.000436 -0.000244
v -0.020000 -0.004755 -0.001545
v -0.050000 -0.004455 -0.002270
v -0.050000 -0.004755 -0.001545
v -0.020000 -0.004938 -0.000782
v -0.020000 -0.000493 -0.000085
v -0.050000 -0.000493 -0.000085
v -0.050000 -0.000471 -0.000167
v -0.050000 -0.004045 -0.002939
v -0.050000 0.004938 0.000782
v -0.020000 -0.001545 0.004755
v -0.020000 -0.002270 0.004455
v -0.020000 -0.002939 0.004045
v -0.092500 0.027500 0.000000
v -0.092536 0.027500 -0.000423
v -0.092500 0.030000 0.000000
v -0.092536 0.027500 0.000422
v -0.092536 0.030000 0.000422
v -0.082670 0.027500 -0.002057
v -0.082500 0.027500 0.000000
v -0.082543 0.012457 -0.001032
v -0.082500 0.012500 0.000000
v -0.082670 0.027500 0.002057
v -0.083177 0.027500 0.004059
v -0.082670 0.012330 0.002057
v -0.082543 0.012457 0.001032
v -0.092643 0.027500 0.000833
v -0.092817 0.027500 0.001219
v -0.092817 0.030000 0.001219
v -0.092643 0.030000 0.000833
v -0.081485 0.030000 0.006508
v -0.080666 0.030000 0.004421
v -0.080376 0.014624 0.003338
v -0.081037 0.013963 0.005480
v -0.080666 0.014334 0.004421
v -0.080168 0.030000 0.002236
v -0.080000 0.030000 0.000000
v -0.080042 0.014958 0.001121
v -0.080168 0.014832 0.002236
v -0.050000 0.014334 0.004421
v -0.050000 0.014832 0.002236
v -0.050000 0.015000 0.000000
v -0.050000 0.012330 0.002057
v -0.050000 0.011823 0.004059
v -0.080000 0.015000 0.000000
v -0.080168 0.030000 -0.002236
v -0.080042 0.014958 -0.001121
v -0.080168 0.014832 -0.002236
v -0.050000 0.014832 -0.002236
v -0.080376 0.014624 -0.003338
v -0.050000 0.014334 -0.004421
v -0.050000 0.012330 -0.002057
v -0.050000 0.012500 0.000000
v -0.050000 0.011823 -0.004059
v -0.082670 0.012330 -0.002057
v -0.082882 0.012117 -0.003069
v -0.083177 0.011823 -0.004059
v -0.083177 0.027500 -0.004059
v -0.092643 0.027500 -0.000833
v -0.084007 0.027500 -0.005949
v -0.083553 0.011447 -0.005021
v -0.050000 0.010993 -0.005949
v -0.084007 0.010993 -0.005949
v -0.084535 0.010464 -0.006837
v -0.050000 0.009864 -0.007678
v -0.050000 0.012394 -0.008450
v -0.050000 0.008466 -0.009197
v -0.050000 0.010996 -0.010203
v -0.085136 0.009864 -0.007678
v -0.085803 0.009196 -0.008466
v -0.085136 0.027500 -0.007678
v -0.093055 0.027500 -0.001571
v -0.086534 0.027500 -0.009197
v -0.092817 0.027500 -0.001219
v -0.092643 0.030000 -0.000833
v -0.092817 0.030000 -0.001219
v -0.093055 0.030000 -0.001571
v -0.082606 0.030000 -0.008450
v -0.080666 0.030000 -0.004421
v -0.081485 0.030000 -0.006508
v -0.081485 0.013514 -0.006508
v -0.080666 0.014334 -0.004421
v -0.081037 0.013963 -0.005480
v -0.050000 0.013514 -0.006508
v -0.082010 0.012990 -0.007500
v -0.082606 0.012394 -0.008450
v -0.084004 0.030000 -0.010203
v -0.083273 0.011727 -0.009352
v -0.084004 0.010996 -0.010203
v -0.085648 0.030000 -0.011727
v -0.084797 0.010203 -0.010996
v -0.085648 0.009352 -0.011727
v -0.050000 0.009352 -0.011727
v -0.050000 0.007500 -0.012990
v -0.086550 0.008450 -0.012394
v -0.087500 0.030000 -0.012990
v -0.087500 0.007500 -0.012990
v -0.089520 0.030000 -0.013963
v -0.088492 0.006508 -0.013515
v -0.089520 0.005480 -0.013963
v -0.050000 0.005480 -0.013963
v -0.090579 0.004421 -0.014334
v -0.050000 0.003338 -0.014624
v -0.050000 0.005021 -0.011447
v -0.050000 0.006837 -0.010465
v -0.086534 0.008466 -0.009197
v -0.087322 0.007678 -0.009864
v -0.088163 0.006837 -0.010465
v -0.088163 0.027500 -0.010465
v -0.089051 0.005949 -0.010993
v -0.089979 0.027500 -0.011447
v -0.089979 0.005021 -0.011447
v -0.050000 0.003069 -0.012117
v -0.090941 0.004059 -0.011823
v -0.091931 0.027500 -0.012117
v -0.091931 0.003069 -0.012117
v -0.092943 0.002057 -0.012330
v -0.050000 0.001032 -0.012457
v -0.050000 -0.001121 -0.014958
v -0.050000 0.001121 -0.014958
v -0.050000 -0.001032 -0.012457
v -0.093968 -0.001032 -0.012457
v -0.093968 0.001032 -0.012457
v -0.095000 -0.000000 -0.012500
v -0.093968 0.027500 -0.012457
v -0.094473 0.027500 -0.002444
v -0.094894 0.027500 -0.002498
v -0.096032 0.027500 -0.012457
v -0.098069 -0.027500 -0.012117
v -0.098069 0.027500 -0.012117
v -0.095318 0.027500 -0.002480
v -0.096032 -0.027500 -0.012457
v -0.095318 -0.027500 -0.002480
v -0.095732 -0.027500 -0.002390
v -0.093968 -0.027500 -0.012457
v -0.091931 -0.027500 -0.012117
v -0.091931 -0.003069 -0.012117
v -0.092943 -0.002058 -0.012330
v -0.094894 -0.027500 -0.002498
v -0.095318 -0.030000 -0.002480
v -0.094894 -0.030000 -0.002498
v -0.094473 -0.027500 -0.002444
v -0.094068 -0.027500 -0.002320
v -0.094473 -0.030000 -0.002444
v -0.089979 -0.027500 -0.011447
v -0.089979 -0.005021 -0.011447
v -0.088163 -0.027500 -0.010465
v -0.088163 -0.006837 -0.010465
v -0.089051 -0.005949 -0.010993
v -0.050000 -0.006837 -0.010465
v -0.050000 -0.005021 -0.011447
v -0.050000 -0.005480 -0.013963
v -0.050000 -0.007500 -0.012990
v -0.050000 -0.003069 -0.012117
v -0.090941 -0.004059 -0.011823
v -0.050000 -0.003338 -0.014624
v -0.089520 -0.005480 -0.013963
v -0.090579 -0.004421 -0.014334
v -0.091662 -0.003338 -0.014624
v -0.091662 -0.030000 -0.014624
v -0.092764 -0.002236 -0.014833
v -0.093879 -0.030000 -0.014958
v -0.093879 -0.001121 -0.014958
v -0.095000 -0.000000 -0.015000
v -0.093879 0.001121 -0.014958
v -0.096121 0.030000 -0.014958
v -0.092764 0.002236 -0.014833
v -0.093879 0.030000 -0.014958
v -0.094894 0.030000 -0.002498
v -0.091662 0.003338 -0.014624
v -0.091662 0.030000 -0.014624
v -0.095318 0.030000 -0.002480
v -0.095732 0.027500 -0.002390
v -0.095732 0.030000 -0.002390
v -0.096126 0.027500 -0.002232
v -0.096126 0.030000 -0.002232
v -0.098338 0.030000 -0.014624
v -0.100480 0.030000 -0.013963
v -0.100480 -0.030000 -0.013963
v -0.102500 -0.030000 -0.012990
v -0.102500 0.030000 -0.012990
v -0.096487 0.030000 -0.002010
v -0.104352 -0.030000 -0.011727
v -0.104352 0.030000 -0.011727
v -0.105996 -0.030000 -0.010203
v -0.105996 0.030000 -0.010203
v -0.096805 0.030000 -0.001730
v -0.096805 0.027500 -0.001730
v -0.097071 0.027500 -0.001400
v -0.097071 0.030000 -0.001400
v -0.097278 0.027500 -0.001030
v -0.097278 0.030000 -0.001030
v -0.107394 0.030000 -0.008450
v -0.107394 -0.030000 -0.008450
v -0.108514 -0.030000 -0.006508
v -0.108514 0.030000 -0.006508
v -0.097419 0.030000 -0.000630
v -0.109334 -0.030000 -0.004421
v -0.109334 0.030000 -0.004421
v -0.109832 -0.030000 -0.002236
v -0.109832 0.030000 -0.002236
v -0.097491 0.030000 -0.000212
v -0.097491 0.027500 -0.000212
v -0.097491 0.027500 0.000212
v -0.097491 0.030000 0.000212
v -0.110000 0.030000 0.000000
v -0.110000 -0.030000 0.000000
v -0.109832 -0.030000 0.002236
v -0.109832 0.030000 0.002236
v -0.097419 0.030000 0.000630
v -0.109334 -0.030000 0.004421
v -0.109334 0.030000 0.004421
v -0.108514 -0.030000 0.006508
v -0.108514 0.030000 0.006508
v -0.097278 0.030000 0.001030
v -0.097278 0.027500 0.001030
v -0.097071 0.027500 0.001400
v -0.097071 0.030000 0.001400
v -0.096805 0.027500 0.001730
v -0.096805 0.030000 0.001730
v -0.107394 0.030000 0.008450
v -0.107394 -0.030000 0.008450
v -0.105996 -0.030000 0.010203
v -0.105996 0.030000 0.010203
v -0.096487 0.030000 0.002010
v -0.104352 -0.030000 0.011727
v -0.104352 0.030000 0.011727
v -0.102500 -0.030000 0.012990
v -0.102500 0.030000 0.012990
v -0.096126 0.030000 0.002232
v -0.096126 0.027500 0.002232
v -0.095732 0.027500 0.002390
v -0.095732 0.030000 0.002390
v -0.100480 0.030000 0.013963
v -0.100480 -0.030000 0.013963
v -0.098338 -0.030000 0.014624
v -0.098338 0.030000 0.014624
v -0.096121 -0.030000 0.014958
v -0.096121 0.030000 0.014958
v -0.095318 0.030000 0.002480
v -0.095318 0.027500 0.002480
v -0.094894 0.027500 0.002498
v -0.094894 0.030000 0.002498
v -0.094473 0.027500 0.002444
v -0.094473 0.030000 0.002444
v -0.093879 0.030000 0.014958
v -0.092764 0.002236 0.014832
v -0.095000 -0.000000 0.015000
v -0.093879 0.001121 0.014958
v -0.091662 0.030000 0.014624
v -0.089520 0.030000 0.013963
v -0.094068 0.030000 0.002320
v -0.090579 0.004421 0.014334
v -0.091662 0.003338 0.014624
v -0.050000 0.001121 0.014958
v -0.050000 0.003338 0.014624
v -0.089520 0.005480 0.013963
v -0.050000 0.005480 0.013963
v -0.050000 0.003069 0.012117
v -0.050000 0.001032 0.012457
v -0.050000 -0.001032 0.012457
v -0.093968 0.001032 0.012457
v -0.092943 0.002057 0.012330
v -0.093968 0.027500 0.012457
v -0.091931 0.003069 0.012117
v -0.091931 0.027500 0.012117
v -0.090941 0.004059 0.011823
v -0.089979 0.005021 0.011447
v -0.050000 0.005021 0.011447
v -0.050000 0.006837 0.010465
v -0.050000 0.007500 0.012990
v -0.089051 0.005949 0.010993
v -0.089979 0.027500 0.011447
v -0.088163 0.006837 0.010465
v -0.088163 0.027500 0.010465
v -0.087322 0.007678 0.009864
v -0.086534 0.008466 0.009197
v -0.050000 0.008466 0.009197
v -0.050000 0.009352 0.011727
v -0.050000 0.010996 0.010203
v -0.050000 0.009864 0.007678
v -0.085803 0.009196 0.008466
v -0.086534 0.027500 0.009197
v -0.085136 0.009864 0.007678
v -0.084535 0.010464 0.006837
v -0.085136 0.027500 0.007678
v -0.093348 0.027500 0.001877
v -0.093055 0.027500 0.001571
v -0.084007 0.010993 0.005949
v -0.084007 0.027500 0.005949
v -0.083177 0.011823 0.004059
v -0.083553 0.011447 0.005021
v -0.050000 0.010993 0.005949
v -0.050000 0.013514 0.006508
v -0.081485 0.013514 0.006508
v -0.050000 0.012394 0.008450
v -0.082010 0.012990 0.007500
v -0.082606 0.012394 0.008450
v -0.083273 0.011727 0.009352
v -0.082606 0.030000 0.008450
v -0.093055 0.030000 0.001571
v -0.084004 0.030000 0.010203
v -0.085648 0.030000 0.011727
v -0.084797 0.010203 0.010996
v -0.084004 0.010996 0.010203
v -0.085648 0.009352 0.011727
v -0.086550 0.008450 0.012394
v -0.087500 0.030000 0.012990
v -0.087500 0.007500 0.012990
v -0.088492 0.006508 0.013515
v -0.093348 0.030000 0.001877
v -0.093689 0.030000 0.002129
v -0.093689 0.027500 0.002129
v -0.094068 0.027500 0.002320
v -0.082882 0.012117 0.003069
v -0.096032 0.027500 0.012457
v -0.096032 -0.027500 0.012457
v -0.098069 0.027500 0.012117
v -0.095000 -0.000000 0.012500
v -0.093968 -0.001032 0.012457
v -0.093968 -0.027500 0.012457
v -0.094894 -0.027500 0.002498
v -0.094473 -0.027500 0.002444
v -0.092943 -0.002058 0.012330
v -0.091931 -0.027500 0.012118
v -0.089979 -0.027500 0.011447
v -0.090941 -0.004059 0.011823
v -0.091931 -0.003069 0.012118
v -0.094068 -0.027500 0.002320
v -0.093689 -0.030000 0.002129
v -0.093689 -0.027500 0.002129
v -0.094068 -0.030000 0.002320
v -0.089520 -0.030000 0.013963
v -0.087500 -0.030000 0.012990
v -0.094473 -0.030000 0.002444
v -0.091662 -0.030000 0.014624
v -0.094894 -0.030000 0.002498
v -0.095318 -0.030000 0.002480
v -0.095318 -0.027500 0.002480
v -0.093879 -0.030000 0.014958
v -0.091662 -0.003338 0.014624
v -0.093879 -0.001121 0.014958
v -0.092764 -0.002236 0.014832
v -0.050000 -0.001121 0.014958
v -0.050000 -0.003338 0.014624
v -0.090579 -0.004421 0.014334
v -0.050000 -0.005480 0.013963
v -0.050000 -0.003069 0.012118
v -0.050000 -0.005021 0.011447
v -0.050000 -0.006837 0.010465
v -0.089979 -0.005021 0.011447
v -0.088163 -0.006837 0.010465
v -0.089051 -0.005949 0.010993
v -0.088163 -0.027500 0.010465
v -0.086534 -0.027500 0.009197
v -0.087322 -0.007678 0.009864
v -0.093348 -0.027500 0.001877
v -0.093055 -0.030000 0.001571
v -0.093348 -0.030000 0.001877
v -0.093055 -0.027500 0.001571
v -0.092817 -0.027500 0.001219
v -0.085136 -0.027500 0.007678
v -0.092817 -0.030000 0.001219
v -0.081485 -0.030000 0.006508
v -0.092643 -0.030000 0.000833
v -0.080666 -0.030000 0.004421
v -0.082606 -0.030000 0.008450
v -0.084004 -0.030000 0.010203
v -0.081485 -0.013515 0.006508
v -0.082010 -0.012990 0.007500
v -0.082606 -0.012394 0.008450
v -0.083273 -0.011727 0.009352
v -0.050000 -0.012394 0.008450
v -0.050000 -0.013515 0.006508
v -0.050000 -0.010996 0.010203
v -0.050000 -0.009864 0.007678
v -0.050000 -0.010993 0.005949
v -0.050000 -0.011823 0.004059
v -0.084007 -0.010993 0.005949
v -0.083177 -0.011823 0.004059
v -0.083553 -0.011447 0.005021
v -0.083177 -0.027500 0.004059
v -0.084007 -0.027500 0.005949
v -0.092643 -0.027500 0.000833
v -0.084535 -0.010465 0.006837
v -0.085136 -0.009864 0.007678
v -0.085803 -0.009197 0.008466
v -0.050000 -0.008466 0.009197
v -0.050000 -0.007500 0.012990
v -0.086534 -0.008466 0.009197
v -0.050000 -0.009352 0.011727
v -0.084797 -0.010203 0.010996
v -0.085648 -0.009352 0.011727
v -0.086550 -0.008450 0.012394
v -0.087500 -0.007500 0.012990
v -0.088492 -0.006508 0.013515
v -0.089520 -0.005480 0.013963
v -0.085648 -0.030000 0.011727
v -0.084004 -0.010996 0.010203
v -0.092536 -0.027500 0.000422
v -0.092536 -0.030000 0.000422
v -0.080000 -0.030000 0.000000
v -0.080168 -0.030000 0.002236
v -0.092500 -0.030000 0.000000
v -0.080168 -0.030000 -0.002236
v -0.092536 -0.030000 -0.000423
v -0.092500 -0.027500 0.000000
v -0.092536 -0.027500 -0.000423
v -0.082670 -0.027500 0.002057
v -0.082500 -0.027500 0.000000
v -0.082670 -0.027500 -0.002057
v -0.082543 -0.012457 0.001032
v -0.082500 -0.012500 0.000000
v -0.082543 -0.012457 -0.001032
v -0.050000 -0.012330 0.002057
v -0.050000 -0.012500 0.000000
v -0.050000 -0.014833 0.002236
v -0.050000 -0.015000 0.000000
v -0.050000 -0.012330 -0.002057
v -0.050000 -0.014833 -0.002236
v -0.050000 -0.011823 -0.004059
v -0.082670 -0.012330 -0.002057
v -0.082882 -0.012118 -0.003069
v -0.083177 -0.011823 -0.004059
v -0.083177 -0.027500 -0.004059
v -0.092643 -0.027500 -0.000833
v -0.084007 -0.027500 -0.005949
v -0.092817 -0.027500 -0.001219
v -0.093055 -0.027500 -0.001571
v -0.092817 -0.030000 -0.001219
v -0.093055 -0.030000 -0.001571
v -0.084004 -0.030000 -0.010203
v -0.093348 -0.030000 -0.001877
v -0.085648 -0.030000 -0.011727
v -0.082606 -0.030000 -0.008450
v -0.081485 -0.030000 -0.006508
v -0.082010 -0.012990 -0.007500
v -0.082606 -0.012394 -0.008450
v -0.083273 -0.011727 -0.009352
v -0.084004 -0.010996 -0.010203
v -0.050000 -0.010996 -0.010203
v -0.050000 -0.009352 -0.011727
v -0.050000 -0.012394 -0.008450
v -0.050000 -0.009864 -0.007678
v -0.050000 -0.008466 -0.009197
v -0.085803 -0.009197 -0.008466
v -0.086534 -0.008466 -0.009197
v -0.087322 -0.007678 -0.009864
v -0.086534 -0.027500 -0.009197
v -0.085136 -0.027500 -0.007678
v -0.085136 -0.009864 -0.007678
v -0.093348 -0.027500 -0.001877
v -0.093689 -0.027500 -0.002129
v -0.094068 -0.030000 -0.002320
v -0.093689 -0.030000 -0.002129
v -0.089520 -0.030000 -0.013963
v -0.087500 -0.030000 -0.012990
v -0.086550 -0.008450 -0.012394
v -0.087500 -0.007500 -0.012990
v -0.088492 -0.006508 -0.013515
v -0.085648 -0.009352 -0.011727
v -0.084797 -0.010203 -0.010996
v -0.084535 -0.010465 -0.006837
v -0.084007 -0.010993 -0.005949
v -0.050000 -0.010993 -0.005949
v -0.050000 -0.013515 -0.006508
v -0.083553 -0.011447 -0.005021
v -0.050000 -0.014334 -0.004421
v -0.080666 -0.014334 -0.004421
v -0.080168 -0.014833 -0.002236
v -0.080376 -0.014624 -0.003338
v -0.080666 -0.030000 -0.004421
v -0.081037 -0.013963 -0.005480
v -0.092643 -0.030000 -0.000833
v -0.081485 -0.013515 -0.006508
v -0.080042 -0.014958 -0.001121
v -0.080000 -0.015000 0.000000
v -0.080042 -0.014958 0.001121
v -0.080168 -0.014833 0.002236
v -0.080376 -0.014624 0.003338
v -0.080666 -0.014334 0.004421
v -0.050000 -0.014334 0.004421
v -0.081037 -0.013963 0.005480
v -0.082670 -0.012330 0.002057
v -0.082882 -0.012118 0.003069
v -0.095732 -0.027500 0.002390
v -0.098069 -0.027500 0.012118
v -0.100021 -0.027500 0.011447
v -0.100021 0.027500 0.011447
v -0.096487 0.027500 0.002010
v -0.101837 0.027500 0.010465
v -0.103466 0.027500 0.009197
v -0.101837 -0.027500 0.010465
v -0.096126 -0.027500 0.002232
v -0.103466 -0.027500 0.009197
v -0.096487 -0.027500 0.002010
v -0.096126 -0.030000 0.002232
v -0.096487 -0.030000 0.002010
v -0.096805 -0.027500 0.001730
v -0.096805 -0.030000 0.001730
v -0.097071 -0.027500 0.001400
v -0.104864 -0.027500 0.007678
v -0.105993 -0.027500 0.005949
v -0.105993 0.027500 0.005949
v -0.104864 0.027500 0.007678
v -0.097419 0.027500 0.000630
v -0.106823 0.027500 0.004059
v -0.107329 0.027500 0.002057
v -0.106823 -0.027500 0.004059
v -0.097419 -0.027500 0.000630
v -0.107329 -0.027500 0.002057
v -0.097278 -0.027500 0.001030
v -0.097071 -0.030000 0.001400
v -0.097278 -0.030000 0.001030
v -0.097419 -0.030000 0.000630
v -0.097491 -0.030000 0.000212
v -0.097491 -0.027500 0.000212
v -0.097491 -0.027500 -0.000212
v -0.107500 -0.027500 0.000000
v -0.107329 -0.027500 -0.002057
v -0.107329 0.027500 -0.002057
v -0.107500 0.027500 0.000000
v -0.097419 0.027500 -0.000630
v -0.106823 0.027500 -0.004059
v -0.105993 0.027500 -0.005949
v -0.106823 -0.027500 -0.004059
v -0.097419 -0.027500 -0.000630
v -0.105993 -0.027500 -0.005949
v -0.104864 -0.027500 -0.007678
v -0.104864 0.027500 -0.007678
v -0.097278 -0.027500 -0.001030
v -0.097071 -0.027500 -0.001400
v -0.097419 -0.030000 -0.000630
v -0.097278 -0.030000 -0.001030
v -0.097071 -0.030000 -0.001400
v -0.096805 -0.030000 -0.001730
v -0.096805 -0.027500 -0.001730
v -0.096487 -0.027500 -0.002010
v -0.101837 -0.027500 -0.010465
v -0.103466 -0.027500 -0.009197
v -0.103466 0.027500 -0.009197
v -0.101837 0.027500 -0.010465
v -0.096487 0.027500 -0.002010
v -0.100021 0.027500 -0.011447
v -0.100021 -0.027500 -0.011447
v -0.096126 -0.027500 -0.002232
v -0.096487 -0.030000 -0.002010
v -0.096126 -0.030000 -0.002232
v -0.095732 -0.030000 -0.002390
v -0.098338 -0.030000 -0.014624
v -0.096121 -0.030000 -0.014958
v -0.097491 -0.030000 -0.000212
v -0.095732 -0.030000 0.002390
v -0.094473 0.030000 -0.002444
v -0.094068 0.030000 -0.002320
v -0.093689 0.030000 -0.002129
v -0.094068 0.027500 -0.002320
v -0.093689 0.027500 -0.002129
v -0.093348 0.027500 -0.001877
v -0.093348 0.030000 -0.001877
v -0.092536 0.030000 -0.000423
vn -0.0000 -0.0804 -0.9968
vn 0.0787 -0.0801 -0.9937
vn -0.0000 -0.1416 -0.9899
vn -0.0000 -0.1415 -0.9899
vn 0.0788 -0.1411 -0.9868
vn 0.0786 -0.0802 -0.9937
vn 0.0783 -0.1664 -0.9830
vn 0.2003 -0.1809 -0.9629
vn 0.2326 -0.1624 -0.9589
vn 0.2326 -0.0782 -0.9694
vn 0.2329 -0.1623 -0.9589
vn 0.2333 0.0067 -0.9724
vn 0.0786 0.0068 -0.9969
vn 0.2333 -0.0781 -0.9693
vn -0.0000 0.0068 -1.0000
vn -0.0000 0.0683 -0.9977
vn 0.0787 0.0681 -0.9946
vn -0.0000 0.0684 -0.9977
vn -0.0000 0.1119 -0.9937
vn 0.0785 0.1115 -0.9907
vn 0.1509 0.0929 -0.9842
vn 0.2331 0.1754 -0.9565
vn 0.0784 0.1798 -0.9806
vn 0.2330 0.0914 -0.9682
vn 0.2330 0.0066 -0.9724
vn 0.3825 0.0868 -0.9199
vn 0.3826 0.0063 -0.9239
vn 0.3824 0.0063 -0.9240
vn 0.5222 -0.0685 -0.8501
vn 0.3824 -0.0742 -0.9210
vn 0.5220 0.0058 -0.8529
vn 0.5220 -0.0685 -0.8502
vn 0.6492 -0.1269 -0.7500
vn 0.6491 -0.0611 -0.7582
vn 0.6489 -0.1270 -0.7502
vn 0.5222 -0.1424 -0.8409
vn 0.5221 -0.1424 -0.8409
vn 0.5222 -0.2151 -0.8253
vn 0.6494 -0.1918 -0.7359
vn 0.6488 -0.1920 -0.7363
vn 0.7599 -0.2181 -0.6124
vn 0.7600 -0.2181 -0.6122
vn 0.6494 -0.2552 -0.7163
vn 0.7599 -0.1640 -0.6291
vn 0.7600 -0.2707 -0.5909
vn 0.7601 -0.2706 -0.5908
vn 0.6489 -0.3169 -0.6917
vn 0.6488 -0.2554 -0.7168
vn 0.6491 -0.3167 -0.6916
vn 0.5223 -0.3551 -0.7754
vn 0.5223 -0.2862 -0.8033
vn 0.5218 -0.2863 -0.8036
vn 0.3828 -0.2330 -0.8940
vn 0.5218 -0.2152 -0.8255
vn 0.3827 -0.3100 -0.8703
vn 0.3826 -0.2331 -0.8940
vn 0.2331 -0.2453 -0.9410
vn 0.2332 -0.3264 -0.9160
vn 0.3825 -0.3101 -0.8704
vn 0.2330 -0.2453 -0.9410
vn 0.3825 -0.3848 -0.8401
vn 0.3824 -0.3848 -0.8401
vn 0.2333 -0.4049 -0.8841
vn 0.2334 -0.3263 -0.9160
vn 0.0786 -0.4152 -0.9063
vn 0.1485 -0.4211 -0.8948
vn 0.0782 -0.3845 -0.9198
vn 0.2329 -0.4050 -0.8842
vn 0.0781 -0.3346 -0.9391
vn 0.0783 -0.3346 -0.9391
vn -0.0000 -0.3356 -0.9420
vn -0.0000 -0.2869 -0.9580
vn 0.0783 -0.2860 -0.9550
vn -0.0000 -0.2447 -0.9696
vn 0.0783 -0.2440 -0.9666
vn 0.1220 -0.2503 -0.9604
vn -0.1313 -0.2426 -0.9612
vn -0.0784 -0.2860 -0.9550
vn -0.0784 -0.2514 -0.9647
vn -0.2329 -0.2453 -0.9411
vn -0.0781 -0.3346 -0.9391
vn -0.2332 -0.3263 -0.9160
vn -0.2331 -0.2453 -0.9410
vn -0.0783 -0.3346 -0.9391
vn -0.2329 -0.1623 -0.9589
vn -0.3828 -0.2330 -0.8940
vn -0.3825 -0.1542 -0.9110
vn -0.3827 -0.1543 -0.9109
vn -0.5220 -0.1424 -0.8410
vn -0.3826 -0.0742 -0.9209
vn -0.5218 -0.0685 -0.8503
vn -0.5220 -0.0686 -0.8502
vn -0.5219 0.0058 -0.8530
vn -0.6492 0.0052 -0.7606
vn -0.6492 -0.0611 -0.7582
vn -0.7600 0.0044 -0.6499
vn -0.6492 0.0715 -0.7573
vn -0.7599 0.0611 -0.6471
vn -0.7600 0.0611 -0.6471
vn -0.8527 0.0491 -0.5200
vn -0.7599 0.1172 -0.6394
vn -0.8527 0.0942 -0.5139
vn -0.8527 0.0942 -0.5138
vn -0.9236 0.0691 -0.3770
vn -0.8527 0.1387 -0.5037
vn -0.9236 0.1017 -0.3695
vn -0.9724 0.0619 -0.2249
vn -0.9236 0.1335 -0.3592
vn -0.9724 0.0812 -0.2186
vn -0.9724 0.0813 -0.2186
vn -0.9969 0.0337 -0.0710
vn -0.9969 0.0274 -0.0737
vn -0.9724 0.1000 -0.2107
vn -1.0000 -0.0000 -0.0000
vn -0.9969 0.0264 0.0741
vn -0.9969 0.0198 0.0761
vn -0.9969 0.0264 0.0740
vn -0.9724 0.0783 0.2197
vn -0.9724 0.0589 0.2258
vn -0.9969 0.0131 0.0775
vn -0.9724 0.0588 0.2257
vn -0.9724 0.0389 0.2300
vn -0.9969 0.0063 0.0783
vn -0.9724 0.0187 0.2325
vn -0.9724 0.0188 0.2325
vn -0.9724 -0.0016 0.2333
vn -0.9969 -0.0005 0.0786
vn -0.9724 -0.0016 0.2332
vn -0.9969 -0.0074 0.0783
vn -0.9724 -0.0219 0.2322
vn -0.9969 -0.0142 0.0773
vn -0.9724 -0.0219 0.2321
vn -0.9724 -0.0421 0.2294
vn -0.9969 -0.0209 0.0758
vn -0.9724 -0.0420 0.2293
vn -0.9724 -0.0619 0.2248
vn -0.9724 -0.0812 0.2185
vn -0.9969 -0.0274 0.0737
vn -0.9724 -0.0813 0.2187
vn -0.9724 -0.1001 0.2108
vn -0.9969 -0.0337 0.0710
vn -0.9724 -0.1000 0.2108
vn -0.9724 -0.1180 0.2013
vn -0.9969 -0.0398 0.0678
vn -0.9969 -0.0397 0.0678
vn -0.9724 -0.1351 0.1902
vn -0.9969 -0.0455 0.0641
vn -0.9969 -0.0509 0.0599
vn -0.9969 -0.0509 0.0598
vn -0.9724 -0.1512 0.1777
vn -0.9969 -0.0560 0.0552
vn -0.9969 -0.0559 0.0552
vn -0.9724 -0.1511 0.1777
vn -0.9724 -0.1660 0.1638
vn -0.9969 -0.0605 0.0501
vn -0.9724 -0.1661 0.1639
vn -0.9724 -0.1798 0.1487
vn -0.9969 -0.0606 0.0501
vn -0.9969 -0.0647 0.0447
vn -0.9725 -0.1796 0.1486
vn -0.9725 -0.1918 0.1324
vn -0.9724 -0.1920 0.1325
vn -0.9724 -0.2028 0.1153
vn -0.9969 -0.0684 0.0388
vn -0.9969 -0.0683 0.0389
vn -0.9724 -0.2029 0.1153
vn -0.9724 -0.2122 0.0972
vn -0.9969 -0.0714 0.0327
vn -0.9969 -0.0715 0.0327
vn -0.9724 -0.2121 0.0971
vn -0.9724 -0.2197 0.0783
vn -0.9969 -0.0740 0.0264
vn -0.9724 -0.2199 0.0783
vn -0.9724 -0.2258 0.0588
vn -0.9969 -0.0761 0.0198
vn -0.9969 -0.0760 0.0198
vn -0.9725 -0.2256 0.0588
vn -0.9725 -0.2298 0.0389
vn -0.9969 -0.0775 0.0131
vn -0.9969 -0.0784 0.0063
vn -0.9969 -0.0783 0.0063
vn -0.9724 -0.2301 0.0389
vn -0.9724 -0.2326 0.0188
vn -0.9969 -0.0786 -0.0005
vn -0.9724 -0.2325 0.0188
vn -0.9724 -0.2333 -0.0016
vn -0.9969 -0.0783 -0.0074
vn -0.9724 -0.2323 -0.0219
vn -0.9724 -0.2322 -0.0219
vn -0.9724 -0.2294 -0.0421
vn -0.9969 -0.0773 -0.0142
vn -0.9724 -0.2295 -0.0421
vn -0.9724 -0.2250 -0.0619
vn -0.9969 -0.0758 -0.0209
vn -0.9969 -0.0757 -0.0208
vn -0.9724 -0.2249 -0.0619
vn -0.9724 -0.2186 -0.0812
vn -0.9969 -0.0736 -0.0274
vn -0.9969 -0.0737 -0.0274
vn -0.9969 -0.0710 -0.0337
vn -0.9724 -0.2187 -0.0813
vn -0.9724 -0.2108 -0.1001
vn -0.9969 -0.0678 -0.0398
vn -0.9724 -0.2013 -0.1181
vn -0.9724 -0.2012 -0.1180
vn -0.9724 -0.1901 -0.1351
vn -0.9969 -0.0641 -0.0455
vn -0.9969 -0.0640 -0.0455
vn -0.9969 -0.0598 -0.0509
vn -0.9969 -0.0599 -0.0510
vn -0.9724 -0.1902 -0.1351
vn -0.9724 -0.1777 -0.1512
vn -0.9969 -0.0552 -0.0560
vn -0.9724 -0.1776 -0.1511
vn -0.9724 -0.1638 -0.1660
vn -0.9724 -0.1638 -0.1661
vn -0.9724 -0.1487 -0.1797
vn -0.9969 -0.0501 -0.0605
vn -0.9969 -0.0501 -0.0606
vn -0.9724 -0.1325 -0.1920
vn -0.9969 -0.0446 -0.0646
vn -0.9969 -0.0446 -0.0647
vn -0.9724 -0.1325 -0.1921
vn -0.9724 -0.1153 -0.2029
vn -0.9969 -0.0388 -0.0683
vn -0.9724 -0.1153 -0.2028
vn -0.9724 -0.0971 -0.2121
vn -0.9969 -0.0327 -0.0714
vn -0.9969 -0.0264 -0.0740
vn -0.9724 -0.0971 -0.2120
vn -0.9724 -0.0783 -0.2197
vn -0.9969 -0.0198 -0.0761
vn -0.9724 -0.0588 -0.2257
vn -0.9969 -0.0131 -0.0775
vn -0.9724 -0.0389 -0.2299
vn -0.9969 -0.0063 -0.0783
vn -0.9724 -0.0389 -0.2300
vn -0.9724 -0.0187 -0.2325
vn -0.9724 -0.0187 -0.2324
vn -0.9724 0.0016 -0.2332
vn -0.9969 0.0005 -0.0786
vn -0.9724 0.0219 -0.2322
vn -0.9969 0.0074 -0.0783
vn -0.9724 0.0421 -0.2294
vn -0.9969 0.0142 -0.0773
vn -0.9969 0.0209 -0.0758
vn -0.9236 0.0360 -0.3817
vn -0.8526 0.0036 -0.5226
vn -0.8527 0.0035 -0.5224
vn -0.9236 0.0026 -0.3834
vn -0.8526 -0.0420 -0.5209
vn -0.9235 -0.0308 -0.3823
vn -0.9236 0.0026 -0.3835
vn -0.8526 -0.0420 -0.5208
vn -0.8526 -0.0872 -0.5152
vn -0.9236 -0.0640 -0.3780
vn -0.9236 -0.0308 -0.3821
vn -0.8526 -0.1318 -0.5056
vn -0.9236 -0.0967 -0.3710
vn -0.8527 -0.1753 -0.4922
vn -0.8526 -0.1754 -0.4922
vn -0.9236 -0.1286 -0.3611
vn -0.9236 -0.0967 -0.3709
vn -0.8526 -0.2176 -0.4751
vn -0.8527 -0.2176 -0.4750
vn -0.9236 -0.1597 -0.3486
vn -0.9236 -0.1287 -0.3612
vn -0.8526 -0.2582 -0.4543
vn -0.8526 -0.2582 -0.4544
vn -0.9235 -0.1895 -0.3334
vn -0.8526 -0.2968 -0.4301
vn -0.9237 -0.2177 -0.3154
vn -0.9237 -0.1894 -0.3332
vn -0.8528 -0.3330 -0.4024
vn -0.8526 -0.3331 -0.4026
vn -0.9236 -0.2445 -0.2954
vn -0.9236 -0.2178 -0.3156
vn -0.8528 -0.3668 -0.3718
vn -0.9236 -0.2692 -0.2729
vn -0.9236 -0.2444 -0.2953
vn -0.8525 -0.3671 -0.3721
vn -0.8528 -0.3978 -0.3384
vn -0.8526 -0.3980 -0.3387
vn -0.9236 -0.2920 -0.2484
vn -0.8528 -0.4258 -0.3025
vn -0.9236 -0.3125 -0.2220
vn -0.8526 -0.4507 -0.2644
vn -0.8528 -0.4505 -0.2641
vn -0.9236 -0.3307 -0.1940
vn -0.9236 -0.3126 -0.2221
vn -0.8527 -0.4720 -0.2240
vn -0.8526 -0.4721 -0.2241
vn -0.9236 -0.3463 -0.1643
vn -0.9236 -0.3307 -0.1939
vn -0.8524 -0.4901 -0.1822
vn -0.8527 -0.4897 -0.1820
vn -0.9236 -0.3594 -0.1336
vn -0.9236 -0.3463 -0.1644
vn -0.8526 -0.5038 -0.1387
vn -0.8524 -0.5041 -0.1388
vn -0.9236 -0.3697 -0.1017
vn -0.9236 -0.3593 -0.1336
vn -0.8525 -0.5142 -0.0943
vn -0.8526 -0.5140 -0.0942
vn -0.9237 -0.3769 -0.0691
vn -0.9236 -0.3696 -0.1017
vn -0.8525 -0.5204 -0.0491
vn -0.9237 -0.3815 -0.0360
vn -0.8528 -0.5222 -0.0035
vn -0.8525 -0.5227 -0.0036
vn -0.9237 -0.3831 -0.0025
vn -0.9237 -0.3814 -0.0360
vn -0.8527 -0.5206 0.0419
vn -0.8528 -0.5206 0.0420
vn -0.9235 -0.3824 0.0308
vn -0.9234 -0.3837 -0.0026
vn -0.8525 -0.5154 0.0873
vn -0.8527 -0.5151 0.0873
vn -0.9237 -0.3778 0.0640
vn -0.9237 -0.3820 0.0308
vn -0.8527 -0.5055 0.1318
vn -0.8526 -0.5057 0.1318
vn -0.9236 -0.3711 0.0967
vn -0.9236 -0.3781 0.0640
vn -0.8523 -0.4927 0.1755
vn -0.8528 -0.4919 0.1753
vn -0.9236 -0.3612 0.1286
vn -0.9236 -0.3710 0.0967
vn -0.8528 -0.4748 0.2175
vn -0.8523 -0.4756 0.2178
vn -0.9236 -0.3485 0.1596
vn -0.9237 -0.3608 0.1286
vn -0.8528 -0.4540 0.2581
vn -0.8526 -0.4542 0.2582
vn -0.9237 -0.3331 0.1894
vn -0.9237 -0.3483 0.1595
vn -0.8527 -0.4300 0.2967
vn -0.9235 -0.3157 0.2178
vn -0.9235 -0.3335 0.1895
vn -0.8526 -0.4026 0.3331
vn -0.8527 -0.4025 0.3331
vn -0.9236 -0.2953 0.2444
vn -0.9236 -0.3155 0.2177
vn -0.8528 -0.3718 0.3668
vn -0.8526 -0.3720 0.3669
vn -0.9236 -0.2729 0.2692
vn -0.8525 -0.3387 0.3981
vn -0.8528 -0.3384 0.3978
vn -0.9236 -0.2484 0.2919
vn -0.9237 -0.2728 0.2691
vn -0.8528 -0.3025 0.4258
vn -0.8526 -0.3027 0.4260
vn -0.9236 -0.2219 0.3124
vn -0.9237 -0.2483 0.2919
vn -0.8525 -0.2645 0.4509
vn -0.8528 -0.2642 0.4505
vn -0.9236 -0.1939 0.3306
vn -0.9236 -0.2220 0.3125
vn -0.8527 -0.2240 0.4720
vn -0.8526 -0.2241 0.4721
vn -0.9237 -0.1643 0.3462
vn -0.9237 -0.1939 0.3306
vn -0.8526 -0.1820 0.4898
vn -0.8527 -0.1820 0.4897
vn -0.9236 -0.1335 0.3593
vn -0.9236 -0.1643 0.3463
vn -0.8526 -0.1387 0.5038
vn -0.9236 -0.1018 0.3697
vn -0.9236 -0.1336 0.3594
vn -0.8528 -0.0942 0.5137
vn -0.8526 -0.0943 0.5140
vn -0.9236 -0.0691 0.3771
vn -0.8526 -0.0491 0.5203
vn -0.8527 -0.0491 0.5200
vn -0.9236 -0.0361 0.3818
vn -0.9235 -0.0692 0.3772
vn -0.8526 -0.0036 0.5225
vn -0.8527 -0.0035 0.5224
vn -0.9236 -0.0026 0.3833
vn -0.9236 -0.0360 0.3816
vn -0.8527 0.0420 0.5207
vn -0.9236 0.0308 0.3822
vn -0.9236 -0.0026 0.3834
vn -0.8527 0.0872 0.5151
vn -0.9236 0.0640 0.3780
vn -0.8525 0.1318 0.5058
vn -0.8527 0.1318 0.5056
vn -0.9236 0.0967 0.3710
vn -0.8526 0.1754 0.4923
vn -0.9236 0.1286 0.3611
vn -0.9236 0.0967 0.3709
vn -0.8526 0.2176 0.4751
vn -0.9236 0.1597 0.3486
vn -0.9236 0.1287 0.3612
vn -0.8526 0.2176 0.4750
vn -0.8526 0.2581 0.4543
vn -0.8527 0.2581 0.4542
vn -0.9236 0.1894 0.3334
vn -0.9236 0.1894 0.3333
vn -0.9724 0.1153 0.2028
vn -0.9724 0.0971 0.2120
vn -0.9724 0.0971 0.2121
vn -0.9969 0.0327 0.0714
vn -0.9969 0.0327 0.0715
vn -0.9969 0.0388 0.0683
vn -0.9724 0.1152 0.2027
vn -0.9969 0.0446 0.0647
vn -0.9724 0.1325 0.1920
vn -0.9724 0.1324 0.1919
vn -0.9969 0.0447 0.0647
vn -0.9724 0.1487 0.1797
vn -0.9969 0.0501 0.0606
vn -0.9724 0.1638 0.1660
vn -0.9724 0.1638 0.1661
vn -0.9969 0.0552 0.0560
vn -0.9969 0.0501 0.0605
vn -0.9725 0.1776 0.1510
vn -0.9724 0.1776 0.1511
vn -0.9969 0.0598 0.0509
vn -0.9969 0.0552 0.0559
vn -0.9724 0.1901 0.1351
vn -0.9725 0.1900 0.1349
vn -0.9969 0.0641 0.0456
vn -0.9969 0.0599 0.0510
vn -0.9725 0.2010 0.1179
vn -0.9724 0.2011 0.1180
vn -0.9969 0.0678 0.0398
vn -0.9969 0.0641 0.0455
vn -0.9725 0.2105 0.0999
vn -0.9969 0.0710 0.0337
vn -0.9724 0.2108 0.1001
vn -0.9724 0.2187 0.0813
vn -0.9969 0.0737 0.0274
vn -0.9969 0.0758 0.0209
vn -0.9724 0.2248 0.0619
vn -0.9724 0.2249 0.0619
vn -0.9969 0.0773 0.0142
vn -0.9724 0.2296 0.0421
vn -0.9724 0.2294 0.0420
vn -0.9724 0.2323 0.0219
vn -0.9724 0.2324 0.0219
vn -0.9969 0.0782 0.0074
vn -0.9724 0.2332 0.0016
vn -0.9724 0.2333 0.0016
vn -0.9969 0.0786 0.0005
vn -0.9724 0.2325 -0.0187
vn -0.9724 0.2326 -0.0187
vn -0.9969 0.0783 -0.0063
vn -0.9724 0.2300 -0.0389
vn -0.9724 0.2301 -0.0390
vn -0.9969 0.0775 -0.0131
vn -0.9724 0.2257 -0.0588
vn -0.9969 0.0760 -0.0198
vn -0.9724 0.2256 -0.0588
vn -0.9969 0.0761 -0.0198
vn -0.9969 0.0740 -0.0264
vn -0.9724 0.2197 -0.0783
vn -0.9724 0.2120 -0.0971
vn -0.9724 0.2121 -0.0971
vn -0.9969 0.0715 -0.0327
vn -0.9724 0.2029 -0.1153
vn -0.9724 0.2028 -0.1152
vn -0.9969 0.0683 -0.0388
vn -0.9969 0.0647 -0.0446
vn -0.9724 0.1919 -0.1325
vn -0.9724 0.1921 -0.1326
vn -0.9724 0.1797 -0.1487
vn -0.9969 0.0606 -0.0501
vn -0.9724 0.1660 -0.1637
vn -0.9724 0.1661 -0.1638
vn -0.9969 0.0560 -0.0552
vn -0.9724 0.1512 -0.1777
vn -0.9724 0.1511 -0.1776
vn -0.9969 0.0509 -0.0599
vn -0.9969 0.0559 -0.0552
vn -0.9724 0.1351 -0.1902
vn -0.9969 0.0455 -0.0641
vn -0.9969 0.0398 -0.0678
vn -0.9724 0.1180 -0.2012
vn -0.9236 0.1643 -0.3463
vn -0.9235 0.1645 -0.3464
vn -0.9235 0.1940 -0.3308
vn -0.8525 0.2242 -0.4722
vn -0.8527 0.2240 -0.4720
vn -0.8528 0.2642 -0.4505
vn -0.9237 0.1938 -0.3305
vn -0.8525 0.2644 -0.4509
vn -0.8524 0.3028 -0.4262
vn -0.9236 0.2221 -0.3125
vn -0.9237 0.2219 -0.3123
vn -0.8528 0.3025 -0.4257
vn -0.8527 0.3385 -0.3979
vn -0.9235 0.2486 -0.2922
vn -0.9236 0.2484 -0.2920
vn -0.8528 0.3384 -0.3978
vn -0.8528 0.3718 -0.3668
vn -0.9236 0.2729 -0.2692
vn -0.9235 0.2731 -0.2694
vn -0.8526 0.3720 -0.3670
vn -0.8526 0.4026 -0.3331
vn -0.9237 0.2952 -0.2443
vn -0.9236 0.2953 -0.2444
vn -0.8527 0.4025 -0.3331
vn -0.8526 0.4301 -0.2968
vn -0.9236 0.3155 -0.2177
vn -0.9237 0.3153 -0.2176
vn -0.8525 0.4544 -0.2582
vn -0.9236 0.3332 -0.1894
vn -0.9236 0.3334 -0.1895
vn -0.8525 0.4545 -0.2583
vn -0.8525 0.4752 -0.2176
vn -0.9236 0.3486 -0.1596
vn -0.9236 0.3486 -0.1597
vn -0.8528 0.4748 -0.2175
vn -0.8528 0.4920 -0.1753
vn -0.9236 0.3611 -0.1287
vn -0.9236 0.3612 -0.1287
vn -0.8526 0.4923 -0.1754
vn -0.8526 0.5056 -0.1318
vn -0.9236 0.3710 -0.0967
vn -0.8527 0.5055 -0.1318
vn -0.8528 0.5150 -0.0872
vn -0.9236 0.3780 -0.0640
vn -0.9236 0.3779 -0.0640
vn -0.8525 0.5153 -0.0872
vn -0.8524 0.5212 -0.0420
vn -0.9236 0.3821 -0.0308
vn -0.9237 0.3818 -0.0308
vn -0.8526 0.5208 -0.0420
vn -0.8525 0.5227 0.0035
vn -0.9237 0.3831 0.0026
vn -0.9236 0.3833 0.0026
vn -0.8525 0.5227 0.0036
vn -0.8525 0.5204 0.0491
vn -0.9236 0.3816 0.0360
vn -0.9237 0.3814 0.0360
vn -0.8527 0.5201 0.0490
vn -0.8526 0.5139 0.0943
vn -0.9235 0.3773 0.0692
vn -0.9237 0.3769 0.0691
vn -0.8526 0.5140 0.0943
vn -0.8526 0.5038 0.1387
vn -0.9236 0.3697 0.1018
vn -0.9235 0.3698 0.1018
vn -0.8529 0.5034 0.1385
vn -0.8529 0.4894 0.1819
vn -0.9236 0.3593 0.1335
vn -0.9236 0.3594 0.1336
vn -0.8526 0.4898 0.1820
vn -0.8527 0.4720 0.2240
vn -0.9235 0.3465 0.1645
vn -0.9236 0.3464 0.1643
vn -0.8526 0.4721 0.2241
vn -0.8526 0.4508 0.2644
vn -0.9236 0.3306 0.1939
vn -0.9235 0.3309 0.1941
vn -0.8525 0.4509 0.2644
vn -0.8525 0.4261 0.3027
vn -0.9235 0.3127 0.2222
vn -0.9236 0.3126 0.2220
vn -0.8527 0.4259 0.3025
vn -0.8527 0.3979 0.3385
vn -0.9236 0.2920 0.2484
vn -0.9235 0.2922 0.2486
vn -0.8526 0.3980 0.3386
vn -0.8526 0.3670 0.3721
vn -0.9237 0.2691 0.2728
vn -0.9236 0.2692 0.2729
vn -0.8525 0.3671 0.3721
vn -0.8525 0.3332 0.4027
vn -0.9236 0.2444 0.2954
vn -0.9237 0.2443 0.2952
vn -0.8526 0.3332 0.4026
vn -0.8526 0.2968 0.4301
vn -0.9235 0.2178 0.3156
vn -0.9236 0.2177 0.3155
vn -0.7602 0.4142 0.5005
vn -0.7601 0.4143 0.5006
vn -0.7600 0.3692 0.5349
vn -0.8527 0.2968 0.4300
vn -0.6492 0.4849 0.5860
vn -0.6490 0.4850 0.5861
vn -0.6491 0.4321 0.6261
vn -0.7599 0.3692 0.5350
vn -0.6491 0.3758 0.6614
vn -0.7599 0.3211 0.5651
vn -0.6492 0.3758 0.6613
vn -0.6491 0.3168 0.6916
vn -0.7602 0.2706 0.5907
vn -0.7600 0.2706 0.5909
vn -0.6491 0.2553 0.7166
vn -0.7602 0.2181 0.6120
vn -0.7601 0.2181 0.6121
vn -0.6490 0.2553 0.7167
vn -0.6491 0.1919 0.7361
vn -0.7599 0.1639 0.6290
vn -0.7602 0.1639 0.6287
vn -0.6493 0.1919 0.7360
vn -0.6492 0.1269 0.7499
vn -0.7599 0.1085 0.6409
vn -0.7600 0.1085 0.6409
vn -0.6491 0.1269 0.7500
vn -0.6491 0.0611 0.7582
vn -0.7600 0.0522 0.6479
vn -0.7599 0.0522 0.6479
vn -0.6492 0.0611 0.7582
vn -0.6492 -0.0052 0.7606
vn -0.7600 -0.0044 0.6499
vn -0.7599 -0.0044 0.6500
vn -0.6492 -0.0714 0.7573
vn -0.7601 -0.0610 0.6469
vn -0.7600 -0.0611 0.6471
vn -0.6489 -0.0715 0.7575
vn -0.6488 -0.1373 0.7484
vn -0.7599 -0.1173 0.6393
vn -0.7602 -0.1172 0.6391
vn -0.6491 -0.1372 0.7483
vn -0.6490 -0.2019 0.7335
vn -0.7600 -0.1725 0.6266
vn -0.6491 -0.2019 0.7334
vn -0.6491 -0.2651 0.7131
vn -0.7600 -0.2264 0.6092
vn -0.7601 -0.2264 0.6091
vn -0.6491 -0.2650 0.7131
vn -0.6491 -0.3262 0.6872
vn -0.7602 -0.2786 0.5869
vn -0.7600 -0.2787 0.5872
vn -0.6490 -0.3262 0.6873
vn -0.6490 -0.3849 0.6562
vn -0.7598 -0.3289 0.5608
vn -0.7601 -0.3286 0.5605
vn -0.6493 -0.3848 0.6561
vn -0.6492 -0.4405 0.6201
vn -0.7600 -0.3764 0.5298
vn -0.7598 -0.3766 0.5300
vn -0.6490 -0.4406 0.6202
vn -0.6490 -0.4930 0.5795
vn -0.7600 -0.4211 0.4950
vn -0.6489 -0.4930 0.5795
vn -0.6490 -0.5416 0.5343
vn -0.7601 -0.4626 0.4563
vn -0.7599 -0.4628 0.4565
vn -0.6491 -0.5415 0.5342
vn -0.6491 -0.5861 0.4850
vn -0.7600 -0.5007 0.4144
vn -0.7601 -0.5006 0.4143
vn -0.6491 -0.5861 0.4849
vn -0.6491 -0.6261 0.4320
vn -0.7600 -0.5349 0.3692
vn -0.7601 -0.5349 0.3691
vn -0.6490 -0.6262 0.4321
vn -0.6489 -0.6615 0.3760
vn -0.7600 -0.5650 0.3212
vn -0.7601 -0.5650 0.3211
vn -0.6491 -0.6613 0.3759
vn -0.6491 -0.6916 0.3168
vn -0.7604 -0.5904 0.2704
vn -0.7601 -0.5908 0.2705
vn -0.6488 -0.6918 0.3169
vn -0.6488 -0.7168 0.2553
vn -0.7600 -0.6123 0.2181
vn -0.7604 -0.6117 0.2180
vn -0.6491 -0.7166 0.2553
vn -0.6492 -0.7360 0.1918
vn -0.7601 -0.6288 0.1639
vn -0.7599 -0.6291 0.1639
vn -0.6495 -0.7358 0.1918
vn -0.6494 -0.7497 0.1270
vn -0.7600 -0.6408 0.1085
vn -0.7602 -0.6405 0.1085
vn -0.6493 -0.7498 0.1270
vn -0.6492 -0.7582 0.0611
vn -0.7602 -0.6476 0.0522
vn -0.7601 -0.6477 0.0522
vn -0.6490 -0.7583 0.0611
vn -0.6490 -0.7608 -0.0052
vn -0.7600 -0.6499 -0.0045
vn -0.7601 -0.6497 -0.0044
vn -0.6491 -0.7573 -0.0714
vn -0.7603 -0.6467 -0.0610
vn -0.7599 -0.6471 -0.0611
vn -0.6490 -0.7483 -0.1372
vn -0.7605 -0.6387 -0.1171
vn -0.7602 -0.6390 -0.1172
vn -0.6488 -0.7485 -0.1373
vn -0.6488 -0.7337 -0.2020
vn -0.7601 -0.6264 -0.1725
vn -0.7604 -0.6261 -0.1724
vn -0.6489 -0.7335 -0.2020
vn -0.6489 -0.7132 -0.2651
vn -0.7599 -0.6093 -0.2265
vn -0.7603 -0.6089 -0.2263
vn -0.6494 -0.7128 -0.2649
vn -0.6494 -0.6870 -0.3260
vn -0.7601 -0.5870 -0.2786
vn -0.7599 -0.5873 -0.2787
vn -0.6488 -0.6875 -0.3264
vn -0.6489 -0.6563 -0.3850
vn -0.7598 -0.5608 -0.3290
vn -0.7600 -0.5606 -0.3288
vn -0.6491 -0.6562 -0.3848
vn -0.6490 -0.6203 -0.4406
vn -0.7601 -0.5298 -0.3763
vn -0.7598 -0.5300 -0.3766
vn -0.6488 -0.6203 -0.4407
vn -0.6487 -0.5797 -0.4931
vn -0.7603 -0.4947 -0.4209
vn -0.7600 -0.4950 -0.4212
vn -0.6489 -0.5795 -0.4930
vn -0.6490 -0.5342 -0.5416
vn -0.7599 -0.4565 -0.4628
vn -0.7603 -0.4562 -0.4624
vn -0.6487 -0.5344 -0.5419
vn -0.6488 -0.4852 -0.5863
vn -0.7602 -0.4142 -0.5005
vn -0.7599 -0.4144 -0.5008
vn -0.6491 -0.4851 -0.5860
vn -0.6491 -0.4320 -0.6261
vn -0.7599 -0.3692 -0.5350
vn -0.7602 -0.3690 -0.5347
vn -0.6494 -0.4319 -0.6259
vn -0.6493 -0.3758 -0.6612
vn -0.7601 -0.3211 -0.5650
vn -0.7600 -0.3211 -0.5651
vn -0.6491 -0.3758 -0.6614
vn -0.6491 -0.3168 -0.6916
vn -0.7601 -0.2706 -0.5908
vn -0.6489 -0.3168 -0.6918
vn -0.6489 -0.2553 -0.7168
vn -0.7599 -0.2181 -0.6123
vn -0.7600 -0.2181 -0.6122
vn -0.6493 -0.2553 -0.7164
vn -0.6494 -0.1919 -0.7359
vn -0.7601 -0.1639 -0.6288
vn -0.7599 -0.1640 -0.6290
vn -0.6489 -0.1919 -0.7363
vn -0.6489 -0.1270 -0.7502
vn -0.7601 -0.1085 -0.6407
vn -0.6492 -0.1270 -0.7500
vn -0.6491 -0.0611 -0.7582
vn -0.7601 -0.0522 -0.6477
vn -0.7600 -0.0522 -0.6478
vn -0.5217 -0.2151 -0.8256
vn -0.5220 -0.2151 -0.8254
vn -0.3825 -0.3100 -0.8704
vn -0.3827 -0.3100 -0.8703
vn -0.5216 -0.2863 -0.8037
vn -0.3826 -0.2330 -0.8940
vn -0.3824 -0.3848 -0.8401
vn -0.3825 -0.3848 -0.8400
vn -0.5222 -0.3551 -0.7754
vn -0.5222 -0.2863 -0.8034
vn -0.3824 -0.4565 -0.8033
vn -0.3825 -0.4565 -0.8033
vn -0.5220 -0.4214 -0.7415
vn -0.5219 -0.3552 -0.7755
vn -0.3821 -0.5249 -0.7606
vn -0.3826 -0.5248 -0.7604
vn -0.5217 -0.4845 -0.7022
vn -0.5217 -0.4215 -0.7417
vn -0.3821 -0.5891 -0.7120
vn -0.3822 -0.5891 -0.7119
vn -0.5218 -0.5438 -0.6573
vn -0.5219 -0.4845 -0.7021
vn -0.3821 -0.6490 -0.6579
vn -0.5228 -0.5987 -0.6068
vn -0.5226 -0.5436 -0.6568
vn -0.3823 -0.6490 -0.6578
vn -0.3823 -0.7037 -0.5988
vn -0.3824 -0.7037 -0.5988
vn -0.5219 -0.6496 -0.5528
vn -0.5220 -0.5990 -0.6073
vn -0.3829 -0.7531 -0.5349
vn -0.3822 -0.7533 -0.5352
vn -0.5225 -0.6951 -0.4937
vn -0.5227 -0.6494 -0.5524
vn -0.3825 -0.7970 -0.4674
vn -0.3828 -0.7969 -0.4674
vn -0.5220 -0.7357 -0.4315
vn -0.5220 -0.6953 -0.4940
vn -0.3824 -0.8347 -0.3962
vn -0.3826 -0.8347 -0.3961
vn -0.5221 -0.7705 -0.3657
vn -0.5221 -0.7357 -0.4315
vn -0.3825 -0.8660 -0.3220
vn -0.3822 -0.8662 -0.3220
vn -0.5217 -0.7997 -0.2973
vn -0.5217 -0.7707 -0.3659
vn -0.3825 -0.8908 -0.2451
vn -0.3825 -0.8909 -0.2452
vn -0.5225 -0.8221 -0.2262
vn -0.5225 -0.7992 -0.2970
vn -0.3824 -0.9088 -0.1667
vn -0.3827 -0.9087 -0.1666
vn -0.5215 -0.8392 -0.1540
vn -0.5217 -0.8225 -0.2265
vn -0.3822 -0.9200 -0.0868
vn -0.5218 -0.8493 -0.0802
vn -0.5218 -0.8391 -0.1539
vn -0.3824 -0.9199 -0.0868
vn -0.3819 -0.9242 -0.0064
vn -0.3822 -0.9241 -0.0063
vn -0.5223 -0.8528 -0.0059
vn -0.5221 -0.8491 -0.0801
vn -0.3823 -0.9211 0.0743
vn -0.3821 -0.9212 0.0743
vn -0.5224 -0.8499 0.0686
vn -0.5224 -0.8527 -0.0058
vn -0.3829 -0.9108 0.1543
vn -0.3821 -0.9112 0.1542
vn -0.5219 -0.8410 0.1425
vn -0.5216 -0.8505 0.0685
vn -0.3824 -0.8941 0.2330
vn -0.3829 -0.8939 0.2331
vn -0.5217 -0.8256 0.2152
vn -0.5214 -0.8413 0.1425
vn -0.3827 -0.8703 0.3101
vn -0.3823 -0.8704 0.3101
vn -0.5219 -0.8036 0.2863
vn -0.5220 -0.8254 0.2152
vn -0.3819 -0.8403 0.3848
vn -0.3826 -0.8400 0.3848
vn -0.5217 -0.7757 0.3552
vn -0.3822 -0.8034 0.4566
vn -0.3819 -0.8036 0.4566
vn -0.5221 -0.7415 0.4214
vn -0.5222 -0.7754 0.3551
vn -0.3824 -0.7605 0.5248
vn -0.5225 -0.7017 0.4844
vn -0.5225 -0.7413 0.4214
vn -0.3830 -0.7602 0.5248
vn -0.3824 -0.7119 0.5890
vn -0.3830 -0.7117 0.5889
vn -0.5217 -0.6573 0.5439
vn -0.5216 -0.7022 0.4845
vn -0.3825 -0.6577 0.6489
vn -0.3825 -0.6578 0.6489
vn -0.5217 -0.6074 0.5991
vn -0.3827 -0.5986 0.7037
vn -0.3826 -0.5987 0.7037
vn -0.5218 -0.5528 0.6497
vn -0.5220 -0.6072 0.5990
vn -0.3825 -0.5351 0.7532
vn -0.3827 -0.5351 0.7532
vn -0.5221 -0.4939 0.6953
vn -0.5221 -0.5527 0.6496
vn -0.3825 -0.4675 0.7970
vn -0.3826 -0.4674 0.7970
vn -0.5217 -0.4316 0.7359
vn -0.5218 -0.4941 0.6954
vn -0.3825 -0.3962 0.8347
vn -0.5222 -0.3657 0.7705
vn -0.5222 -0.4314 0.7357
vn -0.3821 -0.3220 0.8662
vn -0.3825 -0.3219 0.8661
vn -0.5221 -0.2972 0.7995
vn -0.5220 -0.3657 0.7705
vn -0.3821 -0.2453 0.8910
vn -0.5223 -0.2263 0.8222
vn -0.5223 -0.2971 0.7993
vn -0.3823 -0.2453 0.8909
vn -0.3821 -0.1667 0.9089
vn -0.3823 -0.1666 0.9089
vn -0.5223 -0.1538 0.8388
vn -0.3822 -0.0868 0.9200
vn -0.5221 -0.0801 0.8491
vn -0.5222 -0.1538 0.8389
vn -0.3822 -0.0063 0.9241
vn -0.3823 -0.0063 0.9240
vn -0.5221 -0.0058 0.8529
vn -0.3827 0.0742 0.9209
vn -0.3823 0.0742 0.9210
vn -0.5219 0.0686 0.8503
vn -0.5219 -0.0058 0.8530
vn -0.3824 0.1542 0.9111
vn -0.3828 0.1542 0.9109
vn -0.5220 0.1423 0.8410
vn -0.5220 0.0685 0.8502
vn -0.3826 0.2331 0.8940
vn -0.3823 0.2330 0.8941
vn -0.5219 0.2152 0.8254
vn -0.5219 0.1423 0.8411
vn -0.3822 0.3101 0.8705
vn -0.3827 0.3101 0.8703
vn -0.5218 0.2863 0.8036
vn -0.5218 0.2152 0.8255
vn -0.3822 0.3848 0.8401
vn -0.5222 0.3551 0.7754
vn -0.5222 0.2862 0.8034
vn -0.3819 0.3849 0.8402
vn -0.3822 0.4566 0.8034
vn -0.3817 0.4566 0.8036
vn -0.5223 0.4213 0.7414
vn -0.5222 0.3551 0.7753
vn -0.3828 0.5248 0.7603
vn -0.3822 0.5248 0.7606
vn -0.5220 0.4845 0.7020
vn -0.5221 0.4214 0.7415
vn -0.3825 0.5891 0.7118
vn -0.3829 0.5890 0.7117
vn -0.5219 0.5438 0.6572
vn -0.5217 0.4845 0.7021
vn -0.3828 0.6488 0.6577
vn -0.3826 0.6488 0.6578
vn -0.5217 0.5991 0.6074
vn -0.5217 0.5439 0.6573
vn -0.3827 0.7037 0.5987
vn -0.3829 0.7036 0.5986
vn -0.5216 0.6499 0.5529
vn -0.5215 0.5992 0.6075
vn -0.5213 0.6500 0.5530
vn -0.6493 0.5793 0.4928
vn -0.6492 0.5341 0.5415
vn -0.6493 0.5341 0.5415
vn -0.6494 0.5792 0.4928
vn -0.7599 0.4951 0.4212
vn -0.7601 0.4563 0.4626
vn -0.7600 0.4564 0.4627
vn -0.6491 0.6201 0.4406
vn -0.6492 0.6200 0.4405
vn -0.7602 0.5296 0.3763
vn -0.7602 0.4949 0.4210
vn -0.6490 0.6562 0.3849
vn -0.6492 0.6561 0.3848
vn -0.7603 0.5603 0.3286
vn -0.7603 0.5296 0.3762
vn -0.6491 0.6873 0.3261
vn -0.7603 0.5868 0.2785
vn -0.6487 0.6875 0.3263
vn -0.6493 0.7129 0.2649
vn -0.6487 0.7133 0.2653
vn -0.7602 0.6090 0.2264
vn -0.7602 0.5869 0.2786
vn -0.6493 0.7333 0.2018
vn -0.7599 0.6267 0.1725
vn -0.7600 0.6092 0.2265
vn -0.6491 0.7482 0.1372
vn -0.6490 0.7483 0.1373
vn -0.7601 0.6391 0.1172
vn -0.7600 0.6266 0.1724
vn -0.6488 0.7576 0.0715
vn -0.6491 0.7573 0.0714
vn -0.7600 0.6471 0.0611
vn -0.7600 0.6392 0.1173
vn -0.6490 0.7608 0.0051
vn -0.6486 0.7611 0.0052
vn -0.7603 0.6495 0.0044
vn -0.7602 0.6468 0.0610
vn -0.6489 0.7584 -0.0611
vn -0.6490 0.7583 -0.0611
vn -0.7600 0.6478 -0.0522
vn -0.7600 0.6499 0.0044
vn -0.6494 0.7497 -0.1270
vn -0.6489 0.7502 -0.1270
vn -0.7600 0.6408 -0.1085
vn -0.6493 0.7359 -0.1918
vn -0.7598 0.6292 -0.1640
vn -0.7598 0.6411 -0.1085
vn -0.6491 0.7361 -0.1918
vn -0.6495 0.7163 -0.2552
vn -0.6490 0.7167 -0.2553
vn -0.7601 0.6121 -0.2181
vn -0.7600 0.6289 -0.1639
vn -0.6489 0.6918 -0.3168
vn -0.6495 0.6913 -0.3166
vn -0.7598 0.5912 -0.2707
vn -0.7598 0.6125 -0.2182
vn -0.6489 0.6614 -0.3760
vn -0.6490 0.6615 -0.3760
vn -0.7604 0.5647 -0.3209
vn -0.7604 0.5905 -0.2705
vn -0.6494 0.6259 -0.4319
vn -0.6489 0.6262 -0.4321
vn -0.7602 0.5348 -0.3690
vn -0.7602 0.5648 -0.3210
vn -0.6494 0.5859 -0.4849
vn -0.6492 0.5860 -0.4849
vn -0.7599 0.5008 -0.4144
vn -0.7598 0.5352 -0.3692
vn -0.6493 0.5414 -0.5341
vn -0.6494 0.5414 -0.5341
vn -0.7599 0.4628 -0.4565
vn -0.6491 0.4930 -0.5794
vn -0.6493 0.4928 -0.5793
vn -0.7599 0.4212 -0.4951
vn -0.7600 0.4627 -0.4564
vn -0.6489 0.4407 -0.6202
vn -0.7600 0.3764 -0.5298
vn -0.7600 0.4212 -0.4950
vn -0.6492 0.4405 -0.6200
vn -0.6492 0.3848 -0.6561
vn -0.6491 0.3848 -0.6562
vn -0.7600 0.3288 -0.5606
vn -0.7601 0.3763 -0.5298
vn -0.6491 0.3262 -0.6872
vn -0.6492 0.3261 -0.6871
vn -0.7599 0.2788 -0.5873
vn -0.7599 0.3289 -0.5607
vn -0.6489 0.2651 -0.7132
vn -0.6491 0.2650 -0.7131
vn -0.7602 0.2264 -0.6090
vn -0.7602 0.2786 -0.5870
vn -0.6493 0.2018 -0.7333
vn -0.6490 0.2019 -0.7335
vn -0.7600 0.1725 -0.6267
vn -0.7599 0.2265 -0.6093
vn -0.7598 0.1726 -0.6269
vn -0.8526 0.1387 -0.5037
vn -0.8525 0.1822 -0.4900
vn -0.8526 0.1820 -0.4898
vn -0.6492 0.1372 -0.7481
vn -0.5218 0.0802 -0.8493
vn -0.5221 0.0801 -0.8491
vn -0.6491 0.0715 -0.7573
vn -0.5220 0.1538 -0.8390
vn -0.3826 0.0868 -0.9199
vn -0.3822 0.0868 -0.9200
vn -0.3823 0.1667 -0.9089
vn -0.5218 0.1539 -0.8391
vn -0.3826 0.1666 -0.9088
vn -0.3826 0.2452 -0.8908
vn -0.5218 0.2264 -0.8224
vn -0.5218 0.2264 -0.8225
vn -0.3828 0.2452 -0.8907
vn -0.3829 0.3218 -0.8659
vn -0.5221 0.2971 -0.7995
vn -0.5219 0.2972 -0.7996
vn -0.3827 0.3219 -0.8660
vn -0.3828 0.3961 -0.8346
vn -0.5221 0.3657 -0.7705
vn -0.3825 0.3962 -0.8347
vn -0.3825 0.4674 -0.7970
vn -0.5221 0.4315 -0.7357
vn -0.3824 0.4675 -0.7970
vn -0.3824 0.5351 -0.7533
vn -0.5222 0.4939 -0.6952
vn -0.5222 0.4940 -0.6952
vn -0.3819 0.5353 -0.7534
vn -0.3821 0.5989 -0.7038
vn -0.5218 0.5528 -0.6497
vn -0.5224 0.5525 -0.6495
vn -0.3826 0.5987 -0.7038
vn -0.3825 0.6577 -0.6489
vn -0.5220 0.6072 -0.5990
vn -0.5219 0.6073 -0.5991
vn -0.3823 0.6578 -0.6489
vn -0.3823 0.7119 -0.5891
vn -0.5220 0.6571 -0.5438
vn -0.3823 0.7606 -0.5248
vn -0.5220 0.7020 -0.4844
vn -0.5221 0.7020 -0.4844
vn -0.3827 0.7604 -0.5247
vn -0.3827 0.8032 -0.4565
vn -0.5218 0.7417 -0.4215
vn -0.5219 0.7416 -0.4215
vn -0.3830 0.8031 -0.4564
vn -0.3832 0.8397 -0.3847
vn -0.5217 0.7756 -0.3553
vn -0.5216 0.7757 -0.3553
vn -0.3826 0.8400 -0.3847
vn -0.3824 0.8704 -0.3102
vn -0.5224 0.8032 -0.2863
vn -0.5219 0.8036 -0.2863
vn -0.3820 0.8706 -0.3101
vn -0.3819 0.8943 -0.2331
vn -0.5222 0.8253 -0.2151
vn -0.5227 0.8250 -0.2150
vn -0.3817 0.8944 -0.2331
vn -0.3817 0.9113 -0.1542
vn -0.5216 0.8412 -0.1423
vn -0.5223 0.8408 -0.1423
vn -0.3832 0.9107 -0.1543
vn -0.3829 0.9208 -0.0743
vn -0.5220 0.8502 -0.0686
vn -0.5217 0.8504 -0.0686
vn -0.3827 0.9209 -0.0742
vn -0.3826 0.9239 0.0063
vn -0.5223 0.8527 0.0058
vn -0.5219 0.8530 0.0058
vn -0.3822 0.9240 0.0063
vn -0.3819 0.9201 0.0868
vn -0.5216 0.8494 0.0802
vn -0.5222 0.8490 0.0801
vn -0.3825 0.9199 0.0868
vn -0.3824 0.9089 0.1666
vn -0.5222 0.8389 0.1538
vn -0.5219 0.8390 0.1539
vn -0.3828 0.9087 0.1665
vn -0.3829 0.8907 0.2452
vn -0.5217 0.8225 0.2264
vn -0.5221 0.8223 0.2263
vn -0.3825 0.8908 0.2453
vn -0.3826 0.8660 0.3219
vn -0.5226 0.7992 0.2970
vn -0.5217 0.7997 0.2974
vn -0.3822 0.8662 0.3219
vn -0.3823 0.8348 0.3962
vn -0.5221 0.7705 0.3657
vn -0.5227 0.7702 0.3655
vn -0.3821 0.8348 0.3963
vn -0.3821 0.7971 0.4676
vn -0.5214 0.7360 0.4318
vn -0.5220 0.7358 0.4315
vn -0.3822 0.7971 0.4675
vn -0.3824 0.7533 0.5352
vn -0.5214 0.6956 0.4942
vn -0.2329 0.8388 0.4920
vn -0.2336 0.8387 0.4919
vn -0.2337 0.7927 0.5631
vn -0.3826 0.7532 0.5350
vn -0.0786 0.8599 0.5044
vn -0.0790 0.8599 0.5043
vn -0.0785 0.8273 0.5563
vn -0.2002 0.7883 0.5818
vn -0.0787 0.8127 0.5774
vn -0.2326 0.7928 0.5633
vn -0.0000 0.8046 0.5938
vn -0.0000 0.7666 0.6421
vn -0.0787 0.7643 0.6401
vn -0.0000 0.7376 0.6752
vn -0.0000 0.7377 0.6752
vn -0.0778 0.7354 0.6732
vn -0.1217 0.7561 0.6431
vn -0.0777 0.7001 0.7098
vn -0.2335 0.6829 0.6922
vn -0.2333 0.7407 0.6300
vn -0.2331 0.6829 0.6923
vn -0.0785 0.6356 0.7680
vn -0.1486 0.6226 0.7683
vn -0.2331 0.6200 0.7492
vn -0.0786 0.7001 0.7097
vn -0.2334 0.6200 0.7491
vn -0.0787 0.6608 0.7464
vn -0.0000 0.6629 0.7487
vn -0.0000 0.6296 0.7769
vn -0.0000 0.5805 0.8143
vn 0.1822 0.5708 0.8006
vn 0.0785 0.6276 0.7745
vn 0.0784 0.5663 0.8205
vn 0.2329 0.5524 0.8004
vn 0.2336 0.5522 0.8003
vn 0.2337 0.4804 0.8453
vn 0.0787 0.4925 0.8668
vn 0.0788 0.5431 0.8360
vn 0.0783 0.4925 0.8668
vn -0.0000 0.4940 0.8694
vn -0.0000 0.4941 0.8694
vn -0.0000 0.4524 0.8918
vn 0.0788 0.4512 0.8889
vn -0.0000 0.4525 0.8917
vn -0.0000 0.4141 0.9102
vn 0.0781 0.4129 0.9074
vn 0.0947 0.4146 0.9051
vn 0.1524 0.3317 0.9310
vn 0.2336 0.3263 0.9159
vn 0.2334 0.4050 0.8840
vn 0.2337 0.4049 0.8840
vn 0.0781 0.3562 0.9311
vn -0.0000 0.3573 0.9340
vn -0.0000 0.3162 0.9487
vn 0.0782 0.3152 0.9458
vn -0.0000 0.2572 0.9664
vn 0.1135 0.2555 0.9601
vn 0.0782 0.2515 0.9647
vn 0.0783 0.1664 0.9829
vn 0.2333 0.1623 0.9588
vn 0.0784 0.2142 0.9736
vn 0.2333 0.2453 0.9410
vn -0.0000 0.1669 0.9860
vn -0.0000 0.1111 0.9938
vn 0.0784 0.1108 0.9907
vn -0.0000 0.0675 0.9977
vn 0.0785 0.0673 0.9946
vn 0.1405 0.0796 0.9869
vn 0.2330 0.0781 0.9693
vn 0.0785 -0.0068 0.9969
vn 0.2333 -0.0066 0.9724
vn 0.2333 0.0781 0.9693
vn 0.3827 0.1542 0.9109
vn 0.3827 0.0742 0.9209
vn 0.2330 0.1624 0.9588
vn 0.3824 0.1543 0.9110
vn 0.3823 0.2331 0.8941
vn 0.5219 0.2152 0.8254
vn 0.5220 0.2151 0.8254
vn 0.5221 0.1423 0.8409
vn 0.6493 0.1918 0.7360
vn 0.6490 0.1919 0.7362
vn 0.6493 0.1269 0.7499
vn 0.6491 0.1270 0.7501
vn 0.6491 0.0611 0.7583
vn 0.5222 0.0685 0.8501
vn 0.5220 0.0686 0.8502
vn 0.5220 -0.0058 0.8529
vn 0.3824 0.0742 0.9210
vn 0.3824 -0.0063 0.9240
vn 0.3822 -0.0063 0.9241
vn 0.3822 -0.0868 0.9200
vn 0.2334 -0.0066 0.9724
vn 0.2334 -0.0914 0.9681
vn 0.2330 -0.0914 0.9682
vn 0.0786 -0.1412 0.9869
vn 0.1102 -0.1792 0.9776
vn 0.2330 -0.1754 0.9565
vn 0.0785 -0.0937 0.9925
vn 0.0787 -0.1849 0.9796
vn 0.0787 -0.2448 0.9664
vn 0.1529 -0.2623 0.9528
vn 0.2328 -0.2581 0.9377
vn 0.2329 -0.1754 0.9566
vn 0.3822 -0.2453 0.8909
vn 0.3823 -0.1667 0.9089
vn 0.3822 -0.1666 0.9089
vn 0.2334 -0.2581 0.9375
vn 0.2334 -0.3388 0.9115
vn 0.2329 -0.3388 0.9116
vn 0.3821 -0.3220 0.8662
vn 0.3821 -0.2453 0.8910
vn 0.3825 -0.3220 0.8660
vn 0.5225 -0.2971 0.7992
vn 0.5224 -0.2263 0.8221
vn 0.5225 -0.2263 0.8221
vn 0.6490 -0.2019 0.7335
vn 0.6491 -0.1372 0.7482
vn 0.5224 -0.1538 0.8387
vn 0.6488 -0.1372 0.7485
vn 0.7601 -0.1172 0.6391
vn 0.7602 -0.0610 0.6468
vn 0.7599 -0.0610 0.6471
vn 0.6489 -0.0714 0.7575
vn 0.7600 -0.0044 0.6500
vn 0.7599 -0.0044 0.6500
vn 0.6492 -0.0052 0.7606
vn 0.6492 -0.0715 0.7573
vn 0.5223 -0.0058 0.8528
vn 0.5222 -0.0801 0.8490
vn 0.5223 -0.0801 0.8490
vn 0.7600 0.0522 0.6478
vn 0.7599 0.0522 0.6480
vn 0.6491 0.0611 0.7582
vn 0.8525 0.0873 0.5153
vn 0.8525 0.0420 0.5210
vn 0.7599 0.1085 0.6409
vn 0.8524 0.1319 0.5060
vn 0.7600 0.1640 0.6289
vn 0.8525 0.1318 0.5058
vn 0.9237 0.1285 0.3608
vn 0.9237 0.1286 0.3609
vn 0.8524 0.1755 0.4926
vn 0.9238 0.0966 0.3706
vn 0.9723 0.0784 0.2201
vn 0.9723 0.0784 0.2200
vn 0.9723 0.0589 0.2261
vn 0.9237 0.0967 0.3707
vn 0.9723 0.0390 0.2303
vn 0.9237 0.0640 0.3778
vn 0.9238 0.0639 0.3776
vn 0.9723 0.0390 0.2304
vn 0.9723 0.0188 0.2329
vn 0.9237 0.0308 0.3818
vn 0.9237 0.0308 0.3819
vn 0.9237 -0.0026 0.3831
vn 0.8525 -0.0036 0.5226
vn 0.8524 -0.0035 0.5228
vn 0.9237 -0.0026 0.3830
vn 0.9238 -0.0360 0.3813
vn 0.8524 -0.0491 0.5205
vn 0.8526 -0.0491 0.5203
vn 0.9237 -0.0360 0.3815
vn 0.8526 -0.0943 0.5140
vn 0.9237 -0.0691 0.3769
vn 0.8525 -0.0943 0.5142
vn 0.8525 -0.1388 0.5041
vn 0.7600 -0.1725 0.6266
vn 0.7600 -0.1172 0.6393
vn 0.6491 -0.2651 0.7131
vn 0.7601 -0.2264 0.6091
vn 0.6490 -0.2650 0.7131
vn 0.6491 -0.2019 0.7334
vn 0.6491 -0.3262 0.6872
vn 0.5222 -0.3657 0.7704
vn 0.5221 -0.2971 0.7994
vn 0.5221 -0.4315 0.7356
vn 0.5219 -0.4315 0.7358
vn 0.6490 -0.3848 0.6562
vn 0.6490 -0.3262 0.6873
vn 0.6493 -0.4405 0.6200
vn 0.6493 -0.3848 0.6560
vn 0.5221 -0.4940 0.6953
vn 0.5219 -0.4940 0.6954
vn 0.3826 -0.5351 0.7532
vn 0.3827 -0.5987 0.7037
vn 0.5221 -0.5527 0.6496
vn 0.3825 -0.5987 0.7037
vn 0.2333 -0.6922 0.6829
vn 0.2331 -0.6302 0.7407
vn 0.3826 -0.6577 0.6488
vn 0.3824 -0.7119 0.5891
vn 0.3824 -0.6578 0.6489
vn 0.2331 -0.7492 0.6200
vn 0.2334 -0.7492 0.6199
vn 0.0781 -0.8205 0.5663
vn 0.2330 -0.8004 0.5524
vn 0.0776 -0.7681 0.6356
vn 0.2009 -0.7432 0.6381
vn 0.0782 -0.7843 0.6154
vn -0.0000 -0.7867 0.6173
vn -0.0000 -0.8230 0.5680
vn -0.0782 -0.7843 0.6154
vn -0.0781 -0.8205 0.5662
vn -0.0782 -0.8205 0.5663
vn -0.2331 -0.8003 0.5524
vn -0.1509 -0.7616 0.6302
vn -0.2331 -0.7492 0.6199
vn -0.2328 -0.8004 0.5524
vn -0.0780 -0.7097 0.7002
vn -0.2335 -0.6922 0.6829
vn -0.2334 -0.7491 0.6199
vn -0.0779 -0.7564 0.6495
vn -0.0000 -0.7174 0.6967
vn -0.1314 -0.7111 0.6907
vn -0.0000 -0.7587 0.6514
vn -0.0000 -0.6859 0.7277
vn -0.0782 -0.6838 0.7255
vn -0.0000 -0.6480 0.7616
vn -0.0782 -0.6461 0.7593
vn 0.0784 -0.6460 0.7593
vn 0.0782 -0.6838 0.7255
vn 0.0781 -0.6461 0.7593
vn 0.0787 -0.5774 0.8127
vn 0.1483 -0.5645 0.8120
vn 0.2333 -0.5632 0.7927
vn 0.2332 -0.5632 0.7928
vn 0.2331 -0.6301 0.7406
vn 0.0784 -0.6041 0.7930
vn 0.3828 -0.5351 0.7531
vn 0.3827 -0.4674 0.7969
vn 0.2334 -0.4919 0.8388
vn 0.3824 -0.4675 0.7970
vn 0.2333 -0.4919 0.8388
vn 0.2333 -0.4170 0.8785
vn 0.3825 -0.3962 0.8347
vn 0.2330 -0.4169 0.8785
vn 0.0779 -0.4274 0.9007
vn 0.1462 -0.5005 0.8533
vn 0.0780 -0.4798 0.8739
vn -0.0000 -0.4812 0.8766
vn -0.0000 -0.5190 0.8547
vn 0.0787 -0.5174 0.8521
vn -0.0780 -0.4798 0.8739
vn -0.0000 -0.5190 0.8548
vn -0.1822 -0.5103 0.8404
vn -0.0786 -0.5043 0.8599
vn -0.0780 -0.4275 0.9006
vn -0.0783 -0.4274 0.9007
vn -0.2334 -0.4919 0.8388
vn -0.2334 -0.4169 0.8785
vn -0.2333 -0.4919 0.8388
vn -0.0785 -0.3856 0.9193
vn -0.0952 -0.3469 0.9331
vn -0.2329 -0.3389 0.9115
vn -0.2330 -0.4170 0.8786
vn -0.1529 -0.2622 0.9528
vn -0.2334 -0.2581 0.9375
vn -0.2334 -0.3388 0.9115
vn -0.0786 -0.3450 0.9353
vn -0.0786 -0.2868 0.9548
vn -0.0000 -0.2876 0.9578
vn -0.0000 -0.3460 0.9382
vn -0.0000 -0.3868 0.9222
vn 0.0785 -0.3858 0.9193
vn 0.0951 -0.3468 0.9331
vn 0.0784 -0.3450 0.9353
vn -0.0000 -0.4288 0.9034
vn 0.0784 -0.4275 0.9006
vn 0.0786 -0.2867 0.9548
vn -0.0000 -0.2455 0.9694
vn -0.0787 -0.2448 0.9664
vn -0.0000 -0.1855 0.9827
vn -0.1144 -0.1843 0.9762
vn -0.0787 -0.1798 0.9806
vn -0.2328 -0.1754 0.9566
vn -0.0786 -0.1412 0.9869
vn -0.0782 -0.0937 0.9925
vn -0.2330 -0.0914 0.9682
vn -0.2330 -0.1754 0.9565
vn -0.0785 -0.0937 0.9925
vn -0.0000 -0.0940 0.9956
vn -0.0000 -0.1416 0.9899
vn -0.0000 -0.1417 0.9899
vn -0.0000 -0.0374 0.9993
vn -0.0783 -0.0374 0.9962
vn -0.0000 -0.0375 0.9993
vn 0.0783 -0.0373 0.9962
vn 0.0782 -0.0937 0.9925
vn -0.0000 0.0059 1.0000
vn 0.1651 0.0059 0.9863
vn -0.0000 0.0676 0.9977
vn -0.0786 0.0059 0.9969
vn -0.0785 0.0801 0.9937
vn -0.1659 0.0666 0.9839
vn -0.0783 0.1664 0.9829
vn -0.0784 0.1108 0.9907
vn -0.2330 0.1623 0.9588
vn -0.2334 0.0781 0.9692
vn -0.2330 0.0781 0.9693
vn -0.2333 0.2453 0.9410
vn -0.2333 0.1623 0.9587
vn -0.0784 0.2144 0.9736
vn -0.1093 0.2507 0.9619
vn -0.0782 0.2564 0.9634
vn -0.1524 0.3317 0.9310
vn -0.0783 0.3152 0.9458
vn -0.2333 0.3263 0.9160
vn -0.0781 0.4129 0.9074
vn -0.0947 0.4146 0.9051
vn -0.0782 0.3562 0.9311
vn -0.2336 0.4050 0.8840
vn -0.2336 0.3263 0.9159
vn -0.0788 0.4511 0.8890
vn -0.0786 0.4925 0.8667
vn -0.2337 0.4804 0.8454
vn -0.2335 0.4050 0.8840
vn -0.0785 0.4925 0.8668
vn -0.1461 0.5619 0.8142
vn -0.2336 0.5523 0.8003
vn -0.2336 0.4804 0.8454
vn -0.0789 0.5431 0.8360
vn -0.0787 0.5787 0.8117
vn -0.0000 0.5447 0.8386
vn -0.0000 0.5448 0.8386
vn -0.0000 0.2150 0.9766
vn -0.0000 0.2149 0.9766
vn -0.1401 -0.0067 0.9901
vn -0.2334 -0.0066 0.9723
vn -0.2333 -0.0066 0.9724
vn -0.2334 -0.0914 0.9681
vn -0.0000 -0.1855 0.9826
vn -0.2328 -0.2581 0.9376
vn -0.0788 -0.5691 0.8185
vn -0.1321 -0.5741 0.8081
vn -0.2333 -0.5632 0.7927
vn -0.0783 -0.6460 0.7593
vn -0.2332 -0.6301 0.7406
vn -0.0783 -0.6041 0.7930
vn -0.2331 -0.6302 0.7407
vn -0.0000 -0.5708 0.8211
vn -0.0000 -0.6060 0.7955
vn 0.0780 -0.7152 0.6946
vn 0.1220 -0.7066 0.6970
vn -0.2332 -0.6923 0.6829
vn -0.2329 -0.8455 0.4804
vn -0.2338 -0.8453 0.4804
vn -0.0781 -0.8667 0.4926
vn -0.0785 -0.8667 0.4927
vn -0.0785 -0.8955 0.4382
vn -0.2000 -0.8980 0.3919
vn -0.0786 -0.9064 0.4150
vn -0.2325 -0.8843 0.4049
vn -0.2338 -0.8839 0.4049
vn -0.0000 -0.9165 0.3999
vn -0.0000 -0.9394 0.3429
vn -0.0790 -0.9364 0.3418
vn -0.0000 -0.9536 0.3012
vn -0.0782 -0.9507 0.3003
vn -0.1222 -0.9349 0.3332
vn -0.0780 -0.9647 0.2515
vn -0.2330 -0.9410 0.2453
vn -0.2334 -0.9160 0.3264
vn -0.2334 -0.9409 0.2453
vn -0.0776 -0.9830 0.1664
vn -0.1481 -0.9767 0.1550
vn -0.2335 -0.9587 0.1623
vn -0.0779 -0.9647 0.2514
vn -0.2331 -0.9588 0.1623
vn -0.0783 -0.9768 0.1991
vn -0.0000 -0.9799 0.1997
vn -0.0000 -0.9876 0.1568
vn -0.0000 -0.9954 0.0958
vn 0.1830 -0.9786 0.0942
vn 0.0777 -0.9847 0.1563
vn 0.0777 -0.9938 0.0801
vn 0.2333 -0.9693 0.0781
vn 0.2334 -0.9692 0.0781
vn 0.2333 -0.9724 -0.0066
vn 0.0785 -0.9969 -0.0068
vn 0.0778 -0.9956 0.0518
vn 0.0778 -0.9969 -0.0067
vn 0.3822 -0.9211 0.0743
vn 0.3820 -0.9241 -0.0063
vn 0.2334 -0.9723 -0.0067
vn 0.2335 -0.9681 -0.0914
vn 0.2329 -0.9682 -0.0914
vn 0.3821 -0.9241 -0.0064
vn 0.3821 -0.9200 -0.0868
vn 0.5223 -0.8490 -0.0801
vn 0.5223 -0.8527 -0.0058
vn 0.5226 -0.8526 -0.0059
vn 0.3824 -0.9199 -0.0868
vn 0.3827 -0.9087 -0.1667
vn 0.5220 -0.8389 -0.1539
vn 0.3823 -0.9089 -0.1667
vn 0.5220 -0.8491 -0.0801
vn 0.6491 -0.7482 -0.1372
vn 0.6490 -0.7574 -0.0714
vn 0.6492 -0.7572 -0.0714
vn 0.5216 -0.8392 -0.1539
vn 0.6487 -0.7338 -0.2020
vn 0.6487 -0.7486 -0.1372
vn 0.5225 -0.8220 -0.2263
vn 0.5219 -0.8225 -0.2263
vn 0.5226 -0.7991 -0.2971
vn 0.3824 -0.8909 -0.2451
vn 0.3823 -0.8661 -0.3220
vn 0.3824 -0.8661 -0.3220
vn 0.2328 -0.8786 -0.4169
vn 0.2328 -0.9116 -0.3389
vn 0.2330 -0.8786 -0.4169
vn 0.3824 -0.8348 -0.3961
vn 0.0785 -0.8951 -0.4389
vn 0.0782 -0.8599 -0.5044
vn 0.1403 -0.8945 -0.4245
vn 0.2330 -0.8389 -0.4920
vn 0.1663 -0.8569 -0.4878
vn 0.0781 -0.8438 -0.5309
vn 0.0782 -0.8128 -0.5772
vn 0.2328 -0.8389 -0.4920
vn 0.2325 -0.7929 -0.5632
vn 0.0787 -0.8127 -0.5773
vn 0.0788 -0.7831 -0.6169
vn 0.1092 -0.7570 -0.6442
vn 0.2330 -0.7406 -0.6302
vn 0.2334 -0.7927 -0.5631
vn 0.2331 -0.7407 -0.6301
vn 0.3821 -0.7038 -0.5989
vn 0.3823 -0.7534 -0.5351
vn 0.3827 -0.7531 -0.5351
vn 0.5228 -0.6949 -0.4937
vn 0.5219 -0.6954 -0.4940
vn 0.3825 -0.7037 -0.5988
vn 0.5229 -0.6492 -0.5524
vn 0.5220 -0.6496 -0.5527
vn 0.6487 -0.5797 -0.4931
vn 0.6491 -0.6201 -0.4406
vn 0.6486 -0.6205 -0.4408
vn 0.7598 -0.5609 -0.3289
vn 0.7598 -0.5301 -0.3765
vn 0.7600 -0.5606 -0.3288
vn 0.6492 -0.6561 -0.3848
vn 0.6487 -0.6565 -0.3850
vn 0.6488 -0.6875 -0.3263
vn 0.7599 -0.5873 -0.2787
vn 0.7601 -0.5870 -0.2786
vn 0.7598 -0.6094 -0.2264
vn 0.8525 -0.4722 -0.2241
vn 0.8526 -0.4899 -0.1821
vn 0.8522 -0.4904 -0.1822
vn 0.8523 -0.5043 -0.1388
vn 0.8524 -0.5041 -0.1388
vn 0.7603 -0.6262 -0.1724
vn 0.7603 -0.6089 -0.2264
vn 0.7603 -0.6263 -0.1725
vn 0.6490 -0.7335 -0.2020
vn 0.6489 -0.7132 -0.2650
vn 0.6494 -0.7128 -0.2650
vn 0.6493 -0.6870 -0.3262
vn 0.5222 -0.7704 -0.3658
vn 0.5218 -0.7996 -0.2971
vn 0.5220 -0.7706 -0.3657
vn 0.5223 -0.7356 -0.4314
vn 0.3828 -0.7969 -0.4674
vn 0.3826 -0.7970 -0.4674
vn 0.3826 -0.8347 -0.3962
vn 0.8524 -0.5143 -0.0943
vn 0.7603 -0.6390 -0.1172
vn 0.8523 -0.5145 -0.0943
vn 0.8523 -0.5207 -0.0492
vn 0.9238 -0.3766 -0.0691
vn 0.9238 -0.3812 -0.0360
vn 0.9239 -0.3811 -0.0360
vn 0.9723 -0.2337 -0.0016
vn 0.9723 -0.2335 -0.0016
vn 0.9238 -0.3828 -0.0026
vn 0.9723 -0.2327 -0.0220
vn 0.9969 -0.0783 -0.0074
vn 0.9969 -0.0786 -0.0005
vn 0.9723 -0.2325 -0.0220
vn 1.0000 -0.0000 -0.0000
vn 0.9969 -0.0784 0.0063
vn -0.0000 -0.9959 -0.0905
vn -0.0000 -0.9968 0.0793
vn 1.0000 -0.0000 0.0001
vn -0.0000 -0.9691 0.2466
vn -0.0000 0.9691 -0.2467
vn -0.0000 0.9969 -0.0787
vn -0.0000 0.9969 -0.0788
vn 1.0000 -0.0000 -0.0001
vn -0.0000 -0.9969 0.0791
vn -0.0000 -0.9959 -0.0906
vn -0.0000 -0.9689 0.2476
vn -0.0000 -0.7263 0.6874
vn -0.0000 -0.5989 0.8008
vn -0.0000 -0.8316 0.5553
vn -0.0000 0.5994 -0.8004
vn -0.0000 0.7258 -0.6879
vn -0.0000 0.4550 -0.8905
vn -0.0000 0.4548 -0.8906
vn -0.0000 0.2983 -0.9545
vn -0.0000 -0.4552 0.8904
vn -0.0000 -0.4553 0.8904
vn -0.0000 -0.2982 0.9545
vn 0.9969 -0.0274 0.0738
vn 0.9969 -0.0337 0.0710
vn 0.9969 -0.0337 0.0711
vn 0.9969 -0.0274 0.0737
vn 0.9723 -0.1002 0.2111
vn 0.9723 -0.0814 0.2191
vn 0.9969 -0.0209 0.0758
vn 0.9724 -0.0814 0.2189
vn 0.9724 -0.0620 0.2251
vn 0.9969 -0.0142 0.0773
vn 0.9969 -0.0142 0.0774
vn 0.9724 -0.0421 0.2297
vn 0.9969 -0.0074 0.0784
vn 0.9723 -0.0219 0.2325
vn 0.9969 -0.0074 0.0783
vn 0.9969 -0.0005 0.0787
vn 0.9969 -0.0005 0.0786
vn 0.9723 -0.0016 0.2336
vn 0.9969 0.0063 0.0784
vn 0.9969 0.0063 0.0783
vn 0.9723 0.0188 0.2328
vn 0.9969 0.0131 0.0775
vn -0.0000 0.2052 0.9787
vn -0.0000 0.0793 0.9969
vn -0.0000 0.3676 0.9300
vn -0.0000 -0.2045 -0.9789
vn -0.0000 -0.0794 -0.9968
vn -0.0000 -0.0796 -0.9968
vn -0.0000 -0.2044 -0.9789
vn -0.0000 0.0792 0.9969
vn -0.0000 -0.0059 1.0000
vn -0.0000 -0.1321 0.9912
vn -0.0000 -0.2987 0.9543
vn -0.0000 -0.1322 0.9912
vn -0.0000 0.1329 -0.9911
vn -0.0000 0.1328 -0.9911
vn -0.0000 0.0049 -1.0000
vn -0.0000 -0.1326 0.9912
vn -0.0000 -0.0057 1.0000
vn -0.0000 0.0047 -1.0000
vn -0.0000 0.2048 0.9788
vn -0.0000 0.3682 0.9297
vn -0.0000 0.3683 0.9297
vn -0.0000 -0.5194 -0.8545
vn -0.0000 -0.5193 -0.8546
vn -0.0000 -0.3680 -0.9298
vn -0.0000 -0.6565 -0.7543
vn -0.0000 -0.7745 -0.6326
vn -0.0000 0.6565 0.7543
vn -0.0000 0.7744 0.6327
vn 0.9969 0.0598 0.0510
vn 0.9969 0.0552 0.0559
vn 0.9969 0.0552 0.0560
vn 0.9969 0.0501 0.0606
vn 0.9723 0.1489 0.1799
vn 0.9723 0.1490 0.1800
vn 0.9723 0.1641 0.1663
vn 0.9723 0.1641 0.1664
vn 0.9238 0.2688 0.2725
vn 0.9238 0.2441 0.2949
vn 0.9237 0.2442 0.2951
vn 0.9237 0.2690 0.2727
vn 0.8523 0.3335 0.4030
vn 0.8525 0.3333 0.4028
vn 0.8523 0.3673 0.3724
vn 0.7601 0.4143 0.5006
vn 0.8524 0.3671 0.3722
vn 0.7602 0.4142 0.5005
vn 0.7601 0.4563 0.4627
vn 0.6491 0.4321 0.6261
vn 0.6490 0.4850 0.5861
vn 0.7601 0.3691 0.5348
vn 0.7599 0.3692 0.5350
vn 0.7599 0.3212 0.5652
vn 0.6490 0.3758 0.6614
vn 0.6492 0.3758 0.6613
vn 0.6491 0.3168 0.6916
vn 0.7600 0.2707 0.5909
vn 0.7600 0.3211 0.5651
vn 0.6492 0.3168 0.6916
vn 0.5224 0.2861 0.8033
vn 0.5219 0.2863 0.8035
vn 0.5224 0.3551 0.7753
vn 0.6491 0.2553 0.7166
vn 0.3822 0.3102 0.8705
vn 0.3827 0.3100 0.8703
vn 0.3822 0.3848 0.8401
vn 0.5224 0.3551 0.7752
vn 0.3819 0.3849 0.8403
vn 0.3818 0.4567 0.8036
vn 0.5226 0.4212 0.7412
vn 0.5222 0.4214 0.7415
vn 0.3822 0.5249 0.7605
vn 0.3821 0.4565 0.8035
vn 0.5221 0.4845 0.7020
vn 0.5222 0.4844 0.7019
vn 0.3829 0.5247 0.7604
vn 0.3829 0.5889 0.7117
vn 0.5220 0.5438 0.6571
vn 0.5219 0.5439 0.6572
vn 0.6493 0.5341 0.5415
vn 0.5219 0.5990 0.6073
vn 0.6492 0.4849 0.5860
vn 0.6491 0.5342 0.5416
vn 0.7600 0.4950 0.4211
vn 0.7601 0.4564 0.4626
vn 0.7601 0.4949 0.4211
vn 0.6494 0.5792 0.4928
vn 0.7602 0.5296 0.3763
vn 0.6493 0.5793 0.4928
vn 0.6491 0.6201 0.4406
vn 0.7602 0.5296 0.3762
vn 0.7603 0.5604 0.3286
vn 0.8524 0.4263 0.3028
vn 0.8524 0.4510 0.2645
vn 0.8524 0.4724 0.2242
vn 0.8525 0.4722 0.2242
vn 0.7603 0.5603 0.3286
vn 0.7604 0.5868 0.2785
vn 0.8525 0.4899 0.1821
vn 0.8527 0.4897 0.1821
vn 0.7602 0.6089 0.2263
vn 0.7601 0.5870 0.2786
vn 0.7600 0.6093 0.2264
vn 0.6486 0.7134 0.2651
vn 0.6485 0.6877 0.3263
vn 0.6493 0.6871 0.3261
vn 0.5224 0.7704 0.3655
vn 0.5217 0.7359 0.4316
vn 0.5221 0.7357 0.4315
vn 0.6492 0.6561 0.3848
vn 0.3825 0.7969 0.4675
vn 0.3819 0.7972 0.4676
vn 0.5227 0.7702 0.3655
vn 0.3819 0.8349 0.3963
vn 0.2335 0.8387 0.4920
vn 0.2331 0.8389 0.4919
vn 0.2329 0.8785 0.4170
vn 0.3825 0.8347 0.3962
vn 0.3826 0.8660 0.3219
vn 0.3822 0.8662 0.3219
vn 0.2328 0.9116 0.3388
vn 0.2331 0.8785 0.4170
vn 0.0791 0.9006 0.4275
vn 0.0784 0.9006 0.4274
vn 0.0787 0.9345 0.3473
vn 0.1999 0.9244 0.3248
vn 0.0785 0.9252 0.3712
vn -0.0000 0.9281 0.3723
vn -0.0000 0.9034 0.4287
vn -0.0783 0.9252 0.3712
vn -0.0792 0.9006 0.4274
vn -0.0783 0.9006 0.4275
vn -0.2331 0.8785 0.4170
vn -0.1511 0.9266 0.3444
vn -0.2327 0.9116 0.3388
vn -0.2329 0.8785 0.4170
vn -0.0787 0.9611 0.2646
vn -0.2329 0.9376 0.2582
vn -0.2328 0.9116 0.3388
vn -0.0787 0.9405 0.3304
vn -0.0000 0.9620 0.2729
vn -0.1314 0.9537 0.2705
vn -0.0000 0.9435 0.3315
vn -0.0000 0.9731 0.2303
vn -0.0781 0.9702 0.2296
vn -0.0000 0.9836 0.1804
vn -0.0780 0.9806 0.1799
vn 0.0784 0.9806 0.1799
vn 0.0782 0.9702 0.2295
vn 0.0781 0.9806 0.1798
vn 0.2335 0.9564 0.1754
vn 0.0778 0.9926 0.0936
vn 0.1487 0.9854 0.0826
vn 0.0784 0.9888 0.1266
vn 0.2335 0.9681 0.0913
vn 0.2336 0.9680 0.0913
vn 0.3823 0.9200 0.0868
vn 0.3821 0.9241 0.0063
vn 0.2336 0.9723 0.0067
vn 0.3827 0.9238 0.0063
vn 0.3829 0.9208 -0.0743
vn 0.5221 0.8528 0.0058
vn 0.5220 0.8502 -0.0685
vn 0.5220 0.8502 -0.0686
vn 0.5220 0.8410 -0.1423
vn 0.3830 0.9208 -0.0742
vn 0.3831 0.9107 -0.1541
vn 0.5222 0.8409 -0.1422
vn 0.6494 0.7498 -0.1269
vn 0.5224 0.8251 -0.2151
vn 0.6493 0.7360 -0.1918
vn 0.6490 0.7361 -0.1919
vn 0.6489 0.7167 -0.2554
vn 0.5228 0.8249 -0.2150
vn 0.5227 0.8031 -0.2861
vn 0.6494 0.7163 -0.2552
vn 0.7599 0.6123 -0.2182
vn 0.7598 0.5911 -0.2708
vn 0.7603 0.5906 -0.2705
vn 0.6494 0.6914 -0.3166
vn 0.8524 0.4546 -0.2583
vn 0.8524 0.4754 -0.2178
vn 0.8524 0.4547 -0.2584
vn 0.7604 0.5646 -0.3209
vn 0.7602 0.5649 -0.3211
vn 0.7602 0.5348 -0.3690
vn 0.8525 0.4303 -0.2969
vn 0.8524 0.4304 -0.2970
vn 0.8525 0.4026 -0.3332
vn 0.9238 0.3151 -0.2174
vn 0.9238 0.2949 -0.2440
vn 0.9237 0.2952 -0.2443
vn 0.9238 0.2727 -0.2689
vn 0.9236 0.2729 -0.2692
vn 0.8525 0.3721 -0.3672
vn 0.8524 0.4028 -0.3333
vn 0.8525 0.3721 -0.3670
vn 0.7599 0.4628 -0.4565
vn 0.7599 0.5008 -0.4144
vn 0.7599 0.5008 -0.4145
vn 0.6493 0.6260 -0.4319
vn 0.6492 0.5860 -0.4849
vn 0.7598 0.5351 -0.3693
vn 0.6490 0.6262 -0.4321
vn 0.6490 0.6614 -0.3759
vn 0.5218 0.7416 -0.4215
vn 0.5222 0.7415 -0.4214
vn 0.5222 0.7019 -0.4843
vn 0.3830 0.8031 -0.4564
vn 0.3827 0.8032 -0.4565
vn 0.3826 0.7605 -0.5247
vn 0.5223 0.7019 -0.4843
vn 0.3823 0.7605 -0.5248
vn 0.5222 0.6570 -0.5437
vn 0.5221 0.6571 -0.5437
vn 0.3823 0.7119 -0.5891
vn 0.5221 0.6071 -0.5990
vn 0.5220 0.6072 -0.5990
vn 0.3823 0.6578 -0.6490
vn 0.3825 0.6578 -0.6488
vn 0.2329 0.6923 -0.6829
vn 0.2330 0.7492 -0.6200
vn 0.2331 0.7492 -0.6200
vn 0.1407 0.8148 -0.5624
vn 0.2329 0.8004 -0.5524
vn 0.0784 0.7680 -0.6356
vn 0.0785 0.8026 -0.5913
vn -0.0000 0.8051 -0.5931
vn -0.0000 0.8304 -0.5572
vn 0.0778 0.8278 -0.5555
vn -0.0000 0.8629 -0.5053
vn 0.1665 0.8509 -0.4982
vn 0.0780 0.8668 -0.4925
vn 0.2324 0.8456 -0.4806
vn 0.2331 0.8455 -0.4804
vn 0.2323 0.8843 -0.4051
vn 0.0782 0.9064 -0.4152
vn 0.0786 0.8816 -0.4654
vn 0.0785 0.9063 -0.4152
vn -0.0000 0.9092 -0.4164
vn -0.0000 0.9283 -0.3718
vn 0.0783 0.9255 -0.3707
vn -0.0000 0.9283 -0.3719
vn -0.0000 0.9437 -0.3307
vn 0.0782 0.9408 -0.3297
vn 0.1094 0.9364 -0.3336
vn 0.0780 0.9593 -0.2712
vn 0.2334 0.9409 -0.2453
vn 0.1524 0.9564 -0.2493
vn 0.2331 0.9161 -0.3263
vn 0.2332 0.9160 -0.3263
vn -0.0000 0.9623 -0.2721
vn -0.0000 0.9732 -0.2300
vn 0.0790 0.9702 -0.2292
vn -0.0000 0.9855 -0.1695
vn 0.0788 0.9825 -0.1689
vn -0.0000 0.9921 -0.1257
vn 0.0784 0.9890 -0.1254
vn 0.0950 0.9815 -0.1662
vn 0.0782 0.9937 -0.0801
vn 0.2337 0.9587 -0.1623
vn 0.2331 0.9693 -0.0781
vn 0.0789 0.9937 -0.0801
vn 0.2334 0.9587 -0.1624
vn 0.2333 0.9410 -0.2452
vn 0.3815 0.9114 -0.1544
vn 0.3817 0.8944 -0.2331
vn 0.3820 0.8943 -0.2330
vn -0.0000 0.9968 -0.0804
vn -0.0000 0.9998 -0.0213
vn 0.0787 0.9967 -0.0212
vn -0.0000 0.9998 0.0223
vn 0.0780 0.9967 0.0223
vn 0.1463 0.9892 0.0068
vn -0.0788 0.9967 -0.0212
vn -0.1827 0.9829 0.0219
vn -0.0779 0.9969 0.0068
vn -0.0789 0.9937 -0.0801
vn -0.0783 0.9937 -0.0801
vn -0.2335 0.9723 0.0067
vn -0.2333 0.9693 -0.0781
vn -0.2333 0.9724 0.0067
vn -0.0784 0.9890 -0.1253
vn -0.0950 0.9815 -0.1662
vn -0.2336 0.9587 -0.1623
vn -0.1527 0.9563 -0.2493
vn -0.2332 0.9410 -0.2453
vn -0.2333 0.9587 -0.1624
vn -0.0789 0.9825 -0.1689
vn -0.0788 0.9702 -0.2292
vn -0.0781 0.9391 -0.3346
vn -0.2333 0.9160 -0.3263
vn -0.2333 0.9410 -0.2452
vn -0.0782 0.9593 -0.2712
vn -0.1138 0.9376 -0.3286
vn -0.0784 0.9254 -0.3707
vn -0.0785 0.9063 -0.4152
vn -0.2333 0.8841 -0.4050
vn -0.2331 0.9161 -0.3263
vn -0.0783 0.9064 -0.4152
vn -0.0786 0.8816 -0.4655
vn -0.1409 0.8608 -0.4891
vn -0.2326 0.8456 -0.4805
vn -0.2325 0.8843 -0.4050
vn -0.0780 0.8603 -0.5038
vn -0.0779 0.8205 -0.5663
vn -0.2332 0.8003 -0.5523
vn -0.2329 0.8455 -0.4805
vn -0.1666 0.8187 -0.5495
vn -0.0788 0.7680 -0.6355
vn -0.0790 0.7680 -0.6356
vn -0.0786 0.8026 -0.5913
vn -0.2330 0.7492 -0.6200
vn -0.2329 0.8004 -0.5524
vn -0.2330 0.6923 -0.6829
vn -0.2329 0.7492 -0.6200
vn -0.0790 0.7361 -0.6722
vn -0.1103 0.7076 -0.6980
vn -0.0788 0.7061 -0.7037
vn -0.1526 0.6404 -0.7527
vn -0.0790 0.6614 -0.7459
vn -0.2328 0.6302 -0.7407
vn -0.2329 0.6923 -0.6830
vn -0.0000 0.6634 -0.7483
vn -0.0000 0.7083 -0.7059
vn -0.0000 0.7384 -0.6743
vn 0.0789 0.7362 -0.6722
vn 0.1142 0.7036 -0.7013
vn -0.0000 0.7704 -0.6375
vn 0.0792 0.7680 -0.6355
vn 0.0789 0.6613 -0.7459
vn 0.0789 0.7097 -0.7001
vn 0.2330 0.6923 -0.6829
vn 0.2328 0.6301 -0.7408
vn 0.2337 0.6301 -0.7405
vn 0.1525 0.6404 -0.7527
vn 0.0783 0.5795 -0.8112
vn 0.0948 0.5765 -0.8115
vn 0.0785 0.6284 -0.7739
vn 0.2336 0.5632 -0.7926
vn 0.2333 0.5632 -0.7927
vn 0.3825 0.4674 -0.7970
vn 0.2330 0.4920 -0.8388
vn 0.3823 0.5352 -0.7533
vn 0.3824 0.4674 -0.7970
vn 0.5223 0.3657 -0.7704
vn 0.5223 0.4314 -0.7356
vn 0.5222 0.3657 -0.7705
vn 0.3825 0.3962 -0.8347
vn 0.3828 0.3962 -0.8346
vn 0.3827 0.3218 -0.8660
vn 0.5220 0.2971 -0.7995
vn 0.5223 0.2971 -0.7993
vn 0.5221 0.2264 -0.8223
vn 0.6490 0.2651 -0.7132
vn 0.6491 0.2019 -0.7334
vn 0.6493 0.2019 -0.7333
vn 0.6492 0.1372 -0.7481
vn 0.6492 0.1372 -0.7482
vn 0.5220 0.1538 -0.8390
vn 0.5218 0.2264 -0.8224
vn 0.5221 0.1539 -0.8389
vn 0.3826 0.1667 -0.9088
vn 0.3826 0.2452 -0.8908
vn 0.3829 0.2452 -0.8907
vn 0.3829 0.3219 -0.8659
vn 0.2327 0.3388 -0.9116
vn 0.2331 0.2581 -0.9376
vn 0.2331 0.3388 -0.9115
vn 0.2330 0.2581 -0.9376
vn 0.0785 0.3160 -0.9455
vn 0.0784 0.2646 -0.9612
vn 0.1322 0.3454 -0.9291
vn -0.0000 0.3170 -0.9484
vn -0.0000 0.3580 -0.9337
vn 0.0785 0.3569 -0.9308
vn -0.0000 0.4148 -0.9099
vn 0.1829 0.4078 -0.8945
vn 0.0782 0.4275 -0.9006
vn 0.2329 0.4170 -0.8785
vn 0.2329 0.4920 -0.8389
vn 0.2328 0.4170 -0.8786
vn 0.0783 0.4528 -0.8882
vn 0.0784 0.5043 -0.8600
vn 0.0782 0.5043 -0.8600
vn -0.0000 0.5059 -0.8626
vn -0.0000 0.5453 -0.8382
vn 0.0783 0.5436 -0.8357
vn -0.0782 0.5043 -0.8600
vn -0.0782 0.5438 -0.8356
vn -0.0949 0.5766 -0.8115
vn -0.0784 0.5043 -0.8600
vn -0.2331 0.4919 -0.8389
vn -0.2332 0.5632 -0.7927
vn -0.2336 0.5631 -0.7927
vn -0.1465 0.4242 -0.8937
vn -0.2330 0.4170 -0.8786
vn -0.2329 0.4920 -0.8389
vn -0.0783 0.4528 -0.8882
vn -0.0785 0.4135 -0.9071
vn -0.0000 0.4542 -0.8909
vn -0.0784 0.3474 -0.9344
vn -0.2327 0.3389 -0.9116
vn -0.2327 0.4170 -0.8786
vn -0.1484 0.3541 -0.9234
vn -0.0784 0.2646 -0.9612
vn -0.0787 0.2645 -0.9612
vn -0.2331 0.2581 -0.9376
vn -0.2331 0.3388 -0.9115
vn -0.0785 0.3160 -0.9455
vn -0.0787 0.2146 -0.9735
vn -0.1218 0.1790 -0.9763
vn -0.2331 0.1754 -0.9565
vn -0.0785 0.1723 -0.9819
vn -0.0785 0.0937 -0.9925
vn -0.2330 0.0914 -0.9682
vn -0.2329 0.1754 -0.9565
vn -0.2001 0.1096 -0.9736
vn -0.0000 0.1728 -0.9850
vn -0.0000 0.2152 -0.9766
vn 0.0787 0.2146 -0.9735
vn 0.1309 0.1713 -0.9765
vn -0.0000 0.2153 -0.9766
vn -0.0000 0.2654 -0.9641
vn 0.0786 0.2646 -0.9611
vn -0.0786 0.0068 -0.9969
vn -0.0787 0.0681 -0.9946
vn -0.2331 0.0067 -0.9724
vn -0.2331 0.0914 -0.9682
vn -0.0787 -0.0802 -0.9937
vn -0.2333 -0.0782 -0.9693
vn -0.2333 0.0066 -0.9724
vn -0.0786 -0.0801 -0.9937
vn -0.3826 0.0063 -0.9239
vn -0.3824 -0.0742 -0.9210
vn -0.3823 0.0063 -0.9240
vn -0.2327 -0.0781 -0.9694
vn -0.1509 -0.1650 -0.9747
vn -0.2326 -0.1623 -0.9589
vn -0.0788 -0.1411 -0.9868
vn -0.0000 0.5812 -0.8137
vn -0.0785 0.5794 -0.8112
vn -0.0000 0.6303 -0.7763
vn -0.0786 0.6284 -0.7739
vn 0.3823 0.1667 -0.9089
vn 0.2330 0.1754 -0.9565
vn 0.3823 0.0868 -0.9200
vn 0.5220 0.0801 -0.8492
vn 0.5222 0.0801 -0.8491
vn 0.6492 0.0715 -0.7573
vn 0.6492 0.0052 -0.7606
vn 0.7601 -0.0522 -0.6477
vn 0.7601 -0.0522 -0.6478
vn 0.7601 0.0044 -0.6498
vn 0.8524 -0.0420 -0.5212
vn 0.8525 -0.0420 -0.5211
vn 0.8524 0.0035 -0.5229
vn 0.7600 0.0044 -0.6500
vn 0.7599 0.0611 -0.6471
vn 0.8526 0.0491 -0.5203
vn 0.7600 0.0611 -0.6471
vn 0.8525 0.0036 -0.5226
vn 0.8525 0.0491 -0.5203
vn 0.9237 0.0360 -0.3814
vn 0.9237 0.0026 -0.3831
vn 0.9723 0.0016 -0.2335
vn 0.9724 -0.0188 -0.2327
vn 0.9237 -0.0308 -0.3819
vn 0.9723 -0.0188 -0.2329
vn 0.9723 -0.0390 -0.2304
vn 0.9723 -0.0390 -0.2303
vn 0.9237 -0.0639 -0.3777
vn 0.9237 -0.0308 -0.3818
vn 0.9237 -0.0966 -0.3707
vn 0.9723 -0.0589 -0.2260
vn 0.9724 -0.0589 -0.2260
vn 0.9969 -0.0198 -0.0761
vn 0.9969 -0.0264 -0.0740
vn 0.9723 -0.0784 -0.2201
vn 0.9969 -0.0264 -0.0741
vn 0.9969 -0.0327 -0.0714
vn 0.9969 -0.0327 -0.0715
vn 0.9723 -0.0973 -0.2123
vn 0.9724 -0.0784 -0.2200
vn 0.9723 -0.0973 -0.2124
vn 0.9237 -0.1595 -0.3483
vn 0.9237 -0.1286 -0.3609
vn 0.9237 -0.1285 -0.3608
vn 0.9238 -0.0966 -0.3706
vn 0.8524 -0.1319 -0.5059
vn 0.8524 -0.1755 -0.4926
vn 0.8525 -0.1319 -0.5059
vn 0.8525 -0.0873 -0.5155
vn 0.7600 -0.1085 -0.6408
vn 0.7602 -0.1084 -0.6406
vn 0.7601 -0.1639 -0.6288
vn 0.9237 -0.1596 -0.3484
vn 0.8526 -0.2176 -0.4752
vn 0.8525 -0.1754 -0.4924
vn 0.9237 -0.1893 -0.3330
vn 0.8524 -0.2178 -0.4753
vn 0.8525 -0.2583 -0.4545
vn 0.9237 -0.1892 -0.3330
vn 0.9238 -0.2175 -0.3151
vn 0.9723 -0.1155 -0.2031
vn 0.9723 -0.1327 -0.1923
vn 0.9237 -0.2176 -0.3153
vn 0.9723 -0.1489 -0.1800
vn 0.9237 -0.2442 -0.2951
vn 0.9723 -0.1490 -0.1800
vn 0.9969 -0.0552 -0.0560
vn 0.9969 -0.0553 -0.0560
vn 0.9969 -0.0501 -0.0606
vn 0.9723 -0.1641 -0.1664
vn 0.9969 -0.0599 -0.0510
vn 0.9724 -0.1640 -0.1662
vn 0.9724 -0.1778 -0.1513
vn 0.9969 -0.0641 -0.0455
vn -0.0000 -0.8254 -0.5646
vn -0.0000 -0.7181 -0.6960
vn -0.0000 -0.8253 -0.5646
vn -0.0000 -0.9089 -0.4171
vn -0.0000 0.9091 0.4165
vn -0.0000 0.8249 0.5652
vn -0.0000 0.8250 0.5652
vn -0.0000 -0.8249 -0.5652
vn -0.0000 -0.7185 -0.6955
vn -0.0000 -0.5896 -0.8077
vn -0.0000 -0.4455 -0.8953
vn -0.0000 -0.5897 -0.8077
vn -0.0000 -0.2870 -0.9579
vn -0.0000 -0.4454 -0.8953
vn -0.0000 0.2875 0.9578
vn -0.0000 0.4454 0.8954
vn -0.0000 0.4453 0.8954
vn -0.0000 0.1213 0.9926
vn -0.0000 -0.0480 0.9988
vn -0.0000 0.0476 -0.9989
vn -0.0000 0.2164 -0.9763
vn -0.0000 0.0474 -0.9989
vn -0.0000 0.3779 -0.9258
vn -0.0000 0.2165 -0.9763
vn -0.0000 -0.3780 0.9258
vn -0.0000 -0.2165 0.9763
vn -0.0000 -0.5286 0.8489
vn -0.0000 -0.5285 0.8489
vn -0.0000 -0.6651 0.7468
vn -0.0000 0.6638 -0.7479
vn -0.0000 0.7826 -0.6226
vn -0.0000 0.8754 -0.4834
vn -0.0000 0.7825 -0.6226
vn -0.0000 -0.8758 0.4827
vn -0.0000 -0.7816 0.6238
vn -0.0000 -0.7816 0.6237
vn -0.0000 -0.9450 0.3271
vn -0.0000 -0.9864 0.1642
vn -0.0000 0.9867 -0.1627
vn -0.0000 1.0000 0.0058
vn -0.0000 0.9847 0.1741
vn -0.0000 -0.9846 -0.1746
vn -0.0000 -1.0000 -0.0058
vn -0.0000 -0.9409 -0.3387
vn -0.0000 -0.8704 -0.4923
vn -0.0000 0.8703 0.4925
vn -0.0000 0.7741 0.6331
vn -0.0000 0.8704 0.4924
vn -0.0000 0.6564 0.7544
vn -0.0000 0.7741 0.6330
vn -0.0000 0.9411 0.3381
vn -0.0000 0.9411 0.3382
vn -0.0000 -0.7745 -0.6325
vn -0.0000 0.8703 0.4926
vn 0.9969 0.0711 0.0338
vn 0.9969 0.0678 0.0398
vn 0.9969 0.0679 0.0398
vn 0.9723 0.2015 0.1181
vn 0.9724 0.2013 0.1181
vn 0.9724 0.2109 0.1001
vn 0.9969 0.0710 0.0337
vn 0.9969 0.0737 0.0274
vn 0.9723 0.2191 0.0814
vn 0.9723 0.2111 0.1002
vn 0.9723 0.2190 0.0814
vn 0.9238 0.3589 0.1334
vn 0.9237 0.3460 0.1642
vn 0.9236 0.3463 0.1643
vn 0.9723 0.2252 0.0620
vn 0.9237 0.3591 0.1335
vn 0.9237 0.3694 0.1017
vn 0.9969 0.0759 0.0209
vn 0.9969 0.0773 0.0142
vn 0.9724 0.2297 0.0421
vn 0.9969 0.0758 0.0209
vn 0.9969 0.0783 0.0074
vn -0.0000 1.0000 0.0057
vn -0.0000 0.9846 0.1746
vn 0.9969 0.0787 0.0005
vn 0.9969 0.0784 -0.0063
vn 0.9969 0.0775 -0.0131
vn 0.9723 0.2329 -0.0188
vn 0.9723 0.2304 -0.0390
vn 0.9969 0.0776 -0.0131
vn 0.9723 0.2261 -0.0589
vn 0.9969 0.0761 -0.0198
vn 0.9969 0.0741 -0.0264
vn 0.9969 0.0715 -0.0327
vn 0.9969 0.0684 -0.0388
vn 0.9969 0.0715 -0.0328
vn 0.9969 0.0684 -0.0389
vn 0.9723 0.2031 -0.1154
vn 0.9724 0.2123 -0.0972
vn 0.9723 0.2125 -0.0973
vn 0.9237 0.3608 -0.1286
vn 0.9238 0.3482 -0.1595
vn 0.9723 0.2201 -0.0784
vn 0.9237 0.3609 -0.1286
vn 0.8525 0.5058 -0.1318
vn 0.8524 0.5060 -0.1319
vn 0.9237 0.3707 -0.0966
vn 0.8524 0.4925 -0.1755
vn 0.7598 0.6292 -0.1640
vn 0.7600 0.6290 -0.1639
vn 0.8526 0.4923 -0.1753
vn 0.8526 0.5152 -0.0872
vn 0.9237 0.3778 -0.0640
vn 0.8523 0.5156 -0.0874
vn 0.8523 0.5213 -0.0420
vn 0.7600 0.6478 -0.0522
vn 0.7600 0.6408 -0.1085
vn 0.6488 0.7585 -0.0611
vn 0.6489 0.7502 -0.1271
vn 0.7598 0.6411 -0.1086
vn 0.6491 0.7582 -0.0611
vn 0.6486 0.7611 0.0051
vn 0.7601 0.6497 0.0044
vn 0.6491 0.7607 0.0052
vn 0.6487 0.7576 0.0714
vn 0.5220 0.8492 0.0801
vn 0.5222 0.8490 0.0801
vn 0.5222 0.8528 0.0058
vn 0.5219 0.8390 0.1538
vn 0.3822 0.9200 0.0868
vn 0.3825 0.9088 0.1666
vn 0.3826 0.9088 0.1666
vn 0.2327 0.9377 0.2582
vn 0.2331 0.9565 0.1753
vn 0.3830 0.8906 0.2452
vn 0.5224 0.8387 0.1538
vn 0.3824 0.8908 0.2452
vn 0.5222 0.8223 0.2263
vn 0.6490 0.7483 0.1373
vn 0.6491 0.7482 0.1373
vn 0.5219 0.8224 0.2263
vn 0.6493 0.7333 0.2018
vn 0.7600 0.6266 0.1725
vn 0.7601 0.6392 0.1172
vn 0.7601 0.6391 0.1173
vn 0.8526 0.5202 0.0491
vn 0.8525 0.5141 0.0943
vn 0.8523 0.5207 0.0491
vn 0.7601 0.6469 0.0610
vn 0.8523 0.5231 0.0035
vn 0.7602 0.6468 0.0611
vn 0.7602 0.6497 0.0044
vn 0.8525 0.5227 0.0036
vn 0.8524 0.5212 -0.0420
vn 0.9238 0.3830 0.0026
vn 0.9238 0.3816 -0.0308
vn 0.9238 0.3816 -0.0307
vn 0.9238 0.3812 0.0360
vn 0.9238 0.3828 0.0026
vn 0.9723 0.2326 0.0220
vn 0.9723 0.2336 0.0016
vn 0.9723 0.2337 0.0016
vn 0.9723 0.2328 0.0220
vn 0.9723 0.2300 0.0421
vn 0.9238 0.3766 0.0691
vn 0.9237 0.3769 0.0691
vn 0.9236 0.3696 0.1018
vn 0.8527 0.5036 0.1387
vn 0.8525 0.5142 0.0943
vn 0.8524 0.5041 0.1387
vn 0.7600 0.6267 0.1725
vn 0.6494 0.7128 0.2651
vn 0.5226 0.7991 0.2972
vn 0.5219 0.7996 0.2972
vn 0.6491 0.7573 0.0715
vn 0.9238 0.3775 -0.0639
vn 0.9724 0.2260 -0.0589
vn 0.9724 0.2200 -0.0784
vn 0.8526 0.4751 -0.2176
vn 0.9237 0.3483 -0.1596
vn 0.9723 0.2032 -0.1155
vn 0.9237 0.3330 -0.1892
vn 0.9723 0.1923 -0.1328
vn 0.9237 0.3330 -0.1893
vn 0.9237 0.3152 -0.2176
vn 0.9723 0.1923 -0.1327
vn 0.9969 0.0648 -0.0447
vn 0.9969 0.0606 -0.0502
vn 0.9723 0.1799 -0.1489
vn 0.9969 0.0560 -0.0552
vn -0.0000 0.7816 -0.6238
vn -0.0000 0.6650 -0.7469
vn -0.0000 0.5291 -0.8486
vn 0.9969 0.0510 -0.0599
vn 0.9969 0.0455 -0.0641
vn 0.9969 0.0509 -0.0599
vn 0.9723 0.1663 -0.1640
vn 0.9724 0.1662 -0.1640
vn 0.9724 0.1513 -0.1779
vn 0.9723 0.1514 -0.1780
vn 0.9723 0.1353 -0.1904
vn 0.9969 0.0456 -0.0641
vn 0.9969 0.0398 -0.0679
vn 0.9969 0.0398 -0.0678
vn 0.9723 0.1182 -0.2015
vn 0.9238 0.2217 -0.3121
vn 0.9237 0.2219 -0.3123
vn 0.9238 0.1937 -0.3302
vn 0.9723 0.1002 -0.2111
vn 0.9724 0.1001 -0.2109
vn 0.9237 0.1643 -0.3461
vn 0.9237 0.1938 -0.3305
vn 0.9238 0.1642 -0.3460
vn 0.8525 0.2242 -0.4722
vn 0.8526 0.2644 -0.4508
vn 0.8523 0.2645 -0.4511
vn 0.7601 0.3763 -0.5297
vn 0.7599 0.3764 -0.5299
vn 0.7600 0.3288 -0.5606
vn 0.8524 0.3028 -0.4263
vn 0.7600 0.4212 -0.4950
vn 0.7599 0.4212 -0.4951
vn 0.8526 0.3386 -0.3980
vn 0.8526 0.3027 -0.4260
vn 0.7600 0.4627 -0.4565
vn 0.6492 0.5414 -0.5342
vn 0.6494 0.5414 -0.5341
vn 0.6492 0.4929 -0.5793
vn 0.6491 0.4406 -0.6201
vn 0.6490 0.4406 -0.6202
vn 0.6491 0.3848 -0.6562
vn 0.7599 0.3288 -0.5607
vn 0.7599 0.2787 -0.5872
vn 0.7601 0.2786 -0.5870
vn 0.6492 0.3262 -0.6871
vn 0.6492 0.3848 -0.6561
vn 0.7601 0.2264 -0.6090
vn 0.6491 0.3262 -0.6873
vn 0.6491 0.2650 -0.7130
vn 0.7599 0.2265 -0.6093
vn 0.8524 0.1388 -0.5041
vn 0.8525 0.1387 -0.5039
vn 0.8525 0.1822 -0.4900
vn 0.7599 0.1725 -0.6267
vn 0.8523 0.1822 -0.4903
vn 0.9238 0.1334 -0.3590
vn 0.9238 0.1016 -0.3692
vn 0.9723 0.0421 -0.2297
vn 0.9723 0.0620 -0.2252
vn 0.9723 0.0421 -0.2298
vn 0.9238 0.0691 -0.3766
vn 0.9723 0.0219 -0.2326
vn 0.9237 0.0691 -0.3768
vn 0.9237 0.0360 -0.3813
vn 0.9724 0.0219 -0.2325
vn 0.9969 0.0005 -0.0787
vn 0.9969 0.0005 -0.0786
vn 0.9723 0.0016 -0.2336
vn 0.9969 0.0074 -0.0783
vn 0.9969 0.0142 -0.0773
vn 0.9969 0.0142 -0.0774
vn 0.9969 0.0209 -0.0757
vn 0.9969 0.0209 -0.0759
vn 0.9724 0.0814 -0.2189
vn 0.9969 0.0274 -0.0738
vn 0.9723 0.0620 -0.2253
vn 0.9723 0.0814 -0.2190
vn 0.9969 0.0274 -0.0737
vn 0.9969 0.0337 -0.0710
vn -0.0000 0.3781 -0.9258
vn -0.0000 0.2162 -0.9764
vn -0.0000 0.0481 -0.9988
vn -0.0000 0.0482 -0.9988
vn -0.0000 -0.1215 -0.9926
vn -0.0000 -0.1216 -0.9926
vn 0.9969 -0.0063 -0.0784
vn 0.9969 -0.0131 -0.0774
vn 0.9969 -0.0131 -0.0776
vn -0.0000 -0.2875 -0.9578
vn -0.0000 -0.2874 -0.9578
vn -0.0000 -0.4450 -0.8955
vn -0.0000 -0.5901 -0.8073
vn -0.0000 0.7183 0.6958
vn -0.0000 0.5902 0.8073
vn -0.0000 0.5903 0.8072
vn 0.9969 -0.0446 -0.0647
vn 0.9969 -0.0389 -0.0683
vn 0.9969 -0.0388 -0.0683
vn 0.9969 -0.0501 -0.0605
vn 0.9969 -0.0447 -0.0647
vn 0.9238 0.1334 -0.3589
vn 0.8525 0.0943 -0.5142
vn 0.8526 0.0943 -0.5140
vn 0.7599 0.1172 -0.6394
vn 0.7598 0.1725 -0.6268
vn 0.8523 0.2243 -0.4725
vn 0.5223 0.4939 -0.6952
vn 0.5222 0.4314 -0.7356
vn 0.5225 0.4938 -0.6951
vn 0.3820 0.5989 -0.7039
vn 0.3825 0.5987 -0.7037
vn 0.3820 0.5352 -0.7534
vn 0.5225 0.5525 -0.6494
vn 0.6491 0.4929 -0.5794
vn 0.5220 0.5527 -0.6496
vn 0.8525 0.3387 -0.3981
vn 0.9237 0.2482 -0.2917
vn 0.9236 0.2483 -0.2919
vn 0.9969 0.0647 -0.0447
vn 0.9723 0.1800 -0.1489
vn -0.0000 0.8757 -0.4829
vn -0.0000 0.9448 -0.3276
vn -0.0000 0.9866 -0.1634
vn 0.9236 0.3126 0.2220
vn 0.9723 0.1904 0.1353
vn 0.9238 0.3122 0.2218
vn 0.9237 0.3304 0.1938
vn 0.9236 0.2920 0.2484
vn 0.8525 0.3982 0.3387
vn 0.8525 0.3981 0.3387
vn 0.8525 0.4261 0.3028
vn 0.9724 0.1778 0.1512
vn 0.9237 0.2917 0.2482
vn 0.9724 0.1903 0.1352
vn 0.9969 0.0600 0.0510
vn 0.9969 0.0642 0.0456
vn 0.9723 0.1780 0.1513
vn 0.9969 0.0641 0.0455
vn 0.9237 0.3306 0.1939
vn -0.0000 -0.9864 0.1643
vn -0.0000 0.9447 -0.3280
vn -0.0000 0.8755 -0.4833
vn -0.0000 0.5294 -0.8484
vn -0.0000 -0.1210 -0.9927
vn -0.0000 0.7183 0.6957
vn -0.0000 -0.9088 -0.4173
vn -0.0000 -0.9665 -0.2566
vn -0.0000 0.9661 0.2580
vn -0.0000 0.9959 0.0903
vn -0.0000 0.9959 0.0902
vn -0.0000 -0.9663 -0.2575
vn 0.9969 -0.0737 -0.0274
vn 0.9969 -0.0758 -0.0209
vn 0.9723 -0.2111 -0.1002
vn 0.9969 -0.0710 -0.0337
vn 0.9723 -0.2190 -0.0814
vn 0.9723 -0.2189 -0.0814
vn 0.9238 -0.3460 -0.1642
vn 0.9237 -0.3591 -0.1335
vn 0.9237 -0.3460 -0.1642
vn 0.9238 -0.3304 -0.1938
vn 0.8526 -0.4507 -0.2644
vn 0.8525 -0.4509 -0.2644
vn 0.8524 -0.4723 -0.2242
vn 0.9237 -0.3305 -0.1938
vn 0.9237 -0.3123 -0.2219
vn 0.8526 -0.4260 -0.3026
vn 0.8526 -0.4260 -0.3027
vn 0.7600 -0.4950 -0.4212
vn 0.7601 -0.5297 -0.3764
vn 0.7603 -0.4947 -0.4210
vn 0.8527 -0.3979 -0.3386
vn 0.8524 -0.3672 -0.3722
vn 0.7599 -0.4566 -0.4627
vn 0.8524 -0.3983 -0.3389
vn 0.7603 -0.4562 -0.4625
vn 0.6490 -0.4850 -0.5861
vn 0.7599 -0.4145 -0.5008
vn 0.6488 -0.4852 -0.5862
vn 0.6488 -0.5344 -0.5418
vn 0.5220 -0.5439 -0.6571
vn 0.5228 -0.5435 -0.6568
vn 0.5230 -0.5985 -0.6069
vn 0.6489 -0.5343 -0.5417
vn 0.3823 -0.5891 -0.7119
vn 0.3820 -0.5892 -0.7120
vn 0.3819 -0.6491 -0.6579
vn 0.5221 -0.5990 -0.6071
vn 0.2332 -0.6200 -0.7492
vn 0.2330 -0.6829 -0.6923
vn 0.2338 -0.6199 -0.7491
vn 0.3825 -0.6489 -0.6578
vn 0.0781 -0.6033 -0.7937
vn 0.0947 -0.6347 -0.7669
vn 0.0781 -0.5663 -0.8205
vn 0.2336 -0.5522 -0.8003
vn 0.0788 -0.5662 -0.8205
vn -0.0000 -0.5680 -0.8230
vn -0.0000 -0.5184 -0.8551
vn 0.0787 -0.5168 -0.8525
vn -0.0000 -0.4806 -0.8769
vn 0.0787 -0.4791 -0.8742
vn 0.1468 -0.4887 -0.8600
vn -0.0787 -0.5168 -0.8524
vn -0.0000 -0.4806 -0.8770
vn -0.1830 -0.4724 -0.8621
vn -0.0788 -0.4925 -0.8667
vn -0.0788 -0.5663 -0.8205
vn -0.0781 -0.5662 -0.8206
vn -0.2328 -0.4805 -0.8455
vn -0.2331 -0.5523 -0.8004
vn -0.2332 -0.4805 -0.8454
vn -0.0781 -0.6033 -0.7937
vn -0.0947 -0.6347 -0.7669
vn -0.2338 -0.6199 -0.7490
vn -0.2337 -0.5523 -0.8002
vn -0.1529 -0.6940 -0.7035
vn -0.2332 -0.6829 -0.6923
vn -0.2330 -0.6200 -0.7492
vn -0.0787 -0.6375 -0.7664
vn -0.0788 -0.6835 -0.7257
vn -0.0000 -0.6856 -0.7280
vn -0.0000 -0.6395 -0.7688
vn -0.0000 -0.6856 -0.7279
vn 0.0787 -0.6835 -0.7257
vn 0.0788 -0.6375 -0.7664
vn -0.0000 -0.7167 -0.6974
vn 0.0790 -0.7145 -0.6952
vn 0.1528 -0.6940 -0.7036
vn -0.0000 -0.7584 -0.6518
vn -0.1134 -0.7535 -0.6476
vn -0.0790 -0.7145 -0.6952
vn -0.0790 -0.7592 -0.6460
vn -0.2328 -0.7407 -0.6302
vn -0.0788 -0.7831 -0.6169
vn -0.0781 -0.8128 -0.5773
vn -0.2331 -0.7928 -0.5631
vn -0.2333 -0.7406 -0.6301
vn -0.0788 -0.8128 -0.5772
vn -0.0000 -0.8153 -0.5790
vn -0.0000 -0.7855 -0.6189
vn -0.0000 -0.7855 -0.6188
vn -0.0000 -0.8464 -0.5326
vn -0.0782 -0.8438 -0.5309
vn -0.0000 -0.8690 -0.4947
vn -0.0786 -0.8663 -0.4932
vn -0.1406 -0.8540 -0.5009
vn -0.0784 -0.9007 -0.4274
vn -0.2328 -0.8389 -0.4920
vn -0.2329 -0.8786 -0.4169
vn -0.2329 -0.8389 -0.4920
vn -0.1658 -0.8854 -0.4342
vn -0.0790 -0.9344 -0.3473
vn -0.0779 -0.9344 -0.3475
vn -0.0796 -0.9131 -0.3998
vn -0.2330 -0.9115 -0.3390
vn -0.0000 -0.9161 -0.4011
vn -0.0000 -0.8979 -0.4403
vn -0.2334 -0.9375 -0.2580
vn -0.2333 -0.9114 -0.3389
vn -0.0780 -0.9503 -0.3014
vn -0.1091 -0.9584 -0.2638
vn -0.0782 -0.9625 -0.2596
vn -0.1531 -0.9720 -0.1782
vn -0.0783 -0.9767 -0.2000
vn -0.2334 -0.9564 -0.1753
vn -0.0000 -0.9797 -0.2006
vn -0.0000 -0.9655 -0.2604
vn -0.0000 -0.9532 -0.3023
vn 0.0778 -0.9503 -0.3014
vn 0.1132 -0.9593 -0.2588
vn 0.2336 -0.9114 -0.3389
vn 0.0791 -0.9343 -0.3475
vn 0.0777 -0.9345 -0.3473
vn 0.2334 -0.9375 -0.2580
vn 0.0783 -0.9612 -0.2645
vn 0.0783 -0.9767 -0.2000
vn 0.1531 -0.9720 -0.1782
vn 0.2328 -0.9566 -0.1753
vn 0.2335 -0.9564 -0.1754
vn -0.0000 -0.9875 -0.1577
vn 0.0792 -0.9844 -0.1572
vn -0.0000 -0.9953 -0.0963
vn -0.0794 -0.9922 -0.0960
vn -0.0792 -0.9844 -0.1572
vn -0.0000 -0.9985 -0.0550
vn -0.0944 -0.9911 -0.0936
vn -0.0784 -0.9954 -0.0548
vn -0.0000 -1.0000 -0.0067
vn -0.0786 -0.9969 -0.0067
vn -0.0000 -0.9986 0.0520
vn -0.0778 -0.9956 0.0518
vn -0.0777 -0.9970 -0.0068
vn -0.2335 -0.9723 -0.0066
vn -0.1463 -0.9860 0.0795
vn -0.2332 -0.9693 0.0781
vn -0.2333 -0.9724 -0.0067
vn -0.0780 -0.9924 0.0955
vn -0.2334 -0.9681 -0.0914
vn -0.2329 -0.9682 -0.0914
vn 0.0794 -0.9922 -0.0960
vn 0.0944 -0.9911 -0.0936
vn 0.0784 -0.9954 -0.0548
vn -0.0000 -0.9374 -0.3484
vn -0.0000 -0.9160 -0.4011
vn 0.0793 -0.9132 -0.3998
vn -0.2329 -0.9565 -0.1754
vn -0.2329 -0.7928 -0.5632
vn 0.0790 -0.7560 -0.6498
vn -0.2330 -0.6829 -0.6923
vn -0.0000 -0.6052 -0.7961
vn -0.0787 -0.4245 -0.9020
vn -0.1323 -0.4128 -0.9012
vn -0.2334 -0.4050 -0.8840
vn -0.2329 -0.4050 -0.8842
vn -0.0000 -0.4258 -0.9048
vn -0.0000 -0.3857 -0.9226
vn -0.0781 -0.3845 -0.9198
vn 0.2332 -0.4804 -0.8455
vn 0.2331 -0.5524 -0.8004
vn 0.2329 -0.4805 -0.8455
vn 0.3825 -0.4565 -0.8033
vn 0.3824 -0.5248 -0.7605
vn 0.3823 -0.5249 -0.7605
vn 0.3824 -0.4565 -0.8033
vn 0.5220 -0.4215 -0.7416
vn 0.5219 -0.4845 -0.7020
vn 0.5220 -0.4845 -0.7020
vn 0.5222 -0.4213 -0.7415
vn 0.6493 -0.3757 -0.6612
vn 0.6493 -0.4319 -0.6259
vn 0.6491 -0.4321 -0.6261
vn 0.6491 -0.3759 -0.6614
vn 0.7600 -0.3211 -0.5651
vn 0.7599 -0.3692 -0.5350
vn 0.7602 -0.3690 -0.5347
vn 0.8524 -0.2970 -0.4303
vn 0.8524 -0.3334 -0.4029
vn 0.7603 -0.4141 -0.5005
vn 0.8526 -0.3331 -0.4027
vn 0.8525 -0.3670 -0.3721
vn 0.9238 -0.2690 -0.2726
vn 0.9237 -0.2690 -0.2727
vn 0.8524 -0.2583 -0.4547
vn 0.8524 -0.2970 -0.4304
vn 0.7601 -0.3211 -0.5650
vn 0.2332 -0.6829 -0.6923
vn 0.9237 -0.2917 -0.2482
vn 0.9723 -0.1904 -0.1353
vn 0.9238 -0.3122 -0.2218
vn 0.9723 -0.1780 -0.1515
vn 0.9723 -0.1905 -0.1353
vn 0.9969 -0.0678 -0.0398
vn 0.9723 -0.2014 -0.1182
vn 0.6488 -0.5796 -0.4931
vn 0.9723 -0.2016 -0.1182
vn 0.9723 -0.2252 -0.0620
vn 0.9723 -0.2253 -0.0620
vn 0.9237 -0.3693 -0.1016
vn 0.9237 -0.3590 -0.1335
vn 0.9723 -0.2299 -0.0421
vn 0.9723 -0.2298 -0.0421
vn 0.9969 -0.0774 -0.0142
vn 0.9969 -0.0773 -0.0142
vn 0.9723 -0.1154 -0.2031
vn -0.2336 0.6300 -0.7406
vn -0.0000 0.8843 -0.4669
vn -0.0780 0.9935 0.0833
vn -0.1323 0.9868 0.0931
vn -0.2336 0.9680 0.0913
vn -0.2333 0.9681 0.0914
vn -0.0785 0.9806 0.1798
vn -0.2329 0.9566 0.1754
vn -0.0782 0.9889 0.1266
vn -0.2336 0.9564 0.1753
vn -0.0000 0.9965 0.0836
vn -0.0000 0.9919 0.1270
vn 0.2329 0.9725 0.0067
vn 0.2333 0.9693 -0.0781
vn 0.3827 0.8703 -0.3100
vn 0.2333 0.8841 -0.4049
vn 0.3827 0.8399 -0.3847
vn 0.3829 0.8399 -0.3846
vn 0.3816 0.8707 -0.3103
vn 0.5220 0.8035 -0.2864
vn 0.5219 0.7755 -0.3552
vn 0.5217 0.7756 -0.3553
vn 0.2333 0.8003 -0.5523
vn 0.6493 0.5859 -0.4848
vn 0.6488 0.6615 -0.3760
vn 0.6490 0.6917 -0.3168
vn 0.1221 0.9569 0.2635
vn 0.0787 0.9591 0.2721
vn -0.2325 0.9377 0.2582
vn -0.0000 0.8626 0.5060
vn 0.0792 0.8598 0.5044
vn -0.0000 0.8298 0.5580
vn 0.0785 0.8273 0.5563
vn 0.0784 0.8599 0.5043
vn 0.0785 0.8022 0.5919
vn 0.1509 0.8058 0.5726
vn 0.0785 0.7594 0.6459
vn 0.2326 0.7408 0.6301
vn 0.2327 0.7929 0.5632
vn 0.2335 0.7927 0.5632
vn 0.3827 0.7037 0.5986
vn 0.3829 0.7531 0.5350
vn 0.2333 0.7406 0.6301
vn 0.3821 0.7534 0.5352
vn 0.3828 0.7036 0.5986
vn 0.3827 0.6488 0.6577
vn 0.2331 0.6829 0.6923
vn 0.2335 0.6828 0.6923
vn 0.1323 0.6319 0.7637
vn 0.2336 0.6199 0.7491
vn 0.0788 0.6608 0.7464
vn 0.0785 0.7001 0.7097
vn -0.0000 0.7023 0.7119
vn 0.0777 0.7002 0.7097
vn 0.2330 0.6201 0.7492
vn 0.3825 0.5891 0.7118
vn 0.3824 0.6489 0.6578
vn 0.5216 0.6498 0.5529
vn 0.5218 0.5991 0.6073
vn 0.5217 0.6498 0.5528
vn 0.5216 0.6956 0.4941
vn 0.5216 0.6955 0.4941
vn 0.1309 0.7601 0.6365
vn 0.0779 0.7354 0.6731
vn 0.6493 0.6200 0.4405
vn 0.6490 0.6562 0.3849
vn 0.7601 0.2705 0.5908
vn 0.8525 0.2582 0.4545
vn 0.8525 0.2176 0.4752
vn 0.8525 0.2583 0.4545
vn 0.8524 0.2177 0.4754
vn 0.8525 0.1755 0.4925
vn 0.7602 0.2181 0.6120
vn 0.7601 0.2181 0.6121
vn 0.9237 0.1892 0.3331
vn 0.8525 0.2969 0.4302
vn 0.9237 0.2176 0.3152
vn 0.9724 0.1326 0.1921
vn 0.9723 0.1327 0.1923
vn 0.9723 0.1154 0.2031
vn 0.9237 0.1893 0.3332
vn 0.9723 0.0973 0.2125
vn 0.9237 0.1595 0.3482
vn 0.9237 0.1596 0.3484
vn 0.9969 0.0388 0.0683
vn 0.9969 0.0327 0.0714
vn 0.9969 0.0389 0.0683
vn 0.9723 0.0972 0.2124
vn 0.9969 0.0447 0.0648
vn 0.9969 0.0447 0.0647
vn -0.0000 0.5194 0.8546
vn -0.0000 0.5194 0.8545
vn 0.9969 0.0327 0.0715
vn 0.9969 0.0264 0.0741
vn 0.9969 0.0264 0.0740
vn 0.9969 0.0198 0.0761
vn 0.9969 0.0198 0.0760
vn 0.6490 0.2553 0.7167
vn 0.8524 0.2970 0.4303
vn 0.9237 -0.1017 0.3694
vn 0.9237 -0.0691 0.3768
vn 0.8525 -0.1821 0.4900
vn 0.8525 -0.1388 0.5040
vn 0.9237 -0.1335 0.3592
vn 0.8525 -0.2242 0.4722
vn 0.7602 -0.2786 0.5870
vn 0.7600 -0.2787 0.5871
vn 0.7600 -0.2264 0.6092
vn 0.8524 -0.2645 0.4511
vn 0.8524 -0.2242 0.4725
vn 0.7598 -0.3288 0.5608
vn 0.7602 -0.3287 0.5604
vn 0.8526 -0.3026 0.4259
vn 0.8526 -0.2644 0.4508
vn 0.7600 -0.3764 0.5298
vn 0.7598 -0.3765 0.5300
vn 0.7600 -0.4211 0.4950
vn 0.6489 -0.4406 0.6203
vn 0.6490 -0.4930 0.5795
vn 0.6489 -0.4930 0.5795
vn 0.5220 -0.6072 0.5990
vn 0.5219 -0.6072 0.5991
vn 0.5221 -0.5526 0.6496
vn 0.6489 -0.5416 0.5343
vn 0.6491 -0.5861 0.4849
vn 0.6492 -0.5415 0.5342
vn 0.5218 -0.6572 0.5438
vn 0.5218 -0.6573 0.5438
vn 0.5218 -0.7021 0.4846
vn 0.3830 -0.7117 0.5889
vn 0.3829 -0.7603 0.5247
vn 0.3824 -0.7604 0.5249
vn 0.2336 -0.8454 0.4804
vn 0.2331 -0.8455 0.4805
vn 0.2331 -0.8004 0.5523
vn 0.3824 -0.8034 0.4565
vn 0.2337 -0.8840 0.4048
vn 0.2326 -0.8842 0.4051
vn 0.3817 -0.8403 0.3849
vn 0.3818 -0.8035 0.4567
vn 0.2326 -0.9161 0.3265
vn 0.0789 -0.9390 0.3346
vn 0.1508 -0.8988 0.4116
vn 0.0787 -0.9137 0.3987
vn -0.0000 -0.8982 0.4395
vn 0.0785 -0.8955 0.4381
vn -0.0000 -0.8694 0.4942
vn 0.0780 -0.8667 0.4927
vn 0.0785 -0.8667 0.4926
vn 0.2333 -0.9160 0.3263
vn 0.2335 -0.9409 0.2453
vn 0.1314 -0.9312 0.3400
vn 0.0779 -0.9507 0.3003
vn 0.0778 -0.9647 0.2515
vn 0.0781 -0.9647 0.2515
vn -0.0000 -0.9677 0.2522
vn 0.0783 -0.9768 0.1991
vn 0.2330 -0.9410 0.2453
vn 0.1315 -0.9774 0.1655
vn 0.2331 -0.9588 0.1623
vn 0.2335 -0.9587 0.1623
vn 0.3830 -0.9108 0.1542
vn 0.3830 -0.8939 0.2329
vn 0.3823 -0.8942 0.2331
vn 0.5220 -0.8035 0.2862
vn 0.5221 -0.8253 0.2151
vn 0.5221 -0.8034 0.2862
vn 0.3823 -0.8704 0.3101
vn 0.5221 -0.7754 0.3551
vn 0.3826 -0.8704 0.3101
vn 0.3828 -0.8399 0.3846
vn 0.5221 -0.7755 0.3551
vn 0.5222 -0.7414 0.4214
vn 0.6490 -0.6917 0.3168
vn 0.6491 -0.6613 0.3759
vn 0.6490 -0.6614 0.3760
vn 0.5227 -0.7412 0.4212
vn 0.6491 -0.6261 0.4321
vn 0.6489 -0.6262 0.4321
vn 0.5226 -0.7017 0.4842
vn 0.7599 -0.5008 0.4145
vn 0.7599 -0.5350 0.3692
vn 0.7602 -0.5005 0.4141
vn 0.6491 -0.5861 0.4850
vn 0.8525 -0.4027 0.3333
vn 0.8525 -0.3722 0.3671
vn 0.7601 -0.4626 0.4563
vn 0.8526 -0.3721 0.3670
vn 0.9238 -0.2726 0.2690
vn 0.9237 -0.2482 0.2917
vn 0.9238 -0.2481 0.2916
vn 0.8526 -0.3387 0.3980
vn 0.9723 -0.1353 0.1905
vn 0.9723 -0.1514 0.1780
vn 0.9723 -0.1353 0.1904
vn 0.9238 -0.2218 0.3122
vn 0.9723 -0.1182 0.2016
vn 0.9237 -0.2218 0.3123
vn 0.9237 -0.1938 0.3304
vn 0.9969 -0.0455 0.0641
vn 0.9969 -0.0398 0.0677
vn 0.9969 -0.0398 0.0679
vn 0.9969 -0.0455 0.0640
vn 0.9969 -0.0510 0.0600
vn 0.9969 -0.0510 0.0598
vn -0.0000 -0.7259 0.6878
vn -0.0000 -0.5992 0.8006
vn -0.0000 -0.8315 0.5555
vn -0.0000 -0.9136 0.4066
vn 0.9969 -0.0715 0.0327
vn 0.9969 -0.0684 0.0389
vn 0.9969 -0.0715 0.0328
vn 0.9969 -0.0740 0.0264
vn 0.9723 -0.2202 0.0784
vn 0.9723 -0.2201 0.0784
vn 0.9723 -0.2124 0.0973
vn 0.9237 -0.3609 0.1285
vn 0.9239 -0.3606 0.1284
vn 0.9238 -0.3480 0.1594
vn 0.9723 -0.2125 0.0973
vn 0.9238 -0.3481 0.1595
vn 0.9238 -0.3329 0.1891
vn 0.9723 -0.2032 0.1155
vn 0.9723 -0.2031 0.1154
vn 0.9723 -0.1923 0.1327
vn 0.9236 -0.3332 0.1894
vn 0.9236 -0.3154 0.2177
vn 0.9724 -0.1922 0.1326
vn 0.9724 -0.1798 0.1488
vn 0.9723 -0.1800 0.1489
vn 0.9237 -0.2951 0.2443
vn 0.9237 -0.3153 0.2175
vn 0.9237 -0.2951 0.2442
vn 0.8524 -0.4028 0.3333
vn 0.8524 -0.4303 0.2970
vn 0.8526 -0.4301 0.2967
vn 0.7601 -0.5349 0.3690
vn 0.8526 -0.4544 0.2583
vn 0.7600 -0.5650 0.3211
vn 0.7601 -0.5650 0.3211
vn 0.7605 -0.5904 0.2703
vn 0.8525 -0.4753 0.2177
vn 0.7600 -0.5908 0.2706
vn 0.8526 -0.4543 0.2583
vn 0.7605 -0.6117 0.2179
vn 0.6491 -0.7166 0.2552
vn 0.6488 -0.7168 0.2554
vn 0.6489 -0.6918 0.3169
vn 0.7599 -0.6123 0.2182
vn 0.7600 -0.6289 0.1639
vn 0.6492 -0.7360 0.1919
vn 0.6494 -0.7358 0.1918
vn 0.5219 -0.8411 0.1425
vn 0.5217 -0.8255 0.2152
vn 0.6495 -0.7497 0.1270
vn 0.5219 -0.8410 0.1425
vn 0.6494 -0.7580 0.0610
vn 0.6492 -0.7500 0.1270
vn 0.5227 -0.8498 0.0684
vn 0.5217 -0.8504 0.0686
vn 0.7600 -0.6478 0.0522
vn 0.7600 -0.6407 0.1086
vn 0.6489 -0.7584 0.0612
vn 0.7602 -0.6405 0.1085
vn 0.8522 -0.5158 0.0874
vn 0.8526 -0.5056 0.1317
vn 0.7600 -0.6290 0.1639
vn 0.8523 -0.5061 0.1319
vn 0.8526 -0.5152 0.0872
vn 0.9237 -0.3707 0.0966
vn 0.9237 -0.3776 0.0639
vn 0.9238 -0.3817 0.0307
vn 0.9238 -0.3776 0.0639
vn 0.8527 -0.5208 0.0420
vn 0.8525 -0.5210 0.0420
vn 0.8526 -0.5225 -0.0036
vn 0.7602 -0.6476 0.0522
vn 0.7602 -0.6497 -0.0045
vn 0.7600 -0.6500 -0.0044
vn 0.7600 -0.6470 -0.0610
vn 0.7602 -0.6468 -0.0611
vn 0.8524 -0.5206 -0.0492
vn 0.8524 -0.5229 -0.0035
vn 0.9236 -0.3820 0.0308
vn 0.9236 -0.3833 -0.0025
vn 0.9723 -0.2329 0.0188
vn 0.9723 -0.2304 0.0390
vn 0.9724 -0.2302 0.0390
vn 0.9969 -0.0761 0.0198
vn 0.9969 -0.0775 0.0131
vn 0.9724 -0.2260 0.0588
vn 0.9969 -0.0776 0.0132
vn 0.9969 -0.0741 0.0264
vn 0.9723 -0.2261 0.0590
vn 0.6488 -0.7609 -0.0052
vn 0.6492 -0.7606 -0.0052
vn 0.8522 -0.4929 0.1757
vn 0.8526 -0.4923 0.1753
vn 0.8523 -0.4756 0.2179
vn 0.9723 -0.1663 0.1641
vn 0.9238 -0.2726 0.2689
vn 0.9723 -0.1663 0.1640
vn 0.9969 -0.0560 0.0552
vn 0.9969 -0.0560 0.0553
vn 0.9969 -0.0606 0.0501
vn 0.9969 -0.0648 0.0447
vn 0.9969 -0.0606 0.0502
vn 0.9969 -0.0647 0.0447
vn -0.0000 0.8314 -0.5556
vn -0.0000 0.9136 -0.4066
vn -0.0000 -0.9688 0.2477
vn -0.0000 -0.9138 0.4062
vn 0.9723 -0.1514 0.1779
vn 0.8523 -0.3029 0.4264
vn 0.8524 -0.3388 0.3983
vn 0.7599 -0.4212 0.4951
vn 0.7599 -0.4627 0.4565
vn 0.3821 -0.9111 0.1543
vn 0.9238 -0.1937 0.3303
vn 0.9237 -0.1642 0.3460
vn 0.9238 -0.1642 0.3459
vn 0.9238 -0.1335 0.3589
vn -0.0000 -0.5988 0.8009
vn -0.0000 -0.4553 0.8903
vn -0.0000 -0.8317 0.5553
vn 0.7604 -0.6388 -0.1171
vn 0.5221 -0.7357 -0.4315
vn 0.3826 -0.8908 -0.2451
vn -0.2335 -0.9692 0.0781
vn -0.2324 -0.9162 0.3264
vn 0.7602 0.1639 0.6287
vn 0.5223 -0.1538 0.8388
vn 0.3827 0.2330 0.8940
vn 0.2333 0.3264 0.9160
vn 0.2336 0.4804 0.8454
vn -0.2331 0.5523 0.8004
vn -0.2327 0.7408 0.6302
vn -0.5218 0.0058 -0.8530
vn -0.2333 -0.3263 -0.9160
vn -0.9236 0.1335 -0.3593
vn -0.7601 0.0044 -0.6498
vn -0.9969 0.0397 -0.0678
vn -0.0784 -0.1841 -0.9798
vn -0.0000 -0.1847 -0.9828
vn 0.5222 -0.3552 -0.7753
vn 0.3825 -0.1543 -0.9110
vn 0.3827 -0.1542 -0.9109
vn 0.3826 -0.0742 -0.9209
vn -0.0000 -0.9969 0.0786
vn -0.0000 -0.9969 -0.0786
vn -1.0000 -0.0000 -0.0001
vn -0.0000 0.9964 -0.0850
vn -0.0000 0.9678 -0.2518
vn 1.0000 -0.0000 -0.0003
vn -0.0000 -0.9724 0.2334
vn -0.0000 -0.9239 0.3827
vn -0.0000 -0.8527 0.5225
vn -0.0000 0.9107 -0.4130
vn -0.0000 0.8291 -0.5590
vn -0.0000 0.7218 -0.6921
vn -0.0000 0.8292 -0.5590
vn -0.0000 0.7217 -0.6922
vn -0.0000 0.5954 -0.8034
vn -0.0000 0.5953 -0.8035
vn -1.0000 -0.0000 0.0001
vn -0.0000 0.4495 -0.8933
vn -0.0000 0.2927 -0.9562
vn -0.0000 0.2925 -0.9563
vn -0.0000 0.1276 -0.9918
vn -0.0000 -0.2335 0.9724
vn -0.0000 -0.0785 0.9969
vn -0.0000 0.0785 0.9969
vn -0.0000 -0.0432 -0.9991
vn -0.0000 -0.2110 -0.9775
vn -0.0000 -0.2109 -0.9775
vn -0.0000 0.2335 0.9724
vn -0.0000 0.3826 0.9239
vn -0.0000 0.5225 0.8526
vn -0.0000 -0.5250 -0.8511
vn -0.0000 -0.3721 -0.9282
vn -0.0000 -0.3719 -0.9283
vn -0.0000 -0.5249 -0.8512
vn -0.0000 -0.6605 -0.7508
vn -0.0000 -0.6604 -0.7509
vn -0.0000 -0.7782 -0.6280
vn -0.0000 0.7604 0.6495
vn -0.0000 0.7603 0.6495
vn -0.0000 0.8527 0.5225
vn -0.0000 0.9239 0.3826
vn -0.0000 -0.9426 -0.3339
vn -0.0000 -0.8730 -0.4878
vn -0.0000 -0.8729 -0.4878
vn -0.0000 -0.7783 -0.6279
vn -0.0000 -0.9857 -0.1684
vn 1.0000 -0.0000 0.0002
vn 1.0000 -0.0000 0.0005
vn -0.0000 -0.9989 -0.0459
vn -0.0000 -0.9990 0.0458
vn 0.0001 -1.0000 -0.0000
vn -0.0000 -0.9857 0.1686
vn -0.0000 -0.9857 0.1685
vn -0.0000 0.9969 -0.0784
vn -0.0000 0.9724 -0.2335
vn -0.0000 0.9239 -0.3826
vn -0.0000 -0.9427 0.3337
vn -0.0000 -0.8729 0.4878
vn -0.0000 -0.8730 0.4878
vn -0.0000 -0.9427 0.3336
vn -0.0000 0.8527 -0.5225
vn -0.0000 0.7604 -0.6495
vn -0.0000 0.6495 -0.7604
vn -0.0000 -0.6605 0.7508
vn -0.0000 -0.7783 0.6279
vn -0.0000 -0.7782 0.6280
vn -0.0000 -0.5243 0.8515
vn -0.0000 -0.3726 0.9280
vn -0.0000 -0.2110 0.9775
vn -0.0000 -0.3727 0.9279
vn -0.0000 -0.2109 0.9775
vn -0.0000 0.3827 -0.9239
vn -0.0000 0.2335 -0.9724
vn -0.0000 0.0785 -0.9969
vn -0.0000 -0.0417 0.9991
vn -0.0000 0.1262 0.9920
vn -0.0000 -0.0785 -0.9969
vn -0.0000 -0.2334 -0.9724
vn -0.0000 -0.2335 -0.9724
vn -0.0000 -0.3827 -0.9239
vn -0.0000 0.4495 0.8933
vn -0.0000 0.2932 0.9560
vn -0.0000 -0.5226 -0.8526
vn -0.0000 -0.5225 -0.8526
vn -0.0000 -0.6494 -0.7605
vn -0.0000 0.5950 0.8038
vn -0.0000 0.7221 0.6918
vn -0.0000 0.8290 0.5593
vn -0.0000 0.9109 0.4127
vn -0.0000 -0.9239 -0.3827
vn -0.0000 -0.9724 -0.2334
vn -0.0000 0.9964 0.0850
vn -0.0000 0.9677 0.2521
vn -0.0000 0.9677 0.2520
vn -0.0000 -0.8527 -0.5225
vn -0.0000 -0.7605 -0.6494
vn -0.0000 0.5225 -0.8526
vn -0.0000 0.5225 -0.8527
vn -0.0000 0.9969 0.0784
vn -0.0000 0.9724 0.2335
vn -0.0000 0.6495 0.7604
vn -0.0000 -0.3826 0.9239
vn -0.0000 -0.5226 0.8526
vn -0.0000 -0.6494 0.7605
vn -0.0000 -0.7604 0.6494
vn -0.0000 -1.0000 -0.0000
vn -0.9964 -0.0000 0.0846
vn -0.9964 -0.0000 -0.0846
vn -0.9966 -0.0028 0.0826
vn -0.9991 -0.0000 0.0413
vn -0.9966 -0.0000 -0.0826
vn -0.9694 -0.0000 -0.2455
vn -0.9923 -0.0000 -0.1237
vn -0.9991 -0.0057 -0.0415
vn -0.9112 -0.0000 -0.4119
vn -0.9677 -0.0000 -0.2521
vn -0.0000 1.0000 -0.0000
vn 0.9659 -0.0000 0.2588
vn 0.9749 0.0027 0.2225
vn 0.9309 0.0026 0.3654
vn 0.9439 -0.0000 0.3303
vn 0.9972 0.0028 0.0747
vn 0.9937 -0.0000 0.1120
vn 0.9826 -0.0000 0.1859
vn 0.0027 0.9825 0.1864
vn -0.0000 0.9749 0.2225
vn -0.0000 0.9937 0.1119
vn -0.0000 0.9972 0.0747
vn 0.0028 0.9993 0.0375
vn 0.9993 -0.0000 0.0373
vn 0.9972 -0.0000 -0.0747
vn 0.9993 0.0056 -0.0375
vn -0.0000 0.9993 -0.0374
vn -0.0000 0.9937 -0.1119
vn 0.9937 -0.0000 -0.1120
vn 0.0014 0.9972 -0.0747
vn -0.0000 0.9826 -0.1859
vn 0.0014 0.9749 -0.2225
vn -0.0000 -0.9966 0.0825
vn -0.0013 -0.9966 -0.0825
vn -0.0000 -0.9991 -0.0412
vn -0.0000 -0.9694 0.2456
vn -0.0000 -0.9923 0.1237
vn -0.0026 -0.9991 0.0413
vn -0.0026 -0.9786 0.2059
vn -0.9787 -0.0000 0.2052
vn -0.9923 -0.0000 0.1237
vn -0.0000 -0.9584 0.2853
vn -0.9584 -0.0000 0.2853
vn -0.9694 -0.0028 0.2455
vn -0.9158 -0.0027 0.4017
vn -0.9316 -0.0000 0.3635
vn -0.0000 -0.8984 0.4392
vn -0.0025 -0.9313 0.3643
vn -0.8984 -0.0000 0.4392
vn -0.0000 -0.8372 0.5470
vn -0.8591 -0.0000 0.5119
vn -0.0024 -0.8584 0.5130
vn -0.0000 -0.7357 0.6773
vn -0.0000 -0.8139 0.5810
vn -0.0023 -0.7621 0.6474
vn -0.7631 -0.0000 0.6463
vn -0.8138 -0.0000 0.5811
vn -0.8372 -0.0025 0.5470
vn -0.7357 -0.0023 0.6773
vn -0.9112 -0.0000 0.4119
vn -0.8285 -0.0000 0.5599
vn 0.8660 -0.0000 -0.5000
vn 0.9166 -0.0000 -0.3999
vn 0.9309 -0.0000 -0.3653
vn 0.9433 0.0051 -0.3319
vn -0.0000 0.9439 -0.3303
vn -0.0000 0.9166 -0.3999
vn 0.0014 0.9309 -0.3653
vn 0.0013 0.8660 -0.5000
vn -0.0000 0.8841 -0.4673
vn 0.8467 -0.0000 -0.5320
vn 0.8831 0.0048 -0.4692
vn -0.0000 0.8467 -0.5321
vn 0.7818 -0.0000 -0.6235
vn 0.8030 0.0044 -0.5960
vn -0.0000 0.8046 -0.5938
vn 0.7580 -0.0000 -0.6522
vn -0.0000 0.7580 -0.6523
vn 0.0013 0.7818 -0.6235
vn 0.7050 0.0041 -0.7092
vn 0.6801 -0.0000 -0.7331
vn -0.0000 0.7071 -0.7071
vn 0.6523 -0.0000 -0.7580
vn -0.0000 0.6522 -0.7580
vn 0.0012 0.6802 -0.7331
vn 0.0011 0.5633 -0.8262
vn -0.0000 0.5939 -0.8046
vn 0.5320 -0.0000 -0.8467
vn 0.5914 0.0037 -0.8064
vn -0.0000 0.5320 -0.8467
vn 0.4646 0.0034 -0.8855
vn 0.4339 -0.0000 -0.9010
vn -0.0000 0.4673 -0.8841
vn 0.3999 -0.0000 -0.9166
vn -0.0000 0.3999 -0.9166
vn 0.0011 0.4339 -0.9010
vn -0.0000 0.3303 -0.9439
vn 0.0010 0.2948 -0.9556
vn -0.0000 -0.4760 0.8795
vn -0.0000 -0.6142 0.7891
vn -0.0022 -0.6450 0.7642
vn -0.0000 -0.5811 0.8138
vn -0.0021 -0.5103 0.8600
vn -0.5811 -0.0000 0.8139
vn -0.5119 -0.0000 0.8591
vn -0.0000 -0.4393 0.8984
vn -0.4760 -0.0020 0.8795
vn -0.4393 -0.0000 0.8984
vn -0.0020 -0.3617 0.9323
vn -0.0000 -0.3247 0.9458
vn -0.3635 -0.0000 0.9316
vn -0.0000 -0.2853 0.9584
vn -0.2853 -0.0000 0.9584
vn -0.3247 -0.0018 0.9458
vn -0.0000 -0.1646 0.9864
vn -0.2052 -0.0000 0.9787
vn -0.0019 -0.2034 0.9791
vn -0.0000 -0.0000 1.0000
vn -0.0000 -0.1237 0.9923
vn -0.0414 -0.0000 0.9991
vn -0.1237 -0.0000 0.9923
vn -0.0001 -1.0000 -0.0000
vn -0.1646 -0.0017 0.9864
vn -0.0000 -0.0016 1.0000
vn 0.0414 -0.0000 0.9991
vn 0.1646 -0.0000 0.9864
vn -0.0384 0.0030 0.9993
vn -0.1646 -0.0000 0.9864
vn -0.2022 0.0032 0.9793
vn 0.0425 -0.0000 0.9991
vn -0.1271 -0.0000 0.9919
vn -0.2928 -0.0000 0.9562
vn -0.3247 -0.0000 0.9458
vn -0.4760 -0.0000 0.8795
vn -0.5091 0.0038 0.8607
vn -0.0011 0.4760 0.8795
vn -0.0000 0.5119 0.8591
vn -0.0000 0.4393 0.8984
vn -0.0010 0.3247 0.9458
vn -0.0000 0.3635 0.9316
vn -0.0000 0.2853 0.9584
vn -0.3605 0.0035 0.9328
vn -0.0010 0.1646 0.9864
vn 0.0020 -0.3286 -0.9445
vn -0.0000 -0.2948 -0.9556
vn -0.0000 -0.2588 -0.9659
vn -0.0000 -0.1490 -0.9888
vn 0.2588 -0.0000 -0.9659
vn 0.1859 -0.0000 -0.9826
vn 0.0019 -0.1841 -0.9829
vn 0.1490 -0.0015 -0.9888
vn 0.1119 -0.0000 -0.9937
vn -0.0000 -0.1119 -0.9937
vn 0.0374 -0.0000 -0.9993
vn -0.0000 -0.0000 -1.0000
vn 0.0347 0.0027 -0.9994
vn 0.1831 0.0029 -0.9831
vn 0.1490 -0.0000 -0.9888
vn 0.2107 -0.0000 0.9775
vn 0.3730 -0.0000 0.9278
vn -0.2948 -0.0000 -0.9556
vn -0.4339 -0.0000 -0.9010
vn -0.5633 -0.0000 -0.8262
vn -0.6802 -0.0000 -0.7331
vn 0.6608 -0.0000 0.7506
vn 0.7781 -0.0000 0.6281
vn -0.0001 1.0000 -0.0000
vn 0.8729 -0.0000 0.4879
vn -0.7818 -0.0000 -0.6235
vn -0.8660 -0.0000 -0.5000
vn -0.9309 -0.0000 -0.3653
vn -0.9749 -0.0000 -0.2225
vn 0.9856 -0.0000 0.1690
vn -0.9972 -0.0000 -0.0747
vn -0.9972 -0.0000 0.0747
vn -0.9749 -0.0000 0.2225
vn -0.9309 -0.0000 0.3654
vn 0.9429 -0.0000 -0.3330
vn 0.8730 -0.0000 -0.4877
vn 0.7780 -0.0000 -0.6282
vn -0.8660 -0.0000 0.5000
vn -0.7818 -0.0000 0.6235
vn -0.6802 -0.0000 0.7330
vn -0.5633 -0.0000 0.8262
vn 0.5242 -0.0000 -0.8516
vn 0.3728 -0.0000 -0.9279
vn -0.4339 -0.0000 0.9010
vn -0.2947 -0.0000 0.9556
vn -0.1490 -0.0000 0.9888
vn 0.2107 -0.0000 -0.9775
vn 0.0425 -0.0000 -0.9991
vn 0.0001 1.0000 -0.0000
vn -0.1271 -0.0000 -0.9919
vn 0.1119 -0.0000 0.9937
vn 0.1490 0.0015 0.9888
vn -0.0000 0.0014 1.0000
vn 0.0374 -0.0000 0.9993
vn 0.2947 0.0016 0.9556
vn 0.2588 -0.0000 0.9659
vn 0.1859 -0.0000 0.9826
vn 0.0019 0.1841 0.9829
vn -0.0000 0.1490 0.9888
vn -0.0000 0.2588 0.9659
vn 0.0020 0.3285 0.9445
vn -0.0000 0.2947 0.9556
vn -0.0010 -0.1646 -0.9864
vn -0.0000 -0.1236 -0.9923
vn -0.0000 -0.2052 -0.9787
vn -0.1236 -0.0000 -0.9923
vn -0.2022 -0.0032 -0.9793
vn -0.0000 -0.2854 -0.9584
vn -0.1646 -0.0000 -0.9864
vn -0.2853 -0.0000 -0.9584
vn -0.0010 -0.3247 -0.9458
vn -0.3605 -0.0035 -0.9328
vn -0.0000 -0.3635 -0.9316
vn -0.0011 -0.4760 -0.8795
vn -0.0000 -0.4392 -0.8984
vn -0.4392 -0.0000 -0.8984
vn -0.5091 -0.0038 -0.8607
vn -0.0000 -0.5119 -0.8591
vn -0.4760 -0.0000 -0.8795
vn -0.5811 -0.0000 -0.8139
vn -0.0000 -0.5811 -0.8138
vn -0.6439 -0.0041 -0.7651
vn -0.0000 -0.6463 -0.7631
vn -0.0011 -0.6142 -0.7891
vn -0.0012 -0.7357 -0.6773
vn -0.0000 -0.7071 -0.7071
vn -0.7071 -0.0000 -0.7071
vn -0.7612 -0.0045 -0.6485
vn -0.0000 -0.7631 -0.6463
vn -0.0000 -0.8139 -0.5810
vn -0.8138 -0.0000 -0.5811
vn -0.7357 -0.0000 -0.6773
vn -0.8578 -0.0049 -0.5140
vn -0.8372 -0.0000 -0.5470
vn -0.8984 -0.0000 -0.4392
vn -0.9158 -0.0000 -0.4017
vn -0.9309 -0.0052 -0.3653
vn -0.0000 -0.9316 -0.3634
vn -0.0000 -0.8984 -0.4392
vn -0.0013 -0.9158 -0.4017
vn -0.0012 -0.8372 -0.5470
vn -0.0000 -0.8590 -0.5119
vn -0.0000 0.9165 0.3999
vn -0.0000 0.8660 0.5000
vn -0.0000 0.9309 0.3654
vn 0.0027 0.9436 0.3311
vn -0.0000 0.8467 0.5321
vn 0.0026 0.8836 0.4683
vn -0.0000 0.7818 0.6235
vn 0.8467 -0.0000 0.5320
vn 0.0025 0.8037 0.5950
vn 0.8046 -0.0000 0.5938
vn 0.8660 0.0025 0.5000
vn 0.7818 0.0023 0.6235
vn 0.7580 -0.0000 0.6523
vn 0.6802 0.0021 0.7331
vn 0.7071 -0.0000 0.7071
vn -0.0000 0.7580 0.6523
vn 0.0024 0.7059 0.7083
vn -0.0000 0.6802 0.7330
vn 0.6523 -0.0000 0.7580
vn -0.0000 0.6523 0.7580
vn 0.0022 0.5924 0.8057
vn 0.5938 -0.0000 0.8046
vn -0.0000 0.5633 0.8262
vn 0.5320 -0.0000 0.8467
vn 0.5633 0.0019 0.8262
vn -0.0000 0.5320 0.8467
vn 0.4673 -0.0000 0.8841
vn 0.0021 0.4656 0.8850
vn -0.0000 0.4339 0.9010
vn 0.4339 0.0018 0.9010
vn 0.3999 -0.0000 0.9165
vn -0.0000 0.3999 0.9165
vn -0.4503 -0.0000 -0.8929
vn -0.5946 -0.0000 -0.8040
vn -0.2928 -0.0000 -0.9562
vn -0.7219 -0.0000 -0.6920
vn -0.8285 -0.0000 -0.5599
vn 0.8841 -0.0000 0.4672
vn 0.9166 -0.0000 0.3999
vn -0.9584 -0.0000 -0.2854
vn -0.0000 -0.9584 -0.2853
vn -0.9785 -0.0055 -0.2063
vn -0.0000 -0.9787 -0.2054
vn -0.0013 -0.9694 -0.2456
vn -0.6142 -0.0000 -0.7892
vn -0.3247 -0.0000 -0.9458
vn -0.0384 -0.0030 -0.9993
vn 0.0414 -0.0000 -0.9991
vn 0.1646 -0.0000 -0.9864
vn -0.0000 0.0016 -1.0000
vn -0.0414 -0.0000 -0.9991
vn -0.1646 0.0017 -0.9864
vn -0.3247 0.0018 -0.9458
vn -0.2052 -0.0000 -0.9787
vn 0.1831 -0.0029 0.9831
vn 0.1490 -0.0000 0.9888
vn -0.0000 -0.1119 0.9937
vn 0.0010 -0.1490 0.9888
vn -0.0000 -0.1859 0.9826
vn -0.0000 -0.2588 0.9659
vn 0.0010 -0.2947 0.9556
vn -0.0000 0.3247 -0.9458
vn -0.0000 0.4760 -0.8795
vn -0.0000 0.4392 -0.8984
vn -0.0021 0.5104 -0.8600
vn -0.4760 0.0020 -0.8795
vn -0.5119 -0.0000 -0.8590
vn -0.6142 0.0022 -0.7892
vn 0.7818 -0.0000 0.6235
vn 0.8831 -0.0048 0.4692
vn 0.8660 -0.0000 0.5000
vn -0.0000 -0.8467 0.5321
vn 0.8030 -0.0044 0.5959
vn -0.0000 -0.8046 0.5938
vn 0.0013 -0.8660 0.5000
vn 0.0013 -0.7818 0.6235
vn -0.0000 0.9158 -0.4017
vn -0.0000 0.8984 -0.4392
vn -0.0000 0.8372 -0.5470
vn -0.0025 0.9312 -0.3644
vn -0.9316 -0.0000 -0.3635
vn -0.9158 0.0027 -0.4017
vn -0.8372 0.0025 -0.5470
vn -0.8591 -0.0000 -0.5119
vn -0.0024 0.8584 -0.5129
vn -0.0000 0.8138 -0.5811
vn -0.7631 -0.0000 -0.6463
vn -0.0023 0.7621 -0.6474
vn -0.0000 0.7357 -0.6773
vn -0.0000 0.6142 -0.7892
vn -0.0000 -0.6523 0.7579
vn 0.0012 -0.6802 0.7330
vn -0.0000 -0.5938 0.8046
vn 0.0011 -0.5633 0.8262
vn 0.5914 -0.0037 0.8064
vn -0.0000 -0.5320 0.8467
vn 0.4646 -0.0034 0.8855
vn 0.4339 -0.0000 0.9010
vn -0.0000 -0.4673 0.8841
vn -0.0000 -0.3999 0.9166
vn 0.0011 -0.4339 0.9010
vn 0.2947 -0.0000 0.9556
vn 0.3274 -0.0031 0.9449
vn -0.0000 -0.3302 0.9439
vn 0.5633 -0.0000 0.8262
vn 0.7050 -0.0041 0.7092
vn 0.6802 -0.0000 0.7331
vn -0.0000 -0.7071 0.7071
vn -0.0000 -0.7580 0.6523
vn -0.6463 -0.0000 -0.7631
vn -0.0022 0.6450 -0.7642
vn -0.7357 0.0023 -0.6773
vn -0.9966 -0.0000 0.0826
vn -0.9966 0.0028 -0.0826
vn -0.9991 -0.0000 -0.0413
vn -0.9991 0.0057 0.0415
vn -0.0000 0.9991 0.0414
vn -0.0000 0.9966 -0.0826
vn -0.0026 0.9991 -0.0415
vn -0.0013 0.9966 0.0826
vn -0.0013 0.9694 0.2454
vn -0.0000 0.9923 0.1237
vn -0.0000 0.9787 0.2051
vn -0.9785 0.0055 0.2063
vn -0.0000 0.9584 0.2853
vn -0.9158 -0.0000 0.4017
vn -0.9694 -0.0000 0.2455
vn -0.7220 -0.0000 0.6919
vn 0.8660 -0.0025 -0.5000
vn 0.8046 -0.0000 -0.5938
vn 0.7818 -0.0023 -0.6235
vn 0.0025 -0.8037 -0.5950
vn -0.0000 -0.7580 -0.6523
vn -0.0000 -0.6802 -0.7331
vn -0.0000 -0.7818 -0.6235
vn -0.0012 0.7357 0.6773
vn -0.0011 0.6142 0.7892
vn -0.0000 0.7071 0.7071
vn -0.0000 0.6463 0.7631
vn -0.6439 0.0041 0.7651
vn -0.0000 0.5810 0.8139
vn -0.6142 -0.0000 0.7892
vn -0.7071 -0.0000 0.7071
vn -0.7357 -0.0000 0.6773
vn -0.7612 0.0045 0.6485
vn -0.4503 -0.0000 0.8929
vn -0.5946 -0.0000 0.8040
vn 0.5633 -0.0019 -0.8262
vn 0.4673 -0.0000 -0.8841
vn 0.4339 -0.0018 -0.9010
vn -0.0000 -0.3998 -0.9166
vn 0.0021 -0.4656 -0.8850
vn -0.0000 -0.5320 -0.8467
vn -0.0000 -0.4339 -0.9010
vn 0.5938 -0.0000 -0.8046
vn 0.0022 -0.5924 -0.8056
vn -0.0000 -0.6523 -0.7580
vn -0.0000 -0.5633 -0.8262
vn 0.6801 -0.0021 -0.7331
vn 0.7071 -0.0000 -0.7071
vn 0.0024 -0.7059 -0.7083
vn 0.3303 -0.0000 -0.9439
vn 0.2948 -0.0016 -0.9556
vn -0.0000 0.7631 0.6463
vn -0.0000 0.8138 0.5811
vn -0.8578 0.0049 0.5140
vn -0.0012 0.8372 0.5469
vn -0.0000 0.8591 0.5119
vn -0.0013 0.9158 0.4017
vn -0.0000 0.8984 0.4392
vn -0.0000 -0.9309 -0.3653
vn -0.0000 -0.9659 -0.2588
vn 0.0027 -0.9825 -0.1865
vn -0.0000 -0.9749 -0.2225
vn 0.9749 -0.0027 -0.2225
vn 0.9826 -0.0000 -0.1859
vn 0.9659 -0.0000 -0.2588
vn 0.9439 -0.0000 -0.3303
vn 0.9309 -0.0026 -0.3653
vn -0.9677 -0.0000 0.2521
vn 0.0027 -0.9436 -0.3311
vn 0.9165 -0.0000 -0.3999
vn -0.0000 -0.9166 -0.3999
vn 0.8841 -0.0000 -0.4672
vn 0.0026 -0.8835 -0.4683
vn -0.0000 -0.8660 -0.5000
vn -0.0000 -0.9937 -0.1119
vn 0.0028 -0.9993 -0.0375
vn 0.9993 -0.0000 -0.0373
vn 0.9972 -0.0028 -0.0747
vn 0.9972 -0.0000 0.0747
vn -0.0000 -0.9972 -0.0747
vn -0.0000 -0.9993 0.0374
vn 0.9993 -0.0056 0.0375
vn -0.0000 -0.9937 0.1119
vn 0.0014 -0.9972 0.0747
vn 0.9749 -0.0000 0.2225
vn 0.9824 -0.0054 0.1869
vn -0.0000 -0.9826 0.1860
vn -0.0000 -0.9659 0.2588
vn 0.0014 -0.9749 0.2225
vn -0.0000 -0.9439 0.3303
vn 0.0014 -0.9309 0.3654
vn 0.9165 -0.0000 0.3999
vn 0.9433 -0.0051 0.3319
vn -0.0000 -0.9166 0.3999
vn 0.9309 -0.0000 0.3654
vn -0.9309 0.0052 0.3653
vn -0.0000 0.9316 0.3636
vn -0.8372 -0.0000 0.5470
vn -0.0000 -0.8467 -0.5321
vn -0.0000 0.9694 -0.2454
vn -0.0000 0.9923 -0.1237
vn -0.0026 0.9786 -0.2056
vn -0.9787 -0.0000 -0.2052
vn -0.0000 0.9584 -0.2853
vn -0.9584 -0.0000 -0.2853
vn -0.9694 0.0028 -0.2455
vn -0.0000 -0.8841 0.4673
vn -0.0000 0.5810 -0.8139
vn -0.3635 -0.0000 -0.9316
vn -0.0020 0.3617 -0.9323
vn -0.0000 0.1646 -0.9864
vn -0.0000 0.2854 -0.9584
vn 0.0347 -0.0027 0.9994
vn 0.3247 -0.0000 -0.9458
vn 0.4760 -0.0000 -0.8795
vn 0.6142 -0.0000 -0.7892
vn 0.6607 -0.0000 -0.7507
vn 0.8372 -0.0000 -0.5470
vn 0.7357 -0.0000 -0.6773
vn 0.9158 -0.0000 -0.4017
vn 0.9694 -0.0000 -0.2455
vn 0.9429 -0.0000 -0.3331
vn 0.9856 -0.0000 -0.1690
vn 0.9966 -0.0000 0.0826
vn 0.9966 -0.0000 -0.0826
vn 0.9694 -0.0000 0.2455
vn 0.9158 -0.0000 0.4017
vn 0.8372 -0.0000 0.5470
vn 0.9429 -0.0000 0.3330
vn 0.7357 -0.0000 0.6773
vn 0.6142 -0.0000 0.7892
vn 0.4760 -0.0000 0.8795
vn 0.3247 -0.0000 0.9458
vn 0.3729 -0.0000 0.9279
vn 0.5241 -0.0000 0.8516
vn -0.1490 -0.0000 -0.9888
vn -0.0374 -0.0000 -0.9993
vn -0.0000 -0.0014 -1.0000
vn -0.0019 0.2034 -0.9791
vn -0.0000 0.1236 -0.9923
vn 0.3302 -0.0000 0.9439
vn -0.0000 0.1119 0.9937
vn -0.0374 -0.0000 0.9993
vn 0.2948 -0.0000 -0.9556
vn 0.3275 0.0031 -0.9448
vn -0.0000 0.1859 -0.9826
vn -0.0000 0.2588 -0.9659
vn 0.0010 0.1490 -0.9888
vn -0.0000 0.1237 0.9923
vn -0.6142 -0.0022 0.7892
vn -0.6463 -0.0000 0.7631
vn 0.5633 -0.0000 -0.8262
vn -0.0000 0.9659 -0.2589
vn 0.9824 0.0054 -0.1869
vn 0.9749 -0.0000 -0.2225
vn -0.0000 -0.9158 0.4017
vn -0.0000 -0.9923 -0.1237
vn -0.0000 0.9659 0.2589
vt -1.532712 0.657423
vt -4.432718 0.657423
vt -1.532712 0.548732
vt -1.517068 0.657265
vt -4.432718 0.701894
vt -1.532712 0.701894
vt -1.517068 0.548683
vt -1.517068 0.764687
vt -1.532712 0.764943
vt -1.501810 0.656813
vt -1.501810 0.763918
vt -1.517068 0.439748
vt -1.501810 0.548549
vt -1.532712 0.439687
vt -4.432718 0.548732
vt -4.432718 0.439687
vt -1.532712 0.394875
vt -4.432718 0.394875
vt -1.532712 0.331117
vt -1.517068 0.331288
vt -1.517068 0.224135
vt -1.501810 0.331789
vt -1.501810 0.439931
vt -1.487314 0.440236
vt -1.487314 0.548317
vt -1.473935 0.655067
vt -1.487314 0.656081
vt -1.473935 0.548024
vt -1.462003 0.653798
vt -1.462003 0.758803
vt -1.473935 0.760927
vt -1.487314 0.762660
vt -1.473935 0.864845
vt -1.462003 0.861842
vt -0.655658 0.858339
vt -0.620270 0.957680
vt -0.667060 0.861842
vt -0.631323 0.962172
vt -1.462003 0.962172
vt -0.693927 0.758803
vt -0.576355 1.053542
vt -0.586975 1.058986
vt -1.462003 1.058986
vt -1.473935 0.965993
vt -1.473935 1.063625
vt -1.487314 0.969081
vt -1.487314 0.867250
vt -1.501810 0.869020
vt -1.517068 0.870107
vt -1.501810 0.971352
vt -1.487314 1.067360
vt -1.501810 1.070107
vt -1.517068 0.972719
vt -1.517068 1.071767
vt -1.532712 1.072328
vt -1.532712 0.996877
vt -1.532712 0.973183
vt -1.532712 0.870461
vt -4.432718 0.973183
vt -4.432718 0.870461
vt -1.532712 0.852016
vt -4.432718 0.852016
vt -4.432718 0.764943
vt -4.448355 0.870107
vt -4.448355 0.764687
vt -4.463614 0.763918
vt -4.448355 0.972719
vt -4.463614 0.869020
vt -4.463614 0.656813
vt -4.478110 0.762660
vt -4.478110 0.656081
vt -4.491495 0.655067
vt -4.478110 0.548317
vt -4.491495 0.548024
vt -4.491495 0.440639
vt -4.503427 0.441151
vt -4.503427 0.547658
vt -0.720258 0.547658
vt -0.707617 0.441762
vt -0.719531 0.441151
vt -4.503427 0.335146
vt -0.697711 0.336769
vt -0.709528 0.335146
vt -0.684455 0.338612
vt -0.678693 0.233046
vt -0.665650 0.236037
vt -0.651514 0.239272
vt -0.637970 0.135487
vt -0.624170 0.139943
vt -0.609650 0.144630
vt -0.588275 0.043373
vt -0.574219 0.049318
vt -0.559808 0.055409
vt -0.516791 -0.035228
vt -0.530622 -0.042552
vt -0.594769 0.149440
vt 0.499628 0.502724
vt 1.638739 0.660609
vt 1.648163 0.560719
vt 1.620642 0.759279
vt 1.648846 0.460390
vt 1.640784 0.360402
vt 1.624042 0.261476
vt 1.559057 0.950050
vt 1.594018 0.856007
vt 1.516040 1.040675
vt 1.407184 1.209010
vt 1.465289 1.127211
vt 1.342175 1.285414
vt 1.193463 1.419838
vt 1.270752 1.355873
vt 1.110888 1.476820
vt 0.932452 1.568153
vt 1.023663 1.526393
vt 0.837951 1.601833
vt 0.641949 1.643886
vt 0.740863 1.627126
vt 0.541949 1.651942
vt 0.341748 1.641835
vt 0.441626 1.651259
vt 0.243066 1.623732
vt 0.052301 1.562160
vt 0.146338 1.597108
vt -0.038336 1.519142
vt -0.206659 1.410280
vt -0.124866 1.468385
vt -0.283069 1.345277
vt -0.417487 1.196559
vt -0.353522 1.273854
vt -0.474469 1.113979
vt -0.565808 0.935548
vt -0.524036 1.026772
vt -0.599481 0.841042
vt -0.641535 0.645045
vt -0.624787 0.743971
vt -0.649597 0.545045
vt -0.639490 0.344850
vt -0.648914 0.444728
vt -0.621393 0.246169
vt -0.407935 -0.203551
vt -0.466040 -0.121776
vt -0.342926 -0.279967
vt -0.194214 -0.414391
vt -0.271503 -0.350426
vt -0.111640 -0.471373
vt 0.066797 -0.562718
vt -0.024414 -0.520934
vt 0.161297 -0.596385
vt 0.357300 -0.638438
vt 0.258386 -0.621690
vt 0.457306 -0.646495
vt 0.657501 -0.636388
vt 0.557623 -0.645811
vt 0.756183 -0.618297
vt 0.946948 -0.556712
vt 0.852911 -0.591661
vt 1.037585 -0.513695
vt 1.205908 -0.404845
vt 1.124121 -0.462938
vt 1.282318 -0.339818
vt 1.416736 -0.191112
vt 1.352771 -0.268407
vt 1.473718 -0.108543
vt 1.565063 0.069887
vt 1.523285 -0.021324
vt 1.598730 0.164394
vt 1.579559 0.064015
vt 1.613684 0.159792
vt 1.593695 0.058266
vt 1.628265 0.155312
vt 1.639337 0.258205
vt 1.656311 0.358461
vt 1.654254 0.254994
vt 1.671448 0.356569
vt 1.664483 0.459816
vt 1.679730 0.459267
vt 1.663782 0.561513
vt 1.679022 0.562282
vt 1.654230 0.662746
vt 1.635888 0.762770
vt 1.669348 0.664833
vt 1.608899 0.860817
vt 1.650769 0.766176
vt 1.623425 0.865504
vt 1.573474 0.956129
vt 1.587524 0.962062
vt 1.529870 1.048000
vt 1.543353 1.055128
vt 1.478424 1.135719
vt 1.491235 1.143996
vt 1.419531 1.218617
vt 1.353637 1.296059
vt 1.431573 1.227980
vt 1.281244 1.367482
vt 1.364813 1.306447
vt 1.291473 1.378798
vt 1.202899 1.432301
vt 1.119208 1.490065
vt 1.212103 1.444484
vt 1.127313 1.502992
vt 1.030792 1.540309
vt 1.037744 1.553883
vt 0.938342 1.582655
vt 0.944079 1.596791
vt 0.842553 1.616786
vt 0.847040 1.631361
vt 0.744153 1.642421
vt 0.747351 1.657350
vt 0.643884 1.659401
vt 0.542523 1.667580
vt 0.645770 1.674538
vt 0.440838 1.666884
vt 0.543085 1.682826
vt 0.339599 1.657326
vt 0.440069 1.682118
vt 0.337506 1.672438
vt 0.239581 1.638991
vt 0.236175 1.653859
vt 0.141534 1.612001
vt 0.136853 1.626527
vt 0.046216 1.576576
vt -0.045648 1.532973
vt 0.040283 1.590626
vt -0.052790 1.546449
vt -0.133368 1.481520
vt -0.141651 1.494337
vt -0.216266 1.422633
vt -0.293714 1.356728
vt -0.225635 1.434669
vt -0.365131 1.284340
vt -0.304102 1.367909
vt -0.376447 1.294569
vt -0.429962 1.205995
vt -0.442133 1.215199
vt -0.487720 1.122304
vt -0.500641 1.130409
vt -0.537958 1.033900
vt -0.551544 1.040846
vt -0.580304 0.941444
vt -0.614435 0.845644
vt -0.594446 0.947182
vt -0.640082 0.747243
vt -0.629016 0.850136
vt -0.655005 0.750441
vt -0.657062 0.646974
vt -0.665228 0.545631
vt -0.672199 0.648878
vt -0.680481 0.546193
vt -0.664533 0.443935
vt -0.679773 0.443166
vt -0.654981 0.342702
vt -0.670093 0.340602
vt -0.636640 0.242665
vt -0.694251 0.442445
vt -0.708331 0.547218
vt -0.694965 0.546718
vt -0.699860 0.652321
vt -0.686585 0.650661
vt -0.682257 0.756300
vt -0.669177 0.753493
vt -0.642871 0.854408
vt -0.607874 0.952638
vt -0.564447 1.047450
vt -0.524256 1.145229
vt -0.512921 1.138124
vt -0.464356 1.232021
vt -0.453687 1.223952
vt -0.397132 1.313271
vt -0.387207 1.304286
vt -0.323071 1.388332
vt -0.313971 1.378529
vt -0.242755 1.456679
vt -0.234540 1.446108
vt -0.156793 1.517751
vt -0.149524 1.506508
vt -0.065827 1.571095
vt -0.059570 1.559267
vt 0.029437 1.616310
vt 0.034643 1.603981
vt 0.128284 1.653041
vt 0.132391 1.640321
vt 0.229950 1.681032
vt 0.232940 1.667995
vt 0.333679 1.700050
vt 0.335510 1.686806
vt 0.438666 1.709962
vt 0.439337 1.696608
vt 0.544110 1.710683
vt 0.543622 1.697304
vt 0.649225 1.702211
vt 0.647565 1.688930
vt 0.753198 1.684596
vt 0.750390 1.671522
vt 0.855243 1.658009
vt 0.851300 1.645216
vt 0.954577 1.622609
vt 0.949542 1.610231
vt 1.050452 1.578712
vt 1.044354 1.566798
vt 1.142132 1.526601
vt 1.135022 1.515260
vt 1.228924 1.466713
vt 1.220849 1.456044
vt 1.310168 1.399477
vt 1.301196 1.389552
vt 1.385242 1.325429
vt 1.375433 1.316322
vt 1.453570 1.245106
vt 1.443017 1.236891
vt 1.514648 1.159145
vt 1.503412 1.151869
vt 1.567993 1.068166
vt 1.556170 1.061916
vt 1.613208 0.972914
vt 1.600885 0.967702
vt 1.649951 0.874062
vt 1.637219 0.869948
vt 1.677942 0.772389
vt 1.664899 0.769411
vt 1.696960 0.668678
vt 1.683703 0.666823
vt 1.706866 0.563686
vt 1.693506 0.563014
vt 1.707587 0.458241
vt 1.694214 0.458730
vt 1.699115 0.353127
vt 1.685834 0.354774
vt 1.681512 0.249159
vt 1.668426 0.251955
vt 1.654907 0.147108
vt 1.642126 0.151051
vt 1.619519 0.047780
vt 1.607123 0.052809
vt 1.575604 -0.048106
vt 1.563696 -0.042003
vt 1.523504 -0.139793
vt 1.512176 -0.132677
vt 1.550793 -0.035399
vt 1.499896 -0.124974
vt 1.537213 -0.028453
vt 1.486969 -0.116856
vt 1.429211 -0.200548
vt 1.441382 -0.209752
vt 1.375696 -0.289122
vt 1.364380 -0.278893
vt 1.303351 -0.362474
vt 1.292969 -0.351292
vt 1.224884 -0.429234
vt 1.215515 -0.417174
vt 1.140899 -0.488890
vt 1.132617 -0.476073
vt 1.052038 -0.541014
vt 1.044897 -0.527513
vt 0.958966 -0.585179
vt 0.953033 -0.571129
vt 0.862408 -0.621068
vt 0.857715 -0.606554
vt 0.759674 -0.633543
vt 0.763074 -0.648424
vt 0.659649 -0.651891
vt 0.661749 -0.666991
vt 0.559179 -0.676671
vt 0.558410 -0.661436
vt 0.456164 -0.677379
vt 0.456726 -0.662132
vt 0.353479 -0.669102
vt 0.355365 -0.653966
vt 0.251898 -0.651903
vt 0.255102 -0.636986
vt 0.152209 -0.625926
vt 0.156701 -0.611339
vt 0.060907 -0.577208
vt 0.055169 -0.591344
vt -0.038495 -0.548448
vt -0.031543 -0.534862
vt -0.128064 -0.497545
vt -0.119959 -0.484630
vt -0.203650 -0.426854
vt -0.212854 -0.439024
vt -0.292224 -0.373351
vt -0.281989 -0.362035
vt -0.365564 -0.301012
vt -0.354389 -0.290611
vt -0.432318 -0.222533
vt -0.420282 -0.213158
vt -0.491986 -0.138548
vt -0.479175 -0.130260
vt -0.544104 -0.049693
vt -0.601636 0.037733
vt -0.556916 -0.056468
vt -0.613959 0.032545
vt -0.568744 -0.062730
vt -0.504163 -0.146434
vt -0.515399 -0.153685
vt -0.443762 -0.231432
vt -0.454322 -0.239659
vt -0.376184 -0.310863
vt -0.385993 -0.319969
vt -0.301947 -0.384105
vt -0.310919 -0.394029
vt -0.221601 -0.450597
vt -0.229675 -0.461266
vt -0.135767 -0.509825
vt -0.142877 -0.521153
vt -0.045105 -0.561351
vt -0.051203 -0.573253
vt 0.049707 -0.604771
vt 0.044671 -0.617174
vt 0.147949 -0.639781
vt 0.144006 -0.652562
vt 0.248858 -0.666075
vt 0.246051 -0.679161
vt 0.351684 -0.683495
vt 0.350024 -0.696764
vt 0.455627 -0.691869
vt 0.455139 -0.705235
vt 0.559912 -0.691161
vt 0.560583 -0.704515
vt 0.663739 -0.681358
vt 0.665576 -0.694615
vt 0.766308 -0.662547
vt 0.769299 -0.675584
vt 0.866858 -0.634862
vt 0.870965 -0.647606
vt 0.964612 -0.598534
vt 0.969812 -0.610863
vt 1.058819 -0.553819
vt 1.065082 -0.565636
vt 1.148779 -0.501060
vt 1.156042 -0.512291
vt 1.233789 -0.440660
vt 1.242010 -0.451219
vt 1.313220 -0.373094
vt 1.322320 -0.382896
vt 1.386456 -0.298851
vt 1.396380 -0.307811
vt 1.452942 -0.218504
vt 1.463611 -0.226573
vt 1.405231 -0.315819
vt 1.473126 -0.233775
vt 1.412793 -0.322655
vt 1.481250 -0.239928
vt 1.533612 -0.146129
vt 1.542242 -0.151549
vt -4.491495 -0.151549
vt -4.503427 -0.146129
vt -4.503427 -0.053539
vt 1.586224 -0.053539
vt -4.491495 -0.058177
vt -4.503427 0.043275
vt 1.630572 0.043275
vt -4.491495 0.039442
vt -4.503427 0.143593
vt 1.666314 0.143593
vt -4.491495 0.140602
vt -4.503427 0.246657
vt 1.693176 0.246657
vt -4.491495 0.244508
vt -4.503427 0.351649
vt 1.710950 0.351649
vt -4.491495 0.350392
vt -4.503427 0.457790
vt 1.719507 0.457790
vt -4.491495 0.457423
vt -4.503427 0.564284
vt 1.718780 0.564284
vt -4.491495 0.564796
vt -4.503427 0.670314
vt 1.708783 0.670314
vt -4.491495 0.671706
vt -4.503427 0.775063
vt 1.689569 0.775063
vt -4.491495 0.777321
vt -4.503427 0.877736
vt 1.661304 0.877736
vt -4.491495 0.880861
vt -4.503427 0.977553
vt 1.624200 0.977553
vt -4.491495 0.981520
vt -4.503427 1.073756
vt 1.578540 1.073756
vt -4.491495 1.078529
vt -4.503427 1.165614
vt 1.524664 1.165614
vt -4.491495 1.171156
vt 1.533221 1.171156
vt 1.462988 1.252431
vt 1.471026 1.258693
vt 1.393982 1.333546
vt 1.401446 1.340480
vt 1.318164 1.408339
vt 1.325006 1.415895
vt 1.236127 1.476222
vt 1.242273 1.484352
vt 1.148474 1.536708
vt 1.153888 1.545338
vt -4.491495 1.153888
vt -4.503427 1.148474
vt -4.503427 1.055890
vt 1.055890 1.589333
vt -4.491495 1.060534
vt -4.503427 0.959064
vt 0.959064 1.633681
vt -4.491495 0.962903
vt -4.503427 0.858752
vt 0.858752 1.669411
vt -4.491495 0.861749
vt -4.503427 0.755700
vt 0.755700 1.696266
vt -4.491495 0.757837
vt -4.503427 0.650702
vt 0.650702 1.714052
vt -4.491495 0.651959
vt -4.503427 0.544549
vt 0.544549 1.722609
vt -4.491495 0.544928
vt -4.503427 0.438061
vt 0.438061 1.721877
vt -4.491495 0.437549
vt -4.503427 0.332037
vt 0.332037 1.711879
vt -4.491495 0.330646
vt -4.503427 0.227295
vt 0.227295 1.692677
vt -4.491495 0.225018
vt -4.503427 0.124621
vt 0.124621 1.664406
vt -4.491495 0.121490
vt -4.503427 0.024798
vt 0.024798 1.627296
vt -4.491495 0.020837
vt -4.503427 -0.071411
vt -0.071411 1.581642
vt -4.491495 -0.076178
vt -4.503427 -0.163269
vt -0.163269 1.527760
vt -4.491495 -0.168805
vt -0.168805 1.536317
vt -0.250086 1.466090
vt -0.256342 1.474123
vt -0.331195 1.397084
vt -0.338135 1.404543
vt -0.405982 1.321266
vt -0.413538 1.328090
vt -0.473877 1.239223
vt -0.482001 1.245375
vt -0.534363 1.151564
vt -0.542993 1.156996
vt -4.491495 1.156996
vt -4.503427 1.151564
vt -4.503427 1.058986
vt -4.491495 1.063625
vt -4.503427 0.962172
vt -4.491495 0.965993
vt -4.503427 0.861842
vt -4.491495 0.864845
vt -4.503427 0.758803
vt -4.491495 0.760927
vt -4.503427 0.653798
vt -0.711701 0.653798
vt -4.478110 0.867250
vt -4.463614 0.971352
vt -4.478110 0.969081
vt -4.463614 1.070107
vt -4.478110 1.067360
vt -4.463614 1.164540
vt -4.478110 1.161342
vt -4.463614 1.253932
vt -4.478110 1.250319
vt -4.463614 1.337624
vt -4.478110 1.333607
vt -4.491495 1.245375
vt -4.463614 1.414955
vt -4.478110 1.410548
vt -4.491495 1.328090
vt -4.463614 -0.265070
vt -4.478110 -0.261383
vt -4.478110 -0.343714
vt -4.463614 -0.347797
vt -4.491495 -0.338135
vt -4.491495 1.404543
vt -4.463614 -0.176514
vt -4.478110 -0.173255
vt -4.491495 -0.256342
vt -4.463614 -0.082825
vt -4.478110 -0.080011
vt -4.463614 0.015307
vt -4.478110 0.017645
vt -4.463614 0.117120
vt -4.478110 0.118970
vt -4.463614 0.221850
vt -4.478110 0.223187
vt -4.463614 0.328686
vt -4.478110 0.329516
vt -4.463614 0.436828
vt -4.478110 0.437134
vt -4.463614 0.545453
vt -4.478110 0.545233
vt -4.463614 0.653717
vt -4.478110 0.652978
vt -4.463614 0.760815
vt -4.478110 0.759558
vt -4.463614 0.865930
vt -4.478110 0.864160
vt -4.463614 0.968249
vt -4.478110 0.965985
vt -4.463614 1.067004
vt -4.478110 1.064270
vt -4.463614 1.161444
vt -4.478110 1.158246
vt -4.463614 1.250842
vt -4.478110 1.247217
vt -4.463614 1.334527
vt -4.478110 1.330499
vt -4.491495 1.242273
vt -4.463614 1.411853
vt -4.478110 1.407452
vt -4.491495 1.325006
vt -4.463614 1.267421
vt -4.478110 1.263722
vt -4.478110 1.346059
vt -4.463614 1.350148
vt -4.491495 1.340480
vt -4.491495 1.401446
vt -4.463614 1.178871
vt -4.478110 1.175600
vt -4.491495 1.258693
vt -4.463614 1.085170
vt -4.478110 1.082362
vt -4.463614 0.987038
vt -4.478110 0.984706
vt -4.463614 0.885219
vt -4.478110 0.883388
vt -4.463614 0.780495
vt -4.478110 0.779164
vt -4.463614 0.673659
vt -4.478110 0.672841
vt -4.463614 0.565517
vt -4.478110 0.565211
vt -4.463614 0.456899
vt -4.478110 0.457118
vt -4.463614 0.348622
vt -4.478110 0.349379
vt -4.463614 0.241530
vt -4.478110 0.242787
vt -4.463614 0.136415
vt -4.478110 0.138185
vt -4.463614 0.034096
vt -4.478110 0.036354
vt -4.463614 -0.064647
vt -4.478110 -0.061925
vt -4.463614 -0.159093
vt -4.478110 -0.155907
vt -4.463614 -0.248497
vt -4.478110 -0.244871
vt -4.463614 -0.332176
vt -4.478110 -0.328148
vt -4.491495 -0.239928
vt -4.463614 -0.409508
vt -4.478110 -0.405101
vt -4.491495 -0.322655
vt -4.463614 1.264319
vt -4.478110 1.260632
vt -4.478110 1.342963
vt -4.463614 1.347052
vt -4.491495 1.337384
vt -4.491495 -0.399107
vt -4.491495 1.255597
vt 1.255597 -0.468687
vt 1.330444 -0.391637
vt 1.337384 -0.399107
vt 1.249335 -0.460643
vt 1.168054 -0.530882
vt 1.162518 -0.522325
vt -4.491495 1.075427
vt -4.503427 1.070660
vt -4.503427 1.162518
vt -4.491495 1.168054
vt 1.070660 -0.576195
vt -4.491495 0.978412
vt 0.974450 -0.621861
vt -4.503427 0.974450
vt -4.491495 0.877765
vt -4.503427 0.874634
vt 0.874634 -0.658958
vt -4.491495 0.774231
vt -4.503427 0.771954
vt 0.771954 -0.687218
vt -4.491495 0.668616
vt -4.503427 0.667212
vt 0.667212 -0.706432
vt -4.491495 0.561700
vt -4.503427 0.561188
vt 0.561188 -0.716441
vt -4.491495 0.454321
vt -4.503427 0.454700
vt 0.454700 -0.717162
vt -4.491495 0.347290
vt -4.503427 0.348547
vt 0.348547 -0.708604
vt -4.491495 0.241412
vt -4.503427 0.243548
vt 0.243548 -0.690819
vt -4.491495 0.137500
vt 0.140497 -0.663963
vt -4.503427 0.140497
vt -4.491495 0.036346
vt -4.503427 0.040185
vt 0.040185 -0.628221
vt -4.491495 -0.061279
vt -4.503427 -0.056641
vt -0.056641 -0.583885
vt -4.491495 -0.154639
vt -4.503427 -0.149225
vt -0.149225 -0.531261
vt -0.243024 -0.478905
vt -0.236872 -0.470775
vt -0.154639 -0.539891
vt -0.325751 -0.410448
vt -0.318915 -0.402879
vt -0.402197 -0.335033
vt -0.394733 -0.328087
vt -0.471778 -0.253246
vt -0.463739 -0.246983
vt -0.533972 -0.165709
vt -0.525409 -0.160179
vt -4.491495 -0.073082
vt -4.503427 -0.068309
vt -4.503427 -0.160179
vt -4.491495 -0.165709
vt -0.579285 -0.068309
vt -4.491495 0.023927
vt -4.503427 0.027895
vt -0.624951 0.027895
vt -4.491495 0.124586
vt -4.503427 0.127711
vt -0.662055 0.127711
vt -4.491495 0.228114
vt -4.503427 0.230397
vt -0.690320 0.230397
vt -0.650702 0.131374
vt -4.491495 0.333730
vt -4.478110 0.440236
vt -4.478110 0.332619
vt -4.463614 0.439931
vt -4.463614 0.331789
vt -4.478110 0.226295
vt -4.463614 0.224940
vt -4.478110 0.122072
vt -4.463614 0.120216
vt -4.478110 0.020741
vt -4.463614 0.018398
vt -4.478110 -0.076915
vt -4.463614 -0.079723
vt -4.478110 -0.170164
vt -4.463614 -0.173424
vt -4.478110 -0.258287
vt -4.491495 -0.253246
vt -4.463614 -0.261961
vt -4.478110 -0.340611
vt -4.491495 -0.335033
vt -4.463614 -0.344701
vt -4.463614 -0.412604
vt -4.478110 -0.408203
vt -4.478110 -0.331250
vt -4.491495 -0.325751
vt -4.491495 -0.402197
vt -4.463614 -0.335272
vt -4.478110 -0.247968
vt -4.491495 -0.243024
vt -4.463614 -0.251593
vt -4.478110 -0.158997
vt -4.463614 -0.162195
vt -4.478110 -0.065021
vt -4.463614 -0.067755
vt -4.478110 0.033264
vt -4.463614 0.031000
vt -4.478110 0.135089
vt -4.463614 0.133319
vt -4.478110 0.239691
vt -4.463614 0.238434
vt -4.478110 0.346271
vt -4.463614 0.345532
vt -4.478110 0.454016
vt -4.463614 0.453796
vt -4.478110 0.562115
vt -4.463614 0.562420
vt -4.478110 0.669732
vt -4.463614 0.670563
vt -4.478110 0.776062
vt -4.463614 0.777405
vt -4.478110 0.880279
vt -4.463614 0.882129
vt -4.478110 0.981604
vt -4.463614 0.983941
vt -4.478110 1.079260
vt -4.463614 1.082074
vt -4.478110 1.172503
vt -4.463614 1.175763
vt -4.448355 1.083783
vt -4.448355 1.177759
vt -4.432718 1.178424
vt -4.432718 1.084363
vt -4.432718 1.215692
vt -4.432718 1.267322
vt -4.448355 1.266565
vt -1.532712 1.267322
vt -1.532712 1.336175
vt -4.432718 1.336175
vt -1.532712 1.350378
vt -4.432718 1.350378
vt -4.448355 1.349542
vt -4.448355 -0.334642
vt -4.432718 -0.413084
vt -4.448355 -0.412193
vt -4.448355 -0.250706
vt -4.432718 -0.251451
vt -4.432718 -0.316246
vt -4.432718 -0.335460
vt -1.532712 -0.316246
vt -1.532712 -0.251451
vt -1.532712 -0.193980
vt -1.517068 -0.161046
vt -1.517068 -0.250706
vt -1.501810 -0.248497
vt -1.501810 -0.159093
vt -1.517068 -0.066319
vt -1.532712 -0.066893
vt -1.532712 -0.161705
vt -4.432718 -0.161705
vt -4.432718 -0.066893
vt -1.532712 -0.061168
vt -4.432718 -0.061168
vt -1.532712 0.032252
vt -1.517068 0.032716
vt -1.532712 0.080202
vt -1.517068 0.135341
vt -1.501810 0.034096
vt -1.501810 -0.064647
vt -4.432718 0.032252
vt -4.432718 0.080202
vt -1.532712 0.134975
vt -4.432718 0.134975
vt -1.532712 0.227968
vt -1.517068 0.240761
vt -1.532712 0.348024
vt -1.517068 0.348170
vt -1.501810 0.241530
vt -1.532712 0.240504
vt -1.501810 0.136415
vt -4.432718 0.240504
vt -4.432718 0.348024
vt -1.532712 0.379909
vt -4.432718 0.379909
vt -1.532712 0.456728
vt -1.517068 0.456752
vt -1.501810 0.348622
vt -1.517068 0.565700
vt -1.501810 0.456899
vt -1.487314 0.349379
vt -1.487314 0.242787
vt -1.487314 0.138185
vt -1.473935 0.140602
vt -1.473935 0.244508
vt -1.462003 0.246657
vt -1.462003 0.143593
vt -1.473935 0.350392
vt -1.462003 0.351649
vt -1.473935 0.457423
vt -1.487314 0.457118
vt -1.487314 0.565211
vt -1.501810 0.565517
vt -1.501810 0.673659
vt -1.517068 0.674159
vt -1.532712 0.674330
vt -1.532712 0.687038
vt -1.517068 0.781313
vt -1.532712 0.781593
vt -1.532712 0.837575
vt -1.517068 0.886354
vt -1.501810 0.780495
vt -1.501810 0.885219
vt -1.487314 0.779164
vt -1.487314 0.672841
vt -1.517068 0.988466
vt -1.501810 0.987038
vt -1.487314 0.883388
vt -1.487314 0.984706
vt -1.473935 0.880861
vt -1.473935 0.777321
vt -1.462003 0.775063
vt -1.462003 0.670314
vt -1.473935 0.671706
vt -1.462003 0.564284
vt -1.462003 0.457790
vt -1.473935 0.564796
vt -1.462003 0.877736
vt -1.473935 0.981520
vt -1.462003 0.977553
vt -1.473935 1.078529
vt -1.487314 1.082362
vt -1.487314 1.175600
vt -1.473935 1.171156
vt -1.462003 1.073756
vt -1.462003 1.165614
vt -1.473935 1.258693
vt -1.487314 1.263722
vt -1.501810 1.267421
vt -1.501810 1.350148
vt -1.487314 1.346059
vt -1.517068 1.414538
vt -1.517068 1.336981
vt -1.501810 1.411853
vt -1.517068 1.352638
vt -1.501810 1.334527
vt -1.487314 1.407452
vt -1.501810 1.250842
vt -1.487314 1.330499
vt -1.517068 1.253052
vt -1.517068 1.163391
vt -1.532712 1.164044
vt -1.532712 1.253796
vt -1.532712 1.337805
vt -1.532712 1.289123
vt -4.432718 1.289123
vt -4.432718 1.253796
vt -4.448355 1.253052
vt -4.432718 1.164044
vt -4.448355 1.163391
vt -4.448355 1.336981
vt -4.432718 1.337805
vt -4.448355 1.414538
vt -4.432718 1.402234
vt -1.532712 1.367482
vt -4.432718 1.353468
vt -4.432718 1.367482
vt -1.532712 1.402234
vt -4.448355 1.352638
vt -1.532712 1.353468
vt -4.432718 1.270424
vt -1.532712 1.270424
vt -1.517068 1.269667
vt -1.517068 1.180861
vt -1.532712 1.181532
vt -1.532712 1.250002
vt -1.501810 1.178871
vt -1.501810 1.085170
vt -1.517068 1.086891
vt -1.532712 1.087453
vt -1.532712 1.121205
vt -4.432718 1.087453
vt -4.432718 1.121205
vt -4.448355 1.086891
vt -4.432718 1.181532
vt -4.448355 1.180861
vt -4.432718 0.988942
vt -4.448355 0.988466
vt -4.432718 0.983034
vt -4.448355 0.886354
vt -4.432718 0.837575
vt -4.448355 0.781313
vt -4.432718 0.886720
vt -1.532712 0.886720
vt -1.532712 0.983034
vt -1.532712 0.988942
vt -4.432718 0.781593
vt -4.432718 0.687038
vt -4.448355 0.674159
vt -4.432718 0.674330
vt -4.432718 0.565761
vt -4.448355 0.565700
vt -1.532712 0.565761
vt -4.432718 0.533705
vt -1.532712 0.533705
vt -4.432718 0.456728
vt -4.448355 0.456752
vt -4.448355 0.348170
vt -4.448355 0.240761
vt -4.448355 0.135341
vt -4.432718 0.227968
vt -4.448355 0.032716
vt -4.448355 -0.066319
vt -4.448355 -0.161046
vt -4.432718 -0.193980
vt -4.432718 1.250002
vt -4.448355 1.269667
vt -4.448355 1.068671
vt -4.432718 1.069232
vt -4.432718 1.028894
vt -4.432718 0.970093
vt -4.448355 0.969629
vt -1.532712 0.970093
vt -1.532712 0.885724
vt -4.432718 0.885724
vt -1.532712 0.867364
vt -4.432718 0.867364
vt -4.448355 0.867004
vt -4.448355 0.761584
vt -4.448355 0.654168
vt -4.432718 0.654327
vt -4.432718 0.736694
vt -4.432718 0.761847
vt -1.532712 0.736694
vt -1.532712 0.654327
vt -1.532712 0.584076
vt -1.517068 0.545581
vt -1.517068 0.654168
vt -1.501810 0.545453
vt -1.501810 0.653717
vt -1.517068 0.436645
vt -1.532712 0.436584
vt -1.532712 0.545630
vt -1.487314 0.545233
vt -1.487314 0.652978
vt -1.501810 0.436828
vt -1.517068 0.328186
vt -1.501810 0.328686
vt -1.487314 0.437134
vt -1.487314 0.329516
vt -1.473935 0.437549
vt -1.473935 0.544928
vt -1.501810 0.221850
vt -1.487314 0.223187
vt -1.473935 0.330646
vt -1.473935 0.225018
vt -1.462003 0.332037
vt -1.462003 0.438061
vt -1.473935 0.121490
vt -1.462003 0.227295
vt -1.487314 0.118970
vt -1.487314 0.017645
vt -1.501810 0.117120
vt -1.501810 0.015307
vt -1.517068 0.013885
vt -1.517068 -0.084534
vt -1.501810 -0.082825
vt -1.532712 -0.015985
vt -1.532712 -0.085114
vt -1.517068 -0.178504
vt -1.532712 -0.152014
vt -1.532712 -0.179175
vt -1.532712 -0.268073
vt -1.501810 -0.176514
vt -1.517068 -0.267316
vt -1.532712 -0.278162
vt -1.517068 -0.350293
vt -1.501810 -0.265070
vt -1.501810 -0.347797
vt -1.487314 -0.261383
vt -1.487314 -0.173255
vt -1.473935 -0.256342
vt -1.473935 -0.168805
vt -1.487314 -0.343714
vt -1.473935 -0.338135
vt -1.462003 -0.163269
vt -1.462003 -0.071411
vt -1.473935 -0.076178
vt -1.462003 0.024798
vt -1.462003 0.124621
vt -1.473935 0.020837
vt -1.487314 -0.080011
vt 0.498358 0.727724
vt 0.460351 0.724269
vt -1.432712 0.460351
vt -1.332712 0.498358
vt -1.432712 0.498358
vt 0.536395 0.724696
vt -1.332712 0.536395
vt -1.432712 0.536395
vt 0.511883 0.576723
vt 0.499206 0.577724
vt -1.332712 0.573382
vt 0.573382 0.715285
vt 0.524206 0.573586
vt -1.332712 0.511883
vt -1.432712 0.511883
vt -1.332712 0.524206
vt -1.332712 0.499206
vt -1.432712 0.499206
vt 0.499341 0.552724
vt -1.432712 0.524206
vt 0.507800 0.552052
vt -1.432712 0.499341
vt -0.932712 0.507800
vt -1.432712 0.507800
vt 0.490893 0.551955
vt -1.432712 0.490893
vt -0.932712 0.499341
vt -0.932712 0.516015
vt 0.516015 0.549953
vt 0.544397 0.480470
vt 0.547516 0.488344
vt 0.549255 0.496657
vt 0.495666 0.452882
vt 0.504144 0.452931
vt 0.487305 0.454262
vt 0.449664 0.504567
vt 0.450067 0.496095
vt 0.451904 0.487807
vt 0.482702 0.549782
vt 0.474994 0.546242
vt 0.542053 0.529176
vt 0.536969 0.535976
vt 0.545910 0.521632
vt 0.539990 0.473219
vt 0.479284 0.457045
vt 0.450689 0.512978
vt 0.548443 0.513539
vt 0.534424 0.466823
vt 0.471857 0.461147
vt 0.453125 0.521107
vt 0.549566 0.505116
vt 0.527856 0.461452
vt 0.465228 0.466420
vt 0.456903 0.528700
vt 0.520477 0.457277
vt 0.459595 0.472768
vt 0.461902 0.535548
vt 0.523761 0.546510
vt 0.549591 0.500880
vt 0.512494 0.454408
vt 0.455108 0.479958
vt 0.467993 0.541444
vt 0.530816 0.541798
vt -1.432712 0.530816
vt -0.932712 0.536969
vt -1.432712 0.536969
vt -1.432712 0.535976
vt -0.932712 0.535976
vt -0.932712 0.529176
vt -0.932712 0.530816
vt 0.555646 0.552589
vt 0.546411 0.561342
vt -1.432712 0.523761
vt -1.332712 0.552589
vt -1.432712 0.552589
vt -1.332712 0.542409
vt -1.432712 0.542409
vt -1.332712 0.555646
vt -1.432712 0.546411
vt -1.432712 0.555646
vt 0.563269 0.542409
vt -1.332712 0.531081
vt -1.432712 0.531081
vt 0.569055 0.531081
vt 0.572851 0.518935
vt 0.719305 0.551356
vt -1.332712 0.518935
vt 0.707922 0.587794
vt -1.432712 0.621767
vt -1.332712 0.621767
vt -1.332712 0.587794
vt -1.432712 0.587794
vt -1.332712 0.551356
vt 0.690552 0.621767
vt -1.432712 0.551356
vt 0.722961 0.475404
vt 0.724475 0.494435
vt 0.715130 0.438051
vt -1.432712 0.475404
vt -1.332712 0.438051
vt -1.432712 0.438051
vt -1.432712 0.494435
vt -1.332712 0.494435
vt -1.332712 0.475404
vt 0.571466 0.481166
vt 0.701105 0.402565
vt -1.332712 0.402565
vt 0.574066 0.493617
vt -1.332712 0.493617
vt -1.432712 0.493617
vt -1.332712 0.481166
vt 0.574573 0.499965
vt -1.332712 0.499965
vt -1.432712 0.499965
vt -1.432712 0.481166
vt -1.432712 0.500880
vt -0.932712 0.500880
vt -1.432712 0.496657
vt -1.432712 0.505116
vt -0.932712 0.505116
vt 0.574542 0.506325
vt -1.432712 0.513539
vt -1.432712 0.521632
vt -0.932712 0.513539
vt -1.432712 0.529176
vt -0.932712 0.521632
vt -1.432712 0.518935
vt -1.332712 0.506325
vt -1.432712 0.506325
vt 0.724365 0.513539
vt -1.332712 0.513539
vt -0.932712 0.488344
vt -1.432712 0.488344
vt -0.932712 0.496657
vt 0.566785 0.469337
vt -0.932712 0.480470
vt -1.432712 0.480470
vt -1.332712 0.469337
vt -1.432712 0.469337
vt -1.332712 0.458461
vt -1.432712 0.458461
vt 0.560174 0.458461
vt -1.332712 0.448866
vt -1.432712 0.448866
vt 0.551825 0.448866
vt 0.541974 0.440822
vt 0.626672 0.317018
vt -1.332712 0.551825
vt -1.432712 0.551825
vt -1.332712 0.541974
vt 0.656225 0.341164
vt 0.681280 0.369948
vt -1.432712 0.369948
vt -1.332712 0.369948
vt -1.332712 0.341164
vt -1.432712 0.341164
vt -1.432712 0.656225
vt -1.332712 0.656225
vt -1.332712 0.626672
vt -1.432712 0.626672
vt -1.473935 -0.151549
vt -1.473935 -0.058177
vt -1.462003 -0.146129
vt -1.462003 -0.053539
vt -1.473935 0.039442
vt -1.462003 0.043275
vt -1.487314 0.036354
vt -1.487314 -0.061925
vt -1.487314 -0.155907
vt -1.487314 -0.244871
vt -1.473935 -0.239928
vt -1.487314 -0.328148
vt -1.473935 -0.322655
vt -1.473935 -0.399107
vt -1.462003 0.974450
vt -1.462003 0.874634
vt -1.473935 0.978412
vt -1.473935 1.075427
vt -1.462003 1.070660
vt -1.487314 1.079260
vt -1.473935 1.168054
vt -1.487314 1.172503
vt -1.501810 1.175763
vt -1.501810 1.082074
vt -1.487314 0.981604
vt -1.517068 1.177759
vt -1.517068 1.083783
vt -1.501810 0.983941
vt -1.487314 0.880279
vt -1.501810 0.882129
vt -1.517068 0.985364
vt -1.532712 1.084363
vt -1.532712 0.985846
vt -1.517068 0.883252
vt -1.532712 0.883630
vt -1.532712 0.944159
vt -4.432718 0.944159
vt -4.432718 0.985846
vt -4.448355 0.985364
vt -4.448355 0.883252
vt -4.432718 0.883630
vt -4.448355 0.778222
vt -4.432718 0.797223
vt -1.532712 0.797223
vt -4.432718 0.778497
vt -1.532712 0.778497
vt -4.432718 0.671228
vt -1.532712 0.671228
vt -1.517068 0.671063
vt -1.517068 0.778222
vt -1.501810 0.670563
vt -1.517068 0.562604
vt -1.532712 0.562665
vt -1.532712 0.645770
vt -1.501810 0.562420
vt -1.487314 0.562115
vt -1.487314 0.454016
vt -1.501810 0.453796
vt -1.487314 0.346271
vt -1.473935 0.454321
vt -1.473935 0.347290
vt -1.473935 0.241412
vt -1.501810 0.345532
vt -1.487314 0.239691
vt -1.462003 0.243548
vt -1.473935 0.137500
vt -1.462003 0.140497
vt -1.462003 0.040185
vt -1.487314 0.135089
vt -1.473935 0.036346
vt -1.462003 -0.056641
vt -1.473935 -0.061279
vt -1.462003 -0.149225
vt -1.473935 -0.154639
vt -1.487314 -0.065021
vt -1.487314 -0.158997
vt -1.473935 -0.243024
vt -1.501810 -0.067755
vt -1.501810 -0.162195
vt -1.487314 -0.247968
vt -1.501810 -0.251593
vt -1.473935 -0.325751
vt -1.487314 -0.331250
vt -1.473935 -0.402197
vt -1.487314 -0.408203
vt -1.501810 -0.335272
vt -1.501810 -0.412604
vt -1.517068 -0.337732
vt -1.517068 -0.253803
vt -1.532712 -0.228711
vt -1.517068 -0.164142
vt -1.532712 -0.254541
vt -4.432718 -0.254541
vt -4.432718 -0.228711
vt -1.532712 -0.164789
vt -4.432718 -0.164789
vt -1.532712 -0.098352
vt -1.517068 -0.069422
vt -1.517068 0.029620
vt -1.532712 0.029156
vt -1.532712 -0.069983
vt -4.432718 -0.069983
vt -4.432718 0.029156
vt -1.532712 0.041070
vt -4.432718 0.041070
vt -1.532712 0.131885
vt -1.517068 0.132245
vt -1.532712 0.187451
vt -1.517068 0.237665
vt -1.501810 0.133319
vt -1.501810 0.031000
vt -4.432718 0.131885
vt -4.432718 0.187451
vt -1.532712 0.237402
vt -4.432718 0.237402
vt -1.532712 0.338556
vt -4.432718 0.338556
vt -1.532712 0.344922
vt -1.517068 0.345080
vt -1.532712 0.453619
vt -1.501810 0.238434
vt -1.517068 0.453668
vt -4.432718 0.344922
vt -4.432718 0.453619
vt -1.532712 0.492114
vt -4.432718 0.492114
vt -4.448355 0.453668
vt -4.432718 0.562665
vt -4.448355 0.562604
vt -4.448355 0.345080
vt -4.448355 0.237665
vt -4.448355 0.132245
vt -4.448355 0.029620
vt -4.448355 -0.069422
vt -4.432718 -0.098352
vt -4.448355 -0.164142
vt -4.448355 -0.253803
vt -4.432718 -0.338556
vt -4.448355 -0.337732
vt -4.448355 -0.415283
vt -4.432718 -0.348035
vt -4.432718 -0.416193
vt -4.432718 -0.304820
vt -4.448355 -0.264220
vt -4.448355 -0.347191
vt -4.432718 -0.348033
vt -1.532712 -0.348033
vt -1.532712 -0.416193
vt -1.532712 -0.348035
vt -1.532712 -0.338556
vt -1.532712 -0.304820
vt -1.517068 -0.347191
vt -1.517068 -0.415283
vt -1.501810 -0.261961
vt -1.501810 -0.344701
vt -1.517068 -0.264220
vt -1.532712 -0.181456
vt -1.532712 -0.264977
vt -1.517068 -0.175413
vt -1.501810 -0.173424
vt -1.487314 -0.076915
vt -1.501810 -0.079723
vt -1.487314 -0.170164
vt -1.473935 -0.073082
vt -1.473935 0.023927
vt -1.487314 0.020741
vt -1.501810 0.018398
vt -1.487314 0.122072
vt -1.473935 0.124586
vt -1.473935 0.228114
vt -1.462003 0.127711
vt -1.462003 0.230397
vt -1.462003 0.335146
vt -1.473935 0.333730
vt -1.487314 0.226295
vt -1.487314 0.332619
vt -1.501810 0.224940
vt -1.501810 0.120216
vt -1.517068 0.016982
vt -1.517068 0.119093
vt -1.532712 0.118715
vt -1.532712 0.094374
vt -4.432718 0.118715
vt -4.432718 0.094374
vt -1.532712 0.016505
vt -4.432718 0.016505
vt -1.532712 -0.047716
vt -1.517068 -0.081432
vt -1.532712 -0.082005
vt -1.532712 -0.176073
vt -4.432718 -0.082005
vt -4.432718 -0.176073
vt -4.448355 -0.175413
vt -4.432718 -0.181456
vt -4.448355 -0.081432
vt -4.432718 -0.047716
vt -4.448355 0.016982
vt -4.448355 0.119093
vt -4.432718 0.223854
vt -4.448355 0.224135
vt -4.432718 0.242653
vt -4.448355 0.331288
vt -4.432718 0.331117
vt -4.448355 0.439748
vt -1.532712 0.242653
vt -1.532712 0.223854
vt -4.448355 0.548683
vt -4.448355 0.657265
vt -4.463614 0.548549
vt -4.432718 -0.264977
vt -1.473935 0.440639
vt -1.462003 0.441151
vt -1.462003 0.547658
vt 0.357294 0.676979
vt 0.388788 0.698524
vt -1.432712 0.357294
vt -1.332712 0.388788
vt -1.432712 0.388788
vt 0.329889 0.650417
vt -1.432712 0.329889
vt -1.332712 0.357294
vt 0.462677 0.567995
vt 0.452185 0.560805
vt 0.423474 0.714442
vt -1.332712 0.423474
vt 0.474243 0.573293
vt -1.332712 0.462677
vt -1.432712 0.462677
vt -1.332712 0.474243
vt -1.332712 0.452185
vt -1.432712 0.452185
vt -1.432712 0.474243
vt -1.432712 0.467993
vt -0.932712 0.474994
vt -1.432712 0.474994
vt -1.432712 0.461902
vt -0.932712 0.467993
vt 0.443048 0.551955
vt -1.432712 0.528700
vt -0.932712 0.535548
vt -1.432712 0.535548
vt -0.932712 0.461902
vt 0.435541 0.541689
vt -1.432712 0.521107
vt -0.932712 0.528700
vt 0.429877 0.530299
vt -1.432712 0.512978
vt -0.932712 0.521107
vt -1.332712 0.530299
vt -1.432712 0.518117
vt -1.432712 0.530299
vt 0.426221 0.518117
vt -1.332712 0.541689
vt -1.432712 0.541689
vt 0.307367 0.619606
vt 0.290381 0.585426
vt -1.332712 0.518117
vt 0.279413 0.548878
vt 0.424676 0.505482
vt -1.332712 0.505482
vt -1.432712 0.505482
vt -1.432712 0.492775
vt 0.425287 0.492775
vt -1.432712 0.496095
vt -0.932712 0.504567
vt -1.432712 0.504567
vt -1.432712 0.487807
vt -0.932712 0.496095
vt 0.428039 0.480360
vt -1.432712 0.479958
vt -0.932712 0.487807
vt -1.332712 0.480360
vt -1.432712 0.468581
vt -1.432712 0.480360
vt 0.432849 0.468581
vt -1.332712 0.492775
vt 0.276611 0.472890
vt 0.284863 0.435622
vt -1.332712 0.468581
vt 0.299292 0.400294
vt 0.439575 0.457777
vt -1.332712 0.457777
vt -1.432712 0.457777
vt -1.432712 0.448280
vt 0.448034 0.448280
vt -1.432712 0.466420
vt -0.932712 0.472768
vt -1.432712 0.472768
vt -1.432712 0.471857
vt -0.932712 0.465228
vt -1.432712 0.465228
vt -0.932712 0.466420
vt 0.457977 0.440346
vt -1.432712 0.479284
vt -0.932712 0.471857
vt -1.332712 0.457977
vt -1.432712 0.469116
vt -1.432712 0.457977
vt 0.469116 0.434206
vt -1.332712 0.448034
vt -1.432712 0.448034
vt 0.344861 0.339406
vt 0.374682 0.315602
vt -1.332712 0.469116
vt 0.408105 0.297170
vt 0.481140 0.430043
vt -1.332712 0.481140
vt -1.432712 0.481140
vt -1.432712 0.493683
vt 0.493683 0.427956
vt -1.432712 0.495666
vt -0.932712 0.487305
vt -1.432712 0.487305
vt -1.432712 0.504144
vt -0.932712 0.495666
vt 0.506402 0.428029
vt -1.432712 0.512494
vt -0.932712 0.504144
vt -1.332712 0.506402
vt -1.432712 0.518933
vt -1.432712 0.506402
vt 0.518933 0.430251
vt -1.332712 0.493683
vt 0.481805 0.278432
vt 0.519971 0.278651
vt -1.332712 0.518933
vt 0.557544 0.285316
vt 0.530902 0.434560
vt -1.332712 0.530902
vt -1.432712 0.530902
vt -1.432712 0.541974
vt -1.432712 0.527856
vt -0.932712 0.520477
vt -1.432712 0.520477
vt -1.432712 0.534424
vt -0.932712 0.527856
vt -1.432712 0.473219
vt -0.932712 0.466823
vt -1.432712 0.466823
vt -0.932712 0.534424
vt -0.932712 0.512494
vt 0.593457 0.298219
vt -1.332712 0.593457
vt -1.432712 0.593457
vt -1.332712 0.557544
vt -1.432712 0.557544
vt -1.432712 0.519971
vt -1.332712 0.481805
vt -1.432712 0.481805
vt -1.332712 0.519971
vt 0.444159 0.284669
vt -1.462003 0.348547
vt -1.462003 0.454700
vt -1.473935 0.561700
vt -1.462003 0.561188
vt -1.473935 0.668616
vt -1.487314 0.669732
vt -1.487314 0.776062
vt -1.501810 0.777405
vt -1.473935 0.774231
vt -1.462003 0.771954
vt -1.462003 0.667212
vt -1.473935 0.877765
vt -1.432712 0.374682
vt -1.332712 0.344861
vt -1.432712 0.344861
vt 0.319482 0.367909
vt -1.432712 0.339406
vt -1.332712 0.367909
vt -1.432712 0.367909
vt -1.332712 0.339406
vt -1.332712 0.400294
vt -1.432712 0.400294
vt -1.462003 -0.160179
vt -1.462003 -0.068309
vt -1.473935 -0.165709
vt -1.462003 0.027895
vt 0.274774 0.511000
vt -1.332712 0.435622
vt -1.432712 0.435622
vt -1.332712 0.472890
vt -1.432712 0.472890
vt -1.332712 0.511000
vt -1.432712 0.511000
vt -1.332712 0.548878
vt -1.432712 0.548878
vt -1.332712 0.585426
vt -1.432712 0.585426
vt -1.332712 0.619606
vt -1.432712 0.619606
vt -1.332712 0.650417
vt -1.432712 0.650417
vt -1.332712 0.329889
vt -1.332712 0.443048
vt -1.432712 0.443048
vt -1.332712 0.551955
vt -1.432712 0.551955
vt -1.487314 -0.258287
vt -1.473935 -0.253246
vt -1.487314 -0.340611
vt -1.473935 -0.335033
vt -1.432712 0.408105
vt -1.332712 0.374682
vt -1.432712 0.444159
vt -1.332712 0.408105
vt -1.332712 0.444159
vt -0.932712 0.479284
vt -1.332712 0.448280
vt -0.932712 0.479958
vt -0.932712 0.512978
vt -0.932712 0.482702
vt -1.432712 0.482702
vt 0.486535 0.576576
vt -0.932712 0.490893
vt -1.332712 0.486535
vt -1.432712 0.486535
vt -1.432712 0.423474
vt -1.332712 0.460351
vt -1.473935 1.328090
vt -1.487314 1.250319
vt -1.473935 1.245375
vt -1.487314 1.333607
vt -1.473935 1.404543
vt -1.501810 1.253932
vt -1.501810 1.337624
vt -1.487314 1.410548
vt -1.517068 1.340077
vt -1.517068 1.256154
vt -1.501810 1.414955
vt -1.532712 1.262001
vt -1.532712 1.256886
vt -1.532712 1.167140
vt -1.517068 1.166481
vt -4.432718 1.256886
vt -4.432718 1.167140
vt -1.532712 1.134230
vt -4.432718 1.134230
vt -4.448355 1.166481
vt -4.432718 1.072328
vt -4.448355 1.071767
vt -4.448355 1.256154
vt -4.432718 1.262001
vt -4.448355 1.340077
vt -4.432718 1.378273
vt -4.448355 1.417629
vt -4.432718 1.340907
vt -1.532712 1.340907
vt -1.532712 1.378273
vt -1.532712 -0.351129
vt -4.432718 -0.351129
vt -1.532712 -0.392517
vt -4.432718 -0.392517
vt -1.517068 1.417629
vt -4.432718 -0.278162
vt -4.448355 -0.267316
vt -4.448355 -0.350293
vt -4.432718 -0.268073
vt -4.432718 -0.179175
vt -4.448355 -0.178504
vt -4.432718 -0.152014
vt -4.432718 -0.085114
vt -4.448355 -0.084534
vt -4.448355 0.013885
vt -4.432718 -0.015985
vt -4.432718 0.013403
vt -4.432718 0.115619
vt -4.448355 0.116003
vt -4.448355 0.221033
vt -4.432718 0.127856
vt -4.432718 0.220758
vt -4.432718 0.277331
vt -4.448355 0.328186
vt -1.532712 0.220758
vt -1.532712 0.127856
vt -1.532712 0.115619
vt -1.517068 0.116003
vt -1.532712 0.013403
vt -1.517068 0.221033
vt -1.532712 0.277331
vt -1.532712 0.328021
vt -4.432718 0.328021
vt -4.432718 0.430176
vt -1.532712 0.430176
vt -4.432718 0.436584
vt -4.448355 0.436645
vt -4.432718 0.545630
vt -4.432718 0.584076
vt -4.448355 0.545581
vt -4.432718 0.996877
vt -1.501810 1.164540
vt -1.487314 1.161342
vt -1.473935 1.156996
vt -1.462003 1.151564
vt -4.432718 0.645770
vt -4.448355 0.671063
vt -1.487314 0.033264
vt -1.532712 1.178424
vt -1.532712 1.215692
vt -1.517068 1.266565
vt -1.517068 1.349542
vt -1.501810 1.264319
vt -1.501810 1.347052
vt -1.487314 1.260632
vt -1.487314 1.342963
vt -1.501810 -0.332176
vt -1.487314 -0.405101
vt -1.501810 -0.409508
vt -1.517068 -0.334642
vt -1.517068 -0.412193
vt -1.532712 -0.335460
vt -1.532712 -0.413084
vt -1.473935 1.337384
vt -1.473935 1.255597
vt -1.462003 1.162518
vt -1.432712 0.402565
vt -0.932712 0.473219
vt -1.473935 1.401446
vt -1.473935 1.325006
vt -1.473935 1.340480
vt -1.473935 1.242273
vt -1.487314 1.247217
vt -1.487314 1.158246
vt -1.501810 1.161444
vt -1.501810 1.067004
vt -1.517068 1.068671
vt -1.517068 0.969629
vt -1.501810 0.968249
vt -1.487314 1.064270
vt -1.517068 0.867004
vt -1.532712 1.028894
vt -1.532712 1.069232
vt -1.501810 0.865930
vt -1.517068 0.761584
vt -1.532712 0.761847
vt -1.501810 0.760815
vt -1.487314 0.759558
vt -1.487314 0.864160
vt -1.473935 0.861749
vt -1.473935 0.962903
vt -1.487314 0.965985
vt -1.473935 1.060534
vt -1.473935 1.153888
vt -1.462003 1.055890
vt -1.462003 1.148474
vt 0.667682 0.652321
vt 0.639984 0.678566
vt -1.432712 0.639984
vt -1.332712 0.667682
vt -1.432712 0.667682
vt -1.432712 0.652321
vt -1.332712 0.652321
vt -1.332712 0.639984
vt 0.535834 0.568410
vt 0.608246 0.699770
vt -1.432712 0.608246
vt -1.332712 0.608246
vt -1.432712 0.573382
vt -1.462003 0.858752
vt -1.462003 0.959064
vt -1.473935 0.757837
vt -1.462003 0.755700
vt -1.473935 0.651959
vt -1.462003 0.650702
vt -1.462003 0.544549
vt -1.332712 0.535834
vt -1.432712 0.535834
vt -1.332712 0.546411
vt -1.432712 0.516015
vt -0.932712 0.523761
vt 0.508075 0.552004
vt 0.499628 1.002724
vt 0.577844 0.996559
vt -1.432712 0.499628
vt 1.567282 0.577844
vt -1.432712 0.577844
vt 1.567282 0.499628
vt 0.499628 0.552724
vt 0.421411 0.996559
vt -1.432712 0.421411
vt -1.432712 0.508075
vt 1.567282 0.508075
vt 1.567282 0.516284
vt -1.432712 0.516284
vt 0.516284 0.549867
vt 0.654138 0.978249
vt 1.567282 0.654138
vt -1.432712 0.654138
vt 1.567282 0.726623
vt 0.726623 0.948219
vt -1.432712 0.726623
vt 1.567282 0.793518
vt 0.524011 0.546364
vt 0.793518 0.907228
vt 1.567282 0.524011
vt -1.432712 0.524011
vt 1.567282 0.531036
vt 0.531036 0.541628
vt 0.853180 0.856276
vt 0.537158 0.535756
vt -1.432712 0.531036
vt 1.567282 0.537158
vt -1.432712 0.537158
vt -1.432712 0.535756
vt 1.567282 0.528944
vt 1.567282 0.535756
vt -1.432712 0.528944
vt 0.542206 0.528944
vt 0.904132 0.796608
vt 0.945129 0.729726
vt 0.546020 0.521364
vt 1.567282 0.521364
vt -1.432712 0.521364
vt 1.567282 0.513246
vt -1.432712 0.513246
vt 0.975152 0.657228
vt 0.548504 0.513246
vt 1.567282 0.504848
vt -1.432712 0.504848
vt 0.993469 0.580934
vt 0.549585 0.504848
vt -1.432712 0.657228
vt 1.567282 0.580934
vt -1.432712 0.580934
vt 1.567282 0.502724
vt -1.432712 0.502724
vt 0.999627 0.502724
vt 1.567282 0.424501
vt -1.432712 0.424501
vt 0.549219 0.496376
vt 0.993469 0.424501
vt 0.547430 0.488087
vt -1.432712 0.496376
vt 1.567282 0.496376
vt 1.567282 0.488087
vt -1.432712 0.488087
vt 0.975152 0.348219
vt 1.567282 0.348219
vt -1.432712 0.348219
vt 1.567282 0.275722
vt 0.945129 0.275722
vt -1.432712 0.275722
vt 1.567282 0.208827
vt 0.544275 0.480214
vt 0.904132 0.208827
vt -1.432712 0.480214
vt 1.567282 0.473000
vt 1.567282 0.480214
vt 0.539825 0.473000
vt -1.432712 0.473000
vt 0.534222 0.466628
vt -1.432712 0.466628
vt 1.567282 0.466628
vt 0.853180 0.149171
vt 0.793518 0.098207
vt -1.432712 0.534222
vt 1.567282 0.527624
vt 1.567282 0.534222
vt 0.527624 0.461305
vt -1.432712 0.853180
vt 1.567282 0.853180
vt -1.432712 0.793518
vt 0.726623 0.057216
vt 0.520221 0.457167
vt 0.654138 0.027199
vt -1.432712 0.520221
vt 1.567282 0.512225
vt 1.567282 0.520221
vt 0.512225 0.454335
vt -1.432712 0.527624
vt -1.432712 0.512225
vt 0.503863 0.452907
vt -1.432712 0.503863
vt 1.567282 0.503863
vt 0.577844 0.008876
vt 0.499628 0.002724
vt 0.499628 0.452711
vt 0.421411 0.008876
vt -1.432712 0.495386
vt 1.567282 0.495386
vt 0.495386 0.452907
vt -1.432712 0.487030
vt 1.567282 0.487030
vt 0.487030 0.454335
vt 1.567282 0.421411
vt 1.567282 0.345117
vt -1.432712 0.345117
vt 0.345117 0.027199
vt 1.567282 0.272632
vt -1.432712 0.272632
vt 0.479028 0.457167
vt 0.272632 0.057216
vt -1.432712 0.479028
vt 1.567282 0.479028
vt 0.471625 0.461305
vt 1.567282 0.471625
vt -1.432712 0.471625
vt 0.205737 0.098207
vt 1.567282 0.205737
vt -1.432712 0.205737
vt 1.567282 0.146069
vt 0.146069 0.149171
vt -1.432712 0.146069
vt -1.432712 0.149171
vt 1.567282 0.149171
vt 0.465027 0.466628
vt 0.095117 0.208827
vt 0.459424 0.473000
vt 1.567282 0.465027
vt -1.432712 0.465027
vt 0.454980 0.480214
vt 0.054126 0.275722
vt 0.024096 0.348219
vt 0.451819 0.488087
vt 0.005780 0.424501
vt 0.450030 0.496376
vt 0.449676 0.504848
vt -0.000379 0.502724
vt 0.450744 0.513246
vt 0.005780 0.580934
vt 1.567282 0.657228
vt 0.024096 0.657228
vt 1.567282 0.729726
vt 0.453235 0.521364
vt 0.054126 0.729726
vt 0.457049 0.528944
vt -1.432712 0.729726
vt 1.567282 0.796608
vt -1.432712 0.796608
vt 0.095117 0.796608
vt 1.567282 0.856276
vt -1.432712 0.856276
vt 0.462091 0.535756
vt 0.146069 0.856276
vt -1.432712 0.462091
vt 1.567282 0.468219
vt 1.567282 0.462091
vt 0.468219 0.541628
vt -1.432712 0.468219
vt 0.205737 0.907228
vt 0.272632 0.948219
vt 0.475238 0.546364
vt 1.567282 0.475238
vt -1.432712 0.475238
vt 1.567282 0.482971
vt 0.482971 0.549867
vt 0.345117 0.978249
vt 0.491174 0.552004
vt -1.432712 0.491174
vt 1.567282 0.491174
vt -1.432712 0.482971
vt -1.432712 0.208827
vt -0.246827 0.457748
vt 0.739714 0.294259
vt -0.243239 0.500002
vt 0.500002 -2.249943
vt 0.500002 -2.499943
vt 0.457748 -2.249943
vt 0.542251 -2.499943
vt 0.756761 0.500002
vt -0.246827 0.542251
vt 0.542251 -2.249943
vt 0.739714 0.705746
vt 0.294259 -2.249943
vt 0.396774 -0.745683
vt 0.500002 -0.749943
vt 0.705746 -2.249943
vt -0.257515 0.583285
vt 0.689037 0.905874
vt 0.905874 -2.249943
vt 0.705746 -0.732903
vt 0.603225 -0.745683
vt -0.274983 0.621926
vt 0.621926 -2.249943
vt 0.621926 -2.499943
vt 0.583285 -2.249943
vt 0.583285 -2.499943
vt 0.858214 1.150826
vt 0.940123 0.942135
vt 0.942135 -2.499943
vt 0.942135 -0.933305
vt 0.833785 -0.962346
vt 0.723562 -2.499943
vt 1.150826 -2.499943
vt 1.048012 -0.896257
vt 0.990013 0.723562
vt 1.006761 0.500002
vt 0.612093 -0.995744
vt 0.723562 -0.983196
vt 0.969158 0.833785
vt 4.006767 0.942135
vt 4.006767 0.723562
vt 1.002574 0.612093
vt 0.905874 -0.682207
vt 0.500002 -0.999943
vt 4.006767 0.500002
vt 0.276437 -2.499943
vt 0.387905 -0.995744
vt 1.002574 0.387905
vt 4.006767 0.276437
vt 0.990013 0.276437
vt 0.276437 -0.983196
vt 0.969158 0.166219
vt 4.006767 0.057870
vt 0.294259 -0.732903
vt 0.057870 -0.933305
vt 4.006767 0.294259
vt 4.006767 0.705746
vt 0.752495 0.603225
vt 0.094125 -0.682207
vt 4.006767 0.094125
vt 0.752495 0.396774
vt 0.718517 0.193148
vt 0.193148 -0.711687
vt 0.689037 0.094125
vt 0.094125 -2.249943
vt -0.257515 0.416720
vt 0.606108 -0.094938
vt -0.094938 -2.249943
vt -0.002122 -0.644658
vt 4.006767 -0.094938
vt 0.651482 -0.002122
vt -0.094938 -0.599284
vt 4.006767 -0.267765
vt -0.183689 -0.546391
vt 0.553227 -0.183689
vt -0.267765 -0.486369
vt -0.344981 -0.739299
vt -0.520261 -0.599516
vt 0.493193 -0.267765
vt 4.006767 -0.419657
vt -0.419657 -0.346538
vt 0.426421 -0.346604
vt -0.267765 -2.249943
vt -0.346604 -0.419597
vt -0.298726 0.342947
vt -0.274983 0.378078
vt 0.353368 -0.419657
vt -0.419657 -2.249943
vt 0.416720 -2.249943
vt 0.416720 -2.499943
vt 0.378078 -2.249943
vt 0.378078 -2.499943
vt 0.342947 -2.249943
vt 0.940123 0.057870
vt 0.342947 -2.499943
vt 0.746123 -0.344981
vt 0.858214 -0.150828
vt -0.344981 -2.499943
vt -0.150828 -2.499943
vt -0.150828 -0.851396
vt -0.048014 -0.896257
vt 0.057870 -2.499943
vt 0.903075 -0.048014
vt 4.006767 -0.150828
vt 4.006767 -0.344981
vt 0.805803 -0.250004
vt -0.250004 -0.798979
vt -0.520261 -2.499943
vt -0.435233 -0.672685
vt 0.679509 -0.435233
vt 4.006767 -0.520261
vt 0.606346 -0.520261
vt 0.606346 -0.599516
vt 0.527025 -0.520207
vt 0.441997 -2.499943
vt 0.606346 -2.499943
vt 0.527025 -0.599577
vt 0.441997 -0.435173
vt 4.006767 -0.435173
vt 4.006767 -0.599516
vt -0.672745 -0.435173
vt -0.799039 -0.249944
vt 4.006767 -0.249944
vt 0.351744 -0.344926
vt 0.256761 -2.499943
vt 0.256761 -0.249944
vt 0.157585 -0.150761
vt 0.054778 -2.499943
vt 0.054778 -0.047954
vt 4.006767 -0.047954
vt -0.051100 0.057918
vt 4.006767 0.166267
vt -0.546458 -0.183635
vt -0.896305 -0.047954
vt -0.644718 -0.002068
vt -0.962394 0.166267
vt 4.006767 -0.183635
vt 0.190447 -0.183635
vt 4.006767 -0.002068
vt 4.006767 -0.346538
vt 0.353368 -0.346538
vt 0.274535 -0.267705
vt 0.101695 -0.094878
vt 0.190447 -2.249943
vt 0.008885 -0.002068
vt 0.008885 -2.249943
vt -0.087361 0.094185
vt 4.006767 0.193196
vt -0.186378 0.193196
vt -0.186378 -2.249943
vt 4.006767 0.396834
vt -0.287489 0.294319
vt -0.745731 0.396834
vt -0.995805 0.612154
vt -0.995805 0.387959
vt -0.745731 0.603279
vt -0.711747 0.193196
vt -0.390010 0.603279
vt 4.006767 0.603279
vt -0.390010 0.396834
vt -0.493233 0.500056
vt -0.390010 -2.249943
vt -0.440565 0.255611
vt -0.390010 -0.745731
vt -0.186378 -0.711747
vt -0.482625 0.250222
vt -0.596461 -0.745731
vt -0.596461 -2.249943
vt -0.596461 3.250057
vt -0.800093 3.250057
vt -0.800093 -2.249943
vt -0.524989 0.252023
vt -0.800093 -0.711747
vt -0.566444 0.260958
vt -0.390010 3.250057
vt -0.287489 0.705806
vt -0.186378 3.250057
vt -0.186378 0.806917
vt -0.524989 3.500057
vt -0.482625 3.250057
vt -0.524989 3.250057
vt -0.482625 3.500057
vt -0.440565 3.250057
vt -0.400020 0.268026
vt 0.008885 -0.644718
vt -0.440565 3.500057
vt -0.400020 3.250057
vt 0.008885 3.250057
vt 0.008885 1.002180
vt 0.101695 1.094990
vt 0.190447 -0.546458
vt 0.190447 3.250057
vt 0.190447 1.183736
vt 4.006767 1.183736
vt 4.006767 1.002180
vt -0.644718 1.002180
vt -0.896305 1.048067
vt -0.711747 0.806917
vt -0.799039 1.250057
vt -0.546458 1.183736
vt -0.087361 0.905928
vt 4.006767 0.806917
vt -0.962394 0.833833
vt 4.006767 0.833833
vt 0.054778 1.048067
vt -0.051100 0.942195
vt 4.006767 1.048067
vt -0.159456 0.833833
vt 4.006767 0.612154
vt -0.159456 3.500057
vt -0.269673 0.723628
vt -0.381135 3.500057
vt -0.381135 0.612154
vt -0.381135 0.387959
vt -0.605330 -2.499943
vt -0.381135 -2.499943
vt 4.006767 0.387959
vt -0.269673 0.276497
vt -0.381135 -0.995805
vt -0.159456 -0.962394
vt -0.159456 0.166267
vt -0.159456 -2.499943
vt -0.605330 -0.995805
vt -0.524989 -2.249943
vt -0.482625 -2.499943
vt -0.524989 -2.499943
vt -0.566444 -2.249943
vt -0.566444 -2.499943
vt -0.605788 -2.249943
vt -0.605788 -2.499943
vt -1.041249 -0.896305
vt -0.605788 0.276772
vt -0.827016 -0.962394
vt -1.243232 -0.799039
vt -0.827016 -2.499943
vt -1.041249 3.500057
vt -1.041249 -2.499943
vt -1.243232 3.500057
vt -1.243232 -2.499943
vt -0.641896 0.298995
vt -1.428468 -0.672745
vt -1.428468 3.500057
vt -1.428468 -2.499943
vt -1.592811 3.500057
vt -1.592811 -2.499943
vt -0.673726 0.327016
vt -1.592811 -0.520261
vt -0.673726 -2.249943
vt -0.641896 -2.499943
vt -0.673726 -2.499943
vt 0.327016 -2.249943
vt 0.327016 -2.499943
vt 0.360012 -2.249943
vt 0.360012 -2.499943
vt -0.700361 0.360012
vt 0.397024 -2.249943
vt 0.397024 -2.499943
vt -1.732594 -0.344981
vt -0.721046 0.397024
vt -1.844685 -0.150828
vt -0.344981 3.500057
vt -0.150828 3.500057
vt -0.735170 0.437008
vt -1.926594 0.057870
vt 0.057870 3.500057
vt 0.276437 3.500057
vt -0.742335 0.478799
vt -1.976478 0.276437
vt 0.478799 -2.249943
vt 0.437008 -2.499943
vt 0.478799 -2.499943
vt 0.521206 -2.249943
vt 0.521206 -2.499943
vt -1.993232 0.500002
vt -0.742335 0.521206
vt 0.500002 3.500057
vt 0.723562 3.500057
vt -1.976478 0.723562
vt -0.735170 0.562991
vt -1.926594 0.942135
vt 0.942135 3.500057
vt 1.150826 3.500057
vt -0.721046 0.602975
vt -1.844685 1.150826
vt 0.602975 -2.249943
vt 0.562991 -2.499943
vt 0.602975 -2.499943
vt 0.639999 -2.249943
vt 0.639999 -2.499943
vt -0.700361 0.639999
vt 0.672988 -2.249943
vt 0.672988 -2.499943
vt -1.732594 1.344979
vt -0.673726 0.672988
vt 1.344979 3.500057
vt 1.344979 -2.499943
vt 1.520260 3.500057
vt 1.520260 -2.499943
vt -1.592811 1.520260
vt -0.641896 0.701003
vt -1.428468 1.672750
vt -1.243232 1.799038
vt -0.605788 0.723232
vt -1.041249 1.896316
vt -0.566444 0.739040
vt -0.827016 3.500057
vt -0.827016 1.962392
vt -0.605330 3.500057
vt -0.524989 0.747976
vt -0.605330 1.995803
vt -0.482625 -2.249943
vt -0.482625 0.749776
vt -0.440565 -2.249943
vt -0.440565 -2.499943
vt -0.381135 1.995803
vt -0.440565 0.744387
vt -0.159456 1.962392
vt -0.400020 0.731973
vt 0.054778 1.896316
vt 1.745730 0.396834
vt 1.962392 0.166267
vt 1.995803 0.387959
vt 1.711752 0.193196
vt 1.896316 -0.047954
vt 1.745730 0.603279
vt 1.546456 -0.183635
vt 1.799038 -0.249944
vt 1.644717 -0.002068
vt 1.419656 -0.346538
vt 1.672750 -0.435173
vt 1.520260 -0.599516
vt 1.267763 -0.486369
vt 4.006767 1.419656
vt 0.426421 1.346603
vt 4.006767 1.267763
vt 0.426421 -0.419597
vt 0.353368 -2.249943
vt 1.419656 -2.249943
vt 1.346603 -0.419597
vt 0.493193 1.267763
vt 0.553227 1.183688
vt 1.267763 -2.249943
vt 1.183688 -0.546391
vt -0.328065 0.687667
vt 0.353368 1.419656
vt -0.298726 0.657058
vt 0.606108 1.094936
vt 1.094936 -0.599284
vt 1.094936 -2.249943
vt 1.002120 -0.644658
vt 4.006767 0.905874
vt 0.651482 1.002120
vt 4.006767 1.094936
vt 1.150826 -0.851396
vt 4.006767 1.150826
vt 0.903075 1.048012
vt 4.006767 1.344979
vt 1.344979 -0.739299
vt 0.805803 1.250002
vt 0.746123 1.344979
vt 4.006767 1.520260
vt 1.250002 -0.798979
vt 0.679509 1.435238
vt 1.435238 -0.672685
vt 0.606346 1.520260
vt 0.441997 1.672750
vt -0.362160 0.712881
vt 0.256761 1.799038
vt -0.362160 -2.249943
vt -0.400020 -2.499943
vt -0.362160 -2.499943
vt -0.328065 -2.249943
vt -0.328065 -2.499943
vt 0.190447 1.546456
vt -0.400020 -2.249943
vt 0.008885 1.644717
vt 0.687667 -2.249943
vt 0.687667 -2.499943
vt 0.657058 -2.249943
vt 0.657058 -2.499943
vt 0.806857 -0.711687
vt 0.718517 0.806857
vt -0.186378 1.711752
vt -0.390010 1.745730
vt -0.596461 1.745730
vt -0.800093 1.711752
vt -0.400020 3.500057
vt -0.362160 3.500057
vt -0.362160 3.250057
vt 1.644717 1.002180
vt 1.962392 0.833833
vt 1.896316 1.048067
vt 1.711752 0.806917
vt 1.995803 0.612154
vt 1.546456 1.183736
vt 0.274535 1.267830
vt 0.353368 3.250057
vt 0.657058 3.500057
vt 0.687667 3.250057
vt 0.657058 3.250057
vt 0.687667 3.500057
vt -0.328065 3.500057
vt -0.328065 3.250057
vt 0.621926 3.500057
vt 0.621926 3.250057
vt 0.583285 3.500057
vt 1.344979 1.739412
vt 1.150826 1.851509
vt 1.250002 1.799092
vt 1.435238 1.672798
vt 1.094936 1.599397
vt 1.267763 1.486482
vt 1.520260 1.599629
vt 0.905874 1.682332
vt 0.905874 3.250057
vt 1.002120 1.644771
vt 1.094936 3.250057
vt 1.267763 3.250057
vt 1.183688 1.546516
vt 1.346603 1.419710
vt 1.799038 1.250057
vt 1.672750 1.435286
vt 1.419656 1.346663
vt 4.006767 1.346663
vt 0.353368 1.346663
vt 4.006767 1.435286
vt 0.441997 1.435286
vt 0.527025 1.520308
vt 4.006767 1.599629
vt 0.351744 1.345039
vt 4.006767 1.250057
vt 0.256761 3.500057
vt 0.256761 1.250057
vt 0.157585 1.150887
vt 0.054778 3.500057
vt 0.441997 3.500057
vt 0.606346 1.599629
vt 0.606346 3.500057
vt 0.426421 1.419710
vt 1.419656 3.250057
vt 0.583285 3.250057
vt 0.542251 3.500057
vt 0.542251 3.250057
vt 0.500002 3.250057
vt 0.457748 3.500057
vt 0.457748 3.250057
vt 0.500002 1.750057
vt 0.294259 3.250057
vt 0.705746 3.250057
vt 0.603225 1.745784
vt 0.396774 1.745784
vt 0.723562 1.983308
vt 0.500002 2.000057
vt 0.705746 1.733003
vt 0.294259 1.733003
vt 0.276437 1.983308
vt 0.094125 1.682332
vt 0.193148 1.711812
vt 0.094125 3.250057
vt -0.094938 3.250057
vt 0.378078 3.500057
vt 0.416720 3.250057
vt 0.378078 3.250057
vt 0.342947 3.500057
vt 0.342947 3.250057
vt 0.441997 -0.672745
vt 0.312331 3.500057
vt -0.328065 0.312331
vt -0.250004 1.799092
vt -0.344981 1.739412
vt -0.435233 1.672798
vt -0.520261 3.500057
vt -0.520261 1.599629
vt -0.419657 1.346663
vt -0.672745 1.435286
vt -0.267765 1.486482
vt -0.362160 0.287118
vt -0.267765 3.250057
vt -0.419657 3.250057
vt -0.346604 1.419710
vt 0.054778 -0.896305
vt 0.256761 -0.799039
vt 0.312331 3.250057
vt -0.183689 1.546516
vt -0.094938 1.599397
vt -0.150828 1.851509
vt 0.057870 1.933418
vt 0.166219 1.962447
vt -0.048014 1.896370
vt 0.416720 3.500057
vt 0.387905 1.995857
vt 0.612093 1.995857
vt 0.833785 1.962447
vt 0.942135 1.933418
vt 1.048012 1.896370
vt -0.002122 1.644771
vt 0.806857 1.711812
vt -0.566444 3.250057
vt -0.995357 1.644717
vt -0.995357 3.250057
vt -0.995357 -2.249943
vt -1.176918 -2.249943
vt -1.176918 1.546456
vt -1.339839 1.419656
vt -1.176918 3.250057
vt -1.339839 -2.249943
vt -1.339839 3.250057
vt -0.605788 3.500057
vt -0.641896 3.250057
vt -0.605788 3.250057
vt -0.641896 3.500057
vt -0.673726 3.250057
vt -0.673726 3.500057
vt 0.672988 3.500057
vt 0.639999 3.250057
vt 0.672988 3.250057
vt -1.479664 1.267763
vt -1.592579 1.094936
vt -1.675508 0.905874
vt -1.726185 0.705746
vt 0.602975 3.500057
vt 0.562991 3.250057
vt 0.602975 3.250057
vt 0.639999 3.500057
vt 0.562991 3.500057
vt 0.521206 3.500057
vt 0.521206 3.250057
vt -1.743232 0.500002
vt 0.478799 3.250057
vt -1.726185 0.294259
vt -1.675508 0.094125
vt -1.592579 -0.094938
vt -1.479664 -0.267765
vt 0.397024 3.500057
vt 0.360012 3.250057
vt 0.397024 3.250057
vt 0.437008 3.500057
vt 0.437008 3.250057
vt 0.360012 3.500057
vt 0.327016 3.500057
vt 0.327016 3.250057
vt -1.176918 -0.546458
vt -1.339839 -0.419657
vt -0.995357 -0.644718
vt -0.566444 3.500057
vt -0.641896 -2.249943
vt 0.478799 3.500057
vt 0.437008 -2.249943
vt 0.562991 -2.249943
vt 0.312331 -2.249943
vt 0.312331 -2.499943
vt 0.166219 -0.962346
vt 0.457748 -2.499943
s 0
usemtl Black_Mosaic_Studded_Rubber.001
f 1/1/1 3/2/1 2/3/1
f 2/3/2 6/4/2 1/1/2
f 1/1/3 5/5/3 3/2/3
f 4/6/4 5/5/4 1/1/4
f 6/4/5 4/6/5 1/1/5
f 11/7/6 6/4/6 2/3/6
f 10/8/7 7/9/7 6/4/7
f 6/4/8 7/9/8 4/6/8
f 8/10/9 9/11/9 6/4/9
f 11/7/10 8/10/10 6/4/10
f 6/4/11 9/11/11 10/8/11
f 12/12/12 13/13/12 11/7/12
f 12/12/13 11/7/13 14/14/13
f 13/13/14 8/10/14 11/7/14
f 14/14/13 11/7/13 2/3/13
f 2/3/15 15/15/15 14/14/15
f 14/14/15 15/15/15 16/16/15
f 14/14/16 16/16/16 17/17/16
f 14/14/17 17/17/17 12/12/17
f 17/17/18 16/16/18 18/18/18
f 17/17/19 18/18/19 19/19/19
f 17/17/20 19/19/20 20/20/20
f 12/12/21 17/17/21 20/20/21
f 21/21/22 22/22/22 20/20/22
f 20/20/23 19/19/23 21/21/23
f 23/23/24 20/20/24 22/22/24
f 12/12/24 20/20/24 23/23/24
f 23/23/25 13/13/25 12/12/25
f 23/23/26 22/22/26 24/24/26
f 24/24/27 25/25/27 23/23/27
f 23/23/28 25/25/28 13/13/28
f 25/25/29 28/26/29 26/27/29
f 25/25/30 26/27/30 13/13/30
f 24/24/31 27/28/31 25/25/31
f 27/28/32 28/26/32 25/25/32
f 29/29/33 30/30/33 28/26/33
f 27/28/34 29/29/34 28/26/34
f 28/26/35 30/30/35 31/31/35
f 28/26/36 31/31/36 26/27/36
f 26/27/37 31/31/37 32/32/37
f 33/33/38 32/32/38 31/31/38
f 33/33/39 31/31/39 34/34/39
f 34/34/40 31/31/40 30/30/40
f 36/35/41 35/36/41 34/37/41
f 34/37/42 35/36/42 37/38/42
f 34/34/43 37/39/43 33/33/43
f 34/37/44 30/40/44 36/35/44
f 35/36/45 38/41/45 37/38/45
f 37/38/46 38/41/46 39/42/46
f 37/39/47 39/43/47 40/44/47
f 33/33/48 37/39/48 40/44/48
f 40/44/49 39/43/49 41/45/49
f 40/44/50 41/45/50 42/46/50
f 43/47/51 40/44/51 42/46/51
f 33/33/52 40/44/52 43/47/52
f 43/47/53 9/11/53 32/32/53
f 43/47/54 32/32/54 33/33/54
f 43/47/55 42/46/55 44/48/55
f 44/48/56 9/11/56 43/47/56
f 45/49/57 10/8/57 44/48/57
f 44/48/58 46/50/58 45/49/58
f 44/48/59 42/46/59 46/50/59
f 44/48/60 10/8/60 9/11/60
f 42/46/61 47/51/61 46/50/61
f 46/50/62 47/51/62 48/52/62
f 46/50/63 48/52/63 49/53/63
f 45/49/64 46/50/64 49/53/64
f 52/54/65 50/55/65 49/53/65
f 49/53/66 50/55/66 51/56/66
f 49/53/67 51/56/67 53/57/67
f 49/53/68 48/52/68 52/54/68
f 54/58/69 49/53/69 53/57/69
f 45/49/70 49/53/70 54/58/70
f 53/57/71 55/59/71 54/58/71
f 54/58/71 55/59/71 56/60/71
f 54/58/72 56/60/72 57/61/72
f 54/58/73 57/61/73 45/49/73
f 57/61/72 56/60/72 58/62/72
f 57/61/74 58/62/74 7/9/74
f 57/61/75 7/9/75 10/8/75
f 45/49/76 57/61/76 10/8/76
f 7/9/74 58/62/74 59/63/74
f 60/64/77 59/63/77 58/62/77
f 58/62/78 56/60/78 60/64/78
f 61/65/79 59/63/79 60/64/79
f 60/64/80 64/66/80 61/65/80
f 60/64/81 55/59/81 62/67/81
f 62/67/82 63/68/82 60/64/82
f 60/64/83 63/68/83 64/66/83
f 60/64/84 56/60/84 55/59/84
f 61/65/85 64/66/85 65/69/85
f 63/68/86 66/70/86 64/66/86
f 64/66/87 67/71/87 65/69/87
f 64/66/88 66/70/88 67/71/88
f 66/70/89 69/72/89 67/71/89
f 65/69/90 67/71/90 68/73/90
f 67/71/91 70/74/91 68/73/91
f 67/71/92 69/72/92 70/74/92
f 68/73/93 70/74/93 71/75/93
f 70/74/94 73/76/94 71/75/94
f 69/72/95 72/77/95 70/74/95
f 70/74/94 72/77/94 73/76/94
f 72/78/96 75/79/96 73/80/96
f 71/75/97 73/76/97 74/81/97
f 73/80/98 76/82/98 74/83/98
f 73/80/99 75/79/99 76/82/99
f 75/79/100 78/84/100 76/82/100
f 74/83/101 76/82/101 77/85/101
f 76/82/102 79/86/102 77/85/102
f 76/82/103 78/84/103 79/86/103
f 78/84/104 81/87/104 79/86/104
f 77/85/105 79/86/105 80/88/105
f 79/86/106 82/89/106 80/88/106
f 79/86/106 81/87/106 82/89/106
f 81/87/107 84/90/107 82/89/107
f 80/88/108 82/89/108 83/91/108
f 82/89/109 85/92/109 83/91/109
f 82/89/110 84/90/110 85/92/110
f 85/92/111 88/93/111 86/94/111
f 85/92/111 86/94/111 87/95/111
f 84/90/112 88/93/112 85/92/112
f 83/91/113 85/92/113 87/95/113
f 88/93/114 89/96/114 90/97/114
f 84/90/112 89/96/112 88/93/112
f 90/97/114 86/94/114 88/93/114
f 91/98/114 92/99/114 90/97/114
f 90/97/114 97/100/114 91/98/114
f 90/97/114 92/99/114 93/101/114
f 90/97/114 93/101/114 94/102/114
f 94/102/114 158/103/114 90/97/114
f 95/104/114 96/105/114 90/97/114
f 90/97/114 100/106/114 95/104/114
f 90/97/114 96/105/114 97/100/114
f 98/107/114 99/108/114 90/97/114
f 90/97/114 103/109/114 98/107/114
f 90/97/114 99/108/114 100/106/114
f 101/110/114 102/111/114 90/97/114
f 90/97/114 106/112/114 101/110/114
f 90/97/114 102/111/114 103/109/114
f 104/113/114 105/114/114 90/97/114
f 90/97/114 109/115/114 104/113/114
f 90/97/114 105/114/114 106/112/114
f 107/116/114 108/117/114 90/97/114
f 90/97/114 112/118/114 107/116/114
f 90/97/114 108/117/114 109/115/114
f 110/119/114 111/120/114 90/97/114
f 90/97/114 115/121/114 110/119/114
f 90/97/114 111/120/114 112/118/114
f 113/122/114 114/123/114 90/97/114
f 90/97/114 118/124/114 113/122/114
f 90/97/114 114/123/114 115/121/114
f 116/125/114 117/126/114 90/97/114
f 90/97/114 121/127/114 116/125/114
f 90/97/114 117/126/114 118/124/114
f 119/128/114 120/129/114 90/97/114
f 90/97/114 124/130/114 119/128/114
f 90/97/114 120/129/114 121/127/114
f 122/131/114 123/132/114 90/97/114
f 90/97/114 127/133/114 122/131/114
f 90/97/114 123/132/114 124/130/114
f 125/134/114 126/135/114 90/97/114
f 90/97/114 130/136/114 125/134/114
f 90/97/114 126/135/114 127/133/114
f 128/137/114 129/138/114 90/97/114
f 90/97/114 131/139/114 128/137/114
f 90/97/114 129/138/114 130/136/114
f 90/97/114 89/96/114 131/139/114
f 132/140/114 133/141/114 90/97/114
f 90/97/114 136/142/114 132/140/114
f 90/97/114 133/141/114 86/94/114
f 134/143/114 135/144/114 90/97/114
f 90/97/114 139/145/114 134/143/114
f 90/97/114 135/144/114 136/142/114
f 137/146/114 138/147/114 90/97/114
f 90/97/114 142/148/114 137/146/114
f 90/97/114 138/147/114 139/145/114
f 140/149/114 141/150/114 90/97/114
f 90/97/114 145/151/114 140/149/114
f 90/97/114 141/150/114 142/148/114
f 143/152/114 144/153/114 90/97/114
f 90/97/114 148/154/114 143/152/114
f 90/97/114 144/153/114 145/151/114
f 146/155/114 147/156/114 90/97/114
f 90/97/114 151/157/114 146/155/114
f 90/97/114 147/156/114 148/154/114
f 149/158/114 150/159/114 90/97/114
f 90/97/114 154/160/114 149/158/114
f 90/97/114 150/159/114 151/157/114
f 152/161/114 153/162/114 90/97/114
f 90/97/114 157/163/114 152/161/114
f 90/97/114 153/162/114 154/160/114
f 155/164/114 156/165/114 90/97/114
f 90/97/114 159/166/114 155/164/114
f 90/97/114 156/165/114 157/163/114
f 90/97/114 158/103/114 159/166/114
f 160/167/115 155/164/115 159/166/115
f 161/168/116 159/166/116 158/103/116
f 160/167/117 159/166/117 161/168/117
f 162/169/118 160/167/118 161/168/118
f 162/169/118 161/168/118 163/170/118
f 163/170/119 161/168/119 164/171/119
f 161/168/116 158/103/116 164/171/116
f 164/171/120 158/103/120 94/102/120
f 164/171/120 94/102/120 166/172/120
f 163/170/121 164/171/121 165/173/121
f 165/173/122 164/171/122 166/172/122
f 166/172/123 94/102/123 93/101/123
f 165/173/122 166/172/122 167/174/122
f 167/174/124 166/172/124 168/175/124
f 166/172/123 93/101/123 168/175/123
f 167/174/125 168/175/125 169/176/125
f 169/176/126 168/175/126 170/177/126
f 168/175/127 92/99/127 170/177/127
f 168/175/127 93/101/127 92/99/127
f 169/176/128 170/177/128 171/178/128
f 170/177/129 92/99/129 91/98/129
f 170/177/129 91/98/129 172/179/129
f 171/178/130 170/177/130 172/179/130
f 172/179/131 91/98/131 97/100/131
f 172/179/131 97/100/131 174/180/131
f 171/178/132 172/179/132 173/181/132
f 173/181/133 172/179/133 174/180/133
f 174/180/134 97/100/134 96/105/134
f 174/180/134 96/105/134 176/182/134
f 173/181/135 174/180/135 175/183/135
f 175/183/136 174/180/136 176/182/136
f 175/183/136 176/182/136 177/184/136
f 177/184/137 176/182/137 178/185/137
f 176/182/138 95/104/138 178/185/138
f 176/182/138 96/105/138 95/104/138
f 177/184/139 178/185/139 179/186/139
f 179/186/140 178/185/140 180/187/140
f 178/185/141 100/106/141 180/187/141
f 178/185/141 95/104/141 100/106/141
f 179/186/142 180/187/142 181/188/142
f 181/188/143 180/187/143 182/189/143
f 180/187/144 99/108/144 182/189/144
f 180/187/145 100/106/145 99/108/145
f 181/188/143 182/189/143 183/190/143
f 183/190/146 182/189/146 184/191/146
f 182/189/147 98/107/147 184/191/147
f 182/189/147 99/108/147 98/107/147
f 184/191/148 98/107/148 103/109/148
f 184/191/149 103/109/149 186/192/149
f 183/190/146 184/191/146 185/193/146
f 185/193/150 184/191/150 186/192/150
f 186/192/151 103/109/151 102/111/151
f 186/192/152 102/111/152 188/194/152
f 185/193/153 186/192/153 187/195/153
f 187/195/154 186/192/154 188/194/154
f 188/194/155 102/111/155 101/110/155
f 187/195/156 188/194/156 189/196/156
f 189/196/157 188/194/157 190/197/157
f 188/194/158 101/110/158 190/197/158
f 190/197/159 101/110/159 106/112/159
f 190/197/159 106/112/159 192/198/159
f 189/196/160 190/197/160 191/199/160
f 191/199/161 190/197/161 192/198/161
f 191/199/162 192/198/162 193/200/162
f 193/200/163 192/198/163 194/201/163
f 192/198/164 105/114/164 194/201/164
f 192/198/165 106/112/165 105/114/165
f 193/200/166 194/201/166 195/202/166
f 195/202/167 194/201/167 196/203/167
f 194/201/168 104/113/168 196/203/168
f 194/201/169 105/114/169 104/113/169
f 195/202/170 196/203/170 197/204/170
f 197/204/171 196/203/171 198/205/171
f 196/203/172 109/115/172 198/205/172
f 196/203/172 104/113/172 109/115/172
f 197/204/173 198/205/173 199/206/173
f 199/206/174 198/205/174 200/207/174
f 198/205/175 108/117/175 200/207/175
f 198/205/176 109/115/176 108/117/176
f 199/206/177 200/207/177 201/208/177
f 201/208/178 200/207/178 202/209/178
f 200/207/179 107/116/179 202/209/179
f 200/207/179 108/117/179 107/116/179
f 202/209/180 107/116/180 112/118/180
f 202/209/181 112/118/181 204/210/181
f 201/208/182 202/209/182 203/211/182
f 203/211/183 202/209/183 204/210/183
f 204/210/184 112/118/184 111/120/184
f 204/210/184 111/120/184 206/212/184
f 203/211/185 204/210/185 205/213/185
f 205/213/186 204/210/186 206/212/186
f 206/212/187 111/120/187 110/119/187
f 206/212/187 110/119/187 208/214/187
f 205/213/186 206/212/186 207/215/186
f 207/215/188 206/212/188 208/214/188
f 207/215/189 208/214/189 209/216/189
f 209/216/190 208/214/190 210/217/190
f 208/214/191 115/121/191 210/217/191
f 208/214/191 110/119/191 115/121/191
f 209/216/192 210/217/192 211/218/192
f 211/218/193 210/217/193 212/219/193
f 210/217/194 114/123/194 212/219/194
f 210/217/195 115/121/195 114/123/195
f 211/218/196 212/219/196 213/220/196
f 213/220/197 212/219/197 214/221/197
f 212/219/198 113/122/198 214/221/198
f 212/219/199 114/123/199 113/122/199
f 214/221/200 113/122/200 118/124/200
f 214/221/200 118/124/200 216/222/200
f 213/220/201 214/221/201 215/223/201
f 215/223/202 214/221/202 216/222/202
f 216/222/203 118/124/203 117/126/203
f 215/223/202 216/222/202 217/224/202
f 217/224/204 216/222/204 218/225/204
f 216/222/203 117/126/203 218/225/203
f 217/224/205 218/225/205 219/226/205
f 219/226/206 218/225/206 220/227/206
f 218/225/207 116/125/207 220/227/207
f 218/225/208 117/126/208 116/125/208
f 220/227/209 116/125/209 121/127/209
f 220/227/210 121/127/210 222/228/210
f 219/226/211 220/227/211 221/229/211
f 221/229/212 220/227/212 222/228/212
f 222/228/213 121/127/213 120/129/213
f 222/228/213 120/129/213 224/230/213
f 221/229/214 222/228/214 223/231/214
f 223/231/215 222/228/215 224/230/215
f 223/231/216 224/230/216 225/232/216
f 225/232/217 224/230/217 226/233/217
f 224/230/218 119/128/218 226/233/218
f 224/230/219 120/129/219 119/128/219
f 225/232/217 226/233/217 227/234/217
f 227/234/220 226/233/220 228/235/220
f 226/233/221 124/130/221 228/235/221
f 226/233/222 119/128/222 124/130/222
f 227/234/223 228/235/223 229/236/223
f 229/236/224 228/235/224 230/237/224
f 228/235/225 123/132/225 230/237/225
f 228/235/225 124/130/225 123/132/225
f 229/236/226 230/237/226 231/238/226
f 231/238/227 230/237/227 232/239/227
f 230/237/228 122/131/228 232/239/228
f 230/237/228 123/132/228 122/131/228
f 232/239/229 122/131/229 127/133/229
f 232/239/229 127/133/229 234/240/229
f 231/238/230 232/239/230 233/241/230
f 233/241/231 232/239/231 234/240/231
f 234/240/232 127/133/232 126/135/232
f 234/240/232 126/135/232 236/242/232
f 233/241/231 234/240/231 235/243/231
f 235/243/233 234/240/233 236/242/233
f 236/242/234 126/135/234 125/134/234
f 235/243/233 236/242/233 237/244/233
f 237/244/235 236/242/235 238/245/235
f 236/242/234 125/134/234 238/245/234
f 238/245/236 125/134/236 130/136/236
f 238/245/236 130/136/236 240/246/236
f 237/244/237 238/245/237 239/247/237
f 239/247/238 238/245/238 240/246/238
f 239/247/239 240/246/239 241/248/239
f 241/248/240 240/246/240 242/249/240
f 240/246/241 129/138/241 242/249/241
f 240/246/241 130/136/241 129/138/241
f 241/248/240 242/249/240 243/250/240
f 243/250/242 242/249/242 244/251/242
f 242/249/243 128/137/243 244/251/243
f 242/249/243 129/138/243 128/137/243
f 243/250/242 244/251/242 245/252/242
f 245/252/244 244/251/244 246/253/244
f 244/251/245 131/139/245 246/253/245
f 244/251/245 128/137/245 131/139/245
f 245/252/244 246/253/244 81/87/244
f 81/87/107 246/253/107 84/90/107
f 246/253/246 89/96/246 84/90/246
f 246/253/246 131/139/246 89/96/246
f 247/254/247 243/250/247 245/252/247
f 247/254/247 245/252/247 78/84/247
f 78/84/104 245/252/104 81/87/104
f 248/255/248 249/256/248 247/254/248
f 248/255/249 247/254/249 75/79/249
f 249/256/250 243/250/250 247/254/250
f 75/79/100 247/254/100 78/84/100
f 250/257/251 249/256/251 248/255/251
f 251/258/252 241/248/252 249/256/252
f 249/256/253 241/248/253 243/250/253
f 250/257/254 251/258/254 249/256/254
f 252/259/255 253/260/255 251/258/255
f 252/259/255 251/258/255 250/257/255
f 253/260/256 239/247/256 251/258/256
f 251/258/257 239/247/257 241/248/257
f 254/35/258 255/261/258 253/260/258
f 254/35/258 253/260/258 252/259/258
f 255/261/259 237/244/259 253/260/259
f 253/260/256 237/244/256 239/247/256
f 256/36/260 257/262/260 255/261/260
f 256/36/261 255/261/261 254/35/261
f 257/262/262 235/243/262 255/261/262
f 255/261/263 235/243/263 237/244/263
f 258/41/264 259/263/264 257/262/264
f 258/41/265 257/262/265 256/36/265
f 259/263/266 233/241/266 257/262/266
f 257/262/267 233/241/267 235/243/267
f 260/264/268 261/265/268 259/263/268
f 260/264/269 259/263/269 258/41/269
f 261/265/270 231/238/270 259/263/270
f 259/263/266 231/238/266 233/241/266
f 262/266/271 263/267/271 261/265/271
f 262/266/271 261/265/271 260/264/271
f 263/267/272 229/236/272 261/265/272
f 261/265/273 229/236/273 231/238/273
f 264/268/274 265/269/274 263/267/274
f 264/268/275 263/267/275 262/266/275
f 265/269/276 227/234/276 263/267/276
f 263/267/277 227/234/277 229/236/277
f 266/270/278 265/269/278 264/268/278
f 267/271/279 225/232/279 265/269/279
f 265/269/280 225/232/280 227/234/280
f 266/270/281 267/271/281 265/269/281
f 268/272/282 269/273/282 267/271/282
f 268/272/283 267/271/283 266/270/283
f 269/273/284 223/231/284 267/271/284
f 267/271/279 223/231/279 225/232/279
f 270/274/285 271/275/285 269/273/285
f 270/274/285 269/273/285 268/272/285
f 271/275/286 221/229/286 269/273/286
f 269/273/284 221/229/284 223/231/284
f 272/276/287 273/277/287 271/275/287
f 272/276/288 271/275/288 270/274/288
f 273/277/289 219/226/289 271/275/289
f 271/275/290 219/226/290 221/229/290
f 274/278/291 275/279/291 273/277/291
f 274/278/292 273/277/292 272/276/292
f 275/279/293 217/224/293 273/277/293
f 273/277/294 217/224/294 219/226/294
f 276/280/295 277/281/295 275/279/295
f 276/280/296 275/279/296 274/278/296
f 277/281/297 215/223/297 275/279/297
f 275/279/298 215/223/298 217/224/298
f 278/282/299 279/283/299 277/281/299
f 278/282/300 277/281/300 276/280/300
f 279/283/301 213/220/301 277/281/301
f 277/281/302 213/220/302 215/223/302
f 280/284/303 281/285/303 279/283/303
f 280/284/304 279/283/304 278/282/304
f 281/285/305 211/218/305 279/283/305
f 279/283/306 211/218/306 213/220/306
f 282/286/307 281/285/307 280/284/307
f 283/287/308 209/216/308 281/285/308
f 281/285/305 209/216/305 211/218/305
f 282/286/307 283/287/307 281/285/307
f 284/288/309 285/289/309 283/287/309
f 284/288/310 283/287/310 282/286/310
f 285/289/311 207/215/311 283/287/311
f 283/287/312 207/215/312 209/216/312
f 286/290/313 287/291/313 285/289/313
f 286/290/314 285/289/314 284/288/314
f 287/291/315 205/213/315 285/289/315
f 285/289/316 205/213/316 207/215/316
f 288/292/317 289/293/317 287/291/317
f 288/292/318 287/291/318 286/290/318
f 289/293/319 203/211/319 287/291/319
f 287/291/320 203/211/320 205/213/320
f 290/294/321 291/295/321 289/293/321
f 290/294/322 289/293/322 288/292/322
f 291/295/323 201/208/323 289/293/323
f 289/293/324 201/208/324 203/211/324
f 292/296/325 293/297/325 291/295/325
f 292/296/326 291/295/326 290/294/326
f 293/297/327 199/206/327 291/295/327
f 291/295/328 199/206/328 201/208/328
f 294/298/329 295/299/329 293/297/329
f 294/298/330 293/297/330 292/296/330
f 295/299/331 197/204/331 293/297/331
f 293/297/332 197/204/332 199/206/332
f 296/300/333 297/301/333 295/299/333
f 296/300/334 295/299/334 294/298/334
f 297/301/335 195/202/335 295/299/335
f 295/299/336 195/202/336 197/204/336
f 298/302/337 297/301/337 296/300/337
f 299/303/338 193/200/338 297/301/338
f 297/301/339 193/200/339 195/202/339
f 298/302/337 299/303/337 297/301/337
f 300/304/340 301/305/340 299/303/340
f 300/304/341 299/303/341 298/302/341
f 301/305/342 191/199/342 299/303/342
f 299/303/343 191/199/343 193/200/343
f 302/306/344 303/307/344 301/305/344
f 302/306/345 301/305/345 300/304/345
f 303/307/346 189/196/346 301/305/346
f 301/305/342 189/196/342 191/199/342
f 304/308/347 305/309/347 303/307/347
f 304/308/348 303/307/348 302/306/348
f 305/309/349 187/195/349 303/307/349
f 303/307/350 187/195/350 189/196/350
f 306/310/351 307/311/351 305/309/351
f 306/310/352 305/309/352 304/308/352
f 307/311/353 185/193/353 305/309/353
f 305/309/354 185/193/354 187/195/354
f 308/312/355 309/313/355 307/311/355
f 308/312/356 307/311/356 306/310/356
f 309/313/357 183/190/357 307/311/357
f 307/311/358 183/190/358 185/193/358
f 310/314/359 311/315/359 309/313/359
f 310/314/360 309/313/360 308/312/360
f 311/315/361 181/188/361 309/313/361
f 309/313/362 181/188/362 183/190/362
f 312/316/363 313/317/363 311/315/363
f 312/316/364 311/315/364 310/314/364
f 313/317/365 179/186/365 311/315/365
f 311/315/366 179/186/366 181/188/366
f 314/318/367 313/317/367 312/316/367
f 315/319/368 177/184/368 313/317/368
f 313/317/369 177/184/369 179/186/369
f 314/318/367 315/319/367 313/317/367
f 316/320/370 317/321/370 315/319/370
f 316/320/371 315/319/371 314/318/371
f 317/321/372 175/183/372 315/319/372
f 315/319/368 175/183/368 177/184/368
f 318/322/373 319/323/373 317/321/373
f 318/322/374 317/321/374 316/320/374
f 319/323/375 173/181/375 317/321/375
f 317/321/376 173/181/376 175/183/376
f 320/324/377 319/323/377 318/322/377
f 320/324/378 321/325/378 319/323/378
f 321/325/379 171/178/379 319/323/379
f 319/323/380 171/178/380 173/181/380
f 322/326/381 323/327/381 321/325/381
f 322/326/381 321/325/381 320/324/381
f 323/327/382 169/176/382 321/325/382
f 321/325/383 169/176/383 171/178/383
f 324/328/384 325/329/384 323/327/384
f 324/328/384 323/327/384 322/326/384
f 325/329/385 167/174/385 323/327/385
f 323/327/382 167/174/382 169/176/382
f 326/330/386 327/331/386 325/329/386
f 326/330/387 325/329/387 324/328/387
f 327/331/388 165/173/388 325/329/388
f 325/329/385 165/173/385 167/174/385
f 328/332/389 329/333/389 327/331/389
f 328/332/389 327/331/389 326/330/389
f 329/333/390 163/170/390 327/331/390
f 327/331/391 163/170/391 165/173/391
f 330/334/392 329/333/392 328/332/392
f 331/335/393 162/169/393 329/333/393
f 329/333/394 162/169/394 163/170/394
f 330/334/395 331/335/395 329/333/395
f 332/336/396 333/337/396 331/335/396
f 332/336/397 331/335/397 330/334/397
f 333/337/398 334/338/398 331/335/398
f 331/335/393 334/338/393 162/169/393
f 333/337/399 335/339/399 334/338/399
f 335/339/400 336/340/400 334/338/400
f 334/338/401 160/167/401 162/169/401
f 334/338/402 336/340/402 160/167/402
f 336/340/403 156/165/403 155/164/403
f 336/340/404 155/164/404 160/167/404
f 337/341/405 156/165/405 336/340/405
f 335/339/406 337/341/406 336/340/406
f 337/341/405 157/163/405 156/165/405
f 339/342/407 157/163/407 337/341/407
f 338/343/408 339/342/408 337/341/408
f 338/343/409 337/341/409 335/339/409
f 339/342/410 152/161/410 157/163/410
f 340/344/411 341/345/411 339/342/411
f 340/344/411 339/342/411 338/343/411
f 341/345/412 152/161/412 339/342/412
f 342/346/413 343/347/413 341/345/413
f 342/346/414 341/345/414 340/344/414
f 343/347/415 153/162/415 341/345/415
f 341/345/416 153/162/416 152/161/416
f 344/348/417 345/349/417 343/347/417
f 344/348/418 343/347/418 342/346/418
f 345/349/419 154/160/419 343/347/419
f 343/347/420 154/160/420 153/162/420
f 346/350/421 347/351/421 345/349/421
f 346/350/422 345/349/422 344/348/422
f 347/351/423 149/158/423 345/349/423
f 345/349/424 149/158/424 154/160/424
f 348/352/425 349/353/425 347/351/425
f 348/352/426 347/351/426 346/350/426
f 349/353/427 150/159/427 347/351/427
f 347/351/428 150/159/428 149/158/428
f 350/354/429 349/353/429 348/352/429
f 349/353/427 151/157/427 150/159/427
f 351/355/430 151/157/430 349/353/430
f 350/354/431 351/355/431 349/353/431
f 351/355/430 146/155/430 151/157/430
f 352/356/432 353/357/432 351/355/432
f 352/356/432 351/355/432 350/354/432
f 353/357/433 146/155/433 351/355/433
f 355/358/434 147/156/434 353/357/434
f 353/357/433 147/156/433 146/155/433
f 354/359/435 355/358/435 353/357/435
f 354/359/436 353/357/436 352/356/436
f 355/358/434 148/154/434 147/156/434
f 357/360/437 148/154/437 355/358/437
f 356/361/438 357/360/438 355/358/438
f 356/361/439 355/358/439 354/359/439
f 357/360/437 143/152/437 148/154/437
f 358/362/440 359/363/440 357/360/440
f 358/362/441 357/360/441 356/361/441
f 359/363/442 143/152/442 357/360/442
f 360/364/443 361/365/443 359/363/443
f 360/364/444 359/363/444 358/362/444
f 361/365/445 144/153/445 359/363/445
f 359/363/442 144/153/442 143/152/442
f 362/366/446 363/367/446 361/365/446
f 362/366/447 361/365/447 360/364/447
f 363/367/448 145/151/448 361/365/448
f 361/365/445 145/151/445 144/153/445
f 364/368/449 365/369/449 363/367/449
f 364/368/450 363/367/450 362/366/450
f 365/369/451 140/149/451 363/367/451
f 363/367/448 140/149/448 145/151/448
f 366/370/452 365/369/452 364/368/452
f 365/369/451 141/150/451 140/149/451
f 367/371/453 141/150/453 365/369/453
f 366/370/454 367/371/454 365/369/454
f 367/371/455 142/148/455 141/150/455
f 369/372/456 142/148/456 367/371/456
f 368/373/457 369/372/457 367/371/457
f 368/373/457 367/371/457 366/370/457
f 369/372/456 137/146/456 142/148/456
f 370/374/458 371/375/458 369/372/458
f 370/374/459 369/372/459 368/373/459
f 371/375/460 137/146/460 369/372/460
f 372/376/461 373/377/461 371/375/461
f 372/376/462 371/375/462 370/374/462
f 373/377/463 138/147/463 371/375/463
f 371/375/460 138/147/460 137/146/460
f 375/378/464 139/145/464 373/377/464
f 373/377/463 139/145/463 138/147/463
f 374/379/465 375/378/465 373/377/465
f 374/379/466 373/377/466 372/376/466
f 375/378/464 134/143/464 139/145/464
f 376/380/467 377/381/467 375/378/467
f 376/380/467 375/378/467 374/379/467
f 377/381/468 134/143/468 375/378/468
f 378/382/469 379/383/469 377/381/469
f 378/382/470 377/381/470 376/380/470
f 379/383/471 135/144/471 377/381/471
f 377/381/468 135/144/468 134/143/468
f 380/384/472 381/385/472 379/383/472
f 380/384/473 379/383/473 378/382/473
f 381/385/474 136/142/474 379/383/474
f 379/383/475 136/142/475 135/144/475
f 382/386/476 381/385/476 380/384/476
f 383/387/477 132/140/477 381/385/477
f 381/385/474 132/140/474 136/142/474
f 382/386/476 383/387/476 381/385/476
f 383/387/477 133/141/477 132/140/477
f 87/95/478 133/141/478 383/387/478
f 384/388/479 87/95/479 383/387/479
f 384/388/479 383/387/479 382/386/479
f 385/389/480 83/91/480 384/388/480
f 385/389/481 384/388/481 386/390/481
f 83/91/113 87/95/113 384/388/113
f 386/390/482 384/388/482 382/386/482
f 387/391/483 385/389/483 386/390/483
f 387/391/484 386/390/484 388/392/484
f 388/392/485 386/390/485 389/393/485
f 386/390/486 382/386/486 389/393/486
f 388/392/487 389/393/487 390/394/487
f 390/394/488 389/393/488 391/395/488
f 389/393/489 380/384/489 391/395/489
f 389/393/490 382/386/490 380/384/490
f 390/394/491 391/395/491 392/396/491
f 392/396/492 391/395/492 393/397/492
f 391/395/493 378/382/493 393/397/493
f 391/395/494 380/384/494 378/382/494
f 392/396/495 393/397/495 394/398/495
f 394/398/496 393/397/496 395/399/496
f 393/397/497 376/380/497 395/399/497
f 393/397/498 378/382/498 376/380/498
f 394/398/499 395/399/499 396/400/499
f 396/400/500 395/399/500 397/401/500
f 395/399/501 374/379/501 397/401/501
f 395/399/502 376/380/502 374/379/502
f 396/400/503 397/401/503 398/402/503
f 398/402/504 397/401/504 399/403/504
f 397/401/505 372/376/505 399/403/505
f 397/401/506 374/379/506 372/376/506
f 398/402/504 399/403/504 400/404/504
f 400/404/507 399/403/507 401/405/507
f 399/403/508 370/374/508 401/405/508
f 399/403/509 372/376/509 370/374/509
f 400/404/510 401/405/510 402/406/510
f 402/406/511 401/405/511 403/407/511
f 401/405/512 368/373/512 403/407/512
f 401/405/513 370/374/513 368/373/513
f 402/406/514 403/407/514 404/408/514
f 404/408/515 403/407/515 405/409/515
f 403/407/516 366/370/516 405/409/516
f 403/407/517 368/373/517 366/370/517
f 404/408/518 405/409/518 406/410/518
f 406/410/519 405/409/519 407/411/519
f 405/409/520 364/368/520 407/411/520
f 405/409/520 366/370/520 364/368/520
f 406/410/521 407/411/521 408/412/521
f 408/412/522 407/411/522 409/413/522
f 407/411/523 362/366/523 409/413/523
f 407/411/524 364/368/524 362/366/524
f 408/412/525 409/413/525 410/414/525
f 410/414/526 409/413/526 411/415/526
f 409/413/527 360/364/527 411/415/527
f 409/413/528 362/366/528 360/364/528
f 410/414/529 411/415/529 412/416/529
f 412/416/530 411/415/530 413/417/530
f 411/415/531 358/362/531 413/417/531
f 411/415/532 360/364/532 358/362/532
f 412/416/533 413/417/533 414/418/533
f 414/418/534 413/417/534 415/419/534
f 413/417/535 356/361/535 415/419/535
f 413/417/536 358/362/536 356/361/536
f 414/418/537 415/419/537 416/420/537
f 416/420/538 415/419/538 417/421/538
f 415/419/539 354/359/539 417/421/539
f 415/419/540 356/361/540 354/359/540
f 416/420/541 417/421/541 418/422/541
f 418/422/542 417/421/542 419/423/542
f 417/421/543 352/356/543 419/423/543
f 417/421/544 354/359/544 352/356/544
f 418/422/545 419/423/545 420/424/545
f 420/424/546 419/423/546 421/425/546
f 419/423/547 350/354/547 421/425/547
f 419/423/548 352/356/548 350/354/548
f 420/424/549 421/425/549 422/426/549
f 422/426/550 421/425/550 423/427/550
f 421/425/551 348/352/551 423/427/551
f 421/425/552 350/354/552 348/352/552
f 422/426/553 423/427/553 424/428/553
f 424/428/554 423/427/554 425/429/554
f 423/427/555 346/350/555 425/429/555
f 423/427/556 348/352/556 346/350/556
f 424/428/557 425/429/557 426/430/557
f 426/430/558 425/429/558 427/431/558
f 425/429/559 344/348/559 427/431/559
f 425/429/560 346/350/560 344/348/560
f 426/430/561 427/431/561 428/432/561
f 428/432/562 427/431/562 429/433/562
f 427/431/563 342/346/563 429/433/563
f 427/431/564 344/348/564 342/346/564
f 428/432/565 429/433/565 430/434/565
f 430/434/566 429/433/566 431/435/566
f 429/433/567 340/344/567 431/435/567
f 429/433/568 342/346/568 340/344/568
f 430/434/569 431/435/569 432/436/569
f 432/436/570 431/435/570 433/437/570
f 431/435/571 338/343/571 433/437/571
f 431/435/572 340/344/572 338/343/572
f 432/436/573 433/437/573 434/438/573
f 434/438/574 433/437/574 333/337/574
f 433/437/575 335/339/575 333/337/575
f 433/437/576 338/343/576 335/339/576
f 435/439/577 432/436/577 434/438/577
f 435/439/578 434/438/578 436/440/578
f 436/440/579 434/438/579 332/336/579
f 434/438/580 333/337/580 332/336/580
f 437/441/581 435/439/581 436/440/581
f 437/441/582 436/440/582 438/442/582
f 438/442/583 436/440/583 439/443/583
f 436/440/584 332/336/584 439/443/584
f 438/442/583 439/443/583 440/444/583
f 440/445/585 439/446/585 441/447/585
f 439/443/586 330/334/586 441/448/586
f 439/443/586 332/336/586 330/334/586
f 440/445/587 441/447/587 442/449/587
f 442/449/588 441/447/588 443/450/588
f 441/448/589 328/332/589 443/451/589
f 441/448/590 330/334/590 328/332/590
f 442/449/588 443/450/588 444/452/588
f 444/452/591 443/450/591 445/453/591
f 443/451/592 326/330/592 445/454/592
f 443/451/593 328/332/593 326/330/593
f 444/452/594 445/453/594 446/455/594
f 446/455/595 445/453/595 447/456/595
f 445/454/596 324/328/596 447/457/596
f 445/454/597 326/330/597 324/328/597
f 446/455/598 447/456/598 448/458/598
f 448/458/599 447/456/599 449/459/599
f 447/457/600 322/326/600 449/460/600
f 447/457/601 324/328/601 322/326/601
f 448/458/602 449/459/602 450/461/602
f 450/461/603 449/459/603 451/462/603
f 449/460/604 320/324/604 451/463/604
f 449/460/605 322/326/605 320/324/605
f 450/461/606 451/462/606 452/464/606
f 452/464/607 451/462/607 453/465/607
f 451/463/608 318/322/608 453/466/608
f 451/463/609 320/324/609 318/322/609
f 452/464/607 453/465/607 454/467/607
f 454/467/610 453/465/610 455/468/610
f 453/466/611 316/320/611 455/469/611
f 453/466/612 318/322/612 316/320/612
f 454/467/613 455/468/613 456/470/613
f 456/470/614 455/468/614 457/471/614
f 455/469/615 314/318/615 457/472/615
f 455/469/616 316/320/616 314/318/616
f 456/470/617 457/471/617 458/473/617
f 458/473/618 457/471/618 459/474/618
f 457/472/619 312/316/619 459/475/619
f 457/472/619 314/318/619 312/316/619
f 458/473/620 459/474/620 460/476/620
f 460/476/621 459/474/621 461/477/621
f 459/475/622 310/314/622 461/478/622
f 459/475/623 312/316/623 310/314/623
f 460/476/624 461/477/624 462/479/624
f 462/479/625 461/477/625 463/480/625
f 461/478/626 308/312/626 463/481/626
f 461/478/627 310/314/627 308/312/627
f 462/479/628 463/480/628 464/482/628
f 464/482/629 463/480/629 465/483/629
f 463/481/630 306/310/630 465/484/630
f 463/481/631 308/312/631 306/310/631
f 464/482/632 465/483/632 466/485/632
f 466/486/633 465/484/633 467/487/633
f 465/484/634 304/308/634 467/487/634
f 465/484/635 306/310/635 304/308/635
f 466/486/636 467/487/636 468/488/636
f 468/488/637 467/487/637 469/489/637
f 467/487/638 302/306/638 469/489/638
f 467/487/638 304/308/638 302/306/638
f 468/488/639 469/489/639 470/490/639
f 470/490/640 469/489/640 471/491/640
f 469/489/641 300/304/641 471/491/641
f 469/489/642 302/306/642 300/304/642
f 470/490/643 471/491/643 472/492/643
f 472/492/644 471/491/644 473/493/644
f 471/491/645 298/302/645 473/493/645
f 471/491/646 300/304/646 298/302/646
f 472/492/647 473/493/647 474/494/647
f 474/494/648 473/493/648 475/495/648
f 473/493/649 296/300/649 475/495/649
f 473/493/650 298/302/650 296/300/650
f 474/494/651 475/495/651 476/496/651
f 476/497/652 475/498/652 477/499/652
f 475/495/653 294/298/653 477/500/653
f 475/495/654 296/300/654 294/298/654
f 476/497/655 477/499/655 478/501/655
f 478/501/656 477/499/656 479/502/656
f 477/500/657 292/296/657 479/503/657
f 477/500/658 294/298/658 292/296/658
f 478/501/659 479/502/659 480/504/659
f 480/504/660 479/502/660 481/505/660
f 479/503/661 290/294/661 481/506/661
f 479/503/662 292/296/662 290/294/662
f 480/504/663 481/505/663 482/507/663
f 482/507/664 481/505/664 483/508/664
f 481/506/665 288/292/665 483/509/665
f 481/506/666 290/294/666 288/292/666
f 482/507/667 483/508/667 484/510/667
f 484/510/668 483/508/668 485/511/668
f 483/509/669 286/290/669 485/512/669
f 483/509/670 288/292/670 286/290/670
f 484/510/671 485/511/671 486/513/671
f 486/513/672 485/511/672 487/514/672
f 485/512/673 284/288/673 487/515/673
f 485/512/674 286/290/674 284/288/674
f 486/513/675 487/514/675 488/516/675
f 488/516/676 487/514/676 489/517/676
f 487/515/677 282/286/677 489/518/677
f 487/515/678 284/288/678 282/286/678
f 488/516/676 489/517/676 490/519/676
f 490/519/679 489/517/679 491/520/679
f 489/518/680 280/284/680 491/521/680
f 489/518/681 282/286/681 280/284/681
f 490/519/679 491/520/679 492/522/679
f 492/522/682 491/520/682 493/523/682
f 491/521/683 278/282/683 493/524/683
f 491/521/684 280/284/684 278/282/684
f 492/522/685 493/523/685 494/525/685
f 494/525/686 493/523/686 495/526/686
f 493/524/687 276/280/687 495/527/687
f 493/524/688 278/282/688 276/280/688
f 494/525/689 495/526/689 496/528/689
f 496/528/690 495/526/690 497/529/690
f 495/527/691 274/278/691 497/530/691
f 495/527/692 276/280/692 274/278/692
f 496/528/693 497/529/693 498/531/693
f 498/531/694 497/529/694 499/532/694
f 497/530/695 272/276/695 499/533/695
f 497/530/696 274/278/696 272/276/696
f 498/531/697 499/532/697 500/534/697
f 500/534/698 499/532/698 501/535/698
f 499/533/699 270/274/699 501/536/699
f 499/533/700 272/276/700 270/274/700
f 500/534/701 501/535/701 502/537/701
f 502/538/702 501/536/702 503/539/702
f 501/536/703 268/272/703 503/539/703
f 501/536/704 270/274/704 268/272/704
f 502/538/705 503/539/705 504/540/705
f 504/540/706 503/539/706 505/541/706
f 503/539/707 266/270/707 505/541/707
f 503/539/708 268/272/708 266/270/708
f 504/540/709 505/541/709 506/542/709
f 506/542/710 505/541/710 507/543/710
f 505/541/711 264/268/711 507/543/711
f 505/541/712 266/270/712 264/268/712
f 506/542/713 507/543/713 508/544/713
f 508/544/714 507/543/714 509/545/714
f 507/543/715 262/266/715 509/545/715
f 507/543/716 264/268/716 262/266/716
f 508/544/717 509/545/717 510/546/717
f 510/546/718 509/545/718 511/547/718
f 509/545/719 260/264/719 511/547/719
f 509/545/720 262/266/720 260/264/720
f 510/546/721 511/547/721 512/548/721
f 512/549/722 511/550/722 513/551/722
f 511/547/723 258/41/723 513/42/723
f 511/547/724 260/264/724 258/41/724
f 512/549/725 513/551/725 514/552/725
f 514/552/726 513/551/726 515/553/726
f 513/42/727 256/36/727 515/38/727
f 513/42/727 258/41/727 256/36/727
f 514/552/728 515/553/728 516/554/728
f 516/554/729 515/553/729 517/555/729
f 515/38/730 254/35/730 517/37/730
f 515/38/731 256/36/731 254/35/731
f 516/554/732 517/555/732 518/556/732
f 518/556/733 517/555/733 519/557/733
f 517/37/734 252/259/734 519/40/734
f 517/37/735 254/35/735 252/259/735
f 518/556/736 519/557/736 520/558/736
f 520/558/737 519/557/737 521/559/737
f 519/40/738 250/257/738 521/560/738
f 519/40/738 252/259/738 250/257/738
f 520/558/739 521/559/739 69/72/739
f 69/72/740 521/559/740 72/77/740
f 521/560/741 248/255/741 72/78/741
f 521/560/742 250/257/742 248/255/742
f 522/561/743 518/556/743 520/558/743
f 522/561/744 520/558/744 66/70/744
f 66/70/89 520/558/89 69/72/89
f 523/562/745 524/563/745 522/561/745
f 523/562/746 522/561/746 63/68/746
f 524/563/747 518/556/747 522/561/747
f 63/68/748 522/561/748 66/70/748
f 525/564/749 526/565/749 524/563/749
f 525/564/750 524/563/750 523/562/750
f 526/565/751 516/554/751 524/563/751
f 524/563/752 516/554/752 518/556/752
f 527/566/753 528/567/753 526/565/753
f 527/566/754 526/565/754 525/564/754
f 528/567/755 514/552/755 526/565/755
f 526/565/756 514/552/756 516/554/756
f 529/568/757 530/569/757 528/567/757
f 529/568/758 528/567/758 527/566/758
f 530/569/759 512/549/759 528/567/759
f 528/567/760 512/549/760 514/552/760
f 531/570/761 532/571/761 530/569/761
f 531/570/762 530/569/762 529/568/762
f 532/571/763 510/572/763 530/569/763
f 530/569/764 510/572/764 512/549/764
f 533/573/765 532/571/765 531/570/765
f 534/574/766 508/575/766 532/571/766
f 532/571/767 508/575/767 510/572/767
f 533/573/768 534/574/768 532/571/768
f 535/576/769 536/577/769 534/578/769
f 535/576/770 534/578/770 533/579/770
f 536/577/771 506/580/771 534/578/771
f 534/574/772 506/581/772 508/575/772
f 537/582/773 538/583/773 536/577/773
f 537/582/774 536/577/774 535/576/774
f 538/583/775 504/584/775 536/577/775
f 536/577/776 504/584/776 506/580/776
f 539/585/777 540/586/777 538/583/777
f 539/585/778 538/583/778 537/582/778
f 540/586/779 502/537/779 538/583/779
f 538/583/780 502/537/780 504/584/780
f 541/587/781 542/588/781 540/586/781
f 541/587/782 540/586/782 539/585/782
f 542/588/783 500/534/783 540/586/783
f 540/586/784 500/534/784 502/537/784
f 543/589/785 544/590/785 542/588/785
f 543/589/786 542/588/786 541/587/786
f 544/590/787 498/531/787 542/588/787
f 542/588/788 498/531/788 500/534/788
f 545/591/789 546/592/789 544/590/789
f 545/591/790 544/590/790 543/589/790
f 546/592/791 496/528/791 544/590/791
f 544/590/792 496/528/792 498/531/792
f 547/593/793 548/594/793 546/592/793
f 547/593/794 546/592/794 545/591/794
f 548/594/795 494/525/795 546/592/795
f 546/592/796 494/525/796 496/528/796
f 549/595/797 548/594/797 547/593/797
f 550/596/798 492/522/798 548/594/798
f 548/594/799 492/522/799 494/525/799
f 549/595/800 550/596/800 548/594/800
f 551/597/801 552/598/801 550/596/801
f 551/597/802 550/596/802 549/595/802
f 552/598/803 490/519/803 550/596/803
f 550/596/804 490/519/804 492/522/804
f 553/599/805 554/600/805 552/598/805
f 553/599/806 552/598/806 551/597/806
f 554/600/807 488/516/807 552/598/807
f 552/598/808 488/516/808 490/519/808
f 555/601/809 556/602/809 554/600/809
f 555/601/810 554/600/810 553/599/810
f 556/602/811 486/513/811 554/600/811
f 554/600/812 486/513/812 488/516/812
f 557/603/813 558/604/813 556/602/813
f 557/603/814 556/602/814 555/601/814
f 558/604/815 484/510/815 556/602/815
f 556/602/816 484/510/816 486/513/816
f 559/605/817 560/606/817 558/604/817
f 559/605/818 558/604/818 557/603/818
f 560/606/819 482/507/819 558/604/819
f 558/604/820 482/507/820 484/510/820
f 561/607/821 562/608/821 560/606/821
f 561/607/822 560/606/822 559/605/822
f 562/608/823 480/504/823 560/606/823
f 560/606/819 480/504/819 482/507/819
f 563/609/824 564/610/824 562/608/824
f 563/609/825 562/608/825 561/607/825
f 564/610/826 478/501/826 562/608/826
f 562/608/827 478/501/827 480/504/827
f 565/611/828 564/610/828 563/609/828
f 566/612/829 476/497/829 564/610/829
f 564/610/830 476/497/830 478/501/830
f 565/611/831 566/612/831 564/610/831
f 567/613/832 568/614/832 566/612/832
f 567/613/833 566/612/833 565/611/833
f 568/614/834 474/615/834 566/612/834
f 566/612/835 474/615/835 476/497/835
f 569/616/836 570/617/836 568/614/836
f 569/616/837 568/614/837 567/613/837
f 570/617/838 472/618/838 568/614/838
f 568/614/834 472/618/834 474/615/834
f 571/619/839 572/620/839 570/621/839
f 571/619/840 570/621/840 569/622/840
f 572/620/841 470/623/841 570/621/841
f 570/617/842 470/624/842 472/618/842
f 573/625/843 574/626/843 572/620/843
f 573/625/844 572/620/844 571/619/844
f 574/626/845 468/627/845 572/620/845
f 572/620/846 468/627/846 470/623/846
f 575/628/847 576/629/847 574/626/847
f 575/628/848 574/626/848 573/625/848
f 576/629/849 466/485/849 574/626/849
f 574/626/850 466/485/850 468/627/850
f 577/630/851 578/631/851 576/629/851
f 577/630/851 576/629/851 575/628/851
f 578/631/852 464/482/852 576/629/852
f 576/629/853 464/482/853 466/485/853
f 579/632/854 580/633/854 578/631/854
f 579/632/855 578/631/855 577/630/855
f 580/633/856 462/479/856 578/631/856
f 578/631/857 462/479/857 464/482/857
f 581/634/858 580/633/858 579/632/858
f 582/635/859 460/476/859 580/633/859
f 580/633/860 460/476/860 462/479/860
f 581/634/861 582/635/861 580/633/861
f 583/636/862 584/637/862 582/635/862
f 583/636/863 582/635/863 581/634/863
f 584/637/864 458/473/864 582/635/864
f 582/635/859 458/473/859 460/476/859
f 585/638/865 586/639/865 584/637/865
f 585/638/865 584/637/865 583/636/865
f 586/639/866 456/470/866 584/637/866
f 584/637/867 456/470/867 458/473/867
f 587/640/868 586/639/868 585/638/868
f 587/640/869 588/641/869 586/639/869
f 588/641/870 454/467/870 586/639/870
f 586/639/866 454/467/866 456/470/866
f 589/642/871 590/643/871 588/641/871
f 589/642/872 588/641/872 587/640/872
f 590/643/873 452/464/873 588/641/873
f 588/641/874 452/464/874 454/467/874
f 591/644/875 592/645/875 590/643/875
f 591/644/876 590/643/876 589/642/876
f 592/645/877 450/461/877 590/643/877
f 590/643/878 450/461/878 452/464/878
f 593/646/879 594/647/879 592/645/879
f 593/646/880 592/645/880 591/644/880
f 594/647/881 448/458/881 592/645/881
f 592/645/882 448/458/882 450/461/882
f 595/648/883 596/649/883 594/647/883
f 595/648/884 594/647/884 593/646/884
f 596/649/885 446/455/885 594/647/885
f 594/647/886 446/455/886 448/458/886
f 597/650/887 596/649/887 595/648/887
f 598/651/888 444/452/888 596/649/888
f 596/649/889 444/452/889 446/455/889
f 597/650/890 598/651/890 596/649/890
f 599/652/891 600/653/891 598/651/891
f 599/652/892 598/651/892 597/650/892
f 600/653/893 442/449/893 598/651/893
f 598/651/894 442/449/894 444/452/894
f 601/654/895 602/655/895 600/653/895
f 601/654/896 600/653/896 599/652/896
f 602/655/897 440/445/897 600/653/897
f 600/653/898 440/445/898 442/449/898
f 603/656/899 604/657/899 602/655/899
f 603/656/900 602/655/900 601/654/900
f 604/657/901 438/658/901 602/655/901
f 602/655/902 438/658/902 440/445/902
f 605/659/903 606/660/903 604/657/903
f 605/659/904 604/657/904 603/656/904
f 606/660/905 437/661/905 604/657/905
f 604/657/906 437/661/906 438/658/906
f 607/662/907 608/663/907 606/664/907
f 607/662/908 606/664/908 605/665/908
f 608/663/909 609/666/909 606/664/909
f 606/660/910 609/667/910 437/661/910
f 608/663/911 610/668/911 609/666/911
f 610/669/912 611/670/912 609/671/912
f 609/671/913 435/439/913 437/441/913
f 609/671/914 611/670/914 435/439/914
f 610/669/915 612/672/915 611/670/915
f 612/672/916 430/434/916 611/670/916
f 611/670/917 432/436/917 435/439/917
f 611/670/918 430/434/918 432/436/918
f 613/673/919 614/674/919 612/672/919
f 613/673/920 612/672/920 610/669/920
f 614/674/921 428/432/921 612/672/921
f 612/672/922 428/432/922 430/434/922
f 615/675/923 616/676/923 614/677/923
f 615/675/924 614/677/924 613/678/924
f 616/679/925 426/430/925 614/674/925
f 614/674/926 426/430/926 428/432/926
f 617/680/927 616/676/927 615/675/927
f 618/681/928 424/428/928 616/679/928
f 616/679/925 424/428/925 426/430/925
f 617/680/929 618/682/929 616/676/929
f 619/683/930 620/684/930 618/682/930
f 619/683/931 618/682/931 617/680/931
f 620/685/932 422/426/932 618/681/932
f 618/681/933 422/426/933 424/428/933
f 621/686/934 622/687/934 620/684/934
f 621/686/934 620/684/934 619/683/934
f 622/688/935 420/424/935 620/685/935
f 620/685/936 420/424/936 422/426/936
f 623/689/937 624/690/937 622/687/937
f 623/689/938 622/687/938 621/686/938
f 624/691/939 418/422/939 622/688/939
f 622/688/940 418/422/940 420/424/940
f 625/692/941 626/693/941 624/690/941
f 625/692/942 624/690/942 623/689/942
f 626/694/943 416/420/943 624/691/943
f 624/691/944 416/420/944 418/422/944
f 627/695/945 628/696/945 626/693/945
f 627/695/946 626/693/946 625/692/946
f 628/697/947 414/418/947 626/694/947
f 626/694/948 414/418/948 416/420/948
f 629/698/949 630/699/949 628/696/949
f 629/698/950 628/696/950 627/695/950
f 630/700/951 412/416/951 628/697/951
f 628/697/952 412/416/952 414/418/952
f 631/701/953 632/702/953 630/699/953
f 631/701/954 630/699/954 629/698/954
f 632/703/955 410/414/955 630/700/955
f 630/700/951 410/414/951 412/416/951
f 633/704/956 632/702/956 631/701/956
f 634/705/957 408/412/957 632/703/957
f 632/703/958 408/412/958 410/414/958
f 633/704/959 634/706/959 632/702/959
f 635/707/960 636/708/960 634/706/960
f 635/707/961 634/706/961 633/704/961
f 636/709/962 406/410/962 634/705/962
f 634/705/963 406/410/963 408/412/963
f 637/710/964 638/711/964 636/708/964
f 637/710/965 636/708/965 635/707/965
f 638/712/966 404/408/966 636/709/966
f 636/709/967 404/408/967 406/410/967
f 639/713/968 640/714/968 638/711/968
f 639/713/969 638/711/969 637/710/969
f 640/715/970 402/406/970 638/712/970
f 638/712/971 402/406/971 404/408/971
f 641/716/972 642/717/972 640/715/972
f 641/716/973 640/715/973 639/718/973
f 642/717/974 400/404/974 640/715/974
f 640/715/975 400/404/975 402/406/975
f 643/719/976 644/720/976 642/717/976
f 643/719/977 642/717/977 641/716/977
f 644/720/978 398/402/978 642/717/978
f 642/717/979 398/402/979 400/404/979
f 645/721/980 646/722/980 644/720/980
f 645/721/981 644/720/981 643/719/981
f 646/722/982 396/400/982 644/720/982
f 644/720/978 396/400/978 398/402/978
f 647/723/983 648/724/983 646/722/983
f 647/723/984 646/722/984 645/721/984
f 648/724/985 394/398/985 646/722/985
f 646/722/986 394/398/986 396/400/986
f 649/725/987 648/724/987 647/723/987
f 650/726/988 392/396/988 648/724/988
f 648/724/989 392/396/989 394/398/989
f 649/725/990 650/726/990 648/724/990
f 651/727/991 652/728/991 650/729/991
f 651/727/992 650/729/992 649/730/992
f 652/731/993 390/394/993 650/726/993
f 650/726/994 390/394/994 392/396/994
f 653/732/995 654/733/995 652/728/995
f 653/732/996 652/728/996 651/727/996
f 654/734/997 388/392/997 652/731/997
f 652/731/998 388/392/998 390/394/998
f 655/735/999 656/736/999 654/733/999
f 655/735/1000 654/733/1000 653/732/1000
f 656/737/1001 387/391/1001 654/734/1001
f 654/734/1002 387/391/1002 388/392/1002
f 657/738/1003 658/739/1003 656/736/1003
f 657/738/1004 656/736/1004 655/735/1004
f 658/740/1005 659/741/1005 656/737/1005
f 656/737/1006 659/741/1006 387/391/1006
f 658/740/1007 77/85/1007 659/741/1007
f 77/85/1008 80/88/1008 659/741/1008
f 659/741/1009 385/389/1009 387/391/1009
f 659/741/1010 80/88/1010 385/389/1010
f 660/742/1011 74/81/1011 658/739/1011
f 660/742/1011 658/739/1011 657/738/1011
f 74/83/101 77/85/101 658/740/101
f 661/743/1012 71/75/1012 660/742/1012
f 661/743/1013 660/742/1013 662/744/1013
f 71/75/1014 74/81/1014 660/742/1014
f 662/744/1015 660/742/1015 657/738/1015
f 663/745/1016 661/743/1016 662/744/1016
f 663/745/1017 662/744/1017 664/746/1017
f 664/746/1018 662/744/1018 665/747/1018
f 662/744/1019 657/738/1019 665/747/1019
f 664/746/1020 665/747/1020 666/748/1020
f 666/748/1021 665/747/1021 667/749/1021
f 665/747/1022 655/735/1022 667/749/1022
f 665/747/1023 657/738/1023 655/735/1023
f 666/748/1024 667/749/1024 668/750/1024
f 668/750/1025 667/749/1025 669/751/1025
f 667/749/1026 653/732/1026 669/751/1026
f 667/749/1027 655/735/1027 653/732/1027
f 668/750/1028 669/751/1028 670/752/1028
f 670/752/1029 669/751/1029 671/753/1029
f 669/751/1030 651/727/1030 671/753/1030
f 669/751/1030 653/732/1030 651/727/1030
f 670/752/1031 671/753/1031 672/754/1031
f 672/754/1032 671/753/1032 673/755/1032
f 671/753/1033 649/730/1033 673/755/1033
f 671/753/1033 651/727/1033 649/730/1033
f 672/754/1034 673/755/1034 674/756/1034
f 674/756/1035 673/755/1035 675/757/1035
f 673/755/1036 647/758/1036 675/757/1036
f 673/755/1037 649/730/1037 647/758/1037
f 674/756/1038 675/757/1038 676/759/1038
f 676/759/1039 675/757/1039 677/760/1039
f 675/757/1040 645/761/1040 677/760/1040
f 675/757/1041 647/758/1041 645/761/1041
f 676/759/1042 677/760/1042 678/762/1042
f 678/763/1043 677/764/1043 679/765/1043
f 677/764/1044 643/766/1044 679/765/1044
f 677/764/1045 645/767/1045 643/766/1045
f 678/763/1046 679/765/1046 680/768/1046
f 680/768/1047 679/765/1047 681/769/1047
f 679/765/1048 641/770/1048 681/769/1048
f 679/765/1048 643/766/1048 641/770/1048
f 680/768/1047 681/769/1047 682/771/1047
f 682/771/1049 681/769/1049 683/772/1049
f 681/769/1050 639/713/1050 683/772/1050
f 681/769/1051 641/770/1051 639/713/1051
f 682/771/1052 683/772/1052 684/773/1052
f 684/773/1053 683/772/1053 685/774/1053
f 683/772/1054 637/710/1054 685/774/1054
f 683/772/1055 639/713/1055 637/710/1055
f 684/773/1056 685/774/1056 686/775/1056
f 686/775/1057 685/774/1057 687/776/1057
f 685/774/1058 635/707/1058 687/776/1058
f 685/774/1059 637/710/1059 635/707/1059
f 686/775/1060 687/776/1060 688/777/1060
f 688/777/1061 687/776/1061 689/778/1061
f 687/776/1062 633/704/1062 689/778/1062
f 687/776/1063 635/707/1063 633/704/1063
f 688/777/1064 689/778/1064 690/779/1064
f 690/779/1065 689/778/1065 691/780/1065
f 689/778/1066 631/701/1066 691/780/1066
f 689/778/1067 633/704/1067 631/701/1067
f 690/779/1068 691/780/1068 692/781/1068
f 692/781/1069 691/780/1069 693/782/1069
f 691/780/1070 629/698/1070 693/782/1070
f 691/780/1071 631/701/1071 629/698/1071
f 692/781/1072 693/782/1072 694/783/1072
f 694/783/1073 693/782/1073 695/784/1073
f 693/782/1074 627/695/1074 695/784/1074
f 693/782/1075 629/698/1075 627/695/1075
f 694/783/1076 695/784/1076 696/785/1076
f 696/785/1077 695/784/1077 697/786/1077
f 695/784/1078 625/692/1078 697/786/1078
f 695/784/1079 627/695/1079 625/692/1079
f 696/785/1080 697/786/1080 698/787/1080
f 698/787/1081 697/786/1081 699/788/1081
f 697/786/1082 623/689/1082 699/788/1082
f 697/786/1083 625/692/1083 623/689/1083
f 698/787/1084 699/788/1084 700/789/1084
f 700/789/1085 699/788/1085 701/790/1085
f 699/788/1086 621/686/1086 701/790/1086
f 699/788/1087 623/689/1087 621/686/1087
f 700/789/1088 701/790/1088 702/791/1088
f 702/791/1089 701/790/1089 703/792/1089
f 701/790/1090 619/683/1090 703/792/1090
f 701/790/1091 621/686/1091 619/683/1091
f 702/791/1092 703/792/1092 704/793/1092
f 704/793/1093 703/792/1093 705/794/1093
f 703/792/1094 617/680/1094 705/794/1094
f 703/792/1095 619/683/1095 617/680/1095
f 704/793/1096 705/794/1096 706/795/1096
f 706/795/1097 705/794/1097 707/796/1097
f 705/794/1098 615/675/1098 707/796/1098
f 705/794/1099 617/680/1099 615/675/1099
f 706/795/1100 707/796/1100 708/797/1100
f 708/797/1101 707/796/1101 709/798/1101
f 707/796/1102 613/678/1102 709/798/1102
f 707/796/1103 615/675/1103 613/678/1103
f 708/797/1104 709/798/1104 710/799/1104
f 710/799/1105 709/798/1105 608/663/1105
f 709/798/1106 610/668/1106 608/663/1106
f 709/798/1106 613/678/1106 610/668/1106
f 711/800/1107 708/797/1107 710/799/1107
f 711/800/1108 710/799/1108 712/801/1108
f 712/801/1109 710/799/1109 607/662/1109
f 710/799/1110 608/663/1110 607/662/1110
f 712/801/1111 714/802/1111 713/803/1111
f 712/801/1112 713/803/1112 711/800/1112
f 715/804/1113 714/802/1113 712/801/1113
f 712/801/1114 717/805/1114 715/804/1114
f 716/806/1115 717/805/1115 712/801/1115
f 712/801/1116 607/662/1116 716/806/1116
f 718/807/1117 715/804/1117 717/805/1117
f 718/807/1118 717/805/1118 719/808/1118
f 719/808/1118 717/805/1118 720/809/1118
f 716/806/1119 720/809/1119 717/805/1119
f 719/808/1120 720/809/1120 721/810/1120
f 721/810/1121 720/809/1121 722/811/1121
f 723/812/1122 722/811/1122 720/809/1122
f 723/812/1123 720/809/1123 716/806/1123
f 724/813/1124 722/814/1124 723/815/1124
f 723/815/1125 603/656/1125 724/813/1125
f 716/806/1126 605/665/1126 723/812/1126
f 723/815/1127 605/659/1127 603/656/1127
f 726/816/1128 725/817/1128 724/813/1128
f 724/813/1129 725/817/1129 728/818/1129
f 724/813/1130 601/654/1130 726/816/1130
f 724/813/1131 727/819/1131 722/814/1131
f 724/813/1132 603/656/1132 601/654/1132
f 728/818/1133 727/819/1133 724/813/1133
f 729/820/1134 727/819/1134 728/818/1134
f 729/820/1135 728/818/1135 730/821/1135
f 730/821/1135 728/818/1135 725/817/1135
f 730/821/1136 725/817/1136 731/822/1136
f 733/823/1137 730/821/1137 731/822/1137
f 729/820/1138 730/821/1138 732/824/1138
f 732/824/1139 730/821/1139 733/823/1139
f 732/824/1140 733/823/1140 734/825/1140
f 734/825/1141 733/823/1141 735/826/1141
f 733/823/1142 736/827/1142 735/826/1142
f 733/823/1143 738/828/1143 736/827/1143
f 733/823/1144 731/822/1144 737/829/1144
f 737/829/1145 738/828/1145 733/823/1145
f 737/829/1146 739/830/1146 738/828/1146
f 738/828/1147 739/830/1147 740/831/1147
f 738/828/1148 740/831/1148 741/832/1148
f 738/828/1149 741/832/1149 736/827/1149
f 741/832/1150 740/831/1150 742/833/1150
f 741/832/1151 742/833/1151 743/834/1151
f 741/832/1152 743/834/1152 744/835/1152
f 736/827/1153 741/832/1153 744/835/1153
f 744/835/1154 748/836/1154 745/837/1154
f 744/835/1155 745/837/1155 746/838/1155
f 747/839/1156 744/835/1156 746/838/1156
f 736/827/1157 744/835/1157 747/839/1157
f 743/834/1158 748/836/1158 744/835/1158
f 743/834/1159 749/840/1159 748/836/1159
f 748/836/1159 749/840/1159 750/841/1159
f 748/836/1160 750/841/1160 751/842/1160
f 748/836/1161 751/842/1161 745/837/1161
f 751/842/1160 750/841/1160 752/843/1160
f 751/842/1162 752/843/1162 753/844/1162
f 754/845/1163 751/842/1163 753/844/1163
f 745/837/1164 751/842/1164 754/845/1164
f 754/845/1165 759/846/1165 755/847/1165
f 754/845/1166 755/847/1166 757/848/1166
f 754/845/1167 753/844/1167 758/849/1167
f 745/837/1168 754/845/1168 756/850/1168
f 756/850/1168 754/845/1168 757/848/1168
f 758/849/1165 759/846/1165 754/845/1165
f 758/849/1169 760/851/1169 759/846/1169
f 759/846/1169 760/851/1169 761/852/1169
f 759/846/1170 761/852/1170 762/853/1170
f 762/853/1171 755/847/1171 759/846/1171
f 762/853/1170 761/852/1170 763/854/1170
f 762/853/1172 763/854/1172 764/855/1172
f 764/855/1173 765/856/1173 762/853/1173
f 762/853/1174 765/856/1174 755/847/1174
f 768/857/1175 755/847/1175 765/856/1175
f 766/858/1176 765/856/1176 764/855/1176
f 767/859/1177 765/856/1177 766/858/1177
f 767/859/1178 768/857/1178 765/856/1178
f 769/860/1179 770/861/1179 768/857/1179
f 769/860/1180 768/857/1180 767/859/1180
f 757/848/1181 755/847/1181 768/857/1181
f 757/848/1182 768/857/1182 770/861/1182
f 771/862/1183 757/848/1183 770/861/1183
f 771/862/1184 770/861/1184 772/863/1184
f 773/864/1185 772/863/1185 770/861/1185
f 773/864/1186 770/861/1186 769/860/1186
f 775/865/1187 774/866/1187 773/864/1187
f 774/866/1188 772/863/1188 773/864/1188
f 776/867/1189 775/865/1189 773/864/1189
f 776/867/1186 773/864/1186 769/860/1186
f 777/868/1190 775/865/1190 776/867/1190
f 778/869/1191 777/868/1191 776/867/1191
f 779/870/1192 776/867/1192 769/860/1192
f 778/869/1193 776/867/1193 779/870/1193
f 780/871/1194 778/869/1194 779/870/1194
f 779/870/1195 769/860/1195 767/859/1195
f 781/872/1196 779/870/1196 767/859/1196
f 780/871/1197 779/870/1197 781/872/1197
f 782/873/1198 780/871/1198 781/872/1198
f 781/872/1199 767/859/1199 766/858/1199
f 783/874/1200 781/872/1200 766/858/1200
f 782/873/1201 781/872/1201 783/874/1201
f 785/875/1202 784/876/1202 783/874/1202
f 783/874/1203 784/876/1203 786/877/1203
f 783/874/1204 786/877/1204 782/873/1204
f 783/874/1205 766/858/1205 785/875/1205
f 784/876/1206 787/878/1206 786/877/1206
f 788/879/1207 786/877/1207 787/878/1207
f 789/880/1208 786/877/1208 788/879/1208
f 789/880/1209 790/881/1209 786/877/1209
f 782/873/1210 786/877/1210 790/881/1210
f 793/882/1211 791/883/1211 790/881/1211
f 792/884/1212 790/881/1212 791/883/1212
f 782/873/1213 790/881/1213 792/884/1213
f 793/882/1214 790/881/1214 789/880/1214
f 789/880/1215 794/885/1215 793/882/1215
f 793/882/1216 794/885/1216 795/886/1216
f 793/882/1217 795/886/1217 796/887/1217
f 796/887/1218 791/883/1218 793/882/1218
f 796/887/1219 795/886/1219 797/888/1219
f 796/887/1220 797/888/1220 798/889/1220
f 798/889/1221 799/890/1221 796/887/1221
f 796/887/1222 799/890/1222 791/883/1222
f 798/889/1223 800/891/1223 799/890/1223
f 802/892/1224 799/890/1224 800/891/1224
f 801/893/1225 791/883/1225 799/890/1225
f 801/893/1226 799/890/1226 802/892/1226
f 802/469/1227 800/472/1227 803/320/1227
f 803/320/1228 804/322/1228 802/469/1228
f 802/469/1229 804/322/1229 805/466/1229
f 802/892/1230 805/894/1230 801/893/1230
f 804/322/1231 806/324/1231 805/466/1231
f 805/466/1232 806/324/1232 807/463/1232
f 805/894/1233 807/895/1233 808/896/1233
f 801/893/1234 805/894/1234 808/896/1234
f 808/896/1233 807/895/1233 778/869/1233
f 808/896/1235 778/869/1235 780/871/1235
f 792/884/1236 808/896/1236 780/871/1236
f 801/893/1237 808/896/1237 792/884/1237
f 806/324/1238 809/326/1238 807/463/1238
f 807/463/1239 809/326/1239 777/460/1239
f 807/895/1240 777/868/1240 778/869/1240
f 810/327/1241 811/329/1241 809/326/1241
f 806/324/1242 810/327/1242 809/326/1242
f 809/326/1243 812/328/1243 777/460/1243
f 809/326/1241 811/329/1241 812/328/1241
f 812/328/1244 814/331/1244 813/330/1244
f 812/328/1245 813/330/1245 775/457/1245
f 811/329/1246 814/331/1246 812/328/1246
f 777/460/1243 812/328/1243 775/457/1243
f 817/170/1247 815/169/1247 814/331/1247
f 814/331/1248 815/169/1248 816/333/1248
f 814/331/1249 816/333/1249 813/330/1249
f 811/329/1250 817/170/1250 814/331/1250
f 819/168/1251 818/167/1251 817/170/1251
f 817/170/1252 818/167/1252 815/169/1252
f 820/173/1253 819/168/1253 817/170/1253
f 820/173/1254 817/170/1254 811/329/1254
f 821/171/1253 819/168/1253 820/173/1253
f 822/174/1255 821/171/1255 820/173/1255
f 810/327/1256 820/173/1256 811/329/1256
f 822/174/1257 820/173/1257 810/327/1257
f 823/172/1258 821/171/1258 822/174/1258
f 824/176/1259 823/172/1259 822/174/1259
f 825/325/1260 822/174/1260 810/327/1260
f 824/176/1261 822/174/1261 825/325/1261
f 826/323/1262 824/176/1262 825/325/1262
f 825/325/1242 810/327/1242 806/324/1242
f 804/322/1263 825/325/1263 806/324/1263
f 826/323/1264 825/325/1264 804/322/1264
f 827/178/1265 824/176/1265 826/323/1265
f 828/321/1266 827/178/1266 826/323/1266
f 803/320/1267 826/323/1267 804/322/1267
f 828/321/1268 826/323/1268 803/320/1268
f 829/181/1269 827/178/1269 828/321/1269
f 803/320/1270 831/318/1270 828/321/1270
f 828/321/1271 830/319/1271 829/181/1271
f 828/321/1272 831/318/1272 830/319/1272
f 832/316/1273 830/319/1273 831/318/1273
f 832/316/1274 831/318/1274 833/475/1274
f 833/475/1274 831/318/1274 800/472/1274
f 803/320/1275 800/472/1275 831/318/1275
f 833/897/1276 835/898/1276 834/899/1276
f 833/475/1277 834/478/1277 832/316/1277
f 798/889/1278 835/898/1278 833/897/1278
f 833/897/1279 800/891/1279 798/889/1279
f 837/900/1280 834/899/1280 835/898/1280
f 836/901/1281 835/898/1281 797/888/1281
f 798/889/1282 797/888/1282 835/898/1282
f 837/900/1281 835/898/1281 836/901/1281
f 836/901/1283 838/902/1283 837/900/1283
f 837/900/1284 838/902/1284 840/903/1284
f 837/900/1285 840/903/1285 839/904/1285
f 839/904/1286 834/899/1286 837/900/1286
f 842/488/1287 841/484/1287 840/486/1287
f 839/904/1288 840/903/1288 841/905/1288
f 842/906/1289 840/903/1289 843/907/1289
f 843/907/1290 840/903/1290 838/902/1290
f 843/907/1291 838/902/1291 844/908/1291
f 846/909/1292 843/907/1292 844/908/1292
f 845/910/1293 842/906/1293 843/907/1293
f 845/910/1294 843/907/1294 846/909/1294
f 847/911/1295 848/912/1295 846/913/1295
f 846/909/1296 844/908/1296 847/914/1296
f 846/913/1295 848/912/1295 849/915/1295
f 846/913/1297 849/915/1297 845/916/1297
f 851/917/1298 850/918/1298 849/915/1298
f 845/916/1299 849/915/1299 850/918/1299
f 851/917/1300 849/915/1300 852/919/1300
f 852/919/1301 849/915/1301 848/912/1301
f 855/920/1302 852/919/1302 853/921/1302
f 853/921/1302 852/919/1302 857/922/1302
f 855/920/1303 851/917/1303 852/919/1303
f 848/912/1304 854/923/1304 852/919/1304
f 852/919/1305 854/923/1305 856/924/1305
f 852/919/1306 856/924/1306 857/922/1306
f 856/924/1307 858/925/1307 857/922/1307
f 857/922/1307 858/925/1307 859/926/1307
f 857/922/1308 859/926/1308 853/921/1308
f 862/927/1309 859/926/1309 858/925/1309
f 853/921/1308 859/926/1308 860/928/1308
f 861/929/1310 860/928/1310 859/926/1310
f 861/929/1311 859/926/1311 862/927/1311
f 862/927/1312 563/609/1312 861/929/1312
f 862/927/1313 858/925/1313 863/930/1313
f 863/930/1314 565/611/1314 862/927/1314
f 862/927/1315 565/611/1315 563/609/1315
f 863/930/1316 865/931/1316 864/932/1316
f 864/932/1317 567/613/1317 863/930/1317
f 863/930/1318 567/613/1318 565/611/1318
f 863/930/1319 858/925/1319 865/931/1319
f 854/923/1320 866/933/1320 865/931/1320
f 864/932/1321 865/931/1321 866/933/1321
f 854/923/1322 865/931/1322 856/924/1322
f 856/924/1322 865/931/1322 858/925/1322
f 867/934/1323 868/935/1323 866/936/1323
f 867/937/1320 866/933/1320 854/923/1320
f 866/936/1324 868/935/1324 864/938/1324
f 870/939/1325 869/940/1325 868/935/1325
f 864/938/1326 868/935/1326 869/940/1326
f 870/939/1323 868/935/1323 867/934/1323
f 871/941/1325 869/940/1325 870/939/1325
f 870/939/1327 872/942/1327 871/941/1327
f 870/939/1328 867/934/1328 847/914/1328
f 847/914/1329 872/942/1329 870/939/1329
f 874/943/1330 873/944/1330 872/942/1330
f 872/942/1331 873/944/1331 875/945/1331
f 872/942/1332 876/946/1332 874/943/1332
f 844/908/1333 876/946/1333 872/942/1333
f 847/914/1334 844/908/1334 872/942/1334
f 872/942/1335 875/945/1335 871/941/1335
f 844/908/1336 838/902/1336 876/946/1336
f 836/901/1337 876/946/1337 838/902/1337
f 877/947/1338 874/943/1338 876/946/1338
f 877/947/1339 876/946/1339 836/901/1339
f 878/948/1340 874/943/1340 877/947/1340
f 877/947/1341 795/886/1341 878/948/1341
f 836/901/1342 797/888/1342 877/947/1342
f 877/947/1342 797/888/1342 795/886/1342
f 878/948/1343 795/886/1343 794/885/1343
f 878/948/1344 794/885/1344 879/949/1344
f 878/948/1345 880/950/1345 874/943/1345
f 879/949/1346 880/950/1346 878/948/1346
f 879/949/1347 881/951/1347 880/950/1347
f 880/950/1347 881/951/1347 882/952/1347
f 880/950/1348 882/952/1348 873/944/1348
f 880/950/1349 873/944/1349 874/943/1349
f 882/952/1350 881/951/1350 884/953/1350
f 873/944/1351 882/952/1351 883/954/1351
f 884/953/1352 883/954/1352 882/952/1352
f 886/955/1353 883/954/1353 884/953/1353
f 884/953/1354 881/951/1354 885/956/1354
f 884/953/1355 885/956/1355 887/957/1355
f 884/953/1356 573/625/1356 886/955/1356
f 887/957/1357 575/628/1357 884/953/1357
f 884/953/1358 575/628/1358 573/625/1358
f 887/957/1359 885/956/1359 888/958/1359
f 887/957/1360 888/958/1360 889/959/1360
f 889/959/1361 577/630/1361 887/957/1361
f 887/957/1362 577/630/1362 575/628/1362
f 889/959/1363 891/960/1363 890/961/1363
f 890/961/1364 579/632/1364 889/959/1364
f 889/959/1365 579/632/1365 577/630/1365
f 888/958/1366 892/962/1366 889/959/1366
f 889/959/1367 892/962/1367 891/960/1367
f 893/963/1368 891/960/1368 892/962/1368
f 893/963/1369 892/962/1369 894/964/1369
f 894/964/1369 892/962/1369 888/958/1369
f 894/964/1370 888/958/1370 895/965/1370
f 894/964/1371 895/965/1371 794/885/1371
f 789/880/1372 894/964/1372 794/885/1372
f 893/963/1373 894/964/1373 789/880/1373
f 895/965/1370 888/958/1370 885/956/1370
f 895/965/1374 885/956/1374 879/949/1374
f 879/949/1375 794/885/1375 895/965/1375
f 788/879/1368 891/960/1368 893/963/1368
f 788/879/1376 893/963/1376 789/880/1376
f 788/879/1377 896/966/1377 891/960/1377
f 890/961/1378 891/960/1378 896/966/1378
f 787/878/1379 897/967/1379 896/966/1379
f 898/968/1380 896/966/1380 897/967/1380
f 787/878/1377 896/966/1377 788/879/1377
f 890/961/1381 896/966/1381 898/968/1381
f 898/968/1382 581/634/1382 890/961/1382
f 897/967/1383 901/969/1383 898/968/1383
f 898/968/1384 900/970/1384 899/971/1384
f 899/971/1385 583/636/1385 898/968/1385
f 898/968/1386 583/636/1386 581/634/1386
f 898/968/1387 901/969/1387 900/970/1387
f 785/875/1388 900/970/1388 901/969/1388
f 785/875/1389 901/969/1389 784/876/1389
f 784/876/1390 901/969/1390 897/967/1390
f 903/972/1391 902/973/1391 900/970/1391
f 899/971/1392 900/970/1392 902/973/1392
f 903/972/1388 900/970/1388 785/875/1388
f 904/974/1393 902/973/1393 903/972/1393
f 904/974/1394 903/972/1394 766/858/1394
f 785/875/1395 766/858/1395 903/972/1395
f 764/855/1396 905/975/1396 904/974/1396
f 766/858/1397 764/855/1397 904/974/1397
f 904/974/1396 905/975/1396 902/973/1396
f 764/855/1398 763/854/1398 905/975/1398
f 906/976/1399 902/973/1399 905/975/1399
f 906/976/1400 905/975/1400 907/977/1400
f 907/977/1401 905/975/1401 763/854/1401
f 907/977/1402 761/852/1402 760/851/1402
f 907/977/1402 760/851/1402 908/978/1402
f 907/977/1403 763/854/1403 761/852/1403
f 908/978/1404 589/642/1404 907/977/1404
f 907/977/1405 587/640/1405 906/976/1405
f 907/977/1406 589/642/1406 587/640/1406
f 910/979/1407 591/644/1407 908/978/1407
f 908/978/1408 591/644/1408 589/642/1408
f 908/978/1409 760/851/1409 909/980/1409
f 908/978/1410 909/980/1410 910/979/1410
f 910/979/1411 909/980/1411 752/843/1411
f 750/841/1412 911/981/1412 910/979/1412
f 910/979/1413 752/843/1413 750/841/1413
f 911/981/1414 593/646/1414 910/979/1414
f 910/979/1407 593/646/1407 591/644/1407
f 911/981/1415 749/840/1415 742/833/1415
f 911/981/1416 742/833/1416 912/982/1416
f 750/841/1417 749/840/1417 911/981/1417
f 912/982/1418 595/648/1418 911/981/1418
f 911/981/1419 595/648/1419 593/646/1419
f 742/833/1420 740/831/1420 912/982/1420
f 912/982/1421 739/830/1421 913/983/1421
f 913/983/1422 597/650/1422 912/982/1422
f 912/982/1423 597/650/1423 595/648/1423
f 912/982/1424 740/831/1424 739/830/1424
f 913/983/1425 914/984/1425 726/816/1425
f 726/816/1426 599/652/1426 913/983/1426
f 913/983/1427 599/652/1427 597/650/1427
f 913/983/1428 739/830/1428 914/984/1428
f 731/822/1136 725/817/1136 914/984/1136
f 726/816/1429 914/984/1429 725/817/1429
f 731/822/1430 914/984/1430 737/829/1430
f 737/829/1431 914/984/1431 739/830/1431
f 753/844/1162 752/843/1162 909/980/1162
f 753/844/1432 909/980/1432 758/849/1432
f 758/849/1433 909/980/1433 760/851/1433
f 899/971/1434 902/973/1434 906/976/1434
f 906/976/1435 585/638/1435 899/971/1435
f 906/976/1436 587/640/1436 585/638/1436
f 899/971/1437 585/638/1437 583/636/1437
f 784/876/1438 897/967/1438 787/878/1438
f 890/961/1439 581/634/1439 579/632/1439
f 886/955/1440 915/985/1440 883/954/1440
f 916/986/1441 915/985/1441 886/955/1441
f 886/955/1442 571/619/1442 916/986/1442
f 886/955/1442 573/625/1442 571/619/1442
f 864/938/1443 869/940/1443 916/986/1443
f 916/986/1444 569/622/1444 864/938/1444
f 916/986/1445 869/940/1445 915/985/1445
f 916/986/1446 571/619/1446 569/622/1446
f 875/945/1447 883/954/1447 915/985/1447
f 875/945/1448 915/985/1448 871/941/1448
f 871/941/1448 915/985/1448 869/940/1448
f 879/949/1374 885/956/1374 881/951/1374
f 873/944/1447 883/954/1447 875/945/1447
f 867/937/1449 854/923/1449 848/912/1449
f 847/911/1450 867/937/1450 848/912/1450
f 864/932/1451 569/616/1451 567/613/1451
f 861/929/1452 563/609/1452 561/607/1452
f 861/929/1453 561/607/1453 917/987/1453
f 917/987/1454 860/928/1454 861/929/1454
f 917/987/1455 918/988/1455 860/928/1455
f 919/989/1456 918/988/1456 917/987/1456
f 917/987/1457 921/990/1457 919/989/1457
f 920/991/1458 921/990/1458 917/987/1458
f 917/987/1459 559/605/1459 920/991/1459
f 917/987/1460 561/607/1460 559/605/1460
f 922/992/1461 919/989/1461 921/990/1461
f 922/992/1462 921/990/1462 923/993/1462
f 923/993/1462 921/990/1462 924/994/1462
f 920/991/1463 924/994/1463 921/990/1463
f 923/993/1464 924/994/1464 925/995/1464
f 925/995/1464 924/994/1464 926/996/1464
f 927/997/1465 926/996/1465 924/994/1465
f 927/997/1466 924/994/1466 920/991/1466
f 928/998/1467 926/996/1467 927/997/1467
f 927/997/1468 555/601/1468 928/998/1468
f 920/991/1469 557/603/1469 927/997/1469
f 927/997/1470 557/603/1470 555/601/1470
f 930/999/1471 929/1000/1471 928/998/1471
f 928/998/1472 929/1000/1472 932/1001/1472
f 928/998/1473 553/599/1473 930/999/1473
f 928/998/1474 931/1002/1474 926/996/1474
f 928/998/1475 555/601/1475 553/599/1475
f 932/1001/1476 931/1002/1476 928/998/1476
f 933/1003/1477 931/1002/1477 932/1001/1477
f 933/1003/1478 932/1001/1478 934/1004/1478
f 934/1004/1478 932/1001/1478 929/1000/1478
f 934/1004/1479 929/1000/1479 935/1005/1479
f 937/1006/1480 934/1004/1480 935/1005/1480
f 933/1003/1481 934/1004/1481 936/1007/1481
f 936/1007/1482 934/1004/1482 937/1006/1482
f 942/1008/1483 938/1009/1483 937/1006/1483
f 937/1006/1484 938/1009/1484 936/1007/1484
f 939/1010/1485 942/1008/1485 937/1006/1485
f 939/1010/1486 937/1006/1486 941/1011/1486
f 937/1006/1487 935/1005/1487 940/1012/1487
f 941/1011/1488 937/1006/1488 940/1012/1488
f 943/1013/1489 944/1014/1489 942/1008/1489
f 945/1015/1490 943/1013/1490 942/1008/1490
f 942/1008/1489 944/1014/1489 938/1009/1489
f 945/1015/1491 942/1008/1491 939/1010/1491
f 939/1010/1492 946/1016/1492 945/1015/1492
f 945/1015/1493 946/1016/1493 947/1017/1493
f 948/1018/1494 943/1013/1494 945/1015/1494
f 945/1015/1495 947/1017/1495 948/1018/1495
f 948/1018/1496 951/1019/1496 949/1020/1496
f 949/1020/1497 950/1021/1497 948/1018/1497
f 948/1018/1498 950/1021/1498 943/1013/1498
f 948/1018/1499 947/1017/1499 951/1019/1499
f 951/1019/1500 953/1022/1500 952/1023/1500
f 951/1019/1501 952/1023/1501 954/1024/1501
f 947/1017/1502 953/1022/1502 951/1019/1502
f 949/1020/1503 951/1019/1503 954/1024/1503
f 954/1024/1504 957/1025/1504 955/1026/1504
f 956/1027/1505 954/1024/1505 955/1026/1505
f 949/1020/1506 954/1024/1506 956/1027/1506
f 954/1024/1507 952/1023/1507 957/1025/1507
f 959/1028/1508 958/1029/1508 957/1025/1508
f 955/1026/1509 957/1025/1509 958/1029/1509
f 959/1028/1510 957/1025/1510 960/1030/1510
f 960/1030/1511 957/1025/1511 952/1023/1511
f 962/1031/1512 959/1028/1512 960/1030/1512
f 960/1030/1513 952/1023/1513 961/1032/1513
f 963/1033/1514 960/1030/1514 961/1032/1514
f 962/1031/1515 960/1030/1515 963/1033/1515
f 964/1034/1516 966/1035/1516 963/1033/1516
f 963/1033/1517 961/1032/1517 964/1034/1517
f 963/1033/1518 966/1035/1518 965/1036/1518
f 963/1033/1519 965/1036/1519 962/1031/1519
f 968/1037/1520 967/1038/1520 966/1035/1520
f 966/1035/1521 967/1038/1521 969/1039/1521
f 964/1034/1522 968/1037/1522 966/1035/1522
f 969/1039/1523 965/1036/1523 966/1035/1523
f 969/1039/1524 967/1038/1524 970/1040/1524
f 969/1039/1525 970/1040/1525 971/1041/1525
f 973/1042/1526 969/1039/1526 971/1041/1526
f 972/1043/1527 965/1036/1527 969/1039/1527
f 974/1044/1528 972/1043/1528 969/1039/1528
f 974/1044/1529 969/1039/1529 973/1042/1529
f 973/1042/1530 975/1045/1530 974/1044/1530
f 974/1044/1531 975/1045/1531 976/1046/1531
f 974/1044/1532 976/1046/1532 977/1047/1532
f 977/1047/1533 972/1043/1533 974/1044/1533
f 977/1047/1534 976/1046/1534 978/1048/1534
f 977/1047/1535 978/1048/1535 980/1049/1535
f 980/1049/1536 979/1050/1536 977/1047/1536
f 977/1047/1537 979/1050/1537 972/1043/1537
f 983/1051/1538 981/1052/1538 980/1049/1538
f 980/1049/1539 981/1052/1539 979/1050/1539
f 980/1049/1540 978/1048/1540 982/1053/1540
f 980/1049/1541 982/1053/1541 983/1051/1541
f 983/1051/1542 982/1053/1542 984/1054/1542
f 983/540/1543 984/542/1543 985/539/1543
f 983/540/1544 986/536/1544 981/538/1544
f 985/539/1545 986/536/1545 983/540/1545
f 987/274/1546 988/276/1546 986/536/1546
f 985/539/1547 987/274/1547 986/536/1547
f 986/536/1548 988/276/1548 989/533/1548
f 986/1055/1549 989/1056/1549 981/1052/1549
f 981/1052/1550 989/1056/1550 990/1057/1550
f 991/1058/1551 990/1057/1551 989/1056/1551
f 991/530/1552 989/533/1552 992/278/1552
f 992/278/1553 989/533/1553 988/276/1553
f 992/278/1554 995/280/1554 991/530/1554
f 992/278/1555 988/276/1555 993/279/1555
f 993/279/1556 994/281/1556 992/278/1556
f 992/278/1557 994/281/1557 995/280/1557
f 994/281/1558 996/283/1558 995/280/1558
f 995/280/1559 996/283/1559 997/282/1559
f 995/280/1560 997/282/1560 998/527/1560
f 991/530/1561 995/280/1561 998/527/1561
f 998/527/1562 997/282/1562 958/524/1562
f 998/1059/1563 958/1029/1563 959/1028/1563
f 999/1060/1564 998/1059/1564 959/1028/1564
f 991/1058/1565 998/1059/1565 999/1060/1565
f 999/1060/1566 990/1057/1566 991/1058/1566
f 999/1060/1567 1000/1061/1567 990/1057/1567
f 999/1060/1568 959/1028/1568 962/1031/1568
f 962/1031/1569 1000/1061/1569 999/1060/1569
f 979/1050/1570 990/1057/1570 1000/1061/1570
f 979/1050/1571 1000/1061/1571 972/1043/1571
f 972/1043/1572 1000/1061/1572 965/1036/1572
f 962/1031/1573 965/1036/1573 1000/1061/1573
f 1002/285/1574 997/282/1574 996/283/1574
f 1001/284/1575 958/524/1575 997/282/1575
f 1001/284/1576 997/282/1576 1002/285/1576
f 1004/287/1577 1001/284/1577 1002/285/1577
f 1002/285/1578 996/283/1578 1003/216/1578
f 1005/215/1579 1002/285/1579 1003/216/1579
f 1004/287/1580 1002/285/1580 1005/215/1580
f 1008/212/1581 1006/210/1581 1005/215/1581
f 1005/215/1582 1006/210/1582 1007/213/1582
f 1005/215/1583 1007/213/1583 1004/287/1583
f 1005/215/1584 1003/216/1584 1008/212/1584
f 1008/212/1585 1010/214/1585 1009/120/1585
f 1009/120/1586 1011/118/1586 1008/212/1586
f 1008/212/1586 1011/118/1586 1006/210/1586
f 1008/212/1587 1003/216/1587 1010/214/1587
f 1013/1062/1588 1011/118/1588 1009/120/1588
f 1013/1062/1588 1012/116/1588 1011/118/1588
f 1011/118/1589 1012/116/1589 1006/210/1589
f 1013/1062/1588 1009/120/1588 1014/1063/1588
f 1014/1064/1590 1016/1065/1590 1013/1066/1590
f 1015/1067/1588 1012/116/1588 1013/1062/1588
f 1013/1066/1591 1017/1068/1591 1015/1069/1591
f 1013/1066/1591 1016/1065/1591 1017/1068/1591
f 1020/1070/1592 1017/1067/1592 1018/1071/1592
f 1018/1071/1588 1017/1067/1588 1016/1062/1588
f 1015/1069/1593 1017/1068/1593 1019/1072/1593
f 1020/1070/1588 1019/1073/1588 1017/1067/1588
f 1021/1074/1588 1019/1073/1588 1020/1070/1588
f 1020/1075/1594 1023/1076/1594 1021/1077/1594
f 1018/1078/1595 1022/1079/1595 1020/1075/1595
f 1020/1075/1596 1022/1079/1596 1023/1076/1596
f 1026/1080/1588 1023/1070/1588 1022/1071/1588
f 1021/1077/1594 1023/1076/1594 1024/1081/1594
f 1025/1082/1592 1024/1074/1592 1023/1070/1592
f 1025/1082/1597 1023/1070/1597 1026/1080/1597
f 1026/1083/1598 1029/1084/1598 1025/1085/1598
f 1026/1080/1588 1022/1071/1588 1027/1086/1588
f 1027/1087/1599 1028/1088/1599 1026/1083/1599
f 1026/1083/1598 1028/1088/1598 1029/1084/1598
f 1025/1085/1600 1029/1084/1600 1030/1089/1600
f 1031/97/1588 1029/1082/1588 1028/1080/1588
f 1031/97/1597 1030/1090/1597 1029/1082/1597
f 1031/97/1588 1037/1091/1588 1032/1092/1588
f 1031/97/1588 1032/1092/1588 1062/1093/1588
f 1033/1094/1592 1063/1095/1592 1031/97/1592
f 1031/97/1597 1038/1096/1597 1033/1094/1597
f 1039/1097/1588 1034/1098/1588 1031/97/1588
f 1031/97/1588 1034/1098/1588 1064/1099/1588
f 1031/97/1597 1040/1086/1597 1035/1100/1597
f 1031/97/1588 1035/1100/1588 1065/1101/1588
f 1036/1102/1597 1066/1103/1597 1031/97/1597
f 1031/97/1588 1041/1104/1588 1036/1102/1588
f 1042/1105/1588 1037/1091/1588 1031/97/1588
f 1031/97/1588 1043/1106/1588 1038/1096/1588
f 1031/97/1588 1044/1107/1588 1039/1097/1588
f 1028/1080/1592 1040/1086/1592 1031/97/1592
f 1031/97/1588 1045/1108/1588 1041/1104/1588
f 1031/97/1588 1046/1109/1588 1042/1105/1588
f 1047/1110/1588 1043/1106/1588 1031/97/1588
f 1031/97/1588 1048/1111/1588 1044/1107/1588
f 1052/1112/1588 1045/1108/1588 1031/97/1588
f 1031/97/1588 1049/1113/1588 1046/1109/1588
f 1031/97/1588 1050/1114/1588 1047/1110/1588
f 1051/1115/1588 1048/1111/1588 1031/97/1588
f 1053/1116/1588 1049/1113/1588 1031/97/1588
f 1031/97/1588 1054/1117/1588 1050/1114/1588
f 1031/97/1588 1055/1118/1588 1051/1115/1588
f 1056/1119/1588 1030/1090/1588 1031/97/1588
f 1057/1120/1588 1052/1112/1588 1031/97/1588
f 1031/97/1588 1058/1121/1588 1053/1116/1588
f 1059/1122/1588 1054/1117/1588 1031/97/1588
f 1031/97/1588 1060/1123/1588 1055/1118/1588
f 1031/97/1592 1061/1124/1592 1056/1119/1592
f 1057/1120/1588 1031/97/1588 1062/1093/1588
f 1031/97/1597 1063/1095/1597 1058/1121/1597
f 1031/97/1588 1064/1099/1588 1059/1122/1588
f 1065/1101/1588 1060/1123/1588 1031/97/1588
f 1031/97/1588 1066/1103/1588 1061/1124/1588
f 1068/1125/1601 1066/1126/1601 1067/1127/1601
f 1067/1128/1602 1066/1129/1602 1036/1130/1602
f 1068/1125/1601 1061/1131/1601 1066/1126/1601
f 1067/1103/1592 1071/1132/1592 1068/1124/1592
f 1068/1124/1588 1070/1133/1588 1069/1119/1588
f 1069/1134/1603 1061/1131/1603 1068/1125/1603
f 1068/1124/1588 1071/1132/1588 1070/1133/1588
f 1073/1135/1604 1071/1136/1604 1072/1137/1604
f 1072/1137/1604 1071/1136/1604 1074/1138/1604
f 1073/1139/1605 1070/1140/1605 1071/1141/1605
f 1067/1103/1588 1074/1142/1588 1071/1132/1588
f 1077/1143/1606 1074/1138/1606 1075/1144/1606
f 1076/1102/1588 1075/1145/1588 1074/1142/1588
f 1076/1102/1588 1074/1142/1588 1067/1103/1588
f 1072/1137/1607 1074/1138/1607 1077/1143/1607
f 1078/1146/1588 1079/1147/1588 1077/1145/1588
f 1077/1143/1608 1075/1144/1608 1078/1148/1608
f 1077/1145/1588 1079/1147/1588 1080/1149/1588
f 1077/1145/1588 1080/1149/1588 1072/1142/1588
f 1081/1150/1609 1082/1151/1609 1080/1152/1609
f 1081/1150/1610 1080/1152/1610 1083/1153/1610
f 1083/1153/1611 1080/1152/1611 1079/1154/1611
f 1072/1142/1588 1080/1149/1588 1082/1155/1588
f 1083/1149/1588 1084/106/1588 1081/1155/1588
f 1083/1149/1588 1087/104/1588 1084/106/1588
f 1085/1147/1588 1086/105/1588 1083/1149/1588
f 1083/1153/1611 1079/1154/1611 1085/1156/1611
f 1083/1149/1588 1086/105/1588 1087/104/1588
f 1086/105/1612 1089/185/1612 1087/104/1612
f 1084/106/1613 1087/104/1613 1088/187/1613
f 1088/187/1614 1087/104/1614 1089/185/1614
f 1092/182/1615 1089/185/1615 1086/105/1615
f 1088/187/1616 1089/185/1616 1090/188/1616
f 1090/188/1616 1089/185/1616 1091/186/1616
f 1092/182/1617 1091/186/1617 1089/185/1617
f 1086/105/1618 1093/100/1618 1092/182/1618
f 1092/182/1618 1093/100/1618 1095/180/1618
f 1094/184/1619 1091/186/1619 1092/182/1619
f 1092/182/1620 1095/180/1620 1094/184/1620
f 1098/179/1621 1095/180/1621 1096/98/1621
f 1096/98/1622 1095/180/1622 1093/100/1622
f 1094/184/1620 1095/180/1620 1097/183/1620
f 1098/179/1623 1097/183/1623 1095/180/1623
f 1096/98/1624 1099/99/1624 1098/179/1624
f 829/181/1623 1097/183/1623 1098/179/1623
f 1098/179/1625 1100/177/1625 829/181/1625
f 1098/179/1626 1099/99/1626 1100/177/1626
f 1099/99/1627 1101/101/1627 1100/177/1627
f 1100/177/1628 1101/101/1628 1102/175/1628
f 1100/177/1629 1102/175/1629 827/178/1629
f 829/181/1625 1100/177/1625 827/178/1625
f 1101/101/1630 1103/102/1630 1102/175/1630
f 1102/175/1631 1103/102/1631 823/172/1631
f 1102/175/1632 823/172/1632 824/176/1632
f 827/178/1629 1102/175/1629 824/176/1629
f 1106/1157/1588 1103/102/1588 1104/1158/1588
f 1104/1158/1588 1103/102/1588 1101/101/1588
f 1103/102/1633 1105/103/1633 823/172/1633
f 1106/1157/1588 1105/103/1588 1103/102/1588
f 1107/1159/1588 1105/103/1588 1106/1157/1588
f 1106/1160/1634 1110/1161/1634 1107/1162/1634
f 1104/1163/1635 1108/1164/1635 1106/1160/1635
f 1108/1164/1635 1109/1165/1635 1106/1160/1635
f 1106/1160/1634 1109/1165/1634 1110/1161/1634
f 1112/1166/1588 1111/1167/1588 1110/1159/1588
f 1107/1162/1636 1110/1161/1636 1111/1168/1636
f 1112/1166/1588 1110/1159/1588 1113/1169/1588
f 1113/1169/1588 1110/1159/1588 1109/1157/1588
f 1113/1170/1637 1116/1171/1637 1112/1172/1637
f 1113/1169/1588 1109/1157/1588 1114/1173/1588
f 1114/1174/1638 1115/1175/1638 1113/1170/1638
f 1113/1170/1639 1115/1175/1639 1116/1171/1639
f 1119/1120/1588 1116/1169/1588 1115/1173/1588
f 1112/1172/1640 1116/1171/1640 1117/1176/1640
f 1118/1093/1588 1117/1166/1588 1116/1169/1588
f 1118/1093/1588 1116/1169/1588 1119/1120/1588
f 1119/1177/1641 1057/1178/1641 1118/1179/1641
f 1119/1120/1592 1115/1173/1592 1120/1112/1592
f 1120/1180/1642 1052/1181/1642 1119/1177/1642
f 1052/1181/1642 1057/1178/1642 1119/1177/1642
f 1120/1112/1588 1115/1173/1588 1121/1182/1588
f 1120/1112/1588 1121/1182/1588 1122/1108/1588
f 1122/1183/1643 1052/1181/1643 1120/1180/1643
f 1122/1108/1588 1121/1182/1588 1123/1146/1588
f 1122/1108/1588 1123/1146/1588 1124/1104/1588
f 1124/1184/1644 1045/1185/1644 1122/1183/1644
f 1122/1183/1645 1045/1185/1645 1052/1181/1645
f 1124/1104/1588 1075/1145/1588 1076/1102/1588
f 1076/1186/1609 1041/1187/1609 1124/1184/1609
f 1124/1184/1644 1041/1187/1644 1045/1185/1644
f 1124/1104/1588 1123/1146/1588 1075/1145/1588
f 1078/1148/1608 1075/1144/1608 1123/1188/1608
f 1078/1148/1646 1123/1188/1646 1125/1189/1646
f 1125/1189/1647 1123/1188/1647 1121/1190/1647
f 1114/1173/1588 1108/1158/1588 1125/1182/1588
f 1125/1189/1648 1121/1190/1648 1114/1174/1648
f 1125/1182/1588 1108/1158/1588 1126/1191/1588
f 1125/1182/1588 1126/1191/1588 1078/1146/1588
f 1078/1146/1588 1126/1191/1588 1079/1147/1588
f 1085/1156/1649 1079/1154/1649 1126/1192/1649
f 1085/1156/1649 1126/1192/1649 1127/1183/1649
f 1126/1192/1650 1108/1164/1650 1104/1163/1650
f 1127/1183/1650 1126/1192/1650 1104/1163/1650
f 1127/1191/1588 1096/98/1588 1085/1147/1588
f 1127/1191/1588 1099/99/1588 1096/98/1588
f 1104/1158/1588 1101/101/1588 1127/1191/1588
f 1127/1191/1588 1101/101/1588 1099/99/1588
f 1114/1174/1651 1121/1190/1651 1115/1175/1651
f 1128/1092/1592 1117/1166/1592 1118/1093/1592
f 1118/1179/1652 1032/1193/1652 1128/1194/1652
f 1057/1178/1641 1062/1195/1641 1118/1179/1641
f 1118/1179/1652 1062/1195/1652 1032/1193/1652
f 1129/1091/1588 1130/1196/1588 1128/1092/1588
f 1128/1194/1653 1037/1197/1653 1129/1198/1653
f 1128/1194/1654 1032/1193/1654 1037/1197/1654
f 1128/1092/1588 1130/1196/1588 1117/1166/1588
f 1132/1199/1655 1130/1200/1655 1131/1201/1655
f 1131/1201/1656 1130/1200/1656 1133/1202/1656
f 1132/1199/1657 1117/1176/1657 1130/1200/1657
f 1129/1091/1588 1133/1203/1588 1130/1196/1588
f 1136/1204/1658 1133/1202/1658 1134/1205/1658
f 1135/1105/1588 1134/1206/1588 1133/1203/1588
f 1135/1105/1588 1133/1203/1588 1129/1091/1588
f 1131/1201/1658 1133/1202/1658 1136/1204/1658
f 1137/1207/1588 1138/1208/1588 1136/1206/1588
f 1136/1209/1659 1134/1210/1659 1137/1211/1659
f 1136/1206/1588 1138/1208/1588 1139/1212/1588
f 1136/1206/1588 1139/1212/1588 1131/1203/1588
f 1131/1203/1588 1139/1212/1588 1140/1213/1588
f 1141/1214/1660 1140/1215/1660 1139/1216/1660
f 1141/1214/1660 1139/1216/1660 1142/1217/1660
f 1142/1218/1661 1139/1219/1661 1138/1220/1661
f 1142/1212/1588 1143/162/1588 1141/1213/1588
f 1142/1212/1588 1146/160/1588 1143/162/1588
f 1144/1208/1588 1145/158/1588 1142/1212/1588
f 1142/1218/1661 1138/1220/1661 1144/1221/1661
f 1142/1212/1588 1145/158/1588 1146/160/1588
f 1146/160/1662 1145/158/1662 1147/347/1662
f 1148/345/1663 1146/160/1663 1147/347/1663
f 1143/162/1664 1146/160/1664 1148/345/1664
f 1143/162/1665 1148/345/1665 1149/342/1665
f 1149/342/1666 1148/345/1666 1150/343/1666
f 1151/344/1667 1150/343/1667 1148/345/1667
f 1148/345/1668 1147/347/1668 1151/344/1668
f 1151/344/1669 1147/347/1669 1152/346/1669
f 1151/344/1670 1152/346/1670 1154/435/1670
f 1154/435/1671 1153/437/1671 1151/344/1671
f 1151/344/1672 1153/437/1672 1150/343/1672
f 1154/435/1673 1152/346/1673 1156/433/1673
f 1157/436/1674 1155/438/1674 1154/435/1674
f 1154/435/1675 1155/438/1675 1153/437/1675
f 1154/435/1676 1156/433/1676 1157/436/1676
f 1157/436/1677 1160/440/1677 1155/438/1677
f 1157/436/1678 1156/433/1678 1159/434/1678
f 1158/439/1679 1160/440/1679 1157/436/1679
f 1157/436/1680 1159/434/1680 1158/439/1680
f 1161/442/1681 1162/444/1681 1160/440/1681
f 1158/439/1682 1161/442/1682 1160/440/1682
f 1160/440/1681 1162/444/1681 1163/443/1681
f 1160/440/1683 1163/443/1683 1155/438/1683
f 1155/438/1684 1163/443/1684 1164/336/1684
f 1163/443/1685 1166/448/1685 1164/336/1685
f 1162/1222/1686 1165/1223/1686 1163/1224/1686
f 1163/1224/1687 1165/1223/1687 1166/1225/1687
f 1166/1225/1688 1169/1226/1688 1167/1227/1688
f 1166/448/1689 1167/451/1689 1168/334/1689
f 1164/336/1690 1166/448/1690 1168/334/1690
f 1165/1223/1691 1169/1226/1691 1166/1225/1691
f 1170/1228/1692 771/862/1692 1169/1226/1692
f 1169/1226/1693 771/862/1693 772/863/1693
f 1165/1223/1694 1170/1228/1694 1169/1226/1694
f 1169/1226/1695 772/863/1695 1167/1227/1695
f 746/838/1696 756/850/1696 1170/1228/1696
f 1170/1228/1697 756/850/1697 771/862/1697
f 1171/1229/1698 746/838/1698 1170/1228/1698
f 1171/1229/1699 1170/1228/1699 1165/1223/1699
f 747/839/1700 746/838/1700 1171/1229/1700
f 1172/1230/1701 747/839/1701 1171/1229/1701
f 1162/1222/1702 1171/1229/1702 1165/1223/1702
f 1172/1230/1703 1171/1229/1703 1162/1222/1703
f 1173/1231/1704 735/826/1704 1172/1230/1704
f 735/826/1705 747/839/1705 1172/1230/1705
f 1173/1231/1706 1172/1230/1706 1161/1232/1706
f 1161/1232/1707 1172/1230/1707 1162/1222/1707
f 734/825/1708 735/826/1708 1173/1231/1708
f 1174/1233/1709 734/825/1709 1173/1231/1709
f 1175/1234/1710 1173/1231/1710 1161/1232/1710
f 1174/1233/1711 1173/1231/1711 1175/1234/1711
f 1175/441/1712 1177/670/1712 1176/671/1712
f 1175/1234/1713 1176/1235/1713 1174/1233/1713
f 1175/441/1714 1161/442/1714 1158/439/1714
f 1158/439/1715 1177/670/1715 1175/441/1715
f 1159/434/1716 1178/432/1716 1177/670/1716
f 1158/439/1717 1159/434/1717 1177/670/1717
f 1177/670/1718 1178/432/1718 1179/672/1718
f 1177/670/1719 1179/672/1719 1176/671/1719
f 1182/430/1720 1179/672/1720 1178/432/1720
f 1176/671/1721 1179/672/1721 1180/669/1721
f 1181/674/1722 1180/669/1722 1179/672/1722
f 1181/674/1723 1179/672/1723 1182/430/1723
f 1182/430/1724 1185/428/1724 1181/674/1724
f 1182/430/1725 1178/432/1725 1183/429/1725
f 1183/429/1726 1184/427/1726 1182/430/1726
f 1182/430/1726 1184/427/1726 1185/428/1726
f 1184/427/1727 1186/425/1727 1185/428/1727
f 1185/428/1728 1186/425/1728 1188/426/1728
f 1181/674/1729 1185/428/1729 1187/679/1729
f 1185/428/1730 1188/426/1730 1187/679/1730
f 1186/425/1731 1189/423/1731 1188/426/1731
f 1188/426/1732 1189/423/1732 1190/424/1732
f 1188/426/1733 1190/424/1733 1191/681/1733
f 1187/679/1734 1188/426/1734 1191/681/1734
f 1191/681/1735 1190/424/1735 1192/685/1735
f 1191/1236/1736 1192/1237/1736 1193/1238/1736
f 1194/1239/1737 1191/1236/1737 1193/1238/1737
f 1187/1240/1738 1191/1236/1738 1194/1239/1738
f 1194/1239/1739 1193/1238/1739 1197/1241/1739
f 1196/1242/1740 1194/1239/1740 1195/1243/1740
f 1195/1243/1741 1194/1239/1741 1197/1241/1741
f 1196/1242/1742 1187/1240/1742 1194/1239/1742
f 1195/1243/1743 1197/1241/1743 1198/1244/1743
f 1198/1244/1744 1197/1241/1744 1200/1245/1744
f 1197/1241/1745 1193/1238/1745 1199/1246/1745
f 1197/1241/1746 1199/1246/1746 1200/1245/1746
f 1198/1244/1747 1200/1245/1747 1201/1247/1747
f 1201/1247/1748 1200/1245/1748 1202/1248/1748
f 1200/1245/1749 1203/1249/1749 1202/1248/1749
f 1200/1245/1750 1199/1246/1750 1203/1249/1750
f 1199/1246/1751 1204/1250/1751 1203/1249/1751
f 1203/1249/1752 1204/1250/1752 1205/1251/1752
f 1203/1249/1753 1205/1251/1753 1206/1252/1753
f 1202/1248/1754 1203/1249/1754 1206/1252/1754
f 1202/1248/1755 1206/1252/1755 1207/1253/1755
f 1207/1253/1756 1206/1252/1756 1211/1254/1756
f 1210/1255/1757 1208/1256/1757 1206/1252/1757
f 1206/1252/1758 1208/1256/1758 1209/1257/1758
f 1206/1252/1759 1209/1257/1759 1211/1254/1759
f 1206/1252/1753 1205/1251/1753 1210/1255/1753
f 1209/1257/1760 1212/1258/1760 1211/1254/1760
f 1211/1254/1760 1212/1258/1760 1213/1259/1760
f 1211/1254/1761 1213/1259/1761 1207/1253/1761
f 1214/1260/1762 1213/1259/1762 1212/1258/1762
f 1207/1253/1761 1213/1259/1761 713/803/1761
f 711/800/1763 713/803/1763 1213/1259/1763
f 711/800/1764 1213/1259/1764 1214/1260/1764
f 1214/1260/1765 708/797/1765 711/800/1765
f 1214/1260/1766 1212/1258/1766 1215/1261/1766
f 1215/1261/1767 706/795/1767 1214/1260/1767
f 1214/1260/1768 706/795/1768 708/797/1768
f 1215/1261/1769 1217/1262/1769 1216/1263/1769
f 1216/1263/1770 704/793/1770 1215/1261/1770
f 1215/1261/1771 704/793/1771 706/795/1771
f 1215/1261/1772 1212/1258/1772 1217/1262/1772
f 1208/1256/1773 1218/1264/1773 1217/1262/1773
f 1216/1263/1774 1217/1262/1774 1218/1264/1774
f 1208/1256/1775 1217/1262/1775 1209/1257/1775
f 1209/1257/1775 1217/1262/1775 1212/1258/1775
f 1219/1265/1776 1220/1266/1776 1218/1264/1776
f 1219/1265/1773 1218/1264/1773 1208/1256/1773
f 1218/1264/1777 1220/1266/1777 1216/1263/1777
f 1222/1267/1778 1221/1268/1778 1220/1266/1778
f 1216/1263/1779 1220/1266/1779 1221/1268/1779
f 1222/1267/1776 1220/1266/1776 1219/1265/1776
f 1223/1269/1778 1221/1268/1778 1222/1267/1778
f 1222/1267/1780 1225/1270/1780 1223/1269/1780
f 1222/1267/1781 1219/1265/1781 1224/1271/1781
f 1224/1271/1782 1225/1270/1782 1222/1267/1782
f 1224/1271/1783 1229/1272/1783 1225/1270/1783
f 1228/1273/1784 1226/1274/1784 1225/1270/1784
f 1225/1270/1785 1226/1274/1785 1227/1275/1785
f 1225/1270/1786 1227/1275/1786 1223/1269/1786
f 1225/1270/1787 1230/1276/1787 1228/1273/1787
f 1229/1272/1788 1230/1276/1788 1225/1270/1788
f 1229/1272/1789 1231/1277/1789 1230/1276/1789
f 1233/1278/1790 1230/1276/1790 1231/1277/1790
f 1232/1279/1791 1228/1273/1791 1230/1276/1791
f 1232/1279/1792 1230/1276/1792 1233/1278/1792
f 1233/1278/1793 1236/1280/1793 1232/1279/1793
f 1233/1278/1794 1231/1277/1794 1234/1281/1794
f 1234/1281/1795 1235/1282/1795 1233/1278/1795
f 1233/1278/1796 1235/1282/1796 1236/1280/1796
f 1239/1283/1797 1236/1280/1797 1235/1282/1797
f 1232/1279/1798 1236/1280/1798 1237/1284/1798
f 1238/1285/1799 1237/1284/1799 1236/1280/1799
f 1238/1285/1800 1236/1280/1800 1239/1283/1800
f 1239/1283/1801 1235/1282/1801 1240/1286/1801
f 1239/1283/1802 1242/1287/1802 1238/1285/1802
f 1240/1286/1803 1241/1288/1803 1239/1283/1803
f 1239/1283/1804 1241/1288/1804 1242/1287/1804
f 1245/1289/1805 1242/1287/1805 1241/1288/1805
f 1238/1285/1806 1242/1287/1806 1243/1290/1806
f 1244/1291/1807 1243/1290/1807 1242/1287/1807
f 1244/1291/1808 1242/1287/1808 1245/1289/1808
f 1245/709/1809 1241/705/1809 1246/408/1809
f 1246/408/1810 1248/406/1810 1245/709/1810
f 1245/709/1811 1248/406/1811 1247/712/1811
f 1245/1289/1812 1247/1292/1812 1244/1291/1812
f 1249/405/1813 1250/403/1813 1248/406/1813
f 1246/408/1814 1249/405/1814 1248/406/1814
f 1248/406/1815 1250/403/1815 1251/404/1815
f 1248/406/1816 1251/404/1816 1247/712/1816
f 1247/712/1817 1251/404/1817 1252/715/1817
f 1253/402/1818 1252/715/1818 1251/404/1818
f 1253/402/1819 1251/404/1819 1254/401/1819
f 1254/401/1820 1251/404/1820 1250/403/1820
f 1254/401/1821 1257/399/1821 1253/402/1821
f 1254/401/1822 1250/403/1822 1255/379/1822
f 1255/379/1823 1256/380/1823 1254/401/1823
f 1254/401/1824 1256/380/1824 1257/399/1824
f 1256/380/1825 1258/382/1825 1257/399/1825
f 1257/399/1826 1258/382/1826 1259/397/1826
f 1257/399/1827 1259/397/1827 1260/400/1827
f 1253/402/1828 1257/399/1828 1260/400/1828
f 1260/400/1829 1259/397/1829 1261/398/1829
f 1260/400/1830 1261/398/1830 1262/720/1830
f 1263/717/1831 1260/400/1831 1262/720/1831
f 1253/402/1832 1260/400/1832 1263/717/1832
f 1264/716/1833 1265/718/1833 1263/717/1833
f 1263/717/1834 1262/720/1834 1264/716/1834
f 1263/717/1835 1252/715/1835 1253/402/1835
f 1263/717/1836 1265/718/1836 1252/715/1836
f 1266/1293/1837 1252/1294/1837 1265/1295/1837
f 1266/1293/1838 1265/1295/1838 1267/1296/1838
f 1267/1296/1839 1265/1295/1839 1268/1297/1839
f 1264/1298/1840 1268/1297/1840 1265/1295/1840
f 1267/1296/1841 1268/1297/1841 1269/1299/1841
f 1269/1299/1842 1268/1297/1842 1270/1300/1842
f 1271/1301/1843 1270/1300/1843 1268/1297/1843
f 1271/1301/1844 1268/1297/1844 1264/1298/1844
f 1273/1302/1845 1270/1300/1845 1271/1301/1845
f 1264/1298/1846 1272/1303/1846 1271/1301/1846
f 1271/1301/1847 1272/1303/1847 1274/1304/1847
f 1271/1301/1848 1274/1304/1848 1273/1302/1848
f 1272/1303/1849 1275/1305/1849 1274/1304/1849
f 1274/1304/1850 1275/1305/1850 1276/1306/1850
f 1274/1304/1851 1276/1306/1851 1277/1307/1851
f 1273/1302/1848 1274/1304/1848 1277/1307/1848
f 1277/1307/1852 1276/1306/1852 1278/1308/1852
f 1277/1307/1853 1278/1308/1853 1279/1309/1853
f 1280/1310/1854 1277/1307/1854 1279/1309/1854
f 1273/1302/1855 1277/1307/1855 1280/1310/1855
f 1280/1310/1856 1283/1311/1856 1281/1312/1856
f 1280/1310/1857 1281/1312/1857 1273/1302/1857
f 1280/1310/1858 1279/1309/1858 1282/1313/1858
f 1282/1313/1859 1283/1311/1859 1280/1310/1859
f 1282/1313/1860 1284/1314/1860 1283/1311/1860
f 1283/1311/1860 1284/1314/1860 1285/1315/1860
f 1283/1311/1861 1285/1315/1861 1286/1316/1861
f 1283/1311/1862 1286/1316/1862 1281/1312/1862
f 1286/1316/1861 1285/1315/1861 1287/1317/1861
f 1286/1316/1863 1287/1317/1863 1288/1318/1863
f 1289/1319/1864 1286/1316/1864 1288/1318/1864
f 1281/1312/1865 1286/1316/1865 1289/1319/1865
f 1269/1299/1866 1270/1300/1866 1289/1319/1866
f 1289/1319/1867 1270/1300/1867 1281/1312/1867
f 1290/1320/1868 1269/1299/1868 1289/1319/1868
f 1290/1320/1869 1289/1319/1869 1292/1321/1869
f 1289/1319/1870 1288/1318/1870 1291/1322/1870
f 1292/1321/1871 1289/1319/1871 1291/1322/1871
f 1291/1322/1872 1293/1323/1872 1292/1321/1872
f 1292/1321/1872 1293/1323/1872 1294/1324/1872
f 1292/1321/1873 1294/1324/1873 1295/1325/1873
f 1292/1321/1874 1295/1325/1874 1290/1320/1874
f 1295/1325/1875 1294/1324/1875 1296/1326/1875
f 1295/1325/1876 1296/1326/1876 1297/1327/1876
f 1295/1325/1877 1297/1327/1877 1298/1328/1877
f 1290/1320/1878 1295/1325/1878 1298/1328/1878
f 1302/1329/1879 1298/1328/1879 1297/1327/1879
f 1299/1330/1880 1300/1331/1880 1298/1328/1880
f 1299/1330/1881 1298/1328/1881 1302/1329/1881
f 1301/1332/1882 1298/1328/1882 1300/1331/1882
f 1290/1320/1883 1298/1328/1883 1301/1332/1883
f 1297/1327/1884 1303/1333/1884 1302/1329/1884
f 1302/1329/1884 1303/1333/1884 1304/1334/1884
f 1302/1329/1885 1304/1334/1885 1305/1335/1885
f 1302/1329/1886 1305/1335/1886 1299/1330/1886
f 1305/1335/1885 1304/1334/1885 1306/1336/1885
f 1305/1335/1887 1306/1336/1887 1307/1337/1887
f 1305/1335/1888 1307/1337/1888 1299/1330/1888
f 1307/1337/1887 1306/1336/1887 1308/1338/1887
f 1307/1337/1889 1308/1338/1889 1309/1339/1889
f 1307/1337/1890 1309/1339/1890 1310/1340/1890
f 1299/1330/1891 1307/1337/1891 1310/1340/1891
f 1312/1341/1892 1310/1340/1892 1309/1339/1892
f 1299/1330/1893 1310/1340/1893 1313/1342/1893
f 1311/1343/1894 1237/1284/1894 1310/1340/1894
f 1311/1343/1895 1310/1340/1895 1312/1341/1895
f 1313/1342/1896 1310/1340/1896 1237/1284/1896
f 1313/1342/1897 1300/1331/1897 1299/1330/1897
f 1313/1342/1898 1237/1284/1898 1238/1285/1898
f 1238/1285/1899 1243/1290/1899 1313/1342/1899
f 1313/1342/1900 1243/1290/1900 1300/1331/1900
f 1309/1339/1901 1314/1344/1901 1312/1341/1901
f 1312/1341/1901 1314/1344/1901 1315/1345/1901
f 1312/1341/1902 1315/1345/1902 1316/1346/1902
f 1312/1341/1903 1316/1346/1903 1311/1343/1903
f 1316/1346/1902 1315/1345/1902 1317/1347/1902
f 1316/1346/1904 1317/1347/1904 1226/1274/1904
f 1316/1346/1905 1226/1274/1905 1228/1273/1905
f 1311/1343/1906 1316/1346/1906 1228/1273/1906
f 1317/1347/1907 1315/1345/1907 1319/1348/1907
f 1226/1274/1904 1317/1347/1904 1318/1349/1904
f 1319/1348/1908 1318/1349/1908 1317/1347/1908
f 1320/1350/1909 1318/1349/1909 1319/1348/1909
f 1319/1348/1910 1315/1345/1910 1314/1344/1910
f 1319/1348/1911 1314/1344/1911 1321/1351/1911
f 1319/1348/1912 698/787/1912 1320/1350/1912
f 1321/1351/1913 696/785/1913 1319/1348/1913
f 1319/1348/1914 696/785/1914 698/787/1914
f 1321/1351/1915 1314/1344/1915 1308/1338/1915
f 1321/1351/1916 1308/1338/1916 1322/1352/1916
f 1322/1352/1917 694/783/1917 1321/1351/1917
f 1321/1351/1913 694/783/1913 696/785/1913
f 1322/1352/1918 1304/1334/1918 1323/1353/1918
f 1323/1353/1919 692/781/1919 1322/1352/1919
f 1322/1352/1920 692/781/1920 694/783/1920
f 1308/1338/1921 1306/1336/1921 1322/1352/1921
f 1322/1352/1922 1306/1336/1922 1304/1334/1922
f 1323/1353/1923 1303/1333/1923 1324/1354/1923
f 1324/1354/1924 690/779/1924 1323/1353/1924
f 1323/1353/1925 690/779/1925 692/781/1925
f 1323/1353/1926 1304/1334/1926 1303/1333/1926
f 1324/1354/1927 1303/1333/1927 1296/1326/1927
f 1296/1326/1928 1294/1324/1928 1324/1354/1928
f 1324/1354/1929 1293/1323/1929 1325/1355/1929
f 1325/1355/1930 688/777/1930 1324/1354/1930
f 1324/1354/1931 688/777/1931 690/779/1931
f 1324/1354/1932 1294/1324/1932 1293/1323/1932
f 1325/1355/1933 1293/1323/1933 1326/1356/1933
f 1325/1355/1934 1326/1356/1934 1327/1357/1934
f 1327/1357/1935 686/775/1935 1325/1355/1935
f 1325/1355/1936 686/775/1936 688/777/1936
f 1327/1357/1937 1326/1356/1937 1287/1317/1937
f 1327/1357/1938 1287/1317/1938 1328/1358/1938
f 1328/1358/1939 684/773/1939 1327/1357/1939
f 1327/1357/1940 684/773/1940 686/775/1940
f 1328/1358/1941 1287/1317/1941 1285/1315/1941
f 1328/1358/1942 1284/1314/1942 1329/1359/1942
f 1328/1358/1943 1329/1359/1943 1330/1360/1943
f 1285/1315/1944 1284/1314/1944 1328/1358/1944
f 1330/1360/1945 682/771/1945 1328/1358/1945
f 1328/1358/1946 682/771/1946 684/773/1946
f 1332/1361/1947 680/768/1947 1330/1360/1947
f 1330/1360/1948 680/768/1948 682/771/1948
f 1330/1360/1949 1329/1359/1949 1331/1362/1949
f 1330/1360/1950 1331/1362/1950 1332/1361/1950
f 1332/1361/1951 1331/1362/1951 1335/1363/1951
f 1333/1364/1952 1334/1365/1952 1332/1366/1952
f 1332/1366/1953 1335/1367/1953 1333/1364/1953
f 1334/1365/1954 678/762/1954 1332/1366/1954
f 1332/1361/1955 678/763/1955 680/768/1955
f 1336/1368/1956 1333/1364/1956 1335/1367/1956
f 1336/1369/1957 1335/1363/1957 1337/1370/1957
f 1337/1370/1957 1335/1363/1957 1331/1362/1957
f 1337/1370/1958 1331/1362/1958 1338/1371/1958
f 1279/1309/1959 1337/1370/1959 1338/1371/1959
f 1279/1309/1960 1336/1369/1960 1337/1370/1960
f 1338/1371/1958 1331/1362/1958 1329/1359/1958
f 1338/1371/1961 1329/1359/1961 1282/1313/1961
f 1282/1313/1962 1279/1309/1962 1338/1371/1962
f 1339/1372/1956 1333/1364/1956 1336/1368/1956
f 1339/1372/1963 1336/1368/1963 1340/1373/1963
f 1340/1374/1964 1336/1369/1964 1279/1309/1964
f 1279/1309/1965 1278/1308/1965 1340/1374/1965
f 1341/1375/1966 1340/1373/1966 1278/1376/1966
f 1342/1377/1967 1340/1373/1967 1341/1375/1967
f 1342/1377/1968 1339/1372/1968 1340/1373/1968
f 1343/1378/1969 1344/1379/1969 1342/1377/1969
f 1345/1380/1970 1343/1378/1970 1342/1377/1970
f 1344/1379/1971 1339/1372/1971 1342/1377/1971
f 1346/1381/1972 1342/1377/1972 1341/1375/1972
f 1345/1380/1973 1342/1377/1973 1346/1381/1973
f 1346/1381/1974 1349/1382/1974 1347/1383/1974
f 1346/1381/1975 1347/1383/1975 1345/1380/1975
f 1346/1381/1976 1341/1375/1976 1348/1384/1976
f 1348/1384/1977 1349/1382/1977 1346/1381/1977
f 1350/1385/1978 1351/1386/1978 1349/1382/1978
f 1348/1384/1979 1350/1385/1979 1349/1382/1979
f 1349/1382/1980 1351/1386/1980 1352/1387/1980
f 1349/1382/1981 1352/1387/1981 1347/1383/1981
f 1347/1383/1982 1352/1387/1982 1353/1388/1982
f 1354/1389/1983 1353/1388/1983 1352/1387/1983
f 1354/1389/1984 1352/1387/1984 1355/1390/1984
f 1355/1390/1985 1352/1387/1985 1351/1386/1985
f 1355/1390/1986 1358/1391/1986 1354/1389/1986
f 1355/1390/1987 1351/1386/1987 1356/1392/1987
f 1356/1392/1988 1357/1393/1988 1355/1390/1988
f 1355/1390/1989 1357/1393/1989 1358/1391/1989
f 1357/1393/1990 1359/1394/1990 1358/1391/1990
f 1358/1391/1991 1359/1394/1991 1360/1395/1991
f 1358/1391/1992 1360/1395/1992 1361/1396/1992
f 1354/1389/1993 1358/1391/1993 1361/1396/1993
f 1361/1396/1994 1360/1395/1994 1362/1397/1994
f 1361/1396/1995 1362/1397/1995 1363/1398/1995
f 1364/1399/1996 1361/1396/1996 1363/1398/1996
f 1354/1389/1997 1361/1396/1997 1364/1399/1997
f 1364/1399/1998 1353/1388/1998 1354/1389/1998
f 1364/1399/1999 1365/1400/1999 1353/1388/1999
f 1364/1399/2000 1363/1398/2000 1366/1401/2000
f 1366/1401/2001 1365/1400/2001 1364/1399/2001
f 1366/1401/2002 1363/1398/2002 21/21/2002
f 1367/1402/2003 1368/1403/2003 1366/1401/2003
f 1366/1401/2004 21/21/2004 1367/1402/2004
f 1366/1401/2005 1368/1403/2005 1365/1400/2005
f 1367/1402/2006 1369/1404/2006 1368/1403/2006
f 1368/1403/2006 1369/1404/2006 1370/1405/2006
f 1368/1403/2007 1370/1405/2007 1371/1406/2007
f 1368/1403/2008 1371/1406/2008 1365/1400/2008
f 1371/1406/2007 1370/1405/2007 1372/1407/2007
f 1371/1406/2009 1372/1407/2009 1373/1408/2009
f 1374/1409/2010 1371/1406/2010 1373/1408/2010
f 1365/1400/2011 1371/1406/2011 1374/1409/2011
f 1347/1383/2012 1353/1388/2012 1374/1409/2012
f 1345/1380/2013 1347/1383/2013 1374/1409/2013
f 1374/1409/2014 1353/1388/2014 1365/1400/2014
f 1374/1409/2015 1373/1408/2015 1375/1410/2015
f 1345/1380/2016 1374/1409/2016 1376/1411/2016
f 1376/1411/2017 1374/1409/2017 1375/1410/2017
f 1375/1410/2018 1377/1412/2018 1376/1411/2018
f 1376/1411/2018 1377/1412/2018 1378/1413/2018
f 1376/1411/2019 1378/1413/2019 1343/1378/2019
f 1376/1411/2020 1343/1378/2020 1345/1380/2020
f 1380/1414/2021 1378/1413/2021 1377/1412/2021
f 1343/1378/2019 1378/1413/2019 1379/1415/2019
f 1379/1415/2022 1378/1413/2022 1380/1414/2022
f 1334/1365/2023 1379/1415/2023 1380/1414/2023
f 1380/1414/2024 1377/1412/2024 1381/1416/2024
f 1381/1416/2025 674/756/2025 1380/1414/2025
f 1380/1414/2026 674/756/2026 676/759/2026
f 1380/1414/2027 676/759/2027 1334/1365/2027
f 1381/1416/2028 1383/1417/2028 1382/1418/2028
f 1382/1418/2029 672/754/2029 1381/1416/2029
f 1381/1416/2030 672/754/2030 674/756/2030
f 1381/1416/2031 1377/1412/2031 1383/1417/2031
f 1373/1408/2009 1372/1407/2009 1383/1417/2009
f 1382/1418/2032 1383/1417/2032 1372/1407/2032
f 1373/1408/2033 1383/1417/2033 1375/1410/2033
f 1375/1410/2033 1383/1417/2033 1377/1412/2033
f 1382/1418/2034 1372/1407/2034 1384/1419/2034
f 1384/1419/2035 670/752/2035 1382/1418/2035
f 1382/1418/2036 670/752/2036 672/754/2036
f 1384/1419/2037 1372/1407/2037 1370/1405/2037
f 1384/1419/2038 1369/1404/2038 1385/1420/2038
f 1384/1419/2039 1385/1420/2039 1386/1421/2039
f 1386/1421/2040 668/750/2040 1384/1419/2040
f 1384/1419/2041 668/750/2041 670/752/2041
f 1370/1405/2042 1369/1404/2042 1384/1419/2042
f 1386/1421/2043 1385/1420/2043 1387/1422/2043
f 1386/1421/2044 1387/1422/2044 1388/1423/2044
f 1388/1423/2045 666/748/2045 1386/1421/2045
f 1386/1421/2040 666/748/2040 668/750/2040
f 1388/1423/2046 1387/1422/2046 1390/1424/2046
f 1388/1423/2047 1390/1424/2047 1389/1425/2047
f 1389/1425/2048 664/746/2048 1388/1423/2048
f 1388/1423/2049 664/746/2049 666/748/2049
f 19/19/19 18/18/19 1390/1424/19
f 1389/1425/2050 1390/1424/2050 18/18/2050
f 19/19/2051 1390/1424/2051 1391/1426/2051
f 1391/1426/2051 1390/1424/2051 1387/1422/2051
f 1391/1426/2052 1387/1422/2052 1392/1427/2052
f 21/21/2053 1391/1426/2053 1392/1427/2053
f 21/21/2054 19/19/2054 1391/1426/2054
f 1392/1427/2055 1387/1422/2055 1385/1420/2055
f 1392/1427/2056 1385/1420/2056 1367/1402/2056
f 1367/1402/2057 21/21/2057 1392/1427/2057
f 1389/1425/2058 16/16/2058 15/15/2058
f 1389/1425/2058 15/15/2058 1393/1428/2058
f 18/18/2059 16/16/2059 1389/1425/2059
f 1393/1428/2060 663/745/2060 1389/1425/2060
f 1389/1425/2061 663/745/2061 664/746/2061
f 1393/1428/2062 3/2/2062 1394/1429/2062
f 1394/1429/2063 1395/1430/2063 1393/1428/2063
f 1393/1428/2064 1395/1430/2064 663/745/2064
f 1393/1428/2065 15/15/2065 3/2/2065
f 1395/1430/2066 661/743/2066 663/745/2066
f 65/69/2067 68/73/2067 1395/1430/2067
f 1395/1430/2068 68/73/2068 661/743/2068
f 1394/1429/2069 65/69/2069 1395/1430/2069
f 1394/1429/2070 5/5/2070 61/65/2070
f 61/65/2071 65/69/2071 1394/1429/2071
f 1394/1429/2072 3/2/2072 5/5/2072
f 1367/1402/2056 1385/1420/2056 1369/1404/2056
f 1343/1378/2073 1379/1415/2073 1344/1379/2073
f 1344/1379/2073 1379/1415/2073 1396/1431/2073
f 1334/1365/2074 1396/1431/2074 1379/1415/2074
f 1344/1379/2075 1396/1431/2075 1339/1372/2075
f 1339/1372/2075 1396/1431/2075 1333/1364/2075
f 1333/1364/2076 1396/1431/2076 1334/1365/2076
f 1363/1398/2077 1362/1397/2077 22/22/2077
f 1363/1398/2078 22/22/2078 21/21/2078
f 24/24/2079 22/22/2079 1362/1397/2079
f 24/24/2080 1362/1397/2080 1397/1432/2080
f 1397/1432/2081 1362/1397/2081 1360/1395/2081
f 1397/1432/31 27/28/31 24/24/31
f 1397/1432/2082 1360/1395/2082 1398/1433/2082
f 1398/1433/2083 1399/1434/2083 1397/1432/2083
f 1397/1432/2083 1399/1434/2083 27/28/2083
f 1401/255/2084 1400/257/2084 1399/78/2084
f 1399/78/2085 1400/257/2085 29/560/2085
f 1398/80/2086 1401/255/2086 1399/78/2086
f 1399/1434/34 29/29/34 27/28/34
f 1403/256/2087 1402/258/2087 1401/255/2087
f 1401/255/2088 1402/258/2088 1400/257/2088
f 1404/79/2089 1403/256/2089 1401/255/2089
f 1404/79/2090 1401/255/2090 1398/80/2090
f 1404/79/2091 1359/83/2091 1405/82/2091
f 1404/79/2092 1405/82/2092 1406/254/2092
f 1398/80/2093 1359/83/2093 1404/79/2093
f 1406/254/2094 1403/256/2094 1404/79/2094
f 1406/254/2095 1405/82/2095 1407/84/2095
f 1406/254/2096 1407/84/2096 1408/250/2096
f 1408/250/2097 1409/248/2097 1406/254/2097
f 1406/254/2097 1409/248/2097 1403/256/2097
f 1408/250/2098 1410/246/2098 1409/248/2098
f 1410/246/2099 1411/245/2099 1409/248/2099
f 1409/248/2100 1412/247/2100 1403/256/2100
f 1409/248/2101 1411/245/2101 1412/247/2101
f 1411/245/2102 1413/242/2102 1412/247/2102
f 1412/247/2103 1413/242/2103 1414/244/2103
f 1412/247/2104 1414/244/2104 1402/258/2104
f 1403/256/2105 1412/247/2105 1402/258/2105
f 1402/258/2104 1414/244/2104 1415/260/2104
f 1416/243/2106 1415/260/2106 1414/244/2106
f 1416/243/2107 1414/244/2107 1417/240/2107
f 1417/240/2108 1414/244/2108 1413/242/2108
f 1417/240/2109 1413/242/2109 1418/133/2109
f 1418/133/2110 1419/131/2110 1417/240/2110
f 1417/240/2111 1420/239/2111 1416/243/2111
f 1417/240/2112 1419/131/2112 1420/239/2112
f 1419/131/2113 1421/132/2113 1420/239/2113
f 1420/239/2114 1421/132/2114 1422/237/2114
f 1420/239/2115 1422/237/2115 1423/241/2115
f 1416/243/2116 1420/239/2116 1423/241/2116
f 1423/241/2117 1422/237/2117 1424/238/2117
f 1423/241/2118 1424/238/2118 1425/262/2118
f 1426/261/2119 1423/241/2119 1425/262/2119
f 1416/243/2120 1423/241/2120 1426/261/2120
f 1426/261/2121 1415/260/2121 1416/243/2121
f 1426/261/2122 1427/259/2122 1415/260/2122
f 1426/261/2123 1425/262/2123 36/35/2123
f 36/35/2124 1427/259/2124 1426/261/2124
f 1400/257/2125 1415/260/2125 1427/259/2125
f 1400/257/2126 1427/259/2126 29/560/2126
f 29/560/2127 1427/259/2127 30/40/2127
f 36/35/2128 30/40/2128 1427/259/2128
f 1425/262/2129 1424/238/2129 1428/263/2129
f 1425/262/2130 1428/263/2130 35/36/2130
f 36/35/2131 1425/262/2131 35/36/2131
f 1430/236/2132 1428/263/2132 1424/238/2132
f 35/36/2133 1428/263/2133 38/41/2133
f 1429/265/2134 38/41/2134 1428/263/2134
f 1429/265/2135 1428/263/2135 1430/236/2135
f 1430/236/2136 1433/234/2136 1429/265/2136
f 1430/236/2137 1424/238/2137 1431/235/2137
f 1431/235/2138 1432/233/2138 1430/236/2138
f 1430/236/2138 1432/233/2138 1433/234/2138
f 1429/265/2139 1433/234/2139 1434/267/2139
f 1436/230/2140 1433/234/2140 1432/233/2140
f 1435/232/2141 1434/267/2141 1433/234/2141
f 1435/232/2142 1433/234/2142 1436/230/2142
f 1438/129/2143 1437/127/2143 1436/230/2143
f 1436/230/2144 1437/127/2144 1439/228/2144
f 1436/230/2145 1432/233/2145 1438/129/2145
f 1436/230/2146 1439/228/2146 1435/232/2146
f 1442/125/2147 1439/228/2147 1437/127/2147
f 1435/232/2148 1439/228/2148 1440/231/2148
f 1441/227/2149 1440/231/2149 1439/228/2149
f 1441/227/2147 1439/228/2147 1442/125/2147
f 1443/126/1588 1442/125/1588 1444/1435/1588
f 1442/125/2150 1443/126/2150 1441/227/2150
f 1444/1435/1588 1442/125/1588 1437/127/1588
f 1444/1435/1588 1445/1436/1588 1443/126/1588
f 1444/1437/2151 1448/1438/2151 1445/1439/2151
f 1444/1435/1588 1437/127/1588 1446/1440/1588
f 1446/1441/2152 1447/1442/2152 1444/1437/2152
f 1444/1437/2153 1447/1442/2153 1448/1438/2153
f 1451/1443/1588 1448/1436/1588 1449/1444/1588
f 1449/1444/1588 1448/1436/1588 1447/1435/1588
f 1451/1443/1588 1450/1445/1588 1448/1436/1588
f 1445/1439/2154 1448/1438/2154 1450/1446/2154
f 1452/1447/1588 1450/1445/1588 1451/1443/1588
f 1451/1448/2155 1454/1449/2155 1452/1450/2155
f 1449/1451/2156 1453/1452/2156 1451/1448/2156
f 1451/1448/2157 1453/1452/2157 1454/1449/2157
f 1452/1450/2155 1454/1449/2155 1455/1453/2155
f 1457/1123/1588 1454/1443/1588 1453/1444/1588
f 1456/1101/1588 1455/1447/1588 1454/1443/1588
f 1456/1101/1588 1454/1443/1588 1457/1123/1588
f 1457/1454/2158 1065/1455/2158 1456/1456/2158
f 1457/1123/1588 1453/1444/1588 1458/1118/1588
f 1458/1457/2159 1060/1458/2159 1457/1454/2159
f 1457/1454/2158 1060/1458/2158 1065/1455/2158
f 1458/1118/1588 1453/1444/1588 1459/1459/1588
f 1458/1118/1588 1459/1459/1588 1460/1115/1588
f 1460/1460/2160 1055/1461/2160 1458/1462/2160
f 1458/1457/2159 1055/1463/2159 1060/1458/2159
f 1460/1115/1588 1459/1459/1588 1461/1464/1588
f 1460/1115/1597 1461/1464/1597 1462/1111/1597
f 1462/1465/2161 1051/1466/2161 1460/1460/2161
f 1460/1460/2162 1051/1466/2162 1055/1461/2162
f 1462/1111/1592 1464/1467/1592 1463/1107/1592
f 1463/1468/2163 1048/1469/2163 1462/1465/2163
f 1462/1465/2164 1048/1469/2164 1051/1466/2164
f 1462/1111/1588 1461/1464/1588 1464/1467/1588
f 1467/1470/2165 1465/1471/2165 1464/1472/2165
f 1463/1107/1588 1464/1467/1588 1465/1473/1588
f 1466/1474/2166 1464/1472/2166 1461/1475/2166
f 1467/1470/2167 1464/1472/2167 1466/1474/2167
f 1466/1464/1588 1468/1476/1588 1467/1467/1588
f 1467/1467/1588 1468/1476/1588 1469/1477/1588
f 1467/1467/1588 1469/1477/1588 1470/1473/1588
f 1470/1478/2165 1465/1471/2165 1467/1470/2165
f 1470/1473/1588 1469/1477/1588 1471/1479/1588
f 1470/1473/1588 1471/1479/1588 1472/1480/1588
f 1472/1481/2168 1473/1482/2168 1470/1478/2168
f 1470/1478/2168 1473/1482/2168 1465/1471/2168
f 1475/1097/1588 1465/1473/1588 1473/1480/1588
f 1472/1481/2169 1474/1483/2169 1473/1482/2169
f 1476/1098/1588 1473/1480/1588 1474/1484/1588
f 1475/1097/1588 1473/1480/1588 1476/1098/1588
f 1476/1485/2170 1039/1486/2170 1475/1487/2170
f 1476/1098/1588 1474/1484/1588 1477/1099/1588
f 1477/1488/2171 1034/1489/2171 1476/1485/2171
f 1476/1485/2172 1034/1489/2172 1039/1486/2172
f 1477/1099/1588 1479/1490/1588 1478/1122/1588
f 1478/1491/2173 1064/1492/2173 1477/1488/2173
f 1477/1488/2174 1064/1492/2174 1034/1489/2174
f 1477/1099/1588 1474/1484/1588 1479/1490/1588
f 1482/1493/2175 1480/1494/2175 1479/1495/2175
f 1478/1122/1588 1479/1490/1588 1480/1496/1588
f 1482/1493/2176 1479/1495/2176 1481/1497/2176
f 1481/1497/2176 1479/1495/2176 1474/1483/2176
f 1481/1484/1588 1483/1498/1588 1482/1490/1588
f 1482/1490/1588 1483/1498/1588 1484/1499/1588
f 1482/1490/1588 1484/1499/1588 1485/1496/1588
f 1485/1500/2175 1480/1494/2175 1482/1493/2175
f 1485/1496/1588 1484/1499/1588 1486/1501/1588
f 1485/1496/1588 1486/1501/1588 1487/1502/1588
f 1487/1503/2177 1488/1504/2177 1485/1500/2177
f 1485/1500/2178 1488/1504/2178 1480/1494/2178
f 1487/1503/2179 1489/1505/2179 1488/1504/2179
f 1491/1114/1588 1488/1502/1588 1489/1506/1588
f 1490/1117/1588 1480/1496/1588 1488/1502/1588
f 1490/1117/1588 1488/1502/1588 1491/1114/1588
f 1491/1114/1588 1489/1506/1588 1492/1110/1588
f 1491/1507/2180 1054/1508/2180 1490/1509/2180
f 1492/1510/2181 1050/1511/2181 1491/1512/2181
f 1491/1507/2180 1050/1513/2180 1054/1508/2180
f 1492/1110/1597 1494/1514/1597 1493/1106/1597
f 1493/1515/2182 1047/1516/2182 1492/1510/2182
f 1492/1510/2183 1047/1516/2183 1050/1511/2183
f 1492/1110/1588 1489/1506/1588 1494/1514/1588
f 1497/1517/2184 1495/1518/2184 1494/1519/2184
f 1493/1106/1588 1494/1514/1588 1495/1520/1588
f 1496/1521/2185 1494/1519/2185 1489/1522/2185
f 1497/1517/2186 1494/1519/2186 1496/1521/2186
f 1496/1506/1588 1498/1523/1588 1497/1514/1588
f 1497/1514/1588 1498/1523/1588 1499/1524/1588
f 1497/1514/1588 1499/1524/1588 1500/1520/1588
f 1500/1525/2184 1495/1518/2184 1497/1517/2184
f 1500/1520/1588 1499/1524/1588 1501/1526/1588
f 1500/1520/1597 1501/1526/1597 1502/1527/1597
f 1502/1528/2187 1503/1529/2187 1500/1525/2187
f 1500/1525/2187 1503/1529/2187 1495/1518/2187
f 1502/1528/2188 1504/1530/2188 1503/1529/2188
f 1506/1094/1588 1503/1527/1588 1504/1531/1588
f 1505/1096/1592 1495/1520/1592 1503/1527/1592
f 1505/1096/1588 1503/1527/1588 1506/1094/1588
f 1506/1532/2189 1038/1533/2189 1505/1534/2189
f 1506/1094/1588 1504/1531/1588 1507/1095/1588
f 1507/1535/2190 1033/1536/2190 1506/1532/2190
f 1506/1532/2189 1033/1536/2189 1038/1533/2189
f 1507/1095/1588 1509/1537/1588 1508/1121/1588
f 1508/1538/2191 1063/1539/2191 1507/1535/2191
f 1507/1535/2190 1063/1539/2190 1033/1536/2190
f 1507/1095/1588 1504/1531/1588 1509/1537/1588
f 1512/1540/2192 1510/1541/2192 1509/1542/2192
f 1508/1121/1588 1509/1537/1588 1510/1543/1588
f 1512/1540/2193 1509/1542/2193 1511/1544/2193
f 1511/1544/2193 1509/1542/2193 1504/1530/2193
f 1511/1531/1588 1513/1545/1588 1512/1537/1588
f 1512/1537/1588 1513/1545/1588 1514/1546/1588
f 1512/1537/1588 1514/1546/1588 1515/1543/1588
f 1515/1547/2192 1510/1541/2192 1512/1540/2192
f 1515/1543/1588 1514/1546/1588 1516/1548/1588
f 1515/1543/1588 1516/1548/1588 1517/1549/1588
f 1517/1550/2194 1518/1551/2194 1515/1547/2194
f 1515/1547/2194 1518/1551/2194 1510/1541/2194
f 1517/1550/2195 1519/1552/2195 1518/1551/2195
f 1521/1113/1597 1518/1549/1597 1519/1207/1597
f 1520/1116/1588 1510/1543/1588 1518/1549/1588
f 1520/1116/1592 1518/1549/1592 1521/1113/1592
f 1521/1113/1588 1519/1207/1588 1522/1109/1588
f 1521/1553/2196 1053/1554/2196 1520/1555/2196
f 1522/1556/2197 1049/1557/2197 1521/1553/2197
f 1521/1553/2198 1049/1557/2198 1053/1554/2198
f 1522/1109/1588 1134/1206/1588 1135/1105/1588
f 1135/1558/2199 1046/1559/2199 1522/1560/2199
f 1522/1556/2200 1046/1561/2200 1049/1557/2200
f 1522/1109/1588 1519/1207/1588 1134/1206/1588
f 1508/1121/1588 1510/1543/1588 1520/1116/1588
f 1520/1555/2201 1058/1562/2201 1508/1538/2201
f 1520/1555/2202 1053/1554/2202 1058/1562/2202
f 1137/1211/2203 1134/1210/2203 1519/1552/2203
f 1137/1211/2195 1519/1552/2195 1517/1550/2195
f 1517/1549/1588 1516/1548/1588 1523/1563/1588
f 1517/1549/1592 1523/1563/1592 1137/1207/1592
f 1144/1221/2204 1138/1220/2204 1523/1564/2204
f 1144/1221/2204 1523/1564/2204 1524/1565/2204
f 1524/1565/2201 1523/1564/2201 1516/1566/2201
f 1137/1207/1588 1523/1563/1588 1138/1208/1588
f 1525/1548/1588 1526/156/1588 1524/1563/1588
f 1524/1565/2201 1516/1566/2201 1525/1567/2201
f 1526/156/1588 1527/155/1588 1524/1563/1588
f 1524/1563/1588 1527/155/1588 1528/157/1588
f 1524/1563/1588 1528/157/1588 1144/1208/1588
f 1144/1208/1588 1528/157/1588 1529/159/1588
f 1528/157/2205 1527/155/2205 1531/353/2205
f 1529/159/2206 1528/157/2206 1530/351/2206
f 1530/351/2207 1528/157/2207 1531/353/2207
f 1530/351/2208 1531/353/2208 1533/350/2208
f 1533/350/2209 1531/353/2209 1532/352/2209
f 1531/353/2210 1534/355/2210 1532/352/2210
f 1531/353/2211 1527/155/2211 1534/355/2211
f 1527/155/2212 1526/156/2212 1534/355/2212
f 1534/355/2212 1526/156/2212 1535/357/2212
f 1534/355/2213 1535/357/2213 1536/354/2213
f 1532/352/2214 1534/355/2214 1536/354/2214
f 1536/354/2215 1535/357/2215 1537/356/2215
f 1536/354/2216 1537/356/2216 1186/425/2216
f 1184/427/2217 1536/354/2217 1186/425/2217
f 1532/352/2218 1536/354/2218 1184/427/2218
f 1539/358/2219 1537/356/2219 1535/357/2219
f 1186/425/2220 1537/356/2220 1189/423/2220
f 1538/359/2221 1189/423/2221 1537/356/2221
f 1538/359/2219 1537/356/2219 1539/358/2219
f 1539/358/2222 1535/357/2222 1542/154/2222
f 1539/358/2223 1541/152/2223 1540/360/2223
f 1539/358/2224 1540/360/2224 1538/359/2224
f 1542/154/2223 1541/152/2223 1539/358/2223
f 1541/152/1588 1542/154/1588 1525/1548/1588
f 1525/1548/1588 1542/154/1588 1526/156/1588
f 1542/154/2225 1535/357/2225 1526/156/2225
f 1544/1546/1588 1543/153/1588 1541/152/1588
f 1541/152/2226 1543/153/2226 1540/360/2226
f 1544/1546/1588 1541/152/1588 1525/1548/1588
f 1545/1545/1588 1546/151/1588 1544/1546/1588
f 1544/1568/2227 1513/1569/2227 1545/1570/2227
f 1546/151/1588 1543/153/1588 1544/1546/1588
f 1525/1567/2228 1514/1571/2228 1544/1568/2228
f 1544/1568/2227 1514/1571/2227 1513/1569/2227
f 1545/1545/1588 1549/149/1588 1546/151/1588
f 1546/151/2229 1548/363/2229 1543/153/2229
f 1547/365/2229 1548/363/2229 1546/151/2229
f 1546/151/2230 1549/149/2230 1547/365/2230
f 1550/1572/1588 1549/149/1588 1545/1545/1588
f 1550/1572/1588 1551/150/1588 1549/149/1588
f 1551/150/2231 1552/367/2231 1549/149/2231
f 1547/365/2230 1549/149/2230 1552/367/2230
f 1547/365/2232 1552/367/2232 1553/364/2232
f 1553/364/2232 1552/367/2232 1554/366/2232
f 1555/369/2233 1554/366/2233 1552/367/2233
f 1555/369/2234 1552/367/2234 1551/150/2234
f 1556/368/2233 1554/366/2233 1555/369/2233
f 1555/369/2235 1557/371/2235 1556/368/2235
f 1555/369/2236 1558/148/2236 1557/371/2236
f 1551/150/2236 1558/148/2236 1555/369/2236
f 1559/1526/1588 1558/148/1588 1550/1572/1588
f 1559/1526/1588 1560/146/1588 1558/148/1588
f 1550/1572/1588 1558/148/1588 1551/150/1588
f 1560/146/2237 1557/371/2237 1558/148/2237
f 1561/372/2237 1557/371/2237 1560/146/2237
f 1560/146/2238 1562/147/2238 1561/372/2238
f 1559/1526/1588 1562/147/1588 1560/146/1588
f 1563/1524/1588 1562/147/1588 1559/1526/1588
f 1563/1524/1588 1564/145/1588 1562/147/1588
f 1562/147/2239 1564/145/2239 1565/375/2239
f 1561/372/2240 1562/147/2240 1565/375/2240
f 1565/375/2241 1564/145/2241 1566/377/2241
f 1565/375/2242 1566/377/2242 1567/374/2242
f 1568/373/2243 1565/375/2243 1567/374/2243
f 1561/372/2244 1565/375/2244 1568/373/2244
f 1569/407/2245 1571/409/2245 1568/373/2245
f 1568/373/2246 1567/374/2246 1569/407/2246
f 1568/373/2247 1570/370/2247 1561/372/2247
f 1568/373/2248 1571/409/2248 1570/370/2248
f 1573/411/2249 1571/409/2249 1572/412/2249
f 1572/412/2250 1571/409/2250 1574/410/2250
f 1573/411/2251 1570/370/2251 1571/409/2251
f 1569/407/2252 1574/410/2252 1571/409/2252
f 1572/412/2253 1574/410/2253 1240/703/2253
f 1240/703/2254 1574/410/2254 1241/705/2254
f 1246/408/1809 1241/705/1809 1574/410/1809
f 1246/408/2255 1574/410/2255 1569/407/2255
f 1572/412/2256 1576/414/2256 1573/411/2256
f 1573/411/2257 1575/413/2257 1556/368/2257
f 1556/368/2251 1570/370/2251 1573/411/2251
f 1573/411/2258 1576/414/2258 1575/413/2258
f 1577/416/2259 1575/413/2259 1576/414/2259
f 1577/416/2260 1576/414/2260 1578/697/2260
f 1578/697/2260 1576/414/2260 1579/700/2260
f 1572/412/2261 1579/700/2261 1576/414/2261
f 1234/1281/2262 1579/1573/2262 1235/1282/2262
f 1240/1286/2263 1235/1282/2263 1579/1573/2263
f 1240/703/2264 1579/700/2264 1572/412/2264
f 1578/1574/2265 1579/1573/2265 1234/1281/2265
f 1578/1574/2266 1581/1575/2266 1580/1576/2266
f 1578/697/2267 1580/694/2267 1577/416/2267
f 1234/1281/2268 1581/1575/2268 1578/1574/2268
f 1582/1577/2269 1580/1576/2269 1581/1575/2269
f 1582/1577/2270 1581/1575/2270 1583/1578/2270
f 1583/1578/2271 1581/1575/2271 1231/1277/2271
f 1234/1281/2272 1231/1277/2272 1581/1575/2272
f 1584/1579/2273 1582/1577/2273 1583/1578/2273
f 1583/1578/2274 1231/1277/2274 1229/1272/2274
f 1585/1580/2275 1583/1578/2275 1229/1272/2275
f 1584/1579/2276 1583/1578/2276 1585/1580/2276
f 1224/1271/2277 1210/1255/2277 1585/1580/2277
f 1585/1580/2278 1229/1272/2278 1224/1271/2278
f 1585/1580/2279 1205/1251/2279 1584/1579/2279
f 1585/1580/2277 1210/1255/2277 1205/1251/2277
f 1586/1581/2280 1582/1577/2280 1584/1579/2280
f 1584/1579/2281 1205/1251/2281 1204/1250/2281
f 1584/1579/2282 1204/1250/2282 1586/1581/2282
f 1589/1582/2283 1587/1583/2283 1586/1581/2283
f 1586/1581/2284 1587/1583/2284 1582/1577/2284
f 1586/1581/2285 1204/1250/2285 1588/1584/2285
f 1586/1581/2286 1588/1584/2286 1589/1582/2286
f 1589/1582/2286 1588/1584/2286 1192/1237/2286
f 1589/688/2287 1192/685/2287 1590/422/2287
f 1589/688/2288 1591/420/2288 1587/691/2288
f 1590/422/2289 1591/420/2289 1589/688/2289
f 1592/419/2290 1593/417/2290 1591/420/2290
f 1590/422/2291 1592/419/2291 1591/420/2291
f 1591/420/2292 1593/417/2292 1594/418/2292
f 1591/420/2293 1594/418/2293 1587/691/2293
f 1595/415/2294 1594/418/2294 1593/417/2294
f 1587/691/2295 1594/418/2295 1580/694/2295
f 1577/416/2296 1580/694/2296 1594/418/2296
f 1577/416/2297 1594/418/2297 1595/415/2297
f 1595/415/2298 1575/413/2298 1577/416/2298
f 1595/415/2299 1593/417/2299 1553/364/2299
f 1553/364/2300 1554/366/2300 1595/415/2300
f 1595/415/2301 1554/366/2301 1575/413/2301
f 1592/419/2302 1596/362/2302 1593/417/2302
f 1553/364/2303 1593/417/2303 1596/362/2303
f 1597/361/2304 1548/363/2304 1596/362/2304
f 1547/365/2305 1596/362/2305 1548/363/2305
f 1597/361/2302 1596/362/2302 1592/419/2302
f 1553/364/2306 1596/362/2306 1547/365/2306
f 1540/360/2307 1548/363/2307 1597/361/2307
f 1538/359/2308 1540/360/2308 1597/361/2308
f 1598/421/2309 1597/361/2309 1592/419/2309
f 1538/359/2310 1597/361/2310 1598/421/2310
f 1598/421/2311 1189/423/2311 1538/359/2311
f 1598/421/2312 1190/424/2312 1189/423/2312
f 1598/421/2313 1592/419/2313 1590/422/2313
f 1590/422/2314 1190/424/2314 1598/421/2314
f 1590/422/2315 1192/685/2315 1190/424/2315
f 1193/1238/2316 1192/1237/2316 1588/1584/2316
f 1193/1238/2317 1588/1584/2317 1199/1246/2317
f 1199/1246/2318 1588/1584/2318 1204/1250/2318
f 1587/1583/2319 1580/1576/2319 1582/1577/2319
f 1556/368/2320 1575/413/2320 1554/366/2320
f 1556/368/2321 1557/371/2321 1570/370/2321
f 1561/372/2322 1570/370/2322 1557/371/2322
f 1569/407/2323 1249/405/2323 1246/408/2323
f 1569/407/2324 1567/374/2324 1249/405/2324
f 1567/374/2325 1566/377/2325 1599/376/2325
f 1567/374/2326 1599/376/2326 1249/405/2326
f 1600/378/2327 1599/376/2327 1566/377/2327
f 1249/405/2328 1599/376/2328 1250/403/2328
f 1255/379/2329 1250/403/2329 1599/376/2329
f 1255/379/2330 1599/376/2330 1600/378/2330
f 1600/378/2331 1566/377/2331 1602/143/2331
f 1600/378/2332 1603/144/2332 1601/381/2332
f 1600/378/2333 1601/381/2333 1255/379/2333
f 1602/143/2332 1603/144/2332 1600/378/2332
f 1605/1523/1588 1604/142/1588 1603/144/1588
f 1603/144/2334 1604/142/2334 1601/381/2334
f 1605/1523/1588 1603/144/1588 1602/143/1588
f 1602/143/1588 1563/1524/1588 1605/1523/1588
f 1563/1585/2335 1498/1586/2335 1605/1587/2335
f 1606/1588/1588 1604/142/1588 1605/1523/1588
f 1605/1589/2336 1607/1590/2336 1606/1591/2336
f 1605/1589/2336 1498/1592/2336 1607/1590/2336
f 1487/1502/1588 1486/1501/1588 1607/1588/1588
f 1606/1591/2337 1607/1590/2337 1486/1593/2337
f 1487/1502/1588 1607/1588/1588 1496/1506/1588
f 1496/1506/1588 1607/1588/1588 1498/1523/1588
f 1606/1588/1588 1610/140/1588 1604/142/1588
f 1608/1501/1588 1609/141/1588 1606/1588/1588
f 1606/1591/2337 1486/1593/2337 1608/1594/2337
f 1606/1588/1588 1609/141/1588 1610/140/1588
f 1610/140/2338 1612/383/2338 1604/142/2338
f 1609/141/2339 1611/385/2339 1610/140/2339
f 1611/385/2340 1612/383/2340 1610/140/2340
f 1601/381/2334 1604/142/2334 1612/383/2334
f 1601/381/2341 1612/383/2341 1256/380/2341
f 1256/380/2342 1612/383/2342 1258/382/2342
f 1611/385/2343 1258/382/2343 1612/383/2343
f 1613/384/2344 1258/382/2344 1611/385/2344
f 1614/387/2345 1613/384/2345 1611/385/2345
f 1614/387/2346 1611/385/2346 1609/141/2346
f 1609/141/2347 1615/94/2347 1614/387/2347
f 1614/387/2348 1615/94/2348 1616/95/2348
f 1614/387/2349 1616/95/2349 1617/386/2349
f 1617/386/2345 1613/384/2345 1614/387/2345
f 1619/393/2350 1618/395/2350 1617/386/2350
f 1617/386/2351 1618/395/2351 1613/384/2351
f 1617/386/2349 1616/95/2349 1620/388/2349
f 1617/386/2352 1620/388/2352 1619/393/2352
f 1616/95/2353 1621/92/2353 1620/388/2353
f 1620/388/2354 1621/92/2354 1622/91/2354
f 1620/388/2355 1622/91/2355 1623/390/2355
f 1619/393/2356 1620/388/2356 1623/390/2356
f 1623/390/2357 1622/91/2357 1624/389/2357
f 1623/390/2358 1624/389/2358 1625/392/2358
f 1626/394/2359 1623/390/2359 1625/392/2359
f 1619/393/2360 1623/390/2360 1626/394/2360
f 1628/726/2361 1627/724/2361 1626/394/2361
f 1626/394/2362 1627/724/2362 1629/396/2362
f 1626/394/2363 1625/392/2363 1628/726/2363
f 1626/394/2364 1629/396/2364 1619/393/2364
f 1627/724/2365 1630/722/2365 1629/396/2365
f 1629/396/2366 1630/722/2366 1261/398/2366
f 1629/396/2367 1261/398/2367 1618/395/2367
f 1619/393/2368 1629/396/2368 1618/395/2368
f 1262/720/2369 1261/398/2369 1630/722/2369
f 1262/720/2370 1630/722/2370 1272/719/2370
f 1272/719/2371 1630/722/2371 1275/721/2371
f 1627/724/2372 1275/721/2372 1630/722/2372
f 1632/725/2373 1631/723/2373 1628/726/2373
f 1628/726/2374 1631/723/2374 1627/724/2374
f 1628/1595/2375 1633/1596/2375 1632/1597/2375
f 1628/726/2376 1625/392/2376 1633/731/2376
f 1625/392/2377 1634/391/2377 1633/731/2377
f 1633/731/2378 1634/391/2378 1635/734/2378
f 1633/1596/2379 1635/1598/2379 1350/1385/2379
f 1632/1597/2380 1633/1596/2380 1350/1385/2380
f 1636/741/2381 1635/734/2381 1634/391/2381
f 1350/1385/2382 1635/1598/2382 1351/1386/2382
f 1356/1392/2383 1351/1386/2383 1635/1598/2383
f 1356/737/2384 1635/734/2384 1636/741/2384
f 1639/88/2385 1637/86/2385 1636/741/2385
f 1636/741/2386 1637/86/2386 1638/85/2386
f 1636/741/2387 1634/391/2387 1639/88/2387
f 1636/741/2388 1638/85/2388 1356/737/2388
f 1639/88/2389 1634/391/2389 1624/389/2389
f 1639/88/2390 1624/389/2390 1640/89/2390
f 1639/88/2391 1641/87/2391 1637/86/2391
f 1640/89/2391 1641/87/2391 1639/88/2391
f 1642/253/2392 1643/251/2392 1641/87/2392
f 1640/89/2393 1642/253/2393 1641/87/2393
f 1641/87/2394 1643/251/2394 1644/252/2394
f 1641/87/2395 1644/252/2395 1637/86/2395
f 1645/249/2396 1644/252/2396 1643/251/2396
f 1637/86/2397 1644/252/2397 1407/84/2397
f 1408/250/2398 1407/84/2398 1644/252/2398
f 1408/250/2399 1644/252/2399 1645/249/2399
f 1647/138/2400 1646/136/2400 1645/249/2400
f 1645/249/2401 1646/136/2401 1410/246/2401
f 1645/249/2402 1410/246/2402 1408/250/2402
f 1645/249/2403 1643/251/2403 1647/138/2403
f 1647/138/1588 1649/1498/1588 1648/1599/1588
f 1648/1599/1588 1646/136/1588 1647/138/1588
f 1647/138/1588 1650/137/1588 1649/1498/1588
f 1647/138/2403 1643/251/2403 1650/137/2403
f 1649/1498/1588 1650/137/1588 1651/139/1588
f 1651/139/2404 1650/137/2404 1642/253/2404
f 1642/253/2405 1650/137/2405 1643/251/2405
f 1649/1498/1588 1651/139/1588 1652/1499/1588
f 1652/1499/1588 1651/139/1588 1653/96/1588
f 1653/96/2406 1651/139/2406 1654/90/2406
f 1654/90/2407 1651/139/2407 1642/253/2407
f 1654/90/2408 1622/91/2408 1621/92/2408
f 1654/90/2409 1621/92/2409 1653/96/2409
f 1654/90/2410 1642/253/2410 1640/89/2410
f 1640/89/2411 1622/91/2411 1654/90/2411
f 1652/1499/1588 1653/96/1588 1655/93/1588
f 1653/96/2412 1621/92/2412 1655/93/2412
f 1652/1499/1588 1655/93/1588 1608/1501/1588
f 1608/1501/1588 1655/93/1588 1615/94/1588
f 1615/94/2413 1655/93/2413 1616/95/2413
f 1616/95/2413 1655/93/2413 1621/92/2413
f 1608/1594/2414 1484/1600/2414 1652/1601/2414
f 1652/1601/2415 1484/1600/2415 1483/1602/2415
f 1652/1601/2415 1483/1602/2415 1649/1603/2415
f 1649/1603/2416 1656/1604/2416 1648/1605/2416
f 1649/1603/2417 1483/1602/2417 1656/1604/2417
f 1472/1480/1588 1471/1479/1588 1656/1599/1588
f 1648/1605/2418 1656/1604/2418 1471/1606/2418
f 1472/1480/1588 1656/1599/1588 1481/1484/1588
f 1481/1484/1588 1656/1599/1588 1483/1498/1588
f 1657/1479/1588 1658/134/1588 1648/1599/1588
f 1648/1605/2419 1471/1606/2419 1657/1607/2419
f 1648/1599/1588 1658/134/1588 1646/136/1588
f 1657/1479/1588 1659/135/1588 1658/134/1588
f 1646/136/2420 1658/134/2420 1410/246/2420
f 1658/134/2421 1659/135/2421 1411/245/2421
f 1410/246/2420 1658/134/2420 1411/245/2420
f 1657/1479/1588 1418/133/1588 1659/135/1588
f 1418/133/2109 1413/242/2109 1659/135/2109
f 1411/245/2422 1659/135/2422 1413/242/2422
f 1660/1477/1588 1418/133/1588 1657/1479/1588
f 1657/1607/2423 1469/1608/2423 1660/1609/2423
f 1657/1607/2424 1471/1606/2424 1469/1608/2424
f 1661/1476/1588 1421/132/1588 1660/1477/1588
f 1660/1609/2425 1468/1610/2425 1661/1611/2425
f 1660/1477/1588 1419/131/1588 1418/133/1588
f 1660/1477/1588 1421/132/1588 1419/131/1588
f 1660/1609/2425 1469/1608/2425 1468/1610/2425
f 1446/1440/1588 1662/128/1588 1661/1476/1588
f 1661/1611/2426 1664/1612/2426 1446/1613/2426
f 1662/128/1588 1663/130/1588 1661/1476/1588
f 1661/1476/1588 1663/130/1588 1421/132/1588
f 1661/1611/2426 1468/1610/2426 1664/1612/2426
f 1446/1441/2152 1664/1614/2152 1447/1442/2152
f 1665/1459/1588 1447/1435/1588 1664/1440/1588
f 1665/1459/1588 1664/1440/1588 1466/1464/1588
f 1466/1464/1588 1664/1440/1588 1468/1476/1588
f 1449/1444/1588 1447/1435/1588 1665/1459/1588
f 1665/1615/2427 1459/1616/2427 1449/1451/2427
f 1466/1474/2428 1461/1475/2428 1665/1617/2428
f 1665/1617/2429 1461/1475/2429 1459/1618/2429
f 1663/130/2430 1662/128/2430 1431/235/2430
f 1663/130/2431 1422/237/2431 1421/132/2431
f 1431/235/2432 1422/237/2432 1663/130/2432
f 1446/1440/1588 1438/129/1588 1662/128/1588
f 1438/129/2433 1432/233/2433 1662/128/2433
f 1431/235/2434 1662/128/2434 1432/233/2434
f 1640/89/2435 1624/389/2435 1622/91/2435
f 1637/86/2436 1407/84/2436 1638/85/2436
f 1638/85/2437 1407/84/2437 1405/82/2437
f 1638/85/2438 1405/82/2438 1357/740/2438
f 1356/737/2439 1638/85/2439 1357/740/2439
f 1625/392/2440 1624/389/2440 1634/391/2440
f 1348/1384/2441 1666/1619/2441 1632/1597/2441
f 1632/1597/2442 1350/1385/2442 1348/1384/2442
f 1632/1597/2443 1666/1619/2443 1631/1620/2443
f 1341/1375/2444 1278/1376/2444 1666/1619/2444
f 1666/1619/2445 1278/1376/2445 1276/1621/2445
f 1348/1384/2446 1341/1375/2446 1666/1619/2446
f 1666/1619/2447 1276/1621/2447 1631/1620/2447
f 1631/723/2448 1275/721/2448 1627/724/2448
f 1631/1620/2449 1276/1621/2449 1275/1622/2449
f 1618/395/2450 1261/398/2450 1259/397/2450
f 1618/395/2451 1259/397/2451 1613/384/2451
f 1608/1501/1588 1615/94/1588 1609/141/1588
f 1613/384/2452 1259/397/2452 1258/382/2452
f 1608/1594/2414 1486/1593/2414 1484/1600/2414
f 1602/143/1588 1564/145/1588 1563/1524/1588
f 1602/143/2453 1566/377/2453 1564/145/2453
f 1255/379/2454 1601/381/2454 1256/380/2454
f 1559/1623/2455 1499/1624/2455 1563/1585/2455
f 1563/1585/2335 1499/1624/2335 1498/1586/2335
f 1550/1625/2456 1501/1626/2456 1559/1623/2456
f 1559/1623/2455 1501/1626/2455 1499/1624/2455
f 1545/1570/2457 1667/1627/2457 1550/1625/2457
f 1550/1625/2456 1667/1627/2456 1501/1626/2456
f 1545/1570/2457 1513/1569/2457 1667/1627/2457
f 1502/1527/1588 1501/1526/1588 1667/1572/1588
f 1502/1527/1588 1667/1572/1588 1511/1531/1588
f 1511/1531/1588 1667/1572/1588 1513/1545/1588
f 1540/360/2226 1543/153/2226 1548/363/2226
f 1533/350/2458 1669/431/2458 1668/348/2458
f 1533/350/2459 1668/348/2459 1530/351/2459
f 1183/429/2460 1669/431/2460 1533/350/2460
f 1533/350/2461 1532/352/2461 1183/429/2461
f 1156/433/2462 1668/348/2462 1669/431/2462
f 1156/433/2463 1669/431/2463 1159/434/2463
f 1159/434/2464 1669/431/2464 1178/432/2464
f 1183/429/2465 1178/432/2465 1669/431/2465
f 1152/346/2466 1670/349/2466 1668/348/2466
f 1152/346/2467 1668/348/2467 1156/433/2467
f 1530/351/2468 1668/348/2468 1670/349/2468
f 1147/347/2469 1145/158/2469 1670/349/2469
f 1529/159/2470 1670/349/2470 1145/158/2470
f 1147/347/2471 1670/349/2471 1152/346/2471
f 1530/351/2472 1670/349/2472 1529/159/2472
f 1183/429/2473 1532/352/2473 1184/427/2473
f 1144/1208/1588 1529/159/1588 1145/158/1588
f 1525/1567/2228 1516/1566/2228 1514/1571/2228
f 1511/1544/2474 1504/1530/2474 1502/1528/2474
f 1508/1538/2191 1058/1562/2191 1063/1539/2191
f 1493/1106/1588 1495/1520/1588 1505/1096/1588
f 1505/1534/2475 1043/1628/2475 1493/1515/2475
f 1505/1534/2475 1038/1533/2475 1043/1628/2475
f 1496/1629/2179 1489/1505/2179 1487/1503/2179
f 1493/1515/2476 1043/1628/2476 1047/1516/2476
f 1478/1122/1588 1480/1496/1588 1490/1117/1588
f 1490/1509/2477 1059/1630/2477 1478/1491/2477
f 1490/1509/2477 1054/1508/2477 1059/1630/2477
f 1481/1497/2169 1474/1483/2169 1472/1481/2169
f 1478/1491/2173 1059/1630/2173 1064/1492/2173
f 1463/1107/1597 1465/1473/1597 1475/1097/1597
f 1475/1487/2478 1044/1631/2478 1463/1468/2478
f 1475/1487/2478 1039/1486/2478 1044/1631/2478
f 1463/1468/2163 1044/1631/2163 1048/1469/2163
f 1449/1451/2479 1459/1616/2479 1453/1452/2479
f 1671/1100/1597 1455/1447/1597 1456/1101/1597
f 1456/1456/2480 1035/1632/2480 1671/1633/2480
f 1456/1456/2480 1065/1455/2480 1035/1632/2480
f 1671/1100/1588 1672/1634/1588 1455/1447/1588
f 1027/1086/1588 1672/1634/1588 1671/1100/1588
f 1671/1633/2481 1040/1635/2481 1027/1087/2481
f 1671/1633/2481 1035/1632/2481 1040/1635/2481
f 1673/1636/2482 1455/1453/2482 1672/1637/2482
f 1673/1636/2483 1672/1637/2483 1018/1078/2483
f 1018/1078/2484 1672/1637/2484 1022/1079/2484
f 1027/1086/1592 1022/1071/1592 1672/1634/1592
f 1018/1071/1588 1016/1062/1588 1673/1634/1588
f 1673/1634/1588 1016/1062/1588 1674/1063/1588
f 1673/1634/1592 1674/1063/1592 1452/1447/1592
f 1452/1450/2482 1455/1453/2482 1673/1636/2482
f 1675/1638/2485 1450/1446/2485 1674/1639/2485
f 1675/1638/2485 1674/1639/2485 1014/1064/2485
f 1014/1064/1590 1674/1639/1590 1016/1065/1590
f 1452/1447/1588 1674/1063/1588 1450/1445/1588
f 1675/1445/1588 1676/122/1588 1445/1436/1588
f 1675/1445/1588 1678/123/1588 1676/122/1588
f 1014/1063/1588 1677/121/1588 1675/1445/1588
f 1675/1445/1588 1677/121/1588 1678/123/1588
f 1445/1439/2154 1450/1446/2154 1675/1638/2154
f 1676/122/2486 1678/123/2486 1680/221/2486
f 1678/123/2487 1677/121/2487 1679/219/2487
f 1680/221/2486 1678/123/2486 1679/219/2486
f 1680/221/2488 1682/224/2488 1681/222/2488
f 1680/221/2489 1681/222/2489 1676/122/2489
f 1680/221/2490 1679/219/2490 1683/223/2490
f 1683/223/2488 1682/224/2488 1680/221/2488
f 1683/223/2491 1679/219/2491 1684/220/2491
f 1683/223/2492 1685/277/2492 1682/224/2492
f 1683/223/2493 1684/220/2493 993/279/2493
f 993/279/2494 1685/277/2494 1683/223/2494
f 1686/275/2495 1682/224/2495 1685/277/2495
f 1686/275/2496 1685/277/2496 987/274/2496
f 987/274/2497 1685/277/2497 988/276/2497
f 993/279/2498 988/276/2498 1685/277/2498
f 1687/226/2499 1682/224/2499 1686/275/2499
f 1688/273/2500 1687/226/2500 1686/275/2500
f 1689/272/2501 1686/275/2501 987/274/2501
f 1688/273/2502 1686/275/2502 1689/272/2502
f 985/539/2503 1690/541/2503 1689/272/2503
f 1689/272/2504 987/274/2504 985/539/2504
f 1689/272/2505 1690/541/2505 1691/270/2505
f 1689/272/2506 1691/270/2506 1688/273/2506
f 1692/268/2507 1693/271/2507 1691/270/2507
f 1692/268/2508 1691/270/2508 1694/543/2508
f 1688/273/2509 1691/270/2509 1693/271/2509
f 1694/543/2510 1691/270/2510 1690/541/2510
f 1694/543/2511 1696/546/2511 1695/545/2511
f 1694/543/2512 1695/545/2512 1692/268/2512
f 1697/544/2513 1696/546/2513 1694/543/2513
f 1694/543/2514 1690/541/2514 1697/544/2514
f 1697/1640/2515 1698/1641/2515 1696/1642/2515
f 1699/1643/2516 1698/1641/2516 1697/1640/2516
f 1697/1640/2517 984/1644/2517 1699/1643/2517
f 1697/544/2518 1690/541/2518 984/542/2518
f 1699/1643/2519 1700/1645/2519 1698/1641/2519
f 1701/1646/2520 1700/1645/2520 1699/1643/2520
f 1699/1643/2521 982/1647/2521 1701/1646/2521
f 1699/1643/2522 984/1644/2522 982/1647/2522
f 1702/1648/2523 1703/1649/2523 1701/1646/2523
f 1701/1646/2524 978/1650/2524 1702/1648/2524
f 1701/1646/2525 1703/1649/2525 1700/1645/2525
f 1701/1646/2526 982/1647/2526 978/1650/2526
f 1704/1651/2527 1705/1652/2527 1703/1649/2527
f 1702/1648/2528 1704/1651/2528 1703/1649/2528
f 1707/1653/2529 1703/1649/2529 1705/1652/2529
f 1706/1654/2530 1700/1645/2530 1703/1649/2530
f 1706/1654/2531 1703/1649/2531 1707/1653/2531
f 1705/1652/2532 1708/1655/2532 1707/1653/2532
f 1707/1653/2532 1708/1655/2532 1709/1656/2532
f 1707/1653/2533 1709/1656/2533 1710/1657/2533
f 1707/1653/2534 1710/1657/2534 1706/1654/2534
f 1710/1657/2533 1709/1656/2533 1711/1658/2533
f 1710/1657/2535 1711/1658/2535 50/55/2535
f 1710/1657/2536 50/55/2536 52/54/2536
f 1706/1654/2537 1710/1657/2537 52/54/2537
f 1711/1658/2538 1709/1656/2538 1713/1659/2538
f 50/55/2539 1711/1658/2539 1712/1660/2539
f 1713/1659/2540 1712/1660/2540 1711/1658/2540
f 1714/1661/2541 1712/1660/2541 1713/1659/2541
f 1713/1659/2542 1709/1656/2542 1708/1655/2542
f 1713/1659/2543 1708/1655/2543 1715/1662/2543
f 1713/1659/2544 525/564/2544 1714/1661/2544
f 1715/1662/2545 527/566/2545 1713/1659/2545
f 1713/1659/2546 527/566/2546 525/564/2546
f 1715/1662/2547 1708/1655/2547 1716/1663/2547
f 1715/1662/2548 1716/1663/2548 1717/1664/2548
f 1717/1664/2549 529/568/2549 1715/1662/2549
f 1715/1662/2550 529/568/2550 527/566/2550
f 1717/1664/2551 1719/1665/2551 1718/1666/2551
f 1718/1666/2552 531/570/2552 1717/1664/2552
f 1717/1664/2553 531/570/2553 529/568/2553
f 1716/1663/2554 1720/1667/2554 1717/1664/2554
f 1717/1664/2555 1720/1667/2555 1719/1665/2555
f 1721/1668/2556 1719/1665/2556 1720/1667/2556
f 1721/1668/2557 1720/1667/2557 1704/1651/2557
f 1704/1651/2557 1720/1667/2557 1716/1663/2557
f 1722/1669/2558 1719/1665/2558 1721/1668/2558
f 1722/1669/2559 1721/1668/2559 1702/1648/2559
f 1721/1668/2560 1704/1651/2560 1702/1648/2560
f 1723/1670/2561 1724/1671/2561 1722/1672/2561
f 1722/1672/2562 976/1046/2562 1723/1670/2562
f 1722/1672/2561 1724/1671/2561 1719/1673/2561
f 1702/1648/2563 976/1674/2563 1722/1669/2563
f 1723/1670/2564 1725/1675/2564 1724/1671/2564
f 1726/1676/2565 1724/1671/2565 1725/1675/2565
f 1718/1677/2566 1719/1673/2566 1724/1671/2566
f 1718/1677/2567 1724/1671/2567 1726/1676/2567
f 1726/1676/2568 533/579/2568 1718/1677/2568
f 1725/1675/2569 1729/1678/2569 1726/1676/2569
f 1726/1676/2570 1728/1679/2570 1727/1680/2570
f 1727/1680/2571 535/576/2571 1726/1676/2571
f 1726/1676/2572 535/576/2572 533/579/2572
f 1726/1676/2573 1729/1678/2573 1728/1679/2573
f 973/1042/2574 1728/1679/2574 1729/1678/2574
f 973/1042/2575 1729/1678/2575 975/1045/2575
f 975/1045/2576 1729/1678/2576 1725/1675/2576
f 971/1041/2577 1730/1681/2577 1728/1679/2577
f 1727/1680/2578 1728/1679/2578 1730/1681/2578
f 971/1041/2574 1728/1679/2574 973/1042/2574
f 970/1040/2579 1731/1682/2579 1730/1681/2579
f 1732/1683/2580 1730/1681/2580 1731/1682/2580
f 970/1040/2577 1730/1681/2577 971/1041/2577
f 1727/1680/2581 1730/1681/2581 1732/1683/2581
f 1732/1683/2582 1731/1682/2582 1733/1684/2582
f 1732/1683/2583 537/582/2583 1727/1680/2583
f 1733/1684/2584 539/585/2584 1732/1683/2584
f 1732/1683/2585 539/585/2585 537/582/2585
f 1733/1684/2586 1731/1682/2586 1737/1685/2586
f 1733/1684/2587 1735/1686/2587 1734/1687/2587
f 1733/1684/2588 1734/1687/2588 1736/1688/2588
f 1737/1685/2589 1735/1686/2589 1733/1684/2589
f 1736/1688/2590 541/587/2590 1733/1684/2590
f 1733/1684/2584 541/587/2584 539/585/2584
f 968/1037/2591 1735/1686/2591 1737/1685/2591
f 968/1037/2592 1737/1685/2592 967/1038/2592
f 967/1038/2592 1737/1685/2592 1731/1682/2592
f 1739/1689/2593 543/589/2593 1736/1688/2593
f 1736/1688/2594 543/589/2594 541/587/2594
f 1736/1688/2595 1734/1687/2595 1738/1690/2595
f 1736/1688/2596 1738/1690/2596 1739/1689/2596
f 1739/1689/2597 1738/1690/2597 1742/1691/2597
f 1740/1692/2598 1741/1693/2598 1739/1689/2598
f 1739/1689/2599 1742/1691/2599 1740/1692/2599
f 1741/1693/2600 545/591/2600 1739/1689/2600
f 1739/1689/2593 545/591/2593 543/589/2593
f 1743/1694/2601 1740/1692/2601 1742/1691/2601
f 1743/1694/2602 1742/1691/2602 1744/1695/2602
f 1744/1695/2602 1742/1691/2602 1738/1690/2602
f 1744/1695/2603 1738/1690/2603 1745/1696/2603
f 1746/1697/2604 1744/1695/2604 1745/1696/2604
f 1746/1697/2605 1743/1694/2605 1744/1695/2605
f 964/1034/2606 961/1032/2606 1746/1697/2606
f 964/1034/2607 1746/1697/2607 1747/1698/2607
f 1747/1698/2608 1746/1697/2608 1745/1696/2608
f 961/1032/2609 953/1022/2609 1746/1697/2609
f 1746/1697/2609 953/1022/2609 1748/1699/2609
f 1748/1699/2610 1743/1694/2610 1746/1697/2610
f 1749/1700/2611 1743/1694/2611 1748/1699/2611
f 946/1016/2612 1749/1700/2612 1748/1699/2612
f 946/1016/2613 1748/1699/2613 947/1017/2613
f 947/1017/2614 1748/1699/2614 953/1022/2614
f 1750/1701/2615 1751/1702/2615 1749/1700/2615
f 1750/1701/2616 1749/1700/2616 946/1016/2616
f 1749/1700/2615 1751/1702/2615 1740/1692/2615
f 1749/1700/2601 1740/1692/2601 1743/1694/2601
f 1750/1701/2617 1752/1703/2617 1751/1702/2617
f 1741/1693/2618 1751/1702/2618 1752/1703/2618
f 1740/1692/2619 1751/1702/2619 1741/1693/2619
f 1753/1704/2620 1755/1705/2620 1752/1703/2620
f 1753/1704/2617 1752/1703/2617 1750/1701/2617
f 1741/1693/2621 1752/1703/2621 1754/1706/2621
f 1752/1703/2622 1755/1705/2622 1754/1706/2622
f 941/1011/2623 1756/1707/2623 1755/1705/2623
f 1754/1706/2624 1755/1705/2624 1756/1707/2624
f 941/1011/2620 1755/1705/2620 1753/1704/2620
f 940/1012/2625 1757/1708/2625 1756/1707/2625
f 1758/1709/2626 1756/1707/2626 1757/1708/2626
f 940/1012/2623 1756/1707/2623 941/1011/2623
f 1754/1706/2627 1756/1707/2627 1758/1709/2627
f 1758/1709/2628 549/595/2628 1754/1706/2628
f 1758/1709/2629 1757/1708/2629 930/999/2629
f 930/999/2630 551/597/2630 1758/1709/2630
f 1758/1709/2631 551/597/2631 549/595/2631
f 935/1005/1479 929/1000/1479 1757/1708/1479
f 930/999/2632 1757/1708/2632 929/1000/2632
f 935/1005/2625 1757/1708/2625 940/1012/2625
f 1754/1706/2633 549/595/2633 547/593/2633
f 1754/1706/2634 547/593/2634 1741/1693/2634
f 1753/1704/2635 1750/1701/2635 946/1016/2635
f 939/1010/2636 1753/1704/2636 946/1016/2636
f 941/1011/2637 1753/1704/2637 939/1010/2637
f 1745/1696/2638 1734/1687/2638 1747/1698/2638
f 1747/1698/2638 1734/1687/2638 1735/1686/2638
f 1747/1698/2639 1735/1686/2639 968/1037/2639
f 1747/1698/2640 968/1037/2640 964/1034/2640
f 1745/1696/2603 1738/1690/2603 1734/1687/2603
f 1741/1693/2641 547/593/2641 545/591/2641
f 967/1038/2579 1731/1682/2579 970/1040/2579
f 1727/1680/2642 537/582/2642 535/576/2642
f 975/1045/2564 1725/1675/2564 1723/1670/2564
f 975/1045/2643 1723/1670/2643 976/1046/2643
f 1718/1666/2644 533/573/2644 531/570/2644
f 1704/1651/2645 1716/1663/2645 1705/1652/2645
f 1705/1652/2645 1716/1663/2645 1708/1655/2645
f 1714/1661/2646 1759/1710/2646 1712/1660/2646
f 62/67/2647 1759/1710/2647 1714/1661/2647
f 1714/1661/2648 523/562/2648 62/67/2648
f 1714/1661/2649 525/564/2649 523/562/2649
f 51/56/2650 1712/1660/2650 1759/1710/2650
f 51/56/2651 1759/1710/2651 53/57/2651
f 53/57/2651 1759/1710/2651 55/59/2651
f 62/67/2652 55/59/2652 1759/1710/2652
f 50/55/2650 1712/1660/2650 51/56/2650
f 1706/1654/2653 52/54/2653 1760/1711/2653
f 1760/1711/2654 1700/1645/2654 1706/1654/2654
f 1760/1711/2655 52/54/2655 48/52/2655
f 1760/1711/2656 48/52/2656 1761/1712/2656
f 1761/1712/2657 1698/1641/2657 1760/1711/2657
f 1760/1711/2658 1698/1641/2658 1700/1645/2658
f 1761/1712/2659 48/52/2659 47/51/2659
f 1761/1712/2660 47/51/2660 1762/1713/2660
f 1762/1713/2661 1696/1642/2661 1761/1712/2661
f 1761/1712/2662 1696/1642/2662 1698/1641/2662
f 1762/1713/2663 47/51/2663 41/45/2663
f 1762/1713/2664 41/45/2664 1763/1714/2664
f 1763/547/2665 1695/545/2665 1762/548/2665
f 1762/548/2666 1695/545/2666 1696/546/2666
f 1763/1714/2667 41/45/2667 39/43/2667
f 1763/547/2668 39/42/2668 1764/264/2668
f 1764/264/2669 1765/266/2669 1763/547/2669
f 1763/547/2670 1765/266/2670 1695/545/2670
f 1764/264/2671 1434/267/2671 1765/266/2671
f 1766/269/2672 1765/266/2672 1434/267/2672
f 1692/268/2673 1695/545/2673 1765/266/2673
f 1692/268/2674 1765/266/2674 1766/269/2674
f 1766/269/2675 1693/271/2675 1692/268/2675
f 1766/269/2141 1434/267/2141 1435/232/2141
f 1435/232/2676 1440/231/2676 1766/269/2676
f 1766/269/2677 1440/231/2677 1693/271/2677
f 1764/264/2678 38/41/2678 1429/265/2678
f 1429/265/2679 1434/267/2679 1764/264/2679
f 1764/264/2680 39/42/2680 38/41/2680
f 1702/1648/2681 978/1650/2681 976/1674/2681
f 1767/229/2682 1693/271/2682 1440/231/2682
f 1688/273/2682 1693/271/2682 1767/229/2682
f 1767/229/2683 1768/225/2683 1687/226/2683
f 1767/229/2684 1687/226/2684 1688/273/2684
f 1767/229/2685 1440/231/2685 1441/227/2685
f 1441/227/2686 1768/225/2686 1767/229/2686
f 1443/126/2687 1769/124/2687 1768/225/2687
f 1441/227/2150 1443/126/2150 1768/225/2150
f 1768/225/2687 1769/124/2687 1681/222/2687
f 1768/225/2688 1681/222/2688 1687/226/2688
f 1445/1436/1588 1769/124/1588 1443/126/1588
f 1445/1436/1588 1676/122/1588 1769/124/1588
f 1676/122/2489 1681/222/2489 1769/124/2489
f 985/539/2689 984/542/2689 1690/541/2689
f 1687/226/2690 1681/222/2690 1682/224/2690
f 1679/219/2691 1770/217/2691 1684/220/2691
f 1684/220/2692 1770/217/2692 1771/218/2692
f 1684/220/2693 1771/218/2693 994/281/2693
f 993/279/2694 1684/220/2694 994/281/2694
f 1010/214/2695 1771/218/2695 1770/217/2695
f 994/281/2693 1771/218/2693 996/283/2693
f 1003/216/1578 996/283/1578 1771/218/1578
f 1003/216/2696 1771/218/2696 1010/214/2696
f 1679/219/2487 1677/121/2487 1770/217/2487
f 1010/214/2697 1770/217/2697 1772/119/2697
f 1772/119/2698 1770/217/2698 1677/121/2698
f 1014/1063/1588 1009/120/1588 1772/119/1588
f 1009/120/1585 1010/214/1585 1772/119/1585
f 1014/1063/1588 1772/119/1588 1677/121/1588
f 1437/127/1588 1438/129/1588 1446/1440/1588
f 1431/235/2699 1424/238/2699 1422/237/2699
f 1402/258/2125 1415/260/2125 1400/257/2125
f 1357/740/2438 1405/82/2438 1359/83/2438
f 1398/1433/2082 1360/1395/2082 1359/1394/2082
f 1334/1365/2700 676/759/2700 678/762/2700
f 1282/1313/1961 1329/1359/1961 1284/1314/1961
f 1288/1318/1863 1287/1317/1863 1326/1356/1863
f 1288/1318/2701 1326/1356/2701 1291/1322/2701
f 1291/1322/2701 1326/1356/2701 1293/1323/2701
f 1320/1350/2702 1773/1715/2702 1318/1349/2702
f 1774/1716/2703 1773/1715/2703 1320/1350/2703
f 1320/1350/2704 700/789/2704 1774/1716/2704
f 1320/1350/2705 698/787/2705 700/789/2705
f 1216/1263/2706 1221/1268/2706 1774/1716/2706
f 1774/1716/2707 702/791/2707 1216/1263/2707
f 1774/1716/2708 1221/1268/2708 1773/1715/2708
f 1774/1716/2709 700/789/2709 702/791/2709
f 1227/1275/2710 1318/1349/2710 1773/1715/2710
f 1227/1275/2711 1773/1715/2711 1223/1269/2711
f 1223/1269/2711 1773/1715/2711 1221/1268/2711
f 1226/1274/2710 1318/1349/2710 1227/1275/2710
f 1309/1339/1889 1308/1338/1889 1314/1344/1889
f 1311/1343/2712 1228/1273/2712 1232/1279/2712
f 1232/1279/2713 1237/1284/2713 1311/1343/2713
f 1297/1327/1876 1296/1326/1876 1303/1333/1876
f 1301/1332/2714 1300/1331/2714 1775/1717/2714
f 1301/1332/2715 1269/1299/2715 1290/1320/2715
f 1775/1717/2716 1267/1296/2716 1301/1332/2716
f 1301/1332/2717 1267/1296/2717 1269/1299/2717
f 1775/1717/2718 1300/1331/2718 1243/1290/2718
f 1775/1717/2719 1243/1290/2719 1244/1291/2719
f 1244/1291/2720 1266/1293/2720 1775/1717/2720
f 1775/1717/2721 1266/1293/2721 1267/1296/2721
f 1273/1302/2722 1281/1312/2722 1270/1300/2722
f 1264/716/2723 1262/720/2723 1272/719/2723
f 1247/1292/2724 1252/1294/2724 1266/1293/2724
f 1244/1291/2725 1247/1292/2725 1266/1293/2725
f 1224/1271/2726 1219/1265/2726 1210/1255/2726
f 1219/1265/2727 1208/1256/2727 1210/1255/2727
f 1216/1263/2728 702/791/2728 704/793/2728
f 1207/1253/2729 713/803/2729 1776/1718/2729
f 1776/1718/2730 1202/1248/2730 1207/1253/2730
f 1776/1718/2729 713/803/2729 714/802/2729
f 1776/1718/2731 714/802/2731 1777/1719/2731
f 1776/1718/2732 1777/1719/2732 1201/1247/2732
f 1201/1247/2733 1202/1248/2733 1776/1718/2733
f 1777/1719/2731 714/802/2731 715/804/2731
f 1777/1719/1117 715/804/1117 718/807/1117
f 1777/1719/2734 718/807/2734 1778/1720/2734
f 1201/1247/2735 1777/1719/2735 1778/1720/2735
f 1778/1720/2736 718/807/2736 1779/1721/2736
f 1779/1721/2737 1780/1722/2737 1778/1720/2737
f 1198/1244/2738 1778/1720/2738 1780/1722/2738
f 1201/1247/2739 1778/1720/2739 1198/1244/2739
f 1782/1723/2740 1781/1724/2740 1780/1722/2740
f 1195/1243/2741 1780/1722/2741 1781/1724/2741
f 1782/1723/2742 1780/1722/2742 1779/1721/2742
f 1198/1244/2743 1780/1722/2743 1195/1243/2743
f 1783/1725/2744 1781/1724/2744 1782/1723/2744
f 1784/1726/2745 1783/1727/2745 1782/1728/2745
f 1785/1729/2746 1782/1728/2746 1779/1730/2746
f 1784/1726/2747 1782/1728/2747 1785/1729/2747
f 1785/1729/2748 729/820/2748 732/824/2748
f 1785/1729/2749 732/824/2749 1784/1726/2749
f 1786/1731/2750 729/820/2750 1785/1729/2750
f 1785/1729/2751 1779/1730/2751 1786/1731/2751
f 721/1732/2752 722/814/2752 1786/1731/2752
f 1786/1731/2753 1779/1730/2753 721/1732/2753
f 1786/1731/2752 722/814/2752 727/819/2752
f 1786/1731/1134 727/819/1134 729/820/1134
f 1784/1726/2754 732/824/2754 734/825/2754
f 1784/1726/2755 734/825/2755 1174/1233/2755
f 1174/1233/2756 1783/1727/2756 1784/1726/2756
f 1176/1733/2757 1180/1734/2757 1783/1725/2757
f 1174/1233/2758 1176/1235/2758 1783/1727/2758
f 1783/1725/2759 1180/1734/2759 1781/1724/2759
f 1196/1242/2760 1781/1724/2760 1180/1734/2760
f 1195/1243/2761 1781/1724/2761 1196/1242/2761
f 1779/1721/2762 718/807/2762 719/808/2762
f 1779/1721/2763 719/808/2763 721/810/2763
f 1196/673/2764 1180/669/2764 1181/674/2764
f 1181/1735/2765 1187/1240/2765 1196/1242/2765
f 1789/332/2766 1168/334/2766 1167/451/2766
f 1787/335/2767 1788/337/2767 1168/334/2767
f 1787/335/2768 1168/334/2768 1789/332/2768
f 1164/336/2769 1168/334/2769 1788/337/2769
f 816/333/2770 1787/335/2770 1789/332/2770
f 813/330/2771 816/333/2771 1789/332/2771
f 813/330/2772 1789/332/2772 774/454/2772
f 1789/332/2773 1167/451/2773 774/454/2773
f 1790/339/2774 1788/337/2774 1787/335/2774
f 1153/437/2775 1164/336/2775 1788/337/2775
f 1153/437/2776 1788/337/2776 1150/343/2776
f 1790/339/2776 1150/343/2776 1788/337/2776
f 1791/341/2777 1149/342/2777 1790/339/2777
f 1149/342/2778 1150/343/2778 1790/339/2778
f 1792/338/2779 1791/341/2779 1790/339/2779
f 1792/338/2780 1790/339/2780 1787/335/2780
f 1793/340/2779 1791/341/2779 1792/338/2779
f 815/169/2781 1793/340/2781 1792/338/2781
f 816/333/2782 1792/338/2782 1787/335/2782
f 815/169/2783 1792/338/2783 816/333/2783
f 1794/165/2784 1795/163/2784 1793/340/2784
f 818/167/2785 1794/165/2785 1793/340/2785
f 1793/340/2786 1795/163/2786 1791/341/2786
f 818/167/2787 1793/340/2787 815/169/2787
f 1796/1167/1588 1141/1213/1588 1795/163/1588
f 1795/163/1588 1794/165/1588 1796/1167/1588
f 1141/1213/1588 1797/161/1588 1795/163/1588
f 1795/163/2788 1797/161/2788 1791/341/2788
f 1149/342/1665 1797/161/1665 1143/162/1665
f 1791/341/2789 1797/161/2789 1149/342/2789
f 1141/1213/1588 1143/162/1588 1797/161/1588
f 1796/1736/2790 1140/1215/2790 1141/1214/2790
f 1796/1167/1588 1794/165/1588 1798/164/1588
f 1796/1167/1588 1798/164/1588 1107/1159/1588
f 1107/1162/1636 1111/1168/1636 1796/1736/1636
f 1796/1736/2791 1111/1168/2791 1140/1215/2791
f 1798/164/2792 1794/165/2792 818/167/2792
f 1798/164/1588 1799/166/1588 1107/1159/1588
f 1799/166/2793 1798/164/2793 819/168/2793
f 819/168/2794 1798/164/2794 818/167/2794
f 1107/1159/1588 1799/166/1588 1105/103/1588
f 1105/103/2795 1799/166/2795 821/171/2795
f 821/171/2796 1799/166/2796 819/168/2796
f 774/866/2797 1167/1227/2797 772/863/2797
f 1155/438/2798 1164/336/2798 1153/437/2798
f 1131/1203/1588 1140/1213/1588 1132/1196/1588
f 1132/1196/1588 1140/1213/1588 1111/1167/1588
f 1129/1198/2791 1042/1737/2791 1135/1558/2791
f 1135/1558/2199 1042/1737/2199 1046/1559/2199
f 1132/1196/1588 1111/1167/1588 1112/1166/1588
f 1112/1172/1657 1117/1176/1657 1132/1199/1657
f 1129/1198/2791 1037/1197/2791 1042/1737/2791
f 1114/1173/1588 1109/1157/1588 1108/1158/1588
f 823/172/1633 1105/103/1633 821/171/1633
f 1094/184/2799 1097/183/2799 1800/317/2799
f 1800/317/2799 1097/183/2799 830/319/2799
f 829/181/2800 830/319/2800 1097/183/2800
f 832/316/2801 1802/314/2801 1800/317/2801
f 1800/317/2802 830/319/2802 832/316/2802
f 1800/317/2803 1801/315/2803 1094/184/2803
f 1800/317/2801 1802/314/2801 1801/315/2801
f 1803/312/2804 1801/315/2804 1802/314/2804
f 1803/312/2805 1802/314/2805 839/481/2805
f 839/481/2806 1802/314/2806 834/478/2806
f 832/316/2807 834/478/2807 1802/314/2807
f 1803/312/2808 1805/310/2808 1804/313/2808
f 1804/313/2809 1801/315/2809 1803/312/2809
f 1803/312/2810 841/484/2810 1805/310/2810
f 839/481/2811 841/484/2811 1803/312/2811
f 1807/308/2812 1806/311/2812 1805/310/2812
f 1804/313/2813 1805/310/2813 1806/311/2813
f 1807/308/2814 1805/310/2814 1808/487/2814
f 1808/487/2815 1805/310/2815 841/484/2815
f 1809/489/2816 1807/308/2816 1808/487/2816
f 1808/487/2817 841/484/2817 842/488/2817
f 1810/490/2818 1808/487/2818 842/488/2818
f 1809/489/2819 1808/487/2819 1810/490/2819
f 845/916/2820 850/918/2820 1810/1738/2820
f 1810/1738/2821 850/918/2821 1811/1739/2821
f 1810/1740/2822 842/906/2822 845/910/2822
f 1810/490/2823 1811/492/2823 1809/489/2823
f 1813/494/2824 1812/491/2824 1811/492/2824
f 1809/489/2825 1811/492/2825 1812/491/2825
f 1813/1741/2826 1811/1739/2826 1814/1742/2826
f 1814/1742/2827 1811/1739/2827 850/918/2827
f 1815/1743/2828 1813/1741/2828 1814/1742/2828
f 1814/1742/2829 850/918/2829 851/917/2829
f 1816/1744/2830 1814/1742/2830 851/917/2830
f 1815/1743/2831 1814/1742/2831 1816/1744/2831
f 1818/1745/2832 1816/1744/2832 1817/1746/2832
f 1817/1746/2833 1816/1744/2833 855/920/2833
f 1816/1744/2834 851/917/2834 855/920/2834
f 1818/1745/2835 1815/1743/2835 1816/1744/2835
f 1817/1746/2836 1821/1747/2836 1818/1745/2836
f 1818/1745/2837 1821/1747/2837 1819/1748/2837
f 1818/1745/2838 1819/1748/2838 1820/1749/2838
f 1820/1749/2839 1815/1743/2839 1818/1745/2839
f 1822/1750/2840 1819/1748/2840 1821/1747/2840
f 1821/1747/2841 922/992/2841 1822/1750/2841
f 1817/1746/2842 1823/1751/2842 1821/1747/2842
f 1823/1751/2843 922/992/2843 1821/1747/2843
f 1824/1752/2844 918/988/2844 1823/1751/2844
f 1824/1752/2845 1823/1751/2845 1817/1746/2845
f 1823/1751/2844 918/988/2844 919/989/2844
f 1823/1751/1461 919/989/1461 922/992/1461
f 853/921/2846 860/928/2846 1824/1752/2846
f 1824/1752/2847 855/920/2847 853/921/2847
f 1824/1752/2846 860/928/2846 918/988/2846
f 1817/1746/2848 855/920/2848 1824/1752/2848
f 1825/1753/2849 1819/1748/2849 1822/1750/2849
f 1826/1754/2850 1825/1753/2850 1822/1750/2850
f 1822/1750/2851 922/992/2851 923/993/2851
f 1822/1750/2852 923/993/2852 925/995/2852
f 1826/1754/2853 1822/1750/2853 1827/1755/2853
f 1827/1755/2854 1822/1750/2854 925/995/2854
f 925/995/2855 926/996/2855 1827/1755/2855
f 1827/1755/2855 926/996/2855 931/1002/2855
f 1827/1755/1477 931/1002/1477 933/1003/1477
f 1827/1755/2856 933/1003/2856 1826/1754/2856
f 1828/1756/2857 1825/1753/2857 1826/1754/2857
f 1826/1754/2858 933/1003/2858 936/1007/2858
f 1826/1754/2859 936/1007/2859 1828/1756/2859
f 1828/1756/2860 936/1007/2860 938/1009/2860
f 1828/1756/2861 938/1009/2861 1829/1757/2861
f 1829/1757/2862 1830/1758/2862 1828/1756/2862
f 1828/1756/2863 1830/1758/2863 1825/1753/2863
f 1831/1759/2864 1832/1760/2864 1830/1758/2864
f 1829/1757/2865 1831/1759/2865 1830/1758/2865
f 1830/1758/2866 1832/1760/2866 1833/1761/2866
f 1830/1758/2867 1833/1761/2867 1825/1753/2867
f 1834/1762/2868 1833/1761/2868 1832/1760/2868
f 1825/1753/2869 1833/1761/2869 1819/1748/2869
f 1820/1749/2870 1819/1748/2870 1833/1761/2870
f 1820/1749/2871 1833/1761/2871 1834/1762/2871
f 1834/1762/2872 1837/1763/2872 1820/1749/2872
f 1834/1762/2873 1832/1760/2873 1835/1764/2873
f 1835/1764/2874 1836/1765/2874 1834/1762/2874
f 1834/1762/2875 1836/1765/2875 1837/1763/2875
f 1820/1749/2876 1837/1763/2876 1815/1743/2876
f 1836/495/2877 1838/493/2877 1837/496/2877
f 1837/496/2878 1838/493/2878 1813/494/2878
f 1837/1763/2879 1813/1741/2879 1815/1743/2879
f 1839/302/2880 1840/304/2880 1838/493/2880
f 1836/495/2881 1839/302/2881 1838/493/2881
f 1838/493/2882 1840/304/2882 1812/491/2882
f 1838/493/2883 1812/491/2883 1813/494/2883
f 1839/302/2884 1841/305/2884 1840/304/2884
f 1843/307/2885 1840/304/2885 1841/305/2885
f 1842/306/2886 1812/491/2886 1840/304/2886
f 1842/306/2887 1840/304/2887 1843/307/2887
f 1843/307/2888 1841/305/2888 1844/195/2888
f 1844/195/2889 1846/193/2889 1843/307/2889
f 1843/307/2890 1846/193/2890 1845/309/2890
f 1843/307/2891 1845/309/2891 1842/306/2891
f 1847/191/2892 1848/189/2892 1846/193/2892
f 1844/195/2893 1847/191/2893 1846/193/2893
f 1846/193/2894 1848/189/2894 1849/190/2894
f 1846/193/2895 1849/190/2895 1845/309/2895
f 1088/187/2896 1849/190/2896 1848/189/2896
f 1845/309/2897 1849/190/2897 1806/311/2897
f 1090/188/2898 1806/311/2898 1849/190/2898
f 1090/188/2896 1849/190/2896 1088/187/2896
f 1847/191/2899 1850/108/2899 1848/189/2899
f 1088/187/2900 1848/189/2900 1084/106/2900
f 1084/106/2901 1848/189/2901 1850/108/2901
f 1081/1155/1588 1084/106/1588 1850/108/1588
f 1081/1155/1588 1850/108/1588 1851/107/1588
f 1851/107/2902 1850/108/2902 1847/191/2902
f 1081/1155/1588 1851/107/1588 1854/1766/1588
f 1854/1766/1588 1851/107/1588 1852/109/1588
f 1852/109/2903 1851/107/2903 1853/192/2903
f 1853/192/2904 1851/107/2904 1847/191/2904
f 1854/1766/1588 1856/111/1588 1855/1767/1588
f 1855/1768/2905 1857/1769/2905 1854/1770/2905
f 1854/1766/1588 1852/109/1588 1856/111/1588
f 1854/1771/2906 1082/1151/2906 1081/1150/2906
f 1854/1771/2906 1857/1772/2906 1082/1151/2906
f 1073/1132/1588 1857/1766/1588 1858/1133/1588
f 1858/1133/1588 1857/1766/1588 1859/1767/1588
f 1855/1768/2905 1859/1773/2905 1857/1769/2905
f 1073/1132/1588 1082/1155/1588 1857/1766/1588
f 1858/1133/1588 1859/1767/1588 1860/1774/1588
f 1860/1774/1588 1859/1767/1588 1861/1775/1588
f 1862/1776/2907 1861/1777/2907 1859/1773/2907
f 1862/1776/2907 1859/1773/2907 1855/1768/2907
f 1862/1775/1588 1864/113/1588 1863/1073/1588
f 1863/1778/2908 1861/1777/2908 1862/1776/2908
f 1862/1775/1588 1866/114/1588 1864/113/1588
f 1855/1767/1588 1865/112/1588 1862/1775/1588
f 1862/1775/1588 1865/112/1588 1866/114/1588
f 1866/114/2909 1868/203/2909 1864/113/2909
f 1866/114/2910 1865/112/2910 1867/201/2910
f 1867/201/2911 1868/203/2911 1866/114/2911
f 1869/205/2912 1864/113/2912 1868/203/2912
f 1869/205/2913 1868/203/2913 1870/206/2913
f 1870/206/2914 1868/203/2914 1871/204/2914
f 1867/201/2915 1871/204/2915 1868/203/2915
f 1870/206/2916 1871/204/2916 1872/295/2916
f 1872/295/2917 1871/204/2917 1873/297/2917
f 1874/202/2918 1873/297/2918 1871/204/2918
f 1874/202/2919 1871/204/2919 1867/201/2919
f 1875/299/2920 1873/297/2920 1874/202/2920
f 1874/202/2921 1877/200/2921 1875/299/2921
f 1867/201/2922 1876/198/2922 1874/202/2922
f 1874/202/2923 1876/198/2923 1877/200/2923
f 1876/198/2924 1879/197/2924 1877/200/2924
f 1875/299/2925 1877/200/2925 1878/301/2925
f 1877/200/2926 1880/199/2926 1878/301/2926
f 1877/200/2927 1879/197/2927 1880/199/2927
f 1879/197/2928 1881/194/2928 1880/199/2928
f 1880/199/2929 1881/194/2929 1882/196/2929
f 1880/199/2930 1882/196/2930 1883/303/2930
f 1878/301/2931 1880/199/2931 1883/303/2931
f 1883/303/2932 1882/196/2932 1841/305/2932
f 1883/303/2933 1841/305/2933 1839/302/2933
f 1884/300/2934 1883/303/2934 1839/302/2934
f 1878/301/2935 1883/303/2935 1884/300/2935
f 1884/300/2936 1839/302/2936 1836/495/2936
f 1885/298/2937 1878/301/2937 1884/300/2937
f 1885/298/2938 1884/300/2938 1835/500/2938
f 1835/500/2939 1884/300/2939 1836/495/2939
f 1885/298/2940 1887/503/2940 1886/296/2940
f 1885/298/2941 1886/296/2941 1875/299/2941
f 1835/500/2942 1887/503/2942 1885/298/2942
f 1875/299/2943 1878/301/2943 1885/298/2943
f 1888/506/2944 1886/296/2944 1887/503/2944
f 1888/1779/2945 1887/1780/2945 1831/1759/2945
f 1831/1759/2946 1887/1780/2946 1832/1760/2946
f 1835/1764/2947 1832/1760/2947 1887/1780/2947
f 1889/294/2948 1886/296/2948 1888/506/2948
f 1890/509/2949 1889/294/2949 1888/506/2949
f 1891/1781/2950 1888/1779/2950 1831/1759/2950
f 1890/1782/2951 1888/1779/2951 1891/1781/2951
f 1829/1757/2952 944/1014/2952 1891/1781/2952
f 1891/1781/2953 1831/1759/2953 1829/1757/2953
f 1891/1781/2954 1892/1783/2954 1890/1782/2954
f 1891/1781/2955 944/1014/2955 1892/1783/2955
f 950/1021/2956 1893/1784/2956 1892/1783/2956
f 1890/1782/2957 1892/1783/2957 1893/1784/2957
f 950/1021/2958 1892/1783/2958 943/1013/2958
f 943/1013/2959 1892/1783/2959 944/1014/2959
f 1895/515/2960 1894/290/2960 1893/512/2960
f 1896/292/2961 1893/512/2961 1894/290/2961
f 1895/1785/2962 1893/1784/2962 950/1021/2962
f 1890/509/2963 1893/512/2963 1896/292/2963
f 1896/292/2964 1894/290/2964 1897/293/2964
f 1896/292/2965 1872/295/2965 1889/294/2965
f 1896/292/2966 1889/294/2966 1890/509/2966
f 1897/293/2967 1872/295/2967 1896/292/2967
f 1897/293/2968 1894/290/2968 1899/291/2968
f 1898/208/2969 1870/206/2969 1897/293/2969
f 1897/293/2969 1870/206/2969 1872/295/2969
f 1897/293/2970 1899/291/2970 1898/208/2970
f 1901/289/2971 1900/211/2971 1899/291/2971
f 1898/208/2972 1899/291/2972 1900/211/2972
f 1901/289/2973 1899/291/2973 1902/288/2973
f 1902/288/2974 1899/291/2974 1894/290/2974
f 1903/286/2975 1901/289/2975 1902/288/2975
f 1902/288/2976 1894/290/2976 1895/515/2976
f 956/518/2977 1902/288/2977 1895/515/2977
f 1903/286/2978 1902/288/2978 956/518/2978
f 956/518/2979 955/521/2979 1903/286/2979
f 1903/286/2980 955/521/2980 1001/284/2980
f 1903/286/2981 1001/284/2981 1004/287/2981
f 1004/287/2982 1901/289/2982 1903/286/2982
f 1007/213/2983 1900/211/2983 1901/289/2983
f 1004/287/2984 1007/213/2984 1901/289/2984
f 1007/213/2985 1904/209/2985 1900/211/2985
f 1905/207/2986 1900/211/2986 1904/209/2986
f 1898/208/2987 1900/211/2987 1905/207/2987
f 1907/117/2988 1906/115/2988 1905/207/2988
f 1905/207/2988 1906/115/2988 1869/205/2988
f 1905/207/2989 1904/209/2989 1907/117/2989
f 1905/207/2990 1869/205/2990 1898/208/2990
f 1863/1073/1588 1907/117/1588 1015/1067/1588
f 1863/1073/1588 1906/115/1588 1907/117/1588
f 1015/1067/1588 1907/117/1588 1012/116/1588
f 1907/117/2991 1904/209/2991 1012/116/2991
f 1863/1073/1588 1864/113/1588 1906/115/1588
f 1906/115/2992 1864/113/2992 1869/205/2992
f 1006/210/1589 1012/116/1589 1904/209/1589
f 1006/210/2985 1904/209/2985 1007/213/2985
f 1898/208/2993 1869/205/2993 1870/206/2993
f 949/1020/2994 1895/1785/2994 950/1021/2994
f 956/1027/2995 1895/1785/2995 949/1020/2995
f 1889/294/2996 1873/297/2996 1886/296/2996
f 1872/295/2997 1873/297/2997 1889/294/2997
f 1875/299/2998 1886/296/2998 1873/297/2998
f 1853/192/2999 1882/196/2999 1881/194/2999
f 1844/195/3000 1841/305/3000 1882/196/3000
f 1844/195/3001 1882/196/3001 1853/192/3001
f 1853/192/3002 1881/194/3002 1852/109/3002
f 1852/109/3003 1881/194/3003 1856/111/3003
f 1879/197/3004 1856/111/3004 1881/194/3004
f 1876/198/3005 1908/110/3005 1879/197/3005
f 1908/110/3006 1856/111/3006 1879/197/3006
f 1855/1767/1588 1856/111/1588 1908/110/1588
f 1855/1767/1588 1908/110/1588 1865/112/1588
f 1865/112/3007 1908/110/3007 1876/198/3007
f 1867/201/2910 1865/112/2910 1876/198/2910
f 1015/1069/1593 1019/1072/1593 1863/1778/1593
f 1863/1778/2908 1019/1072/2908 1861/1777/2908
f 1860/1774/1597 1861/1775/1597 1021/1074/1597
f 1021/1074/1588 1861/1775/1588 1019/1073/1588
f 1860/1786/3008 1909/1787/3008 1858/1788/3008
f 1021/1077/3009 1024/1081/3009 1860/1786/3009
f 1860/1786/3009 1024/1081/3009 1909/1787/3009
f 1858/1788/3008 1909/1787/3008 1070/1140/3008
f 1910/1090/1588 1909/1774/1588 1024/1074/1588
f 1069/1119/1588 1070/1133/1588 1909/1774/1588
f 1069/1119/1588 1909/1774/1588 1910/1090/1588
f 1910/1090/1588 1024/1074/1588 1025/1082/1588
f 1025/1085/3010 1030/1089/3010 1910/1789/3010
f 1910/1789/3011 1056/1790/3011 1069/1134/3011
f 1910/1789/3011 1030/1089/3011 1056/1790/3011
f 1858/1788/1605 1070/1140/1605 1073/1139/1605
f 1853/192/3012 1847/191/3012 1844/195/3012
f 1845/309/3013 1806/311/3013 1807/308/3013
f 1842/306/3014 1845/309/3014 1807/308/3014
f 1842/306/3015 1807/308/3015 1809/489/3015
f 1809/489/3016 1812/491/3016 1842/306/3016
f 1829/1757/3017 938/1009/3017 944/1014/3017
f 1804/313/3018 1806/311/3018 1090/188/3018
f 1090/188/3019 1091/186/3019 1804/313/3019
f 1804/313/3020 1091/186/3020 1801/315/3020
f 1094/184/3021 1801/315/3021 1091/186/3021
f 1085/1147/1588 1096/98/1588 1093/100/1588
f 1085/1147/1588 1093/100/1588 1086/105/1588
f 1072/1142/1588 1082/1155/1588 1073/1132/1588
f 1067/1128/3022 1036/1130/3022 1076/1186/3022
f 1076/1186/3023 1036/1130/3023 1041/1187/3023
f 1069/1134/3024 1056/1790/3024 1061/1131/3024
f 1027/1087/1599 1040/1635/1599 1028/1088/1599
f 955/521/3025 958/524/3025 1001/284/3025
f 981/1052/3026 990/1057/3026 979/1050/3026
f 961/1032/3027 952/1023/3027 953/1022/3027
f 930/999/3028 553/599/3028 551/597/3028
f 920/991/3029 559/605/3029 557/603/3029
f 775/457/3030 813/330/3030 774/454/3030
f 792/884/3031 791/883/3031 801/893/3031
f 792/884/1198 780/871/1198 782/873/1198
f 756/850/3032 757/848/3032 771/862/3032
f 746/838/3033 745/837/3033 756/850/3033
f 743/834/1151 742/833/1151 749/840/1151
f 735/826/3034 736/827/3034 747/839/3034
f 726/816/3035 601/654/3035 599/652/3035
f 716/806/3036 607/662/3036 605/665/3036
f 68/73/3037 71/75/3037 661/743/3037
f 62/67/3038 523/562/3038 63/68/3038
f 80/88/3039 83/91/3039 385/389/3039
f 72/78/3040 248/255/3040 75/79/3040
f 87/95/3041 86/94/3041 133/141/3041
f 61/65/3042 5/5/3042 59/63/3042
f 7/9/3043 59/63/3043 4/6/3043
f 4/6/3043 59/63/3043 5/5/3043
f 42/46/3044 41/45/3044 47/51/3044
f 26/27/3045 32/32/3045 8/10/3045
f 8/10/3046 32/32/3046 9/11/3046
f 13/13/3047 26/27/3047 8/10/3047
f 2/3/1 3/2/1 15/15/1
f 1917/1791/114 1911/1792/114 1912/1793/114
f 1911/1794/3048 1913/1795/3048 1912/1796/3048
f 1911/1794/3048 1915/1797/3048 1913/1795/3048
f 1916/1798/114 1914/1799/114 1911/1792/114
f 1914/1800/3049 1915/1797/3049 1911/1794/3049
f 1916/1798/3050 1911/1792/3050 1917/1791/3050
f 1917/1801/3051 1920/1802/3051 1916/1794/3051
f 1917/1801/3052 1918/1803/3052 1920/1802/3052
f 1919/1804/3052 1918/1803/3052 1917/1801/3052
f 1917/1791/114 1912/1793/114 1919/1805/114
f 1918/1805/1592 1922/1806/1592 1920/1791/1592
f 1916/1794/3051 1920/1802/3051 1921/1797/3051
f 1920/1791/3053 1913/1793/3053 1921/1798/3053
f 1920/1791/1588 1922/1806/1588 1913/1793/1588
f 1912/1796/3054 1913/1795/3054 1922/1807/3054
f 1912/1796/3054 1922/1807/3054 1923/1808/3054
f 1923/1808/3055 1922/1807/3055 1924/1809/3055
f 1918/1805/1588 1924/1810/1588 1922/1806/1588
f 1923/1808/3055 1924/1809/3055 1925/1811/3055
f 1925/1811/3056 1924/1809/3056 1926/1812/3056
f 1927/1813/1588 1926/1814/1588 1924/1810/1588
f 1927/1813/1588 1924/1810/1588 1918/1805/1588
f 1919/1804/3057 1927/1815/3057 1918/1803/3057
f 1928/1816/3057 1927/1815/3057 1919/1804/3057
f 1928/1816/3058 1929/1817/3058 1927/1815/3058
f 1929/1818/1588 1926/1814/1588 1927/1813/1588
f 1929/1818/1588 1930/1819/1588 1926/1814/1588
f 1931/1820/1588 1930/1819/1588 1929/1818/1588
f 1932/1821/3059 1931/1822/3059 1929/1817/3059
f 1932/1821/3060 1929/1817/3060 1928/1816/3060
f 1932/1818/114 1925/1810/114 1933/1814/114
f 1928/1813/114 1925/1810/114 1932/1818/114
f 1932/1818/114 1933/1814/114 1934/1820/114
f 1934/1823/3061 1931/1822/3061 1932/1821/3061
f 1934/1820/114 1933/1814/114 1936/1819/114
f 1934/1824/3062 1935/1825/3062 1931/1826/3062
f 1937/1827/3063 1935/1825/3063 1934/1824/3063
f 1934/1820/3064 1936/1819/3064 1937/1828/3064
f 1937/1828/114 1938/1829/114 1939/1830/114
f 1936/1819/114 1938/1829/114 1937/1828/114
f 1937/1828/114 1939/1830/114 1941/1831/114
f 1937/1827/3065 1940/1832/3065 1935/1825/3065
f 1941/1833/3065 1940/1832/3065 1937/1827/3065
f 1941/1833/3066 1942/1834/3066 1940/1832/3066
f 1944/1835/3067 1942/1834/3067 1941/1833/3067
f 1941/1831/114 1939/1830/114 1943/1836/114
f 1941/1831/114 1943/1836/114 1944/1837/114
f 1944/1835/3068 1945/1838/3068 1942/1834/3068
f 1946/1839/3068 1945/1838/3068 1944/1835/3068
f 1944/1837/114 1943/1836/114 1947/1840/114
f 1944/1837/114 1947/1840/114 1946/1841/114
f 1943/1842/3069 1948/1843/3069 1947/1844/3069
f 1947/1844/3070 1948/1843/3070 1949/1845/3070
f 1947/1844/3070 1949/1845/3070 1950/1846/3070
f 1946/1841/114 1947/1840/114 1950/1847/114
f 1950/1846/3071 1951/1848/3071 1952/1849/3071
f 1950/1846/3071 1949/1845/3071 1951/1848/3071
f 1953/1850/114 1950/1847/114 1952/1851/114
f 1946/1841/114 1950/1847/114 1953/1850/114
f 1953/1850/114 1952/1851/114 1955/1852/114
f 1953/1853/3072 1956/1854/3072 1946/1839/3072
f 1953/1853/3073 1954/1855/3073 1956/1854/3073
f 1955/1856/3074 1954/1855/3074 1953/1853/3074
f 1956/1850/1588 1951/1851/1588 1945/1841/1588
f 1956/1850/1588 1957/1857/1588 1951/1851/1588
f 1954/1852/1588 1957/1857/1588 1956/1850/1588
f 1946/1839/3072 1956/1854/3072 1945/1838/3072
f 1952/1849/3075 1951/1848/3075 1957/1858/3075
f 1952/1849/3075 1957/1858/3075 1958/1859/3075
f 1958/1859/3076 1957/1858/3076 1959/1860/3076
f 1954/1852/1588 1959/1861/1588 1957/1857/1588
f 1958/1859/3076 1959/1860/3076 1960/1862/3076
f 1960/1862/3077 1959/1860/3077 1961/1863/3077
f 1962/1864/1588 1961/1865/1588 1959/1861/1588
f 1962/1864/1588 1959/1861/1588 1954/1852/1588
f 1964/1866/3078 1963/1867/3078 1962/1868/3078
f 1963/1869/1588 1961/1865/1588 1962/1864/1588
f 1955/1856/3079 1962/1868/3079 1954/1855/3079
f 1964/1866/3080 1962/1868/3080 1955/1856/3080
f 1955/1852/114 1958/1857/114 1964/1864/114
f 1965/1870/3081 1963/1867/3081 1964/1866/3081
f 1964/1864/3050 1960/1861/3050 1965/1869/3050
f 1964/1864/114 1958/1857/114 1960/1861/114
f 1965/1869/114 1966/1865/114 1967/1871/114
f 1965/1869/114 1960/1861/114 1966/1865/114
f 1967/1872/3082 1968/1873/3082 1965/1870/3082
f 1965/1870/3083 1968/1873/3083 1963/1867/3083
f 1968/1871/1588 1969/1874/1588 1963/1869/1588
f 1968/1871/1588 1971/1875/1588 1969/1874/1588
f 1967/1876/3084 1970/1877/3084 1968/1878/3084
f 1970/1879/1588 1971/1875/1588 1968/1871/1588
f 1972/1880/3085 1969/1881/3085 1971/1812/3085
f 1972/1880/3086 1971/1812/3086 1973/1882/3086
f 1973/1882/3087 1971/1812/3087 1974/1809/3087
f 1970/1879/1588 1974/1883/1588 1971/1875/1588
f 1973/1882/3087 1974/1809/3087 1975/1811/3087
f 1975/1811/3088 1974/1809/3088 1976/1807/3088
f 1977/1884/1588 1976/1885/1588 1974/1883/1588
f 1977/1884/1588 1974/1883/1588 1970/1879/1588
f 1979/1886/3089 1978/1887/3089 1977/1888/3089
f 1978/1889/1597 1976/1885/1597 1977/1884/1597
f 1980/1890/3090 1977/1888/3090 1970/1877/3090
f 1979/1886/3091 1977/1888/3091 1980/1890/3091
f 1980/1879/114 1972/1874/114 1973/1875/114
f 1967/1871/114 1972/1874/114 1980/1879/114
f 1980/1890/3092 1970/1877/3092 1967/1876/3092
f 1980/1879/114 1973/1875/114 1979/1884/114
f 1981/1891/3089 1978/1887/3089 1979/1886/3089
f 1979/1884/114 1973/1875/114 1975/1883/114
f 1979/1884/3064 1975/1883/3064 1981/1889/3064
f 1981/1889/114 1982/1885/114 1983/1892/114
f 1981/1889/114 1975/1883/114 1982/1885/114
f 1983/1893/3093 1984/1894/3093 1981/1891/3093
f 1981/1891/3093 1984/1894/3093 1978/1887/3093
f 1984/1892/3094 1985/1895/3094 1978/1889/3094
f 1984/1892/1588 1986/1896/1588 1985/1895/1588
f 1987/1897/3095 1986/1896/3095 1984/1892/3095
f 1983/1893/3096 1987/1797/3096 1984/1894/3096
f 1987/1897/1588 1989/1898/1588 1986/1896/1588
f 1990/1899/3097 1988/1900/3097 1987/1797/3097
f 1988/1901/1588 1989/1898/1588 1987/1897/1588
f 1990/1899/3098 1987/1797/3098 1983/1893/3098
f 1983/1892/114 1992/1896/114 1990/1901/114
f 1991/1902/3099 1993/1903/3099 1990/1899/3099
f 1990/1901/114 1994/1898/114 1991/1904/114
f 1990/1901/114 1992/1896/114 1994/1898/114
f 1993/1903/3100 1988/1900/3100 1990/1899/3100
f 1992/1794/3101 1989/1905/3101 1994/1800/3101
f 1994/1800/3102 1989/1905/3102 1995/1906/3102
f 1994/1800/3102 1995/1906/3102 1996/1907/3102
f 1991/1904/114 1994/1898/114 1996/1908/114
f 1996/1907/3103 1997/1909/3103 1998/1910/3103
f 1996/1907/3103 1995/1906/3103 1997/1909/3103
f 1999/1911/114 1996/1908/114 1998/1912/114
f 1991/1904/3050 1996/1908/3050 1999/1911/3050
f 1999/1913/3104 2002/1914/3104 1991/1902/3104
f 1999/1911/114 1998/1912/114 2001/1915/114
f 1999/1913/3105 2000/1916/3105 2002/1914/3105
f 2001/1917/3106 2000/1916/3106 1999/1913/3106
f 2002/1911/1588 1997/1912/1588 1993/1904/1588
f 2002/1911/1588 2003/1918/1588 1997/1912/1588
f 2000/1915/1588 2003/1918/1588 2002/1911/1588
f 1991/1902/3107 2002/1914/3107 1993/1903/3107
f 1998/1910/3108 1997/1909/3108 2003/1919/3108
f 1998/1910/3108 2003/1919/3108 2004/1920/3108
f 2004/1920/3109 2003/1919/3109 2005/1921/3109
f 2000/1915/1588 2005/1922/1588 2003/1918/1588
f 2004/1920/3109 2005/1921/3109 2006/1923/3109
f 2006/1924/3110 2005/1925/3110 2007/1863/3110
f 2008/1926/1588 2007/1927/1588 2005/1922/1588
f 2008/1926/1588 2005/1922/1588 2000/1915/1588
f 2010/1872/3111 2009/1867/3111 2008/1873/3111
f 2009/1928/1592 2007/1927/1592 2008/1926/1592
f 2001/1917/3112 2008/1929/3112 2000/1916/3112
f 2010/1930/3113 2008/1929/3113 2001/1917/3113
f 2011/1870/3111 2009/1867/3111 2010/1872/3111
f 2001/1915/3050 2004/1918/3050 2010/1926/3050
f 2010/1926/114 2004/1918/114 2006/1922/114
f 2010/1926/3050 2006/1922/3050 2011/1928/3050
f 2011/1928/114 2012/1927/114 2013/1931/114
f 2011/1928/114 2006/1922/114 2012/1927/114
f 2011/1870/3114 2014/1868/3114 2009/1867/3114
f 2013/1866/3114 2014/1868/3114 2011/1870/3114
f 2014/1931/1592 2015/1932/1592 2009/1928/1592
f 2014/1931/1588 2016/1933/1588 2015/1932/1588
f 2017/1934/1588 2016/1933/1588 2014/1931/1588
f 2013/1866/3115 2017/1855/3115 2014/1868/3115
f 2017/1934/1588 2019/1935/1588 2016/1933/1588
f 2020/1856/3116 2018/1854/3116 2017/1855/3116
f 2018/1936/1588 2019/1935/1588 2017/1934/1588
f 2020/1856/3117 2017/1855/3117 2013/1866/3117
f 2021/1853/3118 2018/1854/3118 2020/1856/3118
f 2020/1934/114 2023/1933/114 2021/1936/114
f 2020/1934/114 2022/1932/114 2023/1933/114
f 2013/1931/114 2022/1932/114 2020/1934/114
f 2022/1862/3119 2016/1858/3119 2023/1859/3119
f 2023/1859/3120 2016/1858/3120 2019/1848/3120
f 2023/1859/3120 2019/1848/3120 2024/1849/3120
f 2021/1936/114 2023/1933/114 2024/1935/114
f 2024/1849/3121 2019/1848/3121 2025/1845/3121
f 2024/1849/3121 2025/1845/3121 2026/1846/3121
f 2027/1937/114 2024/1935/114 2026/1938/114
f 2021/1936/114 2024/1935/114 2027/1937/114
f 2027/1937/114 2026/1938/114 2028/1939/114
f 2027/1839/3122 2030/1838/3122 2021/1853/3122
f 2028/1835/3123 2029/1834/3123 2027/1839/3123
f 2027/1839/3123 2029/1834/3123 2030/1838/3123
f 2030/1937/1588 2031/1940/1588 2025/1938/1588
f 2029/1939/1588 2031/1940/1588 2030/1937/1588
f 2021/1853/3122 2030/1838/3122 2018/1854/3122
f 2030/1937/1588 2025/1938/1588 2018/1936/1588
f 2026/1846/3124 2031/1843/3124 2032/1844/3124
f 2026/1846/3124 2025/1845/3124 2031/1843/3124
f 2032/1844/3125 2031/1843/3125 2033/1941/3125
f 2029/1939/1588 2033/1942/1588 2031/1940/1588
f 2032/1844/3126 2033/1941/3126 2034/1842/3126
f 2034/1842/3127 2033/1941/3127 2035/1943/3127
f 2036/1944/1588 2035/1945/1588 2033/1942/1588
f 2036/1944/1588 2033/1942/1588 2029/1939/1588
f 2038/1833/3128 2037/1825/3128 2036/1832/3128
f 2037/1946/1588 2035/1945/1588 2036/1944/1588
f 2028/1835/3129 2036/1832/3129 2029/1834/3129
f 2038/1833/3129 2036/1832/3129 2028/1835/3129
f 2039/1827/3128 2037/1825/3128 2038/1833/3128
f 2038/1944/114 2040/1945/114 2039/1946/114
f 2028/1939/114 2032/1940/114 2038/1944/114
f 2038/1944/114 2032/1940/114 2034/1942/114
f 2038/1944/114 2034/1942/114 2040/1945/114
f 2034/1842/3127 2035/1943/3127 2040/1947/3127
f 2040/1947/3130 2035/1943/3130 2041/1948/3130
f 2040/1947/3131 2041/1948/3131 2042/1949/3131
f 2039/1946/114 2040/1945/114 2042/1950/114
f 2042/1949/3132 2043/1951/3132 2044/1952/3132
f 2042/1949/3132 2041/1948/3132 2043/1951/3132
f 2045/1953/114 2042/1950/114 2044/1954/114
f 2039/1946/114 2042/1950/114 2045/1953/114
f 2045/1824/3133 2046/1826/3133 2039/1827/3133
f 2045/1955/3134 2048/1956/3134 2046/1957/3134
f 2045/1953/3064 2044/1954/3064 2047/1958/3064
f 2047/1959/3134 2048/1956/3134 2045/1955/3134
f 2048/1958/1588 2049/1960/1588 2046/1953/1588
f 2048/1958/1588 2050/1961/1588 2049/1960/1588
f 2051/1962/1588 2050/1961/1588 2048/1958/1588
f 2047/1959/3135 2051/1963/3135 2048/1956/3135
f 2053/1964/3136 2052/1965/3136 2051/1963/3136
f 2052/1966/1588 2054/1967/1588 2051/1962/1588
f 2051/1962/1588 2054/1967/1588 2050/1961/1588
f 2053/1964/3135 2051/1963/3135 2047/1959/3135
f 2055/1910/3137 2050/1909/3137 2054/1906/3137
f 2055/1910/3137 2054/1906/3137 2056/1907/3137
f 2056/1907/3138 2054/1906/3138 2057/1905/3138
f 2052/1966/1588 2057/1799/1588 2054/1967/1588
f 2056/1907/3138 2057/1905/3138 1914/1800/3138
f 1914/1800/3049 2057/1905/3049 1915/1797/3049
f 2058/1968/1588 1915/1792/1588 2057/1799/1588
f 2058/1968/3053 2057/1799/3053 2052/1966/3053
f 2059/1969/3139 1921/1797/3139 2058/1970/3139
f 1921/1798/1588 1915/1792/1588 2058/1968/1588
f 2060/1971/3140 2058/1970/3140 2052/1965/3140
f 2059/1969/3141 2058/1970/3141 2060/1971/3141
f 2060/1966/3064 2056/1967/3064 2059/1968/3064
f 2060/1966/114 2055/1961/114 2056/1967/114
f 2060/1971/3136 2052/1965/3136 2053/1964/3136
f 2053/1962/3050 2055/1961/3050 2060/1966/3050
f 2059/1968/114 2056/1967/114 1914/1799/114
f 1916/1794/3139 1921/1797/3139 2059/1969/3139
f 2059/1968/114 1914/1799/114 1916/1798/114
f 2053/1962/114 2061/1960/114 2055/1961/114
f 2061/1920/3142 2050/1909/3142 2055/1910/3142
f 2047/1958/114 2044/1954/114 2061/1960/114
f 2044/1923/3143 2049/1919/3143 2061/1920/3143
f 2061/1920/3142 2049/1919/3142 2050/1909/3142
f 2047/1958/114 2061/1960/114 2053/1962/114
f 2046/1953/1588 2049/1960/1588 2043/1954/1588
f 2044/1923/3143 2043/1921/3143 2049/1919/3143
f 2039/1827/3133 2046/1826/3133 2037/1825/3133
f 2046/1953/1588 2043/1954/1588 2037/1946/1588
f 2043/1954/1588 2041/1950/1588 2037/1946/1588
f 2037/1946/1588 2041/1950/1588 2035/1945/1588
f 2028/1939/114 2026/1938/114 2032/1940/114
f 2018/1936/1588 2025/1938/1588 2019/1935/1588
f 2013/1931/114 2012/1927/114 2022/1932/114
f 2012/1972/3144 2015/1860/3144 2022/1862/3144
f 2022/1862/3119 2015/1860/3119 2016/1858/3119
f 2012/1972/3145 2007/1863/3145 2015/1860/3145
f 2009/1928/1588 2015/1932/1588 2007/1927/1588
f 2006/1924/3110 2007/1863/3110 2012/1972/3110
f 2001/1915/114 1998/1912/114 2004/1918/114
f 1993/1904/1588 1997/1912/1588 1995/1908/1588
f 1988/1901/1588 1995/1908/1588 1989/1898/1588
f 1993/1904/1588 1995/1908/1588 1988/1901/1588
f 1983/1892/114 2062/1895/114 1992/1896/114
f 2062/1796/3146 1986/1797/3146 1992/1794/3146
f 1992/1794/3101 1986/1797/3101 1989/1905/3101
f 1983/1892/114 1982/1885/114 2062/1895/114
f 1982/1808/3147 1985/1795/3147 2062/1796/3147
f 2062/1796/3146 1985/1795/3146 1986/1797/3146
f 1982/1808/3147 1976/1807/3147 1985/1795/3147
f 1978/1889/1588 1985/1895/1588 1976/1885/1588
f 1975/1811/3088 1976/1807/3088 1982/1808/3088
f 1967/1871/114 1966/1865/114 1972/1874/114
f 1966/1972/3148 1969/1925/3148 1972/1924/3148
f 1966/1972/3148 1961/1863/3148 1969/1925/3148
f 1963/1869/1588 1969/1874/1588 1961/1865/1588
f 1960/1862/3077 1961/1863/3077 1966/1972/3077
f 1955/1852/114 1952/1851/114 1958/1857/114
f 1945/1841/1588 1951/1851/1588 1949/1847/1588
f 1942/1837/1588 1949/1847/1588 1948/1840/1588
f 1945/1841/1588 1949/1847/1588 1942/1837/1588
f 1940/1831/1588 1948/1840/1588 2063/1836/1588
f 1943/1842/3069 2063/1941/3069 1948/1843/3069
f 1942/1837/1588 1948/1840/1588 1940/1831/1588
f 1940/1831/1588 2063/1836/1588 2064/1830/1588
f 1939/1947/3149 2064/1943/3149 2063/1941/3149
f 1939/1947/3149 2063/1941/3149 1943/1842/3149
f 1938/1949/3150 2064/1943/3150 1939/1947/3150
f 1938/1949/3150 2065/1948/3150 2064/1943/3150
f 1940/1831/1588 2064/1830/1588 1935/1828/1588
f 1935/1828/1588 2064/1830/1588 2065/1829/1588
f 1931/1820/1588 2065/1829/1588 1930/1819/1588
f 1936/1952/3151 1930/1951/3151 2065/1948/3151
f 1936/1952/3151 2065/1948/3151 1938/1949/3151
f 1935/1828/1588 2065/1829/1588 1931/1820/1588
f 1933/1882/3152 1930/1881/3152 1936/1880/3152
f 1925/1811/3056 1926/1812/3056 1933/1882/3056
f 1933/1882/3152 1926/1812/3152 1930/1881/3152
f 1928/1813/114 1923/1806/114 1925/1810/114
f 1919/1805/3064 1923/1806/3064 1928/1813/3064
f 1919/1805/114 1912/1793/114 1923/1806/114
f 1921/1798/1588 1913/1793/1588 1915/1792/1588
usemtl Steel_Glossy.001
f 2067/1973/3153 2071/1974/3153 2066/1975/3153
f 2066/1976/3154 2068/1977/3154 2067/1978/3154
f 2066/1976/3155 2070/1979/3155 2068/1977/3155
f 2066/1975/3153 2072/1980/3153 2069/1981/3153
f 2069/1982/3155 2070/1979/3155 2066/1976/3155
f 2066/1975/3153 2071/1974/3153 2072/1980/3153
f 2069/1981/3153 2072/1980/3153 2075/1983/3153
f 2071/1984/3156 2073/1985/3156 2072/1976/3156
f 2072/1976/3157 2073/1985/3157 2074/1986/3157
f 2072/1976/3158 2074/1986/3158 2075/1987/3158
f 2069/1981/3153 2075/1983/3153 2079/1988/3153
f 2079/1988/3153 2075/1983/3153 2076/1989/3153
f 2076/1990/3159 2075/1987/3159 2077/1991/3159
f 2075/1987/3160 2078/1992/3160 2077/1991/3160
f 2075/1987/3161 2074/1986/3161 2078/1992/3161
f 2079/1988/3153 2076/1989/3153 2080/1993/3153
f 2080/1994/3162 2081/1995/3162 2079/1996/3162
f 2079/1996/3162 2081/1995/3162 2082/1997/3162
f 2079/1996/3163 2082/1997/3163 2069/1982/3163
f 2081/1993/3164 2083/1998/3164 2082/1988/3164
f 2069/1982/3163 2082/1997/3163 2070/1979/3163
f 2082/1988/3164 2084/1999/3164 2070/1981/3164
f 2082/1988/3164 2083/1998/3164 2084/1999/3164
f 2084/2000/3165 2087/2001/3165 2085/2002/3165
f 2084/2000/3166 2085/2002/3166 2088/2003/3166
f 2083/2004/3167 2086/2005/3167 2084/2000/3167
f 2084/2000/3168 2086/2005/3168 2087/2001/3168
f 2070/1981/3164 2084/1999/3164 2088/2006/3164
f 2070/1981/3164 2088/2006/3164 2068/1975/3164
f 2068/1975/3164 2088/2006/3164 2089/2007/3164
f 2088/2003/3169 2090/2008/3169 2089/1977/3169
f 2088/2003/3170 2091/2009/3170 2090/2008/3170
f 2088/2003/3171 2085/2002/3171 2091/2009/3171
f 2091/2006/3172 2085/2010/3172 2092/2011/3172
f 2092/2011/3173 2093/2012/3173 2091/2006/3173
f 2093/2012/3174 2090/2013/3174 2091/2006/3174
f 2096/2014/1588 2093/2009/1588 2092/2001/1588
f 2095/1991/1588 2094/2015/1588 2093/2009/1588
f 2094/2016/3175 2097/2007/3175 2093/2012/3175
f 2093/2012/3176 2097/2007/3176 2090/2013/3176
f 2095/1991/1588 2093/2009/1588 2096/2014/1588
f 2089/1977/3177 2090/2008/3177 2097/2015/3177
f 2089/1977/3178 2097/2015/3178 2098/2017/3178
f 2098/2017/3179 2097/2015/3179 2099/2018/3179
f 2094/2016/3180 2099/2019/3180 2097/2007/3180
f 2101/2020/3181 2100/2021/3181 2099/2019/3181
f 2098/2017/3182 2099/2018/3182 2100/2022/3182
f 2101/2020/3183 2099/2019/3183 2094/2016/3183
f 2101/2020/3184 2102/2023/3184 2100/2021/3184
f 2103/2024/3185 2102/2023/3185 2101/2020/3185
f 2105/1986/1588 2101/2022/1588 2094/2015/1588
f 2104/2025/1588 2103/2026/1588 2101/2022/1588
f 2104/2025/1588 2101/2022/1588 2105/1986/1588
f 2105/2016/3186 2074/1980/3186 2104/2027/3186
f 2095/2028/3187 2078/2029/3187 2105/2016/3187
f 2105/1986/1588 2094/2015/1588 2095/1991/1588
f 2105/2016/3188 2078/2029/3188 2074/1980/3188
f 2106/2030/1588 2103/2026/1588 2104/2025/1588
f 2106/2031/3189 2104/2027/3189 2107/1974/3189
f 2104/2027/3190 2073/2032/3190 2107/1974/3190
f 2104/2027/3191 2074/1980/3191 2073/2032/3191
f 2107/1974/3192 2108/2033/3192 2106/2031/3192
f 2071/1984/3193 2108/2034/3193 2107/2025/3193
f 2071/1984/3194 2107/2025/3194 2073/1985/3194
f 2106/2031/3195 2108/2033/3195 2109/2035/3195
f 2110/2036/3196 2109/2030/3196 2108/2034/3196
f 2110/2036/3197 2108/2034/3197 2071/1984/3197
f 2067/1973/3153 2110/2035/3153 2071/1974/3153
f 2111/2037/3153 2110/2035/3153 2067/1973/3153
f 2111/2037/3153 2112/2038/3153 2110/2035/3153
f 2112/2039/3198 2113/2040/3198 2110/2036/3198
f 2110/2036/3199 2113/2040/3199 2109/2030/3199
f 2114/2041/3200 2113/2042/3200 2115/2038/3200
f 2114/2041/3201 2109/2035/3201 2113/2042/3201
f 2112/2039/3202 2115/2043/3202 2113/2040/3202
f 2117/2044/3203 2114/2041/3203 2115/2038/3203
f 2112/2039/3204 2116/2045/3204 2115/2043/3204
f 2115/2038/3205 2116/2046/3205 2117/2044/3205
f 2117/2047/1588 2118/2048/1588 2114/2043/1588
f 2117/2047/1588 2120/2049/1588 2118/2048/1588
f 2117/2044/3206 2121/2050/3206 2119/2051/3206
f 2119/2052/1588 2120/2049/1588 2117/2047/1588
f 2117/2044/3207 2116/2046/3207 2121/2050/3207
f 2119/2051/3208 2121/2050/3208 2122/2053/3208
f 2123/2054/3209 2122/2055/3209 2121/2047/3209
f 2123/2054/3210 2121/2047/3210 2116/2045/3210
f 2124/2056/3153 2123/2050/3153 2126/2057/3153
f 2124/2056/3153 2125/2058/3153 2123/2050/3153
f 2126/2057/3153 2123/2050/3153 2112/2038/3153
f 2123/2054/3211 2116/2045/3211 2112/2039/3211
f 2125/2059/3212 2122/2055/3212 2123/2054/3212
f 2126/2057/3153 2112/2038/3153 2111/2037/3153
f 2111/2060/3213 2127/2061/3213 2126/2062/3213
f 2126/2062/3213 2127/2061/3213 2128/2063/3213
f 2126/2062/3214 2128/2063/3214 2124/2064/3214
f 2127/2037/3164 2131/2065/3164 2128/2057/3164
f 2124/2064/3214 2128/2063/3214 2129/2066/3214
f 2128/2057/3164 2130/2067/3164 2129/2056/3164
f 2128/2057/3164 2132/2068/3164 2130/2067/3164
f 2128/2057/3164 2131/2065/3164 2132/2068/3164
f 2130/2069/3215 2132/2070/3215 2133/2071/3215
f 2132/2070/3216 2135/2072/3216 2133/2071/3216
f 2131/2073/3217 2134/2026/3217 2132/2070/3217
f 2132/2070/3218 2134/2026/3218 2135/2072/3218
f 2103/2024/3219 2135/2074/3219 2134/2065/3219
f 2136/2075/3220 2133/2068/3220 2135/2074/3220
f 2136/2075/3221 2135/2074/3221 2103/2024/3221
f 2106/2030/1588 2136/2071/1588 2103/2026/1588
f 2114/2043/1588 2118/2048/1588 2136/2071/1588
f 2118/2076/3222 2137/2077/3222 2136/2075/3222
f 2114/2043/1588 2136/2071/1588 2106/2030/1588
f 2136/2075/3223 2137/2077/3223 2133/2068/3223
f 2130/2069/3224 2137/2078/3224 2138/2048/3224
f 2133/2071/3225 2137/2078/3225 2130/2069/3225
f 2118/2076/3226 2138/2067/3226 2137/2077/3226
f 2130/2069/3227 2138/2048/3227 2139/2079/3227
f 2139/2079/3228 2138/2048/3228 2140/2080/3228
f 2118/2076/3229 2140/2081/3229 2138/2067/3229
f 2139/2079/3230 2140/2080/3230 2141/2049/3230
f 2120/2082/3231 2141/2083/3231 2140/2081/3231
f 2120/2082/3232 2140/2081/3232 2118/2076/3232
f 2141/2084/3233 2143/2085/3233 2142/2086/3233
f 2142/2086/3234 2139/2087/3234 2141/2084/3234
f 2120/2082/3235 2143/2088/3235 2141/2083/3235
f 2142/2086/3236 2143/2085/3236 2144/2089/3236
f 2145/2090/3237 2144/2089/3237 2143/2085/3237
f 2145/2090/3238 2143/2085/3238 2120/2091/3238
f 2119/2052/1588 2145/2092/1588 2120/2049/1588
f 2146/2093/1588 2145/2092/1588 2119/2052/1588
f 2146/2094/3239 2147/2095/3239 2145/2090/3239
f 2145/2090/3240 2147/2095/3240 2144/2089/3240
f 2148/2096/3241 2147/2095/3241 2149/2097/3241
f 2148/2096/3242 2144/2089/3242 2147/2095/3242
f 2146/2094/3243 2149/2097/3243 2147/2095/3243
f 2149/2097/3244 2151/2098/3244 2150/2099/3244
f 2150/2099/3245 2148/2096/3245 2149/2097/3245
f 2146/2094/3246 2151/2098/3246 2149/2097/3246
f 2150/2099/3247 2151/2098/3247 2152/2100/3247
f 2153/2101/3248 2152/2100/3248 2151/2098/3248
f 2153/2101/3249 2151/2098/3249 2146/2094/3249
f 2153/2101/3250 2154/2102/3250 2152/2100/3250
f 2155/2103/3251 2154/2102/3251 2153/2101/3251
f 2157/2104/1588 2153/2105/1588 2146/2093/1588
f 2156/2106/1588 2155/2107/1588 2153/2105/1588
f 2156/2106/1588 2153/2105/1588 2157/2104/1588
f 2157/2108/3252 2160/2109/3252 2156/2110/3252
f 2157/2108/3253 2119/2111/3253 2158/2112/3253
f 2157/2104/1588 2146/2093/1588 2119/2052/1588
f 2158/2112/3254 2159/2113/3254 2157/2108/3254
f 2157/2108/3255 2159/2113/3255 2160/2109/3255
f 2156/2110/3256 2160/2109/3256 2162/2114/3256
f 2161/2115/3257 2160/2109/3257 2159/2113/3257
f 2161/2115/3258 2162/2114/3258 2160/2109/3258
f 2156/2110/3259 2162/2114/3259 2164/2116/3259
f 2163/2117/3260 2162/2114/3260 2161/2115/3260
f 2163/2117/3261 2164/2116/3261 2162/2114/3261
f 2164/2116/3262 2166/2118/3262 2165/2119/3262
f 2165/2119/3263 2156/2110/3263 2164/2116/3263
f 2163/2117/3264 2166/2118/3264 2164/2116/3264
f 2165/2119/3265 2166/2118/3265 2168/2120/3265
f 2167/2121/3266 2168/2120/3266 2166/2118/3266
f 2167/2121/3267 2166/2118/3267 2163/2117/3267
f 2165/2119/3268 2168/2120/3268 2170/2122/3268
f 2167/2121/3269 2169/2123/3269 2168/2120/3269
f 2170/2122/3270 2168/2120/3270 2169/2123/3270
f 2170/2124/1588 2171/2125/1588 2172/2126/1588
f 2173/2127/1588 2171/2125/1588 2170/2124/1588
f 2170/2124/1588 2172/2126/1588 2165/2128/1588
f 2174/2129/3271 2173/2130/3271 2170/2122/3271
f 2174/2129/3271 2170/2122/3271 2175/2131/3271
f 2170/2122/3272 2169/2123/3272 2175/2131/3272
f 2175/2131/3273 2176/2132/3273 2174/2129/3273
f 2177/2133/3273 2176/2132/3273 2175/2131/3273
f 2177/2133/3274 2175/2131/3274 2169/2123/3274
f 2178/2134/3153 2177/2135/3153 2167/2136/3153
f 2179/2137/3275 2177/2135/3275 2178/2134/3275
f 2177/2133/3276 2169/2123/3276 2167/2121/3276
f 2179/2137/3153 2180/2138/3153 2177/2135/3153
f 2180/2139/3277 2176/2132/3277 2177/2133/3277
f 2184/2140/3278 2176/2132/3278 2180/2139/3278
f 2181/2141/3279 2180/2139/3279 2182/2142/3279
f 2184/2140/3279 2180/2139/3279 2181/2141/3279
f 2183/2143/3153 2182/2144/3153 2180/2138/3153
f 2183/2143/3153 2180/2138/3153 2179/2137/3153
f 2185/2143/3164 2184/2138/3164 2186/2145/3164
f 2185/2143/3164 2187/2135/3164 2184/2138/3164
f 2186/2145/3164 2184/2138/3164 2181/2144/3164
f 2174/2129/3280 2176/2132/3280 2184/2140/3280
f 2184/2140/3271 2187/2146/3271 2174/2129/3271
f 2187/2146/3274 2190/2147/3274 2174/2129/3274
f 2191/2137/3164 2188/2136/3164 2187/2135/3164
f 2188/2148/3281 2189/2149/3281 2187/2146/3281
f 2187/2146/3282 2189/2149/3282 2190/2147/3282
f 2191/2137/3164 2187/2135/3164 2185/2143/3164
f 2192/2150/3283 2191/2151/3283 2185/2152/3283
f 2194/2134/3164 2188/2136/3164 2191/2137/3164
f 2193/2153/3283 2191/2151/3283 2192/2150/3283
f 2193/2153/3284 2194/2154/3284 2191/2151/3284
f 2195/2155/3164 2197/2156/3164 2194/2134/3164
f 2196/2157/3285 2195/2158/3285 2194/2154/3285
f 2196/2157/3284 2194/2154/3284 2193/2153/3284
f 2194/2134/3164 2197/2156/3164 2188/2136/3164
f 2188/2148/3286 2197/2159/3286 2198/2160/3286
f 2197/2159/3261 2201/2161/3261 2198/2160/3261
f 2195/2155/3164 2199/2162/3164 2197/2156/3164
f 2199/2163/3287 2200/2164/3287 2197/2159/3287
f 2197/2159/3288 2200/2164/3288 2201/2161/3288
f 2201/2161/3289 2202/2165/3289 2203/2166/3289
f 2200/2164/3290 2202/2165/3290 2201/2161/3290
f 2201/2161/3291 2203/2166/3291 2198/2160/3291
f 2203/2167/1588 2204/2168/1588 2206/2169/1588
f 2203/2167/1588 2205/2170/1588 2204/2168/1588
f 2202/2171/1588 2205/2170/1588 2203/2167/1588
f 2207/2172/3292 2203/2166/3292 2206/2173/3292
f 2198/2160/3293 2203/2166/3293 2207/2172/3293
f 2207/2172/3294 2206/2173/3294 2189/2149/3294
f 2188/2148/3266 2207/2172/3266 2189/2149/3266
f 2198/2160/3295 2207/2172/3295 2188/2148/3295
f 2206/2169/1588 2204/2168/1588 2208/2174/1588
f 2190/2147/3296 2206/2173/3296 2173/2130/3296
f 2206/2169/1588 2208/2174/1588 2173/2127/1588
f 2189/2149/1634 2206/2173/1634 2190/2147/1634
f 2208/2175/3297 2209/2176/3297 2210/2177/3297
f 2204/2178/3298 2209/2176/3298 2208/2175/3298
f 2208/2175/3299 2210/2177/3299 2211/2179/3299
f 2208/2175/3300 2211/2179/3300 2171/2180/3300
f 2173/2127/1588 2208/2174/1588 2171/2125/1588
f 2210/2177/3301 2212/2181/3301 2211/2179/3301
f 2211/2179/3302 2212/2181/3302 2213/2182/3302
f 2171/2180/3303 2211/2179/3303 2213/2182/3303
f 2213/2182/3304 2212/2181/3304 2214/2183/3304
f 2213/2182/3305 2214/2183/3305 2215/2184/3305
f 2213/2182/3306 2215/2184/3306 2171/2180/3306
f 2215/2184/3307 2216/2132/3307 2217/2185/3307
f 2215/2184/3307 2214/2183/3307 2216/2132/3307
f 2171/2180/3308 2215/2184/3308 2217/2185/3308
f 2216/2132/3309 2218/2186/3309 2217/2185/3309
f 2217/2185/3308 2218/2186/3308 2220/2187/3308
f 2172/2188/19 2217/2185/19 2219/2189/19
f 2217/2185/3305 2220/2187/3305 2219/2189/3305
f 2171/2180/3308 2217/2185/3308 2172/2188/3308
f 2221/2137/3164 2220/2190/3164 2224/2143/3164
f 2221/2137/3164 2223/2191/3164 2220/2190/3164
f 2219/2189/3310 2220/2187/3310 2222/2192/3310
f 2220/2187/3311 2223/2193/3311 2222/2192/3311
f 2224/2143/3164 2220/2190/3164 2218/2194/3164
f 2183/2195/3283 2221/2196/3283 2224/2197/3283
f 2183/2195/3312 2224/2197/3312 2225/2198/3312
f 2225/2198/3312 2224/2197/3312 2226/2199/3312
f 2224/2143/3164 2218/2194/3164 2226/2145/3164
f 2225/2198/3313 2226/2199/3313 2227/2200/3313
f 2227/2200/3313 2226/2199/3313 2228/2201/3313
f 2226/2145/3164 2230/2202/3164 2228/2203/3164
f 2218/2194/3164 2229/2204/3164 2226/2145/3164
f 2226/2145/3164 2229/2204/3164 2230/2202/3164
f 2228/2203/3164 2230/2202/3164 2233/2205/3164
f 2229/2206/3314 2231/2207/3314 2230/2208/3314
f 2230/2208/3315 2231/2207/3315 2232/2209/3315
f 2230/2208/3315 2232/2209/3315 2233/2210/3315
f 2228/2203/3164 2233/2205/3164 2234/2211/3164
f 2234/2211/3164 2233/2205/3164 2236/2212/3164
f 2233/2210/3316 2232/2209/3316 2235/2213/3316
f 2233/2210/3316 2235/2213/3316 2236/2214/3316
f 2236/2214/3317 2235/2213/3317 2237/2215/3317
f 2236/2214/3317 2237/2215/3317 2238/2216/3317
f 2239/2217/3164 2236/2212/3164 2238/2218/3164
f 2234/2211/3164 2236/2212/3164 2239/2217/3164
f 2240/2219/3318 2234/2220/3318 2239/2221/3318
f 2240/2222/3319 2239/2223/3319 2241/2224/3319
f 2241/2224/3319 2239/2223/3319 2242/2225/3319
f 2239/2217/3320 2238/2218/3320 2242/2226/3320
f 2241/2224/3321 2242/2225/3321 2243/2227/3321
f 2243/2227/3321 2242/2225/3321 2244/2228/3321
f 2242/2226/3164 2245/2229/3164 2244/2230/3164
f 2242/2226/3164 2238/2218/3164 2245/2229/3164
f 2244/2230/3164 2245/2229/3164 2248/2231/3164
f 2238/2079/3322 2246/2232/3322 2245/2069/3322
f 2245/2069/3323 2246/2232/3323 2247/2233/3323
f 2245/2069/3323 2247/2233/3323 2248/2070/3323
f 2244/2230/3164 2248/2231/3164 2249/2234/3164
f 2249/2234/3164 2248/2231/3164 2251/2235/3164
f 2248/2070/3324 2247/2233/3324 2250/2236/3324
f 2248/2070/3324 2250/2236/3324 2251/2073/3324
f 2251/2073/3325 2250/2236/3325 2252/2237/3325
f 2251/2073/3325 2252/2237/3325 2253/2017/3325
f 2254/2238/3164 2251/2235/3164 2253/2239/3164
f 2249/2234/3164 2251/2235/3164 2254/2238/3164
f 2255/2240/3326 2249/2241/3326 2254/2242/3326
f 2255/2240/1588 2254/2242/1588 2256/2243/1588
f 2256/2243/1588 2254/2242/1588 2257/2244/1588
f 2254/2238/3164 2258/2245/3164 2257/2246/3164
f 2254/2238/3164 2253/2239/3164 2258/2245/3164
f 2253/2017/3327 2259/2247/3327 2258/1977/3327
f 2258/1977/3328 2259/2247/3328 2260/2248/3328
f 2258/1977/3328 2260/2248/3328 2261/2003/3328
f 2257/2246/3164 2258/2245/3164 2261/2249/3164
f 2262/2250/3164 2261/2249/3164 2264/2251/3164
f 2257/2246/3164 2261/2249/3164 2262/2250/3164
f 2261/2003/3329 2260/2248/3329 2263/2252/3329
f 2261/2003/3329 2263/2252/3329 2264/2000/3329
f 2264/2000/3330 2263/2252/3330 2265/2253/3330
f 2264/2000/3330 2265/2253/3330 2266/2004/3330
f 2267/2254/3164 2264/2251/3164 2266/2255/3164
f 2262/2250/3164 2264/2251/3164 2267/2254/3164
f 2268/2256/3331 2262/2257/3331 2267/2258/3331
f 2268/2256/3332 2267/2258/3332 2269/2259/3332
f 2269/2259/3332 2267/2258/3332 2270/2260/3332
f 2267/2254/3164 2266/2255/3164 2270/2261/3164
f 2269/2259/3333 2270/2260/3333 2271/2262/3333
f 2271/2262/3333 2270/2260/3333 2272/2263/3333
f 2270/2261/3164 2273/2264/3164 2272/2265/3164
f 2270/2261/3164 2266/2255/3164 2273/2264/3164
f 2266/2004/3334 2274/2266/3334 2273/2267/3334
f 2273/2267/3335 2274/2266/3335 2275/2268/3335
f 2273/2267/3335 2275/2268/3335 2276/2269/3335
f 2272/2265/3164 2273/2264/3164 2276/2270/3164
f 2277/2271/3164 2276/2270/3164 2279/2272/3164
f 2272/2265/3320 2276/2270/3320 2277/2271/3320
f 2276/2216/3336 2275/2215/3336 2278/2213/3336
f 2276/2216/3336 2278/2213/3336 2279/2214/3336
f 2279/2214/3337 2278/2213/3337 2280/2209/3337
f 2279/2214/3337 2280/2209/3337 2281/2210/3337
f 2279/2272/3164 2281/2273/3164 2282/2274/3164
f 2277/2271/3320 2279/2272/3320 2282/2274/3320
f 2283/2200/3338 2277/2220/3338 2282/2201/3338
f 2283/2200/3339 2282/2201/3339 2284/2198/3339
f 2284/2198/3339 2282/2201/3339 2285/2199/3339
f 2282/2274/3164 2286/2275/3164 2285/2276/3164
f 2282/2274/3164 2281/2273/3164 2286/2275/3164
f 2281/2210/3340 2287/2207/3340 2286/2208/3340
f 2286/2208/3341 2287/2207/3341 2288/2277/3341
f 2286/2208/3341 2288/2277/3341 2289/2206/3341
f 2285/2276/3164 2286/2275/3164 2289/2278/3164
f 2289/2206/3342 2290/2279/3342 2291/2186/3342
f 2289/2206/3342 2288/2277/3342 2290/2279/3342
f 2285/2276/3164 2289/2278/3164 2292/2280/3164
f 2292/2280/3164 2289/2278/3164 2291/2281/3164
f 2293/2195/3343 2285/2199/3343 2292/2197/3343
f 2293/2195/3344 2292/2197/3344 2294/2282/3344
f 2294/2282/3344 2292/2197/3344 2295/2196/3344
f 2292/2280/3345 2291/2281/3345 2295/2283/3345
f 2294/2282/3346 2295/2196/3346 2296/2284/3346
f 2296/2284/3346 2295/2196/3346 2297/2285/3346
f 2295/2283/3164 2298/2286/3164 2297/2287/3164
f 2295/2283/3164 2291/2281/3164 2298/2286/3164
f 2298/2187/3347 2301/2185/3347 2299/2189/3347
f 2298/2187/3348 2299/2189/3348 2302/2193/3348
f 2291/2186/3349 2300/2132/3349 2298/2187/3349
f 2298/2187/3350 2300/2132/3350 2301/2185/3350
f 2297/2287/3164 2298/2286/3164 2302/2288/3164
f 2304/2289/3164 2302/2288/3164 2303/2290/3164
f 2302/2193/3351 2305/2102/3351 2303/2099/3351
f 2297/2287/3164 2302/2288/3164 2304/2289/3164
f 2302/2193/3352 2306/2192/3352 2305/2102/3352
f 2302/2193/3353 2299/2189/3353 2306/2192/3353
f 2299/2189/3354 2307/2188/3354 2306/2192/3354
f 2307/2188/3355 2308/2103/3355 2306/2192/3355
f 2308/2103/3356 2305/2102/3356 2306/2192/3356
f 2308/2103/3357 2309/2100/3357 2305/2102/3357
f 2310/2101/3358 2309/2100/3358 2308/2103/3358
f 2312/2291/1588 2308/2292/1588 2307/2293/1588
f 2311/2294/1588 2310/2295/1588 2308/2292/1588
f 2311/2294/1588 2308/2292/1588 2312/2291/1588
f 2312/2122/3359 2315/2123/3359 2311/2119/3359
f 2313/2130/3308 2314/2131/3308 2312/2122/3308
f 2312/2291/1588 2307/2293/1588 2313/2296/1588
f 2312/2122/3360 2314/2131/3360 2315/2123/3360
f 2311/2119/3361 2315/2123/3361 2317/2120/3361
f 2316/2133/3362 2315/2123/3362 2314/2131/3362
f 2316/2133/3363 2317/2120/3363 2315/2123/3363
f 2311/2119/3364 2317/2120/3364 2319/2118/3364
f 2318/2121/3365 2317/2120/3365 2316/2133/3365
f 2318/2121/3366 2319/2118/3366 2317/2120/3366
f 2311/2119/3367 2319/2118/3367 2321/2110/3367
f 2320/2116/3368 2319/2118/3368 2318/2121/3368
f 2321/2110/3369 2319/2118/3369 2320/2116/3369
f 2321/2110/3370 2324/2114/3370 2322/2108/3370
f 2322/2297/1588 2323/2298/1588 2321/2299/1588
f 2321/2299/1588 2310/2295/1588 2311/2294/1588
f 2321/2299/1588 2323/2298/1588 2310/2295/1588
f 2321/2110/3371 2320/2116/3371 2324/2114/3371
f 2325/2117/3372 2324/2114/3372 2320/2116/3372
f 2325/2117/3373 2326/2109/3373 2324/2114/3373
f 2322/2108/3374 2324/2114/3374 2326/2109/3374
f 2327/2115/3375 2326/2109/3375 2325/2117/3375
f 2327/2115/3376 2328/2113/3376 2326/2109/3376
f 2322/2108/3377 2326/2109/3377 2328/2113/3377
f 2329/2112/3378 2328/2113/3378 2327/2115/3378
f 2330/2111/3379 2328/2113/3379 2329/2112/3379
f 2322/2108/3380 2328/2113/3380 2330/2111/3380
f 2330/2300/1588 2331/2301/1588 2322/2297/1588
f 2330/2300/1588 2332/2302/1588 2331/2301/1588
f 2333/2303/1588 2332/2302/1588 2330/2300/1588
f 2330/2304/3381 2334/2305/3381 2333/2306/3381
f 2330/2111/3382 2329/2112/3382 2334/2307/3382
f 2335/2308/3383 2334/2307/3383 2329/2112/3383
f 2335/2309/3384 2336/2303/3384 2334/2310/3384
f 2333/2306/3385 2334/2305/3385 2336/2311/3385
f 2333/2306/3386 2336/2311/3386 2337/2312/3386
f 2338/2313/3387 2337/2314/3387 2336/2303/3387
f 2338/2313/3388 2336/2303/3388 2335/2309/3388
f 2339/2315/3153 2338/2311/3153 2335/2316/3153
f 2340/2317/3153 2338/2311/3153 2339/2315/3153
f 2340/2317/3153 2342/2318/3153 2338/2311/3153
f 2341/2319/3389 2337/2314/3389 2338/2313/3389
f 2338/2313/3390 2342/2320/3390 2341/2319/3390
f 2080/1993/3153 2342/2318/3153 2340/2317/3153
f 2080/1993/3153 2076/1989/3153 2342/2318/3153
f 2342/2320/3391 2344/2321/3391 2341/2319/3391
f 2076/1990/3392 2343/2014/3392 2342/2320/3392
f 2342/2320/3393 2343/2014/3393 2344/2321/3393
f 2096/2322/3394 2344/2323/3394 2343/1989/3394
f 2345/2324/3395 2341/2318/3395 2344/2323/3395
f 2345/2324/3396 2344/2323/3396 2096/2322/3396
f 2345/2319/1588 2346/2325/1588 2333/2303/1588
f 2345/2319/1588 2092/2001/1588 2346/2325/1588
f 2096/2014/1588 2092/2001/1588 2345/2319/1588
f 2333/2306/3397 2337/2312/3397 2345/2324/3397
f 2345/2324/3398 2337/2312/3398 2341/2318/3398
f 2346/2326/3399 2086/2327/3399 2347/1998/3399
f 2348/2328/3400 2346/2326/3400 2347/1998/3400
f 2333/2303/1588 2346/2325/1588 2348/2329/1588
f 2092/2011/3401 2087/1999/3401 2346/2326/3401
f 2346/2326/3402 2087/1999/3402 2086/2327/3402
f 2348/2328/3403 2349/2330/3403 2350/2331/3403
f 2347/1998/3404 2349/2330/3404 2348/2328/3404
f 2333/2303/1588 2348/2329/1588 2332/2302/1588
f 2348/2328/3405 2350/2331/3405 2332/2332/3405
f 2352/2267/3406 2350/2329/3406 2349/2333/3406
f 2332/2332/3407 2350/2331/3407 2351/2334/3407
f 2352/2267/3408 2351/2335/3408 2350/2329/3408
f 2353/2317/3164 2354/2336/3164 2352/2331/3164
f 2353/2317/3164 2352/2331/3164 2081/1993/3164
f 2081/1993/3164 2352/2331/3164 2083/1998/3164
f 2352/2267/3409 2349/2333/3409 2083/2004/3409
f 2354/2269/3410 2351/2335/3410 2352/2267/3410
f 2354/2269/3411 2357/2302/3411 2351/2335/3411
f 2353/2317/3164 2355/2337/3164 2354/2336/3164
f 2355/2086/3412 2356/2085/3412 2354/2087/3412
f 2354/2087/3413 2356/2085/3413 2357/2084/3413
f 2332/2332/3414 2351/2334/3414 2357/2336/3414
f 2357/2084/3415 2356/2085/3415 2331/2090/3415
f 2331/2090/3416 2332/2091/3416 2357/2084/3416
f 2355/2086/3417 2358/2089/3417 2356/2085/3417
f 2331/2090/3418 2356/2085/3418 2358/2089/3418
f 2323/2094/3419 2358/2089/3419 2359/2095/3419
f 2355/2086/3420 2359/2095/3420 2358/2089/3420
f 2331/2090/3421 2358/2089/3421 2323/2094/3421
f 2360/2096/3422 2361/2097/3422 2359/2095/3422
f 2360/2096/3423 2359/2095/3423 2355/2086/3423
f 2323/2094/3424 2359/2095/3424 2361/2097/3424
f 2360/2096/3425 2362/2098/3425 2361/2097/3425
f 2361/2097/3426 2362/2098/3426 2310/2101/3426
f 2310/2101/3427 2323/2094/3427 2361/2097/3427
f 2303/2099/3428 2362/2098/3428 2360/2096/3428
f 2303/2099/3429 2309/2100/3429 2362/2098/3429
f 2310/2101/3430 2362/2098/3430 2309/2100/3430
f 2364/2338/3164 2303/2290/3164 2360/2339/3164
f 2363/2315/3164 2360/2339/3164 2355/2337/3164
f 2364/2338/3320 2360/2339/3320 2363/2315/3320
f 2304/2289/3320 2303/2290/3320 2364/2338/3320
f 2365/2340/3431 2304/2341/3431 2364/2342/3431
f 2365/2340/3432 2364/2342/3432 2339/2343/3432
f 2339/2343/3432 2364/2342/3432 2363/2344/3432
f 2365/2338/3153 2327/2345/3153 2366/2289/3153
f 2366/2346/3431 2304/2341/3431 2365/2340/3431
f 2339/2315/3153 2335/2316/3153 2365/2338/3153
f 2365/2338/3153 2335/2316/3153 2327/2345/3153
f 2366/2289/3153 2325/2347/3153 2296/2287/3153
f 2296/2284/3433 2297/2285/3433 2366/2346/3433
f 2366/2346/3433 2297/2285/3433 2304/2341/3433
f 2366/2289/3153 2327/2345/3153 2325/2347/3153
f 2339/2348/3434 2363/2349/3434 2340/2350/3434
f 2340/2350/3434 2363/2349/3434 2353/2351/3434
f 2363/2315/3320 2355/2337/3320 2353/2317/3320
f 2340/2350/3435 2353/2351/3435 2080/1994/3435
f 2080/1994/3435 2353/2351/3435 2081/1995/3435
f 2083/2004/3436 2349/2333/3436 2347/2325/3436
f 2083/2004/3437 2347/2325/3437 2086/2005/3437
f 2076/1990/3438 2367/2352/3438 2343/2014/3438
f 2096/2322/3439 2343/1989/3439 2367/2353/3439
f 2077/1991/3440 2367/2352/3440 2076/1990/3440
f 2095/2028/3441 2367/2353/3441 2077/1983/3441
f 2096/2322/3442 2367/2353/3442 2095/2028/3442
f 2327/2115/3443 2335/2308/3443 2329/2112/3443
f 2322/2297/1588 2331/2301/1588 2323/2298/1588
f 2296/2287/3153 2325/2347/3153 2318/2354/3153
f 2318/2121/3444 2325/2117/3444 2320/2116/3444
f 2294/2283/3153 2318/2354/3153 2316/2355/3153
f 2296/2287/3275 2318/2354/3275 2294/2283/3275
f 2294/2283/3153 2316/2355/3153 2293/2280/3153
f 2293/2280/3153 2316/2355/3153 2368/2356/3153
f 2368/2139/3308 2316/2133/3308 2314/2131/3308
f 2371/2132/3445 2368/2139/3445 2314/2131/3445
f 2369/2140/3446 2368/2139/3446 2371/2132/3446
f 2369/2140/3447 2370/2142/3447 2368/2139/3447
f 2284/2276/3153 2368/2356/3153 2370/2357/3153
f 2293/2280/3153 2368/2356/3153 2284/2276/3153
f 2373/2146/3448 2369/2140/3448 2371/2132/3448
f 2372/2129/3449 2371/2132/3449 2314/2131/3449
f 2371/2132/3449 2372/2129/3449 2373/2146/3449
f 2374/2283/3164 2373/2355/3164 2375/2287/3164
f 2374/2283/3164 2369/2356/3164 2373/2355/3164
f 2375/2287/3164 2373/2355/3164 2377/2354/3164
f 2373/2146/3362 2372/2129/3362 2376/2147/3362
f 2373/2146/3450 2376/2147/3450 2377/2148/3450
f 2381/2289/3164 2377/2354/3164 2378/2347/3164
f 2377/2148/3451 2379/2172/3451 2378/2159/3451
f 2377/2148/3366 2380/2149/3366 2379/2172/3366
f 2377/2148/3452 2376/2147/3452 2380/2149/3452
f 2375/2287/3164 2377/2354/3164 2381/2289/3164
f 2384/2358/3433 2375/2154/3433 2381/2158/3433
f 2382/2359/3431 2381/2158/3431 2383/2360/3431
f 2384/2358/3431 2381/2158/3431 2382/2359/3431
f 2381/2289/3164 2378/2347/3164 2383/2338/3164
f 2384/2289/3153 2385/2290/3153 2387/2287/3153
f 2384/2289/3153 2386/2339/3153 2385/2290/3153
f 2382/2338/3098 2386/2339/3098 2384/2289/3098
f 2387/2157/3433 2375/2154/3433 2384/2358/3433
f 2387/2287/3153 2385/2290/3153 2388/2288/3153
f 2387/2287/3153 2388/2288/3153 2389/2283/3153
f 2389/2153/3346 2374/2151/3346 2387/2157/3346
f 2387/2157/3346 2374/2151/3346 2375/2154/3346
f 2390/2150/3344 2391/2152/3344 2389/2153/3344
f 2389/2283/3153 2392/2286/3153 2390/2280/3153
f 2389/2153/3344 2391/2152/3344 2374/2151/3344
f 2389/2283/3153 2388/2288/3153 2392/2286/3153
f 2395/2182/3453 2392/2183/3453 2393/2179/3453
f 2392/2183/3454 2388/2181/3454 2393/2179/3454
f 2394/2184/3347 2392/2183/3347 2395/2182/3347
f 2394/2184/3271 2290/2279/3271 2392/2183/3271
f 2390/2280/3153 2392/2286/3153 2290/2281/3153
f 2396/2180/3455 2394/2184/3455 2395/2182/3455
f 2396/2180/3456 2395/2182/3456 2397/2175/3456
f 2397/2175/3457 2395/2182/3457 2393/2179/3457
f 2397/2175/3458 2393/2179/3458 2398/2177/3458
f 2397/2175/3459 2398/2177/3459 2399/2178/3459
f 2401/2361/1588 2397/2362/1588 2399/2363/1588
f 2400/2364/1588 2396/2365/1588 2397/2362/1588
f 2400/2364/1588 2397/2362/1588 2401/2361/1588
f 2401/2361/1588 2399/2363/1588 2402/2366/1588
f 2400/2173/3460 2401/2166/3460 2403/2160/3460
f 2402/2165/3461 2404/2164/3461 2401/2166/3461
f 2401/2166/3462 2405/2161/3462 2403/2160/3462
f 2401/2166/3463 2404/2164/3463 2405/2161/3463
f 2378/2159/3372 2403/2160/3372 2405/2161/3372
f 2378/2159/3464 2405/2161/3464 2406/2163/3464
f 2406/2163/3465 2405/2161/3465 2404/2164/3465
f 2409/2315/3164 2406/2345/3164 2407/2316/3164
f 2406/2163/3466 2408/2367/3466 2407/2368/3466
f 2406/2163/3376 2404/2164/3376 2408/2367/3376
f 2383/2338/3164 2378/2347/3164 2406/2345/3164
f 2383/2338/3164 2406/2345/3164 2409/2315/3164
f 2410/2369/3434 2409/2370/3434 2412/2371/3434
f 2411/2372/3434 2409/2370/3434 2410/2369/3434
f 2411/2373/3432 2383/2360/3432 2409/2374/3432
f 2409/2315/3164 2407/2316/3164 2412/2317/3164
f 2412/2317/3164 2414/2311/3164 2413/1993/3164
f 2415/2375/3435 2412/2371/3435 2413/2376/3435
f 2412/2317/3164 2407/2316/3164 2414/2311/3164
f 2410/2369/3435 2412/2371/3435 2415/2375/3435
f 2415/1993/3153 2416/1998/3153 2419/2331/3153
f 2415/1993/3153 2418/1999/3153 2416/1998/3153
f 2415/1993/3153 2419/2331/3153 2410/2317/3153
f 2415/2375/3162 2413/2376/3162 2417/2377/3162
f 2417/1988/3153 2418/1999/3153 2415/1993/3153
f 2410/2317/3153 2419/2331/3153 2420/2336/3153
f 2419/2266/3467 2423/2378/3467 2420/2268/3467
f 2421/2379/3468 2422/2380/3468 2419/2266/3468
f 2419/2266/3469 2416/2253/3469 2421/2379/3469
f 2419/2266/3406 2422/2380/3406 2423/2378/3406
f 2425/2328/3470 2423/2331/3470 2422/2330/3470
f 2420/2268/3471 2423/2378/3471 2424/2381/3471
f 2425/2328/3472 2424/2334/3472 2423/2331/3472
f 2425/2328/3473 2422/2330/3473 2426/2326/3473
f 2429/2382/1588 2425/2378/1588 2426/2379/1588
f 2427/2332/3474 2424/2334/3474 2425/2328/3474
f 2428/2383/1588 2427/2384/1588 2425/2378/1588
f 2428/2383/1588 2425/2378/1588 2429/2382/1588
f 2430/2322/3475 2432/1989/3475 2429/2324/3475
f 2429/2382/1588 2426/2379/1588 2430/2385/1588
f 2429/2324/3476 2433/2323/3476 2431/2318/3476
f 2428/2306/3477 2429/2324/3477 2431/2318/3477
f 2429/2324/3478 2432/1989/3478 2433/2323/3478
f 2434/2386/3479 2433/2387/3479 2432/2385/3479
f 2435/2388/3480 2433/2387/3480 2434/2386/3480
f 2435/2388/3391 2431/2382/3391 2433/2387/3391
f 2413/1993/3164 2435/2318/3164 2436/1988/3164
f 2413/1993/3164 2414/2311/3164 2435/2318/3164
f 2436/1988/3164 2435/2318/3164 2434/1989/3164
f 2414/2389/3481 2437/2390/3481 2435/2388/3481
f 2435/2388/3482 2437/2390/3482 2431/2382/3482
f 2414/2389/3387 2438/2383/3387 2437/2390/3387
f 2431/2318/3483 2437/2312/3483 2428/2306/3483
f 2428/2306/3484 2437/2312/3484 2438/2311/3484
f 2414/2389/3485 2439/2391/3485 2438/2383/3485
f 2440/2304/3486 2438/2311/3486 2439/2305/3486
f 2428/2306/3487 2438/2311/3487 2440/2304/3487
f 2441/2392/1588 2443/2393/1588 2440/2394/1588
f 2402/2366/1588 2441/2392/1588 2440/2394/1588
f 2402/2165/3488 2440/2395/3488 2442/2396/3488
f 2440/2394/1588 2427/2384/1588 2428/2383/1588
f 2440/2394/1588 2443/2393/1588 2427/2384/1588
f 2440/2304/3235 2439/2305/3235 2442/2316/3235
f 2443/2397/3489 2445/2398/3489 2444/2399/3489
f 2443/2397/3490 2444/2399/3490 2427/2400/3490
f 2443/2397/3491 2446/2401/3491 2445/2398/3491
f 2441/2402/3492 2446/2401/3492 2443/2397/3492
f 2386/2403/3422 2446/2401/3422 2447/2404/3422
f 2386/2403/3493 2445/2398/3493 2446/2401/3493
f 2441/2402/3494 2447/2404/3494 2446/2401/3494
f 2447/2404/3495 2448/2405/3495 2385/2406/3495
f 2385/2406/3496 2386/2403/3496 2447/2404/3496
f 2441/2402/3497 2448/2405/3497 2447/2404/3497
f 2385/2406/3429 2448/2405/3429 2449/2176/3429
f 2399/2178/3498 2449/2176/3498 2448/2405/3498
f 2399/2178/3499 2448/2405/3499 2441/2402/3499
f 2385/2406/3500 2449/2176/3500 2388/2181/3500
f 2388/2181/3501 2449/2176/3501 2398/2177/3501
f 2399/2178/3502 2398/2177/3502 2449/2176/3502
f 2450/2407/3503 2445/2398/3503 2386/2403/3503
f 2450/2407/3417 2444/2399/3417 2445/2398/3417
f 2451/2408/3504 2444/2399/3504 2450/2407/3504
f 2450/2407/3505 2420/2409/3505 2451/2408/3505
f 2411/2315/3153 2420/2336/3153 2450/2337/3153
f 2411/2315/3153 2450/2337/3153 2382/2338/3153
f 2382/2338/3153 2450/2337/3153 2386/2339/3153
f 2420/2268/3411 2424/2381/3411 2451/2384/3411
f 2427/2400/3506 2444/2399/3506 2451/2408/3506
f 2427/2332/3507 2451/2336/3507 2424/2334/3507
f 2407/2368/3383 2442/2396/3383 2439/2410/3383
f 2407/2368/3508 2408/2367/3508 2442/2396/3508
f 2442/2396/3509 2408/2367/3509 2402/2165/3509
f 2402/2366/1588 2399/2363/1588 2441/2392/1588
f 2407/2411/3510 2439/2391/3510 2414/2389/3510
f 2417/2377/3163 2436/2412/3163 2453/2413/3163
f 2417/2377/3162 2413/2376/3162 2436/2412/3162
f 2436/1988/3164 2434/1989/3164 2452/1981/3164
f 2453/2413/3163 2436/2412/3163 2452/2414/3163
f 2453/1981/3153 2454/2007/3153 2455/2006/3153
f 2456/1975/3153 2454/2007/3153 2453/1981/3153
f 2453/1981/3153 2455/2006/3153 2417/1988/3153
f 2453/2413/3155 2452/2414/3155 2456/2247/3155
f 2456/1975/3153 2457/2021/3153 2454/2007/3153
f 2458/1973/3153 2457/2021/3153 2456/1975/3153
f 2456/2247/3154 2459/2415/3154 2458/2416/3154
f 2456/2247/3155 2452/2414/3155 2459/2415/3155
f 2458/2416/3154 2459/2415/3154 2460/2417/3154
f 2459/1975/3164 2462/1980/3164 2460/1973/3164
f 2452/1981/3164 2461/1983/3164 2459/1975/3164
f 2459/1975/3164 2461/1983/3164 2462/1980/3164
f 2460/1973/3164 2462/1980/3164 2463/1974/3164
f 2462/2415/3511 2465/2418/3511 2463/2419/3511
f 2461/2420/3512 2464/2421/3512 2462/2415/3512
f 2462/2415/3513 2464/2421/3513 2465/2418/3513
f 2463/2419/3514 2465/2418/3514 2466/2422/3514
f 2465/1980/3515 2468/2016/3515 2466/2032/3515
f 2465/1980/3516 2467/2028/3516 2468/2016/3516
f 2464/2029/3517 2467/2028/3517 2465/1980/3517
f 2468/2418/1588 2469/2423/1588 2470/2424/1588
f 2467/2425/1588 2469/2423/1588 2468/2418/1588
f 2468/2418/1588 2470/2424/1588 2471/2426/1588
f 2466/2032/3518 2468/2016/3518 2471/2027/3518
f 2471/2426/1588 2472/2427/1588 2473/2428/1588
f 2471/2426/1588 2470/2424/1588 2472/2427/1588
f 2475/2033/3519 2471/2027/3519 2473/2031/3519
f 2466/2032/3520 2471/2027/3520 2474/1974/3520
f 2474/1974/3521 2471/2027/3521 2475/2033/3521
f 2474/2426/3522 2475/2429/3522 2477/2430/3522
f 2475/2033/3523 2473/2031/3523 2476/2035/3523
f 2477/2430/3196 2475/2429/3196 2476/2428/3196
f 2478/2037/3164 2477/2035/3164 2480/2057/3164
f 2478/2037/3164 2463/1974/3164 2477/2035/3164
f 2480/2057/3164 2477/2035/3164 2479/2038/3164
f 2477/2430/3524 2476/2428/3524 2479/2431/3524
f 2477/2430/3525 2463/2419/3525 2474/2426/3525
f 2482/2432/3213 2478/2433/3213 2480/2434/3213
f 2480/2057/3164 2479/2038/3164 2481/2056/3164
f 2483/2435/3214 2480/2434/3214 2481/2436/3214
f 2482/2432/3214 2480/2434/3214 2483/2435/3214
f 2483/2056/3153 2484/2083/3153 2487/2067/3153
f 2486/2437/3153 2484/2083/3153 2483/2056/3153
f 2483/2435/3526 2481/2436/3526 2485/2438/3526
f 2485/2439/3153 2486/2437/3153 2483/2056/3153
f 2483/2056/3153 2487/2067/3153 2482/2057/3153
f 2482/2057/3153 2487/2067/3153 2488/2068/3153
f 2489/2440/3527 2488/2233/3527 2487/2232/3527
f 2489/2440/3224 2487/2232/3224 2490/2441/3224
f 2490/2441/3528 2487/2232/3528 2491/2442/3528
f 2491/2442/3529 2487/2232/3529 2484/2443/3529
f 2493/2082/3530 2490/2067/3530 2491/2081/3530
f 2491/2442/3230 2484/2443/3230 2492/2444/3230
f 2493/2082/3531 2491/2081/3531 2492/2083/3531
f 2494/2397/3532 2493/2400/3532 2492/2408/3532
f 2497/2445/1588 2493/2444/1588 2494/2446/1588
f 2496/2447/1588 2495/2441/1588 2493/2444/1588
f 2495/2076/3533 2490/2067/3533 2493/2082/3533
f 2496/2447/1588 2493/2444/1588 2497/2445/1588
f 2498/2053/3534 2496/2044/3534 2497/2051/3534
f 2500/2367/3535 2497/2395/3535 2202/2165/3535
f 2497/2445/1588 2494/2446/1588 2202/2171/1588
f 2498/2053/3536 2497/2051/3536 2499/2058/3536
f 2499/2396/3537 2497/2395/3537 2500/2367/3537
f 2199/2163/3257 2500/2367/3257 2200/2164/3257
f 2499/2396/3538 2500/2367/3538 2199/2163/3538
f 2500/2367/3539 2202/2165/3539 2200/2164/3539
f 2199/2163/3540 2501/2368/3540 2499/2396/3540
f 2501/2368/3541 2498/2410/3541 2499/2396/3541
f 2505/2448/3164 2501/2058/3164 2199/2162/3164
f 2504/2439/3164 2502/2050/3164 2501/2058/3164
f 2502/2449/3542 2503/2447/3542 2501/2450/3542
f 2501/2450/3543 2503/2447/3543 2498/2451/3543
f 2504/2439/3164 2501/2058/3164 2505/2448/3164
f 2506/2358/3544 2505/2360/3544 2195/2158/3544
f 2507/2359/3544 2505/2360/3544 2506/2358/3544
f 2507/2359/3545 2504/2374/3545 2505/2360/3545
f 2505/2448/3164 2199/2162/3164 2195/2155/3164
f 2506/2155/3153 2508/2452/3153 2507/2448/3153
f 2507/2448/3153 2508/2452/3153 2509/2453/3153
f 2485/2373/3545 2504/2374/3545 2507/2359/3545
f 2507/2448/3153 2509/2453/3153 2485/2439/3153
f 2485/2439/3153 2509/2453/3153 2486/2437/3153
f 2510/2401/3546 2486/2407/3546 2509/2403/3546
f 2510/2401/3241 2509/2403/3241 2511/2404/3241
f 2511/2404/3547 2509/2403/3547 2512/2405/3547
f 2512/2405/3548 2509/2403/3548 2508/2406/3548
f 2512/2405/3247 2508/2406/3247 2209/2176/3247
f 2204/2178/3549 2512/2405/3549 2209/2176/3549
f 2511/2404/3550 2512/2405/3550 2204/2178/3550
f 2205/2402/3551 2510/2401/3551 2511/2404/3551
f 2204/2178/3552 2205/2402/3552 2511/2404/3552
f 2513/2398/3553 2486/2407/3553 2510/2401/3553
f 2205/2402/3554 2513/2398/3554 2510/2401/3554
f 2494/2397/3555 2514/2399/3555 2513/2398/3555
f 2514/2399/3236 2486/2407/3236 2513/2398/3236
f 2494/2397/3556 2513/2398/3556 2205/2402/3556
f 2514/2399/3557 2484/2409/3557 2486/2407/3557
f 2492/2408/3558 2484/2409/3558 2514/2399/3558
f 2492/2408/3559 2514/2399/3559 2494/2397/3559
f 2209/2176/3560 2508/2406/3560 2210/2177/3560
f 2210/2177/3561 2508/2406/3561 2212/2181/3561
f 2506/2155/3153 2212/2191/3153 2508/2452/3153
f 2506/2358/3285 2195/2158/3285 2196/2157/3285
f 2196/2134/3153 2212/2191/3153 2506/2155/3153
f 2485/2438/3526 2481/2436/3526 2504/2454/3526
f 2481/2056/3164 2502/2050/3164 2504/2439/3164
f 2502/2449/3210 2515/2455/3210 2503/2447/3210
f 2503/2050/3562 2496/2044/3562 2498/2053/3562
f 2515/2046/3563 2496/2044/3563 2503/2050/3563
f 2516/2456/3564 2515/2455/3564 2502/2449/3564
f 2515/2046/3565 2517/2041/3565 2496/2044/3565
f 2516/2038/3566 2517/2041/3566 2515/2046/3566
f 2517/2456/1588 2518/2457/1588 2496/2447/1588
f 2519/2042/3567 2473/2031/3567 2517/2041/3567
f 2473/2428/1588 2520/2458/1588 2517/2456/1588
f 2517/2456/1588 2520/2458/1588 2518/2457/1588
f 2519/2042/3568 2517/2041/3568 2516/2038/3568
f 2520/2024/3569 2521/2065/3569 2518/2075/3569
f 2520/2024/3570 2523/2023/3570 2521/2065/3570
f 2522/2021/3571 2523/2023/3571 2520/2024/3571
f 2520/2024/3572 2472/2020/3572 2522/2021/3572
f 2473/2428/1588 2472/2427/1588 2520/2458/1588
f 2523/2459/3573 2457/2237/3573 2524/2236/3573
f 2522/2427/3574 2457/2237/3574 2523/2459/3574
f 2523/2459/3575 2524/2236/3575 2521/2458/3575
f 2458/1973/3153 2524/2065/3153 2457/2021/3153
f 2521/2458/3576 2524/2236/3576 2525/2460/3576
f 2525/2460/3577 2524/2236/3577 2488/2233/3577
f 2526/2037/3153 2488/2068/3153 2524/2065/3153
f 2526/2037/3153 2524/2065/3153 2458/1973/3153
f 2482/2057/3153 2488/2068/3153 2526/2037/3153
f 2526/2461/3213 2478/2433/3213 2482/2432/3213
f 2458/2416/3578 2460/2417/3578 2526/2461/3578
f 2526/2461/3578 2460/2417/3578 2478/2433/3578
f 2518/2075/3579 2521/2065/3579 2525/2074/3579
f 2525/2460/3580 2488/2233/3580 2527/2457/3580
f 2518/2075/3581 2525/2074/3581 2527/2068/3581
f 2527/2457/3582 2488/2233/3582 2489/2440/3582
f 2527/2068/3583 2489/2077/3583 2495/2076/3583
f 2495/2076/3584 2518/2075/3584 2527/2068/3584
f 2472/2020/3585 2528/2019/3585 2522/2021/3585
f 2528/2462/3182 2457/2237/3182 2522/2427/3182
f 2472/2020/3586 2529/2007/3586 2528/2019/3586
f 2529/2424/3587 2454/2247/3587 2528/2462/3587
f 2528/2462/3588 2454/2247/3588 2457/2237/3588
f 2529/2424/3589 2455/2248/3589 2454/2247/3589
f 2470/2016/3590 2529/2007/3590 2472/2020/3590
f 2470/2016/3591 2530/2013/3591 2529/2007/3591
f 2530/2463/3592 2455/2248/3592 2529/2424/3592
f 2530/2463/3170 2531/2423/3170 2455/2248/3170
f 2469/2012/3593 2531/2006/3593 2530/2013/3593
f 2469/2012/3594 2530/2013/3594 2470/2016/3594
f 2455/2248/3595 2531/2423/3595 2418/2252/3595
f 2531/2423/3596 2532/2464/3596 2418/2252/3596
f 2469/2012/3597 2532/2010/3597 2531/2006/3597
f 2418/2252/3165 2532/2464/3165 2533/2465/3165
f 2534/2011/3598 2533/1999/3598 2532/2010/3598
f 2534/2011/3599 2532/2010/3599 2469/2012/3599
f 2534/2011/3600 2535/2327/3600 2533/1999/3600
f 2426/2326/3601 2535/2327/3601 2534/2011/3601
f 2467/2425/1588 2534/2465/1588 2469/2423/1588
f 2430/2385/1588 2426/2379/1588 2534/2465/1588
f 2430/2385/1588 2534/2465/1588 2467/2425/1588
f 2416/2253/3602 2535/2466/3602 2421/2379/3602
f 2416/2253/3603 2533/2465/3603 2535/2466/3603
f 2426/2326/3604 2421/1998/3604 2535/2327/3604
f 2418/2252/3605 2533/2465/3605 2416/2253/3605
f 2479/2431/3202 2519/2467/3202 2516/2456/3202
f 2479/2431/3606 2476/2428/3606 2519/2467/3606
f 2476/2035/3607 2473/2031/3607 2519/2042/3607
f 2496/2447/1588 2518/2457/1588 2495/2441/1588
f 2502/2449/3608 2479/2431/3608 2516/2456/3608
f 2481/2056/3164 2479/2038/3164 2502/2050/3164
f 2495/2076/3609 2489/2077/3609 2490/2067/3609
f 2202/2171/1588 2494/2446/1588 2205/2170/1588
f 2460/1973/3164 2463/1974/3164 2478/2037/3164
f 2463/2419/3194 2466/2422/3194 2474/2426/3194
f 2467/2028/3610 2536/1983/3610 2430/2322/3610
f 2464/2029/3611 2536/1983/3611 2467/2028/3611
f 2536/1983/3612 2537/2353/3612 2430/2322/3612
f 2461/2420/3613 2537/2468/3613 2536/2425/3613
f 2461/2420/3160 2536/2425/3160 2464/2421/3160
f 2430/2322/3614 2537/2353/3614 2432/1989/3614
f 2434/2386/3615 2432/2385/3615 2537/2468/3615
f 2434/2386/3616 2537/2468/3616 2461/2420/3616
f 2452/1981/3164 2434/1989/3164 2461/1983/3164
f 2417/1988/3153 2455/2006/3153 2418/1999/3153
f 2426/2326/3617 2422/2330/3617 2421/1998/3617
f 2410/2317/3153 2420/2336/3153 2411/2315/3153
f 2382/2359/3432 2383/2360/3432 2411/2373/3432
f 2402/2165/3618 2408/2367/3618 2404/2164/3618
f 2378/2159/3619 2379/2172/3619 2403/2160/3619
f 2379/2172/3620 2400/2173/3620 2403/2160/3620
f 2380/2149/3621 2313/2130/3621 2400/2173/3621
f 2313/2296/1588 2396/2365/1588 2400/2364/1588
f 2380/2149/3622 2400/2173/3622 2379/2172/3622
f 2388/2181/3352 2398/2177/3352 2393/2179/3352
f 2307/2188/3271 2394/2184/3271 2396/2180/3271
f 2313/2296/1588 2307/2293/1588 2396/2365/1588
f 2300/2132/3623 2290/2279/3623 2394/2184/3623
f 2301/2185/3271 2394/2184/3271 2307/2188/3271
f 2300/2132/3350 2394/2184/3350 2301/2185/3350
f 2390/2150/3343 2538/2469/3343 2391/2152/3343
f 2538/2276/3164 2539/2357/3164 2391/2280/3164
f 2391/2280/3164 2369/2356/3164 2374/2283/3164
f 2391/2280/3164 2539/2357/3164 2369/2356/3164
f 2538/2276/3164 2540/2470/3164 2539/2357/3164
f 2540/2471/3624 2541/2472/3624 2539/2141/3624
f 2539/2141/3447 2370/2142/3447 2369/2140/3447
f 2539/2141/3624 2541/2472/3624 2370/2142/3624
f 2540/2471/3625 2543/2473/3625 2541/2472/3625
f 2542/2271/3153 2541/2470/3153 2543/2474/3153
f 2283/2274/3153 2541/2470/3153 2542/2271/3153
f 2283/2274/3153 2370/2357/3153 2541/2470/3153
f 2542/2271/3153 2543/2474/3153 2271/2265/3153
f 2271/2265/3153 2543/2474/3153 2544/2475/3153
f 2545/2476/3626 2544/2477/3626 2543/2473/3626
f 2545/2476/3625 2543/2473/3625 2540/2471/3625
f 2546/2274/3164 2545/2474/3164 2540/2470/3164
f 2548/2271/3164 2545/2474/3164 2546/2274/3164
f 2548/2271/3164 2547/2475/3164 2545/2474/3164
f 2547/2478/3626 2544/2477/3626 2545/2476/3626
f 2549/2479/3338 2548/2480/3338 2546/2481/3338
f 2550/2482/3338 2548/2480/3338 2549/2479/3338
f 2550/2482/3627 2551/2483/3627 2548/2480/3627
f 2551/2265/3164 2547/2475/3164 2548/2271/3164
f 2552/2484/3627 2551/2483/3627 2550/2482/3627
f 2552/2485/3333 2553/2486/3333 2551/2487/3333
f 2553/2261/3164 2554/2488/3164 2551/2265/3164
f 2551/2265/3164 2554/2488/3164 2547/2475/3164
f 2553/2261/3164 2555/2489/3164 2554/2488/3164
f 2555/2388/3628 2556/2320/3628 2554/2389/3628
f 2554/2389/3628 2556/2320/3628 2557/2313/3628
f 2554/2389/3629 2557/2313/3629 2547/2411/3629
f 2268/2254/3153 2557/2488/3153 2556/2489/3153
f 2269/2261/3153 2557/2488/3153 2268/2254/3153
f 2547/2411/3629 2557/2313/3629 2544/2309/3629
f 2269/2261/3153 2544/2475/3153 2557/2488/3153
f 2555/2388/3630 2559/1990/3630 2556/2320/3630
f 2558/2250/3153 2556/2489/3153 2559/2490/3153
f 2268/2254/3153 2556/2489/3153 2558/2250/3153
f 2558/2250/3153 2559/2490/3153 2256/2246/3153
f 2559/2490/3153 2560/2491/3153 2256/2246/3153
f 2561/2386/3631 2560/1987/3631 2559/1990/3631
f 2561/2386/3630 2559/1990/3630 2555/2388/3630
f 2562/2250/3164 2561/2490/3164 2564/2254/3164
f 2562/2250/3164 2563/2491/3164 2561/2490/3164
f 2563/2420/3631 2560/1987/3631 2561/2386/3631
f 2564/2254/3164 2561/2490/3164 2555/2489/3164
f 2566/2492/3632 2562/2493/3632 2564/2494/3632
f 2565/2495/3332 2564/2494/3332 2553/2486/3332
f 2566/2492/3332 2564/2494/3332 2565/2495/3332
f 2564/2254/3164 2555/2489/3164 2553/2261/3164
f 2566/2254/3153 2265/2255/3153 2567/2250/3153
f 2566/2254/3153 2274/2264/3153 2265/2255/3153
f 2565/2261/3153 2274/2264/3153 2566/2254/3153
f 2567/2496/3632 2562/2493/3632 2566/2492/3632
f 2567/2250/3153 2263/2251/3153 2568/2246/3153
f 2567/2250/3153 2265/2255/3153 2263/2251/3153
f 2568/2497/3633 2569/2498/3633 2567/2496/3633
f 2567/2496/3633 2569/2498/3633 2562/2493/3633
f 2570/2238/3164 2571/2499/3164 2569/2246/3164
f 2568/2497/1588 2570/2500/1588 2569/2498/1588
f 2569/2246/3164 2563/2491/3164 2562/2250/3164
f 2569/2246/3164 2571/2499/3164 2563/2491/3164
f 2570/2238/3164 2572/2501/3164 2571/2499/3164
f 2572/2419/3634 2573/1984/3634 2571/2415/3634
f 2571/2415/3634 2573/1984/3634 2574/1976/3634
f 2571/2415/3635 2574/1976/3635 2563/2420/3635
f 2255/2238/3153 2574/2499/3153 2573/2501/3153
f 2563/2420/3635 2574/1976/3635 2560/1987/3635
f 2256/2246/3153 2560/2491/3153 2574/2499/3153
f 2256/2246/3153 2574/2499/3153 2255/2238/3153
f 2572/2419/3636 2576/2036/3636 2573/1984/3636
f 2575/2234/3153 2573/2501/3153 2576/2502/3153
f 2255/2238/3153 2573/2501/3153 2575/2234/3153
f 2243/2230/3153 2576/2502/3153 2577/2503/3153
f 2575/2234/3153 2576/2502/3153 2243/2230/3153
f 2578/2430/3637 2577/2039/3637 2576/2036/3637
f 2578/2430/3636 2576/2036/3636 2572/2419/3636
f 2579/2234/3164 2578/2502/3164 2570/2238/3164
f 2579/2234/3164 2580/2503/3164 2578/2502/3164
f 2578/2502/3164 2572/2501/3164 2570/2238/3164
f 2580/2431/3637 2577/2039/3637 2578/2430/3637
f 2583/2230/3164 2580/2503/3164 2579/2234/3164
f 2583/2230/3164 2581/2504/3164 2580/2503/3164
f 2581/2449/3638 2582/2054/3638 2580/2431/3638
f 2580/2431/3638 2582/2054/3638 2577/2039/3638
f 2584/2226/3164 2581/2504/3164 2583/2230/3164
f 2586/2505/3321 2584/2506/3321 2583/2507/3321
f 2585/2508/3639 2583/2507/3639 2579/2509/3639
f 2586/2505/3639 2583/2507/3639 2585/2508/3639
f 2586/2230/3153 2250/2235/3153 2247/2231/3153
f 2585/2234/3153 2250/2235/3153 2586/2230/3153
f 2586/2230/3153 2247/2231/3153 2587/2226/3153
f 2587/2510/3321 2584/2506/3321 2586/2505/3321
f 2588/2511/3319 2589/2512/3319 2587/2510/3319
f 2587/2226/3153 2246/2229/3153 2588/2217/3153
f 2587/2510/3319 2589/2512/3319 2584/2506/3319
f 2587/2226/3153 2247/2231/3153 2246/2229/3153
f 2588/2484/3318 2590/2480/3318 2589/2483/3318
f 2590/2211/3164 2591/2513/3164 2589/2217/3164
f 2589/2217/3164 2592/2514/3164 2584/2226/3164
f 2589/2217/3164 2591/2513/3164 2592/2514/3164
f 2592/2450/3640 2593/2059/3640 2581/2449/3640
f 2592/2478/3641 2594/2473/3641 2593/2477/3641
f 2584/2226/3164 2592/2514/3164 2581/2504/3164
f 2591/2476/3641 2594/2473/3641 2592/2478/3641
f 2227/2203/3153 2594/2513/3153 2596/2515/3153
f 2595/2211/3153 2594/2513/3153 2227/2203/3153
f 2595/2211/3153 2593/2514/3153 2594/2513/3153
f 2591/2476/3642 2596/2472/3642 2594/2473/3642
f 2227/2203/3153 2596/2515/3153 2225/2145/3153
f 2225/2145/3153 2596/2515/3153 2182/2144/3153
f 2597/2471/3643 2182/2142/3643 2596/2472/3643
f 2597/2471/3642 2596/2472/3642 2591/2476/3642
f 2598/2203/3164 2181/2144/3164 2597/2515/3164
f 2181/2141/3643 2182/2142/3643 2597/2471/3643
f 2598/2203/3164 2597/2515/3164 2590/2211/3164
f 2590/2211/3164 2597/2515/3164 2591/2513/3164
f 2186/2145/3164 2181/2144/3164 2598/2203/3164
f 2600/2479/3644 2186/2469/3644 2598/2481/3644
f 2599/2482/3645 2598/2481/3645 2590/2480/3645
f 2600/2479/3645 2598/2481/3645 2599/2482/3645
f 2600/2203/3153 2235/2212/3153 2232/2205/3153
f 2599/2211/3153 2235/2212/3153 2600/2203/3153
f 2601/2516/3644 2186/2469/3644 2600/2479/3644
f 2600/2203/3153 2231/2202/3153 2601/2145/3153
f 2600/2203/3153 2232/2205/3153 2231/2202/3153
f 2601/2145/3098 2602/2204/3098 2192/2143/3098
f 2601/2145/3153 2231/2202/3153 2602/2204/3153
f 2192/2150/3312 2185/2152/3312 2601/2516/3312
f 2601/2516/3312 2185/2152/3312 2186/2469/3312
f 2218/2186/3646 2602/2277/3646 2229/2206/3646
f 2218/2186/3646 2603/2279/3646 2602/2277/3646
f 2192/2143/3153 2602/2204/3153 2603/2194/3153
f 2229/2206/3314 2602/2277/3314 2231/2207/3314
f 2216/2132/3647 2603/2279/3647 2218/2186/3647
f 2216/2132/3648 2214/2183/3648 2603/2279/3648
f 2192/2143/3153 2603/2194/3153 2193/2137/3153
f 2193/2137/3153 2603/2194/3153 2214/2190/3153
f 2599/2211/3153 2237/2218/3153 2235/2212/3153
f 2599/2482/3318 2590/2480/3318 2588/2484/3318
f 2588/2217/3153 2237/2218/3153 2599/2211/3153
f 2227/2200/3645 2228/2201/3645 2595/2517/3645
f 2595/2517/3645 2228/2201/3645 2234/2220/3645
f 2595/2517/3318 2234/2220/3318 2240/2219/3318
f 2240/2217/3153 2593/2514/3153 2595/2211/3153
f 2581/2449/3640 2593/2059/3640 2582/2054/3640
f 2240/2217/3153 2582/2504/3153 2593/2514/3153
f 2588/2217/3153 2246/2229/3153 2237/2218/3153
f 2585/2234/3153 2252/2239/3153 2250/2235/3153
f 2604/2238/3153 2252/2239/3153 2585/2234/3153
f 2585/2508/3326 2579/2509/3326 2604/2518/3326
f 2604/2238/3153 2259/2245/3153 2252/2239/3153
f 2604/2518/1588 2570/2500/1588 2568/2497/1588
f 2568/2246/3153 2259/2245/3153 2604/2238/3153
f 2604/2518/3326 2579/2509/3326 2570/2500/3326
f 2241/2226/3153 2577/2503/3153 2582/2504/3153
f 2241/2226/3153 2582/2504/3153 2240/2217/3153
f 2243/2230/3153 2577/2503/3153 2241/2226/3153
f 2243/2227/3639 2244/2228/3639 2575/2519/3639
f 2575/2519/3639 2244/2228/3639 2249/2241/3639
f 2575/2519/3326 2249/2241/3326 2255/2240/3326
f 2568/2246/3153 2263/2251/3153 2260/2249/3153
f 2568/2246/3153 2260/2249/3153 2259/2245/3153
f 2565/2495/3333 2553/2486/3333 2552/2485/3333
f 2552/2265/3153 2275/2270/3153 2565/2261/3153
f 2565/2261/3153 2275/2270/3153 2274/2264/3153
f 2558/2520/3331 2262/2257/3331 2268/2256/3331
f 2558/2520/3633 2257/2244/3633 2262/2257/3633
f 2256/2243/3633 2257/2244/3633 2558/2520/3633
f 2552/2265/3153 2278/2272/3153 2275/2270/3153
f 2550/2271/3153 2278/2272/3153 2552/2265/3153
f 2550/2271/3153 2280/2273/3153 2278/2272/3153
f 2549/2274/3153 2280/2273/3153 2550/2271/3153
f 2549/2479/3339 2546/2481/3339 2605/2516/3339
f 2605/2276/3153 2287/2275/3153 2549/2274/3153
f 2549/2274/3153 2287/2275/3153 2280/2273/3153
f 2290/2281/3153 2288/2278/3153 2605/2276/3153
f 2390/2280/3153 2290/2281/3153 2605/2276/3153
f 2605/2516/3343 2538/2469/3343 2390/2150/3343
f 2605/2516/3339 2546/2481/3339 2538/2469/3339
f 2605/2276/3153 2288/2278/3153 2287/2275/3153
f 2546/2274/3164 2540/2470/3164 2538/2276/3164
f 2271/2265/3098 2544/2475/3098 2269/2261/3098
f 2542/2517/3338 2277/2220/3338 2283/2200/3338
f 2542/2517/3627 2272/2221/3627 2277/2220/3627
f 2271/2219/3627 2272/2221/3627 2542/2517/3627
f 2376/2147/3649 2313/2130/3649 2380/2149/3649
f 2376/2147/3650 2372/2129/3650 2313/2130/3650
f 2313/2130/3308 2372/2129/3308 2314/2131/3308
f 2284/2276/3153 2370/2357/3153 2283/2274/3153
f 2303/2099/3651 2305/2102/3651 2309/2100/3651
f 2301/2185/3652 2307/2188/3652 2299/2189/3652
f 2291/2186/3653 2290/2279/3653 2300/2132/3653
f 2284/2198/3343 2285/2199/3343 2293/2195/3343
f 2281/2210/3340 2280/2209/3340 2287/2207/3340
f 2266/2004/3334 2265/2253/3334 2274/2266/3334
f 2253/2017/3327 2252/2237/3327 2259/2247/3327
f 2238/2079/3322 2237/2443/3322 2246/2232/3322
f 2225/2145/3153 2182/2144/3153 2183/2143/3153
f 2606/2134/3164 2223/2191/3164 2221/2137/3164
f 2606/2134/3164 2150/2452/3164 2223/2191/3164
f 2223/2193/3301 2154/2102/3301 2222/2192/3301
f 2150/2099/3654 2152/2100/3654 2223/2193/3654
f 2223/2193/3655 2152/2100/3655 2154/2102/3655
f 2178/2284/3284 2606/2285/3284 2179/2282/3284
f 2178/2284/3285 2607/2341/3285 2606/2285/3285
f 2179/2282/3284 2606/2285/3284 2221/2196/3284
f 2607/2155/3164 2150/2452/3164 2606/2134/3164
f 2608/2448/3164 2148/2453/3164 2607/2155/3164
f 2609/2346/3544 2608/2342/3544 2607/2341/3544
f 2609/2346/3285 2607/2341/3285 2178/2284/3285
f 2607/2155/3164 2148/2453/3164 2150/2452/3164
f 2609/2155/3098 2163/2156/3098 2610/2448/3098
f 2610/2340/3544 2608/2342/3544 2609/2346/3544
f 2178/2134/3153 2167/2136/3153 2609/2155/3153
f 2609/2155/3153 2167/2136/3153 2163/2156/3153
f 2610/2448/3098 2161/2162/3098 2611/2439/3098
f 2611/2343/3545 2612/2344/3545 2610/2340/3545
f 2610/2340/3545 2612/2344/3545 2608/2342/3545
f 2610/2448/3153 2163/2156/3153 2161/2162/3153
f 2129/2056/3320 2139/2083/3320 2612/2439/3320
f 2611/2521/3526 2129/2066/3526 2612/2522/3526
f 2612/2439/3164 2142/2437/3164 2608/2448/3164
f 2612/2439/3164 2139/2083/3164 2142/2437/3164
f 2611/2439/3153 2125/2058/3153 2124/2056/3153
f 2124/2064/3526 2129/2066/3526 2611/2521/3526
f 2611/2439/3153 2161/2162/3153 2125/2058/3153
f 2608/2448/3164 2142/2437/3164 2148/2453/3164
f 2155/2103/3656 2219/2189/3656 2222/2192/3656
f 2155/2103/3657 2222/2192/3657 2154/2102/3657
f 2179/2282/3283 2221/2196/3283 2183/2195/3283
f 2172/2188/3658 2219/2189/3658 2155/2103/3658
f 2196/2134/3153 2214/2190/3153 2212/2191/3153
f 2193/2137/3153 2214/2190/3153 2196/2134/3153
f 2190/2147/3659 2173/2130/3659 2174/2129/3659
f 2165/2128/1588 2172/2126/1588 2155/2107/1588
f 2165/2128/1588 2155/2107/1588 2156/2106/1588
f 2161/2115/3660 2159/2113/3660 2125/2308/3660
f 2125/2308/3661 2159/2113/3661 2158/2112/3661
f 2125/2308/3541 2158/2112/3541 2122/2307/3541
f 2119/2111/3506 2122/2307/3506 2158/2112/3506
f 2142/2086/3662 2144/2089/3662 2148/2096/3662
f 2129/2056/3164 2130/2067/3164 2139/2083/3164
f 2103/2024/3663 2134/2065/3663 2102/2023/3663
f 2131/2073/3575 2102/2523/3575 2134/2026/3575
f 2127/2037/3164 2098/2021/3164 2131/2065/3164
f 2100/2022/3664 2102/2523/3664 2131/2073/3664
f 2131/2073/3665 2098/2017/3665 2100/2022/3665
f 2613/1973/3164 2098/2021/3164 2127/2037/3164
f 2111/2060/3578 2613/2524/3578 2127/2061/3578
f 2068/1975/3164 2089/2007/3164 2613/1973/3164
f 2067/1978/3154 2068/1977/3154 2613/2524/3154
f 2067/1978/3578 2613/2524/3578 2111/2060/3578
f 2613/1973/3164 2089/2007/3164 2098/2021/3164
f 2106/2031/3666 2109/2035/3666 2114/2041/3666
f 2095/2028/3667 2077/1983/3667 2078/2029/3667
f 2092/2011/3668 2085/2010/3668 2087/1999/3668
