<?xml version="1.0" encoding="utf-8"?>
<COLLADA xmlns="http://www.collada.org/2005/11/COLLADASchema" version="1.4.1" xmlns:xsi="http://www.w3.org/2001/XMLSchema-instance">
  <asset>
    <contributor>
      <author>Blender User</author>
      <authoring_tool>Blender 4.3.1 commit date:2024-12-10, commit time:07:46, hash:33d812126174</authoring_tool>
    </contributor>
    <created>2026-06-27T11:29:19</created>
    <modified>2026-06-27T11:29:19</modified>
    <unit name="centimeter" meter="0.01"/>
    <up_axis>Z_UP</up_axis>
  </asset>
  <library_effects>
    <effect id="Steel_Glossy-effect">
      <profile_COMMON>
        <newparam sid="Steel_Glossy_BaseColor_jpg-surface">
          <surface type="2D">
            <init_from>Steel_Glossy_BaseColor_jpg</init_from>
          </surface>
        </newparam>
        <newparam sid="Steel_Glossy_BaseColor_jpg-sampler">
          <sampler2D>
            <source>Steel_Glossy_BaseColor_jpg-surface</source>
          </sampler2D>
        </newparam>
        <technique sid="common">
          <lambert>
            <emission>
              <color sid="emission">0 0 0 1</color>
            </emission>
            <diffuse>
              <texture texture="Steel_Glossy_BaseColor_jpg-sampler" texcoord="automap"/>
            </diffuse>
            <index_of_refraction>
              <float sid="ior">1.45</float>
            </index_of_refraction>
          </lambert>
        </technique>
      </profile_COMMON>
    </effect>
  </library_effects>
  <library_images>
    <image id="Steel_Glossy_BaseColor_jpg" name="Steel_Glossy_BaseColor_jpg">
      <init_from>Steel%20Glossy_BaseColor.jpg</init_from>
    </image>
  </library_images>
  <library_materials>
    <material id="Steel_Glossy-material" name="Steel Glossy">
      <instance_effect url="#Steel_Glossy-effect"/>
    </material>
  </library_materials>
  <library_geometries>
    <geometry id="Rover_Complete_STL_017-mesh" name="Rover Complete STL.017">
      <mesh>
        <source id="Rover_Complete_STL_017-mesh-positions">
          <float_array id="Rover_Complete_STL_017-mesh-positions-array" count="1644">2.750002 0.6635464 2.27855e-6 2.750002 0.6671352 -0.04225236 3.000002 0.6635464 2.25967e-6 2.750002 0.6671352 0.04225081 3.000002 0.6671352 0.04225075 2.750002 -0.3194065 -0.2057411 2.750002 -0.3364536 2.27855e-6 1.250002 -0.3364536 2.39179e-6 2.750002 -0.3194065 0.2057456 1.245742 -0.3321872 -0.1032263 1.232961 -3.58646 -0.205741 1.232961 -0.3194065 -0.205741 1.211758 -0.298209 -0.3068519 1.182278 -3.58646 -0.4058753 1.099355 -3.58646 -0.5949378 1.433364 -3.58646 -0.4421302 1.351455 -3.58646 -0.6508277 1.182278 -0.268729 -0.4058753 2.750002 -0.268729 -0.4058754 1.144717 -0.2311741 -0.5021216 2.750002 -0.1858006 -0.5949379 1.099355 -0.1858006 -0.5949378 1.046462 -0.1329197 -0.683689 0.986428 -3.58646 -0.7677649 0.986428 -0.07288551 -0.7677649 1.239358 -3.58646 -0.8449805 0.8466087 -3.58646 -0.919657 1.099575 -3.58646 -1.020261 1.099575 -0.1860386 -1.020261 1.172744 -0.2592014 -0.9352332 1.020266 -0.1067173 -1.099576 0.9352318 -3.58646 -1.172745 0.7500022 -3.58646 -1.299039 0.9352318 -0.02168923 -1.172745 0.8449851 0.06856346 -1.239359 3.000002 0.1635463 -1.299039 0.7500022 0.1635463 -1.299039 3.000002 0.36553 -1.396305 0.65082 0.2627224 -1.351456 0.5480246 0.36553 -1.396305 0.5480246 -3.58646 -1.396305 0.3337912 -3.58646 -1.462394 0.5021262 -3.58646 -1.144718 0.6836936 -3.58646 -1.046458 0.4421408 0.4714077 -1.433359 3.000002 0.5797634 -1.462394 0.3337912 0.5797634 -1.462394 3.000002 0.8014431 -1.495805 0.2235617 0.6899807 -1.48325 0.1120993 0.8014431 -1.495804 0.1120993 -3.58646 -1.495804 -0.112095 -3.58646 -1.495804 0.1032248 -3.58646 -1.245731 0.3068625 -3.58646 -1.211747 0.5021262 0.4114223 -1.144718 0.4058737 0.5076687 -1.182273 0.3068625 0.6066861 -1.211747 0.2057517 0.7077969 -1.23295 2.750002 0.6066861 -1.211747 2.750002 0.4114223 -1.144718 2.750002 0.8203274 -0.231974 2.750002 0.8608731 -0.2443886 2.750002 0.8103176 -1.245731 2.750002 1.016769 -1.245731 2.14711e-6 0.9135403 -1.250004 0.1032248 0.8103176 -1.245731 2.750002 0.9029324 -0.249778 3.000002 0.8608731 -0.2443886 3.000002 0.9029324 -0.249778 2.750002 0.9452969 -0.2479774 3.000002 0.9452969 -0.2479774 2.750002 0.986752 -0.2390419 2.750002 1.220401 -1.211747 -2.749998 1.220401 -1.211747 -2.749998 1.415664 -1.144718 2.750002 1.415664 -1.144718 -2.749998 1.597226 -1.046457 2.750002 1.597226 -1.046458 2.750002 1.026095 -0.2232277 3.000002 0.986752 -0.2390419 3.000002 1.026095 -0.2232277 2.750002 1.062204 -0.2010048 3.000002 1.062204 -0.2010048 2.750002 1.094033 -0.1729835 2.750002 1.760147 -0.9196571 -2.749998 1.760147 -0.9196568 -2.749998 1.899972 -0.7677647 2.750002 1.899972 -0.7677651 2.750002 1.120669 -0.139988 -2.749998 2.012887 -0.5949376 2.750002 2.012887 -0.5949379 -2.749998 2.095816 -0.405875 2.750002 2.095816 -0.4058754 2.750002 1.141354 -0.1029762 3.000002 1.120669 -0.139988 3.000002 1.141354 -0.1029762 2.750002 1.155478 -0.06299209 3.000002 1.155478 -0.06299209 2.750002 1.162643 -0.02120131 2.750002 2.146493 -0.2057411 -2.749998 2.146493 -0.2057407 -2.749998 2.16354 2.69379e-6 2.750002 2.16354 2.27855e-6 2.750002 1.162643 0.02120584 -2.749998 2.146493 0.2057461 2.750002 2.146493 0.2057456 -2.749998 2.095816 0.4058743 2.750002 2.095816 0.4058738 -2.749998 2.012887 0.5949367 2.750002 2.012887 0.5949364 2.750002 1.155478 0.06299054 3.000002 1.162643 0.02120584 3.000002 1.155478 0.06299054 2.750002 1.141354 0.1029747 3.000002 1.141354 0.1029747 2.750002 1.120669 0.1399986 2.750002 1.899972 0.7677636 -2.749998 1.899972 0.7677639 -2.749998 1.760147 0.919656 2.750002 1.760147 0.9196556 -2.749998 1.597226 1.046457 2.750002 1.597226 1.046456 2.750002 1.094033 0.1729881 3.000002 1.120669 0.1399986 3.000002 1.094033 0.1729881 2.750002 1.062204 0.2010032 3.000002 1.062204 0.2010032 2.750002 1.026095 0.2232322 2.750002 1.415664 1.144717 -2.749998 1.415664 1.144717 -2.749998 1.220401 1.211752 2.750002 1.220401 1.211752 2.750002 1.016769 1.24573 2.750002 0.986752 0.2390403 -2.749998 1.016769 1.24573 -2.749998 0.8103176 1.24573 2.33586e-6 0.9135403 1.250002 -2.749998 0.9452969 0.2479763 -2.749998 0.9029324 0.2497768 -2.999998 0.8608731 0.2443875 -2.999998 0.9029324 0.2497768 -2.749998 0.8608731 0.2443875 -2.749998 0.8203274 0.2319729 -2.749998 0.6066861 1.211752 -2.999998 0.8203274 0.2319729 -2.999998 0.1635463 1.299038 -2.999998 0.7824673 0.2128811 -2.999998 0.36553 1.396316 -2.999998 0.5797634 1.462393 -0.7499855 0.1635463 1.299038 -0.6508156 0.2627224 1.351455 -0.5480079 0.36553 1.396316 -0.4421363 0.4714077 1.433358 -0.5480079 -3.58646 1.396316 -0.7499855 -3.58646 1.299038 -0.3337867 -3.58646 1.462393 -0.5021218 -3.58646 1.144717 -0.6836891 -3.58646 1.046456 -0.8466041 -3.58646 0.9196559 -0.8466041 0.06693989 0.9196559 -0.767759 0.1457729 0.9864223 -0.6836891 0.229861 1.046456 -2.749998 0.229861 1.046457 -0.5949318 0.3186123 1.099343 -2.749998 0.4114223 1.144717 -0.5021218 0.4114223 1.144717 -0.4058693 0.5076687 1.182272 -0.306858 -3.58646 1.211752 -0.1120948 -3.58646 1.495803 -0.1032203 -3.58646 1.24573 -0.306858 0.6066861 1.211752 -0.205735 0.7077969 1.232955 -0.1032203 0.8103176 1.24573 0.1032249 0.8103176 1.24573 2.750002 0.8103176 1.24573 0.2057518 0.7077969 1.232955 0.1032249 -3.58646 1.24573 0.3337914 -3.58646 1.462393 0.3068627 -3.58646 1.211752 0.1120995 -3.58646 1.495803 -0.1120948 0.8014431 1.495803 0.1120995 0.8014431 1.495803 0.2235619 0.6899807 1.483248 0.3337914 0.5797634 1.462393 3.000002 0.5797634 1.462392 0.442141 0.4714077 1.433358 0.5480248 0.36553 1.396316 3.000002 0.36553 1.396316 3.000002 0.8203274 0.2319725 3.000002 0.7824673 0.2128806 3.000002 0.1635463 1.299038 0.6508203 0.2627224 1.351455 0.7500024 0.1635463 1.299038 0.5480248 -3.58646 1.396316 0.7500024 -3.58646 1.299038 0.5021263 -3.58646 1.144717 0.6836937 -3.58646 1.046456 0.5949364 0.3186123 1.099343 0.4058739 0.5076687 1.182272 0.5021263 0.4114223 1.144717 2.750002 0.6066861 1.211752 2.750002 0.4114223 1.144717 2.750002 0.8203274 0.2319725 2.750002 0.8608731 0.244387 2.750002 0.229861 1.046456 0.6836937 0.229861 1.046456 0.7677758 0.1457729 0.9864221 0.8466088 -3.58646 0.9196557 0.8466088 0.06693989 0.9196557 2.750002 0.06693989 0.9196556 0.9196557 -0.006113052 0.8466028 0.9864282 -3.58646 0.7677637 0.9864282 -0.07288551 0.7677637 2.750002 -0.07288551 0.7677636 1.046462 -0.1329197 0.6836878 1.099355 -3.58646 0.5949365 1.099355 -0.1858006 0.5949365 2.750002 -0.1858006 0.5949364 1.144717 -0.2311741 0.5021204 1.182278 -3.58646 0.405874 1.182278 -0.268729 0.405874 2.750002 -0.268729 0.4058738 1.211758 -0.298209 0.3068566 1.232961 -3.58646 0.2057458 1.232961 -0.3194065 0.2057458 1.245742 -0.3321872 0.103225 1.250002 -3.58646 2.39179e-6 1.483254 -3.58646 -0.2235633 1.500002 -3.58646 2.37292e-6 1.483254 -3.58646 0.2235619 1.500002 -0.5864536 2.37292e-6 1.495803 -0.5822666 -0.1120948 3.000002 -0.5697056 -0.2235634 1.483254 -0.5697056 -0.2235633 3.000002 -0.5198155 -0.4421303 1.462392 -0.5488499 -0.3337806 1.433364 -0.5198155 -0.4421302 3.000002 -0.4379063 -0.6508278 1.396316 -0.4827671 -0.548014 1.351455 -0.4379063 -0.6508277 3.000002 -0.3258152 -0.8449807 1.299038 -0.3854954 -0.7500038 1.239358 -0.3258152 -0.8449805 3.000002 -0.1860386 -1.020261 3.000002 0.7190334 -0.1570534 3.000002 -0.02168923 -1.172746 3.000002 0.748373 -0.1876686 2.750002 0.748373 -0.1876686 2.750002 0.7824673 -0.2128822 3.000002 0.7824673 -0.2128822 3.000002 0.8203274 -0.231974 2.750002 0.229861 -1.046458 2.750002 0.06693989 -0.9196571 0.7677757 0.1457729 -0.9864234 0.5949363 0.3186123 -1.099338 0.6836936 0.229861 -1.046458 0.8466087 0.06693989 -0.919657 0.9196556 -0.006113052 -0.8466041 2.750002 -0.07288551 -0.7677651 2.750002 0.6952908 -0.1219215 2.750002 0.7190334 -0.1570534 3.000002 0.6952908 -0.1219215 3.000002 0.6778225 -0.0832802 2.750002 0.6778225 -0.0832802 3.000002 0.6671352 -0.04225236 3.000002 -0.5864536 2.25967e-6 3.000002 -0.5697056 0.2235618 1.495803 -0.5822666 0.1120934 1.483254 -0.5697056 0.2235619 1.462392 -0.5488499 0.3337853 1.433364 -3.58646 0.4421349 1.433364 -0.5198155 0.4421349 1.351455 -3.58646 0.6508263 1.396316 -0.4827671 0.5480126 1.351455 -0.4379063 0.6508263 1.239358 -3.58646 0.8449792 1.239358 -0.3258152 0.8449792 1.299038 -0.3854954 0.7500024 1.099575 -3.58646 1.02026 1.099575 -0.1860386 1.02026 0.9352319 -3.58646 1.17275 1.172744 -0.2592014 0.935238 3.000002 -0.3258152 0.8449791 3.000002 -0.1860386 1.02026 3.000002 -0.02168923 1.17275 1.020266 -0.1067173 1.099575 3.000002 0.7190334 0.1570579 3.000002 0.748373 0.187667 2.750002 0.7190334 0.157058 2.750002 0.6952908 0.1219261 3.000002 0.6952908 0.1219261 2.750002 0.6778225 0.08328473 3.000002 0.6778225 0.08328473 3.000002 -0.4379063 0.6508262 3.000002 -0.5198155 0.4421348 2.750002 0.748373 0.1876671 2.750002 0.7824673 0.2128807 0.9352319 -0.02168923 1.17275 0.8449853 0.06856346 1.239358 2.750002 0.9029324 0.2497764 3.000002 0.9029324 0.2497764 3.000002 0.8608731 0.244387 3.000002 0.8014431 1.495803 3.000002 1.025637 1.495803 2.35473e-6 0.9135403 1.500002 -2.999998 1.025637 1.495803 -2.999998 0.8014431 1.495803 3.000002 1.247323 1.462392 -2.999998 1.247323 1.462393 -2.999998 0.9452969 0.2479763 -2.999998 0.986752 0.2390407 -2.999998 1.461557 1.396316 -2.999998 1.026095 0.2232326 -2.749998 1.026095 0.2232326 -2.749998 0.986752 0.2390407 -2.749998 1.062204 0.2010036 -2.749998 1.094033 0.1729885 -2.999998 1.062204 0.2010037 -2.999998 1.848776 1.172751 -2.999998 1.66354 1.299038 -2.999998 1.094033 0.1729885 -2.999998 2.013119 1.02026 -2.999998 1.120669 0.139999 -2.749998 1.120669 0.139999 -2.749998 1.141354 0.1029751 -2.999998 1.141354 0.1029751 -2.749998 1.155478 0.06299096 -2.999998 1.155478 0.06299096 -2.749998 1.162643 0.02120625 -2.999998 1.162643 0.02120631 -2.749998 1.162643 -0.02120089 -2.999998 1.162643 -0.02120089 -2.749998 1.155478 -0.06299167 -2.999998 1.155478 -0.06299167 -2.749998 1.141354 -0.1029758 -2.749998 1.120669 -0.1399875 -2.999998 1.141354 -0.1029758 -2.999998 2.264993 -0.6508274 -2.999998 1.120669 -0.1399875 -2.999998 2.346902 -0.4421299 3.000002 2.264993 -0.6508278 3.000002 2.346902 -0.4421303 -2.999998 2.396786 -0.223563 3.000002 2.396786 -0.2235634 -2.999998 2.41354 2.71266e-6 3.000002 2.41354 2.25967e-6 -2.999998 2.396786 0.2235623 3.000002 2.396786 0.2235618 -2.999998 2.346902 0.4421353 3.000002 2.346902 0.4421348 -2.999998 2.264993 0.6508267 3.000002 2.264993 0.6508262 -2.999998 2.152902 0.8449795 3.000002 2.152902 0.8449791 3.000002 2.013119 1.02026 3.000002 1.848776 1.17275 3.000002 1.66354 1.299038 3.000002 1.026095 0.2232322 3.000002 0.986752 0.2390403 3.000002 1.461557 1.396316 2.750002 0.9452969 0.2479759 3.000002 0.9452969 0.2479758 3.000002 1.162643 -0.02120131 3.000002 2.152902 -0.8449807 -2.999998 2.152902 -0.8449802 3.000002 2.013119 -1.020261 3.000002 1.094033 -0.1729835 3.000002 1.848776 -1.172746 -2.999998 2.013119 -1.020261 -2.999998 1.848776 -1.172745 -2.999998 1.094033 -0.1729831 -2.999998 1.062204 -0.2010043 -2.749998 1.026095 -0.2232273 -2.749998 1.062204 -0.2010044 -2.999998 1.026095 -0.2232273 -2.999998 1.461557 -1.396305 -2.999998 1.66354 -1.299039 -2.999998 0.986752 -0.2390415 -2.749998 0.986752 -0.2390415 -2.749998 0.9452969 -0.247977 -2.749998 1.016769 -1.245731 -0.1032205 0.8103176 -1.245731 -2.749998 0.8103176 -1.245731 -2.749998 0.6066861 -1.211747 -0.3068582 0.6066861 -1.211747 -0.2057352 0.7077969 -1.23295 -2.749998 0.9029324 -0.2497776 -2.999998 0.9452969 -0.247977 -2.999998 0.9029324 -0.2497776 -2.749998 0.8608731 -0.2443882 -2.749998 0.8203274 -0.2319736 -2.999998 0.8608731 -0.2443881 -2.749998 0.4114223 -1.144718 -0.5021219 0.4114223 -1.144718 -2.749998 0.229861 -1.046457 -0.6836892 0.229861 -1.046458 -0.5949319 0.3186123 -1.099338 -0.5021219 -3.58646 -1.144718 -0.6836892 -3.58646 -1.046458 -0.8466042 -3.58646 -0.9196569 -0.7499857 -3.58646 -1.299039 -0.9352273 -3.58646 -1.172745 -0.7677591 0.1457729 -0.9864233 -0.8466042 0.06693989 -0.9196569 -2.749998 0.06693989 -0.9196568 -0.9196511 -0.006113052 -0.8466039 -0.9864236 -0.07288551 -0.7677648 -0.9864236 -3.58646 -0.7677648 -1.099571 -3.58646 -1.020261 -1.239353 -3.58646 -0.8449803 -1.35145 -3.58646 -0.6508275 -1.099339 -3.58646 -0.5949377 -1.046458 -0.1329197 -0.6836889 -2.749998 -0.07288551 -0.7677647 -1.099339 -0.1858006 -0.5949377 -2.749998 -0.1858006 -0.5949376 -1.144712 -0.2311741 -0.5021215 -1.182273 -3.58646 -0.4058751 -1.182273 -0.268729 -0.4058751 -2.749998 -0.268729 -0.405875 -1.211753 -0.298209 -0.3068517 -1.232944 -3.58646 -0.2057408 -1.232944 -0.3194065 -0.2057408 -2.749998 -0.3194065 -0.2057407 -1.245725 -0.3321872 -0.1032261 -1.249998 -0.3364536 2.58054e-6 -1.249998 -3.58646 2.58054e-6 -1.48325 -3.58646 0.2235621 -1.232944 -3.58646 0.2057459 -1.499998 -3.58646 2.59941e-6 -1.48325 -3.58646 -0.223563 -1.499998 -0.5864536 2.59941e-6 -1.495798 -0.5822666 0.1120936 -2.999998 -0.5697056 0.2235623 -1.48325 -0.5697056 0.2235621 -2.999998 -0.5198155 0.4421353 -1.462388 -0.5488499 0.3337855 -1.433359 -0.5198155 0.4421352 -1.433359 -3.58646 0.4421352 -1.396311 -0.4827671 0.5480129 -1.35145 -3.58646 0.6508266 -1.182273 -3.58646 0.4058741 -1.099339 -3.58646 0.5949366 -1.232944 -0.3194065 0.2057459 -1.211753 -0.298209 0.3068568 -1.182273 -0.268729 0.4058741 -1.144712 -0.2311741 0.5021205 -2.749998 -0.268729 0.4058743 -2.749998 -0.3194065 0.2057461 -2.749998 -0.1858006 0.5949367 -2.749998 0.6778225 0.08328515 -2.749998 0.6671352 0.04225122 -2.999998 0.6635464 2.71266e-6 -2.999998 0.6671352 0.04225122 -2.749998 0.6635464 2.69379e-6 -2.999998 0.6671352 -0.04225188 -2.749998 0.6671352 -0.04225194 -2.749998 -0.3364536 2.69379e-6 -1.245725 -0.3321872 0.1032252 -2.999998 0.6778225 -0.08327972 -2.749998 0.6778225 -0.08327978 -2.749998 0.6952908 -0.1219211 -2.999998 0.6952908 -0.1219211 -2.999998 -0.3258152 -0.8449802 -2.999998 -0.4379063 -0.6508274 -2.999998 0.7190334 -0.1570529 -2.999998 -0.1860386 -1.020261 -2.999998 0.748373 -0.1876682 -2.999998 -0.02168923 -1.172745 -2.749998 0.7190334 -0.1570529 -2.749998 0.748373 -0.1876682 -2.749998 0.7824673 -0.2128818 -2.999998 0.7824673 -0.2128818 -2.999998 0.1635463 -1.299039 -2.999998 0.8203274 -0.2319736 -2.999998 0.36553 -1.396305 -0.6508158 0.2627224 -1.351456 -0.5480082 0.36553 -1.396305 -0.4421365 0.4714077 -1.433359 -2.999998 0.5797634 -1.462393 -0.3337869 0.5797634 -1.462394 -0.2235574 0.6899807 -1.48325 -2.999998 0.8014431 -1.495804 -0.112095 0.8014431 -1.495804 -2.999998 1.025637 -1.495804 2.12824e-6 0.9135403 -1.500004 3.000002 1.025637 -1.495805 -2.999998 1.247323 -1.462393 3.000002 1.247323 -1.462394 3.000002 1.461557 -1.396305 3.000002 1.66354 -1.299039 -0.3337869 -3.58646 -1.462394 -0.5480082 -3.58646 -1.396305 -0.3068582 -3.58646 -1.211747 -0.1032205 -3.58646 -1.245731 -0.4058694 0.5076687 -1.182273 -0.7499857 0.1635463 -1.299039 -0.8449808 0.06856346 -1.239359 -0.9352273 -0.02168923 -1.172745 -1.020249 -0.1067173 -1.099576 -1.099571 -0.1860386 -1.020261 -1.172739 -0.2592014 -0.9352331 -1.239353 -0.3258152 -0.8449803 -1.299033 -0.3854954 -0.7500035 -1.35145 -0.4379063 -0.6508275 -1.396311 -0.4827671 -0.5480138 -2.999998 -0.5198155 -0.4421299 -1.433359 -0.5198155 -0.44213 -1.462388 -0.5488499 -0.3337804 -1.433359 -3.58646 -0.44213 -1.48325 -0.5697056 -0.223563 -2.999998 -0.5697056 -0.223563 -1.495798 -0.5822666 -0.1120945 -2.999998 -0.5864536 2.71266e-6 -2.999998 0.6778225 0.08328515 -2.749998 0.6952908 0.1219265 -2.999998 0.6952908 0.1219265 -2.999998 -0.3258152 0.8449795 -2.999998 -0.4379063 0.6508267 -2.999998 0.7190334 0.1570584 -2.749998 0.7190334 0.1570584 -2.749998 0.748373 0.1876675 -2.749998 0.06693989 0.919656 -2.749998 -0.07288551 0.7677639 -1.046458 -0.1329197 0.6836879 -0.919651 -0.006113052 0.8466029 -0.9864234 -0.07288551 0.7677638 -0.9864234 -3.58646 0.7677638 -1.239353 -3.58646 0.8449794 -1.09957 -3.58646 1.02026 -1.099339 -0.1858006 0.5949366 -1.172739 -0.2592014 0.9352381 -1.020249 -0.1067173 1.099575 -0.9352272 -3.58646 1.17275 -1.09957 -0.1860386 1.02026 -2.999998 -0.02168923 1.172751 -2.999998 -0.1860386 1.02026 -1.239353 -0.3258152 0.8449794 -2.999998 0.748373 0.1876675 -2.749998 0.7824673 0.2128811 -1.299033 -0.3854954 0.7500026 -1.35145 -0.4379063 0.6508266 -0.9352272 -0.02168923 1.17275 -0.8449805 0.06856346 1.239358 -2.749998 1.094033 -0.1729831 -0.3337867 0.5797634 1.462393 -0.2235572 0.6899807 1.483248 0.3068627 0.6066861 1.211752</float_array>
          <technique_common>
            <accessor source="#Rover_Complete_STL_017-mesh-positions-array" count="548" stride="3">
              <param name="X" type="float"/>
              <param name="Y" type="float"/>
              <param name="Z" type="float"/>
            </accessor>
          </technique_common>
        </source>
        <source id="Rover_Complete_STL_017-mesh-normals">
          <float_array id="Rover_Complete_STL_017-mesh-normals-array" count="3300">-1 0 0 0 0.9964125 0.08462929 0 0.9964115 -0.08464139 -1 0 0 0 0.9964115 -0.08464139 -1 0 0 0 0.996585 -0.08257335 0 0.9991471 0.04129409 -1 0 0 -0.002839982 0.996581 0.08257299 0 0.9923179 0.1237147 -0.9923177 0 0.123715 -0.9991416 0.00262165 0.04134225 -0.9785993 0.002577066 0.2057592 0 0.9787231 0.2051855 -0.9693971 0 0.2454979 -0.9157879 0 0.4016622 0 -1 0 0 -1 0 0 -1 0 -0.958429 0 0.2853311 0 0.958429 0.2853311 0 0.9315927 0.3635038 -0.9312377 0.002509295 0.3644037 -0.002659261 0.9157737 0.4016857 -0.8984436 0 0.4390889 0 0.8983969 0.4391846 -0.858376 0.002432167 0.5130154 0 0.8590683 0.5118609 -0.837136 0 0.5469947 0 -1 0 -0.8138248 0 0.5811103 -0.7357412 0 0.6772628 0 -1 0 0 -1 0 0.7579876 0 -0.6522689 0.707134 0 -0.7070797 0.7818285 -0.001259624 -0.6234921 0.6801626 -0.001206874 -0.7330603 0 -1 0 0 -1 0 0.5633391 -0.001148641 -0.826225 0.6522426 0 -0.7580103 0.5938705 0 -0.8045607 0 -0.532021 -0.8467311 0.003736019 -0.5914197 -0.8063553 0.532021 0 -0.8467312 0.003426313 -0.4645922 -0.8855181 0 -0.4338676 -0.9009767 0.467253 0 -0.8841236 0 -0.3998485 -0.9165812 0.3998882 0 -0.9165639 0.4338779 -0.001089394 -0.900971 0 -1 0 0 -1 0 0.2947817 -0.001033842 -0.9555641 0 -1 0 0.3303114 0 -0.943872 0 -0.2588237 -0.9659246 0.00314933 -0.3275194 -0.9448392 0.2588372 0 -0.9659209 0.002905845 -0.1831177 -0.9830867 0 -0.1490328 -0.9888322 0.185905 0 -0.9825677 0 -0.1119301 -0.9937161 0.11193 0 -0.9937161 0.1490247 -9.81182e-4 -0.988833 0 -1 0 0 -1 0 0 0 -1 0 -1 0 -0.1646101 0 0.9863587 0 -1 0 -0.3246762 0 0.9458252 -0.3617147 0.002035975 0.9322866 -0.2853093 0 0.9584355 -0.2033817 0.00194174 0.9790976 0 0.2052426 0.9787111 0 0.2852932 0.9584404 -1 0 0 -0.001822054 0.3246757 0.9458237 -1 0 0 -1 0 0 -0.001678168 0.1646147 0.9863565 0 0.1237078 0.9923186 -1 0 0 -0.001553475 0 0.9999988 0 0.04135537 0.9991446 -1 0 0 0 0.127099 0.99189 0 0.127099 0.99189 0 -0.0424627 0.9990981 -1 0 0 0 -0.2107082 0.977549 0 -0.0424627 0.9990981 -1 0 0 -1 0 0 -1 0 0 0 -0.3246764 0.9458252 0 -0.1646149 0.9863579 0 -0.3246764 0.9458252 0 -0.4759643 0.8794646 0 -0.4759643 0.8794646 -1 0 0 -1 0 0 0 -0.3729535 0.92785 0 -0.3729535 0.92785 0 -0.5241377 0.8516335 -1 0 0 0 -0.5241377 0.8516335 0 -0.6607742 0.7505848 -1 0 0 -1 0 0 -1 0 0 0 -0.6141946 0.7891546 0 -0.7357264 0.6772789 0 -0.7357264 0.6772789 -1 0 0 -1 0 0 0 -0.8371633 0.5469531 0 -0.8371633 0.5469531 0 -0.9157772 0.4016869 0 -0.915777 0.4016869 -1 0 0 -1 0 0 0 -0.8729265 0.4878518 0 -0.8729265 0.4878518 0 -0.9429051 0.3330616 -1 0 0 0 -0.9429051 0.3330616 0 -0.9856168 0.1689963 -1 0 0 -1 0 0 -1 0 0 0 -0.9694041 0.2454702 0 -0.996585 0.08257347 0 -0.996585 0.08257347 -1 0 0 -1 0 0 0 -0.996585 -0.08257347 0 -0.996585 -0.08257347 0 -0.9694024 -0.2454773 0 -0.9694024 -0.2454773 -1 0 0 0 -0.915777 -0.401687 -1 0 0 0 -0.915777 -0.4016869 -1 0 0 0 -0.9856126 -0.1690203 0 -0.9856126 -0.1690202 0 -0.9429051 -0.3330615 -1 0 0 0 -0.9429051 -0.3330615 0 -0.872995 -0.4877293 -1 0 0 -1 0 0 -1 0 0 0 -0.8371634 -0.546953 0 -0.7357264 -0.6772789 0 -0.7357264 -0.6772789 0 -0.6141945 -0.7891548 -1 0 0 0 -0.614194 -0.789155 -1 0 0 0 -0.7780519 -0.6282001 0 -0.7780519 -0.6282001 0 -0.6606926 -0.7506566 -1 0 0 0 -0.6606926 -0.7506566 0 -0.5242422 -0.8515692 -1 0 0 -1 0 0 0 -0.4759643 -0.8794646 0 -0.3247032 -0.9458159 0 -0.3247032 -0.9458159 -1 0 0 -1 0 0 0 -0.1645857 -0.9863627 -1 0 0 0 -0.1645857 -0.9863627 0 -0.04135286 -0.9991446 1 0 0 0.001553475 0 -0.9999989 1 0 0 1 0 0 0 0.1270987 -0.9918901 0 0.1270987 -0.9918901 0 -0.0424627 -0.9990981 1 0 0 1 0 0 0 0.2927709 -0.9561826 1 0 0 0 0.2927709 -0.9561826 -1 0 0 -1 0 0 0 0.4502628 -0.8928961 -1 0 0 -1 0 0 0 -0.2947328 0.9555797 -0.003421902 -0.4645951 0.8855167 0 -0.4339111 0.9009556 0 -0.3999395 0.9165416 -0.003144979 -0.3274269 0.9448713 -0.3999394 0 0.9165416 -0.3302488 0 0.943894 -0.4339215 -0.001089334 0.90095 0 -1 0 -0.294748 -0.001032829 0.9555745 0 -1 0 0 -1 0 0.4759518 0 -0.8794714 0.6142086 0 -0.7891437 0 -1 0 0.6449278 0.00223416 -0.7642402 0.581137 0 -0.8138058 0.5103003 0.002135634 -0.8599936 0 0.5810533 -0.8138656 0 0.5119044 -0.8590424 0.4392083 0 -0.8983852 0.001981139 0.4759632 -0.879463 0 0.4392084 -0.8983852 0.3247031 0 -0.945816 0.3617168 0.002034664 -0.9322859 0 0.3635042 -0.9315925 0 -1 0 0 -1 0 0.1645809 0 -0.9863636 0 -1 0 0.2853635 0 -0.9584194 0 0.2853472 -0.9584242 0 0.2052415 -0.9787114 0.2033569 0.001941919 -0.9791027 0.001679301 0.1645855 -0.9863614 0 0.1236498 -0.9923259 0.123657 0 -0.992325 0 0 -1 0 0.04135531 -0.9991445 0 0.04135537 -0.9991446 -0.002992749 0.03836727 -0.9992592 0 0 -1 0 0.1236497 -0.9923259 -0.1236425 0 -0.9923268 0 0 -1 0 -1 0 0 -1 0 -0.1645808 9.95157e-4 -0.9863631 0 -1 0 0 0 1 0 0 1 0.11193 0 0.9937161 0.1840579 -0.00191164 0.9829136 0 -1 0 0.1490242 0 0.9888335 0 -0.2588246 0.9659244 0 -0.1859238 0.9825642 0.2588382 0 0.9659207 0.001638591 -0.2947323 0.9555784 0.3284219 -0.002011001 0.9445289 0 -0.3302317 0.9438999 1 0 0 1 0 0 1 0 0 0.001784384 -0.4339104 0.9009543 0 -0.3999394 0.9165416 0.4655934 -0.002119719 0.8849962 0 -0.4672745 0.8841122 0.3999793 0 0.9165241 0.4339217 0 0.9009506 0 -1 0 0.2947328 0 0.9555797 0 -1 0 0 -1 0 -0.4759515 0.00109297 -0.8794709 0 -1 0 -0.324703 0.001042127 -0.9458155 -0.4392083 0 -0.8983852 -0.3634842 0 -0.9316004 -0.003495812 0.3604658 -0.9327659 0 0.4392082 -0.8983853 0 0.3247031 -0.9458159 -1 0 0 -1 0 0 -1 0 0 0 0.4759641 -0.8794646 -0.003803014 0.5090913 -0.8607041 -0.5118784 0 -0.8590579 -0.5810818 0 -0.8138452 0 0.5810539 -0.8138651 -0.6462891 0 -0.7630927 -0.6142084 0.001143634 -0.7891431 -0.004140913 0.6438692 -0.7651244 -0.7071362 0 -0.7070774 0 0.6141942 -0.789155 0 0.7071067 -0.707107 -0.7630882 0 -0.6462944 -0.7357408 0.001191914 -0.6772623 -0.004497945 0.7611985 -0.6485034 -0.8138254 0 -0.5811095 0 0.7357265 -0.6772788 0 0.8138252 -0.5811097 -0.8371357 0.001235723 -0.5469938 -0.004861593 0.8577817 -0.5139913 -0.8590166 0 -0.5119477 0 0.8371633 -0.546953 -0.8984435 0 -0.4390892 0 0.8983967 -0.4391849 -0.9315727 0 -0.363555 -0.9157871 0.001269757 -0.4016619 -0.005192935 0.9308923 -0.3652568 0 0.915777 -0.4016871 0 0.9584243 -0.2853472 -0.9584242 0 -0.2853472 -0.005473732 0.9784773 -0.2062819 -0.9787112 0 -0.2052425 -0.9693945 0.001298069 -0.2455047 0 0.9694024 -0.245477 -0.9923186 0 -0.1237077 0 0.9923188 -0.1237075 -0.9965866 0.001313567 -0.08254355 -0.005658507 0.9991212 -0.04152899 -0.9991494 0 -0.04123663 0 -1 0 0 -1 0 0 -1 0 -0.9965875 0 0.08254367 0 -1 0 0.9972056 0 0.0747056 0.9972048 -0.001393556 -0.07470345 0.9992991 0 -0.03743362 0 -0.9937106 -0.1119779 0.005563199 -0.9992799 -0.03753292 0.9937228 0 -0.1118704 0.005379319 -0.9823633 -0.1869046 0 -0.9749244 -0.2225366 0.982554 0 -0.1859772 0 -0.9659208 -0.2588378 0.9659345 0 -0.2587867 0.9749234 -0.001378893 -0.2225363 0 -0.9308716 -0.3653466 0.005112588 -0.9433176 -0.3318522 0.9438889 0 -0.3302632 0 -0.9165502 -0.3999195 0.9165502 0 -0.3999195 0.9308707 -0.00135225 -0.3653463 0.004784822 -0.8830776 -0.4692027 0 -0.8660315 -0.4999896 0.8841119 0 -0.4672754 0 -0.8467149 -0.5320469 0.8467147 0 -0.5320472 0.8660187 -0.001310467 -0.5000099 0.8045794 0 -0.5938451 0.004420757 -0.8030099 -0.5959494 0 -0.7818427 -0.6234758 1 0 0 1 0 0 1 0 0 0 -0.6801494 -0.7330735 0 -0.7580147 -0.6522374 0 0.7219882 0.6919055 0 0.5945972 0.8040238 0 0.5945972 0.8040238 1 0 0 0 0.4502628 0.8928961 0 0.4502628 0.8928961 1 0 0 1 0 0 0 0.2927706 0.9561827 0 0.2927706 0.9561827 1 0 0 1 0 0 -1 0 0 -1 0 0 -1 0 0 -1 0 0 -0.002154171 0.6141933 0.7891526 0 0.5810536 0.8138653 -0.001978695 0.4759632 0.879463 0 0.511861 0.8590683 -0.5810814 0 0.8138455 -0.5102588 0.002133071 0.8600183 -0.4759518 0 0.8794714 0 0.4392558 0.8983621 -0.4392558 0 0.8983621 -0.6449831 0.002238273 0.7641935 0 0.6462894 0.7630925 0 0.7071066 0.7071069 -0.7071362 0 0.7070774 -0.6142085 0 0.7891438 0 0.7630882 0.6462943 -0.002332687 0.7357245 0.677277 -0.7621086 0.00233823 0.647445 0 0.8138253 0.5811097 -0.002508103 0.8371607 0.5469514 -1 0 0 -1 0 0 -1 0 0 0 0.8285348 0.5599375 0 0.8285348 0.5599375 0 0.7219882 0.6919055 -1 0 0 1 0 0 0 0.9112177 0.4119252 1 0 0 1 0 0 1 0 0 0 0.9112177 0.4119252 0 0.9677072 0.2520769 1 0 0 1 0 0 1 0 0 0 0.9964125 0.08462929 0 0.9677072 0.2520769 1 0 0 1 0 0 0.002791225 -0.9972018 0.07470554 0 -0.9993031 0.0373274 0 -0.9972058 -0.07470381 0 -0.9937106 0.111978 0.9992913 -0.002781212 0.03753924 0.9937228 0 0.1118704 0 -0.9825659 0.1859145 0.9824575 -0.002737462 0.1864666 0.9749256 0 0.2225306 0 -1 0 0 -1 0 0 -1 0 0.9308679 0 0.3653559 0.9659345 0 0.2587866 0.9165502 0 0.3999195 0.943588 -0.002670109 0.3311113 0.8660199 0 0.5000095 0 -1 0 0 -1 0 0.7818293 0 0.6234925 0.8467156 0 0.5320456 0.8835457 -0.002576947 0.4683379 0 -1 0 0.8037244 -0.002470433 0.5949966 0.7579644 0 0.652296 0.6801775 0 0.7330475 0 -1 0 0 -1 0 0 -0.804599 0.5938185 0.00229454 -0.7818408 0.6234741 0 -0.7579914 0.6522644 1 0 0 1 0 0 0.002117097 -0.6801624 0.7330584 0 -0.7070796 0.707134 1 0 0 0 0.7219191 -0.6919774 0 0.8285349 -0.5599375 0 0.8285349 -0.5599375 1 0 0 0 0.9112177 -0.4119251 0 0.9112177 -0.4119251 1 0 0 1 0 0 0 -0.9165502 0.3999195 0.002616405 -0.9308647 0.3653546 0.002467751 -0.8660288 0.499988 0 -0.8841345 0.4672324 1 0 0 1 0 0 0.002728462 -0.9749221 0.2225298 1 0 0 0 -0.9659208 0.2588377 0 -0.943883 0.3302802 0 0.9677164 -0.2520418 0 0.9677164 -0.2520418 -1 0 0 -1 0 0 -1 0 0 -1 0 0 -1 0 0 -1 0 0 0 0.7219191 -0.6919774 -1 0 0 -1 0 0 0 0.5945967 -0.8040242 0 0.5945967 -0.8040242 -1 0 0 -1 0 0 0 0.4502628 -0.8928961 0 0.4502628 -0.8928961 -1 0 0 1 0 0 1 0 0 0 -0.6523002 0.7579607 0.7059521 -0.002357423 0.7082556 0.6522732 0 0.7579839 0 -0.5938091 0.804606 0.592383 -0.002239227 0.8056533 0.563322 0 0.8262375 0.00194621 -0.5633078 0.8262448 0 -0.5320232 0.8467298 0.5320232 0 0.8467298 0 -0.8467149 0.532047 0 -1 0 0 -1 0 1 0 0 -1 0 0 -1 0 0 -1 0 0 0 -0.5633274 -0.8262338 0.004070818 -0.7050356 -0.7091603 0 -0.6522691 -0.7579875 0 -1 0 0 -1 0 -1 0 0 0 0.1270987 -0.9918901 0 0.1270987 -0.9918901 0 0.2927709 -0.9561826 1 0 0 0 0.2927709 -0.9561826 1 0 0 1 0 0 0.001511633 -0.1490321 0.9888312 0 -0.1119299 0.9937161 1 0 0 0.001399815 0 0.9999991 0 -0.03743457 0.9992991 0 -0.03743463 0.9992991 -0.002696931 -0.03474122 0.9993927 0 0.03743463 0.9992991 -1 0 0 0 0 1 0 0.1490283 0.988833 0 0.1490283 0.988833 -1 0 0 -1 0 0 -1 0 0 -1 0 0 0 -0.2107082 -0.977549 0 -0.3728294 -0.9278999 0 -0.3728294 -0.9278999 1 0 0 0 -0.2107082 -0.977549 1 0 0 1 0 0 1 0 0 0 -0.5242422 -0.8515692 1 0 0 1 0 0 0 -0.6606926 -0.7506566 1 0 0 0 -0.5242422 -0.8515692 -1 0 0 -1 0 0 -1 0 0 0 -0.6606926 -0.7506566 -1 0 0 -1 0 0 0 -0.7780519 -0.6282001 0 -0.7780519 -0.6282001 0 -0.872995 -0.4877293 1 0 0 1 0 0 1 0 0 0 -0.872995 -0.4877293 1 0 0 1 0 0 0 -0.9429051 -0.3330615 0 -0.9429051 -0.3330615 0 -0.9856126 -0.1690202 1 0 0 1 0 0 0 -0.9856126 -0.1690203 0 -1 0 1 0 0 1 0 0 0 -1 0 0 -0.9856168 0.1689963 1 0 0 1 0 0 1 0 0 0 -0.9856168 0.1689963 0 -0.9429051 0.3330616 1 0 0 1 0 0 1 0 0 0 -0.8729265 0.4878518 0 -0.9429051 0.3330616 1 0 0 -1 0 0 -1 0 0 -1 0 0 0 -0.8729265 0.4878518 0 0.9308715 -0.3653466 0 0.9308715 -0.3653466 0 0.9749302 -0.2225108 -1 0 0 0 0.9749302 -0.2225108 0 0.9972037 -0.07473105 -1 0 0 -1 0 0 0 0.9972036 0.07473307 0 0.9972037 -0.07473105 -1 0 0 -1 0 0 0 0.9972036 0.07473307 0 0.9749315 0.2225049 -1 0 0 0 0.9749316 0.2225049 0 0.9308679 0.3653559 -1 0 0 -1 0 0 0 0.9308679 0.3653559 0 0.8660314 0.4999895 -1 0 0 -1 0 0 0 0.7818296 0.6234923 0 0.8660314 0.4999895 -1 0 0 -1 0 0 0 0.7818296 0.6234923 1 0 0 1 0 0 1 0 0 0 0.6801773 0.7330476 0 0.6801773 0.7330476 1 0 0 1 0 0 0 0.5633088 0.8262464 0 0.5633088 0.8262464 1 0 0 1 0 0 0 -0.5242422 -0.8515692 0 -0.3728294 -0.9278999 0 -0.3728294 -0.9278999 1 0 0 1 0 0 0 0.2947328 0.9555798 0 0.4339113 0.9009556 0 0.2947328 0.9555798 1 0 0 0 -0.2107082 -0.977549 0 -0.2107082 -0.977549 1 0 0 0 -0.0424627 -0.9990981 0 -0.0424627 -0.9990981 1 0 0 1 0 0 -1 0 0 -1 0 0 -1 0 0 0 0.4339113 0.9009556 1 0 0 1 0 0 1 0 0 1 0 0 1 0 0 1 0 0 1 0 0 1 0 0 0 -1 0 0 -0.9856166 0.1689963 0 -1 0 1 0 0 1 0 0 1 0 0 1 0 0 0 0.8660314 -0.4999895 1 0 0 0 0.8660314 -0.4999895 0 0.7818295 -0.6234924 1 0 0 1 0 0 1 0 0 1 0 0 0 0.6801627 -0.7330611 0 0.7818295 -0.6234924 -1 0 0 0 0.6801627 -0.7330611 -1 0 0 -1 0 0 -1 0 0 0 -0.6607742 0.7505848 0 -0.5241377 0.8516335 0 -0.5241377 0.8516335 -1 0 0 -1 0 0 -1 0 0 0 -0.3729535 0.92785 0 -0.3729535 0.92785 0 -0.2107082 0.977549 1 0 0 1 0 0 1 0 0 0.002992749 0.03836727 0.9992592 0 0 1 1 0 0 0 -0.04135286 0.9991446 0 -0.1646149 0.9863579 0 0.1237076 0.9923188 1 0 0 0 0.1646149 0.9863579 0.003226041 0.2021498 0.9793493 1 0 0 0 -0.0424627 0.9990981 0 -0.0424627 0.9990981 0 0.127099 0.99189 1 0 0 1 0 0 0 0.2927706 0.9561827 0 0.127099 0.99189 1 0 0 0 0.3246762 0.9458252 0 0.4392557 0.8983621 1 0 0 0 0.4759641 0.8794647 0.003798365 0.5090512 0.8607279 0.4392558 0 0.8983621 0.4759515 0.001091659 0.8794708 0.511835 0 0.8590838 0.6142088 0.001141607 0.7891427 0 -1 0 0 -1 0 0 -1 0 0.5811381 0 0.813805 0.6462313 0 0.7631416 0.004140853 0.6438689 0.7651246 0 0.5810543 0.8138648 0 0.7071067 0.707107 0 0.6141944 0.7891548 0.7071362 0 0.7070774 0.004497945 0.7611985 0.6485034 0.7630882 0 0.6462944 0.7357408 0.001191914 0.6772623 0 -1 0 0 -1 0 0 -1 0 0 -1 0 0.8371628 0.001237213 0.5469524 0.8138257 0 0.5811091 0 0.8138252 0.5811098 0.8590682 0 0.5118611 0.004861652 0.8577818 0.5139911 0.8983967 0 0.4391849 0 0.8371633 0.5469531 0 0.8983968 0.4391846 0.9157653 0.001271426 0.4017117 0.9315727 0 0.363555 0.005192935 0.9308923 0.3652568 0.958429 0 0.2853311 0 0.9157771 0.401687 0 0.958429 0.2853311 0.9694104 0.001299679 0.2454418 0.978735 0 0.2051286 0.005473017 0.9784774 0.2062811 0.9923177 0 0.123715 0 0.9694042 0.2454699 0 0.9923178 0.1237147 0.9965817 0.001311838 0.08260262 0.005658745 0.9991213 0.04152727 0.9991446 0 0.04135286 0 -1 0 0 -1 0 0.9965825 0 -0.08260273 0 -1 0 0 -1 0 -0.9972058 0 -0.07470411 -0.9972047 -0.001393496 0.07470601 -0.9992991 0 0.03743672 -0.00556308 -0.9992797 0.03753495 0 -0.9937106 0.111978 -0.9937228 0 0.1118704 0 -0.9749256 0.2225306 -0.005380034 -0.9823652 0.1868947 -0.9825561 0 0.1859663 0 -0.9659209 0.2588377 -0.9659342 0 0.2587876 -0.9749248 -0.001379132 0.2225304 -0.943883 0 0.3302801 -0.9308671 -0.001351892 0.3653556 0 -1 0 0 -1 0 0 -1 0 0 -1 0 0.915766 0 -0.4017122 0.9694095 0 -0.245449 0.978623 0.002581059 -0.2056462 0.9584242 0 -0.2853472 0.9312372 0.002512693 -0.3644048 0 0.9315927 -0.3635038 0 0.9584243 -0.2853472 1 0 0 0.002776801 0.9693987 -0.2454761 1 0 0 0.002659261 0.9157737 -0.4016858 1 0 0 0 0.9964115 -0.08464139 0 0.9964115 -0.08464139 0 0.9677164 -0.2520418 1 0 0 0 0.9964125 0.08462929 0 0.9964125 0.08462929 1 0 0 1 0 0 0.002839624 0.996581 -0.08257299 0 0.999147 -0.04129654 0 0.996585 0.08257329 1 0 0 0 0.9923188 -0.1237075 0.9991366 0.002617716 -0.04146319 0.9923186 0 -0.1237078 0 0.9677072 0.2520769 0 0.9677072 0.2520769 1 0 0 0 0.9112177 0.4119252 1 0 0 0 0.9112177 0.4119252 1 0 0 -1 0 0 -1 0 0 -1 0 0 0 0.8285348 0.5599375 -1 0 0 -1 0 0 0 0.7219882 0.6919055 -1 0 0 0 0.8285348 0.5599375 1 0 0 0 0.7219882 0.6919055 1 0 0 1 0 0 1 0 0 0 0.5945972 0.8040238 1 0 0 0 0.5945972 0.8040238 -1 0 0 -1 0 0 0 0.4502628 0.8928961 -1 0 0 -0.001786768 -0.4338669 -0.9009752 0 -0.3998484 -0.9165814 0 -0.3303284 -0.9438661 -0.001640915 -0.2947814 -0.9555633 -1 0 0 0 -0.1859248 -0.982564 0 -0.2588236 -0.9659247 -0.001511633 -0.1490326 -0.9888311 -1 0 0 -1 0 0 0 -0.1119299 -0.9937161 0 -0.03743457 -0.9992991 -1 0 0 -0.001399815 0 -0.9999991 -1 0 0 0 -0.03743463 -0.9992991 0.002696931 -0.03474122 -0.9993927 0 0.03743463 -0.9992991 1 0 0 0 0 -1 1 0 0 1 0 0 0 0.1490288 -0.9888328 0 0.1490288 -0.9888328 1 0 0 0 0.2947818 -0.9555646 0 0.2947818 -0.9555646 0 0.4338676 -0.9009766 0 0.4338676 -0.9009766 1 0 0 1 0 0 0 0.5633273 -0.8262338 0 0.5633273 -0.8262338 1 0 0 1 0 0 -1 0 0 -1 0 0 -1 0 0 -1 0 0 -0.11193 0 -0.9937161 0 0 -1 -0.184059 -0.001911699 -0.9829134 -0.2588372 0 -0.965921 -0.1490247 0 -0.9888334 0 -1 0 0 -1 0 -0.2947971 0 -0.9555599 0 -1 0 -0.3285491 -0.002014756 -0.9444847 0.16461 9.94004e-4 0.9863582 0 0 1 0 -1 0 0.123715 0 0.9923178 0.3246762 0.001042783 0.9458247 0 -1 0 0.2853094 0 0.9584355 0.2052187 0 0.9787162 0.3634831 0 0.9316008 0 0.285293 0.9584404 0.003498077 0.3604629 0.9327669 -0.4656347 -0.002125322 -0.8849745 -0.4338781 0 -0.9009716 -0.3998484 0 -0.9165813 0 -1 0 -0.5319737 0 -0.8467609 0 -0.5320225 -0.8467302 0 -0.4672754 -0.8841119 -0.592417 -0.002242505 -0.8056284 0 -0.5938448 -0.8045796 -0.001947462 -0.5633263 -0.8262322 -0.5633153 0 -0.826242 -0.6522954 0 -0.7579648 0 -0.652269 -0.7579875 -0.002118229 -0.6801479 -0.7330719 0 -0.7070795 -0.707134 -0.7058997 -0.002353847 -0.7083079 -0.7579877 0 -0.6522688 0 -0.7580143 -0.652238 -0.6801628 0 -0.7330611 -0.002292454 -0.7818406 -0.6234742 0 -0.8045799 -0.5938445 -0.803706 -0.002468287 -0.5950216 -0.8467152 0 -0.5320464 0 -0.8467149 -0.532047 -0.7818295 0 -0.6234924 -0.002467751 -0.8660288 -0.499988 -0.8835461 -0.002577006 -0.4683371 0 -0.8841345 -0.4672324 -0.9165502 0 -0.3999195 0 -0.9165502 -0.3999195 -0.8660199 0 -0.5000095 -0.00261712 -0.9308683 -0.3653454 0 -0.9438889 -0.3302632 -0.9435939 -0.002670764 -0.3310945 -0.9659342 0 -0.2587877 0 -0.9659208 -0.2588378 -0.9308716 0 -0.3653466 -0.9824558 -0.002737164 -0.1864755 -0.9749244 0 -0.2225366 0 -1 0 0 -1 0 0 -1 0 0 -0.982564 -0.1859244 0 -0.9937106 -0.111978 -0.9937228 0 -0.1118704 -0.9992913 -0.002781271 -0.03753829 0 -0.9993031 -0.03732538 -0.002791345 -0.9972019 -0.07470351 -1 0 0 0 -0.9972056 0.07470583 -1 0 0 -1 0 0 -0.002727985 -0.9749207 -0.2225357 -1 0 0 -1 0 0 -1 0 0 -1 0 0 0 0.2927706 0.9561827 0 0.4502628 0.8928961 -1 0 0 1 0 0 1 0 0 1 0 0 -1 0 0 0 0.9677163 -0.2520418 -1 0 0 -1 0 0 0 0.9112177 -0.4119251 0 0.9112177 -0.4119251 -1 0 0 -1 0 0 -1 0 0 0 0.8285349 -0.5599375 0 0.8285349 -0.5599375 1 0 0 0 0.7219191 -0.6919774 1 0 0 1 0 0 1 0 0 0.002508163 0.8371608 -0.5469513 0 0.8138253 -0.5811097 0.002332687 0.7357245 -0.677277 0 0.7630882 -0.6462943 0.7621086 0.00233823 -0.647445 0.7357412 0 -0.6772628 0.8138251 0 -0.5811098 0 -1 0 0 -1 0 0 -1 0 0.8371632 0 -0.5469532 0.8584272 0.002435147 -0.5129298 0 0.8983967 -0.4391849 0 0.8590685 -0.5118606 0.8983967 0 -0.439185 -0.7579653 0 0.6522949 -0.7818289 -0.001260757 0.6234917 -0.7070797 0 0.7071339 -0.680177 -0.001203835 0.7330468 0 -1 0 -0.004068672 -0.7050363 0.7091596 0 -0.680164 0.73306 0 -0.757992 0.6522639 -1 0 0 -1 0 0 0 -0.7818427 0.6234757 -0.004424571 -0.8030278 0.5959252 -1 0 0 0 0.5945967 -0.8040242 -1 0 0 0 0.5945967 -0.8040242 0 0.7219191 -0.6919774 0 0.4502628 -0.8928961 1 0 0 1 0 0 1 0 0 0 -0.8467149 0.5320469 -0.8467143 0 0.5320479 -0.8045985 0 0.5938192 -0.004784822 -0.8830776 0.4692027 -0.8841122 0 0.4672745 -0.8660187 -0.001310527 0.5000099 0 -0.8660315 0.4999896 0 -0.9165502 0.3999195 -0.9165502 0 0.3999195 -1 0 0 0 -0.5633088 0.8262465 0 -0.6523002 0.7579607 -0.6523271 0 0.7579376 -0.003733754 -0.5913853 0.8063806 -0.593835 0 0.8045869 0 -0.5320218 0.8467306 -0.531973 0 0.8467614 -0.5632954 -0.001148879 0.8262547 0 -1 0 0 -1 0 0.7071362 0 -0.7070774 0 0.7071066 -0.7071069 1 0 0 0.002154171 0.6141931 -0.7891529 0 0.6462894 -0.7630925 0 -0.9308679 0.3653559 -0.005111336 -0.9433116 0.3318688 1 0 0 0 0.9787231 -0.2051855 0 -1 0 0 0.7357264 0.6772788 0 -1 0 0 -0.2107082 0.977549 0 0 1 0 0.04135531 0.9991445 1 0 0 0 -0.6607742 0.7505848 1 0 0 1 0 0 1 0 0 0 -0.7781085 0.6281298 1 0 0 0 -0.7781085 0.6281298 1 0 0 -1 0 0 1 0 0 0 -0.7781085 0.6281298 0 -0.6607742 0.7505848 0 -0.7781085 0.6281298 -1 0 0 1 0 0 -1 0 0 1 0 0 -1 0 0 0 -0.0424627 -0.9990981 -0.002905786 -0.1831167 0.9830869 0 -0.1490322 0.9888324 -1 0 0 0 -0.1119301 0.9937161 -0.185904 0 0.9825679 -0.11193 0 0.9937161 -0.1490242 -9.81169e-4 0.988833 0 -0.2588247 0.9659243 -0.2588382 0 0.9659207 -1 0 0 0 0.1645857 -0.9863628 0 0.2853471 -0.9584243 -0.2853634 0 -0.9584195 -0.003228247 0.202147 -0.9793499 -0.2052413 0 -0.9787114 0.001820862 0.3247026 -0.9458144 1 0 0 -0.4672971 0 0.8841003 -1 0 0 0 -0.4759643 -0.8794646 0 -0.872995 -0.4877293 0 -0.8371633 -0.5469529 0 -0.9694041 0.2454702 0 -0.6141942 0.7891548 0 -0.2107082 0.977549 1 0 0 1 0 0 1 0 0 1 0 0 -0.1237004 0 0.9923197 0 0.3635032 0.9315929 0 -0.2947819 -0.9555647 0 -1 0 0 -1 0 -0.002776324 0.9694005 0.245469 -1 0 0</float_array>
          <technique_common>
            <accessor source="#Rover_Complete_STL_017-mesh-normals-array" count="1100" stride="3">
              <param name="X" type="float"/>
              <param name="Y" type="float"/>
              <param name="Z" type="float"/>
            </accessor>
          </technique_common>
        </source>
        <source id="Rover_Complete_STL_017-mesh-map-0">
          <float_array id="Rover_Complete_STL_017-mesh-map-0-array" count="6600">-0.2468269 0.4577482 0.7397148 0.2942594 -0.243238 0.5000029 0.5000029 -2.250003 0.5000029 -2.500003 0.4577482 -2.250003 0.5000029 -2.250003 0.5422514 -2.500003 0.5000029 -2.500003 -0.243238 0.5000029 0.7567619 0.5000029 -0.2468269 0.5422514 0.5422514 -2.250003 0.5422514 -2.500003 0.5000029 -2.250003 -0.243238 0.5000029 0.7397148 0.2942594 0.7567619 0.5000029 0.5000029 -2.250003 0.5000029 -0.7500035 0.7057463 -2.250003 0.5000029 -2.250003 0.3967741 -0.7457432 0.5000029 -0.7500035 -0.2468269 0.5422514 0.7567619 0.5000029 0.7397148 0.7057463 0.2942594 -2.250003 0.3967741 -0.7457432 0.5000029 -2.250003 0.2942594 -2.250003 0.2942594 -0.7329624 0.3967741 -0.7457432 4.006768 0.2942594 0.7524956 0.3967741 0.7397148 0.2942594 4.006768 0.2942594 0.7567619 0.5000029 0.7524956 0.3967741 0.7397148 0.2942594 0.7185173 0.1931486 4.006768 0.09412515 0.2942594 -2.250003 0.1931486 -0.7117589 0.2942594 -0.7329624 4.006768 0.09412515 4.006768 0.2942594 0.7397148 0.2942594 4.006768 0.09412515 0.6890373 0.09412515 4.006768 -0.09493732 -0.09493732 -0.5993564 -0.1508272 -0.8514561 0.09412515 -0.6822789 0.09412515 -0.6822789 0.05787026 -0.9333652 0.2942594 -0.7329624 0.09412515 -0.6822789 -0.1508272 -0.8514561 0.05787026 -0.9333652 4.006768 0.09412515 0.7185173 0.1931486 0.6890373 0.09412515 0.09412515 -2.250003 0.09412515 -0.6822789 0.1931486 -0.7117589 0.09412515 -2.250003 -0.00212115 -0.6447178 0.09412515 -0.6822789 4.006768 -0.09493732 0.6890373 0.09412515 0.6514824 -0.00212115 -0.09493732 -2.250003 -0.00212115 -0.6447178 0.09412515 -2.250003 4.006768 -0.09493732 0.6514824 -0.00212115 0.6061089 -0.09493732 -0.09493732 -2.250003 -0.09493732 -0.5993564 -0.00212115 -0.6447178 0.6061089 -0.09493732 0.553228 -0.1836885 4.006768 -0.2677645 -0.09493732 -2.250003 -0.1836885 -0.5464634 -0.09493732 -0.5993564 4.006768 -0.2677645 4.006768 -0.09493732 0.6061089 -0.09493732 -0.2677645 -0.4864292 -0.3449801 -0.7393589 -0.09493732 -0.5993564 4.006768 -0.2677645 0.553228 -0.1836885 0.4931938 -0.2677645 4.006768 -0.2677645 0.4931938 -0.2677645 4.006768 -0.4196566 -0.2677645 -0.4864292 -0.5202608 -0.5995762 -0.3449801 -0.7393589 -0.4196566 -0.3466099 -0.5202608 -0.5995762 -0.2677645 -0.4864292 4.006768 -0.5202608 0.6063469 -0.5202608 0.6795098 -0.4352328 4.006768 -0.5202608 0.5270256 -0.599576 0.6063469 -0.5202608 4.006768 -0.5202608 0.6795098 -0.4352328 4.006768 -0.3449801 4.006768 -0.4352329 0.5270256 -0.5202671 4.006768 -0.5995762 -0.4196566 -0.3466099 -0.672745 -0.4352329 -0.5202608 -0.5995762 -0.7990389 -0.2500035 -0.672745 -0.4352329 -0.4196566 -0.3466099 4.006768 -0.2500035 0.3517448 -0.3449863 4.006768 -0.4352329 4.006768 -0.4352329 0.4419975 -0.4352329 0.5270256 -0.5202671 4.006768 -0.4352329 0.3517448 -0.3449863 0.4419975 -0.4352329 0.2567619 -2.500003 0.3517448 -0.3449863 0.2567619 -0.2500035 0.2567619 -2.500003 0.4419975 -0.4352329 0.3517448 -0.3449863 4.006768 -0.2500035 0.2567619 -0.2500035 0.3517448 -0.3449863 0.2567619 -0.2500035 0.1575859 -0.1508213 0.05477827 -2.500003 0.05477827 -2.500003 0.2567619 -2.500003 0.2567619 -0.2500035 4.006768 -0.2500035 0.1575859 -0.1508213 0.2567619 -0.2500035 0.05477827 -2.500003 0.1575859 -0.1508213 0.05477827 -0.0480259 4.006768 -0.0480259 0.05477827 -0.0480259 0.1575859 -0.1508213 4.006768 -0.0480259 0.1575859 -0.1508213 4.006768 -0.2500035 -0.5464571 -0.1836948 -0.8963045 -0.0480259 -0.7990389 -0.2500035 -0.6447176 -0.002127468 -0.9623934 0.1662074 -0.8963045 -0.0480259 4.006768 0.1662074 -0.05109941 0.05785787 4.006768 -0.0480259 -0.6447176 -0.002127468 -0.8963045 -0.0480259 -0.5464571 -0.1836948 4.006768 -0.0480259 -0.05109941 0.05785787 0.05477827 -0.0480259 -0.1594551 -2.500003 -0.05109941 0.05785787 -0.1594551 0.1662074 -0.1594551 -2.500003 0.05477827 -0.0480259 -0.05109941 0.05785787 4.006768 0.1662074 -0.1594551 0.1662074 -0.05109941 0.05785787 -0.2696724 0.276437 -0.3811348 -2.500003 -0.1594551 0.1662074 -0.3811348 -2.500003 -0.1594551 -2.500003 -0.1594551 0.1662074 4.006768 0.1662074 -0.2696724 0.276437 -0.1594551 0.1662074 -0.3811348 0.3878994 -0.3811348 -2.500003 -0.2696724 0.276437 4.006768 0.3878994 -0.3811348 0.3878994 -0.2696724 0.276437 4.006768 0.3878994 -0.2696724 0.276437 4.006768 0.1662074 -0.7117465 0.1931362 -0.9958041 0.3878994 -0.9623934 0.1662074 -0.7457308 0.3967739 -0.9958041 0.6120938 -0.9958041 0.3878994 4.006768 0.6120938 -0.3811348 0.3878994 4.006768 0.3878994 -0.7457308 0.3967739 -0.9958041 0.3878994 -0.7117465 0.1931362 4.006768 0.1931362 -0.1863777 0.1931362 4.006768 0.3967739 -0.7117465 0.1931362 -0.9623934 0.1662074 -0.6447176 -0.002127468 4.006768 0.1931362 4.006768 -0.002127468 0.00888592 -0.002127468 0.00888592 -0.002127468 -0.08736038 0.09412497 4.006768 0.1931362 4.006768 0.1931362 -0.08736038 0.09412497 -0.1863777 0.1931362 4.006768 0.3967739 -0.1863777 0.1931362 -0.2874886 0.294247 -0.1863777 -2.250003 -0.2874886 0.294247 -0.1863777 0.1931362 -0.1863777 -2.250003 -0.1863777 0.1931362 -0.08736038 0.09412497 -0.4000191 0.2680265 -0.1863777 -0.7117465 0.00888592 -0.6447176 -0.1863777 -2.250003 -0.08736038 0.09412497 0.00888592 -2.250003 -0.4405648 0.255612 -0.1863777 -0.7117465 -0.4000191 0.2680265 -0.4405648 0.255612 -0.3900093 -0.7457308 -0.1863777 -0.7117465 -0.3900093 -2.250003 -0.2874886 0.294247 -0.1863777 -2.250003 -0.3900093 -2.250003 -0.3900093 0.3967739 -0.2874886 0.294247 -0.4826241 0.2502226 -0.5964607 -0.7457308 -0.3900093 -0.7457308 -0.5964607 -2.250003 -0.493232 0.4999966 -0.3900093 -2.250003 -0.3900093 -2.250003 -0.493232 0.4999966 -0.3900093 0.3967739 -0.4826241 0.2502226 -0.3900093 -0.7457308 -0.4405648 0.255612 -0.4405648 -2.250003 -0.4405648 -2.500003 -0.4826241 -2.250003 -0.4826241 -2.250003 -0.4405648 -2.500003 -0.4826241 -2.500003 -0.4826241 -2.250003 -0.4826241 -2.500003 -0.5249885 -2.250003 -0.5249885 0.2520231 -0.5964607 -0.7457308 -0.4826241 0.2502226 -0.5249885 -2.250003 -0.5249885 -2.500003 -0.5664437 -2.250003 -0.5249885 -2.250003 -0.4826241 -2.500003 -0.5249885 -2.500003 -0.5664437 0.2609587 -0.8000923 -0.7117465 -0.5249885 0.2520231 -0.5249885 0.2520231 -0.8000923 -0.7117465 -0.5964607 -0.7457308 -0.5664437 0.2609587 -0.995356 -0.6447176 -0.8000923 -0.7117465 -0.8000923 3.249997 -0.8000923 -2.250003 -0.995356 3.249997 -0.8000923 3.249997 -0.5964607 -2.250003 -0.8000923 -2.250003 -0.995356 3.249997 -0.8000923 -2.250003 -0.995356 -2.250003 -0.995356 3.249997 -0.995356 -2.250003 -1.176917 3.249997 -1.176917 3.249997 -0.995356 -2.250003 -1.176917 -2.250003 -0.6057869 0.2767729 -1.176917 -0.5464571 -0.995356 -0.6447176 -0.6057869 0.2767729 -0.995356 -0.6447176 -0.5664437 0.2609587 -0.5664437 -2.250003 -0.5664437 -2.500003 -0.6057869 -2.250003 -0.6057869 -2.250003 -0.5664437 -2.500003 -0.6057869 -2.500003 -0.6057869 -2.250003 -0.6057869 -2.500003 -0.6418953 -2.250003 -0.6418953 0.2989958 -1.176917 -0.5464571 -0.6057869 0.2767729 -0.6418953 -2.250003 -0.6057869 -2.500003 -0.6418953 -2.500003 -0.6418953 -2.250003 -0.6418953 -2.500003 -0.6737251 -2.250003 -0.6737251 0.327017 -1.339838 -0.4196566 -0.6418953 0.2989958 -0.6418953 0.2989958 -1.339838 -0.4196566 -1.176917 -0.5464571 -0.6737251 0.327017 -1.479664 -0.2677645 -1.339838 -0.4196566 -1.339838 3.249997 -1.176917 -2.250003 -1.339838 -2.250003 -0.4196566 3.249997 -0.4196566 -2.250003 -0.2677645 3.249997 -0.2677645 3.249997 -0.4196566 -2.250003 -0.2677645 -2.250003 -0.7003609 0.3600126 -1.479664 -0.2677645 -0.6737251 0.327017 -0.7003609 0.3600126 -1.592579 -0.09493732 -1.479664 -0.2677645 -0.2677645 3.249997 -0.2677645 -2.250003 -0.09493732 3.249997 -0.09493732 3.249997 -0.2677645 -2.250003 -0.09493732 -2.250003 -0.09493732 3.249997 -0.09493732 -2.250003 0.09412515 3.249997 0.09412515 3.249997 -0.09493732 -2.250003 0.09412515 -2.250003 -0.7210457 0.3970243 -1.675507 0.09412515 -1.592579 -0.09493732 -0.7210457 0.3970243 -1.592579 -0.09493732 -0.7003609 0.3600126 0.3600126 -2.250003 0.3600126 -2.500003 0.3970243 -2.250003 0.3970243 -2.250003 0.3600126 -2.500003 0.3970243 -2.500003 0.3970243 -2.250003 0.3970243 -2.500003 0.4370085 -2.250003 -0.7351692 0.4370085 -1.675507 0.09412515 -0.7210457 0.3970243 0.4370085 -2.250003 0.3970243 -2.500003 0.4370085 -2.500003 0.4370085 -2.250003 0.4370085 -2.500003 0.4787992 -2.250003 -0.7423347 0.4787992 -1.726185 0.2942594 -0.7351692 0.4370085 -0.7351692 0.4370085 -1.726185 0.2942594 -1.675507 0.09412515 -0.7423347 0.4787992 -1.743232 0.5000029 -1.726185 0.2942594 0.2942594 3.249997 0.09412515 -2.250003 0.2942594 -2.250003 0.2942594 3.249997 0.2942594 -2.250003 0.5000029 3.249997 0.5000029 3.249997 0.2942594 -2.250003 0.5000029 -2.250003 -0.7423347 0.5212065 -1.743232 0.5000029 -0.7423347 0.4787992 -0.7423347 0.5212065 -1.726185 0.7057463 -1.743232 0.5000029 0.5000029 3.249997 0.5000029 -2.250003 0.7057463 3.249997 0.7057463 3.249997 0.5000029 -2.250003 0.7057463 -2.250003 0.7057463 3.249997 0.7057463 -2.250003 0.9058744 3.249997 0.9058744 3.249997 0.7057463 -2.250003 0.9058744 -2.250003 -1.675507 0.9058744 -1.726185 0.7057463 -0.7423347 0.5212065 0.9058744 3.249997 0.9058744 -2.250003 1.094937 3.249997 -0.7351692 0.5629912 -1.675507 0.9058744 -0.7423347 0.5212065 1.094937 3.249997 0.9058744 -2.250003 1.094937 -2.250003 -0.7351692 0.5629912 -1.592579 1.094937 -1.675507 0.9058744 0.5212065 -2.250003 0.5212065 -2.500003 0.5629912 -2.250003 0.5629912 -2.250003 0.5212065 -2.500003 0.5629912 -2.500003 0.5629912 -2.250003 0.5629912 -2.500003 0.6029753 -2.250003 -0.7210457 0.6029753 -1.592579 1.094937 -0.7351692 0.5629912 0.6029753 -2.250003 0.5629912 -2.500003 0.6029753 -2.500003 0.6029753 -2.250003 0.6029753 -2.500003 0.6399992 -2.250003 -0.7003609 0.6399992 -1.479664 1.267764 -0.7210457 0.6029753 -0.7210457 0.6029753 -1.479664 1.267764 -1.592579 1.094937 -0.7003609 0.6399992 -1.339838 1.419656 -1.479664 1.267764 1.267764 3.249997 1.094937 -2.250003 1.267764 -2.250003 1.267764 3.249997 1.267764 -2.250003 1.419656 3.249997 1.419656 3.249997 1.267764 -2.250003 1.419656 -2.250003 -1.339838 3.249997 -1.339838 -2.250003 -1.176917 3.249997 -0.6737251 0.6729887 -1.339838 1.419656 -0.7003609 0.6399992 -1.176917 3.249997 -1.339838 -2.250003 -1.176917 -2.250003 -0.6737251 0.6729887 -1.176917 1.546457 -1.339838 1.419656 0.6399992 -2.250003 0.6399992 -2.500003 0.6729887 -2.250003 0.6729887 -2.250003 0.6399992 -2.500003 0.6729887 -2.500003 -0.6737251 -2.250003 -0.6737251 -2.500003 -0.6418953 -2.250003 -0.6418953 0.7010039 -1.176917 1.546457 -0.6737251 0.6729887 -0.6418953 -2.250003 -0.6737251 -2.500003 -0.6418953 -2.500003 -0.6418953 -2.250003 -0.6418953 -2.500003 -0.6057869 -2.250003 -0.6057869 0.7232329 -0.995356 1.644717 -0.6418953 0.7010039 -0.6418953 0.7010039 -0.995356 1.644717 -1.176917 1.546457 -0.995356 3.249997 -1.176917 -2.250003 -0.995356 -2.250003 -0.995356 3.249997 -0.995356 -2.250003 -0.8000923 3.249997 -0.8000923 3.249997 -0.995356 -2.250003 -0.8000923 -2.250003 -0.6057869 0.7232329 -0.8000923 1.711752 -0.995356 1.644717 -0.5664437 0.739041 -0.5964607 1.74573 -0.8000923 1.711752 -0.5964607 3.249997 -0.8000923 -2.250003 -0.5964607 -2.250003 -0.5664437 0.739041 -0.8000923 1.711752 -0.6057869 0.7232329 -0.8000923 3.249997 -0.8000923 -2.250003 -0.5964607 3.249997 -0.5964607 3.249997 -0.5964607 -2.250003 -0.493232 0.4999966 -0.4826241 0.749777 -0.5964607 1.74573 -0.3900093 1.74573 -0.3900093 3.249997 -0.5964607 3.249997 -0.493232 0.4999966 -0.5249885 0.7479765 -0.8000923 1.711752 -0.5964607 1.74573 -0.5249885 0.7479765 -0.5964607 1.74573 -0.4826241 0.749777 -0.4405648 3.499997 -0.4826241 3.249997 -0.4405648 3.249997 -0.4826241 3.499997 -0.4826241 3.249997 -0.4405648 3.499997 -0.4826241 3.499997 -0.5249885 3.249997 -0.4826241 3.249997 -0.4826241 0.749777 -0.3900093 1.74573 -0.4405648 0.7443876 -0.4405648 0.7443876 -0.1863777 1.711752 -0.4000191 0.7319731 -0.4000191 3.499997 -0.4405648 3.249997 -0.4000191 3.249997 -0.4405648 0.7443876 -0.3900093 1.74573 -0.1863777 1.711752 -0.4405648 3.499997 -0.4405648 3.249997 -0.4000191 3.499997 -0.4000191 0.7319731 0.2567619 1.799039 0.05477827 1.896316 -0.362159 0.7128813 0.2567619 1.799039 -0.4000191 0.7319731 -0.4000191 3.499997 -0.4000191 3.249997 -0.362159 3.499997 -0.4000191 0.7319731 0.05477827 1.896316 -0.4405648 0.7443876 -0.4405648 0.7443876 0.05477827 1.896316 -0.1594551 1.962393 0.05477827 3.499997 0.05477827 1.048007 -0.1594551 3.499997 0.2567619 1.249984 0.1575859 1.150814 0.05477827 3.499997 0.05477827 3.499997 0.2567619 3.499997 0.2567619 1.249984 0.05477827 3.499997 0.1575859 1.150814 0.05477827 1.048007 -0.1594551 3.499997 0.05477827 1.048007 -0.05109941 0.9421352 4.006768 1.048007 0.05477827 1.048007 0.1575859 1.150814 4.006768 1.048007 -0.05109941 0.9421352 0.05477827 1.048007 4.006768 1.048007 0.1575859 1.150814 4.006768 1.249984 1.546457 1.183688 1.896316 1.048007 1.799039 1.249984 4.006768 0.8337857 -0.05109941 0.9421352 4.006768 1.048007 1.644717 1.002121 1.962393 0.8337857 1.896316 1.048007 1.644717 1.002121 1.896316 1.048007 1.546457 1.183688 4.006768 1.183688 0.1904472 1.183688 4.006768 1.002121 4.006768 1.183688 4.006768 1.346603 0.3533684 1.346603 1.546457 1.183688 1.799039 1.249984 1.419656 1.346603 0.3533684 1.346603 0.2745354 1.267758 4.006768 1.183688 4.006768 1.183688 0.2745354 1.267758 0.1904472 1.183688 4.006768 1.002121 0.1904472 1.183688 0.101696 1.094931 0.1904472 3.249997 0.1904472 1.183688 0.2745354 1.267758 0.1904472 3.249997 0.101696 1.094931 0.1904472 1.183688 4.006768 1.002121 0.101696 1.094931 0.00888592 1.002121 0.00888592 3.249997 0.101696 1.094931 0.1904472 3.249997 0.00888592 3.249997 0.00888592 1.002121 0.101696 1.094931 4.006768 0.8068569 4.006768 1.002121 0.00888592 1.002121 -0.08736038 0.9058682 4.006768 0.8068569 0.00888592 1.002121 0.00888592 3.249997 -0.08736038 0.9058682 0.00888592 1.002121 1.711752 0.8068569 1.995804 0.6120938 1.962393 0.8337857 1.74573 0.6032192 1.995804 0.6120938 1.711752 0.8068569 -0.1863777 0.8068569 4.006768 0.6032192 4.006768 0.8068569 1.711752 0.8068569 1.962393 0.8337857 1.644717 1.002121 -0.1863777 0.8068569 4.006768 0.8068569 -0.08736038 0.9058682 -0.1863777 3.249997 -0.1863777 0.8068569 -0.08736038 0.9058682 -0.1863777 3.249997 -0.2874886 0.7057339 -0.1863777 0.8068569 -0.2874886 0.7057339 4.006768 0.6032192 -0.1863777 0.8068569 -0.3900093 3.249997 -0.2874886 0.7057339 -0.1863777 3.249997 -0.3900093 3.249997 -0.3900093 0.6032192 -0.2874886 0.7057339 -0.2874886 0.7057339 -0.3900093 0.6032192 4.006768 0.6032192 4.006768 0.6032192 -0.3900093 0.6032192 -0.3900093 0.3967739 -0.3900093 0.6032192 -0.493232 0.4999966 -0.3900093 0.3967739 -0.493232 0.4999966 -0.3900093 0.6032192 -0.3900093 3.249997 -0.493232 0.4999966 -0.5964607 -2.250003 -0.3900093 0.3967739 -0.5964607 -2.250003 -0.3900093 -2.250003 -0.3900093 0.3967739 -0.3900093 -2.250003 -0.2874886 0.294247 -0.3900093 0.3967739 4.006768 0.3967739 -0.3900093 0.3967739 -0.2874886 0.294247 4.006768 0.6032192 -0.3900093 0.3967739 4.006768 0.3967739 1.74573 0.3967739 1.962393 0.1662074 1.995804 0.3878994 1.711752 0.1931362 1.962393 0.1662074 1.74573 0.3967739 4.006768 0.3967739 -0.2874886 0.294247 4.006768 0.1931362 1.74573 0.3967739 1.995804 0.3878994 1.74573 0.6032192 -0.3811348 0.3878994 -0.3811348 0.6120938 4.006768 0.3878994 4.006768 0.3878994 -0.3811348 0.6120938 4.006768 0.6120938 -0.3811348 0.3878994 4.006768 0.3878994 -0.2696724 0.276437 -0.2696724 0.276437 4.006768 0.3878994 -0.1594551 0.1662074 1.74573 0.6032192 1.995804 0.3878994 1.995804 0.6120938 4.006768 0.3878994 4.006768 0.1662074 -0.1594551 0.1662074 -0.1594551 -2.500003 -0.1594551 0.1662074 -0.05109941 0.05785787 -0.1594551 -2.500003 -0.2696724 0.276437 -0.1594551 0.1662074 4.006768 0.1662074 -0.05109941 0.05785787 -0.1594551 0.1662074 -0.1594551 -2.500003 -0.05109941 0.05785787 0.05477827 -2.500003 4.006768 0.1662074 0.05477827 -0.0480259 -0.05109941 0.05785787 0.05477827 -2.500003 -0.05109941 0.05785787 0.05477827 -0.0480259 -0.4000191 0.7319731 0.05477827 1.896316 -0.362159 0.7128813 -0.4000191 0.7319731 -0.1594551 1.962393 0.05477827 1.896316 -0.362159 0.7128813 0.05477827 1.896316 0.2567619 1.799039 0.05477827 -2.500003 0.1575859 -0.1508213 0.2567619 -2.500003 0.05477827 -2.500003 0.05477827 -0.0480259 0.1575859 -0.1508213 0.2567619 -0.2500035 0.1575859 -0.1508213 4.006768 -0.0480259 0.2567619 -2.500003 0.1575859 -0.1508213 0.2567619 -0.2500035 4.006768 -0.0480259 0.1575859 -0.1508213 0.05477827 -0.0480259 4.006768 -0.0480259 4.006768 -0.2500035 0.2567619 -0.2500035 1.711752 0.1931362 1.896316 -0.0480259 1.962393 0.1662074 4.006768 -0.0480259 0.05477827 -0.0480259 4.006768 0.1662074 1.644717 -0.002127468 1.799039 -0.2500035 1.896316 -0.0480259 1.644717 -0.002127468 1.896316 -0.0480259 1.711752 0.1931362 4.006768 -0.002127468 0.101696 -0.0949375 4.006768 -0.1836948 1.546457 -0.1836948 1.799039 -0.2500035 1.644717 -0.002127468 4.006768 0.1931362 -0.08736038 0.09412497 4.006768 -0.002127468 4.006768 -0.002127468 0.00888592 -0.002127468 0.101696 -0.0949375 4.006768 -0.002127468 -0.08736038 0.09412497 0.00888592 -0.002127468 0.00888592 -0.002127468 -0.08736038 0.09412497 -0.1863777 -2.250003 0.00888592 -2.250003 0.101696 -0.0949375 0.00888592 -0.002127468 -0.1863777 -2.250003 0.00888592 -2.250003 0.00888592 -0.002127468 -0.4000191 0.7319731 0.00888592 1.644717 -0.4405648 0.7443876 -0.4000191 0.7319731 0.1904472 1.546457 0.00888592 1.644717 -0.4405648 0.7443876 0.00888592 1.644717 -0.1863777 1.711752 0.1904472 -2.250003 0.1904472 -0.1836948 0.00888592 -2.250003 0.00888592 -2.250003 0.1904472 -0.1836948 0.101696 -0.0949375 4.006768 -0.1836948 0.101696 -0.0949375 0.1904472 -0.1836948 4.006768 -0.1836948 0.1904472 -0.1836948 0.2745354 -0.2677769 0.1904472 -2.250003 0.2745354 -0.2677769 0.1904472 -0.1836948 4.006768 -0.3466099 0.2745354 -0.2677769 0.3533684 -0.3466099 4.006768 -0.1836948 0.2745354 -0.2677769 4.006768 -0.3466099 0.3533684 -0.3466099 0.2745354 -0.2677769 0.1904472 -2.250003 4.006768 1.419656 0.3533684 1.419656 0.4264214 1.346603 0.1904472 -2.250003 0.3533684 -2.250003 0.3533684 -0.3466099 0.3533684 -2.250003 0.4264214 -0.4196568 0.3533684 -0.3466099 4.006768 1.267764 0.4264214 1.346603 0.4931938 1.267764 4.006768 1.419656 0.4264214 1.346603 4.006768 1.267764 1.419656 -2.250003 1.267764 -0.4864292 1.346603 -0.4196568 4.006768 1.267764 0.4931938 1.267764 0.553228 1.183688 1.267764 -2.250003 1.267764 -0.4864292 1.419656 -2.250003 1.267764 -2.250003 1.183688 -0.5464634 1.267764 -0.4864292 4.006768 1.267764 0.553228 1.183688 4.006768 1.094937 1.094937 -0.5993564 1.183688 -0.5464634 1.267764 -2.250003 4.006768 1.094937 0.553228 1.183688 0.6061089 1.094937 1.267764 -2.250003 1.094937 -2.250003 1.094937 -0.5993564 4.006768 1.094937 0.6061089 1.094937 0.6514824 1.002121 1.094937 -2.250003 1.002121 -0.6447178 1.094937 -0.5993564 4.006768 0.9058744 0.6514824 1.002121 0.6890373 0.9058744 4.006768 1.094937 0.6514824 1.002121 4.006768 0.9058744 1.094937 -2.250003 0.9058744 -0.6822789 1.002121 -0.6447178 0.9058744 -2.250003 0.9058744 -0.6822789 1.094937 -2.250003 0.9058744 -2.250003 0.8068571 -0.7117589 0.9058744 -0.6822789 4.006768 0.9058744 0.6890373 0.9058744 0.7185173 0.8068571 0.7057463 -0.7329624 0.8068571 -0.7117589 0.9058744 -2.250003 4.006768 0.7057463 0.7185173 0.8068571 0.7397148 0.7057463 4.006768 0.9058744 0.7185173 0.8068571 4.006768 0.7057463 0.9058744 -2.250003 0.7057463 -2.250003 0.7057463 -0.7329624 4.006768 0.7057463 0.7397148 0.7057463 0.7524956 0.6032255 0.7057463 -2.250003 0.6032255 -0.7457432 0.7057463 -0.7329624 4.006768 0.7057463 0.7524956 0.6032255 4.006768 0.5000029 0.7057463 -2.250003 0.5000029 -0.7500035 0.6032255 -0.7457432 4.006768 0.5000029 0.7524956 0.6032255 0.7567619 0.5000029 0.5000029 -0.7500035 0.2764372 -0.9832554 0.5000029 -1.000003 0.2942594 -0.7329624 0.2764372 -0.9832554 0.5000029 -0.7500035 0.5000029 -0.7500035 0.5000029 -1.000003 0.7057463 -0.7329624 4.006768 0.5000029 0.7567619 0.5000029 4.006768 0.2942594 0.7057463 -0.7329624 0.5000029 -1.000003 0.7235624 -0.9832554 4.006768 0.5000029 1.006762 0.5000029 4.006768 0.7235624 4.006768 0.2764372 1.002575 0.3879057 4.006768 0.5000029 4.006768 0.5000029 1.002575 0.3879057 1.006762 0.5000029 0.2764372 -2.500003 0.3879057 -0.9958042 0.2764372 -0.9832554 0.2764372 -2.500003 0.5000029 -1.000003 0.3879057 -0.9958042 4.006768 0.2764372 0.9900139 0.2764372 1.002575 0.3879057 0.2764372 -0.9832554 0.1662198 -0.9623935 0.05787026 -2.500003 0.05787026 -2.500003 0.2764372 -2.500003 0.2764372 -0.9832554 4.006768 0.2764372 0.9691582 0.1662198 0.9900139 0.2764372 0.05787026 -2.500003 0.1662198 -0.9623935 0.05787026 -0.9333652 4.006768 0.05787026 0.9401237 0.05787026 0.9691582 0.1662198 4.006768 0.05787026 0.9691582 0.1662198 4.006768 0.2764372 0.05787026 -2.500003 0.05787026 -0.9333652 -0.1508272 -2.500003 -0.1508272 -2.500003 0.05787026 -0.9333652 -0.0480135 -0.8963169 4.006768 0.05787026 0.9030754 -0.0480135 0.9401237 0.05787026 -0.1508272 -2.500003 -0.0480135 -0.8963169 -0.1508272 -0.8514561 4.006768 -0.1508272 0.8582146 -0.1508272 0.9030754 -0.0480135 4.006768 -0.1508272 0.9030754 -0.0480135 4.006768 0.05787026 -0.1508272 -0.8514561 -0.2500032 -0.7990391 -0.3449801 -2.500003 -0.3449801 -2.500003 -0.1508272 -2.500003 -0.1508272 -0.8514561 4.006768 -0.1508272 0.8058037 -0.2500032 0.8582146 -0.1508272 -0.3449801 -2.500003 -0.2500032 -0.7990391 -0.3449801 -0.7393589 4.006768 -0.3449801 0.7461235 -0.3449801 0.8058037 -0.2500032 4.006768 -0.3449801 0.8058037 -0.2500032 4.006768 -0.1508272 4.006768 -0.3449801 0.6795098 -0.4352328 0.7461235 -0.3449801 -0.5202608 -2.500003 -0.3449801 -0.7393589 -0.4352328 -0.6727451 -0.3449801 -2.500003 -0.3449801 -0.7393589 -0.5202608 -2.500003 -0.2987251 0.3429472 0.6063469 -0.5202608 -0.3280647 0.312332 -0.2987251 0.3429472 0.7461235 -0.3449801 0.6063469 -0.5202608 -0.3280647 0.312332 0.6063469 -0.5202608 0.4419975 -0.672745 0.4419975 -2.500003 0.6063469 -2.500003 0.6063469 -0.5995762 -0.5202608 -2.500003 -0.4352328 -0.6727451 -0.5202608 -0.5995762 0.312332 -2.250003 0.3429472 -2.500003 0.312332 -2.500003 -0.3280647 -2.250003 -0.3280647 -2.500003 -0.362159 -2.250003 -0.362159 -2.250003 -0.3280647 -2.500003 -0.362159 -2.500003 -0.3280647 0.312332 0.4419975 -0.672745 -0.362159 0.2871183 -0.362159 -2.250003 -0.362159 -2.500003 -0.4000191 -2.250003 -0.4000191 -2.250003 -0.362159 -2.500003 -0.4000191 -2.500003 -0.362159 0.2871183 0.2567619 -0.7990389 -0.4000191 0.2680265 -0.362159 0.2871183 0.4419975 -0.672745 0.2567619 -0.7990389 -0.4000191 -2.250003 -0.4000191 -2.500003 -0.4405648 -2.250003 -0.4405648 -2.250003 -0.4000191 -2.500003 -0.4405648 -2.500003 -0.4000191 0.2680265 0.05477827 -0.8963045 -0.4405648 0.255612 -0.4000191 0.2680265 0.2567619 -0.7990389 0.05477827 -0.8963045 -0.4000191 0.2680265 0.00888592 -0.6447176 -0.362159 0.2871183 -0.362159 0.2871183 0.00888592 -0.6447176 0.1904472 -0.5464571 -0.362159 0.2871183 0.1904472 -0.5464571 -0.3280647 0.312332 -0.3280647 0.312332 0.1904472 -0.5464571 0.3533684 -0.4196566 0.1904472 -2.250003 0.2745354 -0.2677769 0.3533684 -2.250003 0.1904472 -2.250003 0.1904472 -0.1836948 0.2745354 -0.2677769 0.00888592 -2.250003 0.101696 -0.0949375 0.1904472 -2.250003 0.1904472 -2.250003 0.101696 -0.0949375 0.1904472 -0.1836948 4.006768 -0.1836948 0.2745354 -0.2677769 0.1904472 -0.1836948 4.006768 -0.002127468 0.1904472 -0.1836948 0.101696 -0.0949375 4.006768 -0.1836948 0.1904472 -0.1836948 4.006768 -0.002127468 0.00888592 -2.250003 0.00888592 -0.002127468 0.101696 -0.0949375 4.006768 -0.002127468 0.101696 -0.0949375 0.00888592 -0.002127468 0.3533684 -0.3466099 0.2745354 -0.2677769 4.006768 -0.1836948 0.3533684 -2.250003 0.2745354 -0.2677769 0.3533684 -0.3466099 0.3533684 -2.250003 0.3533684 -0.3466099 0.4264214 -0.4196568 4.006768 -0.4196566 0.4264214 -0.3466036 0.3533684 -0.4196566 4.006768 -0.1836948 4.006768 -0.3466099 0.3533684 -0.3466099 -0.2677645 -2.250003 -0.3466036 -0.4196568 -0.2677645 -0.4864292 -0.4196566 -2.250003 -0.3466036 -0.4196568 -0.2677645 -2.250003 4.006768 -0.4196566 0.4931938 -0.2677645 0.4264214 -0.3466036 -0.2677645 -2.250003 -0.2677645 -0.4864292 -0.1836885 -0.5464634 -0.2677645 -2.250003 -0.1836885 -0.5464634 -0.09493732 -2.250003 -0.2987251 0.3429472 0.3533684 -0.4196566 0.4931938 -0.2677645 -0.2749825 0.378079 0.4931938 -0.2677645 0.6061089 -0.09493732 -0.2987251 0.3429472 0.4931938 -0.2677645 -0.2749825 0.378079 0.378079 -2.250003 0.378079 -2.500003 0.3429472 -2.250003 0.3429472 -2.250003 0.378079 -2.500003 0.3429472 -2.500003 0.3429472 -2.250003 0.3429472 -2.500003 0.312332 -2.250003 -0.3280647 0.312332 0.3533684 -0.4196566 -0.2987251 0.3429472 -0.2575142 0.4167204 0.9401237 0.05787026 -0.2749825 0.378079 0.378079 -2.250003 0.4167204 -2.500003 0.378079 -2.500003 -0.2749825 0.378079 0.7461235 -0.3449801 -0.2987251 0.3429472 -0.2749825 0.378079 0.8582146 -0.1508272 0.7461235 -0.3449801 -0.2749825 0.378079 0.9401237 0.05787026 0.8582146 -0.1508272 0.4167204 -2.250003 0.4167204 -2.500003 0.378079 -2.250003 0.4167204 -2.250003 0.4577482 -2.500003 0.4167204 -2.500003 -0.2575142 0.4167204 0.9900139 0.2764372 0.9401237 0.05787026 -0.2468269 0.4577482 0.9900139 0.2764372 -0.2575142 0.4167204 -0.243238 0.5000029 1.006762 0.5000029 -0.2468269 0.4577482 0.4577482 -2.250003 0.5000029 -2.500003 0.4577482 -2.500003 0.4577482 -2.250003 0.4577482 -2.500003 0.4167204 -2.250003 -0.2468269 0.4577482 1.006762 0.5000029 0.9900139 0.2764372 -0.243238 0.5000029 0.9900139 0.7235624 1.006762 0.5000029 0.7235624 -2.500003 0.6120939 -0.9958042 0.5000029 -2.500003 0.5000029 -2.500003 0.6120939 -0.9958042 0.5000029 -1.000003 0.5000029 -2.500003 0.5000029 -1.000003 0.2764372 -2.500003 0.7235624 -2.500003 0.7235624 -0.9832554 0.6120939 -0.9958042 4.006768 0.7235624 1.006762 0.5000029 1.002575 0.6120939 4.006768 0.7235624 1.002575 0.6120939 0.9900139 0.7235624 0.7235624 -2.500003 0.8337858 -0.9623935 0.7235624 -0.9832554 0.9900139 0.7235624 0.9691582 0.8337858 4.006768 0.9421355 4.006768 0.9421355 4.006768 0.7235624 0.9900139 0.7235624 0.9058744 -0.6822789 0.7235624 -0.9832554 0.9421355 -0.9333652 0.9058744 -0.6822789 0.9421355 -0.9333652 1.094937 -0.5993564 1.094937 -0.5993564 0.9421355 -0.9333652 1.150827 -0.8514561 4.006768 0.9421355 0.9401237 0.9421355 4.006768 1.150827 4.006768 0.9421355 0.9691582 0.8337858 0.9401237 0.9421355 4.006768 1.150827 0.9030754 1.048013 0.8582146 1.150827 4.006768 1.150827 0.9401237 0.9421355 0.9030754 1.048013 4.006768 1.34498 4.006768 1.150827 0.8582146 1.150827 1.267764 -0.4864292 1.150827 -0.8514561 1.34498 -0.7393589 1.094937 -0.5993564 1.150827 -0.8514561 1.267764 -0.4864292 4.006768 1.34498 0.7461235 1.34498 4.006768 1.52026 4.006768 1.34498 0.8058037 1.250003 0.7461235 1.34498 0.8582146 1.150827 0.8058037 1.250003 4.006768 1.34498 1.267764 -0.4864292 1.34498 -0.7393589 1.52026 -0.5995762 4.006768 1.52026 0.7461235 1.34498 0.6795098 1.435238 4.006768 1.52026 0.6795098 1.435238 0.6063469 1.52026 4.006768 -0.4352329 4.006768 -0.5995762 0.6063469 -0.5995762 1.419656 -0.3466099 1.52026 -0.5995762 1.672751 -0.4352329 1.267764 -0.4864292 1.52026 -0.5995762 1.419656 -0.3466099 1.34498 -2.500003 1.435238 -0.6727451 1.34498 -0.7393589 1.52026 -2.500003 1.435238 -0.6727451 1.34498 -2.500003 1.52026 -2.500003 1.52026 -0.5995762 1.435238 -0.6727451 -0.2987251 0.6570585 0.6063469 1.52026 0.7461235 1.34498 -0.2987251 0.6570585 0.4419975 1.672751 0.6063469 1.52026 0.4419975 -2.500003 0.5270256 -0.5202671 0.6063469 -2.500003 0.6063469 -2.500003 0.5270256 -0.5202671 0.6063469 -0.5995762 -0.3280647 0.6876677 0.4419975 1.672751 -0.2987251 0.6570585 0.6570585 -2.250003 0.6876677 -2.500003 0.6570585 -2.500003 0.6570585 -2.250003 0.6570585 -2.500003 0.6219267 -2.250003 0.6219267 -2.250003 0.6570585 -2.500003 0.6219267 -2.500003 -0.2987251 0.6570585 0.7461235 1.34498 -0.2749825 0.6219267 0.6219267 -2.250003 0.6219267 -2.500003 0.5832853 -2.250003 0.5832853 -2.250003 0.6219267 -2.500003 0.5832853 -2.500003 -0.2749825 0.6219267 0.8582146 1.150827 -0.2575142 0.5832853 -0.2749825 0.6219267 0.7461235 1.34498 0.8582146 1.150827 1.150827 -2.500003 1.150827 -0.8514561 1.048013 -0.8963169 1.150827 -2.500003 1.048013 -0.8963169 0.9421355 -2.500003 1.34498 -2.500003 1.250003 -0.7990391 1.150827 -2.500003 1.150827 -2.500003 1.250003 -0.7990391 1.150827 -0.8514561 -0.2575142 0.5832853 0.8582146 1.150827 0.9401237 0.9421355 -0.2468269 0.5422514 0.9401237 0.9421355 0.9900139 0.7235624 0.9421355 -2.500003 0.8337858 -0.9623935 0.7235624 -2.500003 -0.2575142 0.5832853 0.9401237 0.9421355 -0.2468269 0.5422514 0.9421355 -2.500003 0.9421355 -0.9333652 0.8337858 -0.9623935 0.9421355 -2.500003 1.048013 -0.8963169 0.9421355 -0.9333652 0.5832853 -2.250003 0.5832853 -2.500003 0.5422514 -2.250003 0.5422514 -2.250003 0.5832853 -2.500003 0.5422514 -2.500003 -0.2575142 0.5832853 0.6890373 0.9058744 -0.2749825 0.6219267 -0.2468269 0.5422514 0.7397148 0.7057463 -0.2575142 0.5832853 -0.2575142 0.5832853 0.7397148 0.7057463 0.6890373 0.9058744 -0.2749825 0.6219267 0.6890373 0.9058744 0.6061089 1.094937 -0.2749825 0.6219267 0.6061089 1.094937 -0.2987251 0.6570585 -0.2987251 0.6570585 0.4931938 1.267764 -0.3280647 0.6876677 0.6876677 -2.250003 0.6876677 -2.500003 0.6570585 -2.250003 -0.2987251 0.6570585 0.6061089 1.094937 0.4931938 1.267764 -0.3280647 0.6876677 0.3533684 1.419656 -0.362159 0.7128813 -0.362159 -2.250003 -0.362159 -2.500003 -0.3280647 -2.250003 -0.3280647 -2.250003 -0.362159 -2.500003 -0.3280647 -2.500003 -0.3280647 0.6876677 0.4931938 1.267764 0.3533684 1.419656 -0.362159 0.7128813 0.1904472 1.546457 -0.4000191 0.7319731 -0.4000191 -2.250003 -0.4000191 -2.500003 -0.362159 -2.250003 -0.362159 -2.250003 -0.4000191 -2.500003 -0.362159 -2.500003 -0.362159 0.7128813 0.3533684 1.419656 0.1904472 1.546457 -0.362159 0.7128813 0.2567619 1.799039 -0.3280647 0.6876677 -0.3280647 0.6876677 0.2567619 1.799039 0.4419975 1.672751 0.4419975 -2.500003 0.4419975 -0.4352329 0.5270256 -0.5202671 0.6063469 -0.5995762 0.5270256 -0.5202671 4.006768 -0.4352329 4.006768 -0.4352329 0.5270256 -0.5202671 0.4419975 -0.4352329 0.4419975 -2.500003 0.3517448 -0.3449863 0.4419975 -0.4352329 4.006768 -0.2500035 0.4419975 -0.4352329 0.3517448 -0.3449863 4.006768 -0.4352329 0.4419975 -0.4352329 4.006768 -0.2500035 0.2567619 -2.500003 0.3517448 -0.3449863 0.4419975 -2.500003 0.2567619 -2.500003 0.2567619 -0.2500035 0.3517448 -0.3449863 4.006768 -0.2500035 0.3517448 -0.3449863 0.2567619 -0.2500035 1.34498 -2.500003 1.34498 -0.7393589 1.250003 -0.7990391 1.546457 -0.1836948 1.672751 -0.4352329 1.799039 -0.2500035 1.419656 -0.3466099 1.672751 -0.4352329 1.546457 -0.1836948 -0.2468269 0.5422514 0.9900139 0.7235624 -0.243238 0.5000029 -0.2749825 0.378079 0.6061089 -0.09493732 -0.2575142 0.4167204 -0.2575142 0.4167204 0.6061089 -0.09493732 0.6890373 0.09412515 -0.2575142 0.4167204 0.6890373 0.09412515 -0.2468269 0.4577482 0.4419975 -2.500003 0.4419975 -0.4352329 0.2567619 -2.500003 0.6063469 -0.5995762 0.5270256 -0.5202671 0.4419975 -2.500003 0.4419975 -2.500003 0.5270256 -0.5202671 0.4419975 -0.4352329 0.7057463 -0.7329624 0.7235624 -0.9832554 0.9058744 -0.6822789 0.2942594 -0.7329624 0.05787026 -0.9333652 0.2764372 -0.9832554 -0.4405648 0.7443876 -0.1863777 1.711752 -0.4826241 0.749777 -0.4826241 -2.250003 -0.4826241 -2.500003 -0.4405648 -2.250003 -0.4405648 -2.250003 -0.4826241 -2.500003 -0.4405648 -2.500003 -0.4405648 -2.250003 -0.4405648 -2.500003 -0.4000191 -2.250003 -0.4826241 0.749777 -0.3811348 1.995804 -0.4405648 0.7443876 -0.4000191 -2.250003 -0.4405648 -2.500003 -0.4000191 -2.500003 -0.4405648 0.7443876 -0.1594551 1.962393 -0.4000191 0.7319731 -0.4405648 0.7443876 -0.3811348 1.995804 -0.1594551 1.962393 -0.3811348 -2.500003 -0.2696724 0.276437 -0.1594551 -2.500003 -0.3811348 -2.500003 -0.3811348 0.3878994 -0.2696724 0.276437 -0.4826241 0.749777 -0.6053292 1.995804 -0.3811348 1.995804 -0.6053292 -2.500003 -0.493232 0.4999966 -0.3811348 -2.500003 -0.3811348 -2.500003 -0.493232 0.4999966 -0.3811348 0.3878994 -0.493232 0.4999966 -0.3811348 0.6120938 -0.3811348 0.3878994 -0.493232 0.4999966 -0.6053292 3.499997 -0.3811348 0.6120938 -0.6053292 -2.500003 -0.6053292 3.499997 -0.493232 0.4999966 -0.5249885 0.7479765 -0.3811348 1.995804 -0.6053292 1.995804 -0.3811348 0.6120938 -0.6053292 3.499997 -0.3811348 3.499997 -0.8270149 -2.500003 -0.6053292 3.499997 -0.6053292 -2.500003 -0.8270149 -2.500003 -0.8270149 3.499997 -0.6053292 3.499997 -0.6053292 1.995804 -0.8270149 1.962393 -0.5664437 0.739041 -0.5249885 0.7479765 -0.6053292 1.995804 -0.5664437 0.739041 -0.5664437 0.739041 -1.041248 1.896316 -0.6057869 0.7232329 -0.5664437 0.739041 -0.8270149 1.962393 -1.041248 1.896316 -0.5664437 3.499997 -0.5664437 3.249997 -0.5249885 3.499997 -0.6057869 3.499997 -0.6057869 3.249997 -0.5664437 3.499997 -0.5664437 3.499997 -0.6057869 3.249997 -0.5664437 3.249997 -0.6057869 0.7232329 -0.995356 1.644717 -0.5664437 0.739041 -0.5249885 3.499997 -0.5664437 3.249997 -0.5249885 3.249997 -0.5664437 0.739041 -0.8000923 1.711752 -0.5249885 0.7479765 -0.5664437 0.739041 -0.995356 1.644717 -0.8000923 1.711752 -0.6418953 0.7010039 -1.176917 1.546457 -0.6057869 0.7232329 -0.6057869 3.499997 -0.6418953 3.249997 -0.6057869 3.249997 -0.6057869 0.7232329 -1.176917 1.546457 -0.995356 1.644717 -0.6737251 0.6729887 -1.339838 1.419656 -0.6418953 0.7010039 -0.6418953 3.499997 -0.6737251 3.249997 -0.6418953 3.249997 -0.6418953 0.7010039 -1.339838 1.419656 -1.176917 1.546457 -0.6418953 3.499997 -0.6418953 3.249997 -0.6057869 3.499997 -0.6418953 0.7010039 -1.428467 1.672751 -0.6737251 0.6729887 -0.6418953 0.7010039 -1.243232 1.799039 -1.428467 1.672751 -0.6057869 0.7232329 -1.243232 1.799039 -0.6418953 0.7010039 -0.6737251 3.499997 -0.6737251 3.249997 -0.6418953 3.499997 -0.6737251 0.6729887 -1.592811 1.52026 -0.7003609 0.6399992 -0.6737251 0.6729887 -1.428467 1.672751 -1.592811 1.52026 0.6399992 3.499997 0.6399992 3.249997 0.6729887 3.499997 0.6729887 3.499997 0.6399992 3.249997 0.6729887 3.249997 0.6399992 3.499997 0.6029753 3.249997 0.6399992 3.249997 -0.7210457 0.6029753 -1.592579 1.094937 -0.7003609 0.6399992 -0.7003609 0.6399992 -1.479664 1.267764 -0.6737251 0.6729887 -0.7003609 0.6399992 -1.592579 1.094937 -1.479664 1.267764 0.6029753 3.499997 0.6029753 3.249997 0.6399992 3.499997 -0.7210457 0.6029753 -1.675507 0.9058744 -1.592579 1.094937 -0.7351692 0.5629912 -1.675507 0.9058744 -0.7210457 0.6029753 0.6029753 3.499997 0.5629912 3.249997 0.6029753 3.249997 0.5629912 3.499997 0.5629912 3.249997 0.6029753 3.499997 0.5629912 3.499997 0.5212065 3.249997 0.5629912 3.249997 -0.7423347 0.5212065 -1.726185 0.7057463 -0.7351692 0.5629912 -0.7351692 0.5629912 -1.726185 0.7057463 -1.675507 0.9058744 0.5212065 3.499997 0.5212065 3.249997 0.5629912 3.499997 0.5212065 3.499997 0.4787992 3.249997 0.5212065 3.249997 -0.7423347 0.4787992 -1.743232 0.5000029 -0.7423347 0.5212065 -0.7423347 0.5212065 -1.743232 0.5000029 -1.726185 0.7057463 0.4787992 3.499997 0.4787992 3.249997 0.5212065 3.499997 0.4787992 3.499997 0.4370085 3.249997 0.4787992 3.249997 -0.7351692 0.4370085 -1.675507 0.09412515 -0.7423347 0.4787992 -1.675507 0.09412515 -1.726185 0.2942594 -0.7423347 0.4787992 -0.7423347 0.4787992 -1.726185 0.2942594 -1.743232 0.5000029 0.4370085 3.499997 0.4370085 3.249997 0.4787992 3.499997 0.4370085 3.499997 0.3970243 3.249997 0.4370085 3.249997 -0.7210457 0.3970243 -1.592579 -0.09493732 -0.7351692 0.4370085 -0.7351692 0.4370085 -1.592579 -0.09493732 -1.675507 0.09412515 -0.7003609 0.3600126 -1.479664 -0.2677645 -0.7210457 0.3970243 0.3970243 3.499997 0.3600126 3.249997 0.3970243 3.249997 0.3970243 3.499997 0.3970243 3.249997 0.4370085 3.499997 -0.7210457 0.3970243 -1.479664 -0.2677645 -1.592579 -0.09493732 -0.7351692 0.4370085 -1.926594 0.05787026 -0.7210457 0.3970243 -0.7210457 0.3970243 -1.844685 -0.1508272 -0.7003609 0.3600126 -0.7210457 0.3970243 -1.926594 0.05787026 -1.844685 -0.1508272 0.3600126 3.499997 0.3600126 3.249997 0.3970243 3.499997 -0.1508272 -2.500003 -0.1508272 3.499997 0.05787026 3.499997 -0.1508272 -2.500003 0.05787026 3.499997 0.05787026 -2.500003 0.05787026 -2.500003 0.05787026 3.499997 0.2764372 3.499997 -0.7351692 0.4370085 -1.976478 0.2764372 -1.926594 0.05787026 0.05787026 -2.500003 0.2764372 3.499997 0.2764372 -2.500003 0.2764372 -2.500003 0.2764372 3.499997 0.5000029 3.499997 -0.7423347 0.4787992 -1.993232 0.5000029 -1.976478 0.2764372 -0.7423347 0.4787992 -1.976478 0.2764372 -0.7351692 0.4370085 0.5000029 -2.500003 0.5000029 3.499997 0.7235624 3.499997 0.2764372 -2.500003 0.5000029 3.499997 0.5000029 -2.500003 -0.7423347 0.5212065 -1.976478 0.7235624 -1.993232 0.5000029 -0.7423347 0.5212065 -1.993232 0.5000029 -0.7423347 0.4787992 0.5000029 -2.500003 0.7235624 3.499997 0.7235624 -2.500003 0.7235624 -2.500003 0.7235624 3.499997 0.9421355 3.499997 -0.7423347 0.5212065 -1.926594 0.9421355 -1.976478 0.7235624 0.7235624 -2.500003 0.9421355 3.499997 0.9421355 -2.500003 0.9421355 -2.500003 0.9421355 3.499997 1.150827 3.499997 -0.7351692 0.5629912 -1.844685 1.150827 -1.926594 0.9421355 -0.7351692 0.5629912 -1.926594 0.9421355 -0.7423347 0.5212065 0.9421355 -2.500003 1.150827 3.499997 1.150827 -2.500003 1.150827 -2.500003 1.150827 3.499997 1.34498 3.499997 -0.7210457 0.6029753 -1.732594 1.34498 -1.844685 1.150827 -0.7210457 0.6029753 -1.844685 1.150827 -0.7351692 0.5629912 1.34498 -2.500003 1.34498 3.499997 1.52026 3.499997 1.150827 -2.500003 1.34498 3.499997 1.34498 -2.500003 -0.7003609 0.6399992 -1.592811 1.52026 -1.732594 1.34498 -0.7003609 0.6399992 -1.732594 1.34498 -0.7210457 0.6029753 1.34498 -2.500003 1.52026 3.499997 1.52026 -2.500003 -0.6737251 0.6729887 -1.732594 1.34498 -1.592811 1.52026 -0.7003609 0.6399992 -1.732594 1.34498 -0.6737251 0.6729887 -0.7003609 0.6399992 -1.844685 1.150827 -1.732594 1.34498 -1.592811 -2.500003 -1.592811 3.499997 -1.428467 3.499997 -1.592811 -2.500003 -1.428467 3.499997 -1.428467 -2.500003 -0.6418953 0.7010039 -1.592811 1.52026 -1.428467 1.672751 -0.6737251 0.6729887 -1.592811 1.52026 -0.6418953 0.7010039 -1.428467 -2.500003 -1.428467 3.499997 -1.243232 3.499997 -1.428467 -2.500003 -1.243232 3.499997 -1.243232 -2.500003 -1.428467 1.672751 -1.243232 1.799039 -0.6057869 0.7232329 -0.6418953 0.7010039 -1.428467 1.672751 -0.6057869 0.7232329 -0.6057869 -2.250003 -0.6418953 -2.500003 -0.6057869 -2.500003 -0.6057869 -2.250003 -0.6057869 -2.500003 -0.5664437 -2.250003 -0.5664437 -2.250003 -0.6057869 -2.500003 -0.5664437 -2.500003 -0.6057869 0.7232329 -1.041248 1.896316 -0.5664437 0.739041 -0.6057869 0.7232329 -1.243232 1.799039 -1.041248 1.896316 -1.041248 -2.500003 -1.041248 3.499997 -0.8270149 3.499997 -1.243232 -2.500003 -1.041248 3.499997 -1.041248 -2.500003 -1.041248 -2.500003 -0.8270149 3.499997 -0.8270149 -2.500003 -0.5664437 0.739041 -1.041248 1.896316 -0.8270149 1.962393 -0.5664437 -2.250003 -0.5664437 -2.500003 -0.5249885 -2.250003 -0.5249885 -2.250003 -0.5664437 -2.500003 -0.5249885 -2.500003 -0.5664437 0.739041 -0.8270149 1.962393 -0.5249885 0.7479765 -0.5249885 -2.250003 -0.5249885 -2.500003 -0.4826241 -2.250003 -0.4826241 -2.250003 -0.5249885 -2.500003 -0.4826241 -2.500003 -0.5249885 0.7479765 -0.6053292 1.995804 -0.4826241 0.749777 -0.5249885 0.7479765 -0.8270149 1.962393 -0.6053292 1.995804 -0.5249885 0.7479765 -0.5964607 1.74573 -0.5664437 0.739041 -0.4826241 0.749777 -0.3900093 1.74573 -0.5249885 0.7479765 -0.5249885 0.7479765 -0.3900093 1.74573 -0.5964607 1.74573 -1.243232 -2.500003 -1.243232 3.499997 -1.041248 3.499997 -0.7210457 0.6029753 -1.844685 1.150827 -0.7003609 0.6399992 -0.7210457 0.6029753 -1.926594 0.9421355 -1.844685 1.150827 -0.7351692 0.5629912 -1.976478 0.7235624 -1.926594 0.9421355 -0.7351692 0.5629912 -1.926594 0.9421355 -0.7210457 0.6029753 -0.7423347 0.5212065 -1.993232 0.5000029 -1.976478 0.7235624 -0.7423347 0.5212065 -1.976478 0.7235624 -0.7351692 0.5629912 -0.7423347 0.4787992 -1.976478 0.2764372 -1.993232 0.5000029 -0.7423347 0.4787992 -1.993232 0.5000029 -0.7423347 0.5212065 0.4787992 -2.250003 0.4787992 -2.500003 0.5212065 -2.250003 0.4787992 -2.250003 0.4370085 -2.500003 0.4787992 -2.500003 0.5212065 -2.250003 0.4787992 -2.500003 0.5212065 -2.500003 -0.7423347 0.4787992 -1.926594 0.05787026 -1.976478 0.2764372 -0.7351692 0.4370085 -1.926594 0.05787026 -0.7423347 0.4787992 -0.7351692 0.4370085 -1.844685 -0.1508272 -1.926594 0.05787026 -0.7210457 0.3970243 -1.732594 -0.3449801 -1.844685 -0.1508272 -0.3449801 -2.500003 -0.1508272 3.499997 -0.1508272 -2.500003 -0.7210457 0.3970243 -1.844685 -0.1508272 -0.7351692 0.4370085 -0.3449801 -2.500003 -0.3449801 3.499997 -0.1508272 3.499997 -0.5202608 -2.500003 -0.3449801 3.499997 -0.3449801 -2.500003 -0.7003609 0.3600126 -1.732594 -0.3449801 -0.7210457 0.3970243 -0.7003609 0.3600126 -1.592811 -0.5202608 -1.732594 -0.3449801 -0.6737251 0.327017 -1.592811 -0.5202608 -0.7003609 0.3600126 -0.6737251 0.327017 -1.428467 -0.672745 -1.592811 -0.5202608 -1.428467 -2.500003 -1.592811 3.499997 -1.592811 -2.500003 -0.5202608 -2.500003 -0.5202608 3.499997 -0.3449801 3.499997 -0.6418953 0.2989958 -1.592811 -0.5202608 -1.428467 -0.672745 -1.428467 -2.500003 -1.428467 3.499997 -1.592811 3.499997 -0.6737251 0.327017 -1.732594 -0.3449801 -1.592811 -0.5202608 -0.6737251 0.327017 -1.592811 -0.5202608 -0.6418953 0.2989958 -0.6418953 0.2989958 -1.428467 -0.672745 -0.6057869 0.2767729 -0.6418953 3.499997 -0.6418953 3.249997 -0.6737251 3.499997 -0.6418953 3.499997 -0.6057869 3.249997 -0.6418953 3.249997 -0.6057869 3.499997 -0.6057869 3.249997 -0.6418953 3.499997 -0.6057869 0.2767729 -1.243232 -0.7990389 -1.041248 -0.8963045 -0.6057869 0.2767729 -1.041248 -0.8963045 -0.5664437 0.2609587 -0.6057869 0.2767729 -1.428467 -0.672745 -1.243232 -0.7990389 -0.5664437 3.499997 -0.5664437 3.249997 -0.6057869 3.499997 -0.6057869 3.499997 -0.5664437 3.249997 -0.6057869 3.249997 -0.5664437 3.499997 -0.5249885 3.249997 -0.5664437 3.249997 -0.5249885 0.2520231 -0.5964607 -0.7457308 -0.5664437 0.2609587 -0.5664437 0.2609587 -0.8000923 -0.7117465 -0.6057869 0.2767729 -0.5664437 0.2609587 -0.5964607 -0.7457308 -0.8000923 -0.7117465 -0.3900093 0.6032192 -0.493232 0.4999966 -0.5964607 3.249997 -0.5964607 3.249997 -0.3900093 3.249997 -0.3900093 0.6032192 -0.5249885 0.2520231 -0.3900093 -0.7457308 -0.5964607 -0.7457308 -0.5964607 3.249997 -0.493232 0.4999966 -0.5964607 -2.250003 -0.5964607 3.249997 -0.5964607 -2.250003 -0.8000923 3.249997 -0.3900093 3.249997 -0.2874886 0.7057339 -0.3900093 0.6032192 -0.4826241 0.2502226 -0.1863777 -0.7117465 -0.3900093 -0.7457308 -0.1863777 3.249997 -0.1863777 0.8068569 -0.3900093 3.249997 -0.3900093 3.249997 -0.1863777 0.8068569 -0.2874886 0.7057339 -0.4826241 0.2502226 -0.3900093 -0.7457308 -0.5249885 0.2520231 -0.5249885 3.499997 -0.4826241 3.249997 -0.5249885 3.249997 -0.4826241 3.499997 -0.4826241 3.249997 -0.5249885 3.499997 -0.4826241 3.499997 -0.4405648 3.249997 -0.4826241 3.249997 -0.4405648 0.255612 -0.1863777 -0.7117465 -0.4826241 0.2502226 -0.4000191 0.2680265 0.00888592 -0.6447176 -0.4405648 0.255612 -0.4405648 3.499997 -0.4000191 3.249997 -0.4405648 3.249997 -0.4405648 3.499997 -0.4405648 3.249997 -0.4826241 3.499997 -0.4405648 0.255612 0.00888592 -0.6447176 -0.1863777 -0.7117465 -0.1863777 3.249997 0.00888592 3.249997 0.00888592 1.002121 0.00888592 3.249997 0.101696 1.094931 0.00888592 1.002121 -0.4000191 0.2680265 0.1904472 -0.5464571 0.00888592 -0.6447176 0.1904472 3.249997 0.1904472 1.183688 0.00888592 3.249997 0.00888592 3.249997 0.1904472 1.183688 0.101696 1.094931 0.101696 1.094931 4.006768 1.002121 0.00888592 1.002121 0.101696 1.094931 4.006768 1.183688 4.006768 1.002121 0.1904472 1.183688 4.006768 1.183688 0.101696 1.094931 0.2745354 1.267758 4.006768 1.346603 4.006768 1.183688 -0.4196566 1.346603 -0.672745 1.435226 -0.5464571 1.183688 -0.5464571 1.183688 -0.7990389 1.249984 -0.6447176 1.002121 -0.5464571 1.183688 -0.672745 1.435226 -0.7990389 1.249984 0.2745354 1.267758 4.006768 1.183688 0.1904472 1.183688 0.3533684 1.346603 4.006768 1.346603 0.2745354 1.267758 0.3533684 1.346603 0.2745354 1.267758 0.1904472 3.249997 0.1904472 3.249997 0.2745354 1.267758 0.1904472 1.183688 0.3533684 3.249997 0.4264214 1.41965 0.3533684 1.346603 0.1904472 3.249997 0.3533684 3.249997 0.3533684 1.346603 0.4264214 -0.3466036 4.006768 -0.4196566 0.3533684 -0.4196566 -0.4196566 3.249997 -0.2677645 1.486422 -0.3466036 1.41965 0.4931938 -0.2677645 4.006768 -0.2677645 0.4264214 -0.3466036 0.4264214 -0.3466036 4.006768 -0.2677645 4.006768 -0.4196566 -0.2677645 1.486422 -0.3449801 1.739352 -0.5202608 1.599569 -0.2677645 1.486422 -0.5202608 1.599569 -0.4196566 1.346603 -0.2677645 1.486422 -0.1508272 1.851449 -0.3449801 1.739352 -0.09493732 1.599337 -0.1508272 1.851449 -0.2677645 1.486422 0.553228 -0.1836885 4.006768 -0.09493732 4.006768 -0.2677645 0.553228 -0.1836885 4.006768 -0.2677645 0.4931938 -0.2677645 -0.2677645 3.249997 -0.1836885 1.546457 -0.2677645 1.486422 0.6061089 -0.09493732 4.006768 -0.09493732 0.553228 -0.1836885 -0.09493732 1.599337 -0.1836885 1.546457 -0.2677645 3.249997 0.6514824 -0.00212115 4.006768 -0.09493732 0.6061089 -0.09493732 -0.2677645 3.249997 -0.09493732 3.249997 -0.09493732 1.599337 -0.09493732 3.249997 -0.00212115 1.644711 -0.09493732 1.599337 0.6514824 -0.00212115 4.006768 0.09412515 4.006768 -0.09493732 0.6890373 0.09412515 4.006768 0.09412515 0.6514824 -0.00212115 -0.09493732 3.249997 0.09412515 1.682272 -0.00212115 1.644711 0.7185173 0.1931486 4.006768 0.09412515 0.6890373 0.09412515 0.09412515 3.249997 0.09412515 1.682272 -0.09493732 3.249997 0.09412515 3.249997 0.1931486 1.711752 0.09412515 1.682272 0.7185173 0.1931486 4.006768 0.2942594 4.006768 0.09412515 0.7397148 0.2942594 4.006768 0.2942594 0.7185173 0.1931486 0.2942594 1.732943 0.1931486 1.711752 0.09412515 3.249997 0.7524956 0.3967741 4.006768 0.2942594 0.7397148 0.2942594 0.09412515 3.249997 0.2942594 3.249997 0.2942594 1.732943 0.2942594 3.249997 0.3967741 1.745724 0.2942594 1.732943 0.7524956 0.3967741 4.006768 0.5000029 4.006768 0.2942594 0.2942594 3.249997 0.5000029 1.749997 0.3967741 1.745724 0.7567619 0.5000029 4.006768 0.5000029 0.7524956 0.3967741 0.5000029 1.749997 0.7235624 1.983248 0.5000029 1.999997 0.7057463 1.732943 0.7235624 1.983248 0.5000029 1.749997 0.7567619 0.5000029 4.006768 0.7057463 4.006768 0.5000029 0.5000029 1.749997 0.5000029 1.999997 0.2942594 1.732943 0.2942594 1.732943 0.5000029 1.999997 0.2764372 1.983248 4.006768 0.5000029 1.006762 0.5000029 4.006768 0.2764372 4.006768 0.7235624 1.002575 0.6120939 4.006768 0.5000029 4.006768 0.5000029 1.002575 0.6120939 1.006762 0.5000029 0.6120939 1.995797 0.7235624 3.499997 0.5000029 1.999997 0.6120939 1.995797 0.7235624 1.983248 0.7235624 3.499997 4.006768 0.7235624 0.9900139 0.7235624 1.002575 0.6120939 0.7235624 3.499997 0.7235624 1.983248 0.9421355 3.499997 0.7235624 1.983248 0.8337858 1.962387 0.9421355 3.499997 4.006768 0.7235624 0.9691582 0.8337858 0.9900139 0.7235624 0.9421355 3.499997 0.8337858 1.962387 0.9421355 1.933358 4.006768 0.9421355 0.9401237 0.9421355 0.9691582 0.8337858 4.006768 0.9421355 0.9691582 0.8337858 4.006768 0.7235624 4.006768 0.9421355 0.9030754 1.048013 0.9401237 0.9421355 4.006768 1.150827 0.9030754 1.048013 4.006768 0.9421355 0.7057463 1.732943 0.9421355 1.933358 0.7235624 1.983248 0.9058744 1.682272 1.150827 1.851449 0.9421355 1.933358 0.9058744 1.682272 0.9421355 1.933358 0.7057463 1.732943 1.094937 1.599337 1.150827 1.851449 0.9058744 1.682272 4.006768 0.9058744 0.6890373 0.9058744 4.006768 1.094937 4.006768 0.7057463 0.7397148 0.7057463 4.006768 0.9058744 0.7397148 0.7057463 0.7185173 0.8068571 4.006768 0.9058744 4.006768 0.9058744 0.7185173 0.8068571 0.6890373 0.9058744 4.006768 1.094937 0.6890373 0.9058744 0.6514824 1.002121 0.9058744 3.249997 1.002121 1.644711 0.9058744 1.682272 0.9058744 3.249997 0.9058744 1.682272 0.8068571 1.711752 -0.2468269 0.5422514 0.6890373 0.9058744 0.7397148 0.7057463 0.9058744 3.249997 0.8068571 1.711752 0.7057463 3.249997 -0.2575142 0.5832853 0.6061089 1.094937 0.6890373 0.9058744 1.094937 3.249997 1.002121 1.644711 0.9058744 3.249997 -0.2575142 0.5832853 0.6890373 0.9058744 -0.2468269 0.5422514 0.5000029 3.499997 0.5422514 3.249997 0.5000029 3.249997 0.5422514 3.499997 0.5422514 3.249997 0.5000029 3.499997 0.5422514 3.499997 0.5832853 3.249997 0.5422514 3.249997 -0.2468269 0.5422514 0.7397148 0.7057463 -0.243238 0.5000029 0.4577482 3.499997 0.5000029 3.249997 0.4577482 3.249997 0.5000029 3.499997 0.5000029 3.249997 0.4577482 3.499997 -0.243238 0.5000029 0.7567619 0.5000029 -0.2468269 0.4577482 -0.243238 0.5000029 0.7397148 0.7057463 0.7567619 0.5000029 0.7057463 3.249997 0.6032255 1.745724 0.5000029 3.249997 0.5000029 3.249997 0.6032255 1.745724 0.5000029 1.749997 0.5000029 3.249997 0.5000029 1.749997 0.2942594 3.249997 -0.2468269 0.4577482 0.7567619 0.5000029 0.7397148 0.2942594 0.7057463 3.249997 0.7057463 1.732943 0.6032255 1.745724 0.7524956 0.6032255 4.006768 0.7057463 0.7567619 0.5000029 0.7524956 0.6032255 0.7397148 0.7057463 4.006768 0.7057463 0.4167204 3.499997 0.4577482 3.249997 0.4167204 3.249997 0.4577482 3.499997 0.4577482 3.249997 0.4167204 3.499997 -0.2468269 0.4577482 0.7397148 0.2942594 -0.2575142 0.4167204 0.4167204 3.499997 0.4167204 3.249997 0.378079 3.499997 -0.2575142 0.4167204 0.6890373 0.09412515 -0.2749825 0.378079 0.378079 3.499997 0.4167204 3.249997 0.378079 3.249997 -0.2575142 0.4167204 0.7397148 0.2942594 0.6890373 0.09412515 -0.2749825 0.378079 0.7461235 -0.3449801 0.8582146 -0.1508272 -0.2987251 0.3429472 0.7461235 -0.3449801 -0.2749825 0.378079 -0.2749825 0.378079 0.8582146 -0.1508272 -0.2575142 0.4167204 0.378079 3.499997 0.378079 3.249997 0.3429472 3.499997 -0.2987251 0.3429472 0.6063469 -0.5202608 0.7461235 -0.3449801 0.4419975 -0.672745 0.6063469 -0.5202608 -0.2987251 0.3429472 0.3429472 3.499997 0.3429472 3.249997 0.312332 3.499997 -0.3280647 0.312332 0.4419975 -0.672745 -0.2987251 0.3429472 0.3429472 3.499997 0.378079 3.249997 0.3429472 3.249997 -0.2749825 0.378079 0.6061089 -0.09493732 -0.2987251 0.3429472 0.312332 3.499997 0.3429472 3.249997 0.312332 3.249997 -0.2987251 0.3429472 0.4931938 -0.2677645 -0.3280647 0.312332 -0.2987251 0.3429472 0.6061089 -0.09493732 0.4931938 -0.2677645 -0.3280647 0.312332 0.3533684 -0.4196566 -0.362159 0.2871183 -0.362159 3.499997 -0.3280647 3.249997 -0.362159 3.249997 -0.3280647 0.312332 0.4931938 -0.2677645 0.3533684 -0.4196566 -0.3280647 3.499997 -0.3280647 3.249997 -0.362159 3.499997 -0.362159 0.2871183 0.2567619 -0.7990389 -0.3280647 0.312332 -0.362159 0.2871183 0.05477827 -0.8963045 0.2567619 -0.7990389 -0.362159 3.499997 -0.362159 3.249997 -0.4000191 3.499997 -0.4000191 0.2680265 0.05477827 -0.8963045 -0.362159 0.2871183 0.1575859 1.150814 0.2567619 3.499997 0.05477827 3.499997 0.1575859 1.150814 0.05477827 3.499997 0.05477827 1.048007 0.05477827 1.048007 0.05477827 3.499997 -0.05109941 0.9421352 -0.05109941 0.9421352 0.05477827 3.499997 -0.1594551 3.499997 -0.4000191 0.2680265 -0.1594551 -0.9623934 0.05477827 -0.8963045 -0.1594551 0.8337857 -0.1594551 3.499997 -0.2696724 0.7235562 -0.05109941 0.9421352 -0.1594551 3.499997 -0.1594551 0.8337857 -0.2696724 0.7235562 -0.1594551 3.499997 -0.3811348 3.499997 -0.4405648 0.255612 -0.3811348 -0.9958041 -0.1594551 -0.9623934 -0.4405648 0.255612 -0.1594551 -0.9623934 -0.4000191 0.2680265 -0.2696724 0.7235562 -0.3811348 3.499997 -0.3811348 0.6120938 -0.3811348 0.6120938 -0.3811348 3.499997 -0.493232 0.4999966 -0.4826241 0.2502226 -0.6053292 -0.9958041 -0.3811348 -0.9958041 -0.493232 0.4999966 -0.3811348 3.499997 -0.6053292 3.499997 -0.4826241 0.2502226 -0.3811348 -0.9958041 -0.4405648 0.255612 -0.3811348 0.6120938 -0.493232 0.4999966 -0.3811348 0.3878994 -0.493232 0.4999966 -0.6053292 -2.500003 -0.3811348 0.3878994 -0.493232 0.4999966 -0.6053292 3.499997 -0.6053292 -2.500003 -0.5249885 0.2520231 -0.3811348 -0.9958041 -0.6053292 -0.9958041 -0.3811348 0.3878994 -0.6053292 -2.500003 -0.3811348 -2.500003 -0.5249885 0.2520231 -0.6053292 -0.9958041 -0.5664437 0.2609587 -0.6053292 -0.9958041 -0.8270149 -0.9623934 -0.5664437 0.2609587 -0.6053292 -2.500003 -0.6053292 3.499997 -0.8270149 3.499997 -0.6053292 -2.500003 -0.8270149 3.499997 -0.8270149 -2.500003 -0.5664437 0.2609587 -0.8270149 -0.9623934 -1.041248 -0.8963045 -0.8270149 -2.500003 -0.8270149 3.499997 -1.041248 3.499997 -0.8270149 -2.500003 -1.041248 3.499997 -1.041248 -2.500003 -1.041248 -2.500003 -1.041248 3.499997 -1.243232 3.499997 -1.041248 -2.500003 -1.243232 3.499997 -1.243232 -2.500003 -0.6057869 0.2767729 -1.041248 -0.8963045 -1.243232 -0.7990389 -0.5664437 0.2609587 -1.041248 -0.8963045 -0.6057869 0.2767729 -1.243232 -2.500003 -1.243232 3.499997 -1.428467 3.499997 -1.243232 -2.500003 -1.428467 3.499997 -1.428467 -2.500003 -0.6418953 0.2989958 -1.243232 -0.7990389 -1.428467 -0.672745 -0.6057869 0.2767729 -1.243232 -0.7990389 -0.6418953 0.2989958 -0.5249885 0.2520231 -0.8270149 -0.9623934 -0.6053292 -0.9958041 -0.5664437 0.2609587 -1.041248 -0.8963045 -0.8270149 -0.9623934 -0.5664437 0.2609587 -0.8270149 -0.9623934 -0.5249885 0.2520231 -0.5249885 0.2520231 -0.6053292 -0.9958041 -0.4826241 0.2502226 -0.2696724 0.7235562 -0.3811348 0.6120938 4.006768 0.6120938 4.006768 0.6120938 -0.3811348 0.6120938 -0.3811348 0.3878994 4.006768 0.6120938 -0.1594551 0.8337857 -0.2696724 0.7235562 4.006768 0.8337857 -0.05109941 0.9421352 -0.1594551 0.8337857 4.006768 0.8337857 -0.1594551 0.8337857 4.006768 0.6120938 -0.7457308 0.6032192 -0.9623934 0.8337857 -0.9958041 0.6120938 -0.7117465 0.8068569 -0.8963045 1.048007 -0.9623934 0.8337857 4.006768 1.048007 0.05477827 1.048007 4.006768 0.8337857 -0.7117465 0.8068569 -0.9623934 0.8337857 -0.7457308 0.6032192 4.006768 0.8337857 0.05477827 1.048007 -0.05109941 0.9421352 -0.2874886 0.7057339 4.006768 0.8068569 4.006768 0.6032192 -0.3900093 0.6032192 4.006768 0.6032192 4.006768 0.3967739 -0.7457308 0.6032192 -0.9958041 0.6120938 -0.7457308 0.3967739 -0.2874886 0.7057339 4.006768 0.6032192 -0.3900093 0.6032192 -0.08736038 0.9058682 4.006768 1.002121 4.006768 0.8068569 -0.6447176 1.002121 -0.8963045 1.048007 -0.7117465 0.8068569 -0.08736038 0.9058682 4.006768 0.8068569 -0.1863777 0.8068569 -0.1863777 0.8068569 4.006768 0.8068569 -0.2874886 0.7057339 0.00888592 1.002121 4.006768 1.002121 -0.08736038 0.9058682 -0.1863777 3.249997 -0.08736038 0.9058682 -0.1863777 0.8068569 0.00888592 1.002121 -0.08736038 0.9058682 -0.1863777 3.249997 0.2567619 1.249984 0.1575859 1.150814 4.006768 1.048007 4.006768 1.048007 4.006768 1.249984 0.2567619 1.249984 4.006768 1.048007 0.1575859 1.150814 0.05477827 1.048007 -0.6447176 1.002121 -0.7990389 1.249984 -0.8963045 1.048007 4.006768 1.249984 0.3517448 1.34498 0.2567619 1.249984 0.3517448 1.34498 0.2567619 3.499997 0.2567619 1.249984 0.2567619 1.249984 0.2567619 3.499997 0.1575859 1.150814 4.006768 1.249984 0.4419975 1.435226 0.3517448 1.34498 0.4419975 1.435226 0.4419975 3.499997 0.3517448 1.34498 0.3517448 1.34498 0.4419975 3.499997 0.2567619 3.499997 4.006768 1.435226 0.4419975 1.435226 4.006768 1.249984 4.006768 1.435226 0.5270256 1.520248 0.4419975 1.435226 0.5270256 1.520248 0.4419975 3.499997 0.4419975 1.435226 0.5270256 1.520248 0.6063469 3.499997 0.4419975 3.499997 0.6063469 1.599569 0.6063469 3.499997 0.5270256 1.520248 0.6063469 1.599569 0.5270256 1.520248 4.006768 1.435226 4.006768 -0.5202608 0.6795098 -0.4352328 0.6063469 -0.5202608 -0.4352328 1.672738 -0.5202608 3.499997 -0.5202608 1.599569 4.006768 1.435226 4.006768 1.599569 0.6063469 1.599569 -0.4352328 1.672738 -0.3449801 3.499997 -0.5202608 3.499997 -0.3449801 1.739352 -0.3449801 3.499997 -0.4352328 1.672738 4.006768 -0.5202608 0.7461235 -0.3449801 0.6795098 -0.4352328 4.006768 -0.3449801 0.8058037 -0.2500032 0.7461235 -0.3449801 -0.2500032 1.799032 -0.3449801 3.499997 -0.3449801 1.739352 4.006768 -0.3449801 0.7461235 -0.3449801 4.006768 -0.5202608 -0.2500032 1.799032 -0.1508272 3.499997 -0.3449801 3.499997 0.8582146 -0.1508272 0.8058037 -0.2500032 4.006768 -0.3449801 -0.1508272 1.851449 -0.1508272 3.499997 -0.2500032 1.799032 4.006768 -0.1508272 0.9030754 -0.0480135 0.8582146 -0.1508272 -0.0480135 1.89631 -0.1508272 3.499997 -0.1508272 1.851449 4.006768 -0.3449801 4.006768 -0.1508272 0.8582146 -0.1508272 -0.0480135 1.89631 0.05787026 3.499997 -0.1508272 3.499997 0.05787026 1.933358 0.05787026 3.499997 -0.0480135 1.89631 4.006768 -0.1508272 0.9401237 0.05787026 0.9030754 -0.0480135 4.006768 0.05787026 0.9691582 0.1662198 0.9401237 0.05787026 0.1662198 1.962387 0.05787026 3.499997 0.05787026 1.933358 4.006768 0.05787026 0.9401237 0.05787026 4.006768 -0.1508272 0.9900139 0.2764372 0.9691582 0.1662198 4.006768 0.05787026 4.006768 0.05787026 4.006768 0.2764372 0.9900139 0.2764372 -0.09493732 1.599337 0.05787026 1.933358 -0.1508272 1.851449 0.09412515 1.682272 0.2764372 1.983248 0.05787026 1.933358 0.09412515 1.682272 0.05787026 1.933358 -0.09493732 1.599337 0.2764372 1.983248 0.2764372 3.499997 0.1662198 1.962387 0.3879057 1.995797 0.2764372 3.499997 0.2764372 1.983248 4.006768 0.2764372 1.002575 0.3879057 0.9900139 0.2764372 4.006768 0.2764372 1.006762 0.5000029 1.002575 0.3879057 0.5000029 1.999997 0.5000029 3.499997 0.3879057 1.995797 0.3879057 1.995797 0.5000029 3.499997 0.2764372 3.499997 -0.2468269 0.5422514 1.006762 0.5000029 0.9900139 0.7235624 0.5000029 1.999997 0.7235624 3.499997 0.5000029 3.499997 -0.243238 0.5000029 0.9900139 0.2764372 1.006762 0.5000029 -0.243238 0.5000029 1.006762 0.5000029 -0.2468269 0.5422514 0.1662198 1.962387 0.2764372 3.499997 0.05787026 3.499997 -0.2468269 0.4577482 0.9401237 0.05787026 0.9900139 0.2764372 -0.2468269 0.4577482 0.9900139 0.2764372 -0.243238 0.5000029 -0.2575142 0.4167204 0.8582146 -0.1508272 0.9401237 0.05787026 -0.2575142 0.4167204 0.9401237 0.05787026 -0.2468269 0.4577482 -0.4000191 3.499997 -0.4000191 3.249997 -0.4405648 3.499997 -0.4000191 3.499997 -0.362159 3.249997 -0.4000191 3.249997 -0.3280647 0.312332 0.2567619 -0.7990389 0.4419975 -0.672745 -0.362159 0.2871183 0.1904472 -0.5464571 -0.4000191 0.2680265 -0.362159 0.2871183 0.3533684 -0.4196566 0.1904472 -0.5464571 -0.2749825 0.378079 0.6890373 0.09412515 0.6061089 -0.09493732 -0.2468269 0.5422514 0.9900139 0.7235624 -0.2575142 0.5832853 0.5832853 3.499997 0.5832853 3.249997 0.5422514 3.499997 -0.2575142 0.5832853 0.9900139 0.7235624 0.9401237 0.9421355 -0.2575142 0.5832853 0.9401237 0.9421355 -0.2749825 0.6219267 0.5832853 3.499997 0.6219267 3.249997 0.5832853 3.249997 0.6219267 3.499997 0.6219267 3.249997 0.5832853 3.499997 -0.2749825 0.6219267 0.9401237 0.9421355 0.8582146 1.150827 -0.2749825 0.6219267 0.8582146 1.150827 0.7461235 1.34498 -0.2749825 0.6219267 0.7461235 1.34498 -0.2987251 0.6570585 0.6570585 3.499997 0.6570585 3.249997 0.6219267 3.499997 0.6219267 3.499997 0.6570585 3.249997 0.6219267 3.249997 -0.3280647 0.6876677 0.3533684 1.419656 -0.2987251 0.6570585 0.6570585 3.499997 0.6876677 3.249997 0.6570585 3.249997 -0.2987251 0.6570585 0.4931938 1.267764 -0.2749825 0.6219267 -0.2987251 0.6570585 0.3533684 1.419656 0.4931938 1.267764 -0.2749825 0.6219267 0.4931938 1.267764 0.6061089 1.094937 1.267764 3.249997 1.183688 1.546457 1.094937 3.249997 1.267764 3.249997 1.267764 1.486422 1.183688 1.546457 1.419656 3.249997 1.346603 1.41965 1.267764 3.249997 1.267764 3.249997 1.346603 1.41965 1.267764 1.486422 4.006768 1.419656 0.4931938 1.267764 0.4264214 1.346603 4.006768 1.267764 0.4931938 1.267764 4.006768 1.419656 4.006768 1.267764 0.553228 1.183688 0.4931938 1.267764 1.267764 1.486422 1.34498 1.739352 1.094937 1.599337 1.267764 1.486422 1.52026 1.599569 1.34498 1.739352 1.419656 1.346603 1.52026 1.599569 1.267764 1.486422 4.006768 1.267764 4.006768 1.094937 0.6061089 1.094937 0.6061089 1.094937 0.553228 1.183688 4.006768 1.267764 1.094937 3.249997 1.094937 1.599337 1.002121 1.644711 1.094937 3.249997 1.183688 1.546457 1.094937 1.599337 4.006768 1.094937 0.6514824 1.002121 0.6061089 1.094937 4.006768 1.52026 0.6063469 1.52026 0.6795098 1.435238 4.006768 1.52026 0.6795098 1.435238 4.006768 1.34498 4.006768 1.599569 0.5270256 1.520248 0.6063469 1.599569 4.006768 1.435226 0.5270256 1.520248 4.006768 1.599569 1.419656 1.346603 1.672751 1.435226 1.52026 1.599569 0.6063469 1.599569 0.5270256 1.520248 0.4419975 3.499997 0.4419975 3.499997 0.6063469 3.499997 0.6063469 1.599569 1.52026 3.499997 1.435238 1.672738 1.52026 1.599569 -0.3280647 0.6876677 0.6063469 1.52026 0.4419975 1.672751 -0.2987251 0.6570585 0.7461235 1.34498 0.6063469 1.52026 1.34498 3.499997 1.34498 1.739352 1.52026 3.499997 1.52026 3.499997 1.34498 1.739352 1.435238 1.672738 -0.2987251 0.6570585 0.6063469 1.52026 -0.3280647 0.6876677 -0.362159 3.499997 -0.362159 3.249997 -0.3280647 3.499997 -0.3280647 0.6876677 0.4419975 1.672751 -0.362159 0.7128813 -0.3280647 3.499997 -0.362159 3.249997 -0.3280647 3.249997 0.6876677 3.499997 0.6876677 3.249997 0.6570585 3.499997 -0.362159 3.499997 -0.4000191 3.249997 -0.362159 3.249997 -0.4000191 0.7319731 0.00888592 1.644717 -0.362159 0.7128813 -0.362159 0.7128813 0.1904472 1.546457 -0.3280647 0.6876677 -0.362159 0.7128813 0.00888592 1.644717 0.1904472 1.546457 1.34498 3.499997 1.250003 1.799032 1.34498 1.739352 4.006768 1.34498 0.7461235 1.34498 0.8058037 1.250003 4.006768 1.34498 0.6795098 1.435238 0.7461235 1.34498 1.150827 1.851449 1.250003 1.799032 1.34498 3.499997 4.006768 1.150827 0.8058037 1.250003 0.8582146 1.150827 4.006768 1.34498 0.8058037 1.250003 4.006768 1.150827 1.34498 3.499997 1.150827 3.499997 1.150827 1.851449 1.150827 3.499997 1.048013 1.89631 1.150827 1.851449 4.006768 1.150827 0.8582146 1.150827 0.9030754 1.048013 -0.362159 0.7128813 0.4419975 1.672751 0.2567619 1.799039 0.4419975 3.499997 0.4419975 1.435226 0.2567619 3.499997 0.4419975 3.499997 0.5270256 1.520248 0.4419975 1.435226 4.006768 1.435226 0.4419975 1.435226 0.5270256 1.520248 0.2567619 3.499997 0.4419975 1.435226 0.3517448 1.34498 4.006768 1.435226 0.3517448 1.34498 0.4419975 1.435226 0.2567619 3.499997 0.3517448 1.34498 0.2567619 1.249984 4.006768 1.249984 0.2567619 1.249984 0.3517448 1.34498 4.006768 1.249984 0.3517448 1.34498 4.006768 1.435226 1.799039 1.249984 1.672751 1.435226 1.419656 1.346603 1.094937 1.599337 1.34498 1.739352 1.150827 1.851449 4.006768 1.419656 0.4264214 1.346603 0.3533684 1.419656 0.3533684 3.249997 0.3533684 1.346603 0.4264214 1.41965 -0.3280647 0.6876677 0.1904472 1.546457 0.3533684 1.419656 0.1904472 3.249997 0.2745354 1.267758 0.3533684 3.249997 0.3533684 3.249997 0.2745354 1.267758 0.3533684 1.346603 0.9421355 3.499997 0.9421355 1.933358 1.150827 3.499997 1.150827 3.499997 0.9421355 1.933358 1.048013 1.89631 -0.2749825 0.6219267 0.6061089 1.094937 -0.2575142 0.5832853 0.7057463 3.249997 0.8068571 1.711752 0.7057463 1.732943 0.2942594 1.732943 0.2764372 1.983248 0.09412515 1.682272 -0.2677645 3.249997 -0.2677645 1.486422 -0.4196566 3.249997 -0.4196566 1.346603 -0.5202608 1.599569 -0.672745 1.435226 -0.5249885 3.499997 -0.5249885 3.249997 -0.5664437 3.499997 -0.3900093 0.6032192 4.006768 0.3967739 -0.3900093 0.3967739 -0.3900093 0.3967739 -0.493232 0.4999966 -0.3900093 0.6032192 -0.6418953 0.2989958 -1.176917 -0.5464571 -0.6737251 0.327017 -0.6737251 3.499997 -0.6418953 3.249997 -0.6737251 3.249997 -0.6418953 0.2989958 -0.995356 -0.6447176 -1.176917 -0.5464571 -0.6057869 0.2767729 -0.995356 -0.6447176 -0.6418953 0.2989958 -0.6737251 0.327017 -1.339838 -0.4196566 -0.7003609 0.3600126 0.3600126 3.499997 0.327017 3.249997 0.3600126 3.249997 -0.6737251 0.327017 -1.176917 -0.5464571 -1.339838 -0.4196566 0.327017 3.499997 0.327017 3.249997 0.3600126 3.499997 -0.6057869 0.2767729 -0.8000923 -0.7117465 -0.995356 -0.6447176 -0.7003609 0.3600126 -1.732594 -0.3449801 -0.6737251 0.327017 -0.6418953 0.2989958 -1.428467 -0.672745 -0.6737251 0.327017 0.327017 -2.250003 0.327017 -2.500003 0.3600126 -2.250003 -0.6737251 -2.250003 -0.6418953 -2.500003 -0.6737251 -2.500003 0.3600126 -2.250003 0.327017 -2.500003 0.3600126 -2.500003 -0.7003609 0.3600126 -1.844685 -0.1508272 -1.732594 -0.3449801 -0.7003609 0.3600126 -1.339838 -0.4196566 -1.479664 -0.2677645 -0.6057869 0.7232329 -1.041248 1.896316 -1.243232 1.799039 -0.6737251 0.6729887 -1.479664 1.267764 -1.339838 1.419656 -0.4826241 0.749777 -0.3811348 1.995804 -0.5249885 0.7479765 -0.5249885 3.499997 -0.5249885 3.249997 -0.4826241 3.499997 -0.2696724 0.7235562 -0.3811348 3.499997 -0.1594551 0.8337857 -0.3811348 3.499997 -0.1594551 3.499997 -0.1594551 0.8337857 -0.4826241 0.749777 -0.1594551 1.962393 -0.3811348 1.995804 -0.3811348 0.6120938 -0.3811348 3.499997 -0.2696724 0.7235562 4.006768 0.8337857 -0.2696724 0.7235562 -0.1594551 0.8337857 4.006768 0.6120938 -0.3811348 0.6120938 -0.2696724 0.7235562 4.006768 0.6120938 -0.2696724 0.7235562 4.006768 0.8337857 -0.1594551 3.499997 -0.05109941 0.9421352 -0.1594551 0.8337857 4.006768 0.8337857 -0.1594551 0.8337857 -0.05109941 0.9421352 -0.4826241 0.749777 -0.1863777 1.711752 -0.3900093 1.74573 -0.1863777 -2.250003 -0.1863777 0.1931362 -0.3900093 -2.250003 -0.1863777 -2.250003 -0.08736038 0.09412497 -0.1863777 0.1931362 4.006768 0.1931362 -0.1863777 0.1931362 -0.08736038 0.09412497 -0.3900093 -2.250003 -0.1863777 0.1931362 -0.2874886 0.294247 4.006768 0.1931362 -0.2874886 0.294247 -0.1863777 0.1931362 -0.1863777 3.249997 -0.08736038 0.9058682 0.00888592 3.249997 -0.4000191 0.7319731 -0.1863777 1.711752 0.00888592 1.644717 4.006768 1.249984 0.1575859 1.150814 0.2567619 1.249984 -0.4405648 0.7443876 -0.1594551 1.962393 -0.4826241 0.749777 -1.176917 3.249997 -1.176917 -2.250003 -0.995356 3.249997 0.6399992 -2.250003 0.6029753 -2.500003 0.6399992 -2.500003 1.094937 3.249997 1.094937 -2.250003 1.267764 3.249997 0.09412515 3.249997 0.09412515 -2.250003 0.2942594 3.249997 -1.176917 3.249997 -1.176917 -2.250003 -1.339838 3.249997 -0.5664437 -2.250003 -0.5249885 -2.500003 -0.5664437 -2.500003 -0.4826241 0.2502226 -0.3811348 -0.9958041 -0.5249885 0.2520231 -0.4405648 0.255612 -0.1594551 -0.9623934 -0.4826241 0.2502226 -0.4826241 0.2502226 -0.1594551 -0.9623934 -0.3811348 -0.9958041 -0.4405648 0.255612 0.05477827 -0.8963045 -0.1594551 -0.9623934 4.006768 0.3967739 -0.2874886 0.294247 -0.3900093 0.3967739 0.00888592 -2.250003 -0.08736038 0.09412497 0.00888592 -0.002127468 0.05477827 -2.500003 0.05477827 -0.0480259 -0.1594551 -2.500003 -0.5464571 -0.1836948 -0.7990389 -0.2500035 -0.4196566 -0.3466099 -0.09493732 -0.5993564 -0.3449801 -0.7393589 -0.1508272 -0.8514561 0.09412515 -2.250003 0.1931486 -0.7117589 0.2942594 -2.250003 -0.2468269 0.4577482 0.6890373 0.09412515 0.7397148 0.2942594</float_array>
          <technique_common>
            <accessor source="#Rover_Complete_STL_017-mesh-map-0-array" count="3300" stride="2">
              <param name="S" type="float"/>
              <param name="T" type="float"/>
            </accessor>
          </technique_common>
        </source>
        <vertices id="Rover_Complete_STL_017-mesh-vertices">
          <input semantic="POSITION" source="#Rover_Complete_STL_017-mesh-positions"/>
        </vertices>
        <triangles material="Steel_Glossy-material" count="1100">
          <input semantic="VERTEX" source="#Rover_Complete_STL_017-mesh-vertices" offset="0"/>
          <input semantic="NORMAL" source="#Rover_Complete_STL_017-mesh-normals" offset="1"/>
          <input semantic="TEXCOORD" source="#Rover_Complete_STL_017-mesh-map-0" offset="2" set="0"/>
          <p>1 0 0 5 0 1 0 0 2 0 1 3 2 1 4 1 1 5 0 2 6 4 2 7 2 2 8 0 3 9 6 3 10 3 3 11 3 4 12 4 4 13 0 4 14 0 5 15 5 5 16 6 5 17 6 6 18 7 6 19 8 6 20 6 7 21 9 7 22 7 7 23 3 8 24 6 8 25 8 8 26 5 9 27 9 9 28 6 9 29 5 10 30 11 10 31 9 10 32 10 11 33 9 11 34 11 11 35 10 12 36 7 12 37 9 12 38 11 13 39 12 13 40 13 13 41 5 14 42 12 14 43 11 14 44 13 15 45 10 15 46 11 15 47 13 16 48 17 16 49 14 16 50 14 17 51 16 17 52 13 17 53 13 18 54 15 18 55 10 18 56 13 19 57 16 19 58 15 19 59 13 20 60 12 20 61 17 20 62 18 21 63 17 21 64 12 21 65 18 22 66 19 22 67 17 22 68 14 23 69 17 23 70 19 23 71 20 24 72 19 24 73 18 24 74 14 25 75 19 25 76 21 25 77 20 26 78 21 26 79 19 26 80 21 27 81 22 27 82 23 27 83 20 28 84 22 28 85 21 28 86 23 29 87 14 29 88 21 29 89 23 30 90 25 30 91 14 30 92 23 31 93 22 31 94 24 31 95 23 32 96 24 32 97 26 32 98 23 33 99 27 33 100 25 33 101 26 34 102 27 34 103 23 34 104 27 35 105 28 35 106 29 35 107 27 36 108 30 36 109 28 36 110 27 37 111 29 37 112 25 37 113 31 38 114 30 38 115 27 38 116 26 39 117 31 39 118 27 39 119 32 40 120 31 40 121 26 40 122 32 41 123 34 41 124 31 41 125 31 42 126 33 42 127 30 42 128 31 43 129 34 43 130 33 43 131 35 44 132 34 44 133 36 44 134 35 45 135 33 45 136 34 45 137 32 46 138 36 46 139 34 46 140 36 47 141 38 47 142 37 47 143 37 48 144 35 48 145 36 48 146 32 49 147 38 49 148 36 49 149 37 50 150 38 50 151 39 50 152 40 51 153 39 51 154 38 51 155 40 52 156 38 52 157 32 52 158 43 53 159 40 53 160 32 53 161 42 54 162 41 54 163 40 54 164 41 55 165 44 55 166 40 55 167 42 56 168 40 56 169 43 56 170 40 57 171 44 57 172 39 57 173 45 58 174 44 58 175 46 58 176 45 59 177 39 59 178 44 59 179 41 60 180 46 60 181 44 60 182 48 61 183 47 61 184 46 61 185 47 62 186 45 62 187 46 62 188 41 63 189 48 63 190 46 63 191 49 64 192 47 64 193 48 64 194 50 65 195 49 65 196 48 65 197 50 66 198 48 66 199 41 66 200 53 67 201 50 67 202 41 67 203 52 68 204 51 68 205 50 68 206 51 69 207 49 69 208 50 69 209 52 70 210 50 70 211 53 70 212 53 71 213 56 71 214 52 71 215 53 72 216 41 72 217 42 72 218 53 73 219 42 73 220 54 73 221 54 74 222 55 74 223 53 74 224 53 75 225 55 75 226 56 75 227 52 76 228 56 76 229 57 76 230 58 77 231 57 77 232 56 77 233 58 78 234 56 78 235 55 78 236 60 79 237 58 79 238 59 79 239 58 80 240 55 80 241 59 80 242 61 81 243 58 81 244 60 81 245 61 82 246 62 82 247 58 82 248 62 83 249 57 83 250 58 83 251 62 84 252 65 84 253 57 84 254 66 85 255 63 85 256 62 85 257 63 86 258 64 86 259 62 86 260 62 87 261 64 87 262 65 87 263 66 88 264 62 88 265 61 88 266 61 89 267 67 89 268 66 89 269 66 90 270 67 90 271 68 90 272 66 91 273 68 91 274 69 91 275 69 92 276 63 92 277 66 92 278 69 93 279 70 93 280 71 93 281 69 94 282 68 94 283 70 94 284 71 95 285 72 95 286 69 95 287 69 96 288 72 96 289 63 96 290 71 97 291 75 97 292 72 97 293 73 98 294 72 98 295 74 98 296 73 99 297 63 99 298 72 99 299 74 100 300 72 100 301 75 100 302 74 101 303 75 101 304 76 101 305 76 102 306 75 102 307 77 102 308 78 103 309 77 103 310 75 103 311 78 104 312 75 104 313 71 104 314 71 105 315 79 105 316 78 105 317 78 106 318 79 106 319 80 106 320 78 107 321 80 107 322 81 107 323 81 108 324 77 108 325 78 108 326 81 109 327 80 109 328 82 109 329 81 110 330 82 110 331 83 110 332 83 111 333 84 111 334 81 111 335 81 112 336 84 112 337 77 112 338 83 113 339 87 113 340 84 113 341 85 114 342 77 114 343 84 114 344 85 115 345 84 115 346 86 115 347 86 116 348 84 116 349 87 116 350 88 117 351 87 117 352 83 117 353 88 118 354 90 118 355 87 118 356 86 119 357 87 119 358 89 119 359 89 120 360 87 120 361 90 120 362 89 121 363 90 121 364 91 121 365 91 122 366 90 122 367 92 122 368 93 123 369 92 123 370 90 123 371 93 124 372 90 124 373 88 124 374 88 125 375 94 125 376 93 125 377 93 126 378 94 126 379 95 126 380 93 127 381 95 127 382 96 127 383 96 128 384 92 128 385 93 128 386 96 129 387 95 129 388 97 129 389 96 130 390 97 130 391 98 130 392 98 131 393 99 131 394 96 131 395 96 132 396 99 132 397 92 132 398 98 133 399 102 133 400 99 133 401 100 134 402 92 134 403 99 134 404 100 135 405 99 135 406 101 135 407 101 136 408 99 136 409 102 136 410 103 137 411 102 137 412 98 137 413 103 138 414 105 138 415 102 138 416 101 139 417 102 139 418 104 139 419 104 140 420 102 140 421 105 140 422 104 141 423 105 141 424 106 141 425 106 142 426 105 142 427 107 142 428 107 143 429 105 143 430 103 143 431 106 144 432 107 144 433 108 144 434 110 145 435 107 145 436 103 145 437 108 146 438 107 146 439 109 146 440 110 147 441 109 147 442 107 147 443 103 148 444 111 148 445 110 148 446 110 149 447 111 149 448 112 149 449 110 150 450 112 150 451 113 150 452 113 151 453 109 151 454 110 151 455 113 152 456 112 152 457 114 152 458 113 153 459 114 153 460 115 153 461 115 154 462 116 154 463 113 154 464 113 155 465 116 155 466 109 155 467 115 156 468 119 156 469 116 156 470 117 157 471 109 157 472 116 157 473 117 158 474 116 158 475 118 158 476 118 159 477 116 159 478 119 159 479 118 160 480 119 160 481 120 160 482 122 161 483 119 161 484 115 161 485 120 162 486 119 162 487 121 162 488 122 163 489 121 163 490 119 163 491 115 164 492 123 164 493 122 164 494 122 165 495 123 165 496 124 165 497 122 166 498 124 166 499 125 166 500 125 167 501 121 167 502 122 167 503 125 168 504 124 168 505 126 168 506 125 169 507 126 169 508 127 169 509 127 170 510 128 170 511 125 170 512 125 171 513 128 171 514 121 171 515 129 172 516 121 172 517 128 172 518 129 173 519 128 173 520 130 173 521 130 174 522 128 174 523 131 174 524 127 175 525 131 175 526 128 175 527 133 176 528 132 176 529 131 176 530 134 177 531 131 177 532 132 177 533 133 178 534 131 178 535 127 178 536 130 179 537 131 179 538 134 179 539 134 180 540 132 180 541 136 180 542 138 181 543 134 181 544 135 181 545 135 182 546 134 182 547 136 182 548 137 183 549 130 183 550 134 183 551 137 184 552 134 184 553 138 184 554 139 185 555 138 185 556 141 185 557 140 186 558 138 186 559 139 186 560 140 187 561 137 187 562 138 187 563 138 188 564 135 188 565 141 188 566 141 189 567 143 189 568 142 189 569 144 190 570 141 190 571 142 190 572 141 191 573 135 191 574 143 191 575 139 192 576 141 192 577 144 192 578 144 193 579 145 193 580 147 193 581 146 194 582 145 194 583 144 194 584 144 195 585 142 195 586 146 195 587 144 196 588 147 196 589 139 196 590 139 197 591 147 197 592 148 197 593 147 198 594 151 198 595 148 198 596 149 199 597 150 199 598 147 199 599 147 200 600 145 200 601 149 200 602 147 201 603 150 201 604 151 201 605 148 202 606 151 202 607 152 202 608 153 203 609 151 203 610 150 203 611 153 204 612 152 204 613 151 204 614 153 205 615 150 205 616 154 205 617 157 206 618 153 206 619 154 206 620 155 207 621 152 207 622 153 207 623 156 208 624 155 208 625 153 208 626 156 209 627 153 209 628 157 209 629 157 210 630 161 210 631 156 210 632 157 211 633 158 211 634 159 211 635 157 212 636 154 212 637 158 212 638 159 213 639 160 213 640 157 213 641 157 214 642 160 214 643 161 214 644 156 215 645 161 215 646 163 215 647 162 216 648 161 216 649 160 216 650 162 217 651 163 217 652 161 217 653 156 218 654 163 218 655 165 218 656 164 219 657 163 219 658 162 219 659 164 220 660 165 220 661 163 220 662 167 221 663 156 221 664 165 221 665 166 222 666 167 222 667 165 222 668 164 223 669 166 223 670 165 223 671 167 224 672 168 224 673 155 224 674 169 225 675 168 225 676 167 225 677 170 226 678 169 226 679 167 226 680 167 227 681 155 227 682 156 227 683 170 228 684 167 228 685 166 228 686 143 229 687 170 229 688 166 229 689 143 230 690 171 230 691 170 230 692 171 231 693 169 231 694 170 231 695 135 232 696 171 232 697 143 232 698 135 233 699 172 233 700 171 233 701 171 234 702 172 234 703 169 234 704 169 235 705 172 235 706 173 235 707 172 236 708 136 236 709 173 236 710 136 237 711 172 237 712 135 237 713 136 238 714 132 238 715 173 238 716 132 239 717 174 239 718 173 239 719 174 240 720 175 240 721 173 240 722 176 241 723 173 241 724 175 241 725 169 242 726 173 242 727 176 242 728 176 243 729 177 243 730 179 243 731 178 244 732 177 244 733 176 244 734 176 245 735 175 245 736 178 245 737 176 246 738 179 246 739 169 246 740 181 247 741 180 247 742 179 247 743 179 248 744 180 248 745 168 248 746 181 249 747 179 249 748 182 249 749 182 250 750 179 250 751 183 250 752 169 251 753 179 251 754 168 251 755 179 252 756 177 252 757 183 252 758 184 253 759 183 253 760 185 253 761 184 254 762 182 254 763 183 254 764 177 255 765 185 255 766 183 255 767 184 256 768 185 256 769 187 256 770 177 257 771 186 257 772 185 257 773 187 258 774 185 258 775 186 258 776 188 259 777 187 259 778 189 259 779 188 260 780 184 260 781 187 260 782 189 261 783 187 261 784 190 261 785 187 262 786 191 262 787 190 262 788 187 263 789 186 263 790 191 263 791 192 264 792 191 264 793 193 264 794 190 265 795 191 265 796 192 265 797 193 266 798 191 266 799 186 266 800 193 267 801 194 267 802 192 267 803 178 268 804 193 268 805 177 268 806 193 269 807 186 269 808 177 269 809 195 270 810 194 270 811 193 270 812 195 271 813 193 271 814 178 271 815 195 272 816 197 272 817 196 272 818 196 273 819 194 273 820 195 273 821 178 274 822 198 274 823 195 274 824 195 275 825 199 275 826 197 275 827 195 276 828 198 276 829 199 276 830 199 277 831 198 277 832 200 277 833 201 278 834 197 278 835 199 278 836 200 279 837 201 279 838 199 279 839 202 280 840 201 280 841 203 280 842 202 281 843 204 281 844 201 281 845 203 282 846 201 282 847 200 282 848 204 283 849 205 283 850 201 283 851 201 284 852 205 284 853 197 284 854 196 285 855 197 285 856 205 285 857 196 286 858 205 286 859 206 286 860 204 287 861 206 287 862 205 287 863 207 288 864 206 288 865 208 288 866 196 289 867 206 289 868 207 289 869 208 290 870 206 290 871 204 290 872 207 291 873 208 291 874 210 291 875 204 292 876 209 292 877 208 292 878 209 293 879 210 293 880 208 293 881 211 294 882 210 294 883 212 294 884 207 295 885 210 295 886 211 295 887 209 296 888 212 296 889 210 296 890 211 297 891 212 297 892 214 297 893 213 298 894 212 298 895 209 298 896 213 299 897 214 299 898 212 299 899 211 300 900 214 300 901 215 300 902 216 301 903 214 301 904 213 301 905 215 302 906 214 302 907 216 302 908 213 303 909 217 303 910 216 303 911 215 304 912 216 304 913 218 304 914 217 305 915 218 305 916 216 305 917 219 306 918 218 306 919 220 306 920 215 307 921 218 307 922 219 307 923 217 308 924 220 308 925 218 308 926 221 309 927 220 309 928 217 309 929 221 310 930 222 310 931 220 310 932 219 311 933 220 311 934 222 311 935 224 312 936 222 312 937 221 312 938 223 313 939 222 313 940 224 313 941 219 314 942 222 314 943 223 314 944 221 315 945 8 315 946 224 315 947 223 316 948 224 316 949 225 316 950 8 317 951 225 317 952 224 317 953 223 318 954 225 318 955 226 318 956 8 319 957 7 319 958 225 319 959 226 320 960 225 320 961 7 320 962 226 321 963 227 321 964 228 321 965 10 322 966 227 322 967 226 322 968 226 323 969 228 323 970 223 323 971 226 324 972 7 324 973 10 324 974 223 325 975 228 325 976 229 325 977 228 326 978 230 326 979 229 326 980 227 327 981 231 327 982 228 327 983 228 328 984 231 328 985 230 328 986 232 329 987 231 329 988 233 329 989 232 330 990 230 330 991 231 330 992 227 331 993 233 331 994 231 331 995 233 332 996 235 332 997 234 332 998 234 333 999 232 333 1000 233 333 1001 227 334 1002 235 334 1003 233 334 1004 234 335 1005 235 335 1006 236 335 1007 15 336 1008 236 336 1009 235 336 1010 15 337 1011 235 337 1012 227 337 1013 234 338 1014 236 338 1015 237 338 1016 237 339 1017 236 339 1018 238 339 1019 15 340 1020 238 340 1021 236 340 1022 237 341 1023 238 341 1024 239 341 1025 16 342 1026 239 342 1027 238 342 1028 16 343 1029 238 343 1030 15 343 1031 239 344 1032 241 344 1033 240 344 1034 240 345 1035 237 345 1036 239 345 1037 16 346 1038 241 346 1039 239 346 1040 240 347 1041 241 347 1042 242 347 1043 25 348 1044 242 348 1045 241 348 1046 25 349 1047 241 349 1048 16 349 1049 25 350 1050 29 350 1051 242 350 1052 243 351 1053 242 351 1054 29 351 1055 240 352 1056 242 352 1057 243 352 1058 244 353 1059 243 353 1060 246 353 1061 244 354 1062 240 354 1063 243 354 1064 246 355 1065 243 355 1066 245 355 1067 245 356 1068 243 356 1069 28 356 1070 243 357 1071 29 357 1072 28 357 1073 247 358 1074 244 358 1075 246 358 1076 247 359 1077 246 359 1078 248 359 1079 248 360 1080 246 360 1081 249 360 1082 246 361 1083 245 361 1084 249 361 1085 248 362 1086 249 362 1087 60 362 1088 60 363 1089 249 363 1090 250 363 1091 249 364 1092 35 364 1093 250 364 1094 249 365 1095 245 365 1096 35 365 1097 60 366 1098 250 366 1099 61 366 1100 61 367 1101 250 367 1102 67 367 1103 250 368 1104 37 368 1105 67 368 1106 250 369 1107 35 369 1108 37 369 1109 60 370 1110 59 370 1111 248 370 1112 248 371 1113 59 371 1114 251 371 1115 248 372 1116 251 372 1117 247 372 1118 247 373 1119 251 373 1120 252 373 1121 251 374 1122 253 374 1123 252 374 1124 251 375 1125 255 375 1126 253 375 1127 59 376 1128 254 376 1129 251 376 1130 251 377 1131 254 377 1132 255 377 1133 43 378 1134 253 378 1135 255 378 1136 42 379 1137 255 379 1138 254 379 1139 43 380 1140 255 380 1141 42 380 1142 59 381 1143 54 381 1144 254 381 1145 42 382 1146 254 382 1147 54 382 1148 256 383 1149 253 383 1150 43 383 1151 252 384 1152 253 384 1153 256 384 1154 252 385 1155 256 385 1156 257 385 1157 26 386 1158 257 386 1159 256 386 1160 43 387 1161 26 387 1162 256 387 1163 258 388 1164 257 388 1165 24 388 1166 252 389 1167 257 389 1168 258 389 1169 26 390 1170 24 390 1171 257 390 1172 258 391 1173 24 391 1174 22 391 1175 258 392 1176 22 392 1177 20 392 1178 260 393 1179 252 393 1180 258 393 1181 259 394 1182 258 394 1183 20 394 1184 260 395 1185 258 395 1186 259 395 1187 259 396 1188 261 396 1189 260 396 1190 260 397 1191 261 397 1192 244 397 1193 260 398 1194 244 398 1195 247 398 1196 247 399 1197 252 399 1198 260 399 1199 262 400 1200 234 400 1201 261 400 1202 259 401 1203 262 401 1204 261 401 1205 261 402 1206 240 402 1207 244 402 1208 261 403 1209 237 403 1210 240 403 1211 261 404 1212 234 404 1213 237 404 1214 263 405 1215 262 405 1216 259 405 1217 263 406 1218 264 406 1219 262 406 1220 262 407 1221 232 407 1222 234 407 1223 264 408 1224 232 408 1225 262 408 1226 2 409 1227 265 409 1228 264 409 1229 1 410 1230 2 410 1231 264 410 1232 1 411 1233 264 411 1234 263 411 1235 264 412 1236 265 412 1237 232 412 1238 2 413 1239 266 413 1240 265 413 1241 266 414 1242 267 414 1243 265 414 1244 265 415 1245 267 415 1246 230 415 1247 265 416 1248 230 416 1249 232 416 1250 266 417 1251 268 417 1252 267 417 1253 229 418 1254 230 418 1255 267 418 1256 229 419 1257 267 419 1258 268 419 1259 266 420 1260 269 420 1261 268 420 1262 268 421 1263 269 421 1264 270 421 1265 270 422 1266 229 422 1267 268 422 1268 219 423 1269 229 423 1270 270 423 1271 219 424 1272 270 424 1273 215 424 1274 215 425 1275 270 425 1276 272 425 1277 270 426 1278 271 426 1279 272 426 1280 270 427 1281 269 427 1282 271 427 1283 272 428 1284 273 428 1285 274 428 1286 272 429 1287 271 429 1288 273 429 1289 275 430 1290 272 430 1291 274 430 1292 211 431 1293 272 431 1294 275 431 1295 215 432 1296 272 432 1297 211 432 1298 275 433 1299 276 433 1300 278 433 1301 275 434 1302 277 434 1303 276 434 1304 274 435 1305 277 435 1306 275 435 1307 211 436 1308 275 436 1309 278 436 1310 278 437 1311 276 437 1312 281 437 1313 278 438 1314 281 438 1315 279 438 1316 280 439 1317 278 439 1318 279 439 1319 207 440 1320 278 440 1321 280 440 1322 211 441 1323 278 441 1324 207 441 1325 282 442 1326 281 442 1327 276 442 1328 283 443 1329 281 443 1330 282 443 1331 283 444 1332 279 444 1333 281 444 1334 286 445 1335 283 445 1336 282 445 1337 286 446 1338 284 446 1339 283 446 1340 284 447 1341 285 447 1342 283 447 1343 283 448 1344 285 448 1345 279 448 1346 287 449 1347 284 449 1348 286 449 1349 288 450 1350 287 450 1351 286 450 1352 288 451 1353 286 451 1354 289 451 1355 289 452 1356 286 452 1357 290 452 1358 286 453 1359 282 453 1360 290 453 1361 289 454 1362 290 454 1363 291 454 1364 291 455 1365 290 455 1366 292 455 1367 290 456 1368 293 456 1369 292 456 1370 290 457 1371 282 457 1372 293 457 1373 293 458 1374 274 458 1375 273 458 1376 293 459 1377 273 459 1378 294 459 1379 282 460 1380 277 460 1381 293 460 1382 293 461 1383 277 461 1384 274 461 1385 292 462 1386 293 462 1387 294 462 1388 4 463 1389 294 463 1390 266 463 1391 294 464 1392 269 464 1393 266 464 1394 292 465 1395 294 465 1396 4 465 1397 294 466 1398 271 466 1399 269 466 1400 294 467 1401 273 467 1402 271 467 1403 291 468 1404 292 468 1405 3 468 1406 3 469 1407 292 469 1408 4 469 1409 291 470 1410 221 470 1411 289 470 1412 3 471 1413 8 471 1414 291 471 1415 291 472 1416 8 472 1417 221 472 1418 289 473 1419 221 473 1420 217 473 1421 289 474 1422 217 474 1423 288 474 1424 288 475 1425 213 475 1426 295 475 1427 295 476 1428 287 476 1429 288 476 1430 288 477 1431 217 477 1432 213 477 1433 295 478 1434 209 478 1435 296 478 1436 296 479 1437 189 479 1438 295 479 1439 295 480 1440 189 480 1441 287 480 1442 295 481 1443 213 481 1444 209 481 1445 296 482 1446 204 482 1447 202 482 1448 202 483 1449 188 483 1450 296 483 1451 296 484 1452 188 484 1453 189 484 1454 296 485 1455 209 485 1456 204 485 1457 189 486 1458 190 486 1459 287 486 1460 287 487 1461 190 487 1462 284 487 1463 284 488 1464 297 488 1465 285 488 1466 279 489 1467 285 489 1468 280 489 1469 280 490 1470 285 490 1471 297 490 1472 284 491 1473 298 491 1474 297 491 1475 194 492 1476 297 492 1477 298 492 1478 280 493 1479 297 493 1480 194 493 1481 190 494 1482 298 494 1483 284 494 1484 190 495 1485 192 495 1486 298 495 1487 194 496 1488 298 496 1489 192 496 1490 282 497 1491 276 497 1492 277 497 1493 196 498 1494 280 498 1495 194 498 1496 207 499 1497 280 499 1498 196 499 1499 4 500 1500 266 500 1501 2 500 1502 259 501 1503 20 501 1504 263 501 1505 263 502 1506 20 502 1507 18 502 1508 263 503 1509 18 503 1510 1 503 1511 245 504 1512 33 504 1513 35 504 1514 28 505 1515 30 505 1516 245 505 1517 245 506 1518 30 506 1519 33 506 1520 223 507 1521 229 507 1522 219 507 1523 10 508 1524 15 508 1525 227 508 1526 203 509 1527 200 509 1528 299 509 1529 299 510 1530 300 510 1531 203 510 1532 203 511 1533 300 511 1534 301 511 1535 203 512 1536 301 512 1537 202 512 1538 300 513 1539 302 513 1540 301 513 1541 202 514 1542 301 514 1543 188 514 1544 301 515 1545 184 515 1546 188 515 1547 301 516 1548 302 516 1549 184 516 1550 302 517 1551 182 517 1552 184 517 1553 302 518 1554 181 518 1555 182 518 1556 300 519 1557 303 519 1558 302 519 1559 303 520 1560 304 520 1561 302 520 1562 302 521 1563 304 521 1564 181 521 1565 304 522 1566 180 522 1567 181 522 1568 304 523 1569 305 523 1570 180 523 1571 303 524 1572 305 524 1573 304 524 1574 309 525 1575 306 525 1576 305 525 1577 180 526 1578 305 526 1579 306 526 1580 307 527 1581 305 527 1582 303 527 1583 307 528 1584 308 528 1585 305 528 1586 305 529 1587 308 529 1588 310 529 1589 309 530 1590 305 530 1591 310 530 1592 310 531 1593 311 531 1594 312 531 1595 310 532 1596 308 532 1597 311 532 1598 310 533 1599 314 533 1600 309 533 1601 312 534 1602 313 534 1603 310 534 1604 310 535 1605 313 535 1606 314 535 1607 313 536 1608 129 536 1609 314 536 1610 309 537 1611 314 537 1612 137 537 1613 314 538 1614 130 538 1615 137 538 1616 314 539 1617 129 539 1618 130 539 1619 315 540 1620 120 540 1621 313 540 1622 312 541 1623 315 541 1624 313 541 1625 313 542 1626 120 542 1627 129 542 1628 316 543 1629 118 543 1630 315 543 1631 317 544 1632 316 544 1633 315 544 1634 315 545 1635 118 545 1636 120 545 1637 317 546 1638 315 546 1639 312 546 1640 317 547 1641 318 547 1642 320 547 1643 317 548 1644 319 548 1645 318 548 1646 312 549 1647 319 549 1648 317 549 1649 320 550 1650 316 550 1651 317 550 1652 320 551 1653 321 551 1654 322 551 1655 320 552 1656 318 552 1657 321 552 1658 322 553 1659 323 553 1660 320 553 1661 320 554 1662 323 554 1663 316 554 1664 322 555 1665 324 555 1666 323 555 1667 324 556 1668 108 556 1669 323 556 1670 323 557 1671 117 557 1672 316 557 1673 323 558 1674 108 558 1675 117 558 1676 325 559 1677 324 559 1678 322 559 1679 324 560 1680 106 560 1681 108 560 1682 326 561 1683 106 561 1684 324 561 1685 325 562 1686 326 562 1687 324 562 1688 327 563 1689 326 563 1690 325 563 1691 327 564 1692 328 564 1693 326 564 1694 328 565 1695 104 565 1696 326 565 1697 326 566 1698 104 566 1699 106 566 1700 329 567 1701 328 567 1702 327 567 1703 329 568 1704 330 568 1705 328 568 1706 330 569 1707 101 569 1708 328 569 1709 328 570 1710 101 570 1711 104 570 1712 331 571 1713 330 571 1714 329 571 1715 331 572 1716 332 572 1717 330 572 1718 332 573 1719 91 573 1720 330 573 1721 91 574 1722 100 574 1723 330 574 1724 330 575 1725 100 575 1726 101 575 1727 333 576 1728 332 576 1729 331 576 1730 333 577 1731 334 577 1732 332 577 1733 334 578 1734 89 578 1735 332 578 1736 332 579 1737 89 579 1738 91 579 1739 335 580 1740 86 580 1741 334 580 1742 336 581 1743 335 581 1744 334 581 1745 336 582 1746 334 582 1747 333 582 1748 334 583 1749 86 583 1750 89 583 1751 333 584 1752 339 584 1753 336 584 1754 336 585 1755 337 585 1756 338 585 1757 336 586 1758 339 586 1759 337 586 1760 338 587 1761 335 587 1762 336 587 1763 340 588 1764 337 588 1765 339 588 1766 340 589 1767 339 589 1768 341 589 1769 341 590 1770 339 590 1771 342 590 1772 333 591 1773 342 591 1774 339 591 1775 341 592 1776 342 592 1777 343 592 1778 343 593 1779 342 593 1780 344 593 1781 331 594 1782 344 594 1783 342 594 1784 331 595 1785 342 595 1786 333 595 1787 345 596 1788 344 596 1789 346 596 1790 343 597 1791 344 597 1792 345 597 1793 329 598 1794 346 598 1795 344 598 1796 329 599 1797 344 599 1798 331 599 1799 345 600 1800 346 600 1801 347 600 1802 347 601 1803 346 601 1804 348 601 1805 329 602 1806 348 602 1807 346 602 1808 347 603 1809 348 603 1810 349 603 1811 349 604 1812 348 604 1813 350 604 1814 327 605 1815 350 605 1816 348 605 1817 327 606 1818 348 606 1819 329 606 1820 349 607 1821 350 607 1822 351 607 1823 351 608 1824 350 608 1825 352 608 1826 325 609 1827 352 609 1828 350 609 1829 325 610 1830 350 610 1831 327 610 1832 353 611 1833 352 611 1834 321 611 1835 351 612 1836 352 612 1837 353 612 1838 322 613 1839 321 613 1840 352 613 1841 322 614 1842 352 614 1843 325 614 1844 353 615 1845 321 615 1846 354 615 1847 124 616 1848 353 616 1849 354 616 1850 123 617 1851 353 617 1852 124 617 1853 123 618 1854 351 618 1855 353 618 1856 354 619 1857 321 619 1858 318 619 1859 354 620 1860 318 620 1861 355 620 1862 126 621 1863 354 621 1864 355 621 1865 124 622 1866 354 622 1867 126 622 1868 355 623 1869 318 623 1870 319 623 1871 355 624 1872 319 624 1873 356 624 1874 355 625 1875 356 625 1876 357 625 1877 126 626 1878 355 626 1879 357 626 1880 127 627 1881 126 627 1882 357 627 1883 127 628 1884 357 628 1885 133 628 1886 133 629 1887 357 629 1888 358 629 1889 357 630 1890 359 630 1891 358 630 1892 357 631 1893 356 631 1894 359 631 1895 359 632 1896 311 632 1897 308 632 1898 356 633 1899 311 633 1900 359 633 1901 359 634 1902 308 634 1903 307 634 1904 358 635 1905 359 635 1906 307 635 1907 133 636 1908 358 636 1909 360 636 1910 360 637 1911 358 637 1912 361 637 1913 358 638 1914 307 638 1915 361 638 1916 360 639 1917 361 639 1918 299 639 1919 299 640 1920 361 640 1921 300 640 1922 361 641 1923 303 641 1924 300 641 1925 361 642 1926 307 642 1927 303 642 1928 360 643 1929 132 643 1930 133 643 1931 299 644 1932 174 644 1933 360 644 1934 360 645 1935 174 645 1936 132 645 1937 356 646 1938 319 646 1939 311 646 1940 114 647 1941 351 647 1942 123 647 1943 114 648 1944 349 648 1945 351 648 1946 112 649 1947 347 649 1948 349 649 1949 112 650 1950 349 650 1951 114 650 1952 111 651 1953 345 651 1954 347 651 1955 111 652 1956 347 652 1957 112 652 1958 362 653 1959 343 653 1960 345 653 1961 362 654 1962 345 654 1963 111 654 1964 98 655 1965 362 655 1966 103 655 1967 98 656 1968 97 656 1969 362 656 1970 103 657 1971 362 657 1972 111 657 1973 362 658 1974 341 658 1975 343 658 1976 97 659 1977 341 659 1978 362 659 1979 97 660 1980 340 660 1981 341 660 1982 95 661 1983 363 661 1984 340 661 1985 363 662 1986 337 662 1987 340 662 1988 95 663 1989 340 663 1990 97 663 1991 363 664 1992 364 664 1993 337 664 1994 365 665 1995 364 665 1996 363 665 1997 94 666 1998 363 666 1999 95 666 2000 94 667 2001 365 667 2002 363 667 2003 366 668 2004 365 668 2005 94 668 2006 366 669 2007 367 669 2008 365 669 2009 367 670 2010 368 670 2011 365 670 2012 365 671 2013 368 671 2014 364 671 2015 371 672 2016 368 672 2017 369 672 2018 367 673 2019 369 673 2020 368 673 2021 370 674 2022 364 674 2023 368 674 2024 370 675 2025 368 675 2026 371 675 2027 371 676 2028 369 676 2029 374 676 2030 371 677 2031 373 677 2032 370 677 2033 371 678 2034 372 678 2035 373 678 2036 374 679 2037 372 679 2038 371 679 2039 374 680 2040 376 680 2041 375 680 2042 374 681 2043 375 681 2044 377 681 2045 374 682 2046 369 682 2047 376 682 2048 377 683 2049 378 683 2050 374 683 2051 374 684 2052 378 684 2053 372 684 2054 377 685 2055 379 685 2056 378 685 2057 379 686 2058 380 686 2059 378 686 2060 378 687 2061 73 687 2062 372 687 2063 378 688 2064 380 688 2065 73 688 2066 381 689 2067 64 689 2068 380 689 2069 380 690 2070 382 690 2071 381 690 2072 379 691 2073 382 691 2074 380 691 2075 380 692 2076 64 692 2077 63 692 2078 380 693 2079 63 693 2080 73 693 2081 382 694 2082 385 694 2083 381 694 2084 386 695 2085 383 695 2086 382 695 2087 383 696 2088 384 696 2089 382 696 2090 382 697 2091 384 697 2092 385 697 2093 386 698 2094 382 698 2095 379 698 2096 387 699 2097 386 699 2098 379 699 2099 388 700 2100 386 700 2101 387 700 2102 388 701 2103 389 701 2104 386 701 2105 389 702 2106 383 702 2107 386 702 2108 390 703 2109 392 703 2110 389 703 2111 391 704 2112 390 704 2113 389 704 2114 391 705 2115 389 705 2116 388 705 2117 389 706 2118 392 706 2119 383 706 2120 383 707 2121 392 707 2122 393 707 2123 392 708 2124 396 708 2125 393 708 2126 390 709 2127 394 709 2128 392 709 2129 394 710 2130 395 710 2131 392 710 2132 392 711 2133 395 711 2134 396 711 2135 396 712 2136 397 712 2137 393 712 2138 396 713 2139 398 713 2140 397 713 2141 395 714 2142 398 714 2143 396 714 2144 402 715 2145 399 715 2146 398 715 2147 399 716 2148 401 716 2149 398 716 2150 398 717 2151 400 717 2152 397 717 2153 398 718 2154 401 718 2155 400 718 2156 402 719 2157 398 719 2158 395 719 2159 403 720 2160 399 720 2161 402 720 2162 403 721 2163 402 721 2164 394 721 2165 394 722 2166 402 722 2167 395 722 2168 404 723 2169 405 723 2170 403 723 2171 394 724 2172 404 724 2173 403 724 2174 405 725 2175 399 725 2176 403 725 2177 404 726 2178 406 726 2179 405 726 2180 406 727 2181 407 727 2182 405 727 2183 405 728 2184 407 728 2185 399 728 2186 407 729 2187 409 729 2188 408 729 2189 407 730 2190 408 730 2191 399 730 2192 407 731 2193 410 731 2194 409 731 2195 411 732 2196 410 732 2197 407 732 2198 412 733 2199 411 733 2200 407 733 2201 412 734 2202 407 734 2203 406 734 2204 413 735 2205 412 735 2206 406 735 2207 414 736 2208 411 736 2209 412 736 2210 414 737 2211 412 737 2212 413 737 2213 416 738 2214 411 738 2215 414 738 2216 413 739 2217 415 739 2218 414 739 2219 415 740 2220 416 740 2221 414 740 2222 416 741 2223 417 741 2224 411 741 2225 418 742 2226 417 742 2227 416 742 2228 415 743 2229 418 743 2230 416 743 2231 420 744 2232 417 744 2233 418 744 2234 419 745 2235 418 745 2236 415 745 2237 419 746 2238 420 746 2239 418 746 2240 420 747 2241 421 747 2242 417 747 2243 422 748 2244 421 748 2245 420 748 2246 422 749 2247 420 749 2248 419 749 2249 424 750 2250 421 750 2251 422 750 2252 419 751 2253 423 751 2254 422 751 2255 423 752 2256 424 752 2257 422 752 2258 424 753 2259 426 753 2260 421 753 2261 423 754 2262 425 754 2263 424 754 2264 425 755 2265 426 755 2266 424 755 2267 426 756 2268 427 756 2269 429 756 2270 428 757 2271 427 757 2272 426 757 2273 425 758 2274 428 758 2275 426 758 2276 426 759 2277 429 759 2278 421 759 2279 421 760 2280 429 760 2281 430 760 2282 429 761 2283 431 761 2284 430 761 2285 427 762 2286 432 762 2287 429 762 2288 429 763 2289 432 763 2290 431 763 2291 432 764 2292 433 764 2293 431 764 2294 432 765 2295 434 765 2296 433 765 2297 427 766 2298 434 766 2299 432 766 2300 433 767 2301 434 767 2302 435 767 2303 434 768 2304 436 768 2305 435 768 2306 427 769 2307 436 769 2308 434 769 2309 435 770 2310 436 770 2311 437 770 2312 438 771 2313 437 771 2314 436 771 2315 438 772 2316 436 772 2317 427 772 2318 438 773 2319 439 773 2320 437 773 2321 440 774 2322 439 774 2323 438 774 2324 428 775 2325 438 775 2326 427 775 2327 441 776 2328 440 776 2329 438 776 2330 441 777 2331 438 777 2332 428 777 2333 442 778 2334 440 778 2335 441 778 2336 441 779 2337 445 779 2338 442 779 2339 428 780 2340 443 780 2341 441 780 2342 443 781 2343 444 781 2344 441 781 2345 441 782 2346 444 782 2347 445 782 2348 442 783 2349 445 783 2350 446 783 2351 447 784 2352 446 784 2353 445 784 2354 447 785 2355 445 785 2356 444 785 2357 451 786 2358 447 786 2359 448 786 2360 447 787 2361 444 787 2362 448 787 2363 450 788 2364 449 788 2365 447 788 2366 449 789 2367 446 789 2368 447 789 2369 450 790 2370 447 790 2371 451 790 2372 452 791 2373 451 791 2374 454 791 2375 453 792 2376 451 792 2377 452 792 2378 453 793 2379 450 793 2380 451 793 2381 451 794 2382 448 794 2383 454 794 2384 455 795 2385 454 795 2386 456 795 2387 452 796 2388 454 796 2389 455 796 2390 454 797 2391 457 797 2392 456 797 2393 454 798 2394 448 798 2395 457 798 2396 448 799 2397 458 799 2398 457 799 2399 457 800 2400 458 800 2401 425 800 2402 457 801 2403 425 801 2404 423 801 2405 456 802 2406 457 802 2407 423 802 2408 448 803 2409 443 803 2410 458 803 2411 458 804 2412 428 804 2413 425 804 2414 458 805 2415 443 805 2416 428 805 2417 459 806 2418 456 806 2419 460 806 2420 455 807 2421 456 807 2422 459 807 2423 456 808 2424 423 808 2425 460 808 2426 459 809 2427 460 809 2428 462 809 2429 460 810 2430 419 810 2431 461 810 2432 462 811 2433 460 811 2434 461 811 2435 460 812 2436 423 812 2437 419 812 2438 462 813 2439 463 813 2440 464 813 2441 465 814 2442 463 814 2443 462 814 2444 462 815 2445 464 815 2446 459 815 2447 462 816 2448 461 816 2449 465 816 2450 465 817 2451 466 817 2452 463 817 2453 468 818 2454 466 818 2455 465 818 2456 465 819 2457 469 819 2458 467 819 2459 467 820 2460 468 820 2461 465 820 2462 465 821 2463 461 821 2464 469 821 2465 461 822 2466 415 822 2467 469 822 2468 467 823 2469 469 823 2470 470 823 2471 469 824 2472 413 824 2473 470 824 2474 469 825 2475 415 825 2476 413 825 2477 470 826 2478 404 826 2479 471 826 2480 472 827 2481 470 827 2482 471 827 2483 470 828 2484 413 828 2485 404 828 2486 467 829 2487 470 829 2488 472 829 2489 472 830 2490 473 830 2491 467 830 2492 472 831 2493 475 831 2494 473 831 2495 472 832 2496 471 832 2497 474 832 2498 474 833 2499 475 833 2500 472 833 2501 476 834 2502 473 834 2503 475 834 2504 476 835 2505 475 835 2506 477 835 2507 477 836 2508 475 836 2509 478 836 2510 478 837 2511 475 837 2512 479 837 2513 474 838 2514 479 838 2515 475 838 2516 480 839 2517 479 839 2518 481 839 2519 478 840 2520 479 840 2521 480 840 2522 481 841 2523 479 841 2524 482 841 2525 391 842 2526 482 842 2527 479 842 2528 391 843 2529 479 843 2530 474 843 2531 481 844 2532 482 844 2533 483 844 2534 483 845 2535 482 845 2536 485 845 2537 388 846 2538 484 846 2539 482 846 2540 485 847 2541 482 847 2542 484 847 2543 388 848 2544 482 848 2545 391 848 2546 483 849 2547 485 849 2548 49 849 2549 485 850 2550 486 850 2551 49 850 2552 485 851 2553 484 851 2554 486 851 2555 70 852 2556 47 852 2557 486 852 2558 49 853 2559 486 853 2560 47 853 2561 70 854 2562 486 854 2563 79 854 2564 486 855 2565 488 855 2566 79 855 2567 486 856 2568 484 856 2569 487 856 2570 486 857 2571 487 857 2572 488 857 2573 79 858 2574 488 858 2575 489 858 2576 488 859 2577 487 859 2578 375 859 2579 488 860 2580 375 860 2581 489 860 2582 489 861 2583 375 861 2584 376 861 2585 489 862 2586 376 862 2587 490 862 2588 80 863 2589 489 863 2590 490 863 2591 79 864 2592 489 864 2593 80 864 2594 490 865 2595 376 865 2596 369 865 2597 490 866 2598 369 866 2599 367 866 2600 82 867 2601 490 867 2602 367 867 2603 80 868 2604 490 868 2605 82 868 2606 387 869 2607 487 869 2608 484 869 2609 377 870 2610 375 870 2611 487 870 2612 377 871 2613 487 871 2614 387 871 2615 387 872 2616 484 872 2617 388 872 2618 481 873 2619 483 873 2620 51 873 2621 51 874 2622 483 874 2623 49 874 2624 51 875 2625 480 875 2626 481 875 2627 491 876 2628 478 876 2629 480 876 2630 491 877 2631 480 877 2632 51 877 2633 494 878 2634 491 878 2635 51 878 2636 493 879 2637 492 879 2638 491 879 2639 492 880 2640 477 880 2641 491 880 2642 493 881 2643 491 881 2644 494 881 2645 491 882 2646 477 882 2647 478 882 2648 385 883 2649 493 883 2650 494 883 2651 381 884 2652 494 884 2653 52 884 2654 494 885 2655 51 885 2656 52 885 2657 385 886 2658 494 886 2659 381 886 2660 495 887 2661 397 887 2662 493 887 2663 397 888 2664 492 888 2665 493 888 2666 495 889 2667 493 889 2668 384 889 2669 384 890 2670 493 890 2671 385 890 2672 393 891 2673 397 891 2674 495 891 2675 383 892 2676 495 892 2677 384 892 2678 393 893 2679 495 893 2680 383 893 2681 496 894 2682 476 894 2683 492 894 2684 492 895 2685 400 895 2686 496 895 2687 492 896 2688 476 896 2689 477 896 2690 397 897 2691 400 897 2692 492 897 2693 400 898 2694 497 898 2695 496 898 2696 497 899 2697 473 899 2698 496 899 2699 496 900 2700 473 900 2701 476 900 2702 400 901 2703 498 901 2704 497 901 2705 498 902 2706 468 902 2707 497 902 2708 497 903 2709 468 903 2710 473 903 2711 401 904 2712 498 904 2713 400 904 2714 401 905 2715 499 905 2716 498 905 2717 499 906 2718 468 906 2719 498 906 2720 499 907 2721 466 907 2722 468 907 2723 500 908 2724 466 908 2725 499 908 2726 500 909 2727 499 909 2728 401 909 2729 408 910 2730 501 910 2731 500 910 2732 501 911 2733 466 911 2734 500 911 2735 401 912 2736 408 912 2737 500 912 2738 501 913 2739 463 913 2740 466 913 2741 502 914 2742 463 914 2743 501 914 2744 408 915 2745 502 915 2746 501 915 2747 409 916 2748 503 916 2749 502 916 2750 503 917 2751 463 917 2752 502 917 2753 409 918 2754 502 918 2755 408 918 2756 503 919 2757 464 919 2758 463 919 2759 504 920 2760 503 920 2761 409 920 2762 504 921 2763 464 921 2764 503 921 2765 410 922 2766 505 922 2767 504 922 2768 505 923 2769 464 923 2770 504 923 2771 409 924 2772 410 924 2773 504 924 2774 505 925 2775 506 925 2776 464 925 2777 507 926 2778 506 926 2779 505 926 2780 410 927 2781 507 927 2782 505 927 2783 509 928 2784 508 928 2785 507 928 2786 508 929 2787 506 929 2788 507 929 2789 509 930 2790 507 930 2791 410 930 2792 510 931 2793 508 931 2794 509 931 2795 509 932 2796 430 932 2797 510 932 2798 411 933 2799 509 933 2800 410 933 2801 417 934 2802 430 934 2803 509 934 2804 417 935 2805 509 935 2806 411 935 2807 510 936 2808 511 936 2809 508 936 2810 512 937 2811 511 937 2812 510 937 2813 430 938 2814 512 938 2815 510 938 2816 430 939 2817 431 939 2818 512 939 2819 431 940 2820 513 940 2821 512 940 2822 512 941 2823 513 941 2824 511 941 2825 453 942 2826 513 942 2827 433 942 2828 431 943 2829 433 943 2830 513 943 2831 452 944 2832 511 944 2833 513 944 2834 452 945 2835 513 945 2836 453 945 2837 508 946 2838 511 946 2839 506 946 2840 455 947 2841 506 947 2842 511 947 2843 455 948 2844 511 948 2845 452 948 2846 459 949 2847 464 949 2848 506 949 2849 459 950 2850 506 950 2851 455 950 2852 474 951 2853 390 951 2854 391 951 2855 474 952 2856 471 952 2857 390 952 2858 467 953 2859 473 953 2860 468 953 2861 471 954 2862 394 954 2863 390 954 2864 471 955 2865 404 955 2866 394 955 2867 461 956 2868 419 956 2869 415 956 2870 453 957 2871 433 957 2872 514 957 2873 514 958 2874 450 958 2875 453 958 2876 514 959 2877 433 959 2878 435 959 2879 514 960 2880 435 960 2881 516 960 2882 514 961 2883 515 961 2884 450 961 2885 516 962 2886 515 962 2887 514 962 2888 516 963 2889 435 963 2890 518 963 2891 516 964 2892 518 964 2893 517 964 2894 516 965 2895 517 965 2896 519 965 2897 519 966 2898 520 966 2899 516 966 2900 516 967 2901 520 967 2902 515 967 2903 521 968 2904 522 968 2905 520 968 2906 519 969 2907 521 969 2908 520 969 2909 520 970 2910 523 970 2911 515 970 2912 520 971 2913 522 971 2914 523 971 2915 515 972 2916 523 972 2917 449 972 2918 523 973 2919 524 973 2920 449 973 2921 523 974 2922 526 974 2923 524 974 2924 522 975 2925 525 975 2926 523 975 2927 523 976 2928 525 976 2929 526 976 2930 158 977 2931 526 977 2932 525 977 2933 527 978 2934 526 978 2935 158 978 2936 527 979 2937 524 979 2938 526 979 2939 527 980 2940 528 980 2941 442 980 2942 527 981 2943 529 981 2944 528 981 2945 158 982 2946 529 982 2947 527 982 2948 527 983 2949 442 983 2950 530 983 2951 530 984 2952 524 984 2953 527 984 2954 449 985 2955 530 985 2956 446 985 2957 449 986 2958 524 986 2959 530 986 2960 442 987 2961 446 987 2962 530 987 2963 529 988 2964 534 988 2965 531 988 2966 529 989 2967 531 989 2968 528 989 2969 529 990 2970 532 990 2971 534 990 2972 533 991 2973 532 991 2974 529 991 2975 158 992 2976 533 992 2977 529 992 2978 534 993 2979 532 993 2980 535 993 2981 535 994 2982 536 994 2983 534 994 2984 536 995 2985 531 995 2986 534 995 2987 538 996 2988 536 996 2989 535 996 2990 519 997 2991 517 997 2992 536 997 2993 517 998 2994 537 998 2995 536 998 2996 536 999 2997 537 999 2998 531 999 2999 519 1000 3000 536 1000 3001 538 1000 3002 146 1001 3003 539 1001 3004 538 1001 3005 538 1002 3006 535 1002 3007 146 1002 3008 538 1003 3009 539 1003 3010 521 1003 3011 538 1004 3012 521 1004 3013 519 1004 3014 146 1005 3015 142 1005 3016 539 1005 3017 142 1006 3018 164 1006 3019 539 1006 3020 539 1007 3021 162 1007 3022 521 1007 3023 539 1008 3024 164 1008 3025 162 1008 3026 517 1009 3027 540 1009 3028 537 1009 3029 528 1010 3030 537 1010 3031 540 1010 3032 528 1011 3033 531 1011 3034 537 1011 3035 541 1012 3036 540 1012 3037 517 1012 3038 440 1013 3039 540 1013 3040 541 1013 3041 528 1014 3042 540 1014 3043 440 1014 3044 517 1015 3045 518 1015 3046 541 1015 3047 518 1016 3048 439 1016 3049 541 1016 3050 440 1017 3051 541 1017 3052 439 1017 3053 146 1018 3054 535 1018 3055 145 1018 3056 535 1019 3057 542 1019 3058 145 1019 3059 535 1020 3060 532 1020 3061 542 1020 3062 533 1021 3063 542 1021 3064 532 1021 3065 145 1022 3066 542 1022 3067 543 1022 3068 533 1023 3069 543 1023 3070 542 1023 3071 145 1024 3072 543 1024 3073 149 1024 3074 154 1025 3075 149 1025 3076 543 1025 3077 154 1026 3078 543 1026 3079 533 1026 3080 154 1027 3081 533 1027 3082 158 1027 3083 442 1028 3084 528 1028 3085 440 1028 3086 158 1029 3087 525 1029 3088 159 1029 3089 522 1030 3090 159 1030 3091 525 1030 3092 521 1031 3093 162 1031 3094 522 1031 3095 162 1032 3096 160 1032 3097 522 1032 3098 522 1033 3099 160 1033 3100 159 1033 3101 435 1034 3102 437 1034 3103 518 1034 3104 518 1035 3105 437 1035 3106 439 1035 3107 515 1036 3108 449 1036 3109 450 1036 3110 448 1037 3111 444 1037 3112 443 1037 3113 421 1038 3114 430 1038 3115 417 1038 3116 413 1039 3117 406 1039 3118 404 1039 3119 399 1040 3120 408 1040 3121 401 1040 3122 387 1041 3123 379 1041 3124 377 1041 3125 381 1042 3126 52 1042 3127 65 1042 3128 65 1043 3129 64 1043 3130 381 1043 3131 373 1044 3132 76 1044 3133 544 1044 3134 370 1045 3135 373 1045 3136 544 1045 3137 373 1046 3138 74 1046 3139 76 1046 3140 372 1047 3141 74 1047 3142 373 1047 3143 544 1048 3144 85 1048 3145 335 1048 3146 338 1049 3147 544 1049 3148 335 1049 3149 544 1050 3150 76 1050 3151 85 1050 3152 370 1051 3153 544 1051 3154 338 1051 3155 372 1052 3156 73 1052 3157 74 1052 3158 338 1053 3159 364 1053 3160 370 1053 3161 82 1054 3162 367 1054 3163 366 1054 3164 83 1055 3165 366 1055 3166 88 1055 3167 83 1056 3168 82 1056 3169 366 1056 3170 88 1057 3171 366 1057 3172 94 1057 3173 338 1058 3174 337 1058 3175 364 1058 3176 335 1059 3177 85 1059 3178 86 1059 3179 312 1060 3180 311 1060 3181 319 1060 3182 316 1061 3183 117 1061 3184 118 1061 3185 140 1062 3186 306 1062 3187 309 1062 3188 309 1063 3189 137 1063 3190 140 1063 3191 546 1064 3192 306 1064 3193 545 1064 3194 306 1065 3195 148 1065 3196 545 1065 3197 140 1066 3198 148 1066 3199 306 1066 3200 180 1067 3201 306 1067 3202 546 1067 3203 155 1068 3204 546 1068 3205 545 1068 3206 168 1069 3207 180 1069 3208 546 1069 3209 168 1070 3210 546 1070 3211 155 1070 3212 148 1071 3213 152 1071 3214 545 1071 3215 155 1072 3216 545 1072 3217 152 1072 3218 299 1073 3219 200 1073 3220 174 1073 3221 200 1074 3222 547 1074 3223 174 1074 3224 200 1075 3225 198 1075 3226 547 1075 3227 178 1076 3228 547 1076 3229 198 1076 3230 174 1077 3231 547 1077 3232 175 1077 3233 178 1078 3234 175 1078 3235 547 1078 3236 143 1079 3237 166 1079 3238 164 1079 3239 142 1080 3240 143 1080 3241 164 1080 3242 154 1081 3243 150 1081 3244 149 1081 3245 139 1082 3246 148 1082 3247 140 1082 3248 120 1083 3249 121 1083 3250 129 1083 3251 115 1084 3252 114 1084 3253 123 1084 3254 108 1085 3255 109 1085 3256 117 1085 3257 91 1086 3258 92 1086 3259 100 1086 3260 76 1087 3261 77 1087 3262 85 1087 3263 71 1088 3264 70 1088 3265 79 1088 3266 68 1089 3267 47 1089 3268 70 1089 3269 67 1090 3270 45 1090 3271 68 1090 3272 68 1091 3273 45 1091 3274 47 1091 3275 67 1092 3276 37 1092 3277 45 1092 3278 52 1093 3279 57 1093 3280 65 1093 3281 59 1094 3282 55 1094 3283 54 1094 3284 37 1095 3285 39 1095 3286 45 1095 3287 43 1096 3288 32 1096 3289 26 1096 3290 14 1097 3291 25 1097 3292 16 1097 3293 18 1098 3294 12 1098 3295 5 1098 3296 1 1099 3297 18 1099 3298 5 1099 3299</p>
        </triangles>
      </mesh>
    </geometry>
  </library_geometries>
  <library_visual_scenes>
    <visual_scene id="Scene" name="Scene">
      <node id="Motor_ML" name="Motor_ML" type="NODE">
        <matrix sid="transform">1 0 0 0 0 1 0 0 0 0 1 9.09 0 0 0 1</matrix>
        <node id="Motor_ML_visual" name="Motor_ML_visual" type="NODE">
          <matrix sid="transform">1 0 0 2.797886 0 1 0 -2.652828 0 0 1 -2.714474 0 0 0 1</matrix>
          <instance_geometry url="#Rover_Complete_STL_017-mesh" name="Motor_ML_visual">
            <bind_material>
              <technique_common>
                <instance_material symbol="Steel_Glossy-material" target="#Steel_Glossy-material">
                  <bind_vertex_input semantic="automap" input_semantic="TEXCOORD" input_set="0"/>
                </instance_material>
              </technique_common>
            </bind_material>
          </instance_geometry>
        </node>
      </node>
    </visual_scene>
  </library_visual_scenes>
  <scene>
    <instance_visual_scene url="#Scene"/>
  </scene>
</COLLADA>