<?xml version="1.0" encoding="utf-8"?>
<COLLADA xmlns="http://www.collada.org/2005/11/COLLADASchema" version="1.4.1" xmlns:xsi="http://www.w3.org/2001/XMLSchema-instance">
  <asset>
    <contributor>
      <author>Blender User</author>
      <authoring_tool>Blender 4.3.1 commit date:2024-12-10, commit time:07:46, hash:33d812126174</authoring_tool>
    </contributor>
    <created>2026-06-27T11:29:00</created>
    <modified>2026-06-27T11:29:00</modified>
    <unit name="centimeter" meter="0.01"/>
    <up_axis>Z_UP</up_axis>
  </asset>
  <library_effects>
    <effect id="Steel_Glossy-effect">
      <profile_COMMON>
        <newparam sid="Steel_Glossy_BaseColor_jpg-surface">
          <surface type="2D">
            <init_from>Steel_Glossy_BaseColor_jpg</init_from>
          </surface>
        </newparam>
        <newparam sid="Steel_Glossy_BaseColor_jpg-sampler">
          <sampler2D>
            <source>Steel_Glossy_BaseColor_jpg-surface</source>
          </sampler2D>
        </newparam>
        <technique sid="common">
          <lambert>
            <emission>
              <color sid="emission">0 0 0 1</color>
            </emission>
            <diffuse>
              <texture texture="Steel_Glossy_BaseColor_jpg-sampler" texcoord="automap"/>
            </diffuse>
            <index_of_refraction>
              <float sid="ior">1.45</float>
            </index_of_refraction>
          </lambert>
        </technique>
      </profile_COMMON>
    </effect>
  </library_effects>
  <library_images>
    <image id="Steel_Glossy_BaseColor_jpg" name="Steel_Glossy_BaseColor_jpg">
      <init_from>Steel%20Glossy_BaseColor.jpg</init_from>
    </image>
  </library_images>
  <library_materials>
    <material id="Steel_Glossy-material" name="Steel Glossy">
      <instance_effect url="#Steel_Glossy-effect"/>
    </material>
  </library_materials>
  <library_geometries>
    <geometry id="Rover_Complete_STL_013-mesh" name="Rover Complete STL.013">
      <mesh>
        <source id="Rover_Complete_STL_013-mesh-positions">
          <float_array id="Rover_Complete_STL_013-mesh-positions-array" count="1644">2.75 -0.6635392 1.57687e-6 2.75 -0.6671403 0.04225009 3 -0.6635392 1.55799e-6 2.75 -0.6671403 -0.04225301 3 -0.6671403 -0.04225307 2.75 0.3194137 0.205745 2.75 0.3364608 1.57687e-6 1.249999 0.3364608 1.69011e-6 2.75 0.3194137 -0.2057418 1.245739 0.3321883 0.1032243 1.232958 3.586454 0.2057451 1.232958 0.3194137 0.2057451 1.211742 0.2982101 0.3068559 1.182263 3.586454 0.4058732 1.09934 3.586454 0.5949358 1.433361 3.586454 0.4421342 1.182263 0.2687301 0.4058732 1.351452 3.586454 0.6508256 1.351452 0.4379135 0.6508256 1.239355 3.586454 0.8449785 1.396301 0.4827682 0.5480119 1.299047 0.3854964 0.7500017 3 0.3258163 0.8449784 1.239355 0.3258163 0.8449785 1.172753 0.2592025 0.9352374 3 0.1860336 1.020259 3 -0.7190324 0.1570572 3 0.02169024 1.172749 1.099584 0.1860336 1.020259 3 -0.748378 0.1876663 2.75 -0.748378 0.1876664 2.75 -0.7824662 0.21288 3 -0.7824662 0.21288 2.75 -0.8203325 0.2319718 3 -0.8203325 0.2319718 3 -0.1635392 1.299037 3 -0.365529 1.396315 0.7499995 -0.1635392 1.299037 0.9352411 0.02169024 1.172749 0.8449702 -0.06856238 1.239357 0.9352411 3.586454 1.172749 0.7499995 3.586454 1.299037 0.5480097 3.586454 1.396315 0.6836908 3.586454 1.046456 0.8465936 3.586454 0.9196551 0.6508296 -0.2627152 1.351454 0.5480097 -0.365529 1.396315 3 -0.5797623 1.462392 0.4421259 -0.4714127 1.433358 0.3337763 -0.5797623 1.462392 0.3337763 3.586454 1.462392 0.1120966 3.586454 1.495803 0.3068476 3.586454 1.211751 0.5021234 3.586454 1.144716 0.223559 -0.6899796 1.483248 3 -0.8014482 1.495802 0.1120966 -0.8014482 1.495803 -5.32745e-7 -0.9135392 1.500002 3 -1.025636 1.495802 -0.1120977 -0.8014482 1.495803 -0.2235723 -0.6899796 1.483248 -3.000001 -0.8014482 1.495803 -0.1120977 3.586454 1.495803 -0.3337774 -0.5797623 1.462392 -0.3337774 3.586454 1.462392 -0.1032232 3.586454 1.245729 0.1032221 3.586454 1.245729 -0.1032232 -0.8103166 1.245729 0.1032221 -0.8103166 1.245729 0.3068476 -0.6066849 1.211751 0.2057367 -0.7077958 1.232955 2.75 -0.8103166 1.245729 2.75 -0.6066849 1.211751 2.75 -0.4114273 1.144716 2.75 -0.860872 0.2443863 0.4058832 -0.5076676 1.182271 0.5021234 -0.4114273 1.144716 0.5949335 -0.3186051 1.099343 0.6836908 -0.2298539 1.046456 2.75 -0.2298539 1.046455 2.75 -0.06693881 0.919655 0.7677606 -0.145778 0.9864215 0.8465936 -0.06693881 0.9196551 0.9196649 0.006114125 0.8466021 2.75 0.07288044 0.7677628 0.9864252 0.07288044 0.767763 1.046459 0.1329146 0.683687 0.9864252 3.586454 0.767763 1.099584 3.586454 1.020259 1.09934 0.1858016 0.5949358 2.75 0.1858016 0.5949357 1.144714 0.2311751 0.5021197 2.75 0.2687301 0.4058731 2.75 -0.6778214 0.08328402 3 -0.6778214 0.08328402 2.75 -0.6952836 0.1219254 3 -0.6671403 0.04225009 3 0.5864608 1.55799e-6 3 0.5697067 0.2235611 3 0.5198166 0.4421341 1.483251 0.5697067 0.2235612 1.499999 0.5864608 1.67124e-6 1.495812 0.5822616 0.1120927 1.499999 3.586454 1.67124e-6 1.483251 3.586454 0.2235612 1.249999 3.586454 1.69011e-6 1.462402 0.548851 0.3337846 1.433361 0.5198166 0.4421342 3 0.4379135 0.6508255 3 -0.6952836 0.1219254 2.75 -0.7190324 0.1570572 1.232958 3.586454 -0.2057417 1.245739 0.3321883 -0.103227 1.232958 0.3194137 -0.2057417 2.75 0.2687301 -0.4058761 1.211742 0.2982101 -0.3068525 1.182263 3.586454 -0.405876 1.182263 0.2687301 -0.405876 2.75 0.1858016 -0.5949386 1.144714 0.2311751 -0.5021224 1.09934 3.586454 -0.5949385 1.09934 0.1858016 -0.5949385 2.75 0.07288044 -0.7677658 1.046459 0.1329146 -0.6836897 0.9864251 0.07288044 -0.7677657 0.9864251 3.586454 -0.7677657 1.239355 3.586454 -0.8449813 1.351452 3.586454 -0.6508284 0.8465935 3.586454 -0.9196577 1.099584 3.586454 -1.020262 0.9196648 0.006114125 -0.8466047 2.75 -0.06693881 -0.9196578 0.8465935 -0.06693881 -0.9196577 2.75 -0.2298539 -1.046458 0.7677605 -0.145778 -0.986424 0.6836907 3.586454 -1.046458 0.6836907 -0.2298539 -1.046458 0.5949334 -0.3186051 -1.099339 2.75 -0.4114273 -1.144719 2.75 -0.8203325 -0.2319747 2.75 -0.6066849 -1.211748 2.75 -0.860872 -0.2443892 0.5021233 -0.4114273 -1.144719 0.405883 -0.5076676 -1.182274 0.5021233 3.586454 -1.144719 0.3068474 3.586454 -1.211748 0.5480095 3.586454 -1.396306 0.7499992 3.586454 -1.29904 0.7499992 -0.1635392 -1.29904 0.935241 3.586454 -1.172746 0.8449699 -0.06856238 -1.23936 0.935241 0.02169024 -1.172746 3 0.02169024 -1.172746 1.020263 0.1067184 -1.099577 1.099584 0.1860336 -1.020262 3 0.1860336 -1.020262 3 0.3258163 -0.8449814 1.172753 0.2592025 -0.9352338 3 -0.7190324 -0.1570541 3 -0.748378 -0.1876693 2.75 -0.7190324 -0.1570541 2.75 -0.6952836 -0.1219222 3 -0.6952836 -0.1219223 2.75 -0.6778214 -0.08328086 3 -0.6778214 -0.08328092 3 0.4379135 -0.6508285 1.396301 0.4827682 -0.5480147 1.299047 0.3854964 -0.7500045 1.351452 0.4379135 -0.6508284 3 0.5198166 -0.4421311 3 0.5697067 -0.2235641 1.462402 0.548851 -0.3337813 1.433361 0.5198166 -0.4421309 1.433361 3.586454 -0.4421309 1.483251 3.586454 -0.223564 1.483251 0.5697067 -0.223564 1.495812 0.5822616 -0.1120955 1.239355 0.3258163 -0.8449813 2.75 -0.748378 -0.1876693 2.75 -0.7824662 -0.2128829 3 -0.7824662 -0.2128829 3 -0.8203325 -0.2319747 3 -0.365529 -1.396306 3 -0.1635392 -1.29904 0.6508293 -0.2627152 -1.351457 0.5480095 -0.365529 -1.396306 0.4421257 -0.4714127 -1.43336 0.3337761 3.586454 -1.462394 0.1120964 3.586454 -1.495805 0.1032219 3.586454 -1.245732 0.3337761 -0.5797623 -1.462394 3 -0.5797623 -1.462395 0.2235588 -0.6899796 -1.48325 3 -0.8014482 -1.495805 0.1120964 -0.8014482 -1.495805 -7.59239e-7 -0.9135392 -1.500004 -0.1120979 -0.8014482 -1.495805 -3.000001 -0.8014482 -1.495805 -3.000001 -1.025636 -1.495805 -0.2235725 -0.6899796 -1.48325 -0.1120979 3.586454 -1.495805 -0.3337776 3.586454 -1.462394 -0.1032234 3.586454 -1.245732 -0.3068611 3.586454 -1.211748 -0.5021126 3.586454 -1.144719 -0.5021126 -0.4114273 -1.144719 -0.4058724 -0.5076676 -1.182274 -0.3068611 -0.6066849 -1.211748 -2.750001 -0.6066849 -1.211747 -0.2057502 -0.7077958 -1.232951 -2.750001 -0.8103166 -1.245732 -0.1032234 -0.8103166 -1.245732 0.1032219 -0.8103166 -1.245732 -7.40364e-7 -0.9135392 -1.250004 2.75 -1.016762 -1.245732 -2.750001 -1.016762 -1.245732 -2.750001 -1.2204 -1.211747 2.75 -1.2204 -1.211748 -2.750001 -0.9452958 -0.2479777 -2.750001 -0.9029313 -0.2497783 -3.000001 -0.860872 -0.2443888 -3.000001 -0.9029313 -0.2497782 -2.750001 -0.860872 -0.2443888 -2.750001 -0.8203325 -0.2319743 -3.000001 -0.8203325 -0.2319743 -3.000001 -0.1635392 -1.29904 -3.000001 -0.7824662 -0.2128825 -3.000001 -0.365529 -1.396305 -3.000001 -0.5797623 -1.462394 -0.7500008 -0.1635392 -1.29904 -0.6508309 -0.2627152 -1.351457 -0.5480111 -0.365529 -1.396306 -0.4421272 -0.4714127 -1.43336 -0.5480111 3.586454 -1.396306 -0.7500008 3.586454 -1.29904 -0.6836799 3.586454 -1.046458 -0.8466072 -0.06693881 -0.9196576 -0.7677742 -0.145778 -0.9864239 -0.6836799 -0.2298539 -1.046458 -0.8466072 3.586454 -0.9196576 -1.099574 3.586454 -1.020262 -0.9864265 3.586454 -0.7677655 -0.9352424 3.586454 -1.172746 -0.9864265 0.07288044 -0.7677655 -0.9196541 0.006114125 -0.8466046 -2.750001 0.07288044 -0.7677654 -2.750001 -0.06693881 -0.9196575 -2.750001 -0.748378 -0.1876689 -2.750001 -0.7190324 -0.1570537 -2.750001 -0.2298539 -1.046458 -2.750001 -0.4114273 -1.144718 -0.5949348 -0.3186051 -1.099339 -2.750001 -0.7824662 -0.2128825 -3.000001 -0.748378 -0.1876689 -3.000001 0.02169024 -1.172746 -3.000001 0.1860336 -1.020262 -3.000001 -0.7190324 -0.1570536 -3.000001 0.3258163 -0.8449809 -3.000001 -0.6952836 -0.1219218 -3.000001 0.5198166 -0.4421306 -3.000001 0.4379135 -0.6508281 -3.000001 -0.6778214 -0.08328044 -2.750001 -0.6952836 -0.1219218 -2.750001 -0.6778214 -0.08328044 -2.750001 0.1858016 -0.5949383 -1.144715 0.2311751 -0.5021222 -1.046461 0.1329146 -0.6836896 -1.099341 0.1858016 -0.5949384 -2.750001 0.2687301 -0.4058757 -2.750001 0.3194137 -0.2057414 -1.211756 0.2982101 -0.3068524 -1.182276 0.2687301 -0.4058758 -2.750001 -0.6671403 -0.0422526 -3.000001 -0.6635392 2.01098e-6 -3.000001 -0.6671403 -0.0422526 -2.750001 -0.6635392 1.9921e-6 -2.750001 -0.6671403 0.04225051 -2.750001 0.3364608 1.9921e-6 -3.000001 -0.6671403 0.04225051 -3.000001 0.5697067 0.2235615 -3.000001 0.5198166 0.4421346 -3.000001 -0.6778214 0.08328443 -3.000001 -0.6952836 0.1219258 -3.000001 0.4379135 0.650826 -2.750001 -0.6778214 0.08328443 -2.750001 -0.6952836 0.1219258 -2.750001 0.3194137 0.2057454 -2.750001 0.2687301 0.4058735 -1.232947 0.3194137 0.2057453 -1.211756 0.2982101 0.3068561 -1.182276 0.2687301 0.4058734 -2.750001 0.1858016 0.594936 -2.750001 0.07288044 0.7677632 -1.099341 0.1858016 0.5949359 -1.144715 0.2311751 0.5021198 -2.750001 -0.7190324 0.1570577 -3.000001 -0.748378 0.1876668 -3.000001 -0.7190324 0.1570577 -2.750001 -0.748378 0.1876668 -2.750001 -0.7824662 0.2128804 -2.750001 -0.06693881 0.9196553 -3.000001 -0.7824662 0.2128804 -3.000001 -0.1635392 1.299038 -3.000001 -0.8203325 0.2319722 -3.000001 -0.365529 1.396316 -0.6508306 -0.2627152 1.351454 -0.5480108 -0.365529 1.396315 -0.442127 -0.4714127 1.433358 -3.000001 -0.5797623 1.462392 -3.000001 -0.860872 0.2443867 -3.000001 -0.9029313 0.2497761 -2.750001 -0.8203325 0.2319722 -2.750001 -0.860872 0.2443867 -2.750001 -0.9029313 0.2497761 -2.750001 -0.4114273 1.144716 -2.750001 -0.6066849 1.211751 -0.5021125 -0.4114273 1.144716 -0.4058722 -0.5076676 1.182271 -0.3068609 -0.6066849 1.211751 -2.750001 -0.8103166 1.24573 -2.750001 -1.016762 1.24573 -0.2057501 -0.7077958 1.232955 -2.750001 -0.9452958 0.2479756 -3.000001 -0.9452958 0.2479756 -2.750001 -0.9867448 0.2390401 -3.000001 -0.9867448 0.2390401 -3.000001 -1.461549 1.396316 -3.000001 -1.026094 0.223232 -3.000001 -1.247328 1.462392 -3.000001 -1.025636 1.495803 3 -1.247328 1.462392 3 -0.9867448 0.2390396 3 -1.461549 1.396315 -3.000001 -1.663539 1.299038 3 -1.663539 1.299037 3 -1.026094 0.2232315 2.75 -1.026094 0.2232316 2.75 -1.062203 0.2010025 3 -1.062203 0.2010025 2.75 -1.094026 0.1729874 3 -1.094026 0.1729874 3 -1.848781 1.172749 -3.000001 -1.848781 1.17275 -3.000001 -2.013118 1.02026 3 -2.013118 1.020259 3 -1.120674 0.1399978 -3.000001 -2.152901 0.8449789 3 -2.152901 0.8449784 -3.000001 -2.264998 0.650826 3 -2.264998 0.6508255 3 -1.141347 0.1029739 2.75 -1.141347 0.1029739 2.75 -1.155476 0.06298983 3 -1.155476 0.06298983 2.75 -1.162642 0.02120518 3 -1.162642 0.02120512 3 -2.346901 0.4421341 -3.000001 -2.346901 0.4421346 -3.000001 -2.396791 0.2235615 3 -2.396791 0.2235611 -3.000001 -2.413545 2.01098e-6 3 -2.413545 1.55799e-6 -3.000001 -2.396791 -0.2235636 3 -2.396791 -0.2235641 3 -1.162642 -0.02120202 2.75 -1.162642 -0.02120202 2.75 -1.155476 -0.06299281 3 -1.155476 -0.06299281 2.75 -1.141347 -0.1029769 3 -1.141347 -0.1029769 3 -2.346901 -0.4421311 -3.000001 -2.346901 -0.4421306 -3.000001 -2.264998 -0.6508281 3 -2.264998 -0.6508285 3 -1.120674 -0.1399887 -3.000001 -2.152901 -0.8449809 3 -2.152901 -0.8449814 -3.000001 -2.013118 -1.020262 3 -2.013118 -1.020262 3 -1.094026 -0.1729843 2.75 -1.094026 -0.1729843 2.75 -1.062203 -0.2010055 3 -1.062203 -0.2010055 2.75 -1.026094 -0.2232284 3 -1.026094 -0.2232284 3 -1.848781 -1.172746 -3.000001 -1.848781 -1.172746 -3.000001 -1.663539 -1.29904 3 -1.663539 -1.29904 -3.000001 -1.461549 -1.396305 3 -1.461549 -1.396306 -3.000001 -1.247328 -1.462394 3 -1.247328 -1.462395 3 -0.9867448 -0.2390426 2.75 -0.9867448 -0.2390426 2.75 -0.9452958 -0.2479782 3 -0.9452958 -0.2479782 2.75 -0.9029313 -0.2497787 3 -0.9029313 -0.2497787 3 -1.025636 -1.495805 3 -0.860872 -0.2443893 2.75 -0.8103166 -1.245732 0.3068474 -0.6066849 -1.211748 0.2057365 -0.7077958 -1.232951 -3.000001 -0.9867448 -0.2390422 -3.000001 -0.9452958 -0.2479777 -3.000001 -1.026094 -0.2232279 -2.750001 -1.026094 -0.223228 -2.750001 -0.9867448 -0.2390422 -2.750001 -1.415663 -1.144718 -2.750001 -1.597231 -1.046458 2.75 -1.597231 -1.046458 2.75 -1.415663 -1.144719 2.75 -1.760146 -0.9196578 -2.750001 -1.760146 -0.9196575 2.75 -1.120674 -0.1399886 2.75 -1.899965 -0.7677658 2.75 -2.01288 -0.5949386 -2.750001 -1.899965 -0.7677654 -2.750001 -1.120674 -0.1399882 -2.750001 -1.094026 -0.1729838 -2.750001 -2.01288 -0.5949383 -2.750001 -1.141347 -0.1029765 -2.750001 -2.095814 -0.4058757 2.75 -2.095814 -0.4058761 2.75 -2.146492 -0.2057418 -2.750001 -2.146492 -0.2057414 2.75 -2.163545 1.57687e-6 2.75 -2.146492 0.205745 -2.750001 -2.163545 1.9921e-6 -2.750001 -2.146492 0.2057454 -2.750001 -1.162642 0.0212056 -2.750001 -1.162642 -0.02120161 -3.000001 -1.155476 -0.06299233 -3.000001 -1.162642 -0.02120155 -2.750001 -1.155476 -0.06299239 -3.000001 -1.141347 -0.1029765 -3.000001 -1.120674 -0.1399882 -3.000001 -1.094026 -0.1729838 -3.000001 -1.062203 -0.2010051 -2.750001 -1.062203 -0.2010051 -3.000001 -1.162642 0.0212056 -3.000001 -1.155476 0.06299024 -2.750001 -1.155476 0.06299024 -2.750001 -1.141347 0.1029744 -2.750001 -2.01288 0.594936 -2.750001 -2.095814 0.4058735 2.75 -2.01288 0.5949357 2.75 -2.095814 0.4058731 2.75 -1.120674 0.1399979 2.75 -1.899965 0.7677628 2.75 -1.760146 0.919655 -2.750001 -1.899965 0.7677632 -2.750001 -1.120674 0.1399983 -2.750001 -1.760146 0.9196553 -2.750001 -1.094026 0.1729878 -2.750001 -1.597231 1.046456 2.75 -1.597231 1.046455 2.75 -1.415663 1.144716 -2.750001 -1.415663 1.144716 2.75 -0.9867448 0.2390397 2.75 -1.2204 1.211751 2.75 -0.9452958 0.2479752 -2.750001 -1.2204 1.211751 2.75 -1.016762 1.245729 -5.51619e-7 -0.9135392 1.250002 2.75 -0.9029313 0.2497757 3 -0.860872 0.2443863 3 -0.9029313 0.2497757 3 -0.9452958 0.2479752 -2.750001 -1.026094 0.223232 -3.000001 -1.062203 0.201003 -2.750001 -1.062203 0.201003 -3.000001 -1.094026 0.1729878 -3.000001 -1.120674 0.1399983 -3.000001 -1.141347 0.1029744 -0.3068609 3.586454 1.211751 -0.5021125 3.586454 1.144716 -0.5480108 3.586454 1.396315 -0.7500005 -0.1635392 1.299037 -0.7500005 3.586454 1.299037 -0.9352423 3.586454 1.17275 -0.9352423 0.02169024 1.17275 -0.6836798 3.586454 1.046456 -0.8449835 -0.06856238 1.239357 -3.000001 0.02169024 1.17275 -3.000001 0.1860336 1.02026 -1.020252 0.1067184 1.099575 -1.099573 0.1860336 1.020259 -1.172755 0.2592025 0.9352375 -1.099573 3.586454 1.020259 -1.239368 3.586454 0.8449788 -1.239368 0.3258163 0.8449788 -0.9864264 3.586454 0.7677631 -0.8466071 3.586454 0.9196552 -0.919654 0.006114125 0.8466022 -0.8466071 -0.06693881 0.9196552 -0.7677741 -0.145778 0.9864216 -0.6836798 -0.2298539 1.046456 -2.750001 -0.2298539 1.046456 -0.5949347 -0.3186051 1.099343 -0.9864264 0.07288044 0.7677631 -1.046461 0.1329146 0.6836872 -1.099341 3.586454 0.5949359 -1.182276 3.586454 0.4058734 -1.351453 3.586454 0.6508259 -1.433362 3.586454 0.4421344 -1.48324 0.5697067 0.2235615 -1.462391 0.548851 0.3337849 -1.433362 0.5198166 0.4421344 -1.48324 3.586454 0.2235615 -1.500001 0.5864608 1.89773e-6 -1.500001 3.586454 1.89773e-6 -1.232947 3.586454 0.2057453 -1.495801 0.5822616 0.1120929 -3.000001 0.5864608 2.01098e-6 -3.000001 0.5697067 -0.2235636 -1.495801 0.5822616 -0.1120952 -1.48324 0.5697067 -0.2235637 -1.462391 0.548851 -0.3337811 -1.48324 3.586454 -0.2235637 -1.433362 3.586454 -0.4421307 -1.232947 3.586454 -0.2057415 -1.250001 3.586454 1.87886e-6 -1.250001 0.3364608 1.87886e-6 -1.245728 0.3321883 0.1032245 -1.245728 0.3321883 -0.1032269 -1.232947 0.3194137 -0.2057415 -1.182276 3.586454 -0.4058758 -1.351453 3.586454 -0.6508282 -1.099341 3.586454 -0.5949384 -1.239368 3.586454 -0.844981 -1.172755 0.2592025 -0.9352337 -1.299036 0.3854964 -0.7500042 -1.239368 0.3258163 -0.844981 -1.351453 0.4379135 -0.6508282 -1.396314 0.4827682 -0.5480145 -1.433362 0.5198166 -0.4421307 -1.099574 0.1860336 -1.020262 -1.020252 0.1067184 -1.099577 -0.9352424 0.02169024 -1.172746 -0.8449837 -0.06856238 -1.23936 -1.396314 0.4827682 0.5480121 -1.351453 0.4379135 0.6508259 -1.299036 0.3854964 0.7500019 -3.000001 0.3258163 0.8449789 -0.3337776 -0.5797623 -1.462394 1.020263 0.1067184 1.099574</float_array>
          <technique_common>
            <accessor source="#Rover_Complete_STL_013-mesh-positions-array" count="548" stride="3">
              <param name="X" type="float"/>
              <param name="Y" type="float"/>
              <param name="Z" type="float"/>
            </accessor>
          </technique_common>
        </source>
        <source id="Rover_Complete_STL_013-mesh-normals">
          <float_array id="Rover_Complete_STL_013-mesh-normals-array" count="3300">-1 0 0 0 -0.9963871 -0.08492749 0 -0.9963882 0.08491533 -1 0 0 0 -0.9963882 0.08491533 -1 0 0 0 -0.996585 0.08257317 0 -0.9991445 -0.04135531 -1 0 0 -0.002835631 -0.996581 -0.08257281 0 -0.992326 -0.1236492 -0.9991415 -0.002621471 -0.04134595 -0.9923187 0 -0.1237077 -0.9785757 -0.002573847 -0.2058715 0 -0.9787112 -0.2052422 -0.9693813 0 -0.2455603 -0.9157879 0 -0.4016623 0 1 0 0 1 0 0 1 0 -0.9584242 0 -0.2853473 0.9308671 0.001348257 0.3653556 0.884157 0 0.4671898 0.91659 0 0.3998284 0 1 0 0.8660193 0.001313745 0.500009 0 0.846715 0.5320467 0.004781842 0.8830558 0.4692437 0.8466666 0 0.5321239 0.8046507 0 0.5937485 0.004427373 0.8030275 0.5959256 0 0.7818294 0.6234925 1 0 0 1 0 0 1 0 0 0 0.6801775 0.7330474 0 0.7579643 0.652296 0 -0.7218475 -0.6920521 0 -0.5946664 -0.8039726 0 -0.5946664 -0.8039726 1 0 0 0 -0.4502041 -0.8929257 0 -0.4502041 -0.8929257 1 0 0 1 0 0 1 0 0 0 0.4339009 0.9009606 0 0.532047 0.8467149 0 0.5633215 0.8262378 0.003732264 0.5913862 0.8063799 0.5937321 0 0.8046628 0.5320716 0 0.8466994 0.5632963 0.001145124 0.8262541 0 1 0 0.467298 0 0.8840999 0 1 0 0.4339006 0.00108999 0.9009601 0 1 0 0 0.3999194 0.9165503 0.003423273 0.4645949 0.8855167 0.3998994 0 0.9165591 0 0.2947323 0.9555798 0.003143668 0.3274109 0.9448768 0.3302149 0 0.9439058 0 0.2588371 0.9659209 0.2588373 0 0.965921 0.2947322 0.001032412 0.9555794 0 1 0 0.1859239 0 0.9825642 0 1 0 0.1490327 9.81369e-4 0.9888318 0 1 0 0.002906322 0.1831165 0.983087 0 0.1119249 0.9937167 0.111931 0 0.993716 0 0 1 0 0.03743565 0.9992991 0.00269705 0.03474187 0.9993927 0 0 1 -0.111919 0 0.9937173 0 0.111925 0.9937167 0 0.03743571 0.9992991 0 0 1 -0.1840958 0.00191313 0.9829065 -0.1490328 0 0.9888322 0 1 0 0 1 0 0 1 0 0 1 0 0 0 -1 -0.1645905 0 -0.986362 0 0 -1 -0.1236559 0 -0.9923251 -0.2033809 -0.001942574 -0.9790977 0 -0.1236485 -0.9923261 -0.001679539 -0.1645854 -0.9863614 0 -0.2052423 -0.9787112 -1 0 0 -0.001821458 -0.3247117 -0.9458113 -1 0 0 -1 0 0 0 -0.2853472 -0.9584242 0 -0.363524 -0.9315848 -0.3617543 -0.002037823 -0.9322713 -0.2852989 0 -0.9584386 -0.4392071 0 -0.8983858 -0.3246851 0 -0.9458221 0 -0.4391607 -0.8984085 -0.5103006 -0.002135694 -0.8599935 -0.001982748 -0.4759381 -0.8794766 0 -0.5119044 -0.8590425 -1 0 0 -1 0 0 -1 0 0 -0.002151429 -0.6142073 -0.7891418 0 -0.5811102 -0.8138248 -0.6449846 -0.002236187 -0.7641924 0 -0.6462601 -0.7631173 -0.5811381 0 -0.813805 -0.6142377 0 -0.789121 -0.7070183 0 -0.7071953 0 -0.7071069 -0.7071067 0 -0.7631174 -0.64626 -0.002333998 -0.7357393 -0.6772608 -0.7621638 -0.002345919 -0.64738 0 -0.8138253 -0.5811096 -0.8138254 0 -0.5811095 -0.7357119 0 -0.6772947 0 1 0 0 1 0 -0.8371634 0 -0.5469529 0 1 0 -0.8584271 -0.002435147 -0.5129299 0 -0.8590425 -0.5119043 -0.8983966 0 -0.4391851 0 -0.8983967 -0.439185 0 -0.9315928 -0.3635036 -0.00265932 -0.9157737 -0.4016858 -0.9312772 -0.00251609 -0.3643026 -1 0 0 -1 0 0 0 -0.9584242 -0.2853473 -0.002774894 -0.9693917 -0.2455039 -1 0 0 0 -0.911271 -0.4118072 0 -0.9677517 -0.2519062 -1 0 0 0 -0.9677517 -0.2519062 1 0 0 0 -0.9963871 -0.08492749 1 0 0 1 0 0 1 0 0 0 0.9749258 0.2225304 0 0.9937168 0.1119245 0 0.9972036 0.07473307 0.00555104 0.9992759 0.03764265 0.9993031 0 0.03732842 0.9937107 0 0.1119775 0.9972047 0.00139749 0.07470601 0 1 0 0.9825759 0 0.1858616 0 1 0 0.9749248 0.001383066 0.2225304 0 1 0 0 0.965921 0.2588373 0.005380094 0.9823653 0.1868942 0.9659071 0 0.2588888 0 0.9308772 0.3653324 0.00510776 0.9433118 0.3318685 0.9438491 0 0.3303768 1 0 0 1 0 0 0 0.8660197 0.50001 0 0.9165702 0.3998737 1 0 0 0 -0.911271 -0.4118072 0 -0.8284683 -0.560036 0 -0.8284683 -0.560036 1 0 0 -1 0 0 0 -0.7218475 -0.6920521 -1 0 0 -1 0 0 0 1 0 -0.9965875 0 -0.0825442 -0.9965866 -0.001313686 0.08254414 -0.9991495 0 0.04123538 -0.9923178 0 0.123715 0 -0.9923251 0.1236565 -0.005650818 -0.999119 0.04158502 -0.005469024 -0.9784654 0.2063382 0 -0.9693972 0.2454978 -0.9786875 0 0.2053552 0 -0.958429 0.2853311 -0.9693823 -0.001296043 0.245553 -0.958429 0 0.285331 0 -0.915777 0.4016872 -0.9316129 0 0.363452 -0.005192875 -0.9308925 0.3652564 -0.9157871 -0.001273155 0.4016619 -0.8983967 0 0.4391849 0 -0.8983968 0.4391847 -0.004858553 -0.8577566 0.5140333 0 -0.8371497 0.5469738 -0.8590682 0 0.5118611 0 -0.8138253 0.5811096 -0.8371623 -0.001237213 0.546953 -0.8138248 0 0.5811102 0 1 0 0 1 0 0 1 0 -0.7357112 -0.001195669 0.6772943 0 1 0 -0.7631463 0 0.6462258 -0.7070182 0 0.7071953 0 -0.707107 0.7071066 -0.004500329 -0.7612268 0.6484702 -0.6462891 0 0.7630927 -0.004135012 -0.6438432 0.7651463 0 -0.6142086 0.7891436 -0.6142366 -0.001142621 0.7891211 -0.581137 0 0.8138058 0 -0.5811092 0.8138256 -0.5118352 0 0.8590837 -0.003800928 -0.5090492 0.860729 0 -0.4759395 0.879478 -1 0 0 -1 0 0 -1 0 0 0 -0.3246859 0.9458219 0 -0.4392094 0.8983848 -0.363524 0 0.9315848 -0.003498852 -0.3604834 0.9327591 -0.4392555 0 0.8983622 -0.4759515 -0.001091659 0.8794708 0 1 0 -0.3246585 -0.001044273 0.9458308 0 1 0 0 1 0 0.5320708 0 -0.8466998 0.4338564 0 -0.900982 0 1 0 0.5633142 0 -0.8262427 0.5923169 0.002234816 -0.805702 0 0.6522691 -0.7579875 0 0.5938442 -0.80458 0.652296 0 -0.7579644 0.002119183 0.6801614 -0.7330593 0.7058998 0.002353847 -0.7083078 0 0.7071068 -0.7071068 1 0 0 0.002293646 0.7818274 -0.6234909 0 0.757988 -0.6522684 1 0 0 1 0 0 0 -0.7219165 0.6919802 0 -0.8284683 0.560036 0 -0.8284683 0.560036 1 0 0 0 -0.9112709 0.4118073 0 -0.9112709 0.4118073 1 0 0 1 0 0 0 0.9165702 -0.3998737 0.002615272 0.9308776 -0.3653219 0.002466142 0.866017 -0.5000086 0 0.884112 -0.4672752 1 0 0 1 0 0 0.002727985 0.9749208 -0.2225354 1 0 0 0 0.965921 -0.2588372 0 0.9438888 -0.3302634 0.9435608 0.002663493 -0.3311887 0.9308716 0 -0.3653466 0.9659072 0 -0.2588887 0 1 0 0 1 0 0 1 0 0.9749243 0 -0.2225366 0.9824753 0.002744972 -0.1863723 0 0.9937168 -0.1119245 0 0.982564 -0.1859244 0.9937108 0 -0.1119775 0.002785325 0.9971999 -0.07473075 0 0.9992991 -0.03743416 0.9992953 0.002789318 -0.03743064 0.9972057 0 -0.07470405 0 1 0 0 1 0 1 0 0 1 0 0 0.91659 0 -0.3998285 0.8835894 0.002583682 -0.4682554 0.8660194 0 -0.5000103 0 0.8467149 -0.5320469 0.8466654 0 -0.5321257 0.781856 0 -0.6234592 0.8037562 0.002471089 -0.5949535 0 0.8045793 -0.5938452 0 -0.9677425 0.2519413 0 -0.9677425 0.2519413 -1 0 0 -1 0 0 -1 0 0 -1 0 0 -1 0 0 -1 0 0 0 -0.7219165 0.6919802 -1 0 0 -1 0 0 0 -0.5946664 0.8039726 0 -0.5946664 0.8039726 -1 0 0 1 0 0 0 -0.4502037 0.8929259 1 0 0 1 0 0 1 0 0 0.001946508 0.563339 -0.8262236 0 0.5320464 -0.8467153 0.001787185 0.4338558 -0.9009805 0 0.4672755 -0.8841117 0.4656336 0.002126812 -0.884975 0.3998075 0 -0.9165992 0 0.3998277 -0.9165904 0.3285162 0.002013742 -0.9444962 0 0.3303115 -0.9438719 0.2947824 0 -0.9555644 0 1 0 0.1490328 0 -0.9888322 0 1 0 0.2588382 0 -0.9659207 0 1 0 0 0.2588382 -0.9659207 0 0.185924 -0.9825642 0.1840772 0.001912117 -0.9829099 0.001511633 0.1490285 -0.9888317 0 0.1119251 -0.9937167 0.111931 0 -0.993716 0 0.03743565 -0.9992991 0 0.03743571 -0.9992991 0 0 -1 0 0.1119249 -0.9937167 0 0 -1 -0.00269705 0.03474187 -0.9993927 -0.1119189 0 -0.9937173 0 0 -1 0 1 0 -0.1490327 9.81794e-4 -0.9888318 0 1 0 0 1 0 0 1 0 0.1646096 0 0.9863588 0.324695 0 0.9458188 0.3617548 -0.002037048 0.9322711 0.2853093 0 0.9584355 0 -0.2852932 0.9584403 0 -0.2052412 0.9787115 0.2033806 -0.00194174 0.9790979 0.001678347 -0.1646141 0.9863566 0 -0.1237076 0.9923188 0.1237005 0 0.9923196 0 -0.04135531 0.9991445 0 0 1 0 -0.04135519 0.9991446 0 0 1 -0.00299251 -0.0383675 0.9992592 0 0.04135531 0.9991446 0.001553654 0 0.9999989 0 0.1646096 0.9863589 1 0 0 1 0 0 0 0.1646096 0.9863589 1 0 0 0 -0.1270989 0.99189 0 -0.1270989 0.99189 0 0.04246276 0.999098 1 0 0 1 0 0 0 -0.2928115 0.9561702 1 0 0 0 -0.2928115 0.9561702 -1 0 0 -1 0 0 0 -0.4502037 0.8929259 -1 0 0 -1 0 0 0 0.2947824 -0.9555644 -0.003427743 0.4645914 -0.8855185 0 0.4338564 -0.900982 0 0.3998275 -0.9165904 -0.0031479 0.3275039 -0.9448446 -0.3998077 0 -0.9165991 -0.3303114 0 -0.943872 -0.4338562 0.00109148 -0.9009814 -0.2947821 0.001033842 -0.9555639 0 1 0 0 1 0 0 1 0 0.6449815 -0.0022403 0.7641949 0.61418 0 0.789166 0.5810261 0 0.813885 0.4759518 0 0.8794714 0 1 0 0 1 0 0 1 0 0.7357412 0 0.6772627 0 1 0 0.7071365 0 0.7070771 0.7621085 -0.00233823 0.6474453 0 -0.7631171 0.6462602 0 -0.7071069 0.7071067 0.002333998 -0.7357392 0.6772609 1 0 0 1 0 0 1 0 0 0.002151429 -0.614207 0.7891421 0 -0.6462597 0.7631175 0 -0.5811098 0.8138252 1 0 0 0.001980245 -0.4759386 0.8794763 0 -0.5118609 0.8590683 1 0 0 0 -0.5946664 0.8039726 0 -0.5946664 0.8039726 0 -0.4502037 0.8929259 1 0 0 -1 0 0 0 -0.7219165 0.6919802 -1 0 0 -1 0 0 -1 0 0 -1 0 0 0 -0.8284683 0.560036 0 -0.7219165 0.6919802 -1 0 0 -1 0 0 -1 0 0 0 -0.9112709 0.4118073 0 -0.8284683 0.560036 0 -0.9112709 0.4118073 1 0 0 1 0 0 1 0 0 0 -0.8983968 0.4391847 0.00265932 -0.9157738 0.4016857 0.002506732 -0.8371471 0.546972 0 -0.8590423 0.5119045 1 0 0 1 0 0 0.002774417 -0.9693935 0.2454968 0 -0.958429 0.285331 0 -0.9315928 0.3635035 1 0 0 0 -0.9963882 0.08491533 0 -0.9963882 0.08491533 0 -0.9677425 0.2519413 1 0 0 0 -0.9963871 -0.08492749 1 0 0 0 -0.9963871 -0.08492749 1 0 0 -1 0 0 -1 0 0 -1 0 0 0 -0.9677517 -0.2519062 -1 0 0 0 -0.911271 -0.4118072 -1 0 0 0 -0.9677517 -0.2519062 1 0 0 0 -0.911271 -0.4118072 1 0 0 1 0 0 0.005469977 -0.9784657 -0.2063371 0 -0.9693953 -0.2455049 0 -0.9584242 -0.2853473 0 -0.9157769 -0.4016873 1 0 0 1 0 0 0 -0.8371498 -0.5469737 0 -0.8983967 -0.439185 0.005192875 -0.9308923 -0.365257 1 0 0 0 -0.7218475 -0.6920521 0 -0.7218475 -0.6920521 0 -0.8284683 -0.560036 1 0 0 1 0 0 0 -0.5946664 -0.8039726 1 0 0 0 -0.5946664 -0.8039726 -1 0 0 -1 0 0 0 -0.4502041 -0.8929257 -1 0 0 -0.001784801 0.4339002 0.9009593 0 0.3999196 0.9165502 0 0.330215 0.9439058 -0.001637756 0.2947319 0.9555786 -1 0 0 0 0.185924 0.9825642 0 0.2588373 0.9659209 -0.001511633 0.1490285 0.9888316 -1 0 0 -1 0 0 0 -0.1270989 -0.99189 -1 0 0 0 -0.2928112 -0.9561703 0 -0.2928112 -0.9561703 0 -0.1270989 -0.99189 1 0 0 1 0 0 1 0 0 0.003496527 -0.3604854 -0.9327583 0 -0.3247122 -0.9458129 0 -0.2853474 -0.9584241 0 -0.1645857 -0.9863629 1 0 0 1 0 0 0 0 -1 0 -0.1236487 -0.992326 0.003228187 -0.202148 -0.9793497 1 0 0 0 0.2107377 -0.9775426 0 0.04246276 -0.999098 1 0 0 0 0.2107377 -0.9775426 -1 0 0 -1 0 0 0 0.3727798 -0.9279198 -1 0 0 0 -0.1490248 0.9888334 0 -0.1490248 0.9888334 -1 0 0 0 -0.2947476 0.9555752 1 0 0 1 0 0 0 -0.2947476 0.9555752 0 -0.4339011 0.9009605 0 -0.4339011 0.9009605 1 0 0 1 0 0 0 0.3727798 -0.9279198 0 0.5242425 -0.8515691 0 0.5242425 -0.8515691 1 0 0 0 0.6607639 -0.7505939 0 0.6607639 -0.7505939 1 0 0 1 0 0 1 0 0 0 -0.5632962 0.8262551 0 -0.6801911 0.7330349 0 -0.6801911 0.7330349 1 0 0 1 0 0 0 -0.7818295 0.6234924 0 -0.7818295 0.6234924 0 -0.8660196 0.5000102 0 -0.8660196 0.5000102 1 0 0 1 0 0 0 0.873117 -0.4875108 0 0.9428601 -0.333189 0 0.9428601 -0.333189 1 0 0 0 0.9856126 -0.1690203 0 0.9856126 -0.1690203 1 0 0 1 0 0 1 0 0 0 -0.9308773 0.3653319 0 -0.9749256 0.2225311 0 -0.9749256 0.2225312 1 0 0 0 -0.9972036 0.07473307 0 -0.9972036 0.07473307 0 -0.9972037 -0.07473105 0 -0.9972037 -0.07473105 1 0 0 1 0 0 0 1 0 0 0.9856168 0.1689963 0 0.9856166 0.1689963 1 0 0 0 0.9428601 0.333189 0 0.9428601 0.333189 1 0 0 1 0 0 0 -0.9749243 -0.2225371 0 -0.9308809 -0.3653227 0 -0.9308809 -0.3653227 1 0 0 1 0 0 1 0 0 0 -0.8660195 -0.5000103 0 -0.8660195 -0.5000103 0 -0.7818295 -0.6234924 0 -0.7818295 -0.6234924 1 0 0 1 0 0 0 0.7779685 0.6283034 0 0.6608451 0.7505224 0 0.6608451 0.7505224 1 0 0 0 0.5241379 0.8516334 0 0.5241379 0.8516334 1 0 0 1 0 0 0 -0.6801766 -0.7330484 0 -0.5633147 -0.8262424 0 -0.5633147 -0.8262424 1 0 0 0 -0.4338566 -0.9009819 0 -0.4338566 -0.9009819 1 0 0 0 -0.2947976 -0.9555597 0 -0.2947976 -0.9555597 1 0 0 1 0 0 0 0.2107381 0.9775426 0 0.3729036 0.9278702 0 0.2107381 0.9775426 1 0 0 0 0.04246276 0.999098 0 0.04246276 0.999098 1 0 0 1 0 0 0 -0.1490248 -0.9888334 0.001399576 0 -0.9999991 0 -0.03743356 -0.9992991 1 0 0 0 -0.1270989 0.99189 0 -0.1270989 0.99189 1 0 0 0 -0.2928115 0.9561702 0 -0.2928115 0.9561702 1 0 0 1 0 0 -1 0 0 -1 0 0 -1 0 0 -1 0 0 0 0 1 0 -0.1237078 0.9923188 0 -0.1646143 0.9863581 -0.003225803 -0.2021492 0.9793494 -0.2052413 0 0.9787114 -0.123715 0 0.9923178 -0.1646191 -9.94226e-4 0.9863567 -0.2852448 0 0.9584547 0 -0.2852933 0.9584403 -1 0 0 -1 0 0 -1 0 0 0 0.3729036 0.9278702 0 -0.1490248 -0.9888334 -1 0 0 -1 0 0 -1 0 0 -1 0 0 0 0.2107381 0.9775426 0 0.3729036 0.9278702 0 0.3729036 0.9278702 1 0 0 0 0.2107381 0.9775426 1 0 0 1 0 0 1 0 0 0 0.4759516 0.8794714 0 0.4759516 0.8794714 0 0.3246769 0.945825 -1 0 0 -1 0 0 0 0.3246769 0.945825 -1 0 0 -1 0 0 0 0.6142091 0.7891434 -1 0 0 0 0.6142088 0.7891436 0 0.7357411 0.677263 -1 0 0 -1 0 0 -1 0 0 -1 0 0 0 0.837163 0.5469535 0 0.7357411 0.677263 1 0 0 1 0 0 1 0 0 0 0.837163 0.5469535 1 0 0 1 0 0 0 0.9157665 0.4017111 0 0.9157664 0.4017112 -1 0 0 0 0.9694041 0.2454702 -1 0 0 -1 0 0 0 0.9694041 0.2454702 0 0.9965826 0.08260327 -1 0 0 -1 0 0 -1 0 0 0 0.9965826 -0.08260327 0 0.9965826 0.08260327 1 0 0 0 0.9965826 -0.08260327 1 0 0 1 0 0 0 0.9856168 0.1689963 0 0.9856168 0.1689963 0 1 0 1 0 0 0 0.9428601 0.333189 0 0.9428601 0.333189 1 0 0 1 0 0 -1 0 0 -1 0 0 0 0.8730485 0.4876333 -1 0 0 -1 0 0 0 0.7779685 0.6283034 -1 0 0 0 0.8730485 0.4876333 0 0.6608451 0.7505224 -1 0 0 0 0.7779685 0.6283034 -1 0 0 0 0.6608451 0.7505224 0 0.5241379 0.8516334 -1 0 0 -1 0 0 1 0 0 1 0 0 0 0.5241379 0.8516334 1 0 0 -1 0 0 -1 0 0 -1 0 0 -1 0 0 0 1 0 -1 0 0 -1 0 0 0 0.9856126 -0.1690203 0 0.9856126 -0.1690203 0 0.9428601 -0.333189 1 0 0 1 0 0 1 0 0 0 0.9157664 -0.4017112 0 0.9157664 -0.4017112 0 0.9694024 -0.2454773 1 0 0 -1 0 0 0 0.9694024 -0.2454773 -1 0 0 -1 0 0 0 0.8371631 -0.5469534 -1 0 0 -1 0 0 -1 0 0 -1 0 0 0 0.7357412 -0.6772628 0 0.8371631 -0.5469533 1 0 0 1 0 0 1 0 0 0 0.7357412 -0.6772627 1 0 0 1 0 0 0 0.6142095 -0.789143 0 0.6142091 -0.7891434 -1 0 0 0 0.4759512 -0.8794717 -1 0 0 -1 0 0 0 0.4759512 -0.8794717 0 0.3247032 -0.9458159 -1 0 0 -1 0 0 -1 0 0 -1 0 0 0 0.3247032 -0.9458159 0 0.1645809 -0.9863635 -1 0 0 -0.001553654 0 -0.9999989 -1 0 0 0 0.1645809 -0.9863635 0 0.04135531 -0.9991446 -1 0 0 0 -0.1270989 -0.99189 0 -0.1270989 -0.99189 0 0.04246276 -0.999098 1 0 0 0 0.04246276 -0.999098 1 0 0 1 0 0 0 0.2107377 -0.9775426 0 0.2107377 -0.9775426 1 0 0 1 0 0 1 0 0 0 -0.2928112 -0.9561703 1 0 0 0 -0.04135519 -0.9991446 0.00299251 -0.0383675 -0.9992592 0 -0.04135531 -0.9991445 1 0 0 1 0 0 1 0 0 0 0.5242425 -0.8515691 0 0.5242425 -0.8515691 0 0.3727798 -0.9279198 1 0 0 1 0 0 0 0.6607639 -0.7505939 1 0 0 0 0.6607639 -0.7505939 -1 0 0 -1 0 0 0 0.7779117 -0.6283736 -1 0 0 -1 0 0 0 0.873117 -0.4875108 -1 0 0 0 0.7779117 -0.6283736 0 0.9428601 -0.333189 -1 0 0 0 0.873117 -0.4875108 -1 0 0 -1 0 0 -1 0 0 0 0.3727798 -0.9279198 -1 0 0 0 0.7779117 -0.6283736 0 0.7779117 -0.6283736 0 0.873117 -0.4875108 -1 0 0 -1 0 0 -1 0 0 -1 0 0 0 0.7779685 0.6283034 0 0.8730485 0.4876333 0 0.8730485 0.4876333 -1 0 0 -1 0 0 -1 0 0 0 0.04246276 0.999098 0 -0.6801766 -0.7330484 0 -0.9749242 -0.2225371 0 1 0 0 -0.9308773 0.3653319 -1 0 0 0 -0.5632962 0.8262551 -1 0 0 -1 0 0 -0.001399576 0 0.9999991 0 -0.03743356 0.9992991 -1 0 0 0 0.04246276 -0.999098 0.1645808 -9.95185e-4 -0.9863632 0.2052423 0 -0.9787111 0.1236414 0 -0.992327 0.3247211 -0.001042604 -0.9458093 0 1 0 0 1 0 0.2853634 0 -0.9584195 0 1 0 -0.4656358 0.002124011 0.884974 -0.433901 0 0.9009606 -0.3998996 0 0.9165589 -0.2947323 0 0.9555799 0 1 0 0 1 0 -0.5632957 0 0.8262554 -0.5923327 0.002237439 0.8056904 0 1 0 -0.5320209 0 0.8467312 0 0.5938098 0.8046054 0 0.5320456 0.8467157 -0.001945376 0.5633205 0.8262362 -1 0 0 -0.002118051 0.680176 0.7330458 0 0.6523002 0.7579607 -1 0 0 -1 0 0 0 0.7071068 0.7071068 -0.7059011 0.002350151 0.7083066 -0.6523813 0 0.7578909 -0.757911 0 0.652358 0 0.7579648 0.6522955 -0.6802046 0 0.7330223 0 1 0 0 1 0 -0.781803 0 0.6235255 -0.8037235 0.002473354 0.5949978 0 1 0 0 1 0 0.6141796 -0.001144587 -0.7891654 0.7071365 0 -0.707077 0.7357409 -0.001191914 -0.6772622 0.6462891 0 -0.7630927 0.004135072 -0.6438435 -0.765146 0.5810257 0 -0.8138852 0 -0.5811095 -0.8138254 1 0 0 1 0 0 1 0 0 0 -0.475939 -0.8794783 0 -0.6142091 -0.7891434 0.003805637 -0.5090898 -0.860705 0.5119304 0 -0.8590269 0 -0.4391609 -0.8984085 0.4759511 -0.00109452 -0.8794711 0.4391607 0 -0.8984085 0 -0.707107 -0.7071067 0.004500269 -0.7612267 -0.6484703 0.7630882 0 -0.6462944 0.8138251 0 -0.5811099 0 -0.8138253 -0.5811096 0 -0.7357413 -0.6772627 0.004858613 -0.8577567 -0.514033 0.8371626 -0.001237213 -0.5469527 0.8590684 0 -0.5118609 0.9157652 -0.001271426 -0.401712 0 1 0 0 1 0 0 1 0 0.8983966 0 -0.4391851 -0.9824772 0.002741396 0.1863627 -0.9749374 0 0.2224791 -0.9659345 0 0.2587867 -0.9308679 0 0.3653559 0 1 0 -0.9937108 0 0.1119775 -0.9992912 0.002785205 0.03754073 -0.9972016 0 0.07476001 0 1 0 0 1 0 0 0.9992991 0.03743618 -0.002785146 0.9971997 0.07473278 0 0.9937167 0.1119245 -1 0 0 0 0.9972037 -0.07473105 -1 0 0 -1 0 0 -1 0 0 0 0.9749244 -0.2225363 -0.005551099 0.9992759 -0.03764122 -1 0 0 0 0.9937167 -0.1119245 -0.9937107 0 -0.1119775 -0.005379319 0.9823634 -0.186904 -0.9825738 0 -0.1858726 -0.9749352 0.00138086 -0.2224848 -0.9972007 0.001395583 -0.07475793 0 1 0 0 1 0 0 1 0 0 1 0 0.9965825 0 0.08260273 0.9965817 -0.001311659 -0.08260262 0.9991445 0 -0.04135531 0.9923187 0 -0.1237077 0 -0.992326 -0.1236492 0.005650341 -0.9991189 -0.04158812 0.9991368 -0.002617895 0.04146087 0 -0.9991446 0.04135286 0 -0.996585 -0.08257317 0 -0.9923251 0.1236565 0.002835929 -0.996581 0.08257287 0.9923178 0 0.123715 0.978623 -0.002580642 0.2056463 0.9694113 0 0.245442 0 -0.9787112 0.2052422 0 1 0 0.958429 0 0.285331 0.9157661 0 0.4017121 0 1 0 0 1 0 0 1 0 0 1 0 0.8371634 0 0.5469529 0.8983967 0 0.4391849 0.9312373 -0.002512693 0.3644046 -0.8045801 0 -0.5938442 -0.7818024 0.001261115 -0.623525 -0.8660427 0.001308798 -0.4999684 0 1 0 -0.846764 0 -0.5319687 0 0.7818294 -0.6234924 0 0.8467149 -0.532047 -0.004423499 0.8030091 -0.5959504 -0.004781782 0.8830555 -0.4692441 -0.8841122 0 -0.4672746 0 0.8660196 -0.5000101 0 0.9165703 -0.3998738 -0.9165502 0 -0.3999195 -0.9438889 0 -0.3302632 -0.005109071 0.9433179 -0.3318514 -0.9308707 0.00135225 -0.3653463 0 0.9308808 -0.3653231 0 0.9659209 -0.2588372 -0.9659345 0 -0.2587866 -0.7579339 0 -0.6523315 0 0.7579877 -0.652269 -0.004072904 0.7050613 -0.7091346 0 0.6801629 -0.733061 -0.7070791 0 -0.7071344 -0.6523495 0 -0.7579182 0 0.652269 -0.7579875 -0.6801893 0.001203298 -0.7330355 -0.003734409 0.5914197 -0.8063553 0 0.5633401 -0.8262252 -0.5938185 0 -0.8045991 0 0.5320477 -0.8467144 -0.5320233 0 -0.8467298 -0.5633149 0.001147687 -0.8262416 -0.9992991 0 -0.03743469 0.9694086 -0.001299917 -0.2454488 0.978735 0 -0.2051286 0 0.965921 0.2588372 0 0.9438829 0.3302804 -0.943588 0.002670109 0.3311113 -0.002614557 0.9308739 0.3653311 0 0.9165702 0.3998737 -0.9165502 0 0.3999195 0 0.884112 0.4672751 -0.8835467 0.002573728 0.468336 -0.866043 0 0.4999695 0 0.846715 0.5320467 -0.002466082 0.8660169 0.5000085 -0.8467632 0 0.5319699 0 0.8045987 0.593819 -0.002295732 0.7818273 0.6234908 -1 0 0 -1 0 0 -1 0 0 -0.002728402 0.9749221 0.2225296 0 0.9825659 0.1859144 0 1 0 0.9584242 0 -0.2853473 0.9315726 0 -0.3635552 0 0.4672756 0.8841117 0.363524 0 -0.9315848 0 -0.4502041 -0.8929257 -0.3284218 0.002011001 0.9445291 -0.2588372 0 0.965921 0 -0.8284683 -0.560036 1 0 0 0 -0.9677425 0.2519413 0.8584269 -0.002435088 0.5129301 0 -0.8138253 0.5811097 0.8138257 0 0.5811091 -1 0 0 0 -0.4392091 0.8983848 0.5103084 -0.00213617 0.8599889 0.4392091 0 0.8983849 1 0 0 0.00182271 -0.3246853 0.9458203 0 -0.363524 0.9315848 -0.467298 0 -0.8840999 0 0.2588381 -0.9659208 -0.2588382 0 -0.9659208 -0.002906322 0.1831167 -0.9830869 0 0.1490287 -0.9888329 -0.1859437 0 -0.9825605 -1 0 0 -1 0 0 0 1 0 1 0 0 0.001640021 0.2947819 -0.9555632 0 -0.4502037 0.8929259 -1 0 0 -1 0 0 0.7579884 0 -0.6522681 0.680163 0 -0.7330608 0 1 0 0 1 0 0 -0.7357411 0.6772628 -1 0 0 -0.002506732 -0.8371472 -0.546972 0.7070797 0 0.7071339 0.7579647 0 0.6522956 0 1 0 0.6801769 0.001203894 0.7330471 0.7818552 0.001262247 0.6234587 0.004070878 0.7050624 0.7091336 0.6523266 0 0.757938 0 0.6523002 0.7579608 -0.4759513 0 -0.8794716 0 -0.2928112 -0.9561703 -1 0 0 0 0.1490287 0.9888328 0 1 0</float_array>
          <technique_common>
            <accessor source="#Rover_Complete_STL_013-mesh-normals-array" count="1100" stride="3">
              <param name="X" type="float"/>
              <param name="Y" type="float"/>
              <param name="Z" type="float"/>
            </accessor>
          </technique_common>
        </source>
        <source id="Rover_Complete_STL_013-mesh-map-0">
          <float_array id="Rover_Complete_STL_013-mesh-map-0-array" count="6600">1.246831 0.5422512 0.2602772 0.7057461 1.24323 0.5000027 0.5000027 -2.250011 0.5000027 -2.500011 0.5422512 -2.250011 0.5000027 -2.250011 0.457748 -2.500011 0.5000027 -2.500011 1.24323 0.5000027 0.24323 0.5000027 1.246831 0.457748 0.457748 -2.250011 0.457748 -2.500011 0.5000027 -2.250011 1.24323 0.5000027 0.2602772 0.7057461 0.24323 0.5000027 0.5000027 -2.250011 0.5000027 -0.7500115 0.2942593 -2.250011 0.5000027 -2.250011 0.6032254 -0.7457512 0.5000027 -0.7500115 1.246831 0.457748 0.24323 0.5000027 0.2602772 0.2942593 0.7057461 -2.250011 0.6032254 -0.7457512 0.5000027 -2.250011 0.7057461 -2.250011 0.7057461 -0.7329705 0.6032254 -0.7457512 0.2475025 0.6032254 -3.006764 0.7057461 0.24323 0.5000027 0.2475025 0.6032254 0.2602772 0.7057461 -3.006764 0.7057461 0.2602772 0.7057461 0.2814808 0.8068569 -3.006764 0.9058743 0.7057461 -2.250011 0.8068569 -0.7117546 0.7057461 -0.7329705 -3.006764 0.7057461 0.2602772 0.7057461 -3.006764 0.9058743 -3.006764 0.9058743 0.3109608 0.9058743 -3.006764 1.094937 1.094937 -0.5993523 1.150827 -0.851464 0.9058743 -0.6822746 0.9058743 -0.6822746 0.9421352 -0.9333732 0.7057461 -0.7329705 0.9058743 -0.6822746 1.150827 -0.851464 0.9421352 -0.9333732 -3.006764 0.9058743 0.2814808 0.8068569 0.3109608 0.9058743 0.09692269 1.048013 -3.006764 0.9421352 -3.006764 1.150827 0.1417774 1.150827 -3.006764 1.150827 0.1941944 1.250003 0.09692269 1.048013 -3.006764 1.150827 0.1417774 1.150827 1.094937 -0.5993523 1.34498 -0.7393669 1.150827 -0.851464 0.1941944 1.250003 -3.006764 1.150827 -3.006764 1.34498 1.34498 -2.500011 1.250003 -0.7990593 1.34498 -0.7393669 1.150827 -0.851464 1.250003 -0.7990593 1.34498 -2.500011 0.1941944 1.250003 -3.006764 1.34498 0.2538746 1.34498 0.2538746 1.34498 -3.006764 1.34498 0.3204883 1.435238 1.52026 -2.500011 1.34498 -0.7393669 1.435238 -0.6727654 1.34498 -2.500011 1.34498 -0.7393669 1.52026 -2.500011 1.298723 0.6570584 0.3936573 1.52026 1.328069 0.6876675 1.298723 0.6570584 0.2538746 1.34498 0.3936573 1.52026 1.328069 0.6876675 0.3936573 1.52026 0.5580006 1.67275 0.5580006 -2.500011 0.3936573 -2.500011 0.3936573 -0.5995964 1.52026 -2.500011 1.435238 -0.6727654 1.52026 -0.5995964 0.6876675 -2.250011 0.6570584 -2.500011 0.6876675 -2.500011 1.328069 -2.250011 1.328069 -2.500011 1.362157 -2.250011 1.362157 -2.250011 1.328069 -2.500011 1.362157 -2.500011 1.328069 0.6876675 0.5580006 1.67275 1.362157 0.7128811 1.362157 -2.250011 1.362157 -2.500011 1.400023 -2.250011 1.400023 -2.250011 1.362157 -2.500011 1.400023 -2.500011 1.362157 0.7128811 0.7432301 1.799038 1.400023 0.7319729 1.362157 0.7128811 0.5580006 1.67275 0.7432301 1.799038 1.400023 0.7319729 0.7432301 1.799038 0.9452198 1.896316 0.9452198 -2.500011 0.7432301 -2.500011 0.7432301 -0.2500115 0.7432301 -2.500011 0.6482533 -0.3449822 0.7432301 -0.2500115 0.5580006 -2.500011 0.5580006 -0.4352532 0.7432301 -2.500011 0.7432301 -2.500011 0.5580006 -0.4352532 0.6482533 -0.3449822 0.5580006 -0.4352532 -3.006764 -0.4352532 0.6482533 -0.3449822 0.6482533 -0.3449822 -3.006764 -0.2500115 0.7432301 -0.2500115 0.6482533 -0.3449822 -3.006764 -0.4352532 -3.006764 -0.2500115 1.799038 -0.2500115 1.67275 -0.4352532 1.419656 -0.3466057 0.7432301 -0.2500115 -3.006764 -0.2500115 0.8424061 -0.1508415 1.546457 -0.1837028 1.896316 -0.04802167 1.799038 -0.2500115 0.8424061 -0.1508415 -3.006764 -0.2500115 -3.006764 -0.04802167 1.546457 -0.1837028 1.799038 -0.2500115 1.419656 -0.3466057 0.9452198 -2.500011 0.8424061 -0.1508415 0.9452198 -0.04802167 0.7432301 -0.2500115 0.8424061 -0.1508415 0.9452198 -2.500011 0.8424061 -0.1508415 -3.006764 -0.04802167 0.9452198 -0.04802167 0.9452198 -2.500011 0.9452198 -0.04802167 1.159453 -2.500011 1.159453 -2.500011 0.9452198 -0.04802167 1.051104 0.0578621 0.9452198 -0.04802167 -3.006764 -0.04802167 1.051104 0.0578621 1.159453 -2.500011 1.051104 0.0578621 1.159453 0.1662117 1.051104 0.0578621 -3.006764 0.1662117 1.159453 0.1662117 1.051104 0.0578621 -3.006764 -0.04802167 -3.006764 0.1662117 1.644717 -0.002135455 1.962393 0.1662117 1.896316 -0.04802167 1.159453 0.1662117 -3.006764 0.1662117 1.26967 0.276429 1.711752 0.1931404 1.995803 0.3878914 1.962393 0.1662117 1.26967 0.276429 -3.006764 0.1662117 -3.006764 0.3878914 1.711752 0.1931404 1.962393 0.1662117 1.644717 -0.002135455 1.26967 0.276429 1.381139 -2.500011 1.159453 0.1662117 1.381139 0.3878914 1.381139 -2.500011 1.26967 0.276429 1.26967 0.276429 -3.006764 0.3878914 1.381139 0.3878914 1.381139 0.3878914 1.605327 -2.500011 1.381139 -2.500011 1.381139 0.3878914 1.381139 0.6120857 1.49323 0.4999886 1.49323 0.4999886 1.605327 -2.500011 1.381139 0.3878914 1.381139 0.3878914 -3.006764 0.3878914 1.381139 0.6120857 -3.006764 0.6120857 1.26967 0.7235603 1.381139 0.6120857 1.26967 0.7235603 1.381139 3.499989 1.381139 0.6120857 1.381139 0.6120857 1.381139 3.499989 1.49323 0.4999886 -3.006764 0.3878914 -3.006764 0.6120857 1.381139 0.6120857 -3.006764 0.6120857 1.159453 0.8337654 1.26967 0.7235603 -3.006764 0.8337654 1.159453 0.8337654 -3.006764 0.6120857 1.74573 0.3967659 1.995803 0.6120857 1.995803 0.3878914 1.74573 0.6032112 1.962393 0.8337654 1.995803 0.6120857 1.74573 0.6032112 1.995803 0.6120857 1.74573 0.3967659 1.74573 0.3967659 1.995803 0.3878914 1.711752 0.1931404 1.390007 0.6032112 -3.006764 0.6032112 -3.006764 0.3967659 -3.006764 0.1931404 1.186376 0.1931404 -3.006764 0.3967659 1.390007 0.6032112 -3.006764 0.3967659 1.390007 0.3967659 -3.006764 0.3967659 1.287487 0.2942513 1.390007 0.3967659 -3.006764 0.3967659 1.186376 0.1931404 1.287487 0.2942513 1.390007 -2.250011 1.390007 0.3967659 1.287487 0.2942513 1.390007 -2.250011 1.287487 0.2942513 1.186376 -2.250011 1.186376 -2.250011 1.287487 0.2942513 1.186376 0.1931404 1.400023 0.7319729 1.186376 1.711752 0.9911183 1.644717 1.186376 -2.250011 1.087358 0.09410476 0.9911183 -2.250011 1.440563 0.7443875 1.186376 1.711752 1.400023 0.7319729 1.440563 0.7443875 1.390007 1.74573 1.186376 1.711752 1.186376 -2.250011 1.186376 0.1931404 1.087358 0.09410476 0.9911183 -2.250011 1.087358 0.09410476 0.9911183 -0.002135455 0.9911183 -0.002135455 1.087358 0.09410476 -3.006764 0.1931404 -3.006764 0.1931404 1.087358 0.09410476 1.186376 0.1931404 -3.006764 -0.002135455 0.898296 -0.09494554 0.9911183 -0.002135455 -3.006764 0.1931404 -3.006764 -0.002135455 0.9911183 -0.002135455 0.9911183 -2.250011 0.9911183 -0.002135455 0.898296 -0.09494554 -3.006764 -0.002135455 0.8095448 -0.1837028 0.898296 -0.09494554 0.9911183 -2.250011 0.898296 -0.09494554 0.8095448 -2.250011 0.8095448 -2.250011 0.898296 -0.09494554 0.8095448 -0.1837028 1.362157 0.7128811 0.8095448 1.546457 1.328069 0.6876675 1.362157 0.7128811 0.9911183 1.644717 0.8095448 1.546457 1.328069 0.6876675 0.8095448 1.546457 0.6466297 1.419656 0.8095448 -2.250011 0.7254688 -0.2677727 0.6466297 -2.250011 0.8095448 -2.250011 0.8095448 -0.1837028 0.7254688 -0.2677727 0.6466297 -0.3466057 0.7254688 -0.2677727 -3.006764 -0.1837028 0.6466297 -2.250011 0.7254688 -0.2677727 0.6466297 -0.3466057 -3.006764 -0.1837028 0.7254688 -0.2677727 0.8095448 -0.1837028 -3.006764 -0.1837028 -3.006764 -0.3466057 0.6466297 -0.3466057 -3.006764 -0.3466057 0.5735768 -0.419677 0.6466297 -0.3466057 0.6466297 -2.250011 0.6466297 -0.3466057 0.5735768 -0.419677 1.267764 -2.250011 1.346603 -0.419677 1.267764 -0.4864372 1.419656 -2.250011 1.346603 -0.419677 1.267764 -2.250011 -3.006764 1.419656 0.5068104 1.267764 0.5735768 1.346603 1.267764 -2.250011 1.267764 -0.4864372 1.183688 -0.5464714 -3.006764 1.267764 0.4467762 1.183688 0.5068104 1.267764 -3.006764 1.267764 0.5068104 1.267764 -3.006764 1.419656 1.267764 -0.4864372 1.52026 -0.5995964 1.34498 -0.7393669 1.419656 -0.3466057 1.52026 -0.5995964 1.267764 -0.4864372 -3.006764 1.267764 -3.006764 1.094937 0.3938893 1.094937 1.267764 -0.4864372 1.34498 -0.7393669 1.094937 -0.5993523 0.3938893 1.094937 0.4467762 1.183688 -3.006764 1.267764 1.094937 -2.250011 1.183688 -0.5464714 1.094937 -0.5993523 -3.006764 1.094937 0.3485157 1.002121 0.3938893 1.094937 1.094937 -2.250011 1.094937 -0.5993523 1.002121 -0.6447258 0.9058743 -2.250011 1.002121 -0.6447258 0.9058743 -0.6822746 1.094937 -2.250011 1.002121 -0.6447258 0.9058743 -2.250011 -3.006764 1.094937 0.3109608 0.9058743 0.3485157 1.002121 1.257512 0.5832852 0.3109608 0.9058743 1.246831 0.5422512 1.257512 0.5832852 0.3938893 1.094937 0.3109608 0.9058743 0.9058743 -2.250011 0.9058743 -0.6822746 0.8068569 -0.7117546 0.9058743 -2.250011 0.8068569 -0.7117546 0.7057461 -2.250011 1.246831 0.5422512 0.3109608 0.9058743 0.2602772 0.7057461 0.5832852 -2.250011 0.5832852 -2.500011 0.6219265 -2.250011 0.5832852 -2.250011 0.5422512 -2.500011 0.5832852 -2.500011 1.274974 0.6219265 0.3938893 1.094937 1.257512 0.5832852 0.5422512 -2.250011 0.5422512 -2.500011 0.5832852 -2.250011 1.24323 0.5000027 -0.006769955 0.5000027 1.246831 0.5422512 0.5422512 -2.250011 0.5000027 -2.500011 0.5422512 -2.500011 1.246831 0.5422512 0.009984195 0.7235623 1.257512 0.5832852 1.246831 0.5422512 -0.006769955 0.5000027 0.009984195 0.7235623 1.257512 0.5832852 0.009984195 0.7235623 0.05987435 0.9421352 0.9421352 -2.500011 0.7235623 -2.500011 0.7235623 -0.9832634 0.7235623 -2.500011 0.6120938 -0.9958245 0.7235623 -0.9832634 0.5000027 -2.500011 0.5000027 -1.000011 0.7235623 -2.500011 0.7235623 -2.500011 0.5000027 -1.000011 0.6120938 -0.9958245 -0.006769955 0.5000027 -3.006764 0.5000027 -0.002570748 0.6120938 -0.002570748 0.6120938 -3.006764 0.7235623 0.009984195 0.7235623 -0.002570748 0.6120938 -3.006764 0.5000027 -3.006764 0.7235623 0.5000027 -0.7500115 0.7235623 -0.9832634 0.5000027 -1.000011 0.009984195 0.7235623 -3.006764 0.7235623 0.03083992 0.8337857 0.7057461 -0.7329705 0.9421352 -0.9333732 0.7235623 -0.9832634 0.03083992 0.8337857 -3.006764 0.7235623 -3.006764 0.9421352 0.7057461 -0.7329705 0.7235623 -0.9832634 0.5000027 -0.7500115 0.9421352 -2.500011 0.8337857 -0.9624138 0.9421352 -0.9333732 0.7235623 -0.9832634 0.8337857 -0.9624138 0.9421352 -2.500011 0.03083992 0.8337857 -3.006764 0.9421352 0.05987435 0.9421352 0.9421352 -2.500011 0.9421352 -0.9333732 1.150827 -2.500011 1.150827 -2.500011 0.9421352 -0.9333732 1.048013 -0.8963127 0.05987435 0.9421352 -3.006764 0.9421352 0.09692269 1.048013 1.274974 0.6219265 0.1417774 1.150827 0.2538746 1.34498 1.274974 0.6219265 0.05987435 0.9421352 0.1417774 1.150827 1.34498 -2.500011 1.150827 -2.500011 1.150827 -0.851464 1.150827 -2.500011 1.048013 -0.8963127 1.150827 -0.851464 1.257512 0.5832852 0.05987435 0.9421352 1.274974 0.6219265 0.6219265 -2.250011 0.5832852 -2.500011 0.6219265 -2.500011 0.6219265 -2.250011 0.6219265 -2.500011 0.6570584 -2.250011 0.6570584 -2.250011 0.6219265 -2.500011 0.6570584 -2.500011 1.274974 0.6219265 0.2538746 1.34498 1.298723 0.6570584 1.298723 0.6570584 0.5068104 1.267764 1.274974 0.6219265 0.6570584 -2.250011 0.6570584 -2.500011 0.6876675 -2.250011 1.328069 0.6876675 0.6466297 1.419656 1.298723 0.6570584 1.298723 0.6570584 0.6466297 1.419656 0.5068104 1.267764 0.5000027 -0.7500115 0.5000027 -1.000011 0.2942593 -0.7329705 0.24323 0.5000027 -3.006764 0.7057461 -3.006764 0.5000027 0.2475025 0.3967739 -3.006764 0.5000027 -3.006764 0.2942593 0.24323 0.5000027 -3.006764 0.5000027 0.2475025 0.3967739 0.2475025 0.3967739 -3.006764 0.2942593 0.2602772 0.2942593 0.2942593 -2.250011 0.3967739 -0.7457512 0.2942593 -0.7329705 0.2942593 -2.250011 0.5000027 -0.7500115 0.3967739 -0.7457512 0.2942593 -0.7329705 0.1931484 -0.7117546 0.09412497 -2.250011 0.09412497 -2.250011 0.2942593 -2.250011 0.2942593 -0.7329705 0.2602772 0.2942593 -3.006764 0.2942593 0.2814808 0.1931484 0.09412497 -2.250011 0.1931484 -0.7117546 0.09412497 -0.6822746 0.2814808 0.1931484 -3.006764 0.2942593 -3.006764 0.09412497 0.2814808 0.1931484 -3.006764 0.09412497 0.3109608 0.09412497 0.09412497 -2.250011 0.09412497 -0.6822746 -0.0949375 -2.250011 0.3109608 0.09412497 -3.006764 0.09412497 0.3485157 -0.002121329 -0.0949375 -2.250011 0.09412497 -0.6822746 -0.002121329 -0.6447258 0.3485157 -0.002121329 -3.006764 0.09412497 -3.006764 -0.0949375 0.3485157 -0.002121329 -3.006764 -0.0949375 0.3938893 -0.0949375 -0.0949375 -2.250011 -0.002121329 -0.6447258 -0.0949375 -0.5993523 -0.0949375 -0.5993523 -0.1836887 -0.5464714 -0.2677647 -2.250011 -0.2677647 -2.250011 -0.0949375 -2.250011 -0.0949375 -0.5993523 0.3938893 -0.0949375 -3.006764 -0.0949375 0.4467762 -0.1836887 -0.2677647 -2.250011 -0.1836887 -0.5464714 -0.2677647 -0.4864372 0.4467762 -0.1836887 -3.006764 -0.0949375 -3.006764 -0.2677647 0.4467762 -0.1836887 -3.006764 -0.2677647 0.5068104 -0.2677647 -0.2677647 -0.4864372 -0.3449802 -0.7393669 -0.5202611 -0.5995964 -0.2677647 -0.4864372 -0.1508274 -0.851464 -0.3449802 -0.7393669 -0.0949375 -0.5993523 -0.1508274 -0.851464 -0.2677647 -0.4864372 0.5735768 -0.3466038 -3.006764 -0.2677647 -3.006764 -0.4196568 -0.2677647 -0.4864372 -0.5202611 -0.5995964 -0.4196568 -0.3466057 0.5068104 -0.2677647 -3.006764 -0.2677647 0.5735768 -0.3466038 0.5735768 -0.419677 -3.006764 -0.3466057 0.6466297 -0.3466057 0.6466297 -2.250011 0.5735768 -0.419677 0.6466297 -0.3466057 -0.4196568 -2.250011 -0.2677647 -0.4864372 -0.3466038 -0.419677 0.6466297 -0.3466057 -3.006764 -0.3466057 0.7254688 -0.2677727 0.6466297 -0.3466057 0.7254688 -0.2677727 0.8095448 -2.250011 0.8095448 -2.250011 0.6466297 -2.250011 0.6466297 -0.3466057 0.7254688 -0.2677727 -3.006764 -0.3466057 -3.006764 -0.1837028 0.7254688 -0.2677727 -3.006764 -0.1837028 0.8095448 -0.1837028 0.8095448 -2.250011 0.7254688 -0.2677727 0.8095448 -0.1837028 0.8095448 -0.1837028 -3.006764 -0.1837028 0.898296 -0.09494554 0.9911183 -2.250011 0.8095448 -0.1837028 0.898296 -0.09494554 0.8095448 -2.250011 0.8095448 -0.1837028 0.9911183 -2.250011 1.400023 0.2680264 0.9911183 -0.6447178 1.440563 0.2556118 1.400023 0.2680264 0.8095448 -0.5464573 0.9911183 -0.6447178 1.440563 0.2556118 0.9911183 -0.6447178 1.186376 -0.7117466 1.186376 -2.250011 0.9911183 -2.250011 0.9911183 -0.002135455 0.9911183 -2.250011 0.898296 -0.09494554 0.9911183 -0.002135455 0.9911183 -0.002135455 -3.006764 -0.002135455 1.087358 0.09410476 0.9911183 -0.002135455 1.087358 0.09410476 1.186376 -2.250011 0.898296 -0.09494554 -3.006764 -0.002135455 0.9911183 -0.002135455 0.898296 -0.09494554 -3.006764 -0.1837028 -3.006764 -0.002135455 -0.5464573 -0.1837028 -0.7990391 -0.2500115 -0.6447178 -0.002135455 1.087358 0.09410476 -3.006764 -0.002135455 -3.006764 0.1931404 -0.6447178 -0.002135455 -0.8963047 -0.04802167 -0.7117466 0.1931404 -0.6447178 -0.002135455 -0.7990391 -0.2500115 -0.8963047 -0.04802167 -3.006764 -0.2500115 0.6482533 -0.3449822 0.7432301 -0.2500115 -3.006764 -0.04802167 -3.006764 -0.2500115 0.7432301 -0.2500115 -0.5464573 -0.1837028 -0.6727451 -0.4352532 -0.7990391 -0.2500115 -3.006764 -0.4352532 0.5580006 -0.4352532 -3.006764 -0.2500115 -3.006764 -0.2500115 0.5580006 -0.4352532 0.6482533 -0.3449822 0.5580006 -2.500011 0.5580006 -0.4352532 0.4729725 -0.5202751 0.5580006 -2.500011 0.6482533 -0.3449822 0.5580006 -0.4352532 -3.006764 -0.4352532 0.4729725 -0.5202751 0.5580006 -0.4352532 0.5580006 -2.500011 0.4729725 -0.5202751 0.3936573 -2.500011 0.3936573 -0.5995964 0.4729725 -0.5202751 -3.006764 -0.4352532 0.3936573 -2.500011 0.4729725 -0.5202751 0.3936573 -0.5995964 1.298723 0.342947 0.3936573 -0.5202611 0.2538746 -0.3449802 -0.5202611 -2.500011 -0.4352329 -0.6727654 -0.3449802 -2.500011 -0.5202611 -2.500011 -0.5202611 -0.5995964 -0.4352329 -0.6727654 0.5580006 -0.6727451 0.3936573 -0.5202611 1.298723 0.342947 1.328069 0.3123317 0.5580006 -0.6727451 1.298723 0.342947 0.342947 -2.250011 0.3123317 -2.500011 0.342947 -2.500011 0.342947 -2.250011 0.342947 -2.500011 0.3780788 -2.250011 0.3780788 -2.250011 0.342947 -2.500011 0.3780788 -2.500011 1.298723 0.342947 0.2538746 -0.3449802 1.274974 0.3780788 0.3780788 -2.250011 0.3780788 -2.500011 0.4167202 -2.250011 0.4167202 -2.250011 0.3780788 -2.500011 0.4167202 -2.500011 1.274974 0.3780788 0.1417774 -0.1508274 1.257512 0.4167202 1.274974 0.3780788 0.2538746 -0.3449802 0.1417774 -0.1508274 -0.1508274 -2.500011 -0.1508274 -0.851464 -0.04801368 -0.8963127 -0.1508274 -2.500011 -0.04801368 -0.8963127 0.05787009 -2.500011 -0.3449802 -2.500011 -0.2500035 -0.7990593 -0.1508274 -2.500011 -0.1508274 -2.500011 -0.2500035 -0.7990593 -0.1508274 -0.851464 1.257512 0.4167202 0.1417774 -0.1508274 0.05987435 0.05787009 1.246831 0.457748 0.05987435 0.05787009 0.009984195 0.276437 0.05787009 -2.500011 0.1662197 -0.9624138 0.276437 -2.500011 1.257512 0.4167202 0.05987435 0.05787009 1.246831 0.457748 0.05787009 -2.500011 0.05787009 -0.9333732 0.1662197 -0.9624138 0.05787009 -2.500011 -0.04801368 -0.8963127 0.05787009 -0.9333732 -3.006764 -0.1508274 0.05987435 0.05787009 0.09692269 -0.04801368 -3.006764 0.05787009 0.05987435 0.05787009 -3.006764 -0.1508274 -3.006764 0.05787009 0.03083992 0.1662197 0.05987435 0.05787009 -0.0949375 -0.5993523 0.05787009 -0.9333732 -0.1508274 -0.851464 0.09412497 -0.6822746 0.05787009 -0.9333732 -0.0949375 -0.5993523 0.09412497 -0.6822746 0.276437 -0.9832634 0.05787009 -0.9333732 -3.006764 0.276437 0.009984195 0.276437 -3.006764 0.05787009 0.009984195 0.276437 0.03083992 0.1662197 -3.006764 0.05787009 0.276437 -2.500011 0.276437 -0.9832634 0.3879055 -0.9958245 0.276437 -2.500011 0.1662197 -0.9624138 0.276437 -0.9832634 -0.002570748 0.3879055 0.009984195 0.276437 -3.006764 0.276437 0.276437 -2.500011 0.3879055 -0.9958245 0.5000027 -2.500011 0.5000027 -2.500011 0.3879055 -0.9958245 0.5000027 -1.000011 -0.002570748 0.3879055 -3.006764 0.276437 -0.006769955 0.5000027 -0.006769955 0.5000027 -3.006764 0.276437 -3.006764 0.5000027 0.2942593 -0.7329705 0.5000027 -1.000011 0.276437 -0.9832634 0.2942593 -0.7329705 0.276437 -0.9832634 0.09412497 -0.6822746 1.24323 0.5000027 0.009984195 0.276437 -0.006769955 0.5000027 1.246831 0.457748 0.009984195 0.276437 1.24323 0.5000027 -3.006764 -0.1508274 0.09692269 -0.04801368 0.1417774 -0.1508274 0.1417774 -0.1508274 0.1941944 -0.2500035 -3.006764 -0.3449802 -3.006764 -0.3449802 -3.006764 -0.1508274 0.1417774 -0.1508274 -0.3449802 -2.500011 -0.3449802 -0.7393669 -0.2500035 -0.7990593 -3.006764 -0.3449802 0.1941944 -0.2500035 0.2538746 -0.3449802 -3.006764 -0.3449802 0.2538746 -0.3449802 -3.006764 -0.5202611 -3.006764 -0.5202611 0.2538746 -0.3449802 0.3204883 -0.4352329 -0.3449802 -2.500011 -0.4352329 -0.6727654 -0.3449802 -0.7393669 0.4167202 -2.250011 0.4167202 -2.500011 0.457748 -2.250011 0.457748 -2.250011 0.4167202 -2.500011 0.457748 -2.500011 1.257512 0.4167202 0.3109608 0.09412497 1.274974 0.3780788 1.246831 0.457748 0.2602772 0.2942593 1.257512 0.4167202 1.257512 0.4167202 0.2602772 0.2942593 0.3109608 0.09412497 1.274974 0.3780788 0.3109608 0.09412497 0.3938893 -0.0949375 1.274974 0.3780788 0.3938893 -0.0949375 1.298723 0.342947 1.298723 0.342947 0.5068104 -0.2677647 1.328069 0.3123317 0.3123317 -2.250011 0.3123317 -2.500011 0.342947 -2.250011 1.298723 0.342947 0.3938893 -0.0949375 0.5068104 -0.2677647 1.328069 0.3123317 0.6466297 -0.4196568 1.362157 0.2871181 1.362157 -2.250011 1.362157 -2.500011 1.328069 -2.250011 1.328069 -2.250011 1.362157 -2.500011 1.328069 -2.500011 1.328069 0.3123317 0.5068104 -0.2677647 0.6466297 -0.4196568 1.400023 0.2680264 0.9452198 -0.8963047 1.362157 0.2871181 1.362157 -2.250011 1.400023 -2.500011 1.362157 -2.500011 1.362157 0.2871181 0.7432301 -0.7990391 1.328069 0.3123317 1.362157 0.2871181 0.9452198 -0.8963047 0.7432301 -0.7990391 1.328069 0.3123317 0.7432301 -0.7990391 0.5580006 -0.6727451 0.7432301 -2.500011 0.6482533 -0.3449822 0.5580006 -2.500011 0.7432301 -2.500011 0.7432301 -0.2500115 0.6482533 -0.3449822 0.9452198 -2.500011 0.8424061 -0.1508415 0.7432301 -2.500011 0.7432301 -2.500011 0.8424061 -0.1508415 0.7432301 -0.2500115 0.7432301 -0.2500115 0.8424061 -0.1508415 -3.006764 -0.04802167 -3.006764 -0.04802167 0.8424061 -0.1508415 0.9452198 -0.04802167 0.9452198 -2.500011 0.9452198 -0.04802167 0.8424061 -0.1508415 -3.006764 0.1662117 0.9452198 -0.04802167 1.051104 0.0578621 0.9452198 -2.500011 1.051104 0.0578621 0.9452198 -0.04802167 -3.006764 -0.04802167 0.9452198 -0.04802167 -3.006764 0.1662117 -0.745731 0.3967659 -0.9623935 0.1662117 -0.9958042 0.3878914 -3.006764 0.3878914 -3.006764 0.1662117 1.159453 0.1662117 -0.7117466 0.1931404 -0.8963047 -0.04802167 -0.9623935 0.1662117 -3.006764 0.1662117 1.051104 0.0578621 1.159453 0.1662117 -0.7117466 0.1931404 -0.9623935 0.1662117 -0.745731 0.3967659 1.159453 -2.500011 1.159453 0.1662117 1.051104 0.0578621 1.159453 -2.500011 1.26967 0.276429 1.159453 0.1662117 1.26967 0.276429 -3.006764 0.3878914 1.159453 0.1662117 1.381139 -2.500011 1.26967 0.276429 1.159453 -2.500011 1.381139 -2.500011 1.381139 0.3878914 1.26967 0.276429 1.381139 0.3878914 -3.006764 0.3878914 1.26967 0.276429 1.49323 0.4999886 1.381139 0.6120857 1.381139 0.3878914 1.381139 -2.500011 1.49323 0.4999886 1.381139 0.3878914 1.381139 0.3878914 1.381139 0.6120857 -3.006764 0.3878914 1.381139 0.6120857 1.381139 3.499989 1.26967 0.7235603 1.381139 0.6120857 1.605327 3.499989 1.381139 3.499989 1.49323 0.4999886 1.605327 3.499989 1.381139 0.6120857 -3.006764 0.6120857 1.381139 0.6120857 1.26967 0.7235603 -3.006764 0.3878914 1.381139 0.6120857 -3.006764 0.6120857 -0.7117466 0.8068489 -0.9958042 0.6120857 -0.9623935 0.8337654 -3.006764 0.6120857 1.26967 0.7235603 -3.006764 0.8337654 -0.745731 0.6032112 -0.9958042 0.3878914 -0.9958042 0.6120857 -0.745731 0.6032112 -0.9958042 0.6120857 -0.7117466 0.8068489 -0.7117466 0.8068489 -0.9623935 0.8337654 -0.6447178 1.0021 -3.006764 0.8068489 1.186376 0.8068489 -3.006764 0.6032112 -3.006764 0.8068489 -3.006764 1.0021 0.9911183 1.0021 0.9911183 1.0021 1.087358 0.9058601 -3.006764 0.8068489 -3.006764 0.8068489 1.087358 0.9058601 1.186376 0.8068489 1.186376 3.249989 1.186376 0.8068489 1.087358 0.9058601 1.186376 3.249989 1.287487 0.7057381 1.186376 0.8068489 -3.006764 0.6032112 1.186376 0.8068489 1.287487 0.7057381 1.390007 3.249989 1.287487 0.7057381 1.186376 3.249989 1.390007 3.249989 1.390007 0.6032112 1.287487 0.7057381 -3.006764 0.6032112 1.287487 0.7057381 1.390007 0.6032112 1.390007 0.3967659 1.390007 0.6032112 1.49323 0.4999886 1.390007 0.3967659 -3.006764 0.3967659 1.390007 0.6032112 1.49323 0.4999886 1.390007 0.6032112 1.390007 3.249989 -3.006764 0.3967659 -3.006764 0.6032112 1.390007 0.6032112 1.49323 0.4999886 1.596453 -2.250011 1.390007 0.3967659 1.596453 3.249989 1.596453 -2.250011 1.49323 0.4999886 1.390007 3.249989 1.596453 3.249989 1.49323 0.4999886 1.596453 3.249989 1.80009 -2.250011 1.596453 -2.250011 1.482622 0.2502224 1.596453 -0.745731 1.390007 -0.745731 1.524987 0.2520229 1.80009 -0.7117466 1.596453 -0.745731 1.80009 3.249989 1.80009 -2.250011 1.596453 3.249989 1.524987 0.2520229 1.596453 -0.745731 1.482622 0.2502224 1.440563 3.499989 1.482622 3.249989 1.440563 3.249989 1.482622 3.499989 1.482622 3.249989 1.440563 3.499989 1.482622 3.499989 1.524987 3.249989 1.482622 3.249989 1.482622 0.2502224 1.390007 -0.745731 1.440563 0.2556118 1.440563 0.2556118 1.186376 -0.7117466 1.400023 0.2680264 1.400023 3.499989 1.440563 3.249989 1.400023 3.249989 1.440563 0.2556118 1.390007 -0.745731 1.186376 -0.7117466 1.440563 3.499989 1.440563 3.249989 1.400023 3.499989 1.400023 0.2680264 0.7432301 -0.7990391 0.9452198 -0.8963047 1.362157 0.2871181 0.7432301 -0.7990391 1.400023 0.2680264 1.400023 3.499989 1.400023 3.249989 1.362157 3.499989 1.400023 0.2680264 0.9452198 -0.8963047 1.440563 0.2556118 1.440563 0.2556118 0.9452198 -0.8963047 1.159453 -0.9623935 0.9452198 3.499989 0.9452198 1.047999 1.159453 3.499989 0.7432301 1.249989 0.8424061 1.150819 0.9452198 3.499989 0.9452198 3.499989 0.7432301 3.499989 0.7432301 1.249989 0.9452198 3.499989 0.8424061 1.150819 0.9452198 1.047999 1.159453 3.499989 0.9452198 1.047999 1.051104 0.942115 -3.006764 1.047999 0.9452198 1.047999 0.8424061 1.150819 -3.006764 1.047999 1.051104 0.942115 0.9452198 1.047999 -3.006764 1.047999 0.8424061 1.150819 -3.006764 1.249989 -3.006764 0.8337654 1.051104 0.942115 -3.006764 1.047999 -0.5464573 1.183668 -0.8963047 1.047999 -0.7990391 1.249989 -0.6447178 1.0021 -0.9623935 0.8337654 -0.8963047 1.047999 -0.6447178 1.0021 -0.8963047 1.047999 -0.5464573 1.183668 0.6466297 1.346595 0.7254688 1.267762 -3.006764 1.183668 -3.006764 1.183668 -3.006764 1.346595 0.6466297 1.346595 -3.006764 1.183668 0.7254688 1.267762 0.8095448 1.183668 -3.006764 1.183668 0.8095448 1.183668 -3.006764 1.0021 -0.5464573 1.183668 -0.7990391 1.249989 -0.4196568 1.346595 -0.4196568 1.346595 -0.6727451 1.43523 -0.5202611 1.599561 -0.4196568 1.346595 -0.5202611 1.599561 -0.2677647 1.486414 -3.006764 -0.2677647 0.5068104 -0.2677647 -3.006764 -0.4196568 -0.4196568 1.346595 -0.7990391 1.249989 -0.6727451 1.43523 -3.006764 -0.4196568 0.5735768 -0.3466038 0.6466297 -0.4196568 -3.006764 -0.4196568 0.5068104 -0.2677647 0.5735768 -0.3466038 -0.2677647 3.249989 -0.3466038 1.419642 -0.2677647 1.486414 0.6466297 3.249989 0.6466297 1.346595 0.5735768 1.419642 -0.4196568 3.249989 -0.3466038 1.419642 -0.2677647 3.249989 1.328069 0.3123317 0.6466297 -0.4196568 1.298723 0.342947 1.328069 0.3123317 0.8095448 -0.5464573 0.6466297 -0.4196568 1.298723 0.342947 0.6466297 -0.4196568 0.5068104 -0.2677647 0.8095448 3.249989 0.7254688 1.267762 0.6466297 3.249989 0.6466297 3.249989 0.7254688 1.267762 0.6466297 1.346595 0.8095448 3.249989 0.8095448 1.183668 0.7254688 1.267762 1.362157 0.2871181 0.9911183 -0.6447178 0.8095448 -0.5464573 0.9911183 3.249989 0.898296 1.094923 0.8095448 3.249989 0.8095448 3.249989 0.898296 1.094923 0.8095448 1.183668 1.362157 0.2871181 0.8095448 -0.5464573 1.328069 0.3123317 1.328069 3.499989 1.362157 3.249989 1.328069 3.249989 1.362157 3.499989 1.362157 3.249989 1.328069 3.499989 1.362157 3.499989 1.400023 3.249989 1.362157 3.249989 1.400023 0.2680264 0.9911183 -0.6447178 1.362157 0.2871181 1.328069 0.3123317 0.5580006 -0.6727451 1.362157 0.2871181 0.3123317 3.499989 0.3123317 3.249989 0.342947 3.499989 1.328069 0.3123317 0.3936573 -0.5202611 0.5580006 -0.6727451 1.298723 0.342947 0.3936573 -0.5202611 1.328069 0.3123317 1.298723 0.342947 0.2538746 -0.3449802 0.3936573 -0.5202611 1.274974 0.3780788 0.2538746 -0.3449802 1.298723 0.342947 0.342947 3.499989 0.342947 3.249989 0.3780788 3.499989 0.342947 3.499989 0.3123317 3.249989 0.342947 3.249989 1.274974 0.3780788 0.05987435 0.05787009 0.1417774 -0.1508274 1.257512 0.4167202 0.05987435 0.05787009 1.274974 0.3780788 1.274974 0.3780788 0.1417774 -0.1508274 0.2538746 -0.3449802 0.3780788 3.499989 0.3780788 3.249989 0.4167202 3.499989 0.3780788 3.499989 0.342947 3.249989 0.3780788 3.249989 0.4167202 3.499989 0.3780788 3.249989 0.4167202 3.249989 1.298723 0.342947 0.5068104 -0.2677647 1.274974 0.3780788 1.274974 0.3780788 0.3938893 -0.0949375 1.257512 0.4167202 1.274974 0.3780788 0.5068104 -0.2677647 0.3938893 -0.0949375 -0.0949375 3.249989 -0.0949375 1.599329 -0.002121329 1.644703 -0.0949375 3.249989 -0.002121329 1.644703 0.09412497 3.249989 -0.2677647 3.249989 -0.1836887 1.546448 -0.0949375 3.249989 -0.0949375 3.249989 -0.1836887 1.546448 -0.0949375 1.599329 1.257512 0.4167202 0.3938893 -0.0949375 0.3109608 0.09412497 1.246831 0.457748 0.3109608 0.09412497 0.2602772 0.2942593 0.09412497 3.249989 0.1931484 1.711744 0.2942593 3.249989 0.09412497 3.249989 0.09412497 1.682264 0.1931484 1.711744 0.09412497 3.249989 -0.002121329 1.644703 0.09412497 1.682264 1.257512 0.4167202 0.3109608 0.09412497 1.246831 0.457748 0.5000027 3.499989 0.457748 3.249989 0.5000027 3.249989 0.457748 3.499989 0.457748 3.249989 0.5000027 3.499989 0.457748 3.499989 0.4167202 3.249989 0.457748 3.249989 1.246831 0.457748 0.2602772 0.2942593 1.24323 0.5000027 0.5000027 3.499989 0.5000027 3.249989 0.5422512 3.499989 1.24323 0.5000027 0.24323 0.5000027 1.246831 0.5422512 0.5422512 3.499989 0.5000027 3.249989 0.5422512 3.249989 1.24323 0.5000027 0.2602772 0.2942593 0.24323 0.5000027 1.246831 0.5422512 0.009984195 0.7235623 1.24323 0.5000027 1.246831 0.5422512 0.05987435 0.9421352 0.009984195 0.7235623 1.257512 0.5832852 0.05987435 0.9421352 1.246831 0.5422512 0.5422512 3.499989 0.5422512 3.249989 0.5832852 3.499989 1.257512 0.5832852 0.1417774 1.150827 0.05987435 0.9421352 0.5832852 3.499989 0.5832852 3.249989 0.6219265 3.499989 1.274974 0.6219265 0.1417774 1.150827 1.257512 0.5832852 0.5832852 3.499989 0.5422512 3.249989 0.5832852 3.249989 1.246831 0.5422512 0.2602772 0.7057461 1.257512 0.5832852 0.6219265 3.499989 0.5832852 3.249989 0.6219265 3.249989 1.257512 0.5832852 0.3109608 0.9058743 1.274974 0.6219265 1.257512 0.5832852 0.2602772 0.7057461 0.3109608 0.9058743 0.7057461 1.732935 0.8068569 1.711744 0.9058743 3.249989 0.9058743 3.249989 0.7057461 3.249989 0.7057461 1.732935 0.9058743 3.249989 0.8068569 1.711744 0.9058743 1.682264 0.9058743 3.249989 0.9058743 1.682264 1.094937 3.249989 1.274974 0.6219265 0.3109608 0.9058743 0.3938893 1.094937 1.298723 0.6570584 0.3938893 1.094937 0.5068104 1.267764 1.267764 3.249989 1.094937 3.249989 1.094937 1.599329 1.094937 3.249989 1.002121 1.644703 1.094937 1.599329 1.094937 3.249989 0.9058743 1.682264 1.002121 1.644703 1.274974 0.6219265 0.3938893 1.094937 1.298723 0.6570584 0.6876675 3.499989 0.6570584 3.249989 0.6876675 3.249989 0.6570584 3.499989 0.6570584 3.249989 0.6876675 3.499989 0.6570584 3.499989 0.6219265 3.249989 0.6570584 3.249989 1.298723 0.6570584 0.5068104 1.267764 1.328069 0.6876675 1.328069 0.6876675 0.6466297 1.419656 1.362157 0.7128811 1.362157 3.499989 1.328069 3.249989 1.362157 3.249989 1.328069 0.6876675 0.5068104 1.267764 0.6466297 1.419656 1.328069 3.499989 1.328069 3.249989 1.362157 3.499989 1.362157 0.7128811 0.7432301 1.799038 1.328069 0.6876675 1.362157 0.7128811 0.9452198 1.896316 0.7432301 1.799038 1.362157 3.499989 1.362157 3.249989 1.400023 3.499989 1.400023 0.7319729 0.9452198 1.896316 1.362157 0.7128811 0.8424061 1.150819 0.7432301 3.499989 0.9452198 3.499989 0.8424061 1.150819 0.9452198 3.499989 0.9452198 1.047999 0.9452198 1.047999 0.9452198 3.499989 1.051104 0.942115 1.051104 0.942115 0.9452198 3.499989 1.159453 3.499989 1.400023 0.7319729 1.159453 1.962393 0.9452198 1.896316 1.159453 0.8337654 1.159453 3.499989 1.26967 0.7235603 1.051104 0.942115 1.159453 3.499989 1.159453 0.8337654 1.26967 0.7235603 1.159453 3.499989 1.381139 3.499989 1.440563 0.7443875 1.381139 1.995803 1.159453 1.962393 1.440563 0.7443875 1.159453 1.962393 1.400023 0.7319729 1.440563 3.499989 1.440563 3.249989 1.482622 3.499989 1.482622 0.7497768 1.381139 1.995803 1.440563 0.7443875 1.400023 3.499989 1.400023 3.249989 1.440563 3.499989 1.440563 3.499989 1.400023 3.249989 1.440563 3.249989 1.482622 3.499989 1.440563 3.249989 1.482622 3.249989 1.400023 0.7319729 0.9911183 1.644717 1.440563 0.7443875 1.440563 0.7443875 1.186376 1.711752 1.482622 0.7497768 1.440563 0.7443875 0.9911183 1.644717 1.186376 1.711752 0.9911183 1.0021 1.087358 0.9058601 1.186376 3.249989 1.186376 3.249989 0.9911183 3.249989 0.9911183 1.0021 1.186376 3.249989 1.087358 0.9058601 1.186376 0.8068489 1.186376 3.249989 1.186376 0.8068489 1.390007 3.249989 1.482622 0.7497768 1.186376 1.711752 1.390007 1.74573 1.524987 0.7479763 1.390007 1.74573 1.596453 1.74573 1.596453 3.249989 1.390007 3.249989 1.390007 0.6032112 1.390007 3.249989 1.287487 0.7057381 1.390007 0.6032112 1.390007 3.249989 1.186376 0.8068489 1.287487 0.7057381 1.482622 0.7497768 1.390007 1.74573 1.524987 0.7479763 1.524987 3.499989 1.524987 3.249989 1.566436 3.499989 1.524987 3.499989 1.482622 3.249989 1.524987 3.249989 1.524987 0.7479763 1.596453 1.74573 1.566436 0.7390407 1.566436 3.499989 1.524987 3.249989 1.566436 3.249989 1.566436 0.7390407 2.04124 1.896316 1.827019 1.962393 1.605785 0.7232326 2.04124 1.896316 1.566436 0.7390407 1.566436 3.499989 1.566436 3.249989 1.605785 3.499989 1.566436 0.7390407 1.827019 1.962393 1.524987 0.7479763 1.605327 -2.500011 1.827019 3.499989 1.827019 -2.500011 1.605327 -2.500011 1.605327 3.499989 1.827019 3.499989 1.524987 0.7479763 1.827019 1.962393 1.605327 1.995803 1.827019 -2.500011 1.827019 3.499989 2.04124 3.499989 1.566436 0.7390407 1.827019 1.962393 2.04124 1.896316 1.605327 1.995803 1.827019 1.962393 1.566436 0.7390407 1.827019 -2.500011 2.04124 3.499989 2.04124 -2.500011 2.04124 -2.500011 2.04124 3.499989 2.24323 3.499989 2.04124 -2.500011 2.24323 3.499989 2.24323 -2.500011 1.605785 0.7232326 2.04124 1.896316 2.24323 1.799038 1.566436 0.7390407 2.04124 1.896316 1.605785 0.7232326 1.605785 -2.250011 1.566436 -2.500011 1.605785 -2.500011 1.605785 -2.250011 1.605785 -2.500011 1.641893 -2.250011 1.641893 -2.250011 1.605785 -2.500011 1.641893 -2.500011 1.605785 0.7232326 2.24323 1.799038 1.641893 0.7010037 1.641893 -2.250011 1.641893 -2.500011 1.673717 -2.250011 1.673717 -2.250011 1.641893 -2.500011 1.673717 -2.500011 1.641893 0.7010037 2.428472 1.67275 1.673717 0.6729885 1.641893 0.7010037 2.24323 1.799038 2.428472 1.67275 1.673717 0.6729885 2.428472 1.67275 2.592809 1.52026 2.24323 -2.500011 2.428472 3.499989 2.428472 -2.500011 2.428472 -2.500011 2.428472 3.499989 2.592809 3.499989 2.428472 -2.500011 2.592809 3.499989 2.592809 -2.500011 1.673717 0.6729885 2.592809 1.52026 1.700365 0.639999 1.700365 0.639999 2.592809 1.52026 2.732592 1.34498 1.52026 -2.500011 1.52026 3.499989 1.34498 3.499989 1.52026 -2.500011 1.34498 3.499989 1.34498 -2.500011 1.34498 -2.500011 1.34498 3.499989 1.150827 3.499989 1.34498 -2.500011 1.150827 3.499989 1.150827 -2.500011 1.721038 0.6029751 2.732592 1.34498 2.844689 1.150827 1.700365 0.639999 2.732592 1.34498 1.721038 0.6029751 0.6029751 -2.250011 0.639999 -2.500011 0.6029751 -2.500011 0.6029751 -2.250011 0.6029751 -2.500011 0.562991 -2.250011 0.562991 -2.250011 0.6029751 -2.500011 0.562991 -2.500011 1.721038 0.6029751 2.844689 1.150827 1.735167 0.562991 0.562991 -2.250011 0.562991 -2.500011 0.5212063 -2.250011 0.5212063 -2.250011 0.562991 -2.500011 0.5212063 -2.500011 1.735167 0.562991 2.926592 0.9421352 1.742333 0.5212063 1.735167 0.562991 2.844689 1.150827 2.926592 0.9421352 1.742333 0.5212063 2.926592 0.9421352 2.976482 0.7235623 1.150827 -2.500011 0.9421352 3.499989 0.9421352 -2.500011 0.9421352 -2.500011 0.9421352 3.499989 0.7235623 3.499989 0.9421352 -2.500011 0.7235623 3.499989 0.7235623 -2.500011 1.742333 0.5212063 2.976482 0.7235623 2.993236 0.5000027 0.7235623 -2.500011 0.7235623 3.499989 0.5000027 3.499989 0.7235623 -2.500011 0.5000027 3.499989 0.5000027 -2.500011 0.5000027 -2.500011 0.5000027 3.499989 0.276437 3.499989 0.5000027 -2.500011 0.276437 3.499989 0.276437 -2.500011 1.742333 0.4787991 2.993236 0.5000027 2.976482 0.276437 1.742333 0.5212063 2.993236 0.5000027 1.742333 0.4787991 0.4787991 -2.250011 0.5212063 -2.500011 0.4787991 -2.500011 0.4787991 -2.250011 0.4787991 -2.500011 0.4370083 -2.250011 0.4370083 -2.250011 0.4787991 -2.500011 0.4370083 -2.500011 1.742333 0.4787991 2.976482 0.276437 1.735167 0.4370083 0.4370083 -2.250011 0.4370083 -2.500011 0.3970242 -2.250011 0.3970242 -2.250011 0.4370083 -2.500011 0.3970242 -2.500011 1.735167 0.4370083 2.926592 0.05787009 1.721038 0.3970242 1.735167 0.4370083 2.976482 0.276437 2.926592 0.05787009 0.276437 -2.500011 0.05787009 3.499989 0.05787009 -2.500011 0.05787009 -2.500011 0.05787009 3.499989 -0.1508274 3.499989 0.05787009 -2.500011 -0.1508274 3.499989 -0.1508274 -2.500011 1.721038 0.3970242 2.926592 0.05787009 2.844689 -0.1508274 1.700365 0.3600124 2.844689 -0.1508274 2.732592 -0.3449802 1.721038 0.3970242 2.844689 -0.1508274 1.700365 0.3600124 -0.1508274 -2.500011 -0.1508274 3.499989 -0.3449802 3.499989 -0.1508274 -2.500011 -0.3449802 3.499989 -0.3449802 -2.500011 -0.3449802 -2.500011 -0.3449802 3.499989 -0.5202611 3.499989 -0.3449802 -2.500011 -0.5202611 3.499989 -0.5202611 -2.500011 1.673717 0.3270168 2.732592 -0.3449802 2.592809 -0.5202611 1.700365 0.3600124 2.732592 -0.3449802 1.673717 0.3270168 0.3270168 -2.250011 0.3600124 -2.500011 0.3270168 -2.500011 1.673717 -2.250011 1.673717 -2.500011 1.641893 -2.250011 1.641893 -2.250011 1.673717 -2.500011 1.641893 -2.500011 1.673717 0.3270168 2.592809 -0.5202611 1.641893 0.2989956 1.641893 -2.250011 1.641893 -2.500011 1.605785 -2.250011 1.605785 -2.250011 1.641893 -2.500011 1.605785 -2.500011 1.641893 0.2989956 2.428472 -0.6727451 1.605785 0.2767727 1.641893 0.2989956 2.592809 -0.5202611 2.428472 -0.6727451 2.592809 -2.500011 2.428472 3.499989 2.428472 -2.500011 2.428472 -2.500011 2.428472 3.499989 2.24323 3.499989 2.428472 -2.500011 2.24323 3.499989 2.24323 -2.500011 1.605785 0.2767727 2.428472 -0.6727451 2.24323 -0.7990391 2.24323 -2.500011 2.24323 3.499989 2.04124 3.499989 2.24323 -2.500011 2.04124 3.499989 2.04124 -2.500011 1.605785 0.2767727 2.24323 -0.7990391 2.04124 -0.8963047 2.04124 -2.500011 2.04124 3.499989 1.827019 3.499989 2.04124 -2.500011 1.827019 3.499989 1.827019 -2.500011 1.566436 0.2609585 2.04124 -0.8963047 1.827019 -0.9623935 1.605785 0.2767727 2.04124 -0.8963047 1.566436 0.2609585 1.566436 -2.250011 1.566436 -2.500011 1.524987 -2.250011 1.566436 -2.250011 1.605785 -2.500011 1.566436 -2.500011 1.524987 -2.250011 1.566436 -2.500011 1.524987 -2.500011 1.566436 0.2609585 1.827019 -0.9623935 1.524987 0.2520229 1.524987 -2.250011 1.524987 -2.500011 1.482622 -2.250011 1.482622 -2.250011 1.524987 -2.500011 1.482622 -2.500011 1.524987 0.2520229 1.605327 -0.9958042 1.482622 0.2502224 1.524987 0.2520229 1.827019 -0.9623935 1.605327 -0.9958042 1.827019 -2.500011 1.605327 3.499989 1.605327 -2.500011 1.605327 -2.500011 1.49323 0.4999886 1.381139 -2.500011 1.605327 -2.500011 1.605327 3.499989 1.49323 0.4999886 1.482622 0.2502224 1.605327 -0.9958042 1.381139 -0.9958042 1.482622 -2.250011 1.482622 -2.500011 1.440563 -2.250011 1.440563 -2.250011 1.482622 -2.500011 1.440563 -2.500011 1.482622 0.2502224 1.381139 -0.9958042 1.440563 0.2556118 1.440563 -2.250011 1.440563 -2.500011 1.400023 -2.250011 1.400023 -2.250011 1.440563 -2.500011 1.400023 -2.500011 1.440563 0.2556118 1.159453 -0.9623935 1.400023 0.2680264 1.440563 0.2556118 1.381139 -0.9958042 1.159453 -0.9623935 1.482622 0.2502224 1.390007 -0.745731 1.524987 0.2520229 1.440563 0.2556118 1.186376 -0.7117466 1.482622 0.2502224 1.482622 0.2502224 1.186376 -0.7117466 1.390007 -0.745731 1.524987 0.2520229 1.390007 -0.745731 1.596453 -0.745731 1.596453 -2.250011 1.390007 -2.250011 1.390007 0.3967659 1.390007 -2.250011 1.287487 0.2942513 1.390007 0.3967659 1.186376 -2.250011 1.186376 0.1931404 1.390007 -2.250011 1.390007 -2.250011 1.186376 0.1931404 1.287487 0.2942513 1.186376 0.1931404 -3.006764 0.1931404 1.287487 0.2942513 1.287487 0.2942513 -3.006764 0.3967659 1.390007 0.3967659 1.287487 0.2942513 -3.006764 0.1931404 -3.006764 0.3967659 1.087358 0.09410476 -3.006764 0.1931404 1.186376 0.1931404 1.186376 -2.250011 1.087358 0.09410476 1.186376 0.1931404 1.524987 0.2520229 1.596453 -0.745731 1.566436 0.2609585 1.566436 0.2609585 1.596453 -0.745731 1.80009 -0.7117466 1.566436 0.2609585 1.80009 -0.7117466 1.605785 0.2767727 1.605785 -2.250011 1.605785 -2.500011 1.566436 -2.250011 1.827019 -2.500011 1.827019 3.499989 1.605327 3.499989 1.566436 0.2609585 1.827019 -0.9623935 2.04124 -0.8963047 1.605327 -0.9958042 1.827019 -0.9623935 1.566436 0.2609585 1.566436 0.2609585 2.04124 -0.8963047 1.605785 0.2767727 1.524987 0.2520229 1.605327 -0.9958042 1.566436 0.2609585 1.566436 3.499989 1.566436 3.249989 1.524987 3.499989 1.605785 3.499989 1.605785 3.249989 1.566436 3.499989 1.566436 3.499989 1.605785 3.249989 1.566436 3.249989 1.605785 0.2767727 1.995354 -0.6447178 1.566436 0.2609585 1.524987 3.499989 1.566436 3.249989 1.524987 3.249989 1.566436 0.2609585 1.80009 -0.7117466 1.524987 0.2520229 1.566436 0.2609585 1.995354 -0.6447178 1.80009 -0.7117466 1.605785 0.2767727 2.176921 -0.5464573 1.995354 -0.6447178 2.176921 3.249989 2.176921 -2.250011 1.995354 3.249989 1.995354 3.249989 2.176921 -2.250011 1.995354 -2.250011 1.995354 3.249989 1.995354 -2.250011 1.80009 3.249989 1.641893 0.2989956 1.995354 -0.6447178 2.176921 -0.5464573 1.605785 0.2767727 1.995354 -0.6447178 1.641893 0.2989956 1.80009 3.249989 1.995354 -2.250011 1.80009 -2.250011 1.605785 0.2767727 1.80009 -0.7117466 1.995354 -0.6447178 1.673717 0.3270168 2.176921 -0.5464573 2.339837 -0.4196568 2.176921 3.249989 2.339837 -2.250011 2.176921 -2.250011 1.641893 0.2989956 2.176921 -0.5464573 1.673717 0.3270168 2.339837 3.249989 2.339837 -2.250011 2.176921 3.249989 -0.4196568 3.249989 -0.2677647 -2.250011 -0.4196568 -2.250011 1.700365 0.3600124 2.339837 -0.4196568 2.479656 -0.2677647 1.673717 0.3270168 2.339837 -0.4196568 1.700365 0.3600124 1.700365 0.3600124 2.479656 -0.2677647 1.721038 0.3970242 1.721038 0.3970242 2.479656 -0.2677647 2.592571 -0.0949375 -0.2677647 3.249989 -0.0949375 -2.250011 -0.2677647 -2.250011 -0.2677647 3.249989 -0.2677647 -2.250011 -0.4196568 3.249989 1.700365 0.3600124 2.479656 -0.2677647 1.673717 0.3270168 1.700365 0.3600124 2.592571 -0.0949375 2.479656 -0.2677647 1.673717 0.3270168 2.479656 -0.2677647 2.339837 -0.4196568 -0.0949375 3.249989 -0.0949375 -2.250011 -0.2677647 3.249989 1.721038 0.3970242 2.592571 -0.0949375 1.700365 0.3600124 1.721038 0.3970242 2.675505 0.09412497 2.592571 -0.0949375 0.09412497 3.249989 0.09412497 -2.250011 -0.0949375 3.249989 -0.0949375 3.249989 0.09412497 -2.250011 -0.0949375 -2.250011 2.675505 0.09412497 2.726183 0.2942593 1.742333 0.4787991 0.09412497 3.249989 0.2942593 -2.250011 0.09412497 -2.250011 1.735167 0.4370083 2.675505 0.09412497 1.742333 0.4787991 1.735167 0.4370083 2.592571 -0.0949375 2.675505 0.09412497 0.2942593 3.249989 0.2942593 -2.250011 0.09412497 3.249989 0.2942593 3.249989 0.5000027 -2.250011 0.2942593 -2.250011 1.742333 0.4787991 2.726183 0.2942593 2.743236 0.5000027 1.742333 0.5212063 2.743236 0.5000027 2.726183 0.7057461 1.742333 0.4787991 2.743236 0.5000027 1.742333 0.5212063 0.5000027 3.249989 0.7057461 -2.250011 0.5000027 -2.250011 0.5000027 3.249989 0.5000027 -2.250011 0.2942593 3.249989 1.742333 0.5212063 2.726183 0.7057461 2.743236 0.5000027 0.7057461 3.249989 0.7057461 -2.250011 0.5000027 3.249989 1.742333 0.5212063 2.743236 0.5000027 1.742333 0.4787991 1.742333 0.4787991 2.743236 0.5000027 2.726183 0.2942593 0.4370083 3.499989 0.4787991 3.249989 0.4370083 3.249989 0.4787991 3.499989 0.4787991 3.249989 0.4370083 3.499989 0.4787991 3.499989 0.5212063 3.249989 0.4787991 3.249989 1.742333 0.4787991 2.726183 0.2942593 1.735167 0.4370083 0.3970242 3.499989 0.4370083 3.249989 0.3970242 3.249989 0.4370083 3.499989 0.4370083 3.249989 0.3970242 3.499989 1.735167 0.4370083 2.675505 0.09412497 1.721038 0.3970242 1.735167 0.4370083 2.726183 0.2942593 2.675505 0.09412497 1.721038 0.3970242 2.732592 -0.3449802 2.844689 -0.1508274 1.700365 0.3600124 2.732592 -0.3449802 1.721038 0.3970242 0.3970242 3.499989 0.3970242 3.249989 0.3600124 3.499989 1.721038 0.3970242 2.844689 -0.1508274 1.735167 0.4370083 1.700365 0.3600124 2.592809 -0.5202611 2.732592 -0.3449802 0.3600124 3.499989 0.3600124 3.249989 0.3270168 3.499989 1.673717 0.3270168 2.592809 -0.5202611 1.700365 0.3600124 0.3600124 3.499989 0.3970242 3.249989 0.3600124 3.249989 1.673717 3.499989 1.673717 3.249989 1.641893 3.499989 1.641893 0.2989956 2.428472 -0.6727451 1.673717 0.3270168 0.3270168 3.499989 0.3600124 3.249989 0.3270168 3.249989 1.673717 0.3270168 2.428472 -0.6727451 2.592809 -0.5202611 1.641893 3.499989 1.673717 3.249989 1.641893 3.249989 1.641893 3.499989 1.641893 3.249989 1.605785 3.499989 1.641893 0.2989956 2.24323 -0.7990391 2.428472 -0.6727451 1.605785 0.2767727 2.24323 -0.7990391 1.641893 0.2989956 1.673717 0.3270168 2.339837 -0.4196568 1.641893 0.2989956 1.641893 0.2989956 2.176921 -0.5464573 1.605785 0.2767727 1.605785 3.499989 1.641893 3.249989 1.605785 3.249989 1.641893 0.2989956 2.339837 -0.4196568 2.176921 -0.5464573 1.742333 0.4787991 2.976482 0.276437 2.993236 0.5000027 1.742333 0.4787991 2.993236 0.5000027 1.742333 0.5212063 1.742333 0.4787991 2.926592 0.05787009 2.976482 0.276437 1.735167 0.4370083 2.926592 0.05787009 1.742333 0.4787991 0.5212063 3.499989 0.5212063 3.249989 0.4787991 3.499989 1.742333 0.5212063 2.993236 0.5000027 2.976482 0.7235623 1.742333 0.5212063 2.976482 0.7235623 1.735167 0.562991 0.562991 3.499989 0.562991 3.249989 0.5212063 3.499989 0.5212063 3.499989 0.562991 3.249989 0.5212063 3.249989 0.562991 3.499989 0.6029751 3.249989 0.562991 3.249989 1.721038 0.6029751 2.592571 1.094937 1.735167 0.562991 1.735167 0.562991 2.675505 0.9058743 1.742333 0.5212063 1.735167 0.562991 2.592571 1.094937 2.675505 0.9058743 1.094937 3.249989 1.094937 -2.250011 0.9058743 3.249989 0.9058743 3.249989 1.094937 -2.250011 0.9058743 -2.250011 0.9058743 3.249989 0.9058743 -2.250011 0.7057461 3.249989 2.675505 0.9058743 2.726183 0.7057461 1.742333 0.5212063 1.721038 0.6029751 2.675505 0.9058743 2.592571 1.094937 0.7057461 3.249989 0.9058743 -2.250011 0.7057461 -2.250011 1.735167 0.562991 2.726183 0.7057461 2.675505 0.9058743 1.735167 0.562991 2.675505 0.9058743 1.721038 0.6029751 1.094937 3.249989 1.267764 -2.250011 1.094937 -2.250011 1.700365 0.639999 2.592571 1.094937 2.479656 1.267764 1.721038 0.6029751 2.592571 1.094937 1.700365 0.639999 1.673717 0.6729885 2.479656 1.267764 2.339837 1.419656 1.700365 0.639999 2.479656 1.267764 1.673717 0.6729885 1.267764 3.249989 1.419656 -2.250011 1.267764 -2.250011 1.267764 3.249989 1.267764 -2.250011 1.094937 3.249989 1.700365 0.639999 2.479656 1.267764 1.721038 0.6029751 1.700365 0.639999 2.339837 1.419656 2.479656 1.267764 1.721038 0.6029751 2.479656 1.267764 2.592571 1.094937 1.419656 3.249989 1.419656 -2.250011 1.267764 3.249989 1.673717 0.6729885 2.339837 1.419656 1.700365 0.639999 1.673717 0.6729885 2.176921 1.546457 2.339837 1.419656 2.176921 3.249989 2.176921 -2.250011 2.339837 3.249989 2.339837 3.249989 2.176921 -2.250011 2.339837 -2.250011 1.605785 0.7232326 2.176921 1.546457 1.995354 1.644717 2.176921 3.249989 1.995354 -2.250011 2.176921 -2.250011 1.641893 0.7010037 2.339837 1.419656 2.176921 1.546457 1.641893 0.7010037 2.176921 1.546457 1.605785 0.7232326 1.995354 3.249989 1.995354 -2.250011 2.176921 3.249989 1.995354 3.249989 1.80009 -2.250011 1.995354 -2.250011 1.566436 0.7390407 1.995354 1.644717 1.80009 1.711752 1.605785 0.7232326 1.995354 1.644717 1.566436 0.7390407 1.524987 0.7479763 1.80009 1.711752 1.596453 1.74573 1.566436 0.7390407 1.80009 1.711752 1.524987 0.7479763 1.80009 3.249989 1.80009 -2.250011 1.995354 3.249989 1.80009 3.249989 1.596453 -2.250011 1.80009 -2.250011 1.482622 0.7497768 1.596453 1.74573 1.390007 1.74573 1.596453 -2.250011 1.49323 0.4999886 1.390007 -2.250011 1.524987 0.7479763 1.596453 1.74573 1.482622 0.7497768 1.596453 3.249989 1.596453 -2.250011 1.80009 3.249989 1.596453 3.249989 1.49323 0.4999886 1.596453 -2.250011 1.482622 0.7497768 1.390007 1.74573 1.440563 0.7443875 1.440563 -2.250011 1.440563 -2.500011 1.482622 -2.250011 1.482622 -2.250011 1.440563 -2.500011 1.482622 -2.500011 1.482622 -2.250011 1.482622 -2.500011 1.524987 -2.250011 1.440563 0.7443875 1.159453 1.962393 1.482622 0.7497768 1.524987 -2.250011 1.482622 -2.500011 1.524987 -2.500011 1.482622 0.7497768 1.381139 1.995803 1.524987 0.7479763 1.482622 0.7497768 1.159453 1.962393 1.381139 1.995803 1.524987 -2.250011 1.524987 -2.500011 1.566436 -2.250011 1.566436 -2.250011 1.524987 -2.500011 1.566436 -2.500011 1.524987 0.7479763 1.605327 1.995803 1.566436 0.7390407 1.524987 0.7479763 1.381139 1.995803 1.605327 1.995803 1.400023 0.7319729 0.9452198 1.896316 1.440563 0.7443875 1.440563 -2.250011 1.400023 -2.500011 1.440563 -2.500011 1.440563 0.7443875 0.9452198 1.896316 1.159453 1.962393 1.390007 -2.250011 1.49323 0.4999886 1.390007 0.3967659 1.390007 0.6032112 1.49323 0.4999886 1.596453 3.249989 1.390007 0.3967659 1.49323 0.4999886 1.390007 0.6032112 1.566436 0.7390407 1.596453 1.74573 1.80009 1.711752 1.605785 0.7232326 1.80009 1.711752 1.995354 1.644717 1.566436 0.7390407 1.80009 1.711752 1.605785 0.7232326 1.641893 3.499989 1.605785 3.249989 1.641893 3.249989 1.605785 3.499989 1.605785 3.249989 1.641893 3.499989 1.605785 3.499989 1.566436 3.249989 1.605785 3.249989 1.605785 0.7232326 1.995354 1.644717 1.641893 0.7010037 1.641893 0.7010037 2.176921 1.546457 1.673717 0.6729885 1.673717 3.499989 1.641893 3.249989 1.673717 3.249989 1.641893 0.7010037 1.995354 1.644717 2.176921 1.546457 1.641893 3.499989 1.641893 3.249989 1.673717 3.499989 1.673717 0.6729885 2.732592 1.34498 2.592809 1.52026 1.700365 0.639999 2.732592 1.34498 1.673717 0.6729885 0.6729885 3.499989 0.6729885 3.249989 0.639999 3.499989 1.673717 0.6729885 2.592809 1.52026 1.641893 0.7010037 1.700365 0.639999 2.844689 1.150827 2.732592 1.34498 0.639999 3.499989 0.639999 3.249989 0.6029751 3.499989 1.721038 0.6029751 2.844689 1.150827 1.700365 0.639999 0.639999 3.499989 0.6729885 3.249989 0.639999 3.249989 0.6029751 3.499989 0.6029751 3.249989 0.562991 3.499989 1.735167 0.562991 2.926592 0.9421352 1.721038 0.6029751 0.6029751 3.499989 0.639999 3.249989 0.6029751 3.249989 1.721038 0.6029751 2.926592 0.9421352 2.844689 1.150827 1.641893 0.7010037 2.428472 1.67275 1.605785 0.7232326 1.641893 0.7010037 2.592809 1.52026 2.428472 1.67275 1.566436 -2.250011 1.566436 -2.500011 1.605785 -2.250011 1.673717 0.6729885 2.339837 1.419656 1.641893 0.7010037 0.6729885 -2.250011 0.6729885 -2.500011 0.639999 -2.250011 0.639999 -2.250011 0.6729885 -2.500011 0.639999 -2.500011 0.639999 -2.250011 0.639999 -2.500011 0.6029751 -2.250011 1.735167 0.562991 2.976482 0.7235623 2.926592 0.9421352 1.735167 0.4370083 2.844689 -0.1508274 2.926592 0.05787009 1.742333 0.5212063 2.726183 0.7057461 1.735167 0.562991 1.721038 0.3970242 2.592571 -0.0949375 1.735167 0.4370083 0.3600124 -2.250011 0.3600124 -2.500011 0.3270168 -2.250011 0.3600124 -2.250011 0.3970242 -2.500011 0.3600124 -2.500011 0.3970242 -2.250011 0.3970242 -2.500011 0.3600124 -2.250011 1.605785 0.2767727 2.04124 -0.8963047 2.24323 -0.7990391 1.524987 0.2520229 1.381139 -0.9958042 1.605327 -0.9958042 1.482622 0.2502224 1.381139 -0.9958042 1.524987 0.2520229 1.524987 3.499989 1.524987 3.249989 1.482622 3.499989 2.592809 -2.500011 2.592809 3.499989 2.428472 3.499989 0.276437 -2.500011 0.276437 3.499989 0.05787009 3.499989 0.5212063 -2.250011 0.5212063 -2.500011 0.4787991 -2.250011 1.150827 -2.500011 1.150827 3.499989 0.9421352 3.499989 2.428472 1.67275 2.24323 1.799038 1.605785 0.7232326 2.24323 -2.500011 2.24323 3.499989 2.428472 3.499989 1.605785 0.7232326 2.24323 1.799038 2.04124 1.896316 1.482622 0.7497768 1.605327 1.995803 1.381139 1.995803 1.49323 0.4999886 1.381139 3.499989 1.605327 3.499989 1.49323 0.4999886 1.605327 3.499989 1.605327 -2.500011 1.524987 0.7479763 1.605327 1.995803 1.482622 0.7497768 1.482622 3.499989 1.482622 3.249989 1.524987 3.499989 1.287487 0.7057381 -3.006764 0.8068489 -3.006764 0.6032112 1.186376 0.8068489 -3.006764 0.8068489 1.287487 0.7057381 1.287487 0.7057381 -3.006764 0.6032112 1.390007 0.6032112 1.087358 0.9058601 -3.006764 1.0021 -3.006764 0.8068489 1.644717 1.0021 1.896316 1.047999 1.711752 0.8068489 1.711752 0.8068489 1.962393 0.8337654 1.74573 0.6032112 1.087358 0.9058601 -3.006764 0.8068489 1.186376 0.8068489 1.711752 0.8068489 1.896316 1.047999 1.962393 0.8337654 0.7432301 1.249989 0.8424061 1.150819 -3.006764 1.047999 -3.006764 1.047999 -3.006764 1.249989 0.7432301 1.249989 -3.006764 1.047999 0.8424061 1.150819 0.9452198 1.047999 -3.006764 1.047999 0.9452198 1.047999 -3.006764 0.8337654 1.644717 1.0021 1.799038 1.249989 1.896316 1.047999 1.546457 1.183668 1.67275 1.43523 1.799038 1.249989 -3.006764 1.43523 0.5580006 1.43523 -3.006764 1.249989 -3.006764 1.249989 0.5580006 1.43523 0.6482533 1.344971 1.546457 1.183668 1.799038 1.249989 1.644717 1.0021 -3.006764 1.249989 0.6482533 1.344971 0.7432301 1.249989 0.5580006 1.43523 0.5580006 3.499989 0.6482533 1.344971 0.6482533 1.344971 0.7432301 3.499989 0.7432301 1.249989 0.6482533 1.344971 0.5580006 3.499989 0.7432301 3.499989 0.5580006 1.67275 0.3936573 1.52026 1.298723 0.6570584 0.4729725 1.52024 0.3936573 3.499989 0.5580006 3.499989 0.4729725 1.52024 0.5580006 3.499989 0.5580006 1.43523 1.328069 0.6876675 0.7432301 1.799038 0.5580006 1.67275 1.328069 0.6876675 0.5580006 1.67275 1.298723 0.6570584 0.3936573 1.599561 0.3936573 3.499989 0.4729725 1.52024 0.3936573 1.599561 0.4729725 1.52024 -3.006764 1.43523 -3.006764 1.43523 0.4729725 1.52024 0.5580006 1.43523 -3.006764 1.52026 0.3204883 1.435238 0.3936573 1.52026 1.435238 1.672742 1.52026 3.499989 1.52026 1.599561 -3.006764 1.43523 -3.006764 1.599561 0.3936573 1.599561 1.419656 1.346595 1.52026 1.599561 1.67275 1.43523 1.267764 1.486414 1.34498 1.739356 1.52026 1.599561 -3.006764 1.34498 0.2538746 1.34498 -3.006764 1.52026 -3.006764 1.52026 0.2538746 1.34498 0.3204883 1.435238 1.267764 1.486414 1.52026 1.599561 1.419656 1.346595 1.419656 1.346595 1.67275 1.43523 1.546457 1.183668 0.7254688 1.267762 -3.006764 1.346595 -3.006764 1.183668 0.5735768 1.346603 -3.006764 1.419656 0.6466297 1.419656 0.5735768 1.346603 -3.006764 1.267764 -3.006764 1.419656 0.6466297 1.346595 -3.006764 1.346595 0.7254688 1.267762 0.6466297 1.346595 0.7254688 1.267762 0.8095448 3.249989 0.7254688 1.267762 -3.006764 1.183668 0.8095448 1.183668 0.8095448 3.249989 0.7254688 1.267762 0.8095448 1.183668 1.362157 0.7128811 0.8095448 1.546457 1.400023 0.7319729 1.362157 0.7128811 0.6466297 1.419656 0.8095448 1.546457 1.400023 0.7319729 0.8095448 1.546457 0.9911183 1.644717 0.8095448 3.249989 0.8095448 1.183668 0.9911183 3.249989 0.8095448 3.249989 0.6466297 3.249989 0.6466297 1.346595 0.9911183 3.249989 0.8095448 1.183668 0.898296 1.094923 0.8095448 1.183668 -3.006764 1.183668 0.898296 1.094923 0.9911183 3.249989 0.898296 1.094923 0.9911183 1.0021 0.898296 1.094923 -3.006764 1.183668 -3.006764 1.0021 0.898296 1.094923 -3.006764 1.0021 0.9911183 1.0021 0.6466297 3.249989 0.5735768 1.419642 0.6466297 1.346595 1.419656 3.249989 1.267764 1.486414 1.346603 1.419642 0.5068104 1.267764 -3.006764 1.267764 0.5735768 1.346603 0.4467762 1.183688 -3.006764 1.267764 0.5068104 1.267764 1.267764 3.249989 1.183688 1.546448 1.267764 1.486414 1.267764 3.249989 1.267764 1.486414 1.419656 3.249989 1.094937 1.599329 1.183688 1.546448 1.267764 3.249989 0.4467762 1.183688 -3.006764 1.094937 -3.006764 1.267764 0.3938893 1.094937 -3.006764 1.094937 0.4467762 1.183688 0.3485157 1.002121 -3.006764 0.9058743 -3.006764 1.094937 0.9058743 1.682264 0.9421352 1.93335 1.094937 1.599329 1.094937 1.599329 1.150827 1.851441 1.267764 1.486414 1.094937 1.599329 0.9421352 1.93335 1.150827 1.851441 0.3485157 1.002121 -3.006764 1.094937 0.3938893 1.094937 0.009984195 0.7235623 0.03083992 0.8337857 -3.006764 0.9421352 -3.006764 0.9421352 -3.006764 0.7235623 0.009984195 0.7235623 -3.006764 0.9421352 0.03083992 0.8337857 0.05987435 0.9421352 -3.006764 0.9421352 0.05987435 0.9421352 -3.006764 1.150827 0.9058743 1.682264 0.7235623 1.983228 0.9421352 1.93335 -3.006764 0.7235623 -0.002570748 0.6120938 0.009984195 0.7235623 -3.006764 0.7235623 -0.006769955 0.5000027 -0.002570748 0.6120938 -3.006764 0.5000027 -0.006769955 0.5000027 -3.006764 0.7235623 0.7057461 1.732935 0.5000027 1.999989 0.7235623 1.983228 0.7057461 1.732935 0.7235623 1.983228 0.9058743 1.682264 0.5000027 1.999989 0.5000027 3.499989 0.6120938 1.995789 0.6120938 1.995789 0.5000027 3.499989 0.7235623 3.499989 0.6120938 1.995789 0.7235623 3.499989 0.7235623 1.983228 1.246831 0.457748 -0.006769955 0.5000027 0.009984195 0.276437 0.5000027 1.999989 0.276437 3.499989 0.5000027 3.499989 1.24323 0.5000027 0.009984195 0.7235623 -0.006769955 0.5000027 1.24323 0.5000027 -0.006769955 0.5000027 1.246831 0.457748 1.257512 0.4167202 0.009984195 0.276437 0.05987435 0.05787009 0.276437 3.499989 0.276437 1.983228 0.05787009 3.499989 0.3879055 1.995789 0.276437 3.499989 0.5000027 1.999989 1.246831 0.457748 0.009984195 0.276437 1.257512 0.4167202 0.3879055 1.995789 0.276437 1.983228 0.276437 3.499989 -3.006764 0.276437 0.009984195 0.276437 -0.002570748 0.3879055 0.276437 1.983228 0.1662197 1.962379 0.05787009 3.499989 -3.006764 0.276437 0.03083992 0.1662197 0.009984195 0.276437 -3.006764 0.05787009 0.03083992 0.1662197 -3.006764 0.276437 -3.006764 0.276437 -0.002570748 0.3879055 -3.006764 0.5000027 0.5000027 1.749989 0.276437 1.983228 0.5000027 1.999989 0.2942593 1.732935 0.05787009 1.93335 0.276437 1.983228 0.2942593 1.732935 0.276437 1.983228 0.5000027 1.749989 0.5000027 1.749989 0.5000027 1.999989 0.7057461 1.732935 0.24323 0.5000027 -3.006764 0.2942593 -3.006764 0.5000027 0.2475025 0.6032254 -3.006764 0.5000027 -3.006764 0.7057461 0.24323 0.5000027 -3.006764 0.5000027 0.2475025 0.6032254 0.2475025 0.6032254 -3.006764 0.7057461 0.2602772 0.7057461 0.7057461 3.249989 0.6032254 1.745716 0.7057461 1.732935 0.7057461 3.249989 0.5000027 1.749989 0.6032254 1.745716 0.2475025 0.3967739 -3.006764 0.2942593 0.24323 0.5000027 0.5000027 3.249989 0.3967739 1.745716 0.5000027 1.749989 0.5000027 3.249989 0.5000027 1.749989 0.7057461 3.249989 0.2942593 3.249989 0.2942593 1.732935 0.3967739 1.745716 0.2942593 3.249989 0.3967739 1.745716 0.5000027 3.249989 0.2475025 0.3967739 0.2602772 0.2942593 -3.006764 0.2942593 0.2602772 0.2942593 0.2814808 0.1931484 -3.006764 0.09412497 -3.006764 0.2942593 0.2602772 0.2942593 -3.006764 0.09412497 0.2942593 3.249989 0.1931484 1.711744 0.2942593 1.732935 0.09412497 1.682264 0.05787009 1.93335 0.2942593 1.732935 -3.006764 0.09412497 0.2814808 0.1931484 0.3109608 0.09412497 -3.006764 0.09412497 0.3109608 0.09412497 -3.006764 -0.0949375 0.09412497 1.682264 -0.1508274 1.851441 0.05787009 1.93335 -0.0949375 1.599329 -0.1508274 1.851441 0.09412497 1.682264 -0.0949375 1.599329 -0.3449802 1.739356 -0.1508274 1.851441 -0.2677647 1.486414 -0.3449802 1.739356 -0.0949375 1.599329 -3.006764 -0.2677647 -3.006764 -0.0949375 0.3938893 -0.0949375 -3.006764 -0.0949375 0.3485157 -0.002121329 0.3938893 -0.0949375 -3.006764 -0.0949375 0.3109608 0.09412497 0.3485157 -0.002121329 -3.006764 -0.3449802 0.3204883 -0.4352329 0.2538746 -0.3449802 -3.006764 -0.5202611 0.3204883 -0.4352329 -3.006764 -0.3449802 -3.006764 -0.3449802 0.1941944 -0.2500035 -3.006764 -0.1508274 -0.2677647 1.486414 -0.5202611 1.599561 -0.3449802 1.739356 -3.006764 -0.3449802 0.2538746 -0.3449802 0.1941944 -0.2500035 -0.3449802 3.499989 -0.3449802 1.739356 -0.5202611 3.499989 -0.3449802 3.499989 -0.2500035 1.799024 -0.3449802 1.739356 -0.5202611 3.499989 -0.3449802 1.739356 -0.4352329 1.672742 -0.1508274 1.851441 -0.2500035 1.799024 -0.3449802 3.499989 -3.006764 -0.1508274 0.1941944 -0.2500035 0.1417774 -0.1508274 -0.3449802 3.499989 -0.1508274 3.499989 -0.1508274 1.851441 -0.1508274 3.499989 -0.04801368 1.896302 -0.1508274 1.851441 -3.006764 -0.1508274 0.1417774 -0.1508274 0.09692269 -0.04801368 -3.006764 0.05787009 0.09692269 -0.04801368 0.05987435 0.05787009 -0.1508274 3.499989 0.05787009 1.93335 -0.04801368 1.896302 -3.006764 -0.1508274 0.09692269 -0.04801368 -3.006764 0.05787009 0.05787009 3.499989 0.05787009 1.93335 -0.1508274 3.499989 0.05787009 3.499989 0.1662197 1.962379 0.05787009 1.93335 -3.006764 0.05787009 0.05987435 0.05787009 0.03083992 0.1662197 -3.006764 -0.5202611 0.3936573 -0.5202611 0.3204883 -0.4352329 -0.5202611 3.499989 -0.4352329 1.672742 -0.5202611 1.599561 0.3936573 1.599561 0.4729725 1.52024 0.5580006 3.499989 0.5580006 3.499989 0.3936573 3.499989 0.3936573 1.599561 -3.006764 1.599561 0.4729725 1.52024 0.3936573 1.599561 -3.006764 1.43523 0.5580006 1.43523 0.4729725 1.52024 0.5580006 3.499989 0.4729725 1.52024 0.5580006 1.43523 -3.006764 1.43523 0.4729725 1.52024 -3.006764 1.599561 0.7432301 3.499989 0.5580006 1.43523 0.6482533 1.344971 0.5580006 3.499989 0.5580006 1.43523 0.7432301 3.499989 -3.006764 1.43523 0.6482533 1.344971 0.5580006 1.43523 0.7432301 3.499989 0.6482533 1.344971 0.7432301 1.249989 -3.006764 1.249989 0.7432301 1.249989 0.6482533 1.344971 -3.006764 1.249989 0.6482533 1.344971 -3.006764 1.43523 -3.006764 0.5000027 -0.002570748 0.3879055 -0.006769955 0.5000027 0.2814808 0.8068569 -3.006764 0.7057461 -3.006764 0.9058743 0.2602772 0.7057461 -3.006764 0.7057461 0.2814808 0.8068569 0.8337857 1.962379 0.9421352 3.499989 0.9421352 1.93335 0.9421352 1.93335 0.9421352 3.499989 1.048013 1.896302 -3.006764 1.150827 0.05987435 0.9421352 0.09692269 1.048013 1.048013 1.896302 0.9421352 3.499989 1.150827 3.499989 1.048013 1.896302 1.150827 3.499989 1.150827 1.851441 -3.006764 1.150827 0.09692269 1.048013 0.1417774 1.150827 1.150827 1.851441 1.150827 3.499989 1.250003 1.799024 0.1417774 1.150827 0.1941944 1.250003 -3.006764 1.34498 -3.006764 1.34498 -3.006764 1.150827 0.1417774 1.150827 1.250003 1.799024 1.34498 3.499989 1.34498 1.739356 1.250003 1.799024 1.150827 3.499989 1.34498 3.499989 -3.006764 1.34498 0.1941944 1.250003 0.2538746 1.34498 1.34498 1.739356 1.34498 3.499989 1.435238 1.672742 1.435238 1.672742 1.34498 3.499989 1.52026 3.499989 1.298723 0.6570584 0.3936573 1.52026 0.2538746 1.34498 1.298723 0.6570584 0.2538746 1.34498 1.274974 0.6219265 1.274974 0.6219265 0.2538746 1.34498 0.1417774 1.150827 0.8337857 1.962379 0.7235623 3.499989 0.9421352 3.499989 0.7235623 1.983228 0.7235623 3.499989 0.8337857 1.962379 1.150827 1.851441 1.34498 1.739356 1.267764 1.486414 0.2814808 0.8068569 -3.006764 0.9058743 0.3109608 0.9058743 0.3109608 0.9058743 -3.006764 0.9058743 0.3485157 1.002121 0.7432301 1.249989 0.7432301 3.499989 0.8424061 1.150819 0.9911183 1.0021 -3.006764 1.0021 1.087358 0.9058601 1.400023 3.499989 1.362157 3.249989 1.400023 3.249989 -3.006764 0.8337654 0.9452198 1.047999 1.051104 0.942115 -3.006764 0.8337654 1.051104 0.942115 1.159453 0.8337654 0.6219265 3.499989 0.6219265 3.249989 0.6570584 3.499989 1.246831 0.5422512 0.24323 0.5000027 0.2602772 0.7057461 0.4167202 3.499989 0.4167202 3.249989 0.457748 3.499989 0.3938893 -0.0949375 0.4467762 -0.1836887 -3.006764 -0.2677647 -0.2677647 3.249989 -0.2677647 1.486414 -0.1836887 1.546448 -3.006764 -0.2677647 0.4467762 -0.1836887 0.5068104 -0.2677647 1.362157 0.2871181 0.5580006 -0.6727451 0.7432301 -0.7990391 0.9911183 3.249989 0.9911183 1.0021 0.898296 1.094923 -3.006764 1.0021 0.8095448 1.183668 0.898296 1.094923 -3.006764 1.0021 0.898296 1.094923 0.9911183 1.0021 1.400023 0.2680264 1.186376 -0.7117466 0.9911183 -0.6447178 1.186376 3.249989 1.087358 0.9058601 0.9911183 3.249989 0.9911183 3.249989 1.087358 0.9058601 0.9911183 1.0021 -3.006764 1.249989 0.8424061 1.150819 0.7432301 1.249989 1.159453 3.499989 1.051104 0.942115 1.159453 0.8337654 -3.006764 0.8337654 1.159453 0.8337654 1.051104 0.942115 1.26967 0.7235603 1.381139 3.499989 1.159453 0.8337654 1.381139 3.499989 1.159453 3.499989 1.159453 0.8337654 -3.006764 0.8337654 1.26967 0.7235603 1.159453 0.8337654 1.482622 0.2502224 1.159453 -0.9623935 1.381139 -0.9958042 1.440563 0.2556118 1.159453 -0.9623935 1.482622 0.2502224 -0.745731 0.3967659 -0.9958042 0.3878914 -0.745731 0.6032112 1.400023 0.2680264 1.159453 -0.9623935 0.9452198 -0.8963047 1.159453 -2.500011 1.051104 0.0578621 0.9452198 -2.500011 1.400023 -2.250011 1.400023 -2.500011 1.362157 -2.250011 1.362157 0.2871181 0.8095448 -0.5464573 1.400023 0.2680264 1.362157 0.2871181 0.6466297 -0.4196568 0.8095448 -0.5464573 -3.006764 -0.5202611 0.3204883 -0.4352329 0.3936573 -0.5202611 -3.006764 -0.4352532 -3.006764 -0.5995964 0.3936573 -0.5995964 -0.4196568 -0.3466057 -0.5202611 -0.5995964 -0.6727451 -0.4352532 -0.4196568 -0.3466057 -0.6727451 -0.4352532 -0.5464573 -0.1837028 -0.2677647 -2.250011 -0.2677647 -0.4864372 -0.4196568 -2.250011 1.274974 0.6219265 0.5068104 1.267764 0.3938893 1.094937 1.267764 -2.250011 1.183688 -0.5464714 1.094937 -2.250011 0.3936573 -0.5995964 -3.006764 -0.5995964 0.4729725 -0.5202751 0.3204883 1.435238 -3.006764 1.52026 0.3936573 1.52026 1.419656 -0.3466057 1.67275 -0.4352532 1.52026 -0.5995964 0.4729725 -0.5202751 -3.006764 -0.5995964 -3.006764 -0.4352532 0.3204883 1.435238 -3.006764 1.34498 -3.006764 1.52026 0.3936573 -0.5995964 0.4729725 -0.5202751 0.5580006 -2.500011 0.4729725 -0.5202751 -3.006764 -0.4352532 0.5580006 -0.4352532 0.5580006 -2.500011 0.4729725 -0.5202751 0.5580006 -0.4352532 -3.006764 -0.1837028 0.8095448 -0.1837028 -3.006764 -0.002135455 1.400023 -2.250011 1.400023 -2.500011 1.440563 -2.250011 1.400023 0.7319729 0.9911183 1.644717 1.362157 0.7128811 1.381139 -2.500011 1.159453 -2.500011 1.159453 0.1662117 1.644717 -0.002135455 1.896316 -0.04802167 1.546457 -0.1837028</float_array>
          <technique_common>
            <accessor source="#Rover_Complete_STL_013-mesh-map-0-array" count="3300" stride="2">
              <param name="S" type="float"/>
              <param name="T" type="float"/>
            </accessor>
          </technique_common>
        </source>
        <vertices id="Rover_Complete_STL_013-mesh-vertices">
          <input semantic="POSITION" source="#Rover_Complete_STL_013-mesh-positions"/>
        </vertices>
        <triangles material="Steel_Glossy-material" count="1100">
          <input semantic="VERTEX" source="#Rover_Complete_STL_013-mesh-vertices" offset="0"/>
          <input semantic="NORMAL" source="#Rover_Complete_STL_013-mesh-normals" offset="1"/>
          <input semantic="TEXCOORD" source="#Rover_Complete_STL_013-mesh-map-0" offset="2" set="0"/>
          <p>1 0 0 5 0 1 0 0 2 0 1 3 2 1 4 1 1 5 0 2 6 4 2 7 2 2 8 0 3 9 6 3 10 3 3 11 3 4 12 4 4 13 0 4 14 0 5 15 5 5 16 6 5 17 6 6 18 7 6 19 8 6 20 6 7 21 9 7 22 7 7 23 3 8 24 6 8 25 8 8 26 5 9 27 9 9 28 6 9 29 5 10 30 11 10 31 9 10 32 9 11 33 10 11 34 7 11 35 9 12 36 11 12 37 10 12 38 11 13 39 12 13 40 13 13 41 5 14 42 12 14 43 11 14 44 10 15 45 11 15 46 13 15 47 13 16 48 16 16 49 14 16 50 14 17 51 17 17 52 13 17 53 13 18 54 15 18 55 10 18 56 13 19 57 17 19 58 15 19 59 13 20 60 12 20 61 16 20 62 20 21 63 15 21 64 17 21 65 18 22 66 17 22 67 21 22 68 20 23 69 17 23 70 18 23 71 14 24 72 19 24 73 17 24 74 21 25 75 17 25 76 19 25 77 22 26 78 21 26 79 23 26 80 18 27 81 21 27 82 22 27 83 21 28 84 19 28 85 23 28 86 23 29 87 19 29 88 24 29 89 25 30 90 23 30 91 24 30 92 22 31 93 23 31 94 25 31 95 26 32 96 25 32 97 29 32 98 26 33 99 22 33 100 25 33 101 29 34 102 25 34 103 27 34 104 27 35 105 25 35 106 28 35 107 25 36 108 24 36 109 28 36 110 30 37 111 26 37 112 29 37 113 30 38 114 29 38 115 31 38 116 31 39 117 29 39 118 32 39 119 29 40 120 27 40 121 32 40 122 31 41 123 32 41 124 33 41 125 33 42 126 32 42 127 34 42 128 32 43 129 35 43 130 34 43 131 32 44 132 27 44 133 35 44 134 34 45 135 35 45 136 36 45 137 36 46 138 35 46 139 37 46 140 35 47 141 39 47 142 37 47 143 27 48 144 38 48 145 35 48 146 35 49 147 38 49 148 39 49 149 38 50 150 40 50 151 39 50 152 39 51 153 41 51 154 37 51 155 39 52 156 40 52 157 41 52 158 41 53 159 40 53 160 44 53 161 37 54 162 41 54 163 45 54 164 43 55 165 42 55 166 41 55 167 45 56 168 41 56 169 42 56 170 43 57 171 41 57 172 44 57 173 36 58 174 45 58 175 46 58 176 37 59 177 45 59 178 36 59 179 45 60 180 42 60 181 46 60 182 36 61 183 46 61 184 47 61 185 47 62 186 46 62 187 48 62 188 46 63 189 42 63 190 48 63 191 47 64 192 48 64 193 49 64 194 48 65 195 50 65 196 49 65 197 48 66 198 42 66 199 50 66 200 53 67 201 50 67 202 42 67 203 49 68 204 50 68 205 54 68 206 52 69 207 51 69 208 50 69 209 54 70 210 50 70 211 51 70 212 52 71 213 50 71 214 53 71 215 54 72 216 55 72 217 49 72 218 56 73 219 55 73 220 54 73 221 54 74 222 51 74 223 56 74 224 56 75 225 58 75 226 55 75 227 56 76 228 59 76 229 57 76 230 57 77 231 58 77 232 56 77 233 56 78 234 51 78 235 59 78 236 62 79 237 60 79 238 59 79 239 60 80 240 61 80 241 59 80 242 59 81 243 61 81 244 57 81 245 51 82 246 62 82 247 59 82 248 62 83 249 63 83 250 60 83 251 64 84 252 63 84 253 62 84 254 66 85 255 62 85 256 51 85 257 65 86 258 64 86 259 62 86 260 65 87 261 62 87 262 66 87 263 66 88 264 51 88 265 52 88 266 67 89 267 65 89 268 66 89 269 52 90 270 69 90 271 66 90 272 67 91 273 66 91 274 68 91 275 66 92 276 70 92 277 68 92 278 66 93 279 69 93 280 70 93 281 71 94 282 68 94 283 70 94 284 71 95 285 70 95 286 72 95 287 72 96 288 70 96 289 69 96 290 33 97 291 72 97 292 73 97 293 72 98 294 75 98 295 73 98 296 74 99 297 72 99 298 33 99 299 74 100 300 71 100 301 72 100 302 72 101 303 69 101 304 75 101 305 73 102 306 75 102 307 76 102 308 76 103 309 75 103 310 52 103 311 52 104 312 75 104 313 69 104 314 53 105 315 77 105 316 76 105 317 52 106 318 53 106 319 76 106 320 73 107 321 76 107 322 77 107 323 53 108 324 78 108 325 77 108 326 73 109 327 77 109 328 79 109 329 79 110 330 77 110 331 78 110 332 31 111 333 79 111 334 30 111 335 31 112 336 73 112 337 79 112 338 30 113 339 79 113 340 80 113 341 79 114 342 81 114 343 80 114 344 79 115 345 78 115 346 81 115 347 82 116 348 81 116 349 43 116 350 80 117 351 81 117 352 82 117 353 43 118 354 81 118 355 78 118 356 43 119 357 44 119 358 82 119 359 44 120 360 83 120 361 82 120 362 80 121 363 82 121 364 83 121 365 84 122 366 83 122 367 85 122 368 80 123 369 83 123 370 84 123 371 44 124 372 85 124 373 83 124 374 84 125 375 85 125 376 86 125 377 87 126 378 86 126 379 85 126 380 87 127 381 85 127 382 44 127 383 87 128 384 88 128 385 19 128 386 44 129 387 88 129 388 87 129 389 87 130 390 14 130 391 89 130 392 87 131 393 19 131 394 14 131 395 89 132 396 86 132 397 87 132 398 90 133 399 86 133 400 89 133 401 14 134 402 91 134 403 89 134 404 90 135 405 89 135 406 91 135 407 92 136 408 91 136 409 16 136 410 90 137 411 91 137 412 92 137 413 14 138 414 16 138 415 91 138 416 93 139 417 92 139 418 1 139 419 93 140 420 90 140 421 92 140 422 92 141 423 16 141 424 12 141 425 92 142 426 12 142 427 5 142 428 1 143 429 92 143 430 5 143 431 93 144 432 94 144 433 95 144 434 93 145 435 96 145 436 94 145 437 95 146 438 90 146 439 93 146 440 1 147 441 96 147 442 93 147 443 2 148 444 97 148 445 96 148 446 1 149 447 2 149 448 96 149 449 96 150 450 98 150 451 94 150 452 96 151 453 97 151 454 98 151 455 94 152 456 98 152 457 99 152 458 99 153 459 98 153 460 100 153 461 98 154 462 102 154 463 100 154 464 97 155 465 101 155 466 98 155 467 98 156 468 101 156 469 102 156 470 101 157 471 103 157 472 102 157 473 102 158 474 104 158 475 100 158 476 102 159 477 103 159 478 104 159 479 105 160 480 104 160 481 103 160 482 100 161 483 104 161 484 106 161 485 10 162 486 15 162 487 104 162 488 106 163 489 104 163 490 15 163 491 10 164 492 104 164 493 105 164 494 99 165 495 106 165 496 107 165 497 100 166 498 106 166 499 99 166 500 106 167 501 15 167 502 107 167 503 99 168 504 107 168 505 108 168 506 108 169 507 107 169 508 20 169 509 107 170 510 15 170 511 20 170 512 109 171 513 108 171 514 22 171 515 109 172 516 99 172 517 108 172 518 22 173 519 108 173 520 18 173 521 108 174 522 20 174 523 18 174 524 94 175 525 99 175 526 109 175 527 95 176 528 94 176 529 109 176 530 95 177 531 109 177 532 110 177 533 110 178 534 109 178 535 26 178 536 109 179 537 22 179 538 26 179 539 110 180 540 84 180 541 95 180 542 110 181 543 26 181 544 30 181 545 30 182 546 80 182 547 110 182 548 110 183 549 80 183 550 84 183 551 105 184 552 103 184 553 111 184 554 7 185 555 10 185 556 105 185 557 112 186 558 105 186 559 111 186 560 7 187 561 105 187 562 112 187 563 112 188 564 111 188 565 113 188 566 8 189 567 112 189 568 113 189 569 8 190 570 7 190 571 112 190 572 113 191 573 115 191 574 114 191 575 114 192 576 8 192 577 113 192 578 113 193 579 111 193 580 115 193 581 114 194 582 115 194 583 117 194 584 115 195 585 111 195 586 116 195 587 115 196 588 116 196 589 117 196 590 114 197 591 117 197 592 118 197 593 117 198 594 116 198 595 119 198 596 118 199 597 117 199 598 119 199 599 119 200 600 116 200 601 120 200 602 119 201 603 120 201 604 121 201 605 118 202 606 119 202 607 121 202 608 121 203 609 123 203 610 122 203 611 122 204 612 118 204 613 121 204 614 121 205 615 120 205 616 123 205 617 122 206 618 123 206 619 124 206 620 123 207 621 120 207 622 125 207 623 123 208 624 125 208 625 124 208 626 125 209 627 126 209 628 129 209 629 125 210 630 127 210 631 126 210 632 120 211 633 127 211 634 125 211 635 130 212 636 125 212 637 128 212 638 125 213 639 129 213 640 128 213 641 124 214 642 125 214 643 130 214 644 130 215 645 128 215 646 132 215 647 131 216 648 130 216 649 132 216 650 131 217 651 124 217 652 130 217 653 132 218 654 128 218 655 134 218 656 132 219 657 134 219 658 133 219 659 133 220 660 131 220 661 132 220 662 134 221 663 128 221 664 135 221 665 134 222 666 135 222 667 136 222 668 133 223 669 134 223 670 136 223 671 136 224 672 135 224 673 137 224 674 138 225 675 136 225 676 137 225 677 133 226 678 136 226 679 138 226 680 139 227 681 138 227 682 141 227 683 139 228 684 133 228 685 138 228 686 141 229 687 138 229 688 140 229 689 140 230 690 138 230 691 142 230 692 138 231 693 137 231 694 142 231 695 142 232 696 144 232 697 143 232 698 142 233 699 143 233 700 140 233 701 137 234 702 144 234 703 142 234 704 137 235 705 135 235 706 144 235 707 135 236 708 147 236 709 144 236 710 143 237 711 144 237 712 145 237 713 144 238 714 146 238 715 145 238 716 144 239 717 147 239 718 146 239 719 147 240 720 150 240 721 148 240 722 146 241 723 147 241 724 148 241 725 135 242 726 149 242 727 147 242 728 149 243 729 151 243 730 147 243 731 147 244 732 151 244 733 150 244 734 152 245 735 151 245 736 153 245 737 152 246 738 150 246 739 151 246 740 149 247 741 153 247 742 151 247 743 152 248 744 153 248 745 155 248 746 154 249 747 153 249 748 149 249 749 155 250 750 153 250 751 154 250 752 158 251 753 155 251 754 156 251 755 155 252 756 157 252 757 156 252 758 155 253 759 154 253 760 157 253 761 152 254 762 155 254 763 158 254 764 159 255 765 152 255 766 158 255 767 160 256 768 159 256 769 158 256 770 160 257 771 158 257 772 161 257 773 161 258 774 158 258 775 162 258 776 158 259 777 156 259 778 162 259 779 161 260 780 162 260 781 163 260 782 163 261 783 162 261 784 164 261 785 162 262 786 165 262 787 164 262 788 162 263 789 156 263 790 165 263 791 165 264 792 168 264 793 166 264 794 165 265 795 166 265 796 169 265 797 156 266 798 167 266 799 165 266 800 165 267 801 167 267 802 168 267 803 164 268 804 165 268 805 169 268 806 4 269 807 169 269 808 170 269 809 169 270 810 171 270 811 170 270 812 164 271 813 169 271 814 4 271 815 169 272 816 172 272 817 171 272 818 169 273 819 166 273 820 172 273 821 127 274 822 172 274 823 166 274 824 173 275 825 172 275 826 127 275 827 173 276 828 171 276 829 172 276 830 120 277 831 173 277 832 127 277 833 116 278 834 173 278 835 120 278 836 116 279 837 174 279 838 173 279 839 174 280 840 175 280 841 173 280 842 175 281 843 171 281 844 173 281 845 170 282 846 175 282 847 176 282 848 170 283 849 171 283 850 175 283 851 176 284 852 175 284 853 174 284 854 170 285 855 176 285 856 97 285 857 97 286 858 176 286 859 101 286 860 176 287 861 174 287 862 101 287 863 101 288 864 174 288 865 103 288 866 111 289 867 103 289 868 174 289 869 111 290 870 174 290 871 116 290 872 2 291 873 170 291 874 97 291 875 4 292 876 170 292 877 2 292 878 127 293 879 166 293 880 168 293 881 168 294 882 167 294 883 126 294 884 126 295 885 127 295 886 168 295 887 156 296 888 177 296 889 167 296 890 126 297 891 167 297 892 177 297 893 126 298 894 177 298 895 129 298 896 129 299 897 177 299 898 157 299 899 156 300 900 157 300 901 177 300 902 163 301 903 164 301 904 3 301 905 3 302 906 164 302 907 4 302 908 163 303 909 114 303 910 161 303 911 3 304 912 8 304 913 163 304 914 163 305 915 8 305 916 114 305 917 161 306 918 114 306 919 118 306 920 161 307 921 118 307 922 160 307 923 160 308 924 122 308 925 178 308 926 178 309 927 159 309 928 160 309 929 160 310 930 118 310 931 122 310 932 178 311 933 131 311 934 179 311 935 179 312 936 180 312 937 178 312 938 178 313 939 180 313 940 159 313 941 178 314 942 122 314 943 131 314 944 181 315 945 182 315 946 180 315 947 179 316 948 181 316 949 180 316 950 180 317 951 183 317 952 159 317 953 180 318 954 182 318 955 183 318 956 159 319 957 183 319 958 152 319 959 183 320 960 150 320 961 152 320 962 183 321 963 148 321 964 150 321 965 182 322 966 184 322 967 183 322 968 183 323 969 184 323 970 148 323 971 148 324 972 184 324 973 146 324 974 146 325 975 184 325 976 185 325 977 182 326 978 185 326 979 184 326 980 187 327 981 185 327 982 186 327 983 182 328 984 186 328 985 185 328 986 146 329 987 185 329 988 187 329 989 189 330 990 187 330 991 188 330 992 188 331 993 187 331 994 190 331 995 145 332 996 146 332 997 187 332 998 187 333 999 186 333 1000 190 333 1001 145 334 1002 187 334 1003 189 334 1004 191 335 1005 190 335 1006 186 335 1007 191 336 1008 192 336 1009 190 336 1010 192 337 1011 188 337 1012 190 337 1013 193 338 1014 192 338 1015 191 338 1016 193 339 1017 194 339 1018 192 339 1019 194 340 1020 188 340 1021 192 340 1022 195 341 1023 196 341 1024 194 341 1025 193 342 1026 195 342 1027 194 342 1028 194 343 1029 196 343 1030 188 343 1031 196 344 1032 197 344 1033 199 344 1034 196 345 1035 198 345 1036 197 345 1037 195 346 1038 198 346 1039 196 346 1040 200 347 1041 196 347 1042 199 347 1043 188 348 1044 196 348 1045 200 348 1046 203 349 1047 200 349 1048 201 349 1049 200 350 1050 199 350 1051 201 350 1052 202 351 1053 188 351 1054 200 351 1055 202 352 1056 200 352 1057 203 352 1058 203 353 1059 201 353 1060 204 353 1061 203 354 1062 207 354 1063 202 354 1064 203 355 1065 204 355 1066 205 355 1067 205 356 1068 206 356 1069 203 356 1070 203 357 1071 206 357 1072 207 357 1073 208 358 1074 207 358 1075 206 358 1076 208 359 1077 209 359 1078 207 359 1079 202 360 1080 207 360 1081 209 360 1082 210 361 1083 209 361 1084 208 361 1085 210 362 1086 211 362 1087 209 362 1088 202 363 1089 209 363 1090 211 363 1091 212 364 1092 211 364 1093 213 364 1094 212 365 1095 189 365 1096 211 365 1097 213 366 1098 211 366 1099 210 366 1100 189 367 1101 202 367 1102 211 367 1103 213 368 1104 214 368 1105 212 368 1106 215 369 1107 214 369 1108 213 369 1109 210 370 1110 215 370 1111 213 370 1112 215 371 1113 217 371 1114 214 371 1115 219 372 1116 215 372 1117 210 372 1118 218 373 1119 216 373 1120 215 373 1121 216 374 1122 217 374 1123 215 374 1124 218 375 1125 215 375 1126 219 375 1127 220 376 1128 219 376 1129 222 376 1130 221 377 1131 219 377 1132 220 377 1133 221 378 1134 218 378 1135 219 378 1136 219 379 1137 210 379 1138 222 379 1139 222 380 1140 208 380 1141 223 380 1142 224 381 1143 222 381 1144 223 381 1145 222 382 1146 210 382 1147 208 382 1148 220 383 1149 222 383 1150 224 383 1151 224 384 1152 225 384 1153 227 384 1154 226 385 1155 225 385 1156 224 385 1157 224 386 1158 223 386 1159 226 386 1160 224 387 1161 227 387 1162 220 387 1163 220 388 1164 227 388 1165 228 388 1166 227 389 1167 231 389 1168 228 389 1169 229 390 1170 230 390 1171 227 390 1172 227 391 1173 225 391 1174 229 391 1175 227 392 1176 230 392 1177 231 392 1178 228 393 1179 231 393 1180 232 393 1181 233 394 1182 231 394 1183 230 394 1184 233 395 1185 232 395 1186 231 395 1187 233 396 1188 230 396 1189 234 396 1190 201 397 1191 232 397 1192 233 397 1193 235 398 1194 233 398 1195 234 398 1196 204 399 1197 201 399 1198 233 399 1199 204 400 1200 233 400 1201 235 400 1202 236 401 1203 237 401 1204 235 401 1205 235 402 1206 239 402 1207 236 402 1208 235 403 1209 237 403 1210 238 403 1211 235 404 1212 238 404 1213 204 404 1214 235 405 1215 234 405 1216 239 405 1217 239 406 1218 242 406 1219 240 406 1220 239 407 1221 240 407 1222 241 407 1223 241 408 1224 243 408 1225 239 408 1226 239 409 1227 234 409 1228 242 409 1229 239 410 1230 244 410 1231 236 410 1232 239 411 1233 243 411 1234 244 411 1235 245 412 1236 244 412 1237 243 412 1238 246 413 1239 236 413 1240 244 413 1241 246 414 1242 244 414 1243 245 414 1244 247 415 1245 246 415 1246 248 415 1247 247 416 1248 249 416 1249 246 416 1250 248 417 1251 246 417 1252 245 417 1253 249 418 1254 237 418 1255 246 418 1256 246 419 1257 237 419 1258 236 419 1259 249 420 1260 238 420 1261 237 420 1262 252 421 1263 250 421 1264 249 421 1265 250 422 1266 251 422 1267 249 422 1268 249 423 1269 251 423 1270 238 423 1271 252 424 1272 249 424 1273 247 424 1274 253 425 1275 252 425 1276 247 425 1277 226 426 1278 252 426 1279 253 426 1280 226 427 1281 223 427 1282 252 427 1283 223 428 1284 250 428 1285 252 428 1286 253 429 1287 254 429 1288 226 429 1289 253 430 1290 247 430 1291 256 430 1292 253 431 1293 255 431 1294 254 431 1295 256 432 1296 255 432 1297 253 432 1298 256 433 1299 257 433 1300 255 433 1301 258 434 1302 257 434 1303 256 434 1304 256 435 1305 248 435 1306 258 435 1307 256 436 1308 247 436 1309 248 436 1310 258 437 1311 259 437 1312 260 437 1313 261 438 1314 259 438 1315 258 438 1316 258 439 1317 260 439 1318 257 439 1319 258 440 1320 262 440 1321 261 440 1322 258 441 1323 248 441 1324 262 441 1325 261 442 1326 262 442 1327 263 442 1328 248 443 1329 245 443 1330 262 443 1331 262 444 1332 264 444 1333 263 444 1334 262 445 1335 245 445 1336 264 445 1337 264 446 1338 267 446 1339 265 446 1340 264 447 1341 265 447 1342 268 447 1343 245 448 1344 266 448 1345 264 448 1346 264 449 1347 266 449 1348 267 449 1349 263 450 1350 264 450 1351 268 450 1352 272 451 1353 268 451 1354 269 451 1355 268 452 1356 270 452 1357 269 452 1358 268 453 1359 271 453 1360 270 453 1361 268 454 1362 265 454 1363 271 454 1364 263 455 1365 268 455 1366 272 455 1367 273 456 1368 272 456 1369 275 456 1370 274 457 1371 272 457 1372 273 457 1373 274 458 1374 263 458 1375 272 458 1376 272 459 1377 269 459 1378 275 459 1379 273 460 1380 275 460 1381 278 460 1382 275 461 1383 277 461 1384 276 461 1385 278 462 1386 275 462 1387 276 462 1388 275 463 1389 269 463 1390 277 463 1391 278 464 1392 279 464 1393 273 464 1394 278 465 1395 280 465 1396 279 465 1397 281 466 1398 280 466 1399 278 466 1400 278 467 1401 276 467 1402 281 467 1403 281 468 1404 283 468 1405 280 468 1406 281 469 1407 284 469 1408 282 469 1409 282 470 1410 283 470 1411 281 470 1412 281 471 1413 276 471 1414 284 471 1415 276 472 1416 286 472 1417 284 472 1418 282 473 1419 284 473 1420 285 473 1421 284 474 1422 287 474 1423 285 474 1424 284 475 1425 286 475 1426 287 475 1427 288 476 1428 289 476 1429 287 476 1430 287 477 1431 286 477 1432 288 477 1433 287 478 1434 289 478 1435 290 478 1436 287 479 1437 290 479 1438 291 479 1439 285 480 1440 287 480 1441 291 480 1442 295 481 1443 291 481 1444 292 481 1445 292 482 1446 291 482 1447 293 482 1448 291 483 1449 294 483 1450 293 483 1451 291 484 1452 290 484 1453 294 484 1454 285 485 1455 291 485 1456 295 485 1457 296 486 1458 295 486 1459 298 486 1460 297 487 1461 295 487 1462 296 487 1463 297 488 1464 285 488 1465 295 488 1466 295 489 1467 292 489 1468 298 489 1469 298 490 1470 300 490 1471 299 490 1472 301 491 1473 298 491 1474 299 491 1475 298 492 1476 292 492 1477 300 492 1478 296 493 1479 298 493 1480 301 493 1481 301 494 1482 302 494 1483 296 494 1484 301 495 1485 304 495 1486 302 495 1487 301 496 1488 299 496 1489 303 496 1490 303 497 1491 304 497 1492 301 497 1493 305 498 1494 302 498 1495 304 498 1496 305 499 1497 304 499 1498 306 499 1499 306 500 1500 304 500 1501 307 500 1502 307 501 1503 304 501 1504 308 501 1505 303 502 1506 308 502 1507 304 502 1508 63 503 1509 308 503 1510 60 503 1511 307 504 1512 308 504 1513 63 504 1514 60 505 1515 308 505 1516 61 505 1517 309 506 1518 61 506 1519 308 506 1520 309 507 1521 308 507 1522 303 507 1523 309 508 1524 312 508 1525 310 508 1526 310 509 1527 61 509 1528 309 509 1529 303 510 1530 311 510 1531 309 510 1532 309 511 1533 311 511 1534 312 511 1535 310 512 1536 312 512 1537 313 512 1538 311 513 1539 314 513 1540 312 513 1541 312 514 1542 315 514 1543 313 514 1544 312 515 1545 314 515 1546 315 515 1547 316 516 1548 317 516 1549 315 516 1550 315 517 1551 314 517 1552 316 517 1553 315 518 1554 317 518 1555 318 518 1556 315 519 1557 318 519 1558 319 519 1559 313 520 1560 315 520 1561 319 520 1562 322 521 1563 319 521 1564 320 521 1565 320 522 1566 319 522 1567 67 522 1568 319 523 1569 321 523 1570 67 523 1571 319 524 1572 318 524 1573 321 524 1574 313 525 1575 319 525 1576 322 525 1577 323 526 1578 322 526 1579 325 526 1580 323 527 1581 313 527 1582 322 527 1583 322 528 1584 320 528 1585 324 528 1586 325 529 1587 322 529 1588 324 529 1589 325 530 1590 326 530 1591 328 530 1592 327 531 1593 326 531 1594 325 531 1595 325 532 1596 324 532 1597 327 532 1598 325 533 1599 328 533 1600 323 533 1601 58 534 1602 328 534 1603 330 534 1604 58 535 1605 329 535 1606 328 535 1607 323 536 1608 328 536 1609 329 536 1610 330 537 1611 328 537 1612 326 537 1613 331 538 1614 330 538 1615 332 538 1616 58 539 1617 330 539 1618 331 539 1619 330 540 1620 326 540 1621 332 540 1622 332 541 1623 326 541 1624 333 541 1625 332 542 1626 333 542 1627 334 542 1628 335 543 1629 332 543 1630 334 543 1631 331 544 1632 332 544 1633 335 544 1634 336 545 1635 331 545 1636 335 545 1637 336 546 1638 335 546 1639 337 546 1640 337 547 1641 335 547 1642 338 547 1643 335 548 1644 334 548 1645 338 548 1646 337 549 1647 338 549 1648 339 549 1649 339 550 1650 338 550 1651 340 550 1652 338 551 1653 341 551 1654 340 551 1655 338 552 1656 334 552 1657 341 552 1658 340 553 1659 341 553 1660 344 553 1661 334 554 1662 342 554 1663 341 554 1664 341 555 1665 342 555 1666 343 555 1667 341 556 1668 343 556 1669 344 556 1670 340 557 1671 344 557 1672 345 557 1673 345 558 1674 344 558 1675 347 558 1676 344 559 1677 343 559 1678 346 559 1679 344 560 1680 346 560 1681 347 560 1682 347 561 1683 346 561 1684 348 561 1685 347 562 1686 348 562 1687 349 562 1688 350 563 1689 347 563 1690 349 563 1691 345 564 1692 347 564 1693 350 564 1694 351 565 1695 345 565 1696 350 565 1697 351 566 1698 350 566 1699 352 566 1700 352 567 1701 350 567 1702 353 567 1703 350 568 1704 349 568 1705 353 568 1706 352 569 1707 353 569 1708 354 569 1709 354 570 1710 353 570 1711 355 570 1712 353 571 1713 356 571 1714 355 571 1715 353 572 1716 349 572 1717 356 572 1718 355 573 1719 356 573 1720 359 573 1721 349 574 1722 357 574 1723 356 574 1724 356 575 1725 357 575 1726 358 575 1727 356 576 1728 358 576 1729 359 576 1730 355 577 1731 359 577 1732 361 577 1733 359 578 1734 358 578 1735 360 578 1736 359 579 1737 360 579 1738 361 579 1739 361 580 1740 360 580 1741 362 580 1742 361 581 1743 362 581 1744 363 581 1745 364 582 1746 361 582 1747 363 582 1748 355 583 1749 361 583 1750 364 583 1751 365 584 1752 355 584 1753 364 584 1754 365 585 1755 364 585 1756 366 585 1757 366 586 1758 364 586 1759 367 586 1760 364 587 1761 363 587 1762 367 587 1763 366 588 1764 367 588 1765 368 588 1766 368 589 1767 367 589 1768 369 589 1769 367 590 1770 370 590 1771 369 590 1772 367 591 1773 363 591 1774 370 591 1775 363 592 1776 371 592 1777 370 592 1778 370 593 1779 371 593 1780 372 593 1781 370 594 1782 372 594 1783 373 594 1784 369 595 1785 370 595 1786 373 595 1787 374 596 1788 373 596 1789 376 596 1790 369 597 1791 373 597 1792 374 597 1793 373 598 1794 372 598 1795 375 598 1796 373 599 1797 375 599 1798 376 599 1799 376 600 1800 375 600 1801 377 600 1802 376 601 1803 377 601 1804 378 601 1805 379 602 1806 376 602 1807 378 602 1808 374 603 1809 376 603 1810 379 603 1811 380 604 1812 374 604 1813 379 604 1814 380 605 1815 379 605 1816 381 605 1817 381 606 1818 379 606 1819 382 606 1820 379 607 1821 378 607 1822 382 607 1823 381 608 1824 382 608 1825 383 608 1826 383 609 1827 382 609 1828 384 609 1829 382 610 1830 385 610 1831 384 610 1832 382 611 1833 378 611 1834 385 611 1835 378 612 1836 386 612 1837 385 612 1838 385 613 1839 386 613 1840 387 613 1841 385 614 1842 387 614 1843 388 614 1844 384 615 1845 385 615 1846 388 615 1847 388 616 1848 387 616 1849 389 616 1850 388 617 1851 389 617 1852 390 617 1853 384 618 1854 388 618 1855 390 618 1856 390 619 1857 389 619 1858 391 619 1859 390 620 1860 391 620 1861 392 620 1862 393 621 1863 390 621 1864 392 621 1865 384 622 1866 390 622 1867 393 622 1868 394 623 1869 393 623 1870 395 623 1871 394 624 1872 384 624 1873 393 624 1874 395 625 1875 393 625 1876 396 625 1877 393 626 1878 392 626 1879 396 626 1880 395 627 1881 396 627 1882 397 627 1883 397 628 1884 396 628 1885 398 628 1886 396 629 1887 399 629 1888 398 629 1889 396 630 1890 392 630 1891 399 630 1892 392 631 1893 198 631 1894 399 631 1895 399 632 1896 195 632 1897 193 632 1898 399 633 1899 198 633 1900 195 633 1901 398 634 1902 399 634 1903 193 634 1904 397 635 1905 398 635 1906 141 635 1907 141 636 1908 398 636 1909 400 636 1910 398 637 1911 193 637 1912 400 637 1913 141 638 1914 400 638 1915 139 638 1916 139 639 1917 400 639 1918 181 639 1919 400 640 1920 191 640 1921 181 640 1922 400 641 1923 193 641 1924 191 641 1925 397 642 1926 401 642 1927 395 642 1928 141 643 1929 140 643 1930 397 643 1931 397 644 1932 140 644 1933 401 644 1934 395 645 1935 401 645 1936 214 645 1937 214 646 1938 401 646 1939 212 646 1940 401 647 1941 403 647 1942 212 647 1943 140 648 1944 402 648 1945 401 648 1946 401 649 1947 402 649 1948 403 649 1949 402 650 1950 145 650 1951 403 650 1952 403 651 1953 189 651 1954 212 651 1955 403 652 1956 145 652 1957 189 652 1958 143 653 1959 145 653 1960 402 653 1961 140 654 1962 143 654 1963 402 654 1964 395 655 1965 214 655 1966 394 655 1967 394 656 1968 214 656 1969 217 656 1970 394 657 1971 217 657 1972 383 657 1973 383 658 1974 384 658 1975 394 658 1976 392 659 1977 391 659 1978 198 659 1979 404 660 1980 391 660 1981 389 660 1982 198 661 1983 391 661 1984 404 661 1985 404 662 1986 389 662 1987 406 662 1988 405 663 1989 198 663 1990 404 663 1991 404 664 1992 408 664 1993 405 664 1994 406 665 1995 407 665 1996 404 665 1997 404 666 1998 407 666 1999 408 666 2000 407 667 2001 409 667 2002 408 667 2003 405 668 2004 408 668 2005 218 668 2006 408 669 2007 216 669 2008 218 669 2009 408 670 2010 409 670 2011 216 670 2012 407 671 2013 410 671 2014 409 671 2015 410 672 2016 411 672 2017 409 672 2018 409 673 2019 411 673 2020 412 673 2021 409 674 2022 412 674 2023 216 674 2024 381 675 2025 412 675 2026 411 675 2027 383 676 2028 412 676 2029 381 676 2030 216 677 2031 412 677 2032 217 677 2033 383 678 2034 217 678 2035 412 678 2036 380 679 2037 411 679 2038 413 679 2039 410 680 2040 413 680 2041 411 680 2042 381 681 2043 411 681 2044 380 681 2045 414 682 2046 413 682 2047 410 682 2048 414 683 2049 416 683 2050 413 683 2051 415 684 2052 413 684 2053 416 684 2054 380 685 2055 413 685 2056 415 685 2057 415 686 2058 416 686 2059 368 686 2060 368 687 2061 416 687 2062 417 687 2063 418 688 2064 417 688 2065 416 688 2066 418 689 2067 416 689 2068 414 689 2069 419 690 2070 418 690 2071 420 690 2072 419 691 2073 421 691 2074 418 691 2075 420 692 2076 418 692 2077 414 692 2078 421 693 2079 417 693 2080 418 693 2081 422 694 2082 421 694 2083 419 694 2084 422 695 2085 423 695 2086 421 695 2087 423 696 2088 424 696 2089 421 696 2090 421 697 2091 424 697 2092 417 697 2093 424 698 2094 425 698 2095 365 698 2096 423 699 2097 425 699 2098 424 699 2099 366 700 2100 424 700 2101 365 700 2102 366 701 2103 417 701 2104 424 701 2105 426 702 2106 425 702 2107 423 702 2108 426 703 2109 427 703 2110 425 703 2111 365 704 2112 425 704 2113 427 704 2114 354 705 2115 427 705 2116 428 705 2117 365 706 2118 427 706 2119 354 706 2120 429 707 2121 428 707 2122 427 707 2123 429 708 2124 427 708 2125 426 708 2126 431 709 2127 430 709 2128 429 709 2129 430 710 2130 428 710 2131 429 710 2132 431 711 2133 429 711 2134 432 711 2135 432 712 2136 429 712 2137 426 712 2138 433 713 2139 432 713 2140 435 713 2141 434 714 2142 432 714 2143 433 714 2144 434 715 2145 431 715 2146 432 715 2147 432 716 2148 426 716 2149 435 716 2150 436 717 2151 435 717 2152 422 717 2153 433 718 2154 435 718 2155 436 718 2156 435 719 2157 423 719 2158 422 719 2159 435 720 2160 426 720 2161 423 720 2162 436 721 2163 375 721 2164 372 721 2165 437 722 2166 375 722 2167 436 722 2168 436 723 2169 422 723 2170 437 723 2171 436 724 2172 372 724 2173 433 724 2174 437 725 2175 377 725 2176 375 725 2177 437 726 2178 419 726 2179 438 726 2180 438 727 2181 377 727 2182 437 727 2183 437 728 2184 422 728 2185 419 728 2186 438 729 2187 420 729 2188 439 729 2189 439 730 2190 386 730 2191 438 730 2192 438 731 2193 419 731 2194 420 731 2195 438 732 2196 386 732 2197 377 732 2198 439 733 2199 420 733 2200 440 733 2201 439 734 2202 440 734 2203 406 734 2204 439 735 2205 387 735 2206 386 735 2207 406 736 2208 387 736 2209 439 736 2210 420 737 2211 414 737 2212 440 737 2213 440 738 2214 410 738 2215 407 738 2216 406 739 2217 440 739 2218 407 739 2219 440 740 2220 414 740 2221 410 740 2222 434 741 2223 362 741 2224 360 741 2225 434 742 2226 360 742 2227 441 742 2228 434 743 2229 371 743 2230 362 743 2231 433 744 2232 371 744 2233 434 744 2234 441 745 2235 431 745 2236 434 745 2237 441 746 2238 360 746 2239 358 746 2240 441 747 2241 358 747 2242 442 747 2243 442 748 2244 443 748 2245 441 748 2246 441 749 2247 443 749 2248 431 749 2249 442 750 2250 444 750 2251 443 750 2252 444 751 2253 445 751 2254 443 751 2255 443 752 2256 446 752 2257 431 752 2258 443 753 2259 445 753 2260 446 753 2261 445 754 2262 447 754 2263 446 754 2264 446 755 2265 447 755 2266 448 755 2267 446 756 2268 448 756 2269 430 756 2270 446 757 2271 430 757 2272 431 757 2273 351 758 2274 448 758 2275 447 758 2276 430 759 2277 448 759 2278 428 759 2279 352 760 2280 428 760 2281 448 760 2282 352 761 2283 448 761 2284 351 761 2285 445 762 2286 450 762 2287 447 762 2288 449 763 2289 447 763 2290 450 763 2291 351 764 2292 447 764 2293 449 764 2294 339 765 2295 450 765 2296 451 765 2297 449 766 2298 450 766 2299 339 766 2300 452 767 2301 451 767 2302 450 767 2303 452 768 2304 450 768 2305 445 768 2306 453 769 2307 452 769 2308 444 769 2309 453 770 2310 454 770 2311 452 770 2312 444 771 2313 452 771 2314 445 771 2315 454 772 2316 451 772 2317 452 772 2318 455 773 2319 454 773 2320 453 773 2321 455 774 2322 456 774 2323 454 774 2324 456 775 2325 457 775 2326 454 775 2327 454 776 2328 457 776 2329 451 776 2330 336 777 2331 457 777 2332 458 777 2333 456 778 2334 458 778 2335 457 778 2336 337 779 2337 451 779 2338 457 779 2339 337 780 2340 457 780 2341 336 780 2342 459 781 2343 458 781 2344 456 781 2345 459 782 2346 461 782 2347 458 782 2348 460 783 2349 458 783 2350 461 783 2351 336 784 2352 458 784 2353 460 784 2354 462 785 2355 461 785 2356 464 785 2357 460 786 2358 461 786 2359 462 786 2360 463 787 2361 461 787 2362 459 787 2363 463 788 2364 464 788 2365 461 788 2366 466 789 2367 464 789 2368 71 789 2369 464 790 2370 465 790 2371 71 790 2372 462 791 2373 464 791 2374 466 791 2375 320 792 2376 464 792 2377 463 792 2378 320 793 2379 465 793 2380 464 793 2381 466 794 2382 71 794 2383 74 794 2384 74 795 2385 467 795 2386 466 795 2387 466 796 2388 467 796 2389 468 796 2390 466 797 2391 468 797 2392 462 797 2393 467 798 2394 47 798 2395 468 798 2396 462 799 2397 468 799 2398 469 799 2399 468 800 2400 55 800 2401 469 800 2402 468 801 2403 47 801 2404 55 801 2405 462 802 2406 469 802 2407 460 802 2408 460 803 2409 469 803 2410 331 803 2411 469 804 2412 58 804 2413 331 804 2414 469 805 2415 55 805 2416 58 805 2417 34 806 2418 36 806 2419 467 806 2420 74 807 2421 34 807 2422 467 807 2423 467 808 2424 36 808 2425 47 808 2426 71 809 2427 465 809 2428 68 809 2429 67 810 2430 465 810 2431 320 810 2432 68 811 2433 465 811 2434 67 811 2435 324 812 2436 320 812 2437 463 812 2438 470 813 2439 463 813 2440 459 813 2441 324 814 2442 463 814 2443 470 814 2444 471 815 2445 470 815 2446 472 815 2447 327 816 2448 470 816 2449 471 816 2450 327 817 2451 324 817 2452 470 817 2453 470 818 2454 459 818 2455 472 818 2456 472 819 2457 456 819 2458 455 819 2459 473 820 2460 472 820 2461 455 820 2462 472 821 2463 459 821 2464 456 821 2465 471 822 2466 472 822 2467 473 822 2468 473 823 2469 346 823 2470 343 823 2471 474 824 2472 346 824 2473 473 824 2474 473 825 2475 455 825 2476 474 825 2477 473 826 2478 343 826 2479 471 826 2480 474 827 2481 348 827 2482 346 827 2483 474 828 2484 453 828 2485 475 828 2486 475 829 2487 348 829 2488 474 829 2489 474 830 2490 455 830 2491 453 830 2492 475 831 2493 444 831 2494 442 831 2495 442 832 2496 357 832 2497 475 832 2498 475 833 2499 453 833 2500 444 833 2501 475 834 2502 357 834 2503 348 834 2504 471 835 2505 342 835 2506 327 835 2507 471 836 2508 343 836 2509 342 836 2510 460 837 2511 331 837 2512 336 837 2513 339 838 2514 451 838 2515 337 838 2516 339 839 2517 340 839 2518 449 839 2519 449 840 2520 340 840 2521 345 840 2522 449 841 2523 345 841 2524 351 841 2525 442 842 2526 358 842 2527 357 842 2528 433 843 2529 372 843 2530 371 843 2531 354 844 2532 428 844 2533 352 844 2534 368 845 2535 417 845 2536 366 845 2537 415 846 2538 374 846 2539 380 846 2540 415 847 2541 369 847 2542 374 847 2543 368 848 2544 369 848 2545 415 848 2546 406 849 2547 389 849 2548 387 849 2549 405 850 2550 197 850 2551 198 850 2552 221 851 2553 197 851 2554 405 851 2555 405 852 2556 218 852 2557 221 852 2558 378 853 2559 377 853 2560 386 853 2561 363 854 2562 362 854 2563 371 854 2564 354 855 2565 355 855 2566 365 855 2567 349 856 2568 348 856 2569 357 856 2570 342 857 2571 333 857 2572 327 857 2573 334 858 2574 333 858 2575 342 858 2576 327 859 2577 333 859 2578 326 859 2579 310 860 2580 329 860 2581 61 860 2582 57 861 2583 61 861 2584 329 861 2585 57 862 2586 329 862 2587 58 862 2588 323 863 2589 329 863 2590 310 863 2591 310 864 2592 313 864 2593 323 864 2594 321 865 2595 476 865 2596 65 865 2597 318 866 2598 476 866 2599 321 866 2600 321 867 2601 65 867 2602 67 867 2603 317 868 2604 477 868 2605 476 868 2606 477 869 2607 478 869 2608 476 869 2609 476 870 2610 64 870 2611 65 870 2612 317 871 2613 476 871 2614 318 871 2615 476 872 2616 478 872 2617 64 872 2618 479 873 2619 305 873 2620 478 873 2621 478 874 2622 480 874 2623 479 874 2624 478 875 2625 305 875 2626 306 875 2627 478 876 2628 306 876 2629 64 876 2630 477 877 2631 480 877 2632 478 877 2633 483 878 2634 481 878 2635 480 878 2636 481 879 2637 482 879 2638 480 879 2639 480 880 2640 482 880 2641 484 880 2642 483 881 2643 480 881 2644 477 881 2645 480 882 2646 484 882 2647 479 882 2648 482 883 2649 485 883 2650 484 883 2651 484 884 2652 302 884 2653 479 884 2654 484 885 2655 485 885 2656 302 885 2657 485 886 2658 486 886 2659 297 886 2660 487 887 2661 486 887 2662 485 887 2663 487 888 2664 485 888 2665 482 888 2666 296 889 2667 302 889 2668 485 889 2669 296 890 2670 485 890 2671 297 890 2672 488 891 2673 486 891 2674 487 891 2675 488 892 2676 487 892 2677 481 892 2678 481 893 2679 487 893 2680 482 893 2681 490 894 2682 489 894 2683 488 894 2684 489 895 2685 486 895 2686 488 895 2687 481 896 2688 490 896 2689 488 896 2690 494 897 2691 490 897 2692 481 897 2693 493 898 2694 491 898 2695 490 898 2696 491 899 2697 492 899 2698 490 899 2699 490 900 2700 492 900 2701 489 900 2702 493 901 2703 490 901 2704 494 901 2705 494 902 2706 481 902 2707 483 902 2708 497 903 2709 494 903 2710 483 903 2711 495 904 2712 494 904 2713 496 904 2714 495 905 2715 493 905 2716 494 905 2717 496 906 2718 494 906 2719 497 906 2720 496 907 2721 497 907 2722 499 907 2723 497 908 2724 483 908 2725 498 908 2726 499 909 2727 497 909 2728 498 909 2729 299 910 2730 499 910 2731 311 910 2732 299 911 2733 300 911 2734 499 911 2735 311 912 2736 499 912 2737 314 912 2738 499 913 2739 498 913 2740 314 913 2741 499 914 2742 300 914 2743 496 914 2744 314 915 2745 498 915 2746 500 915 2747 498 916 2748 483 916 2749 500 916 2750 314 917 2751 500 917 2752 316 917 2753 500 918 2754 483 918 2755 477 918 2756 500 919 2757 477 919 2758 316 919 2759 300 920 2760 495 920 2761 496 920 2762 300 921 2763 501 921 2764 495 921 2765 501 922 2766 493 922 2767 495 922 2768 502 923 2769 493 923 2770 501 923 2771 292 924 2772 502 924 2773 501 924 2774 292 925 2775 501 925 2776 300 925 2777 293 926 2778 502 926 2779 292 926 2780 502 927 2781 503 927 2782 493 927 2783 293 928 2784 503 928 2785 502 928 2786 294 929 2787 504 929 2788 503 929 2789 504 930 2790 506 930 2791 503 930 2792 503 931 2793 505 931 2794 493 931 2795 503 932 2796 506 932 2797 505 932 2798 294 933 2799 503 933 2800 293 933 2801 507 934 2802 508 934 2803 506 934 2804 506 935 2805 510 935 2806 507 935 2807 506 936 2808 508 936 2809 509 936 2810 506 937 2811 509 937 2812 505 937 2813 504 938 2814 510 938 2815 506 938 2816 510 939 2817 514 939 2818 507 939 2819 510 940 2820 511 940 2821 514 940 2822 512 941 2823 511 941 2824 510 941 2825 513 942 2826 512 942 2827 510 942 2828 513 943 2829 510 943 2830 504 943 2831 511 944 2832 515 944 2833 514 944 2834 514 945 2835 515 945 2836 279 945 2837 514 946 2838 279 946 2839 507 946 2840 274 947 2841 515 947 2842 516 947 2843 511 948 2844 516 948 2845 515 948 2846 273 949 2847 279 949 2848 515 949 2849 273 950 2850 515 950 2851 274 950 2852 261 951 2853 516 951 2854 259 951 2855 516 952 2856 518 952 2857 259 952 2858 517 953 2859 516 953 2860 511 953 2861 274 954 2862 516 954 2863 261 954 2864 517 955 2865 518 955 2866 516 955 2867 520 956 2868 518 956 2869 517 956 2870 518 957 2871 519 957 2872 259 957 2873 520 958 2874 519 958 2875 518 958 2876 521 959 2877 519 959 2878 520 959 2879 520 960 2880 517 960 2881 512 960 2882 523 961 2883 520 961 2884 512 961 2885 522 962 2886 521 962 2887 520 962 2888 522 963 2889 520 963 2890 523 963 2891 523 964 2892 512 964 2893 513 964 2894 524 965 2895 522 965 2896 523 965 2897 525 966 2898 523 966 2899 513 966 2900 524 967 2901 523 967 2902 525 967 2903 525 968 2904 513 968 2905 288 968 2906 286 969 2907 525 969 2908 288 969 2909 286 970 2910 524 970 2911 525 970 2912 526 971 2913 522 971 2914 524 971 2915 277 972 2916 526 972 2917 524 972 2918 277 973 2919 524 973 2920 286 973 2921 269 974 2922 527 974 2923 526 974 2924 269 975 2925 526 975 2926 277 975 2927 526 976 2928 527 976 2929 522 976 2930 527 977 2931 270 977 2932 528 977 2933 522 978 2934 527 978 2935 528 978 2936 269 979 2937 270 979 2938 527 979 2939 528 980 2940 521 980 2941 522 980 2942 528 981 2943 270 981 2944 271 981 2945 528 982 2946 271 982 2947 530 982 2948 528 983 2949 529 983 2950 521 983 2951 530 984 2952 529 984 2953 528 984 2954 530 985 2955 531 985 2956 529 985 2957 241 986 2958 531 986 2959 530 986 2960 241 987 2961 530 987 2962 267 987 2963 530 988 2964 265 988 2965 267 988 2966 530 989 2967 271 989 2968 265 989 2969 531 990 2970 532 990 2971 534 990 2972 240 991 2973 532 991 2974 531 991 2975 531 992 2976 533 992 2977 529 992 2978 241 993 2979 240 993 2980 531 993 2981 531 994 2982 534 994 2983 533 994 2984 257 995 2985 534 995 2986 255 995 2987 257 996 2988 533 996 2989 534 996 2990 255 997 2991 534 997 2992 532 997 2993 535 998 2994 533 998 2995 257 998 2996 529 999 2997 533 999 2998 535 999 2999 257 1000 3000 260 1000 3001 535 1000 3002 260 1001 3003 536 1001 3004 535 1001 3005 529 1002 3006 535 1002 3007 536 1002 3008 521 1003 3009 536 1003 3010 537 1003 3011 260 1004 3012 537 1004 3013 536 1004 3014 529 1005 3015 536 1005 3016 521 1005 3017 259 1006 3018 537 1006 3019 260 1006 3020 259 1007 3021 519 1007 3022 537 1007 3023 521 1008 3024 537 1008 3025 519 1008 3026 240 1009 3027 538 1009 3028 532 1009 3029 255 1010 3030 532 1010 3031 538 1010 3032 538 1011 3033 539 1011 3034 254 1011 3035 254 1012 3036 255 1012 3037 538 1012 3038 240 1013 3039 539 1013 3040 538 1013 3041 242 1014 3042 540 1014 3043 539 1014 3044 254 1015 3045 539 1015 3046 540 1015 3047 242 1016 3048 539 1016 3049 240 1016 3050 225 1017 3051 540 1017 3052 541 1017 3053 254 1018 3054 540 1018 3055 225 1018 3056 242 1019 3057 541 1019 3058 540 1019 3059 225 1020 3060 541 1020 3061 229 1020 3062 234 1021 3063 229 1021 3064 541 1021 3065 234 1022 3066 541 1022 3067 242 1022 3068 512 1023 3069 517 1023 3070 511 1023 3071 289 1024 3072 513 1024 3073 504 1024 3074 288 1025 3075 513 1025 3076 289 1025 3077 508 1026 3078 280 1026 3079 509 1026 3080 509 1027 3081 280 1027 3082 542 1027 3083 505 1028 3084 509 1028 3085 542 1028 3086 542 1029 3087 280 1029 3088 283 1029 3089 542 1030 3090 283 1030 3091 543 1030 3092 505 1031 3093 542 1031 3094 543 1031 3095 543 1032 3096 283 1032 3097 544 1032 3098 543 1033 3099 544 1033 3100 491 1033 3101 491 1034 3102 505 1034 3103 543 1034 3104 544 1035 3105 545 1035 3106 492 1035 3107 544 1036 3108 283 1036 3109 545 1036 3110 491 1037 3111 544 1037 3112 492 1037 3113 492 1038 3114 545 1038 3115 489 1038 3116 489 1039 3117 545 1039 3118 486 1039 3119 297 1040 3120 486 1040 3121 545 1040 3122 297 1041 3123 545 1041 3124 282 1041 3125 282 1042 3126 545 1042 3127 283 1042 3128 508 1043 3129 279 1043 3130 280 1043 3131 507 1044 3132 279 1044 3133 508 1044 3134 505 1045 3135 491 1045 3136 493 1045 3137 289 1046 3138 504 1046 3139 290 1046 3140 290 1047 3141 504 1047 3142 294 1047 3143 479 1048 3144 302 1048 3145 305 1048 3146 316 1049 3147 477 1049 3148 317 1049 3149 303 1050 3150 299 1050 3151 311 1050 3152 64 1051 3153 306 1051 3154 307 1051 3155 64 1052 3156 307 1052 3157 63 1052 3158 282 1053 3159 285 1053 3160 297 1053 3161 276 1054 3162 277 1054 3163 286 1054 3164 261 1055 3165 263 1055 3166 274 1055 3167 267 1056 3168 266 1056 3169 241 1056 3170 245 1057 3171 243 1057 3172 266 1057 3173 241 1058 3174 266 1058 3175 243 1058 3176 226 1059 3177 254 1059 3178 225 1059 3179 250 1060 3180 205 1060 3181 251 1060 3182 204 1061 3183 238 1061 3184 251 1061 3185 204 1062 3186 251 1062 3187 205 1062 3188 223 1063 3189 208 1063 3190 250 1063 3191 208 1064 3192 206 1064 3193 250 1064 3194 250 1065 3195 206 1065 3196 205 1065 3197 234 1066 3198 230 1066 3199 229 1066 3200 228 1067 3201 232 1067 3202 546 1067 3203 201 1068 3204 546 1068 3205 232 1068 3206 199 1069 3207 197 1069 3208 546 1069 3209 197 1070 3210 228 1070 3211 546 1070 3212 201 1071 3213 199 1071 3214 546 1071 3215 221 1072 3216 228 1072 3217 197 1072 3218 220 1073 3219 228 1073 3220 221 1073 3221 189 1074 3222 188 1074 3223 202 1074 3224 181 1075 3225 191 1075 3226 182 1075 3227 191 1076 3228 186 1076 3229 182 1076 3230 139 1077 3231 181 1077 3232 179 1077 3233 179 1078 3234 133 1078 3235 139 1078 3236 179 1079 3237 131 1079 3238 133 1079 3239 129 1080 3240 157 1080 3241 154 1080 3242 149 1081 3243 129 1081 3244 154 1081 3245 128 1082 3246 129 1082 3247 149 1082 3248 128 1083 3249 149 1083 3250 135 1083 3251 122 1084 3252 124 1084 3253 131 1084 3254 95 1085 3255 84 1085 3256 90 1085 3257 84 1086 3258 86 1086 3259 90 1086 3260 28 1087 3261 88 1087 3262 547 1087 3263 24 1088 3264 88 1088 3265 28 1088 3266 44 1089 3267 40 1089 3268 88 1089 3269 547 1090 3270 88 1090 3271 40 1090 3272 24 1091 3273 19 1091 3274 88 1091 3275 28 1092 3276 547 1092 3277 27 1092 3278 547 1093 3279 40 1093 3280 38 1093 3281 27 1094 3282 547 1094 3283 38 1094 3284 43 1095 3285 78 1095 3286 53 1095 3287 33 1096 3288 34 1096 3289 74 1096 3290 33 1097 3291 73 1097 3292 31 1097 3293 55 1098 3294 47 1098 3295 49 1098 3296 53 1099 3297 42 1099 3298 43 1099 3299</p>
        </triangles>
      </mesh>
    </geometry>
  </library_geometries>
  <library_visual_scenes>
    <visual_scene id="Scene" name="Scene">
      <node id="Motor_FR" name="Motor_FR" type="NODE">
        <matrix sid="transform">1 0 0 0 0 1 0 0 0 0 1 9.09 0 0 0 1</matrix>
        <node id="Motor_FR_visual" name="Motor_FR_visual" type="NODE">
          <matrix sid="transform">1 0 0 -11.30211 0 1 0 2.732503 0 0 1 -2.714472 0 0 0 1</matrix>
          <instance_geometry url="#Rover_Complete_STL_013-mesh" name="Motor_FR_visual">
            <bind_material>
              <technique_common>
                <instance_material symbol="Steel_Glossy-material" target="#Steel_Glossy-material">
                  <bind_vertex_input semantic="automap" input_semantic="TEXCOORD" input_set="0"/>
                </instance_material>
              </technique_common>
            </bind_material>
          </instance_geometry>
        </node>
      </node>
    </visual_scene>
  </library_visual_scenes>
  <scene>
    <instance_visual_scene url="#Scene"/>
  </scene>
</COLLADA>