# Blender 4.3.1
# www.blender.org
mtllib Motor_FR.mtl
o Motor_FR_visual
v -0.020594 -0.064873 0.063755
v -0.020558 -0.064873 0.064178
v -0.020594 -0.062373 0.063755
v -0.020558 -0.064873 0.063333
v -0.020558 -0.062373 0.063333
v -0.030423 -0.064873 0.065813
v -0.030594 -0.064873 0.063755
v -0.030594 -0.079873 0.063755
v -0.030423 -0.064873 0.061698
v -0.030551 -0.079916 0.064788
v -0.063094 -0.080044 0.065813
v -0.030423 -0.080044 0.065813
v -0.030211 -0.080256 0.066824
v -0.063094 -0.080551 0.067814
v -0.063094 -0.081380 0.069705
v -0.063094 -0.078040 0.068177
v -0.029917 -0.080551 0.067814
v -0.063094 -0.078859 0.070264
v -0.031608 -0.078859 0.070264
v -0.063094 -0.079980 0.072205
v -0.032057 -0.078410 0.069235
v -0.031084 -0.079383 0.071255
v -0.030487 -0.062373 0.072205
v -0.030487 -0.079980 0.072205
v -0.029821 -0.080646 0.073108
v -0.029090 -0.062373 0.073958
v -0.020039 -0.062373 0.065326
v -0.027446 -0.062373 0.075483
v -0.029090 -0.081377 0.073958
v -0.019746 -0.062373 0.065632
v -0.019746 -0.064873 0.065632
v -0.019405 -0.064873 0.065884
v -0.019405 -0.062373 0.065884
v -0.019026 -0.064873 0.066075
v -0.019026 -0.062373 0.066075
v -0.025594 -0.062373 0.076746
v -0.023574 -0.062373 0.077718
v -0.025594 -0.084873 0.076746
v -0.027446 -0.083021 0.075483
v -0.026544 -0.083924 0.076149
v -0.063094 -0.083021 0.075483
v -0.063094 -0.084873 0.076746
v -0.063094 -0.086893 0.077718
v -0.063094 -0.085536 0.074220
v -0.063094 -0.083907 0.072952
v -0.024602 -0.085865 0.077270
v -0.023574 -0.086893 0.077718
v -0.021432 -0.062373 0.078379
v -0.022515 -0.087952 0.078089
v -0.021432 -0.089035 0.078379
v -0.063094 -0.089035 0.078379
v -0.063094 -0.091252 0.078713
v -0.063094 -0.089305 0.075873
v -0.063094 -0.087352 0.075202
v -0.020330 -0.090138 0.078588
v -0.019215 -0.062373 0.078713
v -0.019215 -0.091252 0.078713
v -0.018094 -0.092373 0.078755
v -0.016973 -0.062373 0.078713
v -0.019215 -0.093494 0.078713
v -0.020330 -0.094609 0.078588
v -0.019215 -0.122373 0.078713
v -0.063094 -0.093494 0.078713
v -0.021432 -0.095711 0.078379
v -0.063094 -0.095711 0.078379
v -0.063094 -0.093405 0.076213
v -0.063094 -0.091341 0.076213
v -0.019126 -0.093405 0.076213
v -0.019126 -0.091341 0.076213
v -0.021162 -0.089305 0.075873
v -0.020151 -0.090316 0.076085
v -0.019126 -0.064873 0.076213
v -0.021162 -0.064873 0.075873
v -0.023115 -0.064873 0.075202
v -0.018621 -0.064873 0.066199
v -0.022153 -0.088314 0.075578
v -0.023115 -0.087352 0.075202
v -0.024043 -0.086424 0.074749
v -0.024931 -0.085536 0.074220
v -0.024931 -0.064873 0.074220
v -0.026560 -0.064873 0.072952
v -0.025772 -0.084696 0.073619
v -0.026560 -0.083907 0.072952
v -0.027290 -0.083177 0.072221
v -0.027958 -0.064873 0.071433
v -0.027958 -0.082509 0.071433
v -0.028558 -0.081909 0.070592
v -0.063094 -0.082509 0.071433
v -0.063094 -0.081377 0.073958
v -0.029087 -0.081380 0.069705
v -0.029087 -0.064873 0.069705
v -0.029541 -0.080926 0.068776
v -0.029917 -0.064873 0.067814
v -0.020451 -0.064873 0.064588
v -0.020451 -0.062373 0.064588
v -0.020276 -0.064873 0.064975
v -0.020558 -0.062373 0.064178
v -0.033094 -0.062373 0.063755
v -0.032926 -0.062373 0.065991
v -0.032427 -0.062373 0.068177
v -0.032926 -0.077541 0.065991
v -0.033094 -0.077373 0.063755
v -0.033052 -0.077415 0.064876
v -0.063094 -0.077373 0.063755
v -0.063094 -0.077541 0.065991
v -0.063094 -0.079873 0.063755
v -0.032718 -0.077749 0.067093
v -0.032427 -0.078040 0.068177
v -0.031608 -0.062373 0.070264
v -0.020276 -0.062373 0.064975
v -0.020039 -0.064873 0.065326
v -0.063094 -0.080044 0.061698
v -0.030551 -0.079916 0.062723
v -0.030423 -0.080044 0.061698
v -0.029917 -0.064873 0.059697
v -0.030211 -0.080256 0.060687
v -0.063094 -0.080551 0.059697
v -0.029917 -0.080551 0.059697
v -0.029087 -0.064873 0.057806
v -0.029541 -0.080926 0.058734
v -0.063094 -0.081380 0.057806
v -0.029087 -0.081380 0.057806
v -0.027958 -0.064873 0.056078
v -0.028558 -0.081909 0.056918
v -0.027958 -0.082509 0.056078
v -0.063094 -0.082509 0.056078
v -0.063094 -0.079980 0.055305
v -0.063094 -0.078859 0.057247
v -0.063094 -0.083907 0.054559
v -0.063094 -0.081377 0.053553
v -0.027290 -0.083177 0.055289
v -0.026560 -0.064873 0.054559
v -0.026560 -0.083907 0.054559
v -0.024931 -0.064873 0.053291
v -0.025772 -0.084696 0.053891
v -0.063094 -0.085536 0.053291
v -0.024931 -0.085536 0.053291
v -0.024043 -0.086424 0.052762
v -0.023115 -0.064873 0.052308
v -0.019026 -0.064873 0.061436
v -0.021162 -0.064873 0.051638
v -0.018621 -0.064873 0.061311
v -0.023115 -0.087352 0.052308
v -0.022153 -0.088314 0.051933
v -0.063094 -0.087352 0.052308
v -0.063094 -0.089305 0.051638
v -0.063094 -0.086893 0.049792
v -0.063094 -0.084873 0.050765
v -0.025594 -0.084873 0.050765
v -0.063094 -0.083021 0.052028
v -0.026544 -0.083924 0.051362
v -0.027446 -0.083021 0.052028
v -0.027446 -0.062373 0.052028
v -0.028296 -0.082171 0.052760
v -0.029090 -0.081377 0.053553
v -0.029090 -0.062373 0.053553
v -0.030487 -0.062373 0.055305
v -0.029821 -0.080646 0.054403
v -0.020039 -0.062373 0.062185
v -0.019746 -0.062373 0.061879
v -0.020039 -0.064873 0.062185
v -0.020276 -0.064873 0.062536
v -0.020276 -0.062373 0.062536
v -0.020451 -0.064873 0.062922
v -0.020451 -0.062373 0.062922
v -0.031608 -0.062373 0.057247
v -0.032057 -0.078410 0.058275
v -0.031084 -0.079383 0.056255
v -0.031608 -0.078859 0.057247
v -0.032427 -0.062373 0.059334
v -0.032926 -0.062373 0.061520
v -0.032718 -0.077749 0.060417
v -0.032427 -0.078040 0.059334
v -0.063094 -0.078040 0.059334
v -0.063094 -0.077541 0.061520
v -0.032926 -0.077541 0.061520
v -0.033052 -0.077415 0.062634
v -0.030487 -0.079980 0.055305
v -0.019746 -0.064873 0.061879
v -0.019405 -0.064873 0.061626
v -0.019405 -0.062373 0.061626
v -0.019026 -0.062373 0.061436
v -0.023574 -0.062373 0.049792
v -0.025594 -0.062373 0.050765
v -0.024602 -0.085865 0.050241
v -0.023574 -0.086893 0.049792
v -0.022515 -0.087952 0.049422
v -0.063094 -0.089035 0.049131
v -0.063094 -0.091252 0.048797
v -0.063094 -0.091341 0.051298
v -0.021432 -0.089035 0.049131
v -0.021432 -0.062373 0.049131
v -0.020330 -0.090138 0.048923
v -0.019215 -0.062373 0.048797
v -0.019215 -0.091252 0.048797
v -0.018094 -0.092373 0.048755
v -0.019215 -0.093494 0.048797
v -0.019215 -0.122373 0.048797
v -0.016973 -0.122373 0.048797
v -0.020330 -0.094609 0.048923
v -0.063094 -0.093494 0.048797
v -0.063094 -0.095711 0.049131
v -0.063094 -0.093405 0.051298
v -0.063094 -0.095442 0.051638
v -0.063094 -0.097394 0.052308
v -0.023115 -0.097394 0.052308
v -0.022153 -0.096432 0.051933
v -0.021162 -0.095442 0.051638
v -0.021162 -0.119873 0.051638
v -0.020151 -0.094431 0.051426
v -0.019126 -0.119873 0.051298
v -0.019126 -0.093405 0.051298
v -0.019126 -0.091341 0.051298
v -0.018094 -0.092373 0.051255
v -0.017062 -0.064873 0.051298
v -0.017062 -0.119873 0.051298
v -0.015025 -0.119873 0.051638
v -0.015025 -0.064873 0.051638
v -0.017776 -0.119873 0.061276
v -0.018200 -0.119873 0.061257
v -0.018621 -0.122373 0.061311
v -0.018200 -0.122373 0.061257
v -0.018621 -0.119873 0.061311
v -0.019026 -0.119873 0.061436
v -0.019026 -0.122373 0.061436
v -0.025594 -0.122373 0.050765
v -0.019405 -0.122373 0.061626
v -0.023574 -0.122373 0.049792
v -0.021432 -0.122373 0.049131
v -0.025594 -0.099873 0.050765
v -0.024602 -0.098882 0.050241
v -0.023574 -0.097853 0.049792
v -0.022515 -0.096795 0.049422
v -0.063094 -0.097853 0.049792
v -0.063094 -0.099873 0.050765
v -0.063094 -0.099210 0.053291
v -0.026560 -0.100839 0.054559
v -0.025772 -0.100051 0.053891
v -0.024931 -0.099210 0.053291
v -0.063094 -0.100839 0.054559
v -0.063094 -0.103369 0.053553
v -0.063094 -0.102237 0.056078
v -0.063094 -0.101726 0.052028
v -0.027958 -0.102237 0.056078
v -0.027290 -0.101570 0.055289
v -0.027958 -0.119873 0.056078
v -0.026560 -0.119873 0.054559
v -0.019746 -0.119873 0.061879
v -0.020039 -0.119873 0.062185
v -0.024931 -0.119873 0.053291
v -0.023115 -0.119873 0.052308
v -0.024043 -0.098323 0.052762
v -0.019405 -0.119873 0.061626
v -0.019746 -0.122373 0.061879
v -0.027446 -0.122373 0.052028
v -0.029090 -0.122373 0.053553
v -0.020039 -0.122373 0.062185
v -0.030487 -0.122373 0.055305
v -0.020276 -0.122373 0.062536
v -0.032427 -0.122373 0.059334
v -0.031608 -0.122373 0.057247
v -0.020451 -0.122373 0.062922
v -0.020276 -0.119873 0.062536
v -0.020451 -0.119873 0.062922
v -0.029087 -0.119873 0.057806
v -0.029541 -0.103820 0.058734
v -0.028558 -0.102838 0.056918
v -0.029087 -0.103367 0.057806
v -0.029917 -0.119873 0.059697
v -0.030423 -0.119873 0.061698
v -0.030211 -0.104491 0.060687
v -0.029917 -0.104196 0.059697
v -0.020558 -0.119873 0.063333
v -0.020594 -0.122373 0.063755
v -0.020558 -0.122373 0.063333
v -0.020594 -0.119873 0.063755
v -0.020558 -0.119873 0.064178
v -0.030594 -0.119873 0.063755
v -0.020558 -0.122373 0.064178
v -0.032926 -0.122373 0.065991
v -0.032427 -0.122373 0.068177
v -0.020451 -0.122373 0.064588
v -0.020276 -0.122373 0.064975
v -0.031608 -0.122373 0.070264
v -0.020451 -0.119873 0.064588
v -0.020276 -0.119873 0.064975
v -0.030423 -0.119873 0.065813
v -0.029917 -0.119873 0.067814
v -0.030423 -0.104703 0.065813
v -0.030211 -0.104491 0.066824
v -0.029917 -0.104196 0.067814
v -0.029087 -0.119873 0.069705
v -0.027958 -0.119873 0.071433
v -0.029087 -0.103367 0.069705
v -0.029541 -0.103820 0.068776
v -0.020039 -0.119873 0.065326
v -0.019746 -0.122373 0.065632
v -0.020039 -0.122373 0.065326
v -0.019746 -0.119873 0.065632
v -0.019405 -0.119873 0.065884
v -0.026560 -0.119873 0.072952
v -0.019405 -0.122373 0.065884
v -0.025594 -0.122373 0.076746
v -0.019026 -0.122373 0.066075
v -0.023574 -0.122373 0.077718
v -0.024602 -0.098882 0.077270
v -0.023574 -0.097853 0.077718
v -0.022515 -0.096795 0.078089
v -0.021432 -0.122373 0.078379
v -0.018621 -0.122373 0.066199
v -0.018200 -0.122373 0.066253
v -0.019026 -0.119873 0.066075
v -0.018621 -0.119873 0.066199
v -0.018200 -0.119873 0.066253
v -0.023115 -0.119873 0.075202
v -0.021162 -0.119873 0.075873
v -0.023115 -0.097394 0.075202
v -0.022153 -0.096432 0.075578
v -0.021162 -0.095442 0.075873
v -0.019126 -0.119873 0.076213
v -0.017062 -0.119873 0.076213
v -0.020151 -0.094431 0.076085
v -0.017776 -0.119873 0.066235
v -0.017776 -0.122373 0.066235
v -0.017362 -0.119873 0.066146
v -0.017362 -0.122373 0.066146
v -0.012614 -0.122373 0.077718
v -0.016968 -0.122373 0.065988
v -0.014756 -0.122373 0.078379
v -0.016973 -0.122373 0.078713
v -0.014756 -0.062373 0.078379
v -0.017362 -0.062373 0.066146
v -0.012614 -0.062373 0.077718
v -0.010594 -0.122373 0.076746
v -0.010594 -0.062373 0.076746
v -0.016968 -0.062373 0.065988
v -0.016968 -0.064873 0.065988
v -0.016607 -0.064873 0.065765
v -0.016607 -0.062373 0.065765
v -0.016289 -0.064873 0.065485
v -0.016289 -0.062373 0.065485
v -0.008741 -0.062373 0.075483
v -0.008741 -0.122373 0.075483
v -0.007098 -0.122373 0.073958
v -0.007098 -0.062373 0.073958
v -0.016023 -0.062373 0.065155
v -0.005700 -0.122373 0.072205
v -0.005700 -0.062373 0.072205
v -0.004579 -0.122373 0.070264
v -0.004579 -0.062373 0.070264
v -0.015816 -0.062373 0.064785
v -0.015816 -0.064873 0.064785
v -0.015675 -0.064873 0.064385
v -0.015675 -0.062373 0.064385
v -0.015603 -0.064873 0.063967
v -0.015603 -0.062373 0.063967
v -0.003760 -0.062373 0.068177
v -0.003760 -0.122373 0.068177
v -0.003261 -0.122373 0.065991
v -0.003261 -0.062373 0.065991
v -0.003094 -0.122373 0.063755
v -0.003094 -0.062373 0.063755
v -0.003261 -0.122373 0.061520
v -0.003261 -0.062373 0.061520
v -0.015603 -0.062373 0.063543
v -0.015603 -0.064873 0.063543
v -0.015675 -0.064873 0.063125
v -0.015675 -0.062373 0.063125
v -0.015816 -0.064873 0.062726
v -0.015816 -0.062373 0.062726
v -0.003760 -0.062373 0.059334
v -0.003760 -0.122373 0.059334
v -0.004579 -0.122373 0.057247
v -0.004579 -0.062373 0.057247
v -0.016023 -0.062373 0.062355
v -0.005700 -0.122373 0.055305
v -0.005700 -0.062373 0.055305
v -0.007098 -0.122373 0.053553
v -0.007098 -0.062373 0.053553
v -0.016289 -0.062373 0.062025
v -0.016289 -0.064873 0.062025
v -0.016607 -0.064873 0.061745
v -0.016607 -0.062373 0.061745
v -0.016968 -0.064873 0.061523
v -0.016968 -0.062373 0.061523
v -0.008742 -0.062373 0.052028
v -0.008741 -0.122373 0.052028
v -0.010594 -0.122373 0.050765
v -0.010594 -0.062373 0.050765
v -0.012614 -0.122373 0.049792
v -0.012614 -0.062373 0.049792
v -0.014756 -0.122373 0.049131
v -0.014756 -0.062373 0.049131
v -0.017362 -0.062373 0.061365
v -0.017362 -0.064873 0.061365
v -0.017776 -0.064873 0.061275
v -0.017776 -0.062373 0.061275
v -0.018200 -0.064873 0.061257
v -0.018200 -0.062373 0.061257
v -0.016973 -0.062373 0.048797
v -0.018621 -0.062373 0.061311
v -0.019126 -0.064873 0.051298
v -0.021162 -0.089305 0.051638
v -0.020151 -0.090316 0.051426
v -0.017362 -0.122373 0.061365
v -0.017776 -0.122373 0.061276
v -0.016968 -0.122373 0.061523
v -0.016968 -0.119873 0.061523
v -0.017362 -0.119873 0.061365
v -0.013073 -0.119873 0.052308
v -0.011257 -0.119873 0.053291
v -0.011257 -0.064873 0.053291
v -0.013073 -0.064873 0.052308
v -0.009628 -0.064873 0.054559
v -0.009628 -0.119873 0.054559
v -0.016023 -0.064873 0.062355
v -0.008230 -0.064873 0.056078
v -0.007101 -0.064873 0.057806
v -0.008230 -0.119873 0.056078
v -0.016023 -0.119873 0.062355
v -0.016289 -0.119873 0.062025
v -0.007101 -0.119873 0.057806
v -0.015816 -0.119873 0.062726
v -0.006271 -0.119873 0.059697
v -0.006271 -0.064873 0.059697
v -0.005764 -0.064873 0.061698
v -0.005764 -0.119873 0.061698
v -0.005594 -0.064873 0.063755
v -0.005764 -0.064873 0.065813
v -0.005594 -0.119873 0.063755
v -0.005764 -0.119873 0.065813
v -0.015603 -0.119873 0.063967
v -0.015603 -0.119873 0.063543
v -0.015675 -0.122373 0.063125
v -0.015603 -0.122373 0.063543
v -0.015675 -0.119873 0.063125
v -0.015816 -0.122373 0.062726
v -0.016023 -0.122373 0.062355
v -0.016289 -0.122373 0.062025
v -0.016607 -0.122373 0.061745
v -0.016607 -0.119873 0.061745
v -0.015603 -0.122373 0.063967
v -0.015675 -0.122373 0.064385
v -0.015675 -0.119873 0.064385
v -0.015816 -0.119873 0.064785
v -0.007101 -0.119873 0.069705
v -0.006271 -0.119873 0.067814
v -0.007101 -0.064873 0.069705
v -0.006271 -0.064873 0.067814
v -0.016023 -0.064873 0.065155
v -0.008230 -0.064873 0.071433
v -0.009628 -0.064873 0.072952
v -0.008230 -0.119873 0.071433
v -0.016023 -0.119873 0.065155
v -0.009628 -0.119873 0.072952
v -0.016289 -0.119873 0.065485
v -0.011257 -0.119873 0.074220
v -0.011257 -0.064873 0.074220
v -0.013073 -0.064873 0.075202
v -0.013073 -0.119873 0.075202
v -0.017362 -0.064873 0.066146
v -0.015025 -0.064873 0.075873
v -0.017776 -0.064873 0.066235
v -0.015025 -0.119873 0.075873
v -0.017062 -0.064873 0.076213
v -0.018094 -0.092373 0.076255
v -0.018200 -0.064873 0.066253
v -0.018621 -0.062373 0.066199
v -0.018200 -0.062373 0.066253
v -0.017776 -0.062373 0.066235
v -0.016968 -0.119873 0.065988
v -0.016607 -0.122373 0.065765
v -0.016607 -0.119873 0.065765
v -0.016289 -0.122373 0.065485
v -0.016023 -0.122373 0.065155
v -0.015816 -0.122373 0.064785
v -0.063094 -0.095442 0.075873
v -0.063094 -0.097394 0.075202
v -0.063094 -0.097853 0.077718
v -0.025594 -0.099873 0.076746
v -0.063094 -0.099873 0.076746
v -0.063094 -0.101726 0.075483
v -0.027446 -0.101726 0.075483
v -0.063094 -0.099210 0.074220
v -0.026544 -0.100823 0.076149
v -0.027446 -0.122373 0.075483
v -0.029090 -0.122373 0.073958
v -0.028296 -0.102576 0.074751
v -0.029090 -0.103369 0.073958
v -0.029821 -0.104101 0.073108
v -0.063094 -0.103369 0.073958
v -0.063094 -0.104767 0.072205
v -0.030487 -0.104767 0.072205
v -0.063094 -0.102237 0.071433
v -0.063094 -0.100839 0.072952
v -0.027290 -0.101570 0.072221
v -0.026560 -0.100839 0.072952
v -0.025772 -0.100051 0.073619
v -0.024931 -0.099210 0.074220
v -0.024931 -0.119873 0.074220
v -0.024043 -0.098323 0.074749
v -0.027958 -0.102237 0.071433
v -0.028558 -0.102838 0.070592
v -0.063094 -0.103367 0.069705
v -0.063094 -0.104196 0.067814
v -0.063094 -0.105888 0.070264
v -0.063094 -0.106707 0.068177
v -0.032926 -0.107206 0.065991
v -0.032718 -0.106997 0.067093
v -0.032427 -0.106707 0.068177
v -0.063094 -0.107206 0.065991
v -0.033094 -0.107373 0.063755
v -0.063094 -0.107373 0.063755
v -0.063094 -0.104703 0.065813
v -0.033052 -0.107331 0.064876
v -0.033094 -0.122373 0.063755
v -0.032926 -0.122373 0.061520
v -0.033052 -0.107331 0.062634
v -0.032926 -0.107206 0.061520
v -0.032718 -0.106997 0.060417
v -0.063094 -0.107206 0.061520
v -0.063094 -0.106707 0.059334
v -0.063094 -0.104703 0.061698
v -0.063094 -0.104873 0.063755
v -0.030594 -0.104873 0.063755
v -0.030551 -0.104831 0.064788
v -0.030551 -0.104831 0.062723
v -0.030423 -0.104703 0.061698
v -0.063094 -0.104196 0.059697
v -0.063094 -0.105888 0.057247
v -0.063094 -0.103367 0.057806
v -0.063094 -0.104767 0.055305
v -0.029821 -0.104101 0.054403
v -0.031084 -0.105364 0.056255
v -0.030487 -0.104767 0.055305
v -0.031608 -0.105888 0.057247
v -0.032057 -0.106336 0.058275
v -0.032427 -0.106707 0.059334
v -0.029090 -0.103369 0.053553
v -0.028296 -0.102576 0.052760
v -0.027446 -0.101726 0.052028
v -0.026544 -0.100823 0.051362
v -0.032057 -0.106336 0.069235
v -0.031608 -0.105888 0.070264
v -0.031084 -0.105364 0.071255
v -0.030487 -0.122373 0.072205
v -0.021432 -0.095711 0.049131
v -0.028296 -0.082171 0.074751
v -0.062094 -0.079921 0.064845
v -0.062094 -0.079873 0.063755
v -0.033094 -0.079921 0.064845
v -0.062094 -0.079968 0.065291
v -0.033094 -0.079968 0.065291
v -0.062250 -0.079933 0.064844
v -0.062094 -0.080063 0.065926
v -0.062403 -0.079970 0.064840
v -0.062403 -0.080111 0.065917
v -0.062250 -0.080075 0.065924
v -0.062250 -0.079885 0.063755
v -0.062250 -0.079933 0.062667
v -0.062403 -0.079922 0.063755
v -0.062094 -0.079921 0.062666
v -0.033094 -0.079873 0.063755
v -0.033094 -0.079921 0.062666
v -0.062094 -0.079968 0.062219
v -0.033094 -0.079968 0.062219
v -0.062094 -0.080063 0.061585
v -0.062250 -0.080075 0.061587
v -0.062250 -0.080311 0.060523
v -0.062403 -0.080111 0.061593
v -0.062403 -0.079970 0.062670
v -0.062548 -0.080029 0.062675
v -0.062548 -0.079982 0.063755
v -0.062682 -0.080064 0.063755
v -0.062682 -0.080111 0.064828
v -0.062548 -0.080029 0.064835
v -0.062682 -0.080251 0.065893
v -0.062548 -0.080170 0.065907
v -0.062548 -0.080404 0.066962
v -0.062682 -0.080484 0.066941
v -0.062801 -0.080902 0.067930
v -0.062682 -0.080806 0.067965
v -0.062801 -0.080582 0.066915
v -0.062801 -0.080352 0.065875
v -0.062903 -0.080697 0.066884
v -0.062903 -0.081014 0.067890
v -0.062985 -0.081140 0.067844
v -0.062985 -0.081539 0.068807
v -0.062903 -0.081418 0.068864
v -0.062801 -0.081310 0.068914
v -0.062903 -0.081905 0.069799
v -0.062985 -0.082021 0.069732
v -0.063045 -0.082146 0.069660
v -0.063045 -0.082700 0.070529
v -0.062985 -0.082581 0.070612
v -0.062903 -0.082472 0.070689
v -0.062985 -0.083216 0.071439
v -0.063045 -0.083327 0.071346
v -0.063082 -0.083444 0.071248
v -0.063082 -0.084131 0.071998
v -0.063045 -0.084023 0.072106
v -0.062985 -0.083920 0.072208
v -0.063045 -0.084783 0.072802
v -0.063082 -0.084881 0.072685
v -0.063094 -0.085777 0.073176
v -0.063094 -0.084981 0.072565
v -0.063082 -0.085687 0.073304
v -0.063082 -0.086545 0.073850
v -0.063045 -0.085600 0.073429
v -0.063094 -0.086623 0.073715
v -0.063094 -0.087513 0.074178
v -0.063094 -0.091194 0.065671
v -0.063094 -0.091534 0.065843
v -0.063094 -0.090887 0.065444
v -0.064094 -0.091194 0.065671
v -0.064094 -0.091534 0.065843
v -0.064094 -0.091980 0.064394
v -0.064094 -0.091899 0.065955
v -0.064094 -0.092094 0.064451
v -0.064094 -0.092215 0.064488
v -0.063094 -0.091980 0.064394
v -0.063094 -0.092094 0.064451
v -0.063094 -0.092215 0.064488
v -0.063094 -0.092187 0.064219
v -0.063094 -0.092111 0.064181
v -0.063094 -0.092043 0.064131
v -0.068094 -0.092111 0.064181
v -0.068094 -0.092187 0.064219
v -0.068094 -0.092268 0.064244
v -0.068094 -0.092373 0.063755
v -0.068094 -0.092873 0.063755
v -0.068094 -0.092520 0.063277
v -0.068094 -0.091937 0.063511
v -0.068094 -0.092043 0.064131
v -0.068094 -0.092671 0.064157
v -0.068094 -0.092871 0.063713
v -0.068094 -0.092437 0.063259
v -0.068094 -0.091902 0.063589
v -0.068094 -0.092734 0.064101
v -0.068094 -0.092857 0.063629
v -0.068094 -0.092352 0.063256
v -0.068094 -0.091880 0.063671
v -0.068094 -0.092788 0.064035
v -0.068094 -0.092829 0.063549
v -0.068094 -0.092268 0.063266
v -0.068094 -0.091873 0.063755
v -0.068094 -0.092829 0.063961
v -0.068094 -0.092788 0.063475
v -0.068094 -0.092187 0.063291
v -0.068094 -0.091880 0.063840
v -0.068094 -0.092352 0.064255
v -0.068094 -0.092857 0.063881
v -0.068094 -0.092734 0.063409
v -0.068094 -0.092111 0.063330
v -0.068094 -0.091902 0.063922
v -0.068094 -0.092437 0.064251
v -0.068094 -0.092671 0.063353
v -0.068094 -0.092043 0.063380
v -0.068094 -0.091937 0.063999
v -0.068094 -0.092520 0.064233
v -0.068094 -0.092871 0.063798
v -0.068094 -0.092598 0.063309
v -0.068094 -0.091984 0.063441
v -0.068094 -0.091984 0.064069
v -0.068094 -0.092598 0.064202
v -0.063094 -0.092598 0.064202
v -0.063094 -0.092520 0.064233
v -0.063094 -0.092437 0.064251
v -0.063094 -0.092593 0.064472
v -0.063094 -0.092711 0.064425
v -0.064094 -0.092819 0.064358
v -0.064094 -0.092711 0.064425
v -0.063094 -0.092819 0.064358
v -0.063094 -0.092915 0.064274
v -0.063094 -0.092671 0.064157
v -0.064094 -0.092915 0.064274
v -0.064094 -0.094237 0.065015
v -0.064094 -0.093998 0.065312
v -0.064094 -0.092995 0.064175
v -0.064094 -0.093057 0.064064
v -0.064094 -0.094424 0.064682
v -0.063094 -0.092995 0.064175
v -0.063094 -0.093057 0.064064
v -0.063094 -0.092788 0.064035
v -0.063094 -0.092734 0.064101
v -0.063094 -0.092829 0.063961
v -0.063094 -0.092857 0.063881
v -0.063094 -0.093099 0.063944
v -0.064094 -0.093120 0.063819
v -0.064094 -0.093099 0.063944
v -0.063094 -0.093120 0.063819
v -0.063094 -0.093123 0.063755
v -0.063094 -0.092871 0.063798
v -0.064094 -0.093123 0.063755
v -0.064094 -0.094623 0.063755
v -0.064094 -0.093120 0.063692
v -0.064094 -0.094615 0.063564
v -0.064094 -0.094551 0.063188
v -0.063094 -0.094615 0.063564
v -0.063094 -0.103699 0.061758
v -0.063094 -0.094551 0.063188
v -0.063094 -0.103830 0.062753
v -0.063094 -0.094623 0.063755
v -0.063094 -0.094615 0.063946
v -0.063094 -0.103873 0.063755
v -0.064094 -0.094615 0.063946
v -0.063094 -0.094551 0.064322
v -0.064094 -0.094551 0.064322
v -0.063094 -0.094424 0.064682
v -0.063094 -0.102332 0.069505
v -0.063094 -0.094237 0.065015
v -0.063094 -0.103180 0.067688
v -0.063094 -0.102796 0.068615
v -0.063082 -0.102468 0.069583
v -0.063082 -0.102938 0.068682
v -0.063045 -0.102600 0.069660
v -0.063045 -0.103076 0.068746
v -0.063082 -0.103327 0.067742
v -0.063045 -0.103470 0.067794
v -0.063082 -0.103633 0.066772
v -0.063094 -0.103481 0.066732
v -0.063094 -0.103699 0.065752
v -0.063094 -0.103830 0.064758
v -0.063082 -0.103852 0.065779
v -0.063082 -0.103985 0.064771
v -0.063045 -0.104003 0.065806
v -0.063045 -0.103780 0.066812
v -0.062985 -0.103606 0.067844
v -0.062985 -0.103920 0.066849
v -0.062903 -0.104049 0.066884
v -0.062985 -0.104146 0.065831
v -0.062903 -0.103732 0.067890
v -0.062801 -0.103844 0.067930
v -0.062903 -0.103328 0.068864
v -0.062801 -0.103437 0.068914
v -0.062682 -0.103033 0.069910
v -0.062801 -0.102945 0.069859
v -0.062682 -0.103529 0.068957
v -0.062548 -0.103603 0.068992
v -0.062682 -0.103940 0.067965
v -0.062548 -0.103104 0.069951
v -0.062548 -0.102523 0.070862
v -0.062403 -0.102573 0.070897
v -0.062403 -0.103156 0.069981
v -0.062250 -0.102602 0.070918
v -0.062250 -0.103188 0.069999
v -0.062403 -0.103658 0.069017
v -0.062250 -0.103691 0.069033
v -0.062403 -0.104073 0.068014
v -0.062548 -0.104017 0.067993
v -0.062682 -0.104263 0.066941
v -0.062548 -0.104342 0.066962
v -0.062403 -0.104400 0.066978
v -0.062548 -0.104576 0.065907
v -0.062682 -0.104495 0.065893
v -0.062801 -0.104395 0.065875
v -0.062801 -0.104534 0.064819
v -0.062682 -0.104635 0.064828
v -0.062801 -0.104580 0.063755
v -0.062682 -0.104682 0.063755
v -0.062548 -0.104717 0.064835
v -0.062548 -0.104764 0.063755
v -0.062403 -0.104777 0.064840
v -0.062403 -0.104635 0.065917
v -0.062250 -0.104436 0.066987
v -0.062250 -0.104671 0.065924
v -0.062094 -0.104683 0.065926
v -0.062094 -0.104660 0.066052
v -0.062250 -0.104813 0.064844
v -0.062094 -0.104873 0.063755
v -0.062094 -0.104849 0.064525
v -0.062094 -0.104826 0.064845
v -0.062403 -0.104824 0.063755
v -0.062250 -0.104861 0.063755
v -0.062094 -0.104849 0.062986
v -0.062403 -0.104777 0.062670
v -0.062250 -0.104813 0.062667
v -0.062250 -0.104671 0.061587
v -0.062403 -0.104635 0.061593
v -0.062094 -0.104826 0.062666
v -0.062094 -0.104683 0.061585
v -0.033094 -0.104683 0.061585
v -0.033094 -0.104826 0.062666
v -0.033094 -0.104849 0.062986
v -0.032937 -0.104813 0.062667
v -0.033094 -0.104873 0.063755
v -0.032937 -0.104671 0.061587
v -0.032937 -0.104861 0.063755
v -0.032785 -0.104777 0.062670
v -0.032785 -0.104824 0.063755
v -0.032640 -0.104717 0.064835
v -0.032640 -0.104764 0.063755
v -0.032785 -0.104777 0.064840
v -0.032937 -0.104813 0.064844
v -0.032785 -0.104635 0.065917
v -0.032640 -0.104576 0.065907
v -0.032640 -0.104342 0.066962
v -0.032506 -0.104495 0.065893
v -0.032506 -0.104263 0.066941
v -0.032506 -0.103940 0.067965
v -0.032387 -0.104164 0.066915
v -0.032387 -0.103844 0.067930
v -0.032387 -0.103437 0.068914
v -0.032285 -0.103732 0.067890
v -0.032285 -0.103328 0.068864
v -0.032285 -0.102842 0.069799
v -0.032203 -0.103207 0.068807
v -0.032203 -0.102726 0.069732
v -0.032203 -0.102165 0.070612
v -0.032143 -0.102600 0.069660
v -0.032143 -0.102047 0.070529
v -0.032143 -0.101420 0.071346
v -0.032106 -0.101922 0.070441
v -0.032106 -0.101303 0.071248
v -0.032094 -0.100505 0.071887
v -0.032106 -0.100616 0.071998
v -0.032094 -0.101183 0.071147
v -0.032094 -0.092373 0.063755
v -0.032094 -0.101793 0.070351
v -0.032094 -0.102332 0.069505
v -0.032106 -0.102468 0.069583
v -0.032143 -0.103076 0.068746
v -0.032106 -0.102938 0.068682
v -0.032143 -0.103470 0.067794
v -0.032106 -0.103327 0.067742
v -0.032094 -0.102796 0.068615
v -0.032094 -0.103180 0.067688
v -0.032094 -0.103481 0.066732
v -0.032106 -0.103633 0.066772
v -0.032143 -0.104003 0.065806
v -0.032106 -0.103852 0.065779
v -0.032143 -0.103780 0.066812
v -0.032203 -0.104146 0.065831
v -0.032203 -0.103920 0.066849
v -0.032285 -0.104277 0.065854
v -0.032285 -0.104049 0.066884
v -0.032203 -0.103606 0.067844
v -0.032387 -0.104395 0.065875
v -0.032506 -0.104635 0.064828
v -0.032387 -0.104534 0.064819
v -0.032506 -0.104682 0.063755
v -0.032387 -0.104580 0.063755
v -0.032285 -0.104415 0.064809
v -0.032285 -0.104461 0.063755
v -0.032203 -0.104282 0.064797
v -0.032203 -0.104327 0.063755
v -0.032143 -0.104137 0.064784
v -0.032143 -0.104182 0.063755
v -0.032106 -0.103985 0.064771
v -0.032094 -0.103699 0.065752
v -0.032106 -0.104030 0.063755
v -0.032094 -0.103830 0.064758
v -0.032094 -0.103873 0.063755
v -0.032094 -0.103830 0.062753
v -0.032106 -0.103985 0.062739
v -0.032143 -0.104003 0.061705
v -0.032106 -0.103852 0.061731
v -0.032143 -0.104137 0.062726
v -0.032203 -0.104146 0.061679
v -0.032203 -0.104282 0.062713
v -0.032285 -0.104277 0.061656
v -0.032285 -0.104415 0.062702
v -0.032387 -0.104395 0.061636
v -0.032387 -0.104534 0.062691
v -0.032506 -0.104495 0.061618
v -0.032506 -0.104635 0.062682
v -0.032640 -0.104576 0.061604
v -0.032640 -0.104717 0.062675
v -0.032785 -0.104635 0.061593
v -0.032937 -0.104436 0.060523
v -0.032785 -0.104400 0.060533
v -0.032937 -0.104108 0.059484
v -0.032785 -0.104073 0.059497
v -0.032640 -0.104342 0.060548
v -0.032640 -0.104017 0.059517
v -0.032506 -0.104263 0.060570
v -0.032506 -0.103940 0.059545
v -0.032387 -0.104164 0.060596
v -0.032387 -0.103844 0.059580
v -0.032285 -0.104049 0.060627
v -0.032285 -0.103732 0.059621
v -0.032203 -0.103920 0.060661
v -0.032203 -0.103606 0.059667
v -0.032143 -0.103780 0.060699
v -0.032143 -0.103470 0.059716
v -0.032106 -0.103633 0.060738
v -0.032106 -0.103327 0.059769
v -0.032094 -0.103699 0.061758
v -0.032094 -0.103481 0.060779
v -0.032094 -0.103180 0.059822
v -0.032094 -0.102796 0.058895
v -0.032106 -0.102938 0.058829
v -0.032143 -0.102600 0.057851
v -0.032106 -0.102468 0.057927
v -0.032143 -0.103076 0.058765
v -0.032203 -0.102726 0.057778
v -0.032203 -0.103207 0.058703
v -0.032285 -0.102842 0.057711
v -0.032285 -0.103328 0.058647
v -0.032387 -0.102945 0.057652
v -0.032387 -0.103437 0.058596
v -0.032506 -0.103033 0.057601
v -0.032506 -0.103529 0.058553
v -0.032640 -0.103104 0.057560
v -0.032640 -0.103603 0.058519
v -0.032785 -0.103156 0.057530
v -0.032785 -0.103658 0.058493
v -0.032937 -0.103691 0.058478
v -0.032937 -0.103188 0.057511
v -0.032937 -0.102602 0.056593
v -0.033094 -0.103001 0.057175
v -0.033094 -0.103199 0.057505
v -0.062094 -0.103199 0.057505
v -0.062094 -0.103702 0.058473
v -0.033094 -0.103702 0.058473
v -0.062094 -0.103729 0.058531
v -0.033094 -0.103729 0.058531
v -0.062094 -0.104119 0.059480
v -0.033094 -0.104119 0.059480
v -0.062094 -0.104285 0.059966
v -0.033094 -0.104285 0.059966
v -0.062094 -0.104447 0.060520
v -0.033094 -0.104447 0.060520
v -0.062094 -0.104660 0.061458
v -0.033094 -0.104660 0.061458
v -0.062250 -0.104436 0.060523
v -0.062250 -0.104108 0.059484
v -0.062403 -0.104400 0.060533
v -0.062403 -0.104073 0.059497
v -0.062548 -0.104017 0.059517
v -0.062403 -0.103658 0.058493
v -0.062548 -0.103603 0.058519
v -0.062682 -0.103033 0.057601
v -0.062682 -0.103529 0.058553
v -0.062548 -0.103104 0.057560
v -0.062403 -0.103156 0.057530
v -0.062548 -0.102523 0.056648
v -0.062682 -0.102456 0.056695
v -0.062801 -0.102373 0.056754
v -0.062682 -0.101802 0.055843
v -0.062801 -0.101724 0.055909
v -0.062801 -0.101005 0.055124
v -0.062903 -0.101633 0.055985
v -0.062903 -0.100921 0.055208
v -0.062985 -0.100826 0.055303
v -0.062985 -0.100057 0.054598
v -0.062903 -0.100143 0.054495
v -0.062801 -0.100220 0.054404
v -0.062903 -0.099306 0.053854
v -0.062985 -0.099230 0.053963
v -0.063045 -0.099147 0.054082
v -0.063045 -0.098278 0.053528
v -0.062985 -0.098350 0.053403
v -0.063045 -0.097364 0.053053
v -0.062903 -0.098417 0.053287
v -0.062985 -0.097425 0.052921
v -0.063045 -0.096412 0.052658
v -0.062985 -0.096462 0.052522
v -0.062903 -0.097482 0.052800
v -0.062903 -0.096507 0.052396
v -0.062801 -0.097532 0.052692
v -0.062801 -0.098477 0.053184
v -0.062682 -0.099433 0.053672
v -0.062801 -0.099375 0.053756
v -0.062682 -0.098528 0.053095
v -0.062548 -0.098569 0.053024
v -0.062682 -0.097575 0.052600
v -0.062548 -0.099480 0.053605
v -0.062403 -0.099515 0.053556
v -0.062548 -0.100338 0.054263
v -0.062403 -0.100377 0.054217
v -0.062250 -0.100400 0.054189
v -0.062403 -0.101177 0.054951
v -0.062250 -0.101203 0.054925
v -0.062250 -0.101939 0.055728
v -0.062094 -0.100408 0.054180
v -0.062094 -0.101075 0.054781
v -0.062094 -0.101212 0.054916
v -0.062094 -0.101949 0.055720
v -0.033094 -0.101212 0.054916
v -0.033094 -0.101949 0.055720
v -0.062094 -0.102112 0.055919
v -0.033094 -0.102112 0.055919
v -0.062094 -0.102613 0.056586
v -0.062250 -0.102602 0.056593
v -0.062403 -0.102573 0.056614
v -0.062250 -0.103188 0.057511
v -0.062403 -0.101911 0.055752
v -0.062548 -0.101865 0.055791
v -0.062548 -0.101135 0.054994
v -0.062682 -0.101077 0.055052
v -0.062682 -0.100285 0.054326
v -0.062250 -0.103691 0.058478
v -0.062094 -0.103001 0.057175
v -0.033094 -0.102613 0.056586
v -0.032937 -0.101939 0.055728
v -0.032937 -0.101203 0.054925
v -0.032785 -0.101911 0.055752
v -0.032785 -0.102573 0.056614
v -0.032640 -0.102523 0.056648
v -0.032640 -0.101865 0.055791
v -0.032506 -0.102456 0.056695
v -0.032506 -0.101802 0.055843
v -0.032387 -0.102373 0.056754
v -0.032387 -0.101724 0.055909
v -0.032285 -0.102275 0.056822
v -0.032285 -0.101633 0.055985
v -0.032203 -0.102165 0.056899
v -0.032203 -0.101531 0.056071
v -0.032143 -0.102047 0.056982
v -0.032143 -0.101420 0.056165
v -0.032106 -0.101922 0.057069
v -0.032094 -0.102332 0.058005
v -0.032106 -0.101303 0.056263
v -0.032094 -0.101793 0.057159
v -0.032094 -0.101183 0.056363
v -0.032094 -0.100505 0.055624
v -0.032106 -0.100616 0.055513
v -0.032143 -0.099964 0.054709
v -0.032106 -0.099866 0.054826
v -0.032143 -0.100724 0.055405
v -0.032203 -0.100057 0.054598
v -0.032203 -0.100826 0.055303
v -0.032285 -0.100143 0.054495
v -0.032285 -0.100921 0.055208
v -0.032387 -0.100220 0.054404
v -0.032387 -0.101005 0.055124
v -0.032506 -0.100285 0.054326
v -0.032506 -0.101077 0.055052
v -0.032640 -0.100338 0.054263
v -0.032640 -0.101135 0.054994
v -0.032785 -0.100377 0.054217
v -0.032785 -0.101177 0.054951
v -0.032937 -0.100400 0.054189
v -0.032937 -0.099536 0.053526
v -0.033094 -0.100408 0.054180
v -0.033094 -0.101075 0.054781
v -0.033094 -0.099906 0.053780
v -0.033094 -0.099543 0.053516
v -0.062094 -0.099906 0.053780
v -0.062094 -0.099543 0.053516
v -0.062250 -0.099536 0.053526
v -0.062403 -0.098599 0.052972
v -0.062250 -0.098617 0.052941
v -0.062250 -0.097651 0.052438
v -0.062094 -0.098623 0.052930
v -0.062403 -0.097635 0.052471
v -0.062548 -0.097610 0.052525
v -0.062548 -0.096611 0.052112
v -0.062403 -0.096632 0.052055
v -0.062250 -0.096644 0.052021
v -0.062403 -0.095596 0.051728
v -0.062548 -0.095580 0.051786
v -0.062682 -0.094511 0.051633
v -0.062682 -0.095559 0.051866
v -0.062548 -0.094525 0.051552
v -0.062682 -0.093446 0.051493
v -0.062548 -0.093453 0.051411
v -0.062403 -0.094535 0.051493
v -0.062403 -0.093458 0.051352
v -0.062250 -0.094542 0.051457
v -0.062250 -0.095605 0.051693
v -0.062094 -0.095608 0.051681
v -0.062094 -0.095794 0.051732
v -0.033094 -0.095608 0.051681
v -0.033094 -0.095794 0.051732
v -0.062094 -0.096649 0.052009
v -0.033094 -0.096649 0.052009
v -0.062094 -0.097246 0.052244
v -0.033094 -0.097246 0.052244
v -0.062094 -0.097656 0.052426
v -0.033094 -0.097656 0.052426
v -0.033094 -0.098623 0.052930
v -0.032937 -0.098617 0.052941
v -0.032937 -0.097651 0.052438
v -0.032937 -0.096644 0.052021
v -0.032785 -0.097635 0.052471
v -0.032785 -0.098599 0.052972
v -0.032785 -0.099515 0.053556
v -0.032640 -0.098569 0.053024
v -0.032640 -0.099480 0.053605
v -0.032506 -0.099433 0.053672
v -0.032506 -0.098528 0.053095
v -0.032387 -0.099375 0.053756
v -0.032387 -0.098477 0.053184
v -0.032285 -0.099306 0.053854
v -0.032285 -0.098417 0.053287
v -0.032203 -0.099230 0.053963
v -0.032203 -0.098350 0.053403
v -0.032143 -0.099147 0.054082
v -0.032143 -0.098278 0.053528
v -0.032106 -0.099059 0.054207
v -0.032106 -0.098201 0.053661
v -0.032094 -0.099765 0.054946
v -0.032094 -0.098969 0.054335
v -0.032094 -0.098123 0.053796
v -0.032094 -0.097233 0.053333
v -0.032106 -0.097300 0.053191
v -0.032143 -0.096412 0.052658
v -0.032106 -0.096360 0.052802
v -0.032143 -0.097364 0.053053
v -0.032203 -0.096462 0.052522
v -0.032203 -0.097425 0.052921
v -0.032285 -0.096507 0.052396
v -0.032285 -0.097482 0.052800
v -0.032387 -0.096548 0.052284
v -0.032387 -0.097532 0.052692
v -0.032506 -0.096583 0.052189
v -0.032506 -0.097575 0.052600
v -0.032640 -0.096611 0.052112
v -0.032640 -0.097610 0.052525
v -0.032785 -0.096632 0.052055
v -0.032937 -0.095605 0.051693
v -0.032785 -0.095596 0.051728
v -0.032937 -0.094542 0.051457
v -0.032785 -0.094535 0.051493
v -0.032640 -0.095580 0.051786
v -0.032640 -0.094525 0.051552
v -0.032506 -0.095559 0.051866
v -0.032506 -0.094511 0.051633
v -0.032387 -0.095533 0.051964
v -0.032387 -0.094493 0.051734
v -0.032285 -0.095502 0.052079
v -0.032285 -0.094472 0.051851
v -0.032203 -0.095467 0.052209
v -0.032203 -0.094449 0.051983
v -0.032143 -0.095430 0.052349
v -0.032143 -0.094424 0.052126
v -0.032106 -0.095390 0.052496
v -0.032094 -0.096306 0.052949
v -0.032094 -0.095350 0.052647
v -0.032106 -0.094397 0.052276
v -0.032143 -0.093402 0.051991
v -0.032106 -0.093389 0.052143
v -0.032094 -0.094370 0.052430
v -0.032094 -0.093375 0.052299
v -0.032094 -0.092373 0.052255
v -0.032106 -0.092373 0.052099
v -0.032143 -0.091344 0.051991
v -0.032106 -0.091357 0.052143
v -0.032143 -0.092373 0.051946
v -0.032203 -0.091331 0.051847
v -0.032203 -0.092373 0.051801
v -0.032285 -0.091320 0.051713
v -0.032285 -0.092373 0.051667
v -0.032203 -0.093415 0.051847
v -0.032285 -0.093427 0.051713
v -0.032387 -0.092373 0.051548
v -0.032387 -0.093437 0.051595
v -0.032506 -0.092373 0.051446
v -0.032506 -0.093446 0.051493
v -0.032640 -0.092373 0.051364
v -0.032640 -0.093453 0.051411
v -0.032785 -0.092373 0.051304
v -0.032785 -0.093458 0.051352
v -0.032937 -0.092373 0.051268
v -0.032937 -0.093462 0.051315
v -0.033094 -0.093463 0.051303
v -0.033094 -0.094291 0.051403
v -0.062094 -0.094291 0.051403
v -0.062094 -0.094544 0.051445
v -0.033094 -0.094544 0.051445
v -0.062094 -0.093463 0.051303
v -0.062094 -0.092758 0.051261
v -0.033094 -0.092758 0.051261
v -0.062250 -0.093462 0.051315
v -0.062250 -0.092373 0.051268
v -0.062403 -0.092373 0.051304
v -0.062548 -0.092373 0.051364
v -0.062548 -0.091293 0.051411
v -0.062403 -0.091288 0.051352
v -0.062403 -0.090211 0.051493
v -0.062548 -0.090222 0.051552
v -0.062250 -0.091285 0.051315
v -0.062094 -0.091220 0.051309
v -0.062094 -0.091284 0.051303
v -0.062250 -0.090205 0.051457
v -0.062094 -0.092373 0.051255
v -0.033094 -0.091284 0.051303
v -0.033094 -0.092373 0.051255
v -0.033094 -0.091220 0.051309
v -0.032937 -0.091285 0.051315
v -0.032937 -0.090205 0.051457
v -0.032785 -0.091288 0.051352
v -0.032785 -0.090211 0.051493
v -0.032640 -0.091293 0.051411
v -0.032640 -0.090222 0.051552
v -0.032506 -0.091300 0.051493
v -0.032506 -0.090236 0.051633
v -0.032387 -0.091309 0.051595
v -0.032387 -0.090254 0.051734
v -0.032506 -0.089187 0.051866
v -0.032387 -0.089214 0.051964
v -0.032285 -0.090274 0.051851
v -0.032285 -0.089245 0.052079
v -0.032203 -0.090297 0.051983
v -0.032203 -0.089279 0.052209
v -0.032143 -0.090323 0.052126
v -0.032143 -0.089317 0.052349
v -0.032106 -0.090349 0.052276
v -0.032106 -0.089356 0.052496
v -0.032094 -0.091371 0.052299
v -0.032094 -0.090376 0.052430
v -0.032094 -0.089397 0.052647
v -0.032094 -0.088440 0.052949
v -0.032106 -0.088386 0.052802
v -0.032143 -0.088334 0.052658
v -0.032143 -0.087383 0.053053
v -0.032106 -0.087447 0.053191
v -0.032094 -0.087513 0.053333
v -0.032143 -0.086469 0.053528
v -0.032106 -0.086545 0.053661
v -0.032094 -0.086623 0.053796
v -0.032143 -0.085600 0.054082
v -0.032106 -0.085687 0.054207
v -0.032143 -0.084783 0.054709
v -0.032106 -0.084881 0.054826
v -0.032094 -0.085777 0.054335
v -0.032094 -0.084981 0.054946
v -0.032094 -0.084242 0.055624
v -0.032106 -0.084131 0.055513
v -0.032143 -0.083327 0.056165
v -0.032106 -0.083444 0.056263
v -0.032143 -0.084023 0.055405
v -0.032203 -0.083216 0.056071
v -0.032203 -0.083920 0.055303
v -0.032285 -0.083113 0.055985
v -0.032285 -0.083826 0.055208
v -0.032203 -0.084689 0.054598
v -0.032285 -0.084603 0.054495
v -0.032203 -0.085517 0.053963
v -0.032285 -0.085440 0.053854
v -0.032203 -0.086396 0.053403
v -0.032285 -0.086329 0.053287
v -0.032203 -0.087321 0.052921
v -0.032285 -0.087265 0.052800
v -0.032203 -0.088285 0.052522
v -0.032285 -0.088239 0.052396
v -0.032387 -0.088198 0.052284
v -0.032387 -0.087214 0.052692
v -0.032506 -0.086219 0.053095
v -0.032387 -0.086270 0.053184
v -0.032506 -0.087171 0.052600
v -0.032640 -0.086178 0.053024
v -0.032640 -0.087137 0.052525
v -0.032506 -0.088163 0.052189
v -0.032640 -0.088135 0.052112
v -0.032785 -0.088115 0.052055
v -0.032640 -0.089166 0.051786
v -0.032785 -0.087111 0.052471
v -0.032937 -0.087096 0.052438
v -0.032937 -0.086129 0.052941
v -0.032785 -0.086148 0.052972
v -0.032785 -0.085232 0.053556
v -0.032937 -0.085211 0.053526
v -0.033094 -0.085469 0.053335
v -0.033094 -0.086123 0.052930
v -0.033094 -0.084338 0.054180
v -0.033094 -0.085204 0.053516
v -0.032937 -0.084346 0.054189
v -0.032937 -0.083543 0.054925
v -0.032785 -0.084370 0.054217
v -0.033094 -0.084240 0.054263
v -0.033094 -0.083534 0.054916
v -0.062094 -0.084240 0.054263
v -0.062094 -0.084338 0.054180
v -0.062094 -0.085204 0.053516
v -0.062250 -0.084346 0.054189
v -0.062094 -0.083534 0.054916
v -0.062403 -0.084370 0.054217
v -0.062250 -0.083543 0.054925
v -0.062403 -0.083569 0.054951
v -0.062250 -0.085211 0.053526
v -0.062094 -0.085469 0.053335
v -0.062250 -0.086129 0.052941
v -0.062403 -0.085232 0.053556
v -0.062548 -0.085266 0.053605
v -0.062548 -0.084408 0.054263
v -0.062403 -0.086148 0.052972
v -0.062548 -0.086178 0.053024
v -0.062403 -0.087111 0.052471
v -0.062250 -0.087096 0.052438
v -0.062094 -0.088098 0.052009
v -0.062094 -0.086123 0.052930
v -0.062250 -0.088102 0.052021
v -0.062094 -0.086802 0.052566
v -0.062094 -0.087091 0.052426
v -0.033094 -0.086802 0.052566
v -0.033094 -0.087091 0.052426
v -0.033094 -0.088098 0.052009
v -0.032937 -0.088102 0.052021
v -0.032937 -0.089141 0.051693
v -0.033094 -0.088219 0.051966
v -0.032785 -0.089151 0.051728
v -0.033094 -0.089138 0.051681
v -0.062094 -0.089138 0.051681
v -0.062094 -0.089699 0.051545
v -0.033094 -0.089699 0.051545
v -0.062094 -0.090203 0.051445
v -0.033094 -0.090203 0.051445
v -0.062250 -0.089141 0.051693
v -0.062094 -0.088219 0.051966
v -0.062403 -0.089151 0.051728
v -0.062403 -0.088115 0.052055
v -0.062548 -0.088135 0.052112
v -0.062548 -0.087137 0.052525
v -0.062682 -0.087171 0.052600
v -0.062682 -0.086219 0.053095
v -0.062801 -0.086270 0.053184
v -0.062682 -0.085313 0.053672
v -0.062801 -0.085372 0.053756
v -0.062903 -0.084603 0.054495
v -0.062903 -0.085440 0.053854
v -0.062801 -0.084527 0.054404
v -0.062903 -0.083826 0.055208
v -0.062801 -0.083741 0.055124
v -0.062682 -0.084461 0.054326
v -0.062682 -0.083670 0.055052
v -0.062548 -0.083612 0.054994
v -0.062682 -0.082944 0.055843
v -0.062801 -0.083022 0.055909
v -0.062903 -0.083113 0.055985
v -0.062801 -0.082374 0.056754
v -0.062903 -0.082472 0.056822
v -0.062985 -0.082021 0.057778
v -0.062903 -0.081905 0.057711
v -0.062985 -0.082581 0.056899
v -0.062985 -0.083216 0.056071
v -0.063045 -0.082700 0.056982
v -0.063045 -0.082146 0.057851
v -0.063082 -0.082279 0.057927
v -0.063082 -0.081809 0.058829
v -0.063045 -0.081671 0.058765
v -0.062985 -0.081539 0.058703
v -0.063045 -0.081276 0.059716
v -0.063082 -0.081420 0.059769
v -0.063094 -0.081265 0.060779
v -0.063082 -0.081114 0.060738
v -0.063094 -0.081567 0.059822
v -0.063094 -0.090252 0.063006
v -0.063094 -0.081951 0.058895
v -0.063094 -0.082414 0.058005
v -0.063094 -0.090409 0.062658
v -0.063094 -0.090623 0.062342
v -0.063094 -0.082953 0.057159
v -0.064094 -0.090409 0.062658
v -0.064094 -0.090252 0.063006
v -0.064094 -0.090156 0.063375
v -0.064094 -0.091666 0.063505
v -0.064094 -0.091718 0.063390
v -0.064094 -0.091790 0.063284
v -0.063094 -0.091790 0.063284
v -0.063094 -0.091718 0.063390
v -0.063094 -0.091666 0.063505
v -0.063094 -0.091937 0.063511
v -0.063094 -0.091984 0.063441
v -0.063094 -0.092043 0.063380
v -0.063094 -0.092111 0.063330
v -0.063094 -0.091878 0.063192
v -0.063094 -0.091980 0.063117
v -0.064094 -0.091878 0.063192
v -0.064094 -0.090623 0.062342
v -0.064094 -0.090887 0.062066
v -0.064094 -0.091980 0.063117
v -0.064094 -0.091194 0.061839
v -0.064094 -0.092094 0.063059
v -0.063094 -0.092094 0.063059
v -0.063094 -0.092215 0.063022
v -0.063094 -0.092187 0.063291
v -0.063094 -0.092268 0.063266
v -0.063094 -0.092352 0.063256
v -0.063094 -0.092342 0.063006
v -0.063094 -0.092437 0.063259
v -0.063094 -0.092520 0.063277
v -0.063094 -0.092469 0.063011
v -0.064094 -0.092469 0.063011
v -0.063094 -0.092593 0.063038
v -0.064094 -0.092342 0.063006
v -0.064094 -0.092215 0.063022
v -0.064094 -0.091899 0.061556
v -0.064094 -0.092278 0.061507
v -0.064094 -0.092659 0.061524
v -0.063094 -0.092278 0.061507
v -0.063094 -0.092659 0.061524
v -0.063094 -0.093032 0.061604
v -0.063094 -0.094370 0.052430
v -0.063094 -0.092373 0.052255
v -0.063094 -0.093375 0.052299
v -0.063082 -0.094397 0.052276
v -0.063082 -0.093389 0.052143
v -0.063045 -0.094424 0.052126
v -0.063045 -0.093402 0.051991
v -0.063082 -0.092373 0.052099
v -0.063094 -0.091371 0.052299
v -0.063045 -0.092373 0.051946
v -0.063082 -0.091357 0.052143
v -0.063094 -0.090376 0.052430
v -0.063045 -0.091344 0.051991
v -0.063082 -0.090349 0.052276
v -0.063045 -0.090323 0.052126
v -0.063082 -0.089356 0.052496
v -0.063094 -0.089397 0.052647
v -0.063094 -0.091899 0.061556
v -0.063094 -0.091534 0.061668
v -0.063094 -0.088440 0.052949
v -0.063094 -0.087513 0.053333
v -0.063082 -0.088386 0.052802
v -0.063082 -0.087447 0.053191
v -0.063045 -0.088334 0.052658
v -0.063045 -0.089317 0.052349
v -0.062985 -0.090297 0.051983
v -0.062985 -0.089279 0.052209
v -0.062903 -0.089245 0.052079
v -0.062985 -0.088285 0.052522
v -0.062903 -0.090274 0.051851
v -0.062801 -0.090254 0.051734
v -0.062903 -0.091320 0.051713
v -0.062801 -0.091309 0.051595
v -0.062682 -0.092373 0.051446
v -0.062801 -0.092373 0.051548
v -0.062682 -0.091300 0.051493
v -0.062682 -0.090236 0.051633
v -0.062801 -0.089214 0.051964
v -0.062682 -0.089187 0.051866
v -0.062548 -0.089166 0.051786
v -0.062682 -0.088163 0.052189
v -0.062801 -0.088198 0.052284
v -0.062903 -0.087265 0.052800
v -0.062903 -0.088239 0.052396
v -0.062801 -0.087214 0.052692
v -0.062903 -0.086329 0.053287
v -0.062985 -0.086396 0.053403
v -0.062985 -0.085517 0.053963
v -0.062985 -0.084689 0.054598
v -0.063045 -0.085600 0.054082
v -0.063045 -0.084783 0.054709
v -0.063082 -0.084881 0.054826
v -0.063082 -0.084131 0.055513
v -0.063045 -0.084023 0.055405
v -0.062985 -0.083920 0.055303
v -0.063045 -0.083327 0.056165
v -0.063082 -0.083444 0.056263
v -0.063094 -0.083564 0.056363
v -0.063082 -0.082825 0.057069
v -0.063094 -0.084242 0.055624
v -0.063094 -0.090887 0.062066
v -0.063094 -0.084981 0.054946
v -0.063094 -0.085777 0.054335
v -0.063082 -0.085687 0.054207
v -0.063082 -0.086545 0.053661
v -0.063045 -0.086469 0.053528
v -0.063045 -0.087383 0.053053
v -0.062985 -0.087321 0.052921
v -0.063094 -0.086623 0.053796
v -0.063094 -0.091194 0.061839
v -0.062903 -0.092373 0.051667
v -0.062801 -0.093437 0.051595
v -0.062903 -0.093427 0.051713
v -0.062801 -0.094493 0.051734
v -0.062903 -0.094472 0.051851
v -0.062801 -0.095533 0.051964
v -0.062903 -0.095502 0.052079
v -0.062801 -0.096548 0.052284
v -0.062682 -0.096583 0.052189
v -0.062985 -0.095467 0.052209
v -0.062985 -0.094449 0.051983
v -0.062985 -0.093415 0.051847
v -0.062985 -0.092373 0.051801
v -0.062985 -0.091331 0.051847
v -0.063045 -0.095430 0.052349
v -0.063082 -0.095390 0.052496
v -0.063082 -0.096360 0.052802
v -0.063094 -0.095350 0.052647
v -0.063094 -0.096306 0.052949
v -0.063094 -0.097233 0.053333
v -0.063082 -0.097300 0.053191
v -0.063094 -0.093386 0.061746
v -0.063094 -0.093711 0.061946
v -0.063094 -0.098123 0.053796
v -0.064094 -0.093386 0.061746
v -0.064094 -0.093032 0.061604
v -0.064094 -0.092593 0.063038
v -0.064094 -0.092711 0.063086
v -0.064094 -0.092819 0.063152
v -0.063094 -0.092819 0.063152
v -0.063094 -0.092711 0.063086
v -0.063094 -0.092598 0.063309
v -0.063094 -0.092671 0.063353
v -0.063094 -0.092734 0.063409
v -0.063094 -0.092788 0.063475
v -0.063094 -0.092915 0.063236
v -0.064094 -0.092915 0.063236
v -0.063094 -0.092995 0.063335
v -0.063094 -0.093057 0.063446
v -0.063094 -0.092829 0.063549
v -0.064094 -0.092995 0.063335
v -0.064094 -0.093998 0.062198
v -0.064094 -0.094237 0.062495
v -0.064094 -0.093057 0.063446
v -0.064094 -0.094424 0.062829
v -0.064094 -0.093099 0.063566
v -0.063094 -0.093099 0.063566
v -0.063094 -0.092857 0.063629
v -0.063094 -0.092871 0.063713
v -0.063094 -0.093120 0.063692
v -0.063094 -0.092873 0.063755
v -0.063094 -0.092866 0.063840
v -0.063094 -0.097312 0.064537
v -0.063094 -0.097373 0.063755
v -0.063094 -0.092866 0.063671
v -0.093094 -0.092873 0.063755
v -0.093094 -0.092866 0.063671
v -0.093094 -0.097129 0.062210
v -0.093094 -0.097312 0.062973
v -0.093094 -0.092845 0.063589
v -0.093094 -0.092810 0.063511
v -0.063094 -0.092845 0.063589
v -0.093094 -0.096828 0.061485
v -0.093094 -0.096418 0.060816
v -0.063094 -0.096828 0.061485
v -0.063094 -0.097129 0.062210
v -0.063094 -0.097312 0.062973
v -0.063094 -0.092810 0.063511
v -0.063094 -0.092762 0.063441
v -0.093094 -0.092762 0.063441
v -0.093094 -0.092704 0.063380
v -0.093094 -0.095909 0.060220
v -0.093094 -0.095312 0.059710
v -0.063094 -0.095909 0.060220
v -0.063094 -0.096418 0.060816
v -0.063094 -0.092704 0.063380
v -0.063094 -0.092635 0.063330
v -0.093094 -0.092635 0.063330
v -0.093094 -0.092560 0.063291
v -0.093094 -0.094643 0.059300
v -0.093094 -0.093918 0.059000
v -0.063094 -0.094643 0.059300
v -0.063094 -0.095312 0.059710
v -0.063094 -0.093918 0.059000
v -0.063094 -0.092560 0.063291
v -0.063094 -0.092479 0.063266
v -0.093094 -0.092479 0.063266
v -0.093094 -0.092394 0.063256
v -0.093094 -0.092373 0.058755
v -0.093094 -0.093155 0.058817
v -0.063094 -0.093155 0.058817
v -0.063094 -0.092394 0.063256
v -0.063094 -0.092373 0.058755
v -0.063094 -0.091591 0.058817
v -0.093094 -0.091591 0.058817
v -0.063094 -0.092310 0.063259
v -0.063094 -0.092227 0.063277
v -0.093094 -0.092310 0.063259
v -0.093094 -0.092227 0.063277
v -0.093094 -0.090103 0.059300
v -0.093094 -0.090828 0.059000
v -0.093094 -0.092148 0.063309
v -0.093094 -0.089434 0.059710
v -0.093094 -0.092076 0.063353
v -0.063094 -0.092148 0.063309
v -0.063094 -0.090103 0.059300
v -0.063094 -0.090828 0.059000
v -0.063094 -0.092076 0.063353
v -0.063094 -0.089434 0.059710
v -0.063094 -0.092012 0.063409
v -0.093094 -0.092012 0.063409
v -0.093094 -0.091959 0.063475
v -0.093094 -0.088328 0.060816
v -0.093094 -0.088838 0.060220
v -0.063094 -0.088838 0.060220
v -0.063094 -0.088328 0.060816
v -0.063094 -0.091959 0.063475
v -0.063094 -0.091918 0.063549
v -0.093094 -0.091918 0.063549
v -0.093094 -0.091889 0.063629
v -0.093094 -0.087618 0.062210
v -0.093094 -0.087918 0.061485
v -0.063094 -0.087918 0.061485
v -0.063094 -0.091889 0.063629
v -0.063094 -0.087618 0.062210
v -0.063094 -0.087435 0.062973
v -0.093094 -0.087435 0.062973
v -0.063094 -0.091875 0.063713
v -0.063094 -0.091873 0.063755
v -0.093094 -0.091875 0.063713
v -0.093094 -0.087373 0.063755
v -0.093094 -0.091875 0.063798
v -0.093094 -0.087618 0.065300
v -0.093094 -0.087435 0.064537
v -0.063094 -0.091875 0.063798
v -0.093094 -0.091889 0.063881
v -0.093094 -0.091918 0.063961
v -0.093094 -0.087918 0.066025
v -0.063094 -0.091889 0.063881
v -0.063094 -0.087435 0.064537
v -0.063094 -0.091918 0.063961
v -0.063094 -0.087618 0.065300
v -0.063094 -0.087918 0.066025
v -0.063094 -0.088328 0.066694
v -0.093094 -0.088328 0.066694
v -0.063094 -0.091959 0.064035
v -0.063094 -0.092012 0.064101
v -0.093094 -0.091959 0.064035
v -0.093094 -0.092012 0.064101
v -0.093094 -0.092076 0.064157
v -0.093094 -0.089434 0.067800
v -0.093094 -0.088838 0.067291
v -0.063094 -0.088838 0.067291
v -0.063094 -0.092076 0.064157
v -0.063094 -0.089434 0.067800
v -0.063094 -0.090103 0.068210
v -0.093094 -0.090103 0.068210
v -0.063094 -0.092148 0.064202
v -0.063094 -0.092227 0.064233
v -0.093094 -0.092148 0.064202
v -0.093094 -0.092227 0.064233
v -0.093094 -0.091591 0.068694
v -0.093094 -0.090828 0.068511
v -0.093094 -0.092310 0.064251
v -0.093094 -0.092373 0.068755
v -0.093094 -0.092394 0.064255
v -0.063094 -0.092310 0.064251
v -0.063094 -0.091591 0.068694
v -0.063094 -0.090828 0.068511
v -0.063094 -0.092394 0.064255
v -0.063094 -0.092479 0.064244
v -0.093094 -0.092479 0.064244
v -0.063094 -0.092373 0.068755
v -0.063094 -0.093155 0.068694
v -0.093094 -0.093155 0.068694
v -0.093094 -0.093918 0.068511
v -0.093094 -0.094643 0.068210
v -0.063094 -0.093918 0.068511
v -0.093094 -0.092560 0.064219
v -0.063094 -0.092560 0.064219
v -0.093094 -0.092635 0.064181
v -0.093094 -0.095312 0.067800
v -0.093094 -0.092704 0.064131
v -0.063094 -0.092635 0.064181
v -0.093094 -0.095909 0.067291
v -0.093094 -0.096418 0.066694
v -0.063094 -0.095909 0.067291
v -0.063094 -0.095312 0.067800
v -0.063094 -0.094643 0.068210
v -0.063094 -0.092704 0.064131
v -0.063094 -0.092762 0.064069
v -0.093094 -0.092762 0.064069
v -0.093094 -0.092810 0.063999
v -0.093094 -0.096828 0.066025
v -0.093094 -0.097129 0.065300
v -0.063094 -0.096828 0.066025
v -0.063094 -0.096418 0.066694
v -0.063094 -0.092810 0.063999
v -0.063094 -0.092845 0.063922
v -0.093094 -0.092845 0.063922
v -0.093094 -0.092866 0.063840
v -0.093094 -0.097312 0.064537
v -0.093094 -0.097373 0.063755
v -0.063094 -0.097129 0.065300
v -0.063094 -0.087373 0.063755
v -0.063094 -0.091880 0.063840
v -0.063094 -0.091623 0.063755
v -0.063094 -0.091634 0.063882
v -0.063094 -0.091880 0.063671
v -0.063094 -0.091634 0.063629
v -0.063094 -0.091902 0.063589
v -0.064094 -0.091623 0.063755
v -0.064094 -0.091634 0.063629
v -0.064094 -0.090123 0.063755
v -0.063094 -0.090156 0.063375
v -0.063094 -0.090123 0.063755
v -0.064094 -0.090156 0.064136
v -0.064094 -0.090252 0.064505
v -0.063094 -0.090156 0.064136
v -0.064094 -0.091634 0.063882
v -0.064094 -0.091666 0.064005
v -0.064094 -0.090409 0.064853
v -0.063094 -0.091666 0.064005
v -0.064094 -0.091718 0.064121
v -0.064094 -0.091790 0.064226
v -0.064094 -0.090623 0.065169
v -0.063094 -0.091718 0.064121
v -0.063094 -0.091790 0.064226
v -0.063094 -0.091937 0.063999
v -0.063094 -0.091902 0.063922
v -0.063094 -0.091984 0.064069
v -0.063094 -0.091878 0.064318
v -0.064094 -0.091878 0.064318
v -0.064094 -0.090887 0.065444
v -0.063094 -0.090623 0.065169
v -0.063094 -0.084242 0.071887
v -0.063094 -0.083564 0.071147
v -0.063094 -0.082953 0.070351
v -0.063094 -0.090409 0.064853
v -0.063094 -0.090252 0.064505
v -0.063094 -0.081951 0.068615
v -0.063094 -0.082414 0.069505
v -0.063082 -0.082279 0.069583
v -0.063082 -0.081809 0.068682
v -0.063082 -0.081420 0.067742
v -0.063045 -0.081276 0.067794
v -0.063045 -0.081671 0.068746
v -0.063045 -0.080967 0.066812
v -0.062985 -0.080826 0.066849
v -0.062985 -0.080601 0.065831
v -0.062903 -0.080469 0.065854
v -0.062903 -0.080332 0.064809
v -0.062801 -0.080213 0.064819
v -0.062801 -0.080166 0.063755
v -0.062682 -0.080111 0.062682
v -0.062801 -0.080213 0.062691
v -0.062903 -0.080285 0.063755
v -0.062985 -0.080465 0.064797
v -0.062985 -0.080419 0.063755
v -0.062903 -0.080332 0.062702
v -0.062903 -0.080469 0.061656
v -0.062801 -0.080352 0.061636
v -0.062985 -0.080465 0.062713
v -0.063045 -0.080609 0.062726
v -0.063045 -0.080564 0.063755
v -0.062985 -0.080601 0.061679
v -0.063045 -0.080744 0.061705
v -0.062985 -0.080826 0.060661
v -0.062903 -0.080697 0.060627
v -0.062801 -0.080582 0.060596
v -0.062903 -0.081014 0.059621
v -0.062801 -0.080902 0.059580
v -0.062682 -0.081217 0.058553
v -0.062682 -0.080806 0.059545
v -0.062801 -0.081310 0.058596
v -0.062903 -0.081418 0.058647
v -0.062801 -0.081802 0.057652
v -0.062682 -0.081713 0.057601
v -0.062548 -0.081642 0.057560
v -0.062682 -0.082290 0.056695
v -0.062548 -0.082223 0.056648
v -0.062403 -0.082835 0.055752
v -0.062403 -0.082174 0.056614
v -0.062548 -0.082881 0.055791
v -0.062250 -0.082144 0.056593
v -0.062250 -0.082807 0.055728
v -0.062403 -0.081590 0.057530
v -0.062548 -0.081143 0.058519
v -0.062403 -0.081089 0.058493
v -0.062250 -0.081559 0.057511
v -0.062250 -0.081056 0.058478
v -0.062094 -0.082134 0.056586
v -0.062094 -0.081044 0.058473
v -0.062094 -0.081361 0.057842
v -0.062094 -0.081548 0.057505
v -0.033094 -0.081361 0.057842
v -0.033094 -0.081548 0.057505
v -0.033094 -0.082134 0.056586
v -0.032937 -0.082144 0.056593
v -0.032937 -0.081559 0.057511
v -0.032937 -0.081056 0.058478
v -0.032785 -0.081590 0.057530
v -0.032785 -0.082174 0.056614
v -0.032785 -0.082835 0.055752
v -0.032640 -0.082223 0.056648
v -0.032640 -0.082881 0.055791
v -0.032640 -0.083612 0.054994
v -0.032506 -0.082944 0.055843
v -0.032506 -0.083670 0.055052
v -0.032506 -0.084461 0.054326
v -0.032387 -0.083741 0.055124
v -0.032387 -0.084527 0.054404
v -0.032387 -0.085372 0.053756
v -0.032506 -0.085313 0.053672
v -0.032640 -0.084408 0.054263
v -0.032640 -0.085266 0.053605
v -0.032785 -0.083569 0.054951
v -0.032937 -0.082807 0.055728
v -0.033094 -0.082171 0.056533
v -0.033094 -0.082798 0.055720
v -0.033094 -0.083136 0.055334
v -0.062094 -0.083136 0.055334
v -0.062094 -0.082798 0.055720
v -0.062094 -0.082171 0.056533
v -0.032387 -0.083022 0.055909
v -0.032506 -0.082290 0.056695
v -0.032387 -0.082374 0.056754
v -0.032506 -0.081713 0.057601
v -0.032387 -0.081802 0.057652
v -0.032285 -0.082472 0.056822
v -0.032285 -0.081905 0.057711
v -0.032203 -0.082581 0.056899
v -0.032203 -0.082021 0.057778
v -0.032143 -0.082700 0.056982
v -0.032143 -0.082146 0.057851
v -0.032106 -0.082825 0.057069
v -0.032106 -0.082279 0.057927
v -0.032094 -0.083564 0.056363
v -0.032094 -0.082953 0.057159
v -0.032094 -0.082414 0.058005
v -0.032106 -0.081809 0.058829
v -0.032094 -0.081951 0.058895
v -0.032094 -0.081567 0.059822
v -0.032106 -0.081420 0.059769
v -0.032143 -0.080967 0.060699
v -0.032106 -0.081114 0.060738
v -0.032143 -0.081276 0.059716
v -0.032203 -0.080826 0.060661
v -0.032203 -0.081140 0.059667
v -0.032143 -0.081671 0.058765
v -0.032203 -0.081539 0.058703
v -0.032285 -0.081014 0.059621
v -0.032285 -0.081418 0.058647
v -0.032387 -0.080902 0.059580
v -0.032387 -0.081310 0.058596
v -0.032506 -0.080806 0.059545
v -0.032506 -0.081217 0.058553
v -0.032640 -0.080730 0.059517
v -0.032640 -0.081143 0.058519
v -0.032785 -0.080673 0.059497
v -0.032785 -0.081089 0.058493
v -0.032640 -0.081642 0.057560
v -0.032937 -0.080639 0.059484
v -0.033094 -0.080717 0.059240
v -0.033094 -0.081044 0.058473
v -0.033094 -0.080299 0.060520
v -0.032937 -0.080311 0.060523
v -0.033094 -0.080627 0.059480
v -0.062094 -0.080627 0.059480
v -0.062094 -0.080717 0.059240
v -0.062250 -0.080639 0.059484
v -0.062403 -0.080673 0.059497
v -0.062403 -0.080347 0.060533
v -0.062548 -0.080404 0.060548
v -0.062548 -0.080170 0.061604
v -0.062682 -0.080251 0.061618
v -0.062682 -0.080484 0.060570
v -0.062548 -0.080730 0.059517
v -0.062094 -0.080299 0.060520
v -0.062094 -0.080251 0.060706
v -0.033094 -0.080251 0.060706
v -0.033094 -0.080063 0.061585
v -0.032937 -0.080075 0.061587
v -0.032937 -0.079933 0.062667
v -0.032785 -0.080111 0.061593
v -0.032785 -0.080347 0.060533
v -0.032640 -0.080404 0.060548
v -0.032640 -0.080170 0.061604
v -0.032506 -0.080484 0.060570
v -0.032506 -0.080251 0.061618
v -0.032387 -0.080582 0.060596
v -0.032387 -0.080352 0.061636
v -0.032285 -0.080697 0.060627
v -0.032285 -0.080469 0.061656
v -0.032387 -0.080213 0.062691
v -0.032285 -0.080332 0.062702
v -0.032203 -0.080601 0.061679
v -0.032203 -0.080465 0.062713
v -0.032143 -0.080744 0.061705
v -0.032143 -0.080609 0.062726
v -0.032106 -0.080894 0.061731
v -0.032094 -0.081265 0.060779
v -0.032106 -0.080761 0.062739
v -0.032094 -0.081048 0.061758
v -0.032094 -0.080917 0.062753
v -0.032094 -0.080873 0.063755
v -0.032106 -0.080717 0.063755
v -0.032143 -0.080609 0.064784
v -0.032106 -0.080761 0.064771
v -0.032143 -0.080564 0.063755
v -0.032203 -0.080465 0.064797
v -0.032203 -0.080419 0.063755
v -0.032285 -0.080332 0.064809
v -0.032285 -0.080285 0.063755
v -0.032387 -0.080213 0.064819
v -0.032387 -0.080166 0.063755
v -0.032506 -0.080111 0.064828
v -0.032506 -0.080064 0.063755
v -0.032640 -0.080029 0.064835
v -0.032640 -0.079982 0.063755
v -0.032506 -0.080111 0.062682
v -0.032640 -0.080029 0.062675
v -0.032785 -0.079922 0.063755
v -0.032785 -0.079970 0.062670
v -0.032937 -0.079885 0.063755
v -0.032937 -0.079933 0.064844
v -0.032937 -0.080075 0.065924
v -0.032785 -0.079970 0.064840
v -0.032785 -0.080111 0.065917
v -0.032640 -0.080170 0.065907
v -0.032937 -0.080311 0.066987
v -0.032785 -0.080347 0.066978
v -0.032937 -0.080639 0.068026
v -0.032785 -0.080673 0.068014
v -0.032640 -0.080404 0.066962
v -0.032640 -0.080730 0.067993
v -0.032506 -0.080484 0.066941
v -0.032506 -0.080251 0.065893
v -0.032387 -0.080352 0.065875
v -0.032285 -0.080469 0.065854
v -0.032387 -0.080582 0.066915
v -0.032506 -0.080806 0.067965
v -0.032387 -0.080902 0.067930
v -0.032285 -0.080697 0.066884
v -0.032285 -0.081014 0.067890
v -0.032203 -0.080826 0.066849
v -0.032203 -0.080601 0.065831
v -0.032143 -0.080744 0.065806
v -0.032106 -0.080894 0.065779
v -0.032143 -0.080967 0.066812
v -0.032203 -0.081140 0.067844
v -0.032143 -0.081276 0.067794
v -0.032106 -0.081114 0.066772
v -0.032094 -0.081048 0.065752
v -0.032094 -0.081265 0.066732
v -0.032106 -0.081420 0.067742
v -0.032143 -0.081671 0.068746
v -0.032106 -0.081809 0.068682
v -0.032094 -0.081567 0.067688
v -0.032094 -0.081951 0.068615
v -0.032094 -0.082414 0.069505
v -0.032106 -0.082279 0.069583
v -0.032143 -0.082700 0.070529
v -0.032106 -0.082825 0.070441
v -0.032143 -0.082146 0.069660
v -0.032203 -0.082581 0.070612
v -0.032203 -0.082021 0.069732
v -0.032285 -0.082472 0.070689
v -0.032285 -0.081905 0.069799
v -0.032203 -0.081539 0.068807
v -0.032285 -0.081418 0.068864
v -0.032387 -0.081802 0.069859
v -0.032387 -0.081310 0.068914
v -0.032506 -0.081713 0.069910
v -0.032506 -0.081217 0.068957
v -0.032640 -0.081642 0.069951
v -0.032640 -0.081143 0.068992
v -0.032785 -0.081590 0.069981
v -0.032785 -0.081089 0.069017
v -0.032937 -0.081559 0.069999
v -0.032937 -0.081056 0.069033
v -0.033094 -0.081044 0.069038
v -0.033094 -0.080717 0.068271
v -0.062094 -0.080717 0.068271
v -0.062094 -0.080627 0.068031
v -0.033094 -0.080627 0.068031
v -0.062094 -0.080299 0.066991
v -0.033094 -0.080299 0.066991
v -0.062094 -0.080251 0.066804
v -0.033094 -0.080251 0.066804
v -0.033094 -0.080063 0.065926
v -0.062250 -0.080311 0.066987
v -0.062250 -0.080639 0.068026
v -0.062403 -0.080347 0.066978
v -0.062403 -0.080673 0.068014
v -0.062548 -0.080730 0.067993
v -0.062548 -0.081143 0.068992
v -0.062403 -0.081089 0.069017
v -0.062250 -0.081056 0.069033
v -0.062403 -0.081590 0.069981
v -0.062548 -0.081642 0.069951
v -0.062682 -0.081713 0.069910
v -0.062682 -0.082290 0.070815
v -0.062548 -0.082223 0.070862
v -0.062403 -0.082174 0.070897
v -0.062548 -0.082881 0.071720
v -0.062682 -0.082944 0.071667
v -0.062801 -0.083022 0.071602
v -0.062801 -0.083741 0.072387
v -0.062682 -0.083670 0.072459
v -0.062548 -0.083612 0.072517
v -0.062682 -0.084461 0.073184
v -0.062801 -0.084527 0.073106
v -0.062801 -0.085372 0.073755
v -0.062903 -0.084603 0.073015
v -0.062903 -0.085440 0.073657
v -0.062985 -0.085517 0.073547
v -0.062985 -0.086396 0.074108
v -0.062903 -0.086329 0.074224
v -0.062801 -0.086270 0.074327
v -0.062903 -0.087265 0.074710
v -0.062985 -0.087321 0.074589
v -0.063045 -0.088334 0.074852
v -0.063045 -0.087383 0.074458
v -0.062985 -0.088285 0.074988
v -0.063045 -0.089317 0.075162
v -0.062985 -0.089279 0.075302
v -0.062903 -0.088239 0.075114
v -0.062903 -0.089245 0.075431
v -0.062801 -0.088198 0.075226
v -0.062801 -0.087214 0.074819
v -0.062682 -0.087171 0.074911
v -0.062682 -0.086219 0.074415
v -0.062682 -0.085313 0.073838
v -0.062548 -0.085266 0.073905
v -0.062548 -0.086178 0.074486
v -0.062403 -0.085232 0.073955
v -0.062403 -0.086148 0.074538
v -0.062548 -0.087137 0.074985
v -0.062403 -0.087111 0.075040
v -0.062682 -0.088163 0.075322
v -0.062548 -0.088135 0.075399
v -0.062682 -0.089187 0.075645
v -0.062548 -0.089166 0.075724
v -0.062403 -0.088115 0.075455
v -0.062403 -0.089151 0.075782
v -0.062250 -0.088102 0.075490
v -0.062250 -0.087096 0.075073
v -0.062094 -0.086802 0.074945
v -0.062250 -0.086129 0.074570
v -0.062094 -0.087091 0.075084
v -0.062094 -0.088098 0.075501
v -0.033094 -0.088098 0.075501
v -0.033094 -0.087091 0.075084
v -0.033094 -0.086802 0.074945
v -0.032937 -0.087096 0.075073
v -0.033094 -0.086123 0.074581
v -0.032937 -0.086129 0.074570
v -0.032937 -0.088102 0.075490
v -0.032785 -0.087111 0.075040
v -0.032785 -0.086148 0.074538
v -0.032785 -0.085232 0.073955
v -0.032640 -0.086178 0.074486
v -0.032640 -0.085266 0.073905
v -0.032640 -0.084408 0.073247
v -0.032506 -0.085313 0.073838
v -0.032506 -0.084461 0.073184
v -0.032506 -0.083670 0.072459
v -0.032387 -0.084527 0.073106
v -0.032387 -0.083741 0.072387
v -0.032387 -0.083022 0.071602
v -0.032285 -0.083826 0.072303
v -0.032285 -0.083113 0.071525
v -0.032203 -0.083216 0.071439
v -0.032203 -0.083920 0.072208
v -0.032143 -0.083327 0.071346
v -0.032143 -0.084023 0.072106
v -0.032106 -0.083444 0.071248
v -0.032106 -0.084131 0.071998
v -0.032094 -0.082953 0.070351
v -0.032094 -0.083564 0.071147
v -0.032094 -0.084242 0.071887
v -0.032094 -0.084981 0.072565
v -0.032106 -0.084881 0.072685
v -0.032143 -0.084783 0.072802
v -0.032143 -0.085600 0.073429
v -0.032106 -0.085687 0.073304
v -0.032094 -0.085777 0.073176
v -0.032143 -0.086469 0.073982
v -0.032106 -0.086545 0.073850
v -0.032094 -0.086623 0.073715
v -0.032143 -0.087383 0.074458
v -0.032106 -0.087447 0.074320
v -0.032143 -0.088334 0.074852
v -0.032106 -0.088386 0.074709
v -0.032094 -0.087513 0.074178
v -0.032094 -0.088440 0.074562
v -0.032094 -0.089397 0.074863
v -0.032106 -0.089356 0.075015
v -0.032143 -0.090323 0.075385
v -0.032106 -0.090349 0.075235
v -0.032143 -0.089317 0.075162
v -0.032203 -0.090297 0.075528
v -0.032203 -0.089279 0.075302
v -0.032285 -0.090274 0.075659
v -0.032285 -0.089245 0.075431
v -0.032203 -0.088285 0.074988
v -0.032285 -0.088239 0.075114
v -0.032203 -0.087321 0.074589
v -0.032285 -0.087265 0.074710
v -0.032203 -0.086396 0.074108
v -0.032285 -0.086329 0.074224
v -0.032203 -0.085517 0.073547
v -0.032285 -0.085440 0.073657
v -0.032203 -0.084689 0.072913
v -0.032285 -0.084603 0.073015
v -0.032387 -0.085372 0.073755
v -0.032506 -0.086219 0.074415
v -0.032387 -0.086270 0.074327
v -0.032506 -0.087171 0.074911
v -0.032387 -0.087214 0.074819
v -0.032506 -0.088163 0.075322
v -0.032387 -0.088198 0.075226
v -0.032506 -0.089187 0.075645
v -0.032387 -0.089214 0.075546
v -0.032506 -0.090236 0.075877
v -0.032387 -0.090254 0.075777
v -0.032506 -0.091300 0.076017
v -0.032387 -0.091309 0.075916
v -0.032506 -0.092373 0.076064
v -0.032387 -0.092373 0.075962
v -0.032285 -0.091320 0.075797
v -0.032285 -0.092373 0.075843
v -0.032203 -0.091331 0.075664
v -0.032203 -0.092373 0.075709
v -0.032143 -0.091344 0.075519
v -0.032143 -0.092373 0.075564
v -0.032106 -0.091357 0.075367
v -0.032106 -0.092373 0.075412
v -0.032094 -0.090376 0.075081
v -0.032094 -0.091371 0.075211
v -0.032094 -0.092373 0.075255
v -0.032106 -0.093389 0.075367
v -0.032094 -0.093375 0.075211
v -0.032094 -0.094370 0.075081
v -0.032106 -0.094397 0.075235
v -0.032143 -0.095430 0.075162
v -0.032106 -0.095390 0.075015
v -0.032143 -0.094424 0.075385
v -0.032203 -0.095467 0.075302
v -0.032203 -0.094449 0.075528
v -0.032143 -0.093402 0.075519
v -0.032203 -0.093415 0.075664
v -0.032285 -0.094472 0.075659
v -0.032285 -0.093427 0.075797
v -0.032387 -0.094493 0.075777
v -0.032387 -0.093437 0.075916
v -0.032506 -0.094511 0.075877
v -0.032506 -0.093446 0.076017
v -0.032640 -0.094525 0.075958
v -0.032640 -0.093453 0.076099
v -0.032785 -0.094535 0.076017
v -0.032785 -0.093458 0.076159
v -0.032640 -0.092373 0.076146
v -0.032785 -0.092373 0.076206
v -0.032640 -0.091293 0.076099
v -0.032785 -0.091288 0.076159
v -0.032640 -0.090222 0.075958
v -0.032785 -0.090211 0.076017
v -0.032640 -0.089166 0.075724
v -0.032785 -0.089151 0.075782
v -0.032640 -0.088135 0.075399
v -0.032785 -0.088115 0.075455
v -0.032640 -0.087137 0.074985
v -0.032937 -0.089141 0.075817
v -0.032937 -0.090205 0.076053
v -0.033094 -0.089138 0.075829
v -0.033094 -0.088219 0.075545
v -0.033094 -0.089699 0.075966
v -0.033094 -0.090203 0.076065
v -0.062094 -0.089699 0.075966
v -0.062094 -0.089138 0.075829
v -0.062094 -0.088219 0.075545
v -0.062250 -0.089141 0.075817
v -0.062403 -0.090211 0.076017
v -0.062250 -0.090205 0.076053
v -0.062094 -0.091220 0.076202
v -0.062094 -0.090203 0.076065
v -0.062250 -0.091285 0.076195
v -0.062403 -0.091288 0.076159
v -0.062548 -0.091293 0.076099
v -0.062403 -0.092373 0.076206
v -0.062548 -0.092373 0.076146
v -0.062682 -0.092373 0.076064
v -0.062682 -0.093446 0.076017
v -0.062548 -0.093453 0.076099
v -0.062403 -0.093458 0.076159
v -0.062548 -0.094525 0.075958
v -0.062682 -0.094511 0.075877
v -0.062801 -0.094493 0.075777
v -0.062801 -0.095533 0.075546
v -0.062682 -0.095559 0.075645
v -0.062801 -0.096548 0.075226
v -0.062682 -0.096583 0.075322
v -0.062548 -0.095580 0.075724
v -0.062548 -0.096611 0.075399
v -0.062403 -0.095596 0.075782
v -0.062403 -0.094535 0.076017
v -0.062250 -0.094542 0.076053
v -0.062250 -0.093462 0.076195
v -0.062094 -0.094291 0.076107
v -0.062094 -0.093463 0.076208
v -0.062250 -0.092373 0.076243
v -0.062094 -0.091284 0.076208
v -0.062094 -0.092758 0.076249
v -0.062094 -0.092373 0.076255
v -0.033094 -0.092758 0.076249
v -0.033094 -0.092373 0.076255
v -0.033094 -0.091284 0.076208
v -0.032937 -0.091285 0.076195
v -0.032937 -0.092373 0.076243
v -0.032937 -0.093462 0.076195
v -0.033094 -0.093463 0.076208
v -0.032937 -0.094542 0.076053
v -0.033094 -0.094291 0.076107
v -0.033094 -0.095608 0.075829
v -0.032937 -0.095605 0.075817
v -0.033094 -0.094544 0.076065
v -0.062094 -0.094544 0.076065
v -0.062094 -0.095608 0.075829
v -0.062250 -0.095605 0.075817
v -0.062094 -0.096649 0.075501
v -0.062094 -0.095794 0.075778
v -0.062403 -0.096632 0.075455
v -0.062250 -0.096644 0.075490
v -0.062250 -0.097651 0.075073
v -0.062403 -0.097635 0.075040
v -0.062094 -0.097246 0.075267
v -0.062094 -0.097656 0.075084
v -0.033094 -0.097656 0.075084
v -0.033094 -0.097246 0.075267
v -0.033094 -0.096649 0.075501
v -0.032937 -0.097651 0.075073
v -0.032937 -0.096644 0.075490
v -0.032937 -0.098617 0.074570
v -0.032785 -0.097635 0.075040
v -0.032785 -0.096632 0.075455
v -0.033094 -0.098623 0.074581
v -0.033094 -0.099543 0.073995
v -0.062094 -0.098623 0.074581
v -0.062094 -0.099543 0.073995
v -0.062250 -0.098617 0.074570
v -0.062250 -0.099536 0.073985
v -0.062403 -0.099515 0.073955
v -0.062403 -0.100377 0.073293
v -0.062250 -0.100400 0.073321
v -0.062094 -0.100408 0.073331
v -0.062094 -0.099906 0.073731
v -0.033094 -0.100408 0.073331
v -0.033094 -0.099906 0.073731
v -0.032937 -0.099536 0.073985
v -0.032937 -0.100400 0.073321
v -0.032937 -0.101203 0.072585
v -0.032785 -0.100377 0.073293
v -0.032785 -0.099515 0.073955
v -0.032785 -0.098599 0.074538
v -0.032640 -0.099480 0.073905
v -0.032640 -0.098569 0.074486
v -0.032640 -0.097610 0.074985
v -0.032506 -0.098528 0.074415
v -0.032506 -0.097575 0.074911
v -0.032506 -0.096583 0.075322
v -0.032387 -0.097532 0.074819
v -0.032387 -0.096548 0.075226
v -0.032387 -0.095533 0.075546
v -0.032285 -0.096507 0.075114
v -0.032285 -0.095502 0.075431
v -0.032285 -0.097482 0.074710
v -0.032203 -0.096462 0.074988
v -0.032203 -0.097425 0.074589
v -0.032143 -0.096412 0.074852
v -0.032143 -0.097364 0.074458
v -0.032106 -0.096360 0.074709
v -0.032094 -0.095350 0.074863
v -0.032106 -0.097300 0.074320
v -0.032094 -0.096306 0.074562
v -0.032094 -0.097233 0.074178
v -0.032094 -0.098123 0.073715
v -0.032106 -0.098201 0.073850
v -0.032143 -0.099147 0.073429
v -0.032106 -0.099059 0.073304
v -0.032143 -0.098278 0.073982
v -0.032203 -0.099230 0.073547
v -0.032203 -0.098350 0.074108
v -0.032285 -0.099306 0.073657
v -0.032285 -0.098417 0.074224
v -0.032387 -0.099375 0.073755
v -0.032387 -0.098477 0.074327
v -0.032506 -0.099433 0.073838
v -0.032640 -0.100338 0.073247
v -0.032506 -0.100285 0.073184
v -0.032387 -0.100220 0.073106
v -0.032640 -0.101135 0.072517
v -0.032506 -0.101077 0.072459
v -0.032640 -0.101865 0.071720
v -0.032506 -0.101802 0.071667
v -0.032387 -0.101005 0.072387
v -0.032387 -0.101724 0.071602
v -0.032285 -0.100921 0.072303
v -0.032285 -0.100143 0.073015
v -0.032203 -0.100057 0.072913
v -0.032143 -0.099964 0.072802
v -0.032203 -0.100826 0.072208
v -0.032285 -0.101633 0.071525
v -0.032203 -0.101531 0.071439
v -0.032143 -0.100724 0.072106
v -0.032106 -0.099866 0.072685
v -0.032094 -0.098969 0.073176
v -0.032094 -0.099765 0.072565
v -0.032285 -0.102275 0.070689
v -0.032387 -0.102945 0.069859
v -0.032387 -0.102373 0.070757
v -0.032506 -0.103033 0.069910
v -0.032506 -0.102456 0.070815
v -0.032640 -0.103104 0.069951
v -0.032640 -0.102523 0.070862
v -0.032785 -0.103156 0.069981
v -0.032785 -0.102573 0.070897
v -0.032937 -0.103188 0.069999
v -0.032785 -0.101911 0.071759
v -0.032937 -0.102602 0.070918
v -0.033094 -0.102613 0.070925
v -0.033094 -0.102112 0.071592
v -0.032937 -0.101939 0.071782
v -0.032785 -0.101177 0.072559
v -0.033094 -0.101949 0.071790
v -0.062094 -0.101949 0.071790
v -0.062094 -0.101212 0.072594
v -0.033094 -0.101212 0.072594
v -0.062094 -0.101075 0.072729
v -0.033094 -0.101075 0.072729
v -0.062250 -0.101203 0.072585
v -0.062403 -0.101177 0.072559
v -0.062403 -0.101911 0.071759
v -0.062250 -0.101939 0.071782
v -0.062094 -0.102613 0.070925
v -0.062094 -0.102112 0.071592
v -0.062094 -0.103001 0.070336
v -0.033094 -0.103001 0.070336
v -0.033094 -0.103199 0.070005
v -0.033094 -0.103702 0.069038
v -0.062094 -0.103199 0.070005
v -0.062094 -0.103702 0.069038
v -0.062094 -0.103729 0.068980
v -0.033094 -0.103729 0.068980
v -0.033094 -0.104119 0.068031
v -0.032937 -0.103691 0.069033
v -0.032937 -0.104108 0.068026
v -0.032937 -0.104436 0.066987
v -0.032785 -0.104073 0.068014
v -0.032785 -0.103658 0.069017
v -0.033094 -0.104285 0.067545
v -0.033094 -0.104447 0.066991
v -0.062094 -0.104285 0.067545
v -0.062094 -0.104119 0.068031
v -0.062250 -0.104108 0.068026
v -0.062094 -0.104447 0.066991
v -0.033094 -0.104660 0.066052
v -0.033094 -0.104683 0.065926
v -0.032937 -0.104671 0.065924
v -0.032785 -0.104400 0.066978
v -0.033094 -0.104826 0.064845
v -0.033094 -0.104849 0.064525
v -0.032640 -0.104017 0.067993
v -0.032640 -0.103603 0.068992
v -0.032506 -0.103529 0.068957
v -0.062548 -0.101865 0.071720
v -0.062682 -0.101802 0.071667
v -0.062682 -0.102456 0.070815
v -0.062548 -0.101135 0.072517
v -0.062548 -0.100338 0.073247
v -0.062682 -0.101077 0.072459
v -0.062682 -0.100285 0.073184
v -0.062801 -0.101724 0.071602
v -0.062801 -0.101005 0.072387
v -0.062903 -0.100921 0.072303
v -0.062903 -0.101633 0.071525
v -0.062801 -0.100220 0.073106
v -0.062903 -0.100143 0.073015
v -0.062801 -0.099375 0.073755
v -0.062682 -0.099433 0.073838
v -0.062548 -0.099480 0.073905
v -0.062682 -0.098528 0.074415
v -0.062548 -0.098569 0.074486
v -0.062403 -0.098599 0.074538
v -0.062548 -0.097610 0.074985
v -0.062682 -0.097575 0.074911
v -0.062801 -0.097532 0.074819
v -0.062801 -0.098477 0.074327
v -0.062903 -0.099306 0.073657
v -0.062903 -0.098417 0.074224
v -0.062985 -0.099230 0.073547
v -0.062985 -0.098350 0.074108
v -0.062903 -0.097482 0.074710
v -0.062903 -0.096507 0.075114
v -0.062985 -0.097425 0.074589
v -0.063045 -0.097364 0.074458
v -0.063045 -0.098278 0.073982
v -0.062985 -0.096462 0.074988
v -0.062985 -0.095467 0.075302
v -0.062903 -0.095502 0.075431
v -0.063045 -0.096412 0.074852
v -0.063082 -0.096360 0.074709
v -0.063045 -0.095430 0.075162
v -0.063082 -0.097300 0.074320
v -0.063082 -0.098201 0.073850
v -0.063094 -0.098123 0.073715
v -0.063094 -0.097233 0.074178
v -0.063094 -0.096306 0.074562
v -0.063094 -0.093386 0.065764
v -0.063094 -0.093032 0.065907
v -0.063094 -0.093711 0.065564
v -0.064094 -0.093386 0.065764
v -0.064094 -0.093711 0.065564
v -0.064094 -0.092593 0.064472
v -0.064094 -0.093032 0.065907
v -0.064094 -0.092469 0.064499
v -0.064094 -0.092659 0.065987
v -0.063094 -0.092659 0.065987
v -0.063094 -0.094370 0.075081
v -0.063094 -0.093375 0.075211
v -0.063094 -0.092278 0.066003
v -0.063094 -0.092373 0.075255
v -0.063094 -0.091371 0.075211
v -0.064094 -0.092278 0.066003
v -0.063094 -0.091899 0.065955
v -0.063094 -0.089397 0.074863
v -0.063094 -0.090376 0.075081
v -0.063082 -0.090349 0.075235
v -0.063082 -0.089356 0.075015
v -0.063082 -0.088386 0.074709
v -0.063094 -0.088440 0.074562
v -0.063082 -0.087447 0.074320
v -0.063045 -0.086469 0.073982
v -0.063045 -0.090323 0.075385
v -0.063082 -0.091357 0.075367
v -0.063082 -0.092373 0.075412
v -0.063045 -0.091344 0.075519
v -0.062985 -0.090297 0.075528
v -0.063045 -0.092373 0.075564
v -0.062985 -0.091331 0.075664
v -0.062903 -0.090274 0.075659
v -0.062903 -0.091320 0.075797
v -0.062985 -0.092373 0.075709
v -0.063045 -0.093402 0.075519
v -0.062985 -0.093415 0.075664
v -0.062903 -0.092373 0.075843
v -0.062903 -0.093427 0.075797
v -0.062801 -0.092373 0.075962
v -0.062801 -0.091309 0.075916
v -0.062682 -0.090236 0.075877
v -0.062682 -0.091300 0.076017
v -0.062801 -0.090254 0.075777
v -0.062801 -0.089214 0.075546
v -0.062548 -0.090222 0.075958
v -0.062801 -0.093437 0.075916
v -0.062903 -0.094472 0.075659
v -0.062985 -0.094449 0.075528
v -0.063045 -0.094424 0.075385
v -0.063082 -0.094397 0.075235
v -0.063082 -0.095390 0.075015
v -0.063094 -0.095350 0.074863
v -0.063082 -0.093389 0.075367
v -0.064094 -0.092342 0.064505
v -0.063094 -0.092342 0.064505
v -0.063094 -0.092469 0.064499
v -0.063094 -0.092352 0.064255
v -0.063094 -0.092268 0.064244
v -0.063094 -0.093998 0.065312
v -0.063094 -0.099765 0.072565
v -0.063094 -0.098969 0.073176
v -0.063082 -0.099059 0.073304
v -0.063082 -0.099866 0.072685
v -0.063045 -0.099147 0.073429
v -0.063045 -0.099964 0.072802
v -0.062985 -0.100057 0.072913
v -0.063045 -0.100724 0.072106
v -0.063082 -0.100616 0.071998
v -0.063094 -0.101183 0.071147
v -0.063094 -0.100505 0.071887
v -0.063082 -0.101303 0.071248
v -0.063094 -0.101793 0.070351
v -0.063082 -0.101922 0.070441
v -0.063045 -0.101420 0.071346
v -0.063045 -0.102047 0.070529
v -0.062985 -0.101531 0.071439
v -0.062985 -0.100826 0.072208
v -0.062985 -0.102165 0.070612
v -0.062903 -0.102275 0.070689
v -0.062985 -0.102726 0.069732
v -0.062903 -0.102842 0.069799
v -0.062985 -0.103207 0.068807
v -0.062801 -0.102373 0.070757
v -0.032506 -0.095559 0.075645
v -0.032640 -0.096611 0.075399
v -0.032640 -0.095580 0.075724
v -0.032785 -0.095596 0.075782
v -0.033094 -0.095794 0.075778
v -0.033094 -0.091220 0.076202
v -0.032506 -0.082944 0.071667
v -0.032387 -0.082374 0.070757
v -0.032506 -0.082290 0.070815
v -0.032640 -0.082881 0.071720
v -0.032640 -0.082223 0.070862
v -0.032785 -0.082835 0.071759
v -0.032785 -0.082174 0.070897
v -0.032937 -0.082144 0.070918
v -0.032937 -0.082807 0.071782
v -0.033094 -0.082798 0.071790
v -0.032937 -0.083543 0.072585
v -0.033094 -0.082171 0.070977
v -0.033094 -0.083136 0.072177
v -0.033094 -0.083534 0.072594
v -0.062094 -0.083136 0.072177
v -0.062094 -0.082798 0.071790
v -0.062094 -0.082171 0.070977
v -0.062250 -0.082807 0.071782
v -0.062250 -0.083543 0.072585
v -0.062250 -0.082144 0.070918
v -0.062403 -0.082835 0.071759
v -0.062403 -0.083569 0.072559
v -0.062403 -0.084370 0.073293
v -0.062548 -0.084408 0.073247
v -0.062250 -0.084346 0.073321
v -0.062094 -0.084338 0.073331
v -0.062250 -0.085211 0.073985
v -0.062094 -0.084240 0.073248
v -0.033094 -0.084338 0.073331
v -0.033094 -0.084240 0.073248
v -0.062094 -0.083534 0.072594
v -0.032937 -0.084346 0.073321
v -0.032937 -0.085211 0.073985
v -0.032785 -0.084370 0.073293
v -0.032785 -0.083569 0.072559
v -0.033094 -0.085204 0.073995
v -0.033094 -0.085469 0.074175
v -0.062094 -0.085204 0.073995
v -0.062094 -0.085469 0.074175
v -0.062094 -0.086123 0.074581
v -0.032640 -0.083612 0.072517
v -0.062094 -0.082134 0.070925
v -0.062250 -0.081559 0.069999
v -0.062094 -0.081548 0.070005
v -0.033094 -0.082134 0.070925
v -0.033094 -0.081548 0.070005
v -0.062094 -0.081361 0.069669
v -0.033094 -0.081361 0.069669
v -0.062094 -0.081044 0.069038
v -0.062985 -0.084689 0.072913
v -0.062903 -0.083826 0.072303
v -0.062903 -0.083113 0.071525
v -0.062801 -0.082374 0.070757
v -0.062801 -0.081802 0.069859
v -0.062682 -0.081217 0.068957
v -0.032094 -0.080917 0.064758
v -0.062985 -0.081140 0.059667
v -0.063045 -0.080967 0.060699
v -0.063082 -0.080894 0.061731
v -0.063094 -0.080917 0.062753
v -0.063094 -0.081048 0.061758
v -0.063082 -0.080761 0.062739
v -0.063082 -0.080717 0.063755
v -0.063094 -0.080873 0.063755
v -0.063094 -0.080917 0.064758
v -0.063094 -0.081048 0.065752
v -0.063082 -0.080761 0.064771
v -0.063082 -0.080894 0.065779
v -0.063045 -0.080609 0.064784
v -0.063045 -0.080744 0.065806
v -0.063082 -0.081114 0.066772
v -0.063094 -0.081265 0.066732
v -0.063094 -0.081567 0.067688
v -0.063082 -0.082825 0.070441
v -0.063094 -0.094424 0.062829
v -0.063094 -0.103180 0.059822
v -0.063094 -0.094237 0.062495
v -0.063094 -0.102332 0.058005
v -0.063094 -0.102796 0.058895
v -0.063082 -0.102938 0.058829
v -0.063082 -0.103327 0.059769
v -0.063045 -0.103470 0.059716
v -0.063082 -0.103633 0.060738
v -0.063045 -0.103780 0.060699
v -0.062985 -0.103920 0.060661
v -0.063045 -0.104003 0.061705
v -0.062985 -0.104146 0.061679
v -0.062903 -0.104277 0.061656
v -0.062985 -0.104282 0.062713
v -0.062903 -0.104415 0.062702
v -0.062801 -0.104534 0.062691
v -0.062903 -0.104461 0.063755
v -0.062985 -0.104327 0.063755
v -0.062903 -0.104415 0.064809
v -0.062985 -0.104282 0.064797
v -0.062903 -0.104277 0.065854
v -0.062801 -0.104164 0.066915
v -0.063045 -0.104137 0.064784
v -0.063045 -0.104182 0.063755
v -0.063082 -0.104030 0.063755
v -0.063082 -0.103985 0.062739
v -0.063045 -0.104137 0.062726
v -0.063082 -0.103852 0.061731
v -0.063094 -0.103481 0.060779
v -0.062801 -0.104395 0.061636
v -0.062682 -0.104635 0.062682
v -0.062682 -0.104495 0.061618
v -0.062548 -0.104717 0.062675
v -0.062548 -0.104576 0.061604
v -0.062682 -0.104263 0.060570
v -0.062548 -0.104342 0.060548
v -0.062682 -0.103940 0.059545
v -0.062801 -0.103844 0.059580
v -0.062801 -0.103437 0.058596
v -0.062801 -0.102945 0.057652
v -0.062903 -0.102842 0.057711
v -0.062903 -0.103328 0.058647
v -0.062985 -0.103207 0.058703
v -0.062985 -0.102726 0.057778
v -0.062903 -0.103732 0.059621
v -0.062985 -0.103606 0.059667
v -0.062903 -0.104049 0.060627
v -0.062801 -0.104164 0.060596
v -0.063045 -0.103076 0.058765
v -0.063082 -0.102468 0.057927
v -0.063045 -0.102600 0.057851
v -0.063082 -0.101922 0.057069
v -0.063045 -0.102047 0.056982
v -0.062985 -0.102165 0.056899
v -0.063045 -0.101420 0.056165
v -0.063082 -0.101303 0.056263
v -0.063082 -0.100616 0.055513
v -0.063094 -0.101183 0.056363
v -0.063094 -0.100505 0.055624
v -0.063094 -0.093998 0.062198
v -0.063094 -0.099765 0.054946
v -0.063094 -0.098969 0.054335
v -0.063082 -0.099866 0.054826
v -0.063045 -0.100724 0.055405
v -0.063045 -0.099964 0.054709
v -0.063082 -0.099059 0.054207
v -0.063082 -0.098201 0.053661
v -0.062985 -0.101531 0.056071
v -0.062903 -0.102275 0.056822
v -0.064094 -0.093711 0.061946
v -0.063094 -0.101793 0.057159
v -0.064094 -0.091534 0.061668
vn -0.0000 -1.0000 -0.0000
vn 0.9964 -0.0000 -0.0849
vn 0.9964 -0.0000 0.0849
vn 0.9966 -0.0000 0.0826
vn 0.9991 -0.0000 -0.0414
vn 0.9966 -0.0028 -0.0826
vn 0.9923 -0.0000 -0.1237
vn 0.0026 -0.9991 -0.0413
vn -0.0000 -0.9923 -0.1237
vn 0.0026 -0.9786 -0.2059
vn 0.9787 -0.0000 -0.2052
vn -0.0000 -0.9694 -0.2456
vn -0.0000 -0.9158 -0.4017
vn -1.0000 -0.0000 -0.0000
vn -0.0000 -0.9584 -0.2853
vn -0.0013 0.9309 0.3654
vn -0.0000 0.8842 0.4672
vn -0.0000 0.9166 0.3998
vn -0.0013 0.8660 0.5000
vn -0.8467 -0.0000 0.5320
vn -0.8831 0.0048 0.4692
vn -0.0000 0.8467 0.5321
vn -0.0000 0.8047 0.5937
vn -0.8030 0.0044 0.5959
vn -0.7818 -0.0000 0.6235
vn -0.0000 1.0000 -0.0000
vn -0.6802 -0.0000 0.7330
vn -0.7580 -0.0000 0.6523
vn 0.7218 -0.0000 -0.6920
vn 0.5947 -0.0000 -0.8040
vn 0.4502 -0.0000 -0.8929
vn -0.4339 -0.0000 0.9010
vn -0.5320 -0.0000 0.8467
vn -0.5633 -0.0000 0.8262
vn -0.5914 0.0037 0.8064
vn -0.0000 0.5937 0.8047
vn -0.0000 0.5321 0.8467
vn -0.0011 0.5633 0.8263
vn -0.0000 0.4673 0.8841
vn -0.0011 0.4339 0.9010
vn -0.3999 -0.0000 0.9166
vn -0.4646 0.0034 0.8855
vn -0.0000 0.3999 0.9166
vn -0.2947 -0.0000 0.9556
vn -0.3274 0.0031 0.9449
vn -0.0000 0.3302 0.9439
vn -0.2588 -0.0000 0.9659
vn -0.0000 0.2588 0.9659
vn -0.0010 0.2947 0.9556
vn -0.0000 0.1859 0.9826
vn -0.0010 0.1490 0.9888
vn -0.1831 0.0029 0.9831
vn -0.1119 -0.0000 0.9937
vn -0.0000 0.1119 0.9937
vn -0.0000 -0.0000 1.0000
vn -0.0374 -0.0000 0.9993
vn -0.0347 0.0027 0.9994
vn -0.0000 -0.1119 0.9937
vn -0.0019 -0.1841 0.9829
vn -0.0000 -0.1490 0.9888
vn -0.0000 -0.0000 -1.0000
vn -0.0000 -0.1646 -0.9864
vn -0.0000 -0.1236 -0.9923
vn 0.0019 -0.2034 -0.9791
vn 0.1236 -0.0000 -0.9923
vn 0.1646 -0.0017 -0.9864
vn 0.2052 -0.0000 -0.9787
vn 0.3247 -0.0018 -0.9458
vn 0.2853 -0.0000 -0.9584
vn 0.3635 -0.0000 -0.9316
vn 0.0020 -0.3618 -0.9323
vn -0.0000 -0.2853 -0.9584
vn -0.0000 -0.4392 -0.8984
vn -0.0000 -0.3247 -0.9458
vn 0.4392 -0.0000 -0.8984
vn 0.0021 -0.5103 -0.8600
vn 0.4759 -0.0020 -0.8795
vn 0.5119 -0.0000 -0.8590
vn 0.6142 -0.0022 -0.7891
vn 0.5811 -0.0000 -0.8138
vn 0.0022 -0.6450 -0.7642
vn 0.6463 -0.0000 -0.7631
vn -0.0000 -0.5811 -0.8138
vn -0.0000 -0.6142 -0.7891
vn -0.0000 -0.7070 -0.7072
vn 0.7071 -0.0000 -0.7071
vn 0.7631 -0.0000 -0.6463
vn 0.7357 -0.0023 -0.6773
vn 0.0023 -0.7622 -0.6474
vn 0.8138 -0.0000 -0.5811
vn -0.0000 -0.8138 -0.5811
vn -0.0000 -0.7357 -0.6773
vn -0.0000 -0.8372 -0.5470
vn 0.0024 -0.8584 -0.5129
vn 0.8590 -0.0000 -0.5119
vn -0.0000 -0.8984 -0.4392
vn 0.8984 -0.0000 -0.4392
vn 0.9316 -0.0000 -0.3635
vn 0.9158 -0.0027 -0.4017
vn 0.0025 -0.9313 -0.3643
vn 0.9584 -0.0000 -0.2853
vn 0.9694 -0.0028 -0.2455
vn 0.9113 -0.0000 -0.4118
vn 0.9678 -0.0000 -0.2519
vn -0.9749 -0.0000 0.2225
vn -0.9937 -0.0000 0.1119
vn -0.9972 -0.0000 0.0747
vn -0.9993 0.0056 0.0376
vn -0.0000 0.9993 0.0373
vn -0.0000 0.9937 0.1120
vn -0.0014 0.9972 0.0747
vn -0.0000 0.9826 0.1859
vn -0.0014 0.9749 0.2225
vn -0.9659 -0.0000 0.2588
vn -0.9824 0.0054 0.1869
vn -0.0000 0.9659 0.2589
vn -0.9309 -0.0000 0.3653
vn -0.9433 0.0051 0.3319
vn -0.0000 0.9438 0.3304
vn -0.8660 -0.0000 0.5000
vn -0.9166 -0.0000 0.3999
vn 0.8285 -0.0000 -0.5600
vn -0.0000 -0.9966 -0.0825
vn 0.0013 -0.9966 0.0825
vn -0.0000 -0.9991 0.0412
vn -0.0000 -0.9923 0.1237
vn 0.9923 -0.0000 0.1237
vn 0.9991 -0.0057 0.0416
vn 0.9785 -0.0055 0.2063
vn 0.9694 -0.0000 0.2455
vn -0.0000 -0.9787 0.2054
vn 0.9584 -0.0000 0.2853
vn 0.0013 -0.9694 0.2456
vn -0.0000 -0.9584 0.2853
vn 0.9158 -0.0000 0.4017
vn -0.0000 -0.9316 0.3634
vn 0.9309 -0.0052 0.3653
vn 0.0013 -0.9158 0.4017
vn -0.0000 -0.8984 0.4392
vn 0.8984 -0.0000 0.4392
vn 0.8578 -0.0049 0.5140
vn 0.8371 -0.0000 0.5470
vn -0.0000 -0.8591 0.5119
vn 0.8138 -0.0000 0.5811
vn 0.0012 -0.8372 0.5470
vn -0.0000 -0.8138 0.5811
vn 0.0012 -0.7357 0.6773
vn -0.0000 -0.7631 0.6462
vn -0.0000 -0.7070 0.7072
vn 0.7071 -0.0000 0.7071
vn 0.7612 -0.0045 0.6485
vn -0.0000 -0.6463 0.7631
vn 0.6438 -0.0041 0.7651
vn 0.6142 -0.0000 0.7891
vn 0.0011 -0.6142 0.7891
vn -0.0000 -0.5811 0.8138
vn 0.5811 -0.0000 0.8138
vn -0.0000 -0.5118 0.8591
vn 0.5090 -0.0038 0.8607
vn 0.4759 -0.0000 0.8795
vn 0.3247 -0.0000 0.9458
vn 0.4392 -0.0000 0.8984
vn -0.0000 -0.3635 0.9316
vn 0.3605 -0.0035 0.9328
vn -0.0000 -0.4393 0.8984
vn 0.0011 -0.4760 0.8795
vn 0.0010 -0.3247 0.9458
vn -0.0000 0.5321 -0.8467
vn -0.0000 0.4339 -0.9010
vn -0.0000 0.5633 -0.8262
vn -0.0022 0.5923 -0.8057
vn -0.6523 -0.0000 -0.7580
vn -0.5938 -0.0000 -0.8046
vn -0.0000 0.6523 -0.7580
vn -0.6802 0.0021 -0.7331
vn -0.0024 0.7059 -0.7083
vn -0.7071 -0.0000 -0.7071
vn -0.7818 0.0023 -0.6235
vn -0.7580 -0.0000 -0.6523
vn 0.7219 -0.0000 0.6920
vn 0.8285 -0.0000 0.5600
vn 0.9113 -0.0000 0.4118
vn -0.9166 -0.0000 -0.3999
vn -0.9309 0.0026 -0.3653
vn -0.8660 0.0025 -0.5000
vn -0.8841 -0.0000 -0.4673
vn -0.9749 0.0027 -0.2225
vn -0.9659 -0.0000 -0.2588
vn -0.9439 -0.0000 -0.3303
vn -0.0027 0.9436 -0.3312
vn -0.0000 0.9309 -0.3653
vn -0.0000 0.9659 -0.2589
vn -0.0000 0.9749 -0.2225
vn -0.0027 0.9825 -0.1864
vn -0.9937 -0.0000 -0.1119
vn -0.9826 -0.0000 -0.1859
vn -0.0000 0.9937 -0.1120
vn -0.9972 0.0028 -0.0747
vn -0.9993 -0.0000 -0.0374
vn -0.0028 0.9993 -0.0374
vn -0.0000 0.9972 -0.0747
vn -0.0000 0.9166 -0.3998
vn -0.0026 0.8836 -0.4683
vn -0.0000 0.8660 -0.5000
vn -0.8467 -0.0000 -0.5320
vn -0.0000 0.8467 -0.5321
vn -0.0000 0.7819 -0.6235
vn -0.0025 0.8038 -0.5950
vn -0.8046 -0.0000 -0.5938
vn 0.9677 -0.0000 0.2519
vn 0.5947 -0.0000 0.8040
vn 0.4502 -0.0000 0.8929
vn -0.5633 0.0019 -0.8262
vn -0.5320 -0.0000 -0.8467
vn -0.4339 0.0018 -0.9010
vn -0.4673 -0.0000 -0.8841
vn -0.0021 0.4656 -0.8850
vn -0.0000 0.3998 -0.9166
vn -0.3998 -0.0000 -0.9166
vn -0.0020 0.3285 -0.9445
vn -0.3303 -0.0000 -0.9439
vn -0.0000 0.2948 -0.9556
vn -0.0000 0.1490 -0.9888
vn -0.0000 0.2588 -0.9659
vn -0.2588 -0.0000 -0.9659
vn -0.1859 -0.0000 -0.9826
vn -0.0019 0.1841 -0.9829
vn -0.1490 0.0015 -0.9888
vn -0.1119 -0.0000 -0.9937
vn -0.0000 0.1119 -0.9937
vn -0.0374 -0.0000 -0.9993
vn -0.0347 -0.0027 -0.9994
vn -0.0000 -0.1119 -0.9937
vn -0.0010 -0.1490 -0.9888
vn -0.0000 0.1646 0.9864
vn -0.0000 0.3247 0.9458
vn 0.0020 0.3618 0.9323
vn -0.0000 0.2853 0.9584
vn 0.2853 -0.0000 0.9584
vn 0.2052 -0.0000 0.9787
vn 0.0019 0.2034 0.9791
vn 0.1646 0.0017 0.9864
vn 0.1237 -0.0000 0.9923
vn -0.0000 0.1237 0.9923
vn 0.0414 -0.0000 0.9991
vn 0.0384 -0.0030 0.9993
vn -0.0414 -0.0000 0.9991
vn -0.0000 0.0016 1.0000
vn -0.1646 -0.0000 0.9864
vn 0.1271 -0.0000 0.9919
vn -0.0425 -0.0000 0.9991
vn 0.2928 -0.0000 0.9562
vn -0.2948 -0.0000 -0.9556
vn -0.4646 -0.0034 -0.8855
vn -0.4339 -0.0000 -0.9010
vn -0.3275 -0.0031 -0.9448
vn -0.0000 -0.3998 -0.9166
vn -0.0000 -0.3303 -0.9439
vn -0.0011 -0.4339 -0.9010
vn -0.0010 -0.2948 -0.9556
vn 0.0022 0.6450 0.7642
vn -0.0000 0.6142 0.7892
vn -0.0000 0.5810 0.8139
vn -0.0000 0.4760 0.8795
vn -0.0000 0.7357 0.6773
vn -0.0000 0.7071 0.7071
vn 0.0023 0.7621 0.6474
vn 0.7631 -0.0000 0.6463
vn 0.7357 0.0023 0.6773
vn 0.6142 0.0022 0.7891
vn 0.6463 -0.0000 0.7631
vn 0.4759 0.0020 0.8795
vn 0.5119 -0.0000 0.8591
vn 0.9158 0.0027 0.4017
vn 0.8371 0.0025 0.5470
vn 0.8590 -0.0000 0.5119
vn 0.9694 0.0028 0.2455
vn 0.9316 -0.0000 0.3635
vn 0.9785 0.0055 -0.2063
vn 0.9694 -0.0000 -0.2455
vn 0.9158 -0.0000 -0.4017
vn 0.8371 -0.0000 -0.5470
vn 0.9309 0.0052 -0.3653
vn -0.4339 -0.0018 0.9010
vn -0.3302 -0.0000 0.9439
vn -0.2947 -0.0016 0.9556
vn -0.1859 -0.0000 0.9826
vn -0.1490 -0.0015 0.9888
vn 0.1271 -0.0000 -0.9919
vn 0.2928 -0.0000 -0.9562
vn 0.3605 0.0035 -0.9328
vn 0.3247 -0.0000 -0.9458
vn 0.1646 -0.0000 -0.9864
vn 0.2021 0.0032 -0.9793
vn -0.2107 -0.0000 -0.9775
vn -0.0425 -0.0000 -0.9991
vn -0.3728 -0.0000 -0.9279
vn 0.1490 -0.0000 0.9888
vn 0.2947 -0.0000 0.9556
vn 0.4339 -0.0000 0.9010
vn -0.5242 -0.0000 -0.8516
vn -0.6608 -0.0000 -0.7506
vn 0.5633 -0.0000 0.8263
vn 0.6802 -0.0000 0.7330
vn 0.7818 -0.0000 0.6235
vn 0.8660 -0.0000 0.5000
vn -0.8731 -0.0000 -0.4875
vn -0.9429 -0.0000 -0.3332
vn -0.9856 -0.0000 -0.1690
vn 0.9309 -0.0000 0.3653
vn 0.9749 -0.0000 0.2225
vn 0.9972 -0.0000 0.0747
vn 0.9972 -0.0000 -0.0747
vn -0.9856 -0.0000 0.1690
vn -0.9429 -0.0000 0.3332
vn 0.9749 -0.0000 -0.2225
vn 0.9309 -0.0000 -0.3653
vn 0.8660 -0.0000 -0.5000
vn 0.7818 -0.0000 -0.6235
vn -0.7780 -0.0000 0.6283
vn -0.6608 -0.0000 0.7505
vn -0.5241 -0.0000 0.8516
vn 0.6802 -0.0000 -0.7330
vn 0.5633 -0.0000 -0.8262
vn 0.4339 -0.0000 -0.9010
vn 0.2948 -0.0000 -0.9556
vn -0.2107 -0.0000 0.9775
vn -0.3729 -0.0000 0.9279
vn 0.1490 -0.0000 -0.9888
vn -0.0000 0.0014 -1.0000
vn 0.0374 -0.0000 -0.9993
vn 0.1646 -0.0000 0.9864
vn 0.2021 -0.0032 0.9793
vn -0.0000 -0.2052 0.9787
vn -0.0000 -0.1237 0.9923
vn 0.0010 -0.1646 0.9864
vn -0.0000 -0.2852 0.9585
vn -0.4760 -0.0000 0.8795
vn -0.3247 -0.0000 0.9458
vn -0.6142 -0.0000 0.7891
vn -0.7357 -0.0000 0.6773
vn -0.8372 -0.0000 0.5470
vn -0.9158 -0.0000 0.4017
vn -0.9694 -0.0000 0.2455
vn -0.9966 -0.0000 0.0826
vn -0.9966 -0.0000 -0.0826
vn -0.8730 -0.0000 0.4876
vn -0.9158 -0.0000 -0.4017
vn -0.9694 -0.0000 -0.2455
vn -0.8372 -0.0000 -0.5470
vn -0.7357 -0.0000 -0.6773
vn -0.6142 -0.0000 -0.7891
vn -0.4760 -0.0000 -0.8795
vn -0.3247 -0.0000 -0.9458
vn -0.1646 -0.0000 -0.9864
vn -0.0000 -0.0016 -1.0000
vn -0.0414 -0.0000 -0.9991
vn 0.0414 -0.0000 -0.9991
vn 0.0384 0.0030 -0.9993
vn -0.7779 -0.0000 -0.6284
vn -0.8731 -0.0000 0.4876
vn -0.0000 -0.0014 1.0000
vn 0.0374 -0.0000 0.9993
vn 0.0010 0.1646 -0.9864
vn -0.0000 0.2052 -0.9787
vn -0.0000 0.1236 -0.9923
vn 0.0010 0.3247 -0.9458
vn -0.0000 0.2854 -0.9584
vn -0.0021 -0.4656 0.8850
vn -0.0000 -0.4339 0.9010
vn -0.0000 -0.3999 0.9166
vn -0.0000 -0.2947 0.9556
vn -0.0000 -0.5633 0.8263
vn -0.0022 -0.5923 0.8057
vn -0.0000 -0.5320 0.8467
vn -0.5938 -0.0000 0.8046
vn -0.5321 -0.0000 0.8467
vn -0.5633 -0.0019 0.8262
vn -0.6802 -0.0021 0.7330
vn -0.6523 -0.0000 0.7580
vn -0.7071 -0.0000 0.7071
vn -0.0024 -0.7059 0.7083
vn -0.0000 -0.6524 0.7579
vn -0.0000 -0.7579 0.6524
vn -0.0000 -0.6802 0.7330
vn -0.0000 -0.7818 0.6235
vn -0.0025 -0.8037 0.5950
vn 0.0011 0.6142 -0.7892
vn -0.0000 0.7071 -0.7071
vn 0.0012 0.7357 -0.6773
vn -0.0000 0.6463 -0.7631
vn 0.6438 0.0041 -0.7651
vn -0.0000 0.5810 -0.8139
vn 0.4759 -0.0000 -0.8795
vn 0.6142 -0.0000 -0.7891
vn 0.5091 0.0038 -0.8607
vn -0.0000 0.5119 -0.8590
vn 0.0011 0.4760 -0.8795
vn -0.0000 0.4392 -0.8984
vn 0.7612 0.0045 -0.6485
vn -0.0000 0.7631 -0.6463
vn -0.0000 0.8138 -0.5811
vn 0.7357 -0.0000 -0.6773
vn 0.8578 0.0049 -0.5140
vn 0.0012 0.8372 -0.5470
vn -0.0000 0.8591 -0.5119
vn 0.0013 0.9158 -0.4017
vn -0.0000 0.8984 -0.4392
vn -0.0027 -0.9825 0.1864
vn -0.0000 -0.9749 0.2225
vn -0.0000 -0.9659 0.2588
vn -0.0000 -0.9309 0.3654
vn -0.0000 -0.9937 0.1120
vn -0.0028 -0.9993 0.0375
vn -0.0000 -0.9972 0.0748
vn -0.9993 -0.0000 0.0374
vn -0.9972 -0.0028 0.0747
vn -0.9972 -0.0000 -0.0747
vn -0.9749 -0.0000 -0.2225
vn -0.9993 -0.0056 -0.0376
vn -0.0000 -0.9937 -0.1120
vn -0.9824 -0.0054 -0.1869
vn -0.0000 -0.9826 -0.1859
vn -0.0014 -0.9749 -0.2225
vn -0.0014 -0.9972 -0.0748
vn -0.0000 0.9966 0.0826
vn 0.0013 0.9966 -0.0826
vn -0.0000 0.9991 -0.0414
vn -0.0000 0.9923 -0.1237
vn 0.9991 0.0057 -0.0416
vn 0.0026 0.9991 0.0415
vn 0.9991 -0.0000 0.0413
vn 0.9966 -0.0000 -0.0826
vn 0.9966 0.0028 0.0826
vn -0.0000 0.9923 0.1237
vn 0.0026 0.9786 0.2056
vn -0.0000 0.9694 0.2454
vn 0.9787 -0.0000 0.2052
vn -0.0000 0.9584 0.2853
vn -0.0000 0.9158 0.4017
vn -0.0000 0.8372 0.5470
vn -0.0000 0.8984 0.4392
vn 0.0025 0.9312 0.3644
vn -0.0000 -0.8046 -0.5938
vn -0.0013 -0.7818 -0.6235
vn -0.0013 -0.8660 -0.5000
vn -0.0000 -0.8468 -0.5320
vn -0.7818 -0.0000 -0.6235
vn -0.8030 -0.0044 -0.5959
vn -0.8831 -0.0048 -0.4692
vn -0.0000 -0.8841 -0.4673
vn -0.8660 -0.0000 -0.5000
vn -0.0000 -0.9165 -0.3999
vn -0.0000 -0.9439 -0.3303
vn -0.9433 -0.0051 -0.3319
vn -0.0014 -0.9309 -0.3653
vn -0.9309 -0.0000 -0.3653
vn -0.0000 -0.9659 -0.2588
vn -0.0000 -0.7579 -0.6523
vn -0.7051 -0.0041 -0.7091
vn -0.6802 -0.0000 -0.7331
vn -0.0000 -0.7071 -0.7071
vn -0.0000 -0.6523 -0.7579
vn -0.0012 -0.6802 -0.7330
vn -0.5914 -0.0037 -0.8064
vn -0.5633 -0.0000 -0.8262
vn -0.0000 -0.5938 -0.8046
vn -0.0000 -0.5320 -0.8467
vn -0.0011 -0.5633 -0.8262
vn -0.0000 -0.9993 -0.0374
vn 0.0013 0.9694 -0.2454
vn -0.0000 0.9787 -0.2051
vn -0.9439 -0.0000 0.3303
vn -0.0027 -0.9436 0.3311
vn -0.9309 -0.0026 0.3653
vn -0.0000 -0.9166 0.3999
vn -0.8841 -0.0000 0.4673
vn -0.0026 -0.8835 0.4683
vn -0.0000 -0.8660 0.5000
vn -0.8660 -0.0025 0.5000
vn -0.0000 -0.8468 0.5320
vn -0.8046 -0.0000 0.5938
vn -0.7818 -0.0023 0.6235
vn -0.9749 -0.0027 0.2225
vn -0.9826 -0.0000 0.1859
vn -0.0000 0.9584 -0.2853
vn -0.0000 0.9316 -0.3636
vn -0.4673 -0.0000 0.8841
vn -0.0000 0.3635 -0.9316
vn -0.0020 -0.3284 0.9445
vn -0.0000 -0.2588 0.9659
vn 0.0024 0.8584 0.5129
vn -0.0000 0.8138 0.5811
vn 0.0021 0.5103 0.8600
vn -0.0000 0.4392 0.8984
vn 0.3247 0.0018 0.9458
vn 0.3635 -0.0000 0.9316
vn -0.0000 -0.4673 -0.8841
vn -0.0000 -0.2588 -0.9659
vn -0.1831 -0.0029 -0.9831
vn -0.1490 -0.0000 -0.9888
vn -0.0000 -0.1859 -0.9826
vn -0.2948 0.0016 -0.9556
vn -0.0000 0.7580 -0.6523
vn -0.0000 0.6802 -0.7331
vn 0.7357 -0.0000 0.6773
vn 0.8371 -0.0025 -0.5470
vn -0.0000 0.7580 0.6523
vn -0.0012 0.6802 0.7330
vn -0.0013 0.7819 0.6235
vn -0.7051 0.0041 0.7091
vn -0.0000 0.6523 0.7579
vn -0.0000 -0.4760 -0.8795
vn -0.1490 -0.0000 0.9888
vn -0.0780 0.9960 0.0435
vn -0.0000 0.9990 0.0437
vn -0.0000 0.9945 0.1049
vn -0.0780 0.9914 0.1046
vn -0.0777 0.9960 0.0436
vn -0.1999 0.9690 0.1454
vn -0.0782 0.9884 0.1301
vn -0.2333 0.9715 0.0425
vn -0.2333 0.9641 0.1269
vn -0.2328 0.9642 0.1270
vn -0.0780 0.9960 -0.0436
vn -0.2339 0.9713 -0.0425
vn -0.2339 0.9713 0.0424
vn -0.0777 0.9960 -0.0435
vn -0.0000 0.9990 -0.0437
vn -0.0000 0.9945 -0.1049
vn -0.0780 0.9914 -0.1046
vn -0.0000 0.9889 -0.1484
vn -0.0781 0.9859 -0.1480
vn -0.1506 0.9801 -0.1291
vn -0.0780 0.9733 -0.2158
vn -0.2328 0.9495 -0.2105
vn -0.2327 0.9642 -0.1269
vn -0.2333 0.9641 -0.1269
vn -0.2332 0.9715 -0.0424
vn -0.3824 0.9231 -0.0404
vn -0.3824 0.9161 -0.1206
vn -0.3818 0.9234 -0.0403
vn -0.5223 0.8519 0.0372
vn -0.5224 0.8519 -0.0373
vn -0.3817 0.9234 0.0404
vn -0.5221 0.8521 0.0373
vn -0.5222 0.8455 0.1114
vn -0.5230 0.8451 0.1112
vn -0.3824 0.9161 0.1205
vn -0.3824 0.9231 0.0403
vn -0.5230 0.8322 0.1844
vn -0.3820 0.9162 0.1206
vn -0.3822 0.9022 0.2001
vn -0.5223 0.8326 0.1846
vn -0.6499 0.7249 0.2285
vn -0.6496 0.7251 0.2287
vn -0.6496 0.7423 0.1645
vn -0.5224 0.8132 0.2564
vn -0.7600 0.6345 0.1406
vn -0.6491 0.7427 0.1646
vn -0.7600 0.6198 0.1954
vn -0.7598 0.6200 0.1956
vn -0.8523 0.4988 0.1573
vn -0.8523 0.4832 0.2001
vn -0.8524 0.4832 0.2001
vn -0.7599 0.6006 0.2487
vn -0.8524 0.4638 0.2415
vn -0.7601 0.6004 0.2486
vn -0.7601 0.5764 0.3000
vn -0.8525 0.4637 0.2414
vn -0.8524 0.4410 0.2809
vn -0.9238 0.3229 0.2057
vn -0.9238 0.3396 0.1768
vn -0.9238 0.3229 0.2056
vn -0.8521 0.4151 0.3186
vn -0.8522 0.4413 0.2812
vn -0.9238 0.3037 0.2330
vn -0.9238 0.2822 0.2587
vn -0.9723 0.1725 0.1581
vn -0.9723 0.1856 0.1424
vn -0.9722 0.1725 0.1581
vn -0.9239 0.2822 0.2585
vn -0.9723 0.1581 0.1724
vn -0.9239 0.2586 0.2822
vn -0.9722 0.1581 0.1726
vn -0.9969 0.0476 0.0621
vn -0.9969 0.0476 0.0620
vn -0.9969 0.0528 0.0576
vn -0.9722 0.1425 0.1857
vn -0.9969 0.0420 0.0660
vn -0.9722 0.1257 0.1973
vn -0.9722 0.1424 0.1856
vn -0.9969 0.0361 0.0694
vn -0.0000 0.4502 0.8929
vn -0.0000 0.5948 0.8039
vn -0.0000 0.2929 0.9562
vn -0.0000 -0.2933 -0.9560
vn -0.0000 -0.4503 -0.8929
vn -0.0000 -0.4502 -0.8929
vn -0.0000 0.4501 0.8930
vn -0.0000 0.5946 0.8040
vn -0.0000 0.2931 0.9561
vn -1.0000 -0.0000 0.0001
vn -1.0000 -0.0000 -0.0001
vn -0.0000 -0.5243 0.8515
vn -0.0000 -0.3719 0.9283
vn -0.0000 -0.3720 0.9282
vn -0.0000 -0.2109 0.9775
vn -0.0000 0.5241 -0.8517
vn -0.0000 0.3728 -0.9279
vn -0.0000 0.6608 -0.7505
vn -0.0000 0.7783 -0.6279
vn -0.0000 0.8728 -0.4882
vn -0.0000 0.7782 -0.6280
vn -0.0000 -0.7777 0.6286
vn -0.0000 -0.6610 0.7504
vn -0.0000 -0.7776 0.6287
vn -0.0000 -0.8729 0.4880
vn -0.0000 -0.9431 0.3325
vn -0.0000 0.9858 -0.1680
vn -0.0000 0.9429 -0.3331
vn -0.0000 0.9990 -0.0440
vn -0.0000 0.9990 -0.0441
vn -0.0000 0.9990 0.0440
vn -0.0000 -0.9856 -0.1689
vn -0.0000 -0.9991 -0.0428
vn -0.0000 -0.9991 0.0428
vn -0.0000 -0.9856 0.1689
vn -0.0000 -0.9429 0.3330
vn -0.0000 -0.8730 0.4878
vn -0.9969 -0.0694 0.0361
vn -0.9969 -0.0693 0.0361
vn -0.9969 -0.0723 0.0299
vn -0.9723 -0.2074 0.1080
vn -0.9722 -0.2076 0.1080
vn -0.9723 -0.2161 0.0895
vn -0.9723 -0.2231 0.0703
vn -0.9723 -0.2160 0.0895
vn -0.9969 -0.0746 0.0235
vn -0.9969 -0.0764 0.0169
vn -0.9969 -0.0776 0.0102
vn -0.9723 -0.2318 0.0305
vn -0.9723 -0.2282 0.0506
vn -0.9722 -0.2285 0.0506
vn -0.9239 -0.3650 0.1151
vn -0.9238 -0.3651 0.1151
vn -0.9722 -0.2232 0.0703
vn -0.9238 -0.3737 0.0829
vn -0.8524 -0.5105 0.1132
vn -0.8524 -0.4987 0.1573
vn -0.9239 -0.3736 0.0829
vn -0.8521 -0.4992 0.1574
vn -0.7602 -0.6196 0.1954
vn -0.7602 -0.6003 0.2487
vn -0.8522 -0.4835 0.2003
vn -0.7602 -0.6003 0.2486
vn -0.6494 -0.6745 0.3511
vn -0.6493 -0.6746 0.3511
vn -0.7601 -0.5763 0.3000
vn -0.6494 -0.7026 0.2910
vn -0.5217 -0.7567 0.3939
vn -0.5218 -0.7882 0.3264
vn -0.5218 -0.7567 0.3939
vn -0.6490 -0.7029 0.2911
vn -0.5219 -0.7194 0.4583
vn -0.3826 -0.7793 0.4964
vn -0.3823 -0.7794 0.4964
vn -0.3823 -0.8196 0.4267
vn -0.2329 -0.8202 0.5225
vn -0.2338 -0.8200 0.5225
vn -0.2340 -0.8623 0.4490
vn -0.3831 -0.8193 0.4266
vn -0.2327 -0.8985 0.3722
vn -0.2327 -0.8627 0.4490
vn -0.3832 -0.8533 0.3535
vn -0.3827 -0.8535 0.3535
vn -0.5221 -0.7880 0.3264
vn -0.3830 -0.8810 0.2778
vn -0.5220 -0.8134 0.2565
vn -0.5218 -0.8136 0.2565
vn -0.5217 -0.8329 0.1846
vn -0.3830 -0.9019 0.2000
vn -0.3828 -0.8811 0.2778
vn -0.5225 -0.8324 0.1846
vn -0.5224 -0.8454 0.1113
vn -0.6487 -0.7545 0.0993
vn -0.6487 -0.7431 0.1646
vn -0.6490 -0.7543 0.0993
vn -0.6489 -0.7602 0.0331
vn -0.6494 -0.7597 0.0332
vn -0.5221 -0.8521 0.0372
vn -0.5222 -0.8456 0.1112
vn -0.5224 -0.8519 0.0373
vn -0.3830 -0.9229 0.0404
vn -0.3830 -0.9158 0.1206
vn -0.3820 -0.9163 0.1205
vn -0.2333 -0.9494 0.2104
vn -0.2336 -0.9493 0.2104
vn -0.2336 -0.9640 0.1270
vn -0.3820 -0.9023 0.1999
vn -0.0781 -0.9884 0.1300
vn -0.0783 -0.9810 0.1773
vn -0.1098 -0.9704 0.2151
vn -0.2326 -0.9643 0.1268
vn -0.0789 -0.9884 0.1301
vn -0.1655 -0.9857 0.0305
vn -0.0785 -0.9960 0.0436
vn -0.0788 -0.9941 0.0740
vn -0.2324 -0.9717 0.0424
vn -0.2332 -0.9715 0.0425
vn -0.1404 -0.9891 -0.0433
vn -0.0784 -0.9964 -0.0308
vn -0.2332 -0.9715 -0.0424
vn -0.2325 -0.9717 -0.0425
vn -0.0788 -0.9941 -0.0740
vn -0.2326 -0.9643 -0.1270
vn -0.2336 -0.9640 -0.1268
vn -0.0787 -0.9884 -0.1300
vn -0.0781 -0.9884 -0.1301
vn -0.0000 -0.9914 -0.1305
vn -0.0000 -0.9972 -0.0742
vn 0.0788 -0.9884 -0.1301
vn 0.0788 -0.9941 -0.0740
vn 0.1653 -0.9858 -0.0305
vn 0.0786 -0.9960 -0.0436
vn 0.0779 -0.9884 -0.1300
vn 0.2326 -0.9643 -0.1269
vn 0.2331 -0.9715 -0.0425
vn 0.2325 -0.9717 -0.0424
vn 0.3824 -0.9231 -0.0403
vn 0.2332 -0.9715 0.0424
vn 0.3824 -0.9231 0.0404
vn 0.3830 -0.9229 0.0403
vn 0.2325 -0.9643 0.1270
vn 0.2325 -0.9717 0.0425
vn 0.3821 -0.9162 0.1207
vn 0.3830 -0.9159 0.1205
vn 0.3822 -0.9022 0.2001
vn 0.5219 -0.8328 0.1847
vn 0.5226 -0.8324 0.1844
vn 0.5226 -0.8453 0.1112
vn 0.6493 -0.7425 0.1645
vn 0.5218 -0.8136 0.2566
vn 0.6490 -0.7256 0.2288
vn 0.6494 -0.7253 0.2287
vn 0.7601 -0.6197 0.1954
vn 0.6489 -0.7030 0.2912
vn 0.7601 -0.6003 0.2487
vn 0.7602 -0.6002 0.2486
vn 0.8522 -0.4834 0.2003
vn 0.7601 -0.5763 0.3000
vn 0.8522 -0.4640 0.2416
vn 0.8522 -0.4641 0.2416
vn 0.9238 -0.3395 0.1768
vn 0.8523 -0.4412 0.2810
vn 0.9239 -0.3228 0.2056
vn 0.9238 -0.3229 0.2057
vn 0.9723 -0.1973 0.1257
vn 0.9239 -0.3036 0.2330
vn 0.9723 -0.1856 0.1424
vn 0.9969 -0.0577 0.0529
vn 0.9969 -0.0577 0.0528
vn 0.9969 -0.0620 0.0476
vn 0.9723 -0.1725 0.1580
vn 1.0000 -0.0000 -0.0000
vn 0.9969 -0.0659 0.0420
vn 0.9969 -0.0660 0.0420
vn 0.9969 -0.0694 0.0361
vn 0.9722 -0.2076 0.1081
vn 0.9723 -0.2074 0.1080
vn 0.9722 -0.1974 0.1258
vn 0.9723 -0.2161 0.0895
vn 0.9969 -0.0723 0.0299
vn 0.9969 -0.0746 0.0235
vn 0.9722 -0.2285 0.0507
vn 0.9723 -0.2282 0.0506
vn 0.9969 -0.0764 0.0169
vn 0.9722 -0.2232 0.0704
vn 0.9239 -0.3737 0.0829
vn 0.9239 -0.3735 0.0828
vn 0.9238 -0.3651 0.1151
vn 0.9723 -0.2231 0.0703
vn 0.8524 -0.5106 0.1132
vn 0.8522 -0.5108 0.1133
vn 0.8523 -0.4988 0.1572
vn 0.9239 -0.3650 0.1151
vn 0.8521 -0.4991 0.1574
vn 0.9238 -0.3537 0.1465
vn 0.9238 -0.3536 0.1465
vn 0.7600 -0.6345 0.1407
vn 0.7602 -0.6343 0.1406
vn 0.7600 -0.6198 0.1955
vn 0.6485 -0.7431 0.1648
vn 0.6486 -0.7546 0.0993
vn 0.7602 -0.6442 0.0848
vn 0.6489 -0.7544 0.0992
vn 0.6492 -0.7599 0.0331
vn 0.6487 -0.7603 0.0332
vn 0.7602 -0.6491 0.0283
vn 0.7601 -0.6442 0.0848
vn 0.7598 -0.6495 0.0284
vn 0.8522 -0.5187 0.0683
vn 0.8524 -0.5224 0.0228
vn 0.8523 -0.5186 0.0682
vn 0.8523 -0.5226 0.0228
vn 0.9239 -0.3794 0.0499
vn 0.9238 -0.3825 0.0167
vn 0.9239 -0.3795 0.0499
vn 0.9723 -0.2318 0.0305
vn 0.9722 -0.2337 0.0102
vn 0.9722 -0.2320 0.0306
vn 0.9723 -0.2337 0.0102
vn 0.9969 -0.0776 0.0102
vn 0.9969 -0.0782 0.0034
vn 0.9969 -0.0781 0.0034
vn 0.9969 -0.0782 -0.0034
vn 0.9969 -0.0781 -0.0034
vn 0.9969 -0.0776 -0.0102
vn 0.9722 -0.2320 -0.0305
vn 0.9723 -0.2318 -0.0305
vn 0.9722 -0.2337 -0.0102
vn 0.9239 -0.3795 -0.0499
vn 0.9239 -0.3793 -0.0499
vn 0.9238 -0.3824 -0.0167
vn 0.9723 -0.2337 -0.0102
vn 0.8524 -0.5185 -0.0682
vn 0.8522 -0.5187 -0.0682
vn 0.8524 -0.5224 -0.0228
vn 0.9238 -0.3826 -0.0167
vn 0.7601 -0.6443 -0.0848
vn 0.7602 -0.6441 -0.0848
vn 0.7601 -0.6492 -0.0284
vn 0.8523 -0.5226 -0.0228
vn 0.6488 -0.7544 -0.0993
vn 0.6486 -0.7547 -0.0993
vn 0.6487 -0.7603 -0.0331
vn 0.7599 -0.6495 -0.0283
vn 0.5223 -0.8455 -0.1112
vn 0.5225 -0.8454 -0.1113
vn 0.5223 -0.8520 -0.0372
vn 0.6492 -0.7599 -0.0332
vn 0.3830 -0.9158 -0.1206
vn 0.3820 -0.9163 -0.1205
vn 0.3830 -0.9229 -0.0404
vn 0.5225 -0.8518 -0.0373
vn 0.2336 -0.9493 -0.2104
vn 0.2333 -0.9494 -0.2104
vn 0.2336 -0.9640 -0.1270
vn 0.3820 -0.9023 -0.1999
vn 0.2333 -0.9274 -0.2924
vn 0.2335 -0.9274 -0.2924
vn 0.3830 -0.8810 -0.2778
vn 0.3830 -0.9018 -0.2000
vn 0.3828 -0.8811 -0.2778
vn 0.5219 -0.8135 -0.2565
vn 0.5227 -0.8323 -0.1846
vn 0.5219 -0.8328 -0.1845
vn 0.5222 -0.8134 -0.2565
vn 0.6494 -0.7252 -0.2287
vn 0.6486 -0.7431 -0.1647
vn 0.6493 -0.7425 -0.1647
vn 0.6488 -0.7258 -0.2288
vn 0.7599 -0.6199 -0.1954
vn 0.7602 -0.6343 -0.1407
vn 0.7599 -0.6346 -0.1407
vn 0.7602 -0.6196 -0.1954
vn 0.8524 -0.4986 -0.1572
vn 0.8522 -0.5108 -0.1132
vn 0.8524 -0.5105 -0.1132
vn 0.8521 -0.4992 -0.1573
vn 0.9238 -0.3651 -0.1151
vn 0.9239 -0.3736 -0.0829
vn 0.9238 -0.3737 -0.0829
vn 0.9722 -0.2232 -0.0703
vn 0.9723 -0.2282 -0.0506
vn 0.9722 -0.2285 -0.0506
vn 0.9723 -0.2231 -0.0703
vn 0.9969 -0.0746 -0.0235
vn 0.9969 -0.0764 -0.0169
vn 0.9969 -0.0722 -0.0299
vn 0.9969 -0.0723 -0.0299
vn 0.9723 -0.2075 -0.1080
vn 0.9722 -0.2076 -0.1081
vn 0.9969 -0.0694 -0.0361
vn 0.9723 -0.2161 -0.0895
vn 0.9238 -0.3396 -0.1768
vn 0.9238 -0.3537 -0.1465
vn 0.8522 -0.4641 -0.2416
vn 0.8522 -0.4640 -0.2416
vn 0.8522 -0.4833 -0.2002
vn 0.7601 -0.5764 -0.3000
vn 0.7603 -0.5762 -0.3000
vn 0.7601 -0.6003 -0.2487
vn 0.8521 -0.4835 -0.2003
vn 0.6493 -0.6746 -0.3512
vn 0.6490 -0.6748 -0.3513
vn 0.6492 -0.7027 -0.2911
vn 0.7602 -0.6002 -0.2487
vn 0.5221 -0.7565 -0.3938
vn 0.5219 -0.7566 -0.3939
vn 0.5220 -0.7880 -0.3264
vn 0.6489 -0.7030 -0.2912
vn 0.3830 -0.8193 -0.4266
vn 0.3822 -0.8197 -0.4267
vn 0.3831 -0.8534 -0.3535
vn 0.5222 -0.7879 -0.3264
vn 0.2341 -0.8623 -0.4490
vn 0.3828 -0.8535 -0.3535
vn 0.2326 -0.8985 -0.3721
vn 0.2327 -0.8627 -0.4490
vn 0.0779 -0.8843 -0.4603
vn 0.2340 -0.8199 -0.5225
vn 0.1462 -0.8343 -0.5316
vn 0.0782 -0.8555 -0.5118
vn -0.0000 -0.8582 -0.5133
vn -0.0000 -0.8870 -0.4618
vn 0.0788 -0.8842 -0.4603
vn -0.0000 -0.9073 -0.4205
vn -0.0000 -0.9074 -0.4204
vn 0.0789 -0.9045 -0.4192
vn -0.0000 -0.9249 -0.3803
vn -0.0000 -0.9248 -0.3803
vn 0.0785 -0.9220 -0.3792
vn 0.0953 -0.9196 -0.3810
vn -0.0000 -0.9466 -0.3225
vn 0.0787 -0.9436 -0.3215
vn -0.0000 -0.9597 -0.2810
vn 0.0775 -0.9568 -0.2801
vn 0.1519 -0.9426 -0.2972
vn -0.0000 -0.9751 -0.2216
vn 0.0775 -0.9722 -0.2210
vn -0.0000 -0.9841 -0.1778
vn 0.0781 -0.9811 -0.1772
vn 0.1098 -0.9704 -0.2151
vn -0.1143 -0.9687 -0.2202
vn -0.0781 -0.9811 -0.1772
vn -0.0772 -0.9734 -0.2157
vn -0.0773 -0.9568 -0.2801
vn -0.2335 -0.9273 -0.2924
vn -0.1520 -0.9426 -0.2972
vn -0.2333 -0.9274 -0.2924
vn -0.2333 -0.9494 -0.2104
vn -0.2333 -0.8984 -0.3721
vn -0.3827 -0.8811 -0.2778
vn -0.3829 -0.8535 -0.3536
vn -0.3831 -0.8534 -0.3534
vn -0.5218 -0.7882 -0.3265
vn -0.5218 -0.7567 -0.3939
vn -0.5220 -0.7566 -0.3938
vn -0.3830 -0.8194 -0.4266
vn -0.3822 -0.8196 -0.4268
vn -0.3822 -0.7794 -0.4965
vn -0.5220 -0.7194 -0.4583
vn -0.5220 -0.6767 -0.5193
vn -0.6496 -0.6412 -0.4085
vn -0.6496 -0.6032 -0.4628
vn -0.6491 -0.6035 -0.4631
vn -0.6490 -0.5609 -0.5140
vn -0.7601 -0.4791 -0.4390
vn -0.7601 -0.5155 -0.3955
vn -0.7602 -0.4790 -0.4389
vn -0.8524 -0.3855 -0.3533
vn -0.8524 -0.3533 -0.3854
vn -0.8522 -0.3534 -0.3857
vn -0.7601 -0.4390 -0.4790
vn -0.8523 -0.3184 -0.4150
vn -0.7601 -0.4390 -0.4791
vn -0.7600 -0.3956 -0.5156
vn -0.8524 -0.3183 -0.4148
vn -0.9238 -0.2057 -0.3230
vn -0.9238 -0.2331 -0.3039
vn -0.9238 -0.2057 -0.3228
vn -0.8523 -0.2810 -0.4411
vn -0.9239 -0.1767 -0.3393
vn -0.9238 -0.1767 -0.3396
vn -0.8523 -0.2415 -0.4639
vn -0.8524 -0.2810 -0.4410
vn -0.9240 -0.1464 -0.3534
vn -0.9239 -0.1464 -0.3536
vn -0.8522 -0.2002 -0.4834
vn -0.8522 -0.2416 -0.4641
vn -0.7601 -0.2487 -0.6004
vn -0.7600 -0.3001 -0.5765
vn -0.7601 -0.3001 -0.5764
vn -0.6490 -0.3513 -0.6748
vn -0.6490 -0.4087 -0.6417
vn -0.6492 -0.4087 -0.6415
vn -0.7601 -0.3491 -0.5481
vn -0.5224 -0.3938 -0.7563
vn -0.5224 -0.4581 -0.7192
vn -0.6492 -0.3512 -0.6746
vn -0.5222 -0.4582 -0.7193
vn -0.3821 -0.4965 -0.7794
vn -0.3821 -0.5625 -0.7332
vn -0.5222 -0.5192 -0.6766
vn -0.3827 -0.5624 -0.7329
vn -0.2326 -0.5920 -0.7716
vn -0.2326 -0.6571 -0.7171
vn -0.3828 -0.6241 -0.6811
vn -0.2331 -0.6570 -0.7170
vn -0.0787 -0.7350 -0.6735
vn -0.2329 -0.7170 -0.6570
vn -0.1308 -0.6642 -0.7360
vn -0.0794 -0.6734 -0.7350
vn -0.0780 -0.6997 -0.7102
vn -0.0780 -0.7350 -0.6736
vn -0.0000 -0.7372 -0.6756
vn -0.0000 -0.7726 -0.6349
vn -0.0787 -0.7702 -0.6329
vn -0.0000 -0.7996 -0.6006
vn -0.0788 -0.7971 -0.5987
vn -0.1325 -0.7863 -0.6034
vn -0.0787 -0.8407 -0.5357
vn -0.2327 -0.7716 -0.5921
vn -0.2327 -0.8202 -0.5226
vn -0.2327 -0.7716 -0.5920
vn -0.2328 -0.7170 -0.6571
vn -0.3827 -0.6812 -0.6241
vn -0.3827 -0.7330 -0.5624
vn -0.3820 -0.6813 -0.6244
vn -0.5226 -0.6286 -0.5760
vn -0.5227 -0.5760 -0.6285
vn -0.5218 -0.5762 -0.6290
vn -0.3820 -0.6243 -0.6814
vn -0.6491 -0.4631 -0.6036
vn -0.6491 -0.5140 -0.5608
vn -0.5219 -0.5193 -0.6768
vn -0.6492 -0.4631 -0.6034
vn -0.6491 -0.5609 -0.5139
vn -0.6490 -0.5140 -0.5609
vn -0.5223 -0.6288 -0.5761
vn -0.3824 -0.7330 -0.5625
vn -0.5223 -0.6765 -0.5192
vn -0.0787 -0.8843 -0.4602
vn -0.0780 -0.8843 -0.4604
vn -0.2340 -0.8200 -0.5223
vn -0.2342 -0.8624 -0.4489
vn -0.1820 -0.8211 -0.5410
vn -0.0782 -0.8556 -0.5118
vn -0.0000 -0.8350 -0.5502
vn -0.0000 -0.8582 -0.5134
vn 0.1489 -0.7907 -0.5939
vn 0.0788 -0.8325 -0.5485
vn 0.0787 -0.7909 -0.6069
vn 0.0787 -0.7702 -0.6329
vn 0.2327 -0.7716 -0.5920
vn 0.0781 -0.7350 -0.6735
vn 0.0786 -0.7349 -0.6736
vn 0.2328 -0.7170 -0.6570
vn 0.2327 -0.8203 -0.5225
vn 0.3827 -0.7330 -0.5624
vn 0.3822 -0.7794 -0.4964
vn 0.3826 -0.7793 -0.4964
vn 0.3825 -0.7330 -0.5625
vn 0.5222 -0.6766 -0.5192
vn 0.5220 -0.7194 -0.4582
vn 0.5221 -0.7193 -0.4582
vn 0.5225 -0.6764 -0.5191
vn 0.6494 -0.6033 -0.4630
vn 0.6491 -0.6416 -0.4087
vn 0.6494 -0.6413 -0.4086
vn 0.6489 -0.6037 -0.4632
vn 0.7599 -0.5157 -0.3957
vn 0.7602 -0.5479 -0.3491
vn 0.7599 -0.5483 -0.3492
vn 0.7602 -0.5155 -0.3956
vn 0.8523 -0.4150 -0.3184
vn 0.8522 -0.4413 -0.2811
vn 0.8523 -0.4411 -0.2810
vn 0.8522 -0.4151 -0.3185
vn 0.9239 -0.3036 -0.2330
vn 0.9238 -0.3229 -0.2057
vn 0.9238 -0.3228 -0.2057
vn 0.9723 -0.1856 -0.1424
vn 0.9722 -0.1974 -0.1257
vn 0.9723 -0.1973 -0.1257
vn 0.9969 -0.0659 -0.0420
vn 0.9969 -0.0660 -0.0420
vn 0.9969 -0.0620 -0.0476
vn 0.9969 -0.0577 -0.0528
vn 0.9969 -0.0529 -0.0577
vn 0.9723 -0.1580 -0.1724
vn 0.9723 -0.1724 -0.1580
vn 0.9237 -0.2588 -0.2824
vn 0.9239 -0.2585 -0.2822
vn 0.9237 -0.2825 -0.2588
vn 0.9723 -0.1725 -0.1580
vn 0.8525 -0.3532 -0.3854
vn 0.8523 -0.3534 -0.3856
vn 0.8525 -0.3854 -0.3532
vn 0.9239 -0.2821 -0.2586
vn 0.7601 -0.4391 -0.4791
vn 0.7601 -0.4390 -0.4791
vn 0.7601 -0.4791 -0.4390
vn 0.8522 -0.3858 -0.3535
vn 0.6489 -0.5141 -0.5610
vn 0.6489 -0.5610 -0.5140
vn 0.5227 -0.5759 -0.6286
vn 0.5221 -0.5762 -0.6288
vn 0.5227 -0.6285 -0.5760
vn 0.3821 -0.6244 -0.6813
vn 0.3829 -0.6240 -0.6812
vn 0.3820 -0.6814 -0.6243
vn 0.5225 -0.6287 -0.5760
vn 0.2331 -0.6570 -0.7170
vn 0.2326 -0.6571 -0.7170
vn 0.3826 -0.6811 -0.6242
vn 0.2330 -0.7169 -0.6570
vn 0.2326 -0.5921 -0.7716
vn 0.0795 -0.6069 -0.7908
vn 0.0793 -0.6679 -0.7400
vn 0.1219 -0.6705 -0.7318
vn -0.0000 -0.6700 -0.7424
vn -0.0000 -0.7018 -0.7123
vn 0.0780 -0.6997 -0.7102
vn -0.0000 -0.6227 -0.7824
vn 0.1984 -0.6103 -0.7669
vn 0.0783 -0.5865 -0.8061
vn -0.0000 -0.5883 -0.8086
vn -0.0784 -0.5865 -0.8061
vn -0.0794 -0.6208 -0.7800
vn -0.1503 -0.6019 -0.7843
vn -0.2335 -0.5920 -0.7714
vn -0.2337 -0.5225 -0.8200
vn -0.2333 -0.5225 -0.8201
vn -0.0784 -0.5356 -0.8408
vn -0.0779 -0.4604 -0.8843
vn -0.2333 -0.4491 -0.8625
vn -0.0778 -0.5356 -0.8409
vn -0.3825 -0.4267 -0.8195
vn -0.3825 -0.3535 -0.8536
vn -0.3827 -0.3535 -0.8535
vn -0.2333 -0.3721 -0.8984
vn -0.2333 -0.2924 -0.9274
vn -0.3827 -0.2779 -0.8811
vn -0.3827 -0.2778 -0.8811
vn -0.5224 -0.1846 -0.8325
vn -0.5220 -0.1846 -0.8327
vn -0.3827 -0.2000 -0.9020
vn -0.5221 -0.2565 -0.8134
vn -0.5224 -0.1113 -0.8454
vn -0.5221 -0.1113 -0.8456
vn -0.3822 -0.1206 -0.9162
vn -0.3822 -0.2000 -0.9022
vn -0.2332 -0.1270 -0.9641
vn -0.3827 -0.1206 -0.9160
vn -0.2331 -0.2105 -0.9494
vn -0.2329 -0.2104 -0.9495
vn -0.0784 -0.2158 -0.9733
vn -0.0785 -0.2655 -0.9609
vn -0.2328 -0.2924 -0.9275
vn -0.1218 -0.2984 -0.9466
vn -0.0000 -0.2663 -0.9639
vn -0.0000 -0.2664 -0.9639
vn -0.0000 -0.3080 -0.9514
vn -0.0781 -0.3071 -0.9485
vn -0.0000 -0.3661 -0.9306
vn -0.1988 -0.3588 -0.9120
vn -0.0780 -0.3815 -0.9211
vn -0.0000 -0.4062 -0.9138
vn -0.0780 -0.4049 -0.9110
vn -0.0000 -0.4618 -0.8870
vn 0.0780 -0.4604 -0.8843
vn 0.0778 -0.4604 -0.8843
vn 0.0779 -0.4050 -0.9110
vn 0.2333 -0.4491 -0.8625
vn 0.2333 -0.3721 -0.8984
vn 0.1499 -0.3783 -0.9134
vn 0.3824 -0.4267 -0.8196
vn 0.2334 -0.5225 -0.8201
vn 0.3821 -0.4966 -0.7794
vn 0.3824 -0.4965 -0.7793
vn 0.5224 -0.4581 -0.7192
vn 0.3821 -0.5626 -0.7331
vn 0.5220 -0.5193 -0.6766
vn 0.5224 -0.5191 -0.6765
vn 0.5225 -0.4581 -0.7191
vn 0.6490 -0.4087 -0.6417
vn 0.6489 -0.4632 -0.6036
vn 0.6489 -0.4631 -0.6036
vn 0.6488 -0.4089 -0.6418
vn 0.7602 -0.3491 -0.5480
vn 0.7601 -0.3955 -0.5155
vn 0.7602 -0.3955 -0.5155
vn 0.7600 -0.3492 -0.5481
vn 0.8524 -0.2810 -0.4410
vn 0.8523 -0.3184 -0.4150
vn 0.8524 -0.3183 -0.4149
vn 0.9238 -0.2058 -0.3230
vn 0.9239 -0.2330 -0.3037
vn 0.9237 -0.2332 -0.3039
vn 0.9238 -0.2057 -0.3229
vn 0.9723 -0.1257 -0.1973
vn 0.9723 -0.1424 -0.1855
vn 0.9723 -0.1256 -0.1973
vn 0.9969 -0.0420 -0.0660
vn 0.9969 -0.0477 -0.0621
vn 0.9969 -0.0476 -0.0621
vn 0.9969 -0.0421 -0.0660
vn 0.9969 -0.0361 -0.0694
vn 0.9722 -0.0896 -0.2162
vn 0.9723 -0.0895 -0.2161
vn 0.9969 -0.0299 -0.0723
vn 0.9722 -0.1081 -0.2075
vn 0.9239 -0.1464 -0.3535
vn 0.9239 -0.1465 -0.3536
vn 0.9239 -0.1767 -0.3394
vn 0.9723 -0.1080 -0.2075
vn 0.8522 -0.2002 -0.4834
vn 0.8523 -0.2002 -0.4833
vn 0.8522 -0.2416 -0.4641
vn 0.9238 -0.1768 -0.3396
vn 0.7601 -0.2487 -0.6004
vn 0.7601 -0.2487 -0.6003
vn 0.7601 -0.3000 -0.5764
vn 0.8524 -0.2415 -0.4639
vn 0.6491 -0.2911 -0.7028
vn 0.6492 -0.2911 -0.7028
vn 0.6491 -0.3513 -0.6748
vn 0.7600 -0.3001 -0.5764
vn 0.5225 -0.3263 -0.7878
vn 0.5221 -0.3264 -0.7880
vn 0.5225 -0.3938 -0.7563
vn 0.6488 -0.3514 -0.6750
vn 0.3826 -0.3536 -0.8536
vn 0.3827 -0.3535 -0.8536
vn 0.3825 -0.4267 -0.8195
vn 0.5226 -0.3937 -0.7563
vn 0.2332 -0.3721 -0.8984
vn 0.3827 -0.2779 -0.8811
vn 0.2333 -0.2924 -0.9274
vn 0.2328 -0.2925 -0.9275
vn 0.2328 -0.2105 -0.9495
vn 0.2332 -0.2104 -0.9494
vn 0.3828 -0.1999 -0.9020
vn 0.3828 -0.2778 -0.8811
vn 0.3822 -0.2000 -0.9022
vn 0.5222 -0.1846 -0.8326
vn 0.5221 -0.2565 -0.8134
vn 0.5222 -0.2565 -0.8134
vn 0.5225 -0.1845 -0.8324
vn 0.6493 -0.1646 -0.7425
vn 0.6492 -0.2287 -0.7254
vn 0.6493 -0.2287 -0.7253
vn 0.6490 -0.1647 -0.7427
vn 0.7598 -0.1407 -0.6347
vn 0.7601 -0.1954 -0.6198
vn 0.7599 -0.1955 -0.6200
vn 0.7600 -0.1407 -0.6346
vn 0.8524 -0.1132 -0.5105
vn 0.8523 -0.1573 -0.4989
vn 0.8524 -0.1572 -0.4987
vn 0.9238 -0.0829 -0.3737
vn 0.9238 -0.1151 -0.3651
vn 0.9239 -0.0828 -0.3737
vn 0.9723 -0.0506 -0.2284
vn 0.9723 -0.0703 -0.2231
vn 0.9969 -0.0235 -0.0746
vn 0.9969 -0.0235 -0.0747
vn 0.9969 -0.0169 -0.0764
vn 0.9723 -0.0305 -0.2319
vn 0.9722 -0.0306 -0.2320
vn 0.9969 -0.0102 -0.0776
vn 0.9969 -0.0102 -0.0775
vn 0.9969 -0.0034 -0.0782
vn 0.9969 -0.0034 -0.0781
vn 0.9969 0.0034 -0.0781
vn 0.9723 0.0102 -0.2337
vn 0.9722 0.0102 -0.2338
vn 0.9723 -0.0102 -0.2337
vn 0.9238 0.0167 -0.3824
vn 0.9238 -0.0167 -0.3824
vn 0.9722 -0.0102 -0.2338
vn 0.8524 0.0228 -0.5224
vn 0.8523 0.0228 -0.5225
vn 0.8524 -0.0228 -0.5224
vn 0.8524 -0.0228 -0.5225
vn 0.8524 -0.0682 -0.5185
vn 0.9239 -0.0499 -0.3795
vn 0.9238 -0.0500 -0.3795
vn 0.7599 -0.0284 -0.6494
vn 0.7601 -0.0284 -0.6492
vn 0.7599 -0.0848 -0.6444
vn 0.6492 -0.0332 -0.7599
vn 0.6489 -0.0332 -0.7601
vn 0.6492 -0.0992 -0.7541
vn 0.7600 -0.0848 -0.6444
vn 0.5223 -0.0372 -0.8520
vn 0.5225 -0.0372 -0.8518
vn 0.5223 -0.1113 -0.8455
vn 0.6490 -0.0993 -0.7543
vn 0.3827 -0.0403 -0.9230
vn 0.3824 -0.0403 -0.9231
vn 0.3827 -0.1206 -0.9160
vn 0.5226 -0.1113 -0.8453
vn 0.2329 -0.0424 -0.9716
vn 0.2332 -0.0424 -0.9715
vn 0.3822 -0.1207 -0.9162
vn 0.2329 -0.1270 -0.9642
vn 0.0784 -0.0435 -0.9960
vn 0.0784 -0.1200 -0.9897
vn 0.1323 -0.1294 -0.9827
vn 0.2332 -0.1269 -0.9641
vn -0.0000 -0.1203 -0.9927
vn -0.0000 -0.1635 -0.9865
vn 0.0786 -0.1631 -0.9835
vn -0.0000 -0.2165 -0.9763
vn 0.0784 -0.2158 -0.9733
vn 0.0786 -0.2158 -0.9733
vn -0.0787 -0.1630 -0.9835
vn -0.0786 -0.2158 -0.9733
vn -0.1487 -0.1190 -0.9817
vn -0.0784 -0.0588 -0.9952
vn -0.0000 -0.0590 -0.9983
vn -0.0784 -0.1301 -0.9884
vn -0.1463 -0.0432 -0.9883
vn -0.2329 -0.1270 -0.9642
vn -0.2329 -0.0424 -0.9716
vn -0.2332 -0.0424 -0.9715
vn -0.3825 -0.0403 -0.9231
vn -0.2332 0.0424 -0.9715
vn -0.3824 0.0403 -0.9231
vn -0.3827 0.0403 -0.9230
vn -0.3827 0.1205 -0.9160
vn -0.2329 0.0424 -0.9716
vn -0.3821 0.1207 -0.9162
vn -0.2329 0.1270 -0.9642
vn -0.0951 0.1300 -0.9869
vn -0.0785 0.0892 -0.9929
vn -0.0784 0.0435 -0.9960
vn -0.2332 0.1269 -0.9641
vn -0.0000 0.0437 -0.9990
vn -0.0000 -0.0156 -0.9999
vn -0.0785 -0.0155 -0.9968
vn 0.0785 0.0435 -0.9960
vn -0.0000 -0.0155 -0.9999
vn 0.0785 -0.0155 -0.9968
vn 0.0785 0.0893 -0.9929
vn -0.0000 0.0896 -0.9960
vn 0.0784 0.0435 -0.9960
vn 0.2332 0.0424 -0.9715
vn 0.2329 0.1270 -0.9642
vn 0.0951 0.1300 -0.9870
vn 0.2329 0.0424 -0.9716
vn 0.2332 0.1270 -0.9641
vn 0.3827 0.1206 -0.9159
vn 0.3825 0.0403 -0.9231
vn 0.3827 0.0403 -0.9230
vn 0.3821 0.1206 -0.9162
vn 0.5222 0.1113 -0.8455
vn 0.5225 0.0372 -0.8518
vn 0.5222 0.0372 -0.8520
vn 0.5227 0.1113 -0.8452
vn 0.6492 0.0993 -0.7541
vn 0.6489 0.0332 -0.7601
vn 0.6492 0.0332 -0.7599
vn 0.6490 0.0993 -0.7543
vn 0.7599 0.0848 -0.6444
vn 0.7600 0.0284 -0.6493
vn 0.6490 0.1646 -0.7428
vn 0.6492 0.1646 -0.7426
vn 0.7600 0.1407 -0.6345
vn 0.7600 0.0848 -0.6444
vn 0.7598 0.1407 -0.6347
vn 0.8523 0.1132 -0.5106
vn 0.8524 0.0683 -0.5185
vn 0.8523 0.0683 -0.5185
vn 0.8524 0.1132 -0.5105
vn 0.9238 0.0829 -0.3737
vn 0.9238 0.0500 -0.3795
vn 0.9722 0.0506 -0.2284
vn 0.9722 0.0305 -0.2320
vn 0.9723 0.0506 -0.2284
vn 0.9969 0.0169 -0.0764
vn 0.9969 0.0102 -0.0775
vn 0.9969 0.0102 -0.0776
vn 0.9969 0.0235 -0.0746
vn 0.9722 0.0704 -0.2231
vn 0.9722 0.0895 -0.2162
vn 0.9969 0.0299 -0.0723
vn 0.9969 0.0300 -0.0723
vn 0.9969 0.0361 -0.0694
vn 0.9723 0.1080 -0.2075
vn 0.9723 0.1080 -0.2074
vn 0.9969 0.0420 -0.0660
vn 0.9723 0.1257 -0.1972
vn 0.9969 0.0421 -0.0660
vn 0.9723 0.1423 -0.1855
vn 0.9722 0.1424 -0.1856
vn 0.9969 0.0476 -0.0621
vn 0.9969 0.0528 -0.0577
vn 0.9969 0.0528 -0.0576
vn 0.9722 0.1725 -0.1581
vn 0.9723 0.1725 -0.1580
vn 0.9969 0.0577 -0.0529
vn 0.9722 0.1581 -0.1725
vn 0.9239 0.2821 -0.2585
vn 0.9238 0.2823 -0.2587
vn 0.9239 0.2585 -0.2821
vn 0.8523 0.3856 -0.3534
vn 0.8524 0.3856 -0.3533
vn 0.8523 0.3533 -0.3856
vn 0.9238 0.2587 -0.2823
vn 0.8524 0.3532 -0.3854
vn 0.8525 0.3183 -0.4148
vn 0.9238 0.2331 -0.3038
vn 0.9238 0.2331 -0.3037
vn 0.8524 0.3183 -0.4148
vn 0.8524 0.2810 -0.4410
vn 0.9238 0.2057 -0.3229
vn 0.8523 0.2811 -0.4412
vn 0.8523 0.2415 -0.4640
vn 0.9239 0.1767 -0.3395
vn 0.9238 0.1768 -0.3396
vn 0.8523 0.2415 -0.4639
vn 0.8523 0.2002 -0.4833
vn 0.9238 0.1465 -0.3536
vn 0.9239 0.1465 -0.3535
vn 0.8523 0.1573 -0.4988
vn 0.8523 0.2002 -0.4832
vn 0.9238 0.1151 -0.3651
vn 0.9239 0.1151 -0.3650
vn 0.7600 0.1955 -0.6198
vn 0.7600 0.2487 -0.6005
vn 0.8525 0.1572 -0.4986
vn 0.7601 0.2487 -0.6004
vn 0.6491 0.3513 -0.6748
vn 0.6488 0.3513 -0.6750
vn 0.7601 0.3000 -0.5764
vn 0.6490 0.2911 -0.7028
vn 0.5224 0.3937 -0.7563
vn 0.5226 0.3937 -0.7563
vn 0.5224 0.3263 -0.7878
vn 0.6492 0.2911 -0.7027
vn 0.5223 0.2564 -0.8133
vn 0.5223 0.3263 -0.7878
vn 0.6492 0.2287 -0.7254
vn 0.6491 0.2288 -0.7255
vn 0.3823 0.2779 -0.8813
vn 0.3822 0.3536 -0.8538
vn 0.5222 0.2564 -0.8134
vn 0.3826 0.3536 -0.8536
vn 0.2330 0.3721 -0.8985
vn 0.2330 0.4491 -0.8626
vn 0.2329 0.4491 -0.8626
vn 0.3825 0.4266 -0.8196
vn 0.3824 0.4965 -0.7793
vn 0.2336 0.5225 -0.8200
vn 0.2329 0.5225 -0.8202
vn 0.0780 0.5614 -0.8239
vn 0.1657 0.5191 -0.8385
vn 0.0782 0.5356 -0.8408
vn 0.0789 0.6069 -0.7908
vn 0.0779 0.6068 -0.7910
vn 0.2336 0.5920 -0.7714
vn 0.2331 0.6570 -0.7170
vn 0.1096 0.6715 -0.7328
vn 0.2331 0.5920 -0.7715
vn 0.0790 0.6450 -0.7601
vn 0.0780 0.6773 -0.7315
vn -0.0000 0.6794 -0.7338
vn -0.0000 0.6470 -0.7625
vn -0.0790 0.6450 -0.7601
vn -0.0000 0.6087 -0.7934
vn -0.0789 0.6068 -0.7909
vn -0.1137 0.6750 -0.7290
vn -0.0780 0.6735 -0.7351
vn -0.2331 0.5920 -0.7715
vn -0.2330 0.6570 -0.7170
vn -0.0778 0.6070 -0.7909
vn -0.1403 0.5319 -0.8351
vn -0.0780 0.5614 -0.8239
vn -0.2335 0.5919 -0.7714
vn -0.2335 0.5224 -0.8201
vn -0.3825 0.5624 -0.7331
vn -0.3825 0.4965 -0.7792
vn -0.3824 0.5625 -0.7330
vn -0.2330 0.5225 -0.8202
vn -0.3824 0.4965 -0.7793
vn -0.3824 0.4267 -0.8196
vn -0.2329 0.4491 -0.8626
vn -0.2330 0.4491 -0.8626
vn -0.0782 0.3815 -0.9211
vn -0.0784 0.3815 -0.9210
vn -0.2330 0.3721 -0.8985
vn -0.1654 0.4666 -0.8689
vn -0.0783 0.4603 -0.8843
vn -0.0783 0.4329 -0.8980
vn -0.0000 0.4343 -0.9008
vn -0.0000 0.4342 -0.9008
vn -0.0000 0.3827 -0.9239
vn 0.0783 0.4329 -0.8980
vn 0.0783 0.3815 -0.9210
vn 0.0782 0.3815 -0.9211
vn 0.0784 0.3361 -0.9386
vn 0.2331 0.2924 -0.9275
vn 0.0784 0.2998 -0.9508
vn 0.1135 0.2939 -0.9491
vn 0.2333 0.3721 -0.8984
vn 0.2333 0.2924 -0.9274
vn -0.0000 0.2958 -0.9552
vn -0.0000 0.2365 -0.9716
vn 0.0785 0.2357 -0.9686
vn -0.0000 0.1938 -0.9810
vn 0.0786 0.1932 -0.9780
vn 0.1527 0.2139 -0.9648
vn -0.0000 0.1331 -0.9911
vn 0.0786 0.1327 -0.9880
vn -0.0786 0.1327 -0.9880
vn -0.0787 0.1932 -0.9780
vn -0.0785 0.2357 -0.9686
vn -0.1527 0.2139 -0.9648
vn -0.1094 0.2989 -0.9480
vn -0.0784 0.2949 -0.9523
vn -0.2330 0.2105 -0.9494
vn -0.2330 0.2925 -0.9275
vn -0.2333 0.2924 -0.9274
vn -0.2334 0.3721 -0.8984
vn -0.3825 0.3535 -0.8536
vn -0.3823 0.2779 -0.8813
vn -0.3822 0.3536 -0.8537
vn -0.5223 0.3263 -0.7878
vn -0.5223 0.3937 -0.7564
vn -0.5224 0.3937 -0.7564
vn -0.3825 0.4266 -0.8196
vn -0.6489 0.4088 -0.6417
vn -0.6490 0.3513 -0.6748
vn -0.5224 0.4582 -0.7192
vn -0.6492 0.4087 -0.6415
vn -0.6492 0.4631 -0.6034
vn -0.7599 0.3958 -0.5157
vn -0.7600 0.3957 -0.5157
vn -0.7600 0.3492 -0.5481
vn -0.7599 0.4392 -0.4792
vn -0.7603 0.4388 -0.4790
vn -0.6495 0.5136 -0.5607
vn -0.6494 0.4629 -0.6033
vn -0.6487 0.5142 -0.5611
vn -0.5223 0.5762 -0.6287
vn -0.5222 0.5191 -0.6766
vn -0.6487 0.5611 -0.5141
vn -0.5222 0.5762 -0.6288
vn -0.5222 0.6287 -0.5762
vn -0.6494 0.5607 -0.5138
vn -0.6494 0.6033 -0.4630
vn -0.7602 0.5155 -0.3955
vn -0.7601 0.4791 -0.4390
vn -0.8524 0.4410 -0.2809
vn -0.8521 0.4414 -0.2812
vn -0.7602 0.5479 -0.3491
vn -0.8521 0.4152 -0.3186
vn -0.9238 0.3229 -0.2057
vn -0.8524 0.4148 -0.3184
vn -0.9239 0.3036 -0.2330
vn -0.9723 0.1972 -0.1256
vn -0.9723 0.2075 -0.1080
vn -0.9238 0.3396 -0.1768
vn -0.9238 0.3537 -0.1465
vn -0.9722 0.2162 -0.0896
vn -0.9723 0.2161 -0.0895
vn -0.9722 0.2232 -0.0704
vn -0.9969 0.0723 -0.0299
vn -0.9969 0.0746 -0.0235
vn -0.9969 0.0723 -0.0300
vn -0.9969 0.0694 -0.0362
vn -0.9969 0.0694 -0.0361
vn -0.0000 0.8285 -0.5600
vn -0.0000 0.9112 -0.4120
vn -0.0000 0.9678 -0.2517
vn -0.0000 -0.9113 0.4117
vn -0.0000 -0.8283 0.5602
vn -0.0000 -0.8284 0.5602
vn -0.0000 0.7221 -0.6918
vn -0.0000 0.8282 -0.5604
vn -0.0000 0.5942 -0.8043
vn -0.0000 -0.5945 0.8041
vn -0.0000 -0.7220 0.6918
vn -0.0000 -0.4502 0.8929
vn -0.0000 -0.4503 0.8929
vn -0.0000 -0.2932 0.9561
vn -0.0000 0.2937 -0.9559
vn -0.0000 0.1260 -0.9920
vn -0.0000 0.2938 -0.9559
vn -0.0000 -0.0418 -0.9991
vn -0.0000 -0.2109 -0.9775
vn -0.0000 -0.0417 -0.9991
vn -0.0000 0.0426 0.9991
vn -0.0000 0.2103 0.9776
vn -0.0000 0.0427 0.9991
vn -0.0000 -0.1265 0.9920
vn -0.0000 -0.0425 -0.9991
vn -0.0000 0.1269 -0.9919
vn -0.0000 -0.0426 -0.9991
vn -0.0000 -0.2105 -0.9776
vn -0.9969 -0.0102 -0.0776
vn -0.9969 -0.0034 -0.0782
vn -0.9969 -0.0102 -0.0775
vn -0.9722 -0.0305 -0.2320
vn -0.9722 -0.0102 -0.2338
vn -0.9969 0.0034 -0.0782
vn -0.9723 0.0102 -0.2337
vn -0.9723 -0.0102 -0.2337
vn -0.9969 0.0102 -0.0776
vn -0.9722 0.0102 -0.2337
vn -0.9722 0.0305 -0.2320
vn -0.9969 0.0169 -0.0765
vn -0.9722 0.0506 -0.2285
vn -0.9723 0.0305 -0.2319
vn -0.9969 0.0169 -0.0764
vn -0.9969 0.0235 -0.0746
vn -0.9969 0.0300 -0.0724
vn -0.9969 0.0235 -0.0747
vn -0.9722 0.0896 -0.2162
vn -0.9722 0.0704 -0.2231
vn -0.9722 0.0703 -0.2231
vn -0.9238 0.0828 -0.3737
vn -0.9723 0.0506 -0.2283
vn -0.9239 0.1151 -0.3650
vn -0.8525 0.1572 -0.4986
vn -0.8524 0.1131 -0.5105
vn -0.9238 0.1151 -0.3651
vn -0.8523 0.1132 -0.5107
vn -0.7600 0.1406 -0.6345
vn -0.7600 0.0848 -0.6443
vn -0.8523 0.0683 -0.5185
vn -0.7599 0.0848 -0.6445
vn -0.6494 0.0331 -0.7597
vn -0.6491 0.0332 -0.7600
vn -0.7599 0.0284 -0.6494
vn -0.6495 0.0992 -0.7539
vn -0.5224 0.0372 -0.8519
vn -0.5221 0.1114 -0.8456
vn -0.5221 0.0372 -0.8521
vn -0.6491 0.0993 -0.7542
vn -0.6492 0.1646 -0.7426
vn -0.6494 0.1646 -0.7424
vn -0.5226 0.1845 -0.8324
vn -0.5225 0.1112 -0.8454
vn -0.6494 0.2287 -0.7253
vn -0.5221 0.2565 -0.8134
vn -0.5220 0.1846 -0.8327
vn -0.6494 0.2910 -0.7026
vn -0.7601 0.2487 -0.6004
vn -0.7600 0.2487 -0.6005
vn -0.7600 0.1954 -0.6198
vn -0.7600 0.3000 -0.5765
vn -0.7602 0.2999 -0.5763
vn -0.6492 0.3512 -0.6747
vn -0.6492 0.2911 -0.7027
vn -0.8522 0.2811 -0.4413
vn -0.8523 0.2416 -0.4640
vn -0.7603 0.3490 -0.5479
vn -0.8524 0.2810 -0.4410
vn -0.9238 0.2057 -0.3228
vn -0.8524 0.3184 -0.4149
vn -0.9238 0.2330 -0.3037
vn -0.9722 0.1425 -0.1857
vn -0.9722 0.1581 -0.1725
vn -0.9238 0.2587 -0.2823
vn -0.9722 0.1725 -0.1581
vn -0.9239 0.2585 -0.2821
vn -0.9239 0.2821 -0.2585
vn -0.9723 0.1725 -0.1580
vn -0.9969 0.0577 -0.0529
vn -0.9969 0.0621 -0.0476
vn -0.9723 0.1856 -0.1424
vn -0.9969 0.0660 -0.0421
vn -0.9969 0.0660 -0.0420
vn -0.9723 0.1855 -0.1423
vn -0.9969 0.0529 -0.0577
vn -0.9969 0.0477 -0.0622
vn -0.9969 0.0476 -0.0621
vn -0.9969 0.0421 -0.0661
vn -0.9723 0.1257 -0.1972
vn -0.9723 0.1423 -0.1855
vn -0.9723 0.1256 -0.1972
vn -0.9723 0.1080 -0.2074
vn -0.9239 0.1767 -0.3395
vn -0.9238 0.1767 -0.3395
vn -0.9239 0.1464 -0.3535
vn -0.8523 0.2415 -0.4640
vn -0.8523 0.2002 -0.4832
vn -0.8523 0.2001 -0.4832
vn -0.9723 0.0895 -0.2161
vn -0.9723 0.1080 -0.2075
vn -0.9239 0.1465 -0.3536
vn -0.9969 0.0421 -0.0660
vn -0.9969 0.0362 -0.0695
vn -0.0000 0.5948 -0.8039
vn -0.0000 0.4502 -0.8929
vn -0.0000 0.7218 -0.6921
vn -0.9238 0.2823 -0.2587
vn -0.9238 0.3038 -0.2331
vn -0.8524 0.3532 -0.3855
vn -0.8523 0.3534 -0.3856
vn -0.8523 0.3857 -0.3534
vn -0.8524 0.3183 -0.4148
vn -0.8523 0.1573 -0.4988
vn -0.7598 0.1955 -0.6201
vn -0.5222 0.3264 -0.7879
vn -0.3825 0.2778 -0.8812
vn -0.3826 0.1999 -0.9020
vn -0.3820 0.2000 -0.9022
vn -0.7598 0.1407 -0.6347
vn -0.6491 -0.0332 -0.7600
vn -0.7600 0.0284 -0.6493
vn -0.7601 -0.0284 -0.6492
vn -0.6494 -0.0332 -0.7597
vn -0.7599 -0.0284 -0.6494
vn -0.7599 -0.0848 -0.6444
vn -0.6492 -0.0993 -0.7541
vn -0.6494 -0.0993 -0.7539
vn -0.7600 -0.1407 -0.6346
vn -0.7600 -0.0848 -0.6444
vn -0.6492 -0.1646 -0.7426
vn -0.6495 -0.1646 -0.7423
vn -0.7598 -0.1407 -0.6348
vn -0.7598 -0.1955 -0.6200
vn -0.6494 -0.2287 -0.7253
vn -0.6495 -0.2287 -0.7251
vn -0.6494 -0.2910 -0.7026
vn -0.5223 -0.3263 -0.7878
vn -0.5219 -0.3264 -0.7881
vn -0.5219 -0.2565 -0.8135
vn -0.7601 -0.1954 -0.6197
vn -0.7601 -0.2487 -0.6003
vn -0.6492 -0.2911 -0.7027
vn -0.8524 -0.1573 -0.4987
vn -0.8524 -0.1132 -0.5106
vn -0.8524 -0.1132 -0.5105
vn -0.9239 -0.0828 -0.3736
vn -0.9239 -0.0500 -0.3793
vn -0.9238 -0.0499 -0.3795
vn -0.8524 -0.0683 -0.5185
vn -0.9239 -0.0167 -0.3824
vn -0.8523 -0.0683 -0.5186
vn -0.8523 -0.0228 -0.5225
vn -0.8524 -0.0228 -0.5224
vn -0.8524 0.0228 -0.5224
vn -0.9238 0.0167 -0.3824
vn -0.9239 0.0167 -0.3824
vn -0.8523 0.0228 -0.5225
vn -0.9239 0.0500 -0.3794
vn -0.9239 0.0499 -0.3795
vn -0.8522 -0.1573 -0.4990
vn -0.9238 -0.0828 -0.3737
vn -0.9238 -0.1151 -0.3651
vn -0.9723 -0.0506 -0.2284
vn -0.9723 -0.0703 -0.2231
vn -0.9239 -0.1151 -0.3650
vn -0.9969 -0.0169 -0.0764
vn -0.9969 -0.0169 -0.0765
vn -0.9969 -0.0235 -0.0747
vn -0.9722 -0.0703 -0.2231
vn -0.9969 -0.0235 -0.0746
vn -0.9969 -0.0300 -0.0724
vn -0.0000 -0.5243 -0.8515
vn -0.0000 -0.3729 -0.9279
vn -0.0000 0.3728 0.9279
vn -0.0000 0.5242 0.8516
vn -0.0000 0.5241 0.8517
vn -0.0000 0.3727 0.9279
vn -0.0000 -0.5237 -0.8519
vn -0.0000 -0.6610 -0.7504
vn -0.0000 -0.7776 -0.6287
vn -0.0000 0.6608 0.7505
vn -0.0000 0.7783 0.6279
vn -0.0000 0.6608 0.7506
vn -0.0000 0.8729 0.4880
vn -0.0000 0.7782 0.6280
vn -0.0000 0.8729 0.4879
vn -0.0000 0.9429 0.3332
vn -0.0000 0.9858 0.1680
vn -1.0000 -0.0000 -0.0003
vn -0.0000 -0.9991 0.0432
vn -0.0000 -0.9991 -0.0431
vn -0.0000 0.9964 -0.0849
vn -0.0000 0.9964 0.0849
vn -0.0000 0.9677 0.2520
vn -0.0000 0.9109 0.4127
vn -0.0000 -0.8527 -0.5225
vn -0.0000 -0.9239 -0.3827
vn -0.0000 -0.9724 -0.2334
vn 1.0000 -0.0000 0.0001
vn -0.0000 0.8290 0.5593
vn -0.0000 0.7220 0.6919
vn -0.0000 -0.6494 -0.7605
vn -0.0000 -0.7605 -0.6494
vn -0.0000 0.5950 0.8038
vn -0.0000 -0.3827 -0.9239
vn -0.0000 -0.5225 -0.8526
vn -0.0000 0.2934 0.9560
vn -0.0000 0.2932 0.9560
vn -0.0000 0.1260 0.9920
vn -0.0000 -0.0785 -0.9969
vn -0.0000 -0.2334 -0.9724
vn -0.0000 0.0785 -0.9969
vn -0.0000 -0.0418 0.9991
vn -0.0000 -0.2106 0.9776
vn -0.0000 -0.2107 0.9776
vn -0.0000 -0.3731 0.9278
vn -0.0000 -0.5244 0.8515
vn -0.0000 -0.3732 0.9277
vn -0.0000 -0.5245 0.8514
vn -0.0000 -0.6603 0.7510
vn -0.0000 -0.7783 0.6279
vn -0.0000 0.7605 -0.6493
vn -0.0000 0.6494 -0.7605
vn 1.0000 -0.0000 -0.0001
vn -0.0000 -0.8729 0.4878
vn -0.0000 -0.8729 0.4879
vn -0.0000 -0.9427 0.3337
vn -0.0000 0.9239 -0.3827
vn -0.0000 0.8526 -0.5226
vn -0.0000 0.9724 -0.2334
vn -0.0000 -0.9855 0.1698
vn -0.0000 -0.9992 0.0404
vn 0.0001 -1.0000 -0.0000
vn -1.0000 -0.0000 0.0002
vn -0.0000 -0.9992 -0.0405
vn -0.0000 -0.9855 -0.1697
vn -0.0000 -0.9426 -0.3339
vn -0.0000 0.9239 0.3827
vn -0.0000 0.9724 0.2334
vn -0.0000 0.8526 0.5226
vn -0.0000 -0.7783 -0.6279
vn -0.0000 -0.8729 -0.4879
vn -0.0000 -0.6603 -0.7510
vn -0.0000 0.6494 0.7605
vn -0.0000 0.7605 0.6493
vn -0.0000 0.5225 0.8527
vn -0.0000 -0.5249 -0.8512
vn -0.0000 -0.3726 -0.9280
vn -0.0000 -0.3724 -0.9281
vn -0.0000 -0.2106 -0.9776
vn -0.0000 -0.0432 -0.9991
vn -0.0000 -0.2107 -0.9776
vn -0.0000 0.1274 -0.9918
vn -0.0000 0.1273 -0.9919
vn -0.0000 -0.0785 0.9969
vn -0.0000 0.0785 0.9969
vn -0.0000 -0.2334 0.9724
vn -0.0000 -0.3827 0.9239
vn -0.0000 -0.2335 0.9724
vn -0.0000 0.2927 -0.9562
vn -0.0000 0.4501 -0.8930
vn -0.0000 0.5953 -0.8035
vn -0.0000 -0.7604 0.6494
vn -0.0000 -0.6494 0.7605
vn -0.0000 -0.5225 0.8526
vn -0.0000 0.5954 -0.8034
vn -0.0000 0.7217 -0.6922
vn -0.0000 0.8291 -0.5590
vn -0.0000 -0.9239 0.3827
vn -0.0000 -0.8527 0.5225
vn -0.0000 0.9107 -0.4130
vn -0.0000 0.8292 -0.5590
vn -0.0000 0.9678 -0.2518
vn -0.0000 -0.9969 0.0786
vn -0.0000 -0.9724 0.2334
vn -0.0000 -0.9969 -0.0786
vn -0.0000 0.2335 0.9724
vn -0.0000 0.3827 0.9239
vn -0.0000 -0.5250 -0.8511
vn -0.0000 -0.8729 -0.4878
vn -0.0000 0.9969 0.0784
vn -0.0000 0.9969 -0.0784
vn -0.0000 0.9964 0.0850
vn -0.0000 0.9964 -0.0850
vn -0.0000 0.9677 -0.2520
vn -0.0000 0.9114 -0.4114
vn -0.0000 -0.9963 0.0854
vn -0.0000 -0.9679 0.2515
vn -0.0000 0.9964 -0.0848
vn -0.0000 0.9964 0.0848
vn -0.0000 0.9678 0.2518
vn -0.0000 -0.9679 -0.2515
vn -0.0000 -0.9963 -0.0854
vn -0.0000 -0.9113 -0.4117
vn -0.0000 -0.8284 -0.5602
vn -0.0000 0.9113 0.4117
vn -0.0000 0.9113 0.4116
vn -0.0000 0.8284 0.5601
vn -0.0000 0.7218 0.6921
vn -0.0000 0.7217 0.6922
vn -0.0000 -0.5945 -0.8041
vn -0.0000 -0.7220 -0.6918
vn -0.0000 0.9112 0.4120
vn -0.0000 0.8285 0.5601
vn -0.9969 0.0660 0.0421
vn -0.9969 0.0694 0.0362
vn -0.9969 0.0694 0.0361
vn -0.9722 0.2162 0.0896
vn -0.9969 0.0723 0.0300
vn -0.9723 0.2161 0.0895
vn -0.9723 0.2075 0.1080
vn -0.9239 0.3536 0.1464
vn -0.9238 0.3537 0.1465
vn -0.9723 0.2074 0.1080
vn -0.9722 0.2232 0.0704
vn -0.9239 0.3650 0.1151
vn -0.9240 0.3648 0.1150
vn -0.8522 0.4990 0.1574
vn -0.8522 0.5109 0.1133
vn -0.9240 0.3734 0.0827
vn -0.8524 0.5105 0.1131
vn -0.8524 0.5184 0.0682
vn -0.7601 0.6442 0.0848
vn -0.7598 0.6446 0.0849
vn -0.7599 0.6347 0.1407
vn -0.7601 0.6492 0.0284
vn -0.6495 0.7539 0.0993
vn -0.6495 0.7596 0.0332
vn -0.6493 0.7598 0.0332
vn -0.6493 0.7598 -0.0332
vn -0.6495 0.7597 -0.0332
vn -0.7602 0.6491 0.0284
vn -0.7602 0.6491 -0.0284
vn -0.8524 0.5224 0.0228
vn -0.8523 0.5226 0.0228
vn -0.8523 0.5226 -0.0228
vn -0.7601 0.6492 -0.0284
vn -0.8524 0.5185 -0.0682
vn -0.7598 0.6446 -0.0848
vn -0.7601 0.6443 -0.0848
vn -0.8524 0.5224 -0.0228
vn -0.9237 0.3827 -0.0167
vn -0.9237 0.3798 -0.0500
vn -0.9238 0.3826 -0.0167
vn -0.8525 0.5183 -0.0682
vn -0.9238 0.3797 -0.0500
vn -0.9238 0.3739 -0.0828
vn -0.8522 0.5108 -0.1132
vn -0.8524 0.5104 -0.1132
vn -0.8522 0.4990 -0.1574
vn -0.7599 0.6346 -0.1407
vn -0.7600 0.6199 -0.1955
vn -0.7599 0.6199 -0.1955
vn -0.6490 0.7029 -0.2910
vn -0.6499 0.7021 -0.2909
vn -0.6499 0.7248 -0.2286
vn -0.7598 0.6007 -0.2487
vn -0.7601 0.6004 -0.2486
vn -0.7600 0.5764 -0.3001
vn -0.6493 0.6746 -0.3512
vn -0.6490 0.6748 -0.3513
vn -0.6494 0.6414 -0.4086
vn -0.5223 0.7564 -0.3938
vn -0.5224 0.7191 -0.4582
vn -0.3816 0.7334 -0.5627
vn -0.3821 0.7332 -0.5626
vn -0.3820 0.7794 -0.4966
vn -0.5224 0.6765 -0.5191
vn -0.3816 0.6816 -0.6244
vn -0.5223 0.6287 -0.5762
vn -0.3831 0.6810 -0.6241
vn -0.5223 0.6766 -0.5190
vn -0.2340 0.8199 -0.5225
vn -0.2338 0.7714 -0.5919
vn -0.2339 0.7713 -0.5919
vn -0.3822 0.7793 -0.4966
vn -0.3823 0.8196 -0.4267
vn -0.3824 0.8196 -0.4267
vn -0.2329 0.8626 -0.4491
vn -0.2328 0.8203 -0.5225
vn -0.0781 0.8842 -0.4605
vn -0.2334 0.8625 -0.4491
vn -0.0787 0.8408 -0.5356
vn -0.0788 0.8408 -0.5355
vn -0.1833 0.8789 -0.4404
vn -0.0787 0.8708 -0.4852
vn -0.0000 0.8736 -0.4867
vn -0.0000 0.8434 -0.5372
vn 0.0787 0.8708 -0.4852
vn 0.0788 0.8408 -0.5356
vn 0.0787 0.8408 -0.5356
vn 0.2338 0.8201 -0.5223
vn 0.2328 0.8626 -0.4492
vn 0.1468 0.8773 -0.4569
vn 0.2329 0.8202 -0.5226
vn 0.3819 0.7794 -0.4966
vn 0.3816 0.7333 -0.5627
vn 0.2338 0.7714 -0.5919
vn 0.3821 0.7332 -0.5625
vn 0.5224 0.6765 -0.5190
vn 0.3816 0.6814 -0.6245
vn 0.5224 0.6286 -0.5761
vn 0.6485 0.5612 -0.5143
vn 0.5224 0.5761 -0.6287
vn 0.6492 0.5139 -0.5608
vn 0.6486 0.5142 -0.5612
vn 0.7599 0.4391 -0.4793
vn 0.6492 0.4630 -0.6034
vn 0.7600 0.3957 -0.5156
vn 0.7598 0.3958 -0.5158
vn 0.6490 0.4631 -0.6036
vn 0.6490 0.4088 -0.6416
vn 0.7603 0.3491 -0.5479
vn 0.7600 0.3492 -0.5482
vn 0.5224 0.5191 -0.6765
vn 0.5224 0.4582 -0.7192
vn 0.6488 0.4089 -0.6418
vn 0.3825 0.5624 -0.7330
vn 0.3824 0.5625 -0.7330
vn 0.3825 0.4965 -0.7792
vn 0.5225 0.4581 -0.7191
vn 0.3824 0.6242 -0.6813
vn 0.3830 0.6241 -0.6811
vn 0.5224 0.5761 -0.6286
vn 0.2331 0.7170 -0.6570
vn 0.2338 0.7169 -0.6568
vn 0.2330 0.6569 -0.7170
vn 0.3831 0.6811 -0.6239
vn 0.1527 0.7286 -0.6677
vn 0.2339 0.7714 -0.5919
vn 0.0949 0.7898 -0.6060
vn 0.0780 0.7894 -0.6090
vn 0.0781 0.7505 -0.6563
vn -0.0000 0.7528 -0.6583
vn -0.0000 0.7231 -0.6907
vn 0.0781 0.7209 -0.6886
vn -0.0781 0.7505 -0.6563
vn -0.0781 0.7209 -0.6886
vn -0.1527 0.7286 -0.6677
vn -0.0780 0.7894 -0.6089
vn -0.0000 0.7918 -0.6108
vn -0.0787 0.8145 -0.5748
vn -0.0000 0.8171 -0.5765
vn -0.0949 0.7898 -0.6060
vn 0.0787 0.8145 -0.5747
vn 0.6492 0.5608 -0.5139
vn 0.7603 0.4789 -0.4388
vn 0.7603 0.4388 -0.4789
vn 0.6492 0.6035 -0.4630
vn 0.6487 0.6037 -0.4633
vn 0.7601 0.5155 -0.3956
vn 0.7602 0.4790 -0.4390
vn 0.6487 0.6419 -0.4090
vn 0.6491 0.6416 -0.4087
vn 0.7602 0.5479 -0.3490
vn 0.7602 0.5154 -0.3955
vn 0.7599 0.5482 -0.3493
vn 0.8522 0.4413 -0.2812
vn 0.8524 0.4149 -0.3184
vn 0.8521 0.4151 -0.3186
vn 0.8524 0.4410 -0.2809
vn 0.9238 0.3229 -0.2056
vn 0.9238 0.3037 -0.2331
vn 0.9238 0.3036 -0.2330
vn 0.9238 0.3229 -0.2057
vn 0.9723 0.1972 -0.1256
vn 0.9723 0.1856 -0.1424
vn 0.9723 0.1855 -0.1423
vn 0.9969 0.0660 -0.0420
vn 0.9969 0.0621 -0.0476
vn 0.9969 0.0660 -0.0421
vn 0.9969 0.0694 -0.0362
vn 0.9969 0.0694 -0.0361
vn 0.9969 0.0723 -0.0299
vn 0.9969 0.0746 -0.0235
vn 0.9722 0.2232 -0.0704
vn 0.9722 0.2162 -0.0896
vn 0.9239 0.3650 -0.1151
vn 0.9239 0.3648 -0.1150
vn 0.9239 0.3536 -0.1464
vn 0.9723 0.2161 -0.0895
vn 0.9238 0.3537 -0.1465
vn 0.9238 0.3396 -0.1768
vn 0.9723 0.2074 -0.1080
vn 0.9723 0.2075 -0.1080
vn 0.8524 0.4831 -0.2001
vn 0.8523 0.4832 -0.2001
vn 0.8524 0.4638 -0.2414
vn 0.7600 0.6004 -0.2486
vn 0.7599 0.6006 -0.2487
vn 0.7600 0.5764 -0.3001
vn 0.6488 0.7030 -0.2913
vn 0.6498 0.7023 -0.2908
vn 0.6488 0.6750 -0.3514
vn 0.7599 0.5765 -0.3002
vn 0.5225 0.7878 -0.3262
vn 0.5217 0.7882 -0.3266
vn 0.5225 0.7563 -0.3937
vn 0.6492 0.6747 -0.3512
vn 0.3825 0.8537 -0.3535
vn 0.3822 0.8538 -0.3536
vn 0.3825 0.8196 -0.4266
vn 0.5224 0.7564 -0.3937
vn 0.3822 0.7793 -0.4965
vn 0.3822 0.8197 -0.4267
vn 0.5227 0.7190 -0.4581
vn 0.5224 0.7191 -0.4582
vn 0.2335 0.8625 -0.4490
vn 0.2333 0.8984 -0.3721
vn 0.2340 0.8983 -0.3719
vn 0.0779 0.9333 -0.3505
vn 0.1480 0.9098 -0.3878
vn 0.0779 0.9211 -0.3815
vn 0.0788 0.9508 -0.2997
vn 0.0779 0.9508 -0.2999
vn 0.2340 0.9273 -0.2923
vn -0.0000 0.9537 -0.3008
vn -0.0000 0.9362 -0.3515
vn -0.0000 0.9199 -0.3921
vn -0.0780 0.9171 -0.3909
vn -0.1317 0.9158 -0.3793
vn -0.0779 0.9333 -0.3505
vn -0.2340 0.8983 -0.3720
vn -0.2341 0.9272 -0.2924
vn -0.2333 0.9274 -0.2923
vn -0.0777 0.9509 -0.2997
vn -0.3817 0.8815 -0.2780
vn -0.3817 0.9024 -0.2001
vn -0.3820 0.9022 -0.2001
vn -0.2333 0.9493 -0.2106
vn -0.5231 0.8450 -0.1113
vn -0.5231 0.8321 -0.1845
vn -0.3821 0.9162 -0.1205
vn -0.5220 0.8457 -0.1112
vn -0.5223 0.8326 -0.1845
vn -0.6492 0.7426 -0.1645
vn -0.6495 0.7539 -0.0993
vn -0.6492 0.7541 -0.0993
vn -0.5224 0.8132 -0.2565
vn -0.5215 0.8138 -0.2565
vn -0.6495 0.7252 -0.2286
vn -0.6494 0.7424 -0.1646
vn -0.3821 0.8813 -0.2780
vn -0.3822 0.8538 -0.3535
vn -0.5215 0.7883 -0.3264
vn -0.3824 0.8537 -0.3535
vn -0.2333 0.8984 -0.3720
vn -0.0789 0.9507 -0.2999
vn -0.0791 0.9649 -0.2503
vn -0.0000 0.9680 -0.2511
vn 0.0780 0.9750 -0.2082
vn -0.0000 0.9779 -0.2089
vn 0.0791 0.9649 -0.2503
vn 0.1220 0.9690 -0.2149
vn 0.2328 0.9642 -0.1270
vn 0.0781 0.9884 -0.1301
vn 0.2327 0.9495 -0.2106
vn 0.2333 0.9493 -0.2105
vn 0.3816 0.9024 -0.2002
vn 0.3822 0.8813 -0.2779
vn 0.2333 0.9274 -0.2924
vn 0.3817 0.8815 -0.2780
vn 0.3822 0.9022 -0.2001
vn 0.5224 0.8324 -0.1846
vn 0.5216 0.8137 -0.2566
vn 0.5225 0.8132 -0.2564
vn 0.5232 0.8320 -0.1844
vn 0.6493 0.7425 -0.1645
vn 0.6497 0.7250 -0.2286
vn 0.6493 0.7253 -0.2287
vn 0.6490 0.7428 -0.1646
vn 0.7600 0.6345 -0.1407
vn 0.7599 0.6200 -0.1955
vn 0.7600 0.6199 -0.1955
vn 0.7599 0.6347 -0.1407
vn 0.8522 0.5108 -0.1133
vn 0.8523 0.4988 -0.1573
vn 0.8522 0.4990 -0.1574
vn 0.7598 0.6446 -0.0849
vn 0.7601 0.6442 -0.0848
vn 0.8525 0.5183 -0.0682
vn 0.8525 0.5104 -0.1131
vn 0.8523 0.5185 -0.0683
vn 0.9238 0.3797 -0.0500
vn 0.9239 0.3735 -0.0827
vn 0.9238 0.3738 -0.0829
vn 0.9237 0.3797 -0.0500
vn 0.9723 0.2319 -0.0305
vn 0.9722 0.2285 -0.0507
vn 0.9722 0.2284 -0.0506
vn 0.9969 0.0764 -0.0169
vn 0.9722 0.2320 -0.0306
vn 0.9969 0.0776 -0.0102
vn 0.9969 0.0775 -0.0102
vn 0.9969 0.0781 -0.0034
vn 0.9723 0.2337 0.0102
vn 0.9722 0.2338 0.0102
vn 0.9969 0.0781 0.0034
vn 0.9723 0.2337 -0.0102
vn 0.9238 0.3826 0.0167
vn 0.9237 0.3827 0.0167
vn 0.9238 0.3825 -0.0167
vn 0.9722 0.2337 -0.0102
vn 0.8523 0.5226 0.0228
vn 0.8524 0.5224 0.0228
vn 0.8523 0.5226 -0.0228
vn 0.9237 0.3827 -0.0167
vn 0.7602 0.6491 0.0284
vn 0.7601 0.6492 0.0284
vn 0.7602 0.6491 -0.0283
vn 0.8524 0.5224 -0.0228
vn 0.6491 0.7600 0.0332
vn 0.6493 0.7598 0.0332
vn 0.6492 0.7599 -0.0332
vn 0.7601 0.6492 -0.0284
vn 0.5225 0.8518 0.0373
vn 0.5222 0.8520 0.0372
vn 0.5224 0.8519 -0.0372
vn 0.6493 0.7598 -0.0332
vn 0.5223 0.8520 -0.0373
vn 0.5223 0.8454 -0.1114
vn 0.6490 0.7543 -0.0994
vn 0.6493 0.7540 -0.0993
vn 0.3824 0.9231 -0.0403
vn 0.3817 0.9234 -0.0404
vn 0.3824 0.9161 -0.1205
vn 0.5231 0.8450 -0.1112
vn 0.2333 0.9641 -0.1269
vn 0.2333 0.9715 -0.0425
vn 0.2339 0.9713 -0.0424
vn 0.3820 0.9162 -0.1206
vn 0.0777 0.9960 -0.0436
vn 0.0780 0.9960 0.0436
vn 0.0777 0.9960 0.0435
vn 0.2339 0.9713 0.0425
vn 0.0780 0.9914 0.1046
vn 0.2333 0.9641 0.1269
vn 0.1506 0.9801 0.1291
vn 0.2333 0.9715 0.0424
vn 0.3824 0.9161 0.1206
vn 0.2327 0.9642 0.1269
vn 0.3818 0.9234 0.0403
vn 0.3824 0.9231 0.0404
vn 0.3821 0.9162 0.1205
vn 0.3821 0.9022 0.2001
vn 0.2328 0.9495 0.2105
vn 0.2333 0.9493 0.2106
vn 0.2333 0.9274 0.2923
vn 0.2339 0.9273 0.2924
vn 0.3817 0.8815 0.2779
vn 0.3816 0.9024 0.2001
vn 0.3822 0.8813 0.2780
vn 0.5225 0.8132 0.2565
vn 0.5232 0.8320 0.1845
vn 0.5224 0.8325 0.1845
vn 0.5232 0.8449 0.1113
vn 0.6492 0.7541 0.0993
vn 0.6490 0.7543 0.0993
vn 0.6490 0.7427 0.1646
vn 0.7601 0.6443 0.0848
vn 0.7599 0.6445 0.0848
vn 0.7599 0.6346 0.1407
vn 0.6492 0.7426 0.1646
vn 0.6494 0.7253 0.2287
vn 0.6497 0.7250 0.2286
vn 0.7600 0.6199 0.1955
vn 0.7599 0.6199 0.1955
vn 0.8522 0.4991 0.1574
vn 0.8524 0.5104 0.1132
vn 0.8522 0.5109 0.1132
vn 0.8524 0.5184 0.0682
vn 0.9237 0.3798 0.0500
vn 0.9238 0.3796 0.0500
vn 0.9238 0.3738 0.0828
vn 0.9722 0.2320 0.0305
vn 0.9723 0.2319 0.0306
vn 0.9723 0.2284 0.0506
vn 0.9240 0.3734 0.0828
vn 0.9240 0.3648 0.1151
vn 0.9239 0.3650 0.1151
vn 0.9722 0.2232 0.0704
vn 0.9722 0.2285 0.0507
vn 0.9969 0.0764 0.0169
vn 0.9969 0.0746 0.0235
vn 0.9722 0.2162 0.0896
vn 0.9723 0.2161 0.0895
vn 0.9969 0.0723 0.0299
vn 0.9969 0.0694 0.0361
vn 0.9969 0.0660 0.0421
vn 0.9723 0.1972 0.1256
vn 0.9723 0.2075 0.1080
vn 0.9238 0.3229 0.2057
vn 0.9238 0.3396 0.1768
vn 0.9723 0.2074 0.1080
vn 0.8524 0.4409 0.2809
vn 0.8522 0.4413 0.2811
vn 0.8525 0.4637 0.2414
vn 0.8524 0.4638 0.2415
vn 0.8524 0.4832 0.2001
vn 0.9239 0.3536 0.1464
vn 0.9238 0.3537 0.1465
vn 0.7601 0.5763 0.3001
vn 0.7598 0.5767 0.3002
vn 0.7601 0.6003 0.2486
vn 0.8523 0.4832 0.2001
vn 0.6489 0.6749 0.3514
vn 0.6491 0.6747 0.3513
vn 0.6488 0.7030 0.2911
vn 0.7598 0.6007 0.2487
vn 0.5223 0.7564 0.3938
vn 0.5225 0.7563 0.3937
vn 0.5224 0.7878 0.3264
vn 0.6497 0.7023 0.2909
vn 0.3825 0.8196 0.4266
vn 0.3825 0.8536 0.3535
vn 0.5218 0.7882 0.3264
vn 0.2334 0.8625 0.4491
vn 0.2326 0.8627 0.4491
vn 0.3823 0.8537 0.3535
vn 0.2333 0.8984 0.3720
vn 0.0781 0.8843 0.4604
vn 0.0780 0.9171 0.3909
vn 0.1318 0.9158 0.3793
vn 0.2338 0.8983 0.3721
vn -0.0000 0.9199 0.3921
vn -0.0000 0.9362 0.3514
vn -0.0000 0.9362 0.3515
vn 0.0777 0.9334 0.3504
vn -0.0000 0.9537 0.3008
vn 0.0789 0.9507 0.2999
vn 0.0777 0.9509 0.2997
vn -0.0000 0.9680 0.2511
vn 0.0791 0.9649 0.2503
vn -0.0000 0.9779 0.2089
vn 0.1313 0.9695 0.2071
vn -0.0000 0.9889 0.1484
vn 0.0782 0.9859 0.1479
vn 0.0781 0.9733 0.2158
vn -0.0791 0.9649 0.2504
vn -0.0782 0.9749 0.2083
vn -0.1220 0.9690 0.2149
vn -0.0788 0.9508 0.2997
vn -0.2338 0.9273 0.2923
vn -0.2333 0.9274 0.2924
vn -0.2333 0.9493 0.2105
vn -0.3823 0.8813 0.2778
vn -0.3824 0.8537 0.3536
vn -0.3825 0.8537 0.3535
vn -0.2339 0.8983 0.3720
vn -0.3825 0.8195 0.4267
vn -0.2334 0.8625 0.4490
vn -0.2333 0.8984 0.3721
vn -0.3824 0.8196 0.4266
vn -0.5223 0.7564 0.3938
vn -0.3824 0.7793 0.4965
vn -0.5223 0.7192 0.4582
vn -0.5225 0.7191 0.4581
vn -0.5224 0.6765 0.5190
vn -0.3820 0.7332 0.5625
vn -0.3819 0.7794 0.4967
vn -0.5222 0.6766 0.5191
vn -0.6494 0.5607 0.5137
vn -0.6494 0.6034 0.4628
vn -0.6489 0.5610 0.5141
vn -0.5222 0.6287 0.5762
vn -0.6489 0.5140 0.5610
vn -0.5222 0.5762 0.6288
vn -0.6494 0.5138 0.5607
vn -0.6494 0.4630 0.6032
vn -0.7599 0.3958 0.5157
vn -0.7599 0.4391 0.4793
vn -0.7599 0.3957 0.5157
vn -0.8524 0.3184 0.4148
vn -0.8524 0.2810 0.4410
vn -0.8522 0.2810 0.4412
vn -0.7599 0.3492 0.5483
vn -0.7603 0.3491 0.5478
vn -0.7602 0.3000 0.5763
vn -0.8523 0.2415 0.4639
vn -0.8523 0.2416 0.4640
vn -0.8523 0.2002 0.4833
vn -0.9238 0.1465 0.3537
vn -0.9238 0.1465 0.3536
vn -0.9238 0.1767 0.3396
vn -0.9238 0.1151 0.3651
vn -0.8524 0.1572 0.4986
vn -0.8524 0.2001 0.4830
vn -0.7600 0.1954 0.6199
vn -0.7600 0.2487 0.6005
vn -0.7602 0.2487 0.6002
vn -0.6490 0.2911 0.7029
vn -0.6490 0.3513 0.6748
vn -0.6490 0.4088 0.6416
vn -0.5222 0.4582 0.7193
vn -0.5226 0.4582 0.7190
vn -0.5226 0.3937 0.7562
vn -0.3831 0.4964 0.7790
vn -0.3821 0.4965 0.7794
vn -0.3821 0.4267 0.8197
vn -0.5223 0.3937 0.7564
vn -0.3825 0.3536 0.8536
vn -0.3824 0.4266 0.8196
vn -0.5223 0.3263 0.7878
vn -0.5224 0.3264 0.7878
vn -0.5224 0.2564 0.8133
vn -0.5223 0.2564 0.8133
vn -0.3820 0.2779 0.8814
vn -0.3819 0.3536 0.8539
vn -0.2333 0.2925 0.9274
vn -0.3823 0.2779 0.8813
vn -0.2333 0.3721 0.8984
vn -0.2330 0.3721 0.8985
vn -0.1401 0.4572 0.8783
vn -0.0783 0.4329 0.8980
vn -0.2330 0.4490 0.8626
vn -0.0782 0.3815 0.9211
vn -0.0783 0.3815 0.9210
vn -0.0000 0.4343 0.9008
vn 0.0782 0.3815 0.9210
vn -0.0000 0.4342 0.9008
vn 0.0783 0.4329 0.8980
vn 0.1654 0.4666 0.8689
vn 0.0780 0.4603 0.8843
vn 0.0783 0.3815 0.9210
vn 0.2333 0.4490 0.8626
vn 0.2330 0.3721 0.8985
vn 0.2330 0.4491 0.8626
vn 0.3821 0.4267 0.8197
vn 0.2333 0.5224 0.8202
vn 0.3830 0.4963 0.7791
vn 0.3821 0.4966 0.7794
vn 0.5224 0.4582 0.7191
vn 0.3830 0.5623 0.7329
vn 0.5226 0.5190 0.6764
vn 0.5224 0.5191 0.6765
vn 0.5227 0.5760 0.6286
vn 0.6487 0.5142 0.5611
vn 0.6492 0.5138 0.5608
vn 0.6492 0.4630 0.6035
vn 0.7603 0.4388 0.4790
vn 0.6486 0.5612 0.5142
vn 0.7601 0.4791 0.4390
vn 0.7604 0.4789 0.4388
vn 0.8523 0.3856 0.3534
vn 0.7602 0.5155 0.3956
vn 0.8521 0.4152 0.3186
vn 0.8523 0.4149 0.3184
vn 0.9238 0.2822 0.2586
vn 0.9239 0.3036 0.2330
vn 0.9238 0.3037 0.2331
vn 0.9723 0.1725 0.1580
vn 0.9723 0.1855 0.1423
vn 0.9723 0.1856 0.1424
vn 0.9723 0.1724 0.1580
vn 0.9969 0.0577 0.0529
vn 0.9969 0.0621 0.0476
vn 0.9969 0.0528 0.0576
vn 0.9969 0.0529 0.0577
vn 0.9722 0.1581 0.1725
vn 0.9722 0.1425 0.1856
vn 0.9969 0.0476 0.0620
vn 0.9723 0.1424 0.1856
vn 0.9969 0.0476 0.0621
vn 0.9969 0.0420 0.0660
vn 0.9723 0.1257 0.1973
vn 0.9969 0.0361 0.0694
vn 0.9723 0.1080 0.2075
vn 0.9723 0.1080 0.2074
vn 0.9723 0.0895 0.2160
vn 0.9723 0.0895 0.2161
vn 0.9969 0.0300 0.0723
vn 0.9969 0.0299 0.0723
vn 0.9969 0.0235 0.0746
vn 0.9722 0.0506 0.2284
vn 0.9723 0.0506 0.2284
vn 0.9969 0.0169 0.0764
vn 0.9722 0.0703 0.2231
vn 0.9238 0.0829 0.3737
vn 0.9239 0.0828 0.3737
vn 0.9238 0.1151 0.3652
vn 0.9723 0.0703 0.2230
vn 0.8524 0.1131 0.5104
vn 0.8523 0.1132 0.5106
vn 0.8525 0.1572 0.4986
vn 0.9238 0.1151 0.3651
vn 0.8524 0.1572 0.4986
vn 0.8524 0.2001 0.4830
vn 0.9238 0.1465 0.3537
vn 0.9238 0.1465 0.3538
vn 0.8523 0.2002 0.4832
vn 0.8523 0.2415 0.4639
vn 0.9238 0.1768 0.3396
vn 0.8523 0.2415 0.4640
vn 0.8523 0.2811 0.4412
vn 0.9239 0.2056 0.3228
vn 0.9238 0.2057 0.3229
vn 0.8524 0.2809 0.4411
vn 0.8524 0.3183 0.4148
vn 0.9238 0.2331 0.3037
vn 0.9239 0.2330 0.3036
vn 0.8525 0.3532 0.3855
vn 0.9238 0.2586 0.2822
vn 0.9238 0.2587 0.2823
vn 0.7599 0.4391 0.4792
vn 0.7599 0.3957 0.5157
vn 0.8523 0.3534 0.3856
vn 0.7599 0.3958 0.5157
vn 0.6490 0.4088 0.6417
vn 0.6488 0.4089 0.6418
vn 0.7599 0.3493 0.5483
vn 0.6490 0.4632 0.6036
vn 0.6488 0.3514 0.6750
vn 0.6488 0.3513 0.6750
vn 0.7602 0.3000 0.5762
vn 0.7603 0.3490 0.5479
vn 0.6488 0.2912 0.7030
vn 0.6490 0.2911 0.7029
vn 0.7602 0.2486 0.6002
vn 0.7602 0.3000 0.5763
vn 0.6489 0.2288 0.7256
vn 0.6490 0.2288 0.7256
vn 0.7600 0.1954 0.6198
vn 0.7600 0.2488 0.6004
vn 0.6490 0.1647 0.7427
vn 0.6492 0.1646 0.7426
vn 0.7600 0.1407 0.6345
vn 0.7600 0.1955 0.6198
vn 0.6492 0.0993 0.7541
vn 0.6493 0.0993 0.7541
vn 0.7600 0.0848 0.6444
vn 0.7600 0.1406 0.6345
vn 0.6493 0.0332 0.7598
vn 0.6491 0.0332 0.7599
vn 0.7600 0.0284 0.6494
vn 0.7599 0.0848 0.6445
vn 0.7600 0.0284 0.6492
vn 0.8523 0.0228 0.5225
vn 0.8523 0.0683 0.5185
vn 0.9238 0.0167 0.3824
vn 0.9238 0.0500 0.3795
vn 0.9722 0.0102 0.2338
vn 0.9723 0.0305 0.2319
vn 0.9722 0.0305 0.2320
vn 0.9723 0.0102 0.2337
vn 0.9969 0.0034 0.0781
vn 0.9969 0.0102 0.0775
vn 0.9969 0.0102 0.0776
vn 0.9969 -0.0034 0.0781
vn 0.9969 -0.0034 0.0782
vn 0.9969 -0.0102 0.0776
vn 0.9969 -0.0102 0.0775
vn 0.9969 -0.0169 0.0764
vn 0.9723 -0.0506 0.2284
vn 0.9723 -0.0305 0.2319
vn 0.9239 -0.0828 0.3736
vn 0.9238 -0.0828 0.3737
vn 0.9239 -0.0500 0.3795
vn 0.9722 -0.0305 0.2320
vn 0.9238 -0.0500 0.3795
vn 0.9238 -0.0167 0.3824
vn 0.9723 -0.0102 0.2337
vn 0.9722 -0.0102 0.2338
vn 0.8524 -0.0682 0.5185
vn 0.8523 -0.0228 0.5225
vn 0.7599 -0.0848 0.6444
vn 0.7600 -0.0848 0.6444
vn 0.7600 -0.0284 0.6493
vn 0.8523 -0.0228 0.5226
vn 0.6493 -0.0993 0.7541
vn 0.6492 -0.0993 0.7541
vn 0.6493 -0.0332 0.7598
vn 0.5223 -0.1113 0.8455
vn 0.5223 -0.0372 0.8520
vn 0.6492 -0.0332 0.7599
vn 0.3827 -0.1206 0.9160
vn 0.3825 -0.1206 0.9161
vn 0.3827 -0.0403 0.9230
vn 0.5222 -0.0372 0.8520
vn 0.3825 0.0403 0.9231
vn 0.3825 -0.0403 0.9231
vn 0.5222 0.0372 0.8520
vn 0.3827 0.0403 0.9230
vn 0.3827 0.1205 0.9160
vn 0.5223 0.1113 0.8454
vn 0.5222 0.1113 0.8455
vn 0.3824 0.1206 0.9161
vn 0.3824 0.2000 0.9021
vn 0.5224 0.1845 0.8325
vn 0.5224 0.1846 0.8325
vn 0.3823 0.2000 0.9022
vn 0.3822 0.2779 0.8813
vn 0.5225 0.2564 0.8132
vn 0.3820 0.2779 0.8814
vn 0.3819 0.3537 0.8538
vn 0.5225 0.3263 0.7877
vn 0.5226 0.3263 0.7877
vn 0.3825 0.3535 0.8537
vn 0.3825 0.4266 0.8196
vn 0.5228 0.3936 0.7562
vn 0.5225 0.3937 0.7563
vn 0.2333 0.2924 0.9274
vn 0.2330 0.2925 0.9275
vn 0.2334 0.3721 0.8984
vn 0.2330 0.2105 0.9494
vn 0.1527 0.2139 0.9648
vn 0.1094 0.2989 0.9480
vn 0.0785 0.2357 0.9686
vn 0.0784 0.2949 0.9523
vn 0.0790 0.1933 0.9779
vn -0.0000 0.1939 0.9810
vn -0.0000 0.2365 0.9716
vn -0.0000 0.2364 0.9716
vn -0.0000 0.2958 0.9552
vn -0.1135 0.2939 0.9491
vn -0.0784 0.2998 0.9508
vn -0.0785 0.2357 0.9686
vn -0.2331 0.2924 0.9275
vn -0.2330 0.2105 0.9494
vn -0.2328 0.2105 0.9495
vn -0.1527 0.2139 0.9648
vn -0.0951 0.1300 0.9869
vn -0.0789 0.1326 0.9880
vn -0.0790 0.1934 0.9779
vn -0.2329 0.1269 0.9642
vn -0.2329 0.1270 0.9642
vn -0.2329 0.0424 0.9716
vn -0.3827 0.1206 0.9160
vn -0.3827 0.0403 0.9230
vn -0.3825 0.0403 0.9231
vn -0.5221 0.0372 0.8521
vn -0.5220 -0.0372 0.8521
vn -0.5221 -0.0372 0.8521
vn -0.3825 -0.0403 0.9231
vn -0.3827 -0.0403 0.9230
vn -0.3827 -0.1206 0.9160
vn -0.5221 -0.1113 0.8456
vn -0.5221 -0.1846 0.8327
vn -0.6494 -0.1646 0.7424
vn -0.6494 -0.0992 0.7539
vn -0.6493 -0.1646 0.7425
vn -0.6493 -0.2287 0.7253
vn -0.6492 -0.2288 0.7254
vn -0.5223 -0.2564 0.8133
vn -0.5223 -0.1845 0.8325
vn -0.3825 -0.2779 0.8812
vn -0.5222 -0.2565 0.8133
vn -0.3824 -0.2000 0.9021
vn -0.3825 -0.2000 0.9020
vn -0.2329 -0.2105 0.9495
vn -0.2328 -0.1269 0.9642
vn -0.3825 -0.1206 0.9160
vn -0.2329 -0.1270 0.9642
vn -0.1324 -0.1294 0.9827
vn -0.0788 -0.1200 0.9896
vn -0.0788 -0.0435 0.9959
vn -0.2329 -0.0424 0.9716
vn -0.0784 0.0435 0.9960
vn -0.0788 0.0435 0.9959
vn -0.2331 0.0424 0.9715
vn -0.2332 -0.0424 0.9715
vn -0.1823 -0.0579 0.9815
vn -0.0785 -0.0155 0.9968
vn -0.0000 -0.0155 0.9999
vn -0.0000 0.0436 0.9990
vn 0.0785 -0.0155 0.9968
vn 0.0788 0.0435 0.9959
vn 0.0784 0.0435 0.9960
vn 0.2329 0.0424 0.9716
vn 0.2332 -0.0425 0.9715
vn 0.1463 -0.0432 0.9883
vn 0.2332 0.0424 0.9715
vn 0.0788 -0.1301 0.9884
vn 0.0788 -0.0587 0.9952
vn 0.2329 -0.1270 0.9642
vn 0.2329 -0.0424 0.9716
vn 0.0790 -0.1628 0.9835
vn 0.1486 -0.1191 0.9817
vn 0.0784 -0.2158 0.9733
vn 0.0789 -0.2158 0.9732
vn 0.2328 -0.2105 0.9495
vn 0.2328 -0.1269 0.9642
vn -0.0000 -0.2165 0.9763
vn -0.0000 -0.1633 0.9866
vn -0.0784 -0.2158 0.9733
vn -0.0790 -0.1628 0.9835
vn -0.0790 -0.2158 0.9733
vn -0.1315 -0.3054 0.9431
vn -0.0781 -0.2998 0.9508
vn -0.2328 -0.2105 0.9495
vn -0.2329 -0.2925 0.9275
vn -0.0785 -0.2652 0.9610
vn -0.2333 -0.2924 0.9274
vn -0.0781 -0.3649 0.9278
vn -0.2333 -0.3721 0.8984
vn -0.1503 -0.3783 0.9134
vn -0.0779 -0.4051 0.9110
vn -0.0000 -0.4063 0.9137
vn -0.0000 -0.3660 0.9306
vn 0.0779 -0.4051 0.9110
vn 0.1994 -0.3587 0.9119
vn 0.2333 -0.3721 0.8984
vn 0.0780 -0.3815 0.9211
vn 0.2333 -0.4490 0.8625
vn 0.0776 -0.4604 0.8843
vn 0.0779 -0.4604 0.8843
vn 0.0774 -0.5356 0.8409
vn -0.0000 -0.5372 0.8434
vn -0.0000 -0.4618 0.8870
vn -0.0783 -0.5356 0.8409
vn -0.0776 -0.4604 0.8843
vn -0.0775 -0.5357 0.8408
vn -0.0784 -0.5864 0.8062
vn -0.2329 -0.5226 0.8202
vn -0.2330 -0.5920 0.7715
vn -0.2326 -0.5921 0.7716
vn -0.0790 -0.6069 0.7908
vn -0.1989 -0.6103 0.7668
vn -0.0000 -0.6228 0.7824
vn -0.0000 -0.5882 0.8087
vn 0.0791 -0.6208 0.7799
vn 0.0784 -0.5864 0.8062
vn 0.1504 -0.6019 0.7843
vn 0.2330 -0.5920 0.7715
vn 0.2326 -0.6570 0.7171
vn 0.0792 -0.6735 0.7350
vn 0.2326 -0.5920 0.7716
vn 0.3826 -0.5624 0.7330
vn 0.3821 -0.4965 0.7794
vn 0.2330 -0.5225 0.8202
vn 0.3827 -0.4964 0.7792
vn 0.5227 -0.4581 0.7190
vn 0.3821 -0.4267 0.8197
vn 0.5225 -0.3937 0.7563
vn 0.5228 -0.3937 0.7561
vn 0.6489 -0.3514 0.6749
vn 0.5225 -0.3263 0.7877
vn 0.6490 -0.2912 0.7029
vn 0.6488 -0.2912 0.7030
vn 0.7601 -0.2487 0.6003
vn 0.6489 -0.2288 0.7256
vn 0.7600 -0.1954 0.6199
vn 0.7601 -0.1954 0.6197
vn 0.8524 -0.1572 0.4987
vn 0.7600 -0.1407 0.6345
vn 0.8524 -0.1132 0.5106
vn 0.8524 -0.1132 0.5105
vn 0.7602 -0.2486 0.6002
vn 0.8523 -0.2001 0.4832
vn 0.8522 -0.2002 0.4834
vn 0.9238 -0.1465 0.3537
vn 0.9238 -0.1151 0.3651
vn 0.9238 -0.1151 0.3652
vn 0.9239 -0.1465 0.3536
vn 0.9723 -0.0895 0.2160
vn 0.9723 -0.0703 0.2231
vn 0.9723 -0.0703 0.2230
vn 0.9969 -0.0235 0.0746
vn 0.9723 -0.0895 0.2161
vn 0.9969 -0.0299 0.0723
vn 0.9969 -0.0361 0.0694
vn 0.9723 -0.1257 0.1973
vn 0.9722 -0.1257 0.1974
vn 0.9969 -0.0420 0.0660
vn 0.9723 -0.1080 0.2075
vn 0.9238 -0.2057 0.3229
vn 0.9238 -0.2057 0.3230
vn 0.9238 -0.1768 0.3396
vn 0.9722 -0.1080 0.2075
vn 0.8524 -0.2809 0.4410
vn 0.8524 -0.2810 0.4411
vn 0.8524 -0.2415 0.4639
vn 0.9239 -0.1767 0.3394
vn 0.7601 -0.3491 0.5481
vn 0.7600 -0.3492 0.5481
vn 0.7601 -0.3000 0.5764
vn 0.8522 -0.2416 0.4641
vn 0.6488 -0.4088 0.6418
vn 0.6490 -0.4088 0.6417
vn 0.6488 -0.3514 0.6750
vn 0.7602 -0.3000 0.5763
vn 0.5224 -0.5191 0.6765
vn 0.5222 -0.5191 0.6766
vn 0.6490 -0.4631 0.6036
vn 0.5224 -0.4581 0.7192
vn 0.5222 -0.5761 0.6288
vn 0.6489 -0.4632 0.6037
vn 0.6489 -0.5141 0.5610
vn 0.5228 -0.5759 0.6285
vn 0.5227 -0.6286 0.5759
vn 0.5224 -0.6287 0.5760
vn 0.6491 -0.5609 0.5139
vn 0.6490 -0.5140 0.5609
vn 0.6489 -0.5610 0.5141
vn 0.7600 -0.4791 0.4391
vn 0.7601 -0.4390 0.4790
vn 0.7601 -0.4390 0.4791
vn 0.7601 -0.3956 0.5156
vn 0.8524 -0.3183 0.4148
vn 0.8523 -0.3184 0.4150
vn 0.8523 -0.3534 0.3856
vn 0.9238 -0.2331 0.3038
vn 0.9238 -0.2330 0.3037
vn 0.9239 -0.2586 0.2821
vn 0.8525 -0.3532 0.3854
vn 0.8524 -0.3855 0.3532
vn 0.8522 -0.3858 0.3536
vn 0.9237 -0.2825 0.2589
vn 0.9237 -0.2588 0.2825
vn 0.9239 -0.2821 0.2584
vn 0.9723 -0.1724 0.1579
vn 0.9723 -0.1580 0.1724
vn 0.9723 -0.1579 0.1723
vn 0.9723 -0.1424 0.1855
vn 0.9969 -0.0476 0.0620
vn 0.9969 -0.0476 0.0621
vn 0.9969 -0.0529 0.0577
vn 0.9969 -0.0420 0.0659
vn 0.8521 -0.4152 0.3186
vn 0.8523 -0.4150 0.3184
vn 0.9239 -0.3036 0.2329
vn 0.7599 -0.5482 0.3493
vn 0.7602 -0.5480 0.3491
vn 0.7599 -0.5157 0.3957
vn 0.6494 -0.6413 0.4086
vn 0.6491 -0.6416 0.4088
vn 0.6494 -0.6033 0.4629
vn 0.7601 -0.5155 0.3955
vn 0.5221 -0.7193 0.4582
vn 0.5222 -0.6766 0.5192
vn 0.6489 -0.6036 0.4633
vn 0.3825 -0.7793 0.4964
vn 0.3824 -0.7793 0.4964
vn 0.3825 -0.7330 0.5625
vn 0.5224 -0.6765 0.5191
vn 0.2329 -0.8202 0.5226
vn 0.2338 -0.8201 0.5223
vn 0.3827 -0.7329 0.5624
vn 0.2329 -0.7715 0.5920
vn 0.0785 -0.8407 0.5357
vn 0.0786 -0.7971 0.5987
vn 0.1326 -0.7863 0.6034
vn 0.2327 -0.7716 0.5921
vn 0.2332 -0.7170 0.6569
vn 0.0790 -0.7350 0.6735
vn 0.0789 -0.7702 0.6329
vn 0.2328 -0.7170 0.6571
vn -0.0000 -0.7726 0.6349
vn -0.0000 -0.7373 0.6756
vn -0.0000 -0.7372 0.6756
vn 0.0782 -0.7350 0.6736
vn -0.0000 -0.7017 0.7125
vn 0.0784 -0.6995 0.7103
vn -0.0000 -0.6700 0.7424
vn 0.1308 -0.6642 0.7360
vn -0.0783 -0.6995 0.7103
vn -0.0791 -0.6678 0.7401
vn -0.1219 -0.6705 0.7318
vn -0.0784 -0.7350 0.6735
vn -0.2333 -0.6569 0.7169
vn -0.2333 -0.7169 0.6570
vn -0.2327 -0.7171 0.6570
vn -0.0788 -0.7350 0.6735
vn -0.1491 -0.7906 0.5938
vn -0.0784 -0.7909 0.6069
vn -0.2330 -0.7715 0.5920
vn -0.2327 -0.7716 0.5920
vn -0.0789 -0.7702 0.6329
vn -0.0000 -0.7996 0.6005
vn -0.0786 -0.8324 0.5485
vn -0.0000 -0.8350 0.5502
vn -0.0000 -0.8582 0.5133
vn 0.1823 -0.8210 0.5410
vn 0.0782 -0.8556 0.5117
vn 0.0780 -0.8843 0.4604
vn -0.0000 -0.8870 0.4618
vn -0.0788 -0.8842 0.4603
vn -0.0782 -0.8556 0.5117
vn -0.0779 -0.8844 0.4603
vn -0.0789 -0.9045 0.4191
vn -0.0000 -0.9074 0.4204
vn -0.0000 -0.9073 0.4205
vn 0.0784 -0.9220 0.3792
vn -0.0000 -0.9249 0.3803
vn 0.0789 -0.9045 0.4192
vn 0.0954 -0.9196 0.3810
vn 0.2327 -0.8985 0.3723
vn 0.0786 -0.9436 0.3215
vn 0.2334 -0.9274 0.2924
vn 0.1520 -0.9426 0.2972
vn 0.2333 -0.8984 0.3721
vn 0.0773 -0.9568 0.2801
vn -0.0000 -0.9597 0.2810
vn -0.0000 -0.9466 0.3225
vn -0.0000 -0.9248 0.3803
vn -0.0784 -0.9220 0.3792
vn -0.0784 -0.9437 0.3215
vn -0.1520 -0.9426 0.2972
vn -0.2333 -0.9274 0.2924
vn -0.2333 -0.8983 0.3722
vn -0.0954 -0.9196 0.3810
vn -0.2332 -0.9274 0.2924
vn -0.0775 -0.9568 0.2801
vn -0.0775 -0.9722 0.2210
vn -0.0000 -0.9751 0.2216
vn 0.0783 -0.9810 0.1773
vn -0.0000 -0.9841 0.1778
vn 0.1143 -0.9687 0.2202
vn 0.0783 -0.9884 0.1301
vn 0.2333 -0.9494 0.2104
vn 0.0772 -0.9734 0.2157
vn 0.2336 -0.9640 0.1268
vn 0.0787 -0.9884 0.1300
vn 0.2336 -0.9493 0.2104
vn 0.0788 -0.9941 0.0740
vn -0.0000 -0.9972 0.0742
vn -0.0000 -0.9914 0.1305
vn 0.0784 -0.9964 0.0308
vn -0.0000 -0.9995 0.0309
vn 0.1403 -0.9892 0.0433
vn 0.3829 -0.9019 0.1999
vn 0.3829 -0.8810 0.2778
vn 0.2332 -0.9274 0.2924
vn 0.5223 -0.8133 0.2564
vn 0.3830 -0.8534 0.3535
vn 0.5218 -0.7881 0.3265
vn 0.5224 -0.7878 0.3263
vn 0.6492 -0.7028 0.2911
vn 0.5218 -0.7567 0.3939
vn 0.6491 -0.6747 0.3513
vn 0.6492 -0.6747 0.3512
vn 0.3830 -0.8194 0.4265
vn 0.5221 -0.7565 0.3938
vn 0.2326 -0.8626 0.4492
vn 0.3824 -0.8195 0.4267
vn 0.2340 -0.8624 0.4489
vn 0.0787 -0.8843 0.4602
vn -0.1463 -0.8343 0.5316
vn -0.3826 -0.6812 0.6242
vn -0.3825 -0.7330 0.5625
vn -0.3826 -0.7330 0.5624
vn -0.5223 -0.6288 0.5761
vn -0.5222 -0.6765 0.5192
vn -0.5220 -0.6767 0.5192
vn -0.3819 -0.6815 0.6243
vn -0.5226 -0.6286 0.5760
vn -0.5225 -0.5760 0.6287
vn -0.3828 -0.6241 0.6812
vn -0.3818 -0.6244 0.6814
vn -0.6492 -0.5139 0.5608
vn -0.5221 -0.5762 0.6288
vn -0.6491 -0.5609 0.5139
vn -0.6492 -0.5608 0.5139
vn -0.6491 -0.5140 0.5608
vn -0.7601 -0.4791 0.4390
vn -0.7601 -0.4390 0.4791
vn -0.7601 -0.4390 0.4790
vn -0.7601 -0.3955 0.5155
vn -0.6492 -0.4630 0.6035
vn -0.6491 -0.4631 0.6035
vn -0.6492 -0.4087 0.6415
vn -0.5222 -0.5192 0.6766
vn -0.5222 -0.4582 0.7193
vn -0.5226 -0.4581 0.7191
vn -0.5226 -0.3937 0.7562
vn -0.3821 -0.4965 0.7794
vn -0.3821 -0.4268 0.8197
vn -0.3825 -0.4266 0.8196
vn -0.5223 -0.3264 0.7878
vn -0.3825 -0.3536 0.8536
vn -0.3826 -0.3536 0.8536
vn -0.5223 -0.3938 0.7564
vn -0.5221 -0.3264 0.7880
vn -0.6491 -0.3513 0.6748
vn -0.6491 -0.2912 0.7028
vn -0.6490 -0.3513 0.6748
vn -0.7601 -0.3492 0.5480
vn -0.7600 -0.3491 0.5481
vn -0.6489 -0.4088 0.6417
vn -0.7600 -0.3001 0.5764
vn -0.8524 -0.2810 0.4410
vn -0.8524 -0.2415 0.4639
vn -0.7602 -0.3000 0.5763
vn -0.8522 -0.2002 0.4834
vn -0.7601 -0.2487 0.6003
vn -0.7602 -0.2486 0.6002
vn -0.8522 -0.2416 0.4641
vn -0.9239 -0.1767 0.3395
vn -0.9239 -0.1464 0.3535
vn -0.9238 -0.1768 0.3395
vn -0.8523 -0.2001 0.4832
vn -0.8524 -0.1572 0.4987
vn -0.9238 -0.1151 0.3651
vn -0.8523 -0.1573 0.4988
vn -0.9238 -0.1465 0.3537
vn -0.9723 -0.0895 0.2160
vn -0.9723 -0.0703 0.2231
vn -0.9723 -0.0895 0.2161
vn -0.9723 -0.1080 0.2075
vn -0.9969 -0.0361 0.0694
vn -0.9969 -0.0299 0.0723
vn -0.9969 -0.0300 0.0724
vn -0.0000 -0.3729 0.9279
vn -0.0000 -0.6606 0.7507
vn -0.0000 -0.2108 0.9775
vn -0.0000 -0.0422 0.9991
vn -0.0000 0.1270 0.9919
vn -0.9969 0.0102 0.0776
vn -0.9969 0.0169 0.0764
vn -0.9723 0.0703 0.2231
vn -0.9969 0.0235 0.0747
vn -0.9722 0.0703 0.2231
vn -0.9722 0.0506 0.2284
vn -0.9969 0.0300 0.0723
vn -0.9723 0.0895 0.2161
vn -0.9723 0.0895 0.2160
vn -0.9722 0.1080 0.2076
vn -0.9723 0.1080 0.2074
vn -0.9722 0.1257 0.1974
vn -0.9239 0.2056 0.3227
vn -0.9238 0.2057 0.3229
vn -0.9238 0.1768 0.3395
vn -0.9969 0.0102 0.0775
vn -0.9723 0.0506 0.2283
vn -0.9722 0.0305 0.2320
vn -0.9969 0.0034 0.0782
vn -0.9722 0.0102 0.2338
vn -0.9723 0.0102 0.2337
vn -0.9239 0.0499 0.3794
vn -0.9239 0.0499 0.3795
vn -0.9238 0.0167 0.3824
vn -0.8523 0.0683 0.5185
vn -0.8523 0.0228 0.5225
vn -0.9239 0.0167 0.3823
vn -0.9238 -0.0167 0.3824
vn -0.9239 -0.0167 0.3824
vn -0.8523 -0.0228 0.5226
vn -0.8523 0.0228 0.5226
vn -0.8523 -0.0228 0.5225
vn -0.7601 -0.0284 0.6492
vn -0.7600 0.0284 0.6493
vn -0.7599 0.0284 0.6494
vn -0.6494 0.0992 0.7539
vn -0.6495 0.0992 0.7539
vn -0.6494 0.0332 0.7597
vn -0.7599 0.0848 0.6444
vn -0.6495 0.1646 0.7424
vn -0.7600 0.1406 0.6345
vn -0.6492 0.1646 0.7426
vn -0.7600 0.0848 0.6444
vn -0.7600 0.1406 0.6346
vn -0.7600 0.1954 0.6198
vn -0.6491 0.2287 0.7255
vn -0.6492 0.2287 0.7254
vn -0.5222 0.1113 0.8455
vn -0.5220 0.1113 0.8456
vn -0.6494 0.0332 0.7598
vn -0.3824 0.1206 0.9161
vn -0.3824 0.2000 0.9021
vn -0.3823 0.2000 0.9022
vn -0.5222 0.1846 0.8326
vn -0.5223 0.1846 0.8325
vn -0.7599 -0.0284 0.6494
vn -0.6493 -0.0332 0.7598
vn -0.7599 -0.0848 0.6444
vn -0.6495 -0.0332 0.7596
vn -0.7600 -0.0848 0.6444
vn -0.8524 -0.1132 0.5105
vn -0.8523 -0.1132 0.5106
vn -0.8523 -0.0683 0.5186
vn -0.7600 -0.1407 0.6346
vn -0.9239 -0.0499 0.3794
vn -0.8524 -0.0683 0.5185
vn -0.9238 -0.0828 0.3737
vn -0.9239 -0.0828 0.3736
vn -0.9239 -0.0500 0.3795
vn -0.9723 -0.0506 0.2284
vn -0.9722 -0.0305 0.2320
vn -0.9969 -0.0235 0.0747
vn -0.9969 -0.0169 0.0764
vn -0.9969 -0.0169 0.0765
vn -0.9969 -0.0102 0.0776
vn -0.9722 -0.0306 0.2320
vn -0.9969 -0.0034 0.0782
vn -0.9723 -0.0102 0.2337
vn -0.9722 -0.0102 0.2338
vn -0.8523 0.1132 0.5107
vn -0.8524 0.1132 0.5105
vn -0.9238 0.0828 0.3737
vn -0.0000 0.0417 -0.9991
vn -0.0000 -0.1264 -0.9920
vn -0.0000 -0.1265 -0.9920
vn -0.0000 0.0418 -0.9991
vn -0.0000 0.1274 0.9918
vn -0.0000 -0.0432 0.9991
vn -0.0000 0.2112 -0.9775
vn -0.0000 0.2112 -0.9774
vn -0.9969 -0.0420 0.0659
vn -0.9969 -0.0476 0.0620
vn -0.9969 -0.0420 0.0660
vn -0.9722 -0.1425 0.1857
vn -0.9969 -0.0477 0.0621
vn -0.9722 -0.1257 0.1974
vn -0.9722 -0.1257 0.1973
vn -0.9723 -0.1424 0.1856
vn -0.9238 -0.2331 0.3037
vn -0.9238 -0.2057 0.3229
vn -0.9239 -0.2329 0.3036
vn -0.9239 -0.2585 0.2821
vn -0.9723 -0.1580 0.1724
vn -0.9969 -0.0577 0.0528
vn -0.9969 -0.0577 0.0529
vn -0.9723 -0.1724 0.1580
vn -0.9969 -0.0529 0.0577
vn -0.9969 -0.0620 0.0476
vn -0.9723 -0.1856 0.1424
vn -0.9723 -0.1725 0.1580
vn -0.9239 -0.3035 0.2329
vn -0.9239 -0.2820 0.2585
vn -0.9237 -0.2825 0.2588
vn -0.8525 -0.3854 0.3532
vn -0.8524 -0.3532 0.3854
vn -0.9237 -0.2589 0.2824
vn -0.8523 -0.3534 0.3856
vn -0.9239 -0.3037 0.2330
vn -0.8522 -0.4152 0.3185
vn -0.8521 -0.3859 0.3535
vn -0.9239 -0.3228 0.2057
vn -0.8523 -0.4150 0.3184
vn -0.8523 -0.4411 0.2810
vn -0.9238 -0.3229 0.2057
vn -0.8523 -0.4640 0.2415
vn -0.8523 -0.4412 0.2811
vn -0.9238 -0.3396 0.1768
vn -0.8522 -0.4834 0.2003
vn -0.8521 -0.4642 0.2417
vn -0.9238 -0.3537 0.1465
vn -0.7602 -0.5763 0.3000
vn -0.7601 -0.5480 0.3491
vn -0.7599 -0.5482 0.3492
vn -0.7599 -0.5157 0.3957
vn -0.6490 -0.6036 0.4631
vn -0.6496 -0.6031 0.4629
vn -0.6496 -0.6412 0.4085
vn -0.7601 -0.5155 0.3956
vn -0.9722 -0.1974 0.1258
vn -0.9722 -0.1973 0.1257
vn -0.9969 -0.0660 0.0420
vn -0.9969 -0.0659 0.0420
vn -0.8524 -0.3183 0.4149
vn -0.8523 -0.3184 0.4149
vn -0.0000 -0.7780 0.6283
vn -0.9722 -0.1081 0.2075
vn -0.7600 -0.1954 0.6198
vn -0.7600 -0.1407 0.6345
vn -0.7601 -0.1954 0.6198
vn -0.7600 -0.3956 0.5156
vn -0.6491 -0.2911 0.7028
vn -0.3827 -0.4964 0.7792
vn -0.2337 -0.4490 0.8624
vn -0.2333 -0.4490 0.8625
vn -0.2337 -0.5224 0.8200
vn -0.5221 -0.5192 0.6766
vn -0.3825 -0.5625 0.7330
vn -0.3828 -0.5624 0.7329
vn -0.5220 -0.7194 0.4582
vn -0.6493 -0.6414 0.4086
vn -0.2326 -0.6571 0.7170
vn 0.2334 -0.6570 0.7169
vn 0.3818 -0.6814 0.6244
vn 0.3828 -0.6242 0.6811
vn 0.3818 -0.6243 0.6815
vn 0.3827 -0.6812 0.6241
vn 0.7602 -0.5763 0.3000
vn 0.7602 -0.4790 0.4390
vn 0.9722 -0.1424 0.1856
vn 0.7601 -0.3956 0.5155
vn 0.3828 -0.5624 0.7329
vn 0.6491 -0.2287 0.7255
vn 0.6491 -0.1646 0.7427
vn 0.7599 -0.1407 0.6346
vn 0.5225 -0.2564 0.8132
vn 0.5224 -0.2564 0.8133
vn 0.5225 -0.1846 0.8325
vn 0.6492 -0.1646 0.7425
vn 0.3824 -0.2779 0.8812
vn 0.3824 -0.2000 0.9021
vn 0.5223 -0.1845 0.8326
vn 0.2328 -0.2924 0.9275
vn 0.2334 -0.2924 0.9274
vn 0.3825 -0.2000 0.9020
vn 0.2329 -0.2105 0.9495
vn 0.3824 -0.3536 0.8537
vn 0.3826 -0.3536 0.8536
vn 0.5223 -0.3263 0.7879
vn 0.3825 -0.4267 0.8195
vn 0.2337 -0.4490 0.8624
vn 0.2336 -0.5225 0.8200
vn 0.0784 -0.5357 0.8408
vn -0.0779 -0.4604 0.8843
vn 0.0781 -0.3072 0.9484
vn 0.1221 -0.2984 0.9466
vn -0.0000 -0.3081 0.9514
vn -0.0000 -0.2660 0.9640
vn -0.0000 -0.2661 0.9639
vn 0.0785 -0.2652 0.9610
vn -0.3824 -0.2779 0.8812
vn -0.0000 -0.1204 0.9927
vn -0.0000 -0.0589 0.9983
vn 0.2328 0.1270 0.9642
vn 0.0951 0.1300 0.9869
vn 0.0789 0.0902 0.9928
vn 0.2329 0.1270 0.9642
vn -0.0000 0.0905 0.9959
vn -0.0000 0.1330 0.9911
vn 0.0789 0.1326 0.9880
vn -0.0789 0.0902 0.9928
vn -0.0000 0.3371 0.9415
vn -0.0784 0.3361 0.9386
vn 0.0784 0.3361 0.9386
vn 0.2328 0.2105 0.9495
vn 0.5227 0.4581 0.7190
vn 0.9723 0.1580 0.1725
vn 0.9969 0.0660 0.0420
vn 0.6492 0.5607 0.5139
vn 0.6492 0.6034 0.4630
vn 0.6487 0.6038 0.4632
vn 0.6486 0.6420 0.4089
vn 0.7598 0.5483 0.3493
vn 0.7602 0.5479 0.3491
vn 0.5225 0.6765 0.5190
vn 0.5224 0.6765 0.5190
vn 0.5226 0.7190 0.4581
vn 0.6491 0.6415 0.4087
vn 0.3821 0.7332 0.5626
vn 0.3816 0.7334 0.5626
vn 0.3820 0.7794 0.4966
vn 0.5226 0.7191 0.4581
vn 0.2342 0.8199 0.5225
vn 0.2340 0.7713 0.5919
vn 0.3823 0.7793 0.4966
vn 0.0949 0.7898 0.6060
vn 0.0783 0.7504 0.6563
vn 0.0782 0.7893 0.6089
vn 0.2339 0.7168 0.6568
vn 0.1526 0.7287 0.6677
vn 0.0783 0.7210 0.6885
vn -0.0000 0.7232 0.6906
vn -0.0000 0.7527 0.6583
vn -0.0000 0.7918 0.6108
vn -0.0783 0.7893 0.6089
vn -0.0783 0.7504 0.6563
vn -0.0949 0.7897 0.6060
vn -0.1526 0.7287 0.6676
vn -0.2334 0.7170 0.6569
vn -0.2339 0.7713 0.5919
vn -0.2338 0.7169 0.6568
vn -0.2333 0.6570 0.7169
vn -0.3827 0.6242 0.6811
vn -0.3829 0.6812 0.6240
vn -0.3824 0.6242 0.6812
vn -0.5225 0.5191 0.6764
vn -0.5224 0.5761 0.6286
vn -0.5222 0.5191 0.6766
vn -0.3823 0.5625 0.7331
vn -0.2331 0.6570 0.7170
vn -0.3831 0.5623 0.7328
vn -0.2331 0.5920 0.7715
vn -0.0786 0.6069 0.7909
vn -0.0787 0.6450 0.7602
vn -0.2329 0.5920 0.7715
vn -0.1094 0.6715 0.7329
vn -0.0000 0.6470 0.7625
vn -0.0000 0.6471 0.7624
vn -0.0000 0.6793 0.7338
vn -0.0783 0.6772 0.7316
vn -0.0000 0.7233 0.6906
vn -0.0783 0.7210 0.6885
vn 0.0787 0.6450 0.7601
vn 0.1135 0.6750 0.7291
vn 0.0786 0.6068 0.7909
vn 0.2333 0.6569 0.7170
vn 0.0782 0.6735 0.7350
vn 0.2331 0.5920 0.7715
vn 0.0779 0.6069 0.7909
vn 0.2331 0.6570 0.7170
vn 0.0780 0.5614 0.8239
vn -0.0000 0.5631 0.8264
vn -0.0000 0.6087 0.7934
vn -0.0780 0.5614 0.8239
vn -0.0778 0.6069 0.7910
vn -0.1656 0.5191 0.8385
vn -0.0000 0.5264 0.8503
vn -0.0780 0.4716 0.8783
vn -0.0000 0.4731 0.8810
vn -0.0780 0.5356 0.8408
vn 0.0780 0.5248 0.8477
vn 0.1402 0.5320 0.8351
vn 0.3828 0.6241 0.6811
vn 0.3817 0.6816 0.6244
vn 0.2333 0.7170 0.6569
vn 0.3828 0.6811 0.6242
vn 0.3824 0.6243 0.6812
vn 0.5224 0.5761 0.6287
vn 0.5224 0.6286 0.5761
vn 0.5224 0.6287 0.5761
vn 0.3824 0.5625 0.7330
vn 0.2329 0.5920 0.7715
vn 0.2329 0.5225 0.8202
vn -0.2333 0.5225 0.8201
vn -0.2330 0.5225 0.8202
vn -0.2341 0.7713 0.5919
vn -0.3816 0.7333 0.5627
vn -0.3816 0.6814 0.6245
vn -0.0784 0.8148 0.5743
vn -0.0785 0.8408 0.5356
vn -0.0787 0.8408 0.5355
vn -0.2340 0.8200 0.5223
vn -0.0000 0.8434 0.5372
vn -0.0000 0.8736 0.4867
vn -0.0787 0.8708 0.4852
vn -0.0000 0.8940 0.4480
vn -0.0781 0.8913 0.4466
vn -0.1468 0.8774 0.4568
vn -0.1481 0.9098 0.3878
vn -0.0780 0.9211 0.3815
vn 0.1834 0.8789 0.4404
vn 0.0787 0.8709 0.4852
vn 0.0787 0.8408 0.5356
vn 0.0784 0.8149 0.5743
vn -0.0000 0.8174 0.5761
vn 0.0785 0.8408 0.5355
vn -0.2326 0.8626 0.4492
vn -0.2327 0.8202 0.5226
vn -0.0000 0.8174 0.5760
vn 0.2326 0.8203 0.5225
vn -0.2333 0.4490 0.8625
vn -0.6492 0.2911 0.7027
vn -0.6491 0.4630 0.6035
vn -0.6491 0.4087 0.6415
vn -0.9239 0.2330 0.3036
vn -0.8524 0.3183 0.4148
vn -0.9238 0.2586 0.2823
vn -0.8523 0.3534 0.3857
vn -0.8524 0.3532 0.3855
vn -0.9238 0.2330 0.3037
vn -0.8523 0.3856 0.3534
vn -0.7603 0.4789 0.4388
vn -0.7601 0.4791 0.4390
vn -0.7603 0.4388 0.4789
vn -0.7601 0.5155 0.3956
vn -0.8523 0.4149 0.3184
vn -0.7602 0.5154 0.3955
vn -0.8523 0.3856 0.3533
vn -0.6488 0.6418 0.4089
vn -0.6493 0.6415 0.4086
vn -0.7602 0.5479 0.3490
vn -0.6489 0.6036 0.4632
vn -0.6494 0.6746 0.3512
vn -0.7598 0.5766 0.3002
vn -0.6490 0.6748 0.3513
vn -0.7599 0.5483 0.3493
vn -0.6490 0.7029 0.2912
vn -0.5216 0.7882 0.3265
vn -0.5222 0.7879 0.3263
vn -0.5222 0.7564 0.3938
vn -0.5216 0.8137 0.2567
vn -0.3815 0.8815 0.2781
vn -0.3816 0.9024 0.2002
vn -0.2327 0.9495 0.2106
vn -0.0777 0.9508 0.2999
vn -0.0777 0.9334 0.3504
vn 0.9969 0.0776 0.0102
vn 0.9969 0.0775 0.0102
vn 0.8523 0.4988 0.1573
vn 0.5218 0.8136 0.2565
vn 0.8524 0.5185 0.0682
vn 0.5222 0.8456 0.1112
vn 0.1999 0.9690 -0.1454
vn 0.0781 0.9960 -0.0435
vn 0.0780 0.9914 -0.1046
vn -0.1313 0.9695 -0.2071
vn -0.0000 0.8940 -0.4480
vn 0.0781 0.8913 -0.4466
vn 0.5226 0.6765 -0.5190
vn -0.5224 0.7878 -0.3263
vn -0.5223 0.7564 -0.3937
vn -0.2339 0.7168 -0.6568
vn -0.2330 0.7171 -0.6569
vn -0.6489 0.6037 -0.4631
vn -0.6487 0.6418 -0.4089
vn -0.7599 0.5482 -0.3492
vn -0.7599 0.5766 -0.3001
vn -0.8524 0.4831 -0.2001
vn -0.8524 0.4638 -0.2415
vn -0.8523 0.4832 -0.2001
vn -0.9239 0.3648 -0.1151
vn -0.9239 0.3650 -0.1151
vn -0.9239 0.3536 -0.1465
vn -0.8523 0.4988 -0.1573
vn -0.9239 0.3735 -0.0828
vn -0.9723 0.2284 -0.0506
vn -0.9722 0.2285 -0.0507
vn -0.9969 0.0776 -0.0102
vn -0.9969 0.0775 -0.0102
vn -0.9969 0.0764 -0.0169
vn -0.9723 0.2319 -0.0305
vn -0.9722 0.2338 -0.0102
vn -0.9722 0.2320 -0.0305
vn -0.9969 0.0781 -0.0034
vn -0.9969 0.0781 0.0034
vn -0.9969 0.0775 0.0102
vn -0.9969 0.0776 0.0102
vn -0.9722 0.2320 0.0306
vn -0.9722 0.2337 0.0102
vn -0.9723 0.2337 0.0102
vn -0.9723 0.2319 0.0305
vn -0.9237 0.3797 0.0500
vn -0.9237 0.3827 0.0167
vn -0.9238 0.3825 0.0167
vn -0.9723 0.2284 0.0506
vn -0.9238 0.3796 0.0500
vn -0.9238 0.3738 0.0829
vn -0.9722 0.2285 0.0506
vn -0.9969 0.0764 0.0169
vn -0.9969 0.0746 0.0235
vn -0.9969 0.0723 0.0299
vn -0.9723 0.2337 -0.0102
vn -0.8524 0.5185 0.0682
vn -0.5220 0.8521 -0.0372
vn -0.9969 0.0660 0.0420
vn -0.9723 0.1972 0.1256
vn -0.9969 0.0621 0.0476
vn -0.9723 0.1855 0.1423
vn -0.9969 0.0577 0.0528
vn -0.9969 0.0529 0.0577
vn -0.0000 0.5224 -0.8527
vn -0.0000 0.2335 -0.9724
vn -0.0000 -0.0417 0.9991
vn -0.0000 -0.9857 -0.1685
vn -0.0000 -0.9432 -0.3323
vn -0.0000 -0.9429 -0.3330
vn -0.0000 -0.8730 -0.4877
vn -0.0000 -0.8730 -0.4878
vn -0.9969 -0.0723 -0.0299
vn -0.9969 -0.0694 -0.0361
vn -0.9723 -0.2161 -0.0895
vn -0.9969 -0.0746 -0.0235
vn -0.9723 -0.2231 -0.0703
vn -0.9722 -0.2232 -0.0704
vn -0.9239 -0.3737 -0.0829
vn -0.9238 -0.3651 -0.1151
vn -0.9239 -0.3736 -0.0829
vn -0.9722 -0.2285 -0.0507
vn -0.8522 -0.5107 -0.1133
vn -0.9239 -0.3794 -0.0499
vn -0.8522 -0.5187 -0.0683
vn -0.8523 -0.5185 -0.0682
vn -0.8524 -0.5225 -0.0228
vn -0.7601 -0.6491 -0.0283
vn -0.7601 -0.6442 -0.0848
vn -0.7599 -0.6495 -0.0284
vn -0.8523 -0.5226 0.0228
vn -0.8523 -0.5225 -0.0228
vn -0.7599 -0.6494 0.0283
vn -0.7601 -0.6492 0.0284
vn -0.8524 -0.5184 0.0682
vn -0.8524 -0.5224 0.0228
vn -0.7601 -0.6443 0.0848
vn -0.7602 -0.6441 0.0848
vn -0.8522 -0.5108 0.1133
vn -0.7600 -0.6346 0.1407
vn -0.7602 -0.6343 0.1407
vn -0.8522 -0.5187 0.0682
vn -0.6496 -0.7251 0.2287
vn -0.6490 -0.7256 0.2287
vn -0.7600 -0.6198 0.1954
vn -0.6495 -0.7423 0.1646
vn -0.9238 -0.3795 0.0499
vn -0.9239 -0.3824 0.0167
vn -0.9238 -0.3826 0.0167
vn -0.9723 -0.2337 0.0102
vn -0.9723 -0.2337 -0.0102
vn -0.9722 -0.2337 -0.0102
vn -0.9238 -0.3825 -0.0167
vn -0.9722 -0.2320 -0.0306
vn -0.9239 -0.3795 -0.0499
vn -0.9723 -0.2318 -0.0305
vn -0.9969 -0.0776 -0.0102
vn -0.9969 -0.0764 -0.0169
vn -0.9723 -0.2282 -0.0505
vn -0.9969 -0.0782 -0.0034
vn -0.9722 -0.2337 0.0102
vn -0.9969 -0.0781 0.0034
vn -0.9969 -0.0781 -0.0034
vn -0.9722 -0.2320 0.0305
vn -0.9239 -0.3793 0.0499
vn -0.6491 -0.7542 -0.0992
vn -0.7601 -0.6442 -0.0847
vn -0.6490 -0.7601 -0.0332
vn -0.6493 -0.7598 -0.0331
vn -0.6487 -0.7545 -0.0993
vn -0.5220 -0.8456 -0.1113
vn -0.5221 -0.8521 -0.0373
vn -0.5224 -0.8519 -0.0372
vn -0.3824 -0.9231 -0.0404
vn -0.3830 -0.9229 -0.0403
vn -0.3830 -0.9159 -0.1205
vn -0.5226 -0.8453 -0.1112
vn -0.5225 -0.8325 -0.1845
vn -0.5218 -0.8328 -0.1847
vn -0.3821 -0.9162 -0.1207
vn -0.3820 -0.9022 -0.2001
vn -0.3830 -0.8810 -0.2778
vn -0.3830 -0.9019 -0.1998
vn -0.5217 -0.8136 -0.2566
vn -0.5221 -0.8134 -0.2565
vn -0.5221 -0.7880 -0.3264
vn -0.6491 -0.7255 -0.2288
vn -0.6491 -0.7028 -0.2912
vn -0.6494 -0.7026 -0.2910
vn -0.7600 -0.6004 -0.2487
vn -0.7602 -0.5763 -0.3000
vn -0.6494 -0.6745 -0.3511
vn -0.7601 -0.5764 -0.3000
vn -0.7602 -0.6002 -0.2486
vn -0.8522 -0.4834 -0.2002
vn -0.8522 -0.4641 -0.2416
vn -0.8521 -0.4834 -0.2003
vn -0.8521 -0.4991 -0.1574
vn -0.7600 -0.6198 -0.1954
vn -0.7601 -0.6197 -0.1954
vn -0.7600 -0.6345 -0.1407
vn -0.6487 -0.7430 -0.1648
vn -0.6495 -0.7424 -0.1645
vn -0.6495 -0.7252 -0.2286
vn -0.8524 -0.5106 -0.1132
vn -0.8524 -0.4987 -0.1572
vn -0.7602 -0.6343 -0.1407
vn -0.9238 -0.3537 -0.1465
vn -0.9239 -0.3536 -0.1465
vn -0.9723 -0.2075 -0.1080
vn -0.9238 -0.3396 -0.1768
vn -0.9722 -0.2076 -0.1081
vn -0.9722 -0.1973 -0.1257
vn -0.9722 -0.1974 -0.1258
vn -0.9238 -0.3395 -0.1768
vn -0.9238 -0.3229 -0.2057
vn -0.9239 -0.3036 -0.2330
vn -0.9239 -0.3228 -0.2056
vn -0.9723 -0.1856 -0.1424
vn -0.9722 -0.1856 -0.1424
vn -0.9723 -0.1725 -0.1581
vn -0.9969 -0.0577 -0.0529
vn -0.9969 -0.0620 -0.0476
vn -0.9969 -0.0577 -0.0528
vn -0.9969 -0.0529 -0.0577
vn -0.9969 -0.0477 -0.0621
vn -0.9969 -0.0529 -0.0578
vn -0.9723 -0.1580 -0.1724
vn -0.9723 -0.1424 -0.1856
vn -0.9969 -0.0421 -0.0661
vn -0.9969 -0.0421 -0.0660
vn -0.9723 -0.1257 -0.1973
vn -0.9969 -0.0362 -0.0695
vn -0.9723 -0.1256 -0.1972
vn -0.9723 -0.1080 -0.2074
vn -0.9238 -0.2587 -0.2824
vn -0.9239 -0.2586 -0.2821
vn -0.9239 -0.2330 -0.3036
vn -0.9723 -0.1724 -0.1580
vn -0.9237 -0.2824 -0.2588
vn -0.9239 -0.2822 -0.2585
vn -0.8523 -0.4150 -0.3184
vn -0.8522 -0.4151 -0.3185
vn -0.8522 -0.3857 -0.3535
vn -0.9239 -0.3036 -0.2329
vn -0.7599 -0.5157 -0.3957
vn -0.7599 -0.5482 -0.3493
vn -0.7602 -0.5479 -0.3490
vn -0.8523 -0.4412 -0.2810
vn -0.0000 -0.6606 -0.7507
vn -0.0000 -0.7781 -0.6282
vn -0.9969 -0.0660 -0.0420
vn -0.9969 -0.0659 -0.0420
vn -0.8522 -0.4412 -0.2811
vn -0.9969 -0.0693 -0.0361
vn -0.6493 -0.6746 -0.3511
vn -0.6493 -0.6414 -0.4087
vn -0.0000 -0.7780 -0.6282
vn -0.0000 -0.8729 -0.4880
vn -0.0000 -0.7777 -0.6286
vn -0.0000 -0.3727 -0.9279
vn -0.9722 -0.0895 -0.2161
vn -0.9722 -0.1080 -0.2076
vn -0.9723 -0.0895 -0.2161
vn -0.5221 -0.0372 -0.8521
vn -0.5224 -0.0372 -0.8519
vn -0.0000 0.2929 -0.9561
vn -0.0000 0.2929 -0.9562
vn -0.0000 0.1270 -0.9919
vn -0.0000 -0.2933 0.9560
vn -0.0000 0.9115 -0.4114
vn -0.8524 0.4638 -0.2414
vn -0.8524 0.3855 -0.3533
vn -0.7604 0.4789 -0.4388
vn -0.3824 0.6243 -0.6812
vn -0.3831 0.6240 -0.6811
vn -0.5222 0.4582 -0.7193
vn -0.2332 0.2104 -0.9494
vn -0.0784 0.3361 -0.9386
vn -0.0000 0.3371 -0.9415
vn 0.3826 0.2779 -0.8811
vn 0.3820 0.2000 -0.9022
vn 0.2330 0.2104 -0.9494
vn 0.3826 0.2000 -0.9020
vn 0.2332 0.2105 -0.9494
vn 0.0783 0.4716 -0.8783
vn -0.0000 0.4731 -0.8810
vn 0.1402 0.4572 -0.8783
vn -0.0784 0.5248 -0.8476
vn -0.0000 0.5264 -0.8503
vn -0.0000 0.5631 -0.8264
vn 0.5227 0.1846 -0.8323
vn 0.5221 0.1845 -0.8326
vn 0.7602 0.3000 -0.5763
vn 0.7598 0.1955 -0.6200
vn 0.9723 0.0703 -0.2231
vn -0.3827 -0.0403 -0.9230
vn 0.1825 -0.0580 -0.9815
vn 0.0785 -0.2655 -0.9609
vn 0.1310 -0.3054 -0.9432
vn 0.0780 -0.2998 -0.9508
vn 0.2336 -0.5919 -0.7714
vn 0.2335 -0.5224 -0.8201
vn 0.3829 -0.5623 -0.7330
vn 0.0781 -0.3649 -0.9278
vn 0.0779 -0.5357 -0.8408
vn -0.0000 -0.5372 -0.8434
vn 0.0783 -0.5356 -0.8409
vn -0.5223 -0.3938 -0.7564
vn -0.3823 -0.4267 -0.8196
vn -0.3823 -0.4965 -0.7793
vn 0.9969 -0.0693 -0.0361
vn -0.0789 -0.9045 -0.4191
vn -0.0954 -0.9197 -0.3810
vn -0.2328 -0.8985 -0.3723
vn -0.2326 -0.8626 -0.4492
vn -0.3825 -0.7793 -0.4963
vn -0.7602 -0.3955 -0.5154
vn -0.7602 -0.3491 -0.5479
vn -0.2336 -0.9493 -0.2104
vn -0.0785 -0.9220 -0.3792
vn -0.0786 -0.9436 -0.3215
vn 0.2335 -0.8983 -0.3722
vn 0.5226 -0.8518 0.0372
vn 0.5222 -0.8520 0.0373
vn 0.5222 -0.8456 0.1113
vn 0.9238 -0.3396 0.1768
vn -0.0000 -0.9995 -0.0309
vn -0.3824 -0.9231 0.0403
vn -0.9969 -0.0782 0.0034
vn -0.0000 -0.8730 0.4877
vn -0.0000 -0.9857 0.1684
vn -0.0000 0.9429 -0.3330
vn -0.0000 -0.2110 0.9775
vn -0.0000 0.5947 0.8040
vn -0.6499 0.7022 0.2907
vn -0.6491 0.7542 0.0994
vt 1.246831 0.542251
vt 0.260277 0.705746
vt 1.243230 0.500003
vt 0.500003 -2.250011
vt 0.500003 -2.500011
vt 0.542251 -2.250011
vt 0.457748 -2.500011
vt 0.243230 0.500003
vt 1.246831 0.457748
vt 0.457748 -2.250011
vt 0.500003 -0.750011
vt 0.294259 -2.250011
vt 0.603225 -0.745751
vt 0.260277 0.294259
vt 0.705746 -2.250011
vt 0.705746 -0.732970
vt 0.247503 0.603225
vt -3.006764 0.705746
vt 0.281481 0.806857
vt -3.006764 0.905874
vt 0.806857 -0.711755
vt 0.310961 0.905874
vt -3.006764 1.094937
vt 1.094937 -0.599352
vt 1.150827 -0.851464
vt 0.905874 -0.682275
vt 0.942135 -0.933373
vt 0.096923 1.048013
vt -3.006764 0.942135
vt -3.006764 1.150827
vt 0.141777 1.150827
vt 0.194194 1.250003
vt 1.344980 -0.739367
vt -3.006764 1.344980
vt 1.344980 -2.500011
vt 1.250003 -0.799059
vt 0.253875 1.344980
vt 0.320488 1.435238
vt 1.520260 -2.500011
vt 1.435238 -0.672765
vt 1.298723 0.657058
vt 0.393657 1.520260
vt 1.328069 0.687667
vt 0.558001 1.672750
vt 0.558001 -2.500011
vt 0.393657 -2.500011
vt 0.393657 -0.599596
vt 1.520260 -0.599596
vt 0.687667 -2.250011
vt 0.657058 -2.500011
vt 0.687667 -2.500011
vt 1.328069 -2.250011
vt 1.328069 -2.500011
vt 1.362157 -2.250011
vt 1.362157 -2.500011
vt 1.362157 0.712881
vt 1.400023 -2.250011
vt 1.400023 -2.500011
vt 0.743230 1.799038
vt 1.400023 0.731973
vt 0.945220 1.896316
vt 0.945220 -2.500011
vt 0.743230 -2.500011
vt 0.743230 -0.250011
vt 0.648253 -0.344982
vt 0.558001 -0.435253
vt -3.006764 -0.435253
vt -3.006764 -0.250011
vt 1.799038 -0.250011
vt 1.672750 -0.435253
vt 1.419656 -0.346606
vt 0.842406 -0.150842
vt 1.546457 -0.183703
vt 1.896316 -0.048022
vt -3.006764 -0.048022
vt 0.945220 -0.048022
vt 1.159453 -2.500011
vt 1.051104 0.057862
vt 1.159453 0.166212
vt -3.006764 0.166212
vt 1.644717 -0.002135
vt 1.962393 0.166212
vt 1.269670 0.276429
vt 1.711752 0.193140
vt 1.995803 0.387891
vt -3.006764 0.387891
vt 1.381139 -2.500011
vt 1.381139 0.387891
vt 1.605327 -2.500011
vt 1.381139 0.612086
vt 1.493230 0.499989
vt -3.006764 0.612086
vt 1.269670 0.723560
vt 1.381139 3.499989
vt 1.159453 0.833765
vt -3.006764 0.833765
vt 1.745730 0.396766
vt 1.995803 0.612086
vt 1.745730 0.603211
vt 1.962393 0.833765
vt 1.390007 0.603211
vt -3.006764 0.603211
vt -3.006764 0.396766
vt -3.006764 0.193140
vt 1.186376 0.193140
vt 1.390007 0.396766
vt 1.287487 0.294251
vt 1.390007 -2.250011
vt 1.186376 -2.250011
vt 1.186376 1.711752
vt 0.991118 1.644717
vt 1.087358 0.094105
vt 0.991118 -2.250011
vt 1.440563 0.744387
vt 1.390007 1.745730
vt 0.991118 -0.002135
vt -3.006764 -0.002135
vt 0.898296 -0.094946
vt 0.809545 -0.183703
vt 0.809545 -2.250011
vt 0.809545 1.546457
vt 0.646630 1.419656
vt 0.725469 -0.267773
vt 0.646630 -2.250011
vt 0.646630 -0.346606
vt -3.006764 -0.183703
vt -3.006764 -0.346606
vt 0.573577 -0.419677
vt 1.267764 -2.250011
vt 1.346603 -0.419677
vt 1.267764 -0.486437
vt 1.419656 -2.250011
vt -3.006764 1.419656
vt 0.506810 1.267764
vt 0.573577 1.346603
vt 1.183688 -0.546471
vt -3.006764 1.267764
vt 0.446776 1.183688
vt 0.393889 1.094937
vt 1.094937 -2.250011
vt 0.348516 1.002121
vt 1.002121 -0.644726
vt 0.905874 -2.250011
vt 1.257512 0.583285
vt 0.583285 -2.250011
vt 0.583285 -2.500011
vt 0.621926 -2.250011
vt 0.542251 -2.500011
vt 1.274974 0.621926
vt -0.006770 0.500003
vt 0.009984 0.723562
vt 0.059874 0.942135
vt 0.942135 -2.500011
vt 0.723562 -2.500011
vt 0.723562 -0.983263
vt 0.612094 -0.995824
vt 0.500003 -1.000011
vt -3.006764 0.500003
vt -0.002571 0.612094
vt -3.006764 0.723562
vt 0.030840 0.833786
vt 0.833786 -0.962414
vt 1.150827 -2.500011
vt 1.048013 -0.896313
vt 0.621926 -2.500011
vt 0.657058 -2.250011
vt 0.294259 -0.732970
vt 0.247503 0.396774
vt -3.006764 0.294259
vt 0.396774 -0.745751
vt 0.193148 -0.711755
vt 0.094125 -2.250011
vt 0.281481 0.193148
vt 0.094125 -0.682275
vt -3.006764 0.094125
vt 0.310961 0.094125
vt -0.094938 -2.250011
vt 0.348516 -0.002121
vt -0.002121 -0.644726
vt -3.006764 -0.094938
vt 0.393889 -0.094938
vt -0.094938 -0.599352
vt -0.183689 -0.546471
vt -0.267765 -2.250011
vt 0.446776 -0.183689
vt -0.267765 -0.486437
vt -3.006764 -0.267765
vt 0.506810 -0.267765
vt -0.344980 -0.739367
vt -0.520261 -0.599596
vt -0.150827 -0.851464
vt 0.573577 -0.346604
vt -3.006764 -0.419657
vt -0.419657 -0.346606
vt -0.419657 -2.250011
vt -0.346604 -0.419677
vt 1.400023 0.268026
vt 0.991118 -0.644718
vt 1.440563 0.255612
vt 0.809545 -0.546457
vt 1.186376 -0.711747
vt -0.546457 -0.183703
vt -0.799039 -0.250011
vt -0.644718 -0.002135
vt -0.896305 -0.048022
vt -0.711747 0.193140
vt -0.672745 -0.435253
vt 0.472972 -0.520275
vt 1.298723 0.342947
vt 0.393657 -0.520261
vt 0.253875 -0.344980
vt -0.520261 -2.500011
vt -0.435233 -0.672765
vt -0.344980 -2.500011
vt 0.558001 -0.672745
vt 1.328069 0.312332
vt 0.342947 -2.250011
vt 0.312332 -2.500011
vt 0.342947 -2.500011
vt 0.378079 -2.250011
vt 0.378079 -2.500011
vt 1.274974 0.378079
vt 0.416720 -2.250011
vt 0.416720 -2.500011
vt 0.141777 -0.150827
vt 1.257512 0.416720
vt -0.150827 -2.500011
vt -0.048014 -0.896313
vt 0.057870 -2.500011
vt -0.250003 -0.799059
vt 0.059874 0.057870
vt 0.009984 0.276437
vt 0.166220 -0.962414
vt 0.276437 -2.500011
vt 0.057870 -0.933373
vt -3.006764 -0.150827
vt 0.096923 -0.048014
vt -3.006764 0.057870
vt 0.030840 0.166220
vt 0.276437 -0.983263
vt -3.006764 0.276437
vt 0.387906 -0.995824
vt -0.002571 0.387906
vt 0.194194 -0.250003
vt -3.006764 -0.344980
vt -3.006764 -0.520261
vt 0.320488 -0.435233
vt 0.312332 -2.250011
vt 0.646630 -0.419657
vt 1.362157 0.287118
vt 0.945220 -0.896305
vt 0.743230 -0.799039
vt -0.745731 0.396766
vt -0.962394 0.166212
vt -0.995804 0.387891
vt 1.605327 3.499989
vt -0.711747 0.806849
vt -0.995804 0.612086
vt -0.962394 0.833765
vt -0.745731 0.603211
vt -0.644718 1.002100
vt -3.006764 0.806849
vt 1.186376 0.806849
vt -3.006764 1.002100
vt 0.991118 1.002100
vt 1.087358 0.905860
vt 1.186376 3.249989
vt 1.287487 0.705738
vt 1.390007 3.249989
vt 1.596453 -2.250011
vt 1.596453 3.249989
vt 1.800090 -2.250011
vt 1.482622 0.250222
vt 1.596453 -0.745731
vt 1.390007 -0.745731
vt 1.524987 0.252023
vt 1.800090 -0.711747
vt 1.800090 3.249989
vt 1.440563 3.499989
vt 1.482622 3.249989
vt 1.440563 3.249989
vt 1.482622 3.499989
vt 1.524987 3.249989
vt 1.400023 3.499989
vt 1.400023 3.249989
vt 1.362157 3.499989
vt 1.159453 -0.962394
vt 0.945220 3.499989
vt 0.945220 1.047999
vt 1.159453 3.499989
vt 0.743230 1.249989
vt 0.842406 1.150819
vt 0.743230 3.499989
vt 1.051104 0.942115
vt -3.006764 1.047999
vt -3.006764 1.249989
vt -0.546457 1.183668
vt -0.896305 1.047999
vt -0.799039 1.249989
vt 0.646630 1.346595
vt 0.725469 1.267762
vt -3.006764 1.183668
vt -3.006764 1.346595
vt 0.809545 1.183668
vt -0.419657 1.346595
vt -0.672745 1.435230
vt -0.520261 1.599561
vt -0.267765 1.486414
vt -0.267765 3.249989
vt -0.346604 1.419642
vt 0.646630 3.249989
vt 0.573577 1.419642
vt -0.419657 3.249989
vt 0.809545 3.249989
vt 0.991118 3.249989
vt 0.898296 1.094923
vt 1.328069 3.499989
vt 1.362157 3.249989
vt 1.328069 3.249989
vt 0.312332 3.499989
vt 0.312332 3.249989
vt 0.342947 3.499989
vt 0.342947 3.249989
vt 0.378079 3.499989
vt 0.378079 3.249989
vt 0.416720 3.499989
vt 0.416720 3.249989
vt -0.094938 3.249989
vt -0.094938 1.599329
vt -0.002121 1.644703
vt 0.094125 3.249989
vt -0.183689 1.546448
vt 0.193148 1.711744
vt 0.294259 3.249989
vt 0.094125 1.682264
vt 0.500003 3.499989
vt 0.457748 3.249989
vt 0.500003 3.249989
vt 0.457748 3.499989
vt 0.542251 3.499989
vt 0.542251 3.249989
vt 0.583285 3.499989
vt 0.583285 3.249989
vt 0.621926 3.499989
vt 0.621926 3.249989
vt 0.705746 1.732935
vt 0.806857 1.711744
vt 0.905874 3.249989
vt 0.705746 3.249989
vt 0.905874 1.682264
vt 1.094937 3.249989
vt 1.267764 3.249989
vt 1.094937 1.599329
vt 1.002121 1.644703
vt 0.687667 3.499989
vt 0.657058 3.249989
vt 0.687667 3.249989
vt 0.657058 3.499989
vt 1.159453 1.962393
vt 1.381139 1.995803
vt 1.482622 0.749777
vt 1.524987 0.747976
vt 1.596453 1.745730
vt 1.524987 3.499989
vt 1.566436 3.499989
vt 1.566436 0.739041
vt 1.566436 3.249989
vt 2.041240 1.896316
vt 1.827019 1.962393
vt 1.605785 0.723233
vt 1.605785 3.499989
vt 1.827019 3.499989
vt 1.827019 -2.500011
vt 1.605327 1.995803
vt 2.041240 3.499989
vt 2.041240 -2.500011
vt 2.243230 3.499989
vt 2.243230 -2.500011
vt 2.243230 1.799038
vt 1.605785 -2.250011
vt 1.566436 -2.500011
vt 1.605785 -2.500011
vt 1.641893 -2.250011
vt 1.641893 -2.500011
vt 1.641893 0.701004
vt 1.673717 -2.250011
vt 1.673717 -2.500011
vt 2.428472 1.672750
vt 1.673717 0.672989
vt 2.592809 1.520260
vt 2.428472 3.499989
vt 2.428472 -2.500011
vt 2.592809 3.499989
vt 2.592809 -2.500011
vt 1.700365 0.639999
vt 2.732592 1.344980
vt 1.520260 3.499989
vt 1.344980 3.499989
vt 1.150827 3.499989
vt 1.721038 0.602975
vt 2.844689 1.150827
vt 0.602975 -2.250011
vt 0.639999 -2.500011
vt 0.602975 -2.500011
vt 0.562991 -2.250011
vt 0.562991 -2.500011
vt 1.735167 0.562991
vt 0.521206 -2.250011
vt 0.521206 -2.500011
vt 2.926592 0.942135
vt 1.742333 0.521206
vt 2.976482 0.723562
vt 0.942135 3.499989
vt 0.723562 3.499989
vt 2.993236 0.500003
vt 0.276437 3.499989
vt 1.742333 0.478799
vt 2.976482 0.276437
vt 0.478799 -2.250011
vt 0.478799 -2.500011
vt 0.437008 -2.250011
vt 0.437008 -2.500011
vt 1.735167 0.437008
vt 0.397024 -2.250011
vt 0.397024 -2.500011
vt 2.926592 0.057870
vt 1.721038 0.397024
vt 0.057870 3.499989
vt -0.150827 3.499989
vt 2.844689 -0.150827
vt 1.700365 0.360012
vt 2.732592 -0.344980
vt -0.344980 3.499989
vt -0.520261 3.499989
vt 1.673717 0.327017
vt 2.592809 -0.520261
vt 0.327017 -2.250011
vt 0.360012 -2.500011
vt 0.327017 -2.500011
vt 1.641893 0.298996
vt 2.428472 -0.672745
vt 1.605785 0.276773
vt 2.243230 -0.799039
vt 2.041240 -0.896305
vt 1.566436 0.260958
vt 1.827019 -0.962394
vt 1.566436 -2.250011
vt 1.524987 -2.250011
vt 1.524987 -2.500011
vt 1.482622 -2.250011
vt 1.482622 -2.500011
vt 1.605327 -0.995804
vt 1.381139 -0.995804
vt 1.440563 -2.250011
vt 1.440563 -2.500011
vt 1.605785 3.249989
vt 1.995354 -0.644718
vt 2.176921 -0.546457
vt 2.176921 3.249989
vt 2.176921 -2.250011
vt 1.995354 3.249989
vt 1.995354 -2.250011
vt 2.339837 -0.419657
vt 2.339837 -2.250011
vt 2.339837 3.249989
vt 2.479656 -0.267765
vt 2.592571 -0.094938
vt 2.675505 0.094125
vt 2.726183 0.294259
vt 2.743236 0.500003
vt 2.726183 0.705746
vt 0.437008 3.499989
vt 0.478799 3.249989
vt 0.437008 3.249989
vt 0.478799 3.499989
vt 0.521206 3.249989
vt 0.397024 3.499989
vt 0.397024 3.249989
vt 0.360012 3.499989
vt 0.360012 3.249989
vt 0.327017 3.499989
vt 1.673717 3.499989
vt 1.673717 3.249989
vt 1.641893 3.499989
vt 0.327017 3.249989
vt 1.641893 3.249989
vt 0.521206 3.499989
vt 0.562991 3.499989
vt 0.562991 3.249989
vt 0.602975 3.249989
vt 2.592571 1.094937
vt 2.675505 0.905874
vt 2.479656 1.267764
vt 2.339837 1.419656
vt 1.419656 3.249989
vt 2.176921 1.546457
vt 1.995354 1.644717
vt 1.800090 1.711752
vt 0.672989 3.499989
vt 0.672989 3.249989
vt 0.639999 3.499989
vt 0.639999 3.249989
vt 0.602975 3.499989
vt 0.672989 -2.250011
vt 0.672989 -2.500011
vt 0.639999 -2.250011
vt 0.360012 -2.250011
vt 1.644717 1.002100
vt 1.896316 1.047999
vt 1.711752 0.806849
vt 1.799038 1.249989
vt 1.546457 1.183668
vt 1.672750 1.435230
vt -3.006764 1.435230
vt 0.558001 1.435230
vt 0.648253 1.344971
vt 0.558001 3.499989
vt 0.472972 1.520240
vt 0.393657 3.499989
vt 0.393657 1.599561
vt -3.006764 1.520260
vt 1.435238 1.672742
vt 1.520260 1.599561
vt -3.006764 1.599561
vt 1.419656 1.346595
vt 1.267764 1.486414
vt 1.344980 1.739356
vt 1.346603 1.419642
vt 1.183688 1.546448
vt 0.942135 1.933350
vt 1.150827 1.851441
vt 0.723562 1.983228
vt 0.500003 1.999989
vt 0.612094 1.995789
vt 0.276437 1.983228
vt 0.387906 1.995789
vt 0.166220 1.962379
vt 0.500003 1.749989
vt 0.294259 1.732935
vt 0.057870 1.933350
vt 0.603225 1.745716
vt 0.396774 1.745716
vt -0.150827 1.851441
vt -0.344980 1.739356
vt -0.250003 1.799024
vt -0.435233 1.672742
vt -0.048014 1.896302
vt 0.833786 1.962379
vt 1.048013 1.896302
vt 1.250003 1.799024
vt -3.006764 -0.599596
vt 2.532150 0.499841
vt 2.516501 0.608672
vt 2.532150 0.608782
vt 5.432144 0.608782
vt 5.432144 0.653448
vt 2.532150 0.653448
vt 2.516501 0.499841
vt 2.532150 0.716900
vt 2.516501 0.716680
vt 2.501242 0.608355
vt 2.501242 0.716052
vt 2.516501 0.391003
vt 2.532150 0.390893
vt 2.501242 0.499841
vt 5.432144 0.499841
vt 5.432144 0.390893
vt 2.532150 0.346227
vt 5.432144 0.346227
vt 2.532150 0.282781
vt 2.516501 0.282995
vt 2.516501 0.176635
vt 2.501242 0.283624
vt 2.501242 0.391320
vt 2.486746 0.391845
vt 2.486746 0.499841
vt 2.473367 0.499841
vt 2.473367 0.607116
vt 2.486746 0.607830
vt 2.473367 0.713586
vt 2.486746 0.715008
vt 2.473367 0.818420
vt 2.486746 0.820544
vt 2.461441 0.917346
vt 2.473367 0.920831
vt 2.461441 0.815783
vt 0.815783 -0.676630
vt 0.711816 -0.699677
vt 0.812695 -0.665106
vt 2.461441 0.711816
vt 0.913262 -0.633392
vt 0.917346 -0.644598
vt 0.908685 -0.620819
vt 1.005041 -0.580914
vt 1.010687 -0.593048
vt 1.097540 -0.532758
vt 1.015734 -0.603863
vt 1.104229 -0.544354
vt 1.185491 -0.476740
vt 1.090289 -0.520209
vt 1.177178 -0.464862
vt 1.268231 -0.413239
vt 1.193164 -0.487689
vt 1.258904 -0.402142
vt 1.334863 -0.332538
vt 1.249102 -0.390448
vt 1.324072 -0.321747
vt 1.345111 -0.342792
vt 1.392773 -0.246783
vt 1.404461 -0.256586
vt 1.441863 -0.157135
vt 1.454681 -0.166095
vt 1.380792 -0.236713
vt 1.495770 -0.072516
vt 1.509320 -0.080341
vt 1.467175 -0.174860
vt 0.691436 0.384515
vt 1.542095 0.016473
vt 2.432150 0.384515
vt 2.332144 0.418585
vt 2.432150 0.418585
vt 0.708611 0.418585
vt 2.432150 0.353839
vt 2.332144 0.384515
vt 0.668737 0.353839
vt 0.563702 0.463165
vt 0.569427 0.474518
vt 2.332144 0.455072
vt 0.719787 0.455072
vt 2.332144 0.474518
vt 2.432150 0.474518
vt 2.332144 0.486676
vt 0.573156 0.486676
vt 2.332144 0.463165
vt 2.432150 0.463165
vt 0.542419 0.476276
vt 0.546234 0.483844
vt 2.432150 0.486676
vt 0.537371 0.469452
vt 2.432150 0.476276
vt 1.932150 0.483844
vt 2.432150 0.483844
vt 2.432150 0.469452
vt 1.932150 0.476276
vt 0.499841 0.502484
vt 0.548718 0.491949
vt 1.932150 0.491949
vt 0.499841 0.552484
vt 0.495599 0.552301
vt 0.504077 0.552301
vt 0.452032 0.517120
vt 0.455194 0.524994
vt 0.450244 0.508832
vt 0.483184 0.455341
vt 0.475451 0.458832
vt 0.468432 0.463580
vt 0.531249 0.463580
vt 0.540038 0.532220
vt 0.544488 0.524994
vt 0.534435 0.538580
vt 0.487243 0.550873
vt 0.449890 0.500360
vt 0.491387 0.453204
vt 0.527838 0.543915
vt 0.479241 0.548053
vt 0.450958 0.491949
vt 0.499841 0.452484
vt 0.520434 0.548053
vt 0.471838 0.543915
vt 0.453448 0.483844
vt 0.508288 0.453204
vt 0.549798 0.500360
vt 0.512438 0.550873
vt 0.465240 0.538580
vt 0.457263 0.476276
vt 0.516497 0.455341
vt 0.549432 0.508832
vt 0.459637 0.532220
vt 0.462304 0.469452
vt 0.524224 0.458832
vt 0.547643 0.517120
vt 2.432150 0.524994
vt 1.932150 0.524994
vt 1.932150 0.532220
vt 2.432150 0.517120
vt 1.932150 0.517120
vt 0.566809 0.536249
vt 2.432150 0.508832
vt 0.571551 0.524445
vt 2.332144 0.547089
vt 2.432150 0.536249
vt 2.432150 0.547089
vt 2.332144 0.536249
vt 2.432150 0.524445
vt 0.560137 0.547089
vt 0.551733 0.556635
vt 2.332144 0.556635
vt 2.432150 0.556635
vt 0.625836 0.688898
vt 0.655523 0.664923
vt 0.541839 0.564618
vt 2.332144 0.551733
vt 2.432150 0.551733
vt 2.332144 0.541839
vt 2.432150 0.541839
vt 2.332144 0.530731
vt 0.530731 0.570831
vt 0.592517 0.707513
vt 2.432150 0.530731
vt 2.432150 0.534435
vt 1.932150 0.527838
vt 2.432150 0.527838
vt 2.432150 0.532220
vt 1.932150 0.538580
vt 2.432150 0.538580
vt 1.932150 0.534435
vt 1.932150 0.520434
vt 2.432150 0.520434
vt 1.932150 0.512438
vt 2.432150 0.512438
vt 0.518737 0.575067
vt 2.332144 0.506201
vt 2.432150 0.518737
vt 2.432150 0.506201
vt 2.332144 0.518737
vt 0.506201 0.577203
vt 2.332144 0.499841
vt 0.499841 0.577484
vt 2.432150 0.499841
vt 0.499841 0.727484
vt 0.480755 0.726666
vt 2.332144 0.493475
vt 0.493475 0.577203
vt 2.432150 0.480755
vt 2.332144 0.480755
vt 2.332144 0.443145
vt 0.443145 0.720221
vt 0.300140 1.635016
vt 0.399609 1.648114
vt 2.432150 0.443145
vt 0.499841 1.652484
vt 2.432150 0.518920
vt 2.332144 0.518920
vt 0.518920 0.726666
vt 2.432150 0.556530
vt 2.332144 0.556530
vt 0.556530 0.720221
vt 2.432150 0.592517
vt 2.332144 0.592517
vt 0.893157 1.583136
vt 0.985851 1.544733
vt 1.074841 1.498407
vt 2.432150 0.625836
vt 1.082659 1.511969
vt 0.992462 1.558917
vt 1.090289 1.525177
vt 0.998913 1.572748
vt 0.898510 1.597833
vt 0.801531 1.628412
vt 0.903729 1.612177
vt 0.797485 1.613300
vt 0.699536 1.635016
vt 0.600067 1.648114
vt 0.702252 1.650409
vt 0.601434 1.663690
vt 0.704901 1.665448
vt 0.805474 1.643146
vt 0.908685 1.625800
vt 0.809234 1.657147
vt 0.707421 1.679730
vt 0.812695 1.670074
vt 0.913262 1.638361
vt 0.917346 1.649579
vt 1.015734 1.608820
vt 1.010687 1.598004
vt 2.473367 1.115289
vt 2.461441 1.015734
vt 2.473367 1.020043
vt 2.461441 1.110192
vt 1.110192 1.559650
vt 2.486746 1.119390
vt 2.486746 1.023504
vt 2.486746 1.210552
vt 2.501242 1.214001
vt 2.501242 1.122393
vt 2.516501 1.216107
vt 2.516501 1.124224
vt 2.501242 1.026043
vt 2.501242 0.925695
vt 2.516501 1.027593
vt 2.486746 0.923638
vt 2.501242 0.822094
vt 2.461441 0.606231
vt 2.461441 0.499841
vt 2.516501 0.823040
vt 2.532150 0.729528
vt 2.532150 0.576794
vt 2.532150 0.422888
vt 5.432144 0.282781
vt 5.447793 0.391003
vt 5.432144 0.422888
vt 5.447793 0.499841
vt 5.447793 0.282995
vt 5.463052 0.391320
vt 5.463052 0.499841
vt 5.477548 0.499841
vt 5.463052 0.608355
vt 5.477548 0.607830
vt 5.447793 0.608672
vt 5.463052 0.716052
vt 5.477548 0.715008
vt 5.477548 0.820544
vt 5.490921 0.818420
vt 5.490921 0.713586
vt 5.502853 0.815783
vt 5.490921 0.920831
vt 5.502853 0.917346
vt 0.815783 1.681598
vt 5.502853 1.015734
vt 1.005041 1.585883
vt 1.104229 1.549310
vt 1.097540 1.537726
vt 1.185491 1.481696
vt 1.177178 1.469818
vt 1.168426 1.457318
vt 1.258904 1.407111
vt 1.249102 1.395416
vt 1.313012 1.315655
vt 1.324072 1.326715
vt 1.239044 1.383429
vt 1.159448 1.444501
vt 0.709741 1.692902
vt 0.711816 1.704657
vt 5.502853 0.711816
vt 5.490921 0.607116
vt 0.606231 1.718549
vt 5.502853 0.606231
vt 5.490921 0.499841
vt 5.502853 0.499841
vt 0.499841 1.723187
vt 0.605193 1.706659
vt 0.499841 1.711261
vt 0.604022 1.693329
vt 0.499841 1.697882
vt 0.602758 1.678888
vt 0.499841 1.683392
vt 0.499841 1.668133
vt 0.398248 1.663690
vt 0.297424 1.650409
vt 0.294775 1.665448
vt 0.396917 1.678888
vt 0.292260 1.679730
vt 0.395654 1.693329
vt 0.289935 1.692902
vt 0.394482 1.706659
vt 0.287866 1.704657
vt 0.393444 1.718549
vt 5.490921 0.286096
vt 5.502853 0.393444
vt 5.490921 0.392559
vt 5.502853 0.287866
vt 5.477548 0.284667
vt 5.477548 0.391845
vt 5.463052 0.283624
vt 5.447793 0.176635
vt 5.463052 0.177581
vt 5.447793 0.072735
vt 5.463052 0.073992
vt 5.477548 0.179138
vt 5.477548 0.076043
vt 5.490921 0.181262
vt 5.490921 0.078845
vt 5.502853 0.183892
vt 5.502853 0.082330
vt 0.082330 1.649579
vt 0.186981 1.670074
vt 0.183892 1.681598
vt 0.086413 1.638361
vt 0.190447 1.657147
vt 0.090991 1.625800
vt 0.194201 1.643146
vt 0.095947 1.612177
vt 0.198144 1.628412
vt 0.101165 1.597833
vt 0.202197 1.613300
vt 0.106518 1.583136
vt 0.013824 1.544733
vt 0.007214 1.558917
vt -0.090613 1.525177
vt 0.000768 1.572748
vt -0.082984 1.511969
vt -0.097864 1.537726
vt -0.005359 1.585883
vt -0.104548 1.549310
vt -0.011011 1.598004
vt -0.110517 1.559650
vt -0.016053 1.608820
vt 5.490921 -0.115613
vt 5.502853 -0.016053
vt 5.490921 -0.020362
vt 5.502853 -0.110517
vt 5.477548 -0.119715
vt 5.477548 -0.023829
vt 5.463052 -0.122712
vt 5.463052 -0.026368
vt 5.447793 -0.124549
vt 5.447793 -0.027918
vt 5.432144 -0.125159
vt 5.447793 -0.216425
vt 5.432144 -0.158198
vt 2.532150 -0.125159
vt 2.532150 -0.028437
vt 5.432144 -0.028437
vt 2.532150 -0.022614
vt 5.432144 -0.022614
vt 2.532150 0.072314
vt 5.432144 0.072314
vt 2.532150 0.120898
vt 5.432144 0.120898
vt 2.532150 0.176312
vt 5.432144 0.176312
vt 2.532150 0.270147
vt 5.432144 0.270147
vt 2.516501 0.072735
vt 2.501242 0.073992
vt 2.501242 0.177581
vt 2.501242 -0.026368
vt 2.486746 0.076043
vt 2.486746 -0.023829
vt 2.473367 -0.020362
vt 2.473367 -0.115613
vt 2.486746 -0.119715
vt 2.501242 -0.122712
vt 2.486746 -0.210877
vt 2.473367 -0.206177
vt 2.473367 -0.291370
vt -0.206177 1.510785
vt -0.115613 1.568475
vt -0.200336 1.502423
vt -0.284821 1.437604
vt -0.291370 1.445404
vt -0.363337 1.365656
vt -0.354896 1.357220
vt -0.277149 1.428461
vt -0.345435 1.347748
vt -0.415888 1.270880
vt -0.426142 1.279474
vt -0.479371 1.188129
vt -0.435279 1.287152
vt -0.490333 1.195807
vt -0.467499 1.179828
vt -0.522858 1.092926
vt -0.535407 1.100177
vt -0.570417 1.001556
vt -0.583564 1.007684
vt -0.546998 1.106866
vt -0.609846 0.906378
vt -0.623469 0.911334
vt -0.595685 1.013336
vt -0.636042 0.915900
vt -0.606501 1.018378
vt -0.557331 1.112836
vt 2.461441 1.112836
vt 2.461441 1.018378
vt 2.473367 1.117926
vt -0.508454 1.208502
vt -0.566150 1.117926
vt -0.500110 1.202655
vt 2.473367 1.022687
vt 2.486746 1.122028
vt 2.486746 1.213202
vt 2.473367 1.208502
vt 2.501242 1.216644
vt 2.501242 1.302826
vt 2.486746 1.298956
vt 2.516501 1.305170
vt 2.516501 1.385492
vt 2.501242 1.382904
vt 2.516501 -0.302857
vt 2.516501 -0.383173
vt 2.532150 -0.303644
vt 2.501242 -0.380585
vt 2.532150 1.305975
vt 2.532150 1.372650
vt 2.532150 1.386359
vt 2.532150 -0.384040
vt 5.432144 -0.384040
vt 5.432144 -0.303644
vt 2.532150 -0.283814
vt 5.432144 -0.283814
vt 2.532150 -0.217133
vt 2.516501 -0.216425
vt 2.516501 -0.124549
vt 2.501242 -0.300501
vt 2.501242 -0.214326
vt 2.486746 -0.296638
vt 2.486746 -0.376337
vt 2.473367 -0.370539
vt 2.473367 1.372858
vt 2.473367 1.293695
vt 2.486746 1.378668
vt -0.443085 1.293695
vt -0.370539 1.372858
vt 2.516501 -0.027918
vt 2.532150 -0.158198
vt 5.432144 -0.217133
vt 5.447793 -0.302857
vt 5.463052 -0.214326
vt 5.447793 -0.383173
vt 5.463052 -0.300501
vt 5.477548 -0.210877
vt 5.477548 -0.296638
vt 5.490921 -0.206177
vt 5.490921 -0.291370
vt -0.193488 1.492657
vt -0.185816 1.481696
vt -0.268549 1.418219
vt -0.177503 1.469818
vt -0.259229 1.407111
vt -0.168751 1.457318
vt -0.075159 1.498407
vt -0.159772 1.444501
vt -0.249427 1.395416
vt -0.239368 1.383429
vt -0.313331 1.315655
vt -0.324396 1.326715
vt -0.393098 1.251740
vt -0.404786 1.261554
vt -0.335181 1.337518
vt 5.477548 1.298956
vt 5.490921 1.372858
vt 5.477548 1.378668
vt 5.490921 1.293695
vt 5.477548 -0.376337
vt 5.490921 -0.370539
vt 5.463052 1.302826
vt 5.463052 1.382904
vt 5.463052 -0.380585
vt 5.447793 1.305170
vt 5.447793 1.385492
vt 5.447793 1.218744
vt 5.432144 1.305975
vt 5.432144 1.372650
vt 5.432144 1.386359
vt 5.432144 1.255768
vt 5.432144 1.219452
vt 2.532150 1.255768
vt 2.532150 1.219452
vt 2.516501 1.218744
vt 2.501242 1.125031
vt 2.516501 1.126874
vt 2.516501 1.030243
vt 2.532150 1.127472
vt 2.501242 1.028693
vt 2.486746 1.026154
vt 2.486746 0.926276
vt 2.501242 0.928339
vt 2.516501 0.929596
vt 2.501242 0.824750
vt 2.486746 0.823187
vt 2.473367 0.716229
vt 2.486746 0.717645
vt 2.473367 0.821063
vt 2.473367 0.609760
vt 2.486746 0.610480
vt 2.501242 0.718695
vt 2.501242 0.611005
vt 2.516501 0.719330
vt 2.516501 0.825690
vt 2.532150 0.826007
vt 2.532150 0.844562
vt 5.432144 0.826007
vt 5.432144 0.844562
vt 2.532150 0.930011
vt 5.432144 0.930011
vt 2.532150 0.989716
vt 5.432144 0.989716
vt 2.532150 1.030756
vt 5.432144 1.030756
vt 5.432144 1.127472
vt 5.447793 1.126874
vt 5.447793 1.030243
vt 5.463052 1.125031
vt 5.447793 0.929596
vt 5.463052 1.028693
vt 5.477548 1.122028
vt 5.463052 1.216644
vt 5.477548 1.213202
vt 5.490921 1.208502
vt 5.490921 1.117926
vt -0.454999 1.171075
vt -0.509638 1.085297
vt -0.442188 1.162091
vt -0.381116 1.241693
vt -0.496094 1.077484
vt -0.542420 0.988495
vt -0.556592 0.995111
vt -0.595508 0.901154
vt -0.647254 0.919989
vt 5.490921 0.923480
vt 5.502853 1.018378
vt 5.490921 1.022687
vt 5.502853 0.919989
vt 5.502853 1.112836
vt 5.477548 0.926276
vt 5.477548 1.026154
vt 5.463052 0.928339
vt 5.463052 0.824750
vt 5.447793 0.825690
vt 5.447793 0.719330
vt 5.463052 0.718695
vt 5.477548 0.823187
vt 5.477548 0.717645
vt 5.490921 0.821063
vt 5.490921 0.716229
vt 5.502853 0.818426
vt 5.502853 0.714459
vt -0.702326 0.714459
vt -0.667756 0.815338
vt -0.679273 0.818426
vt -0.690577 0.712396
vt -0.654828 0.811871
vt -0.677399 0.710065
vt -0.640827 0.808124
vt -0.663123 0.707538
vt -0.626087 0.804169
vt -0.580811 0.895807
vt -0.610975 0.800128
vt -0.648096 0.704889
vt -0.632691 0.702179
vt -0.676569 0.605402
vt -0.661371 0.604083
vt -0.645783 0.602704
vt -0.650159 0.502484
vt -0.665803 0.502484
vt -0.661371 0.400885
vt -0.676569 0.399567
vt -0.681061 0.502484
vt -0.691010 0.398297
vt -0.695557 0.502484
vt -0.704340 0.397125
vt -0.708942 0.502484
vt -0.691010 0.606659
vt -0.704340 0.607831
vt -0.720875 0.502484
vt -0.716224 0.608868
vt 5.490921 0.502484
vt 5.502853 0.608868
vt 5.490921 0.609760
vt 5.502853 0.502484
vt 5.477548 0.502484
vt 5.477548 0.610480
vt 5.463052 0.502484
vt 5.463052 0.611005
vt 5.447793 0.502484
vt 5.447793 0.611322
vt 5.432144 0.611432
vt 5.432144 0.694220
vt 2.532150 0.694220
vt 2.532150 0.719550
vt 5.432144 0.719550
vt 2.532150 0.611432
vt 2.532150 0.540985
vt 2.516501 0.611322
vt 5.432144 0.540985
vt 2.516501 0.502484
vt 2.501242 0.502484
vt 2.486746 0.502484
vt 2.501242 0.393964
vt 2.486746 0.394489
vt 2.486746 0.287311
vt 2.516501 0.393646
vt 2.501242 0.286273
vt 2.516501 0.285638
vt 2.532150 0.387152
vt 2.532150 0.393536
vt 2.532150 0.502484
vt 5.432144 0.393536
vt 5.432144 0.502484
vt 5.447793 0.393646
vt 5.432144 0.387152
vt 5.447793 0.285638
vt 5.463052 0.393964
vt 5.463052 0.286273
vt 5.477548 0.394489
vt 5.477548 0.287311
vt 5.490921 0.395197
vt 5.490921 0.288739
vt 5.502853 0.396088
vt 5.502853 0.290509
vt -0.702326 0.290509
vt -0.716224 0.396088
vt 5.490921 0.183905
vt 5.502853 0.186530
vt -0.679273 0.186530
vt -0.690577 0.292584
vt -0.667756 0.189618
vt -0.677399 0.294904
vt -0.654828 0.193097
vt -0.663123 0.297418
vt -0.640827 0.196844
vt -0.648096 0.300067
vt -0.626087 0.200787
vt -0.632691 0.302789
vt -0.645783 0.402252
vt -0.610975 0.204840
vt -0.580811 0.109161
vt -0.595508 0.103803
vt -0.609846 0.098590
vt -0.570417 0.003412
vt -0.556592 0.009869
vt -0.542420 0.016473
vt -0.509638 -0.080341
vt -0.522858 -0.087970
vt -0.496094 -0.072516
vt -0.454999 -0.166095
vt -0.467499 -0.174860
vt -0.442188 -0.157135
vt -0.404786 -0.256586
vt -0.393098 -0.246783
vt -0.381116 -0.236713
vt -0.313331 -0.310687
vt -0.324396 -0.321747
vt -0.259229 -0.402142
vt -0.335181 -0.332538
vt -0.249427 -0.390448
vt -0.268549 -0.413239
vt -0.345435 -0.342792
vt -0.277149 -0.423492
vt -0.354896 -0.352252
vt -0.415888 -0.265900
vt -0.426142 -0.274506
vt -0.479371 -0.183173
vt -0.490333 -0.190851
vt -0.535407 -0.095221
vt -0.546998 -0.101898
vt -0.583564 -0.002704
vt -0.595685 -0.008368
vt -0.623469 0.093634
vt -0.636042 0.089056
vt -0.647254 0.084979
vt -0.606501 -0.013409
vt 5.490921 -0.112970
vt 5.502853 -0.013409
vt 5.490921 -0.017718
vt 5.502853 -0.107880
vt -0.557331 -0.107880
vt 5.502853 0.084979
vt 5.477548 -0.117072
vt 5.477548 -0.021185
vt 5.490921 0.081488
vt 5.477548 0.078680
vt 5.463052 0.076642
vt 5.477548 0.181781
vt 5.463052 -0.023724
vt 5.447793 -0.025262
vt 5.447793 -0.121906
vt 5.463052 -0.120074
vt 5.463052 -0.211688
vt 5.447793 -0.213788
vt 5.432144 -0.187970
vt 5.432144 -0.214484
vt 5.432144 -0.122516
vt 5.432144 -0.301007
vt 5.447793 -0.300214
vt 5.447793 -0.380536
vt 5.463052 -0.297858
vt 5.432144 -0.310797
vt 5.432144 -0.381403
vt 2.532150 -0.310797
vt 2.532150 -0.301007
vt 2.516501 -0.300214
vt 2.532150 -0.214484
vt 2.532150 -0.381403
vt 2.516501 -0.380536
vt 2.516501 -0.213788
vt 2.501242 -0.297858
vt 2.501242 -0.377948
vt 2.532150 -0.187970
vt 2.516501 -0.121906
vt 2.501242 -0.211688
vt 2.486746 -0.208234
vt 2.486746 -0.294000
vt 2.501242 -0.120074
vt 2.486746 -0.117072
vt 2.501242 -0.023724
vt 2.516501 -0.025262
vt 2.532150 0.074957
vt 2.532150 -0.025787
vt 2.516501 0.075385
vt 2.532150 -0.122516
vt 2.532150 -0.054681
vt 5.432144 -0.054681
vt 5.432144 -0.025787
vt 5.432144 0.074957
vt 5.447793 0.075385
vt 5.432144 0.087042
vt 5.463052 0.180231
vt 5.447793 0.179279
vt 5.432144 0.178961
vt 2.532150 0.178961
vt 2.532150 0.235065
vt 5.432144 0.235065
vt 2.532150 0.285419
vt 5.432144 0.285419
vt 2.516501 0.179279
vt 2.532150 0.087042
vt 2.501242 0.180231
vt 2.501242 0.076642
vt 2.486746 -0.021185
vt 2.486746 0.078680
vt 2.473367 -0.017718
vt 2.473367 -0.112970
vt -0.500110 -0.197687
vt -0.566150 -0.112970
vt 2.461441 -0.107880
vt 2.473367 -0.203534
vt -0.508454 -0.203534
vt -0.435279 -0.282172
vt -0.363337 -0.360699
vt -0.443085 -0.288727
vt -0.370539 -0.367889
vt 2.473367 -0.288727
vt 2.473367 -0.367889
vt -0.284821 -0.432635
vt 2.486746 -0.373688
vt -0.291370 -0.440448
vt -0.200336 -0.497467
vt -0.193488 -0.487689
vt -0.097864 -0.532758
vt -0.104548 -0.544354
vt -0.185816 -0.476740
vt -0.090613 -0.520209
vt -0.177503 -0.464862
vt -0.082984 -0.506989
vt 0.007214 -0.553949
vt 0.000768 -0.567780
vt -0.005359 -0.580914
vt 0.095947 -0.607196
vt 0.101165 -0.592865
vt 0.198144 -0.623444
vt 0.106518 -0.578168
vt 0.202197 -0.608331
vt 0.424883 0.290326
vt 0.013824 -0.539777
vt -0.075159 -0.493451
vt 0.390112 0.306049
vt 2.432150 0.358489
vt 2.332144 0.390112
vt 2.432150 0.390112
vt -0.159772 -0.439545
vt 0.358489 0.327423
vt 2.332144 0.424883
vt 2.432150 0.424883
vt 2.332144 0.461816
vt 0.474853 0.431769
vt 0.461816 0.280719
vt 0.463262 0.437006
vt 2.332144 0.463262
vt 2.432150 0.463262
vt 2.332144 0.474853
vt 0.452722 0.444135
vt 2.332144 0.452722
vt 2.432150 0.452722
vt 2.432150 0.474853
vt 2.432150 0.462304
vt 1.932150 0.468432
vt 2.432150 0.468432
vt 1.932150 0.475451
vt 2.432150 0.475451
vt 1.932150 0.469452
vt 0.443536 0.452936
vt 1.932150 0.462304
vt 0.435974 0.463165
vt 2.332144 0.452936
vt 2.432150 0.452936
vt 2.432150 0.443536
vt 2.332144 0.443536
vt 0.330938 0.353839
vt 0.308239 0.384515
vt 0.430248 0.474518
vt 0.426519 0.486676
vt 2.432150 0.491949
vt 2.432150 0.500360
vt 0.424908 0.499310
vt 1.932150 0.500360
vt 0.425451 0.512018
vt 1.932150 0.508832
vt 2.332144 0.512018
vt 2.432150 0.512018
vt 2.332144 0.499310
vt 0.428124 0.524445
vt 2.432150 0.499310
vt 0.279888 0.455072
vt 0.275042 0.492938
vt 0.276666 0.531061
vt 2.432150 0.531061
vt 2.332144 0.531061
vt 2.332144 0.492938
vt 2.432150 0.492938
vt 2.432150 0.568365
vt 0.284698 0.568365
vt 0.291064 0.418585
vt 2.473367 0.502484
vt 2.461441 0.396088
vt 2.473367 0.395197
vt 2.461441 0.502484
vt 2.461441 0.290509
vt 2.473367 0.288739
vt 2.461441 0.186530
vt 2.473367 0.183905
vt 2.461441 0.084979
vt 2.473367 0.081488
vt 2.486746 0.181781
vt 2.461441 -0.013409
vt -0.239368 -0.378473
vt -0.168751 -0.452350
vt 2.332144 0.353839
vt 2.432150 0.330938
vt 2.332144 0.358489
vt 2.332144 0.330938
vt 2.461441 0.608868
vt 2.461441 0.714459
vt 2.461441 0.818426
vt 2.473367 0.923480
vt 2.461441 0.919989
vt 0.298931 0.603778
vt 2.432150 0.636273
vt 2.332144 0.603778
vt 2.432150 0.603778
vt 0.318939 0.636273
vt 2.332144 0.568365
vt 0.432867 0.536249
vt 2.332144 0.524445
vt 0.439538 0.547089
vt 2.432150 0.471838
vt 1.932150 0.465240
vt 2.432150 0.465240
vt 0.447943 0.556635
vt 2.332144 0.447943
vt 2.432150 0.457836
vt 2.432150 0.447943
vt 0.457836 0.564618
vt 0.468951 0.570831
vt 2.332144 0.457836
vt 2.432150 0.468951
vt 0.344152 0.664923
vt 0.373846 0.688898
vt 2.332144 0.468951
vt 0.407165 0.707513
vt 0.480938 0.575067
vt 2.332144 0.480938
vt 2.432150 0.480938
vt 2.432150 0.493475
vt 2.432150 0.504077
vt 1.932150 0.504077
vt 1.932150 0.499841
vt 2.432150 0.495599
vt -0.567856 0.499841
vt 2.432150 0.508288
vt 0.508288 0.551764
vt 0.578057 0.996320
vt 0.499841 1.002484
vt 0.491387 0.551764
vt -0.567856 0.491387
vt 2.432150 0.491387
vt 0.345330 0.978009
vt 0.421624 0.996320
vt 0.483184 0.549628
vt -0.567856 0.483184
vt 0.272845 0.947980
vt 2.432150 0.483184
vt -0.567856 0.475451
vt 0.475451 0.546124
vt 0.205950 0.906989
vt -0.567856 0.205950
vt 2.432150 0.272845
vt -0.567856 0.272845
vt 2.432150 0.345330
vt -0.567856 0.345330
vt 2.432150 0.421624
vt 0.468432 0.541388
vt -0.567856 0.468432
vt -0.567856 0.462304
vt 0.462304 0.535516
vt 0.146282 0.856036
vt 0.095330 0.796368
vt -0.567856 0.796368
vt 2.432150 0.856036
vt -0.567856 0.856036
vt -0.567856 0.146282
vt 2.432150 0.146282
vt 2.432150 0.205950
vt 0.457263 0.528705
vt -0.567856 0.528705
vt 2.432150 0.535516
vt 2.432150 0.528705
vt -0.567856 0.535516
vt -0.567856 0.521136
vt 0.453448 0.521136
vt 0.054339 0.729474
vt 0.024310 0.656989
vt -0.567856 0.656989
vt 2.432150 0.729474
vt -0.567856 0.729474
vt 2.432150 0.796368
vt 2.432150 0.656989
vt 2.432150 0.521136
vt -0.567856 0.513019
vt 2.432150 0.513019
vt 0.450958 0.513019
vt -0.567856 0.504608
vt 0.449890 0.504608
vt -0.000165 0.502484
vt 0.005993 0.580695
vt -0.567856 0.502484
vt 2.432150 0.580695
vt -0.567856 0.580695
vt 2.432150 0.502484
vt 0.450244 0.496136
vt 0.005993 0.424261
vt -0.567856 0.424261
vt 2.432150 0.424261
vt -0.567856 0.496136
vt 2.432150 0.504608
vt 2.432150 0.496136
vt -0.567856 0.487836
vt 2.432150 0.487836
vt 0.452032 0.487836
vt 0.054339 0.275494
vt 0.024310 0.347980
vt 0.455194 0.479974
vt -0.567856 0.479974
vt 0.095330 0.208588
vt 0.459637 0.472760
vt 2.432150 0.479974
vt -0.567856 0.472760
vt 2.432150 0.472760
vt 0.465240 0.466388
vt -0.567856 0.466388
vt 2.432150 0.466388
vt -0.567856 0.465240
vt -0.567856 0.471838
vt 0.471838 0.461066
vt 0.205950 0.097980
vt 0.146282 0.148920
vt -0.567856 0.148920
vt 2.432150 0.148920
vt 2.432150 0.208588
vt -0.567856 0.208588
vt -0.567856 0.479241
vt 2.432150 0.479241
vt 0.479241 0.456927
vt -0.567856 0.487243
vt 0.487243 0.454095
vt 0.345330 0.026947
vt 0.272845 0.056976
vt 0.495599 0.452655
vt 0.421624 0.008636
vt -0.567856 0.421624
vt 2.432150 0.487243
vt -0.567856 0.495599
vt 0.499841 0.002484
vt 0.504077 0.452655
vt -0.567856 0.504077
vt 0.654351 0.026947
vt 0.578057 0.008636
vt 0.512438 0.454095
vt -0.567856 0.512438
vt 0.726837 0.056976
vt -0.567856 0.520434
vt 0.520434 0.456927
vt -0.567856 0.726837
vt 2.432150 0.726837
vt 2.432150 0.654351
vt -0.567856 0.654351
vt 2.432150 0.578057
vt 0.527838 0.461066
vt 0.793731 0.097980
vt -0.567856 0.793731
vt 2.432150 0.793731
vt -0.567856 0.534435
vt 0.534435 0.466388
vt -0.567856 0.527838
vt 0.540038 0.472760
vt 0.904345 0.208588
vt 0.853393 0.148920
vt -0.567856 0.853393
vt 2.432150 0.853393
vt 0.544488 0.479974
vt 0.945342 0.275494
vt -0.567856 0.275494
vt 2.432150 0.275494
vt 0.547643 0.487836
vt 0.993682 0.424261
vt 0.975366 0.347980
vt 0.549432 0.496136
vt 0.999841 0.502484
vt 0.549798 0.504608
vt 0.548718 0.513019
vt 0.993682 0.580695
vt 0.975366 0.656989
vt 0.546234 0.521136
vt 0.945342 0.729474
vt 0.542419 0.528705
vt 0.904345 0.796368
vt 0.853393 0.856036
vt 0.537371 0.535516
vt 0.793731 0.906989
vt 0.531249 0.541388
vt -0.567856 0.531249
vt 2.432150 0.537371
vt 2.432150 0.531249
vt -0.567856 0.537371
vt -0.567856 0.524224
vt 0.524224 0.546124
vt 0.726837 0.947980
vt 0.654351 0.978009
vt -0.567856 0.516497
vt 2.432150 0.524224
vt 2.432150 0.516497
vt 0.516497 0.549628
vt -0.567856 0.508288
vt -0.567856 0.578057
vt 2.432150 0.347980
vt -0.567856 0.347980
vt 1.932150 0.508288
vt 0.512512 0.428571
vt 0.499841 0.427484
vt 0.487164 0.428571
vt 1.932150 0.491387
vt 1.932150 0.483184
vt 2.432150 0.487164
vt 2.332144 0.487164
vt 0.499841 0.277484
vt 2.432150 0.461816
vt 2.332144 0.537866
vt 0.537866 0.280719
vt 2.432150 0.537866
vt 2.332144 0.574792
vt 0.574792 0.290326
vt 2.332144 0.512512
vt 2.432150 0.512512
vt 2.332144 0.524822
vt 0.524822 0.431769
vt 0.609570 0.306049
vt 0.536413 0.437006
vt 2.432150 0.524822
vt 2.332144 0.536413
vt 2.432150 0.536413
vt 2.332144 0.546954
vt 0.546954 0.444135
vt 0.641186 0.327423
vt 2.432150 0.546954
vt 1.932150 0.524224
vt 1.932150 0.516497
vt 1.932150 0.531249
vt 0.556140 0.452936
vt 1.932150 0.537371
vt 2.332144 0.556140
vt 2.432150 0.556140
vt 2.432150 0.641186
vt 2.332144 0.641186
vt 2.332144 0.668737
vt 2.432150 0.668737
vt 1.313012 -0.310687
vt 1.239044 -0.378473
vt 1.159448 -0.439545
vt 2.432150 0.609570
vt 2.432150 0.574792
vt 2.332144 0.609570
vt 0.985851 -0.539777
vt 1.074841 -0.493451
vt 1.082659 -0.506989
vt 0.992462 -0.553949
vt 0.898510 -0.592865
vt 0.903729 -0.607196
vt 0.998913 -0.567780
vt 0.805474 -0.638178
vt 0.809234 -0.652191
vt 0.709741 -0.687933
vt 0.707421 -0.674750
vt 0.605193 -0.701691
vt 0.606231 -0.713580
vt 0.499841 -0.718231
vt 2.473367 0.392559
vt 2.461441 0.393444
vt 0.499841 -0.706293
vt 0.393444 -0.713580
vt 0.604022 -0.688361
vt 0.499841 -0.692914
vt 0.394482 -0.701691
vt 0.289935 -0.687933
vt 0.395654 -0.688361
vt 0.287866 -0.699677
vt 0.396917 -0.673932
vt 0.499841 -0.678424
vt 0.292260 -0.674750
vt 0.294775 -0.660480
vt 0.190447 -0.652191
vt 0.186981 -0.665106
vt 0.086413 -0.633392
vt 0.183892 -0.676630
vt 0.082330 -0.644598
vt 2.461441 0.082330
vt 2.461441 -0.016053
vt 2.473367 0.078845
vt 2.461441 0.183892
vt -0.016053 -0.603863
vt -0.011011 -0.593048
vt -0.110517 -0.554681
vt 2.461441 -0.110517
vt -0.206177 -0.505804
vt -0.115613 -0.563507
vt 2.532150 -0.091529
vt 5.432144 -0.091529
vt 5.477548 -0.373688
vt 5.490921 -0.367889
vt 5.490921 -0.288727
vt 5.477548 -0.294000
vt 5.490921 -0.203534
vt 5.477548 -0.208234
vt 5.463052 -0.377948
vt 5.432144 -0.342286
vt 5.432144 -0.222376
vt 2.532150 -0.342286
vt 2.532150 -0.222376
vt 0.194201 -0.638178
vt 0.090991 -0.620819
vt 5.432144 0.048290
vt 2.532150 0.048290
vt 2.486746 0.179138
vt 2.486746 0.284667
vt 2.473367 0.286096
vt 2.473367 0.181262
vt 2.461441 0.287866
vt 2.532150 0.194946
vt 5.432144 0.194946
vt 0.297424 -0.645453
vt 0.300140 -0.630048
vt 0.398248 -0.658734
vt 0.399609 -0.643134
vt 0.499841 -0.647516
vt 0.499841 -0.663165
vt 0.602758 -0.673932
vt 0.601434 -0.658734
vt 5.447793 0.716680
vt 5.463052 0.822094
vt 5.447793 0.823040
vt 5.447793 0.926946
vt 5.463052 0.925695
vt 5.477548 0.923638
vt 0.704901 -0.660480
vt 0.702252 -0.645453
vt 0.801531 -0.623444
vt 0.699536 -0.630048
vt 0.797485 -0.608331
vt 0.893157 -0.578168
vt 1.168426 -0.452350
vt 1.110192 -0.554681
vt 5.490921 1.115289
vt 5.490921 1.020043
vt 5.502853 1.110192
vt 5.477548 1.119390
vt 5.477548 1.023504
vt 5.463052 1.122393
vt 5.463052 1.026043
vt 5.447793 1.124224
vt 5.447793 1.027593
vt 5.432144 1.028112
vt 5.432144 0.951391
vt 2.532150 0.951391
vt 2.532150 0.927361
vt 5.432144 0.927361
vt 2.532150 0.823364
vt 5.432144 0.823364
vt 2.532150 0.804730
vt 5.432144 0.804730
vt 5.432144 0.716900
vt 2.516501 0.926946
vt 2.473367 1.205853
vt 2.473367 1.291046
vt 2.486746 1.296313
vt 1.284497 -0.432635
vt 1.363012 -0.360699
vt 1.291046 -0.440448
vt 1.205853 -0.505804
vt 1.370220 -0.367889
vt 2.473367 1.370220
vt 1.434954 -0.282172
vt 2.486746 1.376019
vt 1.442761 -0.288727
vt 1.499786 -0.197687
vt 1.490014 -0.190851
vt 1.425817 -0.274506
vt 1.479052 -0.183173
vt 1.535082 -0.095221
vt 1.546673 -0.101898
vt 1.557006 -0.107880
vt 1.595361 -0.008368
vt 1.583239 -0.002704
vt 1.623144 0.093634
vt 1.609527 0.098590
vt 1.570098 0.003412
vt 1.640502 0.196844
vt 1.654504 0.193097
vt 1.635723 0.089056
vt 1.667431 0.189618
vt 1.646935 0.084979
vt 1.606182 -0.013409
vt 1.508129 -0.203534
vt 1.565826 -0.112970
vt 1.354571 -0.352252
vt 1.276824 -0.423492
vt 1.522534 -0.087970
vt 1.556268 0.009869
vt 1.595184 0.103803
vt 1.580487 0.109161
vt 1.610650 0.204840
vt 1.625762 0.200787
vt 1.662799 0.297418
vt 1.647772 0.300067
vt 1.677075 0.294904
vt 1.690252 0.292584
vt 1.415563 -0.265900
vt 1.678954 0.186530
vt 1.702001 0.290509
vt 1.715899 0.396088
vt 1.720550 0.502484
vt 1.704015 0.397125
vt 1.708618 0.502484
vt 1.690686 0.398297
vt 1.695239 0.502484
vt 1.676244 0.399567
vt 1.680743 0.502484
vt 1.661047 0.400885
vt 1.665484 0.502484
vt 1.645458 0.402252
vt 1.632366 0.302789
vt 1.649841 0.502484
vt 1.645458 0.602704
vt 1.661047 0.604083
vt 1.632366 0.702179
vt 1.647772 0.704889
vt 1.625762 0.804169
vt 1.640502 0.808124
vt 1.662799 0.707538
vt 1.654504 0.811871
vt 1.677075 0.710065
vt 1.676244 0.605402
vt 1.690686 0.606659
vt 1.690252 0.712396
vt 1.704015 0.607831
vt 1.702001 0.714459
vt 1.715899 0.608868
vt 1.606182 1.018378
vt 1.635723 0.915900
vt 1.646935 0.919989
vt 1.667431 0.815338
vt 1.678954 0.818426
vt 1.595361 1.013336
vt 1.623144 0.911334
vt 1.583239 1.007684
vt 1.609527 0.906378
vt 1.570098 1.001556
vt 1.595184 0.901154
vt 1.610650 0.800128
vt 1.580487 0.895807
vt 1.556268 0.995111
vt 1.542095 0.988495
vt 1.495770 1.077484
vt 1.509320 1.085297
vt 1.467175 1.179828
vt 1.522534 1.092926
vt 1.454681 1.171075
vt 1.479052 1.188129
vt 1.535082 1.100177
vt 1.490014 1.195807
vt 1.546673 1.106866
vt 1.499786 1.202655
vt 1.557006 1.112836
vt 1.508129 1.208502
vt 1.565826 1.117926
vt 1.442761 1.293695
vt 1.434954 1.287152
vt 1.370220 1.372858
vt 5.477548 1.296313
vt 5.490921 1.370220
vt 5.477548 1.376019
vt 5.490921 1.291046
vt 1.291046 1.445404
vt 1.363012 1.365656
vt 1.284497 1.437604
vt 1.354571 1.357220
vt 1.425817 1.279474
vt 1.415563 1.270880
vt 1.404461 1.261554
vt 1.345111 1.347748
vt 1.276824 1.428461
vt 1.268231 1.418219
vt 1.334863 1.337518
vt 1.392773 1.251740
vt 1.441863 1.162091
vt 1.380792 1.241693
vt 1.193164 1.492657
vt 1.200012 1.502423
vt 1.115289 1.568475
vt 1.205853 1.510785
vt 5.490921 1.205853
vt 5.477548 1.210552
vt 5.463052 1.214001
vt 5.447793 1.216107
vt 5.463052 1.300176
vt 5.432144 1.216809
vt 5.432144 1.283496
vt 5.447793 1.302532
vt 5.463052 1.380261
vt 5.447793 1.382855
vt 5.432144 1.303326
vt 2.532150 1.303326
vt 2.532150 1.383727
vt 5.432144 1.383727
vt 2.516501 1.382855
vt 2.516501 1.302532
vt 2.501242 1.380261
vt 2.501242 1.300176
vt 2.532150 1.216809
vt 2.532150 1.283496
vt 2.532150 1.157879
vt 5.432144 1.157879
vt 5.432144 1.124835
vt 2.532150 1.124835
vt 2.532150 1.028112
vt 2.532150 1.022290
vt 5.432144 1.022290
vt 5.432144 0.878778
vt 2.532150 0.878778
vt 5.432144 0.729528
vt 5.432144 0.576794
vt 0.700744 0.603778
vt 0.714977 0.568365
vt 2.332144 0.636273
vt 0.680737 0.636273
vt 2.332144 0.664923
vt 0.574237 0.512018
vt 0.723022 0.531061
vt 0.724633 0.492938
vt 2.432150 0.455072
vt 0.574767 0.499310
vt 2.432150 0.664923
vt 2.432150 0.655523
vt 2.332144 0.625836
vt 2.332144 0.655523
vt 1.200012 -0.497467
vt 1.115289 -0.563507
vt 5.432144 1.222058
vt 5.432144 1.341961
vt 2.532150 1.341961
vt 2.532150 1.222058
vt 2.532150 1.091204
vt 5.432144 1.091204
vt 0.600067 -0.643134
vt 1.932150 0.487243
vt 1.932150 0.495599
vt 1.932150 0.479241
vt 2.332144 0.407165
vt 2.432150 0.407165
vt 2.332144 0.373846
vt 2.432150 0.373846
vt 2.332144 0.344152
vt 2.432150 0.344152
vt 1.932150 0.471838
s 0
usemtl Steel_Glossy
f 2/1/1 6/2/1 1/3/1
f 1/4/2 3/5/2 2/6/2
f 1/4/3 5/7/3 3/5/3
f 1/3/1 7/8/1 4/9/1
f 4/10/3 5/7/3 1/4/3
f 1/3/1 6/2/1 7/8/1
f 7/4/4 8/11/4 9/12/4
f 7/4/5 10/13/5 8/11/5
f 4/9/1 7/8/1 9/14/1
f 6/15/6 10/13/6 7/4/6
f 6/15/7 12/16/7 10/13/7
f 10/17/8 11/18/8 8/8/8
f 10/17/9 12/2/9 11/18/9
f 12/2/10 13/19/10 14/20/10
f 6/15/11 13/21/11 12/16/11
f 11/18/12 12/2/12 14/20/12
f 14/20/13 17/22/13 15/23/13
f 15/24/14 18/25/14 14/26/14
f 14/26/14 16/27/14 11/16/14
f 14/26/14 18/25/14 16/27/14
f 14/20/15 13/19/15 17/22/15
f 21/28/16 16/29/16 18/30/16
f 19/31/17 18/30/17 22/32/17
f 21/28/18 18/30/18 19/31/18
f 15/24/14 20/33/14 18/25/14
f 22/32/19 18/30/19 20/34/19
f 23/35/20 22/36/20 24/33/20
f 19/25/21 22/36/21 23/35/21
f 22/32/22 20/34/22 24/37/22
f 24/37/23 20/34/23 25/38/23
f 26/39/24 24/33/24 25/40/24
f 23/35/25 24/33/25 26/39/25
f 27/41/26 26/42/26 30/43/26
f 27/41/26 23/37/26 26/42/26
f 30/43/26 26/42/26 28/44/26
f 28/45/27 26/46/27 29/47/27
f 26/39/28 25/40/28 29/48/28
f 31/49/29 27/50/29 30/51/29
f 31/52/30 30/53/30 32/54/30
f 32/54/30 30/53/30 33/55/30
f 30/43/26 28/44/26 33/56/26
f 32/54/31 33/55/31 34/57/31
f 34/57/31 33/55/31 35/58/31
f 33/56/26 36/59/26 35/60/26
f 33/56/26 28/44/26 36/59/26
f 35/60/26 36/59/26 37/61/26
f 37/62/32 36/63/32 38/64/32
f 36/63/33 40/65/33 38/64/33
f 28/45/34 39/66/34 36/63/34
f 36/63/35 39/66/35 40/65/35
f 39/66/36 41/67/36 40/65/36
f 40/65/37 42/68/37 38/64/37
f 40/65/38 41/67/38 42/68/38
f 42/69/14 41/70/14 45/71/14
f 38/64/39 42/68/39 46/72/39
f 44/73/14 43/74/14 42/69/14
f 46/72/40 42/68/40 43/75/40
f 44/73/14 42/69/14 45/71/14
f 37/62/41 46/72/41 47/76/41
f 38/64/42 46/72/42 37/62/42
f 46/72/43 43/75/43 47/76/43
f 37/62/44 47/76/44 48/77/44
f 48/77/45 47/76/45 49/78/45
f 47/76/46 43/75/46 49/78/46
f 48/77/47 49/78/47 50/79/47
f 49/78/48 51/80/48 50/79/48
f 49/78/49 43/75/49 51/80/49
f 54/81/14 51/82/14 43/74/14
f 50/79/50 51/80/50 55/83/50
f 53/84/14 52/85/14 51/82/14
f 55/83/51 51/80/51 52/86/51
f 53/84/14 51/82/14 54/81/14
f 55/83/52 56/87/52 50/79/52
f 57/88/53 56/87/53 55/83/53
f 55/83/54 52/86/54 57/88/54
f 57/88/55 59/89/55 56/87/55
f 57/88/56 60/90/56 58/91/56
f 58/91/57 59/89/57 57/88/57
f 57/88/55 52/86/55 60/90/55
f 63/92/58 61/93/58 60/90/58
f 61/93/53 62/94/53 60/90/53
f 60/90/56 62/94/56 58/91/56
f 52/86/55 63/92/55 60/90/55
f 63/92/59 64/95/59 61/93/59
f 65/96/60 64/95/60 63/92/60
f 67/97/14 63/98/14 52/85/14
f 66/99/14 65/100/14 63/98/14
f 66/99/14 63/98/14 67/97/14
f 67/97/14 52/85/14 53/84/14
f 68/101/61 66/102/61 67/103/61
f 53/104/62 70/105/62 67/103/62
f 68/101/61 67/103/61 69/106/61
f 67/103/63 71/107/63 69/106/63
f 67/103/64 70/105/64 71/107/64
f 72/108/65 69/106/65 71/107/65
f 72/108/66 71/107/66 73/109/66
f 73/109/67 71/107/67 70/105/67
f 34/60/1 73/110/1 74/111/1
f 73/109/68 76/112/68 74/113/68
f 75/114/1 73/110/1 34/60/1
f 75/114/1 72/115/1 73/110/1
f 73/109/69 70/105/69 76/112/69
f 74/113/70 76/112/70 77/116/70
f 77/116/71 76/112/71 53/104/71
f 53/104/72 76/112/72 70/105/72
f 54/117/73 78/118/73 77/116/73
f 53/104/74 54/117/74 77/116/74
f 74/113/75 77/116/75 78/118/75
f 54/117/76 79/119/76 78/118/76
f 74/113/77 78/118/77 80/120/77
f 80/120/78 78/118/78 79/119/78
f 32/56/1 80/121/1 31/43/1
f 32/56/1 74/111/1 80/121/1
f 31/43/1 80/121/1 81/122/1
f 80/120/79 82/123/79 81/124/79
f 80/120/80 79/119/80 82/123/80
f 83/125/81 82/123/81 44/126/81
f 81/124/82 82/123/82 83/125/82
f 44/126/83 82/123/83 79/119/83
f 44/126/84 45/127/84 83/125/84
f 45/127/85 84/128/85 83/125/85
f 81/124/86 83/125/86 84/128/86
f 85/129/87 84/130/87 86/131/87
f 81/132/88 84/130/88 85/129/88
f 45/133/89 86/134/89 84/135/89
f 85/129/90 86/131/90 87/136/90
f 88/137/91 87/138/91 86/134/91
f 88/137/92 86/134/92 45/133/92
f 88/131/14 89/48/14 20/33/14
f 45/71/14 89/48/14 88/131/14
f 88/137/93 15/23/93 90/139/93
f 88/131/14 20/33/14 15/24/14
f 90/139/94 87/138/94 88/137/94
f 91/140/95 87/136/95 90/24/95
f 15/23/96 92/141/96 90/139/96
f 91/140/97 90/24/97 92/142/97
f 93/143/98 92/142/98 17/26/98
f 91/140/99 92/142/99 93/143/99
f 15/23/100 17/22/100 92/141/100
f 94/144/1 93/22/1 2/1/1
f 94/144/1 91/139/1 93/22/1
f 93/143/101 17/26/101 13/21/101
f 93/143/102 13/21/102 6/15/102
f 2/1/1 93/22/1 6/2/1
f 94/145/103 95/146/103 96/147/103
f 94/145/104 97/148/104 95/146/104
f 96/149/1 91/139/1 94/144/1
f 2/6/104 97/148/104 94/145/104
f 3/3/26 98/150/26 97/1/26
f 2/6/2 3/5/2 97/148/2
f 97/1/26 99/151/26 95/144/26
f 97/1/26 98/150/26 99/151/26
f 95/144/26 99/151/26 100/152/26
f 100/153/105 99/154/105 101/155/105
f 99/154/106 103/156/106 101/155/106
f 98/5/107 102/157/107 99/154/107
f 99/154/108 102/157/108 103/156/108
f 102/150/109 104/158/109 103/159/109
f 103/159/110 105/160/110 101/151/110
f 103/159/111 104/158/111 105/160/111
f 106/11/14 105/155/14 104/157/14
f 101/151/112 105/160/112 107/161/112
f 11/16/14 16/27/14 105/155/14
f 107/161/113 105/160/113 16/29/113
f 11/16/14 105/155/14 106/11/14
f 100/153/114 107/162/114 108/27/114
f 101/155/115 107/162/115 100/153/115
f 107/161/116 16/29/116 108/152/116
f 100/153/117 108/27/117 109/163/117
f 109/163/118 108/27/118 21/164/118
f 108/152/119 16/29/119 21/28/119
f 110/149/26 109/31/26 23/37/26
f 110/149/26 100/152/26 109/31/26
f 23/35/120 109/163/120 19/25/120
f 109/163/121 21/164/121 19/25/121
f 95/144/26 100/152/26 110/149/26
f 96/147/103 95/146/103 110/165/103
f 96/147/122 110/165/122 111/166/122
f 111/166/122 110/165/122 27/50/122
f 110/149/26 23/37/26 27/41/26
f 111/41/1 85/134/1 96/149/1
f 111/166/29 27/50/29 31/49/29
f 31/43/1 81/122/1 111/41/1
f 111/41/1 81/122/1 85/134/1
f 106/11/14 104/157/14 112/167/14
f 8/8/123 11/18/123 106/158/123
f 113/168/124 106/158/124 112/169/124
f 8/8/125 106/158/125 113/168/125
f 113/168/126 112/169/126 114/14/126
f 9/12/127 113/170/127 114/167/127
f 9/12/128 8/11/128 113/170/128
f 114/167/129 116/171/129 115/172/129
f 115/172/130 9/12/130 114/167/130
f 114/14/131 112/169/131 116/173/131
f 115/172/132 116/171/132 118/174/132
f 116/173/133 112/169/133 117/175/133
f 116/173/134 117/175/134 118/176/134
f 115/172/135 118/174/135 119/177/135
f 118/176/136 117/175/136 120/178/136
f 119/177/137 118/174/137 120/179/137
f 120/178/138 117/175/138 121/180/138
f 120/178/139 121/180/139 122/181/139
f 119/177/140 120/179/140 122/182/140
f 122/182/141 124/183/141 123/184/141
f 123/184/142 119/177/142 122/182/142
f 122/181/143 121/180/143 124/185/143
f 123/184/144 124/183/144 125/186/144
f 124/185/145 121/180/145 126/187/145
f 124/185/146 126/187/146 125/188/146
f 126/186/14 127/189/14 130/190/14
f 126/186/14 128/191/14 127/189/14
f 121/182/14 128/191/14 126/186/14
f 131/192/147 126/187/147 129/193/147
f 126/186/14 130/190/14 129/194/14
f 125/188/148 126/187/148 131/192/148
f 131/128/149 129/127/149 133/125/149
f 132/124/150 131/128/150 133/125/150
f 132/195/151 125/186/151 131/196/151
f 133/125/152 129/127/152 135/123/152
f 133/125/153 135/123/153 134/120/153
f 134/120/154 132/124/154 133/125/154
f 135/123/155 129/127/155 136/126/155
f 135/123/156 136/126/156 137/119/156
f 134/120/157 135/123/157 137/119/157
f 137/119/158 136/126/158 138/118/158
f 139/113/159 137/119/159 138/118/159
f 134/120/160 137/119/160 139/113/160
f 140/197/1 139/198/1 142/199/1
f 140/197/1 134/200/1 139/198/1
f 142/199/1 139/198/1 141/201/1
f 141/109/161 139/113/161 143/116/161
f 139/113/162 138/118/162 143/116/162
f 143/116/163 145/117/163 144/112/163
f 143/116/164 144/112/164 141/109/164
f 138/118/165 145/117/165 143/116/165
f 138/118/166 136/126/166 145/117/166
f 136/202/14 148/203/14 145/204/14
f 144/112/167 145/117/167 146/104/167
f 145/204/14 147/205/14 146/206/14
f 145/204/14 148/203/14 147/205/14
f 148/68/168 151/65/168 149/64/168
f 147/75/169 148/68/169 149/64/169
f 136/202/14 150/207/14 148/203/14
f 150/67/170 152/66/170 148/68/170
f 148/68/171 152/66/171 151/65/171
f 153/45/172 152/66/172 154/208/172
f 153/45/173 151/65/173 152/66/173
f 150/67/174 154/208/174 152/66/174
f 153/45/175 154/208/175 156/46/175
f 155/47/176 154/208/176 150/67/176
f 156/46/177 154/208/177 155/47/177
f 159/209/26 156/210/26 157/211/26
f 156/212/178 158/213/178 157/214/178
f 156/212/179 155/190/179 158/213/179
f 153/215/26 156/210/26 159/209/26
f 160/216/26 153/215/26 159/209/26
f 161/217/180 160/218/180 159/219/180
f 161/217/181 159/219/181 162/220/181
f 162/220/181 159/219/181 163/221/181
f 159/209/26 157/211/26 163/222/26
f 162/220/182 163/221/182 164/223/182
f 164/223/182 163/221/182 165/224/182
f 163/222/26 166/225/26 165/226/26
f 163/222/26 157/211/26 166/225/26
f 166/227/183 169/191/183 167/228/183
f 166/227/184 167/228/184 170/229/184
f 157/214/185 168/230/185 166/227/185
f 166/227/186 168/230/186 169/191/186
f 165/226/26 166/225/26 170/231/26
f 5/9/26 170/231/26 171/232/26
f 170/229/187 172/233/187 171/234/187
f 165/226/26 170/231/26 5/9/26
f 170/229/188 173/235/188 172/233/188
f 170/229/189 167/228/189 173/235/189
f 128/236/190 173/231/190 167/237/190
f 174/238/191 173/231/191 128/236/191
f 174/238/192 172/239/192 173/231/192
f 121/182/14 174/235/14 128/191/14
f 117/174/14 174/235/14 121/182/14
f 117/174/14 175/240/14 174/235/14
f 175/241/193 176/232/193 174/238/193
f 176/232/194 172/239/194 174/238/194
f 171/234/195 176/240/195 177/242/195
f 171/234/196 172/233/196 176/240/196
f 177/243/197 176/232/197 175/241/197
f 171/234/198 177/242/198 98/5/198
f 98/5/199 177/242/199 102/157/199
f 177/243/200 175/241/200 102/150/200
f 102/150/201 175/241/201 104/158/201
f 112/167/14 104/157/14 175/240/14
f 112/167/14 175/240/14 117/174/14
f 3/3/26 171/232/26 98/150/26
f 5/9/26 171/232/26 3/3/26
f 128/236/202 167/237/202 169/225/202
f 169/225/203 168/244/203 127/245/203
f 127/245/204 128/236/204 169/225/204
f 157/214/205 178/189/205 168/230/205
f 127/245/206 168/244/206 178/211/206
f 127/245/207 178/211/207 130/246/207
f 130/246/208 178/211/208 158/247/208
f 157/214/209 158/213/209 178/189/209
f 164/223/210 165/224/210 4/10/210
f 4/10/210 165/224/210 5/7/210
f 164/226/1 115/176/1 162/222/1
f 4/9/1 9/14/1 164/226/1
f 164/226/1 9/14/1 115/176/1
f 162/222/1 115/176/1 119/181/1
f 162/222/1 119/181/1 161/209/1
f 161/209/1 123/188/1 179/216/1
f 179/248/180 160/218/180 161/217/180
f 161/209/1 119/181/1 123/188/1
f 179/216/1 132/249/1 180/250/1
f 180/54/211 181/55/211 179/52/211
f 179/52/211 181/55/211 160/53/211
f 179/216/1 123/188/1 132/249/1
f 182/197/26 183/251/26 181/250/26
f 180/54/212 182/58/212 181/55/212
f 181/250/26 184/252/26 160/216/26
f 181/250/26 183/251/26 184/252/26
f 160/216/26 184/252/26 153/215/26
f 184/63/213 151/65/213 153/45/213
f 184/63/214 149/64/214 151/65/214
f 183/62/215 185/72/215 184/63/215
f 184/63/216 185/72/216 149/64/216
f 149/64/217 185/72/217 147/75/217
f 147/75/218 185/72/218 186/76/218
f 183/62/219 186/76/219 185/72/219
f 188/80/220 186/76/220 187/78/220
f 183/62/221 187/78/221 186/76/221
f 147/75/222 186/76/222 188/80/222
f 190/253/14 188/254/14 189/255/14
f 189/86/223 188/80/223 191/79/223
f 146/206/14 147/205/14 188/254/14
f 188/80/224 187/78/224 191/79/224
f 146/206/14 188/254/14 190/253/14
f 192/77/225 191/79/225 187/78/225
f 192/77/226 193/83/226 191/79/226
f 193/83/227 189/86/227 191/79/227
f 194/87/228 193/83/228 192/77/228
f 194/87/229 195/88/229 193/83/229
f 195/88/230 189/86/230 193/83/230
f 196/91/231 197/90/231 195/88/231
f 194/87/231 196/91/231 195/88/231
f 195/88/61 197/90/61 189/86/61
f 197/90/229 198/94/229 200/93/229
f 197/90/61 199/256/61 198/94/61
f 196/91/232 199/256/232 197/90/232
f 201/92/233 197/90/233 200/93/233
f 189/86/61 197/90/61 201/92/61
f 204/257/14 201/258/14 202/259/14
f 201/92/234 200/93/234 202/96/234
f 203/260/14 189/255/14 201/258/14
f 203/260/14 201/258/14 204/257/14
f 204/257/14 202/259/14 205/261/14
f 204/262/235 208/263/235 203/102/235
f 204/262/236 205/264/236 206/265/236
f 206/265/237 207/266/237 204/262/237
f 204/262/238 207/266/238 208/263/238
f 209/267/239 208/263/239 207/266/239
f 209/267/240 210/268/240 208/263/240
f 203/102/241 208/263/241 210/268/241
f 211/269/242 210/268/242 209/267/242
f 211/269/243 212/101/243 210/268/243
f 203/102/244 210/268/244 212/101/244
f 213/106/245 212/101/245 214/91/245
f 213/106/55 190/103/55 212/101/55
f 214/91/245 212/101/245 211/269/245
f 190/103/55 203/102/55 212/101/55
f 214/91/246 215/270/246 213/106/246
f 216/271/247 215/270/247 214/91/247
f 211/269/248 216/271/248 214/91/248
f 216/271/249 218/272/249 215/270/249
f 220/273/26 216/274/26 211/275/26
f 219/276/26 217/277/26 216/274/26
f 217/278/249 218/272/249 216/271/249
f 219/276/26 216/274/26 220/273/26
f 221/279/250 220/280/250 223/281/250
f 222/282/250 220/280/250 221/279/250
f 222/282/251 219/283/251 220/280/251
f 220/273/26 211/275/26 223/199/26
f 223/199/26 209/201/26 224/197/26
f 225/284/252 223/281/252 224/285/252
f 223/199/26 211/275/26 209/201/26
f 221/279/252 223/281/252 225/284/252
f 225/197/1 226/252/1 228/251/1
f 227/250/1 226/252/1 225/197/1
f 225/284/212 224/285/212 227/286/212
f 225/197/1 228/251/1 221/199/1
f 221/199/1 228/251/1 229/287/1
f 228/288/253 232/289/253 229/290/253
f 230/291/254 231/292/254 228/288/254
f 228/288/255 226/293/255 230/291/255
f 228/288/219 231/292/219 232/289/219
f 229/290/256 232/289/256 233/294/256
f 234/295/257 232/289/257 231/292/257
f 234/295/258 233/294/258 232/289/258
f 234/295/259 231/292/259 235/296/259
f 202/96/260 233/294/260 234/295/260
f 236/297/14 234/298/14 235/299/14
f 205/261/14 202/259/14 234/298/14
f 205/261/14 234/298/14 236/297/14
f 237/300/261 238/301/261 236/302/261
f 236/302/262 240/303/262 237/300/262
f 236/302/263 238/301/263 239/304/263
f 236/302/264 239/304/264 205/264/264
f 236/297/14 235/299/14 240/305/14
f 240/305/14 243/306/14 241/307/14
f 240/305/14 241/307/14 242/308/14
f 242/187/265 244/188/265 240/193/265
f 240/305/14 235/299/14 243/306/14
f 240/193/266 245/192/266 237/249/266
f 240/193/267 244/188/267 245/192/267
f 246/309/268 245/310/268 244/308/268
f 247/311/150 237/300/150 245/312/150
f 247/313/269 245/310/269 246/309/269
f 248/216/26 247/249/26 249/209/26
f 248/216/26 250/200/26 247/249/26
f 249/209/26 247/249/26 246/188/26
f 250/314/270 238/301/270 247/311/270
f 247/311/271 238/301/271 237/300/271
f 250/314/157 239/304/157 238/301/157
f 253/250/26 251/198/26 250/200/26
f 251/315/272 252/316/272 250/314/272
f 250/314/273 252/316/273 239/304/273
f 253/250/26 250/200/26 248/216/26
f 254/317/211 253/318/211 248/319/211
f 227/286/211 253/318/211 254/317/211
f 227/286/212 224/285/212 253/318/212
f 224/197/26 251/198/26 253/250/26
f 254/216/1 255/215/1 227/250/1
f 254/320/180 248/321/180 257/322/180
f 254/216/1 256/210/1 255/215/1
f 257/209/1 256/210/1 254/216/1
f 257/209/1 258/211/1 256/210/1
f 259/222/1 258/211/1 257/209/1
f 257/322/181 249/323/181 259/324/181
f 257/322/180 248/321/180 249/323/180
f 259/222/1 260/231/1 261/225/1
f 262/226/1 260/231/1 259/222/1
f 259/222/1 261/225/1 258/211/1
f 259/324/182 263/325/182 262/326/182
f 259/324/181 249/323/181 263/325/181
f 262/326/182 263/325/182 264/327/182
f 249/209/26 246/188/26 263/222/26
f 263/222/26 265/181/26 264/226/26
f 263/222/26 246/188/26 265/181/26
f 265/328/140 268/329/140 266/330/140
f 265/328/274 266/330/274 269/331/274
f 246/309/275 267/332/275 265/328/275
f 265/328/276 267/332/276 268/329/276
f 264/226/26 265/181/26 269/176/26
f 273/9/26 269/176/26 270/14/26
f 269/331/277 271/333/277 270/334/277
f 269/331/132 272/335/132 271/333/132
f 269/331/278 266/330/278 272/335/278
f 264/226/26 269/176/26 273/9/26
f 274/336/3 273/337/3 276/338/3
f 275/339/3 273/337/3 274/336/3
f 275/339/210 264/327/210 273/337/210
f 273/9/26 270/14/26 276/3/26
f 274/336/2 276/338/2 279/340/2
f 276/3/26 278/8/26 277/1/26
f 279/340/2 276/338/2 277/341/2
f 276/3/26 270/14/26 278/8/26
f 279/1/1 280/151/1 274/3/1
f 279/1/1 281/152/1 280/151/1
f 282/144/1 281/152/1 279/1/1
f 279/340/104 277/341/104 282/342/104
f 282/144/1 284/31/1 281/152/1
f 282/342/103 285/343/103 283/344/103
f 283/149/1 284/31/1 282/144/1
f 282/342/104 277/341/104 285/343/104
f 277/1/26 287/2/26 285/144/26
f 283/344/103 285/343/103 286/345/103
f 285/144/26 288/22/26 286/149/26
f 285/144/26 287/2/26 288/22/26
f 289/346/279 290/347/279 288/348/279
f 288/348/280 287/349/280 289/346/280
f 288/348/101 290/347/101 291/350/101
f 288/348/281 291/350/281 292/351/281
f 286/149/26 288/22/26 292/139/26
f 296/41/26 292/139/26 293/134/26
f 293/352/282 292/351/282 294/353/282
f 292/351/97 295/354/97 294/353/97
f 292/351/283 291/350/283 295/354/283
f 286/149/26 292/139/26 296/41/26
f 297/355/29 296/356/29 299/357/29
f 298/358/29 296/356/29 297/355/29
f 298/358/122 286/345/122 296/356/122
f 296/41/26 293/134/26 299/43/26
f 299/43/26 301/122/26 300/56/26
f 302/286/30 299/319/30 300/318/30
f 299/43/26 293/134/26 301/122/26
f 297/317/30 299/319/30 302/286/30
f 302/56/1 303/59/1 297/43/1
f 302/56/1 305/61/1 303/59/1
f 302/286/31 300/318/31 304/284/31
f 304/60/1 305/61/1 302/56/1
f 306/292/284 303/293/284 305/288/284
f 306/292/41 305/288/41 307/289/41
f 307/289/285 305/288/285 308/294/285
f 308/294/286 305/288/286 309/290/286
f 304/60/1 309/359/1 305/61/1
f 64/95/287 309/290/287 61/93/287
f 308/294/47 309/290/47 64/95/47
f 61/93/288 309/290/288 62/94/288
f 310/114/1 62/360/1 309/359/1
f 310/114/1 309/359/1 304/60/1
f 310/279/289 313/281/289 311/282/289
f 311/361/1 62/360/1 310/114/1
f 304/284/290 312/285/290 310/279/290
f 310/279/290 312/285/290 313/281/290
f 311/282/289 313/281/289 314/280/289
f 312/60/26 315/111/26 313/114/26
f 313/114/26 316/110/26 314/361/26
f 313/114/26 315/111/26 316/110/26
f 317/265/291 318/266/291 316/267/291
f 316/267/292 315/315/292 317/265/292
f 316/267/69 318/266/69 319/263/69
f 316/267/293 319/263/293 320/269/293
f 314/361/26 316/110/26 320/115/26
f 323/362/26 320/115/26 321/363/26
f 321/271/61 320/269/61 68/101/61
f 320/269/65 322/268/65 68/101/65
f 320/269/294 319/263/294 322/268/294
f 314/361/26 320/115/26 323/362/26
f 324/364/295 323/283/295 326/365/295
f 324/364/296 314/280/296 323/283/296
f 323/362/26 321/363/26 325/366/26
f 326/365/295 323/283/295 325/367/295
f 326/366/1 327/368/1 329/369/1
f 328/370/1 327/368/1 326/366/1
f 326/365/297 325/367/297 328/371/297
f 326/366/1 329/369/1 324/362/1
f 59/89/298 329/372/298 331/373/298
f 59/89/298 330/256/298 329/372/298
f 324/362/1 329/369/1 330/374/1
f 331/373/299 329/372/299 327/375/299
f 332/366/26 331/369/26 333/368/26
f 59/374/26 331/369/26 332/366/26
f 331/373/299 327/375/299 333/376/299
f 333/376/300 327/375/300 334/377/300
f 333/376/300 334/377/300 335/378/300
f 336/370/26 333/368/26 335/379/26
f 332/366/26 333/368/26 336/370/26
f 337/380/297 332/381/297 336/382/297
f 337/380/301 336/382/301 338/383/301
f 338/383/301 336/382/301 339/384/301
f 336/370/26 335/379/26 339/385/26
f 338/383/302 339/384/302 340/386/302
f 340/386/302 339/384/302 341/387/302
f 339/385/26 342/388/26 341/389/26
f 339/385/26 335/379/26 342/388/26
f 341/389/26 342/388/26 345/390/26
f 335/378/303 343/391/303 342/392/303
f 342/392/304 343/391/304 344/393/304
f 342/392/304 344/393/304 345/394/304
f 341/389/26 345/390/26 346/395/26
f 346/395/26 345/390/26 348/396/26
f 345/39/305 344/397/305 347/398/305
f 345/39/305 347/398/305 348/35/305
f 348/35/306 347/398/306 349/399/306
f 348/35/306 349/399/306 350/163/306
f 351/400/26 348/396/26 350/401/26
f 346/395/26 348/396/26 351/400/26
f 352/402/307 346/403/307 351/404/307
f 352/402/308 351/404/308 353/405/308
f 353/405/308 351/404/308 354/406/308
f 351/400/26 350/401/26 354/407/26
f 353/405/309 354/406/309 355/408/309
f 355/408/309 354/406/309 356/409/309
f 354/407/26 357/410/26 356/411/26
f 354/407/26 350/401/26 357/410/26
f 356/411/26 357/410/26 360/412/26
f 350/163/310 358/413/310 357/153/310
f 357/153/311 358/413/311 359/414/311
f 357/153/311 359/414/311 360/154/311
f 356/411/26 360/412/26 362/415/26
f 360/154/312 359/414/312 361/336/312
f 360/154/312 361/336/312 362/5/312
f 362/5/313 361/336/313 363/416/313
f 362/5/313 363/416/313 364/234/313
f 365/417/26 362/415/26 364/418/26
f 356/411/26 362/415/26 365/417/26
f 366/419/14 356/409/14 365/420/14
f 366/419/314 365/420/314 367/421/314
f 367/421/314 365/420/314 368/422/314
f 365/417/26 364/418/26 368/423/26
f 367/421/315 368/422/315 369/424/315
f 369/424/315 368/422/315 370/425/315
f 368/423/26 371/426/26 370/427/26
f 368/423/26 364/418/26 371/426/26
f 364/234/316 372/428/316 371/229/316
f 371/229/317 372/428/317 373/429/317
f 371/229/317 373/429/317 374/227/317
f 370/427/26 371/426/26 374/430/26
f 375/431/26 374/430/26 377/432/26
f 370/427/26 374/430/26 375/431/26
f 374/227/318 373/429/318 376/433/318
f 374/227/318 376/433/318 377/214/318
f 377/214/319 376/433/319 378/434/319
f 377/214/319 378/434/319 379/212/319
f 380/435/26 377/432/26 379/436/26
f 375/431/26 377/432/26 380/435/26
f 381/437/320 375/438/320 380/439/320
f 381/386/321 380/387/321 382/383/321
f 382/383/321 380/387/321 383/384/321
f 380/435/26 379/436/26 383/440/26
f 382/383/322 383/384/322 384/380/322
f 384/380/322 383/384/322 385/382/322
f 383/440/26 386/441/26 385/442/26
f 383/440/26 379/436/26 386/441/26
f 379/394/323 387/391/323 386/392/323
f 386/392/324 387/391/324 388/377/324
f 386/392/324 388/377/324 389/378/324
f 385/442/26 386/441/26 389/443/26
f 389/378/325 388/377/325 390/375/325
f 389/378/325 390/375/325 391/376/325
f 385/442/26 389/443/26 391/444/26
f 391/376/326 390/375/326 392/372/326
f 391/376/326 392/372/326 393/373/326
f 394/445/26 391/444/26 393/446/26
f 385/442/26 391/444/26 394/445/26
f 395/447/327 394/381/327 396/448/327
f 395/447/328 385/382/328 394/381/328
f 396/448/327 394/381/327 397/449/327
f 394/445/26 393/446/26 397/276/26
f 396/448/251 397/449/251 398/450/251
f 398/450/251 397/449/251 399/451/251
f 397/276/26 400/452/26 399/273/26
f 397/276/26 393/446/26 400/452/26
f 393/373/329 199/256/329 400/89/329
f 400/89/330 196/91/330 194/87/330
f 400/89/331 199/256/331 196/91/331
f 399/273/26 400/452/26 194/453/26
f 398/450/250 399/451/250 142/454/250
f 142/454/250 399/451/250 401/455/250
f 399/273/26 194/453/26 401/199/26
f 142/454/252 401/455/252 140/57/252
f 140/57/252 401/455/252 182/58/252
f 401/199/26 192/287/26 182/197/26
f 401/199/26 194/453/26 192/287/26
f 398/273/1 402/275/1 396/276/1
f 142/199/1 141/201/1 398/273/1
f 398/273/1 141/201/1 402/275/1
f 396/276/1 402/275/1 215/274/1
f 215/270/55 402/108/55 213/106/55
f 402/108/243 404/107/243 213/106/243
f 141/109/332 403/105/332 402/108/332
f 402/108/333 403/105/333 404/107/333
f 403/105/334 146/104/334 404/107/334
f 404/107/335 190/103/335 213/106/335
f 404/107/336 146/104/336 190/103/336
f 144/112/337 146/104/337 403/105/337
f 141/109/239 144/112/239 403/105/239
f 396/276/1 215/274/1 395/445/1
f 395/445/1 215/274/1 218/277/1
f 395/445/1 218/277/1 384/442/1
f 384/380/328 385/382/328 395/447/328
f 393/373/329 392/372/329 199/256/329
f 405/445/1 392/446/1 390/444/1
f 199/452/1 392/446/1 405/445/1
f 405/445/1 390/444/1 407/442/1
f 406/276/1 199/452/1 405/445/1
f 405/365/327 409/367/327 406/364/327
f 407/371/328 408/456/328 405/365/328
f 405/365/328 408/456/328 409/367/328
f 408/442/26 410/457/26 409/445/26
f 406/364/327 409/367/327 219/283/327
f 409/445/26 217/277/26 219/276/26
f 409/445/26 410/457/26 217/277/26
f 408/442/26 411/458/26 410/457/26
f 411/459/338 412/460/338 410/461/338
f 410/461/338 412/460/338 413/462/338
f 410/461/339 413/462/339 217/278/339
f 382/440/1 413/457/1 412/458/1
f 384/442/1 413/457/1 382/440/1
f 217/278/339 413/462/339 218/272/339
f 384/442/1 218/277/1 413/457/1
f 381/435/1 412/458/1 414/463/1
f 411/459/340 414/464/340 412/460/340
f 382/440/1 412/458/1 381/435/1
f 415/465/340 414/464/340 411/459/340
f 415/313/341 417/184/341 414/195/341
f 416/431/1 414/463/1 417/466/1
f 381/435/1 414/463/1 416/431/1
f 416/431/1 417/466/1 369/427/1
f 369/427/1 417/466/1 418/467/1
f 419/309/342 418/177/342 417/184/342
f 419/309/341 417/184/341 415/313/341
f 420/431/26 419/466/26 421/435/26
f 420/431/26 422/467/26 419/466/26
f 421/435/26 419/466/26 415/463/26
f 422/328/342 418/177/342 419/309/342
f 423/427/26 422/467/26 420/431/26
f 423/427/26 424/468/26 422/467/26
f 424/331/343 425/172/343 422/328/343
f 422/328/343 425/172/343 418/177/343
f 425/468/1 426/469/1 366/417/1
f 424/331/344 426/12/344 425/172/344
f 367/423/1 425/468/1 366/417/1
f 367/423/1 418/467/1 425/468/1
f 427/334/344 426/12/344 424/331/344
f 427/334/345 428/4/345 426/12/345
f 366/417/1 426/469/1 428/470/1
f 355/411/1 428/470/1 429/471/1
f 366/417/1 428/470/1 355/411/1
f 430/338/346 429/15/346 428/4/346
f 430/338/345 428/4/345 427/334/345
f 432/411/26 431/471/26 430/470/26
f 431/349/346 429/15/346 430/338/346
f 432/411/26 430/470/26 433/417/26
f 433/417/26 430/470/26 427/469/26
f 434/472/314 433/473/314 436/474/314
f 435/475/314 433/473/314 434/472/314
f 435/475/14 432/476/14 433/473/14
f 433/417/26 427/469/26 436/423/26
f 437/477/315 436/474/315 423/478/315
f 434/472/315 436/474/315 437/477/315
f 436/423/26 424/468/26 423/427/26
f 436/423/26 427/469/26 424/468/26
f 437/427/1 376/432/1 373/430/1
f 438/431/1 376/432/1 437/427/1
f 437/477/347 423/478/347 438/479/347
f 437/427/1 373/430/1 434/423/1
f 438/431/1 378/436/1 376/432/1
f 438/479/320 420/480/320 439/481/320
f 439/435/1 378/436/1 438/431/1
f 438/479/347 423/478/347 420/480/347
f 439/482/321 421/483/321 440/484/321
f 440/440/1 387/441/1 439/435/1
f 439/481/320 420/480/320 421/485/320
f 439/435/1 387/441/1 378/436/1
f 440/484/321 421/483/321 441/486/321
f 440/484/322 441/486/322 407/371/322
f 440/440/1 388/443/1 387/441/1
f 407/442/1 388/443/1 440/440/1
f 421/435/26 415/463/26 441/440/26
f 441/440/26 411/458/26 408/442/26
f 407/371/322 441/486/322 408/456/322
f 441/440/26 415/463/26 411/458/26
f 435/417/1 363/418/1 361/415/1
f 435/417/1 361/415/1 442/411/1
f 435/417/1 372/426/1 363/418/1
f 434/423/1 372/426/1 435/417/1
f 442/487/14 432/476/14 435/475/14
f 442/411/1 361/415/1 359/412/1
f 442/411/1 359/412/1 443/407/1
f 443/488/309 444/489/309 442/487/309
f 442/487/309 444/489/309 432/476/309
f 443/488/308 445/490/308 444/489/308
f 445/400/26 446/491/26 444/407/26
f 444/407/26 447/492/26 432/411/26
f 444/407/26 446/491/26 447/492/26
f 446/351/348 448/140/348 447/348/348
f 447/348/348 448/140/348 449/143/348
f 447/348/349 449/143/349 431/349/349
f 447/492/26 431/471/26 432/411/26
f 352/400/1 449/492/1 448/491/1
f 431/349/349 449/143/349 429/15/349
f 353/407/1 429/471/1 449/492/1
f 353/407/1 449/492/1 352/400/1
f 446/351/350 451/129/350 448/140/350
f 450/395/1 448/491/1 451/493/1
f 352/400/1 448/491/1 450/395/1
f 340/389/1 451/493/1 452/494/1
f 450/395/1 451/493/1 340/389/1
f 453/352/351 452/132/351 451/129/351
f 453/352/350 451/129/350 446/351/350
f 454/395/26 453/493/26 445/400/26
f 454/395/26 455/494/26 453/493/26
f 445/400/26 453/493/26 446/491/26
f 455/495/351 452/132/351 453/352/351
f 456/389/26 455/494/26 454/395/26
f 456/389/26 457/496/26 455/494/26
f 457/459/352 458/460/352 455/465/352
f 455/465/352 458/460/352 452/464/352
f 337/370/1 458/496/1 459/497/1
f 457/459/353 459/462/353 458/460/353
f 338/385/1 452/494/1 458/496/1
f 338/385/1 458/496/1 337/370/1
f 460/461/353 459/462/353 457/459/353
f 460/461/354 462/272/354 459/462/354
f 461/366/1 459/497/1 462/498/1
f 337/370/1 459/497/1 461/366/1
f 463/362/1 462/498/1 465/363/1
f 461/366/1 462/498/1 463/362/1
f 464/278/354 462/272/354 460/461/354
f 464/278/355 465/270/355 462/272/355
f 467/361/1 465/363/1 72/115/1
f 465/270/356 466/91/356 72/108/356
f 463/362/1 465/363/1 467/361/1
f 321/271/355 465/270/355 464/278/355
f 321/271/357 466/91/357 465/270/357
f 467/361/1 72/115/1 75/114/1
f 75/454/289 468/455/289 467/450/289
f 467/450/289 468/455/289 469/451/289
f 467/450/296 469/451/296 463/448/296
f 468/114/26 48/359/26 469/361/26
f 463/448/296 469/451/296 470/449/296
f 469/361/26 56/360/26 470/362/26
f 469/361/26 48/359/26 56/360/26
f 463/448/295 470/449/295 461/447/295
f 461/447/295 470/449/295 332/381/295
f 470/362/26 59/374/26 332/366/26
f 470/362/26 56/360/26 59/374/26
f 35/60/26 37/61/26 468/114/26
f 75/454/290 35/58/290 468/455/290
f 468/114/26 37/61/26 48/359/26
f 72/108/358 466/91/358 69/106/358
f 68/101/359 466/91/359 321/271/359
f 69/106/358 466/91/358 68/101/358
f 325/366/26 321/363/26 464/498/26
f 471/370/26 464/498/26 460/497/26
f 325/366/26 464/498/26 471/370/26
f 472/484/301 471/456/301 473/486/301
f 328/371/301 471/456/301 472/484/301
f 328/371/297 325/367/297 471/456/297
f 471/370/26 460/497/26 473/385/26
f 473/385/26 457/496/26 456/389/26
f 474/482/302 473/486/302 456/483/302
f 473/385/26 460/497/26 457/496/26
f 472/484/302 473/486/302 474/482/302
f 474/389/1 347/396/1 344/390/1
f 475/395/1 347/396/1 474/389/1
f 474/499/360 456/500/360 475/501/360
f 474/389/1 344/390/1 472/385/1
f 475/395/1 349/401/1 347/396/1
f 475/501/307 454/502/307 476/503/307
f 476/400/1 349/401/1 475/395/1
f 475/501/360 456/500/360 454/502/360
f 476/503/308 445/490/308 443/488/308
f 443/407/1 358/410/1 476/400/1
f 476/503/307 454/502/307 445/490/307
f 476/400/1 358/410/1 349/401/1
f 472/385/1 343/388/1 328/370/1
f 472/385/1 344/390/1 343/388/1
f 461/447/297 332/381/297 337/380/297
f 340/389/1 452/494/1 338/385/1
f 340/504/360 341/505/360 450/506/360
f 450/506/360 341/505/360 346/403/360
f 450/506/307 346/403/307 352/402/307
f 443/407/1 359/412/1 358/410/1
f 434/423/1 373/430/1 372/426/1
f 355/411/1 429/471/1 353/407/1
f 369/427/1 418/467/1 367/423/1
f 416/507/320 375/438/320 381/437/320
f 416/507/361 370/425/361 375/438/361
f 369/424/361 370/425/361 416/507/361
f 407/442/1 390/444/1 388/443/1
f 406/276/1 198/453/1 199/452/1
f 222/273/1 198/453/1 406/276/1
f 406/364/251 219/283/251 222/282/251
f 379/394/323 378/393/323 387/391/323
f 364/234/316 363/416/316 372/428/316
f 355/408/14 356/409/14 366/419/14
f 350/163/310 349/399/310 358/413/310
f 343/388/1 334/379/1 328/370/1
f 335/378/303 334/377/303 343/391/303
f 328/370/1 334/379/1 327/368/1
f 311/361/1 330/374/1 62/360/1
f 58/91/362 62/94/362 330/256/362
f 58/91/363 330/256/363 59/89/363
f 324/362/1 330/374/1 311/361/1
f 311/282/296 314/280/296 324/364/296
f 322/268/364 477/262/364 66/102/364
f 319/263/365 477/262/365 322/268/365
f 322/268/366 66/102/366 68/101/366
f 318/266/367 478/264/367 477/262/367
f 478/508/14 479/509/14 477/510/14
f 477/510/14 65/100/14 66/99/14
f 318/266/368 477/262/368 319/263/368
f 477/510/14 479/509/14 65/100/14
f 480/291/369 306/292/369 479/295/369
f 479/295/370 481/296/370 480/291/370
f 479/295/371 306/292/371 307/289/371
f 479/295/372 307/289/372 65/96/372
f 478/508/14 481/511/14 479/509/14
f 484/512/14 482/513/14 481/511/14
f 482/514/373 483/515/373 481/296/373
f 481/296/374 483/515/374 485/516/374
f 484/512/14 481/511/14 478/508/14
f 481/296/375 485/516/375 480/291/375
f 483/515/376 486/517/376 485/516/376
f 485/516/377 303/293/377 480/291/377
f 485/516/378 486/517/378 303/293/378
f 486/44/1 487/42/1 298/41/1
f 488/518/379 487/519/379 486/517/379
f 488/518/380 486/517/380 483/515/380
f 297/43/1 303/59/1 486/44/1
f 297/43/1 486/44/1 298/41/1
f 489/520/381 487/519/381 488/518/381
f 489/520/382 488/518/382 482/514/382
f 482/514/383 488/518/383 483/515/383
f 491/521/384 490/38/384 489/42/384
f 490/522/28 487/397/28 489/523/28
f 482/514/385 491/524/385 489/520/385
f 495/525/14 491/523/14 482/513/14
f 494/526/14 492/527/14 491/523/14
f 492/34/386 493/37/386 491/521/386
f 491/521/387 493/37/387 490/38/387
f 494/526/14 491/523/14 495/525/14
f 495/525/14 482/513/14 484/512/14
f 498/301/388 495/303/388 484/302/388
f 496/135/389 495/133/389 497/122/389
f 496/135/390 494/137/390 495/133/390
f 497/300/391 495/303/391 498/301/391
f 497/300/392 498/301/392 500/314/392
f 498/301/393 484/302/393 499/304/393
f 500/314/80 498/301/80 499/304/80
f 300/56/26 500/121/26 312/60/26
f 300/56/26 301/122/26 500/121/26
f 312/60/26 500/121/26 315/111/26
f 500/314/394 499/304/394 315/315/394
f 500/314/395 301/311/395 497/300/395
f 315/315/396 499/304/396 501/316/396
f 499/304/397 484/302/397 501/316/397
f 315/315/75 501/316/75 317/265/75
f 501/316/398 484/302/398 478/264/398
f 501/316/399 478/264/399 317/265/399
f 301/311/86 496/312/86 497/300/86
f 301/495/400 502/526/400 496/528/400
f 502/134/401 494/137/401 496/135/401
f 503/138/402 494/137/402 502/134/402
f 293/352/90 503/529/90 502/526/90
f 293/352/403 502/526/403 301/495/403
f 294/353/404 503/529/404 293/352/404
f 503/138/405 504/23/405 494/137/405
f 294/139/406 504/23/406 503/138/406
f 295/141/407 505/20/407 504/23/407
f 505/350/14 507/530/14 504/353/14
f 504/353/14 506/531/14 494/526/14
f 504/353/14 507/530/14 506/531/14
f 295/141/408 504/23/408 294/139/408
f 508/151/409 509/161/409 507/29/409
f 507/29/410 511/160/410 508/151/410
f 507/29/411 509/161/411 510/152/411
f 507/29/412 510/152/412 506/30/412
f 505/350/14 511/532/14 507/530/14
f 511/160/413 515/159/413 508/151/413
f 511/160/414 512/150/414 515/159/414
f 513/158/415 512/150/415 511/160/415
f 514/346/14 513/533/14 511/532/14
f 514/346/14 511/532/14 505/350/14
f 512/533/416 516/336/416 515/534/416
f 515/534/417 516/336/417 280/414/417
f 515/534/106 280/414/106 508/532/106
f 275/9/1 516/150/1 517/232/1
f 512/533/418 517/416/418 516/336/418
f 274/3/1 280/151/1 516/150/1
f 274/3/1 516/150/1 275/9/1
f 262/226/1 517/232/1 260/231/1
f 517/416/419 519/535/419 260/428/419
f 518/536/420 517/416/420 512/533/420
f 275/9/1 517/232/1 262/226/1
f 518/536/195 519/535/195 517/416/195
f 521/241/421 519/232/421 518/243/421
f 519/535/422 520/537/422 260/428/422
f 521/241/423 520/239/423 519/232/423
f 522/238/424 520/239/424 521/241/424
f 521/241/425 518/243/425 513/158/425
f 524/538/14 521/535/14 513/533/14
f 523/539/14 522/540/14 521/535/14
f 523/539/14 521/535/14 524/538/14
f 524/538/14 513/533/14 514/346/14
f 525/8/426 523/169/426 524/158/426
f 526/17/427 524/158/427 514/18/427
f 525/8/428 524/158/428 526/17/428
f 526/17/429 514/18/429 289/2/429
f 287/349/7 526/541/7 289/346/7
f 287/349/430 525/538/430 526/541/430
f 527/168/431 523/169/431 525/8/431
f 278/338/432 527/542/432 525/538/432
f 278/338/433 525/538/433 287/349/433
f 270/334/127 528/539/127 527/542/127
f 270/334/434 527/542/434 278/338/434
f 527/168/435 528/14/435 523/169/435
f 528/14/436 271/173/436 529/175/436
f 523/169/437 528/14/437 529/175/437
f 270/334/438 271/333/438 528/539/438
f 529/335/14 522/540/14 523/539/14
f 529/175/439 271/173/439 272/176/439
f 529/175/440 272/176/440 531/180/440
f 529/335/14 530/543/14 522/540/14
f 531/329/14 530/543/14 529/335/14
f 531/329/14 532/544/14 530/543/14
f 242/308/14 532/544/14 531/329/14
f 242/187/441 531/180/441 268/181/441
f 531/180/442 266/178/442 268/181/442
f 531/180/443 272/176/443 266/178/443
f 532/245/444 533/247/444 535/211/444
f 241/246/445 533/247/445 532/245/445
f 532/245/446 534/244/446 530/236/446
f 242/308/14 241/307/14 532/544/14
f 532/245/447 535/211/447 534/244/447
f 258/433/448 535/544/448 256/434/448
f 258/433/205 534/545/205 535/544/205
f 256/434/449 535/544/449 533/546/449
f 536/543/450 534/545/450 258/433/450
f 530/236/451 534/244/451 536/225/451
f 258/433/452 261/429/452 536/543/452
f 261/429/183 537/547/183 536/543/183
f 530/236/453 536/225/453 537/237/453
f 522/238/454 537/237/454 538/231/454
f 261/429/455 538/540/455 537/547/455
f 530/236/456 537/237/456 522/238/456
f 260/428/457 538/540/457 261/429/457
f 260/428/188 520/537/188 538/540/188
f 522/238/458 538/231/458 520/239/458
f 241/246/459 539/210/459 533/247/459
f 256/434/179 533/546/179 539/307/179
f 539/520/460 540/518/460 255/517/460
f 255/517/461 256/519/461 539/520/461
f 241/524/462 540/518/462 539/520/462
f 243/514/463 541/515/463 540/518/463
f 255/517/172 540/518/172 541/515/172
f 243/514/464 540/518/464 241/524/464
f 226/293/465 541/515/465 542/516/465
f 255/517/466 541/515/466 226/293/466
f 243/514/467 542/516/467 541/515/467
f 226/293/214 542/516/214 230/291/214
f 235/296/468 230/291/468 542/516/468
f 235/296/469 542/516/469 243/514/469
f 513/158/470 518/243/470 512/150/470
f 290/19/471 514/18/471 505/20/471
f 289/2/472 514/18/472 290/19/472
f 509/548/114 281/413/114 510/530/114
f 510/530/473 281/413/473 543/549/473
f 506/30/474 510/152/474 543/28/474
f 543/549/475 281/413/475 284/399/475
f 543/549/121 284/399/121 544/531/121
f 506/30/476 543/28/476 544/31/476
f 544/531/477 284/399/477 545/550/477
f 544/31/478 545/32/478 492/34/478
f 492/34/479 506/30/479 544/31/479
f 545/550/20 546/398/20 493/527/20
f 545/550/480 284/399/480 546/398/480
f 492/34/481 545/32/481 493/37/481
f 493/527/482 546/398/482 490/522/482
f 490/522/483 546/398/483 487/397/483
f 298/41/1 487/42/1 546/37/1
f 298/41/1 546/37/1 283/149/1
f 283/149/1 546/37/1 284/31/1
f 509/548/484 280/414/484 281/413/484
f 508/532/485 280/414/485 509/548/485
f 506/531/14 492/527/14 494/526/14
f 290/19/486 505/20/486 291/22/486
f 291/22/487 505/20/487 295/141/487
f 480/291/488 303/293/488 306/292/488
f 317/265/489 478/264/489 318/266/489
f 304/284/31 300/318/31 312/285/31
f 65/96/490 307/289/490 308/294/490
f 65/96/491 308/294/491 64/95/491
f 283/344/122 286/345/122 298/358/122
f 277/1/26 278/8/26 287/2/26
f 262/326/210 264/327/210 275/339/210
f 268/181/492 267/185/492 242/187/492
f 246/309/144 244/308/144 267/332/144
f 242/187/493 267/185/493 244/188/493
f 227/250/1 255/215/1 226/252/1
f 251/315/162 206/265/162 252/316/162
f 205/264/494 239/304/494 252/316/494
f 205/264/495 252/316/495 206/265/495
f 224/197/26 209/201/26 251/198/26
f 209/267/496 207/266/496 251/315/496
f 251/315/497 207/266/497 206/265/497
f 235/296/498 231/292/498 230/291/498
f 229/290/225 233/294/225 547/95/225
f 202/96/499 547/95/499 233/294/499
f 200/93/500 198/94/500 547/95/500
f 198/94/501 229/290/501 547/95/501
f 202/96/502 200/93/502 547/95/502
f 222/273/1 229/287/1 198/453/1
f 221/199/1 229/287/1 222/273/1
f 190/253/14 189/255/14 203/260/14
f 182/197/26 192/287/26 183/251/26
f 192/77/503 187/78/503 183/62/503
f 140/57/212 182/58/212 180/54/212
f 180/250/1 134/200/1 140/197/1
f 180/250/1 132/249/1 134/200/1
f 130/246/504 158/247/504 155/210/504
f 150/67/505 130/551/505 155/47/505
f 129/194/14 130/190/14 150/207/14
f 129/194/14 150/207/14 136/202/14
f 123/184/506 125/186/506 132/195/506
f 96/149/1 85/134/1 91/139/1
f 85/129/507 87/136/507 91/140/507
f 29/47/266 89/551/266 548/208/266
f 25/38/508 89/521/508 29/42/508
f 45/71/14 41/70/14 89/48/14
f 548/208/509 89/551/509 41/67/509
f 25/38/510 20/34/510 89/521/510
f 29/47/511 548/208/511 28/45/511
f 548/208/512 41/67/512 39/66/512
f 28/45/380 548/208/380 39/66/380
f 44/126/513 79/119/513 54/117/513
f 34/57/290 35/58/290 75/454/290
f 34/60/1 74/111/1 32/56/1
f 56/87/514 48/77/514 50/79/514
f 54/81/14 43/74/14 44/73/14
usemtl Black_Mosaic_Studded_Rubber
f 550/552/515 554/553/515 549/554/515
f 549/554/516 551/555/516 550/552/516
f 549/554/517 553/556/517 551/555/517
f 554/553/518 552/557/518 549/554/518
f 552/557/517 553/556/517 549/554/517
f 559/558/519 554/553/519 550/552/519
f 554/553/520 555/559/520 552/557/520
f 558/560/521 555/559/521 554/553/521
f 559/558/522 556/561/522 554/553/522
f 556/561/523 557/562/523 554/553/523
f 554/553/524 557/562/524 558/560/524
f 560/563/525 559/558/525 562/564/525
f 560/563/526 561/565/526 559/558/526
f 561/565/527 556/561/527 559/558/527
f 562/564/528 559/558/528 550/552/528
f 550/552/529 563/566/529 562/564/529
f 562/564/529 563/566/529 564/567/529
f 562/564/530 564/567/530 565/568/530
f 562/564/531 565/568/531 560/563/531
f 565/568/530 564/567/530 566/569/530
f 565/568/532 566/569/532 567/570/532
f 565/568/533 567/570/533 568/571/533
f 560/563/534 565/568/534 568/571/534
f 568/571/535 567/570/535 569/572/535
f 569/572/536 570/573/536 568/571/536
f 571/574/537 568/571/537 570/573/537
f 560/563/538 568/571/538 571/574/538
f 571/574/539 561/565/539 560/563/539
f 572/575/540 573/576/540 571/574/540
f 571/574/541 570/573/541 572/575/541
f 571/574/542 573/576/542 561/565/542
f 574/577/543 575/578/543 573/576/543
f 572/575/544 574/577/544 573/576/544
f 573/576/545 576/579/545 561/565/545
f 573/576/546 575/578/546 576/579/546
f 575/578/547 577/580/547 576/579/547
f 576/579/548 577/580/548 578/581/548
f 576/579/549 578/581/549 556/561/549
f 561/565/550 576/579/550 556/561/550
f 580/582/551 578/581/551 577/580/551
f 556/561/552 578/581/552 557/562/552
f 579/583/553 557/562/553 578/581/553
f 579/583/554 578/581/554 580/582/554
f 580/582/555 581/584/555 582/585/555
f 583/586/556 581/584/556 580/582/556
f 580/582/557 577/580/557 583/586/557
f 580/582/558 582/585/558 579/583/558
f 583/587/559 584/588/559 585/589/559
f 583/586/560 577/580/560 584/590/560
f 585/589/561 586/591/561 583/587/561
f 583/587/562 586/591/562 581/592/562
f 585/589/563 587/593/563 586/591/563
f 587/593/564 588/594/564 586/591/564
f 586/591/565 588/594/565 589/595/565
f 586/591/566 589/595/566 581/592/566
f 592/596/567 589/595/567 588/594/567
f 581/592/568 589/595/568 590/597/568
f 591/598/569 590/597/569 589/595/569
f 591/598/570 589/595/570 592/596/570
f 592/596/571 595/599/571 591/598/571
f 593/600/572 594/601/572 592/596/572
f 592/596/573 588/594/573 593/600/573
f 592/596/574 594/601/574 595/599/574
f 597/602/575 596/603/575 595/599/575
f 591/598/576 595/599/576 596/603/576
f 597/602/577 595/599/577 598/604/577
f 598/604/577 595/599/577 594/601/577
f 598/604/578 601/605/578 597/602/578
f 599/606/579 600/607/579 598/604/579
f 598/604/580 594/601/580 599/606/580
f 598/604/581 600/607/581 601/605/581
f 597/602/582 601/605/582 602/608/582
f 604/609/583 601/605/583 600/607/583
f 603/610/584 602/608/584 601/605/584
f 603/610/585 601/605/585 604/609/585
f 604/609/586 605/611/586 607/612/586
f 606/613/587 605/611/587 604/609/587
f 604/609/588 600/607/588 606/613/588
f 604/609/589 607/612/589 603/610/589
f 605/611/590 610/614/590 607/612/590
f 607/612/591 608/615/591 609/616/591
f 607/612/590 610/614/590 608/615/590
f 603/610/592 607/612/592 609/616/592
f 612/617/14 610/614/14 605/611/14
f 611/618/593 608/615/593 610/614/593
f 612/617/14 611/618/14 610/614/14
f 612/619/594 616/620/594 613/621/594
f 613/622/14 611/618/14 612/617/14
f 614/623/595 615/624/595 612/619/595
f 612/617/14 605/611/14 614/625/14
f 612/619/594 615/624/594 616/620/594
f 617/626/14 616/622/14 615/617/14
f 619/627/14 616/622/14 617/626/14
f 613/621/596 616/620/596 618/628/596
f 619/627/14 618/629/14 616/622/14
f 619/630/597 622/631/597 620/632/597
f 620/633/14 618/629/14 619/627/14
f 617/634/598 621/635/598 619/630/598
f 619/630/599 621/635/599 622/631/599
f 625/636/14 622/627/14 621/626/14
f 624/637/14 623/633/14 622/627/14
f 620/632/597 622/631/597 623/638/597
f 624/637/14 622/627/14 625/636/14
f 625/636/14 621/626/14 626/639/14
f 625/640/600 628/641/600 624/642/600
f 626/643/601 627/644/601 625/640/601
f 625/640/600 627/644/600 628/641/600
f 630/645/14 628/637/14 627/636/14
f 630/645/14 629/646/14 628/637/14
f 624/642/602 628/641/602 629/647/602
f 631/648/14 630/645/14 636/649/14
f 631/648/14 661/650/14 630/645/14
f 630/645/14 632/651/14 662/652/14
f 630/645/14 637/653/14 632/651/14
f 630/645/14 638/654/14 633/655/14
f 633/655/603 663/656/603 630/645/603
f 630/645/14 634/639/14 664/657/14
f 627/636/14 634/639/14 630/645/14
f 630/645/604 635/658/604 665/659/604
f 630/645/603 639/660/603 635/658/603
f 630/645/14 640/661/14 636/649/14
f 641/662/14 637/653/14 630/645/14
f 630/645/14 642/663/14 638/654/14
f 643/664/14 639/660/14 630/645/14
f 630/645/14 644/665/14 640/661/14
f 630/645/14 645/666/14 641/662/14
f 646/667/14 642/663/14 630/645/14
f 630/645/14 647/668/14 643/664/14
f 648/669/14 644/665/14 630/645/14
f 630/645/14 649/670/14 645/666/14
f 630/645/603 650/671/603 646/667/603
f 651/672/14 629/646/14 630/645/14
f 630/645/14 652/673/14 647/668/14
f 630/645/14 653/674/14 648/669/14
f 654/675/603 649/670/603 630/645/603
f 630/645/14 655/676/14 650/671/14
f 630/645/14 656/677/14 651/672/14
f 661/650/14 652/673/14 630/645/14
f 630/645/604 657/678/604 653/674/604
f 630/645/14 658/679/14 654/675/14
f 659/680/14 655/676/14 630/645/14
f 630/645/14 660/681/14 656/677/14
f 662/652/603 657/678/603 630/645/603
f 630/645/14 663/656/14 658/679/14
f 630/645/604 664/657/604 659/680/604
f 665/659/14 660/681/14 630/645/14
f 666/682/605 665/683/605 635/684/605
f 667/685/606 665/683/606 666/682/606
f 667/685/607 660/686/607 665/683/607
f 666/659/604 670/687/604 667/681/604
f 668/688/608 660/686/608 667/685/608
f 667/681/14 669/689/14 668/677/14
f 667/681/14 670/687/14 669/689/14
f 671/690/609 670/691/609 673/692/609
f 672/693/609 670/691/609 671/690/609
f 672/693/610 669/694/610 670/691/610
f 666/659/14 673/695/14 670/687/14
f 675/658/14 674/696/14 673/695/14
f 676/697/611 673/692/611 674/698/611
f 675/658/14 673/695/14 666/659/14
f 671/690/611 673/692/611 676/697/611
f 676/696/14 677/699/14 678/700/14
f 679/701/14 677/699/14 676/696/14
f 676/696/14 678/700/14 671/695/14
f 676/702/612 674/703/612 679/704/612
f 679/704/613 682/705/613 680/706/613
f 680/707/603 681/708/603 679/701/603
f 679/701/14 681/708/14 677/699/14
f 679/704/614 674/703/614 682/705/614
f 685/660/14 682/701/14 674/696/14
f 684/664/14 683/707/14 682/701/14
f 680/706/613 682/705/613 683/709/613
f 684/664/14 682/701/14 685/660/14
f 685/660/14 674/696/14 675/658/14
f 685/710/615 643/711/615 684/712/615
f 675/713/616 639/714/616 685/715/616
f 685/710/617 639/716/617 643/711/617
f 686/668/14 683/707/14 684/664/14
f 684/712/618 647/717/618 686/718/618
f 684/712/618 643/711/618 647/717/618
f 686/718/619 652/719/619 687/720/619
f 687/673/14 688/721/14 686/668/14
f 686/668/603 688/721/603 683/707/603
f 686/718/619 647/717/619 652/719/619
f 689/722/620 688/723/620 691/724/620
f 690/725/620 688/723/620 689/722/620
f 690/725/621 683/709/621 688/723/621
f 687/673/603 691/726/603 688/721/603
f 689/722/622 691/724/622 694/727/622
f 693/650/603 692/728/603 691/726/603
f 694/727/623 691/724/623 692/729/623
f 693/650/604 691/726/604 687/673/604
f 694/728/14 695/730/14 689/726/14
f 694/728/14 697/731/14 695/730/14
f 694/727/624 692/729/624 696/732/624
f 696/733/604 697/731/604 694/728/604
f 699/734/625 697/735/625 698/736/625
f 696/733/14 698/737/14 697/731/14
f 695/727/626 697/735/626 699/734/626
f 699/731/14 700/738/14 702/739/14
f 701/737/14 700/738/14 699/731/14
f 699/734/625 698/736/625 701/740/625
f 699/731/14 702/739/14 703/730/14
f 703/729/626 695/727/626 699/734/626
f 703/730/14 702/739/14 705/741/14
f 704/742/627 706/743/627 703/729/627
f 703/730/603 705/741/603 704/744/603
f 706/743/627 695/727/627 703/729/627
f 689/726/14 695/730/14 706/744/14
f 689/726/14 706/744/14 690/721/14
f 707/745/628 706/743/628 704/742/628
f 707/745/628 708/746/628 706/743/628
f 690/721/14 706/744/14 708/747/14
f 709/748/629 708/746/629 707/745/629
f 690/721/604 708/747/604 680/707/604
f 680/707/14 708/747/14 681/708/14
f 709/748/629 681/749/629 708/746/629
f 707/747/14 712/750/14 709/708/14
f 709/708/14 713/751/14 710/752/14
f 710/752/14 711/699/14 709/708/14
f 711/753/630 681/749/630 709/748/630
f 709/708/14 712/750/14 713/751/14
f 714/754/631 713/751/631 715/755/631
f 710/752/632 713/751/632 714/754/632
f 712/750/633 715/755/633 713/751/633
f 716/756/634 715/755/634 717/757/634
f 714/754/635 715/755/635 716/756/635
f 718/758/636 717/757/636 715/755/636
f 718/758/633 715/755/633 712/750/633
f 718/758/637 720/759/637 719/760/637
f 719/760/638 717/757/638 718/758/638
f 718/758/639 721/761/639 720/759/639
f 712/750/639 721/761/639 718/758/639
f 722/762/640 720/759/640 721/761/640
f 722/762/14 721/761/14 707/747/14
f 707/747/14 721/761/14 712/750/14
f 704/744/14 723/763/14 722/762/14
f 722/762/14 707/747/14 704/744/14
f 722/762/641 723/763/641 724/764/641
f 724/764/640 720/759/640 722/762/640
f 724/764/642 725/765/642 726/766/642
f 724/764/641 723/763/641 725/765/641
f 726/766/643 727/767/643 724/764/643
f 724/764/644 727/767/644 720/759/644
f 728/768/645 727/767/645 729/769/645
f 719/760/646 727/767/646 728/768/646
f 719/760/647 720/759/647 727/767/647
f 726/766/648 729/769/648 727/767/648
f 731/770/649 730/771/649 729/769/649
f 732/772/650 729/769/650 730/771/650
f 731/770/651 729/769/651 726/766/651
f 728/768/652 729/769/652 732/772/652
f 732/772/653 730/771/653 733/773/653
f 733/773/654 735/774/654 732/772/654
f 732/772/655 734/775/655 728/768/655
f 732/772/656 735/774/656 734/775/656
f 736/776/657 735/777/657 738/778/657
f 737/779/658 735/777/658 736/776/658
f 737/780/659 734/775/659 735/774/659
f 733/584/660 738/778/660 735/777/660
f 736/776/661 738/778/661 741/781/661
f 740/585/662 739/782/662 738/778/662
f 741/781/663 738/778/663 739/782/663
f 740/585/664 738/778/664 733/584/664
f 741/781/665 742/783/665 736/776/665
f 741/781/666 743/784/666 742/783/666
f 744/785/667 743/784/667 741/781/667
f 741/781/668 739/782/668 744/785/668
f 744/785/669 745/786/669 743/784/669
f 746/787/670 745/786/670 744/785/670
f 744/785/671 747/788/671 746/787/671
f 744/785/672 739/782/672 747/788/672
f 749/789/673 748/790/673 747/788/673
f 746/787/674 747/788/674 748/790/674
f 750/791/675 747/788/675 739/782/675
f 749/789/676 747/788/676 750/791/676
f 750/791/677 739/782/677 740/585/677
f 750/791/678 752/583/678 749/789/678
f 740/585/679 751/582/679 750/791/679
f 750/791/680 751/582/680 752/583/680
f 755/580/681 752/583/681 751/582/681
f 754/581/682 753/792/682 752/583/682
f 749/789/683 752/583/683 753/792/683
f 754/581/684 752/583/684 755/580/684
f 755/580/685 758/578/685 754/581/685
f 756/590/686 757/793/686 755/580/686
f 755/580/687 751/582/687 756/590/687
f 755/580/688 757/793/688 758/578/688
f 757/793/689 759/794/689 758/578/689
f 758/578/690 759/794/690 760/577/690
f 758/578/691 760/577/691 761/579/691
f 754/581/692 758/578/692 761/579/692
f 761/579/693 760/577/693 762/576/693
f 761/579/694 762/576/694 763/561/694
f 764/562/695 761/579/695 763/561/695
f 754/581/696 761/579/696 764/562/696
f 764/562/697 765/795/697 753/792/697
f 766/560/698 765/795/698 764/562/698
f 764/562/699 763/561/699 766/560/699
f 764/562/700 753/792/700 754/581/700
f 766/560/701 769/553/701 767/559/701
f 767/559/702 768/796/702 766/560/702
f 766/560/703 768/796/703 765/795/703
f 766/560/704 763/561/704 769/553/704
f 767/559/705 769/553/705 772/554/705
f 769/553/706 770/552/706 771/797/706
f 769/553/707 774/558/707 770/552/707
f 771/797/708 772/554/708 769/553/708
f 763/561/709 773/565/709 769/553/709
f 773/565/710 774/558/710 769/553/710
f 775/798/711 774/558/711 777/563/711
f 770/552/712 774/558/712 775/798/712
f 773/565/713 776/574/713 774/558/713
f 776/574/714 777/563/714 774/558/714
f 775/798/715 777/563/715 780/564/715
f 779/573/716 777/563/716 776/574/716
f 778/571/717 777/563/717 779/573/717
f 778/571/718 780/564/718 777/563/718
f 781/570/719 780/564/719 778/571/719
f 781/570/720 782/799/720 780/564/720
f 780/564/720 782/799/720 783/567/720
f 780/564/721 783/567/721 775/798/721
f 785/800/722 783/567/722 782/799/722
f 775/798/721 783/567/721 784/801/721
f 785/800/723 784/801/723 783/567/723
f 785/800/724 786/566/724 784/801/724
f 788/802/725 786/566/725 785/800/725
f 785/800/726 782/799/726 787/803/726
f 787/803/727 789/804/727 785/800/727
f 785/800/728 790/805/728 788/802/728
f 785/800/729 789/804/729 790/805/729
f 789/804/730 792/806/730 790/805/730
f 788/802/731 790/805/731 793/807/731
f 790/805/732 792/806/732 791/808/732
f 790/805/733 791/808/733 793/807/733
f 794/809/734 793/807/734 795/810/734
f 788/802/735 793/807/735 794/809/735
f 793/807/736 796/811/736 795/810/736
f 793/807/737 791/808/737 796/811/737
f 795/810/738 796/811/738 797/812/738
f 796/811/739 799/813/739 797/812/739
f 796/811/740 798/814/740 799/813/740
f 791/808/741 798/814/741 796/811/741
f 798/814/742 801/815/742 799/813/742
f 797/812/743 799/813/743 800/816/743
f 799/813/744 802/817/744 800/816/744
f 799/813/745 801/815/745 802/817/745
f 801/818/746 804/772/746 802/773/746
f 800/816/747 802/817/747 803/819/747
f 802/773/748 805/775/748 803/774/748
f 802/773/749 804/772/749 805/775/749
f 804/772/750 807/820/750 805/775/750
f 803/774/751 805/775/751 806/821/751
f 805/775/752 808/822/752 806/821/752
f 805/775/753 807/820/753 808/822/753
f 807/820/754 810/756/754 808/822/754
f 806/821/755 808/822/755 809/823/755
f 808/822/756 811/824/756 809/823/756
f 808/822/757 810/756/757 811/824/757
f 810/756/758 813/825/758 811/824/758
f 809/823/759 811/824/759 812/826/759
f 811/824/760 814/827/760 812/826/760
f 811/824/760 813/825/760 814/827/760
f 814/827/761 815/828/761 816/829/761
f 814/827/762 817/830/762 815/828/762
f 813/825/763 817/830/763 814/827/763
f 812/826/764 814/827/764 816/829/764
f 818/645/765 815/828/765 817/830/765
f 817/830/765 819/831/765 818/645/765
f 813/825/763 819/831/763 817/830/763
f 818/645/765 819/831/765 820/752/765
f 821/754/766 820/752/766 819/831/766
f 821/754/767 819/831/767 813/825/767
f 823/755/768 820/752/768 821/754/768
f 822/757/769 821/754/769 810/756/769
f 822/757/770 823/755/770 821/754/770
f 810/756/771 821/754/771 813/825/771
f 823/755/768 826/751/768 820/752/768
f 824/760/772 823/755/772 822/757/772
f 824/760/772 825/758/772 823/755/772
f 825/758/773 826/751/773 823/755/773
f 818/645/765 820/752/765 826/751/765
f 826/751/765 827/750/765 818/645/765
f 825/758/773 827/750/773 826/751/773
f 818/645/765 827/750/765 828/761/765
f 829/759/774 828/761/774 827/750/774
f 829/759/774 827/750/774 825/758/774
f 830/766/775 829/759/775 832/767/775
f 830/766/776 831/764/776 829/759/776
f 831/764/777 828/761/777 829/759/777
f 832/767/778 829/759/778 825/758/778
f 833/770/779 832/767/779 834/769/779
f 833/770/780 830/766/780 832/767/780
f 834/769/781 832/767/781 824/760/781
f 832/767/782 825/758/782 824/760/782
f 835/832/783 834/769/783 836/771/783
f 835/832/784 833/770/784 834/769/784
f 836/771/785 834/769/785 837/768/785
f 834/769/786 824/760/786 837/768/786
f 836/771/787 837/768/787 804/772/787
f 804/772/750 837/768/750 807/820/750
f 837/768/788 822/757/788 807/820/788
f 837/768/789 824/760/789 822/757/789
f 838/833/790 836/771/790 801/818/790
f 838/833/791 835/832/791 836/771/791
f 801/818/792 836/771/792 804/772/792
f 798/814/793 838/834/793 801/815/793
f 839/835/794 838/834/794 798/814/794
f 840/836/795 835/832/795 838/833/795
f 839/835/796 840/837/796 838/834/796
f 841/838/797 842/839/797 840/837/797
f 841/838/798 840/837/798 839/835/798
f 842/840/799 843/841/799 840/836/799
f 840/836/800 843/841/800 835/832/800
f 842/840/801 844/842/801 843/841/801
f 843/841/802 833/770/802 835/832/802
f 844/842/803 845/843/803 843/841/803
f 843/841/804 845/843/804 833/770/804
f 844/842/805 846/844/805 845/843/805
f 845/843/806 830/766/806 833/770/806
f 846/844/807 847/845/807 845/843/807
f 845/843/808 847/845/808 830/766/808
f 846/844/807 848/846/807 847/845/807
f 847/845/809 831/764/809 830/766/809
f 848/846/810 849/765/810 847/845/810
f 847/845/811 849/765/811 831/764/811
f 848/846/812 851/847/812 849/765/812
f 849/765/813 850/762/813 831/764/813
f 849/765/813 852/763/813 850/762/813
f 851/847/814 852/763/814 849/765/814
f 850/762/765 852/763/765 818/645/765
f 818/645/765 852/763/765 853/741/765
f 851/847/815 853/741/815 852/763/815
f 818/645/765 853/741/765 854/739/765
f 855/848/816 854/739/816 853/741/816
f 855/848/817 853/741/817 851/847/817
f 857/849/818 854/739/818 855/848/818
f 856/850/819 855/848/819 858/851/819
f 856/850/820 857/849/820 855/848/820
f 858/851/821 855/848/821 851/847/821
f 859/852/822 858/851/822 860/853/822
f 859/852/823 856/850/823 858/851/823
f 860/853/824 858/851/824 848/846/824
f 858/851/825 851/847/825 848/846/825
f 861/854/826 860/853/826 862/855/826
f 861/854/827 859/852/827 860/853/827
f 862/855/828 860/853/828 846/844/828
f 860/853/829 848/846/829 846/844/829
f 863/856/830 862/855/830 864/857/830
f 863/856/831 861/854/831 862/855/831
f 864/857/832 862/855/832 844/842/832
f 862/855/833 846/844/833 844/842/833
f 865/858/834 864/859/834 866/860/834
f 865/858/835 863/861/835 864/859/835
f 866/860/836 864/859/836 842/839/836
f 864/857/837 844/842/837 842/840/837
f 867/862/838 866/860/838 868/863/838
f 867/862/839 865/858/839 866/860/839
f 868/863/840 866/860/840 841/838/840
f 866/860/841 842/839/841 841/838/841
f 869/864/842 868/863/842 789/804/842
f 869/864/843 867/862/843 868/863/843
f 789/804/844 868/863/844 792/806/844
f 868/863/845 841/838/845 792/806/845
f 870/865/846 869/864/846 787/803/846
f 870/865/847 871/866/847 869/864/847
f 787/803/848 869/864/848 789/804/848
f 871/866/849 867/862/849 869/864/849
f 872/867/850 871/866/850 870/865/850
f 872/867/851 873/868/851 871/866/851
f 873/868/852 874/869/852 871/866/852
f 871/866/853 874/869/853 867/862/853
f 873/868/854 875/870/854 874/869/854
f 875/870/855 876/871/855 874/869/855
f 874/869/856 865/858/856 867/862/856
f 874/869/857 876/871/857 865/858/857
f 875/870/858 877/872/858 876/871/858
f 877/872/859 878/873/859 876/871/859
f 876/871/860 863/861/860 865/858/860
f 876/871/861 878/873/861 863/861/861
f 877/872/862 879/874/862 878/873/862
f 879/875/863 880/876/863 878/877/863
f 878/877/864 861/854/864 863/856/864
f 878/877/865 880/876/865 861/854/865
f 879/875/866 881/878/866 880/876/866
f 881/878/867 882/879/867 880/876/867
f 880/876/868 859/852/868 861/854/868
f 880/876/869 882/879/869 859/852/869
f 881/878/870 883/880/870 882/879/870
f 883/880/871 884/881/871 882/879/871
f 882/879/872 856/850/872 859/852/872
f 882/879/873 884/881/873 856/850/873
f 883/880/871 885/882/871 884/881/871
f 885/882/874 886/883/874 884/881/874
f 884/881/875 857/849/875 856/850/875
f 884/881/876 886/883/876 857/849/876
f 885/882/877 887/884/877 886/883/877
f 887/884/878 889/885/878 886/883/878
f 886/883/879 888/738/879 857/849/879
f 886/883/879 889/885/879 888/738/879
f 818/645/765 889/885/765 890/886/765
f 818/645/765 888/738/765 889/885/765
f 887/884/878 890/886/878 889/885/878
f 890/886/765 891/887/765 818/645/765
f 892/888/880 891/887/880 890/886/880
f 892/888/881 890/886/881 887/884/881
f 893/889/882 892/888/882 895/890/882
f 893/889/883 894/891/883 892/888/883
f 894/891/884 891/887/884 892/888/884
f 895/890/885 892/888/885 887/884/885
f 896/892/886 895/890/886 897/893/886
f 896/892/886 893/889/886 895/890/886
f 897/893/887 895/890/887 885/882/887
f 895/890/885 887/884/885 885/882/885
f 898/894/888 897/893/888 899/895/888
f 898/894/889 896/892/889 897/893/889
f 899/895/890 897/893/890 883/880/890
f 897/893/887 885/882/887 883/880/887
f 900/896/891 899/895/891 901/897/891
f 900/896/892 898/894/892 899/895/892
f 901/897/893 899/895/893 881/878/893
f 899/895/894 883/880/894 881/878/894
f 902/898/895 901/899/895 903/900/895
f 902/898/896 900/901/896 901/899/896
f 903/900/897 901/899/897 879/874/897
f 901/897/898 881/878/898 879/875/898
f 904/902/899 903/900/899 905/903/899
f 904/902/900 902/898/900 903/900/900
f 905/903/901 903/900/901 877/872/901
f 903/900/902 879/874/902 877/872/902
f 906/904/903 905/903/903 907/905/903
f 906/904/904 904/902/904 905/903/904
f 907/905/905 905/903/905 875/870/905
f 905/903/906 877/872/906 875/870/906
f 909/906/907 906/904/907 907/905/907
f 907/905/908 875/870/908 873/868/908
f 908/907/909 907/905/909 873/868/909
f 909/906/910 907/905/910 908/907/910
f 908/907/911 912/908/911 909/906/911
f 910/909/912 906/904/912 909/906/912
f 909/906/913 911/910/913 910/909/913
f 909/906/914 912/908/914 911/910/914
f 913/911/915 911/910/915 912/908/915
f 913/911/916 912/908/916 914/912/916
f 914/912/916 912/908/916 915/913/916
f 908/907/917 915/913/917 912/908/917
f 914/912/918 915/913/918 916/914/918
f 916/914/919 915/913/919 917/915/919
f 917/915/920 915/913/920 908/907/920
f 916/914/921 917/915/921 918/916/921
f 918/916/922 917/915/922 919/917/922
f 872/867/923 919/917/923 917/915/923
f 872/867/924 917/915/924 908/907/924
f 918/916/925 919/917/925 920/918/925
f 920/918/925 919/917/925 921/919/925
f 921/919/926 919/917/926 872/867/926
f 920/918/927 921/919/927 922/920/927
f 922/920/927 921/919/927 923/921/927
f 870/865/928 923/921/928 921/919/928
f 921/919/929 872/867/929 870/865/929
f 922/920/930 923/921/930 924/922/930
f 924/922/930 923/921/930 925/923/930
f 870/865/931 925/923/931 923/921/931
f 924/922/932 925/923/932 781/570/932
f 781/570/932 925/923/932 782/799/932
f 787/803/933 782/799/933 925/923/933
f 787/803/934 925/923/934 870/865/934
f 778/571/935 922/920/935 924/922/935
f 778/571/936 924/922/936 781/570/936
f 926/572/937 922/920/937 778/571/937
f 920/918/938 922/920/938 926/572/938
f 927/924/939 926/572/939 929/925/939
f 927/924/940 920/918/940 926/572/940
f 929/925/941 926/572/941 928/926/941
f 926/572/942 778/571/942 928/926/942
f 931/927/943 927/924/943 929/925/943
f 929/925/944 928/926/944 930/928/944
f 932/929/945 929/925/945 930/928/945
f 931/927/946 929/925/946 932/929/946
f 932/929/947 930/928/947 934/930/947
f 933/931/948 932/929/948 934/930/948
f 935/932/949 932/929/949 933/931/949
f 935/932/950 931/927/950 932/929/950
f 936/933/951 931/927/951 935/932/951
f 937/934/952 936/933/952 935/932/952
f 937/934/953 935/932/953 938/935/953
f 938/935/953 935/932/953 933/931/953
f 940/936/954 937/934/954 938/935/954
f 938/937/955 933/938/955 939/939/955
f 941/940/956 938/937/956 939/939/956
f 940/941/957 938/937/957 941/940/957
f 941/940/958 942/942/958 940/941/958
f 941/940/959 944/943/959 942/942/959
f 941/940/960 939/939/960 943/944/960
f 943/944/961 944/943/961 941/940/961
f 943/944/962 945/945/962 944/943/962
f 945/945/963 946/946/963 944/943/963
f 944/943/964 946/946/964 947/947/964
f 944/943/965 947/947/965 942/942/965
f 950/948/966 947/947/966 946/946/966
f 942/942/967 947/947/967 948/949/967
f 949/950/968 948/949/968 947/947/968
f 949/950/969 947/947/969 950/948/969
f 951/951/970 952/952/970 950/948/970
f 950/948/971 946/946/971 951/951/971
f 950/948/972 952/952/972 953/953/972
f 950/948/973 953/953/973 949/950/973
f 953/953/974 954/954/974 956/955/974
f 952/952/975 954/954/975 953/953/975
f 953/953/976 956/955/976 955/956/976
f 949/950/977 953/953/977 955/956/977
f 954/954/978 957/957/978 956/955/978
f 956/955/979 957/957/979 958/958/979
f 956/955/980 958/958/980 959/959/980
f 955/956/981 956/955/981 959/959/981
f 959/959/980 958/958/980 960/960/980
f 959/959/982 960/960/982 961/961/982
f 962/962/983 959/959/983 961/961/983
f 955/956/984 959/959/984 962/962/984
f 962/963/985 961/964/985 965/965/985
f 963/966/986 962/962/986 965/967/986
f 964/968/987 962/962/987 963/966/987
f 964/968/988 955/956/988 962/962/988
f 965/965/989 967/969/989 966/970/989
f 968/971/990 965/965/990 966/970/990
f 965/965/991 961/964/991 967/969/991
f 963/972/992 965/965/992 968/971/992
f 968/971/993 966/970/993 969/973/993
f 969/973/994 971/974/994 968/971/994
f 968/971/995 970/975/995 963/972/995
f 968/971/996 971/974/996 970/975/996
f 969/973/997 972/976/997 971/974/997
f 974/977/998 971/974/998 972/976/998
f 973/978/999 970/975/999 971/974/999
f 973/978/1000 971/974/1000 974/977/1000
f 975/979/1001 974/980/1001 979/981/1001
f 975/979/1002 973/982/1002 974/980/1002
f 974/977/1003 976/983/1003 977/984/1003
f 972/976/1004 976/983/1004 974/977/1004
f 974/977/1005 977/984/1005 978/985/1005
f 979/981/1006 974/980/1006 978/986/1006
f 978/986/1007 980/987/1007 979/981/1007
f 979/981/1007 980/987/1007 981/988/1007
f 979/981/1008 981/988/1008 982/989/1008
f 979/981/1009 982/989/1009 975/979/1009
f 982/989/1010 983/990/1010 984/991/1010
f 982/989/1008 981/988/1008 983/990/1008
f 982/989/1011 984/991/1011 985/992/1011
f 975/979/1012 982/989/1012 985/992/1012
f 985/992/1013 984/991/1013 987/993/1013
f 988/994/1014 985/992/1014 986/995/1014
f 985/992/1015 987/993/1015 986/995/1015
f 975/979/1016 985/992/1016 988/994/1016
f 988/994/1017 973/982/1017 975/979/1017
f 989/996/1018 990/997/1018 988/994/1018
f 988/994/1019 986/995/1019 989/996/1019
f 988/994/1020 990/997/1020 973/982/1020
f 989/996/1021 991/998/1021 990/997/1021
f 991/999/1022 992/1000/1022 990/1001/1022
f 990/1001/1023 992/1000/1023 970/975/1023
f 990/1001/1024 970/975/1024 973/978/1024
f 964/968/1025 992/1002/1025 948/949/1025
f 991/1003/1026 948/949/1026 992/1002/1026
f 963/972/1027 970/975/1027 992/1000/1027
f 963/966/1028 992/1002/1028 964/968/1028
f 940/941/1029 942/942/1029 991/1003/1029
f 942/942/1030 948/949/1030 991/1003/1030
f 940/936/1031 991/998/1031 989/996/1031
f 989/996/1032 986/995/1032 937/934/1032
f 989/996/1033 937/934/1033 940/936/1033
f 987/993/1034 914/912/1034 993/1004/1034
f 913/911/1035 914/912/1035 987/993/1035
f 986/995/1036 987/993/1036 936/933/1036
f 987/993/1037 993/1004/1037 936/933/1037
f 987/993/1038 984/991/1038 994/1005/1038
f 987/993/1039 994/1005/1039 913/911/1039
f 984/991/1040 995/1006/1040 994/1005/1040
f 994/1005/1040 995/1006/1040 911/910/1040
f 994/1005/1041 911/910/1041 913/911/1041
f 996/1007/1042 995/1006/1042 983/990/1042
f 984/991/1010 983/990/1010 995/1006/1010
f 910/909/1043 911/910/1043 995/1006/1043
f 910/909/1044 995/1006/1044 996/1007/1044
f 983/990/1045 981/988/1045 996/1007/1045
f 996/1007/1046 999/1008/1046 910/909/1046
f 996/1007/1047 980/987/1047 997/1009/1047
f 996/1007/1048 981/988/1048 980/987/1048
f 997/1009/1049 998/1010/1049 996/1007/1049
f 996/1007/1046 998/1010/1046 999/1008/1046
f 910/909/1050 999/1008/1050 906/904/1050
f 998/1010/1051 1000/1011/1051 999/1008/1051
f 999/1008/1052 904/902/1052 906/904/1052
f 999/1008/1053 1000/1011/1053 904/902/1053
f 998/1010/1054 1001/1012/1054 1000/1011/1054
f 1001/1012/1055 1002/1013/1055 1000/1011/1055
f 1000/1011/1056 902/898/1056 904/902/1056
f 1000/1011/1057 1002/1013/1057 902/898/1057
f 1001/1012/1058 1003/1014/1058 1002/1013/1058
f 1003/941/1059 1004/939/1059 1002/937/1059
f 1002/937/1060 900/896/1060 902/938/1060
f 1002/937/1061 1004/939/1061 900/896/1061
f 1003/941/1062 1005/940/1062 1004/939/1062
f 1005/940/1063 1006/1015/1063 1004/939/1063
f 1004/939/1064 898/894/1064 900/896/1064
f 1004/939/1065 1006/1015/1065 898/894/1065
f 1005/940/1066 1007/944/1066 1006/1015/1066
f 1007/944/1067 1008/1016/1067 1006/1015/1067
f 1006/1015/1068 896/892/1068 898/894/1068
f 1006/1015/1069 1008/1016/1069 896/892/1069
f 1007/944/1070 1009/1017/1070 1008/1016/1070
f 1009/1017/1071 1010/1018/1071 1008/1016/1071
f 1008/1016/1072 893/889/1072 896/892/1072
f 1008/1016/1073 1010/1018/1073 893/889/1073
f 1009/1017/1071 1011/1019/1071 1010/1018/1071
f 1011/1019/1074 1012/1020/1074 1010/1018/1074
f 1010/1018/1075 894/891/1075 893/889/1075
f 1010/1018/1076 1012/1020/1076 894/891/1076
f 1012/1020/1077 1013/1021/1077 894/891/1077
f 1012/1020/1078 1015/1022/1078 1013/1021/1078
f 1011/1019/1074 1014/1023/1074 1012/1020/1074
f 1014/1023/1079 1015/1022/1079 1012/1020/1079
f 818/645/765 1013/1021/765 1015/1022/765
f 1015/1022/765 1016/1024/765 818/645/765
f 1014/1023/1079 1016/1024/1079 1015/1022/1079
f 818/645/765 1016/1024/765 1017/1025/765
f 1018/1026/1080 1017/1025/1080 1016/1024/1080
f 1018/1026/1080 1016/1024/1080 1014/1023/1080
f 1020/1027/1081 1017/1025/1081 1018/1026/1081
f 1019/1028/1082 1018/1026/1082 1021/1029/1082
f 1019/1028/1082 1020/1027/1082 1018/1026/1082
f 1021/1029/1083 1018/1026/1083 1014/1023/1083
f 1022/946/1084 1021/1029/1084 1023/945/1084
f 1022/946/1085 1019/1028/1085 1021/1029/1085
f 1023/945/1086 1021/1029/1086 1011/1019/1086
f 1021/1029/1087 1014/1023/1087 1011/1019/1087
f 1024/947/1088 1023/945/1088 1025/943/1088
f 1024/947/1089 1022/946/1089 1023/945/1089
f 1025/943/1090 1023/945/1090 1009/1017/1090
f 1023/945/1091 1011/1019/1091 1009/1017/1091
f 1026/949/1092 1025/943/1092 1027/942/1092
f 1026/949/1093 1024/947/1093 1025/943/1093
f 1027/942/1094 1025/943/1094 1007/944/1094
f 1025/943/1095 1009/1017/1095 1007/944/1095
f 1028/1002/1096 1027/942/1096 1029/1003/1096
f 1028/1002/1096 1026/949/1096 1027/942/1096
f 1029/1003/1097 1027/942/1097 1005/940/1097
f 1027/942/1094 1007/944/1094 1005/940/1094
f 1030/1030/1098 1029/1031/1098 1031/1032/1098
f 1030/1030/1099 1028/1033/1099 1029/1031/1099
f 1031/1034/1100 1029/1035/1100 1003/1014/1100
f 1029/1003/1097 1005/940/1097 1003/941/1097
f 1032/1036/1101 1031/1032/1101 1033/1037/1101
f 1032/1036/1102 1030/1030/1102 1031/1032/1102
f 1033/1038/1103 1031/1034/1103 1001/1012/1103
f 1031/1034/1104 1003/1014/1104 1001/1012/1104
f 1034/1039/1105 1033/1037/1105 997/1040/1105
f 1034/1039/1106 1032/1036/1106 1033/1037/1106
f 1033/1038/1107 1001/1012/1107 998/1010/1107
f 997/1009/1108 1033/1038/1108 998/1010/1108
f 1035/1041/1109 1032/1036/1109 1034/1039/1109
f 1034/1039/1110 1036/1042/1110 1035/1041/1110
f 1034/1039/1111 1037/1043/1111 1036/1042/1111
f 997/1040/1112 1037/1043/1112 1034/1039/1112
f 977/984/1113 1036/1042/1113 1037/1043/1113
f 977/984/1114 1037/1043/1114 978/985/1114
f 978/985/1114 1037/1043/1114 980/1044/1114
f 997/1040/1115 980/1044/1115 1037/1043/1115
f 976/983/1113 1036/1042/1113 977/984/1113
f 976/983/1116 1038/1045/1116 1036/1042/1116
f 1035/1041/1117 1036/1042/1117 1038/1045/1117
f 1038/1045/1118 1039/1046/1118 1035/1041/1118
f 1040/1047/1119 1039/1046/1119 1038/1045/1119
f 1040/1047/1116 1038/1045/1116 976/983/1116
f 1041/1048/1120 1040/1047/1120 1042/1049/1120
f 1041/1048/1119 1039/1046/1119 1040/1047/1119
f 1040/1047/1121 976/983/1121 972/976/1121
f 1042/1049/1122 1040/1047/1122 972/976/1122
f 1042/1049/1123 972/976/1123 969/973/1123
f 969/973/1124 1043/1050/1124 1042/1049/1124
f 1042/1049/1125 1043/1050/1125 1044/1051/1125
f 1042/1049/1126 1044/1051/1126 1041/1048/1126
f 1044/1051/1127 1045/1052/1127 1046/1053/1127
f 1044/1051/1128 1047/1054/1128 1045/1052/1128
f 1043/1050/1128 1047/1054/1128 1044/1051/1128
f 1041/1048/1129 1044/1051/1129 1046/1053/1129
f 1043/1050/1130 1048/1055/1130 1047/1054/1130
f 1048/1055/1131 1049/1056/1131 1047/1054/1131
f 1047/1054/1132 1049/1056/1132 1050/1057/1132
f 1047/1054/1133 1050/1057/1133 1045/1052/1133
f 1045/1052/1133 1050/1057/1133 1051/1058/1133
f 1052/1059/1134 1051/1058/1134 1050/1057/1134
f 1052/1059/1135 1050/1057/1135 1053/1060/1135
f 1053/1060/1136 1050/1057/1136 1049/1056/1136
f 1053/1060/1137 1054/1061/1137 1056/1062/1137
f 1055/1063/1138 1054/1061/1138 1053/1060/1138
f 1053/1060/1139 1056/1062/1139 1052/1059/1139
f 1053/1060/1140 1049/1056/1140 1055/1063/1140
f 1054/1061/1141 1057/1064/1141 1056/1062/1141
f 1056/1062/1142 1057/1064/1142 1058/1065/1142
f 1056/1062/1143 1058/1065/1143 1059/1066/1143
f 1052/1059/1144 1056/1062/1144 1059/1066/1144
f 1059/1066/1145 1060/1067/1145 1061/1068/1145
f 1059/1066/1146 1058/1065/1146 1060/1067/1146
f 1062/1069/1147 1059/1066/1147 1061/1068/1147
f 1052/1059/1148 1059/1066/1148 1062/1069/1148
f 1062/1069/1149 1061/1068/1149 1063/1070/1149
f 1063/1070/1150 1064/1071/1150 1062/1069/1150
f 1062/1069/1151 1051/1058/1151 1052/1059/1151
f 1062/1069/1152 1064/1071/1152 1051/1058/1152
f 1063/1070/1153 1065/1072/1153 1064/1071/1153
f 1064/1071/1154 1065/1072/1154 1066/1073/1154
f 1064/1071/1155 1066/1073/1155 1067/1074/1155
f 1064/1071/1156 1067/1074/1156 1051/1058/1156
f 1067/1074/1155 1066/1073/1155 1068/1075/1155
f 1067/1074/1157 1068/1075/1157 1069/1076/1157
f 1045/1052/1158 1067/1074/1158 1069/1076/1158
f 1051/1058/1159 1067/1074/1159 1045/1052/1159
f 1069/1076/1157 1068/1075/1157 1070/1077/1157
f 1069/1076/1160 1070/1077/1160 1071/1078/1160
f 1045/1052/1161 1069/1076/1161 1071/1078/1161
f 1071/1078/1162 1072/1079/1162 1046/1053/1162
f 1071/1078/1160 1070/1077/1160 1072/1079/1160
f 1046/1053/1127 1045/1052/1127 1071/1078/1127
f 1046/1053/1162 1072/1079/1162 1073/1080/1162
f 1074/1081/1163 1073/1080/1163 1072/1079/1163
f 1074/1081/1164 1072/1079/1164 1075/1082/1164
f 1075/1082/1165 1072/1079/1165 1070/1077/1165
f 1075/1082/1166 1078/1083/1166 1074/1081/1166
f 1076/1084/1167 1077/1085/1167 1075/1082/1167
f 1075/1082/1168 1070/1077/1168 1076/1084/1168
f 1075/1082/1166 1077/1085/1166 1078/1083/1166
f 1077/1085/1169 1080/1086/1169 1078/1083/1169
f 1074/1081/1170 1078/1083/1170 1079/1087/1170
f 1078/1083/1171 1081/1088/1171 1079/1087/1171
f 1078/1083/1172 1080/1086/1172 1081/1088/1172
f 1080/1086/1173 1082/1089/1173 1081/1088/1173
f 1079/1087/1174 1081/1088/1174 1030/1030/1174
f 1081/1088/1175 1028/1033/1175 1030/1030/1175
f 1081/1088/1176 1082/1089/1176 1028/1033/1176
f 1080/1086/1177 1083/1090/1177 1082/1089/1177
f 1083/967/1178 1084/968/1178 1082/966/1178
f 1082/966/1179 1026/949/1179 1028/1002/1179
f 1082/966/1180 1084/968/1180 1026/949/1180
f 1083/967/1181 1085/962/1181 1084/968/1181
f 1085/962/1182 1086/950/1182 1084/968/1182
f 1084/968/1183 1024/947/1183 1026/949/1183
f 1084/968/1184 1086/950/1184 1024/947/1184
f 1085/962/1185 1087/956/1185 1086/950/1185
f 1087/956/1186 1088/948/1186 1086/950/1186
f 1086/950/1187 1022/946/1187 1024/947/1187
f 1086/950/1188 1088/948/1188 1022/946/1188
f 1087/956/1186 1089/953/1186 1088/948/1186
f 1089/953/1189 1090/951/1189 1088/948/1189
f 1088/948/1190 1019/1028/1190 1022/946/1190
f 1088/948/1191 1090/951/1191 1019/1028/1191
f 1089/953/1192 1091/952/1192 1090/951/1192
f 1091/952/1193 1092/1091/1193 1090/951/1193
f 1090/951/1194 1020/1027/1194 1019/1028/1194
f 1090/951/1194 1092/1091/1194 1020/1027/1194
f 1091/952/1195 1093/1092/1195 1092/1091/1195
f 1093/1092/1196 1095/1093/1196 1092/1091/1196
f 1092/1091/1197 1094/1094/1197 1020/1027/1197
f 1092/1091/1198 1095/1093/1198 1094/1094/1198
f 818/645/765 1095/1093/765 1096/1095/765
f 1094/1094/765 1095/1093/765 818/645/765
f 1093/1092/1199 1096/1095/1199 1095/1093/1199
f 818/645/765 1096/1095/765 1097/1096/765
f 1098/1097/1200 1097/1096/1200 1096/1095/1200
f 1098/1097/1200 1096/1095/1200 1093/1092/1200
f 1099/957/1201 1098/1097/1201 1101/954/1201
f 1099/957/1202 1100/1098/1202 1098/1097/1202
f 1100/1098/1203 1097/1096/1203 1098/1097/1203
f 1101/954/1204 1098/1097/1204 1093/1092/1204
f 1102/958/1205 1101/954/1205 1103/955/1205
f 1102/958/1206 1099/957/1206 1101/954/1206
f 1103/955/1207 1101/954/1207 1091/952/1207
f 1101/954/1208 1093/1092/1208 1091/952/1208
f 1104/960/1209 1103/955/1209 1105/959/1209
f 1104/960/1210 1102/958/1210 1103/955/1210
f 1105/959/1211 1103/955/1211 1089/953/1211
f 1103/955/1212 1091/952/1212 1089/953/1212
f 1106/1099/1213 1105/959/1213 1107/961/1213
f 1106/1099/1214 1104/960/1214 1105/959/1214
f 1107/961/1215 1105/959/1215 1087/956/1215
f 1105/959/1216 1089/953/1216 1087/956/1216
f 1108/1100/1217 1107/1101/1217 1109/1102/1217
f 1108/1100/1218 1106/1103/1218 1107/1101/1218
f 1109/1102/1219 1107/1101/1219 1085/1104/1219
f 1107/961/1220 1087/956/1220 1085/962/1220
f 1110/1105/1221 1109/1102/1221 1111/1106/1221
f 1110/1105/1222 1108/1100/1222 1109/1102/1222
f 1111/1106/1223 1109/1102/1223 1083/1090/1223
f 1109/1102/1224 1085/1104/1224 1083/1090/1224
f 1112/1107/1225 1111/1106/1225 1077/1085/1225
f 1112/1107/1226 1110/1105/1226 1111/1106/1226
f 1077/1085/1227 1111/1106/1227 1080/1086/1227
f 1111/1106/1228 1083/1090/1228 1080/1086/1228
f 1076/1084/1229 1112/1107/1229 1077/1085/1229
f 1114/1108/1230 1110/1105/1230 1112/1107/1230
f 1113/1109/1231 1112/1107/1231 1076/1084/1231
f 1113/1109/1232 1114/1108/1232 1112/1107/1232
f 1115/1110/1233 1114/1108/1233 1113/1109/1233
f 1115/1110/1234 1116/1111/1234 1114/1108/1234
f 1116/1111/1235 1117/1112/1235 1114/1108/1235
f 1114/1108/1236 1117/1112/1236 1110/1105/1236
f 1116/1111/1237 1118/1113/1237 1117/1112/1237
f 1118/1113/1238 1119/1114/1238 1117/1112/1238
f 1117/1112/1239 1108/1100/1239 1110/1105/1239
f 1117/1112/1240 1119/1114/1240 1108/1100/1240
f 1118/1113/1241 1120/1115/1241 1119/1114/1241
f 1120/1115/1242 1121/1116/1242 1119/1114/1242
f 1119/1114/1243 1106/1103/1243 1108/1100/1243
f 1119/1114/1244 1121/1116/1244 1106/1103/1244
f 1120/1115/1245 1122/1117/1245 1121/1116/1245
f 1122/1118/1246 1123/1119/1246 1121/1120/1246
f 1121/1120/1247 1104/960/1247 1106/1099/1247
f 1121/1120/1248 1123/1119/1248 1104/960/1248
f 1122/1118/1249 1124/1121/1249 1123/1119/1249
f 1124/1121/1250 1125/1122/1250 1123/1119/1250
f 1123/1119/1251 1102/958/1251 1104/960/1251
f 1123/1119/1252 1125/1122/1252 1102/958/1252
f 1124/1121/1250 1126/1123/1250 1125/1122/1250
f 1126/1123/1253 1127/1124/1253 1125/1122/1253
f 1125/1122/1254 1099/957/1254 1102/958/1254
f 1125/1122/1254 1127/1124/1254 1099/957/1254
f 1126/1123/1255 1128/1125/1255 1127/1124/1255
f 1128/1125/1256 1129/1126/1256 1127/1124/1256
f 1127/1124/1257 1100/1098/1257 1099/957/1257
f 1127/1124/1257 1129/1126/1257 1100/1098/1257
f 1129/1126/1258 1130/1127/1258 1100/1098/1258
f 1129/1126/1259 1131/1128/1259 1130/1127/1259
f 1132/1129/1260 1131/1128/1260 1129/1126/1260
f 1128/1125/1256 1132/1129/1256 1129/1126/1256
f 1132/1129/1260 1135/1130/1260 1131/1128/1260
f 1133/1131/1261 1132/1129/1261 1128/1125/1261
f 1133/1131/1262 1134/1132/1262 1132/1129/1262
f 1134/1132/1263 1135/1130/1263 1132/1129/1263
f 818/645/765 1131/1128/765 1135/1130/765
f 1135/1130/765 1136/1133/765 818/645/765
f 1134/1132/1264 1136/1133/1264 1135/1130/1264
f 818/645/765 1136/1133/765 1137/1134/765
f 1138/1135/1265 1137/1134/1265 1136/1133/1265
f 1138/1135/1266 1136/1133/1266 1134/1132/1266
f 1140/1136/1267 1137/1134/1267 1138/1135/1267
f 1139/1137/1268 1138/1135/1268 1141/1138/1268
f 1139/1137/1269 1140/1136/1269 1138/1135/1269
f 1141/1138/1270 1138/1135/1270 1134/1132/1270
f 1142/1139/1271 1141/1138/1271 1143/1140/1271
f 1142/1139/1271 1139/1137/1271 1141/1138/1271
f 1143/1140/1272 1141/1138/1272 1133/1131/1272
f 1141/1138/1273 1134/1132/1273 1133/1131/1273
f 1144/1141/1274 1143/1140/1274 1145/1142/1274
f 1144/1141/1275 1142/1139/1275 1143/1140/1275
f 1145/1142/1276 1143/1140/1276 1146/1143/1276
f 1143/1140/1272 1133/1131/1272 1146/1143/1272
f 1145/1142/1277 1146/1143/1277 1147/1144/1277
f 1147/1144/1278 1146/1143/1278 1126/1123/1278
f 1146/1143/1279 1128/1125/1279 1126/1123/1279
f 1146/1143/1280 1133/1131/1280 1128/1125/1280
f 1148/1145/1281 1147/1144/1281 1149/1146/1281
f 1148/1145/1282 1145/1142/1282 1147/1144/1282
f 1149/1146/1283 1147/1144/1283 1124/1121/1283
f 1147/1144/1278 1126/1123/1278 1124/1121/1278
f 1150/1147/1284 1149/1148/1284 1151/1149/1284
f 1150/1147/1285 1148/1150/1285 1149/1148/1285
f 1151/1149/1286 1149/1148/1286 1122/1117/1286
f 1149/1146/1287 1124/1121/1287 1122/1118/1287
f 1152/1151/1288 1151/1149/1288 1153/1152/1288
f 1152/1151/1289 1150/1147/1289 1151/1149/1289
f 1153/1152/1290 1151/1149/1290 1120/1115/1290
f 1151/1149/1291 1122/1117/1291 1120/1115/1291
f 1154/1153/1292 1153/1152/1292 1155/1154/1292
f 1154/1153/1293 1152/1151/1293 1153/1152/1293
f 1155/1154/1294 1153/1152/1294 1118/1113/1294
f 1153/1152/1295 1120/1115/1295 1118/1113/1295
f 1156/1155/1296 1155/1154/1296 1157/1156/1296
f 1156/1155/1297 1154/1153/1297 1155/1154/1297
f 1155/1154/1298 1118/1113/1298 1116/1111/1298
f 1157/1156/1299 1155/1154/1299 1116/1111/1299
f 1157/1156/1300 1158/1157/1300 1156/1155/1300
f 1157/1156/1301 1159/1158/1301 1158/1157/1301
f 1115/1110/1302 1159/1158/1302 1157/1156/1302
f 1157/1156/1303 1116/1111/1303 1115/1110/1303
f 1160/1159/1304 1158/1157/1304 1159/1158/1304
f 1160/1159/1305 1159/1158/1305 1161/1160/1305
f 1161/1160/1305 1159/1158/1305 1162/1161/1305
f 1115/1110/1306 1162/1161/1306 1159/1158/1306
f 1161/1160/1307 1162/1161/1307 1063/1070/1307
f 1063/1070/1307 1162/1161/1307 1065/1072/1307
f 1113/1109/1308 1065/1072/1308 1162/1161/1308
f 1113/1109/1309 1162/1161/1309 1115/1110/1309
f 1061/1068/1310 1160/1159/1310 1161/1160/1310
f 1063/1070/1311 1061/1068/1311 1161/1160/1311
f 1061/1068/1312 1163/1162/1312 1160/1159/1312
f 1163/1162/1304 1158/1157/1304 1160/1159/1304
f 1164/1163/1313 1163/1162/1313 1166/1164/1313
f 1164/1163/1314 1165/1165/1314 1163/1162/1314
f 1163/1162/1314 1165/1165/1314 1158/1157/1314
f 1166/1164/1315 1163/1162/1315 1061/1068/1315
f 1167/1166/1316 1164/1163/1316 1166/1164/1316
f 1061/1068/1317 1060/1067/1317 1166/1164/1317
f 1168/1167/1318 1166/1164/1318 1060/1067/1318
f 1167/1166/1319 1166/1164/1319 1168/1167/1319
f 1168/1167/1320 1060/1067/1320 1169/1168/1320
f 1168/1167/1321 1171/1169/1321 1167/1166/1321
f 1169/1168/1322 1170/1170/1322 1168/1167/1322
f 1168/1167/1323 1170/1170/1323 1171/1169/1323
f 1173/1171/1324 1171/1169/1324 1170/1170/1324
f 1167/1166/1325 1171/1169/1325 1174/1172/1325
f 1172/1173/1326 1171/1169/1326 1173/1171/1326
f 1172/1173/1327 1174/1172/1327 1171/1169/1327
f 1177/1174/1328 1175/1175/1328 1174/1172/1328
f 1175/1175/1329 1176/1176/1329 1174/1172/1329
f 1178/1177/1330 1174/1172/1330 1176/1176/1330
f 1177/1174/1331 1174/1172/1331 1172/1173/1331
f 1167/1166/1330 1174/1172/1330 1178/1177/1330
f 1176/1176/1332 1179/1178/1332 1178/1177/1332
f 1178/1177/1332 1179/1178/1332 1180/1179/1332
f 1178/1177/1333 1180/1179/1333 1164/1163/1333
f 1178/1177/1334 1164/1163/1334 1167/1166/1334
f 1156/1155/1335 1180/1179/1335 1179/1178/1335
f 1164/1163/1336 1180/1179/1336 1165/1165/1336
f 1165/1165/1337 1180/1179/1337 1156/1155/1337
f 1182/1180/1338 1179/1178/1338 1181/1181/1338
f 1176/1176/1339 1181/1181/1339 1179/1178/1339
f 1156/1155/1340 1179/1178/1340 1182/1180/1340
f 1182/1180/1341 1154/1153/1341 1156/1155/1341
f 1183/1182/1342 1184/1183/1342 1182/1180/1342
f 1182/1180/1343 1181/1181/1343 1183/1182/1343
f 1182/1180/1344 1184/1183/1344 1154/1153/1344
f 1183/1182/1345 1185/1184/1345 1184/1183/1345
f 1185/1184/1346 1186/1185/1346 1184/1183/1346
f 1184/1183/1347 1152/1151/1347 1154/1153/1347
f 1184/1183/1348 1186/1185/1348 1152/1151/1348
f 1185/1184/1349 1187/1186/1349 1186/1185/1349
f 1187/1186/1350 1188/1187/1350 1186/1185/1350
f 1186/1185/1351 1150/1147/1351 1152/1151/1351
f 1186/1185/1352 1188/1187/1352 1150/1147/1352
f 1187/1186/1353 1189/1188/1353 1188/1187/1353
f 1189/1188/1354 1190/1189/1354 1188/1187/1354
f 1188/1187/1355 1148/1150/1355 1150/1147/1355
f 1188/1187/1356 1190/1189/1356 1148/1150/1356
f 1189/1188/1357 1191/1190/1357 1190/1189/1357
f 1191/1191/1358 1144/1141/1358 1190/1192/1358
f 1190/1192/1359 1145/1142/1359 1148/1145/1359
f 1190/1192/1359 1144/1141/1359 1145/1142/1359
f 1192/1193/1360 1191/1190/1360 1189/1188/1360
f 1192/1193/1361 1193/1194/1361 1191/1190/1361
f 1193/1195/1362 1194/1196/1362 1191/1191/1362
f 1191/1191/1363 1194/1196/1363 1144/1141/1363
f 1193/1195/1364 1195/1197/1364 1194/1196/1364
f 1195/1197/1365 1196/1198/1365 1194/1196/1365
f 1194/1196/1366 1142/1139/1366 1144/1141/1366
f 1194/1196/1367 1196/1198/1367 1142/1139/1367
f 1195/1197/1368 1197/1199/1368 1196/1198/1368
f 1197/1199/1369 1198/1200/1369 1196/1198/1369
f 1196/1198/1370 1139/1137/1370 1142/1139/1370
f 1196/1198/1370 1198/1200/1370 1139/1137/1370
f 1197/1199/1369 1199/1201/1369 1198/1200/1369
f 1199/1201/1371 1200/1202/1371 1198/1200/1371
f 1198/1200/1372 1140/1136/1372 1139/1137/1372
f 1198/1200/1372 1200/1202/1372 1140/1136/1372
f 1199/1201/1373 1201/1203/1373 1200/1202/1373
f 1201/1203/1374 1203/1204/1374 1200/1202/1374
f 1200/1202/1375 1202/1205/1375 1140/1136/1375
f 1200/1202/1376 1203/1204/1376 1202/1205/1376
f 818/645/765 1203/1204/765 1204/1206/765
f 1202/1205/765 1203/1204/765 818/645/765
f 1201/1203/1374 1204/1206/1374 1203/1204/1374
f 818/645/765 1204/1206/765 1205/1207/765
f 1206/1208/1377 1205/1207/1377 1204/1206/1377
f 1206/1208/1377 1204/1206/1377 1201/1203/1377
f 1207/1209/1378 1206/1208/1378 1201/1203/1378
f 1208/1210/1379 1206/1208/1379 1207/1209/1379
f 1209/1211/1380 1205/1207/1380 1206/1208/1380
f 1208/1210/1379 1209/1211/1379 1206/1208/1379
f 1209/1211/1381 1210/1212/1381 1205/1207/1381
f 1212/1213/1382 1210/1212/1382 1209/1211/1382
f 1211/1214/1383 1209/1211/1383 1208/1210/1383
f 1211/1214/1384 1212/1213/1384 1209/1211/1384
f 1212/1213/1382 1213/1215/1382 1210/1212/1382
f 1215/1216/1385 1213/1215/1385 1212/1213/1385
f 1214/1217/1386 1212/1213/1386 1211/1214/1386
f 1214/1217/1386 1215/1216/1386 1212/1213/1386
f 1215/1216/1387 1218/1218/1387 1213/1215/1387
f 1216/1219/1388 1215/1216/1388 1214/1217/1388
f 1216/1219/1389 1217/1220/1389 1215/1216/1389
f 1217/1220/1390 1218/1218/1390 1215/1216/1390
f 818/645/765 1213/1215/765 1218/1218/765
f 1218/1218/765 1219/1221/765 818/645/765
f 1217/1220/1390 1219/1221/1390 1218/1218/1390
f 818/645/765 1219/1221/765 1220/1222/765
f 1221/1223/1391 1220/1222/1391 1219/1221/1391
f 1221/1223/1392 1219/1221/1392 1217/1220/1392
f 1222/1224/1393 1221/1223/1393 1224/1225/1393
f 1222/1224/1394 1223/1226/1394 1221/1223/1394
f 1223/1226/1395 1220/1222/1395 1221/1223/1395
f 1224/1225/1396 1221/1223/1396 1217/1220/1396
f 1225/1227/1397 1224/1225/1397 1226/1228/1397
f 1225/1227/1398 1222/1224/1398 1224/1225/1398
f 1226/1228/1399 1224/1225/1399 1216/1219/1399
f 1224/1225/1396 1217/1220/1396 1216/1219/1396
f 1227/1229/1400 1226/1228/1400 1228/1230/1400
f 1227/1229/1401 1225/1227/1401 1226/1228/1401
f 1228/1230/1402 1226/1228/1402 1229/1231/1402
f 1226/1228/1403 1216/1219/1403 1229/1231/1403
f 1228/1230/1404 1229/1231/1404 1230/1232/1404
f 1230/1232/1405 1229/1231/1405 1231/1233/1405
f 1229/1231/1406 1214/1217/1406 1231/1233/1406
f 1229/1231/1407 1216/1219/1407 1214/1217/1407
f 1230/1232/1408 1231/1233/1408 1232/1234/1408
f 1232/1234/1409 1231/1233/1409 1233/1235/1409
f 1231/1233/1410 1211/1214/1410 1233/1235/1410
f 1231/1233/1410 1214/1217/1410 1211/1214/1410
f 1232/1234/1411 1233/1235/1411 1234/1236/1411
f 1234/1236/1412 1233/1235/1412 1235/1237/1412
f 1233/1235/1413 1208/1210/1413 1235/1237/1413
f 1233/1235/1414 1211/1214/1414 1208/1210/1414
f 1234/1236/1415 1235/1237/1415 1236/1238/1415
f 1236/1238/1416 1235/1237/1416 1237/1239/1416
f 1235/1237/1417 1207/1209/1417 1237/1239/1417
f 1235/1237/1418 1208/1210/1418 1207/1209/1418
f 1238/1240/1419 1237/1239/1419 1197/1199/1419
f 1236/1238/1420 1237/1239/1420 1238/1240/1420
f 1237/1239/1421 1199/1201/1421 1197/1199/1421
f 1237/1239/1422 1207/1209/1422 1199/1201/1422
f 1239/1241/1423 1238/1240/1423 1195/1197/1423
f 1240/1242/1424 1238/1240/1424 1239/1241/1424
f 1238/1240/1425 1197/1199/1425 1195/1197/1425
f 1240/1242/1426 1236/1238/1426 1238/1240/1426
f 1241/1243/1427 1240/1244/1427 1243/1245/1427
f 1241/1243/1428 1242/1246/1428 1240/1244/1428
f 1242/1247/1429 1236/1238/1429 1240/1242/1429
f 1243/1245/1430 1240/1244/1430 1239/1248/1430
f 1244/1249/1431 1243/1245/1431 1245/1250/1431
f 1244/1249/1432 1241/1243/1432 1243/1245/1432
f 1245/1250/1433 1243/1245/1433 1246/1251/1433
f 1243/1245/1434 1239/1248/1434 1246/1251/1434
f 1247/1252/1435 1246/1251/1435 1192/1193/1435
f 1245/1250/1436 1246/1251/1436 1247/1252/1436
f 1246/1251/1437 1193/1194/1437 1192/1193/1437
f 1246/1251/1438 1239/1248/1438 1193/1194/1438
f 1248/1253/1439 1247/1252/1439 1249/1254/1439
f 1250/1255/1440 1247/1252/1440 1248/1253/1440
f 1247/1252/1441 1192/1193/1441 1249/1254/1441
f 1250/1255/1442 1245/1250/1442 1247/1252/1442
f 1251/1256/1443 1250/1255/1443 1248/1253/1443
f 1252/1257/1444 1250/1255/1444 1251/1256/1444
f 1252/1257/1445 1253/1258/1445 1250/1255/1445
f 1253/1258/1446 1245/1250/1446 1250/1255/1446
f 1254/1259/1447 1244/1249/1447 1253/1258/1447
f 1255/1260/1448 1254/1259/1448 1253/1258/1448
f 1255/1260/1449 1253/1258/1449 1252/1257/1449
f 1253/1258/1446 1244/1249/1446 1245/1250/1446
f 1256/1261/1450 1259/1262/1450 1255/1260/1450
f 1255/1260/1451 1257/1263/1451 1256/1261/1451
f 1252/1257/1452 1257/1263/1452 1255/1260/1452
f 1255/1260/1453 1258/1264/1453 1260/1265/1453
f 1255/1260/1454 1259/1262/1454 1258/1264/1454
f 1260/1265/1455 1254/1259/1455 1255/1260/1455
f 1261/1266/1456 1262/1267/1456 1260/1265/1456
f 1260/1265/1457 1263/1268/1457 1261/1266/1457
f 1260/1265/1458 1262/1267/1458 1254/1259/1458
f 1260/1265/1459 1258/1264/1459 1263/1268/1459
f 1261/1266/1460 1263/1268/1460 1264/1269/1460
f 1265/1270/1461 1264/1269/1461 1263/1268/1461
f 1265/1270/1462 1263/1268/1462 1266/1271/1462
f 1266/1271/1462 1263/1268/1462 1258/1264/1462
f 1268/1272/1463 1265/1270/1463 1266/1271/1463
f 1266/1271/1464 1258/1264/1464 1267/1273/1464
f 1267/1273/1465 1268/1272/1465 1266/1271/1465
f 1268/1272/1466 1269/1274/1466 1265/1270/1466
f 1271/1275/1467 1269/1274/1467 1268/1272/1467
f 1273/1276/1468 1270/1277/1468 1268/1272/1468
f 1270/1277/1469 1272/1278/1469 1268/1272/1469
f 1268/1272/1469 1272/1278/1469 1271/1275/1469
f 1273/1276/1470 1268/1272/1470 1267/1273/1470
f 1273/1276/1471 1274/1279/1471 1275/1280/1471
f 1267/1273/1472 1274/1279/1472 1273/1276/1472
f 1276/1281/1473 1270/1277/1473 1273/1276/1473
f 1273/1276/1474 1275/1280/1474 1276/1281/1474
f 1277/1282/1475 1278/1283/1475 1276/1281/1475
f 1276/1281/1476 1279/1284/1476 1277/1282/1476
f 1276/1281/1477 1278/1283/1477 1270/1277/1477
f 1276/1281/1478 1275/1280/1478 1279/1284/1478
f 1277/1282/1479 1279/1284/1479 1280/1285/1479
f 1281/1286/1480 1280/1285/1480 1279/1284/1480
f 1281/1286/1481 1279/1284/1481 1282/1287/1481
f 1282/1287/1482 1279/1284/1482 1275/1280/1482
f 1283/1288/1483 1282/1287/1483 1287/1289/1483
f 1285/1290/1484 1282/1287/1484 1283/1288/1484
f 1285/1290/1485 1281/1286/1485 1282/1287/1485
f 1282/1287/1486 1284/1291/1486 1286/1292/1486
f 1275/1280/1487 1284/1291/1487 1282/1287/1487
f 1282/1287/1488 1286/1292/1488 1287/1289/1488
f 1286/1292/1489 1288/1293/1489 1287/1289/1489
f 1287/1289/1490 1288/1293/1490 1289/1294/1490
f 1287/1289/1491 1289/1294/1491 1283/1288/1491
f 1251/1256/1492 1289/1294/1492 1288/1293/1492
f 1283/1288/1491 1289/1294/1491 1290/1295/1491
f 1291/1296/1493 1290/1295/1493 1289/1294/1493
f 1291/1296/1494 1289/1294/1494 1251/1256/1494
f 1293/1297/1495 1290/1295/1495 1291/1296/1495
f 1291/1296/1496 1294/1298/1496 1292/1299/1496
f 1292/1299/1497 1295/1300/1497 1291/1296/1497
f 1291/1296/1498 1295/1300/1498 1293/1297/1498
f 1251/1256/1499 1248/1253/1499 1291/1296/1499
f 1291/1296/1500 1248/1253/1500 1294/1298/1500
f 1296/1301/1501 1293/1297/1501 1295/1300/1501
f 1296/1301/1502 1295/1300/1502 1297/1302/1502
f 1297/1302/1502 1295/1300/1502 1298/1303/1502
f 1292/1299/1503 1298/1303/1503 1295/1300/1503
f 1297/1302/1504 1298/1303/1504 1299/1304/1504
f 1299/1304/1504 1298/1303/1504 1300/1305/1504
f 1183/1182/1505 1300/1305/1505 1298/1303/1505
f 1183/1182/1506 1298/1303/1506 1292/1299/1506
f 1299/1304/1507 1300/1305/1507 1175/1175/1507
f 1175/1175/1507 1300/1305/1507 1181/1181/1507
f 1181/1181/1508 1300/1305/1508 1183/1182/1508
f 1299/1304/1509 1175/1175/1509 1177/1174/1509
f 1297/1302/1510 1299/1304/1510 1177/1174/1510
f 1297/1302/1511 1301/1306/1511 1296/1301/1511
f 1177/1174/1512 1301/1306/1512 1297/1302/1512
f 1285/1290/1513 1302/1307/1513 1301/1306/1513
f 1302/1307/1514 1296/1301/1514 1301/1306/1514
f 1177/1174/1515 1303/1308/1515 1301/1306/1515
f 1304/1309/1516 1301/1306/1516 1303/1308/1516
f 1285/1290/1517 1301/1306/1517 1304/1309/1517
f 1304/1309/1518 1281/1286/1518 1285/1290/1518
f 1304/1309/1519 1306/1310/1519 1281/1286/1519
f 1304/1309/1520 1303/1308/1520 1305/1311/1520
f 1305/1311/1521 1306/1310/1521 1304/1309/1521
f 1305/1311/1522 1307/1312/1522 1306/1310/1522
f 1307/1312/1523 1308/1313/1523 1306/1310/1523
f 1306/1310/1524 1308/1313/1524 1280/1285/1524
f 1306/1310/1525 1280/1285/1525 1281/1286/1525
f 1311/1314/1526 1308/1315/1526 1309/1247/1526
f 1307/1312/1527 1309/1316/1527 1308/1313/1527
f 1310/1317/1528 1280/1285/1528 1308/1313/1528
f 1310/1318/1529 1308/1315/1529 1311/1314/1529
f 1311/1314/1530 1314/1319/1530 1310/1318/1530
f 1311/1314/1531 1312/1232/1531 1314/1319/1531
f 1313/1234/1532 1312/1232/1532 1311/1314/1532
f 1311/1314/1533 1309/1247/1533 1313/1234/1533
f 1312/1232/1534 1315/1230/1534 1314/1319/1534
f 1314/1319/1535 1315/1230/1535 1316/1320/1535
f 1314/1319/1536 1316/1320/1536 1317/1321/1536
f 1310/1318/1537 1314/1319/1537 1317/1321/1537
f 1317/1321/1538 1316/1320/1538 1318/1322/1538
f 1317/1323/1539 1318/1324/1539 1278/1283/1539
f 1277/1282/1540 1317/1323/1540 1278/1283/1540
f 1310/1317/1540 1317/1323/1540 1277/1282/1540
f 1321/1325/1541 1318/1322/1541 1316/1320/1541
f 1278/1283/1542 1318/1324/1542 1319/1326/1542
f 1320/936/1543 1319/997/1543 1318/998/1543
f 1320/1327/1544 1318/1322/1544 1321/1325/1544
f 1323/1328/1545 1320/1327/1545 1321/1325/1545
f 1324/1329/1546 1321/1325/1546 1322/1229/1546
f 1321/1325/1547 1316/1320/1547 1322/1229/1547
f 1323/1328/1546 1321/1325/1546 1324/1329/1546
f 1324/1329/1548 1325/1330/1548 1326/1331/1548
f 1327/1332/1549 1325/1330/1549 1324/1329/1549
f 1324/1329/1550 1326/1331/1550 1323/1328/1550
f 1324/1329/1551 1322/1229/1551 1327/1332/1551
f 1327/1332/1552 1330/1333/1552 1325/1330/1552
f 1327/1332/1553 1322/1229/1553 1328/1227/1553
f 1327/1332/1554 1328/1227/1554 1329/1334/1554
f 1329/1334/1552 1330/1333/1552 1327/1332/1552
f 1329/1334/1555 1331/1335/1555 1330/1333/1555
f 1331/1335/1556 1332/1336/1556 1330/1333/1556
f 1330/1333/1556 1332/1336/1556 1333/1337/1556
f 1330/1333/1557 1333/1337/1557 1325/1330/1557
f 1325/1330/1557 1333/1337/1557 1334/1338/1557
f 1335/1339/1558 1334/1338/1558 1333/1337/1558
f 1335/1339/1559 1333/1337/1559 1336/1340/1559
f 1336/1340/1560 1333/1337/1560 1332/1336/1560
f 1336/1340/1561 1338/1341/1561 1335/1339/1561
f 1336/1340/1562 1332/1336/1562 1339/1342/1562
f 1336/1340/1563 1337/1343/1563 1338/1341/1563
f 1339/1342/1563 1337/1343/1563 1336/1340/1563
f 1337/1343/14 1339/1342/14 1340/1344/14
f 1340/1344/14 1339/1342/14 1341/1345/14
f 1339/1342/1564 1332/1336/1564 1341/1345/1564
f 1342/1346/1565 1341/1345/1565 1331/1335/1565
f 1343/1347/14 1341/1345/14 1342/1346/14
f 1331/1335/1566 1341/1345/1566 1332/1336/1566
f 1340/1344/14 1341/1345/14 1343/1347/14
f 1344/1348/1567 1346/1349/1567 1343/1350/1567
f 1343/1347/14 1345/1351/14 1344/1352/14
f 1343/1347/14 1342/1346/14 1345/1351/14
f 1343/1350/1568 1346/1349/1568 1347/1353/1568
f 1343/1350/1568 1347/1353/1568 1340/1354/1568
f 1340/1354/1569 1347/1353/1569 1348/1355/1569
f 1349/1356/14 1348/1357/14 1347/1344/14
f 1349/1356/603 1347/1344/603 1350/1358/603
f 1350/1358/14 1347/1344/14 1346/1347/14
f 1350/1359/1570 1353/1360/1570 1349/1361/1570
f 1350/1358/14 1346/1347/14 1351/1362/14
f 1351/1363/1571 1352/1364/1571 1350/1359/1571
f 1350/1359/1572 1352/1364/1572 1353/1360/1572
f 1349/1361/1570 1353/1360/1570 1354/1365/1570
f 1356/656/14 1353/1358/14 1352/1362/14
f 1355/655/604 1354/1356/604 1353/1358/604
f 1355/655/14 1353/1358/14 1356/656/14
f 1357/1366/1573 663/1367/1573 1356/1368/1573
f 1356/656/14 1352/1362/14 1357/679/14
f 1356/1368/1574 663/1367/1574 633/1369/1574
f 1356/1368/1574 633/1369/1574 1355/1370/1574
f 1358/640/1575 658/1371/1575 1357/643/1575
f 1357/679/14 1359/1372/14 1358/675/14
f 1357/1366/1573 658/1373/1573 663/1367/1573
f 1357/679/603 1352/1362/603 1359/1372/603
f 1358/675/14 1359/1372/14 1360/1374/14
f 1361/1375/1576 1360/635/1576 1359/1376/1576
f 1351/1363/1577 1359/1377/1577 1352/1364/1577
f 1361/1378/1577 1359/1377/1577 1351/1363/1577
f 1351/1362/14 1362/1352/14 1361/1372/14
f 1361/1372/14 1362/1352/14 1363/1379/14
f 1361/1372/14 1363/1379/14 1364/1374/14
f 1364/634/1576 1360/635/1576 1361/1375/1576
f 1364/1374/14 1363/1379/14 1365/1380/14
f 1364/1374/14 1365/1380/14 1366/1381/14
f 1366/630/1578 1367/631/1578 1364/634/1578
f 1364/634/1579 1367/631/1579 1360/635/1579
f 1370/666/14 1367/1381/14 1368/1382/14
f 1366/630/1580 1368/638/1580 1367/631/1580
f 1369/670/14 1360/1374/14 1367/1381/14
f 1369/670/14 1367/1381/14 1370/666/14
f 1370/666/14 1368/1382/14 1371/662/14
f 1370/1383/1581 649/641/1581 1369/642/1581
f 1371/1384/1582 645/647/1582 1370/1383/1582
f 1370/1383/1583 645/647/1583 649/641/1583
f 1371/662/14 1372/1385/14 1373/653/14
f 1371/662/14 1368/1382/14 1372/1385/14
f 1373/688/1584 641/1386/1584 1371/1384/1584
f 1371/1384/1582 641/1386/1582 645/647/1582
f 1373/653/14 1372/1385/14 1375/1387/14
f 1374/685/1585 637/1388/1585 1373/688/1585
f 1373/653/14 1375/1387/14 1374/651/14
f 1373/688/1586 637/1388/1586 641/1386/1586
f 1376/1389/1587 1375/1390/1587 1378/1391/1587
f 1376/1389/1588 1377/694/1588 1375/1390/1588
f 1374/651/14 1375/1387/14 1377/1392/14
f 1378/1391/1589 1375/1390/1589 1372/1393/1589
f 1378/1391/1590 1372/1393/1590 1379/632/1590
f 1379/1382/14 1380/1394/14 1378/1385/14
f 1378/1385/14 1380/1394/14 1381/1395/14
f 1378/1385/14 1381/1395/14 1376/1387/14
f 1376/1387/14 1381/1395/14 1382/1396/14
f 1384/1397/1591 1382/1398/1591 1381/1399/1591
f 1383/1400/1592 1381/1399/1592 1380/628/1592
f 1384/1397/1593 1381/1399/1593 1383/1400/1593
f 1385/1401/1594 1382/1398/1594 1384/1397/1594
f 1385/1402/14 1384/1396/14 1386/1130/14
f 1384/1396/14 1388/1133/14 1386/1130/14
f 1383/1395/14 1387/1134/14 1384/1396/14
f 1384/1396/14 1387/1134/14 1388/1133/14
f 1386/1130/1595 1388/1133/1595 1389/1129/1595
f 1387/1134/1596 1390/1132/1596 1388/1133/1596
f 1389/1129/1597 1388/1133/1597 1390/1132/1597
f 1389/1129/1598 1390/1132/1598 1391/1125/1598
f 1391/1125/1598 1390/1132/1598 1392/1131/1598
f 1393/1135/1599 1392/1131/1599 1390/1132/1599
f 1393/1135/1596 1390/1132/1596 1387/1134/1596
f 1393/1135/1600 1394/1205/1600 1396/1136/1600
f 1387/1134/1600 1394/1205/1600 1393/1135/1600
f 1393/1135/1601 1396/1136/1601 1395/1138/1601
f 1395/1138/1602 1392/1131/1602 1393/1135/1602
f 1397/1204/1603 1396/1136/1603 1394/1205/1603
f 1399/1202/1603 1396/1136/1603 1397/1204/1603
f 1395/1138/1604 1396/1136/1604 1398/1137/1604
f 1399/1202/1605 1398/1137/1605 1396/1136/1605
f 1397/1204/1606 1402/1206/1606 1399/1202/1606
f 1399/1202/1607 1401/1203/1607 1400/1200/1607
f 1400/1200/1608 1398/1137/1608 1399/1202/1608
f 1399/1202/1609 1402/1206/1609 1401/1203/1609
f 1403/1394/14 1402/1206/14 1397/1204/14
f 1404/1403/14 1402/1206/14 1403/1394/14
f 1404/1403/14 1405/1207/14 1402/1206/14
f 1405/1207/1610 1401/1203/1610 1402/1206/1610
f 1404/1403/14 1406/1212/14 1405/1207/14
f 1405/1207/1611 1406/1212/1611 1407/1208/1611
f 1407/1208/1612 1401/1203/1612 1405/1207/1612
f 1407/1208/1613 1408/1211/1613 1409/1209/1613
f 1407/1208/1611 1406/1212/1611 1408/1211/1611
f 1409/1209/1614 1410/1201/1614 1407/1208/1614
f 1407/1208/1615 1410/1201/1615 1401/1203/1615
f 1411/1198/1616 1410/1201/1616 1412/1199/1616
f 1400/1200/1616 1410/1201/1616 1411/1198/1616
f 1400/1200/1617 1401/1203/1617 1410/1201/1617
f 1409/1209/1618 1412/1199/1618 1410/1201/1618
f 1414/1239/1619 1413/1197/1619 1412/1199/1619
f 1415/1196/1620 1412/1199/1620 1413/1197/1620
f 1414/1239/1621 1412/1199/1621 1409/1209/1621
f 1411/1198/1622 1412/1199/1622 1415/1196/1622
f 1415/1196/1623 1413/1197/1623 1416/1191/1623
f 1416/1191/1624 1418/1192/1624 1415/1196/1624
f 1415/1196/1625 1417/1141/1625 1411/1198/1625
f 1415/1196/1626 1418/1192/1626 1417/1141/1626
f 1419/1404/1627 1418/1405/1627 1421/1406/1627
f 1420/1407/1628 1418/1405/1628 1419/1404/1628
f 1420/1145/1629 1417/1141/1629 1418/1192/1629
f 1416/1408/1630 1421/1406/1630 1418/1405/1630
f 1419/1404/1631 1421/1406/1631 1169/1168/1631
f 1422/1409/1632 1170/1170/1632 1421/1406/1632
f 1169/1168/1633 1421/1406/1633 1170/1170/1633
f 1422/1409/1634 1421/1406/1634 1416/1408/1634
f 1416/1408/1635 1423/1410/1635 1422/1409/1635
f 1422/1409/1636 1423/1410/1636 1424/1411/1636
f 1422/1409/1637 1424/1411/1637 1173/1171/1637
f 1173/1171/1638 1170/1170/1638 1422/1409/1638
f 1427/1412/1639 1424/1411/1639 1423/1410/1639
f 1426/1413/1640 1425/1414/1640 1424/1411/1640
f 1173/1171/1641 1424/1411/1641 1425/1414/1641
f 1426/1413/1639 1424/1411/1639 1427/1412/1639
f 1427/1412/1642 1430/1415/1642 1426/1413/1642
f 1427/1241/1643 1428/1238/1643 1430/1242/1643
f 1429/1240/1644 1428/1238/1644 1427/1241/1644
f 1427/1241/1645 1423/1195/1645 1429/1240/1645
f 1428/1238/1646 1431/1236/1646 1430/1242/1646
f 1430/1242/1647 1431/1236/1647 1309/1247/1647
f 1430/1415/1648 1309/1316/1648 1307/1312/1648
f 1426/1413/1649 1430/1415/1649 1307/1312/1649
f 1433/1233/1650 1431/1236/1650 1432/1235/1650
f 1428/1238/1651 1432/1235/1651 1431/1236/1651
f 1313/1234/1652 1309/1247/1652 1431/1236/1652
f 1313/1234/1653 1431/1236/1653 1433/1233/1653
f 1433/1233/1654 1432/1235/1654 1435/1217/1654
f 1433/1233/1655 1434/1231/1655 1313/1234/1655
f 1433/1233/1656 1436/1219/1656 1434/1231/1656
f 1435/1217/1656 1436/1219/1656 1433/1233/1656
f 1435/1217/1657 1437/1220/1657 1436/1219/1657
f 1437/1220/1658 1438/1223/1658 1436/1219/1658
f 1436/1219/1658 1438/1223/1658 1439/1225/1658
f 1436/1219/1659 1439/1225/1659 1434/1231/1659
f 1442/1226/1660 1439/1225/1660 1438/1223/1660
f 1434/1231/1661 1439/1225/1661 1440/1228/1661
f 1441/1224/1662 1440/1228/1662 1439/1225/1662
f 1441/1224/1663 1439/1225/1663 1442/1226/1663
f 1442/1226/1664 1438/1223/1664 1443/1416/1664
f 1345/1351/1665 1442/1226/1665 1443/1416/1665
f 1444/1417/1665 1442/1226/1665 1345/1351/1665
f 1444/1417/1666 1441/1224/1666 1442/1226/1666
f 1444/1417/1667 1342/1346/1667 1331/1335/1667
f 1345/1351/1668 1342/1346/1668 1444/1417/1668
f 1444/1417/1555 1331/1335/1555 1329/1334/1555
f 1329/1334/1669 1441/1224/1669 1444/1417/1669
f 1344/1352/14 1443/1416/14 1445/1222/14
f 1344/1352/14 1345/1351/14 1443/1416/14
f 1443/1416/1664 1438/1223/1664 1445/1222/1664
f 1446/1379/14 1445/1222/14 1447/1221/14
f 1344/1352/14 1445/1222/14 1446/1379/14
f 1447/1221/1670 1445/1222/1670 1437/1220/1670
f 1437/1220/1670 1445/1222/1670 1438/1223/1670
f 1446/1379/14 1447/1221/14 1448/1218/14
f 1448/1218/1671 1447/1221/1671 1449/1216/1671
f 1449/1216/1672 1447/1221/1672 1437/1220/1672
f 1449/1216/1673 1450/1213/1673 1448/1218/1673
f 1449/1216/1674 1451/1214/1674 1450/1213/1674
f 1449/1216/1675 1437/1220/1675 1435/1217/1675
f 1435/1217/1676 1451/1214/1676 1449/1216/1676
f 1452/1210/1677 1450/1213/1677 1451/1214/1677
f 1452/1210/1678 1451/1214/1678 1453/1237/1678
f 1453/1237/1679 1451/1214/1679 1432/1235/1679
f 1435/1217/1654 1432/1235/1654 1451/1214/1654
f 1414/1239/1680 1452/1210/1680 1453/1237/1680
f 1453/1237/1681 1432/1235/1681 1428/1238/1681
f 1429/1240/1682 1453/1237/1682 1428/1238/1682
f 1414/1239/1683 1453/1237/1683 1429/1240/1683
f 1409/1209/1684 1408/1211/1684 1452/1210/1684
f 1408/1211/1685 1450/1213/1685 1452/1210/1685
f 1409/1209/1686 1452/1210/1686 1414/1239/1686
f 1448/1218/1687 1450/1213/1687 1454/1215/1687
f 1408/1211/1688 1454/1215/1688 1450/1213/1688
f 1455/1380/14 1448/1218/14 1454/1215/14
f 1406/1212/1688 1454/1215/1688 1408/1211/1688
f 1455/1380/14 1454/1215/14 1406/1212/14
f 1455/1380/14 1406/1212/14 1404/1403/14
f 1455/619/1689 1363/1418/1689 1446/623/1689
f 1446/1379/14 1448/1218/14 1455/1380/14
f 1455/619/1689 1365/624/1689 1363/1418/1689
f 1404/621/1690 1365/624/1690 1455/619/1690
f 1446/1419/1691 1362/1420/1691 1344/1348/1691
f 1446/1419/1691 1363/1421/1691 1362/1420/1691
f 1328/1227/1692 1440/1228/1692 1441/1224/1692
f 1329/1334/1693 1328/1227/1693 1441/1224/1693
f 1434/1231/1694 1440/1228/1694 1312/1232/1694
f 1312/1232/1695 1440/1228/1695 1315/1230/1695
f 1328/1227/1696 1315/1230/1696 1440/1228/1696
f 1313/1234/1697 1434/1231/1697 1312/1232/1697
f 1429/1240/1698 1413/1197/1698 1414/1239/1698
f 1429/1240/1699 1423/1195/1699 1413/1197/1699
f 1426/1413/1700 1307/1312/1700 1305/1311/1700
f 1305/1311/1640 1425/1414/1640 1426/1413/1640
f 1305/1311/1701 1303/1308/1701 1425/1414/1701
f 1172/1173/1702 1425/1414/1702 1303/1308/1702
f 1173/1171/1703 1425/1414/1703 1172/1173/1703
f 1416/1191/1704 1413/1197/1704 1423/1195/1704
f 1419/1404/1705 1057/1064/1705 1420/1407/1705
f 1456/1142/1706 1417/1141/1706 1420/1145/1706
f 1420/1145/1707 1457/1146/1707 1456/1142/1707
f 1420/1407/1708 1057/1064/1708 1457/1422/1708
f 1456/1142/1709 1457/1146/1709 1458/1144/1709
f 1459/1118/1710 1458/1144/1710 1457/1146/1710
f 1459/1423/1711 1457/1422/1711 1054/1061/1711
f 1054/1061/1712 1457/1422/1712 1057/1064/1712
f 1461/1120/1713 1460/1121/1713 1459/1118/1713
f 1460/1121/1714 1458/1144/1714 1459/1118/1714
f 1055/1063/1715 1459/1423/1715 1054/1061/1715
f 1461/1424/1716 1459/1423/1716 1055/1063/1716
f 1462/1119/1717 1460/1121/1717 1461/1120/1717
f 1461/1120/1718 1463/1099/1718 1462/1119/1718
f 1461/1424/1719 1464/1425/1719 1463/1426/1719
f 1055/1063/1720 1464/1425/1720 1461/1424/1720
f 967/969/1721 1463/1426/1721 1464/1425/1721
f 967/969/1722 1464/1425/1722 1048/1055/1722
f 1048/1055/1723 1464/1425/1723 1049/1056/1723
f 1055/1063/1724 1049/1056/1724 1464/1425/1724
f 1462/1119/1725 1463/1099/1725 960/960/1725
f 961/961/1726 960/960/1726 1463/1099/1726
f 961/964/1727 1463/1426/1727 967/969/1727
f 1462/1119/1728 960/960/1728 1465/1122/1728
f 1462/1119/1729 1466/1123/1729 1460/1121/1729
f 1465/1122/1730 1466/1123/1730 1462/1119/1730
f 1465/1122/1731 1391/1125/1731 1466/1123/1731
f 1391/1125/1732 1392/1131/1732 1466/1123/1732
f 1466/1123/1733 1392/1131/1733 1467/1143/1733
f 1466/1123/1734 1467/1143/1734 1460/1121/1734
f 1395/1138/1735 1467/1143/1735 1392/1131/1735
f 1460/1121/1736 1467/1143/1736 1458/1144/1736
f 1468/1140/1737 1458/1144/1737 1467/1143/1737
f 1468/1140/1735 1467/1143/1735 1395/1138/1735
f 1456/1142/1738 1458/1144/1738 1468/1140/1738
f 1468/1140/1739 1469/1139/1739 1456/1142/1739
f 1395/1138/1740 1398/1137/1740 1468/1140/1740
f 1468/1140/1741 1398/1137/1741 1469/1139/1741
f 1411/1198/1625 1417/1141/1625 1469/1139/1625
f 1456/1142/1742 1469/1139/1742 1417/1141/1742
f 1411/1198/1743 1469/1139/1743 1400/1200/1743
f 1400/1200/1744 1469/1139/1744 1398/1137/1744
f 1465/1122/1745 960/960/1745 958/958/1745
f 1470/1124/1746 1391/1125/1746 1465/1122/1746
f 1465/1122/1747 958/958/1747 1470/1124/1747
f 1470/1124/1748 1389/1129/1748 1391/1125/1748
f 1471/1126/1748 1389/1129/1748 1470/1124/1748
f 1470/1124/1749 957/957/1749 1471/1126/1749
f 1470/1124/1750 958/958/1750 957/957/1750
f 1471/1126/1751 1386/1130/1751 1389/1129/1751
f 1473/1128/1752 1386/1130/1752 1471/1126/1752
f 1471/1126/1753 1472/1098/1753 1473/1128/1753
f 1471/1126/1754 957/957/1754 1472/1098/1754
f 1386/1130/14 1473/1128/14 1385/1402/14
f 1473/1128/1755 1472/1098/1755 1474/1127/1755
f 1385/1402/14 1473/1128/14 1474/1127/14
f 1475/1096/1756 1474/1127/1756 1476/1097/1756
f 1477/1427/14 1474/1127/14 1475/1096/14
f 1476/1097/1756 1474/1127/1756 1472/1098/1756
f 1385/1402/14 1474/1127/14 1477/1427/14
f 1478/1428/1757 1480/1429/1757 1477/1430/1757
f 1477/1427/14 1479/1095/14 1478/1431/14
f 1477/1430/1758 1481/1432/1758 1385/1401/1758
f 1477/1427/14 1475/1096/14 1479/1095/14
f 1477/1430/1758 1480/1429/1758 1481/1432/1758
f 1385/1401/1594 1481/1432/1594 1382/1398/1594
f 1482/1392/14 1382/1396/14 1481/1402/14
f 1482/1392/14 1481/1402/14 1483/1433/14
f 1483/1433/14 1481/1402/14 1480/1427/14
f 1483/693/1759 1486/691/1759 1482/1434/1759
f 1483/1433/14 1480/1427/14 1484/1435/14
f 1484/690/1760 1485/692/1760 1483/693/1760
f 1483/693/1761 1485/692/1761 1486/691/1761
f 1482/1434/1762 1486/691/1762 1377/694/1762
f 1488/678/14 1486/1433/14 1485/1435/14
f 1487/652/14 1377/1392/14 1486/1433/14
f 1487/652/14 1486/1433/14 1488/678/14
f 1488/713/1763 662/683/1763 1487/682/1763
f 1489/715/1764 657/684/1764 1488/713/1764
f 1488/678/14 1485/1435/14 1489/674/14
f 1488/713/1763 657/684/1763 662/683/1763
f 1490/1436/1765 653/1437/1765 1489/1438/1765
f 1489/674/604 1491/1439/604 1490/669/604
f 1489/715/1764 653/714/1764 657/684/1764
f 1489/674/14 1485/1435/14 1491/1439/14
f 1492/697/1766 1491/698/1766 1484/690/1766
f 1492/1440/1767 1493/1441/1767 1491/1442/1767
f 1490/669/14 1491/1439/14 1493/1443/14
f 1484/690/1768 1491/698/1768 1485/692/1768
f 1495/665/14 1493/1443/14 1494/1444/14
f 1496/1445/1769 1494/1446/1769 1493/1441/1769
f 1496/1445/1770 1493/1441/1770 1492/1440/1770
f 1490/669/14 1493/1443/14 1495/665/14
f 1492/1439/14 1497/1447/14 1496/1443/14
f 1496/1443/14 1497/1447/14 1498/1448/14
f 1496/1443/14 1498/1448/14 1499/1444/14
f 1499/1449/1771 1494/1446/1771 1496/1445/1771
f 1499/1444/14 1498/1448/14 1500/1450/14
f 1499/1444/603 1500/1450/603 1501/1451/603
f 1501/1452/1772 1502/1453/1772 1499/1449/1772
f 1499/1449/1772 1502/1453/1772 1494/1446/1772
f 1503/661/14 1494/1444/14 1502/1451/14
f 1503/661/14 1502/1451/14 1504/649/14
f 1504/649/14 1502/1451/14 1505/733/14
f 1501/1452/1773 1505/1454/1773 1502/1453/1773
f 696/732/1773 1505/1454/1773 1501/1452/1773
f 696/732/624 692/729/624 1505/1454/624
f 1506/648/603 1505/733/603 692/728/603
f 1504/649/1774 1505/733/1774 1506/648/1774
f 693/1455/1775 661/1456/1775 1506/729/1775
f 1506/648/14 692/728/14 693/650/14
f 1506/729/1776 631/1457/1776 1504/1458/1776
f 661/1456/1775 631/1457/1775 1506/729/1775
f 1511/1459/1777 1507/1460/1777 1506/729/1777
f 1507/1461/765 1508/1462/765 1506/648/765
f 1506/648/765 1508/1462/765 1509/1463/765
f 1506/648/765 1509/1463/765 1510/1464/765
f 1512/1465/1778 1506/729/1778 1510/1466/1778
f 1511/1459/1778 1506/729/1778 1512/1465/1778
f 1512/1464/14 1513/1467/14 1514/1468/14
f 1515/1469/14 1513/1467/14 1512/1464/14
f 1512/1464/14 1514/1468/14 1511/648/14
f 1512/1465/1779 1510/1466/1779 1515/1470/1779
f 1515/1469/14 1518/1471/14 1513/1467/14
f 1515/1470/1779 1510/1466/1779 1517/1472/1779
f 1515/1470/1780 1517/1472/1780 1516/1473/1780
f 1516/1474/14 1518/1471/14 1515/1469/14
f 1516/1474/14 1519/1475/14 1518/1471/14
f 1519/1476/1781 1520/1477/1781 1518/1478/1781
f 1518/1478/1782 1520/1477/1782 1521/1479/1782
f 1518/1478/1782 1521/1479/1782 1513/1480/1782
f 1523/1474/765 1521/1467/765 1520/1471/765
f 1513/1480/1783 1521/1479/1783 1522/1481/1783
f 1517/1469/765 1522/1468/765 1521/1467/765
f 1517/1469/765 1521/1467/765 1523/1474/765
f 1516/1473/1780 1517/1472/1780 1523/1370/1780
f 1523/1474/1784 1520/1471/1784 1524/1482/1784
f 1525/1483/1785 1523/1370/1785 1524/1368/1785
f 1516/1473/1785 1523/1370/1785 1525/1483/1785
f 1525/1483/1786 1524/1368/1786 1526/1484/1786
f 1526/1485/14 1527/1486/14 1525/1482/14
f 1525/1482/14 1527/1486/14 1519/1475/14
f 1525/1482/14 1519/1475/14 1516/1474/14
f 1526/1485/14 1528/1487/14 1527/1486/14
f 1528/1488/1787 1529/1489/1787 1527/1490/1787
f 1527/1491/1788 1529/1492/1788 1530/1493/1788
f 1527/1491/1788 1530/1493/1788 1519/1476/1788
f 1531/1485/765 1530/1475/765 1529/1486/765
f 1519/1476/1781 1530/1493/1781 1520/1477/1781
f 1524/1482/765 1520/1471/765 1530/1475/765
f 1524/1482/765 1530/1475/765 1531/1485/765
f 1531/1485/765 1529/1486/765 1532/1494/765
f 1526/1484/1786 1524/1368/1786 1531/1366/1786
f 1533/1495/1789 1531/1496/1789 1532/1497/1789
f 1526/1498/1789 1531/1496/1789 1533/1495/1789
f 1533/1495/600 1532/1497/600 1534/1499/600
f 1534/1500/14 1535/1501/14 1533/1494/14
f 1533/1494/14 1528/1487/14 1526/1485/14
f 1533/1494/14 1535/1501/14 1528/1487/14
f 1534/1500/14 1536/1502/14 1535/1501/14
f 1536/1503/1790 1537/1504/1790 1535/1505/1790
f 1535/1505/1791 1537/1504/1791 1538/1506/1791
f 1535/1505/1791 1538/1506/1791 1528/1488/1791
f 1532/1494/765 1538/1487/765 1537/1501/765
f 1528/1488/1787 1538/1506/1787 1529/1489/1787
f 1529/1486/765 1538/1487/765 1532/1494/765
f 1540/1500/765 1537/1501/765 1539/1502/765
f 1536/1503/1790 1539/1507/1790 1537/1504/1790
f 1532/1494/765 1537/1501/765 1540/1500/765
f 1534/1499/600 1532/1497/600 1540/1508/600
f 1542/1509/1792 1540/1508/1792 1541/1510/1792
f 1540/1500/765 1539/1502/765 1541/1511/765
f 1534/1499/1793 1540/1508/1793 1542/1509/1793
f 1542/1509/1794 1541/1510/1794 1543/1512/1794
f 1543/1513/14 1544/1514/14 1542/1511/14
f 1542/1511/14 1544/1514/14 1545/1515/14
f 1542/1511/14 1545/1515/14 1534/1500/14
f 1544/1516/1795 1546/1517/1795 1545/1518/1795
f 1545/1518/1796 1546/1517/1796 1539/1507/1796
f 1545/1518/1796 1539/1507/1796 1536/1503/1796
f 1534/1500/14 1545/1515/14 1536/1502/14
f 1544/1516/1795 1548/1519/1795 1546/1517/1795
f 1541/1511/765 1539/1502/765 1546/1515/765
f 1541/1511/765 1546/1515/765 1547/1513/765
f 1547/1513/765 1546/1515/765 1548/1514/765
f 1551/1520/765 1548/1514/765 1549/1521/765
f 1550/1522/1797 1549/1523/1797 1548/1519/1797
f 1550/1522/1797 1548/1519/1797 1544/1516/1797
f 1547/1513/765 1548/1514/765 1551/1520/765
f 1553/1524/1798 1547/1525/1798 1551/1526/1798
f 1554/1527/1799 1551/1526/1799 1552/1528/1799
f 1551/1520/765 1549/1521/765 1552/1529/765
f 1553/1524/1800 1551/1526/1800 1554/1527/1800
f 1554/1529/14 1555/1530/14 1556/1531/14
f 1557/1532/14 1555/1530/14 1554/1529/14
f 1554/1529/603 1556/1531/603 1553/1520/603
f 1554/1527/1801 1552/1528/1801 1557/1533/1801
f 1557/1532/14 1558/1534/14 1555/1530/14
f 1559/1535/603 1558/1534/603 1557/1532/603
f 1557/1533/1802 1560/1536/1802 1559/1537/1802
f 1557/1533/1803 1552/1528/1803 1560/1536/1803
f 1560/1532/765 1561/1530/765 1563/1535/765
f 1560/1532/765 1562/1531/765 1561/1530/765
f 1552/1529/765 1562/1531/765 1560/1532/765
f 1559/1537/1804 1560/1536/1804 1563/1538/1804
f 1563/1535/765 1561/1530/765 1564/1534/765
f 1563/1535/765 1564/1534/765 1565/1539/765
f 1566/1540/1805 1563/1538/1805 1565/1541/1805
f 1559/1537/1805 1563/1538/1805 1566/1540/1805
f 1566/1542/1806 1565/1438/1806 1567/1543/1806
f 1567/1544/14 1568/1545/14 1566/1539/14
f 1566/1539/14 1569/1546/14 1559/1535/14
f 1566/1539/14 1568/1545/14 1569/1546/14
f 1568/1476/1807 1570/1492/1807 1569/1491/1807
f 1569/1547/1808 1570/1548/1808 1564/1549/1808
f 1569/1547/1808 1564/1549/1808 1558/1550/1808
f 1559/1535/14 1569/1546/14 1558/1534/14
f 1572/1544/765 1570/1546/765 1571/1545/765
f 1568/1476/1807 1571/1493/1807 1570/1492/1807
f 1565/1539/765 1564/1534/765 1570/1546/765
f 1565/1539/1809 1570/1546/1809 1572/1544/1809
f 1567/1543/1806 1565/1438/1806 1572/1436/1806
f 1574/1551/1810 1572/1436/1810 1573/1552/1810
f 1572/1544/765 1571/1545/765 1573/1553/765
f 1567/1543/1811 1572/1436/1811 1574/1551/1811
f 1574/1551/1812 1573/1552/1812 1575/1554/1812
f 1575/1555/14 1576/1556/14 1574/1553/14
f 1574/1553/14 1576/1556/14 1577/1557/14
f 1574/1553/604 1577/1557/604 1567/1544/604
f 1576/1480/1813 1578/1477/1813 1577/1478/1813
f 1577/1478/1814 1578/1477/1814 1571/1493/1814
f 1577/1478/1814 1571/1493/1814 1568/1476/1814
f 1567/1544/14 1577/1557/14 1568/1545/14
f 1576/1480/1813 1580/1479/1813 1578/1477/1813
f 1573/1553/765 1571/1545/765 1578/1557/765
f 1573/1553/765 1578/1557/765 1579/1555/765
f 1579/1555/765 1578/1557/765 1580/1556/765
f 1583/1558/765 1580/1556/765 1581/1559/765
f 1582/1560/1815 1581/1481/1815 1580/1479/1815
f 1582/1560/1815 1580/1479/1815 1576/1480/1815
f 1579/1555/765 1580/1556/765 1583/1558/765
f 1579/1561/1816 1583/1458/1816 1585/1562/1816
f 1585/1562/1817 1583/1458/1817 1584/729/1817
f 1583/1558/765 1581/1559/765 1584/667/765
f 1575/1554/1816 1579/1561/1816 1585/1562/1816
f 1585/1558/14 1586/1563/14 1582/1559/14
f 1587/1564/14 1586/1563/14 1585/1558/14
f 1585/1562/1818 1584/729/1818 1587/1565/1818
f 1585/1558/1819 1582/1559/1819 1575/1555/1819
f 1587/1564/14 1588/1566/14 1589/1567/14
f 1591/1568/603 1588/1566/603 1587/1564/603
f 1587/1564/14 1589/1567/14 1586/1563/14
f 1587/1565/1820 1584/729/1820 1590/1455/1820
f 1587/1565/1821 1590/1455/1821 1591/1569/1821
f 1591/1568/14 1593/1570/14 1588/1566/14
f 1591/1569/1822 1594/720/1822 1592/1571/1822
f 1592/1572/14 1593/1570/14 1591/1568/14
f 1591/1569/1821 1590/1455/1821 1594/720/1821
f 1594/1568/765 1595/1567/765 1597/1566/765
f 1590/1564/1809 1595/1567/1809 1594/1568/1809
f 1592/1571/1822 1594/720/1822 1596/718/1822
f 1594/1568/765 1597/1566/765 1596/1572/765
f 1596/1572/765 1597/1566/765 1598/1570/765
f 1593/1573/1823 1598/1574/1823 1597/1575/1823
f 1593/1573/1823 1597/1575/1823 1588/1576/1823
f 1588/1576/1824 1597/1575/1824 1595/1577/1824
f 1601/1578/765 1598/1570/765 1599/1579/765
f 1600/1580/1825 1599/1581/1825 1598/1574/1825
f 1600/1580/1825 1598/1574/1825 1593/1573/1825
f 1596/1572/765 1598/1570/765 1601/1578/765
f 1604/1582/1826 1601/712/1826 1602/710/1826
f 1601/1578/765 1599/1579/765 1602/1583/765
f 1603/1584/1826 1601/712/1826 1604/1582/1826
f 1603/1584/1827 1596/718/1827 1601/712/1827
f 1604/1540/1828 1602/1541/1828 1605/1537/1828
f 1605/1585/14 1606/1586/14 1604/1583/14
f 1604/1583/14 1606/1586/14 1607/1587/14
f 1604/1583/14 1607/1587/14 1603/1578/14
f 1606/1550/1829 1608/1548/1829 1607/1547/1829
f 1607/1588/1830 1608/1589/1830 1599/1581/1830
f 1607/1588/1830 1599/1581/1830 1600/1580/1830
f 1603/1578/14 1607/1587/14 1600/1579/14
f 1606/1550/1829 1610/1549/1829 1608/1548/1829
f 1602/1583/765 1599/1579/765 1608/1587/765
f 1602/1583/765 1608/1587/765 1609/1585/765
f 1609/1585/765 1608/1587/765 1610/1586/765
f 1613/1590/765 1610/1586/765 1611/1591/765
f 1612/1592/1831 1611/1593/1831 1610/1549/1831
f 1612/1592/1831 1610/1549/1831 1606/1550/1831
f 1609/1585/765 1610/1586/765 1613/1590/765
f 1615/1533/1832 1609/1538/1832 1613/1536/1832
f 1616/1527/1833 1613/1536/1833 1614/1528/1833
f 1613/1590/765 1611/1591/765 1614/1594/765
f 1615/1533/1834 1613/1536/1834 1616/1527/1834
f 1616/1594/14 1617/1595/14 1618/1596/14
f 1619/1597/14 1617/1595/14 1616/1594/14
f 1616/1594/603 1618/1596/603 1615/1590/603
f 1616/1527/1835 1614/1528/1835 1619/1524/1835
f 1619/1597/14 1620/1598/14 1617/1595/14
f 1621/1599/14 1620/1598/14 1619/1597/14
f 1619/1524/1836 1622/1526/1836 1621/1512/1836
f 1619/1524/1837 1614/1528/1837 1622/1526/1837
f 1622/1597/765 1623/1595/765 1625/1599/765
f 1622/1597/765 1624/1596/765 1623/1595/765
f 1614/1594/765 1624/1596/765 1622/1597/765
f 1621/1512/1836 1622/1526/1836 1625/1525/1836
f 1625/1599/765 1623/1595/765 1628/1598/765
f 1627/1509/1838 1625/1525/1838 1626/1510/1838
f 1625/1599/765 1628/1598/765 1626/1600/765
f 1621/1512/1839 1625/1525/1839 1627/1509/1839
f 1626/1600/765 1628/1598/765 1629/1601/765
f 1630/1518/1840 1629/1517/1840 1628/1519/1840
f 1630/1518/1840 1628/1519/1840 1620/1516/1840
f 1620/1516/1841 1628/1519/1841 1623/1523/1841
f 1627/1600/14 1631/1602/14 1630/1601/14
f 1631/1503/1842 1629/1517/1842 1630/1518/1842
f 1621/1599/14 1630/1601/14 1620/1598/14
f 1627/1600/14 1630/1601/14 1621/1599/14
f 1634/1603/14 1632/1604/14 1631/1602/14
f 1632/1505/1843 1633/1507/1843 1631/1503/1843
f 1631/1503/1844 1633/1507/1844 1629/1517/1844
f 1634/1603/604 1631/1602/604 1627/1600/604
f 1636/1605/14 1632/1604/14 1634/1603/14
f 1627/1509/1845 1626/1510/1845 1634/1499/1845
f 1634/1499/1846 1635/1508/1846 1636/1495/1846
f 1634/1499/1845 1626/1510/1845 1635/1508/1845
f 1636/1605/14 1637/1606/14 1632/1604/14
f 1640/1607/14 1637/1606/14 1636/1605/14
f 1636/1495/1847 1639/1497/1847 1638/1498/1847
f 1638/1608/14 1640/1607/14 1636/1605/14
f 1636/1495/1846 1635/1508/1846 1639/1497/1846
f 1638/1608/14 1641/1609/14 1640/1607/14
f 1641/1580/1848 1642/1589/1848 1640/1588/1848
f 1640/1490/1849 1642/1489/1849 1643/1506/1849
f 1640/1490/1849 1643/1506/1849 1637/1488/1849
f 1645/1608/765 1643/1606/765 1642/1607/765
f 1637/1488/1850 1643/1506/1850 1644/1504/1850
f 1639/1605/765 1644/1604/765 1643/1606/765
f 1639/1605/765 1643/1606/765 1645/1608/765
f 1638/1498/1851 1639/1497/1851 1645/1496/1851
f 1645/1608/765 1642/1607/765 1646/1610/765
f 1647/1611/1852 1645/1612/1852 1646/1613/1852
f 1638/1614/1852 1645/1612/1852 1647/1611/1852
f 1647/1611/1853 1646/1613/1853 1648/1615/1853
f 1648/1616/14 1649/1617/14 1647/1610/14
f 1647/1610/14 1649/1617/14 1641/1609/14
f 1647/1610/603 1641/1609/603 1638/1608/603
f 1648/1616/14 1650/1618/14 1649/1617/14
f 1650/1576/1854 1651/1574/1854 1649/1573/1854
f 1649/1573/1855 1651/1574/1855 1652/1581/1855
f 1649/1573/1855 1652/1581/1855 1641/1580/1855
f 1653/1616/765 1652/1609/765 1651/1617/765
f 1641/1580/1848 1652/1581/1848 1642/1589/1848
f 1646/1610/765 1642/1607/765 1652/1609/765
f 1646/1610/1809 1652/1609/1809 1653/1616/1809
f 1655/1619/1856 1653/1620/1856 1654/1621/1856
f 1653/1616/765 1651/1617/765 1654/1622/765
f 1648/1615/1856 1653/1620/1856 1655/1619/1856
f 1648/1615/1857 1646/1613/1857 1653/1620/1857
f 1655/1619/1858 1654/1621/1858 1656/1623/1858
f 1656/1461/14 1657/1462/14 1655/1622/14
f 1655/1622/14 1650/1618/14 1648/1616/14
f 1655/1622/14 1657/1462/14 1650/1618/14
f 1656/1461/14 1658/1463/14 1657/1462/14
f 1658/1459/1859 1508/1577/1859 1657/1624/1859
f 1657/1624/1860 1508/1577/1860 1659/1575/1860
f 1657/1624/1860 1659/1575/1860 1650/1576/1860
f 1507/1461/765 1659/1618/765 1508/1462/765
f 1650/1576/1854 1659/1575/1854 1651/1574/1854
f 1654/1622/765 1651/1617/765 1659/1618/765
f 1654/1622/765 1659/1618/765 1507/1461/765
f 1658/1459/1859 1509/729/1859 1508/1577/1859
f 1511/648/14 1514/1468/14 1658/1463/14
f 1514/1560/1861 1509/729/1861 1658/1459/1861
f 1511/648/14 1658/1463/14 1656/1461/14
f 1656/1623/1858 1654/1621/1858 1507/1460/1858
f 1656/1623/1777 1507/1460/1777 1511/1459/1777
f 1637/1488/1850 1644/1504/1850 1632/1505/1850
f 1632/1505/1843 1644/1504/1843 1633/1507/1843
f 1635/1603/765 1633/1602/765 1644/1604/765
f 1635/1603/765 1644/1604/765 1639/1605/765
f 1635/1603/765 1629/1601/765 1633/1602/765
f 1626/1600/765 1629/1601/765 1635/1603/765
f 1617/1522/1862 1623/1523/1862 1624/1625/1862
f 1617/1522/1862 1624/1625/1862 1618/1626/1862
f 1618/1626/1863 1624/1625/1863 1611/1593/1863
f 1614/1594/765 1611/1591/765 1624/1596/765
f 1620/1516/1841 1623/1523/1841 1617/1522/1841
f 1618/1626/1863 1611/1593/1863 1612/1592/1863
f 1615/1590/14 1618/1596/14 1612/1591/14
f 1605/1537/1864 1609/1538/1864 1615/1533/1864
f 1615/1590/604 1612/1591/604 1605/1585/604
f 1605/1585/14 1612/1591/14 1606/1586/14
f 1605/1537/1828 1602/1541/1828 1609/1538/1828
f 1592/1571/1865 1596/718/1865 1603/1584/1865
f 1603/1578/14 1600/1579/14 1592/1572/14
f 1592/1572/14 1600/1579/14 1593/1570/14
f 1588/1576/1824 1595/1577/1824 1589/1624/1824
f 1589/1624/1866 1595/1577/1866 1660/729/1866
f 1590/1564/765 1660/1563/765 1595/1567/765
f 1589/1624/1866 1660/729/1866 1586/1459/1866
f 1586/1459/1867 1660/729/1867 1581/1481/1867
f 1584/667/765 1581/1559/765 1660/1563/765
f 1584/667/765 1660/1563/765 1590/1564/765
f 1586/1459/1867 1581/1481/1867 1582/1560/1867
f 1584/729/1868 650/1627/1868 1661/1460/1868
f 1661/671/14 1663/1628/14 1584/667/14
f 1584/667/14 1662/1629/14 1664/663/14
f 1584/667/14 1663/1628/14 1662/1629/14
f 1664/1466/1869 646/1457/1869 1584/729/1869
f 1584/729/1868 646/1457/1868 650/1627/1868
f 1664/663/603 1665/1630/603 1666/654/603
f 1664/663/14 1662/1629/14 1665/1630/14
f 1666/1472/1870 642/1631/1870 1664/1466/1870
f 1664/1466/1869 642/1631/1869 646/1457/1869
f 1666/654/604 1665/1630/604 1354/1356/604
f 1355/1370/1871 638/1632/1871 1666/1472/1871
f 1666/654/603 1354/1356/603 1355/655/603
f 1666/1472/1870 638/1632/1870 642/1631/1870
f 1667/727/1872 1665/1633/1872 1662/729/1872
f 1668/1634/1872 1665/1633/1872 1667/727/1872
f 1668/1634/1873 1354/1365/1873 1665/1633/1873
f 1667/1629/14 1669/1635/14 1668/1630/14
f 1668/1630/14 1669/1635/14 1348/1357/14
f 1668/1630/14 1348/1357/14 1349/1356/14
f 1349/1361/1873 1354/1365/1873 1668/1634/1873
f 1670/1636/1874 1669/727/1874 1671/729/1874
f 1670/1636/1874 1348/1355/1874 1669/727/1874
f 1671/729/1875 1669/727/1875 1672/1637/1875
f 1667/1629/14 1672/1638/14 1669/1635/14
f 1671/729/1875 1672/1637/1875 1674/1639/1875
f 1674/1639/1876 1672/1637/1876 1673/1640/1876
f 1675/1628/14 1673/1641/14 1672/1638/14
f 1675/1628/603 1672/1638/603 1667/1629/603
f 1675/1642/1877 1663/1643/1877 1676/1644/1877
f 1676/1645/603 1673/1641/603 1675/1628/603
f 1667/727/1878 1662/729/1878 1675/1642/1878
f 1675/1642/1878 1662/729/1878 1663/1643/1878
f 1676/1645/14 1677/1646/14 1673/1641/14
f 1679/1647/604 1677/1646/604 1676/1645/604
f 1676/1644/1877 1663/1643/1877 1678/1648/1877
f 1676/1644/1879 1678/1648/1879 1679/1649/1879
f 1679/1649/1880 1682/1650/1880 1680/1651/1880
f 1680/1652/14 1681/1653/14 1679/1647/14
f 1679/1647/14 1681/1653/14 1677/1646/14
f 1679/1649/1879 1678/1648/1879 1682/1650/1879
f 1685/676/14 1682/1647/14 1678/1645/14
f 1680/1651/1880 1682/1650/1880 1683/1654/1880
f 1684/680/14 1683/1652/14 1682/1647/14
f 1684/680/603 1682/1647/603 1685/676/603
f 1685/1621/1881 659/1655/1881 1684/1620/1881
f 1661/1460/1876 655/1656/1876 1685/1621/1876
f 1685/676/14 1678/1645/14 1661/671/14
f 1685/1621/1882 655/1656/1882 659/1655/1882
f 1684/1620/1883 664/1657/1883 1686/1613/1883
f 1686/657/14 1683/1652/14 1684/680/14
f 1684/1620/1883 659/1655/1883 664/1657/1883
f 1686/657/14 1687/1658/14 1683/1652/14
f 626/639/14 1687/1658/14 1686/657/14
f 1686/1613/1884 664/1657/1884 634/1659/1884
f 1686/1613/1885 634/1659/1885 626/1612/1885
f 626/639/14 621/626/14 1687/1658/14
f 617/634/1886 1687/1376/1886 621/635/1886
f 1688/1375/1886 1687/1376/1886 617/634/1886
f 1688/1660/1887 1683/1654/1887 1687/1661/1887
f 617/626/14 615/617/14 1688/1658/14
f 1688/1658/14 615/617/14 1689/625/14
f 1688/1658/14 1689/625/14 1680/1652/14
f 1680/1651/1887 1683/1654/1887 1688/1660/1887
f 614/623/595 1689/1418/595 615/624/595
f 1680/1652/14 1689/625/14 1681/1653/14
f 1690/1662/1884 1681/1663/1884 1689/1664/1884
f 1690/1662/1884 1689/1664/1884 614/1665/1884
f 1691/1666/14 1692/1667/14 1690/1653/14
f 1690/1653/14 614/625/14 1691/1666/14
f 1690/1653/14 1692/1667/14 1693/1668/14
f 1690/1653/14 1693/1668/14 1694/1646/14
f 1694/1669/1883 1681/1663/1883 1690/1662/1883
f 1695/1670/1888 1677/1671/1888 1694/1669/1888
f 1694/1646/14 1696/1672/14 1695/1641/14
f 1694/1646/14 1697/1673/14 1696/1672/14
f 1694/1646/14 1693/1668/14 1697/1673/14
f 1694/1669/1889 1677/1671/1889 1681/1663/1889
f 1697/1673/1890 1693/1668/1890 1698/1674/1890
f 1698/1674/1891 1699/1675/1891 1697/1673/1891
f 1697/1673/1892 1699/1675/1892 1696/1672/1892
f 1700/1676/1893 1699/1675/1893 1701/1677/1893
f 1700/1676/1894 1696/1672/1894 1699/1675/1894
f 1701/1677/1895 1699/1675/1895 1702/1678/1895
f 1698/1674/1896 1702/1678/1896 1699/1675/1896
f 1701/1677/1897 1702/1678/1897 587/593/1897
f 587/593/1898 1702/1678/1898 588/594/1898
f 593/600/573 588/594/573 1702/1678/573
f 593/600/1899 1702/1678/1899 1698/1674/1899
f 1703/1679/1900 1700/1676/1900 1701/1677/1900
f 1704/1680/1901 1701/1677/1901 587/593/1901
f 1703/1679/1902 1701/1677/1902 1704/1680/1902
f 1704/1680/1903 587/593/1903 585/589/1903
f 585/589/1904 1706/1681/1904 1704/1680/1904
f 1704/1680/1905 1705/1682/1905 1703/1679/1905
f 1704/1680/1906 1706/1681/1906 1705/1682/1906
f 1707/1683/1907 1705/1682/1907 1706/1681/1907
f 1707/1683/1908 1706/1681/1908 1708/1684/1908
f 1708/1684/1909 1706/1681/1909 584/588/1909
f 585/589/1910 584/588/1910 1706/1681/1910
f 1709/1685/1911 1707/1683/1911 1708/1684/1911
f 1708/793/1912 584/590/1912 575/578/1912
f 574/577/1913 1708/793/1913 575/578/1913
f 1709/794/1914 1708/793/1914 574/577/1914
f 1710/1686/1915 1709/794/1915 574/577/1915
f 1711/1687/1916 1709/794/1916 1710/1686/1916
f 1712/1688/1917 1707/1683/1917 1709/1685/1917
f 1711/1689/1918 1712/1688/1918 1709/1685/1918
f 1712/1688/1919 1713/1690/1919 1707/1683/1919
f 1714/1691/1920 1713/1690/1920 1712/1688/1920
f 1715/1692/1921 1714/1691/1921 1712/1688/1921
f 1715/1692/1922 1712/1688/1922 1711/1689/1922
f 1715/1692/1923 1716/1693/1923 1718/1694/1923
f 1715/1692/1924 1717/1695/1924 1716/1693/1924
f 1711/1689/1925 1717/1695/1925 1715/1692/1925
f 1718/1694/1926 1714/1691/1926 1715/1692/1926
f 1719/1696/1927 1720/1697/1927 1718/1694/1927
f 1718/1694/1928 1721/1698/1928 1719/1696/1928
f 1718/1694/1929 1720/1697/1929 1714/1691/1929
f 1718/1694/1930 1716/1693/1930 1721/1698/1930
f 1719/1696/1931 1721/1698/1931 1722/1699/1931
f 1723/1700/1932 1722/1699/1932 1721/1698/1932
f 1723/1700/1933 1721/1698/1933 1724/1701/1933
f 1724/1701/1934 1721/1698/1934 1716/1693/1934
f 1726/1702/1935 1723/1700/1935 1724/1701/1935
f 1724/1701/1936 1716/1693/1936 1725/1703/1936
f 1727/1704/1937 1724/1701/1937 1725/1703/1937
f 1726/1702/1938 1724/1701/1938 1727/1704/1938
f 1727/1705/1939 1728/930/1939 1730/1706/1939
f 1729/1707/1940 1728/930/1940 1727/1705/1940
f 1727/1705/1941 1725/1708/1941 1729/1707/1941
f 1727/1704/1942 1730/1709/1942 1726/1702/1942
f 1726/1702/1943 1730/1709/1943 1731/1710/1943
f 1732/1711/1944 1731/1710/1944 1730/1709/1944
f 1732/1712/1945 1730/1706/1945 1733/931/1945
f 1733/931/1946 1730/1706/1946 1728/930/1946
f 1735/1713/1947 1732/1711/1947 1733/1714/1947
f 1733/931/1948 1728/930/1948 1734/932/1948
f 1736/934/1949 1733/931/1949 1734/932/1949
f 1735/935/1949 1733/931/1949 1736/934/1949
f 1736/934/1950 1737/994/1950 1739/996/1950
f 1738/995/1951 1737/994/1951 1736/934/1951
f 1736/934/1952 1734/932/1952 1738/995/1952
f 1736/934/1953 1739/996/1953 1735/935/1953
f 1737/994/1954 1272/982/1954 1739/996/1954
f 1739/996/1955 1319/997/1955 1320/936/1955
f 1739/996/1956 1272/982/1956 1319/997/1956
f 1735/935/1957 1739/996/1957 1320/936/1957
f 1738/995/1958 1742/933/1958 1740/992/1958
f 1740/992/1959 1741/979/1959 1738/995/1959
f 1738/995/1960 1741/979/1960 1737/994/1960
f 1738/995/1961 1734/932/1961 1742/933/1961
f 1734/932/1962 1743/929/1962 1742/933/1962
f 1742/933/1963 1743/929/1963 1744/927/1963
f 1742/933/1964 1744/927/1964 1745/993/1964
f 1740/992/1965 1742/933/1965 1745/993/1965
f 1746/1004/1966 1748/912/1966 1745/993/1966
f 1745/993/1967 1744/927/1967 1746/1004/1967
f 1747/991/1968 1745/993/1968 1750/911/1968
f 1740/992/1969 1745/993/1969 1747/991/1969
f 1745/993/1970 1748/912/1970 1749/1715/1970
f 1745/993/1971 1749/1715/1971 1750/911/1971
f 1749/1715/1972 1751/1716/1972 1750/911/1972
f 1750/911/1972 1751/1716/1972 1752/908/1972
f 1750/911/1973 1752/908/1973 1747/991/1973
f 1755/906/1974 1752/908/1974 1751/1716/1974
f 1747/991/1973 1752/908/1973 1753/1006/1973
f 1754/909/1975 1753/1006/1975 1752/908/1975
f 1754/909/1976 1752/908/1976 1755/906/1976
f 1755/906/1977 1758/1008/1977 1754/909/1977
f 1756/907/1978 1757/904/1978 1755/906/1978
f 1755/906/1979 1751/1716/1979 1756/907/1979
f 1755/906/1980 1757/904/1980 1758/1008/1980
f 1757/904/1981 1760/1011/1981 1758/1008/1981
f 1758/1008/1982 1761/1012/1982 1759/1010/1982
f 1754/909/1983 1758/1008/1983 1759/1010/1983
f 1758/1008/1984 1760/1011/1984 1761/1012/1984
f 1760/1011/1985 1763/1014/1985 1761/1012/1985
f 1759/1010/1986 1761/1012/1986 1762/1034/1986
f 1761/1012/1987 1764/1035/1987 1762/1034/1987
f 1761/1012/1987 1763/1014/1987 1764/1035/1987
f 1763/1327/1988 1766/1320/1988 1764/1322/1988
f 1762/1717/1989 1764/1718/1989 1765/1719/1989
f 1764/1322/1990 1767/1319/1990 1765/1321/1990
f 1764/1322/1991 1766/1320/1991 1767/1319/1991
f 1766/1320/1992 1230/1232/1992 1767/1319/1992
f 1765/1321/1993 1767/1319/1993 1768/1314/1993
f 1767/1319/1994 1232/1234/1994 1768/1314/1994
f 1767/1319/1995 1230/1232/1995 1232/1234/1995
f 1765/1321/1996 1768/1314/1996 1769/1318/1996
f 1769/1318/1997 1768/1314/1997 1242/1247/1997
f 1768/1314/1998 1234/1236/1998 1242/1247/1998
f 1768/1314/1999 1232/1234/1999 1234/1236/1999
f 1770/1720/2000 1769/1721/2000 1771/1722/2000
f 1770/1720/2000 1765/1719/2000 1769/1721/2000
f 1771/1722/2001 1769/1721/2001 1241/1243/2001
f 1769/1318/2002 1242/1247/2002 1241/1315/2002
f 1262/1267/2003 1771/1722/2003 1254/1259/2003
f 1262/1267/2004 1770/1720/2004 1771/1722/2004
f 1254/1259/2005 1771/1722/2005 1244/1249/2005
f 1771/1722/2006 1241/1243/2006 1244/1249/2006
f 1772/1723/2007 1770/1720/2007 1262/1267/2007
f 1772/1723/2008 1762/1717/2008 1770/1720/2008
f 1762/1717/2009 1765/1719/2009 1770/1720/2009
f 1773/1007/2010 1772/1038/2010 1261/1009/2010
f 1773/1007/2011 1759/1010/2011 1772/1038/2011
f 1261/1266/2012 1772/1723/2012 1262/1267/2012
f 1759/1010/2013 1762/1034/2013 1772/1038/2013
f 1776/1724/2014 1773/1007/2014 1261/1009/2014
f 1754/909/2015 1759/1010/2015 1773/1007/2015
f 1773/1007/2016 1774/1725/2016 1754/909/2016
f 1773/1007/2017 1775/988/2017 1774/1725/2017
f 1776/1724/2018 1775/988/2018 1773/1007/2018
f 1777/1726/2019 1775/988/2019 1776/1724/2019
f 1777/1726/2020 1776/1724/2020 1269/986/2020
f 1269/986/2020 1776/1724/2020 1264/987/2020
f 1261/1009/2021 1264/987/2021 1776/1724/2021
f 1778/981/2022 1777/1726/2022 1741/979/2022
f 1778/981/2019 1775/988/2019 1777/1726/2019
f 1777/1726/2023 1269/986/2023 1271/980/2023
f 1741/979/2024 1777/1726/2024 1271/980/2024
f 1779/1727/2025 1778/981/2025 1741/979/2025
f 1779/1727/2026 1774/1725/2026 1778/981/2026
f 1778/981/2026 1774/1725/2026 1775/988/2026
f 1747/991/2027 1779/1727/2027 1740/992/2027
f 1747/991/2028 1753/1006/2028 1779/1727/2028
f 1779/1727/2028 1753/1006/2028 1774/1725/2028
f 1740/992/2029 1779/1727/2029 1741/979/2029
f 1774/1725/2030 1753/1006/2030 1754/909/2030
f 1763/1327/2031 1780/1325/2031 1766/1320/2031
f 1780/1325/2032 1228/1230/2032 1766/1320/2032
f 1766/1320/2033 1228/1230/2033 1230/1232/2033
f 1781/1713/2034 1780/1325/2034 1763/1327/2034
f 1781/1713/2035 1782/1328/2035 1780/1325/2035
f 1782/1328/2036 1227/1229/2036 1780/1325/2036
f 1780/1325/2037 1227/1229/2037 1228/1230/2037
f 1783/1714/2038 1782/1328/2038 1781/1713/2038
f 1783/1714/2039 1784/1711/2039 1782/1328/2039
f 1784/1711/2040 1785/1329/2040 1782/1328/2040
f 1782/1328/2041 1785/1329/2041 1227/1229/2041
f 1784/1711/2042 1786/1331/2042 1785/1329/2042
f 1786/1331/2043 1787/1332/2043 1785/1329/2043
f 1785/1329/2044 1225/1227/2044 1227/1229/2044
f 1785/1329/2045 1787/1332/2045 1225/1227/2045
f 1786/1331/2046 1788/1330/2046 1787/1332/2046
f 1788/1330/2047 1789/1334/2047 1787/1332/2047
f 1787/1332/2048 1222/1224/2048 1225/1227/2048
f 1787/1332/2049 1789/1334/2049 1222/1224/2049
f 1788/1330/2050 1790/1333/2050 1789/1334/2050
f 1790/1333/2051 1791/1417/2051 1789/1334/2051
f 1789/1334/2052 1223/1226/2052 1222/1224/2052
f 1789/1334/2053 1791/1417/2053 1223/1226/2053
f 1790/1333/2051 1792/1335/2051 1791/1417/2051
f 1792/1335/2054 1794/1351/2054 1791/1417/2054
f 1791/1417/2055 1793/1416/2055 1223/1226/2055
f 1791/1417/2055 1794/1351/2055 1793/1416/2055
f 818/645/765 1794/1351/765 1795/1346/765
f 1793/1416/765 1794/1351/765 818/645/765
f 1792/1335/2056 1795/1346/2056 1794/1351/2056
f 818/645/765 1795/1346/765 1797/1345/765
f 1796/1336/2057 1795/1346/2057 1792/1335/2057
f 1796/1336/2058 1797/1345/2058 1795/1346/2058
f 1797/1345/765 1798/1342/765 818/645/765
f 1799/1340/2059 1798/1342/2059 1797/1345/2059
f 1799/1340/2059 1797/1345/2059 1796/1336/2059
f 1801/1341/2060 1798/1342/2060 1799/1340/2060
f 1800/1728/2061 1799/1340/2061 1802/1339/2061
f 1800/1728/2061 1801/1341/2061 1799/1340/2061
f 1802/1339/2062 1799/1340/2062 1796/1336/2062
f 1803/1700/2063 1802/1339/2063 1804/1729/2063
f 1803/1700/2064 1800/1728/2064 1802/1339/2064
f 1804/1729/2065 1802/1339/2065 1805/1337/2065
f 1802/1339/2066 1796/1336/2066 1805/1337/2066
f 1804/1729/2067 1805/1337/2067 1806/1338/2067
f 1806/1338/2068 1805/1337/2068 1790/1333/2068
f 1805/1337/2069 1792/1335/2069 1790/1333/2069
f 1805/1337/2070 1796/1336/2070 1792/1335/2070
f 1807/1702/2071 1806/1338/2071 1808/1710/2071
f 1807/1702/2072 1804/1729/2072 1806/1338/2072
f 1808/1710/2073 1806/1338/2073 1788/1330/2073
f 1806/1338/2068 1790/1333/2068 1788/1330/2068
f 1809/1704/2074 1808/1710/2074 1810/1709/2074
f 1809/1704/2075 1807/1702/2075 1808/1710/2075
f 1810/1709/2076 1808/1710/2076 1786/1331/2076
f 1808/1710/2073 1788/1330/2073 1786/1331/2073
f 1811/872/2077 1810/899/2077 1812/900/2077
f 1811/872/2078 1809/874/2078 1810/899/2078
f 1812/900/2079 1810/899/2079 1784/901/2079
f 1810/1709/2080 1786/1331/2080 1784/1711/2080
f 1813/870/2081 1812/900/2081 1814/903/2081
f 1813/870/2082 1811/872/2082 1812/900/2082
f 1814/903/2083 1812/900/2083 1783/898/2083
f 1812/900/2084 1784/901/2084 1783/898/2084
f 1815/868/2085 1814/903/2085 1816/905/2085
f 1815/868/2086 1813/870/2086 1814/903/2086
f 1816/905/2087 1814/903/2087 1817/902/2087
f 1814/903/2088 1783/898/2088 1817/902/2088
f 1757/904/2089 1817/902/2089 1760/1011/2089
f 1816/905/2090 1817/902/2090 1757/904/2090
f 1817/902/2091 1781/1013/2091 1760/1011/2091
f 1817/902/2092 1783/898/2092 1781/1013/2092
f 1756/907/2093 1816/905/2093 1757/904/2093
f 1818/867/2094 1816/905/2094 1756/907/2094
f 1818/867/2095 1815/868/2095 1816/905/2095
f 1819/1730/2096 1823/917/2096 1818/867/2096
f 1818/867/2097 1820/913/2097 1819/1730/2097
f 1756/907/2098 1820/913/2098 1818/867/2098
f 1818/867/2099 1821/921/2099 1822/865/2099
f 1818/867/2100 1823/917/2100 1821/921/2100
f 1822/865/2101 1815/868/2101 1818/867/2101
f 1824/916/2102 1821/921/2102 1823/917/2102
f 1824/916/2103 1823/917/2103 1825/1731/2103
f 1825/1731/2103 1823/917/2103 1819/1730/2103
f 1825/1731/2104 1819/1730/2104 1748/912/2104
f 1825/1731/2105 1748/912/2105 1746/1004/2105
f 1826/924/2106 1825/1731/2106 1746/1004/2106
f 1824/916/2107 1825/1731/2107 1826/924/2107
f 1826/924/2108 1746/1004/2108 1827/925/2108
f 1827/925/2109 1828/926/2109 1826/924/2109
f 1826/924/2110 1828/926/2110 569/572/2110
f 1826/924/2111 569/572/2111 1824/916/2111
f 1827/925/2112 1829/1732/2112 1828/926/2112
f 1829/1732/2113 1830/1733/2113 1828/926/2113
f 1828/926/2114 1830/1733/2114 570/573/2114
f 1828/926/2115 570/573/2115 569/572/2115
f 1710/1686/2116 1830/1733/2116 1831/1734/2116
f 1829/1732/2117 1831/1734/2117 1830/1733/2117
f 572/575/2118 570/573/2118 1830/1733/2118
f 572/575/2119 1830/1733/2119 1710/1686/2119
f 1832/1735/2120 1831/1734/2120 1829/1732/2120
f 1832/1735/2121 1717/1736/2121 1831/1734/2121
f 1710/1686/2122 1831/1734/2122 1711/1687/2122
f 1711/1687/2123 1831/1734/2123 1717/1736/2123
f 1833/928/2124 1832/1735/2124 1829/1732/2124
f 1729/1707/2125 1832/1735/2125 1833/928/2125
f 1729/1707/2126 1725/1708/2126 1832/1735/2126
f 1725/1708/2127 1717/1736/2127 1832/1735/2127
f 1833/928/2128 1829/1732/2128 1827/925/2128
f 1827/925/2129 1744/927/2129 1833/928/2129
f 1833/928/2130 1743/929/2130 1729/1707/2130
f 1833/928/2131 1744/927/2131 1743/929/2131
f 1827/925/2132 1746/1004/2132 1744/927/2132
f 1824/916/2133 569/572/2133 1834/920/2133
f 1834/920/2102 1821/921/2102 1824/916/2102
f 569/572/2134 1835/1737/2134 1834/920/2134
f 1835/1737/2135 1836/1738/2135 1834/920/2135
f 1834/920/2135 1836/1738/2135 1821/921/2135
f 1838/803/2136 1836/1738/2136 1837/799/2136
f 1835/1737/2137 1837/799/2137 1836/1738/2137
f 1822/865/2138 1821/921/2138 1836/1738/2138
f 1822/865/2139 1836/1738/2139 1838/803/2139
f 1839/800/2140 1840/864/2140 1838/803/2140
f 1838/803/2141 1837/799/2141 1839/800/2141
f 1838/803/2142 1840/864/2142 1841/866/2142
f 1838/803/2143 1841/866/2143 1822/865/2143
f 1840/864/2144 1842/869/2144 1841/866/2144
f 1841/866/2145 1813/870/2145 1815/868/2145
f 1822/865/2146 1841/866/2146 1815/868/2146
f 1841/866/2147 1842/869/2147 1813/870/2147
f 1840/864/2148 1843/862/2148 1842/869/2148
f 1843/862/2149 1844/871/2149 1842/869/2149
f 1842/869/2150 1811/872/2150 1813/870/2150
f 1842/869/2151 1844/871/2151 1811/872/2151
f 1843/862/2152 1845/858/2152 1844/871/2152
f 1845/858/2153 1846/873/2153 1844/871/2153
f 1844/871/2154 1809/874/2154 1811/872/2154
f 1844/871/2155 1846/873/2155 1809/874/2155
f 1845/858/2156 1847/861/2156 1846/873/2156
f 1847/1695/2157 1848/1701/2157 1846/1703/2157
f 1846/1703/2158 1807/1702/2158 1809/1704/2158
f 1846/1703/2159 1848/1701/2159 1807/1702/2159
f 1847/1695/2160 1849/1693/2160 1848/1701/2160
f 1849/1693/2161 1803/1700/2161 1848/1701/2161
f 1848/1701/2162 1804/1729/2162 1807/1702/2162
f 1848/1701/2163 1803/1700/2163 1804/1729/2163
f 1850/1689/2164 1849/1693/2164 1847/1695/2164
f 1850/1689/2165 1851/1692/2165 1849/1693/2165
f 1851/1692/2166 1852/1698/2166 1849/1693/2166
f 1849/1693/2167 1852/1698/2167 1803/1700/2167
f 1851/1692/2168 1853/1694/2168 1852/1698/2168
f 1853/1694/2169 1854/1699/2169 1852/1698/2169
f 1852/1698/2170 1800/1728/2170 1803/1700/2170
f 1852/1698/2171 1854/1699/2171 1800/1728/2171
f 1853/1694/2172 1855/1696/2172 1854/1699/2172
f 1855/1696/2173 1856/1739/2173 1854/1699/2173
f 1854/1699/2174 1801/1341/2174 1800/1728/2174
f 1854/1699/2175 1856/1739/2175 1801/1341/2175
f 1856/1739/2176 1857/1343/2176 1801/1341/2176
f 1856/1739/2176 1859/1740/2176 1857/1343/2176
f 1855/1696/2177 1858/1741/2177 1856/1739/2177
f 1858/1741/2178 1859/1740/2178 1856/1739/2178
f 818/645/765 1857/1343/765 1859/1740/765
f 1859/1740/765 1860/1742/765 818/645/765
f 1858/1741/2179 1860/1742/2179 1859/1740/2179
f 818/645/765 1860/1742/765 1861/1743/765
f 1862/1744/2180 1861/1743/2180 1860/1742/2180
f 1862/1744/2180 1860/1742/2180 1858/1741/2180
f 1863/1745/2181 1862/1744/2181 1865/1697/2181
f 1863/1745/2182 1864/1746/2182 1862/1744/2182
f 1864/1746/2183 1861/1743/2183 1862/1744/2183
f 1865/1697/2184 1862/1744/2184 1858/1741/2184
f 1866/1690/2185 1865/1697/2185 1867/1691/2185
f 1866/1690/2186 1863/1745/2186 1865/1697/2186
f 1867/1691/2187 1865/1697/2187 1855/1696/2187
f 1865/1697/2188 1858/1741/2188 1855/1696/2188
f 1868/1683/2189 1867/1691/2189 1869/1688/2189
f 1868/1683/2190 1866/1690/2190 1867/1691/2190
f 1869/1688/2191 1867/1691/2191 1853/1694/2191
f 1867/1691/2192 1855/1696/2192 1853/1694/2192
f 1870/1684/2193 1869/1688/2193 1871/1685/2193
f 1870/1684/2194 1868/1683/2194 1869/1688/2194
f 1871/1685/2195 1869/1688/2195 1851/1692/2195
f 1869/1688/2196 1853/1694/2196 1851/1692/2196
f 1872/835/2197 1871/839/2197 1873/838/2197
f 1872/835/2198 1870/837/2198 1871/839/2198
f 1873/838/2199 1871/839/2199 1850/859/2199
f 1871/1685/2200 1851/1692/2200 1850/1689/2200
f 1874/808/2201 1873/838/2201 1875/806/2201
f 1874/808/2202 1872/835/2202 1873/838/2202
f 1875/806/2203 1873/838/2203 1876/860/2203
f 1873/838/2204 1850/859/2204 1876/860/2204
f 1875/806/2205 1876/860/2205 1877/863/2205
f 1877/863/2206 1876/860/2206 1845/858/2206
f 1876/860/2207 1847/861/2207 1845/858/2207
f 1876/860/2208 1850/859/2208 1847/861/2208
f 1878/805/2209 1877/863/2209 1879/804/2209
f 1878/805/2210 1875/806/2210 1877/863/2210
f 1879/804/2211 1877/863/2211 1843/862/2211
f 1877/863/2212 1845/858/2212 1843/862/2212
f 1839/800/2213 1879/804/2213 1840/864/2213
f 1880/802/2214 1879/804/2214 1839/800/2214
f 1880/802/2215 1878/805/2215 1879/804/2215
f 1879/804/2216 1843/862/2216 1840/864/2216
f 1839/800/2217 563/566/2217 1880/802/2217
f 1880/802/2218 551/555/2218 1881/809/2218
f 1880/802/2219 563/566/2219 551/555/2219
f 1881/809/2220 1878/805/2220 1880/802/2220
f 1881/809/2221 551/555/2221 553/556/2221
f 1882/1747/2222 1883/807/2222 1881/809/2222
f 1881/809/2223 553/556/2223 1882/1747/2223
f 1881/809/2224 1883/807/2224 1878/805/2224
f 1884/810/2225 1874/808/2225 1883/807/2225
f 1882/1747/2226 1884/810/2226 1883/807/2226
f 1883/807/2227 1875/806/2227 1878/805/2227
f 1883/807/2228 1874/808/2228 1875/806/2228
f 1884/810/2229 1885/811/2229 1874/808/2229
f 1887/1748/2230 1885/811/2230 1884/810/2230
f 1886/1749/2231 1884/810/2231 1882/1747/2231
f 1886/1749/2232 1887/1748/2232 1884/810/2232
f 1888/1750/2233 1887/1748/2233 1886/1749/2233
f 1888/1750/2234 1889/1751/2234 1887/1748/2234
f 1889/1751/2235 1890/812/2235 1887/1748/2235
f 1887/1748/2236 1890/812/2236 1885/811/2236
f 1889/1751/2237 1891/1752/2237 1890/812/2237
f 1891/1752/2238 1892/813/2238 1890/812/2238
f 1890/812/2239 1893/814/2239 1885/811/2239
f 1890/812/2240 1892/813/2240 1893/814/2240
f 1885/811/2241 1893/814/2241 1872/835/2241
f 1893/814/2242 1870/837/2242 1872/835/2242
f 1893/814/2243 1894/834/2243 1870/837/2243
f 1892/813/2244 1894/834/2244 1893/814/2244
f 1894/588/2245 1868/1683/2245 1870/1684/2245
f 1894/588/2246 1895/1681/2246 1868/1683/2246
f 1896/587/2247 1895/1681/2247 1894/588/2247
f 1892/813/2248 1896/815/2248 1894/834/2248
f 1897/816/2249 1896/815/2249 1892/813/2249
f 1897/816/2250 1898/817/2250 1896/815/2250
f 1898/592/2251 1899/589/2251 1896/587/2251
f 1896/587/2247 1899/589/2247 1895/1681/2247
f 1898/592/2252 1900/591/2252 1899/589/2252
f 1900/591/2253 1901/1680/2253 1899/589/2253
f 1899/589/2254 1902/1682/2254 1895/1681/2254
f 1899/589/2255 1901/1680/2255 1902/1682/2255
f 1895/1681/2256 1902/1682/2256 1866/1690/2256
f 1902/1682/2257 1863/1745/2257 1866/1690/2257
f 1902/1682/2258 1903/1753/2258 1863/1745/2258
f 1901/1680/2259 1903/1753/2259 1902/1682/2259
f 1903/1753/2260 1864/1746/2260 1863/1745/2260
f 1903/1753/2261 1904/1754/2261 1864/1746/2261
f 1905/1679/2262 1904/1754/2262 1903/1753/2262
f 1901/1680/2263 1905/1679/2263 1903/1753/2263
f 1906/593/2264 1905/1679/2264 1901/1680/2264
f 1906/593/2265 1907/1677/2265 1905/1679/2265
f 1907/1677/2266 1908/1755/2266 1905/1679/2266
f 1905/1679/2267 1908/1755/2267 1904/1754/2267
f 1908/1755/2268 1909/1756/2268 1904/1754/2268
f 1908/1755/2268 1910/1757/2268 1909/1756/2268
f 1911/1676/2269 1910/1757/2269 1908/1755/2269
f 1907/1677/2266 1911/1676/2266 1908/1755/2266
f 1911/1676/2269 1914/1758/2269 1910/1757/2269
f 1912/1678/2270 1911/1676/2270 1907/1677/2270
f 1912/1678/2271 1913/1675/2271 1911/1676/2271
f 1913/1675/2272 1914/1758/2272 1911/1676/2272
f 818/645/765 1910/1757/765 1914/1758/765
f 1914/1758/765 1915/1672/765 818/645/765
f 1913/1675/2272 1915/1672/2272 1914/1758/2272
f 818/645/765 1915/1672/765 1916/1673/765
f 1917/1674/2273 1916/1673/2273 1915/1672/2273
f 1917/1674/2273 1915/1672/2273 1913/1675/2273
f 1919/1759/2274 1916/1673/2274 1917/1674/2274
f 1918/601/2275 1917/1674/2275 1920/600/2275
f 1918/601/2275 1919/1759/2275 1917/1674/2275
f 1920/600/2276 1917/1674/2276 1913/1675/2276
f 1921/599/2277 1920/600/2277 1922/596/2277
f 1921/599/2277 1918/601/2277 1920/600/2277
f 1922/596/2278 1920/600/2278 1912/1678/2278
f 1920/600/2279 1913/1675/2279 1912/1678/2279
f 1923/603/2280 1922/596/2280 1924/598/2280
f 1923/603/2281 1921/599/2281 1922/596/2281
f 1924/598/2282 1922/596/2282 1925/594/2282
f 1922/596/2278 1912/1678/2278 1925/594/2278
f 1924/598/2283 1925/594/2283 1926/595/2283
f 1926/595/2284 1925/594/2284 1906/593/2284
f 1925/594/2285 1907/1677/2285 1906/593/2285
f 1925/594/2286 1912/1678/2286 1907/1677/2286
f 1927/1760/2287 1926/595/2287 1928/597/2287
f 1927/1760/2288 1924/598/2288 1926/595/2288
f 1928/597/2289 1926/595/2289 1900/591/2289
f 1926/595/2290 1906/593/2290 1900/591/2290
f 1929/1761/2291 1928/819/2291 1930/1762/2291
f 1929/1761/2292 1927/1763/2292 1928/819/2292
f 1930/1762/2293 1928/819/2293 1898/817/2293
f 1928/597/2294 1900/591/2294 1898/592/2294
f 1931/1764/2295 1930/1762/2295 1932/1765/2295
f 1931/1764/2296 1929/1761/2296 1930/1762/2296
f 1932/1765/2297 1930/1762/2297 1897/816/2297
f 1930/1762/2298 1898/817/2298 1897/816/2298
f 1933/1766/2299 1932/1765/2299 1934/1767/2299
f 1933/1766/2299 1931/1764/2299 1932/1765/2299
f 1934/1767/2300 1932/1765/2300 1891/1752/2300
f 1932/1765/2301 1897/816/2301 1891/1752/2301
f 1935/1768/2302 1934/1767/2302 1936/1769/2302
f 1935/1768/2303 1933/1766/2303 1934/1767/2303
f 1934/1767/2304 1891/1752/2304 1889/1751/2304
f 1936/1769/2305 1934/1767/2305 1889/1751/2305
f 1936/1769/2306 1937/1770/2306 1935/1768/2306
f 1936/1769/2307 1938/1771/2307 1937/1770/2307
f 1888/1750/2308 1938/1771/2308 1936/1769/2308
f 1936/1769/2309 1889/1751/2309 1888/1750/2309
f 1939/1772/2310 1937/1770/2310 1938/1771/2310
f 1939/1772/2311 1938/1771/2311 1940/1773/2311
f 1940/1773/2312 1938/1771/2312 1941/1774/2312
f 1888/1750/2313 1941/1774/2313 1938/1771/2313
f 1940/1773/2314 1941/1774/2314 1942/1775/2314
f 1942/1775/2314 1941/1774/2314 1943/1776/2314
f 1886/1749/2315 1943/1776/2315 1941/1774/2315
f 1886/1749/2316 1941/1774/2316 1888/1750/2316
f 1942/1775/2317 1943/1776/2317 1944/1777/2317
f 1944/1777/2317 1943/1776/2317 1945/1778/2317
f 1945/1778/2318 1943/1776/2318 1886/1749/2318
f 1944/1777/2319 1945/1778/2319 555/559/2319
f 555/559/2319 1945/1778/2319 1946/1779/2319
f 1886/1749/2320 1946/1779/2320 1945/1778/2320
f 555/559/2321 1946/1779/2321 552/557/2321
f 552/557/2321 1946/1779/2321 553/556/2321
f 1882/1747/2322 553/556/2322 1946/1779/2322
f 1882/1747/2323 1946/1779/2323 1886/1749/2323
f 1942/1775/2324 1944/1777/2324 1947/795/2324
f 1944/1777/2325 555/559/2325 558/560/2325
f 1947/795/2326 1944/1777/2326 558/560/2326
f 1947/795/2327 1948/1780/2327 1942/1775/2327
f 1947/795/2328 1950/789/2328 1948/1780/2328
f 1949/792/2329 1950/789/2329 1947/795/2329
f 1947/795/2330 558/560/2330 1949/792/2330
f 1949/792/2331 1951/791/2331 1950/789/2331
f 1951/791/2332 1952/782/2332 1950/789/2332
f 1950/789/2333 1952/782/2333 1953/788/2333
f 1950/789/2334 1953/788/2334 1948/1780/2334
f 1956/781/2335 1953/788/2335 1952/782/2335
f 1955/785/2336 1954/790/2336 1953/788/2336
f 1948/1780/2337 1953/788/2337 1954/790/2337
f 1955/785/2338 1953/788/2338 1956/781/2338
f 1956/781/2339 1952/782/2339 1957/776/2339
f 1956/781/2340 1959/783/2340 1955/785/2340
f 1957/776/2341 1958/1781/2341 1956/781/2341
f 1956/781/2342 1958/1781/2342 1959/783/2342
f 1962/1782/2343 1959/783/2343 1958/1781/2343
f 1961/1783/2344 1960/784/2344 1959/783/2344
f 1955/785/2345 1959/783/2345 1960/784/2345
f 1961/1783/2346 1959/783/2346 1962/1782/2346
f 1963/1784/2347 1964/1785/2347 1962/1786/2347
f 1962/1786/2348 1958/1787/2348 1963/1784/2348
f 1962/1786/2349 1964/1785/2349 1965/1788/2349
f 1962/1782/2350 1965/1789/2350 1961/1783/2350
f 1968/1790/2351 1965/1788/2351 1964/1785/2351
f 1967/1323/2352 1966/1326/2352 1965/1324/2352
f 1961/1783/2350 1965/1789/2350 1966/1791/2350
f 1967/1792/2353 1965/1788/2353 1968/1790/2353
f 1968/1790/2354 1969/1793/2354 1967/1792/2354
f 1968/1790/2355 1971/1794/2355 1969/1793/2355
f 1968/1790/2356 1964/1785/2356 1970/1795/2356
f 1970/1795/2357 1971/1794/2357 1968/1790/2357
f 1970/1795/2358 1972/1796/2358 1971/1794/2358
f 1972/1796/2359 1973/1797/2359 1971/1794/2359
f 1971/1794/2360 1973/1797/2360 1974/1798/2360
f 1971/1794/2361 1974/1798/2361 1969/1793/2361
f 1969/1793/2362 1974/1798/2362 1975/1799/2362
f 1976/1800/2363 1975/1799/2363 1974/1798/2363
f 1976/1800/2364 1974/1798/2364 1977/1801/2364
f 1977/1801/2365 1974/1798/2365 1973/1797/2365
f 1977/1801/2366 1980/1802/2366 1976/1800/2366
f 1977/1801/2367 1978/1803/2367 1980/1802/2367
f 1979/1804/2368 1978/1803/2368 1977/1801/2368
f 1977/1801/2369 1973/1797/2369 1979/1804/2369
f 1978/1803/2370 1981/1805/2370 1980/1802/2370
f 1980/1802/2370 1981/1805/2370 1982/1806/2370
f 1980/1802/2371 1982/1806/2371 1983/1807/2371
f 1976/1800/2372 1980/1802/2372 1983/1807/2372
f 1983/1807/2373 1984/1808/2373 1985/1809/2373
f 1983/1807/2371 1982/1806/2371 1984/1808/2371
f 1986/1810/2374 1983/1807/2374 1985/1809/2374
f 1976/1800/2375 1983/1807/2375 1986/1810/2375
f 1986/1415/2376 1985/1412/2376 1987/1312/2376
f 1987/1312/2377 1988/1313/2377 1986/1415/2377
f 1986/1810/2363 1975/1799/2363 1976/1800/2363
f 1986/1415/2377 1988/1313/2377 1975/1316/2377
f 1989/1811/2378 1975/1799/2378 1988/1812/2378
f 1989/1317/2379 1988/1313/2379 1990/1282/2379
f 1990/1282/2380 1988/1313/2380 1991/1285/2380
f 1987/1312/2381 1991/1285/2381 1988/1313/2381
f 1990/1282/2382 1991/1285/2382 1992/1281/2382
f 1992/1281/2383 1991/1285/2383 1993/1284/2383
f 1994/1310/2384 1993/1284/2384 1991/1285/2384
f 1994/1310/2385 1991/1285/2385 1987/1312/2385
f 1994/1310/2386 1997/1311/2386 1995/1286/2386
f 1995/1286/2387 1993/1284/2387 1994/1310/2387
f 1987/1312/2388 1996/1413/2388 1994/1310/2388
f 1994/1310/2389 1996/1413/2389 1997/1311/2389
f 1996/1413/2390 1998/1411/2390 1997/1311/2390
f 1997/1311/2391 1998/1411/2391 1999/1414/2391
f 1997/1311/2392 1999/1414/2392 2000/1309/2392
f 1995/1286/2393 1997/1311/2393 2000/1309/2393
f 2000/1309/2394 2001/1308/2394 2002/1290/2394
f 2000/1309/2395 1999/1414/2395 2001/1308/2395
f 2003/1287/2396 2000/1309/2396 2002/1290/2396
f 1995/1286/2397 2000/1309/2397 2003/1287/2397
f 2003/1287/2398 2004/1292/2398 2005/1280/2398
f 2006/1289/2399 2004/1292/2399 2003/1287/2399
f 2003/1287/2400 2005/1280/2400 1995/1286/2400
f 2003/1287/2401 2002/1290/2401 2006/1289/2401
f 2006/1289/2402 2002/1290/2402 2007/1288/2402
f 2007/1288/1863 2008/1295/1863 2006/1289/1863
f 2006/1289/1863 2008/1295/1863 2009/1294/1863
f 2006/1289/2403 2009/1294/2403 2004/1292/2403
f 2011/1256/2404 2009/1294/2404 2008/1295/2404
f 2004/1292/2405 2009/1294/2405 2010/1293/2405
f 2010/1293/2406 2009/1294/2406 2011/1256/2406
f 2011/1256/2407 2012/1263/2407 2010/1293/2407
f 2013/1257/2408 2012/1263/2408 2011/1256/2408
f 2011/1256/2409 2008/1295/2409 2014/1296/2409
f 2011/1256/2410 2016/1258/2410 2013/1257/2410
f 2014/1296/2411 2015/1255/2411 2011/1256/2411
f 2011/1256/2412 2015/1255/2412 2016/1258/2412
f 2015/1255/2413 2018/1249/2413 2016/1258/2413
f 2013/1257/2414 2016/1258/2414 2017/1259/2414
f 2016/1258/2415 2019/1722/2415 2017/1259/2415
f 2016/1258/2416 2018/1249/2416 2019/1722/2416
f 2018/1249/2417 2021/1721/2417 2019/1722/2417
f 2017/1259/2418 2019/1722/2418 2020/1720/2418
f 2019/1722/2419 2022/1719/2419 2020/1720/2419
f 2019/1722/2420 2021/1721/2420 2022/1719/2420
f 2020/1720/2421 2022/1719/2421 2023/1718/2421
f 2022/1792/2422 2025/1785/2422 2023/1788/2422
f 2022/1792/2423 2024/1790/2423 2025/1785/2423
f 2021/1811/2424 2024/1790/2424 2022/1792/2424
f 2024/1790/2425 2027/1813/2425 2025/1785/2425
f 2023/1788/2426 2025/1785/2426 2026/1784/2426
f 2025/1785/2427 2028/1814/2427 2026/1784/2427
f 2025/1785/2428 2027/1813/2428 2028/1814/2428
f 2027/1813/2429 2029/602/2429 2028/1814/2429
f 2026/1784/2430 2028/1814/2430 1923/603/2430
f 2028/1814/2431 1921/599/2431 1923/603/2431
f 2028/1814/2432 2029/602/2432 1921/599/2432
f 2027/1813/2429 2030/608/2429 2029/602/2429
f 2030/608/2433 2031/604/2433 2029/602/2433
f 2029/602/2434 1918/601/2434 1921/599/2434
f 2029/602/2435 2031/604/2435 1918/601/2435
f 2030/608/2433 2032/605/2433 2031/604/2433
f 2032/605/2436 2033/606/2436 2031/604/2436
f 2031/604/2437 1919/1759/2437 1918/601/2437
f 2031/604/2438 2033/606/2438 1919/1759/2438
f 2032/605/2439 2034/607/2439 2033/606/2439
f 2034/607/2440 2036/1667/2440 2033/606/2440
f 2033/606/2441 2035/1668/2441 1919/1759/2441
f 2033/606/2441 2036/1667/2441 2035/1668/2441
f 818/645/765 2036/1667/765 2037/1666/765
f 2035/1668/765 2036/1667/765 818/645/765
f 2034/607/2440 2037/1666/2440 2036/1667/2440
f 818/645/765 2037/1666/765 2038/613/765
f 2039/609/2442 2038/613/2442 2037/1666/2442
f 2039/609/2443 2037/1666/2443 2034/607/2443
f 2040/610/2444 2039/609/2444 2034/607/2444
f 2041/616/2445 2039/609/2445 2040/610/2445
f 2042/612/2446 2038/613/2446 2039/609/2446
f 2041/616/2447 2042/612/2447 2039/609/2447
f 2042/612/2448 2043/611/2448 2038/613/2448
f 2045/615/2449 2043/611/2449 2042/612/2449
f 2044/1815/2450 2042/612/2450 2041/616/2450
f 2044/1815/2450 2045/615/2450 2042/612/2450
f 2045/615/2449 2046/614/2449 2043/611/2449
f 2048/1816/2451 2046/614/2451 2045/615/2451
f 2047/1804/2452 2045/615/2452 2044/1815/2452
f 2047/1804/2453 2048/1816/2453 2045/615/2453
f 2048/1816/2451 2051/618/2451 2046/614/2451
f 2049/1803/2454 2048/1816/2454 2047/1804/2454
f 2049/1803/2455 2050/1817/2455 2048/1816/2455
f 2050/1817/2456 2051/618/2456 2048/1816/2456
f 818/645/765 2046/614/765 2051/618/765
f 2051/618/765 2052/1818/765 818/645/765
f 2050/1817/2457 2052/1818/2457 2051/618/2457
f 818/645/765 2052/1818/765 2053/1819/765
f 2054/1820/2458 2053/1819/2458 2052/1818/2458
f 2054/1820/2458 2052/1818/2458 2050/1817/2458
f 2055/1821/2459 2054/1820/2459 2057/1805/2459
f 2055/1821/2460 2056/1822/2460 2054/1820/2460
f 2056/1822/2461 2053/1819/2461 2054/1820/2461
f 2057/1805/2462 2054/1820/2462 2050/1817/2462
f 2058/1823/2463 2057/1805/2463 2059/1806/2463
f 2058/1823/2464 2055/1821/2464 2057/1805/2464
f 2059/1806/2465 2057/1805/2465 2049/1803/2465
f 2057/1805/2466 2050/1817/2466 2049/1803/2466
f 2060/1824/2467 2059/1806/2467 2061/1808/2467
f 2060/1824/2468 2058/1823/2468 2059/1806/2468
f 2061/1808/2469 2059/1806/2469 2062/1802/2469
f 2059/1806/2470 2049/1803/2470 2062/1802/2470
f 2061/1808/2471 2062/1802/2471 2063/1807/2471
f 2063/1807/2472 2062/1802/2472 2064/1801/2472
f 2062/1802/2473 2047/1804/2473 2064/1801/2473
f 2062/1802/2474 2049/1803/2474 2047/1804/2474
f 2063/1807/2475 2064/1801/2475 2065/1800/2475
f 2065/1800/2476 2064/1801/2476 2066/1797/2476
f 2064/1801/2477 2044/1815/2477 2066/1797/2477
f 2064/1801/2477 2047/1804/2477 2044/1815/2477
f 2065/1800/2478 2066/1797/2478 2067/1798/2478
f 2067/1798/2479 2066/1797/2479 2068/1796/2479
f 2066/1797/2480 2041/616/2480 2068/1796/2480
f 2066/1797/2481 2044/1815/2481 2041/616/2481
f 2067/1798/2482 2068/1796/2482 2069/1794/2482
f 2069/1794/2483 2068/1796/2483 2070/1825/2483
f 2068/1796/2484 2040/610/2484 2070/1825/2484
f 2068/1796/2485 2041/616/2485 2040/610/2485
f 2071/1795/2486 2070/1825/2486 2030/608/2486
f 2069/1794/2483 2070/1825/2483 2071/1795/2483
f 2070/1825/2487 2032/605/2487 2030/608/2487
f 2070/1825/2488 2040/610/2488 2032/605/2488
f 2024/1790/2489 2071/1795/2489 2027/1813/2489
f 2072/1793/2490 2071/1795/2490 2024/1790/2490
f 2071/1795/2491 2030/608/2491 2027/1813/2491
f 2072/1793/2492 2069/1794/2492 2071/1795/2492
f 2073/1812/2493 2072/1793/2493 2021/1811/2493
f 2073/1812/2494 2074/1799/2494 2072/1793/2494
f 2074/1799/2495 2069/1794/2495 2072/1793/2495
f 2021/1811/2496 2072/1793/2496 2024/1790/2496
f 2075/1245/2497 2074/1246/2497 2073/1243/2497
f 2075/1245/2498 2076/1244/2498 2074/1246/2498
f 2076/1810/2499 2067/1798/2499 2074/1799/2499
f 2074/1799/2500 2067/1798/2500 2069/1794/2500
f 2077/1251/2501 2076/1244/2501 2075/1245/2501
f 2077/1251/2502 2078/1248/2502 2076/1244/2502
f 2078/1809/2503 2065/1800/2503 2076/1810/2503
f 2076/1810/2504 2065/1800/2504 2067/1798/2504
f 2079/1193/2505 2078/1248/2505 2077/1251/2505
f 2079/1193/2506 2080/1194/2506 2078/1248/2506
f 2080/1826/2507 2063/1807/2507 2078/1809/2507
f 2078/1809/2508 2063/1807/2508 2065/1800/2508
f 2081/1188/2509 2080/1194/2509 2079/1193/2509
f 2081/1188/2510 2082/1190/2510 2080/1194/2510
f 2082/1827/2511 2061/1808/2511 2080/1826/2511
f 2080/1826/2512 2061/1808/2512 2063/1807/2512
f 2083/1187/2513 2082/1190/2513 2081/1188/2513
f 2083/1187/2514 2084/1189/2514 2082/1190/2514
f 2084/1828/2515 2060/1824/2515 2082/1827/2515
f 2082/1827/2516 2060/1824/2516 2061/1808/2516
f 2085/1147/2517 2084/1189/2517 2083/1187/2517
f 2085/1147/2518 2086/1150/2518 2084/1189/2518
f 2086/1829/2519 2087/1830/2519 2084/1828/2519
f 2084/1828/2520 2087/1830/2520 2060/1824/2520
f 2086/1829/2521 2088/1831/2521 2087/1830/2521
f 2088/1831/2522 2089/1832/2522 2087/1830/2522
f 2087/1830/2523 2058/1823/2523 2060/1824/2523
f 2087/1830/2523 2089/1832/2523 2058/1823/2523
f 2088/1831/2522 2090/1833/2522 2089/1832/2522
f 2090/1833/2524 2091/1834/2524 2089/1832/2524
f 2089/1832/2525 2055/1821/2525 2058/1823/2525
f 2089/1832/2525 2091/1834/2525 2055/1821/2525
f 2090/1833/2524 2092/1835/2524 2091/1834/2524
f 2092/1835/2526 2093/1836/2526 2091/1834/2526
f 2091/1834/2527 2056/1822/2527 2055/1821/2527
f 2091/1834/2528 2093/1836/2528 2056/1822/2528
f 2092/1835/2529 2094/1837/2529 2093/1836/2529
f 2094/1837/2530 2096/1838/2530 2093/1836/2530
f 2093/1836/2531 2095/1839/2531 2056/1822/2531
f 2093/1836/2532 2096/1838/2532 2095/1839/2532
f 818/645/765 2096/1838/765 2097/1840/765
f 2095/1839/765 2096/1838/765 818/645/765
f 2094/1837/2530 2097/1840/2530 2096/1838/2530
f 818/645/765 2097/1840/765 2099/1841/765
f 2098/1842/2533 2097/1840/2533 2094/1837/2533
f 2098/1842/2534 2099/1841/2534 2097/1840/2534
f 2099/1841/765 2100/1843/765 818/645/765
f 2101/1844/2535 2100/1843/2535 2099/1841/2535
f 2101/1844/2536 2099/1841/2536 2098/1842/2536
f 2103/1845/2537 2100/1843/2537 2101/1844/2537
f 2102/1846/2538 2101/1844/2538 2104/1847/2538
f 2102/1846/2538 2103/1845/2538 2101/1844/2538
f 2104/1847/2539 2101/1844/2539 2098/1842/2539
f 2105/1848/2540 2104/1847/2540 2106/1849/2540
f 2105/1848/2541 2102/1846/2541 2104/1847/2541
f 2106/1849/2542 2104/1847/2542 2107/1850/2542
f 2104/1847/2543 2098/1842/2543 2107/1850/2543
f 2106/1849/2544 2107/1850/2544 2108/1851/2544
f 2108/1851/2545 2107/1850/2545 2092/1835/2545
f 2107/1850/2546 2094/1837/2546 2092/1835/2546
f 2107/1850/2547 2098/1842/2547 2094/1837/2547
f 2109/1852/2548 2108/1851/2548 2110/1853/2548
f 2109/1852/2548 2106/1849/2548 2108/1851/2548
f 2110/1853/2549 2108/1851/2549 2090/1833/2549
f 2108/1851/2545 2092/1835/2545 2090/1833/2545
f 2111/1854/2550 2110/1853/2550 2112/1855/2550
f 2111/1854/2551 2109/1852/2551 2110/1853/2551
f 2112/1855/2552 2110/1853/2552 2088/1831/2552
f 2110/1853/2553 2090/1833/2553 2088/1831/2553
f 2113/1115/2554 2112/1148/2554 2114/1149/2554
f 2113/1115/2555 2111/1117/2555 2112/1148/2555
f 2114/1149/2556 2112/1148/2556 2086/1150/2556
f 2112/1855/2552 2088/1831/2552 2086/1829/2552
f 2115/1113/2557 2114/1149/2557 2116/1152/2557
f 2115/1113/2557 2113/1115/2557 2114/1149/2557
f 2116/1152/2558 2114/1149/2558 2085/1147/2558
f 2114/1149/2559 2086/1150/2559 2085/1147/2559
f 2117/1111/2560 2116/1152/2560 2118/1154/2560
f 2117/1111/2561 2115/1113/2561 2116/1152/2561
f 2118/1154/2562 2116/1152/2562 2119/1151/2562
f 2116/1152/2563 2085/1147/2563 2119/1151/2563
f 2120/1153/2564 2119/1151/2564 2121/1185/2564
f 2118/1154/2565 2119/1151/2565 2120/1153/2565
f 2119/1151/2566 2083/1187/2566 2121/1185/2566
f 2119/1151/2566 2085/1147/2566 2083/1187/2566
f 2120/1153/2567 2121/1185/2567 2122/1183/2567
f 2122/1183/2568 2121/1185/2568 2123/1186/2568
f 2121/1185/2569 2081/1188/2569 2123/1186/2569
f 2121/1185/2570 2083/1187/2570 2081/1188/2570
f 2122/1183/2571 2123/1186/2571 2124/1184/2571
f 2124/1184/2572 2123/1186/2572 2125/1254/2572
f 2123/1186/2573 2079/1193/2573 2125/1254/2573
f 2123/1186/2574 2081/1188/2574 2079/1193/2574
f 2124/1184/2575 2125/1254/2575 2126/1298/2575
f 2126/1298/2576 2125/1254/2576 2127/1252/2576
f 2125/1254/2577 2077/1251/2577 2127/1252/2577
f 2125/1254/2577 2079/1193/2577 2077/1251/2577
f 2126/1298/2578 2127/1252/2578 2128/1253/2578
f 2128/1253/2579 2127/1252/2579 2129/1250/2579
f 2127/1252/2580 2075/1245/2580 2129/1250/2580
f 2127/1252/2581 2077/1251/2581 2075/1245/2581
f 2128/1253/2582 2129/1250/2582 2015/1255/2582
f 2015/1255/2583 2129/1250/2583 2018/1249/2583
f 2129/1250/2584 2073/1243/2584 2018/1249/2584
f 2129/1250/2585 2075/1245/2585 2073/1243/2585
f 2130/1299/2586 2128/1253/2586 2014/1296/2586
f 2130/1299/2587 2126/1298/2587 2128/1253/2587
f 2014/1296/2588 2128/1253/2588 2015/1255/2588
f 2131/1182/2589 2126/1298/2589 2130/1299/2589
f 2134/1303/2590 2131/1182/2590 2130/1299/2590
f 2014/1296/2591 2133/1297/2591 2130/1299/2591
f 2130/1299/2592 2132/1300/2592 2134/1303/2592
f 2130/1299/2593 2133/1297/2593 2132/1300/2593
f 2134/1303/2594 2135/1305/2594 2131/1182/2594
f 2136/1302/2595 2135/1305/2595 2134/1303/2595
f 2136/1302/2596 2134/1303/2596 2137/1301/2596
f 2137/1301/2597 2134/1303/2597 2132/1300/2597
f 2137/1301/2598 2132/1300/2598 2138/1307/2598
f 2002/1290/2599 2137/1301/2599 2138/1307/2599
f 2139/1306/2600 2137/1301/2600 2002/1290/2600
f 2136/1302/2601 2137/1301/2601 2139/1306/2601
f 2002/1290/2602 2001/1308/2602 2139/1306/2602
f 2140/1173/2603 2139/1306/2603 2001/1308/2603
f 2141/1174/2604 2139/1306/2604 2140/1173/2604
f 2141/1174/2605 2136/1302/2605 2139/1306/2605
f 2144/1172/2606 2142/1175/2606 2141/1174/2606
f 2142/1175/2607 2143/1304/2607 2141/1174/2607
f 2143/1304/2608 2136/1302/2608 2141/1174/2608
f 2145/1169/2609 2141/1174/2609 2140/1173/2609
f 2144/1172/2610 2141/1174/2610 2145/1169/2610
f 2145/1169/2611 2147/1167/2611 2144/1172/2611
f 2145/1169/2612 2140/1173/2612 2146/1170/2612
f 2146/1170/2613 2148/1168/2613 2145/1169/2613
f 2145/1169/2614 2148/1168/2614 2147/1167/2614
f 2146/1170/2615 2149/1404/2615 2148/1168/2615
f 2149/1404/2616 2150/1064/2616 2148/1168/2616
f 2148/1168/2617 2150/1064/2617 2151/1065/2617
f 2148/1168/2618 2151/1065/2618 2147/1167/2618
f 2147/1167/2619 2151/1065/2619 2152/1067/2619
f 2153/1062/2620 2152/1067/2620 2151/1065/2620
f 2153/1062/2621 2151/1065/2621 2154/1061/2621
f 2154/1061/2621 2151/1065/2621 2150/1064/2621
f 2154/1061/2622 2157/1063/2622 2153/1062/2622
f 2155/1423/2623 2156/1424/2623 2154/1061/2623
f 2154/1061/2624 2150/1064/2624 2155/1423/2624
f 2154/1061/2625 2156/1424/2625 2157/1063/2625
f 2156/1424/2626 2158/1426/2626 2157/1063/2626
f 2157/1063/2627 2158/1426/2627 2159/1425/2627
f 2157/1063/2628 2159/1425/2628 2160/1060/2628
f 2153/1062/2629 2157/1063/2629 2160/1060/2629
f 2160/1060/2630 2161/1056/2630 2162/1059/2630
f 2160/1060/2631 2159/1425/2631 2161/1056/2631
f 2163/1066/2632 2160/1060/2632 2162/1059/2632
f 2153/1062/2633 2160/1060/2633 2163/1066/2633
f 2163/1066/2634 2162/1059/2634 2164/1068/2634
f 2164/1068/2635 2165/1164/2635 2163/1066/2635
f 2163/1066/2636 2152/1067/2636 2153/1062/2636
f 2163/1066/2637 2165/1164/2637 2152/1067/2637
f 2164/1068/2638 2166/1159/2638 2165/1164/2638
f 2166/1159/2639 2167/1162/2639 2165/1164/2639
f 2165/1164/2640 2167/1162/2640 2168/1166/2640
f 2168/1166/2641 2152/1067/2641 2165/1164/2641
f 2169/1176/2642 2168/1166/2642 2171/1177/2642
f 2144/1172/2643 2168/1166/2643 2169/1176/2643
f 2144/1172/2644 2147/1167/2644 2168/1166/2644
f 2147/1167/2645 2152/1067/2645 2168/1166/2645
f 2168/1166/2646 2167/1162/2646 2170/1163/2646
f 2168/1166/2647 2170/1163/2647 2171/1177/2647
f 2170/1163/2648 2172/1165/2648 2171/1177/2648
f 2171/1177/2648 2172/1165/2648 2173/1179/2648
f 2171/1177/2649 2173/1179/2649 2169/1176/2649
f 2176/1155/2650 2173/1179/2650 2172/1165/2650
f 2169/1176/2649 2173/1179/2649 2174/1178/2649
f 2175/1180/2651 2174/1178/2651 2173/1179/2651
f 2175/1180/2652 2173/1179/2652 2176/1155/2652
f 2176/1155/2653 2122/1183/2653 2175/1180/2653
f 2177/1156/2654 2120/1153/2654 2176/1155/2654
f 2176/1155/2655 2172/1165/2655 2177/1156/2655
f 2176/1155/2656 2120/1153/2656 2122/1183/2656
f 2177/1156/2657 2178/1157/2657 2179/1110/2657
f 2177/1156/2658 2172/1165/2658 2178/1157/2658
f 2179/1110/2659 2118/1154/2659 2177/1156/2659
f 2177/1156/2660 2118/1154/2660 2120/1153/2660
f 2180/1158/2661 2183/1161/2661 2179/1110/2661
f 2179/1110/2662 2178/1157/2662 2180/1158/2662
f 2179/1110/2663 2181/1072/2663 2182/1109/2663
f 2179/1110/2664 2183/1161/2664 2181/1072/2664
f 2182/1109/2665 2117/1111/2665 2179/1110/2665
f 2179/1110/2666 2117/1111/2666 2118/1154/2666
f 2184/1160/2667 2181/1072/2667 2183/1161/2667
f 2184/1160/2668 2183/1161/2668 2166/1159/2668
f 2166/1159/2668 2183/1161/2668 2180/1158/2668
f 2184/1160/2669 2186/1069/2669 2185/1070/2669
f 2185/1070/2667 2181/1072/2667 2184/1160/2667
f 2184/1160/2670 2166/1159/2670 2164/1068/2670
f 2164/1068/2671 2186/1069/2671 2184/1160/2671
f 2186/1069/2672 2187/1074/2672 2188/1071/2672
f 2190/1058/2673 2187/1074/2673 2186/1069/2673
f 2164/1068/2674 2162/1059/2674 2186/1069/2674
f 2162/1059/2675 2189/1057/2675 2186/1069/2675
f 2186/1069/2676 2188/1071/2676 2185/1070/2676
f 2186/1069/2677 2189/1057/2677 2190/1058/2677
f 2193/1076/2678 2187/1074/2678 2190/1058/2678
f 2192/1054/2679 2190/1058/2679 2189/1057/2679
f 2191/1052/2679 2190/1058/2679 2192/1054/2679
f 2191/1052/2680 2193/1076/2680 2190/1058/2680
f 2194/1078/2681 2193/1076/2681 2191/1052/2681
f 2194/1078/2682 2195/1079/2682 2193/1076/2682
f 2193/1076/2682 2195/1079/2682 2196/1077/2682
f 2193/1076/2683 2196/1077/2683 2187/1074/2683
f 2196/1077/2684 2195/1079/2684 2198/1082/2684
f 2187/1074/2683 2196/1077/2683 2197/1075/2683
f 2198/1082/2685 2197/1075/2685 2196/1077/2685
f 2198/1082/2686 2202/1107/2686 2199/1084/2686
f 2199/1084/2687 2197/1075/2687 2198/1082/2687
f 2200/1081/2688 2201/1085/2688 2198/1082/2688
f 2198/1082/2689 2203/1080/2689 2200/1081/2689
f 2198/1082/2686 2201/1085/2686 2202/1107/2686
f 2198/1082/2690 2195/1079/2690 2203/1080/2690
f 2200/1081/2691 2203/1080/2691 2204/1046/2691
f 2205/1053/2692 2204/1046/2692 2203/1080/2692
f 2205/1053/2693 2203/1080/2693 2194/1078/2693
f 2194/1078/2693 2203/1080/2693 2195/1079/2693
f 2205/1053/2694 2208/1049/2694 2206/1048/2694
f 2206/1048/2692 2204/1046/2692 2205/1053/2692
f 2194/1078/2695 2207/1051/2695 2205/1053/2695
f 2207/1051/2696 2208/1049/2696 2205/1053/2696
f 2208/1049/2697 2213/1047/2697 2206/1048/2697
f 2207/1051/2698 2209/973/2698 2208/1049/2698
f 2209/973/2699 2210/974/2699 2208/1049/2699
f 2208/1049/2700 2210/974/2700 2211/976/2700
f 2211/976/2701 2212/983/2701 2208/1049/2701
f 2208/1049/2702 2212/983/2702 2213/1047/2702
f 2212/983/2703 2214/1042/2703 2213/1047/2703
f 2213/1047/2703 2214/1042/2703 2215/1045/2703
f 2213/1047/2704 2215/1045/2704 2206/1048/2704
f 2217/1039/2705 2215/1045/2705 2214/1042/2705
f 2206/1048/2704 2215/1045/2704 2204/1046/2704
f 2216/1041/2706 2204/1046/2706 2215/1045/2706
f 2216/1041/2707 2215/1045/2707 2217/1039/2707
f 2217/1039/2708 2220/1087/2708 2216/1041/2708
f 2218/1040/2709 2219/1036/2709 2217/1039/2709
f 2217/1039/2710 2214/1042/2710 2218/1040/2710
f 2217/1039/2711 2219/1036/2711 2220/1087/2711
f 2219/1036/2712 2222/1088/2712 2220/1087/2712
f 2220/1087/2713 2223/1086/2713 2221/1083/2713
f 2216/1041/2714 2220/1087/2714 2221/1083/2714
f 2220/1087/2715 2222/1088/2715 2223/1086/2715
f 2222/1088/2716 2225/1090/2716 2223/1086/2716
f 2221/1083/2717 2223/1086/2717 2224/1106/2717
f 2223/1086/2718 2226/1102/2718 2224/1106/2718
f 2223/1086/2719 2225/1090/2719 2226/1102/2719
f 2225/1090/2720 2228/1101/2720 2226/1102/2720
f 2224/1106/2721 2226/1102/2721 2227/1100/2721
f 2226/1102/2722 2229/1103/2722 2227/1100/2722
f 2226/1102/2723 2228/1101/2723 2229/1103/2723
f 2228/1856/2724 2231/1857/2724 2229/1858/2724
f 2227/1100/2725 2229/1103/2725 2230/1116/2725
f 2229/1858/2726 2232/1859/2726 2230/1860/2726
f 2229/1858/2727 2231/1857/2727 2232/1859/2727
f 2231/1857/2728 2105/1848/2728 2232/1859/2728
f 2230/1860/2729 2232/1859/2729 2109/1852/2729
f 2232/1859/2730 2106/1849/2730 2109/1852/2730
f 2232/1859/2731 2105/1848/2731 2106/1849/2731
f 2228/1856/2732 2233/1861/2732 2231/1857/2732
f 2233/1861/2733 2234/1862/2733 2231/1857/2733
f 2231/1857/2728 2234/1862/2728 2105/1848/2728
f 2233/1861/2734 2235/1863/2734 2234/1862/2734
f 2235/1863/2735 2236/1864/2735 2234/1862/2735
f 2234/1862/2736 2102/1846/2736 2105/1848/2736
f 2234/1862/2737 2236/1864/2737 2102/1846/2737
f 2235/1863/2738 2237/1865/2738 2236/1864/2738
f 2237/1865/2739 2238/1866/2739 2236/1864/2739
f 2236/1864/2740 2103/1845/2740 2102/1846/2740
f 2236/1864/2741 2238/1866/2741 2103/1845/2741
f 2238/1866/2742 2239/1867/2742 2103/1845/2742
f 2238/1866/2742 2241/1868/2742 2239/1867/2742
f 2237/1865/2743 2240/1869/2743 2238/1866/2743
f 2240/1869/2744 2241/1868/2744 2238/1866/2744
f 818/645/765 2239/1867/765 2241/1868/765
f 2241/1868/765 2242/1870/765 818/645/765
f 2240/1869/2744 2242/1870/2744 2241/1868/2744
f 818/645/765 2242/1870/765 2243/1871/765
f 2244/1872/2745 2243/1871/2745 2242/1870/2745
f 2244/1872/2745 2242/1870/2745 2240/1869/2745
f 2245/1873/2746 2244/1872/2746 2247/1874/2746
f 2245/1873/2747 2246/1875/2747 2244/1872/2747
f 2246/1875/2748 2243/1871/2748 2244/1872/2748
f 2247/1874/2749 2244/1872/2749 2240/1869/2749
f 2248/1876/2750 2247/1874/2750 2249/1877/2750
f 2248/1876/2751 2245/1873/2751 2247/1874/2751
f 2249/1877/2752 2247/1874/2752 2237/1865/2752
f 2247/1874/2753 2240/1869/2753 2237/1865/2753
f 2250/1878/2754 2249/1877/2754 2251/1879/2754
f 2250/1878/2755 2248/1876/2755 2249/1877/2755
f 2251/1879/2756 2249/1877/2756 2235/1863/2756
f 2249/1877/2757 2237/1865/2757 2235/1863/2757
f 2252/1880/2758 2251/1879/2758 2253/1881/2758
f 2252/1880/2759 2250/1878/2759 2251/1879/2759
f 2253/1881/2760 2251/1879/2760 2233/1861/2760
f 2251/1879/2761 2235/1863/2761 2233/1861/2761
f 2254/1882/2762 2253/1881/2762 2225/1883/2762
f 2254/1882/2763 2252/1880/2763 2253/1881/2763
f 2225/1090/2764 2253/1104/2764 2228/1101/2764
f 2253/1881/2765 2233/1861/2765 2228/1856/2765
f 2255/1030/2766 2254/1089/2766 2222/1088/2766
f 2255/1030/2767 2256/1033/2767 2254/1089/2767
f 2256/1884/2768 2252/1880/2768 2254/1882/2768
f 2222/1088/2769 2254/1089/2769 2225/1090/2769
f 2258/1032/2770 2256/1033/2770 2255/1030/2770
f 2256/1884/2771 2257/1885/2771 2252/1880/2771
f 2259/1886/2772 2257/1885/2772 2256/1884/2772
f 2258/1032/2773 2259/1031/2773 2256/1033/2773
f 2260/1887/2774 2259/1888/2774 2258/1889/2774
f 2260/1887/2775 2261/1890/2775 2259/1888/2775
f 2261/1891/2776 2262/1892/2776 2259/1886/2776
f 2259/1886/2777 2262/1892/2777 2257/1885/2777
f 2261/1891/2778 2263/1893/2778 2262/1892/2778
f 2263/1893/2779 2264/1894/2779 2262/1892/2779
f 2262/1892/2780 2265/1895/2780 2257/1885/2780
f 2262/1892/2781 2264/1894/2781 2265/1895/2781
f 2257/1885/2782 2265/1895/2782 2250/1878/2782
f 2265/1895/2783 2248/1876/2783 2250/1878/2783
f 2265/1895/2784 2266/1896/2784 2248/1876/2784
f 2264/1894/2785 2266/1896/2785 2265/1895/2785
f 2266/1896/2786 2245/1873/2786 2248/1876/2786
f 2266/1896/2787 2267/1897/2787 2245/1873/2787
f 2268/1898/2788 2267/1897/2788 2266/1896/2788
f 2264/1894/2789 2268/1898/2789 2266/1896/2789
f 2269/1899/2790 2268/1898/2790 2264/1894/2790
f 2269/1899/2791 2270/1900/2791 2268/1898/2791
f 2270/1900/2792 2271/1901/2792 2268/1898/2792
f 2268/1898/2793 2271/1901/2793 2267/1897/2793
f 2270/1900/2794 812/826/2794 2271/1901/2794
f 812/826/2795 816/829/2795 2271/1901/2795
f 2271/1901/2796 2272/1902/2796 2267/1897/2796
f 2271/1901/2797 816/829/2797 2272/1902/2797
f 2267/1897/2798 2272/1902/2798 2246/1875/2798
f 2272/1902/2799 2273/1903/2799 2246/1875/2799
f 2272/1902/2800 2274/1904/2800 2273/1903/2800
f 816/829/2801 2274/1904/2801 2272/1902/2801
f 818/645/765 2274/1904/765 815/828/765
f 2273/1903/765 2274/1904/765 818/645/765
f 816/829/2801 815/828/2801 2274/1904/2801
f 818/645/765 2243/1871/765 2273/1903/765
f 2246/1875/2802 2273/1903/2802 2243/1871/2802
f 2275/1905/2803 2270/1900/2803 2269/1899/2803
f 2275/1905/2804 809/823/2804 2270/1900/2804
f 809/823/2805 812/826/2805 2270/1900/2805
f 2276/780/2806 2275/1905/2806 2277/1906/2806
f 2276/780/2807 806/821/2807 2275/1905/2807
f 806/821/755 809/823/755 2275/1905/755
f 2277/1906/2808 2275/1905/2808 2269/1899/2808
f 2278/1907/2809 2277/1906/2809 2279/1908/2809
f 2278/1907/2810 2276/780/2810 2277/1906/2810
f 2279/1908/2811 2277/1906/2811 2263/1893/2811
f 2277/1906/2812 2269/1899/2812 2263/1893/2812
f 2280/1764/2813 2279/1909/2813 2281/1910/2813
f 2280/1764/2813 2278/1761/2813 2279/1909/2813
f 2281/1910/2814 2279/1909/2814 2261/1890/2814
f 2279/1908/2815 2263/1893/2815 2261/1891/2815
f 2282/1766/2816 2281/1910/2816 2283/1911/2816
f 2282/1766/2817 2280/1764/2817 2281/1910/2817
f 2283/1911/2818 2281/1910/2818 2260/1887/2818
f 2281/1910/2819 2261/1890/2819 2260/1887/2819
f 2284/1768/2820 2283/1911/2820 2286/1912/2820
f 2284/1768/2821 2282/1766/2821 2283/1911/2821
f 2283/1911/2822 2260/1887/2822 2285/1913/2822
f 2286/1912/2823 2283/1911/2823 2285/1913/2823
f 2286/1912/2824 2287/1914/2824 2284/1768/2824
f 2286/1912/2825 2288/1915/2825 2287/1914/2825
f 2289/1916/2826 2288/1915/2826 2286/1912/2826
f 2286/1912/2827 2285/1913/2827 2289/1916/2827
f 2289/1916/2828 2290/1917/2828 2218/1918/2828
f 2218/1918/2829 2291/1919/2829 2289/1916/2829
f 2289/1916/2830 2291/1919/2830 2288/1915/2830
f 2289/1916/2831 2285/1913/2831 2290/1917/2831
f 2292/1920/2832 2288/1915/2832 2291/1919/2832
f 2292/1920/2833 2291/1919/2833 2293/1921/2833
f 2293/1921/2834 2291/1919/2834 2294/1922/2834
f 2218/1918/2835 2294/1922/2835 2291/1919/2835
f 2293/985/2836 2294/1044/2836 2295/984/2836
f 2295/984/2836 2294/1044/2836 2296/1043/2836
f 2296/1043/2837 2294/1044/2837 2218/1040/2837
f 2295/984/2838 2296/1043/2838 2212/983/2838
f 2212/983/2838 2296/1043/2838 2214/1042/2838
f 2218/1040/2839 2214/1042/2839 2296/1043/2839
f 2293/985/2840 2295/984/2840 2297/977/2840
f 2295/984/2841 2212/983/2841 2211/976/2841
f 2297/977/2842 2295/984/2842 2211/976/2842
f 2297/1923/2843 2300/1924/2843 2293/1921/2843
f 2297/977/2844 2211/976/2844 2298/978/2844
f 2298/1925/2845 2299/1926/2845 2297/1923/2845
f 2297/1923/2846 2299/1926/2846 2300/1924/2846
f 2293/1921/2847 2300/1924/2847 2292/1920/2847
f 2300/1924/2848 2301/1927/2848 2302/1928/2848
f 745/786/2849 2301/1927/2849 2300/1924/2849
f 2300/1924/2850 743/784/2850 745/786/2850
f 2299/1926/2851 743/784/2851 2300/1924/2851
f 2300/1924/2852 2302/1928/2852 2292/1920/2852
f 2301/1927/2853 2287/1914/2853 2302/1928/2853
f 2302/1928/2853 2287/1914/2853 2288/1915/2853
f 2302/1928/2832 2288/1915/2832 2292/1920/2832
f 2303/1929/2854 2301/1927/2854 745/786/2854
f 2303/1929/2855 2304/1930/2855 2301/1927/2855
f 2301/1927/2855 2304/1930/2855 2287/1914/2855
f 2303/1929/2856 2305/1931/2856 2304/1930/2856
f 2284/1768/2857 2287/1914/2857 2304/1930/2857
f 2304/1930/2858 2305/1931/2858 2284/1768/2858
f 2284/1768/2859 2305/1931/2859 2306/1770/2859
f 2307/1932/2860 2306/1770/2860 2305/1931/2860
f 2307/1932/2856 2305/1931/2856 2303/1929/2856
f 2307/1932/2861 748/790/2861 2308/1933/2861
f 2308/1933/2860 2306/1770/2860 2307/1932/2860
f 2307/1932/2862 2303/1929/2862 746/787/2862
f 746/787/2863 748/790/2863 2307/1932/2863
f 2309/1934/2864 2308/1933/2864 748/790/2864
f 2309/1934/2865 2310/1935/2865 2308/1933/2865
f 2308/1933/2866 2310/1935/2866 2306/1770/2866
f 2310/1935/2867 2311/1774/2867 2313/1750/2867
f 2309/1934/2868 2311/1774/2868 2310/1935/2868
f 2312/1769/2869 2306/1770/2869 2310/1935/2869
f 2312/1769/2870 2310/1935/2870 2313/1750/2870
f 2313/1750/2871 2316/1767/2871 2312/1769/2871
f 2313/1750/2872 2311/1774/2872 2317/1936/2872
f 2314/1749/2873 2315/1751/2873 2313/1750/2873
f 2313/1750/2874 2317/1936/2874 2314/1749/2874
f 2313/1750/2875 2315/1751/2875 2316/1767/2875
f 2314/1749/2876 2317/1936/2876 2318/1776/2876
f 2319/1937/2877 2318/1776/2877 2317/1936/2877
f 2319/1937/2878 2317/1936/2878 2320/1773/2878
f 2320/1773/2878 2317/1936/2878 2311/1774/2878
f 2320/1773/2879 2311/1774/2879 2309/1934/2879
f 2320/1773/2880 2309/1934/2880 2321/1780/2880
f 2319/1937/2881 2320/1773/2881 2321/1780/2881
f 2321/1780/2882 765/795/2882 2319/1937/2882
f 2321/1780/2883 753/792/2883 765/795/2883
f 2321/1780/2884 748/790/2884 749/789/2884
f 2321/1780/2885 2309/1934/2885 748/790/2885
f 749/789/2886 753/792/2886 2321/1780/2886
f 2319/1937/2887 765/795/2887 2322/1775/2887
f 2322/1775/2877 2318/1776/2877 2319/1937/2877
f 768/796/2888 2322/1775/2888 765/795/2888
f 768/796/2889 2323/1938/2889 2322/1775/2889
f 2322/1775/2889 2323/1938/2889 2318/1776/2889
f 2323/1938/2890 2324/1779/2890 2325/1747/2890
f 768/796/2891 2324/1779/2891 2323/1938/2891
f 2325/1747/2892 2318/1776/2892 2323/1938/2892
f 2325/1747/2893 2324/1779/2893 2327/555/2893
f 2325/1747/2894 2326/1748/2894 2314/1749/2894
f 2314/1749/2895 2318/1776/2895 2325/1747/2895
f 794/809/2896 795/810/2896 2325/1747/2896
f 2325/1747/2897 2327/555/2897 794/809/2897
f 2325/1747/2898 795/810/2898 2326/1748/2898
f 794/809/2899 2327/555/2899 2328/1939/2899
f 772/554/2900 2328/1939/2900 2327/555/2900
f 772/554/2901 2327/555/2901 767/559/2901
f 767/559/2901 2327/555/2901 2324/1779/2901
f 788/802/2902 2328/1939/2902 786/566/2902
f 771/797/2903 786/566/2903 2328/1939/2903
f 771/797/2900 2328/1939/2900 772/554/2900
f 794/809/2904 2328/1939/2904 788/802/2904
f 795/810/2905 797/812/2905 2326/1748/2905
f 2326/1748/2906 2329/1752/2906 2315/1751/2906
f 2314/1749/2907 2326/1748/2907 2315/1751/2907
f 2326/1748/2906 797/812/2906 2329/1752/2906
f 797/812/2908 800/816/2908 2329/1752/2908
f 2315/1751/2909 2329/1752/2909 2330/1765/2909
f 2329/1752/2910 2331/1762/2910 2330/1765/2910
f 2329/1752/2911 800/816/2911 2331/1762/2911
f 800/816/2912 803/819/2912 2331/1762/2912
f 2330/1765/2913 2331/1762/2913 2278/1761/2913
f 2331/1762/2914 2276/1763/2914 2278/1761/2914
f 2331/1762/2915 803/819/2915 2276/1763/2915
f 2315/1751/2909 2330/1765/2909 2316/1767/2909
f 2316/1767/2916 2330/1765/2916 2280/1764/2916
f 2330/1765/2917 2278/1761/2917 2280/1764/2917
f 767/559/2891 2324/1779/2891 768/796/2891
f 2312/1769/2918 2316/1767/2918 2282/1766/2918
f 2316/1767/2919 2280/1764/2919 2282/1766/2919
f 2312/1769/2920 2282/1766/2920 2284/1768/2920
f 2284/1768/2921 2306/1770/2921 2312/1769/2921
f 746/787/2922 2303/1929/2922 745/786/2922
f 2298/1925/2923 2332/1783/2923 2299/1926/2923
f 2332/1783/2924 742/783/2924 2299/1926/2924
f 2299/1926/2925 742/783/2925 743/784/2925
f 2335/1791/2926 2333/1782/2926 2332/1783/2926
f 2333/1782/2927 2334/1781/2927 2332/1783/2927
f 2332/1783/2928 2334/1781/2928 742/783/2928
f 2335/1791/2929 2332/1783/2929 2298/1925/2929
f 2337/1789/2930 2333/1782/2930 2335/1791/2930
f 2335/1001/2931 2336/975/2931 2337/999/2931
f 2335/1001/2932 2210/974/2932 2336/975/2932
f 2298/978/2933 2210/974/2933 2335/1001/2933
f 2337/1886/2934 2338/1884/2934 2340/1892/2934
f 2337/999/2935 2336/975/2935 2338/1000/2935
f 2337/1886/2936 2339/1893/2936 2333/1891/2936
f 2340/1892/2937 2339/1893/2937 2337/1886/2937
f 2340/1892/2938 2338/1884/2938 2343/1885/2938
f 2341/1894/2939 2342/1899/2939 2340/1892/2939
f 2340/1892/2940 2343/1885/2940 2341/1894/2940
f 2340/1892/2939 2342/1899/2939 2339/1893/2939
f 2341/1894/2941 2343/1885/2941 2344/1895/2941
f 2345/1880/2942 2344/1895/2942 2343/1885/2942
f 2345/1880/2943 2343/1885/2943 2346/1882/2943
f 2346/1882/2944 2343/1885/2944 2338/1884/2944
f 2348/1883/2945 2345/1880/2945 2346/1882/2945
f 2346/972/2946 2338/1000/2946 2347/971/2946
f 2349/970/2947 2346/972/2947 2347/971/2947
f 2348/965/2948 2346/972/2948 2349/970/2948
f 2351/1055/2949 2348/965/2949 2349/970/2949
f 2349/970/2950 2347/971/2950 2350/1050/2950
f 2192/1054/2951 2349/970/2951 2350/1050/2951
f 2351/1055/2952 2349/970/2952 2192/1054/2952
f 2351/1055/2953 2161/1056/2953 2352/969/2953
f 2351/1055/2954 2189/1057/2954 2161/1056/2954
f 2192/1054/2955 2189/1057/2955 2351/1055/2955
f 2352/969/2956 2348/965/2956 2351/1055/2956
f 2352/969/2957 2161/1056/2957 2159/1425/2957
f 2353/964/2958 2354/963/2958 2352/969/2958
f 2352/969/2959 2159/1425/2959 2353/964/2959
f 2352/969/2960 2354/963/2960 2348/965/2960
f 2354/1881/2961 2355/1878/2961 2345/1880/2961
f 2356/1879/2962 2355/1878/2962 2354/1881/2962
f 2354/1881/2963 2345/1880/2963 2348/1883/2963
f 2353/1856/2964 2356/1879/2964 2354/1881/2964
f 2356/1879/2965 2357/1876/2965 2355/1878/2965
f 2358/1877/2965 2357/1876/2965 2356/1879/2965
f 2359/1861/2966 2358/1877/2966 2356/1879/2966
f 2359/1861/2967 2356/1879/2967 2353/1856/2967
f 2359/1861/2968 2360/1857/2968 2361/1863/2968
f 2359/1861/2969 2158/1858/2969 2360/1857/2969
f 2353/1856/2970 2158/1858/2970 2359/1861/2970
f 2361/1863/2971 2358/1877/2971 2359/1861/2971
f 2362/1865/2972 2363/1874/2972 2361/1863/2972
f 2361/1863/2973 2364/1862/2973 2362/1865/2973
f 2361/1863/2974 2363/1874/2974 2358/1877/2974
f 2361/1863/2975 2360/1857/2975 2364/1862/2975
f 2365/1848/2976 2364/1862/2976 2366/1859/2976
f 2365/1848/2977 2367/1864/2977 2364/1862/2977
f 2366/1859/2978 2364/1862/2978 2360/1857/2978
f 2362/1865/2979 2364/1862/2979 2367/1864/2979
f 2370/1869/2980 2367/1864/2980 2368/1866/2980
f 2369/1846/2981 2368/1866/2981 2367/1864/2981
f 2369/1846/2977 2367/1864/2977 2365/1848/2977
f 2362/1865/2982 2367/1864/2982 2370/1869/2982
f 2370/1869/2983 2371/1872/2983 2362/1865/2983
f 2370/1869/2984 2372/1871/2984 2371/1872/2984
f 2373/1870/2984 2372/1871/2984 2370/1869/2984
f 2370/1869/2985 2368/1866/2985 2373/1870/2985
f 2373/1870/2986 2368/1866/2986 2374/1868/2986
f 2375/1940/14 2373/1870/14 2374/1868/14
f 2375/1940/14 2372/1871/14 2373/1870/14
f 2374/1868/14 2376/1941/14 2375/1940/14
f 2376/1401/2987 2378/1429/2987 2375/1430/2987
f 2375/1430/605 2379/1942/605 2377/1428/605
f 2377/1943/14 2372/1871/14 2375/1940/14
f 2375/1430/605 2378/1429/605 2379/1942/605
f 2377/1428/2988 2379/1942/2988 678/1944/2988
f 671/695/14 678/700/14 2379/1943/14
f 671/695/604 2379/1943/604 672/687/604
f 672/687/14 2379/1943/14 2378/1940/14
f 2376/1401/2987 2381/1432/2987 2378/1429/2987
f 672/687/14 2378/1940/14 2380/689/14
f 2380/689/14 2378/1940/14 2381/1941/14
f 2382/1945/14 2381/1941/14 2383/1946/14
f 2380/689/14 2381/1941/14 2382/1945/14
f 2384/1397/2989 2383/1398/2989 2381/1432/2989
f 2384/1397/2989 2381/1432/2989 2376/1401/2989
f 2384/1946/14 2385/1843/14 2386/1841/14
f 2376/1941/14 2385/1843/14 2384/1946/14
f 2384/1946/14 2386/1841/14 2387/1947/14
f 2387/1400/2990 2383/1398/2990 2384/1397/2990
f 2386/1841/14 2388/1840/14 2387/1947/14
f 2387/1947/14 2388/1840/14 2389/1838/14
f 2387/1947/14 2389/1838/14 2391/629/14
f 2387/1400/2990 2390/1399/2990 2383/1398/2990
f 2391/1948/2991 2390/1399/2991 2387/1400/2991
f 613/621/596 618/628/596 2391/1948/596
f 613/622/14 2391/629/14 2392/1819/14
f 2391/629/14 2393/1839/14 2392/1819/14
f 2391/629/14 2389/1838/14 2393/1839/14
f 2391/1948/2991 618/628/2991 2390/1399/2991
f 2389/1838/2992 2394/1822/2992 2393/1839/2992
f 2394/1822/2993 2395/1820/2993 2393/1839/2993
f 2393/1839/2993 2395/1820/2993 2392/1819/2993
f 2396/1817/2994 2395/1820/2994 1978/1803/2994
f 2396/1817/2995 2392/1819/2995 2395/1820/2995
f 1978/1803/2996 2395/1820/2996 1981/1805/2996
f 2394/1822/2997 1981/1805/2997 2395/1820/2997
f 2398/1816/2998 2397/1818/2998 2396/1817/2998
f 2397/1818/2995 2392/1819/2995 2396/1817/2995
f 1979/1804/2999 2396/1817/2999 1978/1803/2999
f 2398/1816/3000 2396/1817/3000 1979/1804/3000
f 2398/1816/593 608/615/593 611/618/593
f 2398/1816/3001 2399/1815/3001 608/615/3001
f 611/618/2998 2397/1818/2998 2398/1816/2998
f 1979/1804/3002 2399/1815/3002 2398/1816/3002
f 609/616/3003 608/615/3003 2399/1815/3003
f 609/616/3004 2399/1815/3004 1972/1796/3004
f 1972/1796/3005 2399/1815/3005 1973/1797/3005
f 1979/1804/3006 1973/1797/3006 2399/1815/3006
f 613/622/14 2397/1818/14 611/618/14
f 2392/1819/14 2397/1818/14 613/622/14
f 2401/1836/3007 2394/1822/3007 2389/1838/3007
f 2400/1821/3008 1981/1805/3008 2394/1822/3008
f 2401/1836/3009 2400/1821/3009 2394/1822/3009
f 2401/1836/3010 2388/1840/3010 2402/1837/3010
f 2389/1838/3010 2388/1840/3010 2401/1836/3010
f 2401/1836/3011 2402/1837/3011 2403/1834/3011
f 2403/1834/3009 2400/1821/3009 2401/1836/3009
f 2403/1834/3012 2402/1837/3012 2405/1835/3012
f 2403/1834/3013 2404/1823/3013 2400/1821/3013
f 2406/1832/3014 2404/1823/3014 2403/1834/3014
f 2403/1834/3015 2405/1835/3015 2406/1832/3015
f 2406/1832/3016 2407/1824/3016 2404/1823/3016
f 2408/1830/3016 2407/1824/3016 2406/1832/3016
f 2406/1832/3017 2409/1833/3017 2408/1830/3017
f 2406/1832/3018 2405/1835/3018 2409/1833/3018
f 2405/1835/3019 2410/1850/3019 2409/1833/3019
f 2409/1833/3020 2410/1850/3020 2411/1851/3020
f 2409/1833/3021 2411/1851/3021 2412/1831/3021
f 2408/1830/3022 2409/1833/3022 2412/1831/3022
f 2412/1831/3023 2411/1851/3023 2413/1853/3023
f 2412/1831/3024 2413/1853/3024 2414/1829/3024
f 2415/1828/3025 2412/1831/3025 2414/1829/3025
f 2408/1830/3026 2412/1831/3026 2415/1828/3026
f 2415/1405/3027 2416/1409/3027 2418/1408/3027
f 2417/1406/3028 2416/1409/3028 2415/1405/3028
f 2415/1405/3029 2414/1407/3029 2417/1406/3029
f 2415/1828/3030 2418/1827/3030 2408/1830/3030
f 2416/1409/3031 1998/1411/3031 2418/1408/3031
f 2418/1827/3032 2419/1826/3032 2407/1824/3032
f 2418/1408/3033 1998/1411/3033 2419/1410/3033
f 2408/1830/3034 2418/1827/3034 2407/1824/3034
f 2407/1824/3035 2419/1826/3035 1984/1808/3035
f 1985/1809/3036 1984/1808/3036 2419/1826/3036
f 1985/1412/3037 2419/1410/3037 1996/1413/3037
f 1996/1413/3038 2419/1410/3038 1998/1411/3038
f 2417/1406/3039 2420/1171/3039 2416/1409/3039
f 2146/1170/3040 2420/1171/3040 2417/1406/3040
f 2417/1406/2615 2149/1404/2615 2146/1170/2615
f 2417/1406/3041 2414/1407/3041 2149/1404/3041
f 2146/1170/3042 2140/1173/3042 2420/1171/3042
f 2140/1173/3043 2001/1308/3043 2420/1171/3043
f 2420/1171/3044 2001/1308/3044 1999/1414/3044
f 2420/1171/3045 1999/1414/3045 2416/1409/3045
f 2416/1409/3046 1999/1414/3046 1998/1411/3046
f 2414/1829/3047 2413/1853/3047 2421/1855/3047
f 2414/1407/3048 2421/1422/3048 2149/1404/3048
f 2422/1852/3049 2421/1855/3049 2413/1853/3049
f 2149/1404/3050 2421/1422/3050 2150/1064/3050
f 2155/1423/2624 2150/1064/2624 2421/1422/2624
f 2155/1854/3051 2421/1855/3051 2422/1852/3051
f 2422/1852/3052 2365/1848/3052 2366/1859/3052
f 2423/1849/3053 2365/1848/3053 2422/1852/3053
f 2422/1852/3054 2413/1853/3054 2423/1849/3054
f 2422/1852/3055 2366/1859/3055 2155/1854/3055
f 2423/1849/3056 2411/1851/3056 2424/1847/3056
f 2423/1849/3057 2413/1853/3057 2411/1851/3057
f 2423/1849/3058 2369/1846/3058 2365/1848/3058
f 2424/1847/3059 2369/1846/3059 2423/1849/3059
f 2424/1847/3060 2411/1851/3060 2410/1850/3060
f 2425/1844/3061 2426/1845/3061 2424/1847/3061
f 2424/1847/3062 2410/1850/3062 2425/1844/3062
f 2424/1847/3061 2426/1845/3061 2369/1846/3061
f 2426/1845/3063 2374/1868/3063 2368/1866/3063
f 2427/1867/3063 2374/1868/3063 2426/1845/3063
f 2426/1845/2981 2368/1866/2981 2369/1846/2981
f 2425/1844/3064 2427/1867/3064 2426/1845/3064
f 2374/1868/14 2427/1867/14 2376/1941/14
f 2376/1941/14 2427/1867/14 2385/1843/14
f 2385/1843/3065 2427/1867/3065 2425/1844/3065
f 2425/1844/3066 2428/1842/3066 2385/1843/3066
f 2425/1844/3067 2410/1850/3067 2428/1842/3067
f 2385/1843/3066 2428/1842/3066 2386/1841/3066
f 2402/1837/3068 2386/1841/3068 2428/1842/3068
f 2402/1837/3069 2428/1842/3069 2405/1835/3069
f 2405/1835/3070 2428/1842/3070 2410/1850/3070
f 2407/1824/3071 1984/1808/3071 2404/1823/3071
f 2404/1823/3072 1984/1808/3072 1982/1806/3072
f 2404/1823/3073 1982/1806/3073 2400/1821/3073
f 2388/1840/3068 2386/1841/3068 2402/1837/3068
f 2400/1821/3073 1982/1806/3073 1981/1805/3073
f 2429/1949/14 2383/1946/14 2390/1947/14
f 2429/1949/14 2390/1947/14 620/633/14
f 620/633/14 2390/1947/14 618/629/14
f 2429/1391/3074 2430/1393/3074 2382/1389/3074
f 2382/1945/14 2383/1946/14 2429/1949/14
f 620/632/3075 623/638/3075 2429/1391/3075
f 2429/1391/3076 623/638/3076 2430/1393/3076
f 2382/1389/3077 2430/1393/3077 2431/1390/3077
f 2433/646/14 2430/1949/14 623/633/14
f 2432/672/14 2431/1945/14 2430/1949/14
f 2432/672/14 2430/1949/14 2433/646/14
f 2433/1383/3078 651/1386/3078 2432/1384/3078
f 2433/646/14 623/633/14 624/637/14
f 624/642/602 629/647/602 2433/1383/602
f 2433/1383/3078 629/647/3078 651/1386/3078
f 2432/1384/3079 656/1388/3079 668/688/3079
f 668/677/14 2431/1945/14 2432/672/14
f 2432/1384/3079 651/1386/3079 656/1388/3079
f 2382/1389/3080 2431/1390/3080 2380/1434/3080
f 668/677/14 669/689/14 2431/1945/14
f 2380/1434/3081 2431/1390/3081 669/694/3081
f 2380/1434/610 669/694/610 672/693/610
f 2377/1943/14 2436/1903/14 2372/1871/14
f 2377/1428/2988 678/1944/2988 2434/1950/2988
f 2434/700/14 2435/1904/14 2377/1943/14
f 2377/1943/14 2435/1904/14 2436/1903/14
f 2371/1872/3082 2436/1903/3082 2437/1875/3082
f 2436/1903/3083 2435/1904/3083 2437/1875/3083
f 2372/1871/3084 2436/1903/3084 2371/1872/3084
f 2437/1875/3085 2438/1902/3085 2439/1873/3085
f 2437/1875/3086 2435/1904/3086 2438/1902/3086
f 2363/1874/3087 2437/1875/3087 2439/1873/3087
f 2371/1872/3088 2437/1875/3088 2363/1874/3088
f 2439/1873/3089 2438/1902/3089 2440/1897/3089
f 2439/1873/3090 2440/1897/3090 2357/1876/3090
f 2358/1877/3091 2439/1873/3091 2357/1876/3091
f 2363/1874/3091 2439/1873/3091 2358/1877/3091
f 2357/1876/3092 2440/1897/3092 2441/1896/3092
f 2442/1901/3093 2441/1896/3093 2440/1897/3093
f 2442/1901/3094 2440/1897/3094 2443/829/3094
f 2443/829/3094 2440/1897/3094 2438/1902/3094
f 2443/829/3095 2444/830/3095 2446/827/3095
f 2445/828/3096 2444/830/3096 2443/829/3096
f 2443/829/3097 2446/827/3097 2442/1901/3097
f 2443/829/3098 2438/1902/3098 2445/828/3098
f 2446/827/3099 2447/831/3099 2448/825/3099
f 2444/830/3099 2447/831/3099 2446/827/3099
f 2446/827/3100 2448/825/3100 2449/826/3100
f 2442/1901/3101 2446/827/3101 2449/826/3101
f 2449/826/3102 2450/824/3102 2451/1900/3102
f 2449/826/3100 2448/825/3100 2450/824/3100
f 2452/1898/3103 2449/826/3103 2451/1900/3103
f 2442/1901/3104 2449/826/3104 2452/1898/3104
f 2452/1898/3105 2451/1900/3105 2341/1894/3105
f 2341/1894/3106 2344/1895/3106 2452/1898/3106
f 2452/1898/3107 2441/1896/3107 2442/1901/3107
f 2452/1898/3108 2344/1895/3108 2441/1896/3108
f 2451/1900/3109 2450/824/3109 2453/823/3109
f 2451/1900/3110 2453/823/3110 2342/1899/3110
f 2341/1894/3111 2451/1900/3111 2342/1899/3111
f 716/756/3112 2453/823/3112 2450/824/3112
f 2342/1899/3113 2453/823/3113 2454/1905/3113
f 2455/822/3114 2454/1905/3114 2453/823/3114
f 2455/822/3115 2453/823/3115 716/756/3115
f 2455/822/3116 2457/820/3116 2456/821/3116
f 2456/821/3117 2454/1905/3117 2455/822/3117
f 716/756/3118 717/757/3118 2455/822/3118
f 2455/822/3118 717/757/3118 2457/820/3118
f 728/768/3119 734/775/3119 2457/820/3119
f 2456/821/3120 2457/820/3120 734/775/3120
f 728/768/3121 2457/820/3121 719/760/3121
f 719/760/3121 2457/820/3121 717/757/3121
f 2456/821/3122 734/775/3122 737/780/3122
f 737/780/3123 2458/1906/3123 2456/821/3123
f 2456/821/3124 2458/1906/3124 2454/1905/3124
f 2339/1893/3125 2454/1905/3125 2458/1906/3125
f 2339/1893/3126 2458/1906/3126 2333/1891/3126
f 2333/1891/3127 2458/1906/3127 2334/1908/3127
f 737/780/3128 2334/1908/3128 2458/1906/3128
f 2342/1899/3129 2454/1905/3129 2339/1893/3129
f 716/756/3130 2450/824/3130 714/754/3130
f 714/754/3131 2450/824/3131 2448/825/3131
f 710/752/3132 2448/825/3132 2447/831/3132
f 714/754/3133 2448/825/3133 710/752/3133
f 711/699/14 2447/831/14 2444/830/14
f 710/752/14 2447/831/14 711/699/14
f 2434/700/14 2444/830/14 2445/828/14
f 2445/828/3098 2438/1902/3098 2435/1904/3098
f 2434/700/14 2445/828/14 2435/1904/14
f 711/699/14 2444/830/14 2434/700/14
f 2357/1876/3134 2441/1896/3134 2355/1878/3134
f 2355/1878/3135 2441/1896/3135 2344/1895/3135
f 2434/1951/3136 677/1952/3136 711/753/3136
f 2434/1951/3136 678/1953/3136 677/1952/3136
f 2362/1865/3137 2371/1872/3137 2363/1874/3137
f 2366/1859/3138 2360/1857/3138 2156/1860/3138
f 2155/1854/3139 2366/1859/3139 2156/1860/3139
f 2156/1860/3140 2360/1857/3140 2158/1858/3140
f 2355/1878/3141 2344/1895/3141 2345/1880/3141
f 2353/964/3142 2159/1425/3142 2158/1426/3142
f 2350/1050/3143 2347/971/3143 2209/973/3143
f 2191/1052/3144 2350/1050/3144 2207/1051/3144
f 2192/1054/3145 2350/1050/3145 2191/1052/3145
f 2350/1050/3146 2209/973/3146 2207/1051/3146
f 2347/971/3147 2338/1000/3147 2336/975/3147
f 2347/971/3148 2336/975/3148 2209/973/3148
f 2209/973/3149 2336/975/3149 2210/974/3149
f 736/776/3150 742/783/3150 2334/1781/3150
f 736/1907/3151 2334/1908/3151 737/780/3151
f 2298/978/3152 2211/976/3152 2210/974/3152
f 2218/1040/3153 2290/1037/3153 2219/1036/3153
f 2285/1913/3154 2258/1889/3154 2290/1917/3154
f 2290/1037/3155 2255/1030/3155 2219/1036/3155
f 2290/1037/3156 2258/1032/3156 2255/1030/3156
f 2285/1913/3157 2260/1887/3157 2258/1889/3157
f 803/774/3158 806/821/3158 2276/780/3158
f 2263/1893/3159 2269/1899/3159 2264/1894/3159
f 2267/1897/3160 2246/1875/3160 2245/1873/3160
f 2257/1885/3161 2250/1878/3161 2252/1880/3161
f 2219/1036/3162 2255/1030/3162 2222/1088/3162
f 818/645/765 2100/1843/765 2239/1867/765
f 2103/1845/2537 2239/1867/2537 2100/1843/2537
f 2227/1100/3163 2230/1116/3163 2459/1114/3163
f 2459/1114/3164 2230/1116/3164 2111/1117/3164
f 2230/1860/3165 2109/1852/3165 2111/1854/3165
f 2460/1105/3166 2459/1114/3166 2461/1112/3166
f 2460/1105/3167 2227/1100/3167 2459/1114/3167
f 2461/1112/3168 2459/1114/3168 2113/1115/3168
f 2459/1114/3169 2111/1117/3169 2113/1115/3169
f 2202/1107/3170 2461/1112/3170 2462/1108/3170
f 2202/1107/3170 2460/1105/3170 2461/1112/3170
f 2462/1108/3171 2461/1112/3171 2115/1113/3171
f 2461/1112/3172 2113/1115/3172 2115/1113/3172
f 2199/1084/3173 2462/1108/3173 2182/1109/3173
f 2199/1084/3174 2202/1107/3174 2462/1108/3174
f 2462/1108/3175 2115/1113/3175 2117/1111/3175
f 2182/1109/3176 2462/1108/3176 2117/1111/3176
f 2201/1085/3177 2460/1105/3177 2202/1107/3177
f 2201/1085/3178 2224/1106/3178 2460/1105/3178
f 2224/1106/3179 2227/1100/3179 2460/1105/3179
f 2221/1083/3180 2224/1106/3180 2201/1085/3180
f 2200/1081/3181 2221/1083/3181 2201/1085/3181
f 2216/1041/3182 2221/1083/3182 2200/1081/3182
f 2200/1081/3183 2204/1046/3183 2216/1041/3183
f 2191/1052/3184 2207/1051/3184 2194/1078/3184
f 2199/1084/3185 2463/1073/3185 2197/1075/3185
f 2182/1109/3186 2463/1073/3186 2199/1084/3186
f 2188/1071/3187 2197/1075/3187 2463/1073/3187
f 2188/1071/3188 2463/1073/3188 2185/1070/3188
f 2185/1070/3189 2463/1073/3189 2181/1072/3189
f 2182/1109/3190 2181/1072/3190 2463/1073/3190
f 2187/1074/3187 2197/1075/3187 2188/1071/3187
f 2162/1059/3191 2161/1056/3191 2189/1057/3191
f 2166/1159/3192 2180/1158/3192 2167/1162/3192
f 2167/1162/3192 2180/1158/3192 2178/1157/3192
f 2167/1162/3193 2178/1157/3193 2170/1163/3193
f 2170/1163/3193 2178/1157/3193 2172/1165/3193
f 2175/1180/3194 2124/1184/3194 2131/1182/3194
f 2131/1182/3195 2464/1181/3195 2175/1180/3195
f 2464/1181/3196 2174/1178/3196 2175/1180/3196
f 2175/1180/3197 2122/1183/3197 2124/1184/3197
f 2142/1175/3198 2174/1178/3198 2464/1181/3198
f 2142/1175/3199 2464/1181/3199 2143/1304/3199
f 2143/1304/3199 2464/1181/3199 2135/1305/3199
f 2131/1182/3200 2135/1305/3200 2464/1181/3200
f 2169/1176/3198 2174/1178/3198 2142/1175/3198
f 2169/1176/3201 2142/1175/3201 2144/1172/3201
f 2143/1304/2595 2135/1305/2595 2136/1302/2595
f 2138/1307/2598 2132/1300/2598 2133/1297/2598
f 2138/1307/3202 2133/1297/3202 2007/1288/3202
f 2002/1290/3203 2138/1307/3203 2007/1288/3203
f 2007/1288/3202 2133/1297/3202 2008/1295/3202
f 2014/1296/3204 2008/1295/3204 2133/1297/3204
f 2131/1182/3205 2124/1184/3205 2126/1298/3205
f 818/645/765 2053/1819/765 2095/1839/765
f 2056/1822/2461 2095/1839/2461 2053/1819/2461
f 2018/1249/3206 2073/1243/3206 2021/1721/3206
f 818/645/765 2043/611/765 2046/614/765
f 2038/613/765 2043/611/765 818/645/765
f 2040/610/3207 2034/607/3207 2032/605/3207
f 818/645/765 1916/1673/765 2035/1668/765
f 1919/1759/3208 2035/1668/3208 1916/1673/3208
f 2023/1788/3209 2026/1784/3209 2465/1786/3209
f 2465/1786/3210 2026/1784/3210 2466/1954/3210
f 2026/1784/2430 1923/603/2430 2466/1954/2430
f 2465/1786/3211 2466/1954/3211 2467/1787/3211
f 2467/1787/3212 2466/1954/3212 1927/1760/3212
f 2466/1954/3213 1924/598/3213 1927/1760/3213
f 2466/1954/3214 1923/603/3214 1924/598/3214
f 2468/1887/3215 2467/1909/3215 2469/1910/3215
f 2468/1887/3216 2465/1890/3216 2467/1909/3216
f 2469/1910/3217 2467/1909/3217 1929/1761/3217
f 2467/1787/3218 1927/1760/3218 1929/1955/3218
f 2470/1913/3219 2469/1910/3219 2471/1911/3219
f 2470/1913/3220 2468/1887/3220 2469/1910/3220
f 2471/1911/3221 2469/1910/3221 1931/1764/3221
f 2469/1910/3222 1929/1761/3222 1931/1764/3222
f 2472/1912/3223 2471/1911/3223 1933/1766/3223
f 2473/1916/3224 2471/1911/3224 2472/1912/3224
f 2473/1916/3224 2470/1913/3224 2471/1911/3224
f 2471/1911/3225 1931/1764/3225 1933/1766/3225
f 2472/1912/3226 2476/1956/3226 2473/1916/3226
f 2473/1916/3227 2474/1919/3227 2477/1957/3227
f 2476/1956/3228 2474/1919/3228 2473/1916/3228
f 2475/1918/3229 2470/1913/3229 2473/1916/3229
f 2473/1916/3230 2477/1957/3230 2475/1918/3230
f 2475/1918/3231 2477/1957/3231 2478/1922/3231
f 2479/1958/3232 2478/1922/3232 2477/1957/3232
f 2479/1958/3233 2477/1957/3233 2480/1920/3233
f 2480/1920/3233 2477/1957/3233 2474/1919/3233
f 2480/1920/3234 2474/1919/3234 2481/1959/3234
f 2480/1920/3235 2481/1959/3235 2482/1924/3235
f 2479/1958/3236 2480/1920/3236 2482/1924/3236
f 2482/1924/3237 2481/1959/3237 2484/786/3237
f 2482/1924/3238 2483/1923/3238 2479/1958/3238
f 2482/1924/3239 2486/1925/3239 2483/1923/3239
f 2482/1924/3240 2484/786/3240 2485/1926/3240
f 2485/1926/3241 2486/1925/3241 2482/1924/3241
f 2487/1277/3242 2483/1275/3242 2486/1278/3242
f 2488/1283/3243 2486/1278/3243 1966/1326/3243
f 2485/1926/3244 1966/1791/3244 2486/1925/3244
f 2487/1277/3245 2486/1278/3245 2488/1283/3245
f 1967/1323/3246 1989/1317/3246 2488/1283/3246
f 2488/1283/3247 1966/1326/3247 1967/1323/3247
f 2488/1283/3248 1989/1317/3248 1990/1282/3248
f 2488/1283/3249 1990/1282/3249 2487/1277/3249
f 2489/1272/3250 2483/1275/3250 2487/1277/3250
f 2487/1277/3251 1990/1282/3251 1992/1281/3251
f 2487/1277/3252 1992/1281/3252 2489/1272/3252
f 2489/1272/3253 2491/1276/3253 2490/1271/3253
f 2490/1271/3254 2492/1270/3254 2489/1272/3254
f 2489/1272/3255 1992/1281/3255 2491/1276/3255
f 2489/1272/3256 2492/1270/3256 2483/1275/3256
f 2490/1271/3257 2493/1264/3257 2492/1270/3257
f 2492/1270/3258 2493/1264/3258 2494/1268/3258
f 2492/1270/3259 2494/1268/3259 2495/1274/3259
f 2492/1270/3260 2495/1274/3260 2483/1275/3260
f 2495/1274/3259 2494/1268/3259 2478/1269/3259
f 2495/1921/3261 2478/1922/3261 2479/1958/3261
f 2479/1958/3262 2483/1923/3262 2495/1921/3262
f 2494/1268/3263 2493/1264/3263 2496/1265/3263
f 2496/1265/3264 2478/1269/3264 2494/1268/3264
f 2496/1265/3265 2493/1264/3265 2500/1262/3265
f 2496/1265/3266 2499/1723/3266 2475/1266/3266
f 2475/1266/3267 2478/1269/3267 2496/1265/3267
f 2497/1260/3268 2498/1267/3268 2496/1265/3268
f 2496/1265/3269 2500/1262/3269 2497/1260/3269
f 2496/1265/3270 2498/1267/3270 2499/1723/3270
f 2497/1260/3271 2500/1262/3271 2501/1261/3271
f 2502/1273/3272 2501/1261/3272 2500/1262/3272
f 2502/1273/3273 2500/1262/3273 2490/1271/3273
f 2490/1271/3273 2500/1262/3273 2493/1264/3273
f 2491/1276/3274 2503/1279/3274 2502/1273/3274
f 2503/1279/3272 2501/1261/3272 2502/1273/3272
f 2490/1271/3275 2491/1276/3275 2502/1273/3275
f 2491/1276/3276 2504/1291/3276 2503/1279/3276
f 2504/1291/3277 2012/1263/3277 2503/1279/3277
f 2503/1279/3277 2012/1263/3277 2501/1261/3277
f 2004/1292/3278 2504/1291/3278 2005/1280/3278
f 2004/1292/3279 2010/1293/3279 2504/1291/3279
f 2504/1291/3279 2010/1293/3279 2012/1263/3279
f 2005/1280/3280 2504/1291/3280 2491/1276/3280
f 2013/1257/3281 2501/1261/3281 2012/1263/3281
f 2497/1260/3282 2501/1261/3282 2013/1257/3282
f 2498/1267/3283 2505/1717/3283 2499/1723/3283
f 2499/1917/3284 2468/1887/3284 2470/1913/3284
f 2475/1918/3285 2499/1917/3285 2470/1913/3285
f 2499/1917/3286 2505/1889/3286 2468/1887/3286
f 2498/1267/3287 2020/1720/3287 2505/1717/3287
f 2020/1720/3288 2023/1718/3288 2505/1717/3288
f 2505/1889/3289 2465/1890/3289 2468/1887/3289
f 2505/1889/3290 2023/1888/3290 2465/1890/3290
f 2017/1259/3291 2020/1720/3291 2498/1267/3291
f 2497/1260/3292 2017/1259/3292 2498/1267/3292
f 2013/1257/3293 2017/1259/3293 2497/1260/3293
f 2491/1276/3294 1993/1284/3294 2005/1280/3294
f 1992/1281/3295 1993/1284/3295 2491/1276/3295
f 2485/1926/3296 2484/786/3296 1960/784/3296
f 2485/1926/3297 1960/784/3297 1961/1783/3297
f 1961/1783/3298 1966/1791/3298 2485/1926/3298
f 2481/1959/3299 2506/1927/3299 2484/786/3299
f 2508/1932/3300 2484/786/3300 2506/1927/3300
f 2507/787/3301 2484/786/3301 2508/1932/3301
f 2507/787/3302 1960/784/3302 2484/786/3302
f 2506/1927/3303 2509/1914/3303 2508/1932/3303
f 2508/1932/3303 2509/1914/3303 2510/1931/3303
f 2508/1932/3304 2510/1931/3304 2511/1960/3304
f 2508/1932/3305 2511/1960/3305 2507/787/3305
f 2511/1960/3306 2512/1961/3306 2513/1933/3306
f 2511/1960/3304 2510/1931/3304 2512/1961/3304
f 2511/1960/3307 2513/1933/3307 1954/790/3307
f 2507/787/3308 2511/1960/3308 1954/790/3308
f 2513/1933/3306 2512/1961/3306 1937/1770/3306
f 2513/1933/2310 1937/1770/2310 1939/1772/2310
f 1948/1780/3309 2513/1933/3309 1939/1772/3309
f 1954/790/3310 2513/1933/3310 1948/1780/3310
f 1935/1768/3311 1937/1770/3311 2512/1961/3311
f 2512/1961/3312 2510/1931/3312 1935/1768/3312
f 1935/1768/3313 2510/1931/3313 2509/1914/3313
f 2472/1912/3314 2509/1914/3314 2476/1956/3314
f 2506/1927/3315 2476/1956/3315 2509/1914/3315
f 1935/1768/3316 2509/1914/3316 2472/1912/3316
f 2507/787/3317 1954/790/3317 1955/785/3317
f 1955/785/3318 1960/784/3318 2507/787/3318
f 2481/1959/3319 2476/1956/3319 2506/1927/3319
f 2481/1959/3234 2474/1919/3234 2476/1956/3234
f 2472/1912/3320 1933/1766/3320 1935/1768/3320
f 1995/1286/3321 2005/1280/3321 1993/1284/3321
f 1987/1312/3322 1985/1412/3322 1996/1413/3322
f 1967/1792/3323 1969/1793/3323 1989/1811/3323
f 1969/1793/3324 1975/1799/3324 1989/1811/3324
f 2514/1825/3325 609/616/3325 1972/1796/3325
f 2514/1825/3326 1972/1796/3326 1970/1795/3326
f 2514/1825/3327 602/608/3327 603/610/3327
f 2514/1825/3328 2515/1813/3328 602/608/3328
f 1970/1795/3329 2515/1813/3329 2514/1825/3329
f 603/610/3330 609/616/3330 2514/1825/3330
f 2516/1814/3331 602/608/3331 2515/1813/3331
f 1963/1784/3332 2515/1813/3332 1964/1785/3332
f 2516/1814/3333 2515/1813/3333 1963/1784/3333
f 1970/1795/3334 1964/1785/3334 2515/1813/3334
f 1963/1784/3335 2517/1954/3335 2516/1814/3335
f 2516/1814/3336 596/603/3336 597/602/3336
f 2516/1814/3337 2517/1954/3337 596/603/3337
f 597/602/3338 602/608/3338 2516/1814/3338
f 1957/1955/3339 2517/1954/3339 1958/1787/3339
f 2518/1760/3340 2517/1954/3340 1957/1955/3340
f 2518/1760/3341 596/603/3341 2517/1954/3341
f 1963/1784/3342 1958/1787/3342 2517/1954/3342
f 1957/776/3343 2519/778/3343 2518/779/3343
f 2518/1760/3344 590/597/3344 591/598/3344
f 2518/779/3345 2519/778/3345 590/777/3345
f 591/598/3346 596/603/3346 2518/1760/3346
f 582/585/3347 590/777/3347 2519/778/3347
f 582/585/3348 2519/778/3348 1951/791/3348
f 1951/791/3349 2519/778/3349 1952/782/3349
f 1957/776/3350 1952/782/3350 2519/778/3350
f 579/583/3351 582/585/3351 1951/791/3351
f 579/583/3352 1951/791/3352 1949/792/3352
f 1949/792/3353 557/562/3353 579/583/3353
f 1949/792/3354 558/560/3354 557/562/3354
f 1942/1775/3355 1948/1780/3355 1940/1773/3355
f 1948/1780/3356 1939/1772/3356 1940/1773/3356
f 818/645/765 1909/1756/765 1910/1757/765
f 2520/1962/765 1909/1756/765 818/645/765
f 1904/1754/3357 1909/1756/3357 2520/1962/3357
f 818/645/765 1861/1743/765 2520/1962/765
f 1864/1746/2183 2520/1962/2183 1861/1743/2183
f 1904/1754/3358 2520/1962/3358 1864/1746/3358
f 1900/591/3359 1906/593/3359 1901/1680/3359
f 1891/1752/3360 1897/816/3360 1892/813/3360
f 1895/1681/3361 1866/1690/3361 1868/1683/3361
f 1885/811/3362 1872/835/3362 1874/808/3362
f 818/645/765 1798/1342/765 1857/1343/765
f 1801/1341/2060 1857/1343/2060 1798/1342/2060
f 1839/800/3363 1837/799/3363 566/569/3363
f 1839/800/3364 564/567/3364 563/566/3364
f 566/569/3365 564/567/3365 1839/800/3365
f 567/570/2137 1837/799/2137 1835/1737/2137
f 567/570/532 566/569/532 1837/799/532
f 569/572/3366 567/570/3366 1835/1737/3366
f 1748/912/2104 1819/1730/2104 1820/913/2104
f 1748/912/3367 1820/913/3367 1749/1715/3367
f 1749/1715/3367 1820/913/3367 1751/1716/3367
f 1756/907/3368 1751/1716/3368 1820/913/3368
f 818/645/765 1220/1222/765 1793/1416/765
f 1223/1226/1395 1793/1416/1395 1220/1222/1395
f 1760/1011/3369 1781/1013/3369 1763/1014/3369
f 1729/1707/3370 1743/929/3370 1728/930/3370
f 1734/932/3371 1728/930/3371 1743/929/3371
f 1741/979/3372 1271/980/3372 1737/994/3372
f 1737/994/3373 1271/980/3373 1272/982/3373
f 1735/1713/3374 1320/1327/3374 1323/1328/3374
f 1323/1328/3375 1732/1711/3375 1735/1713/3375
f 1323/1328/3376 1326/1331/3376 1732/1711/3376
f 1326/1331/3377 1731/1710/3377 1732/1711/3377
f 2521/1729/3378 1731/1710/3378 1334/1338/3378
f 1326/1331/3379 1334/1338/3379 1731/1710/3379
f 1726/1702/3380 1731/1710/3380 2521/1729/3380
f 2521/1729/3381 2522/1728/3381 1723/1700/3381
f 1335/1339/3382 2522/1728/3382 2521/1729/3382
f 2521/1729/3383 1334/1338/3383 1335/1339/3383
f 2521/1729/3384 1723/1700/3384 1726/1702/3384
f 2522/1728/3385 1722/1699/3385 1723/1700/3385
f 2522/1728/3386 2523/1739/3386 1722/1699/3386
f 1335/1339/1561 1338/1341/1561 2522/1728/1561
f 1338/1341/3387 2523/1739/3387 2522/1728/3387
f 2524/1742/3388 2523/1739/3388 2525/1740/3388
f 2526/1741/3389 2523/1739/3389 2524/1742/3389
f 1338/1341/3390 2525/1740/3390 2523/1739/3390
f 2526/1741/3391 1722/1699/3391 2523/1739/3391
f 2526/1741/3392 2527/1744/3392 1719/1696/3392
f 1719/1696/3393 1722/1699/3393 2526/1741/3393
f 2524/1742/3394 2528/1743/3394 2526/1741/3394
f 2526/1741/3394 2528/1743/3394 2527/1744/3394
f 1671/1635/14 2528/1743/14 2524/1742/14
f 1671/1635/14 2529/1962/14 2528/1743/14
f 2528/1743/3395 2529/1962/3395 2527/1744/3395
f 1674/1638/14 2529/1962/14 1671/1635/14
f 1674/1638/14 2530/1756/14 2529/1962/14
f 2529/1962/3396 2530/1756/3396 2531/1746/3396
f 2527/1744/3395 2529/1962/3395 2531/1746/3395
f 2531/1746/3397 2530/1756/3397 2532/1754/3397
f 2531/1746/3398 2532/1754/3398 2533/1745/3398
f 1720/1697/3399 2531/1746/3399 2533/1745/3399
f 2527/1744/3400 2531/1746/3400 1720/1697/3400
f 2533/1745/3401 2532/1754/3401 2534/1753/3401
f 2533/1745/3402 2534/1753/3402 1713/1690/3402
f 1714/1691/3403 2533/1745/3403 1713/1690/3403
f 1720/1697/3404 2533/1745/3404 1714/1691/3404
f 2535/1755/3405 2534/1753/3405 2532/1754/3405
f 1713/1690/3406 2534/1753/3406 1705/1682/3406
f 1703/1679/3407 1705/1682/3407 2534/1753/3407
f 1703/1679/3408 2534/1753/3408 2535/1755/3408
f 2535/1755/3409 2532/1754/3409 2536/1757/3409
f 2535/1755/1900 1700/1676/1900 1703/1679/1900
f 2535/1755/3410 2537/1758/3410 1700/1676/3410
f 2536/1757/3410 2537/1758/3410 2535/1755/3410
f 1695/1641/14 2537/1758/14 2536/1757/14
f 1695/1641/14 1696/1672/14 2537/1758/14
f 2537/1758/3411 1696/1672/3411 1700/1676/3411
f 1674/1638/14 2536/1757/14 2530/1756/14
f 1695/1641/14 2536/1757/14 1674/1638/14
f 2536/1757/3409 2532/1754/3409 2530/1756/3409
f 1719/1696/3412 2527/1744/3412 1720/1697/3412
f 1670/1357/14 2525/1740/14 1337/1343/14
f 1670/1357/14 2524/1742/14 2525/1740/14
f 1337/1343/3390 2525/1740/3390 1338/1341/3390
f 1671/1635/14 2524/1742/14 1670/1357/14
f 1725/1703/1936 1716/1693/1936 1717/1695/1936
f 1713/1690/3413 1705/1682/3413 1707/1683/3413
f 1710/1686/3414 574/577/3414 572/575/3414
f 1698/1674/3415 1693/1668/3415 2538/1759/3415
f 1698/1674/3416 2538/1759/3416 593/600/3416
f 1692/1667/3417 2538/1759/3417 1693/1668/3417
f 599/606/3417 2538/1759/3417 1692/1667/3417
f 593/600/3416 2538/1759/3416 594/601/3416
f 599/606/3418 594/601/3418 2538/1759/3418
f 1674/1639/1876 1673/1640/1876 1695/1670/1876
f 1695/1670/1888 1673/1640/1888 1677/1671/1888
f 1692/1667/3419 1691/1666/3419 599/606/3419
f 614/625/14 606/613/14 1691/1666/14
f 606/613/3420 600/607/3420 1691/1666/3420
f 599/606/3419 1691/1666/3419 600/607/3419
f 1661/671/14 1678/1645/14 1663/1628/14
f 1340/1354/1569 1348/1355/1569 1670/1636/1569
f 1337/1343/14 1340/1344/14 1670/1357/14
f 1661/1460/1876 650/1627/1876 655/1656/1876
f 1575/1555/14 1582/1559/14 1576/1556/14
f 1575/1554/1812 1573/1552/1812 1579/1561/1812
f 1558/1550/3421 1564/1549/3421 1561/1593/3421
f 1555/1592/1491 1561/1593/1491 1562/1625/1491
f 1555/1592/1491 1562/1625/1491 1556/1626/1491
f 1556/1626/3422 1562/1625/3422 1549/1523/3422
f 1552/1529/765 1549/1521/765 1562/1531/765
f 1558/1550/3421 1561/1593/3421 1555/1592/3421
f 1556/1626/3422 1549/1523/3422 1550/1522/3422
f 1553/1520/14 1556/1531/14 1550/1521/14
f 1543/1512/3423 1547/1525/3423 1553/1524/3423
f 1553/1520/14 1550/1521/14 1543/1513/14
f 1543/1513/14 1550/1521/14 1544/1514/14
f 1543/1512/1794 1541/1510/1794 1547/1525/1794
f 1513/1480/1783 1522/1481/1783 1514/1560/1783
f 1514/1560/1861 1522/1481/1861 1509/729/1861
f 1510/1464/765 1509/1463/765 1522/1468/765
f 1510/1464/765 1522/1468/765 1517/1469/765
f 1504/1458/3424 640/1963/3424 1503/1561/3424
f 631/1457/1776 636/1964/1776 1504/1458/1776
f 1504/1458/3424 636/1964/3424 640/1963/3424
f 1495/665/604 1494/1444/604 1503/661/604
f 1503/1561/3425 644/1965/3425 1495/1552/3425
f 1503/1561/3425 640/1963/3425 644/1965/3425
f 1501/1451/14 1500/1450/14 698/737/14
f 1501/1451/604 698/737/604 696/733/604
f 701/740/3426 1500/1966/3426 2539/1967/3426
f 701/740/3426 698/736/3426 1500/1966/3426
f 2539/1967/3427 1500/1966/3427 1498/1968/3427
f 701/737/14 2539/1450/14 2540/886/14
f 2539/1450/14 2543/887/14 2540/886/14
f 2539/1967/3428 1498/1968/3428 2541/1969/3428
f 2541/1448/14 2542/1021/14 2539/1450/14
f 2539/1450/14 2542/1021/14 2543/887/14
f 2540/886/3429 2543/887/3429 2545/884/3429
f 2543/887/3430 2542/1021/3430 2544/888/3430
f 2545/884/3429 2543/887/3429 2544/888/3429
f 2545/884/3431 2544/888/3431 2546/882/3431
f 2547/883/3432 2540/886/3432 2545/884/3432
f 2548/881/3433 2545/884/3433 2546/882/3433
f 2547/883/3434 2545/884/3434 2548/881/3434
f 2551/852/3435 2548/881/3435 2549/879/3435
f 2548/881/3436 2546/882/3436 2549/879/3436
f 2550/850/3437 2548/881/3437 2551/852/3437
f 2550/850/3438 2547/883/3438 2548/881/3438
f 2551/852/3439 2549/879/3439 2552/854/3439
f 2553/853/3440 2550/850/3440 2551/852/3440
f 2554/855/3441 2551/852/3441 2552/854/3441
f 2553/853/3442 2551/852/3442 2554/855/3442
f 2556/842/3443 2553/853/3443 2554/855/3443
f 759/840/3444 2554/855/3444 2555/857/3444
f 2554/855/3445 2552/854/3445 2555/857/3445
f 2556/842/3446 2554/855/3446 759/840/3446
f 2558/841/3447 2557/844/3447 2556/842/3447
f 2557/844/3448 2553/853/3448 2556/842/3448
f 757/836/3449 2556/842/3449 759/840/3449
f 2558/841/3450 2556/842/3450 757/836/3450
f 2560/832/3451 2559/843/3451 2558/841/3451
f 2559/843/3452 2557/844/3452 2558/841/3452
f 756/833/3453 2558/841/3453 757/836/3453
f 2560/832/3454 2558/841/3454 756/833/3454
f 2560/832/3455 730/771/3455 731/770/3455
f 2560/832/3456 2561/818/3456 730/771/3456
f 756/833/3457 2561/818/3457 2560/832/3457
f 731/770/3458 2559/843/3458 2560/832/3458
f 740/585/3459 2561/586/3459 751/582/3459
f 733/584/3460 2561/586/3460 740/585/3460
f 733/773/3461 730/771/3461 2561/818/3461
f 756/590/3462 751/582/3462 2561/586/3462
f 731/770/3463 2562/845/3463 2559/843/3463
f 2562/845/3464 2563/846/3464 2559/843/3464
f 2559/843/3465 2563/846/3465 2557/844/3465
f 2562/845/3466 2564/847/3466 2563/846/3466
f 2564/847/3467 2565/848/3467 2563/846/3467
f 2563/846/3468 2565/848/3468 2566/851/3468
f 2563/846/3469 2566/851/3469 2557/844/3469
f 2565/848/3470 2567/849/3470 2566/851/3470
f 2557/844/3469 2566/851/3469 2553/853/3469
f 2566/851/3471 2550/850/3471 2553/853/3471
f 2566/851/3472 2567/849/3472 2550/850/3472
f 2565/848/3473 700/738/3473 2567/849/3473
f 700/738/3474 2568/885/3474 2567/849/3474
f 2567/849/3475 2547/883/3475 2550/850/3475
f 2567/849/3474 2568/885/3474 2547/883/3474
f 701/737/14 2568/885/14 700/738/14
f 2540/886/14 2568/885/14 701/737/14
f 2568/885/3432 2540/886/3432 2547/883/3432
f 702/739/3473 700/738/3473 2565/848/3473
f 2564/847/3476 702/739/3476 2565/848/3476
f 725/765/3477 2564/847/3477 2562/845/3477
f 725/765/3478 705/741/3478 2564/847/3478
f 705/741/3479 702/739/3479 2564/847/3479
f 726/766/3480 725/765/3480 2562/845/3480
f 726/766/3481 2562/845/3481 731/770/3481
f 2555/1687/3482 2569/1736/3482 2570/1686/3482
f 2555/857/3483 2552/854/3483 2569/856/3483
f 760/577/3484 2555/1687/3484 2570/1686/3484
f 759/794/3485 2555/1687/3485 760/577/3485
f 2570/1686/3486 2569/1736/3486 2571/1734/3486
f 2570/1686/3487 2571/1734/3487 2572/575/3487
f 762/576/3488 2570/1686/3488 2572/575/3488
f 760/577/3489 2570/1686/3489 762/576/3489
f 762/576/3490 2572/575/3490 773/565/3490
f 2572/575/3491 776/574/3491 773/565/3491
f 2572/575/3492 2573/1733/3492 776/574/3492
f 2571/1734/3493 2573/1733/3493 2572/575/3493
f 2571/1734/3494 2574/1735/3494 2573/1733/3494
f 2575/1732/3495 2573/1733/3495 2574/1735/3495
f 779/573/3496 776/574/3496 2573/1733/3496
f 2575/1732/3497 779/573/3497 2573/1733/3497
f 930/928/3498 928/926/3498 2575/1732/3498
f 928/926/3499 779/573/3499 2575/1732/3499
f 2576/1707/3500 2575/1732/3500 2574/1735/3500
f 930/928/3501 2575/1732/3501 2576/1707/3501
f 934/930/3502 930/928/3502 2576/1707/3502
f 2576/1707/3503 2574/1735/3503 2577/1705/3503
f 2578/1706/3504 2576/1707/3504 2577/1705/3504
f 934/930/3505 2576/1707/3505 2578/1706/3505
f 2578/897/3506 2577/875/3506 2581/895/3506
f 2579/896/3507 2578/897/3507 2580/894/3507
f 2579/1712/3508 934/930/3508 2578/1706/3508
f 2580/894/3509 2578/897/3509 2581/895/3509
f 2584/878/3510 2581/895/3510 2577/875/3510
f 2582/893/3511 2581/895/3511 2584/878/3511
f 2582/893/3512 2583/892/3512 2581/895/3512
f 2580/894/3512 2581/895/3512 2583/892/3512
f 2585/880/3513 2582/893/3513 2584/878/3513
f 2586/876/3514 2585/880/3514 2584/878/3514
f 2586/876/3515 2584/878/3515 2587/877/3515
f 2584/878/3516 2577/875/3516 2587/877/3516
f 2569/856/3517 2586/876/3517 2587/877/3517
f 2569/1736/3518 2587/1708/3518 2571/1734/3518
f 2587/1708/3519 2574/1735/3519 2571/1734/3519
f 2587/1708/3520 2577/1705/3520 2574/1735/3520
f 2552/854/3521 2549/879/3521 2586/876/3521
f 2549/879/3522 2585/880/3522 2586/876/3522
f 2552/854/3523 2586/876/3523 2569/856/3523
f 2585/880/3524 2588/890/3524 2582/893/3524
f 2546/882/3525 2588/890/3525 2585/880/3525
f 2549/879/3436 2546/882/3436 2585/880/3436
f 2546/882/3431 2544/888/3431 2588/890/3431
f 2544/888/3526 2589/891/3526 2588/890/3526
f 2588/890/3527 2590/889/3527 2582/893/3527
f 2588/890/3528 2589/891/3528 2590/889/3528
f 2591/1020/3529 2592/1018/3529 2590/889/3529
f 2589/891/3530 2591/1020/3530 2590/889/3530
f 2590/889/3531 2583/892/3531 2582/893/3531
f 2590/889/3532 2592/1018/3532 2583/892/3532
f 2594/1019/3533 2593/1016/3533 2592/1018/3533
f 2593/1016/3534 2583/892/3534 2592/1018/3534
f 2591/1020/3535 2595/1023/3535 2592/1018/3535
f 2594/1019/3536 2592/1018/3536 2595/1023/3536
f 2595/1023/3537 2596/1026/3537 2594/1019/3537
f 2595/1023/3538 2598/1025/3538 2596/1026/3538
f 2597/1024/3539 2595/1023/3539 2591/1020/3539
f 2597/1024/3540 2598/1025/3540 2595/1023/3540
f 2599/1447/14 2598/1025/14 2597/1024/14
f 2599/1447/14 2600/1094/14 2598/1025/14
f 2598/1025/3541 2600/1094/3541 2596/1026/3541
f 1478/1431/14 2600/1094/14 2599/1447/14
f 1478/1431/14 2601/1093/14 2600/1094/14
f 2601/1093/3542 2602/1027/3542 2600/1094/3542
f 2596/1026/3543 2600/1094/3543 2602/1027/3543
f 2596/1026/3544 2602/1027/3544 2603/1029/3544
f 2603/1029/3544 2602/1027/3544 2604/1028/3544
f 2605/1091/3545 2604/1028/3545 2602/1027/3545
f 2605/1091/3542 2602/1027/3542 2601/1093/3542
f 2605/1091/3546 1479/1095/3546 2606/1092/3546
f 2601/1093/3547 1479/1095/3547 2605/1091/3547
f 2605/1091/3548 2606/1092/3548 951/951/3548
f 951/951/3545 2604/1028/3545 2605/1091/3545
f 1479/1095/3549 1475/1096/3549 2606/1092/3549
f 951/951/3550 2606/1092/3550 952/952/3550
f 2606/1092/3551 1476/1097/3551 952/952/3551
f 2606/1092/3549 1475/1096/3549 1476/1097/3549
f 2603/1029/3552 2604/1028/3552 945/945/3552
f 945/945/3553 2604/1028/3553 946/946/3553
f 951/951/3554 946/946/3554 2604/1028/3554
f 2594/1019/3555 2596/1026/3555 2603/1029/3555
f 2607/1017/3556 2603/1029/3556 945/945/3556
f 2594/1019/3557 2603/1029/3557 2607/1017/3557
f 2607/1017/3558 2608/1015/3558 2593/1016/3558
f 943/944/3559 2608/1015/3559 2607/1017/3559
f 2607/1017/3560 945/945/3560 943/944/3560
f 2607/1017/3561 2593/1016/3561 2594/1019/3561
f 943/944/3562 939/939/3562 2608/1015/3562
f 939/939/3563 2579/896/3563 2608/1015/3563
f 2608/1015/3564 2579/896/3564 2580/894/3564
f 2608/1015/3565 2580/894/3565 2593/1016/3565
f 1478/1431/14 1479/1095/14 2601/1093/14
f 2599/1447/14 2597/1024/14 2541/1448/14
f 2599/1950/3566 2609/1942/3566 1478/1428/3566
f 2599/1950/3566 1497/1944/3566 2609/1942/3566
f 2541/1969/3567 1497/1970/3567 2599/1971/3567
f 1492/1439/14 2609/1431/14 1497/1447/14
f 1484/1435/14 2609/1431/14 1492/1439/14
f 1478/1428/1757 2609/1942/1757 1480/1429/1757
f 1484/1435/14 1480/1427/14 2609/1431/14
f 2591/1020/3539 2610/1022/3539 2597/1024/3539
f 2541/1448/14 2597/1024/14 2610/1022/14
f 2589/891/3568 2610/1022/3568 2591/1020/3568
f 2542/1021/3569 2610/1022/3569 2589/891/3569
f 2541/1448/14 2610/1022/14 2542/1021/14
f 2593/1016/3570 2580/894/3570 2583/892/3570
f 2544/888/3571 2542/1021/3571 2589/891/3571
f 933/931/3572 934/930/3572 2579/1712/3572
f 939/939/3573 933/938/3573 2579/896/3573
f 2541/1969/3574 1498/1968/3574 1497/1970/3574
f 1495/1552/3575 648/1972/3575 1490/1436/3575
f 1495/1552/1827 644/1965/1827 648/1972/1827
f 1490/1436/3576 648/1972/3576 653/1437/3576
f 1487/682/3577 662/683/3577 632/686/3577
f 1487/682/1833 632/686/1833 1374/685/1833
f 1374/651/14 1377/1392/14 1487/652/14
f 1482/1434/1588 1377/694/1588 1376/1389/1588
f 1376/1387/14 1382/1396/14 1482/1392/14
f 1476/1097/3578 1472/1098/3578 954/954/3578
f 952/952/3579 1476/1097/3579 954/954/3579
f 954/954/3580 1472/1098/3580 957/957/3580
f 1419/1404/3581 1058/1065/3581 1057/1064/3581
f 1169/1168/3582 1058/1065/3582 1419/1404/3582
f 1403/1948/3583 2611/620/3583 1404/621/3583
f 1404/621/1846 2611/620/1846 1365/624/1846
f 1403/1948/3584 1380/628/3584 2611/620/3584
f 1366/1381/14 1365/1380/14 2611/1403/14
f 1366/1381/14 2611/1403/14 1379/1382/14
f 1379/1382/14 2611/1403/14 1380/1394/14
f 1383/1400/3585 1380/628/3585 1403/1948/3585
f 1403/1394/14 1394/1205/14 1383/1395/14
f 1403/1394/14 1397/1204/14 1394/1205/14
f 1383/1395/14 1394/1205/14 1387/1134/14
f 1379/632/3586 1368/638/3586 1366/630/3586
f 1379/632/1590 1372/1393/1590 1368/638/1590
f 1374/685/1585 632/686/1585 637/1388/1585
f 1369/642/1846 654/644/1846 1358/640/1846
f 1358/675/14 1360/1374/14 1369/670/14
f 1369/642/1846 649/641/1846 654/644/1846
f 1344/1348/1567 1362/1420/1567 1346/1349/1567
f 1351/1362/14 1346/1347/14 1362/1352/14
f 1358/640/1575 654/644/1575 658/1371/1575
f 1355/1370/3587 633/1369/3587 638/1632/3587
f 1325/1330/3588 1334/1338/3588 1326/1331/3588
f 1322/1229/3589 1315/1230/3589 1328/1227/3589
f 1322/1229/3590 1316/1320/3590 1315/1230/3590
f 1278/1283/3591 1319/1326/3591 1270/1277/3591
f 1270/1277/3592 1319/1326/3592 1272/1278/3592
f 1277/1282/3593 1280/1285/3593 1310/1317/3593
f 1172/1173/3594 1303/1308/3594 1177/1174/3594
f 1283/1288/3595 1302/1307/3595 1285/1290/3595
f 1283/1288/3596 1290/1295/3596 1302/1307/3596
f 1302/1307/3596 1290/1295/3596 1293/1297/3596
f 1302/1307/1501 1293/1297/1501 1296/1301/1501
f 1248/1253/3597 1249/1254/3597 1294/1298/3597
f 1294/1298/3598 1187/1186/3598 1185/1184/3598
f 1292/1299/3599 1294/1298/3599 1185/1184/3599
f 1294/1298/3600 1249/1254/3600 1187/1186/3600
f 1292/1299/3601 1185/1184/3601 1183/1182/3601
f 1252/1257/3602 1288/1293/3602 1257/1263/3602
f 1286/1292/3603 1257/1263/3603 1288/1293/3603
f 1251/1256/3604 1288/1293/3604 1252/1257/3604
f 1284/1291/3603 1257/1263/3603 1286/1292/3603
f 1274/1279/3605 1284/1291/3605 1275/1280/3605
f 1274/1279/3606 1256/1261/3606 1284/1291/3606
f 1284/1291/3606 1256/1261/3606 1257/1263/3606
f 1274/1279/3607 1259/1262/3607 1256/1261/3607
f 1267/1273/3607 1259/1262/3607 1274/1279/3607
f 1269/1274/1461 1264/1269/1461 1265/1270/1461
f 1267/1273/1464 1258/1264/1464 1259/1262/1464
f 1249/1254/3608 1189/1188/3608 1187/1186/3608
f 1249/1254/3609 1192/1193/3609 1189/1188/3609
f 1242/1247/3610 1234/1236/3610 1236/1238/3610
f 1239/1241/3611 1195/1197/3611 1193/1195/3611
f 818/645/765 1210/1212/765 1213/1215/765
f 1205/1207/765 1210/1212/765 818/645/765
f 1207/1209/3612 1201/1203/3612 1199/1201/3612
f 818/645/765 1137/1134/765 1202/1205/765
f 1140/1136/1267 1202/1205/1267 1137/1134/1267
f 1175/1175/1339 1181/1181/1339 1176/1176/1339
f 1169/1168/3613 1060/1067/3613 1058/1065/3613
f 1156/1155/3614 1158/1157/3614 1165/1165/3614
f 818/645/765 1130/1127/765 1131/1128/765
f 1097/1096/765 1130/1127/765 818/645/765
f 1100/1098/1203 1130/1127/1203 1097/1096/1203
f 1066/1073/3615 1065/1072/3615 1113/1109/3615
f 1113/1109/3616 1068/1075/3616 1066/1073/3616
f 1076/1084/3617 1068/1075/3617 1113/1109/3617
f 818/645/765 1017/1025/765 1094/1094/765
f 1020/1027/1081 1094/1094/1081 1017/1025/1081
f 1035/1041/3618 1079/1087/3618 1032/1036/3618
f 1074/1081/3619 1079/1087/3619 1035/1041/3619
f 1079/1087/3620 1030/1030/3620 1032/1036/3620
f 1076/1084/3621 1070/1077/3621 1068/1075/3621
f 1035/1041/3622 1073/1080/3622 1074/1081/3622
f 1046/1053/3623 1073/1080/3623 1041/1048/3623
f 1041/1048/3623 1073/1080/3623 1039/1046/3623
f 1035/1041/3624 1039/1046/3624 1073/1080/3624
f 966/970/3625 967/969/3625 1048/1055/3625
f 966/970/3626 1048/1055/3626 1043/1050/3626
f 969/973/3627 966/970/3627 1043/1050/3627
f 818/645/765 891/887/765 1013/1021/765
f 894/891/3628 1013/1021/3628 891/887/3628
f 914/912/3629 916/914/3629 993/1004/3629
f 993/1004/3630 916/914/3630 927/924/3630
f 993/1004/3631 927/924/3631 931/927/3631
f 936/933/3632 993/1004/3632 931/927/3632
f 986/995/3633 936/933/3633 937/934/3633
f 964/968/3634 948/949/3634 949/950/3634
f 949/950/3635 955/956/3635 964/968/3635
f 928/926/3636 778/571/3636 779/573/3636
f 916/914/3637 918/916/3637 927/924/3637
f 918/916/3638 920/918/3638 927/924/3638
f 908/907/3639 873/868/3639 872/867/3639
f 854/739/765 888/738/765 818/645/765
f 857/849/818 888/738/818 854/739/818
f 818/645/765 828/761/765 850/762/765
f 831/764/777 850/762/777 828/761/777
f 792/806/3640 841/838/3640 839/835/3640
f 792/806/3641 839/835/3641 791/808/3641
f 791/808/3642 839/835/3642 798/814/3642
f 807/820/3643 822/757/3643 810/756/3643
f 770/552/3644 784/801/3644 786/566/3644
f 770/552/2903 786/566/2903 771/797/2903
f 775/798/3644 784/801/3644 770/552/3644
f 763/561/3645 762/576/3645 773/565/3645
f 723/763/3646 705/741/3646 725/765/3646
f 704/744/14 705/741/14 723/763/14
f 711/753/3647 677/1952/3647 681/749/3647
f 687/720/3648 661/1456/3648 693/1455/3648
f 680/706/3649 683/709/3649 690/725/3649
f 687/720/3648 652/719/3648 661/1456/3648
f 666/682/605 635/684/605 675/713/605
f 675/713/616 635/684/616 639/714/616
f 668/688/3650 656/1388/3650 660/686/3650
f 626/643/3651 634/1371/3651 627/644/3651
f 614/625/14 605/611/14 606/613/14
f 581/584/3652 590/777/3652 582/585/3652
f 575/578/3653 584/590/3653 577/580/3653
f 550/552/516 551/555/516 563/566/516
